COUNTER,F3,FC5,AF3,F7,T7,P7,O1,O2,P8,T8,F8,AF4,FC6,F4,Timestamp,word
9, 7984, 8300, 8789, 8510, 8060, 8686, 7915, 8356, 8544, 8903, 8486, 8364, 8358, 8074,0.005552768707275391,XXXXX
10, 8248, 8236, 8538, 8295, 8545, 9411, 8191, 8294, 8389, 8206, 8972, 8864, 8894, 8187,0.013592004776000977,XXXXX
11, 8153, 7615, 7640, 7377, 8802, 7267, 8046, 7944, 7356, 6286, 8089, 7953, 7928, 8335,0.02136993408203125,XXXXX
12, 8148, 8862, 9840, 9050, 7173, 8080, 8430, 8445, 8725, 8842, 8458, 8536, 8377, 8964,0.02940511703491211,XXXXX
13, 8729, 8560, 8555, 8590, 8017, 9076, 8922, 8677, 8473, 8959, 8716, 8975, 8680, 8898,0.037095069885253906,BRIGHT
14, 7984, 6476, 6189, 6298, 11067, 6727, 7301, 7656, 7175, 7205, 7637, 7694, 7452, 8665,0.0448613166809082,BRIGHT
15, 8207, 8277, 8910, 8350, 9788, 7870, 7922, 8143, 8364, 8124, 8172, 8338, 8269, 9827,0.052530765533447266,BRIGHT
16, 8598, 8906, 8856, 8890, 8723, 9015, 8822, 8675, 8344, 8323, 8573, 8742, 8594, 9720,0.0603179931640625,BRIGHT
17, 7749, 7602, 7603, 7578, 8963, 7667, 7817, 8073, 7961, 8063, 8038, 7976, 8006, 9332,0.06809878349304199,BRIGHT
18, 8204, 8347, 8494, 8321, 8984, 8195, 8360, 8351, 8237, 8011, 8227, 8193, 8351, 9727,0.07590055465698242,BRIGHT
19, 8325, 8244, 8368, 8257, 9526, 8362, 8253, 8275, 8158, 8259, 8401, 8425, 8297, 9421,0.08367347717285156,BRIGHT
20, 8160, 8106, 8190, 8071, 8764, 8052, 8037, 8233, 8183, 8086, 8038, 7961, 8229, 9530,0.09271645545959473,BRIGHT
21, 8222, 8267, 8358, 8246, 9134, 8236, 8331, 8377, 8133, 7977, 8130, 7991, 8298, 9582,0.10041451454162598,BRIGHT
22, 7957, 8082, 8362, 8125, 9236, 8152, 8141, 8166, 8185, 8224, 8353, 8371, 8244, 9398,0.10824394226074219,BRIGHT
23, 8288, 8242, 8201, 8175, 8930, 8172, 8321, 8376, 8138, 8019, 8040, 8219, 8270, 9574,0.11456561088562012,BRIGHT
24, 8191, 8163, 8354, 8169, 9310, 8186, 8064, 8187, 8183, 8212, 8227, 8322, 8266, 9447,0.12394404411315918,BRIGHT
25, 8130, 8180, 8278, 8149, 8900, 8155, 8166, 8234, 8186, 8097, 8212, 8128, 8257, 9478,0.13177871704101562,BRIGHT
26, 8250, 8217, 8238, 8187, 9194, 8191, 8289, 8391, 8117, 7983, 8190, 8117, 8272, 9561,0.1393887996673584,BRIGHT
27, 8048, 8124, 8389, 8168, 9124, 8169, 8051, 8195, 8201, 8238, 8340, 8337, 8264, 9421,0.14716172218322754,BRIGHT
28, 8283, 8209, 8204, 8154, 8947, 8159, 8289, 8379, 8128, 8082, 7984, 8027, 8264, 9535,0.15512752532958984,BRIGHT
29, 8121, 8162, 8386, 8183, 9204, 8193, 8135, 8199, 8184, 8242, 8195, 8237, 8277, 9507,0.1628129482269287,BRIGHT
30, 8046, 8164, 8270, 8142, 9034, 8167, 8165, 8206, 8182, 8066, 8294, 8270, 8252, 9440,0.17060256004333496,BRIGHT
31, 8291, 8215, 8235, 8173, 9046, 8150, 8273, 8397, 8138, 7918, 8219, 8183, 8274, 9587,0.17988133430480957,BRIGHT
32, 8143, 8126, 8433, 8181, 9474, 8219, 8029, 8120, 8192, 8263, 8334, 8315, 8270, 9386,0.18616676330566406,BRIGHT
33, 8317, 8304, 8348, 8259, 8648, 8249, 8283, 8400, 8237, 8156, 8127, 8078, 8356, 9666,0.19423270225524902,BRIGHT
34, 8092, 8083, 8056, 8012, 8893, 8002, 8169, 8319, 8062, 8125, 8130, 8047, 8162, 9531,0.20208001136779785,BRIGHT
35, 7947, 7918, 8098, 7956, 10502, 8046, 8162, 8117, 7976, 7977, 8048, 8058, 8065, 9087,0.20977449417114258,BRIGHT
36, 8376, 8884, 9462, 9015, 6968, 8892, 8344, 8547, 8858, 8445, 8820, 9063, 8960, 10209,0.21779584884643555,BRIGHT
37, 8233, 7512, 6522, 7111, 5881, 7033, 8009, 8276, 7327, 7720, 7515, 7342, 7476, 9155,0.22555923461914062,BRIGHT
38, 8139, 6761, 6664, 6795, 8470, 6751, 7929, 8138, 7008, 7390, 6836, 6379, 7029, 8130,0.23493313789367676,BRIGHT
39, 8041, 8990, 11245, 9762, 7568, 9758, 8418, 8207, 9490, 8768, 9618, 9950, 9390, 9001,0.24272823333740234,BRIGHT
40, 8172, 8681, 8168, 8455, 7530, 8486, 8597, 8171, 8142, 7829, 8430, 8691, 8296, 8597,0.2500450611114502,BRIGHT
41, 8318, 7783, 7233, 7634, 8058, 7561, 8076, 8242, 7768, 8202, 7629, 7537, 7733, 8372,0.2577681541442871,BRIGHT
42, 7788, 8161, 9043, 8490, 8435, 8510, 7897, 7919, 8639, 8668, 8574, 8626, 8412, 7831,0.26549696922302246,BRIGHT
43, 8130, 8626, 8171, 8444, 8577, 8278, 8551, 8302, 7992, 7819, 7791, 7784, 7999, 7988,0.2732079029083252,BRIGHT
44, 8210, 8546, 8324, 8339, 8240, 8104, 8335, 8350, 8358, 8585, 8360, 8425, 8294, 8501,0.28105640411376953,BRIGHT
45, 7803, 7835, 7787, 7675, 8417, 7720, 8003, 7963, 8017, 8122, 8154, 8069, 7968, 7901,0.28893446922302246,BRIGHT
46, 8170, 8239, 8304, 8191, 7850, 8315, 8344, 8222, 8075, 8023, 8111, 8078, 8160, 8240,0.296738862991333,BRIGHT
47, 8056, 8206, 8268, 8177, 8264, 8193, 8047, 8055, 8290, 8399, 8289, 8363, 8230, 8186,0.30603528022766113,BRIGHT
48, 8184, 8253, 8032, 8185, 8459, 8122, 8147, 8227, 8259, 8153, 8002, 8009, 8177, 8228,0.3138284683227539,BRIGHT
49, 8189, 8276, 8337, 8327, 8237, 8369, 8311, 8278, 8209, 8226, 8308, 8344, 8275, 8227,0.32000231742858887,BRIGHT
50, 7877, 7978, 8133, 8001, 8143, 8116, 8131, 7993, 7869, 8062, 8072, 7991, 7956, 7947,0.32775330543518066,BRIGHT
51, 8153, 8267, 8413, 8265, 7808, 8367, 8329, 8184, 8229, 8206, 8096, 8117, 8233, 8285,0.33695268630981445,BRIGHT
52, 8042, 8143, 8130, 8131, 8169, 8115, 8085, 7983, 8208, 8275, 8229, 8266, 8194, 8181,0.3448657989501953,BRIGHT
53, 8147, 8269, 8106, 8238, 8252, 8187, 8158, 8145, 8060, 8059, 8192, 8188, 8253, 8170,0.35272789001464844,BRIGHT
54, 8160, 8317, 8219, 8333, 8303, 8361, 8181, 8324, 8105, 8121, 8282, 8313, 8270, 8234,0.3605508804321289,BRIGHT
55, 7860, 8060, 8042, 8127, 8448, 8172, 7989, 8123, 8076, 8285, 8001, 7948, 7919, 8060,0.36843347549438477,BRIGHT
56, 8147, 8313, 8322, 8329, 7970, 8317, 8309, 8285, 8224, 8162, 7951, 7917, 8200, 8291,0.3762986660003662,BRIGHT
57, 8094, 8255, 8555, 8283, 7960, 8385, 8233, 8099, 8408, 8433, 8735, 8857, 8485, 8239,0.3825812339782715,BRIGHT
58, 7902, 7972, 7537, 7796, 8379, 7734, 8082, 8075, 8008, 8056, 7944, 7932, 7904, 7921,0.3918943405151367,BRIGHT
59, 8268, 8421, 8065, 8489, 8041, 8193, 8315, 8403, 7802, 7752, 7362, 7152, 7825, 8311,0.39969491958618164,BRIGHT
60, 8110, 8537, 9780, 8931, 8239, 9410, 8156, 8143, 9328, 9611, 10272, 10798, 9374, 8440,0.40753722190856934,BRIGHT
61, 7485, 7226, 6741, 6668, 9787, 6834, 7767, 7760, 8204, 8393, 9178, 9806, 8202, 7468,0.4152529239654541,BRIGHT
62, 8062, 8029, 6976, 7636, 8261, 6567, 8279, 8166, 7046, 7580, 6671, 6465, 6796, 7948,0.4230353832244873,BRIGHT
63, 8878, 9136, 10540, 9609, 6556, 9526, 8899, 8553, 8980, 9553, 8893, 9137, 8775, 9051,0.43079280853271484,BRIGHT
64, 8076, 7230, 7280, 6932, 9276, 7417, 7991, 7881, 8010, 8146, 8625, 9011, 8184, 7877,0.44004249572753906,BRIGHT
65, 7759, 8626, 8264, 8520, 8321, 7695, 7984, 8138, 8087, 7947, 8042, 7718, 8041, 8410,0.44787049293518066,BRIGHT
66, 8986, 10601, 10962, 10973, 5274, 10452, 9531, 9263, 9393, 8929, 9108, 8934, 9512, 10271,0.4542045593261719,BRIGHT
67, 8523, 7773, 7538, 7628, 7106, 7989, 8452, 8500, 7948, 7840, 8039, 8020, 8142, 9719,0.46214938163757324,BRIGHT
68, 7819, 7471, 7734, 7398, 8399, 7281, 7616, 7943, 7975, 8066, 7975, 8011, 7944, 9340,0.4701046943664551,BRIGHT
69, 8361, 8879, 9022, 8940, 9195, 8859, 8541, 8540, 8399, 8549, 8512, 8670, 8593, 9651,0.4779937267303467,BRIGHT
70, 7920, 7947, 8040, 7903, 9330, 8030, 8014, 8255, 8078, 8176, 8181, 8168, 8135, 9349,0.4857628345489502,BRIGHT
71, 8066, 8080, 8274, 8032, 8439, 7941, 8126, 8279, 8149, 7818, 8131, 8107, 8230, 9551,0.49357104301452637,BRIGHT
72, 8341, 8281, 8366, 8288, 9544, 8335, 8225, 8319, 8148, 8195, 8390, 8414, 8286, 9426,0.5027964115142822,BRIGHT
73, 8120, 8082, 8317, 8087, 9169, 8098, 7982, 8252, 8178, 8256, 8155, 8139, 8225, 9308,0.5106914043426514,BRIGHT
74, 8281, 8264, 8265, 8223, 8799, 8165, 8317, 8459, 8138, 7944, 7968, 7922, 8289, 9573,0.5168488025665283,BRIGHT
75, 8102, 8107, 8398, 8155, 9297, 8182, 8144, 8195, 8175, 8189, 8329, 8336, 8247, 9386,0.5245540142059326,BRIGHT
76, 8289, 8212, 8235, 8161, 8961, 8157, 8313, 8347, 8128, 8096, 8149, 8195, 8251, 9406,0.5338540077209473,BRIGHT
77, 8216, 8208, 8326, 8190, 9078, 8168, 8154, 8311, 8159, 8203, 8186, 8208, 8270, 9513,0.5416224002838135,BRIGHT
78, 8010, 8147, 8347, 8151, 9131, 8172, 8047, 8161, 8192, 8153, 8258, 8262, 8243, 9382,0.5492420196533203,BRIGHT
79, 8298, 8242, 8203, 8182, 8932, 8161, 8308, 8425, 8103, 7853, 8048, 8126, 8261, 9512,0.5570704936981201,BRIGHT
80, 8168, 8147, 8421, 8188, 9450, 8197, 8124, 8212, 8185, 8206, 8294, 8343, 8254, 9364,0.5648200511932373,BRIGHT
81, 8293, 8287, 8357, 8258, 8924, 8212, 8309, 8351, 8172, 8143, 8167, 8044, 8287, 9533,0.5726394653320312,BRIGHT
82, 8182, 8262, 8357, 8242, 8308, 8168, 8163, 8375, 8182, 8153, 8255, 8073, 8300, 9588,0.5803565979003906,BRIGHT
83, 7888, 7755, 7868, 7741, 10940, 8030, 7937, 8048, 8001, 8077, 8130, 8207, 8055, 8827,0.5881102085113525,BRIGHT
84, 8318, 8720, 8977, 8749, 8419, 8450, 8336, 8526, 8369, 8052, 8160, 8374, 8520, 9604,0.5958425998687744,BRIGHT
85, 8358, 8319, 8288, 8273, 5311, 8091, 8356, 8466, 8242, 8389, 8371, 8372, 8325, 9510,0.6037523746490479,BRIGHT
86, 7970, 6066, 5578, 5859, 9813, 6679, 7748, 7876, 7315, 7692, 7513, 7334, 7340, 7877,0.6124649047851562,BRIGHT
87, 8233, 8023, 8715, 8138, 10006, 8077, 8324, 8219, 8042, 8105, 8339, 8481, 8206, 8291,0.6202070713043213,BRIGHT
88, 8654, 9439, 9613, 9412, 7024, 8685, 9057, 8542, 8202, 8791, 8736, 8950, 8401, 8751,0.6279487609863281,BRIGHT
89, 8282, 7853, 7809, 7786, 7939, 7729, 8176, 8223, 8330, 8652, 8320, 8440, 8264, 8323,0.6357126235961914,BRIGHT
90, 7841, 7956, 8067, 7889, 8986, 7646, 7822, 7843, 7832, 7364, 8180, 8335, 8065, 7864,0.6436145305633545,BRIGHT
91, 8625, 9212, 8746, 9087, 7194, 8065, 8715, 8464, 6977, 6915, 7573, 7528, 7546, 8430,0.6515622138977051,BRIGHT
92, 8635, 8899, 10003, 9356, 6543, 9246, 8410, 8422, 8817, 9100, 9126, 9426, 8838, 8855,0.6592764854431152,BRIGHT
93, 7948, 7654, 7814, 7631, 8682, 8034, 7943, 7767, 8424, 8260, 8411, 8669, 8276, 7967,0.6670894622802734,BRIGHT
94, 8545, 8546, 7757, 8229, 8129, 7762, 8620, 8414, 7729, 7622, 7480, 7387, 7747, 8376,0.6748795509338379,BRIGHT
95, 8174, 8377, 8502, 8486, 7886, 8416, 8189, 8219, 8482, 8768, 8643, 8736, 8414, 8138,0.6826322078704834,BRIGHT
96, 7786, 7697, 7512, 7724, 8458, 8075, 7889, 8007, 7997, 7958, 7868, 7869, 8014, 7818,0.6918861865997314,BRIGHT
97, 8289, 8423, 8637, 8530, 7950, 8656, 8363, 8405, 8286, 8266, 8174, 8226, 8300, 8476,0.6996359825134277,BRIGHT
98, 7878, 7986, 8062, 8011, 8469, 8001, 7995, 7981, 8088, 8231, 8329, 8291, 8124, 8163,0.707352876663208,BRIGHT
99, 8071, 8225, 7991, 8171, 8134, 8129, 8268, 8149, 7994, 7916, 8013, 7960, 8200, 8253,0.7136561870574951,BRIGHT
100, 8124, 8274, 8318, 8245, 7883, 8353, 8242, 8113, 8297, 8353, 8335, 8454, 8329, 8155,0.7228901386260986,BRIGHT
101, 8018, 8082, 8011, 8001, 8093, 8030, 8202, 8102, 8194, 8286, 7903, 7898, 8028, 8014,0.7306399345397949,BRIGHT
102, 8218, 8404, 8349, 8400, 8226, 8346, 8320, 8381, 8358, 8310, 8079, 8114, 8279, 8346,0.7384121417999268,BRIGHT
103, 7945, 8274, 8270, 8246, 8536, 8266, 7999, 8220, 8270, 8353, 8479, 8557, 8161, 8166,0.7462117671966553,BRIGHT
104, 7962, 8107, 7495, 7917, 8349, 7733, 8206, 8292, 7851, 8041, 7480, 7273, 7696, 8025,0.7538917064666748,BRIGHT
105, 8399, 8589, 8899, 8844, 7665, 8884, 8523, 8271, 8255, 8154, 8432, 8411, 8503, 8588,0.761852502822876,BRIGHT
106, 7994, 7963, 8989, 8142, 8367, 8795, 7900, 8094, 9149, 8722, 10409, 11155, 9390, 8252,0.769634485244751,BRIGHT
107, 7654, 7175, 6336, 6509, 9067, 6185, 7683, 8147, 7973, 8231, 8126, 8493, 7604, 7499,0.7774710655212402,BRIGHT
108, 8555, 8578, 8169, 8402, 7692, 7629, 8572, 8138, 7633, 8178, 7613, 7400, 7475, 8238,0.7852108478546143,BRIGHT
109, 8732, 8496, 9296, 8762, 7765, 8732, 8580, 8100, 8235, 7731, 9111, 9465, 8710, 8622,0.7929568290710449,BRIGHT
110, 7757, 7737, 7675, 7592, 8436, 7174, 7777, 8120, 8110, 8078, 8271, 8520, 7947, 7885,0.8007285594940186,BRIGHT
111, 8046, 9128, 8954, 9116, 7708, 8741, 8418, 8214, 9053, 9864, 8739, 8575, 8541, 8268,0.8085305690765381,BRIGHT
112, 8673, 7832, 7046, 7567, 8586, 7843, 8673, 7961, 7718, 7562, 8396, 8092, 8128, 8245,0.8178386688232422,BRIGHT
113, 8134, 6848, 7188, 6730, 8313, 6369, 7748, 8133, 7355, 7092, 7565, 7267, 7422, 8401,0.8256845474243164,BRIGHT
114, 8565, 9400, 10544, 9633, 6636, 9151, 8709, 9042, 9124, 9409, 8581, 8763, 8952, 9791,0.8333725929260254,BRIGHT
115, 8507, 8657, 8352, 8545, 8766, 8860, 8715, 8521, 8130, 8408, 8336, 8440, 8487, 9727,0.8396601676940918,BRIGHT
116, 7662, 7311, 7284, 7251, 9686, 7241, 7750, 7944, 7837, 7759, 7931, 7780, 7848, 9380,0.8488955497741699,BRIGHT
117, 8311, 8625, 8928, 8660, 8527, 8509, 8490, 8586, 8413, 8052, 8397, 8597, 8510, 9703,0.8567931652069092,BRIGHT
118, 8175, 8195, 8292, 8159, 9329, 8316, 8003, 8319, 8136, 8179, 8316, 8448, 8267, 9375,0.8647744655609131,BRIGHT
119, 8041, 8045, 8137, 8010, 8970, 7967, 7963, 8255, 8160, 8108, 8112, 7931, 8199, 9537,0.8727209568023682,BRIGHT
120, 8339, 8308, 8341, 8280, 9023, 8297, 8437, 8398, 8169, 8119, 8362, 8155, 8312, 9480,0.8805661201477051,BRIGHT
121, 8094, 8082, 8311, 8087, 9155, 8125, 8165, 8215, 8196, 8257, 8246, 8276, 8237, 9350,0.8884892463684082,BRIGHT
122, 8282, 8270, 8230, 8195, 8861, 8183, 8342, 8459, 8134, 7942, 7950, 8116, 8275, 9536,0.8962152004241943,BRIGHT
123, 8147, 8153, 8367, 8178, 9210, 8198, 8132, 8266, 8190, 8207, 8286, 8344, 8264, 9398,0.9039785861968994,BRIGHT
124, 8241, 8192, 8282, 8148, 8862, 8151, 8283, 8308, 8168, 8113, 8195, 8105, 8257, 9425,0.9117016792297363,BRIGHT
125, 8284, 8225, 8269, 8181, 9148, 8188, 8295, 8370, 8141, 8043, 8122, 8084, 8267, 9497,0.9194486141204834,BRIGHT
126, 7996, 8146, 8354, 8158, 9050, 8177, 8086, 8195, 8227, 8223, 8296, 8330, 8258, 9352,0.9272377490997314,BRIGHT
127, 8286, 8251, 8199, 8168, 8754, 8152, 8347, 8444, 8129, 7992, 8069, 8127, 8267, 9532,0.9349334239959717,BRIGHT
238, 8216, 8158, 8392, 8184, 9499, 8206, 8146, 8260, 8185, 8223, 8296, 8297, 8259, 9389,0.9427082538604736,BRIGHT
0, 8236, 8198, 8334, 8187, 9061, 8186, 8236, 8318, 8186, 8127, 8175, 8086, 8253, 9404,0.9506862163543701,BRIGHT
1, 8252, 8305, 8355, 8268, 8000, 8174, 8302, 8497, 8155, 7961, 8114, 8016, 8308, 9722,0.9599783420562744,BRIGHT
2, 7896, 7866, 8037, 7869, 10427, 8114, 8089, 8053, 8048, 8141, 8231, 8252, 8117, 8967,0.9676928520202637,BRIGHT
3, 8239, 8384, 8468, 8340, 9388, 8251, 8323, 8414, 8398, 8239, 8224, 8295, 8392, 9482,0.9738678932189941,BRIGHT
4, 8425, 8625, 8617, 8587, 5416, 8265, 8332, 8608, 8170, 8166, 8383, 8322, 8409, 9951,0.9816491603851318,BRIGHT
5, 8030, 7005, 6953, 6985, 8508, 7542, 7706, 7912, 7441, 7910, 7708, 7637, 7668, 8400,0.9909999370574951,BRIGHT
6, 8143, 8112, 8711, 8176, 10321, 8394, 8216, 7867, 8959, 8845, 8592, 8780, 8583, 8356,0.9982075691223145,BRIGHT
7, 8695, 9559, 9043, 9240, 7379, 8313, 9337, 8314, 8413, 7990, 8484, 8358, 8311, 8903,1.0060231685638428,BRIGHT
8, 8750, 8784, 9256, 9008, 6664, 8457, 8702, 8567, 7687, 7735, 7968, 7874, 8063, 8996,1.0138700008392334,BRIGHT
9, 7844, 7990, 9990, 8684, 8449, 9174, 7559, 8040, 8873, 9071, 8904, 9515, 8875, 8401,1.0218100547790527,BRIGHT
10, 8076, 7903, 7061, 7527, 8832, 7542, 8270, 8116, 7768, 7720, 7421, 7563, 7648, 8006,1.0295450687408447,BRIGHT
11, 8547, 8462, 8143, 8376, 7798, 8119, 8520, 8409, 8064, 8025, 7987, 7822, 8080, 8651,1.0371835231781006,BRIGHT
12, 7663, 7799, 8833, 8249, 8534, 8584, 7665, 7609, 8418, 8582, 8707, 8805, 8420, 7912,1.045006275177002,BRIGHT
13, 8027, 8034, 8013, 8089, 8123, 8057, 8170, 7977, 7900, 7862, 7604, 7571, 7868, 8000,1.0526976585388184,BRIGHT
14, 8421, 8624, 8643, 8599, 7728, 8343, 8416, 8244, 8462, 8459, 8378, 8436, 8395, 8398,1.0606467723846436,BRIGHT
15, 7984, 8069, 7675, 7907, 8625, 7792, 7943, 7917, 8104, 8159, 8123, 8112, 8065, 7968,1.0698411464691162,BRIGHT
16, 8216, 8369, 8084, 8344, 8298, 8257, 8277, 8334, 8111, 8046, 8154, 8138, 8180, 8328,1.0775914192199707,BRIGHT
17, 7884, 8136, 8096, 8210, 8188, 8189, 8085, 8108, 8111, 8177, 8364, 8380, 8132, 8119,1.0853095054626465,BRIGHT
18, 7960, 8210, 7982, 8185, 7983, 8085, 8233, 8136, 8044, 8017, 7765, 7671, 8042, 8156,1.0930984020233154,BRIGHT
19, 8209, 8455, 8627, 8508, 7907, 8585, 8341, 8132, 8297, 8184, 8478, 8537, 8417, 8331,1.1007916927337646,BRIGHT
20, 7944, 8069, 8104, 8022, 8488, 8139, 7975, 8001, 8248, 8237, 8602, 8757, 8237, 8019,1.1087379455566406,BRIGHT
21, 8086, 8116, 7404, 7904, 8431, 7620, 8140, 8365, 7778, 7941, 6843, 6522, 7693, 8120,1.116438627243042,BRIGHT
22, 8524, 8978, 9861, 9354, 7440, 9493, 8505, 8277, 8360, 8315, 8408, 8198, 8804, 8564,1.1243155002593994,BRIGHT
23, 7999, 7917, 9119, 8162, 8418, 8589, 7906, 7938, 8752, 8379, 9876, 10324, 9098, 7999,1.1321399211883545,BRIGHT
24, 7864, 7512, 6946, 7251, 8773, 6671, 7862, 8116, 7707, 7933, 7744, 7799, 7396, 7822,1.1403956413269043,BRIGHT
25, 8797, 9308, 9757, 9551, 7009, 9384, 8906, 8498, 8365, 8680, 8584, 8578, 8448, 8846,1.148270606994629,BRIGHT
26, 8489, 7820, 8292, 7673, 8206, 8069, 8421, 8279, 8021, 7305, 8854, 9236, 8397, 8149,1.15608549118042,BRIGHT
27, 7498, 7119, 7292, 6850, 8863, 6080, 7496, 8101, 7759, 7242, 7542, 7363, 7364, 7782,1.1639492511749268,BRIGHT
28, 8580, 9988, 10570, 10281, 6641, 9691, 9127, 8913, 9106, 8858, 8763, 8463, 9122, 9579,1.1718175411224365,KICK
29, 8983, 8676, 8134, 8590, 8053, 9021, 9043, 8587, 7854, 7604, 8388, 8319, 8542, 9729,1.1797125339508057,KICK
30, 7929, 7046, 7046, 6918, 9176, 6889, 7445, 7896, 7757, 7940, 7740, 7756, 7670, 9205,1.1876540184020996,KICK
31, 8359, 8710, 9048, 8756, 8770, 8560, 8424, 8562, 8577, 8725, 8457, 8611, 8570, 9636,1.195404052734375,KICK
32, 8218, 8298, 8273, 8267, 9415, 8445, 8353, 8378, 8019, 8333, 8370, 8406, 8281, 9438,1.2031924724578857,KICK
33, 7921, 7892, 8004, 7847, 8537, 7791, 7977, 8195, 8170, 8135, 8047, 8034, 8158, 9490,1.2109432220458984,KICK
34, 8386, 8366, 8410, 8346, 9071, 8353, 8379, 8463, 8166, 7857, 8302, 8341, 8346, 9535,1.218677282333374,KICK
35, 8136, 8054, 8228, 8064, 9345, 8138, 8003, 8260, 8179, 8290, 8291, 8257, 8215, 9353,1.227982997894287,KICK
36, 8260, 8254, 8244, 8195, 8627, 8139, 8332, 8441, 8178, 8140, 7953, 7901, 8273, 9568,1.2357444763183594,KICK
37, 8103, 8171, 8430, 8189, 9187, 8228, 8271, 8266, 8127, 8180, 8223, 8196, 8264, 9401,1.2419567108154297,KICK
38, 8125, 8156, 8175, 8124, 8969, 8141, 8257, 8323, 8212, 8110, 8276, 8333, 8238, 9383,1.2497484683990479,KICK
39, 8341, 8240, 8148, 8193, 8995, 8186, 8324, 8444, 8135, 7998, 8181, 8254, 8266, 9514,1.258960485458374,KICK
40, 8062, 8135, 8401, 8158, 9030, 8183, 8088, 8169, 8199, 8248, 8294, 8285, 8257, 9347,1.2666943073272705,KICK
41, 8241, 8230, 8154, 8151, 8960, 8164, 8356, 8422, 8132, 8011, 8010, 7938, 8254, 9474,1.2743897438049316,KICK
42, 8200, 8187, 8307, 8204, 9051, 8198, 8205, 8347, 8169, 8165, 8253, 8230, 8271, 9444,1.2821455001831055,KICK
43, 8184, 8170, 8286, 8162, 8963, 8175, 8206, 8312, 8173, 8200, 8225, 8288, 8239, 9367,1.289905071258545,KICK
44, 8318, 8242, 8228, 8187, 8980, 8168, 8345, 8430, 8124, 8100, 8058, 8126, 8265, 9495,1.297961950302124,KICK
45, 7986, 8155, 8376, 8183, 9059, 8204, 8099, 8151, 8212, 8239, 8311, 8311, 8265, 9367,1.3057286739349365,KICK
46, 8223, 8215, 8198, 8155, 8761, 8150, 8326, 8388, 8151, 7909, 8108, 8140, 8249, 9497,1.3138670921325684,KICK
47, 8261, 8142, 8247, 8154, 9154, 8177, 8224, 8347, 8139, 8089, 8218, 8280, 8243, 9407,1.3219163417816162,KICK
48, 8207, 8119, 8203, 8119, 9533, 8192, 8258, 8305, 8146, 8207, 8222, 8153, 8221, 9286,1.3297977447509766,KICK
49, 8327, 8491, 8456, 8398, 7660, 8175, 8374, 8558, 8304, 8125, 8192, 8014, 8403, 9840,1.3375217914581299,KICK
50, 7959, 7872, 7892, 7844, 9993, 8063, 8119, 8143, 7951, 8129, 8151, 8108, 8029, 8912,1.3454334735870361,KICK
51, 8126, 8120, 8461, 8235, 11457, 8479, 8258, 8225, 8188, 8083, 8261, 8478, 8305, 8672,1.3529341220855713,KICK
52, 8403, 9493, 9619, 9389, 6709, 8715, 8637, 8642, 8806, 8575, 8794, 8915, 8920, 9981,1.36076021194458,KICK
53, 8076, 8275, 8239, 8167, 7284, 7837, 7967, 8045, 7672, 8286, 7846, 7721, 7782, 9080,1.3685753345489502,KICK
54, 7675, 7765, 10486, 8810, 9781, 9532, 7041, 7416, 8478, 8766, 9052, 9689, 8585, 7939,1.3763427734375,KICK
55, 7537, 8004, 9364, 8499, 8824, 8912, 7505, 7573, 8222, 7797, 8947, 9619, 8469, 7626,1.384087324142456,KICK
56, 8361, 7798, 6144, 7172, 7949, 6707, 8495, 8387, 6930, 6899, 6619, 6306, 7117, 8324,1.391913890838623,KICK
57, 8258, 8296, 8861, 8527, 8073, 8591, 8023, 8116, 8728, 8951, 8368, 8395, 8550, 8453,1.3998081684112549,KICK
58, 7750, 8191, 8722, 8444, 8747, 8608, 7799, 7793, 8351, 8224, 8487, 8711, 8346, 7568,1.4077510833740234,KICK
59, 8314, 8498, 7976, 8326, 8260, 7763, 8487, 8491, 7702, 7666, 7771, 7622, 7908, 8316,1.4156708717346191,KICK
60, 8069, 8253, 8301, 8212, 8398, 7971, 8256, 8195, 8308, 8479, 8528, 8506, 8327, 8232,1.4235820770263672,KICK
61, 7944, 7986, 7963, 7927, 8237, 8079, 8162, 8047, 8142, 8055, 8012, 8059, 8095, 7973,1.4315259456634521,KICK
62, 8200, 8319, 8482, 8343, 7946, 8429, 8292, 8229, 8336, 8417, 8193, 8268, 8225, 8333,1.4392313957214355,KICK
63, 8020, 8136, 7986, 8091, 8473, 7965, 7989, 7975, 8035, 8181, 8094, 8049, 7987, 8126,1.4470641613006592,KICK
64, 8231, 8385, 8132, 8372, 8329, 8312, 8276, 8283, 8107, 8037, 8200, 8188, 8279, 8317,1.4551396369934082,KICK
65, 7914, 8063, 8096, 8126, 8288, 8281, 8111, 8086, 8083, 8213, 8337, 8331, 8166, 8010,1.4631438255310059,KICK
66, 7969, 8099, 8195, 8122, 7855, 8252, 8216, 8098, 8092, 8147, 7889, 7839, 8009, 8048,1.4710509777069092,KICK
67, 8198, 8384, 8522, 8387, 7840, 8467, 8300, 8146, 8405, 8353, 8252, 8343, 8350, 8399,1.4789526462554932,KICK
68, 7960, 8109, 8026, 8062, 8568, 8117, 8011, 7920, 8218, 8343, 8410, 8456, 8118, 8076,1.4868760108947754,KICK
69, 8133, 8123, 7551, 8013, 8485, 7825, 8171, 8238, 7735, 7888, 7242, 6977, 7640, 8008,1.494692087173462,KICK
70, 8439, 8808, 9386, 9056, 7648, 9310, 8369, 8313, 8549, 8455, 8927, 9108, 8780, 8645,1.5026297569274902,KICK
71, 7813, 7851, 8301, 7763, 8625, 8184, 7647, 7965, 9276, 8868, 10448, 11322, 9302, 7975,1.5104329586029053,KICK
72, 7672, 6995, 5909, 6498, 8876, 5509, 7487, 7902, 7592, 7795, 7287, 7391, 7097, 7217,1.5183885097503662,KICK
73, 8619, 9034, 9821, 9514, 7029, 8787, 8664, 8194, 7986, 8607, 7918, 7747, 7947, 8617,1.5262184143066406,KICK
74, 8572, 8262, 8795, 8386, 8057, 8954, 8592, 8243, 8335, 7668, 9348, 9818, 8850, 8617,1.5337398052215576,KICK
75, 7662, 6386, 5723, 5834, 9234, 5510, 7290, 7904, 7340, 6761, 7322, 7297, 7178, 7602,1.5415682792663574,KICK
76, 8469, 9130, 10221, 9377, 6760, 8674, 8478, 8602, 8887, 9297, 8370, 8128, 8583, 9228,1.5497045516967773,KICK
77, 8847, 9245, 9479, 9335, 7381, 9619, 9226, 8878, 8523, 8646, 8902, 8875, 8898, 10012,1.5586066246032715,KICK
78, 7683, 7288, 6875, 7099, 8931, 7166, 7773, 8090, 7679, 7597, 7814, 7766, 7763, 9346,1.5648250579833984,KICK
79, 8076, 8381, 8728, 8414, 8599, 8207, 8245, 8447, 8444, 8366, 8229, 8377, 8434, 9585,1.572591781616211,KICK
80, 8410, 8429, 8570, 8410, 9297, 8581, 8490, 8475, 8167, 8409, 8515, 8603, 8364, 9526,1.5805613994598389,KICK
81, 7912, 7929, 7951, 7881, 8584, 7856, 7953, 8136, 8149, 8199, 8048, 8034, 8166, 9491,1.5898709297180176,KICK
82, 8323, 8345, 8371, 8297, 8798, 8277, 8426, 8495, 8172, 7813, 7956, 8119, 8331, 9583,1.5976271629333496,KICK
83, 8194, 8086, 8355, 8107, 9481, 8185, 8099, 8315, 8157, 8222, 8317, 8358, 8236, 9336,1.6054158210754395,KICK
84, 8253, 8215, 8238, 8165, 8507, 8108, 8274, 8409, 8206, 8236, 8181, 7993, 8275, 9516,1.613267421722412,KICK
85, 8165, 8202, 8353, 8194, 9101, 8238, 8315, 8375, 8136, 8271, 8276, 8130, 8275, 9445,1.6212377548217773,KICK
86, 8089, 8142, 8284, 8132, 9005, 8138, 8214, 8317, 8193, 8207, 8220, 8349, 8250, 9359,1.628424882888794,KICK
87, 8377, 8261, 8178, 8188, 8833, 8172, 8377, 8503, 8142, 7915, 8011, 8244, 8263, 9526,1.6364469528198242,KICK
88, 8104, 8148, 8400, 8181, 9049, 8203, 8115, 8230, 8194, 8236, 8304, 8342, 8262, 9365,1.6441876888275146,KICK
89, 8188, 8208, 8199, 8155, 8881, 8153, 8341, 8411, 8146, 8132, 8128, 7968, 8248, 9436,1.6519427299499512,KICK
90, 8265, 8218, 8315, 8204, 8975, 8201, 8262, 8418, 8142, 8206, 8227, 8115, 8267, 9483,1.6597020626068115,KICK
91, 8175, 8158, 8365, 8159, 8937, 8177, 8143, 8279, 8190, 8256, 8262, 8350, 8243, 9342,1.6677360534667969,KICK
92, 8350, 8243, 8180, 8169, 8825, 8155, 8379, 8508, 8146, 7990, 8007, 8179, 8252, 9527,1.6764686107635498,KICK
93, 8014, 8163, 8365, 8185, 9364, 8228, 8132, 8249, 8173, 8248, 8297, 8320, 8250, 9334,1.6842007637023926,KICK
94, 8158, 8238, 8289, 8180, 8738, 8138, 8308, 8422, 8179, 8102, 8171, 8105, 8264, 9439,1.6920909881591797,KICK
95, 8341, 8235, 8299, 8211, 8192, 8140, 8263, 8417, 8145, 8052, 8182, 8198, 8280, 9592,1.700110673904419,KICK
96, 8121, 7922, 8103, 7944, 10886, 8268, 8108, 8244, 8032, 8243, 8222, 8196, 8119, 8878,1.7079453468322754,KICK
97, 8311, 8618, 8746, 8576, 8474, 8287, 8409, 8553, 8452, 8241, 8221, 8105, 8464, 9484,1.7158050537109375,KICK
98, 8139, 8328, 8331, 8273, 5640, 7947, 8279, 8173, 8035, 7788, 8350, 8312, 8263, 9333,1.7234916687011719,KICK
99, 7814, 7265, 7231, 7230, 9824, 7849, 7881, 7956, 7719, 8330, 7983, 8037, 7852, 8293,1.7312448024749756,KICK
100, 8154, 9237, 9788, 9324, 9477, 9326, 8494, 8375, 9043, 9543, 8924, 9139, 8841, 9161,1.7389278411865234,KICK
101, 8383, 9248, 9008, 9029, 6908, 8281, 8712, 8213, 8134, 7624, 8531, 8652, 8166, 8962,1.7467796802520752,KICK
102, 8052, 7385, 7662, 7397, 8204, 7231, 7773, 7904, 7778, 7608, 8079, 8210, 7873, 7967,1.754610300064087,KICK
103, 7923, 7991, 8474, 8064, 8884, 8351, 8048, 8031, 8509, 8928, 8760, 9078, 8461, 7871,1.7628355026245117,KICK
104, 8804, 9012, 8287, 8724, 7536, 8517, 9092, 8553, 7645, 7478, 7898, 8067, 7888, 8551,1.7701210975646973,KICK
105, 8526, 8575, 9468, 8931, 7504, 8978, 8307, 8097, 8312, 8131, 8693, 9091, 8613, 8789,1.778024435043335,KICK
106, 7717, 7626, 7865, 7685, 8797, 7875, 7792, 7628, 8143, 8384, 8166, 8303, 8086, 8039,1.7856981754302979,KICK
107, 8632, 8586, 7723, 8190, 7696, 7882, 8766, 8425, 7735, 7687, 7611, 7361, 7789, 8542,1.7950468063354492,KICK
108, 8317, 8399, 8535, 8378, 7859, 8548, 8274, 8262, 8388, 8338, 8840, 8912, 8524, 8079,1.8027501106262207,KICK
109, 7654, 7549, 7458, 7583, 8585, 7883, 7795, 7939, 8116, 8187, 7926, 7937, 8005, 7630,1.8104846477508545,KICK
110, 8242, 8417, 8604, 8560, 7815, 8554, 8397, 8334, 8276, 8236, 8072, 8098, 8191, 8427,1.818161964416504,KICK
111, 8027, 8235, 8220, 8200, 8381, 8058, 7989, 8079, 8155, 8303, 8253, 8243, 8019, 8158,1.8259093761444092,KICK
112, 8131, 8296, 7865, 8183, 8450, 8044, 8203, 8276, 7939, 7960, 7872, 7718, 8015, 8195,1.8335957527160645,KICK
113, 8081, 8323, 8567, 8511, 8109, 8689, 8321, 8200, 8274, 8262, 8704, 8749, 8464, 8264,1.841256856918335,KICK
114, 7763, 7796, 7805, 7821, 8301, 7901, 8004, 7959, 8205, 8216, 8138, 8191, 8045, 7880,1.8492431640625,KICK
115, 8188, 8299, 7956, 8203, 7841, 7864, 8370, 8249, 7756, 7664, 7108, 6843, 7755, 8242,1.8569972515106201,KICK
116, 8342, 8808, 10110, 9216, 7609, 9554, 8422, 8231, 8802, 8933, 9509, 9664, 9148, 8655,1.864673376083374,KICK
117, 7662, 7280, 7839, 7237, 9325, 7582, 7654, 7991, 8588, 8120, 9648, 10155, 8725, 7885,1.872682809829712,KICK
118, 7888, 7496, 6634, 7154, 8897, 6041, 7762, 8261, 7469, 6872, 7224, 7095, 7108, 7914,1.882007360458374,KICK
119, 8844, 9224, 9976, 9462, 6986, 8985, 8783, 8618, 8678, 8534, 8666, 8795, 8639, 8929,1.8899197578430176,KICK
120, 8302, 7537, 7572, 7230, 8766, 7594, 8156, 8021, 7735, 7575, 8613, 8943, 8253, 7979,1.8961575031280518,KICK
121, 7639, 7891, 7488, 7678, 8602, 6963, 7649, 8013, 7727, 7667, 7752, 7482, 7686, 8076,1.903926134109497,KICK
122, 8850, 10384, 10640, 10689, 5941, 10157, 9377, 9212, 9389, 9233, 8935, 8895, 9373, 10004,1.9116523265838623,KICK
123, 8821, 8212, 7883, 8095, 7317, 8456, 8799, 8716, 8038, 8066, 8144, 8247, 8348, 9872,1.9209017753601074,KICK
124, 7941, 7281, 7462, 7201, 8239, 7113, 7542, 7936, 7883, 7887, 7872, 7832, 7844, 9354,1.9287338256835938,KICK
125, 8385, 8827, 9012, 8874, 8744, 8755, 8512, 8572, 8440, 8377, 8499, 8638, 8585, 9633,1.9364984035491943,KICK
126, 7962, 8060, 8125, 8039, 9348, 8212, 8174, 8416, 8074, 8334, 8238, 8303, 8197, 9405,1.9442851543426514,KICK
127, 7927, 8035, 8106, 7979, 8316, 7877, 8087, 8323, 8155, 8064, 8086, 7969, 8206, 9549,1.9523653984069824,KICK
238, 8415, 8333, 8278, 8294, 9276, 8356, 8322, 8371, 8153, 8170, 8375, 8293, 8295, 9427,1.9586172103881836,KICK
0, 8213, 8072, 8295, 8052, 9208, 8115, 8017, 8171, 8183, 8192, 8213, 8286, 8211, 9305,1.9678840637207031,KICK
1, 8292, 8284, 8263, 8221, 8603, 8170, 8332, 8435, 8142, 7902, 7914, 8099, 8277, 9547,1.9755988121032715,KICK
2, 8108, 8136, 8335, 8168, 9239, 8226, 8203, 8296, 8166, 8224, 8269, 8321, 8244, 9368,1.9834299087524414,KICK
3, 8271, 8194, 8224, 8146, 8830, 8151, 8306, 8395, 8159, 8126, 8239, 8053, 8242, 9405,1.9911632537841797,KICK
4, 8234, 8225, 8279, 8189, 8993, 8189, 8238, 8407, 8134, 8080, 8231, 8047, 8263, 9485,1.9989416599273682,KICK
5, 7937, 8142, 8374, 8157, 9280, 8191, 8059, 8202, 8195, 8193, 8290, 8354, 8236, 9286,2.0066959857940674,KICK
6, 8308, 8275, 8194, 8195, 8382, 8118, 8349, 8469, 8148, 7971, 7967, 8189, 8274, 9545,2.014735698699951,KICK
7, 8204, 8137, 8288, 8144, 9437, 8262, 8178, 8209, 8157, 8246, 8248, 8300, 8239, 9243,2.022587537765503,KICK
8, 8173, 8184, 8297, 8151, 9796, 8234, 8295, 8306, 8148, 8109, 8242, 8092, 8222, 9115,2.030400514602661,KICK
9, 8280, 8378, 8518, 8349, 6943, 8021, 8278, 8562, 8239, 7995, 8212, 8129, 8362, 9546,2.0380570888519287,KICK
10, 8030, 7854, 7853, 7865, 9379, 8308, 8082, 8156, 7998, 8203, 8248, 8294, 8081, 8620,2.045881986618042,KICK
11, 8253, 8255, 8093, 8213, 10503, 8477, 8356, 8348, 8188, 8171, 8142, 8154, 8224, 8955,2.053666830062866,KICK
12, 8258, 8586, 8763, 8574, 6417, 8063, 8243, 8372, 8227, 8112, 8414, 8357, 8417, 9662,2.0616018772125244,KICK
13, 7886, 7328, 7195, 7252, 8132, 7541, 7817, 8054, 7830, 8273, 7934, 7908, 7888, 8602,2.070864677429199,KICK
14, 8111, 8592, 8764, 8647, 9393, 8808, 8467, 8199, 8681, 8824, 8490, 8667, 8453, 8702,2.0786960124969482,KICK
15, 8396, 9165, 9366, 9069, 7077, 8641, 8777, 8193, 8009, 7621, 8784, 8904, 8322, 8648,2.0863895416259766,KICK
16, 8075, 7387, 7835, 7308, 7585, 7193, 7736, 8092, 7604, 7843, 8035, 8132, 7830, 7960,2.0926461219787598,KICK
17, 8041, 8079, 8726, 8207, 8739, 8152, 8129, 8026, 8492, 8889, 8631, 8872, 8297, 8122,2.1005587577819824,KICK
18, 8495, 8881, 8691, 8810, 7922, 8265, 8993, 8254, 7811, 7476, 8351, 8226, 7973, 8491,2.10981822013855,KICK
19, 8177, 8167, 9012, 8399, 7852, 8467, 7990, 8367, 8410, 8289, 8952, 9115, 8597, 8297,2.117496967315674,KICK
20, 7849, 7604, 7521, 7499, 8946, 7858, 7642, 8215, 8273, 8556, 8645, 9239, 8242, 7806,2.125265121459961,KICK
21, 8690, 8432, 7545, 8156, 7798, 7649, 8648, 8492, 7563, 7540, 7337, 7509, 7601, 8577,2.1329476833343506,KICK
22, 8335, 8367, 9233, 8759, 7704, 8966, 8284, 7990, 8544, 8437, 8922, 9035, 8635, 8454,2.140657424926758,KICK
23, 7589, 7463, 7391, 7429, 9135, 7855, 7520, 7717, 8188, 8278, 8305, 8528, 8018, 7670,2.1500115394592285,KICK
24, 8328, 8524, 7838, 8288, 8031, 7854, 8285, 8249, 7558, 7789, 6791, 6762, 7552, 8389,2.1577675342559814,KICK
25, 8318, 8820, 9850, 9210, 7403, 9434, 8388, 7993, 8317, 8188, 8674, 8325, 8852, 8467,2.1639840602874756,KICK
26, 7811, 7758, 8387, 7905, 8592, 8208, 7939, 8190, 8703, 8472, 9374, 9116, 8874, 7900,2.1718039512634277,KICK
27, 8185, 8022, 7627, 7823, 8386, 7256, 8153, 8465, 8004, 8228, 8151, 8172, 7717, 8114,2.179586887359619,KICK
28, 8677, 8715, 9052, 8758, 7415, 8429, 8524, 8220, 8018, 8066, 8322, 8595, 8108, 8544,2.188937187194824,KICK
29, 8341, 8285, 8718, 8329, 8026, 8260, 8313, 8242, 8335, 8201, 8750, 9071, 8537, 8300,2.196746349334717,KICK
30, 7778, 8118, 8116, 8160, 8572, 7965, 8062, 8264, 8181, 8352, 8469, 8509, 8191, 7911,2.204407215118408,KICK
31, 8085, 8214, 8144, 8246, 8183, 8097, 8313, 8322, 8113, 8021, 8446, 8460, 8263, 8083,2.2123212814331055,KICK
32, 8312, 7924, 8029, 7848, 8158, 7453, 8057, 8116, 8010, 8009, 8358, 8266, 7965, 8216,2.220184087753296,KICK
33, 8374, 8992, 9651, 9153, 7746, 9277, 8460, 8345, 8635, 8822, 8838, 8941, 8762, 8517,2.227951765060425,KICK
34, 8565, 7948, 7371, 7780, 8297, 8664, 8710, 8560, 8007, 7505, 8283, 8390, 8507, 8455,2.235618829727173,KICK
35, 7927, 6156, 5950, 5941, 9237, 5947, 7252, 7861, 7851, 7709, 7495, 7310, 7400, 8492,2.2432520389556885,KICK
36, 8557, 8682, 9572, 8813, 7749, 8294, 8288, 8263, 8657, 8656, 8466, 8546, 8497, 9837,2.2509424686431885,KICK
37, 8693, 9047, 9019, 9013, 7891, 9292, 9018, 8632, 7774, 7355, 8587, 8751, 8591, 9825,2.2587664127349854,KICK
38, 7608, 7470, 7371, 7396, 8188, 7368, 7776, 8197, 8051, 8196, 7914, 7835, 7966, 9275,2.2666337490081787,KICK
39, 8221, 8408, 8630, 8406, 8620, 8260, 8331, 8441, 8436, 8663, 8272, 8268, 8377, 9658,2.276045560836792,KICK
40, 8287, 8286, 8513, 8288, 9572, 8457, 8218, 8332, 7978, 8071, 8440, 8480, 8286, 9395,2.2838449478149414,KICK
41, 8068, 8069, 8105, 8029, 8341, 7940, 8067, 8332, 8263, 8085, 7988, 8042, 8242, 9480,2.2901861667633057,SPIN
42, 8328, 8283, 8281, 8234, 8983, 8286, 8389, 8394, 8146, 8009, 8024, 8085, 8303, 9526,2.2979791164398193,SPIN
43, 8044, 8095, 8269, 8100, 9284, 8166, 8122, 8216, 8186, 8313, 8327, 8330, 8236, 9290,2.306065082550049,SPIN
44, 8280, 8236, 8214, 8166, 8577, 8129, 8353, 8479, 8176, 7915, 8151, 8144, 8274, 9550,2.31378436088562,SPIN
45, 8218, 8144, 8395, 8170, 9151, 8218, 8128, 8281, 8138, 8069, 8302, 8335, 8266, 9395,2.321589469909668,SPIN
46, 8251, 8166, 8118, 8145, 8897, 8166, 8219, 8332, 8193, 8170, 8141, 8114, 8246, 9374,2.3309574127197266,SPIN
47, 8261, 8227, 8203, 8194, 8868, 8180, 8325, 8427, 8138, 8126, 8085, 8060, 8273, 9497,2.338724136352539,SPIN
48, 7934, 8124, 8360, 8140, 9080, 8181, 8110, 8195, 8213, 8265, 8308, 8342, 8255, 9314,2.3464572429656982,SPIN
49, 8275, 8232, 8104, 8160, 8900, 8170, 8354, 8438, 8125, 7893, 8094, 8149, 8248, 9420,2.352693796157837,SPIN
50, 8248, 8188, 8334, 8214, 8849, 8190, 8137, 8301, 8182, 8146, 8284, 8299, 8276, 9395,2.3617947101593018,SPIN
51, 8181, 8154, 8236, 8132, 9094, 8183, 8188, 8297, 8173, 8182, 8179, 8107, 8233, 9339,2.3695404529571533,SPIN
52, 8266, 8231, 8197, 8181, 8904, 8186, 8346, 8464, 8137, 8047, 8084, 7999, 8265, 9456,2.37731671333313,SPIN
53, 7955, 8154, 8357, 8179, 8823, 8180, 8127, 8187, 8207, 8241, 8341, 8356, 8267, 9330,2.3851211071014404,SPIN
54, 8238, 8202, 8127, 8136, 9015, 8174, 8335, 8394, 8138, 7958, 8093, 8202, 8234, 9417,2.3928301334381104,SPIN
55, 8251, 8206, 8302, 8226, 8993, 8235, 8167, 8321, 8147, 8081, 8239, 8271, 8273, 9426,2.400730848312378,SPIN
56, 8134, 8162, 8269, 8152, 8817, 8160, 8161, 8306, 8182, 8236, 8207, 8134, 8249, 9368,2.4086813926696777,SPIN
57, 8316, 8196, 8109, 8145, 8538, 8107, 8365, 8541, 8262, 8203, 8079, 8035, 8251, 9484,2.4159975051879883,SPIN
58, 8084, 8100, 8278, 8151, 9759, 8226, 8156, 8137, 7893, 7963, 8253, 8245, 8183, 9231,2.4238362312316895,SPIN
59, 8159, 8268, 8600, 8249, 8725, 8250, 8235, 8417, 8464, 8423, 8248, 8290, 8404, 9466,2.431562662124634,SPIN
60, 8260, 8089, 8010, 7958, 7083, 7925, 8272, 8556, 8826, 8491, 8197, 8197, 8231, 9238,2.4408679008483887,SPIN
61, 8048, 7481, 7453, 7465, 10968, 7757, 8053, 8209, 7612, 7470, 7714, 7551, 7716, 8278,2.44888973236084,SPIN
62, 7885, 9157, 10603, 9467, 11050, 9703, 8104, 8240, 8849, 9072, 9316, 9627, 9243, 9175,2.4568557739257812,SPIN
63, 8052, 9414, 8737, 8935, 7654, 8776, 8563, 8068, 8334, 8544, 8808, 9113, 8412, 9179,2.4645795822143555,SPIN
64, 8854, 8163, 6477, 7631, 7495, 7319, 8746, 8307, 6898, 6818, 6919, 6629, 7038, 8665,2.4722626209259033,SPIN
65, 8480, 8660, 9908, 9142, 8015, 9300, 8308, 8391, 8839, 8746, 8850, 8986, 8887, 8727,2.480044364929199,SPIN
66, 8126, 8355, 8391, 8292, 8126, 8397, 8301, 8312, 8381, 8425, 8290, 8499, 8270, 8208,2.487743616104126,SPIN
67, 8686, 8055, 7443, 7880, 7661, 7713, 8293, 8410, 7738, 7718, 7674, 7583, 7744, 8397,2.495600938796997,SPIN
68, 7979, 7890, 8372, 8057, 8346, 8416, 7750, 7860, 8373, 8429, 8537, 8481, 8328, 7845,2.5032896995544434,SPIN
69, 7854, 8063, 7942, 7923, 8434, 8408, 8193, 8027, 8156, 8188, 7838, 7801, 8008, 7871,2.511101245880127,SPIN
70, 8250, 8458, 8596, 8426, 7835, 8576, 8413, 8175, 8315, 8271, 8303, 8439, 8321, 8468,2.519029140472412,SPIN
71, 8012, 7996, 7929, 7960, 8529, 7878, 7966, 7964, 8082, 8143, 8200, 8213, 8131, 8028,2.5268805027008057,SPIN
72, 8206, 8381, 8099, 8351, 8342, 8290, 8224, 8382, 8080, 8021, 8171, 8162, 8280, 8269,2.5345468521118164,SPIN
73, 7902, 8174, 8170, 8226, 8216, 8307, 8007, 8154, 8027, 8133, 8263, 8254, 8126, 8102,2.5423583984375,SPIN
74, 7995, 8107, 8214, 8114, 7990, 8169, 8099, 8112, 8189, 8216, 7987, 7974, 8085, 8152,2.550053358078003,SPIN
75, 8162, 8212, 8355, 8190, 8007, 8228, 8224, 8160, 8415, 8318, 8377, 8485, 8383, 8302,2.557864189147949,SPIN
76, 7968, 8056, 7868, 7977, 8319, 7893, 8037, 8036, 8012, 8129, 8086, 8088, 7999, 7990,2.5655736923217773,SPIN
77, 8143, 8304, 7896, 8258, 8242, 8129, 8182, 8345, 8030, 8065, 7667, 7575, 7999, 8128,2.5749361515045166,SPIN
78, 8123, 8442, 8775, 8633, 8090, 8806, 8172, 8262, 8548, 8419, 8891, 9008, 8567, 8416,2.582719564437866,SPIN
79, 7765, 7760, 7346, 7633, 8886, 7468, 7961, 7971, 7845, 8050, 7806, 7946, 7700, 7835,2.5904643535614014,SPIN
80, 8203, 8247, 7060, 7980, 8536, 7504, 8376, 8251, 7064, 7518, 5992, 5565, 7058, 7854,2.5983197689056396,SPIN
81, 8848, 9808, 11083, 10299, 6600, 10851, 8939, 8694, 8988, 8607, 9446, 9399, 9656, 9257,2.6062865257263184,SPIN
82, 8223, 7854, 8702, 7922, 8165, 8487, 8150, 8298, 8835, 8398, 9899, 10311, 9079, 8477,2.612698793411255,SPIN
83, 8117, 7753, 7018, 7496, 8951, 6671, 7910, 8123, 7453, 7921, 7341, 7137, 7185, 8221,2.6205742359161377,SPIN
84, 9288, 11411, 11894, 11718, 4827, 11370, 9836, 9605, 9166, 8917, 9487, 9502, 9850, 10650,2.629887342453003,SPIN
85, 9032, 9258, 9173, 9089, 5178, 9620, 9439, 9772, 8772, 7971, 9217, 9380, 9235, 10312,2.637892246246338,SPIN
86, 8059, 6545, 6757, 6395, 7879, 6174, 7408, 8180, 8152, 8197, 7594, 7442, 7363, 8979,2.645197629928589,SPIN
87, 8561, 8639, 9121, 8758, 8769, 8577, 8319, 8020, 8351, 8077, 8487, 8576, 8562, 9569,2.652928352355957,SPIN
88, 8247, 8660, 8441, 8563, 9344, 8771, 8605, 8359, 7626, 7284, 8368, 8477, 8368, 9583,2.6606123447418213,SPIN
89, 7678, 7653, 7902, 7638, 8381, 7543, 7908, 8267, 8339, 8589, 8021, 7958, 8040, 9261,2.6679461002349854,SPIN
90, 8403, 8275, 8381, 8245, 8992, 8272, 8396, 8313, 8242, 8500, 8333, 8300, 8317, 9423,2.6756441593170166,SPIN
91, 8075, 8166, 8262, 8174, 9442, 8239, 8027, 8137, 7948, 8133, 8296, 8278, 8197, 9346,2.684967517852783,SPIN
92, 8110, 8153, 8102, 8110, 8566, 8085, 8180, 8436, 8274, 7970, 7970, 7919, 8271, 9473,2.6927244663238525,SPIN
93, 8279, 8185, 8337, 8185, 9116, 8219, 8249, 8330, 8091, 7904, 8173, 8146, 8258, 9428,2.7006242275238037,SPIN
94, 8189, 8131, 8212, 8128, 8992, 8160, 8154, 8243, 8177, 8273, 8290, 8307, 8230, 9330,2.708345651626587,SPIN
95, 8312, 8241, 8098, 8184, 8929, 8183, 8319, 8410, 8131, 8051, 8028, 8062, 8254, 9480,2.716148614883423,SPIN
96, 7943, 8127, 8351, 8154, 9009, 8179, 8046, 8139, 8187, 8219, 8287, 8298, 8243, 9317,2.7238621711730957,SPIN
97, 8178, 8218, 8090, 8145, 8954, 8181, 8285, 8338, 8136, 7954, 8149, 8150, 8219, 9380,2.73162579536438,SPIN
98, 8290, 8203, 8259, 8202, 8992, 8188, 8190, 8335, 8141, 8063, 8248, 8275, 8255, 9426,2.740903854370117,SPIN
99, 8134, 8142, 8301, 8154, 8948, 8182, 8119, 8207, 8181, 8204, 8209, 8196, 8232, 9286,2.747563600540161,SPIN
100, 8275, 8239, 8177, 8175, 8986, 8167, 8325, 8400, 8083, 8006, 7998, 7938, 8234, 9439,2.7550063133239746,SPIN
101, 7995, 8162, 8315, 8177, 8997, 8192, 8063, 8188, 8187, 8213, 8304, 8290, 8250, 9321,2.7627663612365723,SPIN
102, 8189, 8215, 8105, 8149, 8835, 8170, 8261, 8361, 8134, 8005, 8138, 8226, 8227, 9378,2.770573616027832,SPIN
103, 8296, 8204, 8231, 8194, 9050, 8172, 8241, 8371, 8154, 8086, 8172, 8243, 8255, 9446,2.779834508895874,SPIN
104, 8088, 8153, 8334, 8179, 9620, 8281, 8158, 8160, 8213, 8247, 8298, 8222, 8253, 9205,2.787543535232544,SPIN
105, 8241, 8386, 8353, 8333, 8024, 8238, 8344, 8490, 8244, 8047, 8164, 8056, 8370, 9615,2.7955620288848877,SPIN
106, 8169, 7928, 7720, 7840, 9442, 7893, 8123, 8177, 7847, 7946, 8001, 7941, 7955, 9019,2.8033595085144043,SPIN
107, 8262, 8170, 8544, 8280, 11472, 8522, 8214, 8221, 8274, 8134, 8266, 8345, 8334, 8867,2.809591770172119,SPIN
108, 8176, 8907, 9158, 8942, 6899, 8738, 8441, 8588, 8755, 8629, 8837, 8986, 8848, 9671,2.8188576698303223,SPIN
109, 8137, 7186, 5238, 6556, 5643, 6145, 8096, 8286, 6305, 7020, 6612, 6257, 6566, 8351,2.826617956161499,SPIN
110, 8638, 7552, 7719, 7722, 7577, 7612, 7897, 8299, 7402, 7163, 7324, 7219, 7469, 8179,2.834306478500366,SPIN
111, 8298, 8999, 10584, 9532, 7977, 9736, 8230, 8105, 9311, 8286, 9495, 9940, 9317, 8638,2.8419532775878906,SPIN
112, 8254, 8069, 7010, 7675, 8367, 7583, 8600, 8230, 7327, 7425, 7506, 7417, 7611, 8375,2.849719524383545,SPIN
113, 8235, 7884, 7950, 7939, 8006, 7920, 8160, 8278, 7999, 8401, 8012, 7948, 8025, 8397,2.857583522796631,SPIN
114, 7797, 8094, 8898, 8414, 8562, 8663, 7880, 7932, 8540, 8339, 8489, 8645, 8386, 7846,2.8669915199279785,SPIN
115, 8218, 8379, 8360, 8471, 8448, 8308, 8242, 8345, 8001, 7997, 7726, 7701, 7967, 8244,2.8732666969299316,SPIN
116, 8039, 8271, 8400, 8410, 8329, 8139, 8050, 8153, 8276, 8539, 8397, 8395, 8291, 8263,2.8812503814697266,SPIN
117, 7848, 8044, 7929, 8019, 8284, 7939, 8107, 8017, 8094, 7942, 8097, 8065, 8162, 8041,2.8891539573669434,SPIN
118, 8176, 8349, 8450, 8329, 7855, 8336, 8317, 8145, 8305, 8298, 8232, 8298, 8290, 8323,2.896899938583374,SPIN
119, 7993, 8123, 8048, 8062, 8369, 7980, 8040, 7936, 8043, 8256, 8107, 8105, 7968, 8026,2.904682159423828,SPIN
120, 8242, 8358, 8108, 8319, 8332, 8240, 8274, 8299, 8150, 8127, 8021, 8007, 8141, 8234,2.9139628410339355,SPIN
121, 8079, 8177, 8102, 8233, 8264, 8305, 8152, 8217, 8161, 8239, 8285, 8283, 8216, 8151,2.921703815460205,SPIN
122, 7998, 8127, 8140, 8206, 8025, 8244, 8158, 8159, 8021, 8030, 8133, 8086, 8145, 8128,2.9295125007629395,SPIN
123, 8152, 8325, 8426, 8338, 7812, 8347, 8339, 8254, 8295, 8220, 8270, 8344, 8361, 8326,2.9367167949676514,SPIN
124, 7921, 8049, 8092, 7996, 8172, 8036, 8162, 7999, 8229, 8378, 8178, 8258, 8034, 7977,2.9445018768310547,SPIN
125, 8086, 8148, 7685, 8058, 8269, 7870, 8299, 8257, 8019, 8130, 7499, 7427, 7828, 8009,2.952350378036499,SPIN
126, 8219, 8657, 8984, 8857, 8042, 8944, 8336, 8365, 8499, 8415, 8540, 8577, 8572, 8493,2.960235834121704,SPIN
127, 7877, 8085, 8120, 8068, 8653, 8370, 8105, 8123, 8530, 8538, 8753, 9084, 8350, 8085,2.9682605266571045,SPIN
238, 7953, 7349, 5685, 7019, 8872, 6089, 7974, 8015, 7070, 7490, 5902, 5657, 6492, 7505,2.9760162830352783,SPIN
0, 8816, 9639, 10554, 10386, 7035, 9691, 8692, 8438, 8446, 8524, 8278, 8042, 8674, 9009,2.9838669300079346,SPIN
1, 8867, 9246, 10661, 9691, 7156, 10752, 8909, 8699, 9269, 8607, 10628, 11061, 10117, 9240,2.991743803024292,SPIN
2, 7886, 5776, 4727, 5087, 9259, 5532, 7392, 7942, 7170, 7234, 7031, 6906, 6823, 7996,3.0008187294006348,SPIN
3, 8189, 7706, 8244, 7772, 8390, 7273, 7714, 8012, 8249, 8744, 7576, 7377, 7720, 9328,3.0070674419403076,SPIN
4, 8809, 9496, 10098, 9683, 7975, 9862, 9015, 8678, 8408, 8224, 9232, 9545, 9225, 10124,3.0148098468780518,SPIN
5, 8079, 7722, 7292, 7517, 8493, 7649, 8056, 8339, 7627, 7671, 7940, 7938, 7895, 9314,3.0226430892944336,SPIN
6, 8178, 8003, 8186, 7987, 8498, 7794, 8025, 8321, 8526, 8722, 8033, 7838, 8212, 9474,3.031904697418213,SPIN
7, 8379, 8484, 8740, 8482, 9584, 8606, 8445, 8423, 8089, 8226, 8521, 8453, 8398, 9511,3.0397884845733643,SPIN
8, 7821, 8073, 8083, 8033, 8598, 8041, 8007, 8277, 8118, 8042, 8164, 8271, 8205, 9434,3.046962261199951,SPIN
9, 8257, 8255, 8159, 8193, 8586, 8168, 8315, 8435, 8287, 7962, 7890, 8079, 8326, 9602,3.0547804832458496,SPIN
10, 8276, 8147, 8347, 8150, 9566, 8255, 8104, 8238, 8122, 8217, 8246, 8289, 8240, 9310,3.0625736713409424,SPIN
11, 8187, 8198, 8197, 8147, 8510, 8108, 8181, 8394, 8226, 8079, 8237, 8182, 8271, 9460,3.070343017578125,SPIN
12, 8217, 8224, 8298, 8201, 9051, 8221, 8298, 8414, 8142, 7894, 8300, 8281, 8281, 9526,3.0780606269836426,SPIN
13, 8151, 8129, 8302, 8134, 9011, 8177, 8137, 8257, 8209, 8218, 8268, 8262, 8259, 9279,3.0858206748962402,SPIN
14, 8345, 8253, 8118, 8170, 8807, 8161, 8338, 8477, 8135, 8068, 7895, 7968, 8259, 9518,3.095182180404663,SPIN
15, 7993, 8164, 8358, 8177, 9060, 8199, 8098, 8231, 8207, 8234, 8234, 8311, 8271, 9391,3.1031148433685303,SPIN
16, 8074, 8196, 8216, 8146, 8802, 8161, 8258, 8315, 8175, 7987, 8265, 8223, 8253, 9362,3.110949993133545,SPIN
17, 8326, 8227, 8226, 8191, 9038, 8187, 8252, 8430, 8135, 7997, 8268, 8201, 8266, 9551,3.1188886165618896,SPIN
18, 8119, 8169, 8338, 8180, 8868, 8198, 8041, 8291, 8209, 8267, 8262, 8262, 8254, 9349,3.126774787902832,SPIN
19, 8259, 8234, 8180, 8169, 8913, 8167, 8319, 8493, 8117, 8021, 7924, 7942, 8247, 9491,3.1345114707946777,SPIN
20, 8085, 8167, 8347, 8189, 8973, 8183, 8165, 8259, 8204, 8171, 8261, 8262, 8277, 9467,3.140732765197754,SPIN
21, 8169, 8204, 8209, 8148, 8872, 8189, 8244, 8295, 8171, 8076, 8269, 8304, 8244, 9357,3.14997935295105,SPIN
22, 8318, 8248, 8234, 8200, 8967, 8191, 8273, 8419, 8146, 8070, 8191, 8260, 8269, 9531,3.157806396484375,SPIN
23, 8017, 8166, 8392, 8192, 8899, 8197, 8074, 8182, 8185, 8252, 8277, 8273, 8261, 9372,3.1655967235565186,SPIN
24, 8227, 8197, 8164, 8117, 8830, 8131, 8319, 8514, 8213, 7995, 8039, 7971, 8239, 9433,3.1732869148254395,SPIN
25, 8237, 8241, 8396, 8254, 9007, 8256, 8184, 8341, 8105, 8014, 8324, 8288, 8286, 9479,3.1810615062713623,SPIN
26, 8202, 8191, 8300, 8159, 8858, 8188, 8185, 8245, 8083, 8294, 8190, 8282, 8242, 9387,3.188723087310791,SPIN
27, 8287, 8061, 8093, 8000, 8574, 8003, 8277, 8565, 8534, 8449, 8045, 8137, 8236, 9447,3.1965692043304443,SPIN
28, 8013, 8306, 8419, 8333, 9609, 8408, 8189, 8229, 7950, 7743, 8326, 8291, 8264, 9375,3.2042391300201416,SPIN
29, 8142, 8352, 8395, 8278, 8408, 8130, 8280, 8408, 7915, 8470, 8116, 8123, 8294, 9667,3.212362766265869,SPIN
30, 8286, 7991, 8387, 7992, 8379, 8039, 8150, 8398, 8528, 8947, 8265, 8338, 8238, 9437,3.2202541828155518,SPIN
31, 8370, 8211, 8342, 8194, 10947, 8480, 8324, 8330, 7946, 7443, 8212, 8141, 8181, 8941,3.2282631397247314,SPIN
32, 8283, 8468, 8559, 8393, 7751, 7899, 8306, 8461, 8254, 8347, 8095, 7999, 8414, 9430,3.235940456390381,SPIN
33, 7959, 8139, 8469, 8146, 7045, 8077, 8122, 8045, 8339, 8610, 8369, 8376, 8279, 9146,3.24381160736084,SPIN
34, 8337, 8110, 8071, 8039, 9616, 8425, 8351, 8331, 7973, 7742, 8177, 8206, 8144, 9079,3.2515456676483154,SPIN
35, 8234, 8318, 8580, 8306, 8032, 8083, 8178, 8293, 8344, 8445, 8311, 8349, 8381, 9570,3.2607860565185547,SPIN
36, 7976, 8158, 8274, 8149, 7628, 8182, 8195, 8122, 8161, 8194, 8265, 8218, 8245, 9203,3.2670786380767822,SPIN
37, 8331, 8216, 8096, 8172, 8104, 8243, 8380, 8410, 8168, 8098, 8106, 7992, 8256, 9346,3.2749202251434326,SPIN
38, 8197, 8236, 8521, 8263, 8149, 8204, 8169, 8138, 8235, 8332, 8393, 8387, 8315, 9344,3.2826578617095947,SPIN
39, 8309, 8154, 8180, 8091, 8340, 8118, 8308, 8297, 8132, 8112, 8143, 8274, 8210, 9286,3.2919819355010986,SPIN
40, 8213, 8309, 8405, 8310, 8176, 8263, 8344, 8253, 8249, 8246, 8258, 8352, 8324, 9325,3.2997255325317383,SPIN
41, 7958, 8138, 8223, 8136, 8308, 8172, 8153, 8113, 8151, 8216, 8271, 8183, 8247, 9053,3.3074660301208496,SPIN
42, 8278, 8183, 8171, 8131, 8352, 8094, 8312, 8363, 8173, 8139, 8127, 7969, 8236, 9277,3.315363883972168,SPIN
43, 8233, 8309, 8635, 8356, 8249, 8326, 8341, 8176, 8254, 8266, 8460, 8432, 8317, 9144,3.3232784271240234,SPIN
44, 8250, 8176, 8173, 8115, 8159, 8101, 8355, 8266, 8172, 8176, 8086, 8245, 8232, 9056,3.331024169921875,SPIN
45, 8228, 8245, 8321, 8233, 8071, 8209, 8354, 8293, 8193, 8182, 8151, 8295, 8284, 9259,3.3388094902038574,SPIN
46, 8165, 8211, 8412, 8231, 7988, 8244, 8269, 8173, 8211, 8281, 8383, 8321, 8273, 9210,3.3465304374694824,SPIN
47, 8377, 8234, 8284, 8187, 8087, 8121, 8395, 8355, 8158, 8089, 8174, 8025, 8238, 9241,3.3542566299438477,SPIN
48, 8101, 8249, 8588, 8291, 8029, 8301, 8285, 8204, 8254, 8399, 8400, 8365, 8312, 9065,3.3620545864105225,SPIN
49, 8116, 8157, 8193, 8108, 8108, 8097, 8297, 8236, 8134, 8104, 8119, 8233, 8236, 9064,3.369926929473877,SPIN
50, 8295, 8184, 8276, 8172, 8244, 8083, 8289, 8339, 8112, 7876, 8189, 8304, 8219, 9160,3.3776206970214844,SPIN
51, 8193, 8255, 8595, 8282, 7849, 8245, 8367, 8251, 8479, 9021, 8436, 8365, 8339, 9133,3.385556221008301,SPIN
52, 8377, 8279, 8313, 8218, 8184, 8263, 8531, 8297, 7821, 7437, 8159, 7983, 8236, 9169,3.394261121749878,SPIN
53, 8105, 8046, 8258, 8075, 8213, 7961, 7954, 8258, 8066, 7051, 8311, 8273, 8191, 9140,3.402132749557495,SPIN
54, 8344, 8380, 8572, 8357, 7061, 8114, 8508, 8460, 8886, 8843, 8220, 8370, 8417, 9547,3.4101953506469727,SPIN
55, 8475, 8370, 8419, 8352, 8048, 8463, 8627, 8354, 7921, 8019, 8045, 8109, 8308, 9597,3.4174447059631348,SQUEEZE
56, 7947, 7957, 7929, 7987, 7987, 7772, 7768, 8223, 8043, 7960, 8236, 8199, 8208, 9592,3.4253177642822266,SQUEEZE
57, 8283, 8302, 8261, 8247, 8274, 8066, 8347, 8489, 8447, 8384, 8296, 8400, 8335, 9719,3.433121681213379,SQUEEZE
58, 8163, 8175, 8420, 8194, 9653, 8441, 8213, 8234, 8041, 8308, 8355, 8441, 8250, 9349,3.4407758712768555,SQUEEZE
59, 8007, 8114, 7997, 8087, 8214, 7928, 8061, 8303, 8231, 8174, 8051, 7969, 8243, 9653,3.4486351013183594,SQUEEZE
60, 8318, 8273, 8179, 8224, 8936, 8249, 8342, 8428, 8145, 7801, 8117, 8052, 8275, 9654,3.457953929901123,SQUEEZE
61, 8142, 8097, 8320, 8122, 9400, 8233, 8025, 8194, 8160, 8245, 8354, 8381, 8241, 9286,3.4657609462738037,SQUEEZE
62, 8301, 8233, 8181, 8173, 8490, 8086, 8312, 8403, 8175, 8109, 8032, 8077, 8264, 9642,3.4719653129577637,SQUEEZE
63, 8110, 8175, 8271, 8179, 9206, 8256, 8206, 8248, 8164, 8162, 8197, 8233, 8261, 9496,3.4798896312713623,SQUEEZE
64, 8059, 8168, 8094, 8145, 8864, 8138, 8195, 8243, 8196, 8078, 8255, 8265, 8248, 9393,3.487565755844116,SQUEEZE
65, 8328, 8244, 8146, 8198, 8920, 8191, 8296, 8412, 8123, 7961, 8186, 8197, 8258, 9608,3.497107982635498,SQUEEZE
66, 8098, 8130, 8380, 8174, 9002, 8197, 8037, 8203, 8213, 8282, 8312, 8320, 8260, 9433,3.505074977874756,SQUEEZE
67, 8232, 8211, 8136, 8156, 8866, 8145, 8301, 8379, 8125, 8045, 8000, 7969, 8245, 9512,3.5130672454833984,SQUEEZE
68, 8190, 8198, 8199, 8199, 8987, 8207, 8188, 8279, 8172, 8124, 8221, 8177, 8270, 9523,3.520719528198242,SQUEEZE
69, 8161, 8168, 8201, 8153, 8933, 8179, 8165, 8241, 8186, 8161, 8274, 8328, 8241, 9399,3.5285520553588867,SQUEEZE
70, 8331, 8234, 8212, 8183, 8933, 8168, 8324, 8416, 8123, 8025, 8089, 8235, 8257, 9585,3.534823179244995,SQUEEZE
71, 7993, 8151, 8336, 8188, 8909, 8200, 8082, 8122, 8213, 8257, 8299, 8313, 8268, 9426,3.5433852672576904,SQUEEZE
72, 8176, 8191, 8055, 8134, 8937, 8172, 8296, 8354, 8168, 8055, 8113, 7973, 8231, 9456,3.5506672859191895,SQUEEZE
73, 8271, 8224, 8267, 8240, 8921, 8205, 8207, 8341, 8128, 8118, 8274, 8192, 8280, 9573,3.558581590652466,SQUEEZE
74, 8156, 8176, 8330, 8171, 8967, 8188, 8146, 8140, 8115, 8274, 8254, 8351, 8240, 9382,3.5679118633270264,SQUEEZE
75, 8321, 8161, 7999, 8077, 8823, 8114, 8322, 8462, 8341, 8174, 8011, 8136, 8224, 9483,3.5758249759674072,SQUEEZE
76, 8034, 8326, 8414, 8369, 9359, 8349, 8109, 8140, 7906, 7969, 8291, 8290, 8280, 9536,3.583681583404541,SQUEEZE
77, 8048, 8344, 8504, 8281, 8771, 8208, 8263, 8236, 7825, 8344, 8158, 8134, 8267, 9593,3.5915184020996094,SQUEEZE
78, 8293, 8026, 8252, 8001, 8421, 8037, 8232, 8407, 8467, 8356, 8249, 8261, 8230, 9467,3.597729444503784,SQUEEZE
79, 8326, 8132, 8250, 8178, 10520, 8384, 8248, 8244, 7871, 7119, 8205, 8192, 8174, 9310,3.6056854724884033,SQUEEZE
80, 8288, 8610, 8799, 8581, 7457, 8232, 8355, 8473, 8206, 8349, 8048, 8036, 8457, 9746,3.6149942874908447,SQUEEZE
81, 8088, 7929, 8226, 7894, 5898, 7936, 8170, 8180, 8361, 8762, 8281, 8302, 8168, 8738,3.6227118968963623,SQUEEZE
82, 8115, 7565, 7594, 7527, 10003, 8248, 8133, 8108, 7686, 7400, 8049, 8115, 7859, 8199,3.630505084991455,SQUEEZE
83, 8428, 9389, 9649, 9458, 7870, 9190, 8683, 8516, 8666, 8635, 8759, 8849, 8850, 9836,3.638298273086548,SQUEEZE
84, 8332, 8434, 8205, 8282, 6142, 7937, 8474, 8226, 8249, 8428, 8418, 8249, 8237, 9371,3.6461493968963623,SQUEEZE
85, 8080, 7125, 7341, 7087, 8650, 7252, 7816, 8088, 7755, 7737, 7901, 7906, 7751, 8197,3.6539762020111084,SQUEEZE
86, 8359, 8780, 9281, 8875, 8172, 8543, 8559, 8495, 8313, 8411, 8667, 8791, 8415, 8637,3.661696672439575,SQUEEZE
87, 8839, 8976, 8995, 8958, 7044, 8575, 8994, 8763, 8295, 8218, 8573, 8262, 8403, 8972,3.669440984725952,SQUEEZE
88, 8068, 7857, 8508, 8027, 8576, 8594, 7893, 8063, 8511, 8323, 9238, 9432, 8800, 8429,3.677286386489868,SQUEEZE
89, 7714, 7458, 6557, 7020, 9521, 7211, 7947, 7865, 7581, 7956, 7926, 8366, 7650, 7938,3.685126543045044,SQUEEZE
90, 8890, 8625, 8002, 8423, 7632, 7891, 8888, 8594, 7769, 7837, 7496, 7470, 7800, 8773,3.6928396224975586,SQUEEZE
91, 8197, 8236, 9180, 8675, 8218, 9034, 8056, 8056, 8598, 8440, 9075, 9176, 8772, 8139,3.700627088546753,SQUEEZE
92, 7618, 7661, 7465, 7616, 9179, 7755, 7695, 7754, 7869, 8157, 7536, 7665, 7664, 7641,3.7099881172180176,SQUEEZE
93, 8469, 8766, 8785, 8744, 7799, 8394, 8416, 8250, 8273, 8218, 7929, 7914, 8232, 8574,3.717963695526123,SQUEEZE
94, 7965, 8135, 8450, 8102, 8082, 8290, 7875, 8048, 8449, 8406, 9035, 9104, 8514, 8103,3.7260165214538574,SQUEEZE
95, 7806, 7676, 7046, 7394, 8493, 7278, 7876, 8188, 7394, 7742, 6662, 6714, 7198, 7744,3.7317898273468018,SQUEEZE
96, 8582, 8837, 9201, 9171, 7409, 9212, 8556, 8373, 7979, 8120, 7141, 7055, 8170, 8705,3.7396347522735596,SQUEEZE
97, 8469, 8702, 9775, 9181, 7693, 9935, 8413, 8183, 9075, 8617, 9856, 10031, 9632, 8855,3.747601270675659,SQUEEZE
98, 8070, 7961, 7693, 7769, 8471, 7646, 8148, 8285, 8224, 8115, 8826, 8964, 8248, 8420,3.7558536529541016,SQUEEZE
99, 8586, 8548, 8454, 8465, 7550, 7891, 8618, 8659, 8030, 8694, 7957, 7805, 7808, 8927,3.7637596130371094,SQUEEZE
100, 8733, 8612, 9174, 8753, 7640, 8746, 8697, 8522, 8218, 7751, 8841, 9021, 8627, 9025,3.771563768386841,SQUEEZE
101, 7844, 8110, 8165, 8127, 8465, 7824, 7902, 7931, 8119, 7749, 8542, 8622, 8162, 8199,3.7795825004577637,SQUEEZE
102, 7935, 8534, 8272, 8501, 7995, 8262, 8101, 8134, 8844, 9452, 8520, 8219, 8388, 8345,3.7876460552215576,SQUEEZE
103, 8371, 8020, 7698, 7863, 8504, 7855, 8258, 8268, 7828, 7802, 8314, 7971, 8031, 8561,3.7955784797668457,SQUEEZE
104, 8091, 8308, 9000, 8580, 8074, 8330, 8134, 8265, 8015, 7965, 8365, 8382, 8197, 8641,3.8035144805908203,SQUEEZE
105, 8775, 8907, 8640, 9000, 6799, 9296, 9252, 9076, 9057, 9182, 8623, 8793, 8994, 9192,3.8113932609558105,SQUEEZE
106, 8726, 7050, 5769, 6620, 8260, 7136, 8339, 8405, 7565, 7654, 7642, 7476, 7690, 9123,3.8191821575164795,SQUEEZE
107, 8035, 7556, 7826, 7581, 8493, 7257, 7420, 7784, 7800, 7781, 7905, 7837, 7854, 9432,3.827033758163452,SQUEEZE
108, 8447, 9082, 9457, 9218, 8513, 9129, 8634, 8723, 8645, 8482, 8704, 8930, 8801, 9968,3.8347671031951904,SQUEEZE
109, 7986, 7799, 7598, 7689, 9062, 7882, 8190, 8312, 8021, 8127, 8159, 8172, 8084, 9498,3.842653512954712,SQUEEZE
110, 8054, 8116, 8077, 8080, 8309, 7895, 8132, 8180, 8123, 7937, 8090, 7968, 8193, 9639,3.8520612716674805,SQUEEZE
111, 8317, 8413, 8458, 8411, 9380, 8502, 8285, 8388, 8240, 8226, 8473, 8388, 8382, 9575,3.858834981918335,SQUEEZE
112, 7991, 8045, 8131, 8010, 9075, 8034, 7945, 8171, 8160, 8142, 8156, 8238, 8187, 9431,3.86659574508667,SQUEEZE
113, 8301, 8294, 8223, 8244, 8594, 8184, 8325, 8433, 8172, 7963, 7937, 8124, 8296, 9653,3.874462366104126,SQUEEZE
114, 8133, 8131, 8217, 8156, 9281, 8220, 8146, 8237, 8171, 8253, 8279, 8325, 8258, 9427,3.8822264671325684,SQUEEZE
115, 8174, 8199, 8144, 8159, 8838, 8143, 8245, 8362, 8171, 8038, 8180, 8021, 8247, 9530,3.8900201320648193,SQUEEZE
116, 8258, 8218, 8269, 8205, 8977, 8187, 8233, 8377, 8157, 8031, 8231, 8072, 8269, 9564,3.8978118896484375,SQUEEZE
117, 8167, 8137, 8232, 8157, 9019, 8189, 8112, 8197, 8191, 8202, 8270, 8334, 8246, 9423,3.905651569366455,SQUEEZE
118, 8354, 8238, 8069, 8184, 8864, 8155, 8325, 8416, 8129, 8016, 7967, 8195, 8261, 9601,3.9135260581970215,SQUEEZE
119, 8004, 8158, 8279, 8193, 9091, 8191, 8085, 8222, 8199, 8245, 8259, 8302, 8273, 9458,3.9229273796081543,SQUEEZE
120, 8101, 8199, 8217, 8157, 8820, 8156, 8230, 8389, 8172, 8050, 8187, 8014, 8240, 9495,3.92940354347229,SQUEEZE
121, 8301, 8216, 8216, 8187, 8777, 8153, 8267, 8412, 8145, 8028, 8192, 8097, 8272, 9564,3.936870574951172,SQUEEZE
122, 8121, 8108, 8151, 8130, 9813, 8281, 8142, 8145, 8170, 8232, 8291, 8334, 8226, 9255,3.9446322917938232,SQUEEZE
123, 8337, 8322, 8273, 8263, 8024, 8056, 8353, 8460, 8202, 8050, 8010, 8084, 8312, 9693,3.9541804790496826,SQUEEZE
124, 8021, 8038, 8101, 8055, 8625, 8116, 8086, 8230, 8146, 8235, 8214, 8240, 8224, 9166,3.960707187652588,SQUEEZE
125, 8045, 7987, 7914, 7994, 11554, 8490, 8213, 8235, 8095, 8063, 8266, 8241, 8164, 8657,3.9686737060546875,SQUEEZE
126, 8330, 8720, 8786, 8671, 7920, 8290, 8401, 8402, 8384, 8093, 8342, 8357, 8511, 9663,3.978154182434082,SQUEEZE
127, 8191, 7725, 7538, 7633, 6883, 7430, 8165, 8113, 7813, 7976, 7842, 7715, 7870, 9182,3.9858832359313965,SQUEEZE
238, 8105, 8087, 8465, 8292, 9634, 8782, 8081, 8140, 8445, 8383, 8587, 8615, 8527, 8849,3.992243766784668,SQUEEZE
0, 8099, 9769, 9396, 9528, 8062, 9130, 8721, 8276, 8556, 8657, 8969, 9060, 8751, 9006,4.000152587890625,SQUEEZE
1, 8691, 8987, 7389, 8271, 6427, 7137, 9123, 8401, 6843, 7440, 6788, 6344, 7146, 8583,4.00798225402832,SQUEEZE
2, 8863, 8569, 9457, 8987, 7131, 9057, 8547, 8408, 8424, 8186, 8501, 8490, 8732, 8764,4.016000270843506,SQUEEZE
3, 8168, 8367, 8966, 8615, 8271, 9070, 8127, 8236, 8784, 8021, 9187, 9525, 8919, 8483,4.024068832397461,SQUEEZE
4, 8293, 8143, 7359, 7749, 7905, 7363, 8284, 8364, 7630, 7697, 7382, 7300, 7614, 8440,4.03183650970459,SQUEEZE
5, 7977, 8012, 8341, 8130, 8204, 8296, 7898, 7912, 8317, 8581, 8476, 8477, 8360, 7953,4.041132211685181,SQUEEZE
6, 7785, 7784, 7920, 7875, 8589, 8414, 8028, 7888, 7973, 7674, 8359, 8367, 8190, 7744,4.049087285995483,SQUEEZE
7, 8242, 8304, 8550, 8352, 7914, 8546, 8430, 8321, 8066, 8123, 8231, 8223, 8245, 8438,4.055343389511108,SQUEEZE
8, 7997, 8078, 8182, 8057, 8356, 8012, 7970, 8073, 8127, 8374, 8220, 8194, 8087, 8134,4.063159704208374,SQUEEZE
9, 8169, 8260, 7911, 8169, 8469, 8011, 8180, 8249, 8060, 7959, 7755, 7683, 8020, 8168,4.072120904922485,SQUEEZE
10, 8232, 8331, 8535, 8453, 8308, 8607, 8470, 8258, 8476, 8504, 8582, 8732, 8481, 8276,4.079847574234009,SQUEEZE
11, 7837, 7836, 7952, 7850, 8397, 7868, 8069, 7968, 8187, 8282, 8019, 8101, 7943, 7870,4.087600946426392,SQUEEZE
12, 8178, 8342, 8070, 8241, 7827, 8143, 8294, 8269, 7884, 7996, 7202, 7007, 7824, 8185,4.0952863693237305,SQUEEZE
13, 8299, 8679, 9169, 8836, 7658, 9265, 8429, 8231, 8523, 8374, 9124, 9321, 8869, 8567,4.103117227554321,SQUEEZE
14, 7798, 7564, 7638, 7515, 8716, 7462, 7899, 8017, 8501, 8412, 8875, 9443, 8229, 8001,4.110836505889893,SQUEEZE
15, 8065, 8047, 7704, 8008, 8228, 7503, 7962, 7949, 7728, 8063, 7143, 7172, 7376, 8161,4.118764400482178,SQUEEZE
16, 8555, 9176, 10033, 9423, 7442, 10200, 8485, 8141, 8604, 8397, 9108, 9215, 9151, 8883,4.1265668869018555,SQUEEZE
17, 7932, 7348, 7364, 7045, 8846, 7265, 7857, 8180, 8319, 7971, 8910, 9111, 8313, 7934,4.134484052658081,SQUEEZE
18, 7776, 8056, 8213, 8235, 8220, 7020, 7787, 8252, 8147, 8629, 7874, 7670, 7678, 8092,4.1424360275268555,SQUEEZE
19, 8705, 9994, 10440, 10514, 7192, 10613, 9121, 8814, 8863, 8707, 9178, 9267, 9460, 9410,4.150235891342163,SQUEEZE
20, 8363, 7186, 6421, 6872, 9705, 7558, 8111, 8277, 7725, 7070, 8000, 8027, 7939, 8943,4.158031463623047,SQUEEZE
21, 7908, 6955, 7177, 6875, 9204, 6397, 7282, 7883, 8269, 8265, 7688, 7534, 7569, 9143,4.165981292724609,SQUEEZE
22, 8619, 9227, 9591, 9373, 7674, 9202, 8787, 8671, 8580, 8357, 8755, 8949, 8846, 9988,4.173821210861206,SQUEEZE
23, 8064, 8078, 7877, 8002, 8303, 8179, 8270, 8344, 7797, 7720, 8239, 8337, 8173, 9518,4.18178391456604,SQUEEZE
24, 7935, 7862, 7873, 7811, 8215, 7621, 7978, 8210, 8344, 8487, 8053, 7898, 8146, 9570,4.18912935256958,SQUEEZE
25, 8388, 8434, 8483, 8416, 9318, 8491, 8387, 8417, 8188, 8460, 8447, 8287, 8374, 9598,4.1970086097717285,SQUEEZE
26, 7941, 8078, 8118, 8060, 8925, 8102, 7914, 8186, 8106, 8351, 8201, 8278, 8218, 9412,4.204909801483154,SQUEEZE
27, 8213, 8236, 8131, 8197, 8363, 8118, 8262, 8448, 8239, 7846, 7953, 8167, 8302, 9675,4.212899208068848,SQUEEZE
28, 8212, 8126, 8293, 8163, 9401, 8233, 8180, 8296, 8123, 8071, 8305, 8355, 8263, 9465,4.22174072265625,SQUEEZE
29, 8170, 8174, 8112, 8130, 8754, 8123, 8205, 8352, 8186, 8250, 8183, 8083, 8238, 9475,4.2295074462890625,SQUEEZE
30, 8252, 8230, 8210, 8190, 8887, 8194, 8248, 8405, 8131, 8072, 8109, 8081, 8272, 9604,4.237658739089966,SQUEEZE
31, 8101, 8121, 8239, 8154, 9067, 8175, 8042, 8165, 8198, 8233, 8326, 8351, 8259, 9393,4.2456581592559814,SQUEEZE
32, 8333, 8237, 8077, 8176, 8757, 8150, 8302, 8414, 8144, 7952, 8114, 8147, 8250, 9574,4.251828670501709,SQUEEZE
33, 8074, 8162, 8295, 8183, 9176, 8213, 8111, 8269, 8160, 8187, 8295, 8294, 8264, 9500,4.259616374969482,SQUEEZE
34, 8048, 8186, 8205, 8178, 8909, 8156, 8202, 8357, 8182, 8176, 8150, 8074, 8250, 9446,4.268882513046265,SQUEEZE
35, 8290, 8231, 8193, 8214, 8375, 8112, 8281, 8453, 8145, 8059, 8083, 7994, 8276, 9612,4.276797533035278,SQUEEZE
36, 8108, 7968, 8087, 8026, 10199, 8264, 8095, 8112, 8101, 8176, 8308, 8326, 8162, 9133,4.284750461578369,SQUEEZE
37, 8299, 8463, 8526, 8446, 8547, 8322, 8299, 8384, 8330, 8092, 8296, 8404, 8436, 9496,4.29270076751709,SQUEEZE
38, 8141, 8289, 8025, 8147, 6564, 7919, 8256, 8395, 8083, 8170, 8199, 8179, 8203, 9171,4.300426483154297,SQUEEZE
39, 7998, 7377, 7319, 7450, 10314, 8128, 8032, 8231, 7727, 8015, 7882, 7775, 7766, 8216,4.308201789855957,SQUEEZE
40, 8205, 8980, 9505, 9197, 9125, 9528, 8314, 8280, 8913, 8805, 9127, 9349, 9029, 9350,4.315896511077881,SQUEEZE
41, 8333, 9101, 7352, 8223, 6267, 7413, 8855, 8252, 7597, 8289, 8068, 7939, 7830, 9242,4.323764085769653,SQUEEZE
42, 8747, 8022, 6734, 7416, 7713, 6817, 8751, 8499, 7178, 8202, 7178, 6840, 7242, 8487,4.331475257873535,SQUEEZE
43, 8269, 8422, 9706, 8960, 8681, 9329, 8121, 8297, 9214, 9116, 9153, 9488, 9042, 8431,4.339271783828735,SQUEEZE
44, 8142, 8198, 7892, 8052, 8167, 8052, 8223, 8213, 7935, 7591, 7873, 7944, 7968, 8388,4.346982717514038,SQUEEZE
45, 8459, 8109, 7733, 7953, 7584, 7718, 8213, 8208, 7778, 8134, 7797, 7625, 7922, 8494,4.354743480682373,SQUEEZE
46, 7715, 7842, 8347, 8076, 8445, 8538, 7768, 7702, 8542, 8659, 8598, 8678, 8393, 7654,4.363908290863037,SQUEEZE
47, 7911, 8115, 8159, 8075, 8211, 8443, 8217, 8087, 8089, 7839, 7739, 7756, 7925, 8012,4.371805429458618,SQUEEZE
48, 8228, 8403, 8632, 8379, 7911, 8467, 8336, 8200, 8284, 8467, 8361, 8421, 8322, 8444,4.379624128341675,SQUEEZE
49, 8005, 8036, 7938, 7978, 8530, 7917, 8063, 7963, 8047, 8048, 8169, 8165, 8191, 8054,4.3860297203063965,SQUEEZE
50, 8214, 8401, 8258, 8422, 8298, 8377, 8416, 8375, 8131, 8034, 8188, 8206, 8353, 8316,4.39372992515564,SQUEEZE
51, 7865, 8089, 8113, 8128, 8240, 8226, 8137, 8097, 7982, 8196, 8202, 8164, 8065, 8029,4.401599168777466,SQUEEZE
52, 8047, 8154, 8172, 8102, 7893, 8207, 8259, 8099, 8142, 8147, 7977, 7967, 8089, 8178,4.410855054855347,SQUEEZE
53, 8154, 8191, 8231, 8152, 8036, 8243, 8250, 8059, 8363, 8340, 8430, 8541, 8367, 8301,4.41870903968811,SQUEEZE
54, 7980, 8085, 7815, 8008, 8397, 7865, 8064, 7993, 7937, 8066, 8052, 7994, 7995, 8044,4.426501750946045,SQUEEZE
55, 8176, 8357, 8017, 8328, 8267, 8153, 8214, 8342, 8024, 8073, 7826, 7698, 8038, 8195,4.4343225955963135,SQUEEZE
56, 8113, 8406, 8785, 8623, 8108, 8978, 8196, 8261, 8530, 8432, 9094, 9265, 8611, 8376,4.442023038864136,SQUEEZE
57, 7691, 7601, 7167, 7384, 8714, 7134, 7964, 8026, 7665, 7966, 7310, 7320, 7595, 7727,4.449824810028076,SQUEEZE
58, 8171, 8438, 7729, 8263, 7753, 7335, 8419, 8251, 7010, 7458, 5613, 4993, 7116, 8093,4.457653045654297,SQUEEZE
59, 8880, 10046, 11283, 10681, 6536, 11520, 9038, 8596, 9074, 8505, 9675, 9690, 9863, 9340,4.465578079223633,SQUEEZE
60, 8392, 7831, 7949, 7693, 8274, 8809, 8373, 8455, 8779, 8606, 9598, 10017, 8910, 8522,4.473483324050903,SQUEEZE
61, 8193, 7890, 7535, 7600, 8017, 6548, 8106, 8238, 7408, 7865, 7109, 6846, 7175, 8809,4.481569766998291,SQUEEZE
62, 8855, 10418, 11245, 10840, 6141, 10291, 9199, 8827, 8886, 8497, 9179, 9163, 9401, 10183,4.489526033401489,SQUEEZE
63, 8510, 7859, 7435, 7733, 8706, 8467, 8389, 8534, 8415, 8412, 8621, 8702, 8469, 9141,4.497590065002441,SQUEEZE
64, 8034, 7024, 7010, 6882, 9577, 6691, 7361, 7979, 7701, 7991, 7486, 7371, 7506, 9137,4.505580425262451,SQUEEZE
65, 8511, 8957, 9525, 9035, 8463, 8776, 8508, 8538, 8404, 8133, 8601, 8728, 8648, 9932,4.51410984992981,SQUEEZE
66, 8169, 8121, 8234, 8062, 9080, 8314, 8396, 8179, 8205, 8358, 8465, 8504, 8230, 9349,4.520841836929321,SQUEEZE
67, 7833, 7890, 8114, 7858, 8650, 7773, 7952, 7890, 8090, 8129, 7932, 7886, 8146, 9454,4.5287816524505615,SQUEEZE
68, 8413, 8457, 8629, 8412, 9000, 8420, 8438, 8482, 8101, 7735, 8162, 8229, 8347, 9705,4.536527633666992,SQUEEZE
69, 8164, 7949, 8305, 7948, 9122, 8073, 8068, 8312, 8430, 8959, 8318, 8319, 8186, 9195,4.5446600914001465,SPEAK
70, 8280, 8364, 8470, 8327, 8674, 8225, 8350, 8331, 7953, 7984, 8130, 8038, 8316, 9704,4.552385091781616,SPEAK
71, 8100, 8346, 8538, 8359, 9271, 8345, 8188, 8249, 7749, 7383, 8285, 8257, 8292, 9655,4.560348749160767,SPEAK
72, 8219, 7934, 8008, 7886, 8630, 7965, 8119, 8348, 8621, 9098, 8146, 8226, 8207, 9214,4.568145036697388,SPEAK
73, 8426, 8259, 8259, 8202, 8977, 8198, 8365, 8376, 8161, 8333, 8068, 8120, 8280, 9587,4.576025485992432,SPEAK
74, 7818, 8215, 8316, 8234, 9012, 8230, 8079, 8153, 8019, 7920, 8313, 8314, 8282, 9496,4.5841920375823975,SPEAK
75, 8148, 8134, 7954, 8071, 8750, 8099, 8313, 8420, 8307, 8172, 8102, 8143, 8231, 9486,4.590584754943848,SPEAK
76, 8323, 8202, 8376, 8232, 9020, 8216, 8133, 8330, 8119, 8116, 8279, 8327, 8294, 9588,4.599834442138672,SPEAK
77, 8147, 8131, 8207, 8139, 8798, 8140, 8116, 8327, 8215, 8208, 8202, 8158, 8260, 9479,4.607649326324463,SPEAK
78, 8260, 8215, 8188, 8178, 8942, 8174, 8347, 8450, 8130, 7926, 8057, 7993, 8258, 9600,4.615528106689453,SPEAK
79, 7982, 8137, 8259, 8162, 8866, 8156, 8075, 8187, 8195, 8274, 8328, 8334, 8281, 9454,4.623510360717773,SPEAK
80, 8247, 8199, 8034, 8133, 8888, 8161, 8298, 8390, 8175, 8039, 8118, 8181, 8245, 9520,4.631391763687134,SPEAK
81, 8223, 8213, 8367, 8219, 8936, 8214, 8174, 8319, 8145, 8116, 8241, 8271, 8279, 9546,4.639449119567871,SPEAK
82, 8011, 8137, 8223, 8129, 8809, 8120, 8141, 8282, 8205, 8254, 8230, 8200, 8257, 9440,4.646790266036987,SPEAK
83, 8257, 8239, 8079, 8173, 8955, 8198, 8348, 8473, 8128, 8017, 8098, 8064, 8253, 9558,4.654831409454346,SPEAK
84, 8155, 8162, 8333, 8192, 8878, 8195, 8077, 8185, 8179, 8189, 8362, 8376, 8270, 9418,4.662740707397461,SPEAK
85, 8301, 8200, 8159, 8135, 8873, 8125, 8284, 8370, 8162, 8020, 8085, 8144, 8238, 9502,4.670647382736206,SPEAK
86, 8155, 8232, 8215, 8216, 8931, 8226, 8199, 8333, 8179, 8164, 8156, 8170, 8272, 9539,4.678433418273926,SPEAK
87, 7946, 8157, 8200, 8155, 8845, 8169, 8103, 8179, 8180, 8184, 8251, 8269, 8252, 9408,4.686316251754761,SPEAK
88, 8281, 8212, 8079, 8150, 8831, 8134, 8316, 8490, 8194, 7896, 8091, 8182, 8239, 9594,4.694048166275024,SPEAK
89, 8157, 8234, 8405, 8275, 9201, 8296, 8070, 8257, 8052, 8117, 8324, 8355, 8270, 9495,4.701894760131836,SPEAK
90, 8189, 8214, 8244, 8163, 8543, 8134, 8222, 8420, 8233, 8363, 8108, 8033, 8264, 9535,4.709629058837891,SPEAK
91, 8217, 8129, 8051, 8112, 8386, 8090, 8221, 8433, 8398, 8114, 8148, 8083, 8253, 9577,4.717580556869507,SPEAK
92, 8016, 8050, 8123, 8073, 10579, 8280, 8142, 8167, 7578, 7694, 8202, 8197, 8127, 9361,4.72536563873291,SPEAK
93, 8239, 8706, 8986, 8686, 7519, 8337, 8361, 8462, 8255, 8920, 8249, 8241, 8507, 9885,4.73314905166626,SPEAK
94, 8319, 8053, 8074, 8019, 6123, 7947, 8196, 8203, 8448, 8390, 8333, 8277, 8183, 8825,4.7410712242126465,SPEAK
95, 8012, 6608, 6437, 6553, 11222, 7419, 7772, 7861, 7369, 6984, 7754, 7718, 7519, 7350,4.748680114746094,SPEAK
96, 8116, 8668, 9017, 8703, 9364, 8521, 8644, 8176, 8434, 8737, 8653, 8784, 8615, 8688,4.757790565490723,SPEAK
97, 8554, 9536, 9217, 9335, 6183, 8422, 9308, 8398, 8439, 8475, 8624, 8497, 8445, 9245,4.765779256820679,SPEAK
98, 8432, 8108, 8622, 8297, 7939, 8609, 8228, 8281, 8249, 7895, 8685, 8718, 8540, 8533,4.7734925746917725,SPEAK
99, 7888, 7819, 8384, 7968, 9144, 8765, 7836, 7938, 8394, 8624, 9059, 9666, 8607, 8156,4.779728412628174,SPEAK
100, 8561, 8347, 7362, 7920, 7995, 7457, 8791, 8254, 7582, 7838, 7345, 7474, 7336, 8557,4.788931608200073,SPEAK
101, 8522, 8629, 9011, 8851, 7280, 8554, 8287, 8169, 8400, 8240, 8225, 8234, 8403, 8755,4.796769857406616,SPEAK
102, 7542, 7883, 8212, 8062, 8763, 8443, 7489, 7707, 8425, 8481, 8457, 8700, 8404, 7885,4.8045289516448975,SPEAK
103, 8175, 8456, 8240, 8402, 8218, 7963, 8215, 8156, 8094, 8132, 7728, 7834, 7895, 8353,4.8126513957977295,SPEAK
104, 8113, 8359, 8652, 8574, 7994, 8156, 8082, 8092, 8294, 8291, 8527, 8674, 8350, 8222,4.820573806762695,SPEAK
105, 7800, 7791, 7475, 7786, 8561, 7892, 7881, 8075, 7904, 7978, 7884, 7834, 8041, 7781,4.828590154647827,SPEAK
106, 8323, 8509, 8483, 8497, 8109, 8720, 8331, 8436, 8223, 8125, 8281, 8267, 8391, 8469,4.835879802703857,SPEAK
107, 7868, 8017, 8141, 7996, 8485, 8077, 7978, 7965, 8290, 8407, 8390, 8469, 8064, 8223,4.843656301498413,SPEAK
108, 7941, 8004, 7828, 8007, 8228, 7943, 8268, 8057, 8166, 8230, 7642, 7647, 7933, 8164,4.851339817047119,SPEAK
109, 8176, 8313, 8392, 8415, 8018, 8688, 8336, 8180, 8269, 8222, 8483, 8644, 8443, 8179,4.859348773956299,SPEAK
110, 8048, 8040, 8116, 8015, 8183, 8162, 8023, 8127, 8100, 8133, 8416, 8639, 8176, 8106,4.867246866226196,SPEAK
111, 8066, 8036, 8016, 8036, 8126, 7932, 8032, 8140, 7959, 8012, 7610, 7626, 8044, 8316,4.875290393829346,SPEAK
112, 8147, 8257, 8550, 8374, 8178, 8615, 8135, 8057, 8334, 8402, 8698, 8785, 8646, 8357,4.883005380630493,SPEAK
113, 8053, 7853, 7457, 7591, 8677, 7510, 8089, 8129, 7910, 7682, 8224, 8719, 7952, 8072,4.891088962554932,SPEAK
114, 8180, 8176, 7922, 8060, 8002, 7844, 8197, 8259, 7919, 8187, 7337, 7221, 7582, 8405,4.898879528045654,SPEAK
115, 8336, 8719, 9504, 9043, 7627, 9830, 8369, 8255, 8836, 9158, 9169, 8635, 9099, 8876,4.906715393066406,SPEAK
116, 8260, 8179, 8206, 8140, 8423, 8283, 8310, 8217, 7887, 7600, 8922, 8761, 8485, 8474,4.9146409034729,SPEAK
117, 8546, 8683, 8793, 8753, 7371, 8010, 8594, 8563, 8446, 8860, 8125, 8238, 8121, 8756,4.922598361968994,SPEAK
118, 8728, 8598, 8827, 8608, 7487, 8589, 8668, 8608, 8889, 9550, 8928, 9114, 8708, 8929,4.930595874786377,SPEAK
119, 7854, 7409, 7069, 7195, 9400, 7059, 7604, 7897, 7342, 7473, 8268, 8081, 7684, 8030,4.938572645187378,SPEAK
120, 8109, 9532, 9936, 9865, 6771, 9399, 8548, 8699, 8970, 8570, 8461, 8511, 8997, 9097,4.946537494659424,SPEAK
121, 9253, 9783, 9593, 9811, 5484, 10063, 9732, 9497, 9314, 8746, 8575, 8924, 9437, 10344,4.954428672790527,SPEAK
122, 8420, 7158, 6876, 6925, 7405, 6872, 7794, 8134, 7592, 7661, 7764, 7722, 7636, 9637,4.962139368057251,SPEAK
123, 8093, 8103, 8373, 8195, 8066, 7899, 7734, 8052, 8202, 8317, 8292, 8309, 8236, 9534,4.970013380050659,SPEAK
124, 8338, 8654, 8563, 8648, 9272, 8870, 8598, 8634, 8399, 8558, 8413, 8522, 8546, 9628,4.977770090103149,SPEAK
125, 7863, 7799, 7846, 7752, 8752, 7685, 8008, 8201, 8028, 7975, 8001, 7977, 8033, 9422,4.985599040985107,SPEAK
126, 8248, 8288, 8181, 8251, 8563, 8180, 8304, 8346, 8151, 7861, 8333, 8247, 8289, 9591,4.993364572525024,SPEAK
127, 8112, 8160, 8165, 8151, 9569, 8282, 8103, 8213, 8149, 8194, 8387, 8364, 8229, 9370,5.001328945159912,SPEAK
238, 8124, 8171, 8241, 8141, 8713, 8064, 8139, 8289, 8162, 8070, 7941, 8023, 8229, 9464,5.009322643280029,SPEAK
0, 8295, 8232, 8182, 8215, 8994, 8227, 8289, 8351, 8138, 8078, 7970, 8089, 8268, 9581,5.017160415649414,SPEAK
1, 8012, 8122, 8131, 8145, 9082, 8190, 8108, 8158, 8171, 8212, 8321, 8280, 8230, 9407,5.024874925613403,SPEAK
2, 8245, 8250, 8147, 8196, 8615, 8141, 8307, 8442, 8128, 7886, 8137, 8018, 8262, 9576,5.032885789871216,SPEAK
3, 8160, 8131, 8301, 8172, 9515, 8229, 8075, 8197, 8136, 8159, 8292, 8302, 8236, 9400,5.04064416885376,SPEAK
4, 8262, 8219, 8174, 8190, 9010, 8187, 8236, 8271, 8168, 8172, 8126, 8174, 8251, 9530,5.048527479171753,SPEAK
5, 8237, 8308, 8219, 8273, 7863, 8107, 8239, 8421, 8183, 8159, 8084, 8086, 8314, 9626,5.0564048290252686,SPEAK
6, 7878, 7847, 7850, 7856, 11271, 8272, 8056, 8060, 7982, 8182, 8204, 8194, 8077, 8480,5.064452648162842,SPEAK
7, 8232, 8495, 8593, 8488, 10312, 8423, 8368, 8402, 8340, 8035, 8240, 8230, 8390, 8976,5.0723772048950195,SPEAK
8, 8367, 8578, 8627, 8573, 6115, 8147, 8269, 8426, 8153, 7999, 8406, 8383, 8402, 9577,5.0801756381988525,SPEAK
9, 7849, 6889, 6572, 6800, 9497, 7490, 7715, 8139, 7534, 8237, 7740, 7665, 7614, 8174,5.087918043136597,SPEAK
10, 8150, 8419, 8788, 8559, 9999, 8934, 8474, 8434, 8732, 8931, 8616, 8808, 8495, 8234,5.0977630615234375,SPEAK
11, 8797, 9350, 9313, 9216, 7057, 8736, 9090, 8397, 8277, 7739, 8991, 9158, 8414, 8678,5.103932857513428,SPEAK
12, 8319, 7483, 7290, 7241, 7933, 6671, 7929, 8201, 7532, 7825, 7715, 7816, 7507, 8276,5.111727237701416,SPEAK
13, 7716, 8075, 8532, 8294, 8537, 8117, 7899, 8256, 8529, 8867, 8596, 8805, 8357, 8063,5.119408130645752,SPEAK
14, 8103, 8796, 8372, 8706, 8073, 8498, 8685, 8452, 8105, 7630, 8665, 8416, 8305, 8040,5.1274683475494385,SPEAK
15, 8295, 8184, 8188, 8141, 8038, 7781, 8134, 8258, 8056, 8122, 8299, 7992, 8148, 8295,5.135434150695801,SPEAK
16, 8045, 7853, 8292, 8015, 8442, 8021, 7884, 7963, 8186, 8381, 8598, 8756, 8159, 8177,5.143190383911133,SPEAK
17, 8250, 8237, 8319, 8318, 7984, 8213, 8329, 8335, 8076, 7802, 8176, 8468, 8078, 8317,5.1510396003723145,SPEAK
18, 8251, 8411, 8725, 8518, 7924, 8884, 8243, 8224, 8436, 8410, 8803, 8998, 8582, 8155,5.158961772918701,SPEAK
19, 8130, 8142, 7949, 8019, 8293, 7955, 8112, 8149, 8051, 8110, 8578, 8582, 8181, 8078,5.166726112365723,SPEAK
20, 8331, 8375, 8279, 8528, 7947, 7637, 8320, 8494, 7944, 7972, 8097, 8141, 7942, 8490,5.1746885776519775,SPEAK
21, 8084, 8011, 8498, 8455, 8343, 8446, 8039, 8125, 8202, 8215, 8611, 8518, 8282, 8124,5.182342052459717,SPEAK
22, 8213, 7998, 8161, 8077, 8319, 8474, 8223, 8091, 8285, 8142, 8568, 8387, 8421, 8104,5.190156936645508,SPEAK
23, 8273, 8426, 8403, 8352, 7823, 8186, 8287, 8107, 8170, 8174, 8552, 8556, 8260, 8342,5.198070287704468,SPEAK
24, 8136, 8473, 8583, 8465, 7917, 8047, 8190, 8178, 8074, 8150, 8435, 8615, 8122, 8216,5.2060229778289795,SPEAK
25, 8301, 8379, 8562, 8426, 8030, 8338, 8317, 8424, 8203, 8093, 8505, 8630, 8311, 8252,5.213813543319702,SPEAK
26, 7987, 8038, 8143, 8173, 8293, 8425, 7994, 8041, 8248, 8376, 8701, 8686, 8352, 8062,5.221733093261719,SPEAK
27, 8111, 7979, 7751, 8017, 8338, 8072, 8168, 8042, 7890, 7782, 8405, 8390, 8145, 8116,5.231135129928589,SPEAK
28, 8185, 8138, 8268, 8090, 8285, 7730, 8122, 8316, 8009, 7955, 8414, 8305, 8052, 8061,5.237553119659424,SPEAK
29, 8136, 8881, 9378, 8898, 7967, 9135, 8330, 8390, 8880, 9107, 8936, 9143, 8926, 8254,5.2452709674835205,SPEAK
30, 8504, 7787, 6937, 7349, 8812, 8360, 8561, 8213, 7594, 6919, 8086, 8271, 8318, 8285,5.2531538009643555,SPEAK
31, 8024, 6705, 6599, 6430, 8334, 6199, 7584, 7917, 7393, 6989, 7411, 7242, 7342, 8398,5.260842561721802,SPEAK
32, 8508, 9107, 10155, 9345, 5682, 8724, 8567, 8660, 8979, 9216, 8717, 8863, 8755, 9755,5.268683910369873,SPEAK
33, 8564, 8794, 8592, 8743, 7154, 9090, 8805, 8587, 8069, 8195, 8657, 8859, 8597, 9886,5.277938604354858,SPEAK
34, 7693, 7419, 7155, 7326, 8466, 7203, 7721, 8033, 7904, 7877, 7830, 7741, 7866, 9474,5.285799026489258,SPEAK
35, 8287, 8521, 8693, 8547, 8622, 8394, 8439, 8420, 8412, 8276, 8364, 8265, 8443, 9756,5.2919533252716064,SPEAK
36, 8176, 8215, 8294, 8198, 9440, 8384, 8163, 8244, 8077, 8278, 8421, 8395, 8273, 9421,5.2996861934661865,SPEAK
37, 7969, 8055, 8007, 8032, 8480, 7917, 7977, 8284, 8222, 8034, 7954, 8069, 8231, 9537,5.308913230895996,SPEAK
38, 8318, 8279, 8249, 8261, 9155, 8292, 8330, 8385, 8131, 7822, 8094, 8222, 8306, 9570,5.316817283630371,SPEAK
39, 8122, 8069, 8202, 8092, 9261, 8142, 8088, 8160, 8170, 8261, 8303, 8273, 8220, 9333,5.324594020843506,SPEAK
40, 8273, 8255, 8151, 8199, 8694, 8148, 8312, 8404, 8150, 8064, 8049, 7951, 8275, 9566,5.332589387893677,SPEAK
41, 8063, 8153, 8260, 8167, 9194, 8201, 8094, 8192, 8176, 8157, 8268, 8269, 8272, 9446,5.340469121932983,SPEAK
42, 8130, 8179, 8090, 8135, 8935, 8155, 8183, 8238, 8183, 8045, 8181, 8252, 8246, 9415,5.34841775894165,SPEAK
43, 8304, 8226, 8178, 8195, 8976, 8180, 8263, 8371, 8132, 8052, 8132, 8221, 8257, 9571,5.3561625480651855,SPEAK
44, 8020, 8124, 8303, 8155, 9020, 8176, 8092, 8170, 8208, 8260, 8281, 8276, 8252, 9396,5.363962888717651,SPEAK
45, 8219, 8232, 8101, 8161, 8973, 8166, 8334, 8401, 8111, 7942, 8055, 7902, 8240, 9521,5.371662616729736,SPEAK
46, 8170, 8175, 8262, 8205, 8991, 8185, 8094, 8249, 8175, 8107, 8299, 8199, 8276, 9476,5.379514694213867,SPEAK
47, 8194, 8139, 8148, 8128, 8994, 8157, 8130, 8239, 8204, 8152, 8171, 8308, 8235, 9388,5.387341499328613,SPEAK
48, 8285, 8244, 8137, 8196, 8960, 8174, 8273, 8387, 8151, 8021, 8053, 8207, 8259, 9558,5.395272493362427,SPEAK
49, 7935, 8209, 8340, 8236, 9086, 8241, 8089, 8115, 8048, 8196, 8294, 8259, 8270, 9398,5.403194189071655,SPEAK
50, 8164, 8098, 7970, 8040, 8783, 8059, 8268, 8482, 8349, 8316, 8088, 8035, 8219, 9423,5.411025285720825,SPEAK
51, 8328, 8242, 8288, 8288, 9187, 8256, 8159, 8337, 8109, 7920, 8289, 8301, 8278, 9535,5.418758392333984,SPEAK
52, 8151, 8458, 8686, 8464, 9513, 8435, 8219, 8087, 7437, 7858, 8212, 8196, 8287, 9568,5.4265382289886475,SPEAK
53, 8202, 8127, 8280, 8050, 8060, 7973, 8305, 8394, 8338, 8892, 8026, 8042, 8264, 9570,5.434483289718628,SPEAK
54, 8209, 8054, 8245, 8090, 10006, 8277, 8162, 8151, 8208, 7672, 8304, 8324, 8180, 9126,5.442193984985352,SPEAK
55, 8336, 8422, 8469, 8386, 9632, 8320, 8355, 8374, 7826, 7487, 8189, 8143, 8289, 9324,5.450001955032349,SPEAK
56, 8160, 8165, 8478, 8175, 6237, 7946, 8116, 8205, 8508, 9090, 8314, 8293, 8329, 9284,5.457840204238892,SPEAK
57, 8211, 7847, 7957, 7846, 8823, 8287, 8091, 8003, 7963, 7894, 8165, 8127, 8010, 8674,5.467195272445679,SPEAK
58, 8408, 8541, 8505, 8495, 9073, 8455, 8491, 8469, 8188, 8008, 8142, 8050, 8391, 9491,5.473679780960083,SPEAK
59, 8034, 8184, 8331, 8165, 6869, 7977, 8307, 8110, 8360, 8626, 8356, 8346, 8316, 9511,5.481675148010254,SPEAK
60, 7980, 7593, 7606, 7532, 9008, 7797, 7952, 7928, 7903, 7884, 7989, 8082, 7932, 8722,5.48968768119812,SPEAK
61, 8339, 8994, 9322, 9057, 8544, 8852, 8539, 8360, 8427, 8375, 8644, 8737, 8640, 9057,5.497922420501709,SPEAK
62, 8139, 8053, 8317, 7960, 7308, 7966, 8371, 8234, 8156, 8291, 8338, 8251, 8153, 8720,5.5052971839904785,SPEAK
63, 7969, 7386, 8051, 7379, 8530, 7477, 7725, 7983, 7957, 8005, 7971, 8018, 7910, 8409,5.513181686401367,SPEAK
64, 8355, 8874, 9285, 9008, 8215, 8767, 8548, 8310, 8245, 8236, 8908, 9002, 8512, 8690,5.521005868911743,SPEAK
65, 8555, 8297, 8218, 8180, 7478, 7864, 8778, 8512, 8059, 8148, 8293, 8053, 8052, 8696,5.528628349304199,SPEAK
66, 8086, 8032, 8529, 8132, 8390, 7928, 7951, 8094, 8142, 8165, 8378, 8223, 8165, 8389,5.5379862785339355,SPEAK
67, 8020, 8485, 8015, 8513, 8639, 8288, 8066, 8094, 8205, 8206, 8592, 8684, 8337, 8236,5.545916557312012,SPEAK
68, 8379, 8423, 7894, 8393, 7933, 8016, 8397, 8391, 8201, 8137, 8079, 8191, 8203, 8672,5.55368185043335,SPEAK
69, 8165, 8089, 8767, 8295, 8037, 8515, 8172, 8185, 8163, 8167, 8615, 8615, 8275, 8550,5.561547040939331,SPEAK
70, 8142, 7955, 8248, 7947, 8312, 8016, 8207, 8234, 8121, 8166, 8509, 8384, 8189, 8415,5.5675458908081055,SPEAK
71, 8283, 8448, 8490, 8453, 8030, 8052, 8305, 8328, 8269, 8219, 8465, 8470, 8349, 8456,5.576996803283691,SPEAK
72, 8023, 8402, 8557, 8544, 8146, 8473, 8134, 8213, 8221, 8259, 8620, 8669, 8329, 8094,5.584732532501221,SPEAK
73, 8262, 7948, 7868, 7929, 8160, 7699, 8252, 8352, 8058, 8103, 8296, 8156, 7996, 8160,5.592575550079346,SPEAK
74, 8196, 8294, 8626, 8323, 8344, 7911, 8111, 7987, 8290, 8296, 8478, 8339, 8277, 8489,5.600340127944946,SPEAK
75, 8372, 9068, 9051, 9084, 7901, 9321, 8625, 8317, 8601, 8486, 8668, 8814, 8847, 8761,5.608832597732544,SPEAK
76, 8406, 7173, 6511, 6963, 8386, 7540, 8110, 8410, 7897, 8029, 7810, 7803, 7869, 8616,5.616093873977661,SPEAK
77, 8018, 7167, 7781, 7166, 8558, 6797, 7473, 7957, 7875, 8065, 7862, 7721, 7754, 9079,5.624139785766602,SPEAK
78, 8655, 9326, 9812, 9404, 7173, 9162, 8839, 8603, 8462, 8221, 8707, 8808, 8760, 9858,5.631897211074829,SPEAK
79, 8187, 7958, 7711, 7882, 8407, 8166, 8232, 8198, 8150, 8339, 8256, 8267, 8192, 9534,5.639810800552368,SPEAK
80, 7829, 7828, 8112, 7818, 9025, 7499, 7743, 7980, 8127, 8224, 7919, 7886, 8139, 9766,5.647526502609253,SPEAK
81, 8445, 8659, 8915, 8650, 8744, 8631, 8537, 8518, 8153, 7769, 8412, 8434, 8416, 9673,5.655453681945801,SPEAK
82, 8024, 7869, 8129, 7869, 8467, 7989, 8029, 8135, 8401, 8990, 8298, 8287, 8161, 9275,5.663207530975342,SPEAK
83, 8188, 8330, 8356, 8284, 8672, 8111, 8272, 8226, 8096, 8110, 7933, 7983, 8342, 9788,5.671240329742432,SPEAK
84, 8213, 8264, 8450, 8254, 9618, 8357, 8214, 8345, 7958, 7219, 8165, 8252, 8261, 9482,5.67863130569458,SPEAK
85, 8205, 7846, 8072, 7798, 8377, 7857, 8089, 8358, 8769, 8857, 8252, 8253, 8181, 9268,5.686716318130493,SPEAK
86, 8382, 8277, 8202, 8244, 8900, 8214, 8359, 8391, 8162, 8270, 8246, 8194, 8321, 9697,5.6945695877075195,SPEAK
87, 7889, 8205, 8324, 8246, 9364, 8284, 8019, 8208, 7960, 7924, 8339, 8317, 8280, 9500,5.7025306224823,SPEAK
88, 8209, 8109, 8106, 8040, 8592, 8037, 8278, 8445, 8370, 8238, 7943, 7984, 8238, 9524,5.710592746734619,SPEAK
89, 8206, 8186, 8347, 8208, 9150, 8203, 8206, 8302, 8109, 8215, 8155, 8210, 8305, 9566,5.718684196472168,SPEAK
90, 7987, 8141, 8203, 8136, 8881, 8161, 8123, 8228, 8183, 8321, 8336, 8312, 8265, 9447,5.726430892944336,SPEAK
91, 8337, 8216, 8117, 8159, 8968, 8165, 8314, 8405, 8159, 7812, 8260, 8198, 8266, 9589,5.7342705726623535,SPEAK
92, 8084, 8134, 8345, 8168, 8988, 8173, 8062, 8212, 8191, 8217, 8343, 8315, 8281, 9450,5.742241621017456,SPEAK
93, 8174, 8189, 8157, 8138, 8875, 8144, 8272, 8426, 8173, 8282, 7979, 7987, 8242, 9496,5.750229358673096,SPEAK
94, 8205, 8204, 8292, 8210, 9038, 8203, 8174, 8316, 8145, 8277, 8172, 8189, 8282, 9531,5.758051633834839,SPEAK
95, 8150, 8146, 8252, 8139, 8907, 8160, 8126, 8175, 8202, 8225, 8334, 8345, 8255, 9409,5.764675140380859,SPEAK
96, 8312, 8230, 8162, 8160, 8947, 8152, 8330, 8423, 8146, 8039, 8164, 8125, 8261, 9572,5.772590637207031,SPEAK
97, 7980, 8154, 8312, 8182, 9007, 8214, 8085, 8182, 8192, 8293, 8309, 8285, 8277, 9443,5.782101631164551,SPEAK
98, 8160, 8184, 8121, 8147, 8885, 8161, 8280, 8364, 8158, 8001, 8033, 8153, 8249, 9485,5.789920330047607,SPEAK
99, 8281, 8193, 8305, 8208, 8941, 8175, 8176, 8379, 8159, 8024, 8174, 8287, 8281, 9576,5.797821760177612,SPEAK
100, 8130, 8143, 8275, 8152, 9050, 8205, 8040, 8222, 8166, 8247, 8310, 8243, 8246, 9405,5.805094480514526,SPEAK
101, 8287, 8192, 8089, 8119, 8567, 8084, 8312, 8455, 8219, 8088, 8043, 7970, 8253, 9560,5.812864065170288,SPEAK
102, 7979, 8084, 8274, 8120, 9504, 8183, 8140, 8156, 8036, 8040, 8226, 8234, 8225, 9430,5.820605039596558,SPEAK
103, 8075, 8257, 8346, 8251, 9087, 8278, 8216, 8373, 8251, 8346, 8270, 8288, 8335, 9537,5.828366994857788,SPEAK
104, 8311, 8324, 8281, 8282, 7428, 8188, 8214, 8347, 8537, 8321, 8395, 8433, 8363, 9599,5.836074352264404,SPEAK
105, 8139, 7579, 7394, 7528, 11021, 7732, 8104, 8058, 7570, 7434, 7815, 7625, 7789, 8806,5.843817472457886,SPEAK
106, 8208, 9022, 9755, 9227, 10275, 9222, 8391, 8468, 8543, 8876, 8614, 8613, 8950, 9499,5.851858854293823,SPEAK
107, 8169, 9893, 9971, 9796, 5791, 9562, 8639, 8149, 8767, 8919, 9182, 9516, 8906, 9329,5.8597681522369385,SPEAK
108, 8104, 7831, 6964, 7464, 7728, 7378, 8122, 7782, 7143, 6938, 7497, 7464, 7137, 7844,5.867605686187744,SPEAK
109, 7933, 7739, 8606, 7999, 9388, 8132, 7734, 8250, 8374, 8462, 8535, 8706, 8389, 8058,5.876948356628418,SPEAK
110, 8108, 8296, 7940, 8124, 8209, 8056, 8328, 8534, 8208, 8397, 8261, 8554, 8252, 8401,5.884673833847046,SPEAK
111, 8612, 8292, 7644, 8079, 7569, 7905, 8508, 8312, 7634, 7530, 7524, 7564, 7743, 8628,5.89277458190918,SPEAK
112, 7835, 8039, 8857, 8352, 8502, 8531, 7671, 7792, 8448, 8470, 8680, 8769, 8497, 7976,5.898936986923218,SPEAK
113, 7866, 8074, 8013, 8168, 8651, 7984, 8008, 8163, 7958, 8028, 7863, 7821, 7917, 7820,5.906731367111206,SPEAK
114, 8469, 8589, 8761, 8811, 7745, 8419, 8524, 8370, 8120, 8070, 8194, 8213, 8212, 8523,5.914799213409424,SPEAK
115, 7990, 7965, 7964, 8002, 8403, 7844, 8030, 8006, 8175, 8278, 8311, 8307, 8165, 7974,5.922718524932861,SPEAK
116, 8221, 8266, 7917, 8156, 8432, 8092, 8262, 8328, 8220, 8170, 7941, 7928, 8160, 8203,5.932231903076172,SPEAK
117, 8128, 8281, 8399, 8390, 8280, 8449, 8232, 8193, 8312, 8363, 8270, 8302, 8206, 8193,5.938721418380737,SPEAK
118, 7913, 8021, 8080, 8071, 7934, 8069, 8132, 8031, 8031, 8162, 7871, 7778, 7904, 8016,5.947713375091553,SPEAK
119, 8138, 8350, 8449, 8327, 7789, 8382, 8324, 8177, 8194, 8116, 8283, 8308, 8314, 8363,5.955726623535156,SPEAK
120, 7963, 8114, 8121, 8062, 8530, 8121, 8054, 7952, 8145, 8198, 8527, 8620, 8244, 8081,5.962032318115234,SPEAK
121, 8146, 8154, 7661, 8016, 8551, 7786, 8200, 8240, 7831, 7905, 7540, 7406, 7890, 8050,5.9700915813446045,SPEAK
122, 8294, 8601, 8926, 8815, 7728, 8917, 8429, 8284, 8259, 8133, 8494, 8450, 8580, 8450,5.978385925292969,SPEAK
123, 7757, 7786, 8036, 7807, 8481, 8314, 7967, 7966, 8726, 8561, 9596, 10142, 8682, 7871,5.985759258270264,SPEAK
124, 7845, 7438, 5691, 6700, 8852, 5731, 7941, 8046, 7545, 7851, 7053, 7164, 6779, 7373,5.99514365196228,SPEAK
125, 8794, 9662, 9530, 9763, 6861, 8891, 8913, 8359, 8104, 8335, 7894, 7569, 8122, 8879,6.001725196838379,SPEAK
126, 8629, 8967, 10042, 9268, 7499, 9980, 8748, 8352, 8763, 8228, 9733, 9997, 9480, 9072,6.010672569274902,SPEAK
127, 8008, 6972, 6717, 6557, 8912, 6369, 7805, 8135, 7643, 7719, 7684, 7722, 7415, 8304,6.018718481063843,SPEAK
238, 8764, 9430, 9703, 9560, 6773, 8812, 8842, 8710, 8701, 9534, 8398, 8206, 8547, 9661,6.024913787841797,SPEAK
0, 8874, 9218, 8972, 9308, 7843, 9611, 9021, 8820, 8296, 8660, 8853, 8835, 9044, 9814,6.0327863693237305,SPEAK
1, 7815, 6797, 6442, 6627, 10046, 6802, 7251, 7946, 7596, 8027, 7602, 7553, 7553, 8921,6.0406622886657715,SPEAK
2, 8392, 8264, 8599, 8289, 8792, 8033, 8064, 8320, 8673, 8858, 8287, 8434, 8361, 9614,6.048651456832886,SPEAK
3, 8587, 8666, 8676, 8653, 8908, 8774, 8726, 8528, 8120, 8102, 8567, 8693, 8485, 9740,6.056567430496216,SPEAK
4, 7718, 7754, 7626, 7712, 8716, 7725, 7849, 8110, 8051, 8078, 8001, 7959, 8088, 9434,6.065898418426514,SPEAK
5, 8267, 8309, 8276, 8272, 8697, 8192, 8312, 8450, 8310, 8054, 8071, 8099, 8344, 9679,6.073842287063599,SPEAK
6, 8264, 8147, 8363, 8169, 9391, 8311, 8109, 8278, 8097, 8183, 8364, 8375, 8267, 9474,6.081392288208008,SPEAK
7, 8125, 8160, 8129, 8108, 8520, 8046, 8153, 8374, 8213, 8067, 8081, 8000, 8262, 9565,6.087778568267822,SPEAK
8, 8200, 8231, 8216, 8209, 9024, 8219, 8327, 8408, 8128, 7924, 8148, 8062, 8287, 9558,6.09744668006897,SPEAK
9, 8078, 8105, 8189, 8116, 9025, 8158, 8103, 8179, 8193, 8258, 8318, 8363, 8250, 9416,6.1047892570495605,SPEAK
10, 8318, 8259, 8132, 8189, 8733, 8151, 8346, 8409, 8162, 8057, 8088, 8169, 8268, 9612,6.112598419189453,SPEAK
11, 8054, 8138, 8313, 8159, 9136, 8209, 8106, 8203, 8176, 8250, 8291, 8278, 8265, 9439,6.12029242515564,SPEAK
12, 8099, 8186, 8119, 8142, 8730, 8145, 8241, 8332, 8177, 8019, 8149, 8114, 8246, 9532,6.128225326538086,SPEAK
13, 8261, 8224, 8172, 8201, 8911, 8195, 8264, 8399, 8132, 7968, 8194, 8222, 8267, 9569,6.136113405227661,SPEAK
14, 8132, 8131, 8303, 8154, 9526, 8234, 8102, 8221, 8170, 8218, 8305, 8326, 8247, 9274,6.143896102905273,SPEAK
15, 8318, 8363, 8309, 8287, 8006, 8109, 8339, 8496, 8218, 8085, 8053, 8028, 8326, 9782,6.151622533798218,SPEAK
16, 7988, 8027, 7950, 7993, 9128, 8067, 8101, 8191, 8054, 8189, 8196, 8156, 8160, 9312,6.159441709518433,SPEAK
17, 7999, 7990, 8054, 8000, 11358, 8305, 8136, 8235, 8127, 8138, 8200, 8209, 8194, 8713,6.16736364364624,SPEAK
18, 8388, 8988, 9186, 8992, 7122, 8518, 8444, 8541, 8591, 8205, 8517, 8567, 8713, 9798,6.175137042999268,SPEAK
19, 8135, 7482, 6985, 7264, 6916, 7063, 8034, 8024, 7499, 7863, 7765, 7624, 7623, 8920,6.182941198348999,SPEAK
20, 8018, 6998, 7462, 7252, 10360, 8251, 7838, 8025, 8201, 8799, 8280, 8334, 8152, 7964,6.1908183097839355,SPEAK
21, 8294, 9081, 9599, 9332, 8607, 10062, 8767, 8443, 9236, 8942, 9484, 9904, 9146, 8460,6.20020866394043,SPEAK
22, 8721, 8901, 7724, 8440, 7040, 7843, 9113, 8510, 7497, 7231, 7476, 7498, 7504, 8652,6.206709623336792,SPEAK
23, 8435, 8206, 8695, 8419, 7754, 8301, 8175, 8062, 8255, 8592, 8179, 8340, 8273, 8603,6.2146265506744385,SPEAK
24, 8042, 8158, 8706, 8354, 8487, 8789, 8074, 7858, 8542, 8575, 8847, 9146, 8585, 7890,6.223635196685791,SPEAK
25, 8694, 8508, 7879, 8181, 7632, 7813, 8726, 8450, 7710, 7508, 7706, 7630, 7759, 8258,6.229809761047363,SPEAK
26, 8223, 8267, 8258, 8170, 7880, 8098, 8115, 8162, 8288, 8442, 8427, 8450, 8270, 8284,6.237607955932617,SPEAK
27, 7781, 7926, 7710, 7729, 8559, 8159, 7963, 7983, 7926, 7929, 8019, 7987, 7998, 7960,6.2470996379852295,SPEAK
28, 8293, 8555, 8686, 8474, 7829, 8726, 8461, 8343, 8117, 8035, 8249, 8255, 8242, 8397,6.253558397293091,SPEAK
29, 8004, 8113, 8233, 8048, 8342, 8036, 7988, 8051, 8186, 8288, 8338, 8333, 8128, 7981,6.262977838516235,SPEAK
30, 8223, 8219, 8058, 8125, 8493, 8085, 8238, 8254, 8130, 8013, 7889, 7814, 8119, 8219,6.271067142486572,SPEAK
31, 8248, 8280, 8506, 8402, 8299, 8660, 8424, 8196, 8438, 8369, 8475, 8610, 8396, 8240,6.278940916061401,SPEAK
32, 7899, 7921, 7961, 7947, 8124, 7981, 8177, 8002, 8191, 8297, 7950, 8029, 7916, 7878,6.286807298660278,SPEAK
33, 8099, 8266, 8202, 8252, 7875, 8121, 8281, 8196, 8165, 8153, 7700, 7636, 8077, 8260,6.292970657348633,SPEAK
34, 8139, 8425, 8920, 8520, 8157, 8992, 8229, 8129, 8620, 8458, 9032, 9278, 8711, 8403,6.300975799560547,SPEAK
35, 7906, 7702, 6953, 7299, 8805, 7111, 7968, 8049, 8012, 8218, 7632, 7908, 7551, 7757,6.308799982070923,SPEAK
36, 8410, 8449, 7703, 8380, 7645, 7405, 8384, 8150, 7482, 7808, 6502, 6173, 7197, 8166,6.316673040390015,SPEAK
37, 8731, 9361, 10910, 10053, 7084, 10960, 8747, 8296, 8900, 8450, 9661, 9710, 9602, 9043,6.325911283493042,SPEAK
38, 8191, 7667, 7973, 7460, 8566, 8139, 8238, 8365, 8404, 8339, 9028, 9367, 8539, 8463,6.3337242603302,SPEAK
39, 8415, 8568, 8114, 8431, 7690, 6962, 8455, 8489, 7709, 8012, 7480, 7234, 7532, 8914,6.341399669647217,SPEAK
40, 9031, 9848, 9995, 10312, 6921, 9920, 9111, 8875, 8864, 8492, 9232, 9120, 9335, 9569,6.349093914031982,SPEAK
41, 8211, 7192, 6716, 6987, 9046, 7608, 7998, 8232, 8091, 8219, 8317, 8278, 8073, 8563,6.356825113296509,SPEAK
42, 7925, 7870, 8509, 7772, 7502, 7294, 7937, 8088, 7937, 8198, 7792, 7757, 7874, 9285,6.364861488342285,SPEAK
43, 8749, 9455, 10078, 9577, 5909, 9276, 9120, 8868, 8511, 8029, 8618, 8790, 8903, 10156,6.372791528701782,SPEAK
44, 8163, 7715, 7594, 7635, 7903, 7845, 8033, 8156, 8196, 8436, 8161, 8172, 8070, 9380,6.380715847015381,SPEAK
45, 7885, 8002, 8196, 7970, 8776, 7769, 7885, 7886, 8125, 8325, 8112, 8096, 8192, 9536,6.38843297958374,SPEAK
46, 8394, 8672, 8918, 8649, 9316, 8691, 8636, 8478, 7910, 6911, 8481, 8532, 8390, 9696,6.396229982376099,SPEAK
47, 8153, 7817, 8090, 7783, 8725, 7867, 8097, 8253, 8422, 7772, 8203, 8203, 8127, 9209,6.403975248336792,SPEAK
48, 8468, 8286, 8247, 8227, 8627, 8117, 8418, 8277, 8164, 7837, 7981, 8020, 8312, 9669,6.412018537521362,SPEAK
49, 8097, 8326, 8392, 8344, 9685, 8443, 8166, 8188, 7777, 7740, 8300, 8330, 8290, 9542,6.4198689460754395,SPEAK
50, 8032, 8041, 8043, 8002, 8620, 7985, 8164, 8384, 8387, 8539, 8170, 8112, 8218, 9334,6.427677154541016,SPEAK
51, 8315, 8226, 8334, 8200, 8931, 8173, 8320, 8364, 8122, 8283, 8126, 8085, 8281, 9627,6.435384035110474,SPEAK
52, 8001, 8157, 8209, 8180, 9137, 8233, 7993, 8147, 8112, 8466, 8323, 8358, 8276, 9474,6.443185329437256,SPEAK
53, 8266, 8191, 8004, 8129, 8808, 8111, 8297, 8417, 8228, 8036, 8098, 8168, 8255, 9556,6.450937747955322,SPEAK
54, 8174, 8158, 8396, 8184, 9016, 8187, 8142, 8255, 8132, 8061, 8285, 8322, 8278, 9549,6.458781719207764,SPEAK
55, 8072, 8172, 8114, 8135, 8908, 8173, 8196, 8315, 8198, 8262, 8180, 8118, 8238, 9449,6.466688394546509,SPEAK
56, 8257, 8235, 8173, 8193, 9014, 8173, 8303, 8443, 8116, 7976, 8180, 8054, 8266, 9590,6.474685192108154,SPEAK
57, 8145, 8128, 8309, 8154, 8932, 8159, 8076, 8194, 8203, 8190, 8350, 8359, 8266, 9434,6.482667922973633,SPEAK
58, 8321, 8228, 8082, 8153, 8921, 8158, 8317, 8396, 8147, 8014, 7984, 8147, 8237, 9520,6.490673303604126,SPEAK
59, 8061, 8197, 8266, 8198, 9118, 8205, 8141, 8254, 8163, 8195, 8176, 8227, 8270, 9505,6.49844765663147,SPEAK
60, 8017, 8185, 8186, 8161, 8891, 8154, 8173, 8253, 8192, 8116, 8252, 8203, 8252, 9499,6.506433963775635,SPEAK
61, 8304, 8250, 8192, 8219, 8493, 8138, 8290, 8474, 8154, 7956, 8196, 8202, 8277, 9642,6.514549016952515,SPEAK
62, 8086, 8006, 8122, 8058, 10029, 8274, 8072, 8187, 8108, 8233, 8285, 8299, 8185, 9223,6.522571086883545,SPEAK
63, 8234, 8368, 8395, 8337, 8778, 8244, 8305, 8408, 8309, 8155, 8099, 8092, 8373, 9573,6.530440330505371,SPEAK
64, 8172, 8351, 8288, 8275, 7051, 8025, 8242, 8383, 8141, 8041, 8186, 8145, 8263, 9314,6.538343906402588,SPEAK
65, 7895, 7455, 7261, 7457, 11498, 8113, 8036, 8165, 7661, 8073, 7934, 7924, 7761, 8145,6.546301364898682,SPEAK
66, 8076, 8709, 9099, 8877, 10597, 9249, 8372, 8288, 8826, 8729, 8832, 9050, 8866, 9023,6.552715301513672,SPEAK
67, 8260, 8818, 8382, 8420, 6094, 7493, 8481, 8049, 7746, 7452, 8083, 7944, 7957, 9311,6.560507535934448,SPEAK
68, 8462, 7677, 7729, 7533, 6725, 6734, 8027, 8074, 6848, 7133, 7016, 6635, 7108, 8632,6.5699052810668945,SPEAK
69, 8225, 8468, 9921, 9105, 8202, 9521, 8046, 8249, 8937, 9035, 9140, 9617, 9040, 8537,6.577794075012207,SPEAK
70, 8337, 8472, 7925, 8249, 8283, 8347, 8602, 8396, 8224, 7881, 8204, 8589, 8242, 8480,6.5856688022613525,SPEAK
71, 8498, 8126, 7830, 7950, 7521, 7643, 8256, 8313, 7921, 7946, 7612, 7542, 7872, 8598,6.593540668487549,SPEAK
72, 7730, 7974, 8637, 8342, 8489, 8585, 7630, 7775, 8444, 8675, 8686, 8816, 8514, 7805,6.601522207260132,SPEAK
73, 8040, 8300, 8130, 8313, 8736, 8245, 8145, 8136, 7881, 7751, 7966, 7983, 8094, 7968,6.609602928161621,SPEAK
74, 8277, 8537, 8648, 8471, 8142, 8244, 8210, 8179, 8226, 8280, 8387, 8404, 8332, 8525,6.6161789894104,SPEAK
75, 7770, 7904, 7787, 7804, 8428, 7731, 7845, 7849, 8020, 8170, 8095, 8092, 7983, 8132,6.624203681945801,SPEAK
76, 8145, 8199, 8179, 8287, 7839, 8297, 8220, 8231, 8243, 8179, 7947, 8001, 8189, 8342,6.632439613342285,SPEAK
77, 8074, 8092, 8263, 8196, 8263, 8324, 8000, 7999, 8344, 8426, 8428, 8557, 8291, 8085,6.639618635177612,SPEAK
78, 8082, 8108, 7620, 7876, 8598, 7649, 8012, 8027, 7903, 8003, 7738, 7681, 7900, 8048,6.649030923843384,SPEAK
79, 8225, 8482, 8464, 8517, 8001, 8392, 8227, 8186, 8221, 8188, 8235, 8166, 8379, 8446,6.656725645065308,SPEAK
80, 7807, 8012, 8344, 8075, 8164, 8529, 7945, 7944, 8505, 8474, 9132, 9397, 8479, 8111,6.664651393890381,SPEAK
81, 7783, 7660, 6472, 7170, 8411, 6659, 8008, 8042, 7555, 7869, 7205, 7289, 7052, 7600,6.672379732131958,SPEAK
82, 8611, 9208, 9100, 9440, 7051, 8815, 8749, 8337, 7947, 8084, 7631, 7349, 8026, 8504,6.6802568435668945,SPEAK
83, 8545, 8964, 10419, 9492, 7543, 10533, 8642, 8343, 9054, 8595, 9928, 10194, 9667, 8901,6.686691045761108,SPEAK
84, 8046, 7296, 6997, 6947, 8946, 7087, 7968, 8216, 7825, 7982, 8120, 8273, 7640, 8309,6.694684743881226,SPEAK
85, 8676, 9461, 9236, 9682, 7235, 8747, 8848, 8700, 8356, 8694, 8220, 8013, 8335, 9161,6.703944683074951,SPEAK
86, 8910, 9370, 9125, 9663, 7729, 10016, 9206, 8920, 8759, 8173, 9195, 9227, 9365, 9287,6.711766242980957,SPEAK
87, 7827, 6328, 5926, 6002, 9789, 6391, 7341, 7915, 7711, 7943, 7583, 7495, 7351, 8566,6.719478368759155,SPEAK
88, 8258, 8028, 8598, 8049, 7634, 7579, 7865, 8268, 8612, 9201, 8106, 8139, 8131, 9709,6.727229356765747,SPEAK
89, 8687, 9181, 9131, 9248, 7230, 9205, 8927, 8789, 8259, 7935, 8743, 8862, 8785, 10066,6.73495626449585,SPEAK
90, 7570, 7670, 7515, 7580, 8193, 7646, 7835, 8025, 7913, 8003, 8006, 7962, 7992, 9318,6.742689371109009,SPEAK
91, 8033, 8153, 8366, 8121, 8500, 7981, 8229, 8327, 8447, 8703, 8065, 8122, 8293, 9632,6.75074315071106,SPEAK
92, 8436, 8348, 8470, 8345, 9457, 8474, 8331, 8420, 8070, 8177, 8404, 8466, 8316, 9581,6.7582762241363525,SPEAK
93, 8071, 8066, 8029, 8046, 8460, 7995, 7977, 8249, 8196, 8051, 8122, 8116, 8231, 9458,6.766178607940674,SPEAK
94, 8236, 8251, 8207, 8221, 8791, 8187, 8356, 8443, 8199, 7917, 8030, 8046, 8314, 9682,6.7740819454193115,SPEAK
95, 7984, 8096, 8307, 8107, 9340, 8211, 8109, 8195, 8146, 8272, 8313, 8350, 8253, 9406,6.781877756118774,SPEAK
96, 8245, 8227, 8136, 8159, 8600, 8111, 8275, 8420, 8188, 8028, 8176, 8158, 8264, 9590,6.789720296859741,SPEAK
97, 8230, 8167, 8275, 8185, 9028, 8186, 8156, 8325, 8149, 8111, 8318, 8294, 8277, 9564,6.798395395278931,SPEAK
98, 8103, 8154, 8141, 8149, 8922, 8180, 8185, 8316, 8199, 8219, 8154, 8136, 8247, 9441,6.805661916732788,BRIGHT
99, 8263, 8229, 8201, 8182, 8893, 8145, 8334, 8456, 8136, 7979, 7986, 7984, 8270, 9619,6.813504695892334,BRIGHT
100, 8102, 8127, 8352, 8155, 8967, 8184, 8088, 8168, 8207, 8216, 8354, 8351, 8268, 9428,6.821387767791748,BRIGHT
101, 8312, 8221, 8075, 8151, 8896, 8149, 8310, 8384, 8159, 8043, 8206, 8204, 8239, 9528,6.829099178314209,BRIGHT
102, 8151, 8199, 8239, 8198, 8915, 8170, 8176, 8315, 8164, 8176, 8246, 8276, 8284, 9557,6.837331533432007,BRIGHT
103, 7977, 8160, 8231, 8155, 8961, 8217, 8130, 8224, 8185, 8184, 8217, 8200, 8242, 9391,6.84505558013916,BRIGHT
104, 8293, 8227, 8178, 8175, 8851, 8119, 8325, 8488, 8146, 7995, 8118, 8053, 8261, 9605,6.8534464836120605,BRIGHT
105, 8141, 8139, 8312, 8183, 8960, 8205, 8087, 8231, 8196, 8269, 8352, 8357, 8271, 9438,6.860658407211304,BRIGHT
106, 8277, 8212, 8135, 8157, 8941, 8177, 8302, 8353, 8133, 8087, 8078, 8149, 8238, 9447,6.870034456253052,BRIGHT
107, 8153, 8209, 8269, 8203, 8806, 8130, 8224, 8354, 8178, 8161, 8192, 8190, 8290, 9551,6.878003358840942,BRIGHT
108, 7940, 8142, 8220, 8147, 9122, 8244, 8133, 8236, 8183, 8216, 8258, 8256, 8225, 9347,6.884355306625366,BRIGHT
109, 8307, 8234, 8101, 8169, 8710, 8119, 8328, 8454, 8166, 7981, 8034, 8151, 8251, 9529,6.892528295516968,BRIGHT
110, 8165, 8193, 8395, 8234, 9022, 8224, 8107, 8192, 8136, 8218, 8314, 8344, 8276, 9453,6.900522232055664,BRIGHT
111, 8191, 8150, 8111, 8107, 9057, 8170, 8266, 8357, 8179, 8213, 8139, 8022, 8214, 9397,6.908390522003174,BRIGHT
112, 8222, 8209, 8114, 8194, 8536, 8095, 8262, 8376, 8225, 7936, 8151, 8115, 8293, 9559,6.916588306427002,BRIGHT
113, 8034, 8307, 8518, 8319, 9525, 8361, 8210, 8179, 7826, 7926, 8295, 8344, 8264, 9486,6.923964262008667,BRIGHT
114, 8252, 8146, 8147, 8066, 8531, 8058, 8317, 8382, 8239, 8726, 8155, 8174, 8242, 9504,6.931612730026245,BRIGHT
115, 8172, 8089, 8195, 8119, 8767, 8133, 8103, 8063, 8415, 7887, 8334, 8315, 8241, 9356,6.941146612167358,BRIGHT
116, 8194, 8348, 8529, 8313, 9827, 8312, 8294, 8224, 7905, 7303, 8087, 8022, 8237, 9537,6.947398662567139,BRIGHT
117, 8212, 8199, 8462, 8164, 7796, 8037, 8213, 8391, 8286, 8948, 8171, 8088, 8304, 9562,6.95513916015625,BRIGHT
118, 8108, 7999, 8240, 8017, 8686, 8222, 8093, 8204, 8156, 8088, 8354, 8347, 8148, 8954,6.963098049163818,BRIGHT
119, 8345, 8452, 8453, 8380, 9571, 8337, 8439, 8386, 8124, 7755, 8125, 8219, 8346, 9489,6.9708404541015625,BRIGHT
120, 8155, 8161, 8278, 8105, 7620, 7845, 8184, 8055, 8250, 8657, 8165, 8143, 8228, 9535,6.978679656982422,BRIGHT
121, 8074, 7788, 8116, 7850, 8199, 8056, 7932, 8005, 7981, 7882, 8135, 8044, 8054, 8924,6.988010883331299,BRIGHT
122, 8317, 8896, 9146, 8919, 8479, 9027, 8551, 8468, 8502, 8343, 8808, 8902, 8783, 9500,6.995878458023071,BRIGHT
123, 8145, 7855, 7327, 7528, 7197, 6957, 8433, 8134, 7813, 8176, 7632, 7476, 7598, 9084,7.0036070346832275,BRIGHT
124, 8055, 7424, 9004, 7912, 7507, 7926, 7595, 7678, 7852, 7724, 7632, 7650, 7877, 8448,7.00993537902832,BRIGHT
125, 7924, 8744, 10862, 9463, 8542, 10255, 7814, 7948, 8611, 8435, 9217, 9823, 9144, 8323,7.017786026000977,BRIGHT
126, 8483, 8304, 7360, 7935, 7960, 7738, 8625, 8623, 7805, 8140, 7650, 7821, 7700, 8522,7.0259528160095215,BRIGHT
127, 8347, 8039, 8189, 8088, 7751, 7928, 8090, 8311, 8170, 8105, 8050, 8074, 8052, 8565,7.033848762512207,BRIGHT
238, 7493, 8037, 8598, 8222, 8544, 8449, 7641, 7847, 8294, 8311, 8368, 8494, 8338, 7778,7.0430920124053955,BRIGHT
0, 8370, 8613, 7944, 8324, 7951, 7953, 8630, 8449, 8050, 8139, 7642, 7604, 7955, 8333,7.0507800579071045,BRIGHT
1, 8440, 8471, 8458, 8324, 7819, 8149, 8467, 8246, 8316, 8249, 8576, 8646, 8364, 8262,7.0587077140808105,BRIGHT
2, 7873, 7811, 7686, 7638, 8248, 7744, 8063, 8003, 7929, 8028, 8063, 8025, 8074, 7762,7.066586494445801,BRIGHT
3, 8254, 8444, 8427, 8449, 8024, 8589, 8432, 8418, 8143, 8079, 8168, 8159, 8310, 8387,7.072946310043335,BRIGHT
4, 7999, 8203, 8150, 8272, 8467, 8251, 8065, 8142, 8243, 8383, 8134, 8131, 8007, 8166,7.0808634757995605,BRIGHT
5, 8114, 8254, 8111, 8245, 8098, 8156, 8266, 8240, 8224, 8253, 7821, 7774, 8057, 8244,7.088887453079224,BRIGHT
6, 8077, 8238, 8424, 8238, 7915, 8440, 8320, 8104, 8284, 8218, 8669, 8769, 8450, 8201,7.0966267585754395,BRIGHT
7, 7899, 7959, 7764, 7832, 8257, 7923, 8142, 8022, 7877, 8017, 8101, 8020, 7868, 7928,7.104687690734863,BRIGHT
8, 8198, 8410, 8083, 8400, 8158, 8273, 8372, 8428, 7824, 7798, 7420, 7140, 7910, 8244,7.112677574157715,BRIGHT
9, 8217, 8625, 9210, 8913, 8099, 9281, 8352, 8297, 8868, 8855, 9575, 9883, 9161, 8433,7.120684862136841,BRIGHT
10, 7685, 7373, 6532, 7012, 9020, 6869, 7801, 7765, 7951, 7862, 8614, 9164, 7870, 7595,7.128692388534546,BRIGHT
11, 7881, 7957, 6910, 7765, 8222, 6516, 7935, 8036, 7159, 7286, 6302, 5976, 6611, 7949,7.136667013168335,BRIGHT
12, 8812, 10009, 11388, 10738, 6321, 10863, 9114, 8746, 9479, 10049, 9477, 9319, 9523, 9413,7.14587664604187,BRIGHT
13, 8510, 7786, 7480, 7508, 8840, 8380, 8476, 8122, 8018, 8450, 9101, 9229, 8726, 8517,7.151864767074585,BRIGHT
14, 7610, 6734, 6225, 6253, 10317, 5701, 6939, 7474, 6880, 7034, 6683, 6405, 6802, 8326,7.159582614898682,BRIGHT
15, 8367, 9384, 10576, 9739, 7756, 9335, 8308, 8539, 9131, 8975, 8734, 8849, 8985, 10063,7.168962240219116,BRIGHT
16, 8496, 8489, 8348, 8448, 7689, 8804, 8799, 8704, 8252, 8502, 8795, 8963, 8632, 9861,7.176846504211426,BRIGHT
17, 7776, 7510, 7366, 7374, 7879, 7252, 7806, 8096, 7806, 7855, 7752, 7634, 7813, 9415,7.184639930725098,BRIGHT
18, 8205, 8553, 8849, 8596, 8831, 8511, 8319, 8436, 8424, 7884, 8363, 8376, 8509, 9720,7.192439079284668,BRIGHT
19, 8157, 8148, 8220, 8138, 9437, 8298, 8186, 8358, 8107, 8138, 8453, 8471, 8238, 9479,7.20047926902771,BRIGHT
20, 8058, 8111, 8139, 8064, 8153, 7977, 8110, 8309, 8191, 8186, 7920, 7994, 8240, 9559,7.206853628158569,BRIGHT
21, 8315, 8295, 8350, 8250, 9068, 8299, 8321, 8385, 8164, 8122, 8055, 8115, 8307, 9595,7.214749813079834,BRIGHT
22, 8077, 8092, 8217, 8085, 9110, 8137, 8058, 8218, 8195, 8240, 8306, 8283, 8236, 9381,7.22399115562439,BRIGHT
23, 8263, 8271, 8230, 8214, 8541, 8155, 8319, 8485, 8148, 7903, 8106, 8120, 8286, 9612,7.231775522232056,BRIGHT
24, 8164, 8138, 8370, 8164, 9147, 8220, 8117, 8268, 8162, 8154, 8308, 8337, 8258, 9480,7.239667892456055,BRIGHT
25, 8256, 8185, 8187, 8143, 8714, 8143, 8234, 8330, 8173, 8120, 8115, 8093, 8257, 9495,7.247509956359863,BRIGHT
26, 8236, 8246, 8218, 8198, 8835, 8168, 8285, 8399, 8151, 8108, 8058, 8081, 8271, 9578,7.255278825759888,BRIGHT
27, 7939, 8140, 8316, 8153, 9471, 8236, 8103, 8152, 8208, 8211, 8303, 8324, 8253, 9333,7.26313328742981,BRIGHT
28, 8288, 8340, 8300, 8270, 8041, 8153, 8320, 8487, 8178, 7921, 8218, 8168, 8312, 9733,7.2708823680877686,BRIGHT
29, 8209, 8055, 8144, 8059, 8930, 8139, 8085, 8275, 8135, 8160, 8303, 8272, 8210, 9365,7.278698205947876,BRIGHT
30, 8125, 7968, 8008, 7960, 10873, 8191, 8185, 8221, 8061, 8081, 8014, 7992, 8135, 8916,7.286515474319458,BRIGHT
31, 8282, 8910, 9165, 8923, 6269, 8418, 8420, 8628, 8489, 8184, 8318, 8275, 8632, 9816,7.294255971908569,BRIGHT
32, 7943, 7503, 7249, 7399, 6357, 7601, 7983, 8274, 7869, 8142, 8138, 8099, 7919, 8962,7.301947832107544,BRIGHT
33, 7829, 6982, 6771, 6955, 10874, 7515, 8014, 7994, 7658, 7849, 7731, 7786, 7703, 8065,7.309904098510742,BRIGHT
34, 8394, 9727, 10038, 9838, 8365, 9241, 9158, 8455, 8800, 8815, 9080, 9162, 9006, 8878,7.317824840545654,BRIGHT
35, 8574, 9041, 8577, 8743, 6890, 8219, 8962, 8529, 8268, 8699, 8595, 8506, 8327, 8710,7.325610876083374,BRIGHT
36, 8260, 7758, 7866, 7736, 8229, 7770, 7980, 8363, 8187, 8086, 8227, 8348, 8044, 8570,7.33487868309021,BRIGHT
37, 8358, 8790, 8854, 8945, 8029, 8695, 8407, 8552, 8091, 7671, 8772, 8686, 8465, 8755,7.341313362121582,BRIGHT
38, 8518, 8758, 8583, 8739, 7605, 8473, 8567, 8727, 8130, 8464, 8533, 8121, 8463, 8759,7.349196672439575,BRIGHT
39, 7992, 7802, 8119, 7818, 8479, 8212, 7953, 7928, 8433, 8770, 8817, 9022, 8349, 8351,7.35701322555542,BRIGHT
40, 8252, 8101, 7466, 7954, 8268, 7614, 8307, 8090, 7363, 7095, 7748, 8008, 7497, 8459,7.364683389663696,BRIGHT
41, 8696, 8957, 9232, 9150, 7434, 8849, 8590, 8759, 8273, 8262, 8273, 8308, 8502, 8858,7.372651815414429,BRIGHT
42, 7943, 7865, 8509, 7957, 8828, 8661, 7909, 7938, 8570, 8725, 8856, 9197, 8662, 7956,7.382023334503174,BRIGHT
43, 8112, 7901, 7830, 7848, 8491, 7893, 8191, 7943, 7886, 7702, 7708, 8010, 7902, 8175,7.3900182247161865,BRIGHT
44, 8295, 8412, 8742, 8616, 7829, 8464, 8302, 8295, 8416, 8423, 8528, 8648, 8529, 8575,7.396668434143066,BRIGHT
45, 7790, 7795, 7554, 7604, 8818, 7596, 7898, 7928, 8095, 8183, 8357, 8570, 8139, 7981,7.404194116592407,BRIGHT
46, 8195, 8193, 7853, 8050, 8281, 7885, 8231, 8118, 7965, 8012, 7574, 7834, 7895, 8356,7.411981105804443,BRIGHT
47, 8184, 8183, 8799, 8533, 7903, 8826, 8063, 8076, 8418, 8418, 8779, 8806, 8590, 8301,7.419743061065674,BRIGHT
48, 7822, 7566, 7332, 7556, 8489, 7439, 7831, 8135, 8226, 8224, 8850, 8791, 8191, 7865,7.4291675090789795,BRIGHT
49, 8010, 8198, 7525, 8080, 8056, 7262, 8116, 8250, 7826, 8068, 7889, 7810, 7563, 8168,7.435664415359497,BRIGHT
50, 8323, 9047, 9919, 9513, 7391, 9554, 8387, 8298, 8381, 8327, 8711, 8898, 8658, 8603,7.445130348205566,BRIGHT
51, 8232, 7688, 7848, 7689, 8458, 7735, 8167, 8223, 8030, 7792, 8567, 8766, 8149, 7974,7.451529026031494,BRIGHT
52, 8101, 8205, 8184, 8102, 8043, 7023, 8161, 8150, 8156, 8501, 7968, 7707, 7871, 8208,7.460942268371582,BRIGHT
53, 8740, 10128, 10651, 10338, 7220, 10261, 9168, 8855, 9046, 8875, 9021, 9006, 9602, 9411,7.467714071273804,BRIGHT
54, 8387, 7556, 6996, 7327, 9373, 7912, 8175, 8510, 7872, 7354, 8015, 8066, 8101, 9033,7.475098609924316,BRIGHT
55, 7951, 6928, 7246, 6878, 8620, 6475, 7336, 7893, 8216, 8275, 7691, 7632, 7494, 9225,7.483177900314331,BRIGHT
56, 8654, 9127, 9506, 9195, 7765, 9011, 8717, 8540, 8588, 8298, 8762, 8894, 8841, 9989,7.491004467010498,BRIGHT
57, 7943, 8166, 7920, 8076, 9083, 8333, 8237, 8310, 7785, 7690, 8230, 8297, 8212, 9466,7.499076843261719,BRIGHT
58, 7718, 7815, 7987, 7806, 8298, 7660, 8012, 8187, 8309, 8500, 7994, 7916, 8098, 9510,7.50710129737854,BRIGHT
59, 8461, 8407, 8545, 8381, 8932, 8439, 8551, 8486, 8208, 8416, 8473, 8400, 8383, 9639,7.514948844909668,BRIGHT
60, 8126, 8074, 8207, 8081, 9128, 8163, 8001, 8273, 8099, 8363, 8228, 8234, 8210, 9431,7.522918701171875,BRIGHT
61, 8211, 8218, 8160, 8169, 8447, 8108, 8260, 8458, 8225, 7988, 7847, 7892, 8288, 9609,7.53075385093689,BRIGHT
62, 8073, 8133, 8332, 8154, 9191, 8205, 8189, 8237, 8122, 8076, 8226, 8246, 8268, 9483,7.538461208343506,BRIGHT
63, 8118, 8153, 8135, 8128, 8818, 8151, 8211, 8300, 8211, 8192, 8328, 8291, 8247, 9476,7.546255111694336,BRIGHT
64, 8318, 8239, 8235, 8203, 8860, 8204, 8259, 8404, 8126, 8051, 8202, 8153, 8274, 9561,7.553987741470337,BRIGHT
65, 8026, 8122, 8313, 8149, 8977, 8160, 8062, 8164, 8194, 8263, 8265, 8259, 8256, 9484,7.561892986297607,BRIGHT
66, 8209, 8230, 8068, 8166, 8823, 8173, 8338, 8439, 8146, 7906, 8054, 8065, 8248, 9549,7.5695741176605225,BRIGHT
67, 8181, 8163, 8339, 8190, 8939, 8210, 8132, 8286, 8168, 8080, 8320, 8289, 8271, 9449,7.5789570808410645,BRIGHT
68, 8224, 8162, 8218, 8139, 8921, 8148, 8175, 8276, 8174, 8145, 8154, 8165, 8239, 9517,7.586655139923096,BRIGHT
69, 8276, 8255, 8171, 8201, 8861, 8181, 8291, 8399, 8134, 8123, 8000, 8055, 8267, 9548,7.5945963859558105,BRIGHT
70, 7922, 8150, 8286, 8176, 8924, 8204, 8081, 8142, 8209, 8255, 8306, 8289, 8264, 9402,7.6023478507995605,BRIGHT
71, 8220, 8214, 8116, 8158, 8898, 8151, 8319, 8408, 8135, 7885, 8155, 8148, 8232, 9539,7.608814477920532,BRIGHT
72, 8235, 8188, 8337, 8210, 8867, 8203, 8106, 8317, 8163, 8094, 8293, 8332, 8272, 9483,7.616688013076782,BRIGHT
73, 8161, 8152, 8235, 8143, 8872, 8185, 8110, 8249, 8171, 8186, 8165, 8153, 8239, 9439,7.624677896499634,BRIGHT
74, 8274, 8234, 8135, 8186, 8600, 8130, 8322, 8478, 8158, 8045, 8018, 7987, 8253, 9588,7.63268780708313,BRIGHT
75, 7927, 8098, 8242, 8130, 9626, 8220, 8142, 8192, 8058, 8184, 8297, 8305, 8222, 9294,7.640671968460083,BRIGHT
76, 8160, 8276, 8267, 8228, 8634, 8155, 8286, 8385, 8309, 8194, 8182, 8186, 8296, 9565,7.648664236068726,BRIGHT
77, 8328, 8337, 8400, 8358, 7673, 8251, 8150, 8372, 8206, 7969, 8310, 8272, 8328, 9683,7.656610012054443,BRIGHT
78, 8028, 7741, 7780, 7727, 11959, 8170, 8001, 8184, 7503, 7970, 8049, 7942, 7987, 8700,7.666064023971558,BRIGHT
79, 8136, 8825, 9238, 8828, 10181, 8476, 8464, 8458, 8704, 9162, 8384, 8294, 8607, 9459,7.672576665878296,BRIGHT
80, 8296, 8981, 9425, 9004, 5528, 8549, 8478, 8247, 8688, 8041, 8797, 8771, 8574, 9664,7.680425405502319,BRIGHT
81, 7984, 7130, 7409, 7087, 8101, 7854, 7651, 7942, 7496, 7193, 7986, 8000, 7779, 8374,7.688340663909912,BRIGHT
82, 8105, 8064, 8489, 8000, 9210, 8293, 8242, 8217, 8357, 8936, 8461, 8572, 8321, 8531,7.696320533752441,BRIGHT
83, 8603, 8913, 8538, 8653, 7556, 7905, 9077, 8454, 8129, 8011, 8298, 8172, 8064, 8723,7.704217433929443,BRIGHT
84, 8286, 8089, 8559, 8220, 7731, 8285, 8120, 8269, 8158, 7812, 8810, 8943, 8461, 8607,7.711955308914185,BRIGHT
85, 7806, 7613, 7375, 7455, 9017, 8000, 7754, 8076, 8057, 8416, 8783, 9348, 8237, 8097,7.719764709472656,BRIGHT
86, 8744, 8470, 7264, 8031, 8013, 7546, 8797, 8584, 7613, 7701, 7451, 7631, 7584, 8661,7.727631330490112,BRIGHT
87, 8387, 8663, 9523, 8993, 7708, 9019, 8260, 8111, 8581, 8353, 8759, 8941, 8734, 8712,7.73564076423645,BRIGHT
88, 7566, 7708, 7904, 7825, 8955, 8052, 7577, 7628, 8041, 8202, 8171, 8293, 8019, 7544,7.7435033321380615,BRIGHT
89, 8551, 8576, 8173, 8584, 7721, 7955, 8500, 8416, 7890, 7925, 7689, 7631, 7896, 8353,7.751381158828735,BRIGHT
90, 8155, 8304, 8449, 8464, 7927, 8243, 8191, 8167, 8335, 8354, 8574, 8653, 8390, 8303,7.75904393196106,BRIGHT
91, 7734, 7866, 7497, 7776, 8537, 7867, 8037, 7974, 8041, 8107, 7805, 7747, 7952, 7987,7.766993761062622,BRIGHT
92, 8256, 8446, 8491, 8552, 8016, 8724, 8399, 8222, 8347, 8202, 8395, 8491, 8443, 8406,7.774806499481201,BRIGHT
93, 7952, 7930, 7999, 8020, 8159, 8130, 8035, 8048, 8271, 8357, 8342, 8515, 8157, 7895,7.782758474349976,BRIGHT
94, 8073, 8129, 7958, 8078, 7943, 7959, 8199, 8330, 7912, 7954, 7376, 7273, 7808, 8120,7.790776252746582,BRIGHT
95, 8180, 8512, 8943, 8658, 8103, 8857, 8206, 8149, 8528, 8537, 8827, 8952, 8687, 8543,7.799599647521973,BRIGHT
96, 7836, 7835, 7697, 7795, 8984, 7745, 8006, 7851, 8380, 8177, 9070, 9718, 8507, 8013,7.8069374561309814,BRIGHT
97, 7977, 8056, 7315, 7947, 8260, 7092, 8294, 8141, 7466, 7477, 7074, 7263, 7253, 7815,7.814729690551758,BRIGHT
98, 8483, 9119, 9911, 9541, 7020, 9553, 8653, 8273, 8802, 9259, 8555, 8381, 8551, 8498,7.822404384613037,BRIGHT
99, 8272, 8058, 8342, 8080, 8613, 8489, 8252, 7881, 8324, 8044, 9175, 9434, 8740, 8162,7.830203056335449,BRIGHT
100, 8008, 7992, 7690, 7863, 8587, 7274, 7962, 8155, 7468, 7279, 7663, 7653, 7609, 8139,7.837918996810913,BRIGHT
101, 8645, 9350, 9885, 9511, 6717, 9676, 8837, 8935, 9137, 9577, 8980, 8802, 8966, 9019,7.845757484436035,BRIGHT
102, 8403, 6954, 6232, 6477, 9429, 7252, 8157, 8098, 7654, 8182, 8416, 8206, 7925, 8429,7.853536605834961,BRIGHT
103, 7738, 6525, 6531, 6344, 10454, 6144, 7107, 7469, 7160, 7575, 7516, 7341, 7210, 8821,7.862773895263672,BRIGHT
104, 8486, 9208, 9919, 9446, 8427, 9214, 8536, 8647, 8798, 8890, 8727, 8966, 8888, 10178,7.868954420089722,BRIGHT
105, 8177, 8262, 8025, 8144, 8764, 8350, 8509, 8526, 8153, 8335, 8375, 8462, 8327, 9582,7.876669883728027,BRIGHT
106, 7668, 7674, 7651, 7622, 8461, 7531, 7925, 8049, 7987, 7891, 7934, 7877, 8004, 9400,7.88596773147583,BRIGHT
107, 8407, 8572, 8644, 8595, 8863, 8571, 8459, 8512, 8296, 8222, 8416, 8555, 8460, 9746,7.893882513046265,BRIGHT
108, 8195, 8083, 8299, 8075, 9205, 8164, 7981, 8303, 8165, 8294, 8299, 8299, 8228, 9416,7.9017252922058105,BRIGHT
109, 8168, 8226, 8243, 8170, 8324, 8096, 8187, 8398, 8167, 7884, 7989, 7800, 8272, 9577,7.909832239151001,BRIGHT
110, 8174, 8216, 8204, 8213, 9114, 8249, 8324, 8358, 8167, 8060, 8265, 8152, 8283, 9510,7.917032241821289,BRIGHT
111, 8117, 8122, 8245, 8126, 8852, 8130, 8177, 8237, 8188, 8181, 8244, 8377, 8257, 9400,7.924960374832153,BRIGHT
112, 8331, 8270, 8287, 8214, 8740, 8175, 8306, 8423, 8138, 8043, 8019, 8198, 8276, 9604,7.933052062988281,BRIGHT
113, 8046, 8131, 8338, 8154, 8978, 8193, 8105, 8180, 8218, 8271, 8295, 8292, 8264, 9432,7.93952202796936,SPIN
114, 8204, 8217, 8077, 8171, 8726, 8154, 8340, 8392, 8149, 7976, 8121, 8029, 8258, 9515,7.947690725326538,SPIN
115, 8263, 8195, 8270, 8209, 8916, 8193, 8191, 8358, 8155, 8068, 8238, 8240, 8274, 9537,7.955817699432373,SPIN
116, 8196, 8148, 8360, 8149, 8830, 8176, 8116, 8212, 8180, 8210, 8252, 8280, 8253, 9403,7.964806795120239,SPIN
117, 8335, 8251, 8180, 8175, 8764, 8142, 8354, 8423, 8129, 8069, 8040, 8028, 8253, 9598,7.972825527191162,SPIN
118, 7970, 8152, 8272, 8175, 9266, 8234, 8128, 8168, 8198, 8253, 8288, 8283, 8265, 9403,7.980755090713501,SPIN
119, 8156, 8218, 8176, 8173, 8518, 8108, 8288, 8365, 8211, 7974, 8127, 8171, 8269, 9519,7.988786697387695,SPIN
120, 8296, 8224, 8334, 8230, 8361, 8155, 8179, 8435, 8141, 7954, 8214, 8251, 8273, 9600,7.996835231781006,SPIN
121, 8120, 8063, 8217, 8091, 10570, 8383, 8080, 8241, 8006, 8253, 8262, 8195, 8180, 9106,8.003238201141357,SPIN
122, 8298, 8443, 8400, 8386, 7481, 8075, 8366, 8606, 8533, 8347, 8153, 8039, 8438, 9725,8.011328220367432,SPIN
123, 8074, 8167, 8146, 8131, 5605, 7834, 8171, 8320, 7860, 7732, 8224, 8149, 8150, 9325,8.019134044647217,SPIN
124, 8020, 7963, 8152, 8016, 9299, 8545, 8170, 8233, 7472, 8087, 8215, 8260, 8084, 8639,8.026881694793701,SPIN
125, 8397, 8865, 9102, 8843, 8151, 8834, 8474, 8438, 8893, 9127, 8856, 9008, 8828, 9609,8.035855531692505,SPIN
126, 8382, 7707, 6966, 7333, 6790, 6358, 7970, 8027, 7534, 7147, 7359, 7105, 7405, 9065,8.043736696243286,SPIN
127, 8147, 7547, 8522, 7869, 8097, 7497, 7578, 7971, 7622, 7557, 7681, 7538, 7881, 8407,8.050177335739136,SPIN
238, 8010, 8794, 9854, 9156, 8354, 9597, 8339, 8070, 9091, 9271, 9627, 10081, 9237, 8513,8.057996988296509,SPIN
0, 8526, 8311, 6924, 7815, 8005, 7551, 8752, 8312, 7966, 7855, 7903, 8024, 7863, 8605,8.065824270248413,SPIN
1, 8250, 8065, 8351, 8186, 8147, 8100, 7960, 8161, 8254, 8216, 8087, 8141, 8237, 8419,8.073577404022217,SPIN
2, 7568, 8116, 8728, 8449, 8801, 8634, 7874, 7906, 8257, 8456, 8506, 8660, 8337, 7814,8.081791162490845,SPIN
3, 8197, 8466, 8154, 8518, 8030, 8055, 8493, 8315, 7939, 7943, 7841, 7824, 7942, 8379,8.090500354766846,SPIN
4, 8217, 8274, 8410, 8340, 8033, 8051, 8144, 8019, 8299, 8372, 8443, 8564, 8285, 8282,8.098263025283813,SPIN
5, 8074, 8012, 7742, 7793, 8473, 7808, 8029, 7932, 8106, 8201, 7913, 7943, 8014, 8008,8.105969905853271,SPIN
6, 8335, 8435, 8421, 8319, 8202, 8539, 8217, 8157, 8404, 8331, 8239, 8313, 8377, 8415,8.113791465759277,SPIN
7, 7921, 7991, 7969, 7971, 8238, 8103, 7837, 7953, 8254, 8346, 8277, 8425, 8093, 8032,8.121588230133057,SPIN
8, 8020, 8036, 7632, 7968, 7899, 7661, 8083, 8296, 7967, 8105, 7389, 7400, 7758, 8104,8.129428625106812,SPIN
9, 8207, 8431, 8760, 8604, 7885, 8867, 8275, 8300, 8403, 8298, 8613, 8662, 8685, 8462,8.137290000915527,SPIN
10, 7858, 7900, 7771, 7889, 8869, 8141, 7978, 7925, 8349, 8296, 8911, 9318, 8480, 8109,8.144899129867554,SPIN
11, 7904, 7907, 6558, 7615, 8677, 6164, 8090, 8013, 7340, 7767, 6603, 6753, 6815, 7896,8.153642416000366,SPIN
12, 8430, 9192, 9795, 9580, 7143, 9250, 8544, 8312, 8121, 8083, 8032, 7901, 8278, 8665,8.161409616470337,SPIN
13, 8422, 8598, 9582, 8747, 7703, 10104, 8470, 8473, 8971, 8591, 9846, 10038, 9528, 8814,8.169126749038696,SPIN
14, 8382, 8137, 7583, 7833, 8067, 7295, 8418, 8349, 7966, 8223, 8095, 8055, 7869, 8782,8.176834344863892,SPIN
15, 8833, 9072, 9523, 9299, 7161, 8725, 8846, 8579, 8289, 8297, 8383, 8379, 8383, 9318,8.184497117996216,SPIN
16, 8431, 7670, 8056, 7597, 8255, 8499, 8297, 8409, 8286, 8224, 8750, 8851, 8383, 8617,8.192437887191772,SPIN
17, 7708, 7956, 8046, 7830, 8536, 7791, 7949, 7920, 7977, 8121, 8101, 7981, 7947, 8484,8.200131177902222,SPIN
18, 8352, 9469, 9467, 9583, 7591, 9133, 8920, 8560, 8579, 8405, 8377, 8467, 8836, 9293,8.207980394363403,SPIN
19, 8449, 7466, 7173, 7357, 9171, 7737, 8062, 8339, 8027, 8159, 7926, 7962, 8010, 9150,8.21585726737976,SPIN
20, 8090, 7544, 8028, 7513, 8773, 7376, 7520, 8017, 7975, 8086, 8032, 7983, 7960, 9551,8.223843812942505,SPIN
21, 8490, 9004, 9325, 9012, 7275, 8771, 8753, 8625, 8363, 8115, 8557, 8689, 8595, 9840,8.231680154800415,SPIN
22, 7886, 7914, 8052, 7899, 8018, 8053, 8125, 8078, 8201, 8463, 8233, 8294, 8157, 9313,8.239635705947876,SPIN
23, 7954, 8138, 8338, 8099, 8513, 7936, 8104, 8103, 8100, 8065, 8063, 7891, 8247, 9696,8.247776746749878,SPIN
24, 8440, 8354, 8591, 8337, 9331, 8409, 8421, 8516, 8154, 7885, 8378, 8238, 8304, 9511,8.256692886352539,SPIN
25, 8225, 7922, 8267, 7897, 8552, 7961, 8079, 8297, 8503, 9241, 8210, 8297, 8204, 9250,8.263017177581787,SPIN
26, 8280, 8427, 8380, 8362, 8719, 8256, 8325, 8308, 7893, 8434, 7964, 8170, 8331, 9790,8.270878791809082,SPIN
27, 7961, 8110, 8390, 8120, 9328, 8233, 7988, 8369, 8186, 8401, 8248, 8295, 8240, 9414,8.27867341041565,SPIN
28, 8308, 7942, 8160, 7891, 8377, 7916, 8236, 8557, 8751, 8939, 8137, 7955, 8214, 9322,8.286763668060303,SPIN
29, 8251, 8301, 8445, 8297, 9066, 8274, 8328, 8306, 7904, 7960, 8204, 8047, 8328, 9728,8.296187400817871,SPIN
30, 7739, 8157, 8246, 8149, 8886, 8186, 8038, 8248, 8142, 8136, 8286, 8367, 8276, 9485,8.304089784622192,SPIN
31, 8300, 8151, 8067, 8075, 8741, 8069, 8345, 8472, 8324, 7990, 8032, 8251, 8253, 9583,8.311981916427612,SPIN
32, 8286, 8175, 8449, 8202, 8969, 8209, 8151, 8205, 8093, 8078, 8289, 8336, 8315, 9600,8.319694757461548,SPIN
33, 8174, 8172, 8114, 8120, 8776, 8149, 8262, 8359, 8211, 8120, 8155, 8060, 8254, 9516,8.325866937637329,SPIN
34, 8243, 8214, 8222, 8187, 8943, 8178, 8258, 8411, 8128, 7859, 8159, 8170, 8275, 9616,8.33376932144165,SPIN
35, 8111, 8130, 8331, 8148, 8825, 8172, 8042, 8197, 8206, 8198, 8294, 8346, 8268, 9450,8.341776371002197,SPIN
36, 8334, 8239, 8131, 8158, 8889, 8152, 8347, 8409, 8132, 8071, 8067, 8029, 8244, 9581,8.349653720855713,SPIN
37, 8021, 8176, 8330, 8183, 8910, 8193, 8166, 8231, 8188, 8265, 8288, 8264, 8282, 9492,8.358942985534668,SPIN
38, 8038, 8172, 8154, 8137, 8780, 8151, 8228, 8292, 8179, 8043, 8132, 8217, 8255, 9471,8.36684250831604,SPIN
39, 8328, 8221, 8230, 8192, 8939, 8179, 8266, 8430, 8131, 7971, 8099, 8196, 8268, 9642,8.374743700027466,SPIN
40, 8132, 8126, 8326, 8155, 9237, 8236, 8078, 8208, 8198, 8275, 8311, 8277, 8252, 9391,8.382564783096313,SPIN
41, 8274, 8281, 8236, 8222, 8108, 8072, 8338, 8466, 8158, 8041, 8063, 7940, 8288, 9673,8.390415668487549,SPIN
42, 8081, 8067, 8128, 8076, 9233, 8164, 8157, 8237, 8135, 8127, 8235, 8169, 8221, 9505,8.3966064453125,SPIN
43, 8125, 8112, 8083, 8098, 10470, 8327, 8242, 8211, 8129, 8054, 8236, 8266, 8197, 9177,8.405968427658081,SPIN
44, 8352, 8753, 8881, 8721, 6174, 8187, 8379, 8560, 8416, 8208, 8315, 8388, 8542, 9556,8.41383171081543,SPIN
45, 8004, 7718, 7577, 7667, 7327, 7695, 8086, 8263, 7928, 8234, 8162, 8110, 7999, 8694,8.421451091766357,SPIN
46, 8024, 8002, 8090, 8087, 10648, 8626, 8099, 8312, 8182, 8114, 8331, 8292, 8256, 8755,8.429232120513916,SPIN
47, 8337, 9701, 10029, 9655, 7152, 9221, 8632, 8500, 8684, 8491, 8907, 8934, 8851, 9675,8.437108039855957,SPIN
48, 8222, 8143, 8059, 7881, 6640, 7330, 8241, 8129, 7639, 8147, 7802, 7643, 7730, 8709,8.44585371017456,SPIN
49, 7809, 7327, 8681, 7739, 8909, 8386, 7473, 7894, 8595, 8658, 8808, 9161, 8538, 8044,8.453662633895874,SPIN
50, 7870, 8153, 8241, 8169, 9086, 8511, 7996, 8057, 8185, 7895, 8630, 9146, 8370, 8137,8.459951877593994,SPIN
51, 8674, 8431, 7482, 8077, 7828, 7514, 8628, 8551, 7407, 7568, 7164, 7114, 7559, 8734,8.467927694320679,SPIN
52, 8065, 8128, 8969, 8447, 8022, 8713, 7903, 7997, 8757, 8868, 8754, 8834, 8660, 8314,8.475905179977417,SPIN
53, 7706, 7997, 8024, 8085, 8769, 8111, 8011, 7869, 8004, 7801, 8186, 8259, 8063, 7738,8.4838547706604,SPIN
54, 8496, 8687, 8517, 8725, 7845, 8020, 8726, 8507, 8102, 8104, 7824, 7859, 8040, 8453,8.491755962371826,SPIN
55, 8128, 8133, 8366, 8216, 7968, 8003, 8210, 8091, 8450, 8589, 8403, 8493, 8269, 8095,8.50073504447937,SPIN
56, 8057, 8031, 7902, 7874, 8129, 8043, 8145, 8170, 7949, 7856, 7923, 7831, 8019, 8059,8.508739233016968,SPIN
57, 8163, 8301, 8423, 8228, 8164, 8451, 8226, 8271, 8228, 8285, 8368, 8344, 8313, 8371,8.516660451889038,SPIN
58, 7919, 8032, 7895, 7993, 8451, 7910, 8032, 7953, 8135, 8161, 8079, 8073, 8083, 8168,8.52306604385376,SPIN
59, 8189, 8304, 8171, 8358, 8095, 8347, 8401, 8194, 8344, 8237, 8116, 8182, 8282, 8388,8.53095006942749,SPIN
60, 7977, 8050, 8086, 8092, 8184, 8282, 8137, 8019, 8291, 8386, 8403, 8504, 8147, 8059,8.538742303848267,SPIN
61, 8008, 8052, 7730, 7893, 8048, 7854, 8103, 8187, 7970, 8051, 7614, 7527, 7778, 8005,8.54773998260498,SPIN
62, 8250, 8424, 8598, 8480, 7903, 8583, 8332, 8318, 8191, 8183, 8135, 8071, 8315, 8490,8.555675268173218,SPIN
63, 7874, 7950, 8397, 7939, 8686, 8463, 8047, 7953, 8565, 8496, 9296, 9691, 8670, 8276,8.563432455062866,SPIN
64, 7677, 7552, 6541, 7096, 8826, 6665, 8019, 7975, 7689, 7774, 7383, 7510, 7261, 7746,8.571296691894531,SPIN
65, 8340, 8786, 8986, 9102, 7301, 8912, 8668, 8326, 7899, 8156, 7743, 7545, 7909, 8275,8.57922649383545,SPIN
66, 8491, 8588, 9890, 9042, 7883, 10023, 8535, 8342, 8765, 8284, 9856, 10272, 9448, 8442,8.585688352584839,SPIN
67, 8044, 7679, 7075, 7296, 8934, 6887, 7990, 8134, 7917, 7610, 8160, 8311, 7868, 7986,8.59374451637268,SPIN
68, 8452, 8857, 8721, 8870, 7305, 8163, 8700, 8514, 8523, 9194, 8028, 7831, 8107, 8813,8.602782726287842,SPIN
69, 8625, 8359, 8638, 8339, 7943, 8790, 8696, 8409, 8165, 8322, 8933, 9088, 8613, 8783,8.611576080322266,SPIN
70, 7883, 7985, 7758, 7781, 9108, 7447, 7681, 7814, 7582, 7657, 8195, 8155, 7898, 8386,8.61792254447937,SPIN
71, 8482, 10126, 10138, 10364, 6433, 9666, 9013, 8890, 9283, 9524, 8563, 8549, 9170, 9757,8.625849485397339,SPIN
72, 9005, 8727, 8319, 8709, 6411, 8927, 9253, 9128, 8483, 8499, 8210, 8336, 8670, 9993,8.634001731872559,SPIN
73, 8141, 7084, 7167, 6945, 8160, 6953, 7485, 7905, 7691, 7681, 7926, 7907, 7742, 9409,8.641870498657227,SPIN
74, 8326, 8670, 8898, 8726, 8539, 8480, 8229, 8394, 8451, 8188, 8488, 8537, 8520, 9664,8.649600744247437,SPIN
75, 8155, 8267, 8235, 8258, 8902, 8414, 8435, 8517, 8189, 8229, 8294, 8361, 8331, 9531,8.657374620437622,SPIN
76, 7896, 7865, 7902, 7821, 8194, 7737, 8016, 8184, 8113, 8052, 8065, 8018, 8138, 9577,8.665044069290161,SPIN
77, 8338, 8357, 8297, 8334, 9175, 8330, 8308, 8407, 8179, 8039, 8414, 8322, 8317, 9545,8.672792434692383,SPIN
78, 8148, 8036, 8289, 8061, 9267, 8126, 8003, 8230, 8163, 8248, 8299, 8303, 8223, 9342,8.680525541305542,SPIN
79, 8291, 8255, 8215, 8193, 8461, 8107, 8282, 8384, 8175, 8009, 7844, 7968, 8268, 9585,8.68977975845337,SPIN
80, 8091, 8184, 8212, 8169, 9303, 8248, 8203, 8243, 8160, 8195, 8123, 8194, 8257, 9460,8.697463274002075,SPIN
81, 8019, 8153, 8169, 8141, 8835, 8117, 8160, 8249, 8186, 8132, 8309, 8272, 8241, 9444,8.705357074737549,SPIN
82, 8325, 8244, 8226, 8215, 8912, 8186, 8305, 8454, 8118, 7984, 8219, 8184, 8260, 9584,8.713090419769287,SPIN
83, 8116, 8119, 8377, 8155, 9094, 8203, 8074, 8204, 8177, 8230, 8316, 8321, 8250, 9382,8.720911026000977,SPIN
84, 8251, 8227, 8101, 8156, 8758, 8123, 8324, 8400, 8140, 8008, 7920, 7973, 8236, 9534,8.728678703308105,SPIN
85, 8114, 8195, 8226, 8193, 9254, 8212, 8184, 8275, 8145, 8165, 8131, 8204, 8260, 9509,8.736499786376953,SPIN
86, 8039, 8189, 8319, 8190, 9140, 8201, 8183, 8230, 8177, 8132, 8330, 8285, 8251, 9400,8.744234561920166,SPIN
87, 8321, 8331, 8318, 8288, 8014, 8138, 8291, 8479, 8193, 7971, 8293, 8178, 8300, 9730,8.75244140625,SPIN
88, 8077, 7873, 7937, 7892, 10181, 8149, 8015, 8202, 8056, 8270, 8238, 8203, 8123, 9123,8.76041030883789,SPIN
89, 8177, 8277, 8401, 8281, 9724, 8315, 8259, 8406, 8262, 8184, 8027, 8042, 8342, 9295,8.768382549285889,SPIN
90, 8244, 8728, 8700, 8674, 5314, 8172, 8411, 8436, 8246, 8016, 8285, 8236, 8421, 9655,8.776114463806152,SPIN
91, 8037, 6906, 6460, 6799, 8612, 7336, 7984, 8026, 7458, 7994, 7803, 7684, 7506, 8025,8.784029722213745,SPIN
92, 8010, 7493, 7891, 7662, 11091, 8411, 8120, 8199, 8470, 8667, 8579, 8788, 8386, 8093,8.791898012161255,SPIN
93, 8261, 9332, 8442, 8972, 7642, 7968, 9000, 8419, 7690, 7123, 8158, 8204, 7991, 8825,8.800008058547974,SPIN
94, 9072, 9210, 8158, 8872, 6273, 7579, 9161, 8513, 6739, 6626, 7343, 7049, 7415, 8995,8.807703018188477,SPIN
95, 8645, 8569, 10041, 9121, 7706, 9569, 8168, 8097, 8944, 9245, 9479, 9764, 9242, 8638,8.815490961074829,SPIN
96, 7997, 7952, 7842, 7857, 8871, 8118, 8130, 8124, 8298, 8185, 8223, 8385, 8159, 7832,8.823370218276978,SPIN
97, 8448, 8372, 7696, 8037, 7732, 7585, 8530, 8639, 7736, 7694, 7396, 7249, 7666, 8394,8.831361532211304,SPIN
98, 7997, 8067, 8447, 8074, 8125, 8585, 7877, 8192, 8531, 8792, 8654, 8746, 8499, 8097,8.8392813205719,SPIN
99, 7971, 7926, 7742, 7794, 8660, 8365, 8004, 8205, 8022, 7940, 7948, 7926, 8056, 8002,8.845622539520264,SPIN
100, 8249, 8393, 8616, 8473, 8214, 8597, 8456, 8310, 8161, 8165, 8276, 8278, 8305, 8365,8.854898929595947,SPIN
101, 7868, 7951, 8099, 7957, 8389, 8070, 8213, 8005, 8124, 8244, 8185, 8190, 8100, 7928,8.862883567810059,SPIN
102, 8126, 8262, 8240, 8189, 7904, 8269, 8356, 8216, 8261, 8210, 8013, 8047, 8159, 8274,8.8709135055542,SPIN
103, 8059, 8206, 8190, 8211, 8268, 8181, 8035, 7948, 8208, 8356, 8215, 8232, 8104, 8194,8.87886643409729,SPIN
104, 8179, 8260, 8064, 8281, 8462, 8139, 8128, 8058, 8060, 8094, 8101, 8056, 8116, 8212,8.886741161346436,SPIN
105, 8181, 8269, 8202, 8305, 8232, 8354, 8268, 8261, 8115, 8110, 8314, 8360, 8305, 8223,8.894663572311401,SPIN
106, 7855, 8009, 8095, 8024, 8169, 8167, 8090, 8072, 8045, 8185, 8139, 8131, 8028, 7956,8.902432441711426,SPIN
107, 8145, 8296, 8416, 8292, 7904, 8359, 8303, 8236, 8372, 8319, 8137, 8201, 8295, 8294,8.910463571548462,SPIN
108, 8011, 8142, 8184, 8132, 8244, 8129, 8114, 8028, 8297, 8361, 8256, 8351, 8217, 8181,8.916720867156982,SPIN
109, 8030, 8129, 7839, 8038, 8320, 7927, 8238, 8131, 7940, 8073, 7704, 7670, 7817, 7989,8.92617678642273,SPIN
110, 8302, 8424, 8487, 8497, 8167, 8537, 8429, 8367, 8147, 8156, 8170, 8108, 8273, 8285,8.934000968933105,SPIN
111, 8152, 8313, 8691, 8478, 8415, 8868, 8236, 8240, 8438, 8566, 9035, 9153, 8621, 8295,8.941870927810669,SPIN
112, 7892, 7637, 6444, 7292, 8717, 6870, 8064, 8120, 7114, 7275, 6280, 6206, 6866, 7547,8.94942855834961,SPIN
113, 8462, 8991, 9096, 9189, 7080, 8655, 8521, 8379, 7773, 7919, 6821, 6381, 7795, 8450,8.95730447769165,SPIN
114, 8944, 9809, 11387, 10343, 6626, 11709, 9068, 8749, 9859, 9627, 11049, 11083, 10659, 9395,8.965032815933228,SPIN
115, 8222, 6887, 5755, 6239, 9348, 7312, 8166, 8260, 7565, 6891, 8341, 8248, 7794, 8144,8.972878456115723,SPIN
116, 7901, 7371, 7442, 7149, 8098, 6524, 7724, 8006, 7590, 6982, 6834, 6606, 6966, 8963,8.980681657791138,SPIN
117, 8730, 9770, 11204, 10144, 5878, 9969, 9010, 8760, 9359, 8853, 9507, 9817, 9563, 10481,8.988800048828125,SPIN
118, 8406, 8053, 7540, 7846, 7742, 8150, 8466, 8502, 7806, 7966, 8476, 8510, 8265, 9540,8.996613502502441,SPIN
119, 8018, 7648, 7556, 7573, 8165, 7398, 7797, 8197, 8037, 8171, 7731, 7604, 7853, 9405,9.004462718963623,SPIN
120, 8386, 8572, 9020, 8614, 8992, 8568, 8398, 8510, 8436, 8463, 8567, 8592, 8578, 9738,9.012151956558228,SPIN
121, 7942, 8080, 8124, 8044, 9213, 8137, 8052, 8270, 8021, 8453, 8353, 8328, 8181, 9428,9.020345687866211,SPIN
122, 8016, 8154, 7997, 8108, 8355, 8042, 8158, 8353, 8250, 8076, 7886, 7978, 8277, 9587,9.027660131454468,SPIN
123, 8381, 8232, 8313, 8207, 9344, 8254, 8218, 8367, 8135, 7974, 8154, 8228, 8297, 9544,9.035676956176758,SPIN
124, 8172, 8110, 8245, 8088, 8942, 8117, 8022, 8268, 8214, 8335, 8302, 8228, 8247, 9374,9.044989585876465,SPIN
125, 8261, 8268, 8266, 8207, 8780, 8170, 8349, 8484, 8148, 8090, 8156, 8061, 8286, 9643,9.051356792449951,SPIN
126, 8093, 8119, 8312, 8157, 9136, 8187, 8129, 8216, 8186, 8250, 8329, 8357, 8271, 9418,9.059445858001709,SPIN
127, 8318, 8227, 8073, 8175, 8791, 8148, 8298, 8367, 8177, 8083, 8044, 8105, 8258, 9474,9.066983938217163,KICK
238, 8181, 8214, 8295, 8187, 9041, 8178, 8195, 8331, 8161, 8206, 8154, 8158, 8270, 9570,9.074818849563599,KICK
0, 7948, 8149, 8315, 8140, 8915, 8162, 8126, 8204, 8212, 8162, 8260, 8275, 8255, 9400,9.082792043685913,KICK
1, 8299, 8260, 8128, 8194, 8941, 8165, 8329, 8462, 8108, 7820, 8100, 8172, 8253, 9566,9.090576887130737,KICK
2, 8156, 8163, 8320, 8191, 8960, 8188, 8035, 8287, 8199, 8162, 8318, 8333, 8277, 9457,9.100026607513428,KICK
3, 8222, 8206, 8199, 8152, 8942, 8154, 8229, 8390, 8146, 8117, 8065, 7991, 8235, 9447,9.107766151428223,KICK
4, 8198, 8228, 8262, 8198, 8963, 8176, 8254, 8356, 8153, 8118, 8128, 8100, 8266, 9553,9.113993644714355,KICK
5, 8008, 8158, 8250, 8151, 8924, 8170, 8127, 8202, 8212, 8169, 8303, 8331, 8255, 9394,9.121717691421509,KICK
6, 8321, 8250, 8136, 8182, 8948, 8144, 8322, 8465, 8132, 7970, 8099, 8145, 8245, 9554,9.129659414291382,KICK
7, 8142, 8169, 8339, 8203, 8917, 8194, 8086, 8246, 8199, 8228, 8283, 8302, 8280, 9465,9.138921976089478,KICK
8, 8137, 8192, 8167, 8147, 8889, 8166, 8248, 8339, 8152, 8026, 8118, 8048, 8239, 9445,9.14662790298462,KICK
9, 8265, 8233, 8228, 8207, 9019, 8169, 8257, 8421, 8142, 7986, 8180, 8083, 8268, 9571,9.154420852661133,KICK
10, 8168, 8141, 8326, 8156, 9250, 8201, 8086, 8162, 8166, 8206, 8313, 8342, 8253, 9329,9.162201404571533,KICK
11, 8349, 8264, 8127, 8186, 8128, 8079, 8306, 8452, 8246, 8058, 8048, 8161, 8263, 9641,9.170245170593262,KICK
12, 8044, 8115, 8194, 8135, 9468, 8190, 8089, 8247, 8036, 8128, 8228, 8221, 8218, 9411,9.178296089172363,KICK
13, 8012, 8129, 8256, 8111, 10292, 8271, 8210, 8295, 8102, 8261, 8145, 8060, 8214, 9197,9.184813737869263,KICK
14, 8362, 8666, 8695, 8625, 5715, 8188, 8315, 8568, 8630, 8275, 8326, 8362, 8500, 9802,9.193775415420532,KICK
15, 8168, 7745, 7704, 7692, 7322, 7769, 8051, 8240, 7508, 7576, 8157, 8107, 7953, 8914,9.201583862304688,KICK
16, 8009, 8184, 8627, 8239, 10639, 8579, 8100, 8215, 7838, 8455, 8212, 8124, 8256, 8922,9.209306001663208,KICK
17, 8430, 10121, 10307, 10133, 7057, 9719, 8683, 8331, 9044, 8873, 9327, 9438, 9095, 9659,9.217021942138672,KICK
18, 8328, 8309, 7483, 7950, 7271, 7430, 8198, 8051, 7677, 7290, 8157, 8215, 7804, 8378,9.22478723526001,KICK
19, 8020, 7466, 7936, 7536, 8980, 7281, 7863, 8206, 7846, 8192, 7919, 8056, 7843, 7887,9.232616186141968,KICK
20, 8495, 8856, 9267, 8999, 7708, 8867, 8727, 8618, 8476, 8458, 8988, 8963, 8581, 8318,9.240689516067505,KICK
21, 8621, 8455, 8023, 8314, 7589, 7800, 8525, 8520, 7991, 7784, 8240, 7973, 8035, 8357,9.24797010421753,KICK
22, 7907, 8000, 8461, 8117, 8464, 8030, 7838, 7900, 8196, 8370, 8489, 8487, 8221, 8157,9.255958795547485,KICK
23, 7956, 8120, 8070, 8092, 8323, 8220, 8169, 8045, 8090, 8027, 8527, 8549, 8252, 8106,9.26372218132019,KICK
24, 8386, 8349, 8294, 8350, 7764, 8052, 8346, 8301, 8143, 8145, 8313, 8285, 8265, 8320,9.27157998085022,KICK
25, 8122, 8145, 8527, 8157, 8188, 8265, 8033, 7856, 8163, 8288, 8618, 8627, 8243, 8052,9.280797719955444,KICK
26, 8215, 8241, 8256, 8061, 8247, 8044, 8159, 8049, 8168, 8102, 8344, 8323, 8187, 8224,9.288684368133545,KICK
27, 8213, 8294, 8499, 8389, 8093, 8254, 8244, 8176, 8257, 8305, 8584, 8616, 8340, 8345,9.296424388885498,KICK
28, 7973, 8009, 8178, 8193, 8202, 8075, 8091, 8042, 8122, 8185, 8417, 8483, 8117, 8182,9.304275274276733,KICK
29, 8293, 8330, 8445, 8379, 7886, 8226, 8307, 8232, 8245, 8187, 8370, 8473, 8258, 8325,9.312063217163086,KICK
30, 8186, 8183, 8341, 8082, 8216, 8227, 8172, 7889, 8136, 8204, 8613, 8597, 8261, 8022,9.31980586051941,KICK
31, 8287, 8244, 8247, 8114, 8187, 8085, 8311, 8106, 8062, 8052, 8376, 8307, 8218, 8147,9.327611207962036,KICK
32, 8193, 8299, 8489, 8377, 8051, 8315, 8180, 8201, 8191, 8182, 8615, 8623, 8321, 8292,9.335527420043945,KICK
33, 7913, 8063, 8195, 8179, 8234, 8065, 7985, 7984, 8182, 8260, 8477, 8524, 8140, 8142,9.343439102172852,KICK
34, 8234, 8308, 8406, 8315, 8059, 8116, 8276, 8188, 8183, 8118, 8390, 8449, 8243, 8311,9.35143780708313,KICK
35, 8178, 8338, 8614, 8343, 8212, 8513, 8216, 8133, 8256, 8394, 8719, 8735, 8421, 8109,9.35937237739563,KICK
36, 8258, 8104, 7929, 8014, 8134, 8135, 8340, 8233, 8062, 7978, 8480, 8430, 8130, 8080,9.367341756820679,KICK
37, 8089, 7923, 8018, 7910, 8245, 7562, 7931, 8024, 8000, 7905, 8296, 8090, 7906, 8085,9.373602867126465,KICK
38, 8105, 9027, 9754, 9312, 7659, 9738, 8328, 8228, 8813, 9139, 8969, 9184, 9063, 8460,9.381843566894531,KICK
39, 8738, 8249, 7322, 8066, 7845, 9598, 9072, 8761, 8114, 7650, 8492, 8801, 8756, 8826,9.389655113220215,KICK
40, 7997, 6258, 5555, 5979, 9454, 6303, 7643, 8122, 7978, 7426, 7522, 7331, 7323, 8802,9.397713899612427,KICK
41, 8212, 8353, 9148, 8520, 8599, 8032, 8110, 8216, 8960, 8756, 8411, 8427, 8405, 9651,9.405686855316162,KICK
42, 8561, 8919, 8825, 8881, 8204, 9209, 8869, 8477, 7903, 7827, 8596, 8775, 8644, 9720,9.414681911468506,KICK
43, 7720, 7587, 7370, 7496, 8021, 7483, 7924, 8197, 8003, 8129, 7919, 7853, 7971, 9494,9.422417163848877,KICK
44, 8203, 8357, 8580, 8357, 8702, 8162, 8289, 8427, 8471, 8452, 8316, 8217, 8370, 9687,9.43028998374939,KICK
45, 8297, 8254, 8414, 8255, 9683, 8369, 8153, 8235, 7985, 8369, 8441, 8420, 8282, 9367,9.438110828399658,KICK
46, 8130, 8113, 8024, 8085, 8348, 8000, 8074, 8292, 8233, 8372, 7973, 8063, 8251, 9570,9.445496082305908,KICK
47, 8262, 8271, 8205, 8226, 9050, 8213, 8350, 8378, 8160, 8019, 7963, 8060, 8295, 9518,9.453567266464233,KICK
48, 7970, 8088, 8272, 8102, 9207, 8139, 8091, 8169, 8187, 8245, 8331, 8327, 8240, 9347,9.461331367492676,KICK
49, 8257, 8256, 8155, 8201, 8710, 8154, 8295, 8428, 8148, 7913, 8205, 8143, 8273, 9581,9.469051122665405,KICK
50, 8196, 8159, 8308, 8189, 9185, 8204, 8114, 8271, 8149, 8112, 8319, 8317, 8272, 9408,9.477057456970215,KICK
51, 8181, 8172, 8169, 8149, 8783, 8127, 8216, 8298, 8185, 8145, 8072, 8087, 8260, 9461,9.485089540481567,KICK
52, 8227, 8227, 8189, 8192, 9049, 8174, 8300, 8389, 8117, 8060, 8006, 8035, 8267, 9519,9.494190692901611,KICK
53, 7960, 8121, 8302, 8150, 8955, 8163, 8075, 8169, 8217, 8212, 8356, 8367, 8275, 9364,9.500690221786499,KICK
54, 8269, 8229, 8113, 8164, 8883, 8135, 8321, 8397, 8131, 7942, 8199, 8179, 8249, 9526,9.508872032165527,KICK
55, 8209, 8180, 8294, 8198, 9031, 8195, 8139, 8269, 8192, 8196, 8304, 8288, 8273, 9471,9.516839504241943,KICK
56, 8085, 8172, 8199, 8147, 8873, 8144, 8182, 8244, 8172, 8186, 8143, 8125, 8250, 9407,9.524677038192749,KICK
57, 8253, 8245, 8178, 8198, 9008, 8167, 8297, 8390, 8105, 7980, 8102, 8058, 8252, 9539,9.532435417175293,KICK
58, 8133, 8148, 8364, 8190, 9184, 8227, 8055, 8150, 8215, 8202, 8385, 8382, 8275, 9378,9.540241241455078,KICK
59, 8325, 8328, 8314, 8288, 8505, 8255, 8299, 8380, 8253, 8145, 8166, 8239, 8356, 9602,9.54800271987915,KICK
60, 8097, 8071, 7854, 7981, 9133, 7942, 8118, 8225, 7973, 8089, 8019, 7989, 8076, 9367,9.555849552154541,KICK
61, 8011, 8012, 8171, 8051, 10001, 8101, 8115, 8140, 8043, 8028, 8107, 8067, 8109, 9228,9.563799858093262,KICK
62, 8325, 8864, 9468, 9036, 6813, 9000, 8354, 8609, 8960, 8482, 8882, 9116, 9041, 10102,9.57160210609436,KICK
63, 8124, 7295, 5888, 6782, 8011, 6467, 8041, 8227, 6882, 7350, 7160, 6934, 7071, 8635,9.5793776512146,KICK
64, 8376, 6965, 6466, 6811, 10131, 6487, 8128, 8163, 6805, 7414, 6927, 6505, 6873, 8104,9.587148427963257,KICK
65, 8147, 9185, 11273, 9911, 7034, 10125, 8523, 8163, 9862, 9335, 10079, 10499, 9716, 9212,9.594943761825562,KICK
66, 7923, 8526, 8039, 8310, 7530, 8408, 8470, 8001, 8164, 7940, 8342, 8470, 8193, 8477,9.602895259857178,KICK
67, 8282, 7681, 7087, 7460, 8881, 7327, 7989, 8209, 7487, 7887, 7392, 7124, 7519, 8152,9.610620260238647,KICK
68, 7885, 8094, 8976, 8507, 8335, 8585, 7856, 7922, 8557, 8587, 8732, 8828, 8545, 7886,9.61856722831726,KICK
69, 8044, 8419, 8369, 8539, 7955, 8431, 8396, 8140, 8030, 7873, 7920, 7994, 8041, 8046,9.628108739852905,KICK
70, 8170, 8459, 8431, 8394, 7854, 8289, 8217, 8175, 8343, 8507, 8152, 8218, 8224, 8362,9.634560346603394,KICK
71, 8012, 8133, 7828, 7962, 8583, 7941, 8056, 8014, 8110, 8139, 8096, 8099, 8162, 7982,9.642277240753174,KICK
72, 8272, 8398, 8157, 8403, 8313, 8377, 8410, 8385, 8143, 8025, 8186, 8204, 8334, 8312,9.650211811065674,KICK
73, 7914, 8103, 8140, 8163, 8195, 8282, 8152, 8118, 8093, 8252, 8276, 8269, 8145, 8059,9.658153057098389,KICK
74, 8013, 8212, 8182, 8161, 7937, 8300, 8257, 8201, 8111, 8107, 7976, 7963, 8084, 8148,9.666064739227295,KICK
75, 8142, 8307, 8327, 8288, 8023, 8348, 8252, 8199, 8311, 8348, 8215, 8259, 8218, 8291,9.67388105392456,KICK
76, 7990, 8131, 7983, 8114, 8357, 8070, 8091, 8017, 8031, 8173, 8109, 8033, 8006, 8064,9.681809663772583,KICK
77, 8233, 8392, 8212, 8394, 8208, 8385, 8370, 8366, 8123, 8057, 8251, 8268, 8332, 8277,9.689664363861084,KICK
78, 7982, 8099, 8074, 8120, 8420, 8218, 8131, 8176, 8044, 8146, 8245, 8259, 8131, 8116,9.69765043258667,KICK
79, 8058, 8158, 8259, 8177, 8291, 8312, 8247, 8209, 8220, 8252, 8062, 8063, 8123, 8209,9.705484867095947,KICK
80, 8126, 8247, 8355, 8256, 8115, 8334, 8311, 8188, 8395, 8359, 8274, 8356, 8333, 8260,9.713368654251099,KICK
81, 7893, 8051, 7950, 8029, 8145, 7935, 8129, 7993, 8051, 8216, 7994, 7991, 7947, 7955,9.721256017684937,KICK
82, 8120, 8285, 8002, 8223, 8033, 8098, 8258, 8316, 8006, 8013, 7652, 7590, 7920, 8128,9.729445219039917,KICK
83, 8219, 8602, 8963, 8765, 8057, 9093, 8223, 8352, 8564, 8599, 9073, 9186, 8694, 8449,9.737360954284668,KICK
84, 7889, 7880, 7457, 7840, 8775, 7719, 8050, 8092, 7741, 7953, 7840, 7859, 7772, 7883,9.745392322540283,KICK
85, 8033, 7936, 7050, 7804, 8471, 6922, 8205, 8123, 6720, 6913, 5340, 4725, 6640, 7873,9.753132820129395,KICK
86, 8806, 10130, 11942, 10767, 6414, 11318, 8987, 8685, 9417, 9410, 9543, 9371, 9914, 9462,9.760977029800415,KICK
87, 8660, 8314, 8630, 8225, 7840, 9467, 8637, 8554, 8941, 8413, 10333, 10606, 9639, 8819,9.768831014633179,KICK
88, 7731, 5592, 4212, 4963, 9934, 4551, 7070, 7595, 6407, 5971, 6213, 5859, 6138, 7911,9.77686095237732,KICK
89, 8157, 8387, 9452, 8647, 7598, 8175, 7913, 8084, 8627, 8316, 8100, 8092, 8337, 9752,9.784599304199219,KICK
90, 8642, 9177, 9487, 9196, 7583, 9531, 8936, 8736, 8667, 8647, 9331, 9625, 9195, 10035,9.792628049850464,KICK
91, 8088, 7563, 7069, 7370, 8369, 7272, 7950, 8248, 7669, 7884, 7778, 7682, 7731, 9290,9.800675630569458,KICK
92, 8221, 8208, 8534, 8227, 8503, 8106, 8116, 8339, 8416, 8228, 8166, 8121, 8349, 9635,9.808462619781494,KICK
93, 8175, 8394, 8655, 8372, 9442, 8517, 8353, 8465, 8122, 8314, 8573, 8555, 8384, 9561,9.816185712814331,KICK
94, 7871, 8073, 8081, 8045, 8495, 8017, 8062, 8302, 8217, 8391, 8064, 8109, 8220, 9442,9.82401180267334,KICK
95, 8341, 8272, 8221, 8208, 8817, 8216, 8358, 8414, 8190, 8067, 7886, 8038, 8324, 9596,9.831758737564087,KICK
96, 8166, 8122, 8315, 8128, 9247, 8204, 8091, 8258, 8173, 8253, 8309, 8338, 8260, 9342,9.83974838256836,KICK
97, 8230, 8232, 8182, 8171, 8604, 8154, 8279, 8465, 8217, 7962, 8277, 8160, 8278, 9524,9.84740924835205,KICK
98, 8198, 8193, 8382, 8189, 9079, 8222, 8220, 8372, 8153, 8060, 8343, 8271, 8273, 9504,9.855172157287598,KICK
99, 8117, 8157, 8224, 8147, 8787, 8165, 8154, 8298, 8218, 8216, 8168, 8174, 8267, 9370,9.862869501113892,KICK
100, 8289, 8266, 8144, 8192, 8932, 8190, 8348, 8470, 8128, 8022, 7929, 7980, 8268, 9607,9.870688438415527,KICK
101, 8017, 8143, 8407, 8154, 8951, 8195, 8116, 8200, 8224, 8210, 8314, 8356, 8276, 9414,9.878614902496338,KICK
102, 8220, 8225, 8158, 8147, 8819, 8163, 8331, 8356, 8154, 7993, 8280, 8252, 8243, 9452,9.88670563697815,KICK
103, 8248, 8229, 8235, 8210, 8989, 8223, 8195, 8347, 8161, 8133, 8324, 8288, 8270, 9557,9.894559144973755,KICK
104, 8039, 8163, 8287, 8167, 8837, 8184, 8102, 8278, 8207, 8226, 8183, 8189, 8262, 9409,9.902461290359497,KICK
105, 8273, 8245, 8209, 8186, 8921, 8171, 8363, 8487, 8123, 7960, 7985, 8015, 8254, 9547,9.910266399383545,KICK
106, 8152, 8159, 8344, 8186, 8892, 8216, 8134, 8213, 8202, 8180, 8358, 8361, 8281, 9429,9.918339252471924,KICK
107, 8297, 8206, 8136, 8145, 8861, 8161, 8293, 8359, 8164, 8069, 8152, 8143, 8248, 9439,9.92626428604126,KICK
108, 8215, 8242, 8250, 8217, 8948, 8195, 8239, 8368, 8167, 8151, 8169, 8138, 8275, 9540,9.934264421463013,KICK
109, 7956, 8163, 8295, 8162, 8840, 8191, 8124, 8158, 8181, 8211, 8266, 8296, 8261, 9434,9.942662000656128,KICK
110, 8291, 8227, 8043, 8135, 8479, 8079, 8343, 8522, 8247, 7944, 8037, 8150, 8245, 9668,9.950525045394897,KICK
111, 8233, 8125, 8153, 8109, 9507, 8137, 8138, 8295, 7968, 8006, 8180, 8140, 8162, 9397,9.958338737487793,KICK
112, 8149, 8273, 8684, 8335, 8989, 8392, 8152, 8303, 8236, 8331, 8294, 8207, 8392, 9461,9.966287851333618,KICK
113, 8170, 8384, 8266, 8294, 7234, 8181, 8324, 8574, 8662, 8269, 8330, 8392, 8432, 9878,9.972680568695068,KICK
114, 8099, 7574, 6956, 7357, 11312, 7469, 8162, 8172, 7252, 7397, 7502, 7302, 7476, 8596,9.980685234069824,KICK
115, 7978, 8742, 11080, 9474, 11371, 10083, 7982, 8084, 8606, 9128, 9314, 9444, 9215, 8299,9.98853850364685,KICK
116, 7601, 9199, 11406, 9829, 7424, 10469, 8009, 8011, 9445, 9425, 10132, 10753, 9609, 8379,9.996562004089355,KICK
117, 8150, 7469, 6346, 7060, 8470, 6968, 8129, 8150, 7152, 7003, 6955, 6993, 6988, 8102,10.005922317504883,KICK
118, 8327, 7903, 8201, 8050, 8613, 7875, 7914, 8027, 8166, 8306, 7806, 7814, 8018, 8413,10.01387095451355,KICK
119, 7989, 8378, 8769, 8488, 7867, 8530, 8165, 7865, 8443, 8517, 8478, 8698, 8405, 8046,10.021666049957275,KICK
120, 8693, 8171, 7564, 7952, 7746, 7867, 8710, 8567, 7781, 7670, 7622, 7710, 7836, 8375,10.029687881469727,KICK
121, 8232, 7852, 8182, 8031, 8182, 8238, 8142, 8263, 8430, 8507, 8413, 8465, 8446, 8069,10.035900831222534,KICK
122, 7731, 7755, 7877, 7896, 8618, 8156, 7996, 7997, 8043, 8089, 7925, 7782, 8005, 7721,10.043647527694702,KICK
123, 8236, 8380, 8618, 8478, 7777, 8579, 8407, 8268, 8127, 8106, 8200, 8173, 8187, 8466,10.051693677902222,KICK
124, 7985, 8059, 8124, 8029, 8044, 8053, 8142, 7998, 8060, 8156, 8335, 8386, 8182, 8082,10.060809135437012,KICK
125, 8129, 8282, 8035, 8223, 8202, 8170, 8296, 8303, 8115, 8019, 8139, 8194, 8290, 8153,10.06866192817688,KICK
126, 8069, 8277, 8161, 8322, 8468, 8308, 8092, 8268, 8198, 8294, 8211, 8210, 8153, 8206,10.076622009277344,KICK
127, 8079, 8196, 8096, 8209, 8376, 8184, 8126, 8256, 8148, 8286, 7924, 7854, 7948, 8211,10.084500074386597,KICK
238, 8236, 8347, 8395, 8324, 8072, 8345, 8388, 8328, 8323, 8272, 8205, 8297, 8333, 8287,10.092308521270752,KICK
0, 7914, 8031, 8076, 7978, 8183, 7999, 8177, 7994, 8050, 8170, 8212, 8223, 8107, 7944,10.098588943481445,KICK
1, 8139, 8293, 8207, 8285, 7937, 8269, 8366, 8272, 8105, 8108, 8186, 8150, 8172, 8207,10.107926368713379,KICK
2, 8107, 8287, 8096, 8307, 8203, 8251, 8125, 8198, 8103, 8219, 8224, 8211, 8108, 8211,10.115708827972412,KICK
3, 8078, 8258, 8027, 8242, 8498, 8151, 8052, 8097, 8034, 8129, 7925, 7881, 7983, 8146,10.123635053634644,KICK
4, 8294, 8383, 8408, 8411, 8259, 8419, 8423, 8298, 8231, 8045, 8177, 8208, 8349, 8315,10.131356716156006,KICK
5, 7957, 8033, 8277, 8077, 8223, 8346, 8224, 8032, 8410, 8589, 8724, 8826, 8408, 8036,10.139084815979004,KICK
6, 7874, 7958, 7316, 7748, 8166, 7526, 8129, 8057, 7764, 7761, 7348, 7179, 7636, 7920,10.14801573753357,KICK
7, 8372, 8753, 8963, 8953, 7497, 8780, 8433, 8288, 8225, 8197, 8050, 7956, 8243, 8535,10.155895471572876,KICK
8, 7917, 8216, 9362, 8482, 8338, 9407, 8061, 7905, 9719, 10251, 10812, 11476, 9691, 8316,10.162259578704834,KICK
9, 7352, 6963, 6077, 6361, 9387, 6068, 7641, 7608, 7720, 8439, 8203, 8476, 7588, 7452,10.170232772827148,KICK
10, 8310, 8481, 8500, 8500, 7388, 7473, 8415, 8240, 7516, 8347, 7137, 6886, 7266, 8316,10.178128480911255,KICK
11, 8804, 8668, 9945, 8986, 7431, 9547, 8748, 8516, 8983, 9403, 9397, 9778, 9089, 8758,10.186022758483887,KICK
12, 7797, 6962, 6473, 6443, 9360, 6616, 7637, 7905, 7565, 7681, 8183, 8295, 7793, 7786,10.193630456924438,KICK
13, 8039, 9153, 9171, 9182, 7309, 8400, 8370, 8544, 8523, 8265, 8257, 7975, 8423, 8924,10.2015700340271,SQUEEZE
14, 8996, 9609, 9744, 9820, 7089, 9837, 9422, 9156, 8944, 8491, 8776, 8770, 9124, 9959,10.209707260131836,SQUEEZE
15, 8318, 7192, 6929, 7008, 8549, 7196, 7844, 8154, 7680, 7725, 7823, 7811, 7812, 9399,10.218921184539795,SQUEEZE
16, 8184, 8179, 8346, 8177, 7589, 7861, 7857, 8203, 8269, 8336, 8242, 8298, 8294, 9588,10.226815223693848,SQUEEZE
17, 8377, 8718, 8739, 8734, 8518, 8733, 8616, 8643, 8303, 8573, 8502, 8573, 8475, 9640,10.233120918273926,SQUEEZE
18, 7790, 7831, 7893, 7785, 8653, 7767, 8005, 8259, 8079, 8142, 8092, 8040, 8113, 9395,10.240850687026978,SQUEEZE
19, 8224, 8332, 8262, 8287, 8419, 8174, 8291, 8404, 8159, 7920, 8140, 8116, 8290, 9592,10.248904943466187,SQUEEZE
20, 8252, 8190, 8282, 8199, 9410, 8286, 8121, 8256, 8162, 8219, 8386, 8369, 8244, 9264,10.256728887557983,SQUEEZE
21, 8190, 8174, 8265, 8135, 8518, 8024, 8143, 8265, 8184, 8070, 8062, 8122, 8242, 9374,10.264716148376465,SQUEEZE
22, 8267, 8285, 8205, 8245, 8916, 8252, 8325, 8377, 8130, 8069, 8044, 8105, 8257, 9583,10.272570133209229,SQUEEZE
23, 7987, 8133, 8256, 8152, 9035, 8168, 8109, 8235, 8182, 8263, 8310, 8298, 8242, 9351,10.282158613204956,SQUEEZE
24, 8261, 8265, 8184, 8207, 8661, 8116, 8335, 8517, 8140, 7906, 8117, 8093, 8248, 9489,10.289581537246704,SQUEEZE
25, 8190, 8185, 8353, 8211, 9014, 8235, 8130, 8280, 8150, 8088, 8319, 8333, 8257, 9419,10.295972108840942,SQUEEZE
26, 8220, 8181, 8202, 8138, 8748, 8116, 8227, 8263, 8187, 8143, 8144, 8159, 8233, 9357,10.303845882415771,SQUEEZE
27, 8268, 8266, 8142, 8217, 8892, 8163, 8303, 8412, 8183, 8136, 8059, 8068, 8248, 9507,10.311790227890015,SQUEEZE
28, 7925, 8237, 8424, 8270, 9002, 8276, 8114, 8145, 8003, 8137, 8290, 8307, 8260, 9394,10.319739818572998,SQUEEZE
29, 8183, 8127, 8145, 8061, 8375, 8006, 8294, 8529, 8344, 8202, 8115, 8125, 8217, 9476,10.327959299087524,SQUEEZE
30, 8301, 8225, 8348, 8268, 9294, 8305, 8169, 8394, 8174, 7996, 8312, 8294, 8241, 9397,10.335751056671143,SQUEEZE
31, 8173, 8485, 8609, 8492, 9582, 8477, 8269, 8194, 7468, 7939, 8139, 8118, 8260, 9533,10.343564987182617,SQUEEZE
32, 8226, 8225, 8427, 8159, 7422, 7879, 8296, 8406, 8269, 8735, 7991, 7985, 8286, 9743,10.352958917617798,SQUEEZE
33, 8166, 7956, 8227, 7978, 10573, 8390, 8187, 8182, 8160, 7625, 8318, 8296, 8090, 8677,10.360937356948853,SQUEEZE
34, 8343, 8406, 8346, 8353, 11224, 8513, 8482, 8400, 7872, 7670, 8191, 8217, 8226, 8790,10.367173910140991,SQUEEZE
35, 8213, 8388, 8554, 8380, 6690, 7773, 8144, 8129, 8452, 8936, 8301, 8374, 8411, 9543,10.374897956848145,SQUEEZE
36, 8165, 7709, 7685, 7676, 8832, 7917, 7842, 7968, 7973, 7801, 8061, 8017, 7998, 8892,10.382668256759644,SQUEEZE
37, 8321, 8484, 8599, 8457, 9509, 8544, 8445, 8376, 8196, 8111, 8246, 8159, 8328, 9050,10.390630960464478,SQUEEZE
38, 8019, 8436, 8793, 8441, 6963, 8229, 8451, 8159, 8213, 8416, 8568, 8587, 8300, 9176,10.400127172470093,SQUEEZE
39, 7941, 7396, 7378, 7308, 8653, 7493, 7678, 8215, 7872, 7810, 7970, 8055, 7859, 8822,10.407997608184814,SQUEEZE
40, 8259, 8416, 8787, 8469, 8767, 8360, 8156, 8468, 8302, 8284, 8541, 8607, 8388, 9022,10.415900230407715,SQUEEZE
41, 8351, 8092, 8552, 8054, 7408, 8055, 8593, 8372, 8119, 8143, 8620, 8430, 8162, 8787,10.423776149749756,SQUEEZE
42, 8198, 7718, 8405, 7686, 8124, 7693, 7970, 8261, 8126, 8007, 8302, 8223, 8041, 8636,10.430030107498169,SQUEEZE
43, 8075, 8596, 8919, 8618, 8579, 8509, 8087, 8293, 8266, 8262, 8769, 8895, 8377, 8482,10.437880754470825,SQUEEZE
44, 8283, 8183, 8022, 7998, 8036, 7826, 8419, 8364, 8079, 8145, 8328, 8224, 8150, 8462,10.445647239685059,SQUEEZE
45, 8234, 8212, 8611, 8267, 8073, 8052, 8196, 8135, 8189, 8174, 8556, 8438, 8294, 8408,10.453542232513428,SQUEEZE
46, 8195, 8387, 8165, 8364, 8243, 8238, 8231, 8113, 8156, 8189, 8543, 8600, 8257, 8157,10.462867498397827,SQUEEZE
47, 8351, 8353, 8125, 8253, 7987, 7951, 8339, 8357, 8091, 8019, 8188, 8255, 8164, 8369,10.470693349838257,SQUEEZE
48, 8019, 8235, 8731, 8413, 8216, 8233, 8086, 8217, 8227, 8374, 8691, 8669, 8284, 8321,10.478448152542114,SQUEEZE
49, 8099, 8227, 8322, 8243, 8211, 8019, 8272, 8261, 8114, 8004, 8472, 8453, 8178, 8354,10.486461400985718,SQUEEZE
50, 8322, 8430, 8606, 8451, 7883, 8200, 8325, 8221, 8223, 8137, 8532, 8581, 8282, 8363,10.492776870727539,SQUEEZE
51, 8152, 8229, 8391, 8298, 8133, 8045, 8098, 8074, 8434, 8935, 8637, 8590, 8363, 8174,10.500718593597412,SQUEEZE
52, 8321, 8200, 8043, 8137, 8228, 7668, 8266, 8268, 7808, 7116, 8344, 8134, 8145, 8367,10.51018500328064,SQUEEZE
53, 8104, 8326, 8883, 8402, 8113, 8139, 8089, 8191, 8407, 7942, 8611, 8499, 8291, 8438,10.5165274143219,SQUEEZE
54, 8449, 8608, 8687, 8650, 7987, 8656, 8557, 8408, 8936, 9487, 8462, 8707, 8566, 8728,10.52602505683899,SQUEEZE
55, 8382, 7382, 6722, 7180, 8511, 7451, 8220, 8303, 7572, 7587, 7793, 7942, 7942, 8607,10.533984899520874,SQUEEZE
56, 7867, 7806, 8388, 7755, 7774, 7581, 7913, 8194, 8130, 7946, 8253, 8038, 8170, 8853,10.541934728622437,SQUEEZE
57, 8643, 9293, 9819, 9392, 7295, 9177, 9042, 8810, 8757, 8508, 8716, 8494, 8771, 9659,10.549981832504272,SQUEEZE
58, 8213, 7703, 7445, 7653, 8722, 7865, 8050, 8262, 7916, 7897, 8097, 8005, 8112, 9446,10.557850360870361,SQUEEZE
59, 7893, 7916, 7929, 7857, 7864, 7575, 7805, 8266, 8182, 8210, 8044, 8162, 8206, 9594,10.564180135726929,SQUEEZE
60, 8446, 8676, 8909, 8687, 8034, 8633, 8573, 8591, 8281, 8313, 8532, 8617, 8463, 9678,10.571920156478882,SQUEEZE
61, 8098, 7915, 8015, 7907, 8437, 7961, 7944, 7979, 8158, 8158, 8230, 8185, 8191, 9492,10.579746723175049,SQUEEZE
62, 8251, 8305, 8119, 8228, 8313, 8091, 8268, 8296, 8202, 7926, 7922, 7954, 8283, 9608,10.587545156478882,SQUEEZE
63, 8105, 8206, 8342, 8195, 9406, 8342, 8253, 8394, 8154, 8240, 8242, 8302, 8270, 9312,10.597153663635254,SQUEEZE
64, 8020, 8138, 8178, 8109, 8526, 8051, 8169, 8271, 8206, 8089, 8256, 8243, 8254, 9498,10.604941368103027,SQUEEZE
65, 8323, 8279, 8217, 8239, 8792, 8236, 8338, 8401, 8144, 7946, 8204, 8178, 8266, 9527,10.613112211227417,SQUEEZE
66, 8151, 8119, 8282, 8144, 9104, 8213, 8101, 8261, 8196, 8255, 8308, 8312, 8250, 9290,10.621060132980347,SQUEEZE
67, 8276, 8245, 8142, 8179, 8644, 8119, 8356, 8458, 8149, 8014, 7992, 7972, 8260, 9567,10.6274893283844,SQUEEZE
68, 8128, 8191, 8300, 8200, 9018, 8217, 8192, 8286, 8164, 8144, 8240, 8195, 8274, 9438,10.635663509368896,SQUEEZE
69, 8130, 8168, 8221, 8152, 8731, 8148, 8202, 8269, 8187, 8136, 8280, 8300, 8257, 9356,10.643709421157837,SQUEEZE
70, 8320, 8248, 8150, 8192, 8894, 8188, 8327, 8426, 8126, 8022, 8140, 8200, 8250, 9519,10.651632308959961,SQUEEZE
71, 7993, 8158, 8337, 8188, 8883, 8206, 8062, 8204, 8188, 8275, 8286, 8279, 8267, 9389,10.65960431098938,SQUEEZE
72, 8181, 8219, 8166, 8166, 8762, 8139, 8305, 8426, 8141, 8029, 8058, 8013, 8244, 9500,10.667304992675781,SQUEEZE
73, 8227, 8203, 8273, 8212, 8953, 8216, 8226, 8330, 8173, 8097, 8283, 8250, 8266, 9459,10.67504334449768,SQUEEZE
74, 8171, 8170, 8268, 8161, 8779, 8166, 8210, 8237, 8174, 8151, 8237, 8245, 8246, 9398,10.682911157608032,SQUEEZE
75, 8313, 8253, 8172, 8198, 8539, 8112, 8335, 8458, 8151, 8047, 7971, 8027, 8259, 9653,10.69069242477417,SQUEEZE
76, 7979, 8081, 8193, 8111, 9760, 8293, 8107, 8171, 8070, 8194, 8276, 8277, 8208, 9189,10.698451280593872,SQUEEZE
77, 8145, 8276, 8259, 8221, 8555, 8190, 8313, 8389, 8312, 8171, 8291, 8264, 8323, 9598,10.706443548202515,SQUEEZE
78, 8326, 8350, 8311, 8296, 7490, 8047, 8265, 8398, 8200, 8006, 8269, 8256, 8283, 9783,10.714179515838623,SQUEEZE
79, 8149, 7663, 7673, 7687, 11856, 8256, 8079, 8211, 7485, 7877, 7911, 7824, 7817, 8340,10.722015857696533,SQUEEZE
80, 8143, 8595, 8920, 8695, 9649, 9051, 8361, 8387, 8960, 9157, 8803, 8882, 8814, 8863,10.729841470718384,SQUEEZE
81, 8269, 8753, 8106, 8439, 4791, 7573, 8546, 8145, 8564, 8184, 8161, 8035, 8151, 9482,10.73766279220581,SQUEEZE
82, 8703, 7966, 8319, 8076, 6808, 7395, 8233, 8123, 7104, 7006, 6812, 6509, 7363, 8882,10.747091293334961,SQUEEZE
83, 8326, 8637, 11071, 9532, 8294, 10058, 7990, 8239, 8764, 8999, 8984, 9453, 9245, 8610,10.75505805015564,SQUEEZE
84, 8051, 8193, 7734, 7991, 8111, 8116, 8306, 8289, 8256, 8200, 8231, 8579, 8152, 8231,10.761360883712769,SQUEEZE
85, 8467, 7983, 7204, 7676, 7925, 7292, 8265, 8310, 7764, 7683, 7395, 7251, 7582, 8492,10.769347190856934,SQUEEZE
86, 7765, 8124, 9161, 8595, 8677, 8830, 7774, 7768, 8391, 8530, 8722, 8775, 8586, 8047,10.77720832824707,SQUEEZE
87, 7828, 8130, 8203, 8336, 8618, 8236, 8231, 8030, 7921, 7837, 8004, 8008, 8087, 8020,10.785314083099365,SQUEEZE
88, 8342, 8401, 8487, 8486, 7781, 8079, 8374, 8247, 8301, 8244, 8209, 8237, 8251, 8387,10.793290138244629,SQUEEZE
89, 8032, 8005, 7794, 7962, 8441, 7732, 7924, 7976, 8111, 8254, 8117, 8120, 7981, 7984,10.801079273223877,SQUEEZE
90, 8280, 8344, 8000, 8360, 8440, 8208, 8300, 8336, 8069, 8011, 8128, 8090, 8153, 8352,10.80893611907959,SQUEEZE
91, 8028, 8130, 8195, 8225, 8437, 8256, 8206, 8111, 8232, 8254, 8366, 8347, 8266, 8116,10.816905736923218,SQUEEZE
92, 7995, 8062, 8082, 8021, 8071, 8058, 8255, 8123, 8251, 8218, 7991, 7991, 8141, 8038,10.824806451797485,SQUEEZE
93, 8165, 8312, 8373, 8290, 7945, 8269, 8260, 8242, 8251, 8216, 8272, 8376, 8304, 8307,10.832911968231201,SQUEEZE
94, 7990, 8142, 8000, 8122, 8455, 7970, 7951, 7988, 7877, 8072, 8110, 8072, 7954, 8117,10.840880870819092,SQUEEZE
95, 8277, 8378, 8226, 8395, 8325, 8354, 8315, 8291, 8119, 8079, 8097, 8064, 8181, 8323,10.848728895187378,SQUEEZE
96, 8003, 8078, 8110, 8120, 8295, 8278, 8237, 8104, 8244, 8259, 8276, 8296, 8219, 8049,10.856615543365479,SQUEEZE
97, 7921, 8074, 8117, 8071, 7953, 8160, 8246, 8066, 8158, 8098, 8003, 7986, 8131, 7997,10.864738464355469,SQUEEZE
98, 8203, 8446, 8485, 8433, 7736, 8478, 8315, 8246, 8273, 8121, 8196, 8213, 8291, 8351,10.872631072998047,SQUEEZE
99, 7999, 8159, 8206, 8147, 8438, 8290, 8011, 8018, 8386, 8595, 8524, 8629, 8205, 8145,10.880787372589111,SQUEEZE
100, 8042, 8028, 7321, 7852, 8631, 7539, 8191, 8202, 7662, 7515, 7169, 7030, 7579, 7931,10.887222051620483,SQUEEZE
101, 8513, 8868, 9263, 9138, 7441, 9135, 8471, 8455, 8235, 8299, 8216, 8024, 8417, 8588,10.895317554473877,SQUEEZE
102, 8138, 8140, 9278, 8387, 8211, 9219, 7942, 7994, 9247, 9686, 10333, 10675, 9416, 8472,10.903226613998413,SQUEEZE
103, 7620, 6825, 6145, 6385, 9727, 5632, 7456, 7719, 7156, 7539, 7593, 7629, 7177, 7668,10.91115689277649,SQUEEZE
104, 8344, 9034, 9477, 9336, 7441, 7964, 8428, 8417, 7983, 8713, 7862, 7765, 7892, 8660,10.918921947479248,SQUEEZE
105, 8930, 9101, 9684, 9376, 7434, 9859, 9082, 8742, 9389, 9824, 9813, 10256, 9485, 9096,10.926934242248535,SQUEEZE
106, 8049, 6144, 5198, 5626, 10132, 6059, 7471, 7749, 7350, 7494, 7528, 7563, 7362, 8230,10.934901475906372,SQUEEZE
107, 8124, 7917, 8349, 7969, 7986, 7407, 7596, 8072, 8006, 7886, 7720, 7587, 7988, 9307,10.942840099334717,SQUEEZE
108, 8605, 9234, 9664, 9355, 7444, 9252, 8831, 8853, 8614, 8455, 8888, 8967, 8878, 9927,10.950519561767578,SQUEEZE
109, 7765, 7661, 7510, 7545, 8595, 7652, 8050, 8167, 7959, 8042, 8138, 8106, 8003, 9361,10.958319664001465,SQUEEZE
110, 7971, 8193, 8208, 8175, 8260, 8040, 8139, 8257, 8224, 8051, 7956, 8046, 8289, 9599,10.966071128845215,SQUEEZE
111, 8449, 8424, 8523, 8408, 9235, 8463, 8331, 8473, 8155, 8229, 8336, 8421, 8323, 9431,10.97399091720581,SQUEEZE
112, 8136, 8056, 8188, 8031, 8643, 8006, 8009, 8283, 8208, 8148, 8220, 8157, 8220, 9294,10.981771230697632,SQUEEZE
113, 8303, 8320, 8231, 8267, 8634, 8235, 8377, 8457, 8154, 7981, 8009, 8077, 8282, 9621,10.989661931991577,SQUEEZE
114, 8067, 8126, 8278, 8143, 9210, 8221, 8166, 8218, 8152, 8233, 8291, 8348, 8242, 9406,10.99758267402649,SQUEEZE
115, 8200, 8230, 8174, 8177, 8604, 8117, 8322, 8422, 8168, 7984, 8137, 8010, 8252, 9453,11.007150650024414,SQUEEZE
116, 8247, 8230, 8273, 8216, 8999, 8231, 8273, 8362, 8128, 8035, 8225, 8091, 8249, 9444,11.01348614692688,SQUEEZE
117, 8148, 8157, 8294, 8154, 8827, 8158, 8173, 8206, 8188, 8170, 8260, 8363, 8249, 9354,11.021750450134277,SQUEEZE
118, 8345, 8261, 8118, 8188, 8813, 8162, 8373, 8446, 8125, 8008, 8024, 8225, 8238, 9582,11.02939248085022,SQUEEZE
119, 8029, 8168, 8344, 8204, 8926, 8239, 8098, 8225, 8173, 8256, 8269, 8291, 8255, 9405,11.037591457366943,SQUEEZE
120, 8152, 8202, 8229, 8160, 8750, 8143, 8294, 8400, 8153, 8001, 8102, 7998, 8229, 9401,11.04563283920288,SQUEEZE
121, 8306, 8236, 8256, 8226, 8941, 8203, 8311, 8474, 8138, 7977, 8190, 8136, 8256, 9523,11.05353832244873,SQUEEZE
122, 8141, 8166, 8337, 8192, 9020, 8229, 8138, 8245, 8131, 8206, 8272, 8306, 8243, 9315,11.061449766159058,SQUEEZE
123, 8324, 8208, 8136, 8141, 8276, 8045, 8342, 8445, 8263, 8164, 7980, 8054, 8244, 9565,11.069215536117554,SQUEEZE
124, 8062, 8214, 8347, 8244, 9567, 8342, 8192, 8226, 8015, 8065, 8256, 8251, 8233, 9359,11.07703161239624,SQUEEZE
125, 8060, 8243, 8316, 8203, 9424, 8263, 8297, 8450, 8070, 8281, 8190, 8150, 8228, 9312,11.084945917129517,SQUEEZE
126, 8296, 8152, 8228, 8114, 6350, 7852, 8194, 8502, 8784, 8471, 8240, 8279, 8323, 9662,11.092796325683594,SQUEEZE
127, 8151, 7745, 7878, 7757, 9614, 8203, 8066, 8049, 7974, 7528, 8203, 8183, 7993, 8733,11.1006441116333,SQUEEZE
238, 8271, 8506, 8630, 8457, 10028, 8681, 8518, 8441, 8024, 8538, 8126, 8041, 8302, 9060,11.10842514038086,SQUEEZE
0, 8345, 8633, 8687, 8580, 5294, 8281, 8570, 8453, 8618, 8952, 8448, 8428, 8504, 9817,11.11635160446167,SQUEEZE
1, 7902, 6736, 6679, 6624, 7854, 6995, 7710, 7921, 7600, 7206, 7644, 7613, 7590, 8644,11.124157190322876,SQUEEZE
2, 7887, 8138, 8811, 8210, 9310, 8276, 8223, 8168, 8125, 8228, 8336, 8440, 8310, 8255,11.132403135299683,SQUEEZE
3, 8406, 9512, 9567, 9426, 6985, 8920, 9302, 8513, 8496, 8571, 9049, 9052, 8664, 8617,11.139756917953491,SQUEEZE
4, 8393, 8033, 8080, 7980, 7475, 7670, 8433, 8358, 8017, 7833, 8117, 8134, 8005, 8707,11.147644758224487,SQUEEZE
5, 8173, 8236, 8937, 8488, 8466, 8641, 7954, 8149, 8214, 8255, 8737, 8901, 8398, 8507,11.15554404258728,SQUEEZE
6, 8463, 8688, 8140, 8531, 8143, 8284, 8544, 8465, 8103, 8092, 8582, 8321, 8183, 8278,11.163451671600342,SQUEEZE
7, 8325, 8337, 8354, 8353, 7899, 7959, 8282, 8354, 8250, 8187, 8290, 8063, 8174, 8327,11.171460628509521,SQUEEZE
8, 7862, 7941, 8543, 8158, 8341, 8428, 8037, 7928, 8126, 8167, 8790, 8934, 8322, 7916,11.179061889648438,SQUEEZE
9, 8217, 8149, 8006, 8113, 8145, 7986, 8346, 8351, 7978, 7982, 8424, 8512, 8179, 8084,11.186874866485596,SQUEEZE
10, 8311, 8396, 8575, 8430, 8042, 8290, 8170, 8419, 8196, 8194, 8605, 8634, 8303, 8305,11.195109128952026,SQUEEZE
11, 8086, 8132, 8164, 8036, 8232, 8098, 7997, 8153, 8216, 8219, 8447, 8431, 8118, 8157,11.203864097595215,SQUEEZE
12, 8300, 8380, 8390, 8363, 7965, 8228, 8354, 8373, 8309, 8215, 8412, 8462, 8270, 8339,11.211838960647583,SQUEEZE
13, 8126, 8108, 8412, 8243, 8258, 8224, 8170, 8229, 8122, 8158, 8659, 8687, 8274, 8050,11.218189716339111,SQUEEZE
14, 8302, 8198, 8356, 8256, 8118, 8091, 8275, 8382, 8096, 8071, 8423, 8457, 8224, 8165,11.226145505905151,SQUEEZE
15, 8232, 8338, 8462, 8358, 8026, 8362, 8216, 8200, 8182, 8156, 8655, 8695, 8282, 8314,11.233909606933594,SQUEEZE
16, 7991, 8176, 8076, 8069, 8241, 8075, 8084, 8078, 8108, 8174, 8514, 8483, 8124, 8239,11.24189019203186,SQUEEZE
17, 8298, 8390, 8396, 8369, 8036, 8254, 8336, 8427, 8218, 8137, 8438, 8484, 8318, 8349,11.251116037368774,SQUEEZE
18, 8130, 8091, 8392, 8217, 8280, 8271, 8106, 8231, 8174, 8193, 8705, 8729, 8291, 7952,11.258942127227783,SQUEEZE
19, 8168, 8029, 8099, 8079, 8169, 7959, 8167, 8257, 8112, 8127, 8424, 8418, 8095, 7997,11.266624927520752,SQUEEZE
20, 8234, 8365, 8468, 8388, 7969, 8337, 8252, 8199, 8180, 8135, 8577, 8585, 8257, 8273,11.274561405181885,SQUEEZE
21, 8203, 8501, 8675, 8467, 7931, 8761, 8409, 8292, 8251, 8262, 8764, 8871, 8416, 8431,11.280863046646118,SQUEEZE
22, 8279, 7669, 7217, 7422, 8514, 7346, 8158, 8419, 7924, 8056, 8344, 8184, 7775, 8066,11.288763761520386,SQUEEZE
23, 7880, 8243, 8593, 8420, 8440, 7741, 7788, 8230, 8146, 8136, 8396, 8199, 8157, 8212,11.296600580215454,SQUEEZE
24, 8596, 9870, 10405, 10145, 6497, 10442, 9328, 9188, 8882, 8515, 8897, 9222, 9418, 9554,11.304818868637085,SQUEEZE
25, 8868, 7766, 7126, 7496, 7677, 8148, 8870, 8985, 8247, 8343, 8112, 8159, 8250, 9656,11.313565492630005,SQUEEZE
26, 8119, 7356, 7584, 7328, 8844, 6718, 7399, 7978, 8026, 8203, 7914, 7768, 7835, 9619,11.321210861206055,SQUEEZE
27, 8383, 9010, 9544, 9093, 8518, 8990, 8454, 8441, 8369, 8145, 8546, 8728, 8661, 9564,11.329566717147827,SQUEEZE
28, 8051, 7968, 8049, 7876, 8890, 8167, 8333, 8235, 8122, 8238, 8215, 8246, 8158, 9175,11.337172031402588,BRIGHT
29, 7929, 8051, 8296, 8035, 8365, 7729, 8064, 8096, 8156, 8120, 8117, 8029, 8192, 9626,11.345194816589355,BRIGHT
30, 8372, 8388, 8575, 8346, 9252, 8423, 8362, 8383, 8158, 8030, 8463, 8398, 8294, 9301,11.35297703742981,BRIGHT
31, 8257, 8004, 8304, 7989, 9135, 8046, 8114, 8252, 8285, 8587, 8225, 8214, 8187, 9201,11.360756635665894,BRIGHT
32, 8391, 8390, 8455, 8351, 8675, 8227, 8397, 8333, 7915, 7559, 7910, 7987, 8318, 9656,11.368868589401245,BRIGHT
33, 8036, 8090, 8485, 8098, 9148, 8183, 8168, 8229, 8273, 8097, 8248, 8317, 8206, 9221,11.37662672996521,BRIGHT
34, 8287, 8010, 8207, 7955, 8675, 7991, 8290, 8268, 8579, 8888, 8238, 8123, 8223, 9248,11.384572744369507,BRIGHT
35, 8535, 8461, 8415, 8436, 9156, 8350, 8449, 8274, 7515, 7235, 8127, 7995, 8338, 9737,11.392388582229614,BRIGHT
36, 8005, 8136, 8218, 8149, 8994, 8203, 8069, 8282, 8102, 8071, 8289, 8354, 8259, 9382,11.400188446044922,BRIGHT
37, 8311, 8068, 8061, 8002, 8682, 8002, 8329, 8435, 8485, 8728, 8058, 8180, 8229, 9375,11.408063888549805,BRIGHT
38, 8164, 8247, 8452, 8268, 9044, 8250, 8184, 8204, 7934, 8199, 8265, 8258, 8310, 9505,11.41590166091919,BRIGHT
39, 8024, 8154, 8007, 8114, 8968, 8192, 8206, 8381, 8217, 8185, 8174, 8126, 8236, 9345,11.42368221282959,BRIGHT
40, 8330, 8193, 8239, 8182, 8832, 8095, 8328, 8468, 8172, 7805, 8119, 8155, 8269, 9509,11.43170166015625,BRIGHT
41, 8141, 8128, 8342, 8169, 8951, 8200, 8112, 8198, 8154, 8219, 8295, 8311, 8266, 9363,11.43948745727539,BRIGHT
42, 8313, 8225, 7976, 8154, 8979, 8179, 8368, 8394, 8159, 8163, 8039, 7984, 8221, 9394,11.44748592376709,BRIGHT
43, 8081, 8195, 8334, 8215, 8867, 8144, 8183, 8260, 8163, 8147, 8231, 8195, 8278, 9431,11.455225467681885,BRIGHT
44, 8016, 8160, 8190, 8144, 8980, 8189, 8206, 8240, 8173, 8097, 8196, 8225, 8227, 9319,11.46328330039978,BRIGHT
45, 8328, 8259, 8136, 8214, 8887, 8173, 8338, 8430, 8113, 8003, 8101, 8165, 8242, 9443,11.471282243728638,BRIGHT
46, 8124, 8145, 8296, 8183, 9002, 8188, 8112, 8181, 8198, 8240, 8315, 8304, 8252, 9323,11.477693557739258,BRIGHT
47, 8260, 8232, 8125, 8172, 8788, 8146, 8350, 8391, 8126, 7957, 8054, 7954, 8229, 9426,11.485569477081299,BRIGHT
48, 8122, 8217, 8260, 8218, 9035, 8197, 8211, 8282, 8128, 8074, 8212, 8176, 8261, 9393,11.49513053894043,BRIGHT
49, 8018, 8145, 8181, 8134, 9377, 8189, 8190, 8174, 8184, 8217, 8256, 8314, 8223, 9271,11.502912759780884,BRIGHT
50, 8340, 8270, 8158, 8229, 7904, 8078, 8349, 8496, 8248, 8031, 8140, 8192, 8279, 9597,11.510887145996094,BRIGHT
51, 8112, 8132, 8261, 8177, 9969, 8340, 8129, 8187, 7880, 8037, 8336, 8288, 8201, 9158,11.518610000610352,BRIGHT
52, 8149, 8170, 8121, 8119, 10757, 8161, 8258, 8403, 8264, 8483, 8063, 7966, 8213, 9257,11.526470184326172,BRIGHT
53, 8206, 8278, 8331, 8292, 7398, 8020, 8284, 8406, 8699, 8251, 8218, 8188, 8371, 9554,11.534255027770996,BRIGHT
54, 8109, 8009, 8024, 8023, 8437, 8321, 8121, 8227, 7690, 7431, 8314, 8354, 8127, 8691,11.54224681854248,BRIGHT
55, 8196, 8292, 8131, 8223, 9236, 8295, 8265, 8395, 8227, 8895, 8228, 8255, 8281, 9167,11.549758911132812,BRIGHT
56, 8100, 8152, 8003, 8074, 7629, 7752, 8310, 7918, 8350, 8499, 8085, 8004, 8107, 9496,11.557591199874878,BRIGHT
57, 8028, 7874, 8185, 7969, 8577, 8217, 7904, 7975, 7859, 7303, 8187, 8237, 8224, 8930,11.56551480293274,BRIGHT
58, 8079, 8307, 8285, 8281, 8317, 8427, 8038, 8322, 8519, 8766, 8677, 8859, 8547, 8925,11.573388814926147,BRIGHT
59, 8566, 7696, 6234, 7170, 6464, 6248, 8730, 8137, 7292, 7712, 6842, 6459, 6966, 8863,11.581166505813599,BRIGHT
60, 8888, 8331, 9069, 8622, 6529, 8301, 8650, 8215, 7871, 7496, 7842, 7743, 8094, 9189,11.590153455734253,BRIGHT
61, 8148, 8754, 9866, 9130, 8464, 9645, 8104, 8289, 8865, 8791, 9317, 9799, 9114, 8479,11.597892761230469,BRIGHT
62, 8386, 8099, 7031, 7681, 8362, 7424, 8468, 8587, 7903, 8071, 7471, 7466, 7682, 8327,11.604162454605103,BRIGHT
63, 8303, 8196, 8549, 8362, 8066, 8348, 8138, 8136, 8367, 8223, 8329, 8319, 8372, 8477,11.611921072006226,BRIGHT
64, 7655, 8026, 8500, 8315, 8522, 8446, 7644, 7725, 8249, 8327, 8355, 8452, 8321, 7716,11.619693994522095,BRIGHT
65, 8316, 8498, 8303, 8504, 7810, 8168, 8423, 8216, 8013, 8005, 7893, 7885, 8106, 8266,11.628968477249146,BRIGHT
66, 8216, 8333, 8276, 8284, 8092, 8091, 8254, 8024, 8154, 8153, 8556, 8581, 8329, 8212,11.636789560317993,BRIGHT
67, 8015, 8087, 7649, 7969, 8632, 7797, 8048, 8069, 8027, 8127, 7905, 7881, 8001, 7988,11.644581317901611,BRIGHT
68, 8176, 8387, 8309, 8460, 8189, 8475, 8227, 8343, 8326, 8312, 8174, 8266, 8277, 8346,11.65232253074646,BRIGHT
69, 7836, 8016, 7986, 8035, 8189, 8153, 8041, 8043, 8098, 8251, 8074, 8057, 8040, 8049,11.660077571868896,BRIGHT
70, 8119, 8284, 8115, 8213, 7957, 8122, 8382, 8201, 7865, 7773, 7767, 7637, 8081, 8223,11.667855739593506,BRIGHT
71, 8097, 8504, 8878, 8625, 7964, 8784, 8281, 8124, 8368, 8421, 8964, 9095, 8610, 8286,11.675628423690796,BRIGHT
72, 7875, 7886, 7472, 7792, 8550, 7873, 8010, 8078, 8190, 8249, 8183, 8295, 7996, 7778,11.683340311050415,BRIGHT
73, 8372, 8032, 7112, 7836, 7975, 7233, 8422, 8283, 7234, 7087, 6022, 5511, 7043, 7818,11.691134452819824,BRIGHT
74, 8684, 9570, 11532, 10301, 6986, 10826, 8773, 8434, 9137, 9381, 9242, 9318, 9480, 8772,11.698949813842773,BRIGHT
75, 8226, 8269, 9032, 8477, 8705, 9537, 8171, 8403, 9063, 9048, 10198, 10854, 9625, 8635,11.706723928451538,BRIGHT
76, 7929, 6709, 5423, 6227, 9492, 5798, 7568, 8049, 7087, 7127, 7013, 6791, 7045, 8618,11.71461009979248,BRIGHT
77, 8711, 8939, 9798, 9152, 6955, 8831, 8760, 8499, 8763, 9051, 8516, 8427, 8629, 9868,11.72410249710083,BRIGHT
78, 8603, 8713, 9147, 8751, 7433, 9067, 8877, 8730, 8549, 8754, 9053, 9410, 8857, 9645,11.732117891311646,BRIGHT
79, 7645, 7482, 7006, 7355, 8488, 7106, 7655, 8164, 7751, 7713, 7740, 7671, 7790, 9430,11.73842191696167,BRIGHT
80, 8116, 8477, 8551, 8480, 8626, 8259, 8304, 8365, 8454, 8118, 8292, 8149, 8483, 9814,11.746216058731079,BRIGHT
81, 8447, 8231, 8483, 8202, 9267, 8338, 8417, 8405, 8075, 8221, 8446, 8435, 8238, 9288,11.75393295288086,BRIGHT
82, 8092, 8046, 8006, 8052, 8030, 7904, 8006, 8301, 8210, 8156, 8031, 8056, 8218, 9394,11.761734962463379,BRIGHT
83, 8223, 8337, 8156, 8282, 8963, 8260, 8403, 8416, 8173, 7871, 7961, 7957, 8313, 9518,11.771020650863647,BRIGHT
84, 8111, 8074, 8345, 8082, 9516, 8165, 8126, 8213, 8144, 8193, 8336, 8299, 8212, 9084,11.778737783432007,BRIGHT
85, 8318, 8266, 8204, 8200, 8345, 8094, 8321, 8387, 8190, 8072, 8163, 8213, 8260, 9409,11.786930322647095,BRIGHT
86, 8167, 8211, 8189, 8201, 9288, 8259, 8257, 8280, 8109, 8204, 8230, 8298, 8236, 9468,11.794708490371704,BRIGHT
87, 8013, 8147, 8226, 8154, 8906, 8117, 8164, 8247, 8203, 8195, 8192, 8169, 8252, 9350,11.802461862564087,BRIGHT
88, 8302, 8260, 8198, 8209, 8862, 8170, 8372, 8454, 8114, 7884, 8059, 8036, 8233, 9495,11.808681964874268,BRIGHT
89, 8149, 8151, 8327, 8195, 9126, 8232, 8102, 8203, 8166, 8168, 8358, 8364, 8248, 9343,11.818006753921509,BRIGHT
90, 8290, 8223, 8122, 8172, 8750, 8098, 8324, 8377, 8143, 8097, 8055, 8074, 8243, 9481,11.825786590576172,BRIGHT
91, 8177, 8225, 8184, 8205, 9159, 8222, 8271, 8293, 8143, 8179, 8130, 8126, 8251, 9480,11.833589792251587,BRIGHT
92, 7969, 8163, 8280, 8162, 9178, 8202, 8167, 8159, 8176, 8146, 8279, 8270, 8236, 9297,11.841320514678955,BRIGHT
93, 8319, 8277, 8216, 8219, 8196, 8061, 8364, 8511, 8166, 7912, 8085, 8141, 8262, 9697,11.849075317382812,BRIGHT
94, 8175, 8090, 8180, 8127, 9864, 8307, 8132, 8238, 8058, 8177, 8278, 8300, 8196, 9305,11.856799364089966,BRIGHT
95, 8233, 8254, 8225, 8215, 9638, 8251, 8330, 8371, 8225, 8152, 8146, 8042, 8275, 9325,11.864804744720459,BRIGHT
96, 8249, 8434, 8393, 8374, 6015, 7982, 8351, 8473, 8320, 8048, 8207, 8115, 8371, 9676,11.872291326522827,BRIGHT
97, 7973, 7626, 7534, 7620, 8894, 8086, 8045, 8195, 7535, 7981, 8070, 8114, 7809, 8455,11.880433797836304,BRIGHT
98, 8219, 8373, 8504, 8455, 9725, 8924, 8352, 8464, 8595, 8900, 8601, 8773, 8543, 8877,11.887776136398315,BRIGHT
99, 8337, 8570, 8056, 8310, 5909, 7699, 8498, 8211, 8652, 8141, 8311, 8195, 8280, 9537,11.89563250541687,BRIGHT
100, 8093, 7134, 7273, 7074, 6988, 6658, 7773, 7767, 7206, 7087, 6938, 6679, 7195, 8440,11.904866456985474,BRIGHT
101, 7893, 8111, 10285, 8856, 8556, 9476, 7737, 8061, 8485, 8928, 8788, 9344, 8864, 8198,11.912758588790894,BRIGHT
102, 8319, 8707, 8375, 8559, 8357, 8717, 8650, 8501, 8006, 8030, 8551, 8934, 8299, 8547,11.920428276062012,BRIGHT
103, 8723, 8283, 7401, 7941, 7758, 7546, 8580, 8478, 7588, 7429, 7624, 7376, 7694, 8832,11.928298473358154,BRIGHT
104, 7742, 8137, 9249, 8598, 8437, 8829, 7781, 7808, 8613, 8754, 8786, 8887, 8690, 8015,11.936042547225952,BRIGHT
105, 7845, 8261, 8353, 8401, 8558, 8337, 8233, 8103, 8038, 8023, 7946, 8077, 8055, 7957,11.94380235671997,BRIGHT
106, 8471, 8486, 8394, 8433, 7876, 8190, 8374, 8266, 8297, 8219, 8204, 8270, 8255, 8595,11.951520442962646,BRIGHT
107, 7978, 7875, 7682, 7747, 8448, 7832, 7840, 7745, 8317, 8418, 8156, 8203, 8121, 8005,11.959361791610718,BRIGHT
108, 8286, 8306, 8072, 8234, 8041, 8368, 8327, 8155, 8175, 8109, 7830, 7828, 8093, 8218,11.967285394668579,BRIGHT
109, 8251, 8342, 8593, 8356, 8060, 8558, 8262, 8137, 8163, 8181, 8478, 8515, 8267, 8217,11.975286722183228,BRIGHT
110, 8049, 8032, 8031, 7918, 8458, 7969, 8118, 8108, 7903, 7965, 8075, 7981, 7992, 8010,11.983299970626831,BRIGHT
111, 8206, 8404, 8346, 8418, 8262, 8353, 8302, 8377, 8212, 8139, 8262, 8280, 8323, 8296,11.99074649810791,BRIGHT
112, 7850, 8223, 8059, 8234, 8236, 8111, 8036, 8034, 8239, 8308, 8202, 8264, 8130, 8145,11.998634815216064,BRIGHT
113, 8013, 8292, 8049, 8244, 7874, 8207, 8320, 8146, 8188, 8169, 7686, 7652, 8070, 8232,12.006705522537231,BRIGHT
114, 8242, 8384, 8605, 8512, 7790, 8711, 8348, 8181, 8339, 8238, 8583, 8684, 8495, 8304,12.01442813873291,BRIGHT
115, 7946, 7914, 7889, 7886, 8329, 7876, 7921, 7993, 8326, 8361, 8557, 8772, 8227, 8045,12.022239685058594,BRIGHT
116, 8040, 8048, 7575, 7890, 8110, 7495, 8036, 8075, 7749, 7932, 6974, 6841, 7550, 8247,12.030120849609375,BRIGHT
117, 8357, 8671, 9735, 9004, 7602, 9592, 8239, 8112, 8526, 8315, 8993, 9066, 9032, 8626,12.03811264038086,BRIGHT
118, 7854, 7437, 7751, 7217, 8967, 7829, 7762, 8104, 8869, 8620, 9715, 10143, 8900, 7911,12.045897483825684,BRIGHT
119, 7758, 7648, 6841, 7231, 8828, 6301, 7969, 8054, 7670, 8075, 7337, 7261, 6995, 7945,12.053621053695679,BRIGHT
120, 8527, 9536, 10337, 9915, 6981, 9686, 8995, 8412, 8262, 8174, 8685, 8801, 8630, 9029,12.063077449798584,BRIGHT
121, 8239, 7234, 7323, 7027, 8863, 7662, 8116, 8310, 8083, 7699, 8755, 9049, 8376, 8127,12.06938099861145,BRIGHT
122, 7660, 6615, 6952, 6335, 9494, 5923, 7143, 7839, 8045, 8541, 7417, 7286, 7356, 8125,12.077082872390747,BRIGHT
123, 8683, 9814, 10840, 10093, 6784, 9640, 8906, 8514, 8383, 8352, 8513, 8633, 8995, 10095,12.085155725479126,BRIGHT
124, 8495, 8632, 8432, 8578, 7145, 8779, 8778, 8606, 7508, 7158, 8388, 8493, 8435, 9855,12.09287691116333,BRIGHT
125, 7742, 7295, 7367, 7195, 7871, 7110, 7674, 8222, 8435, 8780, 7958, 7915, 7924, 9161,12.100907564163208,BRIGHT
126, 8414, 8626, 8934, 8643, 8943, 8569, 8512, 8428, 8403, 8602, 8424, 8573, 8477, 9599,12.108628511428833,BRIGHT
127, 8034, 8226, 8248, 8201, 9384, 8308, 8178, 8233, 7844, 7837, 8372, 8390, 8235, 9377,12.117854118347168,BRIGHT
238, 7963, 8052, 7970, 8002, 8200, 7923, 8130, 8360, 8372, 8153, 7949, 7932, 8245, 9491,12.125581979751587,BRIGHT
0, 8404, 8257, 8385, 8254, 9252, 8289, 8330, 8368, 8118, 8076, 8131, 8248, 8290, 9496,12.13332200050354,BRIGHT
1, 8142, 8099, 8271, 8106, 9037, 8099, 8019, 8271, 8178, 8262, 8309, 8288, 8248, 9306,12.141162157058716,BRIGHT
2, 8265, 8262, 8199, 8204, 8682, 8175, 8367, 8471, 8173, 7897, 8174, 7943, 8265, 9522,12.14768385887146,BRIGHT
3, 8101, 8130, 8348, 8164, 9212, 8199, 8197, 8221, 8144, 8116, 8342, 8272, 8266, 9386,12.155539751052856,BRIGHT
4, 8260, 8210, 8096, 8161, 8722, 8106, 8290, 8338, 8193, 8138, 8050, 8265, 8248, 9418,12.164836406707764,BRIGHT
5, 8261, 8238, 8256, 8203, 9052, 8221, 8247, 8353, 8135, 8125, 8099, 8233, 8252, 9476,12.172573328018188,BRIGHT
6, 7978, 8155, 8341, 8169, 9090, 8190, 8120, 8202, 8209, 8248, 8303, 8237, 8255, 9354,12.180324077606201,BRIGHT
7, 8288, 8353, 8158, 8265, 8419, 8171, 8367, 8491, 8177, 7989, 8147, 8118, 8289, 9660,12.188023328781128,BRIGHT
8, 8189, 8016, 7978, 7982, 9504, 8031, 8129, 8222, 8018, 8044, 8170, 8163, 8094, 9305,12.195971488952637,BRIGHT
9, 8202, 8122, 8474, 8209, 9428, 8227, 8165, 8287, 8166, 8035, 8110, 8106, 8258, 9291,12.203874588012695,BRIGHT
10, 8311, 8810, 8808, 8757, 7061, 8618, 8394, 8595, 8566, 8562, 8559, 8595, 8683, 9827,12.211515426635742,BRIGHT
11, 7926, 7222, 6357, 6920, 10286, 7014, 8102, 8012, 7174, 7542, 7357, 7161, 7235, 8341,12.21961522102356,BRIGHT
12, 7996, 7315, 9066, 8017, 11022, 8287, 7932, 7932, 8000, 7316, 7794, 8031, 8114, 7936,12.227336645126343,BRIGHT
13, 8182, 8994, 11089, 9778, 7144, 9942, 8306, 8291, 9175, 9006, 9287, 9999, 9355, 8612,12.23459243774414,BRIGHT
14, 8599, 8358, 7112, 7918, 7964, 7745, 8578, 8606, 7385, 8525, 7629, 7603, 7532, 8594,12.244017601013184,BRIGHT
15, 8319, 8035, 8160, 8091, 8740, 8028, 8099, 8276, 8170, 8099, 8212, 8144, 8207, 8449,12.252058982849121,BRIGHT
16, 7768, 8252, 8914, 8467, 8060, 8558, 8101, 7848, 8356, 7594, 8359, 8586, 8477, 7819,12.259855508804321,BRIGHT
17, 8499, 8559, 7911, 8276, 7624, 8117, 8705, 8558, 7871, 8159, 7736, 7738, 7937, 8388,12.266026735305786,BRIGHT
18, 8138, 8084, 8009, 8003, 8054, 8006, 8150, 8207, 8472, 8801, 8637, 8555, 8419, 8282,12.273733854293823,BRIGHT
19, 7745, 7731, 7616, 7706, 8474, 7882, 7976, 7850, 7934, 7584, 7998, 7885, 8050, 7766,12.283012866973877,BRIGHT
20, 8268, 8538, 8491, 8610, 7791, 8721, 8388, 8283, 8315, 8358, 8227, 8306, 8314, 8341,12.290863275527954,BRIGHT
21, 8028, 8257, 8043, 8262, 8382, 8232, 8024, 7963, 8189, 8438, 8210, 8217, 8029, 8072,12.299585819244385,BRIGHT
22, 8266, 8339, 8124, 8280, 8452, 8174, 8371, 8227, 8070, 7974, 7983, 7932, 8067, 8223,12.30599308013916,BRIGHT
23, 8210, 8257, 8390, 8239, 8261, 8245, 8384, 8225, 8164, 8282, 8312, 8325, 8256, 8112,12.313877820968628,BRIGHT
24, 8077, 8159, 8155, 8102, 8031, 8139, 8230, 8156, 7993, 8012, 8130, 8088, 8127, 7979,12.32167673110962,BRIGHT
25, 8291, 8435, 8265, 8397, 7886, 8430, 8312, 8339, 8275, 8195, 8247, 8295, 8355, 8281,12.3294198513031,BRIGHT
26, 8048, 8235, 7967, 8217, 8296, 8202, 8050, 8040, 8142, 8311, 8019, 8002, 8018, 8073,12.337264060974121,BRIGHT
27, 8206, 8378, 8238, 8392, 8210, 8350, 8348, 8284, 8174, 8208, 7856, 7834, 8098, 8226,12.344961643218994,BRIGHT
28, 8165, 8233, 8447, 8279, 8328, 8375, 8298, 8301, 8187, 8174, 8538, 8633, 8389, 8196,12.352706909179688,BRIGHT
29, 7988, 7961, 7947, 7916, 8520, 7982, 8078, 8107, 7877, 8058, 8181, 8138, 7981, 7896,12.362007141113281,BRIGHT
30, 8336, 8370, 8067, 8319, 7887, 8208, 8391, 8299, 7778, 7890, 7271, 7038, 7801, 8263,12.369748830795288,BRIGHT
31, 8361, 8672, 9229, 8872, 7686, 9205, 8294, 8172, 8865, 8565, 9713, 10143, 9240, 8486,12.37760853767395,BRIGHT
32, 7573, 7289, 6825, 6961, 9222, 6904, 7541, 7920, 8704, 8673, 9508, 10150, 8483, 7483,12.385565280914307,BRIGHT
33, 8138, 7838, 6659, 7476, 8458, 6418, 8161, 8155, 7262, 7776, 6865, 6664, 6743, 7821,12.39172625541687,BRIGHT
34, 9107, 9586, 10555, 9947, 6695, 9966, 9136, 8532, 8343, 8161, 9065, 9182, 8869, 9258,12.399516344070435,BRIGHT
35, 8196, 7471, 7516, 7212, 8676, 7655, 8145, 7948, 8242, 7885, 9121, 9489, 8449, 8014,12.408731937408447,BRIGHT
36, 7709, 7743, 7317, 7631, 8738, 6723, 7769, 7827, 7948, 8473, 7565, 7304, 7366, 7845,12.416456460952759,BRIGHT
37, 8979, 10731, 11404, 11218, 6428, 10686, 9543, 9305, 8897, 8715, 9037, 8991, 9466, 10236,12.424217224121094,BRIGHT
38, 8633, 8451, 8197, 8291, 7870, 8687, 8914, 9282, 7947, 7165, 8438, 8524, 8557, 10088,12.432329893112183,BRIGHT
39, 7709, 6986, 7159, 6853, 8103, 6785, 7618, 8172, 8467, 8429, 7862, 7819, 7716, 9067,12.440051555633545,BRIGHT
40, 8437, 8799, 9035, 8882, 8221, 8720, 8568, 8275, 8531, 8666, 8515, 8656, 8580, 9466,12.448032855987549,BRIGHT
41, 8159, 8279, 8168, 8224, 9405, 8356, 8105, 8341, 7759, 7853, 8270, 8338, 8231, 9429,12.456087112426758,BRIGHT
42, 7887, 7877, 7969, 7821, 8286, 7771, 7861, 8362, 8395, 8210, 8047, 7959, 8181, 9397,12.46281909942627,KICK
43, 8410, 8336, 8345, 8320, 8939, 8325, 8450, 8368, 8151, 8061, 8366, 8282, 8306, 9448,12.471685886383057,KICK
44, 8146, 8080, 8265, 8081, 9224, 8136, 8081, 8257, 8102, 8330, 8255, 8284, 8231, 9304,12.479642868041992,KICK
45, 8296, 8253, 8171, 8195, 8477, 8117, 8299, 8464, 8219, 8083, 7825, 7954, 8281, 9504,12.487895727157593,KICK
46, 8102, 8156, 8315, 8179, 9130, 8192, 8181, 8255, 8135, 8133, 8184, 8232, 8258, 9357,12.495725154876709,KICK
47, 8149, 8174, 8147, 8142, 8836, 8146, 8272, 8328, 8192, 8125, 8343, 8269, 8238, 9311,12.503474235534668,KICK
48, 8339, 8241, 8218, 8204, 8849, 8163, 8265, 8443, 8140, 8016, 8265, 8202, 8260, 9476,12.511410236358643,KICK
49, 8069, 8128, 8320, 8150, 8958, 8173, 8012, 8220, 8212, 8270, 8274, 8270, 8254, 9291,12.519276142120361,KICK
50, 8260, 8245, 8089, 8178, 8849, 8155, 8335, 8449, 8110, 7967, 7928, 7965, 8227, 9425,12.525724172592163,KICK
51, 8194, 8182, 8317, 8196, 9021, 8171, 8239, 8289, 8169, 8097, 8228, 8246, 8263, 9358,12.535055160522461,KICK
52, 8217, 8199, 8229, 8165, 8863, 8149, 8274, 8260, 8181, 8120, 8282, 8252, 8233, 9306,12.542837381362915,KICK
53, 8311, 8281, 8196, 8237, 8635, 8154, 8282, 8433, 8122, 8102, 8173, 8115, 8246, 9491,12.55045223236084,KICK
54, 7971, 8084, 8231, 8122, 9876, 8250, 8051, 8139, 8084, 8226, 8283, 8252, 8199, 9145,12.558164834976196,KICK
55, 8229, 8363, 8325, 8304, 8344, 8136, 8346, 8481, 8351, 8051, 8058, 8131, 8301, 9547,12.56589150428772,KICK
56, 8335, 8321, 8361, 8312, 7542, 8164, 8265, 8396, 8038, 7958, 8230, 8277, 8233, 9320,12.57376503944397,KICK
57, 8108, 7659, 7707, 7688, 11423, 8216, 8028, 8123, 7613, 8211, 8165, 8028, 7972, 8300,12.58306360244751,KICK
58, 8275, 8703, 8804, 8693, 8620, 8586, 8415, 8594, 8931, 8872, 8553, 8514, 8638, 9304,12.59083366394043,KICK
59, 8281, 8405, 8069, 8210, 5093, 7588, 8294, 8269, 8088, 7476, 8131, 8054, 7941, 9386,12.596999168395996,KICK
60, 7964, 7049, 7850, 7258, 8394, 7550, 7428, 7839, 7489, 7566, 8149, 8093, 7874, 8185,12.604753971099854,KICK
61, 7690, 7860, 8846, 8073, 9807, 8714, 7684, 8095, 8922, 9293, 9589, 9991, 8940, 8063,12.612687587738037,KICK
62, 8398, 8308, 6515, 7619, 8250, 7160, 8800, 8583, 7687, 7627, 7726, 7842, 7350, 8608,12.62162446975708,KICK
63, 8688, 8380, 8240, 8406, 7575, 8056, 8425, 8417, 7916, 7799, 7752, 7717, 7889, 8750,12.629464864730835,KICK
64, 7731, 8175, 9206, 8538, 8721, 8891, 7626, 7658, 8582, 8666, 8995, 9177, 8788, 7768,12.637350082397461,KICK
65, 8165, 8437, 7613, 8076, 8216, 7787, 8327, 8100, 7813, 7740, 7701, 7666, 7834, 8110,12.645057916641235,KICK
66, 8409, 8643, 8347, 8490, 7569, 8244, 8468, 8194, 8334, 8317, 8196, 8215, 8272, 8508,12.652892351150513,KICK
67, 7830, 7905, 7763, 7803, 8574, 7964, 7937, 7813, 8144, 8264, 8158, 8150, 8047, 7982,12.660583257675171,KICK
68, 8232, 8255, 8204, 8159, 8367, 8305, 8179, 8201, 8083, 8020, 8118, 8097, 8139, 8359,12.667905807495117,KICK
69, 8033, 8035, 8193, 8019, 8202, 8193, 7947, 8019, 8258, 8294, 8392, 8434, 8278, 8140,12.675609827041626,KICK
70, 8033, 7985, 7915, 7957, 7845, 8079, 8061, 8133, 8259, 8248, 7934, 7937, 8139, 8194,12.68497347831726,KICK
71, 8151, 8129, 8231, 8193, 8003, 8427, 8064, 8163, 8310, 8302, 8321, 8382, 8288, 8308,12.692732334136963,KICK
72, 8041, 8021, 7789, 7955, 8572, 7928, 7921, 7983, 7923, 8107, 8043, 7991, 7892, 8036,12.700560092926025,KICK
73, 8219, 8328, 8019, 8246, 8343, 8053, 8184, 8273, 8011, 7994, 7895, 7821, 8077, 8311,12.708287000656128,KICK
74, 8019, 8239, 8625, 8354, 8023, 8573, 8047, 8085, 8420, 8293, 8964, 8998, 8660, 8267,12.716107606887817,KICK
75, 7735, 7730, 7295, 7582, 8383, 7509, 7848, 8022, 7933, 8058, 7795, 7906, 7804, 7828,12.723804235458374,KICK
76, 8286, 8448, 7731, 8347, 7686, 8011, 8355, 8214, 7301, 7623, 6571, 6413, 7170, 8174,12.731594800949097,KICK
77, 8593, 9148, 10389, 9578, 7155, 10391, 8594, 7988, 8532, 8350, 9452, 9347, 9194, 8485,12.73965048789978,KICK
78, 8102, 7868, 8333, 7796, 8444, 8251, 8141, 7903, 8498, 8108, 9510, 9560, 8849, 7925,12.747458696365356,KICK
79, 8406, 8382, 7867, 8294, 7795, 7582, 8439, 8187, 7916, 8348, 7720, 7721, 7570, 8353,12.755374670028687,KICK
80, 8973, 9294, 9458, 9469, 7016, 9683, 9085, 8455, 8650, 8597, 9053, 9422, 8866, 8955,12.763315439224243,KICK
81, 7980, 7053, 6624, 6617, 9220, 6837, 7889, 7961, 7710, 6633, 8377, 8427, 7856, 7865,12.771400213241577,KICK
82, 7772, 7945, 8466, 7926, 8097, 7099, 7619, 8002, 8288, 7657, 7748, 7460, 7874, 8425,12.779188394546509,KICK
83, 9010, 9885, 10372, 10111, 6106, 9957, 9216, 8885, 8833, 8498, 8622, 8697, 9219, 10058,12.786885738372803,KICK
84, 8206, 7847, 7389, 7655, 7508, 7881, 8340, 8406, 7712, 7756, 8065, 8049, 8086, 9567,12.79465937614441,KICK
85, 7521, 7694, 7916, 7671, 7979, 7422, 7755, 8171, 8308, 8418, 8118, 8107, 8068, 9274,12.802337884902954,KICK
86, 8514, 8730, 8952, 8759, 9031, 8778, 8582, 8577, 8295, 8401, 8520, 8649, 8513, 9595,12.810201168060303,KICK
87, 8251, 7946, 8010, 7916, 9126, 7985, 7917, 8239, 8042, 8486, 8189, 8201, 8161, 9298,12.817882776260376,KICK
88, 8223, 8205, 8144, 8148, 8285, 8054, 8207, 8405, 8259, 8211, 8138, 8053, 8281, 9515,12.825782299041748,KICK
89, 8123, 8217, 8274, 8209, 9451, 8282, 8311, 8315, 8120, 8098, 8384, 8333, 8271, 9383,12.83371090888977,KICK
90, 8033, 8116, 8236, 8098, 8853, 8072, 8169, 8293, 8218, 8170, 8115, 8204, 8245, 9326,12.841707944869995,KICK
91, 8354, 8273, 8298, 8234, 8803, 8198, 8330, 8485, 8145, 7943, 8018, 8136, 8273, 9496,12.849558353424072,KICK
92, 8146, 8117, 8303, 8144, 9160, 8199, 8061, 8236, 8183, 8240, 8330, 8341, 8250, 9256,12.857341051101685,KICK
93, 8257, 8257, 8095, 8181, 8547, 8112, 8320, 8462, 8178, 8032, 8074, 8000, 8251, 9450,12.865324258804321,KICK
94, 8158, 8190, 8309, 8184, 9313, 8232, 8240, 8326, 8145, 8173, 8221, 8175, 8244, 9342,12.873180866241455,KICK
95, 8104, 8159, 8286, 8150, 9319, 8223, 8209, 8245, 8173, 8163, 8256, 8316, 8220, 9212,12.880975723266602,KICK
96, 8342, 8311, 8210, 8251, 7746, 8019, 8326, 8509, 8198, 7943, 8082, 8188, 8288, 9642,12.888901472091675,KICK
97, 8042, 8086, 8177, 8116, 10509, 8397, 8111, 8227, 8050, 8232, 8316, 8283, 8173, 8952,12.896599531173706,KICK
98, 8187, 8184, 8103, 8130, 11081, 8284, 8366, 8434, 8194, 8265, 8139, 7995, 8182, 8855,12.905850648880005,KICK
99, 8258, 8409, 8563, 8404, 7128, 7902, 8300, 8331, 8297, 8070, 8268, 8208, 8393, 9344,12.913514375686646,KICK
100, 8120, 8094, 8103, 8063, 8697, 8172, 8132, 8206, 7827, 8060, 8233, 8252, 8148, 8898,12.921245336532593,KICK
101, 8288, 8192, 7879, 8093, 9262, 8130, 8306, 8428, 8510, 8772, 8054, 8098, 8226, 9008,12.929120779037476,KICK
102, 8066, 8189, 8320, 8193, 7370, 8031, 8172, 8004, 8493, 7937, 8308, 8345, 8307, 8938,12.936863899230957,KICK
103, 8054, 7978, 8041, 7926, 8421, 8045, 8096, 8203, 7807, 7687, 8107, 8084, 8101, 8814,12.94465160369873,KICK
104, 8308, 8496, 8601, 8519, 7718, 8396, 8298, 8440, 8482, 9086, 8440, 8428, 8434, 9157,12.95223355293274,KICK
105, 8229, 7909, 8017, 7881, 7602, 7932, 8117, 8074, 8120, 7898, 8262, 8285, 8166, 8763,12.960025072097778,KICK
106, 8112, 7894, 8127, 7832, 8859, 7853, 7903, 8160, 7966, 7798, 8112, 8176, 8106, 8595,12.967868328094482,KICK
107, 8250, 8778, 9237, 8838, 7984, 8709, 8414, 8323, 8437, 8703, 8812, 8819, 8533, 8884,12.975765943527222,KICK
108, 8416, 7993, 8277, 7921, 7488, 7937, 8329, 8305, 8098, 7952, 8117, 8042, 8186, 8802,12.983644723892212,KICK
109, 8254, 8146, 8643, 8171, 8341, 8159, 8199, 8286, 8159, 8151, 8252, 8313, 8234, 8650,12.991497278213501,KICK
110, 8202, 8417, 8430, 8374, 8145, 8286, 8696, 8428, 8120, 8188, 8645, 8573, 8221, 8688,12.999201536178589,KICK
111, 8325, 8086, 8233, 8028, 7925, 7826, 8430, 8360, 8135, 8079, 8150, 8057, 8139, 8790,13.00702977180481,KICK
112, 8194, 8445, 8891, 8583, 8194, 8455, 7974, 8023, 8193, 8234, 8611, 8680, 8343, 8484,13.014736890792847,KICK
113, 8296, 8356, 8055, 8243, 8078, 8030, 8239, 8211, 8080, 8064, 8458, 8315, 8152, 8387,13.02419376373291,KICK
114, 8294, 8334, 8521, 8371, 7973, 8153, 8351, 8356, 8227, 8161, 8409, 8295, 8257, 8429,13.030680656433105,KICK
115, 8003, 8230, 8460, 8346, 8345, 8257, 8187, 8078, 8122, 8191, 8543, 8628, 8230, 8066,13.040068864822388,KICK
116, 8263, 8348, 8230, 8316, 8036, 7967, 8365, 8262, 8106, 8073, 8328, 8408, 8179, 8250,13.04749083518982,KICK
117, 8207, 8305, 8653, 8402, 7936, 8296, 8100, 8218, 8199, 8208, 8623, 8625, 8300, 8155,13.053836822509766,KICK
118, 8109, 8114, 8239, 8080, 8214, 8049, 8080, 8167, 8175, 8177, 8365, 8279, 8175, 8067,13.061583280563354,KICK
119, 8277, 8394, 8414, 8381, 8123, 8036, 8391, 8158, 8218, 8163, 8393, 8299, 8246, 8431,13.070817947387695,KICK
120, 8153, 8281, 8575, 8386, 8189, 8262, 8204, 7970, 8227, 8395, 8588, 8615, 8321, 8286,13.078477621078491,KICK
121, 8322, 8132, 8122, 8066, 8159, 8061, 8267, 8247, 7948, 7574, 8246, 8366, 8146, 8301,13.086236953735352,KICK
122, 8076, 8281, 8579, 8302, 8146, 7983, 8117, 8271, 8276, 8313, 8517, 8497, 8202, 8270,13.094181776046753,KICK
123, 8182, 8871, 9032, 8960, 7967, 8716, 8535, 8332, 8454, 8867, 8665, 8658, 8534, 8390,13.102160453796387,KICK
124, 8368, 7608, 7081, 7399, 8589, 7754, 8288, 8229, 7282, 6749, 7936, 7891, 7947, 8265,13.109886884689331,KICK
125, 7956, 7353, 7921, 7249, 8281, 7148, 7551, 8042, 8111, 8176, 7990, 7894, 7979, 8555,13.11790680885315,KICK
126, 8717, 9424, 10193, 9545, 6673, 9163, 8948, 8878, 8997, 9433, 8629, 8666, 8847, 9717,13.125714778900146,KICK
127, 8352, 8204, 8034, 8167, 7124, 8339, 8527, 8542, 7882, 7914, 8269, 8196, 8291, 9571,13.133459568023682,KICK
238, 7677, 7637, 7571, 7575, 7134, 7381, 7722, 8108, 8154, 7993, 8050, 8073, 8116, 9390,13.141136407852173,KICK
0, 8423, 8656, 8888, 8656, 8512, 8585, 8529, 8599, 8369, 8145, 8505, 8638, 8465, 9614,13.148856163024902,KICK
1, 8226, 7984, 8187, 7984, 9337, 8109, 8000, 8250, 8079, 8175, 8310, 8299, 8210, 9403,13.156545162200928,KICK
2, 8186, 8199, 7995, 8136, 8169, 7977, 8148, 8319, 8225, 8023, 7908, 7938, 8260, 9557,13.165834426879883,KICK
3, 8202, 8251, 8300, 8240, 9470, 8361, 8326, 8351, 8139, 8086, 8187, 8250, 8271, 9307,13.173522710800171,KICK
4, 8025, 8090, 8247, 8083, 9126, 8072, 8135, 8261, 8192, 8253, 8271, 8252, 8223, 9364,13.17981243133545,KICK
5, 8306, 8302, 8240, 8252, 8475, 8126, 8356, 8495, 8154, 8016, 8124, 8094, 8269, 9608,13.187672138214111,KICK
6, 8144, 8091, 8222, 8130, 10123, 8335, 8107, 8180, 8109, 8266, 8321, 8332, 8203, 9099,13.195682525634766,KICK
7, 8306, 8278, 8200, 8232, 8591, 8081, 8328, 8409, 8189, 8110, 8055, 8052, 8270, 9553,13.205058574676514,KICK
8, 8185, 8240, 8247, 8210, 8144, 8088, 8252, 8344, 8182, 8160, 8140, 8134, 8283, 9560,13.211543083190918,KICK
9, 7940, 7875, 7799, 7867, 11893, 8532, 8195, 8161, 7985, 8179, 8265, 8254, 8030, 8478,13.220770835876465,KICK
10, 8316, 8475, 8434, 8436, 9479, 8322, 8423, 8424, 8275, 8026, 8205, 8245, 8333, 9056,13.228657007217407,KICK
11, 8188, 8243, 8425, 8254, 6249, 7865, 8170, 8047, 8142, 8108, 8295, 8302, 8331, 9285,13.236352682113647,KICK
12, 8026, 7725, 7468, 7660, 9357, 8061, 8051, 8086, 8000, 8279, 7969, 7833, 7979, 8677,13.244292974472046,KICK
13, 8277, 9066, 9112, 9059, 8441, 8857, 8492, 8476, 8669, 8186, 8535, 8488, 8544, 9027,13.250677347183228,KICK
14, 8194, 8306, 8615, 8262, 7044, 7995, 8059, 8135, 7866, 7262, 8320, 8369, 8214, 8598,13.260081052780151,KICK
15, 8024, 7458, 7930, 7524, 8817, 7930, 7567, 8009, 7874, 8372, 8125, 8202, 8176, 8324,13.268152713775635,KICK
16, 8221, 8689, 8559, 8546, 8322, 8320, 8643, 8302, 8281, 8548, 8639, 8713, 8239, 8755,13.275488138198853,KICK
17, 8455, 8415, 8085, 8132, 7118, 7078, 8901, 8408, 7631, 7179, 7698, 7644, 7607, 8694,13.283178567886353,KICK
18, 8132, 8150, 9218, 8491, 7847, 8650, 7836, 8029, 8434, 8552, 8769, 9002, 8712, 8217,13.291064500808716,KICK
19, 8046, 8408, 8296, 8366, 8456, 8719, 7942, 8095, 8271, 8415, 9030, 9227, 8438, 8029,13.298942565917969,KICK
20, 8415, 8427, 8047, 8270, 7650, 7739, 8455, 8569, 7951, 7813, 7813, 7870, 7785, 8516,13.307773351669312,KICK
21, 8067, 8049, 8728, 8377, 8145, 8784, 8074, 8236, 8571, 8602, 8806, 8976, 8646, 8408,13.31395411491394,KICK
22, 7926, 7772, 7249, 7737, 8748, 8083, 7930, 8063, 8073, 8151, 8380, 8517, 8040, 8149,13.321683645248413,KICK
23, 8274, 8409, 8155, 8462, 7911, 8154, 8329, 8207, 7868, 7991, 7862, 7884, 7779, 8476,13.3309006690979,KICK
24, 7979, 8183, 8802, 8357, 8230, 8841, 8083, 8042, 8508, 8382, 9012, 8839, 8810, 8264,13.338661432266235,KICK
25, 7960, 7743, 7237, 7389, 8837, 7346, 8022, 8384, 8593, 8472, 8752, 8507, 8538, 8241,13.34648847579956,KICK
26, 8229, 8252, 7777, 8160, 8266, 7177, 8176, 8304, 7934, 8149, 8050, 8035, 7660, 8279,13.35429334640503,KICK
27, 8389, 8570, 9098, 8791, 7770, 8747, 8297, 8115, 8026, 7994, 8589, 8821, 8273, 8343,13.361965656280518,KICK
28, 8224, 8047, 8203, 7951, 8103, 7969, 8199, 8210, 8250, 8201, 8675, 8838, 8375, 8189,13.369791984558105,KICK
29, 7936, 8476, 8685, 8665, 8028, 8091, 8244, 8148, 8225, 8363, 8517, 8499, 8229, 7973,13.377557039260864,KICK
30, 8262, 8176, 8106, 8273, 7968, 8598, 8514, 8289, 8057, 7908, 8656, 8484, 8283, 8083,13.385352611541748,KICK
31, 8124, 6911, 6808, 6637, 8510, 6819, 7770, 7964, 7934, 8178, 8034, 7693, 7694, 8163,13.39309811592102,KICK
32, 8419, 8895, 9637, 9012, 7381, 8486, 8431, 8402, 8532, 8610, 8129, 8348, 8608, 9130,13.400915384292603,KICK
33, 8691, 9068, 8910, 9113, 7809, 9242, 9009, 8696, 8083, 7517, 8231, 8492, 8614, 9538,13.408629417419434,KICK
34, 7767, 7076, 7035, 6952, 8986, 7044, 7608, 7913, 8262, 8679, 7979, 7820, 7805, 9135,13.416566848754883,KICK
35, 8291, 8457, 8898, 8461, 8287, 8094, 8315, 8365, 8502, 8780, 8341, 8388, 8439, 9661,13.42589020729065,KICK
36, 8495, 8628, 8621, 8631, 8520, 8724, 8535, 8537, 7743, 7436, 8409, 8596, 8417, 9579,13.433602333068848,KICK
37, 7972, 7810, 7864, 7766, 8021, 7705, 7909, 8183, 8329, 8521, 8075, 8012, 8176, 9436,13.441348314285278,KICK
38, 8343, 8297, 8473, 8256, 9026, 8206, 8440, 8407, 8306, 8595, 8206, 8044, 8316, 9484,13.44755744934082,KICK
39, 8020, 8144, 8300, 8154, 9600, 8268, 8052, 8268, 8021, 8219, 8324, 8332, 8250, 9299,13.456811428070068,KICK
40, 8151, 8186, 8067, 8121, 8289, 8022, 8192, 8441, 8292, 7953, 8016, 8161, 8287, 9591,13.464566707611084,KICK
41, 8311, 8180, 8357, 8173, 9324, 8234, 8300, 8348, 8116, 7846, 8200, 8286, 8291, 9443,13.472451210021973,KICK
42, 8146, 8124, 8219, 8129, 9091, 8165, 8160, 8281, 8209, 8303, 8269, 8224, 8247, 9282,13.48058795928955,KICK
43, 8303, 8244, 8118, 8177, 8818, 8123, 8365, 8462, 8176, 8043, 8005, 7973, 8269, 9546,13.48846697807312,KICK
44, 8036, 8134, 8355, 8150, 9234, 8198, 8134, 8171, 8175, 8171, 8290, 8314, 8282, 9294,13.49616003036499,KICK
45, 8214, 8209, 8047, 8157, 8938, 8148, 8319, 8352, 8179, 8018, 8169, 8186, 8239, 9368,13.50383973121643,KICK
46, 8298, 8198, 8232, 8190, 9023, 8150, 8228, 8391, 8159, 8114, 8223, 8221, 8269, 9476,13.511618375778198,KICK
47, 8060, 8148, 8333, 8149, 9146, 8211, 8113, 8198, 8169, 8204, 8246, 8214, 8234, 9223,13.51929783821106,KICK
48, 8274, 8268, 8059, 8189, 9034, 8146, 8385, 8430, 8127, 7905, 8005, 7951, 8229, 9450,13.527025938034058,KICK
49, 8168, 8208, 8315, 8231, 9041, 8190, 8168, 8211, 8144, 8113, 8293, 8279, 8268, 9308,13.535040140151978,KICK
50, 8259, 8168, 8203, 8110, 9076, 8140, 8269, 8325, 8187, 8153, 8210, 8244, 8201, 9248,13.54288649559021,KICK
51, 8267, 8238, 8150, 8214, 9086, 8162, 8296, 8362, 8193, 8153, 8220, 8256, 8251, 9568,13.550538539886475,KICK
52, 7967, 8283, 8429, 8311, 9420, 8309, 8163, 8187, 7949, 8106, 8234, 8209, 8243, 9317,13.558561086654663,KICK
53, 8182, 8091, 8198, 8014, 8238, 7919, 8243, 8525, 8474, 8420, 8033, 7977, 8207, 9324,13.56650686264038,KICK
54, 8221, 8028, 8176, 8057, 9431, 8202, 8145, 8201, 8483, 8031, 8349, 8333, 8220, 9238,13.57403016090393,KICK
55, 8238, 8320, 8335, 8294, 10307, 8360, 8308, 8204, 7892, 8014, 8129, 8175, 8232, 9256,13.58189606666565,SQUEEZE
56, 8186, 8251, 8523, 8211, 6878, 7868, 8228, 8414, 8448, 9174, 8089, 8122, 8333, 9503,13.589654445648193,SQUEEZE
57, 8100, 8050, 8371, 8077, 8335, 8374, 8198, 8247, 8181, 7925, 8340, 8314, 8190, 8996,13.597568988800049,SQUEEZE
58, 8371, 8224, 8110, 8165, 9803, 8346, 8341, 8448, 7983, 7733, 8111, 8147, 8213, 9215,13.606921911239624,SQUEEZE
59, 8054, 8235, 8519, 8252, 7583, 7985, 8103, 8039, 8397, 8756, 8319, 8373, 8360, 9431,13.614707946777344,SQUEEZE
60, 8068, 8128, 8333, 8110, 7981, 8225, 8275, 8090, 8087, 7879, 8200, 8115, 8218, 9171,13.622521162033081,SQUEEZE
61, 8387, 8233, 8225, 8202, 8249, 8206, 8304, 8427, 8199, 8149, 8172, 8078, 8302, 9346,13.6304292678833,SQUEEZE
62, 8175, 8146, 8416, 8155, 8028, 8126, 8128, 8146, 8220, 8333, 8367, 8408, 8294, 9173,13.638145446777344,SQUEEZE
63, 8328, 8151, 8266, 8094, 7998, 8114, 8318, 8306, 8132, 8021, 8071, 8194, 8244, 9305,13.645969152450562,SQUEEZE
64, 8115, 8245, 8515, 8287, 7966, 8265, 8184, 8181, 8235, 8296, 8292, 8351, 8342, 9262,13.65367078781128,SQUEEZE
65, 8022, 8141, 8314, 8124, 8159, 8121, 8189, 8182, 8138, 8144, 8274, 8158, 8220, 9056,13.66147780418396,SQUEEZE
66, 8323, 8236, 8367, 8211, 8058, 8122, 8323, 8311, 8185, 8127, 8208, 8041, 8250, 9264,13.669184923171997,SQUEEZE
67, 8144, 8199, 8534, 8244, 8116, 8247, 8145, 8095, 8179, 8237, 8371, 8381, 8275, 9043,13.6769700050354,SQUEEZE
68, 8252, 8185, 8199, 8118, 8169, 8073, 8296, 8309, 8136, 8102, 8006, 8219, 8205, 9114,13.68476676940918,SQUEEZE
69, 8189, 8272, 8507, 8289, 8240, 8251, 8285, 8153, 8189, 8184, 8227, 8353, 8293, 9183,13.692705869674683,SQUEEZE
70, 8102, 8169, 8356, 8161, 8277, 8162, 8190, 8067, 8170, 8216, 8309, 8177, 8245, 9094,13.700432777404785,SQUEEZE
71, 8302, 8222, 8329, 8190, 8264, 8112, 8305, 8328, 8132, 8078, 8228, 8040, 8228, 9194,13.70827865600586,SQUEEZE
72, 8127, 8208, 8616, 8258, 8222, 8261, 8183, 8199, 8224, 8371, 8395, 8402, 8294, 9040,13.7161226272583,SQUEEZE
73, 8239, 8194, 8255, 8143, 8207, 8080, 8316, 8294, 8110, 7984, 7978, 8167, 8229, 9148,13.72414517402649,SQUEEZE
74, 8226, 8162, 8420, 8182, 8249, 8141, 8226, 8176, 8165, 8081, 8167, 8266, 8241, 9160,13.731834650039673,SQUEEZE
75, 8196, 8171, 8437, 8178, 8177, 8197, 8246, 8059, 8334, 8697, 8366, 8288, 8295, 9116,13.739691495895386,SQUEEZE
76, 8352, 8263, 8316, 8228, 8228, 8160, 8373, 8337, 7792, 7147, 8226, 8094, 8242, 9264,13.749075174331665,SQUEEZE
77, 8045, 8037, 8373, 8083, 8273, 8060, 8059, 8302, 8277, 7562, 8379, 8343, 8217, 9109,13.755322933197021,SQUEEZE
78, 8419, 8243, 8273, 8195, 7882, 8198, 8607, 8234, 8403, 8168, 8053, 8183, 8293, 9364,13.764663696289062,SQUEEZE
79, 8394, 8269, 8273, 8267, 8334, 8239, 8375, 8160, 7589, 7319, 8047, 8186, 8292, 9306,13.770931720733643,SQUEEZE
80, 8020, 8055, 8106, 8057, 8319, 7849, 7879, 8327, 8317, 8447, 8312, 8272, 8269, 9108,13.77871036529541,SQUEEZE
81, 8405, 8224, 8312, 8179, 8415, 8196, 8463, 8483, 8354, 8573, 8292, 8183, 8288, 9404,13.788215637207031,SQUEEZE
82, 8111, 8132, 8357, 8177, 7700, 8174, 8131, 8255, 7999, 8254, 8318, 8300, 8305, 9586,13.795931816101074,SQUEEZE
83, 8119, 8232, 8075, 8189, 7220, 7931, 8165, 8465, 8311, 8158, 8057, 8086, 8316, 9669,13.803878545761108,SQUEEZE
84, 8333, 8187, 8362, 8177, 9532, 8322, 8345, 8386, 8116, 7860, 8224, 8221, 8259, 9344,13.811639785766602,SQUEEZE
85, 8180, 8098, 8267, 8110, 8703, 8083, 8139, 8216, 8192, 8239, 8286, 8292, 8260, 9469,13.819522619247437,SQUEEZE
86, 8334, 8290, 8046, 8213, 8301, 8126, 8385, 8422, 8172, 8075, 7990, 8010, 8277, 9614,13.827324867248535,SQUEEZE
87, 8003, 8132, 8289, 8151, 9596, 8298, 8136, 8165, 8164, 8210, 8248, 8247, 8256, 9219,13.835206508636475,SQUEEZE
88, 8085, 8194, 8188, 8154, 8476, 8061, 8268, 8304, 8192, 8019, 8147, 8182, 8251, 9518,13.842949390411377,SQUEEZE
89, 8314, 8236, 8232, 8214, 9102, 8253, 8294, 8358, 8114, 7997, 8169, 8240, 8241, 9498,13.850586891174316,SQUEEZE
90, 8135, 8133, 8277, 8161, 9189, 8216, 8064, 8161, 8195, 8214, 8284, 8276, 8249, 9277,13.858336687088013,SQUEEZE
91, 8302, 8252, 8115, 8191, 8342, 8038, 8343, 8434, 8184, 8001, 7985, 7924, 8272, 9642,13.866195440292358,SQUEEZE
92, 8098, 8190, 8270, 8215, 9664, 8376, 8218, 8160, 8001, 8156, 8236, 8227, 8174, 9234,13.873894214630127,SQUEEZE
93, 8163, 8199, 8164, 8162, 9281, 8214, 8254, 8241, 8254, 8189, 8216, 8258, 8238, 9315,13.881718635559082,SQUEEZE
94, 8330, 8321, 8262, 8287, 7699, 8023, 8310, 8416, 8353, 8073, 8199, 8237, 8308, 9788,13.889621019363403,SQUEEZE
95, 8036, 8228, 8277, 8261, 10781, 8706, 8300, 8104, 7249, 7943, 8280, 8241, 7851, 8643,13.898869276046753,SQUEEZE
96, 8239, 8161, 7937, 8076, 10088, 8232, 8339, 8539, 8094, 8826, 8019, 7889, 8067, 8872,13.905026912689209,SQUEEZE
97, 8247, 8182, 8251, 8183, 6604, 7820, 8163, 8321, 8901, 8232, 8323, 8240, 8455, 9625,13.912864923477173,SQUEEZE
98, 8168, 8223, 8238, 8200, 8827, 8401, 8305, 8148, 7722, 7167, 8360, 8326, 8136, 9215,13.920548439025879,SQUEEZE
99, 8198, 8208, 8178, 8149, 9083, 8159, 8166, 8379, 8298, 9038, 8243, 8310, 8231, 9097,13.928662300109863,SQUEEZE
100, 8069, 8164, 8408, 8194, 7766, 8121, 8155, 8008, 8406, 8457, 8330, 8340, 8277, 8826,13.937892436981201,SQUEEZE
101, 8343, 8213, 8187, 8178, 8078, 8210, 8313, 8284, 7979, 7529, 8118, 7895, 8261, 9187,13.945739269256592,SQUEEZE
102, 8208, 8169, 8346, 8197, 8054, 8144, 8060, 8279, 8368, 8666, 8351, 8222, 8342, 9312,13.953907251358032,SQUEEZE
103, 8174, 8137, 8325, 8137, 8056, 8162, 8238, 8226, 8115, 8083, 8364, 8413, 8197, 9078,13.961787462234497,SQUEEZE
104, 8378, 8205, 8194, 8175, 7980, 8108, 8237, 8380, 8159, 8058, 8292, 8289, 8306, 9297,13.967984914779663,SQUEEZE
105, 8087, 8143, 8384, 8176, 8261, 8197, 8052, 8026, 8161, 8282, 8511, 8394, 8268, 9024,13.975733280181885,SQUEEZE
106, 8306, 8176, 8253, 8127, 8017, 8105, 8295, 8257, 8128, 8099, 8229, 8152, 8156, 9123,13.983685970306396,SQUEEZE
107, 8278, 8204, 8397, 8239, 8031, 8210, 8156, 8286, 8161, 8236, 8339, 8377, 8222, 9143,13.991804838180542,SQUEEZE
108, 8084, 8157, 8315, 8152, 8170, 8169, 8101, 8235, 8108, 8127, 8359, 8267, 8216, 8995,14.000509023666382,SQUEEZE
109, 8330, 8237, 8257, 8185, 8057, 8118, 8292, 8326, 8200, 8155, 8189, 7994, 8249, 9120,14.008292436599731,SQUEEZE
110, 8186, 8164, 8416, 8208, 8251, 8237, 8107, 7975, 8131, 8228, 8373, 8370, 8222, 8926,14.016024589538574,SQUEEZE
111, 8319, 8185, 8157, 8139, 8127, 8093, 8207, 8202, 8204, 8172, 8119, 8272, 8239, 9022,14.023755550384521,SQUEEZE
112, 8204, 8220, 8361, 8237, 8224, 8211, 8176, 8236, 8226, 8159, 8222, 8291, 8278, 8990,14.031563997268677,SQUEEZE
113, 7985, 8152, 8327, 8156, 8301, 8191, 8101, 8109, 8161, 8223, 8248, 8206, 8233, 8782,14.039415121078491,SQUEEZE
114, 8297, 8227, 8194, 8168, 8087, 8088, 8311, 8285, 8179, 8179, 8028, 7969, 8237, 9021,14.04720687866211,SQUEEZE
115, 8168, 8162, 8436, 8200, 8302, 8201, 8107, 8033, 8173, 8274, 8307, 8313, 8240, 8947,14.054978609085083,SQUEEZE
116, 8266, 8192, 8207, 8142, 8230, 8096, 8239, 8191, 8173, 8093, 8121, 8261, 8241, 8978,14.062809467315674,SQUEEZE
117, 8198, 8173, 8275, 8167, 8323, 8142, 8214, 8191, 8120, 8093, 8132, 8251, 8212, 8957,14.070693016052246,SQUEEZE
118, 7988, 8149, 8330, 8164, 8435, 8194, 8077, 8014, 8211, 8545, 8220, 8206, 8228, 8925,14.079899549484253,SQUEEZE
119, 8333, 8296, 8246, 8244, 8221, 8192, 8389, 8297, 7988, 7535, 8015, 8039, 8228, 9142,14.087727785110474,SQUEEZE
120, 8125, 8044, 8288, 8083, 8461, 8052, 7987, 8176, 8275, 8432, 8279, 8343, 8223, 8880,14.09546685218811,SQUEEZE
121, 8227, 8196, 8256, 8160, 8186, 8136, 8226, 8253, 8346, 9139, 8160, 8148, 8302, 8955,14.101705551147461,SQUEEZE
122, 8264, 8377, 8395, 8360, 8172, 8375, 8370, 8177, 7613, 7766, 8083, 8046, 8231, 9040,14.110962152481079,SQUEEZE
123, 8066, 8072, 8106, 8086, 8154, 7875, 7837, 8178, 8382, 8903, 8125, 8182, 8253, 9043,14.118860006332397,SQUEEZE
124, 8404, 8113, 8191, 8061, 8526, 8052, 8325, 8359, 8511, 8603, 8055, 8200, 8333, 9234,14.12676191329956,SQUEEZE
125, 8007, 8156, 8456, 8207, 7617, 8219, 8205, 8022, 8044, 7785, 8408, 8396, 8367, 9200,14.134809732437134,SQUEEZE
126, 7957, 8208, 8028, 8186, 6851, 7874, 8135, 8545, 8460, 8344, 8216, 8080, 8375, 9425,14.142704248428345,SQUEEZE
127, 8420, 8121, 8244, 8087, 9597, 8279, 8380, 8754, 8138, 7963, 8249, 8148, 8227, 9293,14.150474786758423,SQUEEZE
238, 8319, 8090, 8348, 8111, 8819, 8121, 8140, 8384, 8316, 8373, 8568, 8566, 8342, 9450,14.158300399780273,SQUEEZE
0, 8374, 8329, 8063, 8251, 7928, 8102, 8418, 8808, 8298, 8308, 8216, 8314, 8306, 9571,14.166426181793213,SQUEEZE
1, 8074, 8145, 8238, 8152, 9823, 8385, 8204, 8395, 7818, 8173, 8151, 8227, 8003, 8755,14.172608137130737,SQUEEZE
2, 8095, 8171, 8156, 8147, 8589, 8072, 8173, 7938, 8116, 8118, 8092, 8143, 8171, 9052,14.181864976882935,SQUEEZE
3, 8294, 8251, 8200, 8211, 8580, 8181, 8319, 8096, 8183, 8084, 8116, 8180, 8312, 9423,14.189777851104736,SQUEEZE
4, 8070, 8068, 8191, 8108, 10035, 8323, 8111, 8035, 8070, 8309, 8163, 8187, 8172, 8846,14.197693109512329,SQUEEZE
5, 8254, 8391, 8265, 8332, 8098, 8171, 8304, 8090, 8180, 8083, 7970, 8029, 8313, 9235,14.205647706985474,SQUEEZE
6, 8112, 8145, 7966, 8058, 8296, 8033, 8101, 7916, 8066, 8200, 8170, 8228, 8149, 9125,14.213603258132935,SQUEEZE
7, 7995, 7791, 7834, 7857, 11987, 8361, 8146, 7827, 7938, 8139, 8113, 8220, 7970, 8075,14.22139048576355,SQUEEZE
8, 8234, 8914, 9265, 9016, 8748, 8942, 8380, 8169, 8654, 8478, 8426, 8640, 8814, 8683,14.22952127456665,SQUEEZE
9, 8077, 7966, 7170, 7540, 5221, 6918, 8001, 8179, 7685, 7594, 7285, 7095, 7668, 8733,14.235800504684448,SQUEEZE
10, 8122, 7216, 7940, 7455, 7289, 7642, 7752, 8059, 7805, 7311, 7679, 7767, 7720, 8040,14.243746757507324,SQUEEZE
11, 7835, 8392, 10541, 9238, 8395, 9938, 7911, 8049, 9631, 9599, 9821, 10597, 9494, 8027,14.251681804656982,SQUEEZE
12, 8159, 8053, 7155, 7665, 8084, 7469, 8221, 8238, 7845, 8268, 7504, 7462, 7771, 8324,14.25956106185913,SQUEEZE
13, 8604, 7950, 7545, 7798, 7691, 7583, 8116, 8134, 7564, 7273, 7502, 7228, 7812, 8391,14.268903732299805,SQUEEZE
14, 7810, 8082, 9062, 8624, 8635, 8908, 7892, 7820, 8659, 8605, 9010, 9187, 8783, 7630,14.27681303024292,SQUEEZE
15, 7927, 8311, 8181, 8358, 8499, 8076, 8286, 8261, 7940, 8241, 7762, 7723, 7966, 7986,14.284763813018799,SQUEEZE
16, 8194, 8572, 8422, 8362, 7727, 8052, 8267, 8219, 8079, 7674, 8156, 8156, 8260, 8423,14.29265308380127,SQUEEZE
17, 8021, 8231, 7828, 7975, 8102, 7884, 8149, 8028, 8206, 7790, 8227, 8291, 8294, 8040,14.300351619720459,SQUEEZE
18, 8211, 8410, 8123, 8380, 8240, 8272, 8320, 8389, 8377, 8775, 8180, 8194, 8386, 8273,14.306625843048096,SQUEEZE
19, 7870, 8113, 8066, 8127, 8674, 8151, 8015, 8165, 7958, 7947, 8233, 8128, 8139, 8109,14.315912008285522,SQUEEZE
20, 8072, 8326, 8224, 8264, 8184, 8305, 8277, 8317, 7984, 7695, 8195, 8157, 8215, 8280,14.323782444000244,SQUEEZE
21, 8123, 8334, 8292, 8314, 8038, 8297, 8266, 8190, 8335, 8686, 8269, 8316, 8345, 8147,14.331686019897461,SQUEEZE
22, 7994, 8196, 8075, 8192, 8351, 8122, 8146, 8030, 8039, 8008, 7861, 7805, 8076, 7970,14.339632987976074,SQUEEZE
23, 8237, 8450, 8334, 8499, 8241, 8487, 8399, 8444, 8278, 8209, 8251, 8328, 8452, 8371,14.347465515136719,SQUEEZE
24, 7883, 8026, 7867, 8028, 8453, 8011, 8012, 8127, 8091, 8327, 8263, 8284, 8195, 8056,14.355292081832886,SQUEEZE
25, 8054, 8205, 8036, 8170, 8097, 8181, 8179, 8166, 8089, 7999, 7973, 7944, 8206, 8070,14.361560106277466,SQUEEZE
26, 8232, 8455, 8358, 8472, 8035, 8538, 8266, 8242, 8344, 8314, 8354, 8423, 8428, 8248,14.371021032333374,SQUEEZE
27, 8000, 8196, 7956, 8171, 8418, 8108, 8035, 8090, 8191, 8354, 8040, 8025, 8105, 7971,14.378748178482056,SQUEEZE
28, 8146, 8253, 8041, 8211, 8280, 8135, 8249, 8351, 8178, 8196, 7594, 7509, 8081, 8115,14.386701822280884,SQUEEZE
29, 8180, 8392, 8819, 8525, 8098, 8787, 8279, 8246, 8544, 8423, 8880, 9044, 8637, 8358,14.394405603408813,SQUEEZE
30, 7832, 7775, 7406, 7661, 8770, 7511, 7943, 8007, 8118, 8354, 7579, 7611, 7919, 7789,14.402112007141113,SQUEEZE
31, 8271, 8358, 7562, 8268, 8265, 7788, 8379, 8182, 7221, 7599, 5754, 5296, 7179, 8070,14.409869909286499,SQUEEZE
32, 8850, 9673, 11049, 10211, 6852, 10699, 8982, 8452, 8756, 8294, 9487, 9623, 9543, 9235,14.417662143707275,SQUEEZE
33, 8131, 7629, 8002, 7608, 8482, 7875, 8100, 8137, 8937, 8789, 9643, 10085, 8876, 8200,14.425589561462402,SQUEEZE
34, 8121, 8037, 7454, 7895, 8532, 7156, 7907, 7732, 7635, 7986, 7346, 7098, 7366, 8255,14.433390378952026,SQUEEZE
35, 9228, 11125, 12096, 11484, 5196, 11607, 9619, 8613, 8718, 8256, 9580, 9574, 9735, 10049,14.441087484359741,SQUEEZE
36, 8908, 8485, 8377, 8234, 6272, 8700, 9068, 8837, 8447, 8449, 8897, 8963, 8661, 9110,14.448798656463623,SQUEEZE
37, 8072, 6873, 6808, 6764, 7857, 6239, 7369, 8094, 7923, 8390, 7420, 7301, 7440, 8582,14.458097696304321,SQUEEZE
38, 8405, 8885, 9338, 9012, 8230, 8880, 8254, 8349, 8335, 7957, 8513, 8646, 8643, 9259,14.465893745422363,SQUEEZE
39, 8187, 8208, 8299, 8075, 9277, 8342, 8460, 8299, 8209, 8278, 8409, 8406, 8156, 8645,14.473783493041992,SQUEEZE
40, 7836, 7782, 8135, 7791, 8533, 7594, 7959, 8025, 8258, 8671, 7944, 7919, 8083, 8808,14.481481790542603,SQUEEZE
41, 8354, 8498, 8553, 8466, 9099, 8452, 8384, 8380, 7847, 7253, 8198, 8326, 8335, 9320,14.489441156387329,SQUEEZE
42, 8193, 7877, 8222, 7834, 9171, 7984, 8122, 8385, 8598, 8179, 8309, 8312, 8110, 8579,14.495759963989258,SQUEEZE
43, 8492, 8060, 8264, 8003, 8486, 7999, 8427, 8265, 8525, 8419, 8028, 7962, 8246, 9088,14.50504183769226,SQUEEZE
44, 8197, 8314, 8468, 8349, 9282, 8340, 8196, 8145, 7589, 7574, 8207, 8186, 8284, 9460,14.511594533920288,SQUEEZE
45, 7901, 8046, 8074, 8046, 8749, 8078, 8015, 8516, 8442, 8454, 8254, 8278, 8286, 8542,14.519577980041504,SQUEEZE
46, 8408, 8185, 8192, 8146, 8820, 8140, 8377, 8224, 8392, 8299, 8119, 8079, 8323, 8241,14.52765440940857,SQUEEZE
47, 8172, 8157, 8400, 8199, 8988, 8192, 8102, 7708, 7986, 8320, 8279, 8293, 8243, 8214,14.536859273910522,SQUEEZE
48, 8243, 8165, 7988, 8099, 8901, 8126, 8256, 8154, 8273, 8201, 7980, 8058, 8254, 8727,14.54459810256958,SQUEEZE
49, 8190, 8183, 8318, 8202, 9030, 8205, 8163, 7953, 8200, 8017, 8106, 8105, 8292, 8627,14.552386045455933,SQUEEZE
50, 8012, 8149, 8226, 8157, 8926, 8179, 8140, 7811, 8155, 8180, 8150, 8149, 8199, 8095,14.558692932128906,SQUEEZE
51, 8289, 8258, 8064, 8190, 9095, 8196, 8325, 8095, 8136, 7975, 8028, 8111, 8224, 8730,14.568088054656982,SQUEEZE
52, 8132, 8145, 8322, 8170, 8986, 8181, 8070, 7815, 8188, 8334, 8347, 8362, 8232, 8642,14.5746910572052,SQUEEZE
53, 8261, 8209, 8133, 8158, 8985, 8171, 8289, 7931, 8119, 8229, 8195, 8132, 8190, 8326,14.583770751953125,SQUEEZE
54, 8181, 8242, 8228, 8231, 9025, 8225, 8200, 7928, 8142, 8275, 8249, 8214, 8241, 8479,14.591648817062378,SQUEEZE
55, 7987, 8153, 8216, 8158, 8985, 8179, 8098, 7823, 8172, 8234, 8234, 8198, 8220, 8586,14.599368572235107,SQUEEZE
56, 8301, 8227, 8109, 8186, 8961, 8155, 8331, 8047, 8106, 7966, 8081, 8015, 8212, 8707,14.607160568237305,SQUEEZE
57, 8155, 8149, 8316, 8200, 8992, 8217, 8094, 7848, 8205, 8278, 8430, 8319, 8249, 8422,14.61526083946228,SQUEEZE
58, 8226, 8184, 8152, 8153, 9009, 8173, 8270, 7958, 8057, 8108, 8264, 8107, 8149, 8443,14.623081922531128,SQUEEZE
59, 8249, 8220, 8223, 8225, 8923, 8171, 8250, 8024, 8038, 8069, 8247, 8182, 8160, 8523,14.63077712059021,SQUEEZE
60, 8097, 8141, 8282, 8151, 9073, 8205, 8113, 7933, 8239, 8176, 8221, 8303, 8257, 8528,14.638581037521362,SQUEEZE
61, 8328, 8233, 8062, 8162, 8695, 8120, 8317, 8162, 8312, 8026, 7901, 8001, 8275, 8747,14.646324634552002,SQUEEZE
62, 8068, 8230, 8334, 8280, 9617, 8317, 8096, 7737, 7938, 8096, 8170, 8190, 8173, 8255,14.653950452804565,SQUEEZE
63, 8062, 8239, 8348, 8204, 9175, 8219, 8246, 7963, 8146, 8364, 8226, 8151, 8210, 8464,14.66167950630188,SQUEEZE
64, 8281, 8273, 8241, 8244, 7591, 8044, 8235, 8232, 8603, 8221, 8243, 8142, 8374, 8760,14.67109203338623,SQUEEZE
65, 8126, 7936, 7967, 7982, 11641, 8424, 8119, 7636, 7473, 7413, 8096, 8059, 8006, 7410,14.678897857666016,SQUEEZE
66, 8244, 8542, 8772, 8540, 10548, 8705, 8410, 7968, 7975, 8671, 8138, 8219, 8278, 7527,14.686696290969849,SQUEEZE
67, 8259, 8510, 8561, 8452, 5160, 8072, 8366, 8084, 8688, 8674, 8348, 8388, 8440, 8409,14.692900896072388,SQUEEZE
68, 7865, 6706, 6723, 6639, 8363, 7052, 7760, 7812, 7591, 7148, 7416, 7239, 7611, 7834,14.700671195983887,SQUEEZE
69, 7971, 8099, 9142, 8244, 9725, 8829, 8386, 8495, 8402, 8644, 8326, 8354, 8428, 8203,14.70863127708435,SPEAK
70, 8464, 9175, 9060, 8919, 7204, 8697, 9171, 8605, 8487, 8571, 8969, 9087, 8483, 8665,14.716625213623047,SPEAK
71, 8297, 7746, 7226, 7501, 7899, 6824, 8202, 8134, 7732, 7650, 7794, 7778, 7605, 8151,14.725921869277954,SPEAK
72, 7953, 8205, 8819, 8492, 8691, 8443, 7909, 8340, 8346, 8451, 8547, 8662, 8322, 8416,14.733654260635376,SPEAK
73, 8269, 8705, 8221, 8610, 8151, 8396, 8585, 8618, 8219, 8217, 8619, 8574, 8254, 8807,14.741671085357666,SPEAK
74, 8323, 8263, 8181, 8229, 7928, 7827, 8213, 8148, 8044, 8086, 8296, 8224, 8061, 8342,14.749393463134766,SPEAK
75, 8026, 7812, 8394, 8013, 8367, 8363, 7865, 7821, 8232, 8303, 8677, 8752, 8263, 7991,14.757211446762085,SPEAK
76, 8278, 8106, 7977, 8162, 8139, 8130, 8226, 8150, 8229, 8182, 8288, 8296, 8157, 8380,14.764894962310791,SPEAK
77, 8225, 8454, 8558, 8449, 8147, 8331, 8292, 8167, 8152, 8217, 8571, 8550, 8215, 8376,14.772743463516235,SPEAK
78, 8079, 8208, 8277, 7994, 8386, 8125, 8153, 8162, 8091, 8175, 8496, 8476, 8123, 8214,14.780452489852905,SPEAK
79, 8334, 8335, 8434, 8326, 7973, 8332, 8327, 8406, 8254, 8176, 8491, 8551, 8337, 8404,14.78823208808899,SPEAK
80, 8130, 8051, 8223, 8232, 8185, 8269, 8154, 8102, 8157, 8215, 8725, 8734, 8283, 8092,14.79605507850647,SPEAK
81, 8281, 8264, 8200, 8328, 8147, 8196, 8331, 8263, 8056, 8040, 8447, 8398, 8188, 8283,14.803821086883545,SPEAK
82, 8237, 8352, 8491, 8337, 8205, 8406, 8200, 8216, 8186, 8197, 8662, 8655, 8304, 8398,14.811579704284668,SPEAK
83, 8023, 8081, 8247, 7997, 8337, 8139, 8057, 8024, 8252, 8270, 8486, 8525, 8184, 8167,14.820836782455444,SPEAK
84, 8316, 8335, 8444, 8356, 7881, 8401, 8359, 8183, 8269, 8100, 8393, 8496, 8252, 8377,14.826977014541626,SPEAK
85, 8217, 8277, 8278, 8338, 8071, 8401, 8242, 8022, 8239, 8567, 8655, 8638, 8226, 8199,14.83470630645752,SPEAK
86, 8310, 8238, 7935, 8125, 8342, 8117, 8349, 8274, 7889, 7698, 8406, 8330, 8074, 8210,14.842568159103394,SPEAK
87, 8140, 8183, 8485, 8275, 8272, 8194, 8071, 8285, 8138, 7949, 8615, 8594, 8266, 8272,14.852013111114502,SPEAK
88, 8056, 8455, 8970, 8628, 7988, 8918, 8231, 8133, 8721, 9643, 8851, 8973, 8610, 8277,14.859789371490479,SPEAK
89, 8373, 7693, 6928, 7324, 8402, 7369, 8356, 8034, 7447, 7549, 7935, 7846, 7622, 8253,14.867738962173462,SPEAK
90, 7828, 7406, 8003, 7393, 8706, 6456, 7359, 7700, 7661, 7449, 7867, 7623, 7501, 8121,14.87543272972107,SPEAK
91, 8476, 9363, 10795, 9753, 7185, 9504, 8520, 8659, 9108, 9337, 8987, 9167, 9083, 8999,14.883256673812866,SPEAK
92, 8581, 8407, 7913, 8248, 7742, 8687, 8806, 8682, 8062, 8285, 8406, 8506, 8419, 9106,14.889693975448608,SPEAK
93, 7618, 7488, 7469, 7397, 8253, 7080, 7723, 7981, 7944, 7853, 7844, 7742, 7876, 8858,14.897649765014648,SPEAK
94, 8277, 8638, 9174, 8724, 8576, 8630, 8402, 8536, 8478, 8029, 8520, 8675, 8585, 9107,14.906930685043335,SPEAK
95, 8360, 8067, 8089, 8013, 9093, 8183, 8175, 8331, 8112, 8172, 8380, 8449, 8247, 8786,14.914730787277222,SPEAK
96, 8163, 8110, 8176, 8057, 8060, 7923, 8079, 8223, 8214, 8164, 8002, 7918, 8224, 8993,14.922495126724243,SPEAK
97, 8255, 8301, 8414, 8265, 9313, 8332, 8350, 8401, 8172, 8119, 8221, 8177, 8300, 8868,14.930347204208374,SPEAK
98, 8003, 8056, 8274, 8053, 9311, 8121, 8110, 8221, 8185, 8226, 8270, 8293, 8208, 8681,14.938027143478394,SPEAK
99, 8295, 8299, 8297, 8251, 8137, 8120, 8362, 8452, 8189, 7916, 8059, 8038, 8283, 9088,14.945850372314453,SPEAK
100, 8174, 8095, 8327, 8127, 9817, 8253, 8160, 8223, 8130, 8188, 8316, 8302, 8213, 8634,14.953507661819458,SPEAK
101, 8230, 8215, 8280, 8186, 9083, 8172, 8303, 8330, 8188, 8117, 8160, 8199, 8239, 8819,14.961493015289307,SPEAK
102, 8283, 8343, 8433, 8296, 7577, 8096, 8293, 8396, 8202, 8075, 8083, 8135, 8297, 9116,14.969430446624756,SPEAK
103, 7978, 7793, 7912, 7809, 10957, 8264, 8108, 8132, 8011, 8244, 8250, 8212, 8037, 8066,14.977626085281372,SPEAK
104, 8288, 8455, 8445, 8460, 10344, 8554, 8395, 8431, 8234, 8074, 8223, 8197, 8321, 8578,14.984955787658691,SPEAK
105, 8330, 8616, 8673, 8572, 5917, 8136, 8282, 8262, 8267, 8143, 8359, 8357, 8405, 9224,14.99314284324646,SPEAK
106, 7939, 7267, 7082, 7174, 8442, 7416, 7868, 7895, 7881, 8146, 7885, 7792, 7790, 8177,15.000595331192017,SPEAK
107, 8154, 9108, 9464, 9241, 9459, 9446, 8419, 8187, 8494, 8481, 8824, 8921, 8655, 8382,15.009836196899414,SPEAK
108, 8466, 9882, 9424, 9679, 6846, 9217, 8784, 8280, 7938, 7996, 8977, 9142, 8461, 8687,15.017513990402222,SPEAK
109, 8194, 7698, 7366, 7476, 7574, 7020, 7954, 8082, 7795, 8379, 8029, 8013, 7808, 8179,15.023719310760498,SPEAK
110, 8084, 7943, 8409, 8068, 8743, 7936, 8179, 8182, 8385, 8446, 8582, 8556, 8239, 8246,15.03303337097168,SPEAK
111, 8807, 9220, 8900, 9200, 7618, 8929, 9091, 8678, 7657, 7076, 8184, 8239, 7951, 8846,15.04081678390503,SPEAK
112, 8540, 8690, 9819, 9060, 7357, 9347, 8279, 8262, 8609, 8691, 8839, 9434, 8839, 8664,15.048605680465698,SPEAK
113, 7738, 7519, 7981, 7598, 8838, 7853, 7721, 7658, 8526, 8771, 8329, 8786, 8271, 7852,15.056439638137817,SPEAK
114, 8625, 8487, 7578, 8165, 8080, 7709, 8704, 8396, 7816, 7620, 7347, 7214, 7622, 8616,15.064357995986938,SPEAK
115, 8405, 8510, 8762, 8485, 8018, 8652, 8293, 8295, 8527, 8665, 8571, 8633, 8535, 8340,15.072507619857788,SPEAK
116, 7687, 7562, 7624, 7478, 8817, 7910, 7598, 7886, 8149, 8233, 7937, 8018, 8013, 7582,15.080261945724487,SPEAK
117, 8336, 8304, 8383, 8334, 8194, 8589, 8255, 8288, 8257, 8119, 8082, 8130, 8276, 8380,15.088032007217407,SPEAK
118, 7972, 8012, 8036, 8048, 8428, 8166, 8018, 7950, 8322, 8433, 8308, 8342, 8257, 8185,15.095914125442505,SPEAK
119, 8006, 8087, 7839, 8107, 8030, 8026, 8244, 8125, 8122, 8140, 7819, 7776, 8048, 8172,15.103798627853394,SPEAK
120, 8125, 8183, 8262, 8281, 7972, 8405, 8260, 8105, 8209, 8205, 8479, 8533, 8374, 8141,15.111515998840332,SPEAK
121, 7984, 8014, 7842, 7948, 8576, 7951, 8047, 7975, 7968, 8071, 8035, 8000, 8036, 7900,15.119390487670898,SPEAK
122, 8232, 8445, 8246, 8366, 8265, 8253, 8288, 8306, 8150, 8065, 7850, 7831, 8233, 8270,15.127159833908081,SPEAK
123, 8005, 8269, 8509, 8306, 7993, 8402, 8086, 8098, 8507, 8463, 8852, 9080, 8657, 8147,15.134875535964966,SPEAK
124, 7761, 7699, 7463, 7595, 8326, 7569, 7915, 7980, 7898, 7938, 7555, 7558, 7806, 7782,15.142555713653564,SPEAK
125, 8295, 8370, 8418, 8441, 7730, 8483, 8321, 8270, 7545, 7800, 6769, 6313, 7507, 8370,15.150506734848022,SPEAK
126, 8438, 8760, 9873, 9092, 7636, 9698, 8353, 8206, 8726, 8593, 9464, 9477, 9267, 8649,15.158340692520142,SPEAK
127, 8011, 7905, 7885, 7813, 8653, 7745, 8051, 8107, 8275, 7746, 9053, 9349, 8564, 8100,15.166312217712402,SPEAK
238, 8421, 8495, 8476, 8508, 7776, 8262, 8524, 8520, 8265, 8978, 7865, 7807, 7698, 8541,15.174214124679565,SPEAK
0, 8829, 8734, 9110, 8772, 7453, 8980, 8849, 8574, 8900, 9357, 9081, 9199, 8836, 8935,15.182100534439087,SPEAK
1, 7942, 7593, 7132, 7345, 8888, 6748, 7795, 7755, 7376, 7063, 8317, 8346, 7830, 7878,15.189815282821655,SPEAK
2, 7947, 8985, 9598, 9280, 7817, 9001, 8154, 8178, 8371, 8628, 8473, 8382, 8354, 8217,15.1979341506958,SPEAK
3, 8853, 8818, 8572, 8838, 7479, 9596, 9056, 8923, 9143, 9258, 8765, 8733, 9111, 9363,15.206230401992798,SPEAK
4, 8214, 6683, 5925, 6418, 9193, 6432, 7593, 8041, 7652, 7703, 7593, 7433, 7643, 8549,15.213577508926392,SPEAK
5, 8172, 8185, 8768, 8314, 8362, 7912, 7827, 8504, 8167, 8172, 8200, 8295, 8168, 8562,15.22128963470459,SPEAK
6, 8512, 8813, 8927, 8821, 7803, 8986, 8793, 8790, 8488, 8477, 8807, 8931, 8621, 9232,15.229111194610596,SPEAK
7, 7670, 7673, 7640, 7622, 7835, 7529, 8002, 7887, 8150, 8246, 8220, 8067, 8103, 8913,15.236858367919922,SPEAK
8, 8189, 8361, 8467, 8331, 8614, 8185, 8295, 8664, 8207, 8279, 8238, 8139, 8267, 8993,15.244759798049927,SPEAK
9, 8493, 8220, 8333, 8197, 9745, 8333, 8114, 8807, 8161, 8515, 8549, 8509, 8216, 8659,15.252678394317627,SPEAK
10, 8286, 8135, 8240, 8106, 8324, 7994, 8065, 8560, 8248, 8233, 8320, 8334, 8271, 8911,15.260570049285889,SPEAK
11, 8295, 8285, 8312, 8242, 9042, 8253, 8407, 8715, 8115, 8203, 8260, 8359, 8246, 8945,15.269805192947388,SPEAK
12, 8038, 8083, 8317, 8109, 9853, 8208, 8165, 8516, 8118, 8446, 8509, 8467, 8148, 8517,15.277713060379028,SPEAK
13, 8334, 8305, 8289, 8245, 8034, 8083, 8379, 8767, 8246, 8164, 8362, 8118, 8280, 9090,15.283936738967896,SPEAK
14, 8223, 8137, 8289, 8148, 9496, 8250, 8213, 8523, 8040, 8305, 8418, 8346, 8155, 8664,15.291854858398438,SPEAK
15, 8179, 8145, 8137, 8126, 10771, 8294, 8228, 8201, 7961, 8338, 8174, 8393, 8065, 8159,15.299567222595215,SPEAK
16, 8256, 8485, 8461, 8443, 7035, 8112, 8264, 8031, 8171, 8236, 8060, 8154, 8257, 8732,15.308827877044678,SPEAK
17, 7869, 7976, 8045, 7988, 7486, 8214, 8046, 7829, 7921, 8283, 8127, 8093, 8076, 8257,15.316663980484009,SPEAK
18, 8099, 8132, 7874, 8080, 9730, 8417, 8244, 8211, 8090, 8258, 7902, 8048, 8065, 7867,15.324418306350708,SPEAK
19, 8260, 8692, 8651, 8659, 7236, 8312, 8316, 8053, 8206, 7786, 8243, 8388, 8315, 8196,15.332175016403198,SPEAK
20, 7850, 7599, 7685, 7566, 7887, 7656, 7897, 7681, 7543, 7706, 8026, 7952, 7978, 8045,15.339935064315796,SPEAK
21, 7974, 8303, 8562, 8384, 8787, 8627, 8214, 8245, 8413, 9072, 8341, 8408, 8482, 8322,15.347750902175903,SPEAK
22, 8564, 9123, 8334, 8896, 7038, 8327, 8988, 8642, 8320, 7945, 8204, 8178, 8213, 8712,15.355515718460083,SPEAK
23, 8460, 7955, 8042, 7955, 7404, 7563, 8316, 8432, 7904, 7432, 8089, 8019, 8075, 8489,15.363213539123535,SPEAK
24, 7755, 7797, 9158, 8134, 9022, 8654, 7660, 8300, 8824, 9238, 9265, 9632, 8854, 8223,15.370998859405518,SPEAK
25, 8472, 8490, 7529, 8174, 8281, 8006, 8641, 8631, 7827, 7868, 7599, 7598, 7583, 8623,15.378754138946533,SPEAK
26, 8926, 8877, 8889, 8936, 7329, 8710, 8769, 8457, 8012, 7738, 7937, 7825, 8213, 8854,15.38801884651184,SPEAK
27, 7755, 8099, 9095, 8380, 8658, 8782, 7816, 7867, 8630, 8692, 9142, 9339, 8898, 8042,15.395705699920654,SPEAK
28, 8084, 8234, 7721, 8147, 8138, 7737, 8248, 8143, 7798, 7897, 7505, 7435, 7690, 8163,15.403419017791748,SPEAK
29, 8523, 8642, 8700, 8892, 7509, 8297, 8592, 8180, 8184, 8196, 8116, 8153, 8300, 8339,15.411082744598389,SPEAK
30, 7801, 7797, 7734, 7909, 8661, 7679, 7990, 7896, 8287, 8285, 8435, 8547, 8452, 7836,15.418915033340454,SPEAK
31, 8197, 8142, 8041, 8091, 8357, 8095, 8164, 8223, 8012, 7993, 8089, 8101, 8226, 8251,15.426769495010376,SPEAK
32, 8312, 8230, 8549, 8273, 8072, 8421, 8005, 8072, 8023, 8126, 8410, 8467, 8234, 8292,15.43462324142456,SPEAK
33, 8179, 8167, 8138, 8148, 7901, 8098, 8072, 8116, 8091, 8093, 8011, 8074, 8211, 8226,15.442342281341553,SPEAK
34, 8095, 8233, 8188, 8153, 8076, 8253, 8132, 8091, 8172, 8124, 8294, 8395, 8431, 8194,15.450465440750122,SPEAK
35, 7939, 7957, 7866, 7821, 8514, 7984, 7878, 7911, 8198, 8240, 8372, 8481, 8262, 7916,15.458290576934814,SPEAK
36, 8150, 8062, 7795, 7988, 8210, 7936, 8088, 8195, 8079, 8072, 7661, 7664, 8009, 8157,15.466161727905273,SPEAK
37, 8195, 8286, 8692, 8453, 8074, 8642, 8212, 8146, 8219, 8145, 8649, 8789, 8531, 8362,15.474063873291016,SPEAK
38, 7832, 7824, 7841, 7817, 8908, 7886, 7973, 7988, 8452, 8404, 9030, 9502, 8559, 8000,15.48192548751831,SPEAK
39, 7926, 7928, 7145, 7862, 8530, 7544, 8113, 8076, 7805, 8097, 7572, 7704, 7458, 7923,15.489634037017822,SPEAK
40, 8347, 8581, 8869, 8918, 7573, 9023, 8429, 8302, 8017, 8087, 8414, 8258, 8205, 8327,15.497485876083374,SPEAK
41, 8257, 8184, 8491, 8271, 8281, 8246, 8240, 8365, 8252, 7903, 9014, 9165, 8632, 8310,15.50519585609436,SPEAK
42, 8104, 8324, 8170, 8177, 8301, 8228, 8230, 8195, 8191, 8532, 8320, 8373, 8083, 8316,15.513050556182861,SPEAK
43, 8421, 8622, 8636, 8499, 7903, 9091, 8682, 8477, 8356, 8395, 8728, 8643, 8541, 8598,15.520721673965454,SPEAK
44, 8096, 7500, 7156, 7286, 8793, 6917, 7945, 8505, 7741, 7139, 8222, 8034, 7783, 8239,15.528558254241943,SPEAK
45, 7980, 8895, 9735, 9222, 7630, 8553, 8057, 8451, 8845, 9074, 8334, 8356, 8401, 8472,15.536682367324829,SPEAK
46, 8939, 9696, 9915, 9816, 7469, 10383, 9381, 8820, 8799, 8960, 8732, 9000, 9186, 9012,15.545444011688232,SPEAK
47, 8407, 7104, 6400, 6818, 9075, 6970, 7943, 8182, 7471, 7346, 7793, 7671, 7727, 8388,15.551812171936035,SPEAK
48, 8103, 7779, 8263, 7873, 7555, 7319, 7531, 8172, 8421, 8417, 8161, 8109, 8113, 8591,15.55971646308899,SPEAK
49, 8503, 8878, 9140, 8894, 7849, 9026, 8715, 8674, 8383, 8597, 8628, 8840, 8620, 8880,15.567636013031006,SPEAK
50, 7661, 7753, 7721, 7683, 8817, 7689, 8003, 8180, 7991, 8296, 8114, 8083, 8035, 8390,15.576894521713257,SPEAK
51, 8010, 8210, 8220, 8183, 8405, 8032, 8158, 8307, 8284, 8008, 8208, 8096, 8246, 8617,15.584973812103271,SPEAK
52, 8484, 8256, 8327, 8227, 9405, 8363, 8228, 8292, 8136, 8092, 8428, 8367, 8249, 8432,15.592721223831177,SPEAK
53, 8254, 8099, 8194, 8076, 8856, 8033, 8100, 8260, 8203, 8268, 8067, 8085, 8179, 8416,15.600508451461792,SPEAK
54, 8231, 8281, 8217, 8230, 8884, 8224, 8326, 8426, 8141, 8044, 8051, 8047, 8229, 8585,15.608294248580933,SPEAK
55, 7987, 8105, 8334, 8134, 9314, 8187, 8031, 8151, 8165, 8210, 8361, 8345, 8200, 8278,15.614546298980713,SPEAK
56, 8294, 8237, 8151, 8172, 8793, 8134, 8291, 8389, 8154, 8020, 8012, 8036, 8205, 8497,15.623830318450928,SPEAK
57, 8187, 8190, 8274, 8183, 9297, 8216, 8196, 8247, 8159, 8215, 8166, 8195, 8217, 8403,15.63159704208374,SPEAK
58, 8044, 8165, 8263, 8150, 9133, 8161, 8157, 8175, 8183, 8131, 8300, 8278, 8209, 8287,15.639344692230225,SPEAK
59, 8319, 8275, 8222, 8224, 8388, 8116, 8308, 8431, 8144, 7931, 8151, 8175, 8229, 8594,15.646638870239258,SPEAK
60, 8049, 8084, 8306, 8130, 10223, 8330, 8100, 8101, 8080, 8256, 8311, 8317, 8160, 8077,15.656003952026367,SPEAK
61, 8183, 8307, 8306, 8257, 9320, 8212, 8357, 8338, 8239, 8112, 8108, 7995, 8214, 8256,15.663930892944336,SPEAK
62, 8257, 8372, 8418, 8341, 6332, 8102, 8234, 8338, 8179, 8007, 8265, 8163, 8272, 8533,15.671759366989136,SPEAK
63, 8018, 7654, 7663, 7657, 9486, 8273, 8090, 8157, 7749, 8235, 8169, 8238, 7912, 7662,15.678102016448975,SPEAK
64, 8226, 8608, 8576, 8617, 9132, 8912, 8503, 8380, 8604, 8634, 8354, 8499, 8330, 8209,15.685866117477417,SPEAK
65, 8246, 8436, 8113, 8296, 5886, 8057, 8285, 8106, 8239, 7640, 8369, 8316, 8155, 8679,15.694719076156616,SPEAK
66, 7855, 6605, 6939, 6602, 8594, 6814, 7395, 8026, 7605, 7802, 7485, 7329, 7651, 8140,15.701786279678345,SPEAK
67, 8065, 8302, 9793, 8743, 9348, 9037, 8234, 8315, 8927, 9343, 8696, 8869, 8811, 8364,15.709919929504395,SPEAK
68, 8552, 9115, 8865, 8966, 7642, 8618, 9135, 8392, 8222, 7869, 8737, 8806, 8291, 8357,15.71770429611206,SPEAK
69, 8284, 7901, 7636, 7701, 7737, 7230, 8125, 8456, 7690, 7739, 7837, 7828, 7696, 8315,15.725641012191772,SPEAK
70, 7997, 8214, 8779, 8504, 8497, 8713, 7925, 8578, 8394, 8652, 8825, 8883, 8520, 8563,15.734978675842285,SPEAK
71, 8392, 8514, 7912, 8557, 8293, 8297, 8532, 8801, 8048, 7845, 8416, 8207, 8137, 8660,15.742635488510132,SPEAK
72, 8257, 8269, 8352, 8285, 8062, 8220, 8182, 8337, 8084, 8192, 8388, 8276, 8084, 8271,15.748793125152588,SPEAK
73, 7910, 7929, 8143, 7799, 8418, 8425, 7931, 8069, 8056, 8167, 8714, 8715, 8230, 8026,15.756533145904541,SPEAK
74, 8254, 8270, 8028, 8175, 8041, 8282, 8288, 8485, 8116, 8001, 8357, 8236, 8247, 8457,15.765944719314575,SPEAK
75, 8213, 8289, 8483, 8425, 8100, 8369, 8224, 8410, 8245, 8306, 8596, 8578, 8270, 8338,15.773986101150513,SPEAK
76, 8211, 8202, 8215, 8201, 8234, 8113, 8238, 8502, 8169, 8189, 8322, 8449, 8081, 8244,15.781888008117676,SPEAK
77, 8278, 8367, 8437, 8390, 8159, 8467, 8290, 8570, 8289, 8261, 8507, 8628, 8302, 8487,15.789870977401733,SPEAK
78, 7933, 8007, 8096, 7997, 8426, 8243, 7997, 8180, 8133, 8202, 8638, 8517, 8214, 8317,15.797574043273926,SPEAK
79, 8236, 8269, 8248, 8256, 8023, 8323, 8277, 8441, 8121, 8076, 8417, 8242, 8215, 8445,15.805612325668335,SPEAK
80, 8240, 8306, 8405, 8345, 8045, 8369, 8191, 8448, 8195, 8226, 8610, 8557, 8204, 8224,15.81316351890564,SPEAK
81, 8150, 8254, 8211, 8237, 8320, 8169, 8148, 8448, 8231, 8267, 8353, 8448, 8110, 8173,15.819681406021118,SPEAK
82, 8276, 8334, 8404, 8356, 8294, 8452, 8293, 8551, 8232, 8202, 8431, 8546, 8276, 8489,15.827632904052734,SPEAK
83, 8057, 7964, 8137, 7988, 8376, 8204, 8097, 8329, 8068, 8188, 8523, 8429, 8136, 8295,15.835574626922607,SPIN
84, 8273, 8228, 8221, 8207, 7949, 8273, 8314, 8474, 8077, 8025, 8427, 8250, 8218, 8365,15.844966650009155,SPIN
85, 8194, 8331, 8363, 8350, 8038, 8439, 8150, 8346, 8129, 8182, 8780, 8706, 8340, 8239,15.852822542190552,SPIN
86, 8033, 8133, 8098, 8128, 8367, 8156, 8030, 8291, 8100, 8148, 8468, 8540, 8116, 8126,15.860661506652832,SPIN
87, 8272, 8250, 8192, 8195, 8148, 8203, 8305, 8520, 8074, 7975, 8287, 8395, 8075, 8388,15.868542432785034,SPIN
88, 8204, 8358, 8706, 8444, 7995, 8670, 8283, 8296, 8351, 8704, 8702, 8600, 8420, 8302,15.874772310256958,SPIN
89, 8354, 7972, 7711, 7914, 8263, 8026, 8332, 8290, 7840, 7581, 8425, 8235, 8051, 8231,15.882621049880981,SPIN
90, 8009, 7881, 7880, 7808, 8752, 7449, 7807, 8295, 7987, 7661, 8005, 7865, 7712, 8114,15.891856670379639,SPIN
91, 8354, 9698, 10799, 9910, 7419, 10186, 8709, 8640, 9333, 9601, 8819, 9005, 9211, 8642,15.89958381652832,SPIN
92, 8937, 8711, 8279, 8527, 7963, 9217, 9136, 8613, 8012, 7815, 8458, 8523, 8720, 8713,15.907301902770996,SPIN
93, 8001, 6803, 6393, 6682, 9525, 6315, 7398, 7866, 7500, 7462, 7620, 7472, 7426, 7966,15.915053606033325,SPIN
94, 8290, 8567, 9175, 8689, 8485, 8469, 8104, 8395, 8697, 8884, 8448, 8598, 8505, 8350,15.922749757766724,SPIN
95, 8415, 8474, 8467, 8378, 8236, 8617, 8570, 8535, 8105, 8391, 8491, 8540, 8414, 8408,15.93055272102356,SPIN
96, 7805, 7739, 7800, 7732, 7933, 7490, 7896, 8165, 8066, 8012, 8018, 7944, 7996, 8300,15.938239812850952,SPIN
97, 8291, 8369, 8472, 8340, 9041, 8328, 8377, 8441, 8263, 7847, 8396, 8388, 8321, 8383,15.945984125137329,SPIN
98, 8201, 8082, 8313, 8084, 9584, 8175, 8108, 8181, 8119, 8210, 8363, 8342, 8179, 8055,15.953586101531982,SPIN
99, 8246, 8210, 8152, 8164, 8295, 8067, 8215, 8297, 8205, 8131, 7885, 7976, 8207, 8342,15.962886810302734,SPIN
100, 8167, 8207, 8220, 8188, 9489, 8240, 8251, 8278, 8128, 8088, 8055, 8127, 8206, 8209,15.970854997634888,SPIN
101, 7941, 8118, 8287, 8134, 9427, 8163, 8143, 8183, 8178, 8201, 8337, 8280, 8177, 8069,15.97873306274414,SPIN
102, 8286, 8319, 8230, 8254, 8242, 8148, 8362, 8454, 8150, 7969, 8137, 8072, 8212, 8382,15.98648452758789,SPIN
103, 8151, 8087, 8234, 8122, 10250, 8322, 8100, 8084, 8092, 8231, 8287, 8310, 8122, 7854,15.99459171295166,SPIN
104, 8268, 8327, 8304, 8295, 9803, 8273, 8339, 8260, 8194, 8132, 8109, 8102, 8196, 8053,16.00230050086975,SPIN
105, 8200, 8484, 8484, 8442, 6402, 8147, 8293, 8380, 8217, 8147, 8190, 8151, 8284, 8370,16.008575201034546,SPIN
106, 7884, 7563, 7488, 7572, 8768, 8170, 8093, 8071, 7793, 8169, 8150, 8171, 7851, 7406,16.017944812774658,SPIN
107, 8221, 8423, 8487, 8492, 9603, 8877, 8351, 8363, 8424, 8313, 8448, 8558, 8361, 8017,16.025766134262085,SPIN
108, 8270, 8663, 8227, 8446, 6464, 7950, 8234, 8208, 8027, 7895, 8243, 8167, 8094, 8607,16.033502340316772,SPIN
109, 7932, 6783, 6773, 6692, 7865, 6821, 7547, 7902, 7344, 7933, 7486, 7314, 7519, 8011,16.04117727279663,SPIN
110, 7855, 7525, 8863, 7909, 9511, 8726, 7783, 8056, 8895, 9116, 9186, 9477, 8995, 7990,16.04911231994629,SPIN
111, 8323, 8548, 7392, 8134, 8591, 7904, 8635, 8305, 7913, 7526, 8348, 8327, 7988, 8042,16.05703353881836,SPIN
112, 8697, 8442, 7588, 8180, 7384, 7672, 8496, 8461, 7712, 7695, 7455, 7231, 7792, 8487,16.064746618270874,SPIN
113, 7934, 8206, 9449, 8574, 8131, 9052, 7991, 8038, 9013, 9192, 8920, 9240, 9087, 8222,16.072640419006348,SPIN
114, 8132, 8320, 7871, 8152, 8435, 7937, 8501, 8330, 7915, 7786, 7907, 7954, 7984, 8115,16.08054757118225,SPIN
115, 8477, 8716, 8295, 8649, 7922, 8034, 8490, 8525, 7908, 7985, 8111, 8002, 8141, 8456,16.08851146697998,SPIN
116, 7793, 8093, 8062, 8127, 8393, 8113, 7956, 8003, 8166, 8286, 8378, 8467, 8380, 8060,16.096301317214966,SPIN
117, 8056, 8268, 8009, 8186, 7997, 8244, 8320, 8145, 8214, 8123, 7905, 7960, 8240, 8229,16.10415029525757,SPIN
118, 8105, 8183, 8193, 8157, 8138, 8215, 8204, 7999, 8304, 8468, 8185, 8193, 8249, 7961,16.1119122505188,SPIN
119, 8047, 8055, 7921, 7923, 8505, 7991, 8074, 8038, 8116, 8146, 7861, 7821, 8083, 7890,16.11981177330017,SPIN
120, 8199, 8385, 8413, 8288, 8259, 8434, 8251, 8259, 8442, 8309, 8407, 8501, 8568, 8218,16.127640962600708,SPIN
121, 7792, 8016, 7894, 7955, 8226, 7948, 7976, 7931, 8148, 8247, 8296, 8312, 8240, 7974,16.135488510131836,SPIN
122, 8022, 8219, 8001, 8172, 7826, 8161, 8315, 8135, 8009, 8048, 7667, 7581, 8021, 8263,16.143481492996216,SPIN
123, 8165, 8380, 8588, 8392, 7909, 8627, 8298, 8124, 8407, 8371, 8631, 8691, 8514, 8317,16.15141010284424,SPIN
124, 7896, 7897, 7802, 7772, 8560, 7800, 7951, 8068, 8233, 8315, 8372, 8530, 8270, 7834,16.159282684326172,SPIN
125, 8258, 8228, 7800, 8136, 8232, 7935, 8395, 8259, 7603, 7786, 6944, 6913, 7586, 8010,16.167175769805908,SPIN
126, 8557, 8818, 9560, 9105, 7680, 9596, 8640, 8320, 8434, 8318, 8880, 8925, 8760, 8566,16.1749587059021,SPIN
127, 7928, 7745, 7984, 7675, 8649, 7914, 7899, 8374, 8591, 8380, 9394, 9628, 8717, 8230,16.182870864868164,SPIN
238, 7915, 7898, 7486, 7778, 8533, 7274, 7818, 8282, 7602, 7991, 7621, 7459, 7416, 8075,16.190813064575195,SPIN
0, 8606, 9138, 9660, 9448, 7672, 9622, 8693, 8597, 8392, 8429, 8925, 8912, 8736, 8763,16.19887399673462,SPIN
1, 8213, 7411, 6947, 7156, 8947, 6831, 8101, 8575, 7853, 7462, 8277, 8476, 7916, 8327,16.206875562667847,SPIN
2, 7893, 7684, 8172, 7697, 8189, 6433, 7547, 7981, 7915, 8367, 7274, 7355, 7230, 7961,16.214842557907104,SPIN
3, 8977, 9893, 10939, 10253, 6698, 10186, 9080, 8269, 8638, 8797, 8953, 9240, 9060, 8536,16.22259831428528,SPIN
4, 8556, 7968, 7314, 7767, 8359, 8189, 8538, 8379, 7536, 7265, 8427, 8439, 8219, 8205,16.23054027557373,SPIN
5, 7737, 7378, 7522, 7327, 8017, 6949, 7521, 8246, 8287, 8392, 7802, 7723, 7852, 8120,16.238495111465454,SPIN
6, 8458, 8790, 9231, 8860, 8210, 8801, 8520, 8436, 8514, 8717, 8574, 8746, 8573, 8319,16.245999813079834,SPIN
7, 8039, 7975, 7939, 7922, 9181, 8082, 8131, 8193, 7927, 8086, 8357, 8358, 8145, 7964,16.253759384155273,SPIN
8, 7931, 8053, 8125, 8017, 8298, 7890, 8137, 8331, 8333, 7900, 7950, 7891, 8205, 8222,16.261713981628418,SPIN
9, 8360, 8286, 8395, 8269, 9306, 8346, 8374, 8337, 8151, 7846, 8258, 8262, 8255, 8120,16.26953911781311,SPIN
10, 8117, 8047, 8250, 8041, 9122, 8073, 8020, 8173, 8176, 8327, 8279, 8310, 8168, 7943,16.277507066726685,SPIN
11, 8269, 8286, 8225, 8213, 8680, 8180, 8341, 8383, 8167, 8077, 8024, 7998, 8212, 8204,16.285366773605347,SPIN
12, 8086, 8129, 8335, 8145, 9368, 8215, 8155, 8132, 8167, 8157, 8303, 8270, 8189, 7914,16.293327808380127,SPIN
13, 8224, 8198, 8212, 8157, 8836, 8143, 8255, 8285, 8173, 8048, 8166, 8219, 8184, 8006,16.301023721694946,SPIN
14, 8257, 8231, 8283, 8215, 9123, 8231, 8233, 8335, 8133, 8102, 8172, 8251, 8199, 8080,16.308709859848022,SPIN
15, 7984, 8153, 8343, 8166, 9319, 8218, 8102, 8116, 8202, 8204, 8254, 8230, 8192, 7860,16.31677794456482,SPIN
16, 8253, 8265, 8193, 8196, 8440, 8100, 8349, 8404, 8193, 7909, 8057, 7941, 8204, 8132,16.324238777160645,SPIN
17, 8175, 8122, 8301, 8158, 9648, 8292, 8152, 8144, 8029, 8080, 8313, 8253, 8167, 7823,16.332062005996704,SPIN
18, 8218, 8177, 8235, 8158, 9831, 8245, 8265, 8213, 8202, 8255, 8175, 8259, 8171, 7793,16.339881896972656,SPIN
19, 8270, 8470, 8517, 8424, 6776, 8141, 8332, 8401, 8493, 8182, 8202, 8307, 8331, 8326,16.347606658935547,SPIN
20, 7969, 7725, 7672, 7695, 9181, 8136, 8117, 8137, 7467, 7842, 8131, 8044, 7855, 7353,16.355567932128906,SPIN
21, 8079, 8305, 8532, 8377, 10302, 8802, 8268, 8346, 8022, 8702, 8286, 8231, 8235, 7661,16.36481809616089,SPIN
22, 8527, 9237, 9197, 9157, 5892, 8681, 8703, 8299, 8781, 8407, 8816, 8881, 8620, 9067,16.37263536453247,SPIN
23, 8343, 7419, 6605, 7095, 7016, 6566, 8041, 8242, 7598, 7147, 7634, 7436, 7530, 8628,16.38028073310852,SPIN
24, 8132, 7911, 8675, 8169, 8621, 8174, 7916, 8517, 8321, 8727, 8271, 8205, 8296, 8163,16.38774824142456,SPIN
25, 8685, 9275, 9718, 9378, 7325, 9558, 9001, 8578, 8447, 8478, 9134, 9281, 8649, 8307,16.39548397064209,SPIN
26, 8740, 8365, 8028, 8158, 7566, 8048, 8641, 8717, 8067, 7746, 8333, 8399, 8158, 8572,16.403565883636475,SPIN
27, 7708, 7894, 8164, 8014, 8810, 7908, 7693, 8446, 8360, 8629, 8420, 8492, 8209, 8345,16.411520957946777,SPIN
28, 8130, 8647, 8281, 8703, 8012, 8384, 8446, 8348, 7719, 7832, 7995, 7817, 7732, 8441,16.41934108734131,SPIN
29, 8833, 8907, 9459, 9140, 7146, 9184, 8715, 8414, 8476, 8247, 8843, 8895, 8756, 8673,16.427013158798218,SPIN
30, 8080, 7805, 8111, 7811, 8513, 8021, 7970, 8202, 8457, 8586, 8494, 8755, 8487, 7934,16.43492555618286,SPIN
31, 8459, 8505, 8135, 8383, 8025, 7980, 8551, 8504, 7956, 7967, 7600, 7660, 8004, 8436,16.442742347717285,SPIN
32, 8379, 8605, 8768, 8676, 7887, 8370, 8404, 8161, 8363, 8299, 8474, 8562, 8610, 8309,16.450602293014526,SPIN
33, 7840, 7740, 7443, 7623, 8782, 7545, 7876, 7900, 8149, 8237, 7858, 7868, 8107, 7758,16.458579540252686,SPIN
34, 8294, 8310, 8326, 8308, 8233, 8458, 8306, 8276, 8355, 8204, 8239, 8344, 8497, 8268,16.46657943725586,SPIN
35, 7855, 7919, 8017, 7927, 8235, 8040, 7925, 7940, 8270, 8318, 8480, 8572, 8400, 7962,16.474499702453613,SPIN
36, 7944, 7998, 7655, 7937, 7895, 7848, 8147, 8133, 7848, 7990, 7608, 7474, 7888, 8197,16.482589960098267,SPIN
37, 8275, 8415, 8696, 8532, 7781, 8785, 8323, 8229, 8143, 8124, 8606, 8558, 8513, 8488,16.490514755249023,SPIN
38, 7923, 7892, 7772, 7808, 8775, 7843, 7909, 8015, 8430, 8486, 8666, 8843, 8479, 7898,16.498361587524414,SPIN
39, 8152, 8035, 6918, 7847, 8760, 7284, 8240, 8174, 7794, 8003, 6904, 6921, 7358, 8069,16.50618314743042,SPIN
40, 8682, 8982, 9329, 9330, 7543, 9398, 8700, 8256, 8019, 8060, 8147, 8110, 8095, 8782,16.512589693069458,SPIN
41, 8282, 8392, 9358, 8637, 7943, 9093, 8268, 8441, 8684, 8311, 9464, 9720, 8963, 8445,16.521811962127686,SPIN
42, 8114, 8004, 7667, 7797, 8363, 7665, 8147, 8610, 8190, 8374, 8139, 8163, 7936, 8157,16.52974772453308,SPIN
43, 8848, 9077, 9029, 9176, 7433, 9064, 8963, 8838, 8347, 8666, 8506, 8543, 8324, 8765,16.537877082824707,SPIN
44, 8412, 7889, 7484, 7808, 8269, 7723, 8295, 8481, 7739, 7243, 8457, 8523, 7865, 8263,16.5458083152771,SPIN
45, 7552, 8003, 8490, 8042, 8167, 7946, 7483, 8039, 8292, 8564, 8002, 7823, 7966, 7933,16.553548574447632,SPIN
46, 8610, 10118, 11154, 10307, 6915, 10894, 9184, 8928, 9596, 10025, 8997, 9190, 9738, 8794,16.561463356018066,SPIN
47, 8930, 8151, 7519, 7874, 8139, 8093, 8920, 8813, 7951, 7635, 8105, 8237, 8235, 8299,16.56941556930542,SPIN
48, 8024, 7142, 7254, 7130, 7514, 6586, 7314, 7873, 7865, 7882, 7830, 7722, 7592, 7711,16.577443599700928,SPIN
49, 8381, 8771, 9376, 8861, 7563, 8930, 8346, 8430, 8640, 8876, 8663, 8768, 8699, 8186,16.585390329360962,SPIN
50, 8029, 8061, 8047, 7967, 9449, 8101, 8305, 8417, 8048, 8288, 8222, 8253, 8123, 7914,16.591728925704956,SPIN
51, 7857, 7951, 8063, 7949, 8507, 7721, 8001, 8223, 8172, 7867, 8082, 8004, 8066, 7939,16.599536418914795,SPIN
52, 8373, 8316, 8413, 8273, 9045, 8381, 8324, 8337, 8179, 7863, 8491, 8419, 8288, 7925,16.608580827713013,SPIN
53, 8152, 8053, 8272, 8059, 9372, 8088, 8083, 8131, 8161, 8331, 8220, 8241, 8128, 7754,16.616466283798218,SPIN
54, 8284, 8269, 8205, 8208, 8518, 8130, 8332, 8385, 8200, 8103, 7816, 7918, 8201, 8056,16.623631954193115,SPIN
55, 8100, 8131, 8325, 8149, 9900, 8294, 8151, 8202, 8120, 8202, 8193, 8220, 8159, 7655,16.632959127426147,SPIN
56, 8099, 8183, 8238, 8160, 9139, 8157, 8230, 8246, 8179, 8066, 8305, 8248, 8176, 7839,16.64081597328186,SPIN
57, 8286, 8297, 8332, 8270, 8010, 8062, 8300, 8376, 8191, 7983, 8143, 8179, 8230, 8108,16.648664951324463,SPIN
58, 8060, 7943, 8095, 7972, 11799, 8546, 8122, 8098, 8024, 8246, 8271, 8291, 8004, 7115,16.656494617462158,SPIN
59, 8238, 8248, 7996, 8175, 11025, 8406, 8437, 8296, 8138, 8052, 8140, 8020, 8118, 7642,16.662736892700195,SPIN
60, 8049, 8304, 8364, 8303, 6965, 7923, 8142, 8027, 8192, 8055, 8355, 8270, 8283, 8198,16.670828819274902,SPIN
61, 8069, 7847, 7746, 7802, 8896, 8188, 8071, 8129, 7961, 8255, 8137, 8132, 7951, 7517,16.679646015167236,SPIN
62, 8453, 8548, 8280, 8481, 8937, 8567, 8446, 8485, 8322, 8356, 8215, 8176, 8193, 8015,16.68750524520874,SPIN
63, 8130, 8268, 8310, 8260, 7499, 8000, 8128, 8018, 7797, 7409, 8253, 8191, 8088, 8145,16.695366382598877,SPIN
64, 7945, 7799, 8221, 7909, 8709, 8215, 7842, 7999, 7870, 8053, 8262, 8369, 8178, 7949,16.70321035385132,SPIN
65, 8185, 8303, 8105, 8178, 8237, 8159, 8316, 8273, 8368, 8658, 8497, 8596, 8183, 8283,16.711337089538574,SPIN
66, 8308, 7635, 7231, 7396, 7406, 6668, 8191, 8251, 7519, 7093, 7355, 7034, 7350, 8293,16.71905779838562,SPIN
67, 7993, 7938, 10126, 8588, 8161, 8874, 7637, 8059, 8590, 8535, 8652, 8714, 8784, 8057,16.7270188331604,SPIN
68, 7881, 8265, 8866, 8441, 8917, 8968, 8090, 8041, 8554, 8883, 8881, 9196, 8521, 7867,16.734878301620483,SPIN
69, 8620, 8107, 6712, 7667, 7992, 7042, 8539, 8352, 7489, 7448, 7121, 6977, 7294, 8612,16.74275803565979,SPIN
70, 8224, 8175, 8975, 8459, 8145, 8593, 7855, 8020, 8418, 8432, 8510, 8587, 8572, 8374,16.750662803649902,SPIN
71, 7833, 7934, 8380, 8206, 8667, 8529, 7841, 7905, 8312, 8386, 8271, 8420, 8294, 7767,16.758624792099,SPIN
72, 8350, 8257, 8298, 8498, 8197, 8111, 8322, 8223, 8213, 8197, 7789, 7825, 8205, 8229,16.766415119171143,SPIN
73, 7926, 7909, 8186, 8129, 8457, 7993, 7900, 8038, 8390, 8422, 8593, 8807, 8618, 8061,16.77424192428589,SPIN
74, 7933, 7807, 7317, 7669, 8233, 7561, 7947, 8199, 7916, 8010, 7699, 7691, 7944, 8148,16.782073259353638,SPIN
75, 8340, 8480, 8798, 8576, 7739, 8616, 8225, 8097, 8125, 8134, 8252, 8208, 8365, 8410,16.790061712265015,SPIN
76, 7965, 7899, 8352, 7955, 8749, 8282, 7914, 8001, 8599, 8494, 9262, 9685, 8821, 8007,16.797950506210327,SPIN
77, 7963, 7619, 6472, 7214, 8967, 6627, 8101, 8419, 7827, 8077, 7640, 7903, 7378, 7878,16.8059504032135,SPIN
78, 8546, 9120, 9030, 9223, 7303, 8713, 8675, 8373, 7691, 7848, 7820, 7612, 7619, 8364,16.81390619277954,SPIN
79, 8531, 8711, 9544, 8833, 7474, 9344, 8514, 8320, 8582, 8357, 9189, 9302, 8930, 8487,16.821903467178345,SPIN
80, 8107, 7388, 6629, 6996, 8773, 6270, 8015, 8378, 7906, 8145, 7666, 7657, 7586, 8389,16.829832792282104,SPIN
81, 8436, 9464, 9482, 9713, 7730, 8624, 8815, 8628, 8044, 8046, 8039, 7799, 8135, 8768,16.837886810302734,SPIN
82, 8690, 8860, 8790, 8969, 7422, 9363, 8912, 8646, 8339, 8142, 8869, 8824, 8680, 8156,16.845759630203247,SPIN
83, 8126, 6646, 6362, 6400, 8502, 6553, 7445, 7949, 7854, 8274, 7763, 7668, 7541, 7410,16.853788137435913,SPIN
84, 8411, 8556, 9201, 8634, 8029, 8230, 8207, 8380, 8253, 8121, 8194, 8322, 8354, 8061,16.860071897506714,SPIN
85, 8468, 8630, 8839, 8636, 8039, 8781, 8702, 8423, 8232, 7960, 8560, 8743, 8382, 7895,16.868030548095703,SPIN
86, 7832, 7547, 7729, 7495, 7574, 7427, 7722, 7714, 8363, 8998, 8065, 7954, 8018, 7653,16.875925064086914,SPIN
87, 8348, 8620, 8805, 8598, 8059, 8359, 8381, 8248, 7965, 7625, 8187, 8073, 8367, 8208,16.883618116378784,SPIN
88, 8251, 8119, 8505, 8109, 9100, 8270, 8245, 8491, 8180, 7197, 8420, 8414, 8136, 7613,16.892932653427124,SPIN
89, 8256, 7847, 8201, 7797, 8029, 7749, 8145, 8281, 8832, 8554, 8068, 8168, 8139, 7594,16.900834321975708,SPIN
90, 8377, 8383, 8432, 8359, 9228, 8379, 8395, 8154, 7877, 7985, 8083, 8145, 8275, 8011,16.908499002456665,SPIN
91, 7732, 8118, 8327, 8108, 9259, 8176, 8041, 8265, 8088, 8217, 8308, 8298, 8198, 7463,16.916294813156128,SPIN
92, 8199, 8137, 8225, 8074, 8450, 8045, 8351, 8503, 8427, 8182, 8159, 8141, 8184, 7544,16.924037218093872,SPIN
93, 8373, 8167, 8483, 8221, 9387, 8281, 8077, 8167, 8035, 8062, 8355, 8335, 8228, 7679,16.931914567947388,SPIN
94, 8213, 8146, 8176, 8127, 8850, 8117, 8113, 8277, 8223, 8288, 8130, 8105, 8185, 7697,16.939884424209595,SPIN
