COUNTER,F3, FC5,AF3,F7,T7,P7,O1,O2,P8,T8,F8,AF4,FC6,F4,Timestamp,goodbye_event
39,8138,8185,8146,8225,8089,8207,8170,8173,8185,8194,8164,8165,8186,8269,0.0068635940551757,False
40,8158,8204,8185,8248,8127,8204,8164,8183,8186,8188,8170,8176,8182,8272,0.0145564079284667,False
41,8174,8187,8173,8246,8108,8192,8163,8170,8176,8172,8139,8169,8163,8274,0.022731065750122,False
42,8181,8197,8170,8235,8116,8193,8157,8156,8165,8166,8118,8164,8159,8275,0.030820608139038,False
43,8203,8225,8221,8261,8148,8206,8137,8161,8158,8169,8125,8184,8165,8277,0.0387244224548339,False
44,8197,8215,8184,8296,8122,8208,8128,8142,8157,8174,8121,8175,8159,8274,0.045710802078247,False
45,8187,8218,8199,8301,8136,8207,8129,8148,8141,8167,8106,8167,8139,8259,0.0538017749786376,False
46,8176,8205,8150,8289,8083,8209,8149,8147,8149,8170,8132,8158,8155,8265,0.061746597290039,False
47,8198,8225,8211,8289,8156,8215,8147,8178,8170,8169,8139,8186,8169,8285,0.0699245929718017,False
48,8224,8240,8323,8293,8215,8221,8133,8218,8168,8162,8118,8215,8154,8287,0.0776691436767578,False
49,8169,8180,8125,8281,8057,8212,8151,8169,8178,8176,8141,8157,8167,8271,0.0857648849487304,False
50,8149,8181,8086,8262,8086,8211,8146,8146,8178,8173,8146,8142,8171,8265,0.093705415725708,False
51,8183,8208,8213,8263,8168,8228,8131,8164,8169,8164,8125,8182,8161,8277,0.1017956733703613,False
52,8185,8201,8176,8286,8119,8247,8148,8161,8175,8182,8129,8181,8169,8278,0.1087057590484619,False
53,8184,8190,8143,8288,8109,8260,8165,8159,8175,8181,8132,8168,8173,8268,0.1169135570526123,False
54,8182,8169,8150,8267,8139,8260,8167,8155,8181,8167,8124,8163,8166,8261,0.1246914863586425,False
55,8184,8183,8193,8281,8164,8263,8169,8177,8191,8179,8131,8176,8170,8263,0.1327884197235107,False
56,8182,8191,8170,8297,8117,8264,8183,8187,8200,8198,8152,8184,8195,8283,0.1405463218688964,False
57,8173,8178,8147,8264,8123,8256,8178,8174,8189,8188,8134,8180,8187,8287,0.1486928462982177,False
58,8171,8176,8179,8242,8159,8249,8165,8170,8164,8168,8104,8168,8155,8261,0.1567800045013427,False
59,8167,8179,8146,8265,8120,8241,8173,8167,8159,8169,8104,8148,8157,8253,0.1646990776062011,False
60,8182,8200,8188,8272,8153,8238,8164,8182,8158,8167,8094,8165,8157,8270,0.1727168560028076,False
61,8179,8184,8188,8251,8144,8225,8153,8179,8163,8163,8081,8172,8143,8278,0.1798386573791504,False
62,8158,8161,8135,8247,8120,8205,8155,8165,8173,8162,8078,8150,8135,8270,0.1876976490020752,False
63,8176,8172,8209,8252,8174,8210,8145,8190,8166,8154,8061,8154,8126,8256,0.1956987380981445,False
64,8177,8154,8184,8248,8123,8228,8147,8182,8173,8160,8072,8150,8136,8259,0.2036619186401367,False
65,8161,8153,8140,8242,8100,8235,8152,8167,8186,8167,8095,8151,8148,8263,0.2116906642913818,False
66,8151,8162,8169,8235,8131,8228,8141,8164,8170,8161,8092,8151,8143,8251,0.2197067737579345,False
67,8154,8160,8176,8239,8134,8221,8137,8155,8153,8157,8091,8149,8146,8249,0.2277545928955078,False
68,8182,8177,8203,8270,8143,8222,8142,8159,8152,8163,8103,8179,8160,8269,0.2357120513916015,False
69,8183,8170,8158,8282,8105,8218,8141,8133,8143,8169,8109,8169,8168,8283,0.2426834106445312,False
70,8175,8179,8168,8269,8137,8211,8132,8131,8124,8164,8090,8148,8148,8264,0.2506361007690429,False
71,8166,8186,8173,8272,8129,8207,8146,8153,8130,8159,8088,8146,8140,8242,0.2588787078857422,False
72,8157,8176,8144,8277,8108,8205,8162,8167,8144,8155,8112,8152,8154,8250,0.2665340900421142,False
73,8209,8198,8263,8281,8199,8209,8143,8208,8147,8160,8133,8193,8166,8282,0.2748894691467285,False
74,8225,8173,8218,8282,8148,8211,8141,8197,8169,8183,8156,8192,8193,8315,0.2828273773193359,False
75,8188,8143,8138,8270,8112,8225,8155,8170,8173,8177,8149,8170,8191,8305,0.2907159328460693,False
76,8188,8154,8206,8263,8156,8237,8161,8184,8159,8158,8133,8179,8162,8281,0.2987504005432129,False
77,8186,8151,8169,8267,8131,8234,8171,8178,8169,8168,8119,8167,8161,8280,0.3068165779113769,False
78,8165,8147,8141,8255,8140,8228,8167,8174,8164,8162,8090,8147,8146,8268,0.3135952949523926,False
79,8150,8135,8136,8228,8129,8217,8165,8175,8152,8149,8093,8137,8128,8248,0.3217306137084961,False
80,8164,8138,8155,8222,8143,8206,8159,8188,8156,8159,8122,8151,8140,8255,0.3296482563018799,False
81,8178,8142,8185,8238,8155,8198,8156,8197,8167,8178,8144,8172,8171,8287,0.3376972675323486,False
82,8167,8139,8150,8252,8133,8192,8164,8182,8186,8188,8159,8174,8193,8313,0.3457043170928955,False
83,8159,8148,8174,8232,8156,8181,8154,8188,8180,8177,8149,8181,8176,8311,0.353649377822876,False
84,8137,8116,8148,8198,8108,8168,8145,8180,8168,8176,8152,8172,8163,8303,0.361701488494873,False
85,8141,8116,8154,8207,8114,8168,8149,8181,8176,8191,8180,8174,8181,8300,0.3696649074554443,False
86,8173,8148,8210,8231,8147,8172,8157,8198,8176,8183,8175,8186,8189,8295,0.3766794204711914,False
87,8151,8130,8137,8212,8094,8158,8160,8175,8168,8166,8156,8155,8178,8280,0.3848183155059814,False
88,8128,8123,8162,8176,8143,8149,8148,8174,8152,8154,8145,8147,8147,8264,0.3926787376403808,False
89,8125,8107,8177,8161,8145,8150,8150,8176,8139,8145,8123,8141,8116,8255,0.4007632732391357,False
90,8137,8111,8132,8174,8100,8156,8163,8171,8144,8142,8132,8133,8117,8251,0.4088475704193115,False
91,8177,8157,8195,8214,8139,8175,8166,8188,8153,8154,8200,8173,8154,8267,0.4167282581329345,False
92,8184,8156,8193,8239,8128,8181,8166,8170,8156,8167,8247,8188,8188,8293,0.4247822761535644,False
93,8189,8149,8188,8241,8137,8174,8163,8164,8152,8159,8232,8191,8182,8300,0.4327790737152099,False
94,8193,8145,8177,8233,8136,8179,8166,8174,8167,8169,8234,8195,8185,8301,0.4406592845916748,False
95,8175,8145,8174,8229,8145,8185,8159,8164,8179,8181,8233,8184,8185,8296,0.4476938247680664,False
96,8182,8161,8213,8242,8158,8183,8143,8165,8174,8172,8221,8188,8180,8298,0.4556224346160888,False
97,8189,8160,8131,8251,8102,8177,8156,8163,8196,8187,8245,8180,8205,8315,0.4635913372039795,False
98,8208,8189,8201,8236,8185,8177,8156,8205,8204,8201,8235,8192,8195,8309,0.4717669486999511,False
99,8207,8171,8269,8213,8198,8177,8155,8230,8199,8198,8213,8200,8180,8297,0.4796428680419922,False
100,8152,8109,8117,8213,8096,8166,8178,8188,8203,8198,8226,8167,8201,8302,0.4877231121063232,False
101,8142,8130,8103,8219,8117,8156,8180,8175,8184,8193,8219,8165,8192,8298,0.4957120418548584,False
102,8175,8161,8167,8218,8128,8163,8184,8186,8175,8185,8208,8179,8171,8300,0.5026986598968506,False
103,8199,8162,8200,8223,8139,8176,8194,8195,8169,8167,8206,8183,8164,8304,0.5107452869415283,False
104,8189,8145,8156,8221,8113,8179,8194,8179,8156,8156,8202,8168,8165,8300,0.5196824073791504,False
105,8183,8144,8142,8220,8121,8178,8186,8169,8160,8166,8206,8168,8180,8305,0.5267443656921387,False
106,8218,8174,8267,8236,8196,8176,8180,8199,8167,8174,8206,8203,8186,8311,0.534806489944458,False
107,8198,8143,8180,8227,8106,8166,8193,8171,8181,8192,8216,8176,8192,8306,0.542651891708374,False
108,8173,8124,8110,8196,8085,8170,8184,8151,8181,8196,8222,8153,8197,8303,0.5505013465881348,False
109,8199,8143,8185,8200,8124,8179,8163,8175,8170,8182,8218,8187,8199,8322,0.5588176250457764,False
110,8204,8149,8162,8221,8094,8181,8167,8170,8180,8188,8222,8194,8208,8343,0.566746711730957,False
111,8205,8157,8205,8210,8160,8202,8164,8185,8186,8195,8214,8189,8200,8331,0.5738711357116699,False
112,8189,8136,8202,8194,8155,8213,8164,8180,8175,8189,8201,8175,8190,8315,0.5818355083465576,False
113,8173,8141,8140,8204,8113,8199,8167,8158,8172,8184,8195,8166,8186,8317,0.5898959636688232,False
114,8197,8176,8167,8218,8133,8186,8162,8169,8182,8188,8205,8180,8188,8332,0.5977208614349365,False
115,8207,8182,8175,8222,8125,8183,8158,8176,8187,8194,8217,8177,8193,8331,0.605647087097168,False
116,8199,8180,8176,8227,8124,8182,8155,8180,8185,8190,8197,8165,8189,8309,0.613612174987793,False
117,8187,8164,8145,8221,8118,8174,8155,8174,8187,8189,8178,8155,8178,8299,0.6217308044433594,False
118,8182,8156,8158,8197,8143,8172,8158,8177,8179,8187,8163,8160,8154,8294,0.6297047138214111,False
119,8170,8152,8177,8179,8142,8171,8160,8182,8171,8177,8153,8159,8140,8267,0.6366627216339111,False
120,8148,8138,8129,8185,8119,8151,8153,8166,8172,8170,8165,8138,8150,8249,0.6446423530578613,False
121,8163,8155,8182,8193,8163,8149,8137,8175,8155,8167,8173,8158,8146,8254,0.6526672840118408,False
122,8174,8156,8176,8200,8105,8162,8141,8165,8148,8177,8182,8175,8150,8267,0.660682201385498,False
123,8180,8165,8156,8215,8098,8159,8140,8154,8160,8189,8198,8182,8175,8283,0.6686446666717529,False
124,8210,8191,8248,8228,8176,8152,8126,8179,8161,8188,8210,8209,8194,8310,0.6767103672027588,False
125,8203,8163,8191,8234,8118,8152,8140,8162,8165,8195,8216,8191,8212,8335,0.6836590766906738,False
126,8192,8161,8154,8235,8114,8154,8147,8145,8153,8193,8199,8177,8206,8319,0.6928093433380127,False
127,8197,8175,8177,8219,8114,8159,8148,8147,8142,8177,8188,8188,8189,8301,0.7007567882537842,False
237,8205,8180,8179,8211,8115,8180,8162,8161,8164,8176,8190,8192,8192,8317,0.7077949047088623,False
0,8224,8184,8229,8232,8172,8198,8170,8197,8176,8190,8197,8206,8199,8336,0.7157459259033203,False
1,8195,8147,8161,8225,8119,8187,8171,8185,8178,8202,8214,8187,8206,8337,0.7237293720245361,False
2,8172,8146,8161,8189,8129,8179,8162,8192,8185,8188,8196,8174,8194,8316,0.7316234111785889,False
3,8174,8148,8174,8173,8140,8184,8168,8212,8201,8182,8174,8173,8183,8302,0.7397394180297852,False
4,8156,8134,8130,8172,8129,8180,8180,8203,8204,8194,8187,8167,8185,8295,0.7478704452514648,False
5,8157,8154,8203,8172,8162,8182,8178,8212,8194,8187,8188,8185,8180,8280,0.755784273147583,False
6,8151,8146,8156,8188,8095,8181,8189,8192,8204,8193,8185,8171,8196,8285,0.763723611831665,False
7,8156,8146,8127,8196,8111,8175,8187,8175,8202,8198,8187,8169,8199,8297,0.7708275318145752,False
8,8175,8160,8191,8185,8164,8188,8175,8192,8192,8191,8196,8193,8198,8308,0.7786719799041748,False
9,8165,8163,8162,8198,8124,8210,8193,8189,8205,8192,8204,8188,8219,8321,0.786829948425293,False
10,8158,8165,8144,8219,8132,8221,8206,8171,8198,8187,8190,8181,8218,8317,0.7947301864624023,False
11,8156,8149,8135,8196,8158,8222,8196,8157,8176,8180,8181,8178,8210,8312,0.8028655052185059,False
12,8156,8144,8172,8165,8174,8219,8186,8171,8160,8174,8181,8186,8210,8316,0.8107821941375732,False
13,8143,8135,8171,8161,8124,8208,8202,8161,8153,8168,8182,8179,8200,8306,0.8186924457550049,False
14,8127,8132,8130,8169,8104,8207,8216,8135,8151,8164,8167,8152,8180,8277,0.8268733024597168,False
15,8151,8157,8190,8183,8176,8218,8209,8155,8146,8160,8142,8163,8175,8275,0.8347940444946289,False
16,8155,8139,8161,8180,8155,8209,8198,8145,8139,8162,8148,8171,8190,8298,0.8417263031005859,False
17,8149,8138,8148,8175,8168,8198,8173,8138,8135,8169,8154,8170,8189,8296,0.8497316837310791,False
18,8169,8163,8199,8186,8184,8200,8160,8173,8161,8184,8158,8179,8197,8289,0.8577744960784912,False
19,8172,8151,8155,8194,8127,8194,8167,8177,8199,8204,8179,8173,8217,8296,0.8656678199768066,False
20,8177,8166,8197,8197,8183,8187,8156,8195,8200,8200,8176,8184,8208,8297,0.873762845993042,False
21,8167,8161,8196,8192,8187,8184,8164,8206,8201,8196,8170,8188,8204,8308,0.8816587924957275,False
22,8153,8139,8129,8185,8147,8192,8189,8188,8214,8204,8179,8182,8218,8324,0.8897345066070557,False
23,8159,8157,8156,8185,8173,8203,8181,8178,8197,8202,8184,8190,8219,8322,0.8978807926177979,False
24,8150,8165,8166,8191,8186,8203,8168,8168,8177,8193,8193,8182,8214,8313,0.9047191143035888,False
25,8161,8168,8197,8196,8196,8203,8165,8175,8171,8187,8202,8187,8213,8320,0.9129185676574708,False
26,8167,8160,8154,8196,8118,8202,8162,8157,8169,8192,8207,8185,8226,8333,0.9208462238311768,False
27,8155,8165,8136,8193,8116,8191,8146,8138,8151,8183,8196,8179,8219,8329,0.9286556243896484,False
28,8168,8177,8209,8189,8192,8177,8127,8151,8135,8163,8179,8186,8191,8323,0.9367785453796388,False
29,8179,8161,8152,8195,8159,8176,8139,8132,8149,8175,8178,8169,8199,8330,0.9446969032287598,False
30,8191,8171,8167,8196,8184,8193,8153,8143,8148,8182,8177,8180,8205,8330,0.9528493881225586,False
31,8180,8161,8183,8182,8157,8196,8159,8161,8142,8166,8174,8175,8193,8311,0.9608216285705566,False
32,8159,8148,8137,8180,8123,8189,8170,8162,8162,8162,8158,8142,8184,8275,0.967858076095581,False
33,8174,8163,8180,8194,8183,8204,8179,8189,8172,8176,8149,8155,8181,8259,0.9758903980255128,False
34,8177,8151,8158,8185,8159,8213,8185,8182,8172,8183,8170,8158,8193,8279,0.9838354587554932,False
35,8166,8154,8152,8173,8159,8204,8180,8173,8174,8175,8171,8153,8191,8289,0.9916949272155762,False
36,8158,8150,8152,8185,8171,8198,8190,8186,8190,8186,8166,8162,8194,8285,0.9995737075805664,False
37,8175,8159,8163,8198,8183,8199,8196,8184,8196,8201,8183,8173,8210,8303,1.007662057876587,False
38,8213,8192,8222,8201,8186,8203,8174,8177,8177,8188,8189,8196,8207,8326,1.0156288146972656,False
39,8206,8182,8163,8215,8121,8205,8176,8160,8168,8175,8195,8197,8206,8330,1.0238685607910156,False
40,8210,8197,8182,8236,8174,8208,8183,8165,8159,8166,8198,8199,8200,8322,1.0306403636932373,False
41,8232,8203,8209,8235,8207,8205,8172,8146,8140,8164,8192,8197,8190,8324,1.0387523174285889,False
42,8222,8177,8151,8208,8173,8191,8156,8110,8117,8155,8180,8184,8178,8333,1.046905755996704,False
43,8226,8198,8209,8206,8187,8185,8152,8126,8095,8136,8164,8204,8164,8339,1.0548367500305176,False
44,8224,8200,8190,8217,8130,8194,8177,8139,8116,8149,8173,8208,8175,8354,1.0627810955047607,False
45,8218,8177,8161,8190,8154,8210,8191,8170,8149,8167,8185,8205,8185,8363,1.0707149505615234,False
46,8208,8163,8190,8165,8200,8215,8186,8202,8158,8169,8191,8200,8184,8350,1.0788941383361816,False
47,8171,8151,8132,8173,8141,8198,8189,8186,8175,8183,8192,8168,8195,8323,1.086801528930664,False
48,8168,8153,8137,8173,8133,8186,8181,8195,8195,8195,8198,8171,8207,8305,1.0947535037994385,False
49,8200,8161,8153,8187,8127,8201,8177,8202,8211,8204,8232,8186,8232,8324,1.101560354232788,False
50,8220,8206,8174,8230,8161,8234,8181,8190,8204,8204,8240,8185,8240,8338,1.1097662448883057,False
51,8201,8226,8186,8225,8186,8241,8178,8179,8183,8194,8214,8172,8217,8314,1.1176939010620115,False
52,8171,8204,8141,8184,8163,8225,8170,8163,8173,8191,8219,8157,8208,8297,1.125901460647583,False
53,8194,8222,8192,8194,8196,8232,8167,8175,8172,8188,8237,8171,8207,8293,1.1336774826049805,False
54,8198,8218,8167,8229,8159,8232,8175,8160,8183,8191,8231,8161,8207,8285,1.1416904926300049,False
55,8174,8213,8155,8220,8158,8203,8159,8145,8171,8187,8212,8162,8202,8283,1.1499226093292236,False
56,8185,8224,8221,8190,8173,8180,8141,8164,8150,8169,8216,8195,8191,8293,1.1576192378997805,False
57,8177,8196,8147,8186,8098,8175,8164,8154,8160,8168,8230,8174,8193,8295,1.1647982597351074,False
58,8161,8194,8146,8202,8135,8188,8187,8161,8164,8172,8215,8159,8184,8280,1.1728999614715576,False
59,8143,8184,8168,8187,8155,8204,8199,8172,8162,8165,8201,8161,8169,8265,1.1808390617370603,False
60,8130,8166,8131,8155,8133,8208,8204,8176,8171,8156,8195,8151,8160,8257,1.1888368129730225,False
61,8151,8192,8156,8163,8146,8208,8196,8200,8188,8168,8199,8159,8168,8270,1.1966755390167236,False
62,8159,8205,8148,8182,8125,8200,8178,8195,8202,8185,8217,8166,8193,8289,1.2049026489257812,False
63,8166,8212,8193,8172,8165,8178,8147,8187,8185,8168,8205,8178,8189,8287,1.212761163711548,False
64,8176,8208,8194,8173,8159,8159,8144,8181,8172,8162,8205,8178,8187,8292,1.2208757400512695,False
65,8174,8211,8154,8195,8142,8161,8159,8185,8193,8186,8226,8165,8195,8298,1.2278623580932615,False
66,8171,8220,8179,8196,8145,8158,8152,8196,8195,8183,8212,8165,8183,8278,1.2357618808746338,False
67,8158,8204,8139,8182,8091,8149,8155,8170,8177,8169,8207,8159,8180,8263,1.243908166885376,False
68,8174,8223,8193,8189,8154,8166,8157,8176,8163,8165,8213,8179,8186,8271,1.2517108917236328,False
69,8188,8225,8228,8202,8170,8176,8149,8179,8165,8174,8216,8193,8195,8290,1.259713649749756,False
70,8191,8207,8155,8205,8110,8158,8143,8143,8174,8185,8231,8183,8212,8306,1.2678799629211426,False
71,8210,8222,8180,8212,8138,8155,8140,8144,8171,8182,8246,8195,8220,8309,1.2758967876434326,False
72,8198,8222,8176,8222,8133,8162,8151,8140,8164,8179,8239,8187,8217,8306,1.2837839126586914,False
73,8185,8227,8180,8215,8149,8153,8151,8140,8152,8173,8211,8172,8188,8282,1.2918751239776611,False
74,8188,8217,8181,8188,8145,8138,8155,8154,8141,8159,8201,8163,8163,8265,1.298861026763916,False
75,8176,8198,8149,8176,8139,8139,8179,8163,8151,8155,8202,8162,8173,8286,1.3069376945495603,False
76,8187,8220,8199,8193,8167,8153,8180,8186,8162,8161,8194,8187,8186,8302,1.3149135112762451,False
77,8191,8220,8163,8203,8103,8157,8172,8177,8169,8165,8199,8176,8190,8289,1.322880506515503,False
78,8179,8208,8140,8196,8117,8163,8169,8169,8163,8157,8199,8162,8182,8281,1.330906629562378,False
79,8177,8202,8169,8198,8157,8176,8177,8174,8168,8163,8196,8175,8185,8300,1.3388488292694092,False
80,8179,8212,8153,8203,8133,8177,8183,8166,8192,8181,8197,8171,8198,8307,1.346925973892212,False
81,8205,8234,8206,8201,8155,8175,8172,8182,8194,8177,8186,8175,8193,8293,1.35483980178833,False
82,8217,8209,8183,8195,8122,8181,8167,8175,8189,8188,8201,8178,8204,8307,1.3618276119232178,False
83,8210,8204,8158,8207,8129,8186,8162,8161,8184,8198,8213,8185,8210,8322,1.369855880737305,False
84,8203,8214,8187,8220,8158,8170,8158,8156,8171,8180,8193,8186,8194,8306,1.377925157546997,False
85,8187,8194,8152,8196,8129,8150,8160,8131,8154,8166,8181,8165,8186,8291,1.38586163520813,False
86,8204,8209,8188,8185,8157,8151,8153,8140,8141,8163,8186,8177,8181,8301,1.3939094543457031,False
87,8210,8216,8170,8214,8146,8151,8167,8156,8155,8166,8193,8174,8179,8305,1.4018657207489014,False
88,8181,8207,8143,8210,8147,8149,8188,8169,8165,8163,8171,8159,8172,8273,1.4096834659576416,False
89,8165,8193,8181,8164,8155,8166,8200,8189,8167,8164,8149,8168,8158,8254,1.4177262783050537,False
90,8156,8160,8134,8151,8114,8176,8205,8186,8177,8171,8157,8157,8156,8259,1.4259033203125,False
91,8169,8178,8161,8169,8148,8167,8195,8204,8177,8161,8164,8164,8159,8267,1.4328992366790771,False
92,8169,8192,8169,8173,8134,8148,8188,8195,8181,8162,8174,8174,8175,8286,1.4408998489379885,False
93,8170,8187,8161,8185,8132,8136,8179,8170,8188,8172,8177,8171,8182,8301,1.4488976001739502,False
94,8197,8194,8216,8201,8162,8143,8157,8183,8182,8166,8172,8184,8177,8303,1.4568727016448977,False
95,8193,8191,8164,8196,8104,8146,8151,8175,8185,8172,8186,8181,8198,8309,1.4649040699005127,False
96,8203,8212,8172,8209,8131,8153,8151,8166,8181,8184,8192,8182,8213,8318,1.4729197025299072,False
97,8214,8214,8189,8225,8165,8162,8150,8155,8167,8171,8180,8172,8199,8308,1.4807369709014893,False
98,8186,8207,8157,8204,8154,8159,8148,8149,8161,8155,8176,8161,8186,8290,1.4888715744018557,False
99,8183,8220,8188,8193,8146,8161,8147,8163,8158,8161,8189,8178,8188,8292,1.4958155155181885,False
100,8197,8213,8160,8204,8111,8168,8154,8143,8155,8168,8185,8173,8185,8297,1.503732681274414,False
101,8190,8215,8175,8192,8153,8160,8144,8144,8135,8150,8154,8160,8151,8267,1.5117218494415283,False
102,8164,8198,8174,8167,8132,8142,8136,8147,8121,8137,8143,8148,8124,8235,1.519688844680786,False
103,8154,8180,8138,8149,8094,8146,8149,8131,8125,8137,8141,8137,8113,8235,1.5287857055664062,False
104,8174,8191,8183,8138,8147,8159,8158,8153,8135,8131,8138,8155,8113,8245,1.5357048511505127,False
105,8167,8183,8143,8148,8123,8155,8164,8167,8163,8148,8173,8154,8149,8267,1.543670892715454,False
106,8171,8192,8161,8159,8136,8149,8150,8170,8166,8154,8181,8156,8155,8268,1.551708698272705,False
107,8182,8178,8205,8134,8128,8145,8134,8163,8140,8139,8144,8162,8128,8241,1.5596604347229004,False
108,8167,8147,8148,8122,8094,8146,8141,8156,8147,8139,8142,8145,8131,8236,1.566692590713501,False
109,8167,8175,8172,8145,8145,8160,8149,8184,8172,8150,8175,8158,8139,8246,1.5747504234313965,False
110,8157,8184,8157,8153,8112,8161,8152,8167,8179,8158,8204,8166,8151,8249,1.5827326774597168,False
111,8177,8201,8192,8178,8133,8155,8141,8156,8171,8156,8212,8181,8175,8262,1.5907995700836182,False
112,8210,8222,8236,8224,8158,8159,8142,8175,8169,8173,8230,8201,8203,8292,1.5987303256988523,False
113,8188,8210,8160,8223,8116,8158,8157,8168,8185,8197,8251,8186,8220,8305,1.6067187786102295,False
114,8193,8216,8198,8197,8157,8154,8148,8186,8189,8191,8233,8187,8204,8300,1.614882469177246,False
115,8195,8197,8178,8199,8125,8153,8144,8183,8181,8187,8222,8175,8194,8296,1.6228749752044678,False
116,8169,8187,8139,8197,8117,8156,8149,8165,8166,8186,8218,8170,8193,8274,1.6298928260803225,False
117,8167,8196,8181,8170,8143,8154,8146,8177,8162,8178,8208,8181,8198,8260,1.6376328468322754,False
118,8170,8178,8147,8154,8124,8147,8142,8181,8180,8186,8205,8161,8204,8270,1.6458897590637207,False
119,8179,8181,8164,8168,8178,8152,8127,8183,8178,8195,8186,8162,8185,8273,1.6538920402526855,False
120,8171,8171,8170,8182,8172,8157,8121,8167,8170,8185,8184,8168,8179,8261,1.6618342399597168,False
121,8166,8164,8163,8183,8143,8152,8125,8161,8172,8175,8207,8162,8188,8264,1.6698429584503174,False
122,8179,8176,8168,8184,8148,8154,8138,8175,8186,8193,8229,8164,8202,8284,1.677910566329956,False
123,8174,8191,8151,8192,8144,8171,8160,8176,8207,8204,8237,8164,8218,8286,1.6857004165649414,False
124,8174,8208,8202,8195,8168,8179,8158,8183,8190,8178,8222,8169,8205,8260,1.692882776260376,False
125,8167,8184,8170,8195,8131,8168,8150,8175,8166,8170,8207,8154,8184,8251,1.7008919715881348,False
126,8169,8181,8142,8198,8127,8170,8157,8178,8178,8178,8220,8161,8182,8264,1.7089016437530518,False
127,8186,8203,8189,8194,8151,8190,8166,8199,8192,8174,8242,8184,8193,8265,1.7168593406677246,False
237,8172,8182,8151,8181,8122,8183,8159,8178,8186,8178,8243,8166,8197,8260,1.7249724864959717,False
0,8178,8189,8188,8194,8158,8175,8146,8174,8176,8187,8238,8176,8198,8272,1.7329459190368652,False
1,8205,8211,8206,8218,8139,8188,8151,8174,8193,8195,8254,8194,8222,8298,1.7408738136291504,False
2,8216,8223,8173,8214,8125,8198,8153,8161,8207,8206,8251,8185,8237,8311,1.7488718032836914,False
3,8223,8228,8220,8198,8169,8191,8152,8168,8193,8200,8228,8190,8219,8309,1.755904197692871,False
4,8200,8201,8181,8189,8134,8179,8167,8161,8187,8189,8225,8176,8210,8301,1.763697385787964,False
5,8180,8198,8158,8178,8138,8169,8166,8168,8184,8187,8203,8166,8195,8275,1.7718982696533203,False
6,8173,8191,8154,8163,8123,8148,8161,8167,8175,8184,8185,8163,8174,8264,1.7799053192138672,False
7,8162,8172,8142,8158,8117,8133,8162,8160,8160,8168,8183,8157,8171,8269,1.7877228260040283,False
8,8155,8170,8184,8152,8153,8141,8155,8179,8149,8151,8165,8158,8167,8251,1.7957181930541992,False
9,8140,8160,8136,8147,8096,8150,8163,8165,8160,8158,8166,8146,8168,8238,1.8038997650146484,False
10,8166,8198,8171,8164,8128,8149,8150,8163,8148,8151,8168,8164,8157,8255,1.8118109703063965,False
11,8190,8217,8203,8180,8151,8143,8129,8166,8130,8136,8161,8168,8155,8271,1.8198988437652588,False
12,8163,8192,8135,8179,8119,8146,8134,8150,8152,8146,8169,8141,8168,8263,1.826852560043335,False
13,8171,8215,8208,8197,8177,8164,8137,8172,8168,8153,8169,8168,8156,8251,1.8349082469940183,False
14,8190,8218,8207,8232,8151,8171,8144,8174,8163,8160,8166,8179,8156,8266,1.8427088260650637,False
15,8180,8211,8156,8241,8130,8167,8151,8162,8155,8164,8161,8157,8161,8266,1.850738525390625,False
16,8158,8216,8176,8220,8152,8163,8143,8155,8145,8159,8158,8156,8154,8245,1.858877182006836,False
17,8145,8212,8167,8214,8147,8153,8133,8139,8137,8156,8154,8164,8152,8249,1.8667998313903809,False
18,8163,8220,8189,8227,8154,8143,8132,8142,8131,8156,8148,8168,8151,8253,1.8748998641967771,False
19,8159,8197,8144,8219,8103,8135,8148,8134,8130,8160,8147,8147,8146,8233,1.8829035758972168,False
20,8146,8182,8153,8198,8127,8135,8153,8144,8110,8145,8114,8143,8124,8217,1.8896734714508057,False
21,8136,8180,8192,8182,8153,8141,8155,8166,8099,8129,8090,8147,8110,8219,1.8978943824768064,False
22,8117,8172,8135,8179,8127,8144,8166,8166,8132,8143,8116,8129,8127,8217,1.905876636505127,False
23,8141,8202,8180,8197,8166,8150,8166,8194,8153,8147,8139,8152,8131,8216,1.913832426071167,False
24,8151,8207,8173,8217,8127,8146,8171,8198,8150,8142,8149,8168,8138,8237,1.9218738079071045,False
25,8144,8219,8158,8220,8128,8134,8164,8183,8141,8146,8148,8165,8150,8246,1.9298985004425049,False
26,8181,8246,8227,8228,8162,8135,8150,8183,8135,8145,8150,8188,8159,8258,1.937725067138672,False
27,8198,8240,8203,8263,8119,8148,8161,8162,8152,8150,8185,8206,8184,8293,1.944735050201416,False
28,8204,8261,8221,8303,8154,8157,8158,8159,8152,8158,8215,8230,8203,8311,1.9528663158416748,False
29,8224,8276,8231,8319,8145,8154,8141,8152,8141,8160,8226,8241,8222,8316,1.9608969688415527,False
30,8239,8269,8219,8318,8127,8154,8143,8146,8148,8159,8227,8245,8233,8332,1.9687941074371336,False
31,8238,8262,8235,8314,8155,8159,8148,8148,8155,8161,8222,8250,8225,8332,1.9768457412719729,False
32,8224,8250,8185,8294,8128,8149,8147,8118,8144,8160,8207,8218,8217,8310,1.984881401062012,False
33,8235,8262,8214,8285,8159,8140,8147,8127,8125,8149,8188,8214,8210,8300,1.9928786754608157,False
34,8225,8254,8211,8303,8168,8134,8158,8150,8135,8152,8177,8217,8210,8315,2.000877618789673,False
35,8192,8244,8164,8286,8155,8127,8163,8149,8135,8149,8152,8189,8198,8304,2.0078437328338623,False
36,8176,8236,8180,8238,8153,8130,8159,8155,8117,8131,8129,8166,8174,8267,2.015877246856689,False
37,8165,8208,8135,8229,8124,8136,8172,8154,8128,8137,8135,8159,8183,8262,2.023903608322144,False
38,8190,8238,8189,8247,8197,8154,8177,8187,8131,8149,8127,8189,8191,8290,2.0318782329559326,False
39,8204,8247,8217,8241,8193,8173,8175,8201,8127,8149,8114,8184,8177,8302,2.0396595001220703,False
40,8178,8213,8134,8236,8126,8182,8177,8169,8147,8151,8119,8154,8175,8291,2.0478768348693848,False
41,8171,8217,8146,8232,8162,8184,8164,8154,8156,8156,8113,8167,8195,8294,2.05586314201355,False
42,8153,8207,8152,8199,8174,8176,8153,8138,8143,8166,8098,8162,8201,8299,2.0636701583862305,False
43,8139,8197,8165,8188,8180,8167,8158,8145,8143,8166,8080,8146,8170,8272,2.0717287063598637,False
44,8145,8196,8146,8202,8142,8155,8172,8157,8159,8164,8081,8145,8161,8261,2.079904079437256,False
45,8146,8192,8130,8184,8143,8146,8174,8148,8158,8161,8082,8148,8164,8262,2.086883544921875,False
46,8151,8198,8191,8159,8204,8150,8166,8149,8146,8152,8067,8159,8149,8246,2.0947844982147217,False
47,8153,8209,8153,8188,8167,8147,8178,8145,8154,8166,8081,8154,8164,8256,2.1028969287872314,False
48,8175,8251,8174,8222,8180,8133,8161,8162,8144,8168,8082,8160,8170,8273,2.1108996868133545,False
49,8180,8239,8192,8201,8178,8134,8134,8159,8120,8156,8060,8159,8154,8262,2.1188714504241943,False
50,8143,8191,8128,8158,8150,8144,8139,8134,8116,8143,8049,8133,8140,8241,2.1269001960754395,False
51,8132,8186,8188,8143,8205,8153,8158,8183,8133,8134,8049,8145,8117,8225,2.134897470474243,False
52,8127,8168,8177,8150,8173,8167,8194,8216,8176,8153,8065,8150,8115,8225,2.142850399017334,False
53,8111,8163,8125,8150,8149,8178,8214,8186,8182,8157,8054,8139,8124,8226,2.1499061584472656,False
54,8100,8171,8135,8145,8159,8180,8209,8163,8158,8143,8036,8141,8119,8216,2.157902479171753,False
55,8094,8167,8131,8140,8163,8186,8207,8169,8171,8153,8058,8139,8119,8220,2.1656606197357178,False
56,8126,8182,8185,8147,8220,8191,8194,8185,8182,8167,8074,8154,8130,8244,2.173886299133301,False
57,8143,8177,8168,8164,8189,8170,8176,8157,8177,8163,8077,8159,8152,8266,2.18190598487854,False
58,8154,8185,8171,8182,8188,8150,8164,8145,8179,8164,8098,8175,8171,8287,2.189650774002075,False
59,8189,8208,8217,8198,8210,8150,8163,8149,8175,8171,8123,8197,8185,8316,2.197880744934082,False
60,8200,8207,8172,8206,8178,8151,8162,8125,8160,8168,8119,8184,8191,8323,2.205896139144897,False
61,8219,8222,8214,8204,8216,8154,8147,8149,8152,8162,8113,8197,8188,8319,2.2128584384918213,False
62,8235,8216,8211,8201,8178,8150,8155,8159,8171,8173,8146,8213,8208,8348,2.220893383026123,False
63,8231,8213,8170,8201,8149,8156,8181,8154,8180,8185,8147,8202,8218,8361,2.228893518447876,False
64,8224,8210,8207,8179,8192,8179,8197,8198,8177,8180,8103,8189,8189,8327,2.236878633499145,False
65,8177,8162,8146,8145,8162,8181,8220,8211,8209,8179,8099,8163,8177,8296,2.244872570037842,False
66,8141,8157,8132,8131,8168,8169,8234,8208,8239,8182,8092,8161,8179,8281,2.2528676986694336,False
67,8129,8168,8147,8125,8157,8161,8233,8208,8234,8182,8065,8162,8166,8268,2.260894536972046,False
68,8117,8158,8135,8121,8154,8149,8221,8198,8220,8176,8070,8152,8151,8262,2.268876791000366,False
69,8129,8170,8176,8146,8181,8141,8202,8180,8208,8164,8085,8164,8148,8262,2.276895046234131,False
70,8142,8184,8153,8176,8152,8143,8199,8156,8208,8169,8090,8163,8170,8271,2.2838475704193115,False
71,8150,8201,8177,8177,8190,8143,8191,8171,8196,8172,8094,8174,8181,8281,2.291701078414917,False
72,8146,8196,8177,8171,8171,8139,8186,8163,8170,8168,8103,8176,8185,8286,2.29987907409668,False
73,8150,8207,8143,8187,8142,8136,8178,8137,8144,8162,8104,8163,8184,8280,2.307897090911865,False
74,8177,8219,8201,8195,8201,8136,8160,8142,8124,8149,8098,8172,8157,8266,2.3156449794769287,False
75,8168,8184,8153,8188,8171,8135,8166,8128,8136,8151,8122,8162,8151,8269,2.3238518238067627,False
76,8173,8202,8155,8200,8176,8143,8180,8146,8165,8162,8145,8165,8170,8278,2.3318941593170166,False
77,8182,8217,8205,8191,8196,8149,8198,8172,8181,8164,8126,8167,8170,8263,2.3396987915039062,False
78,8138,8179,8150,8156,8178,8139,8205,8160,8170,8163,8087,8140,8143,8228,2.347666025161743,False
79,8125,8180,8152,8155,8185,8121,8190,8167,8151,8154,8101,8148,8133,8214,2.354560613632202,False
80,8149,8190,8150,8171,8143,8108,8190,8167,8168,8166,8170,8166,8183,8248,2.362540006637573,False
81,8172,8198,8182,8171,8167,8118,8185,8170,8173,8180,8187,8184,8217,8284,2.3705787658691406,False
82,8164,8189,8186,8151,8170,8123,8168,8164,8151,8169,8161,8183,8200,8284,2.378965139389038,False
83,8132,8163,8131,8129,8134,8111,8170,8147,8144,8156,8147,8156,8180,8263,2.386890649795532,False
84,8140,8173,8186,8135,8182,8125,8184,8173,8148,8159,8151,8175,8188,8267,2.394752025604248,False
85,8147,8167,8158,8158,8157,8149,8193,8172,8162,8176,8173,8186,8218,8294,2.4028635025024414,False
86,8157,8182,8168,8170,8171,8165,8196,8187,8187,8183,8178,8185,8222,8300,2.410871982574463,False
87,8188,8202,8229,8183,8175,8173,8210,8221,8208,8193,8184,8202,8226,8314,2.417742729187012,False
88,8189,8178,8151,8187,8119,8160,8217,8185,8205,8196,8198,8199,8244,8333,2.4258835315704346,False
89,8180,8175,8180,8167,8195,8145,8197,8168,8174,8163,8169,8195,8214,8300,2.433892011642456,False
90,8160,8161,8193,8153,8203,8147,8215,8200,8193,8163,8154,8177,8199,8273,2.441668033599853,False
91,8156,8146,8135,8159,8152,8155,8255,8231,8238,8201,8183,8175,8233,8299,2.4497525691986084,False
92,8181,8150,8149,8164,8155,8151,8256,8217,8215,8204,8187,8186,8240,8311,2.457903861999512,True
93,8169,8145,8154,8150,8164,8142,8232,8169,8161,8179,8159,8164,8203,8274,2.465662240982056,True
94,8150,8156,8186,8139,8204,8142,8210,8163,8150,8173,8137,8161,8180,8249,2.473885059356689,True
95,8138,8155,8149,8149,8182,8147,8206,8152,8170,8183,8145,8168,8202,8276,2.4808714389801025,True
96,8140,8160,8145,8159,8190,8147,8194,8142,8161,8170,8141,8168,8206,8295,2.488620519638061,True
97,8143,8152,8181,8143,8184,8140,8175,8155,8151,8161,8125,8157,8185,8269,2.496797561645508,True
98,8122,8130,8118,8127,8134,8135,8176,8154,8181,8180,8136,8139,8194,8257,2.5048720836639404,True
99,8138,8163,8182,8135,8206,8140,8168,8175,8189,8179,8142,8173,8199,8278,2.512897729873657,True
100,8158,8163,8210,8151,8190,8141,8165,8177,8175,8175,8153,8195,8201,8305,2.5208523273468018,True
101,8146,8137,8134,8162,8133,8142,8176,8158,8182,8190,8176,8177,8226,8307,2.5289039611816406,True
102,8147,8160,8156,8163,8167,8161,8175,8160,8187,8186,8181,8186,8235,8314,2.536777973175049,True
103,8156,8173,8164,8161,8162,8175,8179,8150,8182,8178,8176,8191,8222,8341,2.544880151748657,True
104,8177,8180,8197,8163,8186,8180,8187,8165,8179,8184,8168,8190,8214,8339,2.551872491836548,True
105,8167,8176,8179,8165,8172,8177,8190,8163,8182,8181,8165,8172,8213,8304,2.559805393218994,True
106,8133,8160,8139,8149,8163,8176,8184,8152,8177,8167,8166,8163,8206,8295,2.567819833755493,True
107,8151,8157,8201,8125,8193,8182,8190,8189,8182,8175,8167,8192,8218,8334,2.5756618976593018,True
108,8156,8146,8161,8130,8146,8182,8220,8191,8207,8201,8180,8184,8248,8356,2.583683729171753,True
109,8143,8161,8147,8161,8161,8182,8217,8174,8201,8184,8160,8161,8216,8316,2.591636896133423,True
110,8149,8159,8166,8175,8160,8184,8203,8172,8184,8158,8131,8152,8173,8283,2.5997068881988525,True
111,8155,8154,8147,8180,8129,8188,8202,8172,8191,8169,8137,8156,8186,8298,2.6076090335845947,True
112,8172,8185,8203,8193,8166,8194,8189,8176,8188,8175,8144,8178,8195,8313,2.6146950721740723,True
113,8173,8181,8168,8196,8156,8197,8188,8158,8190,8173,8146,8170,8190,8312,2.622699499130249,True
114,8178,8185,8175,8191,8189,8201,8195,8170,8190,8167,8151,8174,8187,8321,2.6308960914611816,True
115,8182,8184,8205,8198,8166,8195,8200,8180,8182,8163,8167,8186,8191,8332,2.638843774795532,True
116,8171,8178,8145,8210,8115,8178,8199,8153,8177,8169,8165,8176,8192,8319,2.646835803985596,True
117,8193,8206,8198,8210,8191,8168,8174,8154,8152,8162,8141,8191,8178,8292,2.654893636703491,True
118,8189,8182,8177,8191,8169,8162,8161,8132,8129,8150,8146,8176,8170,8290,2.662842273712158,True
119,8165,8162,8144,8185,8157,8156,8167,8123,8124,8142,8144,8153,8151,8290,2.6707561016082764,True
120,8150,8164,8164,8191,8184,8163,8189,8159,8135,8150,8137,8161,8148,8281,2.6786139011383057,True
121,8132,8148,8133,8177,8166,8180,8217,8173,8157,8163,8148,8157,8161,8281,2.6857893466949463,True
122,8136,8156,8173,8160,8187,8193,8226,8190,8163,8163,8135,8156,8145,8273,2.6935811042785645,True
123,8110,8141,8132,8144,8133,8181,8237,8194,8171,8158,8119,8135,8132,8244,2.7017524242401123,True
124,8081,8134,8112,8129,8128,8173,8236,8187,8172,8142,8105,8117,8118,8207,2.709636211395264,True
125,8105,8149,8169,8138,8176,8182,8221,8170,8160,8136,8095,8134,8105,8215,2.7175276279449463,True
126,8131,8148,8146,8150,8168,8178,8212,8150,8160,8145,8097,8145,8118,8255,2.7258260250091557,True
127,8143,8162,8183,8159,8193,8171,8192,8166,8149,8140,8093,8162,8124,8255,2.733889579772949,True
237,8143,8155,8179,8177,8159,8174,8176,8158,8153,8150,8111,8163,8138,8250,2.741950750350952,True
0,8163,8165,8175,8180,8155,8175,8164,8160,8170,8169,8142,8166,8156,8275,2.748849391937256,True
1,8188,8186,8214,8172,8181,8167,8148,8175,8155,8155,8140,8176,8151,8291,2.7569618225097656,True
2,8178,8169,8173,8184,8154,8158,8142,8143,8136,8149,8127,8163,8156,8283,2.7648730278015137,True
3,8189,8171,8185,8205,8172,8157,8135,8140,8141,8160,8137,8179,8172,8286,2.772822141647339,True
4,8199,8175,8178,8198,8152,8150,8133,8143,8142,8150,8149,8185,8173,8302,2.780876398086548,True
5,8192,8180,8174,8188,8169,8149,8142,8137,8130,8141,8144,8173,8172,8296,2.788780689239502,True
6,8194,8185,8213,8212,8196,8169,8170,8165,8159,8172,8162,8186,8196,8293,2.7968220710754395,True
7,8177,8160,8148,8216,8138,8180,8195,8177,8206,8203,8178,8177,8211,8310,2.804800748825073,True
8,8171,8160,8180,8174,8181,8169,8181,8183,8182,8179,8144,8169,8174,8300,2.8118369579315186,True
9,8159,8142,8196,8147,8181,8152,8182,8181,8157,8164,8146,8167,8163,8274,2.8198118209838867,True
10,8130,8117,8131,8154,8135,8148,8203,8177,8191,8187,8178,8152,8185,8261,2.827737331390381,True
11,8131,8123,8157,8147,8165,8153,8197,8189,8205,8185,8170,8147,8173,8254,2.835829257965088,True
12,8134,8119,8153,8137,8172,8146,8190,8173,8190,8165,8164,8149,8169,8262,2.843625545501709,True
13,8153,8150,8185,8158,8198,8140,8196,8182,8195,8163,8168,8176,8183,8285,2.851555109024048,True
14,8177,8178,8191,8181,8154,8150,8203,8196,8216,8183,8175,8191,8192,8303,2.859523296356201,True
15,8180,8173,8153,8186,8126,8154,8197,8173,8204,8182,8164,8178,8180,8288,2.8677737712860107,True
16,8196,8182,8196,8195,8193,8146,8181,8161,8169,8158,8140,8175,8156,8264,2.8746204376220703,True
17,8200,8180,8159,8204,8171,8145,8177,8149,8166,8166,8157,8165,8164,8276,2.882639646530152,True
18,8197,8188,8174,8196,8178,8157,8167,8158,8160,8172,8165,8185,8175,8292,2.8906545639038086,True
19,8181,8178,8188,8177,8152,8164,8169,8157,8145,8153,8146,8192,8165,8281,2.898787498474121,True
20,8166,8160,8134,8169,8126,8158,8182,8142,8139,8151,8145,8165,8155,8266,2.9067227840423584,True
21,8194,8180,8234,8168,8221,8157,8181,8182,8132,8155,8144,8193,8147,8265,2.914794445037842,True
22,8176,8160,8221,8158,8182,8159,8196,8190,8151,8159,8137,8191,8145,8264,2.9227335453033447,True
23,8136,8139,8110,8149,8118,8162,8215,8164,8173,8170,8148,8152,8150,8256,2.930730104446411,True
24,8137,8141,8100,8152,8135,8164,8214,8162,8166,8180,8172,8154,8163,8256,2.9385340213775635,True
25,8126,8128,8129,8150,8157,8155,8207,8166,8159,8171,8163,8165,8164,8251,2.945655345916748,True
26,8119,8125,8183,8144,8192,8151,8193,8187,8161,8158,8137,8173,8148,8238,2.9536595344543457,True
27,8134,8117,8139,8145,8165,8154,8191,8189,8185,8175,8150,8165,8162,8255,2.961669921875,True
28,8154,8143,8151,8160,8185,8163,8188,8193,8200,8184,8155,8167,8175,8272,2.969656229019165,True
29,8157,8161,8197,8175,8175,8166,8182,8188,8183,8168,8146,8169,8158,8254,2.977705478668213,True
30,8158,8158,8148,8184,8125,8156,8178,8159,8167,8164,8164,8161,8156,8250,2.985891819000244,True
31,8198,8192,8216,8203,8183,8155,8162,8171,8154,8164,8187,8191,8161,8266,2.99391508102417,True
32,8196,8178,8212,8214,8155,8163,8160,8161,8142,8165,8200,8187,8170,8267,3.001889228820801,True
33,8182,8170,8168,8212,8141,8165,8163,8139,8136,8164,8199,8178,8181,8274,3.008866310119629,True
34,8216,8197,8222,8220,8180,8163,8150,8149,8137,8167,8204,8211,8185,8305,3.016892433166504,True
35,8221,8185,8192,8220,8143,8167,8145,8141,8142,8179,8233,8208,8205,8336,3.024855852127075,True
36,8206,8174,8169,8197,8149,8178,8150,8148,8140,8184,8245,8196,8222,8338,3.032893657684326,True
37,8192,8164,8154,8177,8143,8181,8168,8156,8148,8186,8228,8194,8220,8322,3.040902614593506,True
38,8185,8156,8170,8172,8155,8173,8177,8163,8155,8176,8206,8189,8193,8302,3.048830270767212,True
39,8179,8149,8193,8171,8163,8165,8170,8182,8157,8164,8200,8182,8179,8294,3.056903123855591,True
40,8156,8147,8125,8175,8116,8170,8176,8175,8177,8173,8205,8166,8192,8301,3.0649070739746094,True
41,8171,8179,8172,8186,8164,8189,8181,8195,8189,8181,8199,8176,8188,8301,3.0726547241210938,True
42,8171,8164,8170,8170,8160,8187,8180,8199,8192,8182,8204,8172,8187,8293,3.079890251159668,True
43,8141,8153,8130,8162,8148,8180,8172,8184,8195,8179,8194,8156,8182,8273,3.0879008769989014,True
44,8151,8179,8205,8186,8187,8197,8171,8197,8191,8172,8170,8168,8158,8257,3.0956642627716064,True
45,8150,8153,8157,8183,8132,8203,8204,8181,8197,8175,8182,8161,8165,8264,3.1039278507232666,True
46,8143,8155,8145,8166,8152,8195,8213,8173,8188,8169,8183,8164,8163,8258,3.111940860748291,True
47,8159,8185,8198,8178,8191,8185,8191,8174,8166,8153,8177,8179,8148,8261,3.1199238300323486,True
48,8174,8180,8177,8199,8168,8174,8186,8163,8165,8153,8203,8180,8170,8286,3.127869129180908,True
49,8187,8173,8177,8196,8162,8169,8188,8170,8173,8170,8216,8194,8200,8300,3.135855436325073,True
50,8184,8171,8151,8190,8141,8173,8182,8170,8183,8192,8206,8189,8212,8303,3.142855405807495,True
51,8185,8177,8188,8197,8187,8178,8170,8177,8175,8183,8197,8187,8200,8300,3.150864362716675,True
52,8173,8152,8177,8196,8172,8166,8171,8172,8170,8173,8205,8181,8188,8297,3.1589040756225586,True
53,8150,8134,8116,8181,8132,8158,8185,8166,8174,8191,8204,8165,8191,8294,3.166891098022461,True
54,8161,8160,8196,8158,8187,8171,8192,8192,8172,8188,8182,8177,8184,8283,3.1748836040496826,True
55,8153,8140,8172,8161,8150,8170,8205,8176,8191,8176,8187,8167,8183,8282,3.182970762252808,True
56,8158,8143,8171,8192,8169,8167,8203,8181,8205,8182,8204,8172,8189,8284,3.1908440589904785,True
57,8181,8163,8227,8188,8190,8177,8194,8213,8202,8189,8209,8186,8193,8280,3.1986653804779053,True
58,8157,8136,8143,8157,8119,8170,8192,8185,8207,8184,8208,8158,8192,8272,3.2058355808258057,True
59,8160,8148,8145,8168,8146,8153,8184,8170,8203,8183,8202,8162,8191,8278,3.213860034942627,True
60,8183,8167,8172,8188,8166,8155,8182,8173,8199,8190,8205,8178,8195,8293,3.2216830253601074,True
61,8189,8155,8175,8181,8174,8164,8180,8172,8196,8172,8186,8172,8181,8295,3.2298619747161865,True
62,8203,8149,8182,8185,8178,8169,8180,8165,8192,8166,8182,8169,8178,8299,3.237854480743408,True
63,8205,8164,8158,8198,8170,8171,8174,8153,8188,8189,8225,8181,8206,8307,3.2459945678710938,True
64,8200,8183,8193,8199,8191,8172,8153,8161,8172,8183,8233,8199,8207,8303,3.253892183303833,False
65,8188,8155,8159,8192,8142,8166,8154,8147,8167,8167,8196,8176,8195,8295,3.26185941696167,False
66,8186,8151,8156,8178,8162,8161,8159,8149,8159,8165,8168,8159,8174,8274,3.2688562870025635,False
67,8174,8152,8186,8160,8179,8155,8156,8162,8130,8157,8162,8167,8149,8253,3.27679181098938,False
68,8146,8124,8125,8144,8132,8151,8170,8144,8115,8142,8153,8145,8144,8253,3.2848854064941406,False
69,8162,8142,8189,8132,8204,8161,8176,8165,8115,8131,8132,8151,8129,8254,3.292888879776001,False
70,8169,8137,8199,8137,8192,8161,8181,8186,8144,8150,8144,8164,8136,8258,3.300797939300537,False
71,8159,8119,8127,8163,8130,8152,8187,8181,8178,8173,8172,8162,8170,8282,3.3086841106414795,False
72,8175,8139,8159,8167,8164,8154,8184,8196,8182,8163,8189,8179,8181,8302,3.316869020462036,False
73,8177,8139,8156,8146,8170,8158,8192,8186,8180,8158,8200,8174,8176,8304,3.3247950077056885,False
74,8166,8137,8170,8140,8181,8150,8190,8180,8176,8160,8185,8158,8158,8286,3.3318002223968506,False
75,8153,8131,8160,8156,8150,8139,8191,8178,8183,8162,8183,8154,8155,8275,3.339820146560669,False
76,8169,8154,8167,8180,8155,8142,8203,8178,8197,8173,8209,8178,8174,8291,3.3476994037628174,False
77,8214,8187,8230,8202,8199,8154,8199,8181,8200,8180,8232,8201,8194,8310,3.3558695316314697,False
78,8213,8181,8167,8217,8176,8146,8173,8146,8184,8174,8236,8177,8201,8309,3.363710880279541,False
79,8221,8208,8185,8224,8225,8131,8129,8130,8156,8157,8215,8180,8186,8297,3.371800184249878,False
80,8237,8212,8205,8228,8211,8120,8113,8126,8147,8162,8204,8185,8187,8301,3.3798201084136963,False
81,8217,8195,8161,8221,8178,8117,8133,8137,8151,8174,8207,8168,8195,8302,3.387842893600464,False
82,8219,8210,8229,8205,8224,8126,8152,8176,8140,8163,8195,8184,8183,8284,3.3958237171173096,False
83,8200,8167,8176,8178,8159,8124,8168,8152,8136,8154,8185,8168,8173,8271,3.40275239944458,False
84,8164,8132,8116,8152,8132,8114,8169,8134,8132,8150,8173,8145,8158,8261,3.410867214202881,False
85,8166,8148,8146,8155,8138,8116,8177,8162,8130,8151,8164,8157,8152,8264,3.4188404083251958,False
86,8183,8158,8148,8168,8129,8118,8192,8175,8139,8156,8169,8166,8170,8284,3.42680025100708,False
87,8201,8167,8190,8177,8180,8115,8181,8180,8150,8166,8183,8177,8186,8304,3.4348623752593994,False
88,8193,8165,8167,8187,8177,8110,8172,8168,8168,8180,8207,8172,8189,8305,3.4428257942199707,False
89,8201,8182,8184,8200,8219,8116,8172,8182,8163,8173,8193,8179,8182,8287,3.450881242752075,False
90,8223,8188,8214,8211,8255,8137,8178,8195,8153,8167,8167,8186,8189,8293,3.458825826644897,False
91,8211,8186,8164,8211,8256,8151,8183,8172,8168,8184,8170,8172,8210,8308,3.4668540954589844,False
92,8206,8199,8190,8205,8291,8148,8172,8171,8159,8188,8172,8184,8209,8288,3.4736571311950684,False
93,8201,8180,8164,8204,8239,8133,8165,8155,8143,8184,8170,8188,8203,8276,3.4817471504211426,False
94,8205,8189,8176,8202,8262,8137,8155,8159,8151,8187,8157,8189,8196,8287,3.489682912826538,False
95,8214,8204,8222,8199,8295,8142,8144,8187,8163,8186,8158,8192,8197,8300,3.4975318908691406,False
96,8205,8180,8151,8203,8227,8130,8147,8170,8163,8182,8176,8179,8213,8310,3.5057313442230225,False
97,8210,8184,8165,8198,8243,8130,8143,8157,8142,8173,8156,8182,8199,8301,3.513720989227295,False
98,8194,8175,8165,8182,8251,8136,8151,8154,8128,8165,8133,8163,8175,8279,3.5216224193573,False
99,8168,8156,8150,8178,8258,8136,8167,8160,8125,8162,8143,8152,8176,8271,3.529813528060913,False
100,8159,8151,8168,8173,8250,8139,8177,8176,8124,8162,8158,8167,8185,8283,3.536654472351074,False
101,8143,8138,8128,8155,8221,8146,8188,8176,8128,8165,8145,8150,8171,8285,3.5445120334625244,False
102,8156,8138,8167,8147,8275,8154,8178,8187,8131,8156,8119,8151,8143,8266,3.552781820297241,False
103,8164,8135,8160,8156,8256,8154,8169,8178,8149,8160,8139,8162,8157,8264,3.560692548751831,False
104,8165,8169,8158,8180,8265,8148,8174,8175,8158,8175,8169,8172,8178,8291,3.568598508834839,False
105,8196,8203,8215,8196,8295,8146,8169,8187,8147,8174,8171,8190,8176,8313,3.576777458190918,False
106,8207,8175,8159,8196,8237,8138,8156,8167,8148,8176,8183,8186,8189,8312,3.5846316814422607,False
107,8214,8182,8203,8198,8294,8125,8138,8179,8140,8170,8177,8194,8187,8298,3.592641830444336,False
108,8204,8179,8216,8193,8301,8126,8156,8182,8133,8165,8154,8184,8174,8298,3.599594593048096,False
109,8184,8160,8144,8184,8244,8145,8192,8174,8148,8174,8154,8168,8183,8305,3.607677936553955,False
110,8198,8173,8187,8197,8284,8163,8203,8205,8163,8184,8168,8190,8191,8307,3.615716457366944,False
111,8192,8150,8170,8197,8278,8160,8207,8198,8171,8192,8164,8178,8192,8297,3.623489618301392,False
112,8173,8126,8154,8156,8270,8153,8210,8183,8169,8188,8140,8163,8180,8290,3.6316983699798575,False
113,8160,8109,8139,8125,8260,8151,8202,8174,8162,8179,8136,8165,8176,8297,3.6396849155426025,False
114,8156,8118,8134,8146,8275,8148,8174,8159,8155,8180,8149,8160,8185,8287,3.647655487060547,False
115,8176,8148,8190,8173,8284,8151,8146,8164,8157,8184,8149,8168,8189,8276,3.655574560165405,False
116,8169,8127,8141,8155,8216,8140,8144,8154,8167,8181,8138,8156,8181,8282,3.663571834564209,False
117,8166,8128,8170,8139,8263,8123,8139,8165,8149,8167,8109,8156,8155,8270,3.670523166656494,False
118,8175,8146,8199,8157,8271,8114,8145,8166,8144,8166,8107,8164,8156,8261,3.6785905361175537,False
119,8166,8142,8140,8170,8229,8124,8160,8151,8157,8173,8139,8157,8179,8272,3.686642646789551,False
120,8169,8147,8190,8173,8285,8148,8166,8171,8140,8171,8141,8169,8166,8270,3.694629192352295,False
121,8170,8140,8171,8183,8265,8152,8185,8156,8138,8174,8143,8166,8161,8274,3.702717542648315,False
122,8193,8159,8182,8194,8273,8149,8179,8147,8147,8167,8163,8179,8175,8292,3.7107129096984863,False
123,8220,8175,8224,8194,8271,8158,8163,8168,8140,8175,8176,8201,8198,8303,3.718649387359619,False
124,8202,8163,8156,8195,8227,8164,8178,8164,8151,8206,8184,8185,8222,8312,3.7266552448272714,False
125,8201,8167,8184,8199,8279,8161,8182,8176,8165,8206,8180,8186,8208,8313,3.733499526977539,False
126,8204,8151,8180,8193,8266,8151,8181,8180,8166,8192,8170,8184,8191,8307,3.7416646480560303,False
127,8205,8154,8159,8180,8264,8151,8187,8180,8156,8191,8156,8177,8199,8309,3.749576807022095,False
237,8202,8160,8172,8172,8274,8166,8194,8183,8147,8198,8151,8176,8200,8311,3.757868766784668,False
0,8177,8135,8138,8163,8245,8165,8192,8165,8146,8190,8131,8165,8174,8296,3.765727043151856,False
1,8165,8131,8159,8145,8258,8156,8174,8170,8145,8172,8113,8166,8151,8271,3.7737009525299072,False
2,8139,8116,8133,8135,8224,8159,8177,8167,8159,8181,8136,8149,8164,8265,3.781682014465332,False
3,8128,8120,8154,8147,8256,8173,8186,8175,8161,8190,8128,8146,8158,8259,3.789729118347168,False
4,8152,8138,8200,8168,8256,8178,8176,8187,8151,8180,8103,8167,8141,8255,3.797695398330689,False
5,8157,8139,8144,8183,8171,8174,8171,8169,8161,8186,8126,8171,8168,8264,3.804682970046997,False
6,8163,8166,8184,8198,8215,8174,8171,8175,8163,8192,8146,8189,8186,8271,3.812654495239258,False
7,8167,8166,8192,8209,8246,8166,8170,8159,8149,8180,8147,8188,8180,8262,3.820767641067505,False
8,8187,8164,8177,8223,8246,8155,8154,8135,8136,8171,8144,8194,8186,8259,3.8287973403930655,False
9,8239,8185,8226,8243,8242,8152,8137,8142,8127,8175,8153,8235,8212,8293,3.8366293907165527,False
10,8259,8192,8201,8256,8208,8145,8133,8130,8124,8190,8187,8249,8253,8345,3.844670057296753,False
11,8267,8208,8225,8266,8248,8149,8121,8137,8117,8191,8205,8254,8263,8363,3.852557420730591,False
12,8254,8189,8204,8259,8225,8160,8118,8141,8120,8191,8205,8239,8262,8355,3.859527826309204,False
13,8218,8175,8169,8250,8213,8164,8133,8136,8122,8201,8212,8226,8270,8352,3.867519378662109,False
14,8209,8182,8216,8255,8255,8174,8153,8152,8116,8198,8213,8242,8265,8351,3.8755927085876474,False
15,8194,8148,8157,8244,8214,8177,8171,8157,8121,8191,8196,8221,8255,8339,3.8836519718170166,False
16,8183,8147,8174,8218,8238,8165,8167,8179,8124,8186,8167,8207,8238,8319,3.8915531635284415,False
17,8186,8170,8211,8229,8248,8166,8175,8191,8141,8193,8175,8218,8238,8326,3.89954137802124,False
18,8196,8184,8172,8257,8224,8181,8192,8179,8161,8198,8203,8221,8254,8353,3.907613515853882,False
19,8208,8192,8190,8257,8234,8179,8176,8180,8146,8188,8193,8218,8251,8347,3.915532112121582,False
20,8189,8172,8158,8255,8197,8161,8158,8164,8144,8188,8173,8197,8237,8330,3.923546075820923,False
21,8214,8194,8215,8276,8251,8176,8156,8178,8160,8195,8174,8220,8232,8338,3.931763172149658,False
22,8269,8215,8247,8308,8252,8207,8171,8186,8171,8207,8208,8246,8258,8366,3.938640117645264,False
23,8272,8207,8189,8312,8210,8194,8171,8162,8169,8200,8219,8225,8259,8363,3.946742534637451,False
24,8264,8217,8238,8294,8266,8174,8145,8170,8138,8171,8192,8220,8221,8334,3.954779148101807,False
25,8248,8200,8189,8303,8238,8191,8162,8160,8131,8171,8212,8212,8237,8329,3.962666511535645,False
26,8247,8210,8180,8322,8261,8204,8173,8152,8140,8183,8226,8213,8258,8329,3.970835685729981,False
27,8241,8213,8228,8296,8275,8180,8137,8145,8124,8181,8195,8214,8241,8321,3.978863477706909,False
28,8209,8182,8165,8261,8208,8155,8117,8108,8111,8180,8181,8197,8235,8315,3.9866790771484375,False
29,8225,8194,8181,8274,8229,8160,8126,8114,8114,8181,8181,8214,8233,8321,3.9937257766723633,False
30,8246,8200,8188,8285,8231,8160,8138,8128,8126,8191,8177,8214,8237,8345,4.001613616943359,False
31,8233,8190,8165,8270,8225,8152,8136,8141,8129,8191,8153,8188,8234,8349,4.009824752807617,False
32,8206,8167,8132,8241,8212,8155,8139,8160,8139,8187,8129,8167,8222,8336,4.0176615715026855,False
33,8186,8156,8114,8205,8221,8169,8149,8170,8154,8192,8127,8168,8216,8337,4.025668621063232,False
34,8189,8180,8185,8208,8265,8177,8150,8185,8153,8190,8144,8192,8209,8332,4.033729553222656,False
35,8177,8175,8153,8234,8214,8166,8148,8160,8158,8192,8158,8178,8202,8314,4.041682004928589,False
36,8189,8180,8155,8231,8234,8162,8132,8155,8162,8196,8151,8172,8194,8310,4.049646377563477,False
37,8215,8187,8194,8230,8251,8156,8115,8168,8164,8197,8149,8186,8190,8319,4.057774543762207,False
38,8203,8174,8134,8253,8197,8141,8105,8143,8160,8195,8153,8167,8190,8317,4.064676761627197,False
39,8211,8192,8194,8238,8247,8136,8085,8143,8136,8177,8130,8169,8177,8304,4.072503089904785,False
40,8191,8164,8183,8188,8219,8125,8082,8126,8117,8162,8104,8165,8165,8289,4.080805063247681,False
41,8147,8134,8115,8177,8182,8120,8099,8096,8096,8153,8087,8142,8138,8264,4.088699817657471,False
42,8154,8158,8165,8192,8221,8134,8122,8117,8070,8143,8073,8142,8118,8246,4.0965962409973145,False
43,8157,8153,8147,8181,8198,8146,8157,8147,8086,8150,8073,8133,8136,8257,4.10459566116333,False
44,8149,8136,8137,8156,8212,8156,8180,8175,8116,8164,8068,8130,8135,8254,4.112712144851685,False
45,8143,8122,8135,8143,8215,8171,8192,8181,8125,8166,8074,8130,8116,8241,4.1206889152526855,False
46,8129,8130,8139,8149,8225,8185,8193,8195,8129,8159,8090,8135,8115,8249,4.127557277679443,False
47,8129,8145,8168,8169,8220,8195,8191,8224,8146,8167,8106,8153,8141,8264,4.135612487792969,False
48,8152,8143,8137,8171,8179,8189,8204,8224,8185,8191,8130,8162,8179,8285,4.143721103668213,False
49,8196,8170,8197,8169,8233,8179,8189,8232,8190,8191,8135,8184,8181,8304,4.151707887649536,False
50,8182,8162,8177,8172,8202,8175,8160,8200,8151,8178,8133,8169,8166,8309,4.159752130508423,False
51,8149,8148,8127,8168,8190,8172,8154,8160,8128,8171,8126,8149,8157,8293,4.167865753173828,False
52,8194,8166,8236,8174,8271,8173,8157,8181,8138,8161,8127,8184,8159,8289,4.175826549530029,False
53,8214,8146,8200,8195,8209,8176,8174,8173,8162,8167,8152,8183,8180,8304,4.183809757232666,False
54,8183,8147,8126,8192,8171,8181,8181,8153,8154,8174,8142,8160,8172,8303,4.19189715385437,False
55,8159,8153,8136,8160,8173,8173,8175,8154,8139,8166,8119,8158,8147,8289,4.198852062225342,False
56,8156,8141,8148,8152,8162,8168,8173,8160,8144,8161,8125,8160,8148,8276,4.206697940826416,False
57,8167,8148,8180,8167,8192,8185,8175,8179,8152,8160,8128,8169,8154,8274,4.214871883392334,False
58,8153,8138,8129,8158,8188,8198,8188,8182,8160,8162,8123,8151,8147,8273,4.222741603851318,False
59,8160,8140,8159,8144,8215,8199,8187,8198,8153,8157,8105,8147,8124,8260,4.230638027191162,False
60,8175,8141,8192,8146,8185,8192,8183,8196,8133,8150,8090,8153,8109,8257,4.2388458251953125,False
61,8146,8129,8130,8146,8140,8181,8183,8169,8115,8138,8098,8142,8111,8250,4.246698617935181,False
62,8132,8126,8163,8134,8195,8180,8173,8185,8110,8131,8109,8149,8116,8240,4.254793882369995,False
63,8130,8107,8144,8123,8187,8184,8179,8182,8130,8150,8119,8146,8133,8256,4.261578559875488,False
64,8148,8122,8160,8122,8198,8180,8174,8169,8125,8152,8112,8158,8130,8267,4.269866228103638,False
65,8162,8142,8204,8135,8187,8165,8160,8171,8107,8140,8114,8176,8119,8258,4.277874231338501,False
66,8152,8134,8147,8157,8147,8161,8162,8157,8123,8161,8148,8170,8146,8271,4.28589391708374,False
67,8175,8158,8173,8176,8203,8177,8159,8168,8136,8181,8176,8186,8171,8299,4.293818950653076,False
68,8182,8164,8165,8176,8189,8185,8160,8163,8137,8178,8181,8183,8175,8304,4.301836252212524,False
69,8160,8164,8159,8162,8193,8181,8161,8151,8127,8165,8160,8175,8168,8285,4.309664249420166,False
70,8153,8152,8180,8153,8203,8179,8164,8162,8112,8161,8138,8180,8163,8279,4.317662239074707,False
71,8145,8123,8128,8147,8156,8177,8181,8172,8124,8166,8131,8156,8152,8282,4.324719905853272,False
72,8143,8148,8174,8141,8208,8172,8189,8192,8131,8153,8112,8148,8118,8252,4.332756996154785,False
73,8136,8155,8166,8131,8205,8164,8188,8180,8131,8158,8108,8148,8124,8244,4.340637683868408,False
74,8150,8151,8152,8130,8202,8167,8185,8184,8144,8172,8120,8153,8148,8282,4.348744869232178,False
75,8169,8158,8200,8145,8220,8169,8183,8200,8147,8153,8128,8171,8148,8294,4.356562852859497,False
76,8147,8142,8146,8150,8184,8146,8179,8164,8135,8147,8135,8163,8151,8279,4.364524841308594,False
77,8166,8155,8183,8156,8238,8130,8167,8166,8127,8158,8122,8171,8145,8280,4.372817039489746,False
78,8193,8150,8192,8151,8229,8127,8168,8170,8129,8154,8109,8178,8131,8293,4.380638837814331,False
79,8161,8133,8135,8140,8177,8122,8169,8140,8117,8144,8108,8165,8126,8283,4.387678861618042,False
80,8154,8142,8157,8157,8189,8132,8168,8140,8114,8157,8127,8165,8142,8274,4.395893573760986,False
81,8178,8145,8156,8178,8197,8144,8176,8147,8127,8175,8155,8171,8168,8288,4.403978109359741,False
82,8183,8159,8201,8174,8243,8144,8170,8166,8117,8160,8154,8197,8163,8288,4.411739349365234,False
83,8150,8149,8169,8163,8203,8145,8182,8176,8131,8163,8153,8178,8163,8279,4.419617414474487,False
84,8151,8154,8154,8168,8207,8149,8201,8185,8162,8181,8152,8149,8170,8270,4.427712202072144,False
85,8175,8167,8234,8161,8267,8142,8191,8208,8154,8174,8140,8173,8153,8261,4.435784816741943,False
86,8131,8119,8147,8136,8188,8141,8200,8189,8157,8169,8149,8161,8153,8264,4.443793535232544,False
87,8116,8117,8129,8131,8189,8166,8223,8193,8170,8172,8143,8141,8153,8258,4.451880216598511,False
88,8144,8125,8171,8126,8207,8170,8226,8197,8158,8160,8121,8141,8127,8244,4.458723783493042,False
89,8131,8098,8131,8103,8183,8153,8205,8164,8130,8139,8119,8135,8111,8231,4.466675281524658,False
90,8131,8115,8162,8100,8214,8154,8180,8157,8117,8139,8131,8150,8121,8228,4.4748170375823975,False
91,8154,8147,8167,8133,8198,8153,8181,8149,8129,8158,8145,8160,8140,8249,4.48267388343811,False
92,8171,8161,8169,8147,8207,8139,8176,8148,8125,8154,8156,8166,8145,8272,4.490673780441284,False
93,8158,8142,8150,8131,8195,8126,8167,8146,8123,8153,8171,8167,8158,8274,4.498827219009399,False
94,8142,8133,8139,8142,8190,8128,8167,8147,8134,8166,8180,8168,8167,8271,4.506606101989746,False
95,8160,8153,8204,8163,8224,8134,8163,8169,8135,8158,8171,8184,8161,8289,4.514652490615845,False
96,8161,8152,8170,8161,8187,8129,8173,8154,8133,8150,8172,8171,8169,8304,4.521683692932129,False
97,8160,8164,8179,8151,8216,8132,8170,8154,8126,8156,8164,8169,8164,8279,4.529841184616089,False
98,8156,8160,8198,8151,8213,8145,8156,8176,8132,8168,8169,8175,8162,8263,4.537742376327515,False
99,8139,8149,8144,8163,8174,8148,8169,8174,8158,8175,8196,8164,8176,8272,4.545801639556885,False
100,8158,8176,8212,8172,8237,8147,8186,8199,8160,8171,8194,8179,8170,8271,4.553714752197266,False
101,8153,8157,8184,8159,8200,8145,8199,8202,8154,8172,8190,8165,8167,8269,4.561800003051758,False
102,8129,8144,8124,8135,8177,8144,8200,8186,8151,8167,8182,8143,8159,8264,4.569683313369751,False
103,8128,8160,8175,8127,8210,8153,8186,8175,8138,8149,8157,8146,8137,8239,4.577873706817627,False
104,8128,8142,8155,8122,8180,8163,8186,8157,8139,8147,8160,8143,8138,8228,4.584694147109985,False
105,8148,8152,8163,8133,8193,8174,8194,8160,8140,8158,8187,8160,8154,8255,4.592869997024536,False
106,8167,8174,8161,8167,8186,8173,8187,8138,8131,8171,8202,8164,8165,8269,4.600698471069336,False
107,8190,8200,8189,8199,8220,8173,8155,8128,8132,8176,8202,8169,8173,8261,4.608801603317261,False
108,8219,8214,8232,8210,8239,8178,8141,8144,8140,8176,8224,8193,8196,8282,4.616685390472412,False
109,8203,8188,8175,8201,8192,8168,8150,8135,8146,8187,8242,8184,8221,8308,4.624771595001221,False
110,8195,8189,8204,8200,8228,8163,8147,8155,8138,8189,8229,8189,8218,8304,4.632704973220825,False
111,8185,8175,8175,8193,8187,8170,8161,8162,8143,8188,8227,8191,8211,8299,4.640877723693848,False
112,8160,8162,8144,8172,8178,8174,8174,8162,8149,8182,8211,8171,8193,8285,4.648841619491577,False
113,8158,8158,8218,8160,8237,8174,8174,8194,8151,8170,8181,8169,8172,8262,4.655677318572998,False
114,8150,8135,8162,8156,8176,8176,8199,8197,8172,8182,8189,8162,8185,8269,4.663833618164063,False
115,8145,8150,8136,8151,8182,8184,8214,8195,8182,8189,8193,8161,8184,8280,4.671841621398926,False
116,8139,8151,8150,8143,8219,8185,8206,8189,8179,8175,8184,8157,8176,8274,4.6798505783081055,False
117,8128,8144,8144,8138,8201,8171,8188,8172,8161,8163,8177,8149,8170,8263,4.687664747238159,False
118,8138,8154,8174,8145,8175,8160,8164,8161,8130,8159,8163,8154,8142,8245,4.695568799972534,False
119,8143,8150,8151,8165,8162,8159,8155,8140,8122,8159,8172,8151,8132,8235,4.702592134475708,False
120,8165,8170,8190,8179,8217,8155,8151,8157,8128,8158,8199,8174,8149,8253,4.710738658905029,False
121,8178,8169,8185,8181,8179,8149,8154,8165,8134,8172,8223,8187,8178,8292,4.71860146522522,False
122,8169,8153,8146,8179,8170,8159,8151,8146,8132,8179,8215,8177,8192,8298,4.7265238761901855,False
123,8179,8162,8199,8184,8231,8176,8152,8157,8136,8176,8199,8188,8189,8281,4.73461127281189,False
124,8171,8147,8149,8187,8172,8173,8172,8148,8154,8188,8216,8178,8199,8284,4.742835998535156,False
125,8171,8157,8189,8175,8215,8165,8167,8158,8134,8175,8207,8182,8188,8276,4.750872373580933,False
126,8166,8152,8227,8158,8240,8168,8164,8181,8120,8156,8183,8181,8170,8261,4.758684396743774,False
127,8132,8125,8125,8158,8173,8178,8195,8176,8158,8171,8186,8148,8176,8261,4.766845703125,False
237,8133,8140,8171,8152,8224,8181,8201,8196,8164,8175,8178,8150,8156,8250,4.773739337921143,False
0,8130,8124,8174,8125,8203,8167,8195,8193,8149,8158,8174,8153,8142,8240,4.781609773635864,False
1,8126,8109,8143,8124,8178,8173,8213,8202,8180,8158,8195,8163,8165,8254,4.789874792098999,False
2,8145,8119,8174,8151,8204,8186,8223,8221,8206,8180,8203,8175,8176,8270,4.797881841659546,False
3,8146,8118,8151,8161,8185,8176,8208,8190,8182,8182,8186,8160,8157,8264,4.805871486663818,False
4,8155,8133,8168,8162,8181,8178,8190,8163,8156,8165,8172,8167,8150,8252,4.813844680786133,False
5,8171,8145,8162,8172,8172,8187,8182,8151,8167,8171,8176,8171,8168,8257,4.821881055831909,False
6,8182,8159,8176,8180,8210,8180,8162,8157,8159,8171,8175,8169,8169,8266,4.829876184463501,False
7,8190,8159,8191,8182,8196,8171,8149,8157,8139,8170,8183,8182,8171,8286,4.837758779525757,False
8,8205,8167,8178,8197,8178,8182,8161,8152,8156,8191,8198,8194,8193,8313,4.845841884613037,False
9,8222,8187,8229,8204,8241,8183,8158,8176,8162,8193,8193,8203,8199,8317,4.852872848510742,False
10,8187,8144,8161,8182,8193,8155,8153,8159,8144,8183,8188,8180,8201,8314,4.860792398452759,False
11,8164,8144,8129,8182,8180,8158,8171,8152,8140,8188,8180,8173,8197,8320,4.868887901306152,False
12,8176,8187,8200,8199,8222,8182,8200,8184,8163,8192,8177,8185,8192,8312,4.876856565475464,False
13,8147,8154,8157,8171,8188,8161,8202,8182,8175,8179,8176,8161,8186,8284,4.884829044342041,False
14,8127,8137,8157,8137,8194,8142,8184,8184,8157,8161,8153,8161,8157,8254,4.892865180969238,False
15,8130,8151,8164,8143,8176,8161,8198,8181,8161,8164,8147,8169,8148,8247,4.900879859924316,False
16,8133,8156,8162,8159,8186,8166,8206,8174,8185,8173,8157,8171,8168,8263,4.908669471740723,False
17,8152,8153,8188,8168,8203,8150,8188,8187,8192,8168,8162,8183,8175,8279,4.916760683059692,False
18,8156,8150,8143,8178,8166,8152,8189,8177,8193,8175,8162,8173,8174,8274,4.923875331878662,False
19,8157,8168,8175,8174,8217,8154,8182,8173,8185,8184,8154,8171,8168,8260,4.93189811706543,False
20,8149,8157,8163,8163,8212,8135,8164,8163,8177,8184,8155,8163,8166,8267,4.939847230911255,False
21,8151,8161,8145,8181,8196,8125,8162,8157,8169,8172,8146,8160,8158,8273,4.94787335395813,False
22,8177,8188,8200,8212,8214,8141,8169,8168,8162,8165,8139,8180,8155,8268,4.955932378768921,False
23,8164,8176,8162,8210,8171,8146,8173,8154,8183,8188,8169,8171,8187,8278,4.963867425918579,False
24,8156,8187,8186,8190,8215,8138,8164,8168,8191,8196,8180,8175,8204,8281,4.97191858291626,False
25,8165,8188,8191,8188,8216,8144,8174,8180,8184,8189,8175,8175,8198,8272,4.978924036026001,False
26,8162,8167,8147,8193,8181,8159,8196,8174,8185,8196,8176,8161,8192,8275,4.986752510070801,False
27,8147,8165,8165,8173,8203,8159,8195,8186,8171,8194,8162,8170,8178,8278,4.994709730148315,False
28,8116,8158,8121,8151,8180,8158,8197,8175,8169,8187,8154,8157,8173,8267,5.002816677093506,False
29,8132,8163,8150,8163,8205,8178,8218,8194,8184,8186,8146,8152,8168,8257,5.010623455047607,False
30,8138,8143,8167,8165,8183,8193,8244,8213,8200,8192,8128,8155,8158,8252,5.018970489501953,False
31,8098,8119,8121,8137,8153,8180,8246,8195,8199,8184,8114,8133,8142,8226,5.026840448379517,False
32,8102,8128,8168,8134,8197,8176,8223,8193,8184,8167,8112,8134,8128,8213,5.034677028656006,False
33,8118,8120,8149,8154,8163,8176,8205,8174,8182,8173,8134,8140,8145,8239,5.04271125793457,False
34,8129,8142,8171,8163,8191,8161,8173,8163,8169,8172,8145,8158,8148,8239,5.049870491027832,False
35,8139,8158,8213,8170,8208,8142,8136,8152,8144,8155,8147,8164,8131,8225,5.057923316955566,False
36,8135,8138,8149,8179,8157,8140,8135,8122,8134,8155,8157,8149,8138,8246,5.065883159637451,False
37,8152,8154,8170,8188,8197,8165,8146,8132,8133,8162,8172,8168,8154,8272,5.073879241943359,False
38,8163,8163,8172,8201,8205,8183,8157,8143,8146,8173,8188,8177,8176,8274,5.081889390945435,False
39,8166,8165,8173,8202,8207,8188,8161,8149,8151,8179,8190,8175,8179,8270,5.089728355407715,False
40,8182,8160,8202,8190,8207,8180,8166,8157,8141,8182,8185,8182,8171,8289,5.097820997238159,False
41,8174,8137,8153,8175,8187,8159,8178,8152,8146,8181,8179,8167,8173,8309,5.105873107910156,False
42,8168,8150,8174,8167,8218,8160,8182,8175,8154,8175,8168,8166,8177,8304,5.112796068191528,False
43,8162,8146,8163,8162,8169,8172,8195,8185,8162,8183,8175,8169,8182,8300,5.120841503143311,False
44,8155,8136,8149,8153,8165,8163,8197,8181,8169,8184,8162,8166,8161,8301,5.1288909912109375,False
45,8146,8128,8179,8141,8199,8154,8186,8178,8172,8175,8128,8152,8133,8278,5.136820554733276,False
46,8125,8115,8134,8143,8169,8167,8191,8162,8177,8182,8149,8136,8150,8263,5.144951105117798,False
47,8152,8160,8193,8175,8220,8184,8192,8188,8169,8187,8187,8172,8173,8284,5.152873754501343,False
48,8175,8175,8200,8199,8204,8178,8187,8190,8166,8187,8193,8185,8183,8307,5.160629510879517,False
49,8166,8151,8141,8197,8167,8172,8180,8171,8175,8193,8195,8173,8198,8304,5.168698072433472,False
50,8181,8155,8191,8189,8194,8184,8172,8180,8178,8196,8206,8190,8207,8306,5.176755666732788,False
51,8186,8157,8183,8189,8175,8187,8171,8163,8171,8196,8206,8186,8211,8316,5.183883905410767,False
52,8189,8163,8196,8191,8204,8179,8159,8153,8150,8189,8192,8185,8206,8303,5.191848516464233,False
53,8187,8147,8182,8183,8190,8164,8143,8142,8145,8181,8200,8184,8207,8296,5.199861764907837,False
54,8194,8146,8166,8193,8189,8153,8129,8133,8138,8178,8207,8182,8210,8309,5.207910537719727,False
55,8212,8166,8217,8205,8218,8159,8125,8145,8123,8180,8196,8198,8211,8318,5.215747594833374,False
56,8183,8156,8155,8202,8166,8164,8145,8137,8148,8194,8210,8181,8223,8314,5.223822832107544,False
57,8174,8168,8191,8191,8220,8160,8137,8165,8166,8192,8208,8178,8212,8294,5.231877088546753,False
58,8189,8157,8215,8166,8226,8150,8126,8189,8168,8190,8194,8184,8205,8299,5.239665985107422,False
59,8163,8136,8125,8153,8159,8149,8147,8172,8178,8197,8200,8168,8217,8313,5.246872901916504,False
60,8145,8151,8150,8164,8181,8151,8148,8172,8165,8187,8208,8171,8208,8287,5.254964113235474,True
61,8144,8144,8160,8167,8189,8140,8138,8174,8153,8182,8203,8171,8202,8272,5.26268744468689,True
62,8147,8143,8163,8151,8197,8136,8140,8171,8145,8179,8183,8172,8200,8286,5.270904302597046,True
63,8140,8139,8146,8151,8149,8147,8154,8152,8128,8169,8185,8171,8196,8284,5.278827905654907,True
64,8140,8134,8136,8162,8147,8153,8160,8148,8123,8168,8194,8168,8190,8269,5.286633729934692,True
65,8162,8153,8207,8167,8214,8161,8163,8174,8131,8173,8173,8182,8182,8266,5.294529914855957,True
66,8152,8143,8166,8165,8178,8170,8186,8156,8142,8176,8174,8172,8203,8282,5.30268406867981,True
67,8155,8151,8175,8170,8200,8166,8176,8159,8140,8178,8189,8182,8217,8295,5.309927701950073,True
68,8185,8157,8194,8193,8182,8162,8150,8180,8145,8192,8198,8195,8208,8288,5.317866563796997,True
69,8181,8156,8139,8201,8141,8178,8164,8177,8163,8193,8193,8177,8202,8274,5.3258891105651855,True
70,8182,8183,8212,8199,8230,8196,8186,8204,8168,8182,8180,8194,8204,8277,5.333904504776001,True
71,8163,8153,8186,8193,8198,8188,8200,8204,8172,8192,8181,8192,8204,8287,5.341827630996704,True
72,8139,8122,8124,8166,8153,8190,8208,8187,8172,8184,8166,8159,8177,8266,5.349672317504883,True
73,8136,8135,8157,8140,8192,8203,8214,8178,8160,8152,8135,8150,8153,8253,5.35768723487854,True
74,8133,8146,8155,8144,8194,8196,8209,8152,8148,8147,8123,8153,8158,8269,5.365614652633667,True
75,8157,8155,8184,8173,8192,8187,8188,8156,8138,8162,8137,8175,8159,8276,5.373700141906738,True
76,8174,8144,8154,8181,8158,8181,8176,8161,8149,8175,8169,8179,8172,8285,5.380760669708252,True
77,8177,8145,8155,8167,8183,8176,8163,8165,8154,8167,8168,8183,8181,8297,5.388627767562866,True
78,8180,8144,8193,8154,8188,8173,8156,8163,8133,8154,8144,8186,8169,8295,5.396899223327637,True
79,8179,8138,8151,8158,8145,8179,8162,8149,8122,8160,8155,8173,8164,8291,5.40484881401062,True
80,8206,8172,8200,8181,8207,8203,8167,8173,8128,8171,8173,8192,8181,8301,5.412766695022583,True
81,8203,8159,8178,8185,8196,8206,8170,8159,8141,8181,8176,8191,8212,8315,5.420677185058594,True
82,8182,8145,8155,8169,8184,8183,8152,8129,8132,8174,8166,8180,8194,8303,5.428685426712036,True
83,8198,8177,8237,8162,8208,8180,8137,8148,8111,8158,8162,8194,8165,8293,5.436668395996094,True
84,8182,8162,8170,8164,8152,8195,8162,8143,8117,8171,8170,8175,8192,8303,5.443995714187622,True
85,8152,8144,8130,8162,8163,8197,8178,8142,8124,8180,8159,8163,8194,8286,5.451760768890381,True
86,8143,8147,8152,8161,8159,8196,8184,8166,8140,8185,8165,8175,8184,8269,5.4597461223602295,True
87,8155,8164,8162,8169,8164,8207,8195,8192,8170,8198,8182,8178,8205,8281,5.467590808868408,True
88,8175,8175,8180,8174,8201,8213,8191,8200,8182,8200,8179,8179,8212,8291,5.4755167961120605,True
89,8170,8164,8144,8176,8183,8209,8183,8171,8180,8199,8184,8183,8213,8299,5.483550786972046,True
90,8182,8182,8200,8183,8207,8212,8178,8174,8169,8194,8186,8210,8221,8304,5.491625547409058,True
91,8189,8179,8198,8193,8165,8209,8190,8180,8168,8191,8186,8207,8225,8306,5.499624490737915,True
92,8176,8176,8151,8190,8147,8196,8191,8170,8173,8194,8187,8182,8219,8296,5.506878614425659,True
93,8172,8179,8181,8177,8188,8185,8167,8175,8160,8193,8186,8182,8211,8282,5.514706373214722,True
94,8156,8150,8130,8164,8141,8175,8157,8150,8144,8184,8181,8164,8205,8276,5.52264928817749,True
95,8178,8181,8204,8170,8204,8174,8146,8166,8131,8167,8166,8183,8191,8286,5.530822992324829,True
96,8188,8188,8234,8183,8202,8169,8146,8184,8148,8180,8182,8198,8203,8304,5.538754463195801,True
97,8150,8150,8122,8175,8130,8164,8162,8152,8164,8200,8201,8167,8222,8297,5.546695232391357,True
98,8166,8176,8200,8169,8207,8180,8159,8166,8140,8185,8180,8180,8204,8283,5.554672718048096,True
99,8192,8192,8224,8181,8196,8181,8163,8174,8138,8176,8166,8182,8194,8292,5.562616109848023,True
100,8176,8170,8136,8183,8132,8162,8168,8152,8146,8183,8170,8157,8199,8291,5.57063889503479,True
101,8156,8149,8104,8166,8141,8165,8165,8143,8139,8181,8174,8160,8202,8284,5.577831506729126,True
102,8169,8161,8157,8157,8195,8184,8173,8158,8142,8173,8170,8179,8204,8297,5.585930347442627,True
103,8205,8184,8231,8173,8203,8181,8178,8182,8149,8173,8154,8195,8196,8310,5.593723297119141,True
104,8187,8164,8148,8183,8129,8168,8175,8165,8168,8183,8158,8176,8196,8303,5.601852178573608,True
105,8167,8171,8148,8179,8176,8191,8169,8174,8177,8179,8166,8178,8205,8304,5.609874963760376,True
106,8198,8191,8194,8185,8175,8203,8171,8181,8159,8182,8172,8201,8223,8327,5.617769479751587,True
107,8217,8195,8155,8197,8122,8188,8171,8155,8147,8191,8178,8197,8226,8326,5.625732898712158,True
108,8205,8211,8215,8181,8203,8201,8162,8169,8149,8175,8168,8198,8196,8295,5.6336829662323,True
109,8175,8185,8192,8173,8194,8213,8169,8162,8143,8167,8165,8185,8200,8298,5.640646457672119,True
110,8178,8173,8136,8201,8146,8191,8158,8133,8117,8174,8173,8180,8219,8322,5.648706436157227,True
111,8199,8206,8166,8205,8149,8182,8139,8143,8116,8179,8183,8191,8216,8329,5.656635999679565,True
112,8186,8217,8160,8194,8146,8205,8144,8163,8148,8190,8188,8188,8223,8325,5.664576768875122,True
113,8180,8208,8177,8192,8179,8223,8142,8174,8151,8183,8163,8187,8216,8307,5.672809362411499,True
114,8171,8177,8144,8171,8160,8230,8149,8161,8152,8173,8144,8161,8193,8295,5.680628538131714,True
115,8161,8183,8154,8161,8182,8244,8172,8186,8185,8188,8151,8156,8191,8295,5.688676118850708,True
116,8143,8184,8186,8167,8190,8254,8189,8220,8212,8206,8164,8176,8207,8286,5.696738243103027,True
117,8114,8149,8109,8152,8134,8244,8184,8181,8206,8188,8153,8157,8204,8278,5.704678535461426,True
118,8170,8192,8197,8150,8217,8236,8157,8181,8181,8159,8133,8175,8179,8288,5.711729526519775,True
119,8205,8206,8232,8164,8214,8228,8155,8187,8179,8172,8159,8195,8191,8302,5.719747304916382,True
120,8160,8166,8143,8161,8145,8223,8166,8156,8171,8180,8173,8174,8198,8297,5.727559566497803,True
121,8171,8182,8188,8176,8175,8234,8163,8161,8154,8160,8144,8173,8173,8291,5.735744476318359,True
122,8203,8198,8189,8186,8157,8241,8173,8172,8177,8172,8151,8171,8181,8292,5.7436277866363525,True
123,8188,8185,8155,8160,8150,8239,8173,8170,8185,8185,8161,8166,8181,8275,5.751519441604614,True
124,8155,8170,8142,8143,8161,8236,8166,8150,8165,8174,8145,8157,8162,8258,5.759620666503906,True
125,8162,8190,8176,8161,8200,8229,8156,8139,8156,8168,8151,8160,8164,8263,5.7675621509552,True
126,8192,8200,8205,8185,8210,8214,8138,8148,8148,8170,8173,8179,8173,8279,5.774694919586182,True
127,8191,8177,8133,8185,8173,8203,8127,8145,8140,8167,8185,8177,8183,8295,5.782611846923828,True
237,8200,8200,8190,8176,8221,8207,8121,8165,8133,8161,8184,8191,8190,8302,5.790649175643921,True
0,8193,8197,8189,8171,8153,8207,8123,8157,8123,8165,8195,8183,8196,8302,5.798626899719238,True
1,8164,8175,8120,8164,8112,8200,8124,8144,8115,8171,8186,8161,8186,8299,5.806732416152954,True
2,8175,8195,8208,8163,8209,8208,8123,8181,8122,8167,8164,8184,8173,8289,5.8146727085113525,True
3,8161,8177,8165,8163,8156,8221,8155,8171,8158,8176,8186,8176,8187,8284,5.822661399841309,True
4,8148,8165,8141,8150,8153,8233,8170,8168,8174,8184,8203,8164,8185,8279,5.830855131149292,True
5,8162,8162,8188,8139,8174,8234,8156,8185,8165,8179,8186,8167,8166,8262,5.837986946105957,True
6,8152,8151,8136,8140,8122,8222,8153,8153,8163,8168,8168,8146,8150,8246,5.845833778381348,True
7,8161,8176,8166,8152,8151,8216,8155,8150,8164,8152,8163,8158,8134,8250,5.85404896736145,True
8,8173,8183,8178,8174,8152,8217,8152,8157,8158,8151,8175,8166,8145,8271,5.861936807632446,True
9,8157,8179,8150,8185,8142,8214,8149,8151,8143,8157,8174,8149,8149,8262,5.869616270065308,True
10,8148,8180,8140,8180,8128,8206,8160,8148,8147,8163,8179,8150,8142,8254,5.877828598022461,True
11,8167,8189,8156,8194,8141,8204,8167,8155,8164,8169,8197,8164,8152,8268,5.8855955600738525,True
12,8188,8204,8207,8211,8183,8207,8160,8173,8161,8167,8184,8168,8152,8267,5.893746376037598,True
13,8147,8179,8137,8186,8131,8193,8165,8149,8159,8168,8162,8145,8132,8250,5.90167236328125,True
14,8120,8175,8139,8165,8155,8181,8168,8155,8151,8155,8163,8151,8115,8234,5.908835411071777,True
15,8127,8182,8193,8166,8191,8183,8173,8182,8153,8138,8166,8160,8125,8240,5.916645288467407,True
16,8102,8152,8131,8145,8144,8180,8177,8161,8163,8134,8147,8135,8122,8244,5.9248528480529785,True
17,8092,8135,8147,8116,8157,8170,8161,8155,8139,8123,8127,8143,8092,8231,5.932658433914185,True
18,8098,8128,8153,8128,8147,8173,8162,8154,8125,8123,8144,8148,8102,8228,5.940692186355591,True
19,8122,8158,8159,8164,8159,8194,8167,8153,8141,8141,8153,8148,8120,8236,5.948803424835205,True
20,8145,8169,8187,8163,8183,8198,8152,8151,8147,8142,8144,8165,8115,8241,5.9568586349487305,True
21,8124,8135,8134,8148,8150,8184,8141,8128,8142,8135,8164,8158,8126,8238,5.96467924118042,True
22,8140,8167,8191,8175,8183,8194,8140,8142,8138,8142,8177,8170,8141,8247,5.971829652786255,True
23,8173,8197,8210,8209,8158,8209,8159,8145,8155,8162,8185,8181,8157,8269,5.979642629623413,True
24,8173,8187,8170,8208,8141,8207,8170,8136,8171,8169,8191,8174,8167,8274,5.9878294467926025,True
25,8174,8189,8193,8204,8167,8196,8152,8152,8159,8160,8176,8177,8154,8265,5.995797157287598,True
26,8164,8193,8151,8210,8128,8182,8143,8155,8152,8158,8154,8166,8148,8261,6.003825902938843,True
27,8159,8203,8180,8200,8164,8173,8148,8173,8149,8146,8144,8168,8138,8254,6.011668205261231,True
28,8153,8183,8187,8185,8173,8178,8169,8183,8152,8150,8164,8167,8138,8255,6.019737005233765,True
29,8158,8174,8157,8186,8154,8182,8193,8182,8164,8163,8183,8171,8157,8273,6.027622222900391,True
30,8180,8173,8198,8176,8165,8176,8182,8191,8159,8152,8179,8189,8163,8281,6.035720109939575,True
31,8164,8134,8145,8159,8123,8163,8166,8173,8160,8153,8177,8174,8167,8281,6.042687654495239,True
32,8155,8142,8154,8159,8158,8162,8162,8179,8172,8164,8175,8176,8167,8286,6.050863265991211,True
33,8166,8154,8186,8160,8166,8170,8162,8178,8176,8163,8184,8182,8168,8293,6.058672428131104,False
34,8176,8145,8164,8170,8152,8176,8156,8155,8175,8159,8191,8174,8173,8301,6.066683530807495,False
35,8203,8171,8198,8195,8175,8185,8154,8171,8185,8172,8194,8196,8185,8311,6.074666261672974,False
36,8208,8170,8157,8209,8133,8193,8170,8178,8207,8193,8218,8197,8209,8328,6.082830190658569,False
37,8201,8161,8170,8204,8168,8212,8179,8187,8209,8194,8215,8193,8209,8324,6.0905961990356445,False
38,8187,8152,8189,8193,8161,8231,8194,8189,8209,8188,8191,8190,8197,8303,6.097851514816284,False
39,8170,8149,8148,8198,8117,8226,8206,8186,8225,8189,8190,8174,8199,8294,6.105847835540772,False
40,8182,8160,8205,8202,8170,8204,8193,8199,8207,8176,8182,8184,8194,8293,6.113856792449951,False
41,8180,8135,8184,8179,8146,8185,8180,8164,8183,8169,8169,8184,8184,8302,6.121784210205078,False
42,8189,8142,8178,8170,8151,8180,8160,8140,8173,8173,8162,8186,8173,8313,6.129869222640991,False
43,8213,8167,8209,8200,8178,8172,8140,8150,8164,8171,8170,8192,8182,8315,6.137654542922974,False
44,8206,8156,8170,8212,8168,8167,8139,8142,8159,8168,8185,8179,8192,8310,6.14578104019165,False
45,8207,8152,8193,8195,8185,8169,8130,8148,8146,8163,8179,8185,8174,8299,6.153698921203613,False
46,8200,8138,8159,8185,8130,8159,8124,8148,8137,8151,8168,8173,8159,8287,6.161864757537842,False
47,8198,8141,8161,8193,8138,8159,8120,8155,8133,8132,8152,8171,8150,8276,6.168711423873901,False
48,8215,8134,8203,8199,8165,8170,8122,8161,8129,8128,8147,8183,8150,8278,6.176884889602661,False
49,8196,8113,8151,8190,8134,8158,8133,8140,8128,8133,8154,8162,8154,8276,6.184806823730469,False
50,8184,8138,8178,8184,8158,8151,8135,8149,8129,8130,8154,8169,8145,8268,6.192589998245239,False
51,8191,8152,8173,8198,8124,8168,8151,8156,8148,8147,8165,8183,8161,8288,6.200884819030762,False
52,8193,8154,8166,8206,8137,8179,8153,8150,8149,8160,8170,8178,8178,8291,6.208869457244873,False
53,8189,8150,8198,8195,8176,8165,8134,8153,8144,8158,8179,8178,8176,8283,6.2166807651519775,False
54,8179,8131,8150,8193,8130,8153,8147,8142,8166,8167,8201,8180,8190,8304,6.224861145019531,False
55,8197,8144,8189,8201,8158,8171,8162,8159,8169,8166,8196,8195,8196,8316,6.231696367263794,False
56,8197,8137,8189,8201,8160,8188,8169,8173,8169,8173,8178,8178,8196,8308,6.239940881729126,False
57,8182,8123,8151,8183,8153,8183,8174,8185,8178,8185,8161,8163,8203,8308,6.247594118118286,False
58,8176,8125,8179,8167,8153,8178,8176,8205,8183,8181,8163,8178,8200,8307,6.255598545074463,False
59,8155,8108,8149,8162,8119,8185,8186,8189,8191,8178,8175,8166,8191,8291,6.263939142227173,False
60,8173,8118,8190,8166,8165,8193,8192,8202,8186,8173,8160,8165,8180,8284,6.271649360656738,False
61,8191,8108,8184,8167,8126,8197,8199,8211,8186,8176,8163,8171,8189,8296,6.2798357009887695,False
62,8179,8097,8139,8162,8098,8196,8195,8191,8192,8176,8179,8171,8190,8293,6.287853002548218,False
63,8183,8122,8182,8165,8153,8191,8185,8188,8184,8157,8163,8175,8169,8278,6.295745134353638,False
64,8169,8115,8141,8156,8118,8177,8189,8173,8181,8157,8154,8151,8164,8276,6.302856922149658,False
65,8161,8119,8184,8136,8154,8175,8173,8181,8170,8151,8144,8158,8145,8264,6.310821771621704,False
66,8162,8118,8217,8140,8155,8183,8159,8177,8158,8134,8136,8176,8129,8262,6.318856954574585,False
67,8161,8105,8142,8163,8101,8179,8166,8146,8158,8139,8153,8170,8155,8290,6.326816082000732,False
68,8184,8119,8162,8175,8126,8185,8162,8156,8162,8155,8175,8181,8186,8311,6.33575177192688,False
69,8181,8120,8160,8166,8126,8199,8152,8160,8186,8173,8194,8181,8203,8311,6.342561483383179,False
70,8173,8149,8186,8180,8158,8203,8136,8161,8203,8185,8201,8187,8210,8301,6.350735902786255,False
71,8182,8169,8190,8215,8136,8199,8123,8151,8187,8188,8200,8192,8224,8299,6.358614444732666,False
72,8185,8154,8151,8224,8103,8192,8131,8146,8172,8183,8190,8184,8223,8314,6.365697860717773,False
73,8190,8158,8193,8207,8145,8188,8157,8187,8180,8179,8173,8191,8196,8323,6.373780012130737,False
74,8167,8146,8145,8182,8117,8182,8186,8203,8208,8182,8168,8175,8195,8314,6.381632566452026,False
75,8140,8138,8134,8165,8128,8178,8183,8206,8211,8171,8157,8159,8186,8286,6.389482975006104,False
76,8122,8127,8156,8150,8113,8175,8174,8192,8188,8160,8139,8148,8148,8263,6.397617816925049,False
77,8110,8119,8131,8130,8093,8173,8180,8167,8179,8154,8125,8136,8131,8255,6.405506372451782,False
78,8142,8142,8205,8135,8164,8177,8171,8189,8173,8142,8119,8164,8132,8257,6.413601160049439,False
79,8153,8134,8179,8164,8119,8174,8171,8180,8175,8151,8142,8170,8150,8271,6.421612739562988,False
80,8139,8140,8140,8179,8100,8180,8183,8162,8175,8160,8147,8160,8160,8266,6.428652763366699,False
81,8143,8148,8170,8168,8132,8200,8196,8175,8183,8156,8139,8167,8162,8259,6.436670780181885,False
82,8147,8139,8147,8162,8114,8211,8211,8185,8206,8163,8160,8164,8173,8275,6.4446446895599365,False
83,8163,8158,8194,8174,8153,8215,8213,8203,8211,8168,8168,8175,8169,8278,6.452665090560913,False
84,8161,8146,8176,8183,8136,8213,8213,8188,8213,8169,8166,8174,8175,8270,6.460633754730225,False
85,8161,8154,8160,8202,8130,8208,8198,8168,8219,8181,8179,8180,8196,8274,6.468589782714844,False
86,8181,8188,8205,8223,8141,8198,8169,8152,8215,8194,8203,8193,8215,8295,6.476759433746338,False
87,8184,8182,8163,8225,8123,8176,8143,8124,8201,8196,8210,8180,8227,8321,6.48466420173645,False
88,8213,8193,8210,8229,8177,8174,8117,8150,8175,8185,8187,8191,8214,8328,6.491829872131348,False
89,8217,8181,8192,8221,8140,8188,8123,8156,8170,8180,8167,8182,8200,8322,6.499774694442749,False
90,8183,8151,8139,8184,8119,8187,8139,8142,8163,8159,8133,8158,8179,8304,6.5077855587005615,False
91,8169,8144,8183,8154,8150,8176,8140,8163,8144,8132,8098,8160,8147,8276,6.515748262405396,False
92,8152,8125,8140,8150,8105,8172,8150,8159,8154,8141,8100,8143,8140,8260,6.523586273193359,False
93,8150,8129,8137,8138,8118,8175,8162,8162,8168,8149,8102,8146,8142,8266,6.5316162109375,False
94,8150,8124,8142,8118,8108,8164,8163,8173,8160,8134,8095,8159,8134,8273,6.539636135101318,False
95,8149,8124,8152,8118,8108,8149,8155,8170,8145,8123,8088,8165,8119,8261,6.547577142715454,False
96,8174,8146,8201,8142,8138,8157,8160,8175,8153,8141,8096,8188,8136,8275,6.555688619613648,False
97,8189,8147,8158,8179,8116,8172,8186,8175,8187,8174,8132,8191,8178,8316,6.562509059906006,False
98,8210,8169,8195,8197,8155,8179,8181,8187,8189,8173,8144,8195,8176,8322,6.570596218109131,False
99,8214,8172,8195,8195,8123,8175,8176,8172,8180,8169,8147,8197,8181,8316,6.578571557998657,False
100,8211,8178,8168,8200,8119,8171,8182,8162,8190,8186,8159,8206,8211,8326,6.586657762527466,False
101,8237,8203,8246,8216,8191,8177,8161,8183,8185,8191,8151,8225,8211,8323,6.594614744186401,False
102,8222,8182,8180,8219,8130,8174,8147,8157,8185,8191,8143,8196,8208,8317,6.602685928344727,False
103,8188,8183,8141,8210,8121,8175,8145,8158,8196,8191,8121,8178,8204,8308,6.610442399978638,False
104,8173,8180,8178,8189,8138,8192,8145,8189,8202,8192,8098,8176,8196,8290,6.618714332580566,False
105,8165,8157,8148,8168,8104,8211,8165,8187,8210,8194,8098,8161,8192,8292,6.626698017120361,False
106,8173,8173,8162,8163,8122,8206,8185,8191,8210,8188,8089,8173,8183,8307,6.633589029312134,False
107,8167,8166,8152,8160,8113,8184,8180,8179,8207,8188,8075,8179,8178,8308,6.641502618789673,False
108,8166,8156,8165,8157,8135,8173,8159,8173,8198,8181,8074,8183,8179,8307,6.649705410003662,False
109,8168,8163,8159,8155,8138,8169,8164,8172,8199,8176,8079,8175,8192,8329,6.657604932785034,False
110,8167,8172,8146,8160,8139,8169,8175,8168,8197,8181,8075,8163,8189,8330,6.665679931640625,False
111,8205,8193,8215,8180,8162,8175,8165,8185,8178,8170,8076,8196,8174,8317,6.673596382141113,False
112,8215,8189,8149,8193,8092,8174,8169,8167,8184,8169,8097,8201,8196,8336,6.681675434112549,False
113,8209,8211,8179,8195,8152,8179,8175,8175,8190,8176,8093,8197,8205,8336,6.689723968505859,False
114,8221,8215,8267,8198,8204,8181,8173,8192,8178,8172,8080,8211,8183,8304,6.696505069732666,False
115,8206,8184,8153,8197,8105,8164,8172,8145,8178,8170,8095,8196,8188,8307,6.70456075668335,False
116,8213,8205,8148,8214,8124,8159,8151,8132,8187,8179,8121,8201,8207,8333,6.712669134140015,False
117,8223,8219,8198,8245,8161,8173,8139,8149,8197,8196,8132,8206,8217,8324,6.720594167709351,False
118,8212,8227,8185,8241,8152,8178,8143,8153,8187,8194,8117,8196,8218,8299,6.728751182556152,False
119,8199,8232,8156,8206,8123,8161,8141,8148,8161,8172,8101,8183,8197,8300,6.736565828323364,False
120,8168,8208,8124,8170,8117,8145,8137,8141,8147,8146,8068,8145,8148,8268,6.744776725769043,False
121,8147,8197,8177,8147,8164,8151,8137,8171,8143,8129,8022,8139,8115,8225,6.752751588821411,False
122,8157,8184,8159,8150,8109,8152,8153,8180,8162,8148,8046,8170,8157,8272,6.759612560272217,False
123,8203,8192,8167,8169,8115,8145,8166,8186,8186,8172,8093,8200,8195,8339,6.767590045928955,False
124,8217,8195,8195,8164,8135,8151,8175,8203,8190,8169,8074,8184,8170,8321,6.775755405426025,False
125,8175,8180,8113,8143,8081,8169,8184,8186,8193,8159,8040,8146,8146,8283,6.783488035202026,False
126,8177,8203,8186,8126,8162,8175,8169,8190,8177,8135,8026,8169,8124,8278,6.7916576862335205,False
127,8163,8172,8214,8099,8163,8161,8167,8182,8163,8123,8027,8171,8098,8261,6.799592971801758,False
237,8126,8126,8121,8100,8097,8151,8185,8159,8173,8143,8043,8152,8113,8250,6.80749773979187,False
0,8152,8156,8147,8143,8139,8161,8176,8162,8179,8162,8086,8183,8163,8285,6.81560206413269,False
1,8168,8183,8156,8166,8153,8170,8156,8155,8173,8163,8122,8182,8186,8302,6.823656320571899,False
2,8155,8194,8185,8160,8164,8169,8133,8171,8163,8156,8101,8169,8159,8263,6.830683708190918,False
3,8139,8181,8166,8176,8144,8172,8135,8185,8193,8180,8104,8173,8174,8251,6.8385889530181885,False
4,8137,8186,8144,8195,8162,8183,8150,8187,8229,8211,8139,8182,8219,8288,6.846681594848633,False
5,8162,8204,8207,8188,8169,8191,8151,8199,8220,8205,8119,8187,8212,8297,6.854588270187378,False
6,8161,8181,8152,8185,8074,8185,8164,8174,8208,8202,8092,8162,8192,8280,6.862631797790527,False
7,8178,8198,8194,8196,8140,8184,8162,8183,8196,8199,8097,8181,8181,8283,6.870662689208984,False
8,8195,8196,8211,8194,8150,8182,8153,8197,8188,8187,8108,8191,8179,8302,6.878589868545532,False
9,8163,8163,8109,8175,8075,8181,8164,8174,8189,8186,8090,8151,8181,8293,6.886462926864624,False
10,8165,8179,8186,8159,8151,8192,8176,8189,8184,8185,8066,8163,8169,8275,6.893487930297852,False
11,8174,8174,8199,8155,8149,8189,8190,8192,8190,8182,8075,8182,8174,8290,6.901576995849609,False
12,8156,8158,8133,8148,8102,8176,8184,8176,8189,8166,8063,8156,8157,8290,6.909515142440796,False
13,8134,8140,8119,8123,8078,8175,8165,8154,8166,8150,8047,8129,8116,8261,6.917550563812256,False
14,8129,8133,8138,8116,8083,8179,8153,8138,8146,8143,8064,8144,8116,8253,6.9255781173706055,False
15,8149,8161,8190,8152,8123,8180,8140,8154,8152,8148,8091,8186,8147,8270,6.933616399765015,False
16,8144,8161,8134,8168,8088,8168,8136,8143,8171,8161,8116,8175,8164,8285,6.941490888595581,False
17,8149,8180,8163,8165,8125,8158,8135,8149,8160,8151,8101,8167,8148,8289,6.9497480392456055,False
18,8177,8202,8212,8195,8130,8169,8150,8172,8160,8153,8100,8194,8167,8318,6.956530570983887,False
19,8194,8201,8169,8222,8100,8182,8165,8175,8192,8180,8146,8205,8210,8346,6.964813947677612,False
20,8195,8220,8219,8211,8156,8184,8161,8185,8183,8178,8150,8196,8184,8310,6.972645998001099,False
21,8151,8203,8170,8190,8102,8175,8170,8157,8157,8163,8113,8152,8147,8267,6.980703830718994,False
22,8141,8201,8133,8187,8091,8178,8178,8152,8158,8166,8105,8151,8153,8270,6.988770008087158,False
23,8166,8217,8205,8184,8140,8187,8175,8188,8162,8178,8121,8187,8168,8285,6.996764421463013,False
24,8151,8191,8168,8169,8100,8175,8172,8182,8181,8191,8123,8165,8174,8277,7.004777431488037,False
25,8156,8182,8135,8170,8081,8162,8166,8177,8206,8191,8112,8147,8176,8267,7.012511491775513,False
26,8179,8195,8144,8181,8070,8161,8171,8188,8208,8187,8115,8166,8180,8284,7.020775318145752,False
27,8181,8206,8179,8173,8094,8158,8169,8207,8199,8188,8115,8185,8175,8308,7.027688264846802,False
28,8168,8180,8167,8163,8106,8149,8161,8201,8201,8185,8100,8173,8168,8303,7.035650968551636,False
29,8166,8174,8134,8177,8101,8152,8166,8172,8200,8169,8092,8150,8164,8275,7.043866872787476,False
30,8199,8219,8217,8198,8136,8159,8162,8179,8183,8158,8095,8187,8157,8290,7.051789283752441,False
31,8202,8201,8187,8199,8094,8153,8155,8166,8180,8171,8113,8205,8175,8339,7.059646368026733,False
32,8186,8189,8155,8196,8110,8157,8151,8151,8177,8170,8127,8187,8193,8334,7.067738056182861,False
33,8200,8216,8209,8209,8134,8162,8145,8159,8162,8154,8138,8191,8194,8304,7.075734615325928,False
34,8195,8205,8155,8226,8066,8156,8145,8143,8168,8169,8153,8194,8211,8330,7.0838377475738525,False
35,8182,8212,8180,8220,8123,8169,8141,8160,8163,8182,8139,8199,8207,8341,7.090662002563477,False
36,8151,8216,8185,8193,8150,8180,8151,8172,8154,8178,8113,8166,8179,8276,7.098586320877075,False
37,8126,8200,8131,8191,8105,8167,8161,8154,8149,8170,8090,8137,8161,8227,7.106693267822266,False
38,8153,8195,8168,8197,8103,8157,8158,8163,8137,8163,8089,8177,8166,8264,7.114636182785034,False
39,8171,8193,8154,8191,8089,8153,8161,8165,8143,8169,8108,8196,8183,8313,7.122660636901856,False
40,8166,8217,8176,8191,8130,8156,8154,8177,8152,8172,8092,8180,8174,8293,7.130687713623047,False
41,8155,8204,8177,8192,8110,8162,8158,8183,8166,8175,8076,8167,8167,8270,7.138694286346436,False
42,8150,8178,8143,8179,8089,8155,8161,8164,8169,8177,8089,8181,8174,8289,7.146805763244629,False
43,8172,8207,8195,8174,8130,8152,8151,8164,8166,8173,8092,8213,8175,8316,7.154726505279541,False
44,8181,8211,8166,8191,8088,8165,8168,8158,8188,8178,8091,8196,8181,8337,7.161723375320435,False
45,8183,8201,8173,8185,8110,8179,8177,8165,8186,8181,8093,8180,8177,8328,7.169831275939941,False
46,8171,8193,8186,8158,8125,8179,8168,8165,8176,8185,8105,8183,8176,8302,7.177618980407715,False
47,8151,8191,8136,8167,8107,8183,8165,8152,8194,8191,8105,8173,8186,8297,7.185815095901489,False
48,8158,8209,8166,8195,8136,8194,8161,8166,8188,8177,8083,8172,8176,8291,7.193794012069702,False
49,8133,8195,8136,8185,8091,8183,8156,8155,8168,8171,8088,8157,8170,8277,7.201687574386597,False
50,8129,8200,8150,8185,8110,8171,8154,8166,8174,8180,8097,8166,8179,8278,7.209638595581055,False
51,8165,8213,8186,8202,8130,8179,8178,8196,8187,8180,8083,8188,8180,8289,7.217849969863892,False
52,8142,8188,8128,8163,8101,8184,8205,8188,8174,8170,8063,8167,8161,8276,7.224628210067749,False
53,8106,8182,8161,8125,8139,8179,8191,8188,8159,8158,8052,8163,8138,8244,7.232621192932129,False
54,8110,8181,8164,8159,8102,8177,8188,8187,8179,8173,8084,8180,8161,8248,7.240619659423828,False
55,8156,8203,8164,8198,8103,8192,8212,8204,8213,8199,8119,8205,8195,8295,7.249656200408935,False
56,8182,8211,8184,8190,8136,8202,8211,8216,8231,8203,8115,8209,8208,8331,7.256715536117554,False
57,8159,8198,8149,8183,8109,8192,8186,8182,8230,8194,8104,8177,8206,8313,7.264781713485718,False
58,8172,8213,8192,8195,8125,8187,8167,8175,8209,8187,8103,8188,8190,8292,7.272761106491089,False
59,8188,8197,8163,8190,8101,8193,8172,8172,8207,8195,8109,8198,8193,8325,7.280712366104126,False
60,8174,8189,8145,8170,8114,8200,8180,8178,8218,8197,8109,8189,8201,8342,7.287486553192139,False
61,8172,8202,8207,8169,8130,8200,8177,8191,8210,8190,8107,8181,8188,8311,7.295883893966675,False
62,8174,8196,8167,8192,8075,8190,8179,8167,8205,8188,8105,8168,8178,8286,7.3035361766815186,False
63,8173,8205,8166,8196,8109,8194,8170,8164,8190,8181,8089,8178,8173,8292,7.3117876052856445,False
64,8139,8188,8147,8167,8116,8204,8171,8158,8169,8175,8081,8161,8165,8301,7.319802522659302,False
65,8114,8183,8141,8155,8125,8195,8183,8157,8168,8169,8080,8142,8146,8275,7.327732801437378,False
66,8126,8198,8194,8164,8149,8192,8204,8184,8178,8166,8099,8164,8147,8241,7.3357627391815186,False
67,8119,8171,8144,8164,8101,8203,8235,8176,8193,8177,8119,8164,8168,8247,7.343849420547485,False
68,8133,8177,8164,8163,8128,8207,8224,8177,8189,8180,8100,8164,8160,8271,7.350561141967773,False
69,8157,8192,8177,8162,8125,8196,8195,8188,8200,8186,8106,8168,8163,8291,7.35875129699707,False
70,8165,8201,8164,8166,8118,8189,8179,8189,8216,8195,8134,8173,8181,8300,7.366781949996948,False
71,8182,8217,8215,8183,8145,8187,8167,8188,8199,8186,8119,8189,8179,8308,7.374567031860352,False
72,8177,8199,8158,8194,8098,8189,8175,8174,8198,8180,8111,8175,8189,8321,7.382810115814209,False
73,8176,8196,8164,8185,8129,8205,8194,8194,8217,8177,8119,8172,8185,8314,7.390852451324463,False
74,8171,8190,8196,8177,8143,8215,8205,8190,8213,8178,8123,8173,8167,8293,7.398744583129883,False
75,8153,8187,8160,8177,8119,8212,8197,8159,8196,8181,8132,8162,8177,8285,7.406712293624878,False
76,8168,8208,8181,8188,8132,8214,8188,8173,8205,8185,8154,8180,8200,8294,7.414573907852173,False
77,8171,8206,8151,8196,8102,8198,8187,8164,8220,8198,8175,8178,8209,8303,7.421645402908325,False
78,8168,8214,8184,8195,8141,8175,8158,8148,8193,8192,8162,8177,8193,8289,7.429651260375977,False
79,8186,8219,8208,8221,8133,8175,8134,8152,8185,8193,8158,8195,8202,8288,7.437669515609741,False
80,8205,8225,8157,8244,8092,8185,8149,8160,8217,8219,8184,8203,8241,8326,7.445756435394287,False
81,8217,8235,8193,8222,8128,8182,8163,8180,8218,8219,8190,8209,8245,8345,7.453764200210571,False
82,8188,8199,8160,8185,8100,8170,8177,8174,8202,8204,8177,8184,8226,8319,7.461822271347046,False
83,8169,8189,8151,8170,8121,8171,8193,8182,8191,8193,8143,8172,8209,8296,7.468837976455688,False
84,8166,8189,8175,8160,8146,8173,8202,8189,8190,8189,8123,8175,8204,8307,7.476809978485107,False
85,8148,8162,8144,8156,8126,8174,8204,8167,8201,8198,8144,8163,8206,8314,7.484819173812866,False
86,8160,8176,8187,8169,8135,8175,8190,8176,8208,8198,8151,8177,8196,8298,7.492744207382202,False
87,8163,8175,8158,8166,8079,8154,8180,8179,8219,8192,8135,8171,8193,8302,7.500654458999634,False
88,8162,8174,8147,8165,8096,8142,8175,8176,8225,8193,8132,8169,8197,8319,7.508791446685791,False
89,8178,8195,8179,8184,8116,8159,8169,8171,8226,8195,8153,8178,8200,8311,7.516847848892212,False
90,8175,8210,8151,8199,8080,8170,8163,8155,8222,8181,8146,8166,8192,8289,7.5246500968933105,False
91,8186,8225,8201,8203,8144,8172,8159,8169,8203,8170,8114,8175,8167,8285,7.531675338745117,False
92,8183,8207,8174,8197,8139,8175,8175,8156,8200,8187,8131,8173,8173,8295,7.539612531661987,False
93,8176,8216,8154,8198,8126,8176,8171,8137,8200,8188,8161,8175,8199,8298,7.547839879989624,False
94,8200,8226,8199,8214,8136,8172,8147,8138,8177,8181,8167,8198,8215,8315,7.55572772026062,False
95,8207,8208,8159,8223,8113,8166,8139,8125,8173,8201,8184,8198,8239,8336,7.563821792602539,False
96,8204,8235,8218,8217,8177,8166,8128,8158,8186,8212,8182,8210,8236,8332,7.571864366531372,False
97,8160,8217,8194,8193,8136,8161,8133,8163,8190,8201,8146,8185,8205,8308,7.579820871353149,False
98,8115,8171,8104,8162,8085,8163,8154,8140,8176,8194,8117,8136,8173,8268,7.587778568267822,False
99,8140,8192,8161,8162,8131,8188,8174,8169,8185,8202,8123,8144,8164,8248,7.595840454101562,False
100,8163,8204,8173,8178,8129,8206,8193,8186,8227,8214,8137,8153,8166,8265,7.603600978851318,False
101,8159,8207,8171,8185,8136,8208,8192,8187,8229,8208,8141,8156,8167,8281,7.611810922622681,False
102,8151,8223,8155,8207,8112,8214,8188,8185,8224,8218,8182,8175,8208,8308,7.618619680404663,False
103,8183,8256,8176,8248,8142,8226,8186,8195,8254,8243,8235,8210,8258,8353,7.626600980758667,False
104,8237,8270,8236,8258,8167,8211,8171,8191,8247,8233,8240,8231,8260,8370,7.634638786315918,False
105,8224,8229,8168,8223,8090,8174,8156,8146,8189,8191,8215,8196,8241,8355,7.642846822738647,False
106,8195,8208,8174,8190,8119,8162,8143,8144,8140,8163,8178,8180,8203,8322,7.650846004486084,False
107,8176,8185,8175,8171,8128,8156,8157,8143,8137,8166,8165,8180,8182,8296,7.658847570419311,False
108,8166,8188,8143,8164,8109,8141,8165,8128,8139,8173,8170,8175,8196,8303,7.666779518127441,False
109,8188,8221,8212,8176,8154,8153,8150,8167,8138,8176,8171,8193,8206,8326,7.674858808517456,False
110,8184,8195,8176,8179,8130,8176,8160,8185,8170,8196,8187,8182,8214,8328,7.6817686557769775,False
111,8171,8188,8144,8175,8137,8178,8167,8181,8192,8207,8197,8168,8209,8316,7.689907789230347,False
112,8183,8209,8158,8191,8127,8166,8156,8179,8192,8209,8205,8170,8207,8317,7.697797060012817,False
113,8200,8219,8160,8223,8101,8169,8157,8186,8209,8225,8226,8173,8230,8328,7.70576024055481,False
114,8215,8226,8204,8232,8135,8194,8169,8205,8236,8239,8249,8194,8257,8350,7.713729381561279,False
115,8198,8212,8146,8216,8117,8216,8192,8187,8265,8249,8278,8193,8278,8363,7.721829175949097,False
116,8162,8214,8144,8204,8153,8230,8212,8178,8271,8247,8275,8192,8273,8338,7.7296247482299805,False
117,8110,8193,8166,8198,8162,8245,8233,8179,8273,8245,8266,8196,8265,8334,7.737841129302978,False
118,8095,8159,8134,8193,8129,8254,8250,8176,8292,8255,8282,8205,8278,8373,7.74575924873352,False
119,8181,8183,8215,8193,8166,8260,8252,8211,8296,8257,8282,8238,8293,8407,7.752647399902344,False
120,8252,8204,8201,8209,8128,8261,8262,8225,8308,8265,8286,8231,8315,8430,7.760650873184204,False
121,8263,8219,8187,8227,8137,8252,8262,8225,8310,8258,8282,8216,8307,8421,7.768781423568726,False
122,8262,8221,8234,8225,8159,8229,8241,8222,8287,8241,8263,8217,8280,8391,7.776820421218872,False
123,8248,8203,8182,8209,8114,8208,8223,8195,8281,8257,8265,8197,8286,8391,7.784816980361938,False
124,8245,8206,8180,8194,8135,8201,8200,8189,8277,8269,8269,8196,8291,8396,7.792750120162964,False
125,8227,8193,8162,8183,8116,8189,8187,8168,8266,8256,8251,8187,8270,8372,7.800835609436035,False
126,8207,8198,8159,8175,8120,8176,8178,8154,8248,8239,8223,8176,8238,8341,7.808604955673218,False
127,8205,8198,8167,8163,8150,8172,8171,8156,8225,8232,8218,8175,8224,8328,7.81583309173584,False
237,8186,8178,8127,8157,8147,8183,8171,8136,8219,8235,8219,8171,8230,8332,7.823621034622192,False
0,8184,8192,8191,8164,8185,8200,8168,8163,8232,8234,8199,8187,8221,8329,7.831780195236206,False
1,8167,8174,8172,8162,8147,8201,8184,8184,8248,8230,8195,8172,8217,8310,7.839707374572754,False
2,8143,8161,8131,8149,8142,8193,8204,8178,8238,8213,8199,8149,8211,8290,7.847842216491699,False
3,8150,8178,8158,8140,8140,8183,8208,8187,8229,8197,8194,8160,8187,8287,7.855631113052368,False
4,8157,8174,8136,8152,8095,8181,8210,8171,8234,8197,8193,8165,8178,8289,7.863707542419434,False
5,8169,8194,8199,8174,8175,8205,8204,8171,8220,8194,8190,8178,8180,8276,7.871624231338501,False
6,8149,8184,8184,8165,8170,8200,8192,8165,8212,8195,8192,8165,8179,8264,7.878537893295288,False
7,8119,8159,8112,8134,8117,8159,8165,8145,8210,8185,8183,8135,8158,8244,7.886689186096191,False
8,8115,8166,8136,8130,8147,8149,8140,8136,8198,8171,8173,8134,8142,8221,7.894574880599976,False
9,8124,8171,8142,8156,8158,8162,8146,8129,8206,8194,8205,8148,8178,8234,7.90261697769165,False
10,8158,8187,8195,8171,8173,8160,8151,8153,8205,8208,8223,8184,8202,8271,7.910711765289307,False
11,8138,8161,8146,8138,8100,8154,8156,8148,8186,8186,8200,8171,8168,8272,7.9187047481536865,False
12,8093,8139,8108,8100,8111,8158,8170,8154,8181,8170,8166,8143,8130,8234,7.926844835281372,False
13,8125,8162,8223,8110,8203,8162,8183,8209,8188,8186,8174,8173,8140,8232,7.934790134429932,False
14,8146,8153,8169,8132,8133,8153,8206,8200,8210,8207,8213,8171,8176,8265,7.941817998886108,False
15,8144,8169,8151,8128,8132,8155,8207,8188,8219,8194,8209,8171,8167,8275,7.949761867523193,False
16,8145,8172,8196,8120,8140,8161,8192,8192,8218,8186,8205,8188,8164,8284,7.957777976989746,False
17,8141,8145,8145,8122,8108,8151,8188,8170,8225,8201,8229,8178,8188,8300,7.965797185897827,False
18,8164,8165,8195,8136,8163,8145,8176,8171,8220,8198,8224,8186,8170,8288,7.973867177963257,False
19,8169,8172,8198,8153,8143,8150,8165,8153,8212,8186,8207,8182,8151,8271,7.981598854064941,False
20,8159,8167,8148,8166,8116,8147,8163,8141,8210,8183,8215,8168,8162,8273,7.989824056625366,False
21,8172,8180,8138,8189,8109,8142,8171,8158,8213,8182,8248,8173,8176,8289,7.997777223587036,False
22,8178,8192,8149,8196,8121,8157,8174,8167,8206,8178,8258,8180,8181,8300,8.00575876235962,False
23,8179,8185,8193,8179,8156,8165,8165,8169,8193,8175,8239,8189,8172,8297,8.012756109237671,False
24,8176,8170,8154,8181,8121,8154,8179,8159,8204,8184,8251,8183,8174,8295,8.020835876464844,False
25,8190,8198,8173,8201,8154,8155,8189,8180,8215,8188,8270,8188,8182,8288,8.028795719146729,False
26,8198,8196,8192,8198,8159,8160,8179,8193,8222,8193,8276,8193,8197,8281,8.036810398101807,False
27,8183,8174,8140,8192,8121,8149,8165,8175,8232,8209,8284,8182,8203,8289,8.044851541519165,False
28,8192,8203,8210,8201,8174,8145,8145,8183,8217,8205,8270,8193,8178,8289,8.052846908569336,False
29,8171,8180,8182,8178,8144,8141,8144,8164,8205,8197,8265,8176,8162,8272,8.060727834701538,False
30,8143,8151,8130,8151,8123,8135,8148,8145,8209,8191,8284,8158,8163,8257,8.068814754486084,False
31,8167,8176,8192,8172,8149,8147,8146,8155,8213,8191,8304,8180,8169,8262,8.075791835784912,False
32,8176,8184,8177,8200,8133,8147,8150,8150,8210,8196,8318,8179,8173,8272,8.083785772323608,False
33,8162,8176,8176,8193,8154,8128,8149,8160,8191,8182,8306,8175,8155,8257,8.091590404510498,False
34,8138,8158,8155,8184,8127,8126,8157,8156,8186,8173,8301,8166,8143,8231,8.099855661392212,False
35,8139,8170,8167,8192,8139,8137,8162,8163,8186,8172,8315,8170,8145,8225,8.10776162147522,False
36,8167,8184,8210,8205,8167,8126,8158,8187,8184,8172,8326,8185,8149,8240,8.115839004516602,False
37,8174,8173,8170,8213,8124,8115,8170,8171,8200,8180,8333,8174,8163,8256,8.123796701431274,False
38,8191,8194,8213,8212,8168,8134,8177,8172,8202,8175,8337,8195,8167,8261,8.131614446640015,True
39,8198,8185,8186,8199,8166,8136,8178,8164,8190,8166,8359,8208,8170,8277,8.139801740646362,True
40,8191,8174,8154,8193,8174,8118,8169,8158,8181,8163,8361,8201,8162,8279,8.146885633468628,True
41,8193,8195,8237,8208,8221,8122,8164,8187,8174,8165,8340,8210,8155,8260,8.154807090759277,True
42,8161,8169,8179,8210,8158,8120,8179,8178,8180,8170,8354,8196,8180,8254,8.162853240966797,True
43,8155,8163,8158,8199,8155,8112,8177,8164,8181,8165,8372,8201,8191,8263,8.17078971862793,True
44,8192,8183,8200,8203,8171,8104,8156,8157,8172,8160,8371,8218,8189,8275,8.17882776260376,True
45,8217,8195,8201,8217,8164,8086,8129,8141,8152,8156,8358,8212,8192,8273,8.186725616455078,True
46,8223,8209,8209,8235,8149,8072,8103,8131,8134,8155,8350,8216,8190,8274,8.19479513168335,True
47,8207,8208,8157,8237,8104,8073,8099,8118,8152,8175,8366,8219,8206,8297,8.202789545059204,True
48,8208,8220,8195,8229,8158,8086,8105,8141,8165,8184,8374,8235,8219,8297,8.209820985794067,True
49,8213,8211,8214,8231,8153,8093,8125,8155,8161,8180,8379,8232,8220,8289,8.217772960662842,True
50,8224,8209,8182,8240,8125,8087,8137,8148,8156,8179,8379,8217,8220,8300,8.225801944732666,True
51,8255,8223,8227,8242,8154,8083,8122,8167,8143,8179,8385,8230,8222,8312,8.233569145202637,True
52,8245,8194,8179,8242,8108,8089,8127,8164,8147,8187,8416,8224,8241,8325,8.241584539413452,True
53,8239,8206,8212,8242,8157,8095,8122,8171,8143,8185,8420,8233,8244,8335,8.249785661697388,True
54,8239,8217,8257,8232,8178,8087,8100,8171,8137,8185,8417,8251,8252,8339,8.257570028305054,True
55,8203,8186,8153,8230,8114,8083,8104,8131,8150,8202,8433,8240,8275,8345,8.265684127807617,True
56,8216,8205,8170,8255,8140,8094,8111,8117,8153,8210,8432,8247,8274,8347,8.273832321166992,True
57,8255,8225,8200,8275,8131,8100,8099,8109,8152,8210,8428,8241,8263,8340,8.280725240707397,True
58,8257,8219,8196,8259,8130,8087,8079,8116,8146,8198,8410,8221,8236,8322,8.288657903671265,True
59,8233,8197,8182,8239,8124,8076,8088,8135,8141,8170,8376,8202,8200,8297,8.29677700996399,True
60,8202,8185,8148,8238,8114,8093,8113,8143,8145,8159,8355,8187,8189,8268,8.304689884185791,True
61,8183,8198,8189,8235,8172,8121,8111,8157,8147,8165,8351,8197,8181,8250,8.312800645828247,True
62,8157,8185,8148,8230,8157,8124,8115,8146,8160,8172,8368,8193,8186,8262,8.320842981338501,True
63,8167,8204,8161,8255,8168,8124,8126,8157,8159,8178,8390,8214,8211,8289,8.328769445419312,True
64,8205,8234,8224,8281,8169,8122,8120,8162,8145,8190,8412,8258,8250,8325,8.336700916290283,True
65,8217,8231,8185,8285,8131,8095,8100,8123,8143,8199,8403,8265,8276,8368,8.343451738357544,True
66,8257,8248,8226,8290,8162,8075,8086,8134,8130,8188,8332,8276,8267,8394,8.351644515991211,True
67,8303,8240,8224,8288,8128,8075,8092,8155,8134,8193,8272,8272,8273,8410,8.35955262184143,True
68,8328,8239,8215,8280,8148,8078,8095,8172,8169,8210,8263,8262,8288,8415,8.367547273635864,True
69,8321,8249,8231,8279,8176,8098,8105,8195,8187,8217,8281,8257,8273,8390,8.375681638717651,True
70,8263,8220,8152,8260,8114,8122,8130,8172,8172,8202,8298,8215,8237,8334,8.38355803489685,True
71,8229,8213,8174,8224,8144,8135,8143,8173,8163,8167,8285,8203,8194,8294,8.3917875289917,True
72,8217,8203,8164,8207,8131,8139,8163,8175,8168,8160,8273,8199,8179,8290,8.399820566177368,True
73,8224,8198,8168,8218,8143,8135,8173,8170,8142,8159,8275,8198,8172,8283,8.407709121704102,True
74,8251,8208,8234,8225,8182,8123,8158,8184,8122,8151,8278,8220,8173,8297,8.414775848388672,True
75,8242,8203,8168,8222,8126,8103,8144,8167,8131,8161,8278,8217,8201,8335,8.422794580459595,True
76,8262,8239,8220,8244,8164,8095,8119,8169,8099,8160,8273,8241,8210,8352,8.430843591690063,True
77,8289,8244,8244,8272,8149,8076,8091,8158,8083,8167,8291,8260,8231,8384,8.438807249069214,True
78,8289,8239,8167,8286,8104,8054,8065,8135,8125,8197,8304,8256,8275,8429,8.446833372116089,True
79,8307,8277,8214,8299,8146,8059,8037,8156,8142,8204,8288,8264,8285,8427,8.454811096191406,True
80,8303,8279,8210,8305,8133,8074,8040,8151,8145,8197,8295,8254,8280,8413,8.462733030319214,True
81,8289,8265,8191,8289,8152,8086,8056,8151,8163,8209,8316,8254,8296,8431,8.46950078010559,True
82,8279,8242,8175,8269,8161,8088,8065,8163,8173,8222,8321,8253,8314,8440,8.477781772613525,True
83,8280,8245,8170,8280,8159,8082,8077,8168,8162,8208,8307,8243,8301,8420,8.485713481903076,True
84,8305,8266,8208,8284,8166,8081,8084,8185,8147,8184,8291,8249,8272,8412,8.493798017501831,True
85,8309,8243,8165,8259,8131,8087,8097,8189,8148,8187,8292,8240,8270,8424,8.50174880027771,True
86,8299,8244,8188,8250,8176,8102,8104,8195,8140,8193,8285,8240,8266,8418,8.509616613388062,True
87,8290,8252,8208,8257,8175,8106,8106,8181,8126,8195,8286,8243,8264,8405,8.517760753631592,True
88,8300,8245,8180,8256,8138,8103,8101,8160,8122,8201,8299,8239,8267,8409,8.525519609451294,True
89,8323,8241,8210,8254,8168,8099,8077,8157,8111,8192,8302,8245,8264,8410,8.533617496490479,True
90,8300,8217,8162,8249,8143,8083,8057,8125,8109,8175,8298,8224,8260,8388,8.540570735931396,True
91,8289,8230,8193,8241,8178,8084,8055,8136,8119,8166,8278,8220,8230,8356,8.548551797866821,True
92,8292,8241,8231,8240,8187,8109,8089,8179,8149,8181,8277,8231,8210,8348,8.556524753570557,True
93,8261,8218,8146,8234,8134,8123,8126,8189,8194,8205,8298,8215,8228,8355,8.564743995666504,True
94,8253,8216,8175,8221,8163,8126,8119,8211,8206,8203,8293,8217,8237,8351,8.572654485702515,True
95,8240,8198,8159,8216,8136,8133,8122,8203,8205,8202,8298,8209,8237,8354,8.580527067184448,True
96,8245,8220,8201,8234,8190,8145,8119,8203,8191,8197,8313,8228,8224,8354,8.588776588439941,True
97,8278,8237,8267,8257,8204,8143,8102,8203,8162,8183,8320,8253,8218,8351,8.596657991409302,True
98,8279,8207,8179,8254,8118,8128,8112,8159,8138,8181,8338,8234,8246,8363,8.603640079498291,True
99,8298,8229,8216,8247,8169,8126,8120,8156,8119,8179,8355,8250,8253,8380,8.612734079360962,True
100,8305,8223,8190,8252,8139,8120,8117,8140,8122,8181,8366,8244,8240,8390,8.619664192199707,True
101,8283,8208,8142,8245,8118,8110,8101,8124,8122,8172,8356,8213,8223,8370,8.627640962600708,True
102,8275,8223,8215,8225,8166,8122,8102,8147,8103,8160,8334,8215,8201,8335,8.635683536529541,True
103,8267,8206,8181,8215,8143,8143,8138,8140,8103,8166,8327,8204,8191,8328,8.643542051315308,True
104,8268,8200,8159,8218,8152,8153,8162,8144,8115,8165,8332,8202,8191,8341,8.651538133621216,True
105,8249,8193,8171,8218,8154,8155,8168,8161,8124,8160,8346,8203,8187,8334,8.659545421600342,True
106,8208,8170,8172,8191,8155,8155,8169,8168,8123,8155,8335,8194,8167,8300,8.667666673660278,True
107,8191,8151,8141,8168,8129,8157,8172,8171,8130,8159,8330,8189,8166,8284,8.6746084690094,True
108,8201,8157,8126,8173,8124,8159,8172,8172,8149,8165,8350,8191,8181,8298,8.682910442352295,True
109,8232,8178,8206,8180,8168,8150,8160,8180,8144,8155,8345,8215,8176,8315,8.690772294998169,True
110,8241,8175,8178,8183,8119,8142,8161,8157,8135,8154,8352,8223,8192,8335,8.698799848556519,True
111,8247,8194,8166,8197,8144,8149,8155,8141,8130,8166,8377,8225,8213,8336,8.706801176071167,True
112,8261,8212,8235,8201,8203,8141,8134,8139,8118,8172,8383,8229,8205,8323,8.714802742004395,True
113,8241,8201,8170,8191,8156,8122,8136,8112,8121,8177,8387,8208,8212,8334,8.722811222076416,True
114,8238,8230,8195,8200,8211,8139,8142,8128,8118,8166,8392,8218,8211,8341,8.730810403823853,True
115,8242,8220,8217,8203,8204,8163,8148,8146,8120,8162,8387,8217,8197,8322,8.737752676010132,True
116,8215,8186,8134,8184,8135,8169,8171,8152,8152,8171,8380,8183,8191,8296,8.745831489562988,True
117,8200,8197,8158,8164,8185,8173,8192,8190,8182,8162,8381,8178,8174,8280,8.753807067871094,True
118,8174,8178,8153,8136,8192,8171,8211,8207,8200,8154,8389,8168,8161,8276,8.761599779129028,True
119,8154,8157,8151,8112,8174,8170,8224,8221,8204,8158,8376,8173,8157,8262,8.769795417785645,True
120,8154,8155,8151,8110,8137,8170,8234,8227,8214,8173,8386,8188,8174,8267,8.777846813201904,True
121,8180,8182,8156,8122,8138,8157,8219,8217,8227,8189,8425,8200,8209,8310,8.785590648651123,True
122,8241,8223,8222,8146,8191,8139,8177,8217,8217,8192,8437,8226,8229,8344,8.793838500976562,True
123,8265,8211,8186,8160,8163,8110,8149,8190,8199,8192,8433,8225,8238,8347,8.800643682479858,True
124,8269,8216,8202,8148,8185,8087,8121,8179,8172,8184,8426,8229,8230,8354,8.808921098709106,True
125,8263,8214,8194,8141,8169,8085,8110,8165,8157,8178,8435,8226,8228,8368,8.816768169403076,True
126,8243,8192,8140,8156,8158,8097,8123,8145,8169,8187,8450,8206,8226,8351,8.82485842704773,True
127,8245,8206,8244,8148,8240,8117,8126,8180,8173,8179,8427,8222,8195,8312,8.832769870758057,True
237,8198,8172,8196,8100,8174,8128,8130,8160,8167,8153,8392,8193,8163,8273,8.840780019760132,True
0,8148,8138,8093,8071,8131,8136,8135,8116,8152,8131,8363,8141,8124,8232,8.848755359649658,True
1,8159,8141,8126,8076,8169,8155,8145,8133,8144,8132,8356,8148,8105,8220,8.856836557388306,True
2,8160,8142,8139,8077,8171,8180,8162,8160,8164,8151,8389,8171,8134,8228,8.863595247268677,True
3,8167,8158,8182,8082,8205,8201,8169,8186,8176,8159,8423,8189,8161,8244,8.871874809265137,True
4,8174,8147,8159,8090,8168,8199,8167,8174,8174,8164,8437,8177,8175,8272,8.879622220993042,True
5,8180,8160,8147,8099,8163,8184,8147,8163,8174,8180,8441,8176,8186,8295,8.887618780136108,True
6,8201,8198,8176,8134,8178,8180,8140,8178,8191,8202,8474,8200,8216,8314,8.8956880569458,True
7,8206,8206,8152,8160,8163,8177,8146,8174,8212,8216,8502,8205,8247,8337,8.903961420059204,True
8,8204,8204,8187,8136,8190,8162,8126,8176,8195,8206,8476,8201,8237,8336,8.911637544631958,True
9,8185,8179,8137,8117,8126,8139,8118,8154,8173,8200,8449,8163,8212,8312,8.919543504714966,True
10,8183,8196,8142,8127,8151,8140,8132,8152,8168,8196,8435,8153,8191,8285,8.927581787109375,True
11,8186,8207,8224,8113,8222,8166,8150,8172,8169,8188,8418,8172,8167,8266,8.934692859649658,False
12,8137,8151,8128,8097,8146,8181,8169,8140,8174,8192,8404,8133,8155,8251,8.942793846130371,False
13,8107,8144,8105,8099,8145,8192,8175,8137,8162,8187,8370,8107,8134,8232,8.950542211532593,False
14,8106,8166,8132,8095,8173,8209,8187,8161,8166,8179,8348,8105,8114,8227,8.958520412445068,False
15,8099,8163,8122,8085,8186,8219,8199,8184,8191,8183,8351,8093,8111,8229,8.96666932106018,False
16,8094,8146,8128,8072,8176,8204,8200,8195,8206,8190,8362,8097,8120,8230,8.974678039550781,False
17,8100,8138,8095,8057,8144,8183,8204,8175,8209,8196,8380,8104,8134,8248,8.982657194137573,False
18,8147,8188,8194,8074,8235,8182,8188,8188,8180,8178,8370,8127,8116,8253,8.99074411392212,False
19,8142,8174,8192,8083,8206,8172,8176,8173,8163,8170,8366,8116,8103,8240,8.997658967971802,False
20,8083,8116,8091,8043,8135,8160,8183,8141,8175,8176,8386,8094,8110,8230,9.005654096603394,False
21,8079,8117,8136,8022,8167,8176,8191,8171,8184,8168,8380,8112,8092,8214,9.01365876197815,False
22,8068,8118,8107,8033,8139,8198,8209,8187,8208,8171,8366,8095,8071,8188,9.02177596092224,False
23,8054,8120,8119,8021,8173,8212,8229,8202,8225,8170,8357,8084,8051,8169,9.029835224151611,False
24,8063,8110,8157,8008,8178,8223,8252,8219,8227,8162,8357,8098,8039,8166,9.037598848342896,False
25,8060,8099,8106,8025,8119,8219,8267,8207,8231,8162,8375,8098,8057,8173,9.045803785324097,False
26,8079,8128,8122,8052,8135,8201,8251,8193,8220,8166,8401,8109,8082,8189,9.05380892753601,False
27,8100,8141,8143,8063,8163,8189,8234,8174,8198,8170,8416,8112,8086,8205,9.061562061309814,False
28,8120,8147,8177,8070,8186,8199,8221,8182,8184,8166,8415,8126,8080,8218,9.068787574768066,False
29,8130,8152,8156,8090,8139,8204,8221,8192,8213,8181,8444,8139,8107,8235,9.076821088790894,False
30,8116,8154,8126,8093,8146,8195,8236,8193,8251,8204,8464,8132,8121,8231,9.08478546142578,False
31,8098,8146,8175,8058,8200,8202,8247,8204,8246,8192,8436,8123,8090,8206,9.092692613601685,False
32,8067,8105,8117,8020,8123,8210,8261,8176,8230,8170,8425,8094,8076,8196,9.100744724273682,False
33,8059,8098,8115,8018,8134,8209,8268,8167,8226,8161,8428,8095,8061,8187,9.108815670013428,False
34,8063,8093,8155,8019,8193,8207,8277,8182,8236,8165,8425,8107,8040,8177,9.116787910461426,False
35,8050,8078,8114,8010,8178,8212,8291,8180,8248,8170,8431,8093,8037,8171,9.124818563461304,False
36,8053,8097,8165,8009,8183,8223,8285,8198,8240,8160,8436,8102,8031,8152,9.13178825378418,False
37,8044,8089,8151,8006,8131,8224,8287,8195,8242,8162,8447,8107,8038,8148,9.13957953453064,False
38,8050,8097,8124,8016,8131,8229,8295,8193,8252,8175,8465,8112,8051,8163,9.147820234298706,False
39,8081,8115,8153,8034,8149,8240,8297,8203,8253,8182,8496,8126,8067,8177,9.155795574188232,False
40,8091,8100,8134,8033,8125,8229,8295,8188,8250,8184,8521,8126,8091,8196,9.1636381149292,False
41,8102,8124,8182,8031,8172,8216,8267,8190,8239,8185,8509,8140,8089,8209,9.171809434890749,False
42,8087,8141,8164,8050,8166,8222,8255,8183,8246,8189,8499,8134,8085,8208,9.179749488830566,False
43,8081,8135,8145,8061,8175,8242,8275,8185,8273,8188,8511,8125,8097,8204,9.187696933746338,False
44,8102,8115,8165,8040,8171,8251,8284,8196,8274,8185,8527,8126,8093,8200,9.194823026657104,False
45,8076,8094,8101,8015,8120,8247,8279,8175,8258,8180,8517,8100,8073,8186,9.202791213989258,False
46,8050,8106,8137,8008,8167,8256,8281,8186,8248,8162,8480,8097,8043,8163,9.21078109741211,False
47,8049,8092,8136,8011,8144,8268,8303,8192,8255,8157,8483,8103,8040,8160,9.218807458877563,False
48,8053,8096,8116,8022,8135,8266,8296,8180,8251,8160,8503,8110,8048,8164,9.226806163787842,False
49,8062,8118,8180,8031,8193,8253,8260,8185,8230,8160,8506,8127,8051,8164,9.234787940979004,False
50,8057,8100,8146,8036,8161,8246,8257,8169,8237,8177,8528,8121,8075,8177,9.242763996124268,False
51,8079,8113,8147,8045,8168,8248,8256,8168,8248,8191,8547,8131,8093,8196,9.250482559204102,False
52,8091,8132,8146,8062,8157,8239,8247,8164,8234,8181,8546,8128,8099,8196,9.25869870185852,False
53,8076,8137,8132,8071,8152,8228,8234,8154,8213,8161,8531,8116,8084,8173,9.265724420547484,False
54,8085,8137,8179,8065,8189,8228,8230,8177,8219,8162,8525,8136,8079,8173,9.273675203323364,False
55,8071,8115,8133,8050,8170,8231,8247,8178,8238,8181,8544,8127,8099,8189,9.28181505203247,False
56,8056,8131,8164,8052,8202,8232,8236,8176,8215,8171,8547,8118,8085,8166,9.289524793624878,False
57,8071,8144,8180,8075,8171,8231,8222,8167,8204,8166,8560,8124,8079,8166,9.297691106796265,False
58,8095,8151,8143,8101,8147,8221,8226,8163,8224,8185,8581,8132,8111,8203,9.305793046951294,False
59,8120,8185,8212,8121,8208,8213,8218,8183,8215,8184,8564,8155,8111,8211,9.313594818115234,False
60,8104,8166,8162,8118,8167,8208,8212,8154,8201,8172,8564,8138,8101,8208,9.321635246276855,False
61,8093,8156,8141,8102,8171,8208,8212,8151,8204,8170,8575,8127,8100,8210,9.328611850738524,False
62,8096,8159,8175,8092,8172,8213,8221,8176,8214,8181,8573,8139,8104,8209,9.33647918701172,False
63,8096,8143,8138,8104,8145,8220,8229,8172,8229,8191,8585,8137,8129,8216,9.344703197479248,False
64,8116,8151,8163,8117,8165,8221,8220,8174,8228,8184,8590,8135,8135,8216,9.35261607170105,False
65,8099,8142,8139,8098,8125,8211,8213,8156,8223,8187,8567,8117,8112,8198,9.360506057739258,False
66,8086,8148,8158,8090,8160,8214,8203,8156,8212,8181,8553,8129,8097,8188,9.36861491203308,False
67,8102,8156,8170,8114,8163,8219,8197,8160,8203,8168,8579,8147,8111,8203,9.376598119735718,False
68,8096,8149,8118,8123,8121,8214,8206,8143,8206,8182,8597,8136,8118,8211,9.38453483581543,False
69,8105,8157,8170,8112,8175,8211,8211,8160,8211,8198,8595,8150,8123,8215,9.39268946647644,False
70,8118,8143,8146,8114,8147,8199,8211,8167,8232,8197,8613,8149,8153,8236,9.399482488632202,False
71,8130,8154,8165,8116,8161,8193,8199,8178,8229,8190,8597,8151,8141,8238,9.40758180618286,False
72,8125,8144,8216,8098,8182,8195,8193,8178,8193,8182,8563,8154,8101,8216,9.415560960769652,False
73,8089,8114,8128,8092,8128,8186,8192,8134,8172,8167,8561,8116,8099,8203,9.423750877380373,False
74,8101,8151,8151,8113,8168,8190,8186,8138,8164,8157,8559,8115,8101,8201,9.431632041931152,False
75,8121,8162,8168,8126,8168,8209,8207,8152,8167,8172,8570,8133,8105,8208,9.439518690109251,False
76,8107,8144,8136,8114,8142,8209,8220,8140,8167,8174,8573,8131,8101,8208,9.447588682174684,False
77,8088,8143,8147,8095,8142,8201,8205,8140,8166,8158,8552,8121,8087,8195,9.455596446990969,False
78,8083,8143,8135,8103,8145,8207,8206,8149,8176,8163,8562,8120,8088,8197,9.462664365768433,False
79,8112,8158,8189,8129,8201,8212,8210,8180,8183,8173,8594,8148,8096,8207,9.470566987991331,False
80,8117,8145,8170,8120,8177,8197,8209,8177,8200,8181,8616,8147,8117,8218,9.478665590286257,False
81,8117,8157,8154,8102,8166,8184,8194,8167,8205,8176,8611,8140,8130,8229,9.486672639846802,False
82,8138,8180,8187,8120,8177,8184,8182,8172,8187,8166,8613,8150,8134,8239,9.494590759277344,False
83,8130,8167,8132,8139,8149,8193,8194,8157,8182,8171,8632,8135,8139,8238,9.50257921218872,False
84,8136,8193,8187,8138,8208,8201,8196,8166,8178,8168,8626,8148,8126,8235,9.510577917099,False
85,8137,8194,8195,8140,8174,8187,8187,8156,8177,8175,8627,8159,8134,8248,9.518706560134888,False
86,8118,8168,8133,8140,8135,8173,8175,8139,8194,8191,8631,8147,8155,8248,9.526656150817873,False
87,8120,8179,8170,8143,8191,8176,8170,8157,8204,8187,8615,8147,8143,8235,9.533601760864258,False
88,8108,8177,8141,8145,8163,8182,8183,8155,8206,8181,8617,8135,8139,8238,9.54164433479309,False
89,8106,8178,8144,8141,8164,8190,8189,8165,8209,8188,8635,8145,8153,8245,9.549645900726318,False
90,8117,8180,8151,8137,8164,8189,8186,8168,8210,8194,8640,8154,8157,8248,9.557613849639893,False
91,8126,8182,8153,8133,8175,8181,8186,8155,8190,8180,8623,8141,8137,8247,9.565592288970947,False
92,8146,8184,8199,8144,8198,8190,8196,8168,8179,8174,8618,8148,8130,8257,9.57365107536316,False
93,8141,8171,8139,8159,8139,8196,8207,8161,8197,8188,8648,8146,8160,8277,9.581607818603516,False
94,8142,8189,8162,8138,8176,8186,8184,8163,8190,8171,8643,8148,8154,8263,9.588772773742676,False
95,8135,8177,8173,8120,8185,8178,8157,8153,8176,8158,8620,8134,8131,8239,9.596757650375366,False
96,8120,8162,8127,8145,8169,8179,8154,8140,8190,8181,8619,8119,8143,8242,9.604770183563232,False
97,8157,8200,8223,8165,8218,8186,8156,8186,8201,8190,8617,8157,8156,8254,9.612812280654907,False
98,8165,8182,8183,8149,8158,8189,8164,8187,8213,8196,8619,8153,8169,8259,9.62072253227234,False
99,8134,8146,8105,8136,8146,8195,8168,8161,8216,8201,8620,8125,8169,8246,9.62879490852356,False
100,8128,8146,8136,8144,8164,8208,8184,8174,8216,8199,8622,8135,8162,8240,9.636757135391235,False
101,8136,8153,8153,8145,8150,8214,8209,8182,8225,8199,8618,8143,8161,8247,9.64472508430481,False
102,8145,8156,8172,8143,8168,8212,8203,8178,8217,8189,8610,8145,8156,8245,9.652771711349487,False
103,8133,8145,8121,8153,8135,8211,8204,8160,8210,8187,8622,8135,8166,8244,9.659793376922607,False
104,8138,8172,8158,8156,8178,8215,8218,8174,8211,8197,8631,8146,8170,8252,9.667546510696411,False
105,8153,8173,8200,8131,8188,8214,8218,8191,8210,8198,8627,8154,8171,8255,9.675658464431764,False
106,8141,8142,8134,8117,8130,8205,8215,8184,8219,8198,8613,8138,8175,8249,9.683768033981323,False
107,8147,8163,8174,8144,8176,8206,8221,8199,8229,8205,8596,8149,8168,8247,9.691644430160522,False
108,8144,8161,8160,8148,8183,8215,8242,8192,8247,8209,8607,8142,8171,8245,9.699639320373535,False
109,8132,8149,8141,8129,8190,8213,8231,8182,8242,8192,8601,8126,8158,8226,9.707639455795288,False
110,8128,8147,8170,8115,8204,8202,8199,8174,8213,8184,8573,8128,8138,8213,9.715493440628052,False
111,8127,8149,8135,8119,8179,8202,8186,8142,8199,8190,8581,8132,8154,8227,9.72279977798462,False
112,8163,8190,8187,8152,8213,8213,8166,8141,8179,8175,8597,8154,8160,8239,9.730823040008543,False
113,8163,8180,8180,8157,8189,8200,8152,8136,8158,8166,8574,8137,8137,8230,9.738826274871826,False
114,8143,8161,8151,8135,8184,8181,8151,8139,8152,8167,8552,8122,8113,8213,9.746696949005129,False
115,8156,8185,8185,8143,8195,8183,8149,8160,8161,8158,8567,8152,8117,8221,9.754583835601808,False
116,8154,8187,8152,8160,8160,8183,8153,8149,8179,8156,8578,8152,8141,8240,9.76258111000061,False
117,8170,8193,8201,8155,8221,8189,8158,8169,8190,8161,8561,8151,8139,8238,9.770678997039797,False
118,8175,8183,8189,8152,8208,8196,8170,8179,8210,8172,8577,8151,8144,8248,9.778584480285645,False
119,8149,8174,8142,8149,8174,8194,8176,8168,8219,8174,8585,8138,8153,8248,9.786599397659302,False
120,8147,8168,8181,8127,8196,8203,8177,8171,8204,8166,8562,8136,8139,8220,9.793561697006226,False
121,8151,8139,8138,8126,8182,8213,8182,8156,8208,8170,8564,8124,8141,8219,9.801660299301147,False
122,8152,8159,8172,8139,8228,8211,8167,8173,8206,8163,8557,8139,8137,8227,9.809680223464966,False
123,8138,8169,8186,8131,8191,8199,8162,8172,8185,8152,8553,8143,8129,8213,9.817691802978516,False
124,8123,8152,8134,8128,8152,8200,8173,8154,8183,8160,8567,8130,8139,8210,9.82565689086914,False
125,8129,8164,8163,8139,8184,8217,8169,8172,8195,8163,8562,8145,8147,8228,9.833740234375,False
126,8121,8169,8147,8139,8145,8213,8165,8162,8196,8162,8544,8142,8145,8232,9.84160828590393,False
127,8126,8168,8166,8125,8173,8203,8166,8160,8179,8157,8529,8142,8135,8221,9.849613428115845,False
237,8135,8144,8158,8127,8165,8203,8168,8170,8182,8150,8531,8145,8136,8238,9.856761455535889,False
0,8139,8145,8136,8147,8132,8208,8167,8173,8202,8166,8552,8149,8159,8263,9.864797830581663,False
1,8146,8172,8186,8146,8183,8217,8171,8187,8211,8188,8566,8156,8179,8249,9.872657299041748,False
2,8115,8151,8132,8119,8183,8225,8183,8172,8212,8187,8553,8127,8176,8221,9.880627393722534,False
3,8116,8143,8144,8117,8195,8232,8169,8173,8198,8170,8530,8131,8156,8220,9.888726234436035,False
4,8140,8154,8181,8150,8161,8227,8158,8177,8195,8171,8548,8146,8166,8238,9.896682739257812,False
5,8129,8161,8152,8160,8152,8220,8171,8161,8203,8178,8564,8136,8174,8237,9.904582977294922,False
6,8145,8178,8201,8144,8203,8217,8173,8164,8190,8168,8536,8154,8145,8233,9.91251015663147,False
7,8169,8169,8171,8149,8143,8203,8170,8143,8182,8158,8525,8159,8145,8250,9.919526100158691,False
8,8176,8180,8166,8175,8146,8196,8156,8127,8165,8144,8531,8161,8164,8262,9.927505254745483,False
9,8180,8187,8195,8168,8159,8205,8144,8128,8139,8138,8537,8173,8164,8269,9.935437202453612,False
10,8175,8178,8160,8152,8140,8214,8154,8133,8149,8147,8536,8167,8165,8279,9.943494081497192,False
11,8172,8189,8193,8170,8194,8214,8155,8175,8163,8145,8520,8165,8170,8269,9.951547384262083,False
12,8131,8146,8122,8148,8144,8203,8160,8177,8163,8146,8514,8138,8169,8242,9.959669828414915,False
13,8115,8128,8123,8107,8154,8205,8170,8187,8170,8151,8498,8131,8150,8228,9.967568635940552,False
14,8136,8141,8193,8119,8197,8214,8175,8211,8191,8157,8483,8141,8148,8230,9.97555375099182,False
15,8113,8111,8114,8125,8149,8204,8182,8184,8196,8163,8483,8116,8159,8214,9.983494997024536,False
16,8109,8121,8171,8107,8198,8197,8183,8193,8184,8154,8462,8128,8135,8192,9.990514039993286,False
17,8109,8116,8188,8119,8185,8206,8202,8198,8213,8164,8460,8141,8140,8203,9.998600959777832,False
18,8102,8114,8131,8143,8171,8218,8212,8181,8233,8172,8477,8138,8164,8214,10.006607055664062,False
19,8126,8143,8182,8143,8219,8227,8204,8193,8208,8158,8459,8153,8150,8220,10.01454734802246,False
20,8142,8136,8176,8157,8184,8228,8222,8186,8213,8160,8444,8146,8137,8237,10.022640228271484,False
21,8160,8147,8166,8195,8173,8222,8230,8166,8223,8166,8459,8149,8147,8237,10.030604362487791,False
22,8168,8164,8145,8212,8166,8216,8215,8139,8206,8166,8486,8159,8168,8238,10.03878402709961,False
23,8190,8183,8194,8211,8203,8215,8191,8130,8179,8161,8490,8179,8177,8264,10.04674744606018,False
24,8231,8195,8249,8219,8218,8209,8173,8129,8156,8160,8493,8200,8189,8296,10.053792476654053,False
25,8224,8179,8163,8230,8160,8200,8162,8106,8153,8166,8497,8178,8206,8305,10.06177568435669,False
26,8217,8189,8193,8229,8206,8204,8134,8129,8152,8164,8475,8172,8193,8291,10.069740533828735,False
27,8215,8178,8198,8222,8195,8199,8126,8150,8164,8180,8480,8171,8201,8295,10.077638149261476,False
28,8197,8166,8149,8218,8179,8184,8129,8157,8176,8196,8486,8164,8222,8301,10.085775375366213,False
29,8183,8166,8199,8193,8221,8180,8124,8182,8172,8189,8450,8170,8198,8283,10.093592405319214,False
30,8156,8137,8157,8146,8182,8178,8138,8174,8178,8191,8442,8145,8186,8268,10.101730346679688,False
31,8150,8131,8126,8140,8187,8178,8153,8173,8183,8195,8449,8133,8194,8264,10.109723091125488,False
32,8136,8121,8095,8156,8175,8180,8160,8169,8192,8188,8431,8126,8184,8251,10.116798400878906,False
33,8123,8125,8131,8141,8211,8186,8155,8180,8197,8180,8406,8128,8157,8235,10.12472677230835,False
34,8157,8159,8272,8139,8277,8193,8152,8226,8195,8176,8399,8165,8142,8236,10.132711172103882,False
35,8139,8134,8172,8153,8163,8176,8172,8192,8206,8184,8406,8147,8152,8241,10.140665054321287,False
36,8093,8105,8043,8153,8106,8153,8179,8136,8206,8175,8395,8106,8144,8225,10.148784637451172,False
37,8119,8130,8130,8165,8184,8149,8163,8151,8183,8149,8381,8116,8127,8217,10.156816482543944,False
38,8178,8170,8240,8193,8246,8151,8147,8186,8164,8143,8384,8150,8124,8234,10.164818525314333,False
39,8185,8166,8191,8205,8180,8141,8145,8173,8171,8157,8401,8157,8141,8257,10.172788858413696,False
40,8150,8142,8070,8208,8096,8131,8148,8140,8191,8171,8436,8136,8178,8270,10.179792165756226,False
41,8179,8200,8231,8215,8254,8145,8133,8193,8178,8163,8431,8174,8174,8259,10.187756299972534,False
42,8199,8200,8290,8207,8264,8155,8138,8212,8162,8161,8414,8189,8158,8257,10.195582628250122,False
43,8160,8140,8114,8195,8130,8150,8169,8165,8179,8178,8429,8148,8182,8275,10.20376467704773,False
44,8166,8168,8172,8196,8202,8148,8159,8185,8176,8177,8424,8157,8191,8270,10.21182346343994,False
45,8162,8161,8178,8184,8186,8138,8143,8174,8167,8173,8401,8153,8175,8253,10.21954345703125,False
46,8133,8128,8124,8163,8156,8133,8140,8150,8170,8164,8377,8138,8152,8244,10.227883100509644,False
47,8154,8145,8210,8167,8215,8142,8141,8189,8183,8160,8380,8161,8153,8254,10.234827041625977,False
48,8178,8154,8183,8194,8191,8151,8161,8188,8205,8179,8403,8163,8183,8278,10.243901014328005,False
49,8176,8156,8125,8199,8164,8155,8166,8161,8200,8184,8398,8154,8182,8280,10.250776529312134,False
50,8167,8149,8124,8184,8158,8154,8158,8155,8187,8186,8393,8149,8164,8278,10.258821487426758,False
51,8189,8164,8184,8191,8205,8154,8154,8177,8187,8187,8395,8160,8169,8292,10.266817808151243,False
52,8195,8161,8154,8205,8182,8152,8161,8168,8185,8182,8395,8154,8189,8298,10.274829387664797,False
53,8177,8156,8125,8206,8187,8151,8162,8157,8175,8180,8398,8143,8194,8289,10.282785654067991,False
54,8221,8200,8304,8204,8310,8167,8152,8220,8167,8182,8391,8184,8181,8293,10.290761709213257,False
55,8219,8167,8245,8193,8218,8178,8172,8216,8174,8188,8388,8168,8196,8308,10.297590255737305,False
56,8149,8110,8048,8172,8112,8162,8187,8158,8163,8184,8374,8111,8192,8287,10.305569410324097,False
57,8129,8115,8056,8165,8157,8152,8172,8156,8153,8177,8358,8111,8159,8261,10.313823461532593,False
58,8143,8131,8130,8156,8215,8166,8163,8189,8173,8174,8353,8131,8152,8266,10.321584701538086,False
59,8164,8155,8284,8134,8303,8181,8162,8241,8174,8161,8327,8169,8139,8267,10.32964539527893,False
60,8150,8124,8243,8131,8210,8184,8176,8224,8182,8163,8321,8162,8132,8262,10.33775806427002,False
61,8124,8092,8050,8154,8078,8185,8196,8162,8216,8182,8350,8122,8152,8271,10.345593452453612,False
62,8156,8133,8094,8172,8149,8197,8207,8169,8221,8183,8368,8146,8166,8281,10.353806734085085,False
63,8196,8165,8221,8174,8232,8207,8217,8200,8208,8173,8362,8182,8160,8284,10.361793041229248,False
64,8198,8158,8231,8181,8222,8209,8210,8206,8208,8169,8343,8177,8150,8281,10.369782209396362,False
65,8174,8137,8155,8184,8168,8202,8184,8175,8208,8171,8326,8155,8157,8278,10.377803325653076,False
66,8176,8151,8169,8188,8202,8183,8140,8134,8169,8160,8315,8157,8153,8267,10.38480830192566,False
67,8199,8172,8223,8200,8223,8164,8101,8123,8126,8153,8329,8167,8144,8272,10.392806768417358,False
68,8182,8143,8132,8190,8149,8150,8099,8115,8127,8166,8343,8142,8157,8288,10.4007830619812,False
69,8170,8144,8160,8166,8199,8142,8107,8136,8123,8160,8301,8138,8142,8264,10.40878701210022,False
70,8158,8142,8185,8161,8198,8137,8137,8161,8121,8153,8276,8135,8121,8235,10.416792392730711,False
71,8130,8118,8122,8174,8158,8151,8172,8183,8146,8162,8298,8124,8137,8238,10.424561500549316,False
72,8140,8133,8214,8164,8239,8164,8174,8230,8156,8159,8296,8155,8147,8242,10.432613849639893,False
73,8145,8124,8196,8148,8198,8150,8180,8223,8173,8166,8287,8152,8153,8247,10.440811395645142,False
74,8126,8112,8099,8159,8127,8154,8190,8202,8200,8182,8290,8127,8150,8253,10.44775128364563,False
75,8110,8111,8076,8174,8123,8180,8188,8190,8220,8186,8298,8133,8152,8258,10.4556303024292,False
76,8149,8150,8189,8186,8227,8189,8168,8200,8231,8188,8309,8174,8170,8274,10.46360993385315,False
77,8224,8189,8318,8199,8286,8185,8148,8224,8216,8193,8311,8212,8178,8301,10.47156810760498,False
78,8198,8130,8150,8184,8130,8168,8160,8159,8197,8195,8312,8166,8194,8317,10.47972583770752,False
79,8181,8136,8156,8171,8185,8167,8149,8149,8178,8178,8302,8163,8193,8316,10.48778510093689,False
80,8230,8170,8300,8177,8269,8202,8130,8205,8173,8174,8306,8206,8186,8326,10.49584460258484,False
81,8213,8119,8130,8167,8111,8213,8153,8164,8196,8202,8320,8162,8207,8330,10.503812313079834,False
82,8200,8118,8074,8167,8120,8199,8160,8136,8199,8208,8308,8141,8215,8313,10.511821985244753,False
83,8239,8159,8227,8184,8234,8198,8130,8175,8182,8195,8298,8177,8206,8312,10.518793106079102,False
84,8242,8154,8200,8181,8181,8192,8121,8172,8178,8193,8294,8175,8211,8328,10.526797533035278,False
85,8224,8156,8111,8179,8129,8177,8134,8144,8183,8192,8290,8158,8223,8334,10.534805059432983,False
86,8224,8188,8197,8195,8215,8180,8137,8172,8176,8186,8287,8169,8208,8315,10.542822122573853,False
87,8206,8179,8232,8196,8217,8185,8137,8189,8160,8185,8280,8165,8187,8289,10.55052900314331,False
88,8162,8131,8067,8188,8101,8170,8152,8135,8169,8196,8278,8126,8193,8289,10.558615446090698,False
89,8194,8170,8178,8186,8224,8175,8144,8171,8179,8187,8258,8163,8179,8294,10.56678295135498,False
90,8229,8190,8313,8183,8265,8189,8144,8221,8184,8181,8250,8198,8167,8296,10.574567794799805,False
91,8171,8136,8112,8182,8113,8179,8173,8158,8195,8194,8267,8144,8188,8295,10.581820249557495,False
92,8162,8160,8160,8187,8206,8181,8163,8155,8177,8182,8257,8150,8173,8279,10.589834213256836,False
93,8167,8154,8220,8184,8212,8188,8156,8168,8176,8174,8249,8161,8156,8269,10.597621440887451,False
94,8121,8110,8063,8169,8101,8183,8178,8134,8204,8188,8257,8120,8170,8268,10.60583758354187,False
95,8136,8146,8139,8168,8185,8184,8170,8157,8196,8183,8247,8136,8164,8259,10.613824129104614,False
96,8162,8158,8220,8189,8216,8187,8156,8167,8172,8177,8245,8159,8165,8259,10.624705791473389,False
97,8145,8132,8124,8207,8145,8185,8172,8140,8177,8189,8263,8147,8189,8275,10.629817962646484,False
98,8152,8144,8085,8211,8134,8184,8196,8146,8209,8205,8283,8150,8211,8300,10.637812852859495,False
99,8196,8185,8197,8207,8216,8187,8184,8185,8210,8200,8275,8177,8209,8311,10.6448872089386,False
100,8183,8169,8186,8183,8196,8183,8166,8183,8183,8190,8248,8163,8193,8292,10.652759313583374,False
101,8135,8129,8109,8167,8165,8167,8167,8165,8168,8181,8229,8130,8176,8260,10.660827398300173,False
102,8157,8150,8260,8146,8283,8154,8161,8206,8159,8163,8201,8161,8150,8247,10.66881227493286,False
103,8154,8121,8208,8043,8197,8142,8176,8188,8178,8172,8210,8156,8161,8267,10.676759243011476,False
104,8127,8102,8077,7945,8118,8137,8179,8144,8188,8180,8228,8121,8169,8270,10.684816598892212,False
105,8168,8157,8254,7953,8256,8139,8147,8188,8154,8155,8193,8157,8128,8243,10.69280767440796,False
106,8174,8132,8228,8006,8197,8121,8154,8180,8158,8156,8181,8158,8126,8250,10.700757265090942,False
107,8144,8099,8051,8069,8109,8105,8175,8135,8190,8174,8202,8121,8158,8279,10.707813262939451,False
108,8161,8147,8119,8134,8203,8121,8155,8153,8176,8164,8186,8134,8149,8269,10.715787410736084,False
109,8182,8189,8223,8178,8246,8141,8140,8163,8142,8156,8175,8163,8137,8252,10.723659753799438,False
110,8180,8175,8174,8204,8177,8144,8146,8138,8146,8174,8211,8169,8167,8279,10.731690883636476,False
111,8174,8148,8095,8206,8139,8141,8136,8119,8167,8191,8232,8157,8193,8308,10.739818096160889,False
112,8188,8166,8182,8188,8209,8147,8105,8146,8163,8195,8211,8176,8189,8302,10.747822761535645,False
113,8187,8161,8179,8199,8170,8148,8104,8141,8161,8199,8215,8179,8202,8307,10.755804300308228,False
114,8187,8173,8157,8221,8193,8148,8116,8141,8164,8192,8212,8168,8201,8318,10.76385235786438,False
115,8224,8211,8314,8209,8318,8146,8110,8208,8150,8174,8175,8196,8168,8306,10.771778106689451,False
116,8190,8149,8207,8176,8182,8125,8126,8191,8160,8182,8174,8166,8176,8301,10.778682947158812,False
117,8148,8109,8051,8162,8104,8123,8151,8146,8183,8185,8178,8127,8184,8307,10.786766052246094,False
118,8181,8135,8109,8167,8174,8156,8163,8165,8193,8182,8176,8150,8184,8315,10.794809341430664,False
119,8207,8148,8160,8175,8209,8174,8164,8184,8200,8196,8187,8171,8196,8315,10.802777767181396,False
120,8237,8188,8301,8184,8303,8170,8148,8223,8186,8185,8170,8203,8177,8304,10.81079125404358,False
121,8241,8175,8261,8194,8228,8163,8166,8213,8191,8178,8169,8191,8173,8314,10.81879734992981,False
122,8203,8125,8069,8193,8107,8168,8199,8163,8215,8196,8194,8146,8201,8324,10.826591968536375,False
123,8185,8127,8073,8181,8143,8178,8193,8151,8205,8194,8193,8148,8210,8311,10.834787607192991,False
124,8205,8175,8216,8182,8249,8174,8166,8177,8179,8184,8176,8183,8204,8307,10.841774225234984,False
125,8242,8210,8341,8202,8294,8173,8151,8214,8171,8182,8167,8217,8197,8315,10.849623918533323,False
126,8207,8148,8165,8198,8120,8167,8161,8163,8190,8186,8188,8172,8210,8317,10.857738256454468,False
127,8180,8146,8096,8190,8128,8153,8144,8136,8180,8177,8188,8148,8206,8307,10.865816354751589,False
237,8224,8196,8252,8211,8242,8148,8118,8174,8149,8164,8165,8184,8183,8306,10.87370467185974,False
0,8216,8156,8158,8218,8145,8145,8145,8161,8169,8175,8179,8159,8203,8318,10.881647825241089,False
1,8209,8156,8143,8202,8178,8144,8160,8175,8173,8177,8184,8154,8210,8318,10.889634847640991,False
2,8225,8173,8236,8191,8245,8138,8143,8187,8136,8166,8163,8185,8183,8307,10.897789001464844,False
3,8177,8120,8098,8180,8125,8119,8142,8125,8129,8167,8155,8146,8166,8285,10.905750274658203,False
4,8138,8111,8043,8177,8109,8112,8139,8109,8140,8158,8145,8113,8145,8252,10.912779092788696,False
5,8169,8160,8199,8180,8225,8120,8120,8164,8129,8142,8138,8147,8124,8237,10.92078161239624,True
6,8198,8173,8252,8187,8216,8127,8116,8191,8131,8144,8177,8183,8144,8248,10.928686618804932,True
7,8198,8159,8152,8214,8118,8132,8135,8171,8155,8168,8228,8177,8190,8267,10.93678903579712,True
8,8212,8176,8162,8240,8151,8128,8144,8166,8150,8167,8224,8183,8198,8278,10.944809436798096,True
9,8224,8180,8209,8235,8173,8122,8137,8174,8134,8151,8233,8208,8203,8297,10.95276165008545,True
10,8231,8187,8192,8255,8160,8139,8143,8173,8150,8165,8273,8223,8231,8324,10.960816621780396,True
11,8274,8240,8300,8295,8257,8160,8152,8199,8156,8171,8261,8251,8231,8323,10.96885871887207,True
12,8270,8222,8266,8284,8192,8154,8168,8190,8162,8174,8259,8239,8243,8330,10.97570013999939,True
13,8230,8184,8135,8274,8112,8146,8165,8157,8172,8187,8276,8210,8267,8351,10.983784675598145,True
14,8256,8220,8228,8297,8224,8152,8143,8171,8151,8183,8240,8229,8252,8343,10.9915509223938,True
15,8248,8198,8185,8281,8191,8145,8145,8147,8148,8185,8228,8202,8256,8332,10.999385595321655,True
16,8224,8191,8163,8254,8196,8144,8137,8142,8146,8189,8238,8189,8264,8331,11.0077006816864,True
17,8239,8212,8250,8249,8261,8152,8120,8159,8121,8177,8195,8209,8225,8313,11.015789985656738,True
18,8203,8163,8122,8219,8158,8148,8139,8114,8119,8167,8151,8156,8193,8293,11.023748874664308,True
19,8165,8144,8040,8199,8107,8138,8153,8112,8137,8164,8141,8111,8180,8283,11.03165340423584,True
20,8182,8170,8138,8207,8170,8129,8136,8165,8141,8159,8126,8133,8164,8275,11.038518905639648,True
21,8208,8170,8209,8192,8202,8130,8125,8195,8147,8159,8110,8167,8164,8289,11.04649806022644,True
22,8199,8135,8121,8162,8119,8135,8141,8182,8170,8176,8121,8153,8184,8314,11.054606676101685,True
23,8188,8133,8081,8158,8113,8137,8154,8179,8164,8175,8115,8128,8173,8296,11.062666177749634,True
24,8214,8163,8192,8179,8201,8140,8147,8204,8128,8157,8092,8153,8147,8278,11.07050108909607,True
25,8214,8150,8148,8189,8152,8137,8145,8174,8123,8162,8113,8167,8165,8313,11.078600645065308,True
26,8216,8171,8158,8188,8184,8137,8116,8164,8121,8164,8131,8178,8179,8335,11.086606979370115,True
27,8237,8202,8261,8204,8241,8148,8089,8180,8118,8169,8138,8195,8191,8334,11.094526052474976,True
28,8215,8179,8145,8215,8146,8146,8104,8127,8137,8194,8156,8177,8224,8350,11.102587461471558,True
29,8209,8186,8124,8203,8168,8146,8102,8103,8128,8186,8140,8180,8219,8357,11.109641790390016,True
30,8205,8187,8169,8203,8196,8163,8099,8126,8120,8179,8134,8177,8208,8340,11.117579221725464,True
31,8180,8179,8162,8211,8196,8169,8114,8149,8138,8191,8153,8162,8211,8302,11.125437259674072,True
32,8186,8176,8185,8199,8198,8152,8130,8171,8147,8193,8157,8171,8207,8285,11.133543968200684,True
33,8202,8158,8148,8207,8159,8148,8154,8187,8164,8208,8151,8175,8217,8328,11.141695261001589,True
34,8205,8174,8185,8220,8215,8172,8159,8217,8166,8207,8132,8176,8209,8338,11.14950680732727,True
35,8150,8150,8161,8174,8204,8178,8166,8191,8143,8182,8110,8136,8181,8257,11.15763545036316,True
36,8095,8116,8107,8128,8163,8177,8190,8156,8136,8174,8090,8104,8160,8191,11.165560960769652,True
37,8105,8121,8126,8135,8168,8190,8202,8176,8158,8178,8090,8128,8159,8220,11.172828435897827,True
38,8120,8117,8109,8145,8158,8182,8187,8179,8176,8176,8112,8135,8180,8271,11.180840253829956,True
39,8149,8147,8207,8150,8217,8168,8152,8201,8174,8177,8101,8153,8181,8269,11.18868350982666,True
40,8178,8177,8257,8171,8200,8167,8137,8219,8182,8186,8092,8180,8178,8263,11.196775436401367,True
41,8182,8176,8160,8207,8126,8165,8147,8190,8200,8198,8137,8175,8215,8285,11.204691171646118,True
42,8187,8175,8116,8220,8121,8168,8154,8163,8198,8209,8166,8167,8238,8309,11.212573051452637,True
43,8176,8171,8138,8200,8154,8171,8140,8150,8167,8190,8127,8158,8197,8297,11.22064471244812,True
44,8176,8184,8209,8186,8202,8168,8116,8156,8117,8150,8083,8162,8151,8268,11.228581190109251,True
45,8186,8172,8143,8190,8117,8157,8130,8139,8109,8152,8100,8156,8172,8286,11.235888957977297,True
46,8215,8180,8149,8190,8145,8159,8148,8153,8128,8168,8107,8167,8189,8316,11.243810653686523,True
47,8239,8199,8299,8184,8253,8179,8143,8212,8124,8166,8082,8205,8175,8307,11.251556158065796,True
48,8184,8149,8171,8175,8132,8184,8160,8189,8134,8186,8098,8175,8202,8310,11.259790420532228,True
49,8152,8138,8084,8159,8108,8176,8166,8180,8150,8202,8111,8156,8221,8336,11.267649412155151,True
50,8162,8142,8120,8148,8127,8159,8154,8196,8148,8195,8087,8162,8196,8328,11.2758309841156,True
51,8157,8158,8142,8162,8138,8162,8155,8188,8143,8179,8059,8154,8161,8278,11.283732891082764,True
52,8199,8212,8306,8175,8255,8189,8155,8228,8139,8170,8055,8187,8149,8258,11.29166293144226,True
53,8214,8168,8242,8176,8166,8190,8177,8224,8167,8202,8086,8183,8191,8301,11.298626899719238,True
54,8167,8114,8033,8191,8043,8177,8199,8165,8194,8220,8097,8137,8209,8321,11.306677103042604,True
55,8149,8153,8082,8195,8131,8174,8186,8159,8165,8184,8065,8134,8167,8283,11.31519341468811,True
56,8166,8178,8215,8168,8214,8162,8163,8177,8119,8156,8032,8154,8141,8256,11.322481632232666,True
57,8167,8151,8184,8156,8146,8149,8163,8166,8105,8153,8032,8151,8152,8258,11.330525398254396,True
58,8131,8122,8064,8154,8071,8140,8165,8132,8113,8158,8043,8125,8162,8253,11.338685035705566,True
59,8143,8161,8221,8141,8221,8127,8129,8170,8091,8145,8009,8156,8129,8233,11.346517086029053,True
60,8166,8164,8319,8141,8238,8115,8117,8195,8068,8129,7997,8177,8103,8230,11.354650735855104,True
61,8106,8102,8073,8149,8049,8114,8157,8138,8089,8144,8040,8114,8132,8236,11.362717390060425,True
62,8070,8105,8027,8140,8079,8130,8166,8140,8110,8161,8044,8094,8149,8219,11.369678497314451,True
63,8095,8131,8150,8143,8171,8153,8163,8180,8126,8167,8023,8124,8150,8207,11.377460241317747,True
64,8128,8157,8176,8180,8179,8173,8175,8192,8149,8179,8041,8140,8163,8226,11.385799169540403,True
65,8153,8186,8184,8204,8178,8181,8166,8192,8156,8190,8057,8148,8165,8244,11.393583059310911,True
66,8155,8167,8155,8189,8146,8179,8154,8172,8149,8182,8048,8142,8162,8237,11.401840686798096,True
67,8158,8147,8158,8180,8155,8186,8166,8174,8142,8166,8048,8151,8173,8240,11.409753561019896,True
68,8144,8149,8150,8179,8160,8191,8180,8182,8148,8174,8060,8149,8187,8268,11.417688131332396,True
69,8132,8173,8177,8176,8192,8188,8171,8187,8139,8174,8043,8147,8172,8269,11.425731420516968,True
70,8142,8157,8166,8179,8152,8182,8171,8175,8130,8160,8034,8153,8167,8257,11.432620525360107,True
71,8151,8132,8120,8179,8113,8166,8169,8160,8141,8163,8050,8154,8186,8272,11.440654277801514,True
72,8189,8184,8298,8168,8252,8155,8127,8208,8119,8151,8029,8194,8160,8276,11.448807954788208,True
73,8192,8166,8276,8157,8193,8150,8122,8198,8108,8152,8034,8185,8150,8278,11.456689357757568,True
74,8143,8102,8048,8158,8041,8145,8149,8138,8134,8173,8075,8135,8186,8294,11.464715003967283,True
75,8138,8126,8083,8168,8097,8135,8130,8151,8134,8174,8061,8145,8184,8284,11.472731351852415,True
76,8151,8151,8160,8172,8156,8127,8116,8167,8120,8166,8029,8154,8161,8267,11.480603218078612,True
77,8165,8156,8211,8161,8204,8135,8125,8185,8113,8163,8033,8164,8153,8279,11.488755941390991,True
78,8173,8155,8230,8156,8187,8157,8137,8196,8119,8168,8062,8184,8169,8301,11.496808528900146,True
79,8151,8141,8150,8161,8125,8169,8156,8169,8132,8169,8066,8166,8185,8293,11.503647327423096,True
80,8144,8142,8144,8155,8144,8159,8162,8159,8128,8155,8035,8147,8168,8267,11.511823415756226,True
81,8162,8151,8167,8157,8148,8141,8158,8158,8116,8147,8026,8149,8148,8268,11.519761800765991,True
82,8189,8162,8174,8164,8148,8139,8154,8158,8113,8151,8032,8161,8152,8290,11.527885675430298,True
83,8187,8150,8149,8156,8144,8144,8160,8158,8129,8159,8037,8154,8170,8296,11.535579204559326,True
84,8163,8149,8166,8159,8163,8138,8152,8159,8134,8158,8037,8148,8168,8276,11.543801069259644,True
85,8154,8151,8210,8163,8169,8125,8126,8158,8120,8151,8039,8167,8161,8263,11.551781177520752,True
86,8142,8117,8111,8156,8100,8122,8136,8140,8133,8160,8065,8155,8182,8281,11.559785842895508,True
87,8164,8144,8161,8161,8169,8141,8155,8172,8138,8160,8059,8164,8176,8286,11.566585302352903,True
88,8169,8149,8188,8160,8156,8149,8164,8179,8124,8151,8036,8164,8163,8279,11.574795007705688,True
89,8142,8129,8122,8150,8121,8150,8169,8164,8131,8154,8046,8143,8174,8286,11.582719802856444,True
90,8176,8182,8292,8168,8258,8166,8163,8233,8142,8159,8046,8190,8176,8298,11.590799570083618,True
91,8171,8158,8234,8172,8166,8158,8171,8222,8160,8181,8057,8191,8204,8319,11.598758697509766,True
92,8136,8105,8030,8138,8046,8139,8175,8147,8177,8201,8091,8145,8242,8334,11.606757879257202,True
93,8163,8134,8110,8135,8139,8147,8162,8164,8173,8199,8099,8159,8238,8326,11.614748001098633,True
94,8185,8171,8223,8170,8210,8158,8153,8198,8165,8188,8069,8186,8214,8312,11.622806549072266,True
95,8178,8172,8191,8189,8168,8161,8159,8175,8156,8172,8053,8183,8194,8305,11.630571126937866,True
96,8150,8147,8081,8183,8098,8152,8158,8120,8143,8167,8057,8150,8189,8300,11.637640237808228,True
97,8176,8191,8246,8185,8250,8149,8123,8170,8117,8160,8028,8181,8165,8281,11.64561128616333,True
98,8212,8202,8331,8193,8248,8156,8119,8213,8112,8158,8031,8208,8161,8291,11.653766632080078,True
99,8167,8134,8093,8183,8060,8149,8153,8142,8131,8169,8070,8155,8197,8318,11.66171669960022,True
100,8162,8148,8152,8170,8172,8144,8145,8148,8111,8157,8051,8170,8189,8308,11.66978144645691,True
101,8187,8166,8259,8159,8226,8159,8144,8191,8104,8153,8033,8196,8165,8292,11.6777606010437,True
102,8162,8128,8080,8159,8072,8163,8182,8157,8142,8172,8060,8155,8191,8313,11.68567156791687,True
103,8159,8139,8054,8178,8093,8153,8195,8150,8158,8178,8073,8153,8219,8327,11.692538499832152,True
104,8178,8162,8186,8178,8202,8159,8178,8186,8147,8172,8057,8173,8199,8301,11.70078730583191,True
105,8171,8145,8200,8153,8194,8174,8173,8194,8148,8165,8041,8165,8174,8285,11.708687782287598,True
106,8156,8126,8110,8149,8125,8170,8186,8164,8163,8171,8049,8153,8190,8304,11.716710805892944,True
107,8182,8160,8171,8161,8183,8164,8171,8168,8154,8166,8042,8170,8190,8301,11.724750757217407,False
108,8203,8173,8260,8159,8224,8174,8149,8195,8140,8155,8018,8178,8171,8281,11.732550144195557,False
109,8163,8136,8159,8157,8142,8180,8169,8171,8144,8156,8024,8148,8170,8282,11.740780115127563,False
110,8144,8142,8136,8158,8149,8175,8179,8159,8131,8147,8025,8141,8159,8270,11.748807668685911,False
111,8149,8142,8160,8138,8161,8161,8161,8155,8116,8138,8007,8138,8150,8240,11.756536960601808,False
112,8131,8117,8114,8126,8137,8160,8155,8135,8122,8144,8011,8127,8154,8235,11.764796257019045,False
113,8152,8139,8174,8159,8183,8178,8166,8158,8126,8151,8026,8161,8153,8265,11.771734476089478,False
114,8186,8153,8195,8189,8172,8183,8177,8170,8128,8154,8033,8176,8163,8291,11.779878377914429,False
115,8186,8152,8181,8166,8169,8171,8158,8158,8118,8147,8027,8165,8170,8282,11.78775691986084,False
116,8172,8142,8180,8144,8178,8166,8136,8151,8111,8147,8029,8167,8171,8278,11.795770645141602,False
117,8179,8147,8185,8172,8180,8173,8132,8158,8123,8162,8052,8182,8191,8297,11.803717851638794,False
118,8194,8153,8177,8200,8143,8177,8124,8158,8137,8168,8076,8185,8212,8316,11.811688661575316,False
119,8167,8120,8081,8184,8079,8170,8128,8134,8154,8172,8082,8158,8223,8320,11.819775342941284,False
120,8184,8154,8210,8169,8217,8172,8119,8180,8143,8165,8057,8185,8205,8306,11.826850652694702,False
121,8200,8161,8279,8159,8219,8166,8114,8199,8121,8150,8038,8198,8176,8296,11.834720611572266,False
122,8148,8113,8128,8137,8096,8156,8141,8160,8119,8145,8025,8150,8161,8285,11.842819213867188,False
123,8144,8123,8166,8130,8154,8172,8155,8185,8121,8141,8014,8154,8152,8264,11.85076355934143,False
124,8151,8117,8142,8138,8138,8174,8159,8178,8144,8151,8051,8161,8178,8268,11.858569622039797,False
125,8163,8141,8171,8146,8180,8167,8147,8174,8152,8154,8064,8177,8188,8288,11.86676263809204,False
126,8183,8162,8279,8153,8219,8182,8126,8202,8131,8142,8045,8205,8162,8293,11.8748037815094,False
127,8153,8124,8157,8166,8106,8195,8143,8164,8139,8143,8066,8176,8173,8296,11.882706880569458,False
237,8159,8135,8117,8168,8124,8192,8157,8143,8145,8142,8078,8168,8199,8296,11.890793085098268,False
0,8196,8162,8196,8156,8185,8185,8137,8161,8122,8136,8071,8186,8200,8291,11.897589445114136,False
1,8199,8157,8172,8165,8159,8180,8120,8155,8117,8142,8074,8181,8193,8299,11.90574336051941,False
2,8197,8162,8123,8196,8137,8178,8127,8136,8140,8157,8085,8179,8208,8318,11.913639783859251,False
3,8220,8194,8191,8207,8189,8183,8125,8158,8149,8170,8092,8198,8224,8328,11.921802759170532,False
4,8222,8193,8229,8198,8189,8187,8128,8190,8146,8172,8098,8203,8219,8322,11.929721593856812,False
5,8169,8135,8079,8190,8091,8183,8179,8170,8167,8179,8096,8159,8223,8307,11.93768858909607,False
6,8164,8152,8174,8168,8209,8180,8193,8208,8159,8165,8044,8162,8188,8264,11.945771217346191,False
7,8183,8177,8317,8133,8262,8185,8180,8243,8124,8141,8003,8182,8144,8234,11.953799486160278,False
8,8140,8112,8087,8123,8072,8193,8216,8162,8140,8151,8030,8134,8163,8264,11.96173620223999,False
9,8126,8105,8043,8128,8115,8212,8228,8141,8156,8160,8028,8134,8167,8280,11.968801736831663,False
10,8154,8145,8216,8134,8231,8217,8190,8190,8143,8153,8001,8175,8153,8261,11.976829051971436,False
11,8162,8145,8190,8148,8170,8196,8169,8184,8157,8158,8025,8172,8181,8273,11.984618663787842,False
12,8167,8135,8106,8171,8119,8192,8169,8169,8197,8180,8058,8164,8217,8324,11.99271845817566,False
13,8173,8133,8131,8172,8181,8203,8154,8180,8207,8189,8040,8172,8209,8334,12.000804662704468,False
14,8191,8150,8230,8165,8253,8202,8134,8202,8183,8172,8020,8192,8184,8304,12.008583068847656,False
15,8178,8141,8143,8182,8157,8190,8154,8177,8193,8177,8044,8174,8203,8305,12.01668405532837,False
16,8173,8166,8169,8187,8215,8187,8162,8183,8189,8173,8028,8171,8196,8299,12.02475905418396,False
17,8195,8181,8318,8173,8310,8192,8152,8214,8149,8141,7994,8199,8154,8276,12.031736850738524,False
18,8160,8116,8142,8173,8147,8198,8182,8156,8161,8148,8026,8162,8171,8291,12.039748430252075,False
19,8153,8122,8075,8184,8135,8199,8191,8138,8182,8162,8039,8155,8193,8314,12.047797441482544,False
20,8179,8145,8153,8177,8189,8183,8177,8160,8161,8152,8022,8168,8175,8306,12.055755376815796,False
21,8172,8136,8158,8159,8197,8178,8173,8150,8133,8137,8015,8160,8148,8281,12.063670873641968,False
22,8193,8163,8257,8164,8265,8192,8158,8176,8121,8130,8006,8188,8137,8273,12.071718454360962,False
23,8203,8153,8198,8181,8180,8185,8162,8179,8149,8152,8038,8189,8175,8305,12.079798936843872,False
24,8184,8134,8089,8185,8120,8176,8180,8162,8175,8168,8067,8172,8206,8329,12.087773084640505,False
25,8166,8125,8102,8160,8162,8178,8177,8159,8167,8159,8038,8172,8186,8309,12.094608545303345,False
26,8180,8147,8208,8144,8229,8174,8152,8183,8146,8150,8000,8185,8157,8283,12.10261344909668,False
27,8216,8181,8286,8172,8231,8189,8154,8215,8147,8154,8018,8209,8165,8293,12.110644578933716,False
28,8186,8145,8127,8188,8124,8223,8204,8176,8188,8179,8064,8183,8210,8323,12.11853289604187,False
29,8175,8146,8130,8182,8195,8248,8205,8175,8197,8185,8054,8179,8215,8319,12.126543998718262,False
30,8203,8171,8231,8184,8234,8239,8166,8194,8174,8168,8026,8186,8189,8304,12.134575128555298,False
31,8185,8161,8125,8191,8116,8224,8166,8142,8162,8159,8020,8158,8181,8312,12.14250946044922,False
32,8189,8176,8120,8194,8142,8239,8177,8141,8155,8164,8032,8179,8193,8333,12.150752305984495,False
33,8209,8179,8178,8196,8195,8247,8179,8179,8167,8180,8067,8203,8224,8341,12.15755033493042,False
34,8192,8166,8139,8205,8168,8238,8186,8174,8181,8188,8074,8181,8236,8333,12.165694236755373,False
35,8170,8159,8109,8196,8137,8233,8195,8159,8167,8186,8042,8168,8219,8326,12.173782110214232,False
36,8159,8147,8131,8167,8145,8228,8188,8173,8151,8176,8009,8162,8200,8313,12.18170714378357,False
37,8159,8145,8170,8155,8174,8222,8180,8196,8156,8160,7993,8156,8177,8293,12.1897873878479,False
38,8161,8145,8148,8158,8160,8217,8190,8188,8170,8158,8008,8154,8173,8293,12.19774603843689,False
39,8167,8157,8164,8156,8186,8214,8190,8195,8170,8159,8020,8165,8183,8294,12.205806493759155,False
40,8173,8170,8186,8169,8185,8212,8185,8207,8170,8165,8016,8171,8186,8295,12.213719129562378,False
41,8174,8180,8152,8191,8146,8215,8189,8188,8173,8165,8021,8162,8179,8300,12.220811605453491,False
42,8184,8186,8184,8179,8182,8208,8175,8184,8162,8144,8012,8162,8159,8278,12.22866940498352,False
43,8177,8157,8166,8162,8173,8186,8170,8161,8148,8133,8001,8152,8140,8259,12.23677372932434,False
44,8185,8169,8167,8184,8183,8176,8173,8137,8130,8135,8005,8173,8134,8279,12.244744062423706,False
45,8216,8189,8180,8212,8166,8185,8164,8120,8115,8139,8022,8197,8151,8304,12.252799272537231,False
46,8211,8175,8126,8214,8138,8189,8159,8103,8122,8145,8029,8175,8172,8304,12.260567903518677,False
47,8224,8213,8278,8206,8272,8192,8142,8161,8118,8136,8001,8200,8151,8285,12.268794775009155,False
48,8208,8195,8265,8188,8208,8186,8135,8171,8114,8142,7991,8195,8139,8271,12.276760816574097,False
49,8152,8133,8034,8169,8052,8173,8154,8104,8124,8160,8017,8130,8166,8272,12.28457498550415,False
50,8150,8146,8058,8166,8125,8172,8163,8106,8123,8153,8021,8136,8179,8280,12.291650533676147,False
51,8159,8159,8160,8153,8189,8174,8152,8138,8116,8141,8001,8164,8169,8274,12.299614429473875,False
52,8156,8156,8188,8136,8186,8167,8135,8156,8108,8135,7984,8164,8155,8262,12.307751417160034,False
53,8146,8154,8156,8145,8150,8158,8142,8154,8119,8136,7978,8155,8155,8267,12.315795421600342,False
54,8146,8165,8175,8165,8177,8165,8146,8164,8134,8139,7971,8163,8155,8259,12.323715209960938,False
55,8161,8162,8213,8168,8180,8178,8135,8174,8123,8140,7978,8171,8152,8252,12.331801891326904,False
56,8150,8125,8106,8151,8095,8172,8144,8142,8124,8143,8002,8145,8170,8271,12.339630365371704,False
57,8172,8153,8190,8145,8202,8176,8151,8184,8132,8136,7989,8173,8161,8276,12.347795724868774,False
58,8187,8172,8268,8154,8237,8187,8164,8221,8143,8142,7973,8195,8145,8264,12.354655027389526,False
59,8144,8131,8090,8165,8087,8187,8197,8166,8171,8164,7991,8144,8163,8268,12.362646341323853,False
60,8138,8129,8055,8164,8099,8189,8211,8159,8187,8157,7994,8135,8167,8276,12.370665073394775,False
61,8165,8148,8155,8159,8200,8184,8195,8185,8173,8136,7992,8164,8151,8277,12.37878966331482,False
62,8177,8167,8207,8168,8240,8178,8180,8184,8145,8131,8001,8178,8145,8277,12.386560916900637,False
63,8166,8164,8146,8185,8177,8177,8191,8170,8164,8155,8033,8168,8190,8297,12.394800424575806,False
64,8180,8175,8156,8202,8205,8172,8177,8176,8188,8178,8050,8183,8229,8331,12.402679920196531,False
65,8217,8204,8281,8205,8290,8175,8137,8186,8151,8166,8020,8218,8206,8342,12.410690307617188,False
66,8188,8170,8193,8192,8197,8175,8136,8147,8128,8157,8014,8191,8207,8334,12.418746948242188,False
67,8169,8164,8160,8188,8196,8166,8142,8152,8146,8166,8033,8183,8229,8320,12.425800561904907,False
68,8184,8175,8212,8182,8235,8157,8142,8176,8161,8176,8024,8196,8211,8299,12.433601140975952,False
69,8151,8139,8111,8158,8168,8161,8163,8156,8175,8179,8001,8156,8192,8279,12.441680908203123,False
70,8133,8142,8122,8157,8192,8164,8173,8175,8194,8178,7998,8150,8192,8277,12.449747323989868,False
71,8155,8146,8161,8182,8200,8149,8165,8182,8207,8188,8012,8175,8201,8285,12.457764148712158,False
72,8199,8175,8224,8191,8249,8155,8154,8190,8199,8187,8012,8204,8202,8286,12.465714693069458,False
73,8227,8216,8291,8204,8276,8185,8155,8212,8197,8185,8027,8212,8215,8294,12.473800659179688,False
74,8183,8179,8137,8221,8159,8182,8167,8158,8198,8190,8034,8160,8223,8291,12.48174214363098,False
75,8159,8152,8058,8206,8140,8158,8155,8107,8166,8167,8000,8139,8189,8270,12.488715648651125,False
76,8173,8175,8130,8183,8201,8155,8134,8110,8137,8140,7987,8157,8170,8268,12.496541023254396,False
77,8190,8219,8259,8201,8292,8168,8118,8149,8128,8140,7990,8187,8171,8271,12.504830360412598,False
78,8190,8201,8251,8220,8248,8166,8127,8161,8139,8152,7991,8198,8180,8277,12.512580633163452,False
79,8168,8163,8107,8200,8153,8153,8156,8132,8162,8165,8018,8171,8211,8300,12.520793676376345,False
80,8189,8205,8204,8184,8262,8153,8157,8165,8153,8158,8025,8191,8219,8311,12.528555631637571,False
81,8176,8182,8188,8185,8225,8151,8168,8175,8161,8161,8026,8184,8225,8313,12.53656268119812,False
82,8135,8153,8091,8188,8166,8145,8189,8171,8202,8181,8027,8156,8232,8312,12.544472694396973,False
83,8164,8203,8221,8193,8252,8165,8186,8221,8221,8182,8007,8186,8215,8304,12.551777362823486,False
84,8165,8183,8198,8184,8205,8174,8194,8216,8232,8179,8009,8181,8206,8299,12.55994153022766,False
85,8129,8145,8113,8163,8179,8150,8184,8186,8224,8174,8017,8157,8195,8287,12.567766189575195,False
86,8144,8167,8177,8160,8222,8131,8166,8189,8198,8168,8015,8175,8190,8291,12.575772762298584,False
87,8177,8178,8184,8173,8188,8137,8185,8184,8205,8175,8032,8187,8221,8323,12.583781957626345,False
88,8168,8154,8079,8194,8122,8130,8200,8153,8213,8184,8051,8162,8239,8329,12.59159517288208,False
89,8163,8179,8119,8207,8193,8103,8162,8145,8170,8164,8022,8155,8197,8298,12.599769830703735,False
90,8217,8245,8320,8208,8314,8108,8129,8185,8124,8132,7998,8207,8159,8297,12.607747554779053,False
91,8219,8205,8210,8199,8182,8130,8155,8158,8145,8146,8034,8206,8196,8331,12.615764617919922,False
92,8193,8177,8080,8196,8131,8130,8160,8116,8164,8166,8037,8170,8213,8330,12.622809410095217,False
93,8233,8236,8252,8214,8260,8124,8117,8145,8145,8155,8021,8197,8185,8306,12.630796670913696,False
94,8235,8222,8210,8230,8182,8121,8116,8127,8157,8166,8048,8195,8204,8313,12.63855266571045,False
95,8198,8193,8103,8217,8140,8122,8132,8105,8162,8172,8033,8169,8212,8306,12.646785497665403,False
96,8182,8211,8197,8183,8227,8129,8125,8140,8132,8142,7984,8169,8162,8268,12.654622554779053,False
97,8154,8189,8169,8169,8182,8135,8132,8142,8137,8136,7982,8157,8153,8258,12.662596702575684,False
98,8144,8161,8091,8180,8141,8149,8154,8137,8166,8157,7995,8154,8182,8277,12.67067551612854,False
99,8161,8173,8141,8188,8197,8168,8172,8170,8178,8160,7996,8169,8190,8278,12.678793668746948,False
100,8178,8192,8226,8195,8239,8171,8168,8209,8185,8156,7997,8188,8182,8260,12.685889959335327,False
101,8166,8152,8110,8191,8129,8152,8166,8180,8201,8170,8009,8169,8197,8279,12.693791627883911,False
102,8172,8151,8087,8172,8158,8138,8159,8164,8188,8164,8009,8167,8201,8305,12.70167088508606,False
103,8218,8219,8319,8169,8322,8146,8140,8225,8155,8137,7979,8214,8170,8283,12.70975422859192,False
104,8200,8199,8235,8196,8211,8157,8151,8195,8160,8145,7980,8189,8171,8270,12.71765398979187,False
105,8154,8157,8032,8212,8106,8170,8161,8124,8171,8166,7992,8142,8186,8286,12.725799560546877,False
106,8164,8168,8086,8196,8163,8179,8150,8135,8169,8171,7990,8155,8191,8293,12.733551502227783,False
107,8195,8192,8175,8190,8203,8177,8146,8170,8187,8175,8013,8182,8214,8298,12.74176025390625,False
108,8232,8232,8276,8202,8272,8175,8141,8206,8185,8175,8032,8216,8227,8308,12.749719858169556,False
109,8215,8203,8228,8192,8216,8166,8143,8196,8170,8181,8032,8200,8224,8304,12.7568039894104,False
110,8169,8158,8121,8174,8152,8163,8155,8177,8172,8186,8028,8161,8223,8295,12.764775037765505,False
111,8165,8171,8155,8177,8198,8177,8168,8197,8178,8174,8020,8168,8219,8292,12.772804498672484,False
112,8160,8175,8166,8166,8192,8177,8171,8195,8174,8162,8017,8167,8202,8283,12.78067660331726,False
113,8148,8168,8127,8158,8154,8174,8178,8179,8183,8164,8028,8153,8189,8272,12.788580656051636,False
114,8146,8170,8086,8183,8155,8188,8201,8179,8224,8182,8042,8143,8210,8282,12.796695232391356,False
115,8168,8201,8174,8191,8258,8205,8199,8213,8238,8183,8024,8163,8214,8282,12.804802179336548,False
116,8192,8210,8236,8176,8252,8208,8187,8216,8214,8173,8014,8194,8207,8283,12.812535047531128,False
117,8191,8191,8131,8182,8153,8203,8194,8159,8211,8179,8033,8183,8231,8299,12.81987762451172,False
118,8216,8225,8211,8191,8249,8206,8173,8165,8196,8167,8022,8188,8216,8283,12.827937126159668,False
119,8210,8207,8214,8181,8227,8198,8152,8156,8182,8163,8029,8180,8198,8273,12.835874319076538,False
120,8195,8187,8147,8192,8182,8193,8150,8126,8187,8172,8054,8180,8215,8292,12.843716382980348,False
121,8237,8238,8277,8227,8272,8207,8129,8160,8175,8165,8047,8215,8212,8296,12.851840019226074,False
122,8234,8219,8203,8230,8180,8207,8130,8151,8177,8185,8057,8190,8228,8306,12.859780073165894,False
123,8206,8180,8064,8209,8117,8199,8152,8125,8196,8203,8064,8163,8254,8331,12.86786723136902,False
124,8214,8201,8155,8202,8220,8203,8152,8145,8181,8173,8038,8184,8234,8321,12.87483549118042,False
125,8200,8199,8203,8195,8239,8202,8148,8153,8149,8156,8011,8177,8197,8284,12.883793830871582,False
126,8164,8157,8126,8163,8172,8192,8159,8141,8147,8164,7996,8149,8185,8272,12.890553712844849,False
127,8164,8157,8124,8149,8183,8189,8171,8156,8166,8164,7990,8150,8182,8273,12.898783683776855,False
237,8183,8188,8209,8166,8227,8188,8175,8200,8173,8162,7998,8173,8178,8267,12.906694650650024,False
0,8144,8139,8086,8161,8118,8175,8192,8176,8189,8175,8024,8146,8193,8270,12.914559125900269,False
1,8134,8153,8107,8149,8204,8178,8194,8177,8192,8167,8012,8145,8182,8262,12.92257308959961,False
2,8194,8235,8365,8172,8370,8198,8173,8246,8175,8145,7989,8203,8149,8243,12.930449724197388,False
3,8164,8183,8201,8187,8169,8179,8185,8196,8198,8163,8022,8170,8180,8252,12.938487768173218,False
4,8135,8155,8082,8175,8138,8164,8183,8154,8199,8166,8036,8146,8200,8257,12.945422172546388,False
5,8179,8189,8223,8169,8242,8182,8164,8182,8160,8144,8014,8177,8175,8246,12.953474283218384,False
6,8180,8181,8180,8187,8168,8182,8174,8156,8150,8146,8008,8167,8170,8249,12.961443424224854,False
7,8194,8203,8195,8203,8193,8177,8183,8158,8156,8150,8016,8182,8183,8269,12.969516277313232,False
8,8208,8184,8172,8198,8173,8188,8200,8162,8167,8157,8045,8191,8215,8297,12.977777004241943,False
9,8190,8149,8098,8186,8130,8195,8212,8146,8172,8164,8053,8173,8226,8304,12.985787391662598,False
10,8185,8164,8135,8185,8173,8195,8210,8165,8171,8162,8020,8168,8201,8287,12.993734121322632,False
11,8183,8175,8172,8184,8207,8195,8207,8178,8182,8158,8001,8168,8190,8279,13.00174641609192,False
12,8168,8157,8177,8171,8213,8185,8185,8151,8178,8153,8003,8173,8193,8277,13.009828567504885,False
13,8149,8134,8138,8155,8185,8158,8162,8106,8155,8152,8005,8161,8189,8273,13.016572952270508,False
14,8162,8142,8150,8158,8202,8138,8147,8113,8146,8153,8003,8158,8182,8275,13.024779081344604,False
15,8176,8139,8177,8160,8205,8125,8126,8138,8145,8151,8001,8171,8181,8279,13.032753229141235,False
16,8159,8130,8153,8154,8176,8115,8107,8136,8127,8144,7981,8163,8163,8271,13.040716171264648,False
17,8151,8149,8145,8162,8173,8123,8111,8146,8119,8131,7965,8147,8137,8261,13.048728466033936,False
18,8159,8148,8124,8165,8164,8146,8141,8164,8150,8136,7985,8146,8149,8265,13.056747436523438,False
19,8188,8150,8170,8164,8204,8165,8157,8182,8168,8146,7995,8175,8172,8270,13.063583135604858,False
20,8206,8163,8211,8181,8205,8161,8154,8174,8146,8144,7985,8184,8164,8274,13.072718143463137,False
21,8191,8155,8148,8191,8175,8155,8158,8146,8146,8144,8002,8157,8160,8285,13.079716205596924,False
22,8194,8168,8189,8180,8235,8156,8147,8168,8152,8133,8007,8170,8163,8277,13.087790727615356,False
23,8194,8170,8193,8184,8195,8143,8138,8168,8136,8132,7988,8176,8168,8268,13.095539093017578,False
24,8187,8166,8147,8194,8168,8142,8138,8145,8120,8142,7990,8165,8165,8278,13.103798389434814,False
25,8202,8175,8183,8182,8218,8157,8139,8169,8132,8145,8013,8186,8168,8296,13.11174702644348,False
26,8199,8160,8159,8163,8181,8160,8152,8182,8160,8158,8023,8188,8202,8316,13.119766473770142,False
27,8186,8156,8169,8154,8181,8161,8152,8180,8157,8164,8004,8185,8208,8309,13.12775492668152,False
28,8160,8138,8162,8146,8180,8163,8149,8170,8153,8155,7992,8170,8181,8283,13.13579034805298,False
29,8120,8115,8121,8129,8170,8148,8149,8168,8161,8146,7977,8140,8152,8261,13.14374566078186,False
30,8111,8119,8154,8116,8190,8152,8157,8188,8156,8150,7959,8144,8140,8246,13.150565147399902,False
31,8105,8120,8135,8118,8169,8168,8174,8182,8175,8161,7986,8160,8164,8251,13.158576250076294,False
32,8118,8148,8176,8132,8212,8161,8175,8191,8196,8161,8005,8177,8178,8269,13.166565179824827,False
33,8134,8137,8181,8145,8187,8145,8176,8190,8185,8158,7992,8170,8177,8279,13.174498558044434,False
34,8138,8122,8134,8148,8148,8148,8175,8180,8174,8158,7988,8163,8173,8275,13.182697296142578,False
35,8163,8170,8209,8155,8216,8161,8165,8201,8181,8151,7997,8189,8155,8271,13.19057559967041,False
36,8155,8166,8170,8156,8183,8164,8170,8165,8175,8141,7994,8168,8141,8261,13.198604106903076,False
37,8161,8157,8154,8154,8188,8168,8169,8143,8144,8124,7977,8163,8131,8257,13.205655813217165,False
38,8202,8177,8198,8176,8212,8170,8169,8167,8141,8115,7994,8194,8149,8293,13.213615655899048,False
39,8202,8183,8171,8191,8195,8167,8170,8161,8158,8123,8010,8187,8179,8313,13.221688270568848,False
40,8186,8188,8220,8173,8239,8173,8145,8159,8143,8129,7985,8181,8163,8282,13.229620218276978,False
41,8158,8157,8177,8155,8184,8171,8139,8136,8140,8138,7985,8163,8149,8271,13.237626314163208,False
42,8142,8152,8143,8158,8160,8168,8144,8125,8146,8134,7995,8159,8158,8284,13.24567413330078,False
43,8143,8160,8168,8148,8189,8175,8147,8148,8140,8135,7986,8166,8163,8284,13.253825664520264,False
44,8127,8146,8139,8130,8184,8184,8158,8160,8148,8153,7978,8154,8163,8282,13.261783123016356,False
45,8127,8158,8180,8131,8199,8185,8158,8192,8166,8154,7969,8167,8159,8277,13.269696712493896,False
46,8125,8144,8156,8127,8150,8174,8169,8206,8194,8157,7972,8167,8165,8278,13.276859998703005,False
47,8128,8131,8136,8125,8168,8178,8187,8209,8211,8170,7977,8165,8167,8291,13.284705877304075,False
48,8144,8140,8169,8149,8205,8193,8191,8220,8212,8176,7986,8177,8181,8303,13.292558908462524,False
49,8144,8154,8163,8183,8193,8189,8186,8209,8212,8175,7999,8172,8195,8296,13.300766229629517,False
50,8164,8191,8220,8210,8228,8182,8172,8199,8190,8154,7991,8171,8172,8280,13.308789014816284,False
51,8169,8193,8197,8218,8193,8184,8168,8166,8158,8135,7982,8157,8160,8279,13.31666660308838,False
52,8150,8182,8156,8199,8179,8174,8162,8143,8137,8131,7970,8144,8153,8267,13.32477617263794,False
53,8141,8170,8172,8171,8183,8150,8149,8146,8123,8120,7958,8148,8129,8249,13.33273148536682,False
54,8122,8141,8132,8155,8150,8136,8146,8140,8115,8110,7962,8142,8121,8248,13.33979082107544,False
55,8116,8149,8164,8151,8191,8141,8150,8167,8121,8113,7959,8150,8123,8255,13.347784519195557,False
56,8110,8141,8155,8143,8170,8147,8164,8177,8146,8128,7972,8145,8135,8263,13.355790376663208,False
57,8110,8135,8128,8135,8157,8157,8180,8182,8172,8143,7994,8142,8151,8276,13.36373209953308,False
58,8130,8152,8179,8133,8193,8174,8206,8222,8199,8158,7998,8171,8165,8298,13.371761322021484,False
59,8126,8137,8142,8131,8154,8175,8241,8230,8238,8179,8003,8166,8184,8300,13.379739999771118,False
60,8124,8132,8166,8129,8183,8173,8249,8235,8238,8175,7994,8154,8172,8268,13.387782573699951,False
61,8120,8133,8184,8129,8186,8174,8252,8227,8227,8167,7983,8148,8158,8257,13.395748376846312,False
62,8114,8150,8146,8136,8167,8168,8256,8194,8225,8167,7973,8144,8166,8270,13.403784036636353,False
63,8137,8169,8190,8144,8203,8152,8231,8176,8192,8150,7958,8161,8157,8266,13.4107403755188,False
64,8137,8152,8159,8155,8174,8135,8206,8143,8163,8137,7978,8156,8149,8264,13.418567419052124,False
65,8137,8171,8166,8172,8190,8130,8178,8133,8147,8137,7997,8164,8153,8275,13.426727056503296,False
66,8148,8178,8180,8171,8177,8122,8147,8131,8140,8143,7987,8171,8160,8280,13.434776544570925,False
67,8141,8153,8147,8164,8159,8114,8132,8124,8150,8147,7982,8160,8166,8270,13.442510843276978,False
68,8147,8165,8199,8173,8203,8135,8139,8155,8170,8153,7999,8178,8170,8269,13.450682401657104,False
69,8126,8162,8158,8165,8164,8153,8161,8158,8197,8162,7992,8171,8180,8273,13.458725214004517,False
70,8100,8159,8146,8141,8188,8146,8161,8161,8205,8152,7935,8159,8161,8250,13.466628074645996,False
71,8108,8156,8163,8144,8194,8137,8169,8173,8200,8152,7919,8155,8150,8242,13.473721981048584,False
72,8117,8161,8131,8161,8168,8145,8196,8177,8204,8169,7947,8147,8175,8264,13.481754541397097,False
73,8136,8190,8209,8183,8236,8147,8190,8207,8202,8163,7939,8173,8172,8257,13.489747524261476,False
74,8129,8171,8181,8199,8207,8126,8179,8194,8202,8160,7933,8166,8163,8244,13.497756242752075,False
75,8128,8167,8138,8182,8190,8117,8180,8177,8203,8169,7955,8156,8172,8259,13.50575065612793,False
76,8146,8184,8171,8171,8200,8124,8170,8179,8195,8168,7969,8168,8182,8271,13.513781070709229,False
77,8144,8181,8158,8189,8187,8118,8153,8167,8180,8158,7969,8164,8184,8275,13.521661043167114,False
78,8148,8189,8192,8191,8231,8114,8143,8166,8165,8145,7962,8171,8167,8278,13.529576539993286,False
79,8147,8168,8162,8162,8194,8111,8146,8142,8173,8147,7956,8157,8159,8279,13.53660273551941,False
80,8162,8165,8160,8160,8190,8107,8151,8145,8178,8154,7961,8153,8164,8282,13.544548749923706,False
81,8175,8178,8189,8182,8220,8122,8159,8166,8173,8159,7984,8169,8173,8288,13.552761554718018,False
82,8148,8169,8143,8179,8199,8141,8159,8146,8174,8159,7994,8160,8168,8277,13.560776472091677,True
83,8150,8177,8193,8166,8215,8143,8158,8146,8172,8148,7976,8163,8150,8261,13.568642139434814,True
84,8159,8162,8177,8170,8181,8143,8191,8158,8186,8155,7995,8169,8173,8283,13.576592206954956,True
85,8168,8169,8178,8183,8211,8166,8207,8182,8195,8166,8039,8195,8207,8314,13.58477544784546,True
86,8189,8199,8256,8196,8232,8189,8196,8199,8188,8165,8071,8224,8217,8319,13.592554330825806,True
87,8179,8196,8195,8213,8154,8185,8203,8170,8200,8172,8094,8206,8229,8311,13.600764989852903,True
88,8182,8212,8185,8232,8187,8176,8195,8172,8208,8174,8089,8208,8232,8303,13.6077618598938,True
89,8182,8206,8187,8234,8197,8170,8188,8178,8216,8179,8095,8216,8241,8312,13.615792989730837,True
90,8173,8193,8179,8231,8193,8163,8193,8174,8223,8180,8112,8210,8248,8314,13.623764038085938,True
91,8188,8205,8223,8240,8221,8158,8190,8174,8208,8171,8109,8220,8243,8306,13.631645441055298,True
92,8192,8198,8184,8246,8187,8151,8183,8148,8191,8170,8106,8218,8247,8316,13.639753341674805,True
93,8201,8198,8206,8253,8200,8153,8166,8151,8181,8167,8105,8230,8245,8327,13.647520542144775,True
94,8208,8193,8199,8260,8175,8160,8173,8152,8186,8169,8111,8236,8256,8335,13.655532360076904,True
95,8214,8212,8195,8262,8203,8162,8189,8149,8193,8178,8119,8238,8273,8343,13.663604497909546,True
96,8236,8235,8261,8269,8255,8157,8172,8165,8184,8182,8128,8255,8273,8348,13.670615434646606,True
97,8209,8192,8163,8264,8164,8143,8165,8142,8181,8187,8127,8227,8271,8346,13.67865514755249,True
98,8184,8186,8156,8242,8189,8148,8176,8150,8172,8175,8087,8216,8248,8340,13.68680214881897,True
99,8198,8200,8223,8232,8232,8163,8190,8177,8173,8161,8061,8230,8231,8340,13.69459843635559,True
100,8200,8185,8170,8236,8188,8167,8200,8161,8193,8161,8060,8210,8227,8329,13.70251202583313,True
101,8207,8182,8178,8227,8187,8160,8191,8161,8195,8157,8049,8198,8211,8309,13.710721015930176,True
102,8204,8178,8185,8220,8168,8139,8177,8171,8181,8151,8052,8203,8203,8310,13.718509435653688,True
103,8205,8193,8203,8226,8190,8126,8167,8172,8157,8145,8050,8218,8196,8316,13.7267107963562,True
104,8206,8189,8185,8229,8192,8126,8172,8150,8147,8149,8051,8207,8203,8324,13.734781265258787,True
105,8208,8192,8159,8240,8187,8129,8168,8140,8160,8158,8071,8196,8220,8335,13.741745471954346,True
106,8229,8220,8224,8254,8214,8125,8137,8153,8164,8154,8071,8223,8218,8334,13.74962282180786,True
107,8221,8203,8184,8248,8174,8117,8115,8116,8158,8154,8073,8213,8224,8332,13.757610321044922,True
108,8230,8216,8198,8249,8212,8120,8093,8113,8134,8150,8080,8217,8228,8331,13.765727996826172,True
109,8253,8227,8224,8263,8202,8120,8073,8129,8120,8147,8076,8241,8219,8336,13.773537158966064,True
110,8229,8203,8158,8265,8154,8113,8075,8113,8132,8157,8066,8220,8222,8343,13.781402349472046,True
111,8214,8213,8207,8251,8219,8128,8088,8141,8132,8163,8064,8222,8227,8339,13.789575576782228,True
112,8213,8204,8190,8244,8189,8159,8112,8152,8137,8171,8079,8223,8229,8340,13.797659635543823,True
113,8213,8198,8161,8257,8161,8168,8124,8141,8144,8166,8073,8210,8224,8336,13.804383277893066,True
114,8214,8203,8177,8261,8176,8152,8121,8139,8142,8161,8069,8204,8228,8325,13.81261396408081,True
115,8206,8191,8152,8238,8174,8145,8118,8128,8143,8172,8070,8199,8234,8321,13.820533275604248,True
116,8223,8209,8209,8233,8221,8152,8119,8158,8158,8178,8057,8212,8231,8329,13.828643560409546,True
117,8214,8204,8183,8236,8189,8151,8139,8186,8192,8187,8077,8202,8252,8340,13.836730003356934,True
118,8202,8189,8152,8213,8170,8150,8144,8194,8197,8192,8078,8191,8254,8333,13.84455180168152,True
119,8216,8188,8187,8200,8159,8152,8133,8199,8178,8183,8039,8193,8222,8327,13.852741718292236,True
120,8197,8174,8156,8199,8131,8150,8139,8196,8191,8178,8029,8179,8211,8318,13.860753297805786,True
121,8180,8164,8186,8174,8196,8159,8132,8211,8200,8169,8023,8182,8194,8296,13.868777751922607,True
122,8172,8134,8156,8142,8169,8169,8130,8190,8187,8162,8010,8169,8174,8295,13.875823497772217,True
123,8173,8148,8139,8157,8157,8178,8140,8167,8180,8168,8020,8165,8183,8306,13.883538722991943,True
124,8181,8185,8210,8194,8214,8190,8140,8166,8174,8176,8037,8186,8201,8304,13.8917396068573,True
125,8160,8168,8156,8182,8180,8179,8133,8133,8163,8177,8026,8167,8197,8304,13.899662494659424,True
126,8158,8168,8146,8161,8191,8158,8123,8126,8149,8167,8005,8157,8178,8298,13.907571077346802,True
127,8162,8169,8155,8171,8204,8148,8129,8130,8137,8168,8006,8154,8191,8285,13.915465593338013,True
237,8148,8171,8150,8168,8221,8142,8128,8138,8117,8165,7988,8144,8188,8273,13.923661708831789,True
0,8135,8170,8168,8143,8223,8127,8124,8176,8118,8154,7964,8145,8153,8264,13.931703090667725,True
1,8115,8150,8117,8140,8176,8122,8141,8200,8171,8174,7985,8135,8159,8270,13.938751220703123,True
2,8125,8175,8163,8155,8214,8140,8150,8230,8213,8189,7996,8151,8177,8280,13.946587085723875,True
3,8119,8164,8139,8153,8165,8152,8160,8222,8223,8176,7978,8144,8165,8264,13.954530954360962,True
4,8096,8142,8107,8137,8167,8149,8168,8195,8217,8162,7952,8120,8130,8220,13.962565898895264,True
5,8119,8165,8218,8132,8267,8157,8160,8208,8197,8156,7941,8147,8110,8207,13.970632791519163,True
6,8125,8145,8147,8137,8190,8164,8179,8182,8194,8163,7958,8145,8132,8242,13.978671073913574,True
7,8126,8131,8110,8144,8168,8164,8194,8168,8190,8164,7961,8142,8143,8262,13.986546754837036,True
8,8140,8145,8182,8146,8200,8163,8179,8194,8186,8157,7964,8158,8140,8262,13.994614839553831,True
9,8144,8152,8160,8151,8174,8161,8171,8193,8185,8162,7992,8158,8157,8280,14.002671718597412,True
10,8151,8157,8162,8152,8192,8158,8175,8171,8162,8166,8003,8168,8169,8294,14.009629964828491,True
11,8140,8136,8151,8142,8187,8149,8176,8142,8135,8151,7990,8159,8158,8281,14.017597913742064,True
12,8141,8147,8197,8141,8220,8150,8173,8155,8115,8127,7976,8150,8129,8261,14.025667905807495,True
13,8132,8144,8188,8131,8197,8155,8197,8164,8129,8135,7971,8144,8116,8253,14.03353762626648,True
14,8087,8102,8094,8103,8145,8156,8227,8150,8171,8156,7968,8121,8124,8243,14.04154109954834,True
15,8083,8097,8128,8094,8185,8173,8230,8186,8190,8158,7975,8132,8125,8238,14.049638986587524,True
16,8103,8104,8123,8105,8184,8199,8243,8195,8206,8171,8002,8142,8143,8266,14.057608842849731,True
17,8126,8145,8177,8125,8238,8214,8244,8198,8219,8178,8000,8159,8149,8271,14.06460976600647,True
18,8150,8171,8246,8144,8240,8214,8243,8219,8221,8178,7989,8176,8148,8258,14.072526216506958,True
19,8142,8143,8153,8153,8162,8213,8263,8206,8236,8189,8014,8167,8181,8285,14.080687999725342,True
20,8155,8149,8154,8159,8197,8220,8262,8209,8243,8194,8035,8185,8203,8316,14.088770866394045,True
21,8178,8172,8179,8171,8189,8217,8249,8207,8233,8201,8044,8183,8199,8312,14.096696615219116,True
22,8183,8185,8180,8174,8193,8209,8245,8202,8221,8201,8036,8169,8188,8304,14.104696273803713,True
23,8168,8159,8178,8161,8231,8209,8251,8200,8214,8188,8030,8170,8192,8324,14.112800598144531,True
24,8144,8144,8145,8152,8221,8207,8263,8188,8212,8188,8036,8162,8201,8335,14.120858430862429,True
25,8147,8177,8181,8148,8217,8202,8255,8195,8200,8182,8009,8164,8177,8305,14.128740072250366,True
26,8130,8163,8141,8134,8167,8197,8241,8174,8193,8166,7989,8148,8153,8277,14.13579535484314,True
27,8127,8152,8150,8144,8202,8203,8236,8171,8192,8164,8005,8155,8160,8279,14.143775701522827,True
28,8162,8171,8205,8170,8229,8209,8244,8190,8193,8179,8021,8176,8177,8299,14.151636600494385,True
29,8138,8146,8125,8144,8174,8198,8238,8164,8191,8177,8006,8150,8165,8286,14.159745216369627,True
30,8114,8148,8183,8111,8235,8194,8210,8174,8172,8158,7985,8156,8136,8249,14.167736768722534,True
31,8124,8160,8217,8128,8216,8204,8219,8188,8188,8174,8013,8173,8161,8264,14.175702095031738,True
32,8131,8156,8142,8143,8158,8206,8232,8169,8219,8193,8038,8162,8185,8292,14.183746337890623,True
33,8146,8154,8152,8133,8193,8196,8221,8176,8211,8177,8028,8163,8171,8285,14.191750526428224,True
34,8152,8153,8149,8150,8197,8192,8221,8179,8202,8179,8031,8160,8172,8277,14.198570489883425,True
35,8166,8182,8184,8171,8215,8200,8215,8174,8198,8179,8020,8165,8164,8271,14.206555604934692,True
36,8160,8181,8178,8156,8194,8198,8213,8165,8186,8166,8006,8164,8156,8274,14.214434623718262,True
37,8148,8171,8159,8156,8197,8189,8226,8174,8188,8171,8025,8167,8179,8294,14.222617626190186,True
38,8151,8184,8192,8173,8210,8186,8229,8191,8200,8182,8038,8175,8187,8304,14.230639696121216,True
39,8127,8166,8144,8160,8158,8182,8235,8179,8209,8182,8032,8158,8184,8296,14.238507986068726,True
40,8134,8175,8181,8141,8211,8183,8241,8197,8203,8179,8018,8170,8183,8300,14.246626853942873,True
41,8144,8175,8173,8143,8190,8180,8241,8186,8202,8185,8013,8167,8181,8311,14.2545428276062,True
42,8119,8168,8131,8146,8169,8175,8227,8158,8203,8179,8004,8146,8162,8286,14.261535406112673,True
43,8116,8174,8220,8134,8242,8182,8209,8191,8194,8160,7997,8168,8139,8241,14.269731283187866,True
44,8102,8135,8144,8126,8158,8179,8227,8178,8209,8175,8014,8156,8151,8240,14.277694463729858,True
45,8099,8133,8100,8130,8143,8169,8241,8161,8217,8183,8010,8136,8151,8261,14.285782098770142,True
46,8113,8137,8169,8121,8199,8173,8235,8176,8202,8170,7988,8142,8139,8254,14.293739557266235,True
47,8108,8133,8159,8122,8188,8181,8237,8171,8202,8168,7970,8144,8147,8243,14.301761865615845,True
48,8130,8178,8193,8156,8206,8178,8235,8174,8195,8172,7950,8161,8152,8250,14.309848070144652,True
49,8139,8179,8169,8164,8172,8168,8226,8158,8184,8175,7946,8149,8151,8263,14.317761182785034,True
50,8143,8166,8165,8148,8185,8168,8209,8154,8180,8167,7954,8148,8148,8267,14.324602842330933,True
51,8162,8183,8179,8163,8191,8175,8207,8160,8191,8173,7981,8178,8168,8281,14.332717657089232,True
52,8156,8190,8145,8175,8179,8164,8206,8147,8202,8194,7988,8180,8198,8292,14.340696811676024,True
53,8139,8181,8176,8152,8216,8143,8188,8156,8192,8187,7955,8166,8184,8271,14.348541736602783,True
54,8113,8148,8137,8129,8176,8134,8198,8161,8185,8173,7944,8140,8154,8245,14.356733560562134,False
55,8110,8145,8139,8114,8188,8143,8214,8173,8176,8165,7939,8144,8132,8234,14.364750623703005,False
56,8117,8147,8178,8109,8212,8151,8223,8186,8181,8162,7942,8161,8136,8240,14.372780084609984,False
57,8111,8138,8137,8126,8191,8155,8240,8186,8203,8167,7958,8144,8149,8247,14.38073182106018,False
58,8119,8166,8162,8143,8215,8171,8234,8200,8195,8164,7947,8143,8127,8238,14.38874864578247,False
59,8118,8173,8150,8145,8185,8179,8223,8189,8192,8160,7953,8157,8128,8247,14.39573073387146,False
60,8127,8174,8161,8136,8196,8172,8214,8189,8203,8164,7973,8171,8152,8265,14.4035165309906,False
61,8149,8177,8200,8131,8217,8170,8203,8189,8200,8169,7970,8165,8152,8269,14.411731958389282,False
62,8149,8174,8158,8156,8180,8172,8197,8150,8195,8173,7979,8146,8152,8268,14.419757843017578,False
63,8157,8198,8190,8182,8214,8175,8190,8156,8186,8174,7998,8176,8158,8269,14.427716732025146,False
64,8154,8191,8181,8166,8197,8170,8198,8165,8180,8181,8008,8187,8160,8272,14.435781002044678,False
65,8164,8190,8170,8166,8183,8165,8194,8159,8181,8180,8013,8179,8160,8285,14.4437735080719,False
66,8203,8214,8221,8202,8202,8169,8180,8170,8192,8175,8027,8201,8178,8313,14.451621294021606,False
67,8188,8200,8161,8197,8181,8164,8185,8152,8197,8190,8043,8191,8197,8323,14.459779977798462,False
68,8161,8194,8181,8155,8223,8155,8181,8150,8168,8186,8026,8177,8173,8295,14.466769933700562,False
69,8134,8177,8177,8128,8177,8145,8180,8142,8148,8159,7997,8161,8144,8268,14.474557399749756,False
70,8108,8158,8124,8126,8151,8144,8199,8141,8163,8152,7987,8152,8141,8261,14.482748985290527,False
71,8131,8166,8184,8137,8220,8165,8220,8188,8193,8177,8011,8178,8159,8274,14.490787267684937,False
72,8141,8163,8166,8145,8185,8179,8231,8203,8222,8204,8051,8174,8191,8292,14.49874496459961,False
73,8134,8175,8146,8145,8175,8168,8221,8196,8220,8195,8048,8162,8186,8282,14.506779670715332,False
74,8127,8170,8145,8149,8182,8155,8214,8184,8211,8182,8032,8161,8165,8275,14.514705896377563,False
75,8130,8170,8155,8151,8202,8168,8218,8185,8223,8190,8025,8171,8166,8289,14.522752046585085,False
76,8146,8182,8188,8133,8219,8175,8210,8194,8220,8193,8028,8181,8176,8297,14.529654264450071,False
77,8135,8164,8123,8130,8167,8148,8195,8156,8200,8185,8057,8164,8189,8300,14.53776216506958,False
78,8163,8197,8198,8183,8226,8142,8182,8166,8192,8181,8084,8198,8194,8317,14.545689582824709,False
79,8203,8216,8238,8220,8220,8160,8193,8188,8211,8203,8105,8227,8223,8346,14.553752660751345,False
80,8190,8196,8140,8197,8159,8156,8199,8162,8222,8216,8104,8193,8247,8350,14.561765193939207,False
81,8185,8211,8194,8182,8215,8155,8178,8173,8211,8209,8084,8196,8227,8330,14.569780588150024,False
82,8181,8200,8186,8193,8187,8158,8176,8174,8219,8214,8091,8197,8217,8327,14.577451467514038,False
83,8175,8184,8138,8177,8161,8145,8174,8158,8209,8206,8081,8170,8208,8317,14.585676431655884,False
84,8180,8187,8170,8155,8176,8138,8168,8171,8180,8188,8044,8161,8186,8297,14.592740297317505,False
85,8163,8181,8168,8151,8167,8137,8186,8179,8185,8189,8039,8160,8177,8290,14.600537061691284,False
86,8140,8161,8157,8141,8162,8129,8194,8172,8194,8186,8049,8153,8171,8283,14.608718872070312,False
87,8120,8135,8107,8119,8115,8129,8190,8153,8192,8181,8040,8134,8162,8273,14.616745710372925,False
88,8132,8161,8154,8105,8151,8147,8189,8177,8190,8178,8025,8148,8144,8268,14.624584913253784,False
89,8136,8166,8172,8111,8153,8152,8200,8186,8191,8174,8025,8146,8134,8269,14.632768154144289,False
90,8120,8140,8109,8115,8124,8145,8209,8162,8191,8170,8016,8122,8128,8260,14.64074420928955,False
91,8140,8165,8204,8112,8189,8145,8198,8194,8175,8160,8000,8156,8110,8251,14.648776769638062,False
92,8126,8148,8176,8101,8123,8134,8192,8187,8161,8152,8021,8155,8115,8257,14.655831336975098,False
93,8102,8134,8103,8111,8094,8135,8189,8156,8166,8150,8045,8145,8134,8268,14.663767099380491,False
94,8139,8176,8179,8142,8163,8159,8183,8171,8186,8167,8065,8187,8154,8288,14.671738624572754,False
95,8163,8189,8180,8162,8149,8160,8183,8164,8198,8192,8099,8193,8187,8312,14.679675340652466,False
96,8159,8196,8177,8168,8162,8156,8175,8153,8179,8179,8100,8179,8193,8304,14.687776803970335,False
97,8135,8187,8155,8159,8158,8165,8176,8146,8175,8168,8077,8165,8179,8286,14.695765495300291,False
98,8129,8179,8163,8148,8166,8166,8179,8155,8191,8187,8072,8164,8172,8288,14.703505992889404,False
99,8152,8180,8184,8133,8163,8152,8175,8177,8198,8190,8078,8168,8180,8291,14.711807250976562,False
100,8139,8155,8118,8111,8136,8141,8180,8173,8209,8183,8075,8145,8178,8266,14.71971607208252,False
101,8127,8158,8159,8111,8185,8139,8178,8171,8196,8183,8052,8149,8151,8243,14.726539373397827,False
102,8123,8156,8149,8118,8136,8137,8185,8151,8174,8189,8054,8152,8155,8259,14.734625577926636,False
103,8124,8166,8129,8104,8134,8139,8191,8148,8175,8182,8064,8152,8159,8263,14.742777109146118,False
104,8149,8190,8216,8102,8220,8148,8176,8174,8178,8174,8052,8169,8134,8245,14.750495195388794,False
105,8152,8178,8170,8125,8170,8143,8171,8162,8188,8192,8066,8160,8143,8265,14.75877857208252,False
106,8162,8188,8154,8141,8166,8143,8177,8167,8196,8194,8076,8163,8166,8298,14.766769647598268,False
107,8173,8200,8176,8148,8190,8154,8186,8176,8204,8178,8070,8166,8166,8298,14.774768590927124,False
108,8177,8213,8177,8156,8188,8168,8187,8174,8206,8176,8071,8165,8165,8298,14.782752990722656,False
109,8191,8223,8206,8149,8181,8175,8183,8186,8193,8174,8072,8184,8166,8314,14.789742708206177,False
110,8172,8198,8146,8145,8129,8170,8180,8154,8174,8167,8069,8163,8159,8304,14.79772400856018,False
111,8164,8212,8160,8157,8159,8170,8156,8131,8147,8150,8045,8151,8134,8270,14.805734872817991,False
112,8174,8213,8173,8160,8155,8180,8144,8132,8149,8148,8043,8168,8135,8267,14.813712120056152,False
113,8167,8201,8139,8153,8147,8186,8146,8138,8175,8163,8072,8178,8164,8280,14.821747779846191,False
114,8160,8216,8187,8154,8187,8191,8139,8158,8184,8174,8096,8177,8174,8265,14.829753637313845,False
115,8142,8199,8150,8149,8149,8197,8155,8151,8200,8192,8108,8152,8175,8251,14.837743997573853,False
116,8137,8199,8169,8141,8199,8213,8170,8176,8212,8192,8089,8165,8167,8260,14.84575867652893,False
117,8126,8197,8203,8146,8209,8224,8178,8199,8215,8186,8088,8181,8169,8263,14.853528261184692,False
118,8111,8171,8129,8156,8142,8224,8191,8170,8226,8201,8111,8151,8187,8259,14.860766410827637,False
119,8141,8184,8151,8151,8168,8227,8191,8168,8214,8203,8108,8163,8195,8278,14.86877417564392,False
120,8167,8196,8161,8143,8149,8217,8196,8173,8202,8196,8117,8195,8211,8318,14.876519203186035,False
121,8188,8212,8178,8162,8157,8193,8184,8176,8201,8198,8142,8209,8222,8331,14.884769439697266,False
122,8226,8224,8208,8191,8188,8186,8167,8181,8205,8214,8167,8211,8246,8348,14.89277410507202,False
123,8245,8226,8186,8207,8191,8201,8183,8186,8228,8229,8175,8213,8279,8388,14.900871276855469,False
124,8237,8232,8209,8198,8216,8221,8198,8209,8244,8214,8149,8216,8256,8379,14.908745288848875,False
125,8181,8190,8132,8158,8167,8230,8198,8188,8239,8198,8103,8163,8206,8315,14.91682481765747,False
126,8152,8175,8128,8131,8183,8257,8200,8185,8226,8192,8064,8137,8177,8266,14.923757314682009,False
127,8163,8174,8181,8120,8185,8282,8215,8197,8227,8187,8060,8156,8164,8261,14.93177843093872,False
237,8128,8141,8110,8096,8125,8261,8217,8158,8221,8175,8054,8137,8141,8251,14.939751148223875,False
0,8119,8157,8168,8096,8194,8237,8187,8158,8192,8153,8015,8135,8109,8219,14.947778463363647,False
1,8141,8173,8194,8123,8193,8223,8171,8162,8180,8156,8021,8140,8119,8216,14.955692291259766,False
2,8150,8165,8140,8140,8152,8206,8164,8144,8171,8162,8048,8143,8136,8240,14.96377444267273,False
3,8163,8154,8159,8145,8175,8202,8156,8148,8158,8157,8048,8170,8139,8259,14.971755504608154,False
4,8180,8157,8158,8156,8176,8207,8162,8155,8172,8167,8055,8181,8161,8273,14.979587316513062,False
5,8208,8192,8205,8164,8195,8206,8157,8175,8184,8172,8066,8190,8172,8284,14.98782467842102,False
6,8204,8175,8181,8169,8151,8203,8154,8159,8184,8174,8075,8189,8174,8305,14.994765996932983,False
7,8193,8158,8154,8173,8156,8210,8162,8138,8183,8183,8086,8188,8186,8326,15.002613067626951,False
8,8201,8182,8191,8171,8181,8212,8161,8147,8178,8186,8082,8190,8186,8316,15.010733366012571,False
9,8172,8172,8145,8159,8136,8199,8150,8132,8171,8175,8055,8166,8169,8295,15.01877212524414,False
10,8163,8161,8175,8150,8172,8196,8137,8147,8158,8160,8035,8172,8146,8295,15.026838302612305,False
11,8164,8146,8161,8155,8146,8205,8158,8168,8172,8174,8059,8165,8161,8301,15.034649133682253,False
12,8149,8152,8124,8159,8140,8211,8182,8179,8212,8191,8069,8145,8183,8283,15.042734146118164,False
13,8151,8177,8197,8151,8205,8211,8174,8208,8222,8190,8052,8161,8177,8273,15.050770044326782,False
14,8137,8157,8155,8147,8155,8209,8179,8198,8221,8197,8064,8159,8179,8289,15.057735919952393,False
15,8128,8156,8131,8149,8154,8215,8187,8185,8218,8199,8065,8150,8172,8277,15.065778732299805,False
16,8122,8149,8135,8138,8154,8209,8181,8176,8213,8190,8048,8139,8157,8242,15.073737621307371,False
17,8102,8134,8124,8126,8141,8188,8174,8167,8201,8187,8044,8132,8144,8230,15.08169937133789,False
18,8106,8141,8176,8129,8176,8183,8170,8180,8188,8186,8047,8147,8133,8238,15.089764595031738,False
19,8102,8125,8137,8126,8149,8190,8183,8169,8207,8197,8061,8139,8146,8237,15.097772598266602,False
20,8108,8142,8148,8129,8170,8195,8194,8181,8222,8202,8060,8140,8150,8226,15.105733156204224,False
21,8121,8160,8167,8148,8162,8190,8200,8196,8228,8201,8058,8151,8149,8241,15.11376929283142,False
22,8129,8166,8146,8166,8154,8195,8201,8193,8243,8206,8079,8159,8172,8275,15.121737718582152,False
23,8159,8198,8214,8180,8194,8214,8197,8214,8240,8218,8104,8189,8199,8287,15.128503799438477,False
24,8148,8183,8163,8183,8128,8208,8209,8201,8243,8230,8122,8177,8215,8282,15.136658430099487,False
25,8122,8164,8132,8168,8129,8191,8205,8188,8235,8212,8102,8152,8199,8269,15.144742012023926,False
26,8127,8172,8171,8162,8140,8182,8198,8188,8207,8187,8067,8149,8165,8253,15.15275764465332,False
27,8133,8175,8146,8170,8109,8181,8212,8169,8203,8190,8058,8144,8150,8244,15.16075873374939,False
28,8144,8176,8177,8165,8157,8192,8219,8181,8209,8190,8053,8150,8145,8239,15.168771266937256,False
29,8127,8147,8147,8132,8143,8198,8222,8180,8209,8174,8046,8127,8136,8239,15.1767737865448,False
30,8105,8139,8130,8105,8142,8193,8218,8175,8205,8158,8037,8116,8112,8231,15.184707403182983,False
31,8106,8147,8157,8113,8145,8184,8213,8172,8197,8158,8036,8130,8100,8220,15.191773653030396,False
32,8112,8145,8137,8131,8127,8180,8203,8152,8188,8166,8035,8127,8112,8215,15.199764251708984,False
33,8130,8160,8184,8145,8170,8186,8174,8152,8171,8159,8036,8143,8114,8228,15.207679510116575,False
34,8124,8151,8155,8147,8142,8179,8161,8135,8170,8163,8075,8150,8134,8265,15.215759515762327,False
35,8131,8154,8172,8143,8176,8170,8154,8151,8175,8182,8096,8172,8166,8289,15.223755598068236,False
36,8155,8159,8233,8150,8198,8173,8150,8192,8183,8195,8098,8205,8180,8295,15.231602668762209,False
37,8140,8139,8139,8152,8120,8173,8171,8183,8206,8200,8123,8180,8196,8305,15.23976230621338,False
38,8140,8155,8138,8142,8164,8172,8184,8193,8219,8197,8116,8162,8190,8297,15.247745037078856,False
39,8142,8142,8166,8138,8187,8169,8178,8197,8221,8192,8076,8158,8167,8278,15.254603147506714,False
40,8127,8128,8160,8145,8169,8169,8178,8180,8214,8182,8061,8155,8151,8268,15.26272463798523,False
41,8131,8149,8173,8136,8154,8171,8182,8170,8197,8177,8075,8153,8149,8260,15.270524978637695,False
42,8132,8149,8135,8127,8119,8169,8183,8153,8193,8182,8063,8138,8143,8245,15.27859663963318,False
43,8140,8155,8178,8138,8168,8170,8172,8164,8182,8166,8029,8145,8110,8223,15.286636352539062,False
44,8125,8139,8155,8131,8155,8168,8171,8159,8164,8156,8038,8138,8096,8218,15.294516563415527,False
45,8109,8135,8124,8133,8144,8157,8174,8144,8148,8157,8055,8132,8102,8222,15.302518129348757,False
46,8128,8152,8182,8159,8170,8153,8176,8159,8155,8151,8056,8156,8108,8237,15.310488939285278,False
47,8121,8139,8134,8152,8131,8166,8184,8157,8181,8158,8070,8145,8126,8246,15.317468881607056,False
48,8129,8168,8177,8139,8186,8175,8169,8168,8166,8154,8066,8148,8116,8231,15.325766563415527,False
49,8151,8180,8206,8156,8190,8170,8175,8171,8159,8156,8078,8169,8128,8258,15.33371353149414,False
50,8146,8163,8153,8168,8169,8176,8198,8175,8190,8183,8114,8175,8177,8308,15.341766357421877,False
51,8149,8180,8211,8156,8207,8174,8182,8198,8190,8183,8114,8184,8182,8302,15.349772453308104,False
52,8141,8174,8169,8157,8134,8142,8156,8160,8170,8168,8104,8163,8165,8275,15.357733249664308,False
53,8154,8190,8170,8181,8145,8131,8137,8157,8160,8162,8104,8170,8157,8273,15.365778923034668,False
54,8174,8207,8213,8194,8169,8147,8141,8179,8163,8163,8106,8190,8161,8282,15.373745679855348,False
55,8157,8180,8158,8182,8133,8150,8153,8150,8160,8160,8093,8164,8156,8274,15.381513118743896,False
56,8153,8176,8170,8153,8166,8154,8147,8151,8152,8154,8068,8150,8132,8250,15.388593912124634,False
57,8146,8188,8154,8129,8144,8163,8154,8166,8170,8166,8072,8145,8122,8236,15.396775484085085,False
58,8135,8098,8145,8126,8130,8167,8168,8174,8181,8170,8088,8150,8126,8240,15.404802083969116,False
59,8135,7869,8143,8135,8128,8167,8171,8170,8169,8167,8085,8154,8133,8252,15.412771224975586,False
60,8147,7759,8148,8153,8144,8168,8173,8170,8164,8168,8081,8156,8129,8260,15.42078185081482,False
61,8166,7824,8205,8169,8184,8164,8179,8193,8170,8163,8082,8170,8126,8257,15.428772449493408,False
62,8145,7809,8153,8159,8151,8157,8184,8187,8182,8167,8085,8157,8140,8251,15.436766862869264,False
63,8150,7789,8165,8147,8179,8163,8185,8196,8181,8175,8087,8168,8149,8262,15.444835424423218,False
64,8183,7833,8200,8172,8186,8177,8203,8212,8186,8181,8110,8193,8165,8294,15.451786279678345,False
65,8177,7835,8151,8183,8165,8187,8217,8194,8202,8185,8139,8182,8180,8312,15.459737062454224,False
66,8173,7829,8185,8155,8206,8193,8195,8187,8193,8181,8131,8182,8164,8301,15.467730045318604,False
67,8170,7839,8164,8146,8172,8186,8174,8167,8185,8186,8125,8181,8165,8304,15.475764274597168,False
68,8185,7866,8157,8177,8173,8183,8155,8162,8199,8198,8145,8193,8189,8329,15.483537912368774,False
69,8206,7874,8197,8203,8184,8184,8123,8164,8209,8206,8154,8202,8206,8342,15.491761207580566,False
70,8186,7850,8153,8188,8145,8169,8105,8139,8199,8204,8133,8174,8205,8324,15.499767780303957,False
71,8179,7850,8174,8157,8174,8157,8099,8149,8180,8190,8113,8173,8180,8303,15.507534742355348,False
72,8166,7828,8150,8138,8151,8163,8114,8153,8186,8188,8126,8169,8172,8300,15.514652252197266,False
73,8148,7833,8146,8143,8183,8174,8127,8156,8189,8190,8124,8158,8164,8280,15.522763013839722,False
74,8153,7862,8196,8153,8218,8179,8123,8177,8174,8176,8109,8160,8142,8250,15.530859470367432,False
75,8141,7850,8131,8160,8135,8179,8128,8159,8176,8170,8117,8140,8151,8244,15.53875732421875,False
76,8134,7855,8149,8164,8156,8179,8122,8162,8181,8173,8115,8143,8161,8246,15.546760320663452,False
77,8130,7855,8160,8154,8171,8169,8125,8174,8189,8181,8113,8155,8163,8259,15.554765224456789,False
78,8126,7863,8147,8154,8164,8163,8136,8176,8199,8188,8118,8155,8174,8269,15.562744855880736,False
79,8152,7889,8201,8178,8177,8171,8140,8183,8200,8194,8130,8168,8186,8262,15.57083249092102,False
80,8173,7895,8167,8193,8148,8175,8143,8170,8212,8203,8147,8172,8204,8273,15.578762292861938,False
81,8194,7930,8195,8202,8193,8171,8124,8175,8211,8201,8130,8187,8207,8298,15.585628747940063,False
82,8193,7939,8200,8213,8185,8163,8122,8164,8203,8198,8110,8177,8199,8307,15.593751192092896,False
83,8184,7926,8156,8211,8174,8159,8140,8147,8194,8187,8109,8161,8187,8299,15.601711988449097,False
84,8197,7939,8187,8193,8195,8159,8137,8164,8181,8171,8108,8176,8175,8294,15.60952353477478,False
85,8187,7934,8150,8179,8138,8164,8141,8156,8186,8184,8108,8163,8179,8304,15.6177396774292,False
86,8176,7929,8161,8165,8172,8171,8154,8163,8186,8185,8092,8158,8174,8296,15.625739574432371,False
87,8153,7912,8154,8149,8175,8163,8156,8169,8185,8165,8078,8152,8160,8266,15.632544040679932,False
88,8124,7911,8114,8152,8142,8150,8138,8152,8189,8172,8083,8141,8158,8251,15.641733169555664,False
89,8153,7939,8176,8167,8158,8148,8126,8162,8183,8184,8094,8175,8166,8269,15.648833513259888,False
90,8177,7928,8156,8168,8119,8136,8129,8163,8191,8180,8116,8195,8194,8313,15.656705141067505,False
91,8169,7926,8152,8153,8157,8128,8116,8163,8189,8169,8115,8187,8197,8330,15.664729118347168,False
92,8147,7928,8163,8144,8158,8134,8111,8158,8169,8162,8089,8165,8170,8298,15.672751903533936,False
93,8139,7933,8138,8157,8117,8140,8127,8152,8168,8158,8076,8154,8152,8266,15.680728673934937,False
94,8163,7962,8192,8165,8164,8143,8134,8164,8177,8159,8075,8178,8158,8280,15.688648223876951,False
95,8154,7947,8164,8146,8151,8137,8138,8134,8171,8166,8077,8167,8173,8298,15.696763277053831,False
96,8148,7945,8158,8130,8154,8135,8134,8129,8159,8161,8067,8158,8158,8285,15.70473599433899,False
97,8178,7963,8183,8144,8160,8146,8135,8160,8174,8173,8088,8179,8164,8286,15.71165943145752,False
98,8187,7964,8166,8164,8160,8154,8148,8171,8200,8194,8127,8185,8198,8298,15.719731092453005,False
99,8188,7980,8218,8164,8199,8159,8154,8200,8200,8185,8119,8186,8189,8297,15.727766036987305,False
100,8180,7966,8157,8158,8137,8153,8163,8194,8204,8185,8102,8163,8179,8305,15.735740661621094,False
101,8183,7963,8124,8166,8142,8142,8155,8178,8202,8187,8097,8153,8182,8300,15.74375319480896,False
102,8189,7979,8172,8180,8179,8141,8139,8181,8188,8175,8090,8161,8169,8273,15.751767873764038,False
103,8171,7982,8156,8174,8158,8145,8140,8170,8196,8172,8085,8160,8165,8272,15.759544849395752,False
104,8171,7995,8186,8166,8181,8151,8137,8175,8199,8175,8083,8175,8168,8285,15.767761945724487,False
105,8156,7983,8145,8174,8142,8163,8147,8161,8191,8177,8095,8160,8166,8271,15.77573823928833,False
106,8146,7997,8141,8165,8160,8174,8153,8158,8187,8168,8092,8149,8154,8256,15.782665491104126,False
107,8158,8008,8184,8134,8177,8165,8150,8163,8183,8160,8082,8168,8151,8270,15.790759563446043,False
108,8138,7973,8120,8119,8113,8155,8157,8146,8183,8165,8089,8156,8151,8282,15.798766136169434,False
109,8135,7981,8162,8129,8154,8159,8153,8165,8178,8162,8082,8162,8135,8270,15.806727647781372,False
110,8150,7993,8165,8140,8143,8153,8144,8160,8188,8172,8103,8169,8159,8290,15.814625024795532,False
111,8181,8018,8148,8163,8142,8148,8138,8149,8205,8201,8151,8183,8208,8333,15.822762727737429,False
112,8219,8050,8225,8194,8200,8154,8120,8173,8208,8206,8156,8204,8217,8341,15.830768585205078,False
113,8199,8034,8173,8192,8155,8140,8101,8161,8200,8186,8131,8168,8200,8316,15.838648319244385,False
114,8176,8037,8141,8169,8144,8129,8092,8166,8190,8171,8105,8147,8179,8297,15.845763921737673,False
115,8180,8037,8152,8157,8144,8145,8104,8184,8202,8178,8108,8160,8183,8297,15.853768587112429,False
116,8177,8039,8154,8161,8165,8155,8117,8179,8208,8176,8111,8159,8183,8278,15.861680269241331,False
117,8166,8055,8186,8169,8174,8158,8125,8169,8184,8156,8105,8156,8161,8255,15.869757413864136,False
118,8145,8039,8145,8163,8118,8169,8144,8152,8178,8160,8121,8156,8167,8263,15.877743244171144,False
119,8154,8049,8179,8162,8154,8178,8145,8161,8187,8169,8137,8183,8179,8265,15.885569095611572,False
120,8165,8053,8188,8174,8142,8168,8149,8157,8184,8167,8161,8197,8183,8261,15.893842220306396,False
121,8177,8061,8182,8207,8140,8164,8159,8149,8170,8164,8186,8215,8200,8278,15.901761054992676,False
122,8232,8110,8283,8252,8215,8175,8139,8167,8157,8166,8180,8262,8211,8309,15.908519268035889,False
123,8240,8104,8229,8267,8166,8173,8118,8135,8159,8176,8162,8252,8219,8329,15.916756868362429,False
124,8229,8101,8202,8256,8174,8171,8101,8126,8147,8169,8161,8244,8228,8338,15.924758672714232,False
125,8251,8122,8244,8265,8214,8184,8109,8151,8148,8175,8191,8260,8252,8352,15.932491302490234,False
126,8255,8125,8196,8272,8195,8201,8134,8158,8182,8202,8200,8241,8273,8358,15.940485000610352,False
127,8242,8125,8186,8248,8179,8204,8136,8174,8184,8201,8164,8220,8261,8338,15.948464393615724,False
237,8217,8107,8144,8217,8121,8184,8144,8173,8171,8185,8127,8195,8247,8330,15.956424713134766,False
0,8211,8111,8166,8205,8164,8176,8171,8193,8175,8182,8097,8187,8232,8325,15.964528799057009,False
1,8200,8098,8176,8194,8196,8183,8193,8214,8181,8187,8075,8176,8216,8304,15.972427368164062,False
2,8165,8074,8116,8178,8174,8176,8200,8200,8188,8186,8067,8151,8214,8290,15.979612588882446,False
3,8171,8087,8160,8174,8197,8170,8192,8204,8197,8184,8061,8163,8214,8290,15.987728834152222,False
4,8174,8075,8114,8181,8141,8173,8183,8170,8207,8194,8060,8153,8216,8290,15.99572730064392,False
5,8189,8098,8154,8188,8199,8179,8153,8150,8181,8183,8044,8163,8197,8283,16.00376534461975,False
6,8204,8121,8243,8195,8241,8181,8130,8155,8151,8168,8042,8189,8194,8288,16.011529207229614,False
7,8176,8100,8137,8200,8152,8179,8146,8126,8160,8182,8068,8164,8212,8302,16.019721031188965,False
8,8187,8120,8150,8200,8190,8184,8165,8137,8162,8188,8065,8167,8192,8297,16.027727603912354,False
9,8199,8122,8175,8200,8198,8187,8178,8146,8162,8182,8051,8173,8176,8291,16.03555655479431,False
10,8180,8112,8141,8208,8183,8179,8167,8134,8162,8177,8050,8161,8179,8282,16.042564153671265,False
11,8184,8120,8158,8207,8199,8165,8153,8131,8145,8173,8053,8164,8176,8273,16.050676584243774,False
12,8183,8114,8139,8191,8183,8151,8158,8120,8132,8172,8060,8159,8178,8278,16.05885624885559,False
13,8168,8108,8145,8178,8194,8155,8157,8132,8126,8171,8052,8157,8180,8287,16.0667622089386,False
14,8146,8089,8115,8173,8165,8158,8155,8128,8120,8173,8043,8141,8171,8269,16.07473635673523,False
15,8141,8095,8139,8164,8192,8138,8156,8132,8108,8163,8026,8133,8147,8239,16.082788944244385,False
16,8132,8083,8160,8137,8187,8133,8175,8166,8122,8162,8021,8138,8143,8242,16.090755224227905,False
17,8091,8048,8088,8110,8141,8164,8204,8173,8154,8171,8031,8122,8152,8239,16.098777055740356,False
18,8101,8081,8175,8114,8227,8201,8216,8185,8153,8156,8019,8134,8123,8202,16.106804370880127,True
19,8120,8088,8197,8120,8206,8206,8233,8181,8165,8155,8022,8142,8120,8206,16.113667011260986,True
20,8114,8064,8113,8128,8140,8195,8246,8181,8210,8184,8049,8139,8159,8248,16.12182593345642,True
21,8132,8090,8142,8150,8170,8188,8232,8207,8239,8196,8065,8162,8183,8269,16.129716873168945,True
22,8152,8113,8161,8159,8179,8180,8209,8203,8243,8199,8091,8172,8199,8277,16.137587547302246,True
23,8172,8132,8187,8172,8201,8172,8182,8204,8231,8203,8110,8187,8211,8294,16.14579153060913,True
24,8187,8135,8168,8199,8183,8170,8176,8202,8233,8215,8113,8195,8224,8321,16.153745412826538,True
25,8187,8133,8155,8193,8194,8175,8186,8198,8236,8224,8109,8190,8223,8329,16.16157102584839,True
26,8184,8134,8195,8165,8212,8175,8185,8195,8213,8210,8105,8187,8207,8306,16.168558597564697,True
27,8161,8117,8136,8160,8152,8166,8192,8173,8204,8200,8095,8162,8203,8294,16.176777839660645,True
28,8156,8126,8159,8160,8190,8160,8192,8193,8202,8199,8058,8165,8185,8287,16.184808015823364,True
29,8147,8114,8169,8157,8195,8153,8192,8197,8205,8202,8056,8163,8173,8271,16.192781925201416,True
30,8125,8110,8123,8161,8188,8152,8205,8179,8219,8206,8087,8146,8188,8263,16.20078134536743,True
31,8131,8131,8189,8153,8250,8157,8200,8200,8217,8198,8073,8161,8181,8253,16.208554983139038,True
32,8128,8108,8155,8140,8194,8158,8198,8186,8224,8195,8056,8157,8173,8256,16.216562509536743,True
33,8134,8111,8137,8147,8181,8168,8215,8173,8242,8208,8069,8158,8183,8282,16.22451615333557,True
34,8133,8122,8163,8145,8201,8165,8235,8176,8251,8216,8072,8159,8181,8285,16.23262596130371,True
35,8112,8110,8142,8144,8190,8149,8234,8169,8248,8204,8052,8149,8161,8258,16.23954677581787,True
36,8137,8127,8195,8161,8217,8158,8220,8188,8239,8186,8045,8169,8150,8258,16.247518301010132,True
37,8144,8117,8148,8151,8172,8169,8232,8176,8240,8195,8065,8159,8169,8279,16.25550127029419,True
38,8134,8111,8131,8130,8172,8161,8232,8167,8236,8206,8074,8156,8171,8274,16.263623476028442,True
39,8150,8122,8172,8145,8175,8155,8233,8181,8240,8208,8091,8175,8165,8273,16.271684646606445,True
40,8151,8128,8146,8164,8164,8152,8246,8173,8247,8207,8109,8163,8177,8284,16.279599905014038,True
41,8147,8133,8190,8157,8217,8141,8219,8181,8222,8197,8087,8168,8174,8278,16.28753972053528,True
42,8140,8101,8150,8146,8173,8133,8204,8179,8223,8201,8083,8170,8170,8273,16.295604705810547,True
43,8141,8109,8139,8140,8187,8141,8222,8191,8244,8195,8083,8163,8154,8267,16.302762985229492,True
44,8128,8122,8188,8124,8220,8144,8224,8204,8238,8177,8063,8150,8130,8248,16.31080460548401,True
45,8094,8095,8129,8114,8158,8141,8218,8178,8234,8188,8067,8131,8139,8238,16.318598747253418,True
46,8112,8111,8141,8129,8166,8156,8226,8183,8238,8204,8083,8151,8154,8247,16.32647180557251,True
47,8140,8129,8155,8150,8168,8162,8239,8195,8243,8207,8096,8163,8168,8261,16.334512948989868,True
48,8142,8142,8163,8158,8179,8151,8225,8193,8238,8201,8108,8167,8173,8259,16.342503309249878,True
49,8150,8165,8185,8169,8182,8150,8210,8177,8224,8195,8118,8177,8162,8263,16.350560426712036,True
50,8154,8167,8151,8175,8169,8149,8216,8154,8223,8196,8118,8166,8157,8269,16.35849118232727,True
51,8164,8176,8197,8170,8217,8149,8208,8166,8226,8194,8104,8171,8155,8261,16.366568565368652,True
52,8150,8159,8160,8172,8165,8163,8207,8147,8230,8197,8109,8161,8168,8261,16.37346315383911,True
53,8140,8157,8148,8168,8175,8188,8217,8142,8230,8190,8112,8154,8158,8260,16.38138246536255,True
54,8141,8161,8205,8152,8209,8197,8230,8181,8236,8181,8101,8169,8144,8248,16.389597177505493,True
55,8112,8141,8121,8148,8130,8183,8242,8177,8257,8196,8109,8150,8169,8253,16.39763331413269,True
56,8128,8182,8187,8155,8211,8182,8230,8206,8249,8194,8109,8163,8164,8262,16.40567970275879,True
57,8144,8184,8224,8147,8226,8175,8227,8218,8232,8180,8108,8169,8143,8270,16.413546562194824,True
58,8120,8152,8113,8145,8138,8147,8229,8173,8228,8179,8110,8145,8152,8276,16.421802043914795,True
59,8137,8178,8146,8162,8170,8143,8209,8174,8223,8184,8106,8161,8168,8276,16.429601907730103,True
60,8148,8171,8156,8153,8169,8145,8191,8178,8224,8189,8106,8161,8166,8278,16.43681287765503,True
61,8147,8158,8158,8138,8165,8127,8170,8167,8208,8175,8092,8154,8144,8269,16.444746494293213,True
62,8156,8171,8165,8145,8166,8116,8164,8159,8198,8167,8100,8157,8149,8267,16.452688455581665,True
63,8164,8180,8166,8157,8178,8127,8167,8157,8203,8170,8124,8168,8168,8285,16.46078085899353,True
64,8185,8171,8183,8175,8160,8126,8150,8154,8198,8166,8134,8182,8168,8306,16.468644618988037,True
65,8198,8174,8144,8203,8115,8119,8144,8131,8199,8181,8145,8175,8181,8317,16.476393222808838,True
66,8212,8224,8201,8215,8191,8141,8154,8144,8203,8197,8152,8189,8205,8323,16.484692811965942,True
67,8205,8215,8202,8196,8183,8145,8164,8148,8198,8189,8157,8192,8210,8322,16.49256658554077,True
68,8182,8173,8133,8179,8134,8116,8163,8132,8191,8178,8152,8173,8194,8305,16.49942708015442,True
69,8178,8177,8167,8184,8170,8114,8157,8149,8180,8180,8138,8176,8186,8299,16.50761890411377,True
70,8160,8174,8149,8179,8146,8116,8164,8140,8166,8176,8129,8164,8182,8299,16.51553225517273,True
71,8158,8181,8171,8167,8179,8112,8170,8153,8162,8162,8123,8159,8169,8273,16.523581743240356,True
72,8162,8173,8179,8172,8193,8123,8177,8178,8190,8175,8140,8166,8186,8262,16.531392335891724,True
73,8153,8173,8131,8182,8166,8138,8184,8172,8215,8194,8151,8164,8205,8286,16.539556741714478,True
74,8175,8214,8196,8174,8198,8146,8174,8187,8208,8180,8126,8180,8183,8301,16.54764723777771,True
75,8174,8197,8150,8172,8135,8159,8182,8185,8221,8186,8147,8170,8198,8310,16.555393934249878,True
76,8175,8202,8154,8195,8178,8179,8194,8197,8233,8201,8175,8177,8223,8304,16.563453674316406,True
77,8184,8215,8222,8196,8222,8186,8188,8199,8218,8189,8153,8187,8200,8278,16.57070755958557,True
78,8153,8184,8136,8175,8131,8170,8177,8152,8219,8182,8146,8153,8186,8269,16.57871723175049,True
79,8164,8200,8176,8185,8172,8160,8163,8166,8218,8193,8155,8173,8195,8282,16.58662986755371,True
80,8172,8196,8199,8195,8195,8151,8163,8173,8210,8199,8156,8181,8204,8286,16.594640970230103,True
81,8143,8177,8137,8184,8168,8131,8154,8144,8194,8181,8146,8153,8191,8273,16.60259771347046,True
82,8150,8193,8145,8183,8166,8114,8148,8154,8180,8165,8144,8162,8178,8275,16.61074209213257,True
83,8163,8200,8149,8184,8163,8110,8160,8173,8181,8171,8144,8169,8188,8293,16.618579149246216,True
84,8146,8189,8158,8160,8176,8119,8160,8180,8180,8175,8133,8161,8183,8287,16.626564264297485,True
85,8125,8173,8118,8143,8145,8141,8178,8171,8192,8176,8127,8147,8175,8271,16.633633613586426,True
86,8150,8194,8148,8166,8179,8171,8202,8185,8209,8177,8126,8164,8180,8270,16.641470193862915,True
87,8174,8203,8191,8188,8179,8187,8204,8205,8224,8181,8145,8183,8194,8288,16.649738311767578,True
88,8163,8190,8140,8184,8119,8181,8195,8190,8237,8193,8161,8175,8207,8300,16.65779709815979,True
89,8181,8218,8189,8185,8161,8173,8177,8188,8222,8189,8151,8185,8203,8299,16.665531158447266,True
90,8176,8215,8180,8185,8149,8170,8171,8171,8211,8183,8150,8172,8195,8295,16.67361044883728,True
91,8162,8210,8161,8182,8154,8182,8179,8168,8213,8187,8153,8171,8184,8292,16.68170690536499,True
92,8209,8236,8233,8205,8197,8195,8175,8187,8211,8188,8169,8212,8195,8313,16.689544677734375,True
93,8223,8228,8174,8238,8143,8194,8158,8154,8211,8187,8202,8203,8236,8344,16.697701692581177,True
94,8195,8236,8166,8234,8174,8193,8140,8151,8203,8190,8197,8183,8242,8328,16.704764127731323,True
95,8180,8240,8188,8213,8205,8190,8147,8175,8205,8206,8189,8185,8237,8305,16.712701082229614,True
96,8190,8226,8156,8226,8184,8182,8158,8176,8215,8209,8197,8185,8244,8322,16.72056555747986,True
97,8211,8232,8180,8238,8172,8170,8152,8182,8199,8191,8173,8184,8227,8330,16.728668212890625,True
98,8195,8225,8152,8200,8126,8152,8159,8169,8184,8183,8143,8162,8203,8299,16.73674774169922,True
99,8177,8221,8170,8161,8163,8145,8168,8169,8179,8167,8128,8155,8171,8259,16.7446711063385,True
100,8171,8210,8170,8167,8154,8144,8173,8163,8184,8163,8128,8156,8161,8254,16.75272011756897,True
101,8164,8203,8134,8176,8136,8143,8179,8160,8205,8186,8142,8156,8193,8281,16.76070737838745,True
102,8169,8211,8181,8169,8180,8154,8180,8189,8229,8198,8160,8181,8217,8299,16.76758599281311,True
103,8167,8205,8154,8180,8148,8148,8177,8176,8250,8204,8176,8182,8230,8306,16.77563190460205,True
104,8193,8232,8184,8198,8174,8130,8156,8170,8239,8198,8167,8187,8227,8310,16.78374695777893,True
105,8205,8236,8205,8195,8160,8130,8145,8167,8211,8184,8159,8187,8213,8308,16.791672468185425,True
106,8179,8218,8138,8199,8112,8142,8155,8142,8198,8178,8170,8170,8213,8302,16.79973864555359,True
107,8194,8248,8184,8227,8168,8151,8156,8154,8198,8177,8173,8195,8227,8316,16.807486057281494,True
108,8203,8245,8177,8237,8157,8156,8155,8151,8210,8182,8178,8197,8239,8334,16.81555461883545,True
109,8188,8232,8166,8231,8153,8171,8150,8149,8210,8181,8179,8181,8233,8316,16.823578119277954,True
110,8179,8228,8174,8225,8140,8177,8159,8172,8215,8188,8184,8191,8244,8313,16.830667972564697,True
111,8176,8218,8140,8203,8120,8163,8170,8180,8229,8199,8183,8195,8251,8338,16.83853578567505,True
112,8188,8228,8189,8177,8176,8152,8151,8186,8201,8185,8145,8193,8220,8326,16.84665060043335,True
113,8171,8202,8145,8172,8149,8154,8161,8168,8176,8173,8119,8160,8195,8286,16.854711055755615,True
114,8157,8193,8131,8175,8156,8159,8189,8171,8186,8169,8113,8157,8186,8275,16.86276078224182,True
115,8164,8200,8176,8165,8159,8151,8189,8178,8183,8162,8105,8177,8181,8297,16.87068200111389,True
116,8145,8185,8124,8152,8113,8145,8180,8156,8170,8164,8098,8158,8175,8298,16.878767728805542,True
117,8155,8206,8190,8165,8180,8151,8167,8182,8167,8165,8088,8168,8163,8277,16.886691570281982,True
118,8182,8203,8204,8189,8166,8146,8168,8185,8177,8168,8103,8181,8189,8297,16.894721508026123,True
119,8202,8202,8160,8189,8134,8141,8161,8158,8175,8172,8121,8185,8213,8343,16.901705026626587,True
120,8216,8230,8186,8199,8144,8146,8146,8166,8176,8181,8130,8198,8207,8352,16.909695625305176,False
121,8212,8244,8170,8239,8122,8155,8151,8172,8201,8196,8153,8195,8225,8336,16.917563676834106,False
122,8234,8266,8220,8253,8174,8173,8157,8184,8206,8192,8151,8210,8244,8326,16.92575764656067,False
123,8230,8258,8198,8234,8169,8181,8160,8165,8199,8187,8138,8200,8242,8338,16.93370509147644,False
124,8200,8250,8150,8244,8160,8176,8157,8147,8192,8188,8136,8176,8224,8339,16.941530466079712,False
125,8206,8261,8181,8267,8183,8186,8145,8152,8180,8183,8132,8181,8208,8310,16.949723958969116,False
126,8188,8246,8139,8244,8153,8186,8137,8133,8171,8185,8124,8172,8209,8284,16.957751512527466,False
127,8159,8239,8154,8206,8172,8170,8128,8147,8156,8172,8097,8160,8185,8271,16.964699506759644,False
237,8132,8211,8132,8183,8144,8166,8136,8159,8156,8157,8061,8135,8151,8253,16.972673177719116,False
0,8116,8194,8112,8167,8147,8177,8148,8156,8156,8151,8034,8125,8133,8228,16.98071002960205,False
1,8130,8203,8191,8160,8187,8186,8155,8176,8144,8149,8046,8146,8127,8219,16.98873996734619,False
2,8125,8190,8149,8160,8127,8181,8170,8169,8160,8162,8088,8136,8143,8231,16.9966938495636,False
3,8127,8199,8134,8155,8139,8176,8163,8163,8166,8164,8092,8142,8148,8243,17.004759073257446,False
4,8144,8200,8167,8145,8155,8174,8153,8161,8156,8156,8088,8163,8143,8254,17.012707948684692,False
5,8166,8205,8169,8164,8143,8182,8168,8166,8173,8173,8114,8173,8163,8278,17.019593000411987,False
6,8192,8237,8196,8204,8166,8200,8184,8180,8185,8192,8145,8193,8193,8303,17.027662992477417,False
7,8186,8225,8160,8215,8143,8202,8190,8160,8179,8187,8170,8195,8217,8315,17.035752773284912,False
8,8197,8230,8205,8212,8174,8188,8175,8167,8165,8172,8161,8206,8213,8323,17.043518781661987,False
9,8214,8252,8211,8222,8157,8189,8179,8174,8169,8180,8147,8204,8209,8328,17.051755905151367,False
10,8200,8257,8153,8219,8135,8207,8202,8160,8184,8193,8146,8181,8214,8305,17.059722185134888,False
11,8216,8273,8222,8232,8183,8209,8191,8177,8181,8185,8136,8199,8207,8297,17.06749677658081,False
12,8230,8262,8188,8257,8133,8199,8184,8178,8185,8184,8146,8199,8223,8339,17.075748920440674,False
13,8221,8258,8162,8224,8158,8220,8205,8190,8187,8182,8152,8189,8220,8340,17.083754301071167,False
14,8204,8243,8201,8177,8181,8238,8218,8197,8185,8177,8126,8186,8185,8294,17.091639518737793,False
15,8191,8219,8159,8190,8126,8230,8205,8160,8189,8183,8109,8168,8177,8291,17.098717212677002,False
16,8184,8223,8160,8197,8157,8232,8187,8160,8183,8177,8102,8163,8180,8302,17.106565952301025,False
17,8137,8188,8128,8148,8142,8229,8176,8166,8174,8169,8076,8134,8161,8261,17.114763498306274,False
18,8127,8179,8146,8145,8146,8213,8154,8161,8156,8161,8060,8131,8141,8233,17.122673273086548,False
19,8182,8203,8192,8187,8160,8204,8148,8157,8144,8157,8096,8171,8166,8285,17.130773544311523,False
20,8185,8198,8154,8169,8145,8194,8158,8144,8139,8162,8116,8172,8186,8310,17.1387197971344,False
21,8161,8202,8188,8134,8183,8189,8151,8157,8125,8151,8085,8161,8152,8259,17.14669418334961,False
22,8157,8190,8161,8146,8136,8193,8160,8145,8124,8147,8093,8155,8136,8242,17.153653144836426,False
23,8175,8205,8169,8172,8141,8204,8180,8147,8132,8153,8126,8176,8162,8274,17.161744117736816,False
24,8182,8218,8219,8174,8179,8213,8182,8166,8134,8156,8144,8196,8184,8289,17.169694662094116,False
25,8170,8203,8154,8182,8140,8201,8183,8140,8143,8164,8160,8179,8196,8295,17.177744388580322,False
26,8204,8240,8204,8206,8179,8196,8185,8152,8150,8172,8169,8201,8209,8312,17.18580150604248,False
27,8225,8255,8220,8221,8168,8207,8194,8165,8171,8196,8193,8214,8247,8333,17.19351601600647,False
28,8209,8233,8165,8226,8147,8206,8184,8153,8188,8216,8202,8195,8268,8344,17.201754093170166,False
29,8210,8230,8175,8222,8153,8182,8155,8168,8183,8218,8179,8194,8253,8350,17.209752559661865,False
30,8208,8235,8154,8217,8129,8165,8146,8176,8178,8213,8163,8182,8244,8344,17.21753740310669,False
31,8200,8239,8186,8199,8167,8173,8137,8179,8170,8199,8142,8170,8219,8314,17.224748849868774,False
32,8161,8198,8155,8162,8147,8181,8141,8166,8171,8190,8123,8154,8195,8292,17.2326979637146,False
33,8135,8185,8125,8150,8152,8189,8151,8166,8173,8183,8118,8151,8184,8285,17.24074912071228,False
34,8164,8208,8178,8159,8174,8190,8150,8174,8152,8171,8110,8165,8173,8278,17.248716115951538,False
35,8173,8196,8147,8159,8130,8177,8161,8155,8147,8168,8115,8161,8181,8283,17.25674843788147,False
36,8176,8205,8189,8157,8184,8182,8173,8179,8155,8166,8120,8181,8176,8291,17.264716148376465,False
37,8173,8200,8193,8156,8162,8199,8185,8183,8155,8162,8120,8184,8156,8290,17.27270221710205,False
38,8162,8194,8137,8160,8126,8213,8194,8156,8151,8163,8132,8166,8156,8288,17.280824899673462,False
39,8195,8239,8198,8196,8196,8229,8194,8171,8152,8162,8163,8194,8188,8306,17.287744283676147,False
40,8217,8245,8186,8228,8178,8226,8195,8160,8156,8163,8176,8199,8216,8319,17.29555606842041,False
41,8210,8232,8175,8207,8164,8207,8177,8142,8140,8159,8137,8188,8191,8312,17.304741621017456,False
42,8200,8225,8176,8180,8157,8201,8159,8135,8126,8161,8119,8193,8171,8318,17.311737060546875,False
43,8198,8233,8155,8187,8157,8204,8146,8131,8131,8174,8144,8199,8194,8328,17.319513082504272,False
44,8205,8247,8194,8197,8192,8206,8131,8149,8144,8182,8149,8205,8209,8320,17.32763123512268,False
45,8187,8226,8150,8190,8167,8204,8139,8150,8165,8196,8139,8187,8211,8321,17.335744380950928,False
46,8187,8228,8169,8173,8195,8203,8140,8169,8167,8201,8120,8191,8198,8328,17.343605041503906,False
47,8182,8216,8175,8152,8168,8210,8147,8187,8174,8198,8111,8188,8190,8316,17.351745128631592,False
48,8155,8201,8119,8150,8137,8218,8169,8190,8195,8195,8114,8164,8194,8300,17.359689950942993,False
49,8177,8233,8208,8168,8216,8226,8170,8215,8185,8186,8098,8184,8183,8298,17.366743803024292,False
50,8172,8216,8182,8150,8174,8228,8169,8194,8177,8188,8093,8177,8178,8304,17.374659299850464,False
51,8132,8190,8119,8119,8138,8222,8176,8182,8185,8186,8095,8150,8168,8286,17.382524013519287,False
52,8131,8193,8158,8134,8156,8217,8184,8200,8189,8187,8090,8155,8154,8258,17.39044189453125,False
53,8157,8208,8167,8166,8158,8224,8198,8188,8190,8193,8099,8177,8166,8270,17.398557662963867,False
54,8187,8233,8201,8175,8193,8233,8203,8192,8181,8176,8116,8200,8176,8296,17.406527996063232,False
55,8177,8216,8160,8178,8150,8224,8204,8183,8173,8163,8128,8180,8172,8300,17.41449809074402,False
56,8172,8224,8160,8186,8158,8211,8192,8166,8161,8161,8109,8176,8159,8285,17.421531915664673,False
57,8191,8238,8199,8192,8170,8212,8187,8161,8164,8152,8099,8202,8166,8279,17.429462671279907,False
58,8177,8214,8151,8181,8135,8214,8187,8152,8165,8145,8111,8180,8169,8280,17.437543392181396,False
59,8167,8234,8195,8167,8185,8208,8154,8154,8130,8136,8094,8162,8131,8259,17.445523500442505,False
60,8154,8231,8158,8159,8139,8190,8127,8124,8122,8143,8086,8155,8135,8248,17.453711986541748,False
61,8142,8211,8146,8136,8149,8182,8123,8133,8144,8156,8088,8166,8155,8263,17.461745500564575,False
62,8145,8209,8218,8117,8202,8188,8129,8178,8143,8157,8082,8176,8130,8263,17.469443321228027,False
63,8124,8187,8123,8138,8118,8195,8150,8154,8157,8168,8095,8141,8125,8246,17.477754592895508,False
64,8128,8201,8136,8151,8149,8214,8162,8163,8179,8175,8099,8157,8144,8250,17.485723972320557,False
65,8131,8195,8173,8125,8174,8215,8164,8180,8177,8172,8090,8177,8160,8275,17.49272847175598,False
66,8129,8185,8147,8121,8159,8211,8171,8169,8182,8183,8091,8164,8164,8284,17.500611543655396,False
67,8159,8211,8192,8152,8185,8237,8179,8194,8212,8207,8115,8177,8167,8285,17.5086190700531,False
68,8156,8213,8167,8161,8166,8244,8180,8192,8230,8212,8134,8181,8182,8288,17.5167396068573,False
69,8151,8216,8163,8165,8184,8234,8168,8175,8214,8198,8128,8189,8197,8292,17.524703979492188,False
70,8163,8216,8148,8179,8177,8243,8177,8169,8206,8199,8131,8187,8210,8311,17.53269362449646,False
71,8166,8228,8153,8176,8186,8244,8185,8174,8195,8187,8126,8181,8194,8303,17.54075527191162,False
72,8163,8235,8185,8167,8180,8217,8166,8184,8172,8164,8113,8184,8178,8286,17.54854679107666,False
73,8156,8211,8129,8166,8136,8205,8164,8178,8180,8173,8124,8172,8198,8311,17.555527210235596,False
74,8166,8222,8185,8162,8205,8219,8155,8199,8176,8178,8117,8181,8189,8317,17.563676118850708,False
75,8150,8217,8199,8144,8190,8209,8141,8192,8156,8166,8093,8174,8156,8282,17.571542263031006,False
76,8122,8187,8116,8130,8131,8194,8146,8164,8165,8169,8086,8149,8155,8267,17.579551458358765,False
77,8129,8183,8143,8139,8155,8201,8155,8174,8176,8176,8090,8159,8156,8268,17.587749004364014,False
78,8116,8179,8139,8145,8135,8199,8168,8176,8179,8181,8101,8154,8156,8261,17.59535837173462,False
79,8106,8195,8156,8141,8162,8198,8171,8184,8182,8185,8101,8150,8158,8254,17.60374402999878,False
80,8116,8194,8165,8133,8168,8207,8176,8184,8195,8192,8097,8153,8163,8252,17.611740112304688,False
81,8111,8188,8133,8128,8152,8202,8175,8166,8196,8191,8104,8151,8156,8247,17.61875557899475,False
82,8118,8203,8166,8133,8168,8204,8168,8170,8178,8177,8113,8165,8145,8238,17.62665367126465,False
83,8117,8185,8129,8146,8127,8225,8185,8164,8186,8181,8129,8158,8168,8240,17.634740591049194,False
84,8137,8203,8182,8167,8191,8228,8185,8180,8182,8176,8133,8177,8183,8262,17.642740488052368,False
85,8152,8215,8211,8168,8193,8204,8163,8166,8155,8163,8134,8190,8181,8290,17.6506929397583,False
86,8127,8201,8123,8158,8128,8195,8164,8130,8149,8175,8140,8166,8192,8287,17.658746480941772,False
87,8149,8244,8203,8190,8201,8200,8159,8172,8159,8187,8149,8191,8203,8276,17.66674828529358,False
88,8169,8247,8203,8224,8171,8189,8157,8182,8176,8189,8168,8194,8213,8293,17.674625873565674,False
89,8147,8216,8121,8204,8126,8193,8165,8156,8186,8194,8156,8163,8213,8301,17.682722806930542,False
90,8135,8210,8141,8165,8179,8205,8171,8177,8201,8208,8143,8163,8213,8291,17.689748764038086,False
91,8122,8200,8143,8143,8201,8191,8159,8184,8210,8207,8143,8158,8203,8273,17.697664737701416,False
92,8111,8190,8159,8133,8192,8189,8154,8184,8196,8194,8129,8153,8183,8245,17.705631732940674,False
93,8112,8182,8145,8145,8140,8202,8183,8189,8205,8208,8141,8154,8190,8243,17.71382164955139,False
94,8137,8212,8186,8165,8174,8198,8190,8207,8219,8219,8150,8167,8192,8253,17.721501350402832,False
95,8137,8218,8192,8160,8174,8184,8177,8202,8210,8207,8142,8168,8188,8253,17.729735374450684,False
96,8108,8194,8120,8158,8138,8183,8178,8178,8207,8208,8154,8162,8207,8266,17.737786054611206,False
97,8142,8226,8218,8164,8228,8195,8167,8198,8195,8201,8150,8199,8199,8280,17.745752096176147,False
98,8172,8228,8222,8168,8192,8191,8156,8169,8174,8186,8134,8196,8178,8283,17.752681016921997,False
99,8171,8218,8136,8185,8121,8178,8154,8120,8157,8178,8133,8171,8174,8281,17.760776042938232,False
100,8201,8248,8178,8201,8167,8180,8155,8145,8150,8179,8146,8193,8181,8290,17.768754243850708,False
101,8213,8250,8178,8200,8179,8184,8164,8164,8153,8185,8164,8197,8198,8305,17.776705026626587,False
102,8205,8245,8184,8189,8191,8173,8161,8169,8152,8180,8158,8188,8195,8309,17.784705638885498,False
103,8178,8225,8157,8168,8162,8163,8168,8164,8156,8173,8142,8167,8184,8299,17.792702198028564,False
104,8142,8214,8132,8152,8164,8176,8182,8165,8153,8164,8134,8146,8178,8264,17.800716638565063,False
105,8139,8224,8169,8166,8179,8190,8189,8185,8157,8172,8139,8157,8171,8248,17.80870747566223,False
106,8145,8222,8148,8166,8131,8184,8193,8190,8188,8201,8155,8165,8179,8271,17.81668710708618,False
107,8160,8236,8183,8141,8177,8177,8177,8203,8193,8192,8150,8178,8181,8276,17.823484897613525,False
108,8153,8226,8162,8136,8179,8173,8166,8179,8175,8173,8141,8172,8177,8259,17.83167052268982,False
109,8155,8230,8137,8153,8172,8179,8171,8159,8175,8186,8149,8167,8177,8265,17.839740991592407,False
110,8195,8261,8227,8177,8224,8191,8170,8190,8180,8197,8155,8191,8183,8285,17.847623825073242,False
111,8189,8237,8182,8185,8169,8181,8167,8171,8183,8191,8155,8182,8192,8292,17.855735540390015,False
112,8184,8236,8169,8175,8165,8171,8156,8156,8175,8180,8148,8189,8180,8290,17.863686561584473,False
113,8205,8246,8194,8174,8164,8173,8157,8171,8169,8184,8167,8208,8192,8301,17.871758699417114,False
114,8208,8246,8164,8189,8153,8175,8164,8175,8181,8199,8196,8202,8228,8318,17.879711389541626,False
115,8212,8259,8207,8192,8193,8174,8149,8182,8179,8194,8189,8206,8217,8327,17.886728048324585,False
116,8204,8239,8169,8188,8161,8164,8147,8167,8176,8199,8181,8193,8207,8331,17.8948175907135,False
117,8201,8236,8161,8196,8181,8168,8156,8174,8181,8213,8190,8194,8232,8329,17.90277886390686,False
118,8182,8226,8163,8173,8155,8175,8156,8188,8181,8205,8187,8190,8239,8312,17.910831212997437,False
119,8146,8193,8112,8131,8111,8167,8171,8190,8177,8184,8142,8154,8202,8280,17.918815851211548,False
120,8139,8186,8148,8121,8161,8168,8197,8209,8165,8175,8104,8150,8167,8259,17.926696062088013,False
121,8131,8169,8121,8125,8136,8175,8219,8194,8168,8178,8124,8148,8172,8267,17.93468952178955,False
122,8143,8197,8166,8121,8179,8180,8214,8204,8172,8169,8119,8158,8161,8259,17.94272518157959,False
123,8170,8228,8221,8136,8192,8180,8203,8220,8179,8170,8106,8171,8144,8253,17.949533224105835,False
124,8177,8220,8145,8170,8129,8163,8194,8180,8190,8186,8134,8168,8168,8288,17.95768976211548,False
125,8205,8244,8202,8190,8179,8153,8171,8180,8187,8182,8145,8202,8184,8317,17.965742111206055,False
126,8222,8253,8209,8198,8166,8166,8169,8176,8193,8194,8162,8209,8198,8332,17.973477125167847,False
127,8235,8268,8171,8219,8168,8184,8165,8150,8196,8211,8202,8208,8221,8358,17.98173952102661,False
237,8259,8292,8223,8247,8226,8185,8149,8141,8182,8200,8207,8223,8231,8369,17.989732265472412,False
0,8235,8279,8196,8246,8205,8182,8151,8126,8173,8192,8194,8204,8227,8347,17.997751712799072,False
1,8220,8276,8169,8235,8183,8189,8157,8137,8174,8196,8205,8201,8226,8338,18.005683660507202,False
2,8220,8264,8135,8230,8154,8189,8170,8148,8184,8202,8215,8198,8242,8345,18.012752294540405,False
3,8199,8254,8150,8203,8184,8187,8183,8148,8163,8198,8182,8178,8227,8313,18.02070999145508,False
4,8165,8229,8173,8166,8199,8185,8181,8147,8129,8187,8160,8166,8194,8278,18.02871417999268,False
5,8128,8191,8110,8160,8157,8177,8171,8131,8132,8182,8170,8152,8190,8277,18.0367374420166,False
6,8123,8206,8155,8172,8200,8183,8164,8148,8143,8181,8156,8161,8187,8274,18.044735193252563,False
7,8121,8212,8160,8160,8187,8197,8171,8157,8155,8191,8142,8160,8190,8267,18.05270838737488,False
8,8125,8206,8133,8140,8172,8196,8163,8161,8165,8188,8136,8150,8182,8269,18.060737371444706,False
9,8152,8203,8167,8142,8189,8184,8158,8183,8164,8175,8133,8161,8165,8279,18.068716764450077,False
10,8140,8182,8130,8153,8164,8177,8175,8175,8177,8181,8143,8150,8175,8281,18.076457500457764,False
11,8147,8206,8191,8163,8210,8177,8163,8181,8181,8182,8135,8168,8179,8271,18.083582401275635,False
12,8188,8223,8219,8175,8186,8182,8156,8173,8183,8185,8146,8193,8189,8293,18.091703414916992,False
13,8210,8225,8168,8195,8168,8195,8180,8162,8193,8197,8181,8198,8212,8335,18.09951376914978,False
14,8230,8247,8201,8223,8209,8204,8181,8180,8192,8198,8185,8213,8217,8346,18.1075656414032,False
15,8233,8247,8180,8230,8162,8192,8160,8158,8186,8196,8175,8202,8223,8335,18.11570763587952,False
16,8248,8266,8206,8237,8186,8180,8140,8146,8169,8189,8171,8209,8225,8343,18.12375783920288,False
17,8250,8262,8195,8249,8181,8165,8125,8143,8152,8180,8170,8210,8219,8364,18.13173508644104,False
18,8226,8236,8146,8220,8157,8145,8122,8138,8137,8170,8147,8185,8205,8345,18.13974142074585,False
19,8209,8228,8205,8164,8196,8146,8139,8170,8121,8154,8103,8179,8170,8303,18.14674162864685,False
20,8156,8191,8146,8135,8150,8160,8167,8171,8131,8153,8087,8152,8138,8281,18.154708862304688,False
21,8119,8173,8115,8136,8159,8174,8175,8175,8149,8163,8090,8141,8133,8263,18.162732362747192,False
22,8120,8174,8143,8139,8168,8189,8186,8184,8165,8176,8103,8152,8161,8251,18.17073917388916,False
23,8125,8192,8135,8146,8162,8195,8193,8185,8173,8182,8118,8160,8180,8261,18.1786744594574,False
24,8135,8223,8192,8157,8208,8186,8172,8210,8162,8179,8121,8176,8168,8270,18.186733961105347,False
25,8115,8196,8151,8154,8155,8169,8171,8194,8171,8187,8133,8151,8172,8265,18.1947340965271,False
26,8108,8189,8127,8147,8147,8162,8173,8174,8178,8181,8135,8136,8174,8251,18.20262742042541,False
27,8128,8207,8151,8149,8170,8169,8167,8176,8164,8166,8139,8154,8172,8253,18.21070957183838,False
28,8134,8211,8144,8173,8172,8177,8171,8168,8160,8171,8150,8164,8180,8270,18.217700242996216,False
29,8148,8225,8198,8196,8192,8177,8167,8171,8158,8169,8148,8177,8166,8271,18.225532293319706,False
30,8162,8225,8175,8207,8144,8167,8169,8157,8159,8162,8164,8176,8174,8277,18.233584880828857,False
31,8196,8260,8212,8227,8192,8170,8163,8163,8150,8163,8174,8201,8200,8305,18.241731882095337,False
32,8228,8278,8266,8235,8224,8176,8152,8167,8135,8177,8169,8226,8206,8332,18.249675989151,False
33,8218,8245,8172,8220,8147,8171,8158,8139,8148,8188,8183,8203,8215,8348,18.257683753967285,False
34,8216,8246,8167,8210,8172,8173,8166,8156,8157,8175,8179,8194,8217,8342,18.26573801040649,False
35,8192,8223,8161,8187,8191,8181,8179,8169,8149,8163,8152,8173,8193,8305,18.273778915405277,False
36,8151,8194,8140,8148,8190,8186,8197,8179,8153,8153,8136,8154,8165,8277,18.280603170394897,False
37,8145,8204,8160,8144,8175,8190,8213,8211,8185,8160,8146,8168,8169,8293,18.288739681243896,False
38,8148,8208,8138,8156,8142,8188,8220,8218,8205,8183,8147,8161,8179,8304,18.296719074249268,False
39,8151,8211,8183,8145,8189,8188,8213,8222,8192,8178,8127,8154,8163,8274,18.30467367172241,False
40,8142,8202,8165,8153,8165,8186,8207,8204,8195,8179,8132,8154,8166,8264,18.312707901000977,False
41,8152,8227,8160,8197,8165,8176,8187,8200,8202,8191,8151,8166,8182,8283,18.320711135864254,False
42,8178,8239,8207,8209,8177,8163,8164,8212,8192,8185,8168,8177,8192,8300,18.32871174812317,False
43,8161,8198,8139,8174,8123,8156,8162,8173,8189,8180,8179,8160,8199,8311,18.33671832084656,False
44,8164,8216,8180,8162,8179,8172,8156,8165,8177,8181,8173,8179,8186,8309,18.34471154212952,False
45,8180,8236,8209,8183,8168,8193,8171,8169,8169,8184,8192,8189,8189,8303,18.35152053833008,False
46,8180,8226,8150,8192,8131,8194,8196,8151,8164,8183,8199,8173,8207,8301,18.359551906585693,False
47,8193,8233,8177,8191,8170,8183,8196,8154,8145,8173,8182,8185,8203,8304,18.36769843101501,False
48,8187,8235,8176,8199,8150,8171,8191,8160,8142,8175,8191,8183,8203,8313,18.37552499771118,False
49,8184,8240,8192,8205,8155,8168,8175,8178,8150,8186,8188,8178,8196,8305,18.383723497390747,False
50,8176,8214,8166,8187,8123,8166,8170,8177,8169,8194,8173,8169,8185,8285,18.391728162765503,False
51,8159,8206,8148,8172,8116,8169,8176,8175,8193,8194,8176,8162,8180,8271,18.39970302581787,False
52,8157,8228,8188,8168,8143,8166,8166,8192,8187,8188,8162,8167,8168,8266,18.40667963027954,False
53,8126,8199,8124,8150,8083,8153,8162,8168,8170,8179,8141,8143,8157,8253,18.41473698616028,False
54,8106,8193,8148,8129,8110,8156,8159,8171,8157,8170,8137,8142,8141,8233,18.42273211479187,False
55,8106,8201,8163,8122,8108,8163,8154,8178,8159,8179,8142,8145,8137,8230,18.43071484565735,False
56,8101,8199,8114,8142,8075,8166,8159,8159,8162,8179,8143,8132,8145,8234,18.43956470489502,False
57,8113,8218,8180,8164,8143,8170,8161,8172,8146,8157,8151,8153,8142,8231,18.44651341438293,False
58,8117,8216,8168,8163,8138,8154,8153,8157,8139,8159,8168,8159,8145,8245,18.454473733901978,False
59,8130,8228,8159,8161,8125,8138,8134,8143,8142,8165,8167,8164,8150,8262,18.46246838569641,False
60,8145,8241,8179,8174,8116,8138,8130,8160,8158,8166,8181,8173,8168,8270,18.470433235168457,False
61,8149,8244,8167,8195,8108,8135,8139,8169,8167,8184,8207,8172,8197,8286,18.47752165794373,False
62,8172,8256,8201,8202,8132,8132,8137,8170,8149,8194,8210,8191,8210,8308,18.485525131225582,False
63,8175,8239,8154,8193,8104,8134,8133,8147,8138,8191,8205,8180,8217,8319,18.493608713150024,False
64,8181,8251,8184,8188,8159,8139,8119,8157,8126,8179,8191,8178,8205,8313,18.50149965286255,False
65,8189,8251,8218,8196,8153,8147,8126,8161,8120,8166,8190,8189,8190,8306,18.509743690490723,False
66,8161,8221,8144,8183,8093,8152,8151,8138,8132,8164,8181,8163,8175,8286,18.517742156982425,False
67,8168,8246,8229,8166,8179,8154,8152,8181,8130,8158,8149,8170,8153,8275,18.525618076324463,False
68,8169,8224,8205,8169,8134,8143,8165,8185,8137,8161,8162,8172,8169,8293,18.533806085586548,False
69,8155,8186,8129,8166,8092,8144,8176,8164,8157,8172,8179,8156,8174,8280,18.5416955947876,False
70,8165,8200,8183,8163,8126,8167,8170,8183,8159,8174,8167,8166,8155,8258,18.54873752593994,False
71,8152,8208,8147,8179,8097,8179,8174,8173,8158,8171,8179,8166,8167,8272,18.55660915374756,False
72,8160,8221,8176,8192,8128,8181,8167,8170,8144,8158,8185,8183,8161,8273,18.56473517417908,False
73,8177,8221,8193,8186,8101,8175,8156,8158,8123,8159,8174,8186,8149,8262,18.572736024856567,False
74,8175,8227,8152,8187,8083,8175,8149,8141,8112,8163,8182,8177,8168,8275,18.58065342903137,False
75,8166,8227,8153,8180,8107,8182,8149,8142,8111,8151,8192,8175,8176,8280,18.58871054649353,False
76,8141,8210,8143,8156,8091,8167,8166,8139,8114,8146,8183,8161,8164,8264,18.59672856330872,False
77,8150,8230,8198,8169,8134,8152,8175,8148,8101,8143,8172,8178,8156,8261,18.60469007492065,False
78,8163,8223,8167,8192,8126,8158,8180,8131,8096,8139,8174,8173,8159,8273,18.61169147491455,False
79,8150,8212,8147,8175,8133,8171,8175,8124,8095,8130,8164,8152,8145,8265,18.61970806121826,False
80,8150,8234,8222,8159,8156,8174,8158,8153,8092,8133,8164,8169,8141,8255,18.627525806427,False
81,8151,8231,8165,8156,8106,8173,8161,8150,8113,8158,8180,8173,8170,8279,18.635730981826782,False
82,8149,8231,8145,8149,8118,8181,8165,8151,8123,8161,8152,8160,8159,8282,18.643677234649655,False
83,8128,8212,8166,8143,8100,8177,8154,8148,8117,8148,8129,8138,8122,8236,18.651793479919437,False
84,8130,8200,8151,8140,8069,8157,8136,8143,8116,8139,8144,8141,8121,8217,18.65972352027893,False
85,8175,8220,8174,8138,8096,8157,8135,8171,8125,8136,8151,8168,8143,8257,18.667734146118164,False
86,8164,8212,8149,8152,8100,8178,8169,8187,8150,8151,8152,8149,8150,8283,18.674802541732788,False
87,8136,8212,8181,8169,8152,8189,8181,8195,8158,8164,8150,8144,8136,8263,18.682721853256226,False
88,8149,8209,8177,8163,8139,8181,8164,8172,8144,8160,8150,8161,8134,8258,18.690727472305294,False
89,8174,8217,8146,8152,8118,8176,8153,8150,8129,8146,8138,8166,8133,8271,18.69869446754456,False
90,8179,8235,8194,8150,8139,8177,8155,8167,8125,8136,8120,8169,8117,8270,18.706640481948853,False
91,8138,8208,8140,8153,8081,8173,8162,8146,8134,8143,8142,8148,8125,8261,18.71473360061645,False
92,8153,8233,8187,8165,8136,8172,8143,8152,8129,8146,8167,8180,8146,8268,18.722738027572632,False
93,8211,8269,8251,8180,8165,8173,8142,8186,8141,8156,8175,8220,8165,8301,18.73053479194641,False
94,8196,8252,8157,8181,8101,8184,8172,8181,8177,8182,8183,8184,8180,8308,18.73771405220032,False
95,8166,8246,8159,8163,8132,8197,8167,8176,8171,8184,8182,8165,8170,8275,18.745720386505127,False
96,8167,8244,8166,8155,8138,8186,8152,8152,8141,8164,8175,8163,8157,8271,18.75343894958496,False
97,8180,8260,8174,8158,8156,8172,8161,8157,8127,8156,8161,8160,8140,8283,18.76169991493225,False
98,8154,8243,8169,8142,8137,8178,8178,8183,8133,8163,8161,8155,8135,8270,18.769707202911377,False
99,8109,8208,8127,8122,8105,8186,8192,8177,8145,8166,8177,8151,8156,8260,18.777770519256592,False
100,8115,8223,8182,8129,8154,8194,8200,8187,8143,8161,8166,8166,8155,8258,18.78570508956909,False
101,8107,8216,8152,8144,8125,8182,8197,8180,8145,8165,8162,8151,8145,8246,18.79373836517334,False
102,8096,8220,8151,8156,8132,8166,8174,8173,8147,8163,8190,8158,8154,8233,18.80072045326233,False
103,8125,8240,8198,8183,8143,8172,8174,8178,8162,8172,8229,8196,8185,8258,18.808692932128903,False
104,8152,8251,8174,8215,8127,8180,8182,8167,8183,8188,8243,8209,8207,8297,18.81673789024353,False
105,8188,8279,8243,8239,8186,8172,8153,8175,8161,8171,8225,8223,8188,8292,18.824744701385494,False
106,8205,8269,8230,8241,8139,8164,8152,8161,8145,8160,8232,8216,8193,8281,18.83265352249145,False
107,8216,8260,8185,8239,8111,8170,8180,8152,8158,8170,8250,8222,8222,8311,18.840734720230103,False
108,8229,8279,8221,8246,8144,8164,8165,8150,8154,8168,8250,8243,8226,8339,18.848799228668213,True
109,8220,8282,8203,8253,8122,8135,8134,8122,8126,8159,8249,8229,8217,8329,18.85668969154358,True
110,8241,8294,8228,8264,8148,8121,8118,8136,8095,8151,8242,8231,8207,8318,18.864738702774048,True
111,8257,8292,8216,8269,8140,8120,8115,8147,8089,8156,8240,8233,8211,8334,18.871739864349365,True
112,8241,8293,8202,8264,8144,8118,8107,8146,8100,8161,8228,8220,8214,8337,18.87954926490784,True
113,8209,8277,8200,8246,8138,8127,8111,8159,8106,8157,8203,8199,8206,8310,18.88758754730225,True
114,8157,8228,8119,8214,8077,8141,8128,8150,8103,8161,8194,8172,8195,8278,18.89573359489441,True
115,8162,8239,8188,8206,8136,8145,8121,8159,8093,8155,8202,8202,8177,8263,18.90375185012817,True
116,8194,8247,8219,8223,8133,8134,8120,8150,8108,8146,8204,8209,8174,8275,18.91170907020569,True
117,8190,8228,8155,8229,8099,8124,8126,8138,8117,8139,8173,8177,8171,8281,18.9197039604187,True
118,8192,8227,8196,8215,8130,8125,8120,8163,8103,8135,8161,8189,8162,8278,18.927640676498413,True
119,8201,8213,8188,8208,8104,8134,8126,8152,8105,8145,8203,8205,8183,8297,18.93446373939514,True
120,8223,8227,8201,8220,8117,8137,8121,8145,8112,8148,8219,8218,8202,8331,18.94235730171204,True
121,8231,8229,8191,8237,8091,8126,8112,8152,8111,8148,8204,8215,8201,8341,18.950401782989506,True
122,8222,8228,8173,8252,8088,8128,8103,8150,8106,8146,8198,8209,8189,8314,18.958452701568604,True
123,8239,8249,8233,8266,8144,8145,8080,8144,8094,8136,8203,8227,8183,8295,18.966405153274536,True
124,8229,8242,8173,8273,8113,8141,8064,8111,8092,8134,8220,8216,8204,8307,18.97443270683289,True
125,8232,8264,8200,8288,8149,8140,8051,8129,8084,8137,8227,8224,8208,8317,18.982497930526733,True
126,8255,8272,8222,8307,8125,8152,8054,8145,8093,8156,8242,8237,8226,8328,18.990525484085083,True
127,8266,8276,8183,8304,8115,8157,8061,8145,8124,8179,8258,8234,8259,8346,18.99872040748596,True
237,8295,8308,8284,8292,8219,8163,8054,8192,8122,8172,8232,8252,8244,8355,19.005528926849365,True
0,8270,8275,8206,8288,8142,8170,8070,8181,8115,8172,8214,8229,8238,8362,19.01353526115417,True
1,8220,8248,8128,8270,8111,8174,8086,8163,8121,8173,8213,8212,8247,8351,19.021726608276367,True
2,8195,8231,8187,8220,8152,8173,8090,8174,8108,8157,8193,8208,8219,8312,19.029695987701416,True
3,8171,8197,8142,8188,8117,8166,8102,8151,8088,8145,8157,8164,8185,8283,19.037593126297,True
4,8166,8215,8150,8188,8136,8157,8108,8155,8086,8137,8134,8157,8170,8273,19.045478343963623,True
5,8151,8204,8154,8192,8115,8150,8122,8162,8109,8145,8149,8167,8178,8275,19.05352187156677,True
6,8134,8178,8151,8189,8102,8148,8131,8158,8113,8149,8153,8162,8173,8254,19.061627864837646,True
7,8130,8181,8156,8186,8116,8145,8123,8149,8096,8143,8142,8154,8154,8230,19.06839609146118,True
8,8150,8200,8161,8199,8144,8152,8110,8145,8092,8144,8148,8154,8153,8245,19.07658529281616,True
9,8190,8225,8205,8230,8157,8175,8094,8172,8102,8145,8157,8182,8166,8271,19.084611654281616,True
10,8189,8221,8151,8241,8085,8180,8096,8171,8130,8158,8168,8186,8191,8283,19.09255290031433,True
11,8191,8241,8176,8238,8129,8173,8091,8169,8129,8154,8151,8186,8187,8285,19.100531339645386,True
12,8200,8244,8206,8242,8155,8176,8089,8169,8090,8139,8126,8181,8166,8292,19.10849928855896,True
13,8176,8210,8126,8220,8105,8174,8108,8152,8081,8141,8126,8159,8176,8299,19.11656188964844,True
14,8191,8230,8197,8208,8158,8166,8119,8166,8085,8145,8123,8189,8193,8304,19.12449789047241,True
15,8199,8229,8192,8221,8125,8150,8124,8153,8091,8155,8121,8195,8203,8314,19.132513523101807,True
16,8163,8199,8118,8198,8102,8138,8120,8149,8114,8167,8104,8154,8185,8293,19.1394476890564,True
17,8135,8183,8147,8159,8152,8152,8123,8194,8147,8183,8063,8133,8151,8259,19.14772653579712,True
18,8109,8165,8129,8146,8126,8171,8148,8208,8181,8185,8043,8123,8132,8246,19.15568280220032,True
19,8099,8169,8133,8149,8136,8188,8167,8218,8200,8174,8060,8133,8129,8231,19.16351127624512,True
20,8097,8162,8116,8150,8157,8200,8179,8210,8207,8180,8086,8126,8135,8210,19.171732902526852,True
21,8107,8163,8136,8152,8191,8196,8168,8189,8174,8174,8072,8119,8121,8203,19.17963194847107,True
22,8137,8174,8191,8147,8166,8180,8158,8173,8122,8153,8064,8144,8114,8224,19.187610626220703,True
23,8145,8170,8141,8155,8096,8162,8172,8141,8105,8151,8093,8159,8146,8263,19.195509910583496,True
24,8151,8196,8196,8167,8184,8157,8163,8150,8082,8150,8090,8172,8150,8269,19.20257806777954,True
25,8143,8191,8206,8163,8189,8154,8160,8152,8070,8147,8081,8155,8140,8247,19.21065759658813,True
26,8133,8179,8131,8165,8119,8147,8179,8128,8086,8146,8093,8140,8141,8249,19.21867561340332,True
27,8154,8205,8160,8165,8141,8150,8170,8141,8095,8135,8091,8162,8132,8266,19.226561784744263,True
28,8147,8201,8147,8167,8151,8163,8170,8157,8114,8150,8095,8145,8144,8257,19.236178398132324,True
29,8119,8189,8148,8163,8179,8180,8189,8178,8151,8170,8100,8125,8147,8225,19.24241662025452,True
30,8084,8159,8127,8125,8140,8192,8199,8182,8173,8153,8071,8111,8111,8194,19.25048279762268,True
31,8046,8132,8096,8089,8122,8202,8213,8184,8167,8139,8024,8090,8073,8157,19.258468627929688,True
32,8039,8127,8139,8088,8159,8212,8235,8206,8162,8153,8025,8102,8071,8145,19.265559196472168,True
33,8047,8116,8112,8098,8116,8222,8247,8204,8182,8173,8074,8116,8101,8187,19.2734968662262,True
34,8092,8144,8169,8117,8157,8235,8238,8223,8188,8178,8083,8140,8111,8226,19.2816104888916,True
35,8117,8141,8180,8134,8145,8229,8241,8220,8190,8187,8083,8141,8124,8243,19.28963327407837,True
36,8093,8124,8114,8124,8118,8207,8232,8186,8189,8186,8095,8125,8132,8241,19.29756164550781,True
37,8116,8177,8246,8123,8226,8206,8205,8212,8161,8155,8079,8163,8106,8226,19.30556607246399,True
38,8126,8181,8227,8138,8182,8214,8225,8209,8164,8148,8089,8163,8112,8246,19.31369113922119,True
39,8091,8147,8093,8130,8108,8213,8245,8175,8178,8159,8105,8130,8128,8265,19.321551084518436,True
40,8081,8149,8121,8118,8135,8200,8222,8171,8151,8147,8092,8135,8107,8248,19.329567432403564,True
41,8107,8170,8173,8130,8162,8191,8210,8178,8136,8134,8085,8151,8097,8237,19.336617708206177,True
42,8132,8186,8189,8146,8178,8200,8220,8186,8150,8138,8084,8152,8104,8237,19.344509601593018,True
43,8111,8169,8135,8144,8140,8203,8220,8156,8147,8135,8077,8118,8091,8205,19.35254740715027,True
44,8105,8172,8162,8136,8166,8204,8200,8149,8127,8121,8073,8120,8067,8182,19.3604416847229,True
45,8125,8166,8187,8126,8166,8209,8194,8167,8138,8133,8098,8150,8092,8219,19.368398427963257,True
46,8118,8156,8134,8126,8144,8204,8197,8161,8151,8157,8125,8146,8132,8241,19.37652993202209,True
47,8126,8191,8192,8153,8206,8200,8190,8178,8140,8158,8125,8156,8135,8234,19.384466409683228,True
48,8122,8167,8154,8160,8155,8200,8201,8175,8160,8171,8136,8148,8145,8257,19.39271569252014,True
49,8114,8147,8154,8129,8169,8205,8196,8188,8173,8178,8122,8145,8139,8259,19.39972972869873,True
50,8122,8157,8235,8118,8225,8205,8178,8211,8154,8154,8084,8155,8114,8218,19.407654285430908,True
51,8092,8123,8130,8121,8141,8193,8192,8167,8158,8146,8098,8127,8117,8208,19.41568636894226,True
52,8087,8124,8106,8117,8137,8191,8209,8154,8162,8148,8121,8133,8124,8230,19.4237277507782,True
53,8113,8154,8157,8137,8160,8203,8217,8174,8164,8154,8119,8159,8128,8250,19.43179726600647,True
54,8128,8164,8172,8152,8181,8212,8218,8182,8173,8164,8125,8165,8140,8264,19.43966245651245,True
55,8133,8154,8189,8144,8184,8213,8211,8179,8168,8163,8144,8172,8150,8266,19.44769525527954,True
56,8124,8143,8147,8142,8150,8208,8224,8162,8168,8162,8148,8161,8155,8259,19.455721378326416,True
57,8135,8165,8175,8149,8198,8206,8237,8185,8185,8160,8132,8164,8145,8255,19.46366786956787,True
58,8144,8159,8163,8146,8181,8201,8245,8198,8210,8171,8141,8164,8155,8274,19.470678091049194,True
59,8143,8160,8154,8133,8175,8195,8234,8185,8200,8170,8144,8158,8161,8280,19.47856330871582,True
60,8140,8168,8192,8120,8194,8182,8205,8171,8166,8149,8117,8152,8134,8258,19.48667073249817,True
61,8109,8139,8126,8120,8144,8165,8189,8138,8167,8153,8110,8127,8128,8252,19.49472403526306,True
62,8120,8158,8197,8129,8205,8170,8170,8163,8168,8154,8116,8152,8136,8257,19.502497673034668,True
63,8144,8165,8235,8114,8198,8174,8162,8183,8159,8145,8127,8166,8140,8263,19.510518312454224,True
64,8126,8137,8132,8115,8132,8165,8174,8153,8160,8153,8129,8143,8148,8269,19.5184428691864,True
65,8120,8148,8152,8136,8177,8175,8187,8168,8169,8160,8120,8151,8147,8263,19.526445865631104,True
66,8111,8153,8156,8124,8183,8190,8203,8182,8192,8160,8124,8147,8144,8246,19.533442974090576,True
67,8112,8162,8154,8122,8179,8183,8202,8178,8199,8164,8122,8144,8140,8236,19.541486978530884,True
68,8128,8153,8143,8129,8148,8175,8199,8170,8196,8168,8121,8148,8144,8245,19.5496289730072,True
69,8127,8140,8139,8101,8159,8177,8195,8172,8196,8148,8119,8143,8134,8247,19.55770516395569,True
70,8118,8158,8194,8100,8204,8174,8186,8179,8179,8129,8112,8153,8116,8237,19.565706491470337,True
71,8104,8151,8128,8146,8132,8161,8198,8146,8174,8143,8129,8148,8140,8244,19.573715686798096,True
72,8128,8166,8173,8154,8185,8153,8190,8154,8173,8145,8126,8160,8141,8242,19.581700563430783,True
73,8139,8166,8219,8121,8211,8150,8177,8168,8168,8141,8118,8158,8122,8239,19.589702129364014,True
74,8112,8152,8118,8128,8138,8146,8191,8144,8172,8148,8136,8134,8146,8255,19.597710609436035,True
75,8134,8183,8181,8141,8201,8143,8185,8158,8166,8141,8135,8159,8160,8258,19.604772329330444,True
76,8146,8165,8196,8117,8205,8127,8172,8157,8166,8145,8132,8160,8159,8258,19.612462282180783,True
77,8140,8146,8140,8118,8168,8116,8184,8157,8171,8154,8135,8145,8166,8275,19.62071537971497,True
78,8153,8166,8149,8143,8170,8113,8197,8167,8173,8153,8131,8161,8170,8297,19.62857961654663,True
79,8146,8160,8143,8112,8184,8116,8194,8157,8182,8154,8130,8161,8164,8301,19.636452674865723,True
80,8138,8143,8169,8071,8192,8134,8195,8184,8193,8152,8128,8157,8155,8286,19.644712686538696,False
81,8127,8128,8141,8082,8121,8134,8203,8183,8195,8157,8126,8146,8160,8273,19.65269875526428,False
82,8127,8148,8156,8099,8144,8128,8185,8161,8179,8155,8112,8155,8150,8265,19.65945935249329,False
83,8136,8153,8177,8106,8175,8144,8171,8165,8175,8150,8119,8170,8151,8271,19.66769289970398,False
84,8129,8142,8134,8116,8144,8151,8173,8157,8183,8158,8140,8159,8168,8275,19.67570161819458,False
85,8147,8176,8197,8127,8174,8144,8146,8155,8169,8161,8146,8172,8175,8283,19.683725833892822,False
86,8152,8181,8180,8140,8148,8151,8137,8145,8173,8168,8165,8174,8199,8300,19.691592693328857,False
87,8160,8194,8163,8164,8175,8176,8165,8158,8200,8180,8182,8172,8220,8306,19.69973063468933,False
88,8195,8230,8228,8191,8216,8189,8191,8188,8211,8185,8187,8191,8218,8315,19.707693815231323,False
89,8184,8212,8177,8193,8155,8182,8203,8180,8204,8185,8183,8170,8214,8320,19.715750694274902,False
90,8153,8187,8156,8164,8162,8175,8202,8182,8184,8171,8137,8138,8177,8278,19.72372317314148,False
91,8135,8161,8143,8121,8144,8166,8207,8168,8170,8157,8104,8123,8139,8234,19.73171854019165,False
92,8139,8161,8145,8098,8142,8157,8202,8157,8162,8148,8122,8138,8141,8249,19.73863625526428,False
93,8157,8164,8188,8095,8171,8153,8181,8164,8144,8140,8127,8160,8148,8282,19.74672293663025,False
94,8143,8140,8144,8089,8135,8140,8168,8141,8132,8134,8110,8141,8137,8276,19.75473117828369,False
95,8149,8163,8179,8105,8163,8142,8158,8152,8132,8127,8119,8149,8136,8261,19.762674570083615,False
96,8173,8169,8177,8136,8146,8162,8163,8167,8159,8148,8168,8172,8183,8294,19.770729064941406,False
97,8187,8172,8164,8163,8160,8176,8166,8173,8195,8179,8189,8185,8218,8336,19.77873277664185,False
98,8194,8199,8234,8170,8209,8176,8155,8198,8200,8179,8172,8195,8199,8326,19.785521984100345,False
99,8168,8174,8155,8151,8131,8169,8166,8184,8213,8183,8177,8167,8199,8302,19.79371929168701,False
100,8175,8179,8146,8152,8157,8175,8185,8185,8232,8195,8184,8174,8213,8308,19.80172348022461,False
101,8187,8197,8197,8169,8196,8181,8202,8197,8230,8186,8181,8185,8203,8315,19.80978512763977,False
102,8163,8179,8161,8153,8168,8176,8220,8190,8219,8172,8180,8163,8192,8299,19.817692518234253,False
103,8169,8185,8183,8141,8197,8178,8245,8212,8222,8182,8189,8180,8206,8304,19.82573628425598,False
104,8177,8189,8162,8150,8185,8183,8268,8211,8234,8193,8199,8184,8224,8329,19.8336877822876,False
105,8169,8184,8152,8146,8181,8179,8247,8186,8212,8172,8179,8162,8200,8315,19.84186434745789,False
106,8171,8176,8153,8148,8174,8177,8215,8166,8200,8163,8174,8157,8191,8303,19.849724769592285,False
107,8192,8199,8162,8171,8198,8191,8213,8177,8227,8190,8206,8181,8233,8340,19.85679817199707,False
108,8213,8227,8217,8172,8232,8194,8208,8201,8237,8201,8217,8202,8250,8362,19.86469030380249,False
109,8192,8202,8152,8164,8168,8178,8199,8172,8228,8191,8200,8170,8228,8343,19.872798204422,False
110,8194,8212,8171,8174,8200,8179,8183,8176,8213,8178,8180,8171,8204,8328,19.88071656227112,False
111,8199,8209,8210,8171,8197,8180,8174,8198,8199,8171,8173,8186,8197,8321,19.88854503631592,False
112,8145,8163,8115,8149,8131,8155,8179,8165,8198,8172,8152,8141,8181,8292,19.896724224090576,False
113,8126,8165,8133,8128,8179,8136,8175,8165,8192,8166,8108,8131,8151,8266,19.904667139053345,False
114,8144,8169,8142,8128,8160,8143,8175,8175,8190,8161,8117,8149,8161,8279,19.91144037246704,False
115,8160,8181,8152,8157,8160,8164,8180,8176,8192,8168,8148,8164,8181,8295,19.919851064682007,False
116,8167,8184,8186,8166,8181,8172,8189,8181,8194,8182,8152,8175,8186,8299,19.927698850631717,False
117,8155,8163,8141,8147,8151,8170,8195,8170,8204,8188,8160,8165,8201,8303,19.93583345413208,False
118,8163,8180,8179,8149,8192,8175,8177,8175,8193,8170,8157,8170,8198,8298,19.94372940063477,False
119,8164,8183,8171,8160,8184,8168,8170,8155,8174,8160,8143,8161,8186,8291,19.951756238937374,False
120,8166,8178,8158,8161,8186,8165,8171,8143,8165,8159,8138,8162,8181,8296,19.95967650413513,False
121,8186,8180,8199,8170,8200,8179,8171,8165,8177,8158,8147,8185,8191,8316,19.967613458633423,False
122,8174,8178,8157,8184,8174,8180,8175,8167,8203,8171,8159,8177,8218,8327,19.97571420669556,False
123,8166,8203,8191,8180,8219,8168,8169,8183,8198,8177,8145,8170,8208,8309,19.983592748641968,False
124,8156,8187,8178,8165,8189,8169,8174,8177,8192,8175,8133,8155,8180,8294,19.990583419799805,False
125,8144,8166,8129,8159,8173,8180,8188,8169,8199,8169,8130,8151,8175,8294,19.99863839149475,False
126,8153,8183,8161,8161,8206,8188,8195,8187,8199,8166,8130,8164,8186,8290,20.00668454170227,False
127,8144,8174,8141,8168,8176,8183,8198,8177,8210,8180,8151,8154,8201,8284,20.01455783843994,False
237,8146,8170,8185,8169,8211,8181,8192,8184,8212,8182,8155,8166,8196,8283,20.02269959449768,False
0,8152,8172,8182,8163,8196,8179,8189,8181,8207,8179,8153,8167,8197,8290,20.030681610107425,False
1,8149,8176,8147,8163,8172,8162,8179,8173,8204,8182,8167,8158,8213,8302,20.03861951828003,False
2,8158,8172,8186,8165,8200,8162,8171,8180,8202,8191,8178,8179,8219,8317,20.04659509658813,False
3,8145,8152,8151,8166,8168,8175,8177,8159,8204,8190,8174,8176,8223,8325,20.053661346435547,False
4,8155,8179,8184,8183,8188,8170,8165,8163,8190,8168,8164,8174,8218,8316,20.061736822128296,False
5,8165,8176,8170,8192,8171,8156,8170,8162,8189,8168,8172,8169,8226,8323,20.07021951675415,False
6,8161,8164,8144,8180,8189,8166,8186,8152,8194,8185,8164,8167,8230,8335,20.07786726951599,False
7,8185,8196,8245,8186,8257,8182,8173,8176,8182,8173,8143,8190,8205,8315,20.085695028305054,False
8,8171,8182,8181,8205,8184,8179,8182,8160,8192,8173,8154,8164,8196,8296,20.093457221984863,False
9,8141,8167,8115,8198,8172,8190,8209,8155,8212,8191,8158,8147,8201,8295,20.10168218612671,False
10,8135,8166,8138,8164,8196,8206,8213,8182,8224,8193,8146,8160,8195,8293,20.10961127281189,False
11,8129,8155,8141,8145,8187,8200,8202,8191,8229,8178,8134,8156,8179,8276,20.117698669433597,False
12,8125,8155,8182,8154,8206,8190,8186,8195,8214,8162,8120,8159,8158,8255,20.124751329422,False
13,8101,8132,8132,8147,8159,8174,8180,8174,8202,8163,8118,8132,8153,8243,20.132704496383667,False
14,8097,8135,8130,8120,8171,8167,8173,8167,8189,8156,8103,8114,8132,8228,20.14051580429077,False
15,8116,8146,8168,8129,8182,8168,8172,8160,8171,8142,8100,8137,8126,8244,20.148614645004272,False
16,8126,8142,8150,8164,8168,8162,8172,8134,8170,8148,8134,8160,8155,8282,20.156671047210693,False
17,8146,8165,8199,8170,8195,8157,8162,8149,8168,8149,8151,8177,8164,8283,20.16448307037353,False
18,8151,8161,8176,8160,8148,8153,8164,8148,8156,8148,8153,8164,8167,8271,20.17249083518982,False
19,8155,8165,8165,8173,8167,8147,8164,8139,8142,8151,8155,8159,8166,8279,20.18072271347046,False
20,8168,8183,8194,8198,8187,8154,8167,8159,8160,8166,8167,8178,8181,8302,20.18775629997253,False
21,8183,8181,8173,8208,8162,8177,8179,8170,8188,8191,8198,8196,8223,8331,20.19572257995605,False
22,8219,8196,8226,8220,8215,8180,8167,8174,8168,8195,8214,8221,8243,8351,20.2036395072937,False
23,8219,8186,8192,8225,8183,8151,8165,8154,8157,8186,8210,8201,8239,8353,20.211695671081543,False
24,8202,8180,8159,8193,8165,8136,8178,8162,8176,8176,8178,8175,8212,8335,20.219613075256348,False
25,8200,8176,8187,8167,8188,8141,8180,8189,8191,8174,8154,8173,8188,8328,20.227721214294437,False
26,8175,8160,8148,8177,8176,8142,8185,8188,8205,8184,8165,8160,8200,8331,20.23549723625183,False
27,8169,8172,8186,8181,8209,8132,8179,8196,8193,8177,8153,8165,8197,8305,20.24367427825928,False
28,8167,8151,8162,8155,8162,8116,8169,8170,8168,8159,8129,8152,8173,8272,20.25172185897827,False
29,8163,8152,8147,8144,8156,8125,8157,8157,8150,8147,8116,8144,8152,8257,20.258708715438843,False
30,8168,8173,8204,8148,8192,8146,8151,8173,8140,8141,8117,8154,8136,8259,20.266481161117557,False
31,8153,8149,8142,8153,8153,8149,8164,8154,8156,8155,8134,8138,8147,8272,20.27473735809326,False
32,8159,8164,8162,8181,8187,8164,8176,8169,8180,8168,8147,8157,8165,8290,20.28258156776428,False
33,8159,8180,8181,8193,8180,8181,8189,8174,8184,8167,8170,8177,8177,8297,20.29063415527344,False
34,8171,8187,8171,8191,8175,8169,8181,8154,8170,8158,8184,8180,8189,8296,20.29866313934326,False
35,8221,8214,8216,8217,8197,8155,8158,8160,8170,8161,8176,8193,8203,8301,20.30671167373657,False
36,8212,8211,8167,8230,8154,8150,8157,8150,8181,8178,8182,8176,8201,8304,20.31443572044373,False
37,8201,8208,8184,8201,8186,8137,8145,8153,8158,8170,8181,8176,8182,8307,20.321552991867065,False
38,8218,8188,8196,8184,8178,8117,8127,8151,8135,8158,8175,8184,8189,8325,20.3296012878418,False
39,8197,8169,8156,8184,8158,8118,8138,8149,8144,8167,8174,8175,8202,8335,20.3377149105072,False
40,8164,8170,8173,8170,8182,8129,8156,8175,8154,8176,8171,8171,8196,8315,20.345503330230716,False
41,8164,8161,8141,8163,8143,8115,8145,8161,8155,8173,8161,8157,8195,8299,20.35371208190918,False
42,8208,8182,8191,8176,8178,8108,8125,8165,8157,8164,8162,8184,8193,8312,20.361716747283936,False
43,8208,8175,8191,8174,8180,8118,8145,8190,8180,8180,8196,8196,8206,8335,20.36965560913086,False
44,8175,8162,8137,8158,8170,8118,8162,8195,8191,8195,8199,8168,8216,8328,20.377668619155884,False
45,8202,8198,8222,8170,8210,8123,8149,8200,8174,8177,8162,8180,8194,8313,20.38471746444702,False
46,8202,8185,8180,8187,8149,8127,8156,8164,8162,8159,8161,8169,8173,8303,20.39264440536499,False
47,8167,8173,8135,8189,8170,8125,8158,8141,8142,8139,8168,8152,8149,8271,20.400712251663208,False
48,8190,8196,8200,8198,8222,8131,8148,8150,8124,8124,8174,8183,8155,8278,20.408633708953857,False
49,8237,8198,8205,8207,8191,8138,8145,8133,8118,8132,8204,8204,8200,8334,20.416460037231445,False
50,8241,8190,8189,8203,8173,8130,8135,8124,8097,8132,8211,8191,8202,8334,20.42454409599304,False
51,8207,8187,8135,8206,8144,8120,8131,8125,8087,8126,8200,8163,8183,8298,20.43270874023437,False
52,8221,8217,8186,8214,8194,8133,8127,8161,8101,8131,8198,8180,8189,8316,20.440450429916385,False
53,8236,8211,8204,8202,8191,8146,8138,8183,8141,8166,8221,8196,8226,8369,20.448711395263672,False
54,8193,8183,8135,8187,8164,8136,8146,8162,8176,8203,8229,8170,8239,8354,20.455585479736328,False
55,8183,8198,8217,8174,8237,8130,8122,8183,8163,8189,8197,8172,8200,8290,20.463642120361328,False
56,8169,8162,8178,8154,8175,8135,8132,8179,8169,8184,8197,8168,8204,8293,20.47156023979187,False
57,8140,8131,8101,8149,8139,8145,8161,8166,8204,8215,8214,8161,8243,8321,20.47971487045288,False
58,8142,8150,8155,8158,8195,8149,8156,8186,8210,8221,8208,8165,8243,8302,20.48766326904297,False
59,8146,8147,8155,8148,8173,8144,8157,8194,8203,8202,8197,8159,8226,8296,20.49558711051941,False
60,8160,8149,8170,8137,8175,8147,8171,8202,8202,8201,8190,8176,8216,8318,20.503663301467896,False
61,8172,8149,8160,8152,8170,8158,8183,8191,8205,8207,8196,8175,8215,8314,20.51170063018799,False
62,8191,8170,8192,8179,8195,8157,8182,8184,8187,8175,8193,8177,8204,8297,20.518540143966675,False
63,8214,8176,8227,8179,8195,8150,8181,8174,8152,8148,8186,8200,8192,8314,20.526683807373047,False
64,8199,8151,8154,8159,8164,8154,8185,8143,8131,8151,8175,8180,8174,8320,20.534528017044067,False
65,8204,8167,8182,8159,8214,8158,8166,8142,8110,8132,8151,8165,8135,8283,20.54247999191284,False
66,8207,8162,8175,8173,8170,8141,8151,8118,8093,8118,8145,8165,8135,8267,20.5505952835083,False
67,8196,8170,8156,8183,8170,8138,8155,8111,8092,8132,8152,8171,8155,8280,20.55858278274536,False
68,8194,8198,8209,8184,8235,8158,8158,8155,8116,8153,8167,8170,8163,8268,20.5665295124054,False
69,8165,8167,8146,8164,8176,8160,8161,8153,8154,8171,8183,8141,8172,8239,20.57443261146545,False
70,8158,8150,8144,8144,8170,8146,8154,8159,8158,8169,8167,8152,8164,8231,20.582440853118896,False
71,8157,8143,8151,8139,8169,8142,8155,8169,8155,8164,8161,8163,8161,8256,20.58940315246582,False
72,8158,8153,8160,8149,8183,8150,8163,8176,8176,8174,8179,8163,8182,8279,20.59746742248535,False
73,8189,8185,8237,8172,8207,8160,8172,8207,8200,8192,8201,8192,8202,8293,20.6054527759552,False
74,8194,8177,8172,8186,8144,8164,8184,8194,8221,8209,8232,8189,8220,8308,20.613576412200928,False
75,8193,8184,8165,8173,8177,8168,8171,8182,8211,8202,8225,8186,8212,8313,20.62165999412537,False
76,8185,8179,8181,8154,8179,8172,8167,8174,8196,8191,8202,8184,8192,8322,20.629675149917603,False
77,8175,8173,8149,8154,8168,8182,8188,8170,8193,8185,8205,8173,8184,8324,20.637710571289062,False
78,8187,8189,8201,8162,8218,8179,8185,8190,8174,8169,8207,8174,8172,8285,20.64559364318848,False
79,8160,8173,8153,8158,8161,8150,8177,8161,8159,8165,8212,8141,8166,8245,20.652565479278564,False
80,8147,8178,8170,8143,8202,8143,8166,8146,8134,8154,8204,8141,8141,8245,20.660507440567017,False
81,8166,8170,8200,8130,8234,8152,8150,8144,8100,8128,8190,8162,8121,8262,20.66865491867065,False
82,8159,8137,8124,8124,8171,8130,8141,8119,8099,8126,8186,8144,8134,8263,20.67651605606079,False
83,8142,8137,8150,8109,8181,8113,8134,8125,8105,8135,8181,8145,8132,8244,20.684720754623413,False
84,8124,8131,8151,8100,8174,8130,8142,8129,8101,8133,8180,8145,8127,8227,20.69251775741577,False
85,8134,8136,8160,8116,8193,8144,8149,8147,8099,8131,8170,8146,8129,8226,20.700586080551147,False
86,8154,8146,8184,8133,8193,8144,8158,8173,8118,8144,8172,8157,8134,8241,20.70866870880127,False
87,8150,8157,8169,8149,8182,8145,8161,8175,8139,8157,8194,8170,8156,8260,20.716721534729004,False
88,8165,8182,8193,8177,8198,8156,8145,8173,8145,8160,8199,8190,8178,8273,20.72349214553833,False
89,8176,8181,8161,8197,8163,8163,8145,8160,8159,8169,8192,8168,8178,8278,20.731719732284542,False
90,8177,8193,8180,8199,8195,8158,8144,8166,8158,8164,8182,8152,8156,8260,20.739527463912964,False
91,8177,8198,8192,8191,8196,8148,8135,8165,8151,8159,8185,8165,8158,8246,20.74779748916626,False
92,8173,8193,8150,8193,8183,8157,8137,8140,8152,8168,8188,8171,8179,8264,20.75558590888977,False
93,8180,8200,8211,8199,8246,8188,8134,8147,8126,8154,8172,8174,8164,8267,20.763782262802124,False
94,8156,8163,8166,8171,8194,8190,8140,8130,8111,8136,8163,8144,8140,8243,20.77155590057373,False
95,8139,8156,8116,8143,8174,8179,8153,8119,8122,8135,8146,8128,8134,8230,20.779619216918945,False
96,8152,8177,8162,8156,8213,8182,8158,8148,8123,8139,8130,8146,8144,8236,20.78652548789978,False
97,8142,8155,8144,8158,8190,8177,8158,8158,8120,8147,8147,8145,8157,8240,20.7944757938385,False
98,8139,8158,8180,8136,8213,8176,8170,8191,8138,8154,8152,8153,8151,8228,20.802650690078732,False
99,8127,8152,8162,8121,8186,8173,8199,8209,8163,8162,8133,8140,8147,8220,20.81070899963379,False
100,8107,8137,8131,8111,8177,8156,8199,8200,8155,8153,8117,8125,8144,8217,20.81849217414856,False
101,8102,8130,8153,8106,8178,8147,8183,8192,8134,8140,8118,8142,8146,8216,20.82667851448059,False
102,8097,8126,8126,8118,8147,8145,8182,8165,8132,8137,8121,8141,8149,8217,20.83466482162476,False
103,8143,8170,8214,8148,8233,8145,8157,8170,8121,8135,8114,8164,8142,8226,20.842649221420288,False
104,8180,8174,8218,8164,8217,8142,8127,8155,8118,8159,8133,8180,8166,8260,20.849868774414062,False
105,8175,8157,8151,8153,8163,8149,8120,8129,8124,8174,8143,8171,8189,8281,20.85770535469055,False
106,8189,8178,8206,8152,8217,8169,8134,8139,8121,8153,8123,8189,8182,8279,20.86550736427307,False
107,8178,8161,8179,8157,8213,8179,8153,8126,8127,8152,8119,8182,8191,8279,20.87359595298767,False
108,8156,8137,8161,8147,8207,8183,8150,8128,8127,8165,8101,8167,8187,8273,20.88137650489807,False
109,8145,8127,8156,8139,8182,8195,8147,8135,8128,8161,8072,8156,8168,8255,20.8896267414093,False
110,8145,8136,8162,8150,8193,8210,8151,8144,8145,8159,8074,8158,8164,8235,20.89758372306824,False
111,8166,8151,8215,8172,8217,8216,8153,8170,8161,8176,8105,8179,8181,8241,20.9057035446167,False
112,8164,8139,8154,8192,8163,8214,8164,8161,8178,8192,8129,8172,8209,8272,20.912569046020508,False
113,8161,8150,8167,8185,8205,8215,8159,8162,8170,8175,8105,8174,8194,8271,20.92065382003784,False
114,8156,8146,8185,8159,8205,8211,8164,8164,8153,8158,8088,8164,8164,8245,20.92864990234375,False
115,8144,8138,8146,8152,8177,8201,8182,8156,8148,8158,8085,8138,8153,8229,20.936704874038696,False
116,8148,8155,8189,8160,8201,8191,8176,8179,8142,8150,8063,8149,8137,8218,20.944475889205933,False
117,8130,8131,8142,8157,8148,8177,8166,8169,8158,8150,8065,8144,8145,8220,20.95256090164185,False
118,8139,8124,8150,8157,8185,8168,8156,8168,8160,8157,8076,8150,8159,8238,20.96064591407776,False
119,8164,8128,8193,8156,8205,8169,8153,8185,8149,8156,8063,8162,8151,8256,20.96846604347229,False
120,8166,8125,8150,8155,8160,8172,8170,8179,8164,8158,8055,8155,8151,8266,20.976617336273197,False
121,8184,8149,8175,8169,8193,8172,8179,8179,8173,8162,8062,8172,8163,8270,20.983710289001465,False
122,8188,8149,8166,8182,8182,8168,8181,8159,8161,8167,8071,8167,8172,8274,20.991638898849487,False
123,8199,8173,8203,8199,8209,8173,8174,8163,8139,8156,8077,8177,8166,8278,20.999586820602417,False
124,8211,8196,8235,8224,8231,8183,8174,8170,8133,8149,8097,8204,8177,8291,21.0076596736908,False
125,8189,8179,8160,8228,8194,8184,8185,8141,8134,8165,8117,8185,8199,8289,21.015676975250244,False
126,8187,8174,8169,8218,8216,8180,8181,8145,8128,8170,8119,8176,8195,8278,21.0236394405365,False
127,8168,8151,8140,8197,8211,8181,8186,8147,8134,8156,8111,8163,8176,8269,21.031705379486084,False
237,8141,8148,8156,8164,8248,8198,8194,8166,8142,8150,8086,8155,8152,8245,21.039663314819336,False
0,8147,8153,8208,8161,8242,8209,8195,8192,8157,8168,8088,8160,8161,8235,21.0464928150177,False
1,8134,8124,8130,8183,8170,8191,8190,8180,8179,8183,8118,8152,8192,8254,21.054446935653687,False
2,8125,8127,8152,8173,8215,8177,8163,8184,8174,8166,8105,8159,8179,8252,21.062689304351807,False
3,8127,8129,8175,8148,8206,8163,8136,8164,8158,8160,8087,8152,8163,8237,21.07047843933105,False
4,8123,8129,8154,8158,8174,8144,8119,8133,8134,8158,8099,8143,8157,8229,21.078689098358154,False
5,8138,8135,8172,8176,8182,8151,8122,8142,8121,8148,8111,8150,8146,8225,21.08662986755371,False
6,8170,8143,8170,8186,8187,8174,8145,8153,8146,8159,8132,8158,8175,8249,21.09442973136902,False
7,8194,8172,8205,8210,8232,8193,8152,8173,8166,8177,8147,8191,8211,8287,21.102487802505493,False
8,8181,8168,8166,8225,8196,8204,8160,8172,8172,8186,8143,8191,8222,8299,21.10967302322388,False
9,8192,8172,8173,8218,8206,8211,8171,8170,8171,8178,8110,8179,8209,8291,21.117655515670776,False
10,8204,8176,8208,8202,8229,8201,8178,8172,8152,8162,8068,8172,8183,8282,21.125714540481567,False
11,8155,8146,8133,8182,8186,8184,8190,8151,8138,8156,8030,8140,8162,8260,21.133660316467285,False
12,8140,8150,8193,8170,8242,8186,8190,8183,8127,8135,7988,8147,8140,8231,21.14171266555786,False
13,8133,8122,8188,8147,8198,8185,8198,8201,8124,8119,7992,8147,8143,8234,21.14960551261902,False
14,8096,8086,8093,8119,8137,8180,8209,8173,8135,8131,8019,8131,8154,8249,21.15772700309753,False
15,8102,8114,8140,8128,8196,8183,8188,8173,8142,8144,8013,8147,8151,8249,21.16567277908325,False
16,8118,8130,8160,8155,8205,8169,8155,8169,8145,8144,8008,8146,8153,8248,21.172513961791992,False
17,8136,8142,8178,8150,8217,8151,8138,8182,8144,8147,8038,8158,8164,8256,21.18066120147705,False
18,8139,8139,8162,8136,8184,8148,8152,8192,8165,8166,8072,8165,8183,8268,21.188706159591675,False
19,8125,8138,8141,8152,8177,8146,8159,8184,8176,8174,8064,8147,8182,8262,21.19662618637085,False
20,8139,8156,8196,8167,8222,8131,8149,8184,8157,8159,8052,8156,8162,8249,21.204776287078857,False
21,8152,8150,8160,8163,8173,8120,8152,8163,8158,8161,8080,8164,8177,8265,21.21267819404602,False
22,8171,8176,8180,8177,8180,8133,8153,8176,8169,8171,8101,8175,8202,8282,21.22053027153015,False
23,8178,8192,8196,8196,8173,8144,8156,8176,8166,8170,8115,8176,8207,8275,21.228679418563843,False
24,8164,8180,8152,8190,8162,8137,8149,8144,8158,8167,8127,8167,8195,8267,21.236710786819454,False
25,8177,8193,8227,8183,8216,8132,8118,8151,8136,8159,8112,8185,8174,8268,21.243661880493164,False
26,8173,8178,8190,8192,8153,8134,8121,8139,8128,8164,8114,8172,8184,8283,21.25168347358704,False
27,8174,8176,8141,8196,8153,8145,8153,8134,8137,8161,8129,8162,8192,8298,21.259700775146484,False
28,8186,8175,8173,8182,8195,8154,8172,8159,8142,8152,8121,8169,8180,8297,21.26770520210266,False
29,8166,8153,8153,8158,8165,8147,8174,8166,8144,8151,8096,8153,8167,8277,21.275595664978027,False
30,8165,8157,8179,8136,8177,8136,8167,8170,8128,8139,8082,8154,8145,8257,21.28358054161072,False
31,8157,8143,8141,8126,8152,8131,8167,8151,8114,8129,8092,8149,8140,8256,21.291682243347168,False
32,8148,8143,8136,8125,8176,8122,8159,8158,8114,8127,8091,8147,8140,8251,21.29966163635254,False
33,8167,8155,8181,8138,8209,8119,8152,8178,8121,8140,8102,8162,8144,8257,21.30663561820984,False
34,8179,8154,8155,8159,8185,8124,8159,8167,8126,8152,8133,8166,8160,8285,21.3146870136261,False
35,8183,8178,8192,8161,8191,8122,8146,8171,8116,8132,8129,8177,8158,8281,21.322472095489506,False
36,8159,8170,8162,8153,8137,8104,8135,8146,8112,8122,8121,8162,8154,8255,21.330700874328613,False
37,8151,8169,8163,8157,8169,8097,8136,8137,8103,8133,8125,8158,8155,8245,21.33865737915039,False
38,8169,8187,8223,8162,8205,8107,8141,8163,8100,8134,8124,8175,8150,8252,21.346435546875,False
39,8150,8171,8137,8167,8120,8105,8152,8140,8121,8144,8145,8160,8170,8265,21.35467219352722,False
40,8149,8168,8133,8176,8136,8096,8138,8128,8117,8158,8170,8168,8194,8279,21.36271095275879,False
41,8177,8167,8176,8167,8162,8089,8123,8140,8104,8158,8167,8176,8202,8287,21.370695114135746,False
42,8183,8168,8171,8159,8155,8087,8127,8143,8101,8143,8142,8162,8191,8279,21.377647161483765,False
43,8155,8158,8163,8160,8124,8088,8135,8131,8094,8130,8127,8156,8172,8261,21.385672330856323,False
44,8122,8141,8133,8150,8090,8085,8143,8124,8098,8132,8127,8144,8162,8245,21.39367651939392,False
45,8152,8172,8207,8153,8151,8093,8148,8172,8111,8127,8126,8160,8159,8255,21.401668071746823,False
46,8183,8177,8198,8181,8120,8084,8153,8177,8125,8127,8148,8168,8164,8271,21.409679651260376,False
47,8177,8183,8160,8196,8107,8067,8138,8155,8119,8125,8165,8174,8154,8249,21.41776919364929,False
48,8191,8201,8223,8206,8159,8074,8121,8172,8101,8117,8165,8200,8142,8233,21.425586462020878,False
49,8209,8182,8194,8234,8128,8087,8129,8165,8110,8126,8193,8198,8169,8265,21.433676958084103,False
50,8237,8206,8222,8256,8175,8101,8129,8171,8124,8133,8216,8216,8188,8296,21.440779209136963,True
51,8235,8218,8229,8253,8190,8114,8131,8166,8113,8131,8217,8228,8192,8298,21.448602437973022,True
52,8211,8195,8174,8248,8143,8114,8141,8138,8088,8128,8227,8210,8196,8297,21.45665645599365,True
53,8241,8213,8223,8257,8154,8120,8144,8152,8084,8133,8248,8222,8210,8317,21.46476984024048,True
54,8259,8230,8214,8258,8142,8132,8154,8156,8112,8153,8271,8231,8241,8345,21.47256374359131,True
55,8230,8222,8202,8237,8171,8128,8151,8155,8117,8157,8260,8229,8233,8335,21.48069739341736,True
56,8186,8186,8176,8209,8160,8117,8151,8142,8094,8142,8235,8204,8208,8299,21.488703966140747,True
57,8171,8174,8148,8195,8149,8122,8161,8122,8070,8127,8218,8183,8201,8283,21.49678349494934,True
58,8180,8182,8195,8188,8192,8127,8158,8138,8066,8126,8214,8193,8195,8279,21.503565311431885,True
59,8140,8147,8138,8178,8152,8122,8157,8137,8093,8139,8221,8173,8197,8255,21.511549711227417,True
60,8143,8165,8168,8187,8179,8121,8148,8143,8098,8141,8206,8184,8184,8242,21.519700288772583,True
61,8219,8217,8235,8224,8181,8125,8145,8154,8107,8146,8224,8224,8195,8297,21.52765226364136,True
62,8249,8223,8192,8245,8145,8123,8140,8156,8135,8165,8254,8213,8230,8337,21.535581350326535,True
63,8216,8219,8220,8232,8194,8114,8122,8182,8120,8157,8218,8194,8208,8289,21.543509006500244,True
64,8165,8191,8175,8202,8151,8101,8133,8167,8106,8142,8191,8184,8176,8257,21.551523447036743,True
65,8183,8201,8161,8199,8146,8104,8139,8149,8115,8142,8213,8208,8186,8295,21.55953931808472,True
66,8248,8236,8225,8237,8165,8101,8107,8153,8100,8145,8234,8231,8206,8330,21.567506790161133,True
67,8256,8235,8200,8253,8133,8078,8084,8133,8086,8139,8230,8210,8211,8329,21.574419736862183,True
68,8250,8239,8220,8237,8169,8085,8084,8126,8094,8135,8221,8222,8209,8328,21.58267116546631,True
69,8249,8220,8187,8229,8156,8103,8091,8116,8104,8150,8241,8234,8228,8343,21.590710639953613,True
70,8243,8212,8174,8224,8174,8095,8082,8120,8091,8149,8242,8213,8223,8330,21.598479747772217,True
71,8224,8218,8204,8205,8184,8093,8081,8129,8082,8135,8209,8182,8196,8290,21.60667610168457,True
72,8194,8196,8157,8184,8141,8111,8111,8124,8101,8144,8193,8165,8192,8288,21.61452317237854,True
73,8205,8188,8196,8166,8173,8119,8123,8160,8108,8146,8193,8197,8194,8315,21.622436046600345,True
74,8196,8172,8163,8156,8125,8110,8130,8164,8107,8152,8196,8187,8197,8316,21.63044667243957,True
75,8170,8172,8125,8151,8125,8116,8143,8153,8108,8162,8176,8150,8191,8281,21.6374773979187,True
76,8170,8171,8178,8132,8189,8122,8135,8163,8097,8151,8150,8151,8172,8258,21.64540791511536,True
77,8147,8147,8134,8115,8152,8109,8120,8143,8092,8138,8156,8147,8162,8267,21.653403520584103,True
78,8150,8169,8144,8142,8151,8106,8095,8142,8093,8131,8152,8148,8147,8260,21.66148996353149,True
79,8172,8181,8146,8164,8141,8110,8082,8146,8105,8136,8136,8135,8143,8248,21.669410943984985,True
80,8168,8181,8148,8151,8165,8114,8079,8155,8121,8148,8142,8137,8154,8254,21.67756175994873,True
81,8155,8179,8184,8140,8183,8121,8094,8169,8133,8154,8162,8160,8158,8256,21.685483694076535,True
82,8134,8154,8121,8149,8131,8125,8136,8149,8133,8154,8154,8128,8139,8225,21.69348382949829,True
83,8135,8167,8160,8141,8184,8130,8150,8154,8098,8130,8113,8122,8108,8195,21.701436281204224,True
84,8138,8155,8159,8116,8156,8125,8143,8131,8073,8120,8120,8143,8120,8227,21.70870804786682,True
85,8159,8162,8141,8133,8146,8120,8143,8101,8084,8135,8154,8153,8152,8272,21.716652631759644,True
86,8202,8208,8229,8171,8232,8124,8140,8129,8089,8145,8154,8168,8157,8270,21.72452425956726,True
87,8183,8189,8173,8173,8176,8124,8135,8125,8103,8165,8167,8154,8178,8263,21.732707023620605,True
88,8162,8181,8172,8155,8164,8127,8121,8144,8135,8187,8182,8158,8192,8269,21.7406542301178,True
89,8146,8174,8176,8139,8172,8138,8125,8174,8167,8191,8170,8153,8173,8257,21.748687744140625,True
90,8107,8142,8103,8106,8158,8159,8143,8176,8184,8175,8146,8117,8147,8231,21.75668573379517,True
91,8105,8137,8145,8084,8171,8188,8166,8206,8191,8168,8134,8126,8138,8227,21.76460099220276,True
92,8100,8124,8141,8086,8136,8190,8197,8209,8211,8179,8133,8135,8142,8236,21.77279758453369,True
93,8082,8113,8118,8072,8153,8180,8209,8182,8201,8173,8120,8121,8121,8216,21.779460430145264,True
94,8083,8110,8107,8072,8146,8181,8213,8156,8166,8162,8123,8100,8101,8197,21.78759741783142,True
95,8098,8131,8120,8090,8155,8174,8213,8145,8149,8150,8128,8108,8108,8200,21.795690536499023,True
96,8109,8146,8173,8082,8190,8156,8193,8143,8142,8132,8116,8128,8105,8190,21.803462028503414,True
97,8091,8123,8127,8069,8139,8148,8179,8126,8145,8142,8122,8106,8095,8182,21.81168365478516,True
98,8120,8146,8171,8091,8172,8144,8165,8149,8139,8153,8128,8132,8096,8205,21.81964612007141,True
99,8172,8164,8220,8117,8180,8131,8156,8167,8134,8152,8141,8177,8121,8250,21.827584505081177,True
100,8175,8152,8148,8118,8130,8127,8157,8140,8140,8163,8157,8150,8134,8265,21.835352659225464,True
101,8186,8184,8184,8126,8167,8135,8154,8154,8139,8162,8146,8139,8119,8249,21.84241890907288,True
102,8189,8179,8181,8125,8132,8127,8158,8168,8142,8148,8142,8156,8127,8248,21.8506076335907,True
103,8160,8146,8140,8107,8115,8125,8156,8147,8132,8136,8139,8156,8126,8243,21.858588218688965,True
104,8130,8146,8142,8108,8147,8142,8162,8131,8121,8136,8123,8135,8101,8218,21.86652398109436,True
105,8131,8167,8147,8130,8166,8151,8177,8134,8131,8143,8124,8130,8108,8224,21.87478280067444,True
106,8169,8178,8213,8142,8200,8155,8170,8159,8125,8142,8136,8169,8118,8253,21.88261079788208,True
107,8148,8136,8141,8117,8132,8164,8178,8136,8123,8147,8134,8149,8107,8249,21.890676736831665,True
108,8125,8138,8139,8104,8168,8168,8193,8148,8141,8151,8121,8133,8100,8221,21.89766907691956,True
109,8152,8148,8228,8121,8213,8160,8185,8195,8164,8155,8130,8160,8118,8227,21.905686378479004,True
110,8125,8104,8131,8124,8123,8148,8184,8170,8177,8166,8138,8134,8136,8229,21.91345715522766,True
111,8094,8122,8141,8106,8172,8146,8180,8162,8156,8160,8115,8126,8113,8200,21.921545267105103,True
112,8096,8137,8174,8108,8182,8140,8173,8164,8147,8152,8123,8138,8115,8208,21.92957901954651,True
113,8126,8127,8148,8152,8141,8156,8181,8157,8170,8164,8164,8149,8156,8260,21.93748712539673,True
114,8161,8142,8183,8170,8169,8184,8198,8169,8173,8181,8188,8168,8182,8290,21.945492267608643,True
115,8147,8139,8160,8156,8165,8170,8196,8149,8151,8171,8181,8156,8172,8273,21.95345163345337,True
116,8145,8144,8169,8180,8172,8152,8174,8138,8120,8142,8151,8155,8139,8252,21.96141481399536,True
117,8177,8156,8171,8201,8160,8163,8179,8134,8125,8147,8156,8166,8153,8279,21.96835803985596,True
118,8203,8166,8180,8180,8182,8171,8185,8142,8147,8163,8173,8176,8184,8312,21.97645878791809,True
119,8198,8160,8197,8162,8190,8169,8172,8157,8144,8157,8154,8180,8177,8312,21.984431743621823,True
120,8165,8141,8146,8152,8153,8173,8173,8146,8139,8155,8132,8156,8153,8290,21.99241065979004,True
121,8150,8147,8173,8127,8178,8170,8170,8161,8139,8155,8116,8147,8127,8246,22.0003764629364,True
122,8127,8115,8140,8119,8132,8164,8175,8164,8154,8161,8126,8134,8131,8227,22.00851535797119,True
123,8112,8104,8129,8120,8162,8183,8187,8165,8159,8164,8131,8135,8137,8244,22.01666283607483,True
124,8137,8137,8245,8112,8246,8201,8189,8199,8149,8154,8108,8168,8117,8244,22.02469682693481,True
125,8119,8104,8157,8116,8129,8185,8208,8165,8165,8163,8124,8149,8125,8239,22.031583547592163,True
126,8107,8101,8113,8136,8115,8178,8208,8140,8172,8173,8156,8139,8145,8244,22.03969359397888,True
127,8137,8136,8193,8157,8176,8194,8191,8165,8167,8173,8165,8161,8154,8247,22.047663688659668,True
237,8161,8142,8177,8184,8153,8194,8197,8170,8182,8182,8173,8165,8174,8264,22.055634021759037,True
0,8200,8166,8207,8201,8173,8183,8204,8173,8189,8192,8195,8188,8200,8314,22.06370234489441,True
1,8224,8180,8203,8198,8164,8187,8200,8160,8192,8202,8217,8198,8227,8361,22.07169842720032,True
2,8219,8181,8176,8196,8163,8186,8188,8148,8187,8199,8203,8183,8224,8351,22.079542636871334,True
3,8192,8157,8145,8189,8114,8160,8179,8131,8163,8179,8175,8161,8195,8312,22.08766531944275,True
4,8167,8149,8141,8167,8080,8142,8170,8125,8140,8161,8154,8152,8170,8289,22.094620943069454,True
5,8168,8157,8191,8140,8113,8151,8164,8146,8131,8153,8133,8161,8150,8277,22.102505207061768,True
6,8144,8122,8123,8123,8062,8150,8171,8123,8129,8151,8119,8137,8140,8262,22.11064887046814,True
7,8128,8119,8136,8121,8084,8141,8161,8121,8121,8140,8107,8138,8129,8249,22.11870074272156,True
8,8126,8119,8186,8119,8126,8151,8151,8143,8133,8142,8118,8157,8126,8251,22.1264386177063,True
9,8100,8096,8122,8105,8098,8155,8158,8127,8152,8156,8133,8132,8128,8239,22.13468909263611,True
10,8105,8114,8145,8096,8103,8150,8160,8134,8152,8151,8127,8135,8124,8219,22.142696857452396,True
11,8124,8126,8143,8117,8069,8156,8170,8148,8162,8159,8149,8154,8143,8233,22.150700092315677,True
12,8133,8133,8156,8133,8086,8163,8183,8162,8167,8166,8168,8165,8159,8260,22.158636331558228,True
13,8142,8137,8198,8129,8099,8155,8193,8164,8155,8157,8158,8166,8149,8264,22.16569948196411,True
14,8146,8139,8160,8138,8068,8155,8214,8149,8158,8161,8161,8157,8156,8264,22.17360758781433,True
15,8165,8165,8186,8160,8103,8168,8221,8163,8165,8166,8172,8176,8162,8276,22.181654691696167,True
16,8154,8148,8162,8157,8071,8156,8206,8140,8162,8159,8166,8160,8151,8271,22.189640045166016,True
17,8141,8153,8160,8155,8091,8139,8169,8121,8142,8155,8151,8142,8133,8241,22.197701692581177,True
18,8164,8186,8210,8171,8134,8138,8146,8138,8137,8165,8159,8164,8145,8252,22.205613136291504,True
19,8164,8171,8142,8162,8079,8125,8148,8119,8153,8179,8180,8162,8179,8298,22.213695287704468,True
20,8163,8179,8172,8144,8101,8102,8124,8119,8135,8169,8166,8154,8161,8286,22.22168278694153,True
21,8147,8180,8183,8143,8081,8077,8103,8115,8106,8151,8138,8129,8122,8232,22.228481769561768,True
22,8120,8153,8127,8122,8061,8068,8108,8109,8105,8138,8119,8115,8110,8221,22.236656188964844,True
23,8116,8148,8144,8091,8087,8085,8122,8134,8106,8133,8105,8129,8108,8237,22.24476528167725,False
24,8098,8145,8120,8092,8050,8090,8136,8135,8108,8138,8102,8112,8098,8222,22.25241613388061,False
25,8096,8144,8142,8100,8075,8081,8137,8139,8109,8132,8105,8112,8084,8196,22.26066780090332,False
26,8108,8135,8146,8099,8091,8084,8147,8150,8118,8130,8125,8136,8107,8222,22.268640279769897,False
27,8124,8162,8151,8118,8108,8092,8159,8167,8126,8139,8142,8154,8132,8269,22.276675939559937,False
28,8149,8187,8188,8138,8106,8094,8154,8181,8131,8151,8145,8158,8125,8275,22.284671783447266,False
29,8147,8159,8134,8129,8052,8090,8154,8158,8148,8155,8159,8143,8133,8259,22.292689561843872,False
30,8166,8184,8215,8139,8125,8084,8142,8169,8137,8135,8160,8173,8139,8261,22.29966688156128,False
31,8180,8194,8239,8160,8114,8075,8133,8166,8116,8124,8158,8180,8127,8273,22.30765676498413,False
32,8167,8163,8129,8162,8049,8080,8137,8129,8119,8138,8165,8140,8126,8269,22.31567335128784,False
33,8184,8177,8174,8161,8109,8098,8129,8144,8120,8150,8175,8158,8147,8270,22.32370686531067,False
34,8181,8178,8180,8160,8102,8102,8126,8150,8126,8161,8203,8176,8176,8294,22.331623554229736,False
35,8165,8180,8155,8158,8097,8109,8128,8144,8131,8172,8213,8173,8182,8299,22.339698553085327,False
36,8176,8187,8164,8161,8103,8122,8140,8148,8135,8184,8203,8164,8174,8288,22.347694635391235,False
37,8178,8183,8160,8153,8102,8121,8155,8151,8141,8187,8200,8161,8178,8298,22.35565447807312,False
38,8164,8176,8186,8134,8116,8115,8146,8163,8138,8171,8194,8180,8182,8311,22.36269783973694,False
39,8128,8150,8132,8120,8058,8109,8138,8147,8129,8168,8184,8158,8170,8288,22.370693683624268,False
40,8112,8157,8146,8122,8083,8107,8138,8152,8115,8160,8158,8133,8127,8241,22.378491401672363,False
41,8121,8150,8164,8137,8089,8116,8156,8153,8130,8148,8160,8137,8121,8239,22.38669443130493,False
42,8143,8150,8140,8153,8092,8133,8180,8149,8164,8166,8194,8156,8165,8292,22.39468216896057,False
43,8184,8208,8246,8164,8185,8146,8180,8188,8169,8178,8204,8186,8173,8312,22.402750968933105,False
44,8161,8194,8200,8163,8116,8134,8173,8159,8164,8164,8195,8154,8158,8276,22.41070294380188,False
45,8134,8163,8115,8154,8057,8118,8154,8107,8145,8144,8186,8134,8151,8251,22.41873073577881,False
46,8172,8187,8169,8160,8091,8117,8140,8113,8112,8128,8191,8162,8144,8268,22.42670464515686,False
47,8188,8197,8168,8171,8082,8114,8145,8122,8112,8123,8197,8149,8141,8273,22.4336621761322,False
48,8182,8193,8175,8155,8103,8125,8132,8130,8119,8124,8181,8139,8136,8261,22.441697597503666,False
49,8173,8175,8163,8133,8099,8137,8118,8115,8112,8138,8182,8157,8153,8286,22.44966745376587,False
50,8182,8178,8183,8139,8112,8127,8108,8110,8105,8149,8195,8182,8174,8312,22.45766592025757,False
51,8183,8179,8197,8148,8101,8122,8106,8131,8121,8153,8198,8171,8171,8294,22.46576499938965,False
52,8137,8159,8118,8132,8069,8135,8128,8141,8152,8167,8179,8124,8156,8254,22.473690271377563,False
53,8113,8166,8148,8111,8121,8135,8132,8163,8153,8163,8148,8134,8142,8235,22.481555461883545,False
54,8125,8149,8145,8103,8088,8117,8128,8160,8154,8161,8174,8160,8166,8271,22.48945665359497,False
55,8141,8140,8144,8095,8087,8117,8133,8168,8165,8164,8199,8164,8175,8292,22.496546983718872,False
56,8136,8157,8213,8092,8127,8125,8143,8201,8171,8162,8164,8159,8143,8237,22.50443243980408,False
57,8103,8144,8143,8106,8062,8119,8151,8169,8172,8166,8163,8127,8146,8196,22.51268839836121,False
58,8117,8149,8131,8133,8086,8118,8140,8141,8158,8161,8184,8130,8150,8221,22.520655393600464,False
59,8142,8149,8151,8134,8110,8124,8143,8147,8154,8152,8172,8143,8132,8250,22.52872967720032,False
60,8127,8155,8148,8117,8100,8124,8151,8150,8144,8135,8156,8141,8125,8237,22.536593437194824,False
61,8140,8177,8190,8121,8118,8116,8147,8149,8115,8122,8165,8152,8137,8232,22.5446937084198,False
62,8169,8167,8164,8147,8109,8109,8150,8129,8105,8133,8193,8158,8163,8274,22.55256724357605,False
63,8192,8182,8202,8167,8170,8129,8150,8142,8104,8139,8205,8184,8174,8306,22.55959725379944,False
64,8185,8183,8193,8167,8143,8148,8154,8151,8105,8149,8208,8189,8185,8303,22.56751298904419,False
65,8160,8172,8135,8151,8091,8138,8152,8143,8108,8165,8219,8169,8201,8292,22.57566261291504,False
66,8161,8168,8178,8135,8126,8139,8153,8155,8111,8170,8231,8180,8203,8298,22.5836079120636,False
67,8146,8138,8150,8128,8106,8154,8171,8143,8131,8163,8218,8174,8199,8302,22.591700315475464,False
68,8141,8157,8180,8129,8134,8156,8168,8158,8140,8147,8171,8165,8170,8274,22.59969735145569,False
69,8138,8169,8196,8132,8122,8146,8165,8174,8152,8158,8170,8152,8163,8253,22.60753083229065,False
70,8116,8140,8129,8128,8100,8140,8177,8165,8181,8193,8198,8144,8192,8262,22.615689754486084,False
71,8122,8153,8177,8131,8158,8144,8168,8182,8181,8193,8189,8170,8195,8276,22.6227023601532,False
72,8123,8159,8167,8141,8133,8142,8162,8166,8174,8176,8178,8154,8177,8276,22.63043212890625,False
73,8131,8174,8151,8161,8144,8145,8177,8162,8184,8175,8179,8139,8171,8261,22.63867473602295,False
74,8145,8191,8164,8183,8164,8144,8197,8183,8193,8177,8189,8151,8179,8264,22.64668583869934,False
75,8147,8173,8149,8164,8143,8131,8199,8182,8180,8158,8192,8149,8171,8277,22.654661893844604,False
76,8163,8163,8187,8138,8132,8124,8181,8176,8143,8130,8177,8154,8144,8264,22.66264843940735,False
77,8150,8161,8143,8149,8064,8117,8171,8149,8123,8129,8174,8141,8147,8244,22.670669317245483,False
78,8144,8185,8154,8164,8094,8111,8160,8152,8118,8134,8164,8148,8159,8255,22.67741131782532,False
79,8165,8184,8196,8146,8114,8098,8146,8168,8118,8138,8166,8168,8164,8286,22.68553185462952,False
80,8154,8160,8145,8130,8073,8083,8145,8156,8129,8157,8197,8159,8186,8299,22.693392992019653,False
81,8137,8170,8183,8133,8120,8090,8151,8185,8138,8174,8210,8173,8205,8291,22.70152711868286,False
82,8125,8150,8161,8118,8093,8096,8172,8198,8155,8187,8202,8171,8219,8299,22.709497213363647,False
83,8139,8148,8137,8119,8085,8092,8188,8198,8175,8195,8198,8164,8226,8320,22.717464447021484,False
84,8162,8168,8183,8144,8112,8096,8196,8214,8195,8198,8206,8176,8234,8327,22.72545051574707,False
85,8144,8155,8154,8139,8092,8118,8225,8209,8214,8205,8201,8166,8233,8312,22.73359751701355,False
86,8145,8173,8197,8134,8133,8149,8246,8215,8209,8199,8190,8179,8209,8295,22.741694927215576,False
87,8161,8181,8186,8172,8090,8158,8252,8193,8202,8200,8218,8176,8217,8309,22.749695301055908,False
88,8186,8195,8176,8209,8083,8151,8237,8172,8201,8201,8233,8161,8229,8323,22.75650382041931,False
89,8221,8212,8235,8199,8136,8144,8205,8171,8185,8184,8219,8179,8221,8320,22.764678478240967,False
90,8210,8186,8169,8178,8095,8131,8180,8125,8158,8176,8225,8190,8234,8337,22.772681951522827,False
91,8211,8188,8190,8162,8107,8118,8155,8116,8121,8167,8215,8202,8241,8352,22.780686140060425,False
92,8203,8173,8193,8136,8077,8099,8143,8118,8103,8158,8189,8182,8224,8326,22.788650035858154,False
93,8163,8149,8125,8116,8047,8071,8129,8097,8091,8150,8165,8147,8195,8284,22.796692609786987,False
94,8158,8161,8149,8106,8080,8051,8109,8099,8067,8138,8129,8148,8166,8275,22.804666757583615,False
95,8165,8154,8148,8095,8061,8049,8125,8116,8082,8144,8125,8151,8177,8289,22.812561988830566,False
96,8152,8148,8164,8090,8086,8056,8151,8159,8113,8156,8145,8156,8194,8281,22.81969428062439,False
97,8121,8139,8144,8103,8099,8066,8159,8179,8127,8171,8135,8144,8193,8275,22.82769060134888,False
98,8135,8158,8150,8110,8117,8090,8161,8184,8146,8188,8125,8150,8197,8291,22.835598707199097,False
99,8176,8183,8197,8118,8111,8115,8179,8207,8179,8195,8155,8174,8205,8302,22.84368634223938,False
100,8161,8167,8139,8142,8060,8122,8203,8195,8205,8198,8178,8160,8216,8296,22.851666688919067,False
101,8159,8189,8180,8173,8119,8135,8190,8183,8196,8195,8163,8181,8215,8289,22.85941743850708,False
102,8182,8207,8202,8190,8103,8146,8174,8162,8178,8191,8169,8201,8216,8300,22.867693662643436,False
103,8177,8191,8144,8176,8077,8149,8171,8145,8171,8187,8175,8170,8216,8311,22.87569999694824,False
104,8181,8192,8188,8166,8142,8159,8170,8168,8171,8186,8148,8161,8209,8305,22.883490800857544,False
105,8188,8184,8167,8179,8100,8166,8184,8168,8187,8197,8152,8162,8214,8310,22.89050579071045,False
106,8211,8203,8189,8201,8122,8168,8187,8184,8187,8201,8171,8183,8216,8332,22.8986873626709,False
107,8217,8204,8205,8194,8149,8154,8192,8190,8172,8193,8172,8192,8222,8350,22.9065465927124,False
108,8164,8170,8126,8149,8092,8109,8191,8150,8147,8171,8137,8156,8197,8325,22.91465950012207,False
109,8145,8155,8156,8114,8081,8080,8150,8140,8099,8134,8082,8146,8139,8280,22.92268776893616,False
110,8157,8138,8150,8112,8054,8079,8135,8144,8083,8134,8089,8145,8138,8281,22.93065309524536,False
111,8174,8155,8158,8134,8088,8079,8154,8163,8100,8152,8116,8155,8157,8298,22.938591480255127,False
112,8188,8174,8192,8156,8088,8087,8155,8170,8110,8152,8121,8166,8149,8284,22.946690320968628,False
113,8190,8180,8174,8194,8068,8105,8147,8155,8124,8160,8150,8175,8160,8272,22.954657077789307,False
114,8208,8213,8230,8243,8138,8124,8155,8181,8156,8182,8196,8210,8196,8293,22.961623191833496,False
115,8215,8213,8198,8260,8114,8142,8184,8182,8191,8201,8227,8210,8242,8334,22.96968650817871,False
116,8238,8233,8200,8257,8131,8169,8203,8178,8187,8200,8233,8210,8264,8370,22.977601528167725,False
117,8259,8258,8241,8273,8166,8182,8221,8185,8178,8206,8233,8224,8268,8394,22.98565149307251,False
118,8230,8236,8160,8291,8121,8185,8243,8160,8206,8227,8233,8194,8276,8387,22.99369025230408,False
119,8223,8230,8178,8266,8141,8195,8245,8167,8221,8232,8226,8189,8277,8365,23.001685857772827,False
120,8208,8212,8174,8221,8115,8183,8236,8169,8215,8223,8220,8190,8277,8368,23.009480953216556,False
121,8176,8196,8134,8202,8096,8156,8207,8143,8199,8205,8187,8164,8255,8358,23.016616106033325,False
122,8178,8201,8166,8196,8126,8136,8169,8143,8177,8191,8150,8146,8219,8325,23.024693250656128,False
123,8166,8183,8143,8165,8113,8112,8156,8150,8156,8184,8135,8137,8198,8314,23.03275346755981,False
124,8135,8170,8143,8132,8123,8093,8153,8157,8126,8161,8101,8136,8162,8290,23.040685892105103,False
125,8107,8146,8112,8136,8097,8096,8161,8143,8125,8153,8077,8108,8130,8239,23.048678398132324,False
126,8115,8155,8134,8153,8125,8106,8164,8154,8134,8160,8089,8109,8131,8223,23.05666708946228,False
127,8147,8186,8203,8153,8158,8098,8157,8173,8119,8150,8104,8161,8138,8257,23.06456446647644,False
237,8149,8181,8148,8145,8106,8088,8161,8143,8112,8137,8102,8165,8135,8279,23.072654724121094,False
0,8178,8208,8199,8171,8144,8105,8157,8156,8110,8133,8099,8166,8129,8270,23.07968521118164,False
1,8206,8224,8231,8206,8139,8114,8157,8169,8113,8148,8141,8183,8158,8293,23.08767580986023,False
2,8216,8217,8185,8224,8123,8111,8161,8145,8117,8166,8181,8201,8203,8336,23.09563040733337,False
3,8251,8238,8222,8246,8155,8121,8151,8149,8109,8163,8170,8219,8204,8345,23.103631258010864,False
4,8256,8240,8184,8251,8108,8127,8154,8151,8122,8165,8154,8189,8196,8330,23.1114194393158,False
5,8234,8232,8176,8230,8128,8129,8151,8151,8125,8164,8153,8184,8195,8318,23.11962914466858,False
6,8223,8216,8185,8237,8147,8132,8147,8128,8104,8161,8161,8211,8209,8330,23.12768578529358,False
7,8230,8218,8176,8252,8151,8132,8154,8105,8094,8164,8162,8208,8223,8338,23.135473489761356,False
8,8219,8216,8186,8213,8162,8125,8139,8104,8087,8153,8130,8168,8193,8304,23.14368414878845,False
9,8164,8171,8113,8173,8108,8111,8128,8088,8091,8153,8105,8125,8157,8259,23.1506826877594,False
10,8157,8179,8158,8186,8151,8108,8137,8120,8104,8158,8104,8158,8152,8259,23.15865921974182,False
11,8163,8175,8172,8181,8148,8105,8156,8149,8119,8151,8110,8170,8165,8284,23.16666030883789,False
12,8134,8141,8108,8145,8111,8101,8160,8144,8119,8145,8101,8131,8153,8277,23.174668788909912,False
13,8164,8167,8210,8147,8166,8120,8172,8189,8125,8152,8107,8164,8151,8275,23.18268346786499,False
14,8184,8169,8195,8171,8121,8134,8202,8193,8157,8173,8152,8196,8200,8318,23.19066786766052,False
15,8159,8162,8134,8185,8117,8134,8202,8168,8165,8171,8155,8177,8201,8327,23.19867491722107,False
16,8165,8165,8162,8191,8145,8138,8196,8161,8156,8163,8126,8152,8160,8297,23.206698656082157,False
17,8190,8167,8172,8186,8143,8135,8197,8156,8152,8157,8134,8158,8152,8286,23.21466374397278,False
18,8192,8193,8211,8181,8183,8135,8186,8178,8147,8142,8155,8196,8165,8293,23.22167420387268,False
19,8157,8178,8152,8178,8143,8145,8197,8178,8161,8153,8161,8178,8181,8303,23.22969889640808,False
20,8170,8164,8137,8187,8133,8141,8206,8181,8182,8176,8146,8151,8184,8306,23.23760676383972,False
21,8223,8174,8183,8211,8151,8125,8194,8198,8190,8190,8154,8166,8191,8301,23.245686054229736,False
22,8206,8180,8157,8214,8151,8120,8181,8191,8184,8188,8173,8176,8203,8300,23.253657341003414,False
23,8175,8186,8185,8194,8176,8121,8159,8187,8164,8173,8160,8184,8194,8301,23.26162314414978,False
24,8184,8165,8155,8186,8115,8111,8155,8161,8165,8180,8170,8170,8203,8301,23.26969647407532,False
25,8211,8176,8171,8186,8152,8110,8173,8168,8178,8196,8197,8177,8220,8301,23.277690172195435,False
26,8194,8185,8218,8174,8215,8124,8183,8191,8174,8192,8195,8198,8214,8308,23.28446054458618,False
27,8148,8157,8136,8172,8140,8138,8195,8163,8173,8175,8170,8165,8185,8293,23.292689561843872,False
28,8165,8165,8151,8185,8138,8151,8204,8161,8168,8161,8137,8148,8145,8262,23.300691604614254,False
29,8187,8165,8169,8182,8153,8152,8211,8172,8169,8165,8143,8162,8150,8278,23.3086941242218,False
30,8193,8176,8167,8185,8170,8150,8212,8176,8186,8176,8178,8176,8183,8315,23.316691160202023,False
31,8214,8204,8209,8212,8178,8152,8207,8187,8196,8179,8188,8179,8182,8313,23.3247013092041,False
32,8207,8200,8170,8223,8150,8153,8213,8170,8196,8180,8181,8161,8175,8295,23.332687616348267,False
33,8202,8193,8186,8206,8189,8148,8205,8166,8182,8174,8182,8171,8170,8295,23.340688228607178,False
34,8190,8161,8157,8186,8148,8136,8201,8155,8185,8178,8193,8165,8174,8298,23.347689628601078,False
35,8180,8162,8139,8188,8149,8134,8207,8156,8190,8173,8188,8153,8179,8285,23.355701208114624,False
36,8187,8183,8201,8192,8195,8137,8206,8177,8164,8148,8177,8163,8162,8273,23.363542079925537,False
37,8152,8136,8125,8166,8124,8116,8188,8146,8136,8135,8171,8139,8139,8270,23.37166714668274,False
38,8134,8130,8136,8134,8148,8099,8147,8136,8119,8128,8147,8139,8117,8260,23.379685878753666,False
39,8154,8156,8187,8137,8168,8103,8140,8155,8129,8142,8162,8154,8128,8253,23.387490272521973,False
40,8161,8164,8151,8177,8142,8116,8167,8162,8159,8166,8213,8152,8165,8258,23.39568257331848,False
41,8158,8170,8158,8190,8156,8136,8172,8174,8173,8173,8220,8160,8184,8274,23.40368175506592,False
42,8145,8154,8136,8155,8134,8137,8163,8169,8175,8171,8199,8149,8176,8292,23.41149973869324,False
43,8153,8171,8187,8147,8179,8121,8148,8186,8167,8157,8177,8153,8147,8273,23.418684005737305,False
44,8167,8177,8204,8182,8174,8124,8154,8191,8176,8155,8187,8169,8152,8259,23.426684617996216,False
45,8176,8165,8153,8190,8129,8134,8167,8168,8193,8184,8238,8179,8202,8298,23.434690713882446,False
46,8201,8186,8186,8184,8165,8126,8158,8170,8189,8200,8261,8193,8229,8328,23.44267725944519,False
47,8198,8194,8154,8203,8162,8117,8159,8152,8186,8190,8247,8172,8224,8312,23.45065665245056,False
48,8199,8204,8179,8205,8195,8135,8156,8149,8171,8181,8231,8173,8204,8295,23.458681106567383,False
49,8209,8195,8205,8189,8172,8145,8145,8147,8148,8177,8230,8189,8196,8311,23.46666502952576,False
50,8190,8176,8150,8185,8142,8136,8140,8121,8130,8157,8221,8167,8191,8312,23.47468400001526,False
51,8188,8176,8195,8170,8208,8130,8141,8147,8118,8139,8199,8161,8167,8289,23.48168444633484,False
52,8187,8149,8161,8147,8165,8128,8163,8167,8144,8167,8204,8156,8170,8291,23.489611625671387,False
53,8178,8156,8126,8153,8149,8137,8178,8164,8179,8194,8208,8152,8180,8294,23.49768877029419,False
54,8153,8176,8151,8164,8176,8153,8185,8165,8192,8189,8205,8145,8175,8273,23.505677223205566,False
55,8127,8165,8142,8158,8171,8154,8192,8172,8183,8177,8201,8133,8166,8255,23.513423442840576,False
56,8163,8172,8194,8165,8205,8143,8187,8201,8174,8170,8193,8161,8158,8265,23.52165699005127,False
57,8187,8168,8170,8170,8175,8141,8192,8194,8193,8185,8212,8172,8177,8283,23.529663562774655,False
58,8176,8178,8170,8175,8188,8162,8205,8194,8214,8196,8224,8169,8191,8278,23.53754758834839,False
59,8177,8182,8185,8186,8174,8168,8206,8195,8210,8190,8220,8167,8186,8264,23.544508934021,False
60,8188,8173,8141,8187,8145,8148,8182,8170,8202,8183,8224,8153,8192,8270,23.552659034729004,False
61,8222,8219,8231,8207,8239,8152,8151,8179,8185,8174,8224,8184,8194,8283,23.560726165771484,False
62,8208,8218,8196,8229,8190,8164,8158,8145,8176,8178,8229,8179,8188,8277,23.56866478919983,False
63,8187,8192,8122,8213,8132,8146,8160,8105,8166,8174,8226,8148,8172,8253,23.576683521270752,False
64,8219,8215,8202,8206,8183,8124,8137,8125,8140,8152,8213,8164,8166,8250,23.58467149734497,False
65,8209,8213,8177,8213,8165,8116,8140,8124,8130,8152,8209,8167,8174,8269,23.592661142349243,False
66,8171,8190,8139,8182,8154,8111,8149,8131,8131,8163,8199,8154,8161,8265,23.60068082809448,False
67,8159,8165,8138,8150,8136,8112,8156,8148,8136,8160,8189,8135,8147,8241,23.608683824539185,False
68,8157,8159,8153,8165,8154,8121,8164,8159,8139,8147,8172,8127,8141,8225,23.615620613098145,False
69,8140,8152,8159,8170,8167,8130,8164,8166,8138,8138,8164,8141,8132,8231,23.623675107955933,False
70,8127,8152,8125,8158,8136,8143,8178,8166,8169,8148,8189,8150,8153,8255,23.631669998168945,False
71,8168,8190,8198,8174,8180,8170,8201,8207,8208,8179,8212,8171,8184,8273,23.63947892189026,False
72,8186,8167,8173,8182,8154,8178,8235,8220,8233,8213,8225,8164,8206,8291,23.647680044174194,False
73,8183,8157,8155,8171,8163,8168,8251,8222,8254,8217,8233,8174,8216,8313,23.65567302703857,False
74,8206,8206,8268,8185,8212,8175,8241,8254,8269,8207,8238,8221,8228,8328,23.66346573829651,False
75,8173,8187,8179,8201,8125,8173,8225,8216,8264,8206,8240,8187,8230,8313,23.671502828598022,False
76,8152,8181,8122,8202,8137,8156,8187,8168,8231,8190,8205,8139,8190,8265,23.678680419921875,False
77,8195,8220,8185,8220,8182,8156,8144,8155,8210,8173,8183,8143,8171,8238,23.686755895614624,False
78,8218,8234,8182,8245,8164,8166,8123,8142,8198,8171,8200,8161,8194,8259,23.694653749465942,False
79,8206,8225,8180,8238,8164,8172,8127,8151,8181,8173,8208,8185,8204,8287,23.702683687210083,False
80,8167,8199,8137,8206,8134,8165,8152,8161,8192,8192,8205,8171,8208,8285,23.710686206817627,False
81,8145,8196,8154,8174,8167,8159,8159,8181,8206,8199,8193,8163,8205,8268,23.718690633773804,False
82,8146,8188,8159,8153,8169,8164,8163,8181,8208,8198,8188,8168,8203,8275,23.72669005393982,False
83,8157,8175,8133,8157,8160,8179,8183,8180,8225,8209,8195,8164,8207,8289,23.73455834388733,False
84,8173,8190,8182,8160,8192,8197,8192,8210,8233,8200,8189,8164,8199,8279,23.74148416519165,False
85,8151,8189,8141,8153,8154,8201,8204,8198,8233,8189,8177,8137,8191,8270,23.749562978744507,False
86,8152,8203,8165,8162,8197,8210,8210,8192,8235,8191,8171,8140,8177,8264,23.75745940208435,False
87,8174,8200,8209,8173,8203,8217,8204,8199,8233,8190,8191,8165,8171,8264,23.765419721603397,False
88,8150,8188,8134,8182,8136,8208,8210,8177,8230,8194,8218,8158,8187,8276,23.77347612380981,False
89,8142,8219,8166,8198,8181,8209,8216,8183,8225,8197,8217,8169,8202,8293,23.78140950202942,False
90,8175,8214,8175,8206,8180,8212,8219,8184,8233,8207,8232,8187,8233,8339,23.789600133895878,False
91,8238,8217,8203,8201,8198,8201,8197,8182,8222,8209,8248,8215,8250,8383,23.79753589630127,False
92,8284,8237,8245,8209,8202,8182,8166,8172,8191,8201,8230,8222,8241,8382,23.805516004562374,False
93,8267,8232,8173,8224,8149,8168,8152,8141,8177,8196,8206,8188,8234,8363,23.812549352645878,False
94,8259,8239,8196,8217,8202,8175,8144,8162,8164,8185,8187,8192,8217,8344,23.820586442947388,False
95,8243,8206,8176,8176,8179,8174,8146,8159,8156,8175,8174,8175,8199,8318,23.82850790023804,False
96,8215,8174,8146,8144,8151,8152,8129,8147,8145,8160,8146,8144,8175,8285,23.836501121521,False
97,8204,8169,8176,8152,8173,8148,8121,8179,8142,8155,8127,8154,8155,8273,23.84456157684326,False
98,8178,8161,8126,8166,8151,8172,8151,8187,8159,8170,8140,8150,8159,8271,23.852675676345825,False
99,8156,8187,8147,8165,8184,8180,8158,8191,8160,8169,8140,8141,8155,8251,23.8606481552124,False
100,8124,8176,8142,8145,8183,8158,8143,8177,8154,8162,8136,8125,8153,8235,23.86864733695984,False
101,8097,8163,8122,8134,8176,8156,8148,8170,8152,8157,8142,8126,8159,8234,23.87567973136902,False
102,8095,8184,8143,8163,8177,8176,8169,8182,8161,8167,8170,8154,8173,8253,23.883677005767822,False
103,8088,8183,8117,8195,8174,8180,8176,8163,8179,8189,8196,8159,8188,8273,23.891632795333862,False
104,8111,8189,8164,8193,8214,8170,8156,8154,8169,8187,8177,8168,8175,8275,23.89968085289001,False
105,8137,8191,8168,8187,8162,8163,8144,8148,8162,8186,8185,8169,8180,8289,23.907628297805783,False
106,8152,8197,8168,8199,8168,8170,8154,8161,8188,8203,8223,8180,8211,8313,23.915480136871334,False
107,8169,8195,8202,8201,8201,8184,8169,8191,8210,8203,8215,8200,8218,8318,23.92371368408203,False
108,8153,8171,8143,8191,8140,8187,8184,8179,8207,8192,8183,8180,8205,8309,23.931679725646973,False
109,8139,8172,8161,8175,8168,8182,8186,8183,8182,8189,8168,8166,8178,8294,23.93941068649292,False
110,8133,8156,8144,8156,8155,8177,8196,8182,8171,8188,8172,8157,8167,8281,23.946640968322757,False
111,8148,8169,8147,8155,8167,8188,8206,8178,8167,8173,8157,8162,8164,8272,23.954660177230835,False
112,8178,8197,8243,8165,8235,8202,8198,8199,8151,8167,8153,8189,8157,8268,23.962652683258057,False
113,8152,8156,8160,8165,8155,8186,8198,8173,8168,8181,8176,8168,8171,8270,23.97061777114868,False
114,8136,8155,8122,8177,8145,8176,8192,8165,8197,8184,8161,8158,8174,8265,23.97865653038025,False
115,8147,8176,8172,8194,8189,8181,8187,8182,8205,8183,8137,8160,8159,8251,23.98665714263916,False
116,8143,8152,8165,8180,8191,8176,8189,8169,8201,8183,8148,8145,8153,8238,23.99468421936035,False
117,8147,8148,8186,8168,8194,8173,8182,8168,8195,8177,8155,8159,8154,8240,24.00266122817993,False
118,8134,8158,8147,8182,8154,8177,8176,8151,8189,8174,8145,8153,8153,8247,24.00974822044373,False
119,8133,8178,8159,8195,8183,8177,8173,8142,8177,8169,8140,8147,8141,8239,24.017414569854736,False
120,8155,8183,8181,8203,8168,8180,8176,8144,8177,8169,8163,8166,8157,8258,24.02565288543701,False
121,8161,8186,8147,8202,8131,8183,8163,8143,8182,8181,8178,8176,8184,8299,24.03365468978882,False
122,8166,8198,8201,8193,8191,8178,8128,8156,8167,8179,8161,8185,8174,8305,24.0414457321167,False
123,8163,8173,8183,8201,8173,8174,8115,8143,8171,8178,8171,8172,8176,8298,24.049633026123047,False
124,8187,8184,8173,8215,8170,8188,8122,8155,8179,8185,8187,8178,8190,8311,24.05765652656555,False
125,8208,8197,8193,8200,8171,8199,8136,8178,8166,8182,8168,8184,8175,8314,24.06549024581909,False
126,8183,8171,8141,8178,8129,8198,8157,8165,8165,8171,8142,8157,8154,8287,24.072660207748413,False
127,8179,8176,8176,8173,8170,8218,8177,8181,8169,8162,8132,8159,8148,8274,24.080691814422607,False
237,8173,8165,8162,8163,8180,8233,8201,8181,8172,8170,8144,8160,8157,8289,24.088664531707764,False
0,8161,8146,8150,8162,8202,8234,8199,8170,8176,8173,8151,8158,8150,8290,24.09665584564209,False
1,8168,8144,8191,8162,8201,8238,8175,8167,8181,8171,8155,8170,8147,8284,24.10468792915344,False
2,8167,8149,8160,8155,8161,8233,8171,8151,8190,8183,8164,8161,8164,8292,24.11264944076538,False
3,8185,8181,8196,8173,8200,8221,8161,8161,8182,8190,8158,8174,8170,8296,24.12064337730408,False
4,8197,8170,8176,8186,8159,8206,8144,8153,8169,8184,8170,8185,8180,8297,24.128649711608887,False
5,8191,8153,8153,8174,8152,8191,8132,8145,8152,8165,8180,8187,8179,8307,24.13568139076233,False
6,8195,8176,8198,8181,8194,8182,8134,8161,8145,8164,8175,8190,8181,8326,24.14354038238525,False
7,8187,8183,8158,8203,8162,8185,8146,8156,8170,8190,8183,8169,8207,8324,24.151671409606934,False
8,8192,8190,8205,8195,8209,8196,8140,8174,8174,8184,8171,8180,8190,8293,24.15969038009644,False
9,8193,8167,8197,8176,8188,8202,8149,8177,8168,8179,8156,8186,8171,8288,24.167598724365234,False
10,8169,8156,8115,8178,8149,8207,8165,8159,8190,8208,8173,8164,8195,8302,24.17553019523621,False
11,8161,8178,8158,8189,8200,8210,8152,8166,8198,8207,8178,8163,8192,8288,24.183650016784668,False
12,8154,8170,8158,8184,8186,8207,8151,8162,8180,8182,8159,8156,8166,8270,24.191420555114743,False
13,8150,8170,8151,8164,8179,8216,8171,8169,8174,8181,8149,8160,8168,8268,24.198524475097656,False
14,8133,8159,8139,8151,8176,8236,8197,8173,8197,8196,8164,8159,8188,8273,24.20668387413025,False
15,8126,8154,8154,8157,8210,8250,8204,8180,8201,8193,8165,8157,8185,8272,24.214685678482056,False
16,8153,8168,8199,8168,8210,8258,8195,8187,8179,8183,8150,8167,8164,8265,24.22267317771912,False
17,8144,8147,8126,8152,8135,8248,8191,8156,8179,8186,8155,8150,8160,8265,24.230680227279663,False
18,8141,8154,8173,8133,8208,8233,8164,8168,8171,8177,8149,8167,8163,8270,24.238641023635864,False
19,8162,8156,8206,8143,8216,8224,8154,8182,8162,8173,8146,8180,8169,8275,24.24668550491333,False
20,8157,8154,8134,8163,8151,8222,8169,8161,8176,8173,8151,8155,8162,8268,24.25468325614929,False
21,8157,8187,8193,8167,8195,8228,8164,8178,8186,8168,8157,8168,8162,8260,24.26265048980713,False
22,8159,8174,8188,8167,8180,8224,8166,8172,8190,8182,8186,8175,8195,8278,24.269413709640503,False
23,8164,8165,8158,8183,8175,8219,8171,8148,8178,8186,8184,8171,8198,8292,24.277633666992188,False
24,8165,8176,8172,8191,8183,8222,8161,8139,8158,8168,8161,8167,8175,8279,24.28567600250244,False
25,8163,8174,8166,8173,8184,8223,8157,8140,8151,8162,8160,8160,8167,8266,24.29346346855164,False
26,8173,8175,8179,8155,8193,8222,8156,8154,8148,8171,8158,8164,8160,8265,24.301623821258545,False
27,8157,8165,8124,8159,8144,8225,8154,8149,8162,8183,8169,8157,8178,8277,24.309673070907596,False
28,8162,8185,8173,8172,8189,8230,8150,8167,8175,8188,8179,8179,8202,8289,24.31749439239502,False
29,8171,8181,8207,8168,8182,8230,8156,8180,8186,8192,8167,8188,8197,8292,24.32576584815979,False
30,8135,8154,8126,8155,8119,8226,8163,8164,8204,8195,8150,8155,8182,8276,24.33267545700073,False
31,8138,8172,8198,8161,8185,8227,8153,8188,8201,8185,8160,8178,8172,8259,24.340747833251957,True
32,8161,8170,8210,8196,8175,8226,8171,8186,8197,8186,8203,8203,8194,8281,24.348599672317505,True
33,8180,8175,8175,8231,8162,8230,8191,8176,8192,8188,8213,8199,8208,8302,24.356670379638672,True
34,8193,8189,8196,8219,8172,8235,8192,8189,8180,8172,8202,8202,8204,8299,24.365683794021606,True
35,8171,8174,8156,8188,8140,8228,8205,8176,8175,8165,8217,8198,8208,8301,24.372567176818848,True
36,8175,8185,8180,8189,8176,8222,8198,8173,8164,8166,8204,8201,8200,8295,24.38067865371704,True
37,8185,8186,8175,8200,8175,8211,8172,8158,8162,8168,8169,8189,8200,8283,24.388620376586918,True
38,8192,8196,8187,8207,8181,8196,8152,8150,8163,8169,8176,8205,8218,8292,24.396414279937744,True
39,8223,8214,8228,8228,8161,8195,8145,8151,8155,8176,8216,8245,8239,8323,24.40343976020813,True
40,8247,8212,8194,8251,8118,8196,8142,8139,8158,8184,8233,8236,8254,8341,24.41150426864624,True
41,8269,8234,8240,8265,8178,8194,8135,8167,8160,8175,8222,8231,8248,8337,24.41949701309204,True
42,8242,8214,8187,8259,8140,8190,8153,8155,8155,8176,8234,8212,8250,8332,24.427491664886475,True
43,8215,8202,8164,8238,8144,8189,8154,8133,8134,8171,8217,8204,8234,8318,24.43548464775085,True
44,8242,8219,8276,8228,8204,8192,8130,8163,8108,8149,8177,8232,8202,8314,24.443510055541992,True
45,8228,8188,8188,8214,8125,8188,8136,8151,8115,8156,8192,8212,8218,8332,24.45164465904236,True
46,8208,8188,8134,8197,8127,8189,8144,8145,8134,8168,8209,8197,8239,8336,24.459479808807373,True
47,8211,8199,8171,8205,8149,8194,8140,8163,8150,8167,8213,8212,8235,8327,24.466300010681152,True
48,8207,8191,8173,8221,8156,8193,8144,8175,8160,8168,8228,8218,8228,8333,24.474626064300537,True
49,8212,8186,8194,8214,8186,8193,8156,8183,8160,8170,8236,8212,8232,8343,24.48266005516052,True
50,8206,8181,8148,8195,8147,8197,8171,8166,8168,8169,8231,8188,8233,8339,24.490633726119995,True
51,8217,8206,8195,8197,8180,8202,8163,8176,8158,8158,8210,8201,8211,8318,24.498632431030277,True
52,8220,8196,8209,8213,8177,8207,8158,8166,8135,8153,8194,8199,8195,8308,24.506458282470703,True
53,8189,8164,8127,8202,8149,8215,8156,8125,8125,8151,8176,8158,8186,8290,24.514644384384155,True
54,8165,8162,8134,8161,8172,8213,8138,8120,8121,8146,8164,8148,8171,8256,24.52255487442017,True
55,8157,8165,8123,8153,8156,8199,8129,8112,8126,8157,8179,8155,8182,8265,24.52943778038025,True
56,8196,8202,8203,8189,8215,8209,8117,8138,8129,8169,8189,8189,8199,8303,24.537453174591064,True
57,8216,8205,8230,8209,8202,8210,8105,8166,8140,8179,8196,8198,8211,8319,24.54543924331665,True
58,8191,8175,8130,8207,8139,8184,8111,8151,8165,8195,8212,8174,8233,8322,24.55340600013733,True
59,8202,8192,8150,8206,8175,8187,8120,8163,8173,8200,8211,8188,8242,8324,24.561618089675903,True
60,8205,8190,8159,8196,8176,8208,8124,8172,8178,8196,8192,8181,8231,8311,24.56949234008789,True
61,8191,8176,8163,8182,8191,8207,8120,8176,8174,8187,8168,8159,8197,8290,24.577595472335812,True
62,8180,8166,8151,8165,8177,8206,8132,8173,8171,8182,8161,8158,8178,8294,24.58553409576416,True
63,8170,8163,8133,8143,8162,8212,8147,8164,8170,8180,8157,8160,8176,8302,24.593553066253666,True
64,8169,8168,8183,8129,8180,8217,8142,8175,8146,8164,8138,8163,8155,8289,24.6006076335907,True
65,8140,8134,8121,8126,8117,8219,8163,8161,8126,8147,8129,8134,8145,8272,24.608683586120605,True
66,8126,8134,8132,8120,8164,8232,8188,8167,8123,8139,8122,8133,8143,8254,24.6165235042572,True
67,8133,8137,8164,8120,8186,8252,8206,8176,8136,8153,8131,8149,8154,8248,24.62457656860352,True
68,8119,8129,8121,8136,8145,8260,8223,8160,8153,8165,8149,8139,8158,8245,24.632497310638428,True
69,8150,8171,8238,8155,8230,8246,8206,8184,8154,8155,8149,8172,8140,8246,24.640677213668823,True
70,8180,8167,8220,8168,8191,8223,8180,8166,8169,8166,8180,8181,8169,8280,24.648536682128903,True
71,8186,8175,8155,8186,8158,8218,8153,8145,8167,8179,8204,8168,8194,8303,24.65652298927307,True
72,8192,8199,8210,8184,8205,8222,8132,8167,8143,8167,8186,8179,8174,8289,24.66360020637512,True
73,8167,8160,8144,8152,8150,8222,8146,8157,8156,8163,8170,8163,8174,8276,24.67143988609314,True
74,8139,8133,8110,8131,8136,8232,8165,8158,8163,8164,8172,8149,8179,8276,24.679580450057983,True
75,8119,8132,8137,8125,8161,8231,8175,8166,8140,8152,8168,8147,8154,8265,24.687580823898315,True
76,8130,8141,8167,8126,8178,8225,8178,8173,8131,8132,8148,8156,8130,8255,24.695473432540894,True
77,8159,8133,8165,8134,8146,8228,8186,8184,8139,8134,8143,8161,8138,8271,24.703508853912357,True
78,8146,8114,8130,8122,8137,8218,8201,8186,8146,8151,8153,8153,8154,8280,24.71160101890564,True
79,8134,8134,8191,8100,8212,8214,8202,8208,8147,8147,8142,8165,8143,8261,24.719460487365723,True
80,8128,8138,8158,8107,8170,8222,8205,8201,8166,8148,8142,8157,8141,8255,24.727619647979736,True
81,8124,8143,8126,8135,8162,8224,8202,8189,8184,8166,8152,8156,8148,8269,24.73452663421631,True
82,8131,8147,8203,8140,8217,8215,8193,8213,8187,8167,8151,8176,8140,8271,24.7422788143158,True
83,8126,8116,8161,8128,8161,8218,8203,8199,8198,8164,8165,8158,8152,8273,24.750646114349365,True
84,8145,8133,8144,8127,8167,8233,8204,8190,8203,8170,8174,8162,8173,8288,24.758443355560303,True
85,8158,8148,8160,8144,8182,8222,8194,8182,8204,8179,8169,8173,8174,8300,24.76652669906616,True
86,8149,8126,8157,8158,8174,8196,8178,8165,8192,8174,8158,8157,8155,8288,24.77443814277649,True
87,8152,8125,8175,8150,8177,8195,8177,8172,8170,8157,8135,8157,8138,8270,24.78256869316101,True
88,8139,8123,8120,8138,8143,8202,8192,8174,8175,8160,8130,8149,8145,8270,24.790428161621094,True
89,8155,8147,8195,8158,8213,8202,8179,8206,8176,8160,8130,8162,8134,8265,24.79744267463684,True
90,8163,8144,8198,8162,8187,8191,8173,8205,8176,8158,8133,8162,8130,8264,24.805424690246586,True
91,8146,8143,8131,8132,8157,8191,8193,8196,8191,8162,8129,8155,8143,8275,24.813558340072632,True
92,8164,8170,8237,8138,8231,8215,8211,8242,8198,8160,8127,8191,8141,8276,24.821407794952396,True
93,8140,8129,8160,8148,8144,8231,8239,8218,8208,8164,8139,8173,8146,8274,24.829581260681152,True
94,8098,8104,8071,8119,8119,8230,8239,8175,8203,8159,8129,8141,8135,8256,24.83738398551941,True
95,8100,8112,8136,8105,8190,8231,8223,8169,8191,8154,8137,8151,8128,8232,24.84540867805481,True
96,8113,8121,8156,8128,8207,8239,8224,8157,8196,8170,8170,8168,8155,8249,24.853468894958496,True
97,8143,8158,8201,8158,8216,8239,8203,8164,8184,8178,8170,8196,8166,8293,24.860647439956665,True
98,8151,8152,8174,8177,8158,8213,8172,8154,8153,8174,8159,8187,8159,8302,24.86862206459045,True
99,8152,8150,8163,8171,8169,8195,8163,8161,8142,8172,8153,8180,8165,8287,24.876824378967285,True
100,8174,8167,8187,8161,8203,8205,8174,8189,8172,8184,8164,8198,8198,8315,24.88464426994324,True
101,8183,8161,8167,8171,8199,8212,8186,8201,8206,8195,8183,8193,8215,8343,24.89273238182068,True
102,8176,8158,8196,8167,8222,8209,8186,8215,8200,8188,8165,8182,8183,8310,24.900623559951782,True
103,8159,8148,8160,8161,8189,8208,8197,8200,8191,8188,8147,8167,8166,8282,24.908443212509155,True
104,8167,8152,8157,8178,8204,8214,8209,8194,8196,8186,8151,8176,8181,8298,24.9166419506073,True
105,8177,8153,8183,8170,8210,8207,8212,8198,8192,8168,8138,8182,8170,8303,24.92454218864441,True
106,8158,8140,8140,8133,8170,8193,8205,8175,8181,8157,8112,8154,8130,8274,24.93152141571045,True
107,8174,8159,8183,8137,8211,8205,8187,8174,8172,8153,8112,8162,8114,8254,24.939693212509155,True
108,8190,8158,8177,8170,8198,8223,8188,8163,8170,8159,8136,8171,8147,8271,24.947442293167114,True
109,8184,8165,8161,8184,8192,8227,8184,8148,8157,8164,8137,8170,8155,8289,24.955580472946167,True
110,8197,8183,8185,8188,8192,8235,8181,8154,8153,8161,8137,8180,8146,8294,24.963666677474976,True
111,8208,8183,8163,8195,8177,8243,8192,8154,8173,8174,8161,8180,8171,8299,24.97145652770996,True
112,8212,8189,8206,8199,8221,8238,8185,8165,8168,8184,8167,8194,8184,8300,24.97941017150879,True
113,8188,8167,8169,8183,8169,8227,8186,8152,8158,8183,8168,8186,8176,8302,24.987340688705444,True
114,8158,8161,8122,8157,8161,8226,8201,8143,8159,8166,8150,8161,8156,8287,24.994327783584595,True
115,8154,8166,8154,8132,8204,8222,8205,8156,8144,8145,8118,8154,8138,8267,25.002471446990967,True
116,8148,8150,8122,8126,8167,8217,8213,8159,8147,8150,8112,8146,8139,8277,25.010377883911133,True
117,8139,8169,8174,8132,8208,8232,8216,8196,8161,8159,8097,8155,8120,8269,25.018288612365723,True
118,8093,8150,8156,8120,8199,8235,8215,8198,8172,8154,8090,8136,8107,8220,25.026565313339237,True
119,8081,8142,8103,8121,8185,8217,8210,8169,8178,8153,8119,8129,8128,8205,25.034361124038696,True
120,8160,8185,8184,8154,8210,8210,8194,8179,8184,8162,8145,8183,8146,8265,25.042455434799194,True
121,8177,8188,8156,8168,8157,8211,8187,8169,8203,8179,8148,8188,8157,8309,25.05051970481873,True
122,8156,8204,8184,8160,8218,8205,8174,8181,8195,8180,8137,8181,8162,8287,25.05845856666565,True
123,8170,8216,8219,8176,8229,8201,8169,8189,8185,8187,8156,8191,8189,8284,25.065502166748047,True
124,8175,8194,8147,8184,8169,8205,8182,8167,8197,8197,8185,8185,8216,8315,25.07340145111084,True
125,8170,8200,8166,8174,8206,8209,8182,8174,8201,8192,8183,8187,8203,8319,25.081393003463745,True
126,8159,8201,8164,8180,8200,8200,8179,8158,8200,8188,8174,8171,8197,8297,25.08966708183289,True
127,8179,8203,8187,8187,8209,8197,8173,8144,8186,8172,8157,8172,8192,8278,25.097516298294067,True
237,8175,8185,8163,8164,8192,8200,8179,8135,8157,8157,8139,8167,8168,8275,25.10567355155945,True
0,8141,8183,8145,8153,8205,8198,8179,8139,8134,8154,8122,8149,8139,8265,25.11358880996704,True
1,8144,8209,8245,8184,8258,8203,8167,8187,8135,8148,8121,8169,8130,8245,25.12174701690674,True
2,8126,8164,8147,8188,8163,8206,8179,8183,8165,8169,8152,8154,8159,8252,25.1284339427948,True
3,8118,8140,8073,8158,8146,8208,8182,8168,8184,8187,8169,8145,8170,8277,25.13666343688965,True
4,8157,8182,8161,8163,8211,8221,8168,8188,8189,8181,8165,8172,8161,8289,25.14455795288086,False
5,8185,8211,8194,8196,8217,8227,8173,8197,8200,8174,8162,8186,8169,8293,25.15265774726868,False
6,8202,8217,8194,8205,8205,8220,8182,8186,8201,8181,8171,8195,8185,8304,25.160561561584476,False
7,8198,8199,8154,8190,8175,8218,8182,8157,8197,8186,8189,8184,8187,8310,25.16871690750122,False
8,8183,8205,8170,8188,8213,8230,8168,8154,8178,8171,8180,8179,8168,8294,25.176575660705566,False
9,8180,8208,8188,8202,8200,8228,8159,8154,8168,8168,8175,8184,8169,8289,25.18474817276001,False
10,8195,8196,8158,8211,8158,8211,8161,8139,8182,8185,8199,8186,8196,8321,25.192615509033203,False
11,8205,8205,8191,8206,8213,8211,8152,8151,8174,8184,8200,8195,8199,8330,25.19942593574524,False
12,8168,8190,8154,8192,8203,8210,8154,8145,8163,8170,8185,8171,8190,8290,25.20753049850464,False
13,8155,8193,8159,8198,8203,8199,8163,8151,8166,8167,8189,8173,8193,8279,25.21566605567932,False
14,8190,8202,8205,8220,8215,8200,8171,8177,8174,8180,8200,8207,8208,8324,25.223480463027958,False
15,8187,8176,8145,8201,8176,8206,8191,8174,8192,8189,8193,8188,8213,8339,25.23160982131958,False
16,8172,8187,8171,8171,8201,8208,8197,8192,8199,8179,8166,8170,8191,8296,25.239640474319454,False
17,8157,8190,8164,8183,8170,8205,8192,8190,8200,8173,8154,8169,8185,8277,25.247722148895264,False
18,8153,8179,8134,8192,8167,8209,8183,8172,8190,8168,8148,8166,8178,8279,25.25557851791382,False
19,8162,8179,8178,8171,8213,8219,8182,8174,8175,8163,8141,8166,8165,8281,25.26270794868469,False
20,8149,8178,8157,8168,8189,8212,8179,8159,8170,8172,8151,8163,8177,8294,25.270496368408203,False
21,8168,8201,8200,8195,8226,8207,8150,8171,8165,8166,8161,8190,8181,8294,25.27863192558289,False
22,8201,8200,8202,8206,8224,8219,8139,8179,8183,8167,8180,8196,8192,8302,25.2865252494812,False
23,8212,8207,8170,8222,8217,8223,8140,8169,8205,8187,8190,8192,8213,8336,25.294639825820923,False
24,8229,8235,8212,8244,8232,8219,8140,8172,8201,8200,8204,8222,8228,8365,25.302586793899536,False
25,8236,8223,8171,8241,8186,8228,8164,8160,8207,8211,8241,8221,8253,8378,25.310665369033813,False
26,8237,8219,8199,8215,8242,8238,8177,8186,8207,8199,8221,8212,8242,8372,25.318613052368164,False
27,8196,8186,8189,8174,8245,8226,8186,8192,8191,8179,8158,8189,8198,8343,25.325592041015625,False
28,8145,8159,8119,8160,8190,8225,8207,8163,8178,8180,8139,8163,8178,8308,25.33347868919373,False
29,8160,8176,8162,8172,8218,8240,8219,8180,8180,8183,8148,8173,8178,8303,25.341650009155277,False
30,8179,8161,8147,8164,8213,8236,8214,8192,8202,8189,8160,8169,8189,8329,25.349457025527958,False
31,8185,8167,8163,8160,8228,8243,8201,8210,8214,8198,8163,8176,8195,8336,25.357539415359497,False
32,8177,8182,8179,8177,8205,8265,8206,8223,8223,8210,8178,8186,8207,8319,25.365581035614014,False
33,8165,8180,8152,8173,8208,8260,8211,8210,8238,8220,8210,8185,8225,8313,25.373679637908936,False
34,8192,8179,8186,8157,8243,8251,8187,8207,8235,8215,8191,8203,8221,8333,25.38160443305969,False
35,8200,8161,8145,8175,8175,8260,8176,8181,8224,8207,8113,8192,8207,8352,25.38863778114319,False
36,8193,8182,8167,8199,8198,8267,8179,8170,8205,8194,8056,8178,8186,8324,25.396543502807617,False
37,8193,8197,8187,8193,8189,8260,8184,8168,8195,8192,8079,8176,8180,8291,25.40459012985229,False
38,8193,8181,8139,8184,8155,8266,8205,8169,8204,8196,8106,8174,8188,8301,25.41253876686096,False
39,8208,8183,8204,8185,8240,8281,8224,8199,8201,8183,8076,8192,8181,8323,25.420652389526367,False
40,8193,8165,8176,8179,8205,8269,8221,8181,8190,8180,8070,8176,8178,8323,25.428540468215942,False
41,8187,8165,8132,8159,8156,8258,8199,8158,8176,8185,8082,8168,8181,8316,25.435601711273197,False
42,8198,8165,8162,8141,8179,8263,8200,8173,8173,8178,8077,8175,8181,8312,25.443615436553955,False
43,8161,8136,8144,8127,8188,8266,8227,8184,8184,8167,8065,8153,8172,8292,25.45242714881897,False
44,8140,8137,8161,8129,8204,8270,8237,8198,8184,8166,8054,8154,8156,8263,25.459470987319943,False
45,8159,8139,8136,8142,8173,8265,8241,8192,8200,8178,8062,8159,8160,8273,25.46768045425415,False
46,8183,8146,8161,8131,8214,8264,8247,8206,8219,8182,8066,8168,8163,8309,25.475486278533936,False
47,8171,8140,8180,8112,8216,8273,8251,8208,8207,8180,8062,8168,8156,8304,25.483652353286743,False
48,8138,8126,8117,8119,8161,8267,8234,8163,8182,8171,8047,8143,8144,8251,25.491596698760983,False
49,8173,8160,8209,8134,8227,8258,8187,8169,8155,8150,8033,8166,8125,8237,25.499769687652588,False
50,8200,8151,8202,8139,8196,8256,8174,8161,8150,8154,8060,8178,8145,8286,25.50762939453125,False
51,8175,8136,8126,8150,8162,8245,8178,8134,8150,8175,8075,8161,8169,8300,25.514668226242065,False
52,8180,8164,8195,8160,8207,8230,8160,8149,8138,8176,8074,8183,8165,8282,25.522523403167725,False
53,8188,8165,8187,8152,8171,8226,8161,8155,8146,8181,8095,8188,8182,8298,25.53054118156433,False
54,8180,8159,8163,8147,8179,8233,8176,8174,8162,8192,8100,8175,8200,8314,25.53832006454468,False
55,8157,8146,8146,8153,8200,8234,8195,8184,8177,8194,8102,8163,8193,8299,25.54650115966797,False
56,8157,8151,8158,8156,8210,8236,8202,8184,8185,8193,8111,8163,8187,8280,25.554574728012085,False
57,8182,8161,8186,8147,8202,8237,8196,8190,8184,8199,8100,8174,8189,8288,25.56265473365784,False
58,8162,8139,8127,8135,8177,8230,8204,8173,8188,8204,8097,8161,8192,8300,25.570636510849,False
59,8138,8144,8163,8135,8239,8231,8204,8185,8184,8195,8095,8161,8180,8275,25.578389406204224,False
60,8131,8151,8167,8151,8207,8229,8203,8183,8192,8199,8099,8151,8187,8252,25.58553409576416,False
61,8150,8161,8156,8160,8185,8221,8195,8168,8195,8203,8110,8157,8193,8273,25.593754768371586,False
62,8170,8161,8212,8133,8231,8218,8183,8184,8172,8190,8103,8185,8170,8291,25.601440906524655,False
63,8119,8112,8121,8104,8168,8207,8184,8162,8163,8178,8087,8154,8154,8272,25.609659671783447,False
64,8118,8134,8139,8132,8196,8203,8176,8150,8163,8164,8073,8153,8145,8248,25.617604732513428,False
65,8185,8178,8216,8178,8223,8212,8177,8159,8164,8171,8094,8183,8150,8262,25.62566590309143,False
66,8186,8168,8159,8180,8187,8215,8188,8158,8166,8185,8120,8169,8159,8291,25.633631706237797,False
67,8152,8159,8159,8166,8209,8209,8179,8170,8159,8178,8099,8158,8137,8283,25.64166760444641,False
68,8147,8146,8157,8168,8197,8206,8175,8161,8163,8179,8085,8153,8134,8259,25.649513483047485,False
69,8178,8160,8179,8172,8224,8221,8186,8169,8173,8191,8112,8172,8165,8271,25.656609535217285,False
70,8175,8163,8160,8158,8208,8230,8200,8183,8186,8200,8139,8182,8184,8304,25.66457891464233,False
71,8136,8146,8119,8145,8184,8216,8198,8178,8194,8199,8123,8160,8172,8297,25.6726598739624,False
72,8143,8154,8183,8154,8219,8215,8189,8185,8184,8188,8113,8166,8161,8267,25.680582523345947,False
73,8151,8144,8150,8155,8168,8234,8207,8179,8190,8196,8141,8167,8176,8266,25.68866872787476,False
74,8148,8152,8155,8140,8190,8241,8216,8203,8208,8204,8135,8170,8177,8273,25.69657278060913,False
75,8137,8151,8194,8136,8212,8229,8216,8225,8224,8195,8111,8171,8163,8271,25.704416036605835,False
76,8120,8125,8143,8152,8179,8224,8232,8206,8232,8201,8115,8154,8158,8261,25.71132183074951,False
77,8146,8145,8187,8169,8214,8234,8240,8209,8218,8199,8111,8172,8149,8247,25.719656944274902,False
78,8162,8170,8183,8167,8183,8231,8241,8176,8199,8189,8122,8179,8168,8265,25.727413654327396,False
79,8161,8180,8158,8158,8182,8220,8221,8137,8176,8186,8133,8172,8176,8291,25.7356379032135,False
80,8178,8178,8185,8172,8211,8212,8183,8135,8157,8185,8109,8180,8153,8291,25.743654251098636,False
81,8202,8177,8175,8198,8192,8203,8160,8123,8162,8186,8100,8188,8166,8299,25.75155210494995,False
82,8230,8198,8207,8205,8200,8205,8151,8133,8166,8192,8127,8205,8195,8327,25.759578227996823,False
83,8218,8178,8159,8198,8161,8204,8160,8144,8174,8201,8144,8191,8202,8334,25.76759696006775,False
84,8196,8174,8155,8193,8194,8202,8167,8156,8175,8196,8119,8179,8184,8306,25.77561378479004,False
85,8191,8177,8195,8189,8219,8208,8169,8170,8172,8190,8111,8177,8169,8285,25.78252220153809,False
86,8174,8161,8137,8184,8170,8216,8185,8174,8195,8195,8134,8163,8180,8291,25.790574073791504,False
87,8190,8196,8205,8197,8241,8222,8186,8208,8208,8192,8133,8185,8180,8299,25.798633575439453,False
88,8199,8195,8210,8212,8234,8217,8186,8203,8203,8199,8136,8182,8175,8299,25.806547164916992,False
89,8177,8165,8133,8195,8184,8212,8186,8180,8203,8201,8143,8163,8176,8295,25.81452250480652,False
90,8176,8160,8154,8174,8207,8212,8181,8193,8206,8197,8149,8179,8181,8294,25.82260298728943,False
91,8170,8143,8142,8175,8193,8220,8188,8185,8214,8213,8171,8172,8193,8295,25.8305766582489,False
92,8174,8159,8179,8190,8208,8229,8180,8179,8202,8208,8168,8169,8184,8279,25.838594436645508,False
93,8179,8170,8186,8196,8182,8220,8170,8166,8186,8191,8155,8170,8176,8269,25.84648585319519,False
94,8181,8171,8161,8197,8178,8207,8168,8159,8182,8190,8164,8172,8182,8283,25.8534893989563,False
95,8200,8181,8192,8205,8211,8206,8162,8172,8183,8195,8181,8192,8187,8304,25.861366510391235,False
96,8211,8182,8165,8214,8186,8209,8159,8159,8197,8203,8198,8191,8207,8324,25.869349718093872,False
97,8234,8203,8209,8228,8223,8224,8153,8168,8199,8199,8193,8199,8207,8323,25.877382278442383,False
98,8231,8189,8191,8230,8192,8236,8162,8166,8194,8195,8186,8195,8195,8309,25.885464906692505,False
99,8220,8187,8154,8235,8192,8239,8176,8157,8189,8198,8190,8182,8196,8303,25.89335036277771,False
100,8248,8228,8246,8228,8261,8247,8175,8183,8177,8192,8193,8200,8189,8306,25.90146565437317,False
101,8221,8196,8164,8194,8175,8230,8177,8160,8168,8183,8188,8174,8182,8306,25.909646034240723,False
102,8192,8172,8141,8185,8191,8203,8162,8159,8147,8176,8167,8163,8171,8294,25.916598320007324,False
103,8207,8180,8197,8193,8221,8195,8155,8183,8153,8188,8178,8178,8181,8303,25.924574851989743,False
104,8202,8174,8143,8187,8172,8201,8164,8173,8191,8205,8201,8165,8192,8313,25.932579278945923,False
105,8204,8184,8188,8179,8219,8207,8160,8192,8200,8199,8191,8179,8177,8303,25.94061756134033,False
106,8198,8167,8177,8183,8198,8197,8168,8185,8196,8197,8194,8186,8189,8316,25.94860529899597,False
107,8192,8173,8152,8193,8180,8204,8179,8166,8199,8201,8213,8184,8208,8327,25.95663285255432,False
108,8199,8202,8180,8213,8200,8231,8178,8170,8200,8208,8221,8179,8208,8304,25.96459579467773,False
109,8197,8211,8167,8234,8204,8225,8174,8169,8199,8210,8213,8162,8197,8283,25.972681999206543,False
110,8189,8210,8165,8225,8205,8199,8172,8169,8184,8196,8198,8166,8190,8282,25.980427980422974,False
111,8178,8196,8131,8213,8178,8200,8173,8155,8181,8199,8214,8170,8207,8300,25.987625122070312,False
112,8211,8217,8196,8219,8238,8217,8166,8173,8187,8209,8230,8194,8218,8325,25.99552345275879,False
113,8241,8220,8229,8228,8231,8209,8166,8189,8192,8214,8227,8202,8226,8339,26.003408908843998,False
114,8215,8198,8145,8234,8176,8203,8183,8174,8212,8225,8240,8179,8245,8340,26.011602640151978,False
115,8194,8201,8157,8222,8211,8220,8186,8175,8219,8230,8237,8183,8235,8329,26.01965856552124,False
116,8179,8180,8145,8195,8180,8217,8181,8164,8207,8215,8206,8170,8207,8308,26.027525424957275,False
117,8183,8182,8157,8175,8189,8202,8182,8178,8198,8199,8188,8166,8188,8290,26.03553676605225,False
118,8195,8196,8199,8171,8222,8204,8187,8201,8201,8203,8200,8184,8196,8300,26.04366970062256,False
119,8175,8187,8155,8189,8188,8208,8186,8176,8198,8206,8204,8173,8203,8306,26.050722122192383,False
120,8180,8205,8181,8219,8205,8203,8175,8172,8181,8202,8199,8172,8182,8293,26.05850625038147,False
121,8187,8199,8158,8228,8187,8199,8179,8166,8185,8214,8227,8165,8186,8294,26.06666111946106,False
122,8177,8190,8153,8213,8216,8193,8163,8152,8181,8207,8235,8164,8205,8295,26.07460713386536,False
123,8190,8209,8215,8220,8246,8194,8143,8158,8170,8195,8232,8187,8212,8299,26.08256697654724,False
124,8191,8204,8162,8236,8204,8201,8162,8146,8189,8217,8259,8183,8232,8313,26.090604066848755,False
125,8194,8202,8182,8230,8244,8197,8161,8152,8195,8218,8259,8187,8238,8305,26.0986602306366,False
126,8201,8201,8198,8215,8221,8190,8147,8159,8194,8203,8247,8194,8227,8296,26.10541033744812,False
127,8208,8213,8166,8220,8189,8196,8153,8164,8206,8213,8259,8189,8224,8307,26.11365008354187,False
237,8220,8224,8194,8244,8227,8194,8165,8179,8205,8217,8277,8196,8232,8321,26.121604204177856,False
0,8218,8210,8175,8251,8217,8183,8160,8166,8187,8204,8292,8195,8245,8328,26.12949013710022,False
1,8237,8225,8206,8256,8234,8194,8140,8171,8166,8201,8304,8215,8251,8334,26.13757848739624,False
2,8235,8218,8199,8267,8207,8199,8150,8166,8159,8209,8321,8217,8256,8333,26.14549422264099,False
3,8225,8217,8200,8282,8211,8196,8176,8159,8163,8204,8330,8218,8255,8328,26.15366268157959,False
4,8250,8246,8265,8304,8236,8213,8177,8175,8169,8198,8339,8245,8259,8333,26.16163802146912,False
5,8246,8234,8202,8303,8179,8220,8172,8156,8180,8214,8364,8241,8288,8347,26.169604778289795,False
6,8271,8253,8257,8309,8242,8211,8163,8175,8173,8217,8373,8261,8291,8358,26.17763352394104,False
7,8304,8264,8293,8338,8246,8204,8156,8187,8165,8212,8380,8266,8285,8360,26.184584140777588,False
8,8268,8237,8162,8327,8172,8189,8149,8147,8173,8221,8378,8222,8290,8356,26.1926543712616,False
9,8243,8232,8162,8291,8202,8175,8129,8155,8171,8213,8349,8218,8277,8353,26.20058917999268,False
10,8236,8214,8170,8284,8180,8177,8137,8177,8171,8198,8325,8215,8270,8357,26.208630800247192,False
11,8211,8198,8150,8259,8167,8186,8158,8185,8174,8194,8299,8190,8255,8337,26.216591119766235,False
12,8178,8179,8140,8206,8172,8190,8168,8192,8184,8203,8279,8170,8227,8305,26.224649667739868,False
13,8170,8171,8135,8207,8183,8201,8189,8203,8209,8224,8281,8165,8224,8301,26.23248076438904,False
14,8186,8188,8173,8228,8218,8217,8208,8207,8214,8229,8275,8171,8229,8307,26.240598440170288,False
15,8172,8176,8119,8195,8174,8207,8201,8169,8210,8228,8264,8152,8226,8306,26.247573375701904,False
16,8169,8188,8140,8193,8202,8192,8172,8162,8203,8230,8264,8160,8212,8299,26.25542020797729,False
17,8196,8203,8198,8237,8236,8205,8166,8183,8207,8239,8287,8192,8224,8308,26.263648509979248,False
18,8208,8193,8164,8244,8220,8218,8171,8178,8222,8244,8306,8190,8255,8318,26.271628856658936,False
19,8215,8207,8198,8224,8253,8212,8157,8183,8218,8233,8280,8184,8239,8295,26.279640197753903,False
20,8186,8195,8155,8217,8213,8204,8163,8160,8209,8226,8260,8152,8212,8269,26.287664890289307,False
21,8167,8188,8147,8210,8224,8197,8157,8138,8180,8206,8249,8142,8197,8258,26.29563283920288,False
22,8182,8190,8191,8193,8232,8164,8131,8130,8134,8177,8234,8162,8182,8259,26.303667306900024,False
23,8175,8172,8125,8182,8177,8136,8121,8112,8119,8175,8235,8150,8182,8272,26.311673879623413,False
24,8187,8189,8174,8184,8231,8142,8106,8136,8111,8176,8235,8160,8185,8279,26.31865191459656,False
25,8187,8179,8181,8183,8201,8137,8097,8145,8108,8173,8229,8164,8194,8280,26.326632738113403,False
26,8161,8159,8123,8179,8157,8141,8118,8160,8134,8187,8232,8153,8197,8281,26.33457660675049,False
27,8154,8169,8141,8166,8190,8173,8163,8207,8181,8215,8249,8154,8192,8281,26.34247589111328,False
28,8146,8165,8137,8159,8193,8189,8200,8204,8208,8221,8256,8145,8186,8263,26.35065579414368,False
29,8143,8165,8172,8163,8208,8186,8211,8195,8193,8199,8223,8149,8162,8238,26.3584463596344,False
30,8125,8140,8138,8150,8154,8181,8220,8181,8177,8187,8196,8135,8137,8233,26.366662979125977,False
31,8117,8138,8132,8126,8169,8176,8208,8173,8165,8171,8186,8126,8114,8229,26.374610662460327,False
32,8149,8148,8203,8119,8222,8174,8181,8188,8152,8159,8185,8152,8117,8232,26.38135671615601,False
33,8177,8146,8160,8156,8175,8176,8184,8169,8162,8186,8208,8156,8162,8264,26.389623641967773,False
34,8204,8201,8190,8209,8215,8175,8176,8175,8158,8197,8221,8165,8175,8278,26.39765977859497,False
35,8207,8227,8207,8228,8221,8159,8147,8184,8142,8179,8214,8158,8161,8268,26.405705213546756,False
36,8196,8210,8156,8238,8177,8145,8130,8169,8139,8169,8190,8142,8151,8261,26.41365361213684,False
37,8204,8220,8182,8261,8190,8150,8129,8174,8148,8170,8169,8152,8133,8253,26.42161536216736,False
38,8193,8218,8163,8260,8180,8150,8137,8174,8166,8175,8179,8145,8123,8239,26.42971253395081,False
39,8189,8214,8183,8228,8203,8145,8139,8184,8167,8177,8176,8149,8118,8237,26.43751287460327,False
40,8194,8194,8173,8213,8172,8150,8161,8188,8181,8181,8171,8154,8124,8248,26.44464612007141,False
41,8187,8182,8140,8218,8160,8164,8192,8193,8206,8189,8182,8146,8133,8244,26.45262312889099,False
42,8190,8203,8186,8224,8213,8176,8197,8206,8197,8190,8189,8154,8125,8234,26.460561752319336,False
43,8173,8196,8145,8219,8195,8182,8194,8179,8191,8190,8191,8137,8130,8241,26.468594074249268,False
44,8170,8205,8172,8213,8234,8186,8183,8183,8195,8190,8186,8149,8137,8240,26.47664952278137,False
45,8181,8221,8203,8234,8219,8182,8182,8191,8190,8196,8200,8172,8150,8240,26.48460364341736,False
46,8170,8217,8146,8244,8174,8184,8192,8164,8184,8198,8207,8157,8159,8249,26.492650032043457,False
47,8183,8218,8184,8228,8220,8207,8201,8179,8181,8185,8182,8164,8145,8263,26.50060176849365,False
48,8177,8195,8157,8216,8186,8216,8219,8183,8188,8186,8173,8164,8137,8265,26.507412910461422,False
49,8166,8202,8149,8207,8191,8196,8222,8175,8183,8191,8173,8159,8123,8256,26.515556812286377,False
50,8170,8209,8181,8195,8205,8172,8208,8164,8168,8184,8179,8161,8121,8261,26.52364706993103,False
51,8158,8185,8148,8191,8184,8154,8199,8143,8160,8186,8186,8154,8136,8260,26.531628847122192,False
52,8170,8186,8185,8195,8214,8142,8184,8150,8147,8180,8165,8161,8122,8236,26.539650917053223,False
53,8170,8174,8158,8187,8172,8134,8173,8139,8144,8174,8147,8141,8113,8227,26.547572374343872,False
54,8158,8180,8147,8173,8176,8136,8170,8147,8146,8163,8148,8130,8114,8228,26.55564975738525,False
55,8166,8201,8180,8191,8189,8143,8173,8172,8143,8157,8158,8146,8105,8228,26.563685417175293,False
56,8168,8203,8147,8216,8166,8148,8181,8169,8153,8167,8173,8147,8116,8245,26.57064962387085,False
57,8188,8222,8206,8209,8226,8160,8177,8196,8166,8174,8180,8169,8143,8255,26.578591108322144,False
58,8183,8204,8189,8186,8194,8156,8185,8189,8172,8182,8184,8163,8149,8249,26.586631298065186,False
59,8158,8184,8134,8182,8162,8142,8191,8164,8159,8181,8183,8146,8133,8251,26.594571352005005,False
60,8162,8182,8152,8192,8168,8142,8186,8174,8152,8181,8181,8157,8140,8263,26.60265278816223,False
61,8174,8174,8138,8187,8153,8141,8172,8170,8164,8185,8181,8156,8156,8265,26.61041665077209,False
62,8180,8195,8196,8166,8205,8130,8146,8168,8147,8169,8169,8161,8129,8246,26.61865758895874,False
63,8153,8184,8171,8161,8171,8124,8156,8156,8135,8165,8174,8150,8124,8236,26.626558303833008,False
64,8137,8167,8130,8173,8155,8131,8186,8154,8145,8170,8158,8133,8126,8239,26.634385347366333,False
65,8152,8176,8171,8163,8196,8141,8191,8169,8146,8159,8121,8134,8093,8234,26.64159226417541,False
66,8153,8171,8145,8147,8171,8144,8203,8175,8158,8167,8152,8137,8102,8235,26.64964389801025,False
67,8164,8182,8180,8160,8189,8154,8209,8202,8165,8188,8195,8170,8140,8245,26.65759253501892,False
68,8161,8173,8164,8164,8171,8160,8205,8189,8170,8194,8218,8174,8164,8263,26.665624141693115,False
69,8173,8185,8167,8152,8190,8174,8207,8188,8188,8198,8252,8181,8192,8293,26.67360281944275,False
70,8202,8203,8254,8139,8231,8192,8208,8227,8203,8213,8263,8216,8210,8311,26.681591510772705,False
71,8158,8157,8168,8126,8157,8189,8207,8191,8207,8223,8249,8184,8203,8296,26.68955683708191,False
72,8132,8159,8129,8134,8154,8180,8192,8161,8191,8202,8236,8157,8191,8274,26.69762420654297,False
73,8154,8184,8160,8130,8161,8177,8175,8173,8170,8192,8230,8162,8192,8267,26.704654455184937,False
74,8145,8177,8143,8105,8157,8172,8158,8168,8156,8204,8218,8155,8188,8257,26.712597846984863,False
75,8136,8178,8164,8109,8188,8177,8157,8176,8166,8215,8234,8167,8207,8270,26.72056818008423,False
76,8137,8180,8142,8135,8170,8191,8182,8184,8204,8233,8262,8172,8243,8296,26.728615522384644,False
77,8144,8197,8174,8140,8201,8202,8189,8201,8211,8229,8235,8169,8218,8271,26.7363862991333,False
78,8137,8175,8159,8126,8170,8209,8209,8191,8196,8210,8206,8157,8191,8247,26.744651794433597,False
79,8123,8163,8122,8112,8158,8207,8238,8179,8192,8199,8195,8153,8192,8267,26.75260663032532,False
80,8143,8195,8209,8118,8230,8193,8225,8208,8184,8192,8183,8174,8175,8274,26.760583639144897,False
81,8139,8176,8155,8133,8166,8175,8212,8183,8185,8196,8190,8157,8173,8268,26.768633365631104,False
82,8147,8171,8137,8129,8171,8168,8211,8166,8183,8195,8184,8167,8180,8281,26.775649547576904,False
83,8181,8190,8206,8129,8216,8162,8202,8187,8182,8198,8179,8197,8189,8301,26.78358769416809,False
84,8172,8177,8157,8149,8170,8152,8201,8178,8189,8208,8208,8176,8204,8291,26.79159450531006,False
85,8160,8174,8150,8156,8174,8152,8201,8174,8187,8204,8216,8167,8198,8272,26.799548149108887,False
86,8160,8177,8159,8148,8181,8149,8197,8171,8186,8209,8193,8171,8193,8276,26.80766177177429,False
87,8157,8187,8176,8140,8201,8144,8182,8176,8180,8209,8186,8170,8195,8275,26.815518856048584,False
88,8145,8174,8162,8130,8169,8144,8176,8172,8172,8194,8198,8162,8187,8259,26.82364654541016,False
89,8148,8164,8138,8130,8146,8135,8185,8164,8177,8199,8196,8155,8175,8258,26.83163833618164,False
90,8174,8190,8205,8148,8198,8130,8181,8188,8177,8207,8174,8177,8171,8263,26.838627338409424,False
91,8155,8172,8151,8148,8150,8133,8179,8179,8183,8200,8188,8171,8190,8267,26.846642017364506,False
92,8149,8168,8161,8140,8192,8148,8177,8182,8188,8198,8213,8178,8207,8280,26.854701280593872,False
93,8182,8188,8246,8155,8248,8163,8189,8207,8192,8214,8216,8199,8219,8300,26.862384796142575,False
94,8178,8176,8155,8175,8170,8162,8218,8185,8222,8236,8221,8176,8237,8310,26.870491981506348,False
95,8181,8190,8154,8181,8191,8157,8203,8177,8228,8227,8211,8176,8215,8290,26.878580808639526,False
96,8184,8185,8182,8174,8195,8151,8176,8166,8191,8206,8193,8174,8184,8274,26.88640809059143,False
97,8165,8170,8153,8166,8166,8148,8183,8156,8169,8198,8185,8159,8184,8282,26.894421339035038,False
98,8167,8177,8167,8171,8187,8144,8198,8173,8181,8203,8192,8168,8199,8284,26.90144109725952,False
99,8164,8168,8148,8161,8198,8127,8188,8161,8176,8199,8184,8161,8193,8272,26.909442901611328,False
100,8159,8170,8179,8129,8218,8108,8158,8156,8141,8177,8144,8161,8153,8264,26.917540073394772,False
101,8152,8167,8163,8127,8167,8103,8163,8160,8147,8182,8144,8159,8155,8273,26.92548131942749,False
102,8156,8180,8152,8163,8178,8111,8168,8170,8164,8197,8164,8157,8177,8270,26.93334364891052,False
103,8165,8189,8188,8174,8214,8120,8150,8176,8144,8189,8155,8165,8166,8261,26.941360235214237,False
104,8144,8169,8130,8150,8164,8129,8158,8161,8148,8189,8155,8158,8170,8276,26.949344158172607,False
105,8153,8189,8193,8139,8216,8141,8173,8198,8168,8196,8156,8183,8187,8292,26.95742440223694,False
106,8163,8177,8207,8144,8201,8143,8183,8204,8176,8215,8164,8187,8199,8299,26.965503215789795,False
107,8167,8161,8147,8161,8174,8145,8188,8174,8182,8231,8187,8176,8208,8306,26.97259759902954,False
108,8216,8203,8236,8186,8244,8168,8199,8207,8189,8233,8212,8216,8220,8325,26.98060512542725,False
109,8225,8201,8200,8195,8197,8183,8230,8210,8214,8253,8232,8214,8252,8339,26.98850679397583,False
110,8209,8204,8170,8202,8207,8195,8239,8195,8231,8265,8234,8204,8256,8336,26.996596336364743,False
111,8196,8216,8193,8214,8232,8205,8227,8181,8221,8250,8229,8204,8235,8326,27.004616737365723,False
112,8177,8196,8154,8199,8203,8195,8213,8151,8192,8237,8205,8186,8226,8307,27.01258492469788,False
113,8178,8188,8180,8172,8222,8174,8197,8155,8177,8235,8175,8185,8220,8295,27.02058696746826,False
114,8166,8182,8163,8162,8210,8164,8203,8162,8195,8239,8169,8165,8206,8295,27.02860379219055,False
115,8144,8180,8152,8147,8208,8171,8204,8176,8200,8231,8150,8149,8190,8278,27.035420894622803,False
116,8119,8152,8114,8133,8164,8159,8187,8179,8196,8227,8147,8149,8200,8262,27.04362535476685,False
117,8117,8157,8127,8147,8183,8149,8179,8188,8208,8234,8166,8164,8216,8270,27.05159068107605,False
118,8149,8199,8240,8157,8271,8175,8194,8221,8215,8237,8156,8184,8207,8284,27.05959272384644,False
119,8140,8171,8169,8145,8209,8203,8230,8205,8227,8242,8165,8162,8220,8297,27.06758689880371,False
120,8146,8168,8121,8155,8176,8214,8252,8186,8229,8245,8203,8171,8247,8313,27.0756471157074,False
121,8192,8203,8180,8182,8201,8211,8240,8171,8212,8244,8202,8201,8260,8330,27.08361959457397,False
122,8205,8206,8179,8186,8197,8202,8210,8145,8183,8236,8170,8189,8251,8328,27.091618061065677,False
123,8212,8212,8205,8186,8211,8203,8191,8141,8158,8226,8166,8195,8226,8321,27.099450826644897,False
124,8216,8204,8188,8192,8186,8203,8194,8128,8166,8227,8191,8199,8226,8329,27.10663771629333,False
125,8199,8196,8181,8187,8200,8203,8194,8145,8180,8215,8171,8182,8217,8314,27.114570140838623,False
126,8183,8186,8178,8186,8189,8211,8193,8171,8179,8200,8135,8164,8180,8285,27.122621059417725,False
127,8177,8177,8136,8184,8150,8202,8192,8159,8184,8204,8142,8157,8169,8289,27.13058114051819,False
237,8185,8192,8180,8168,8195,8182,8178,8176,8184,8201,8145,8168,8175,8294,27.1384174823761,False
0,8161,8171,8147,8153,8170,8173,8175,8176,8167,8189,8128,8144,8170,8272,27.14655923843384,False
1,8138,8164,8148,8152,8190,8167,8161,8166,8131,8178,8125,8141,8159,8256,27.15465521812439,False
2,8133,8172,8215,8145,8240,8155,8150,8183,8123,8181,8145,8170,8167,8262,27.162379026412964,False
3,8100,8140,8136,8141,8185,8152,8172,8175,8162,8205,8154,8153,8193,8263,27.16963195800781,False
4,8107,8146,8149,8165,8199,8160,8176,8177,8175,8212,8148,8154,8196,8254,27.17759656906128,False
5,8148,8162,8185,8175,8197,8159,8168,8175,8168,8214,8171,8168,8205,8274,27.185704231262207,False
6,8176,8173,8181,8164,8203,8161,8170,8164,8171,8223,8199,8174,8224,8301,27.19359397888184,False
7,8193,8185,8213,8180,8218,8174,8171,8167,8173,8222,8208,8184,8233,8305,27.20165014266968,False
8,8188,8175,8166,8194,8172,8179,8180,8155,8187,8225,8207,8166,8242,8308,27.209603548049927,False
9,8191,8180,8182,8180,8207,8187,8177,8164,8192,8227,8186,8171,8238,8313,27.21764612197876,False
10,8174,8162,8175,8163,8190,8194,8175,8175,8198,8235,8194,8186,8243,8318,27.225615739822388,False
11,8161,8157,8148,8172,8176,8205,8195,8190,8227,8250,8224,8188,8260,8327,27.232657194137573,False
12,8192,8174,8190,8180,8208,8225,8216,8220,8256,8262,8219,8199,8269,8340,27.24056386947632,False
13,8188,8150,8146,8161,8179,8217,8226,8212,8271,8265,8204,8182,8274,8335,27.24860954284668,False
14,8173,8153,8184,8144,8236,8187,8216,8219,8241,8235,8174,8175,8244,8309,27.25644326210022,False
15,8156,8136,8199,8120,8218,8172,8205,8202,8186,8203,8131,8162,8199,8293,27.264482021331787,False
16,8110,8098,8117,8101,8140,8168,8190,8142,8154,8194,8111,8136,8175,8277,27.27258324623108,False
17,8097,8106,8125,8112,8159,8157,8167,8135,8141,8191,8123,8147,8175,8258,27.280649185180664,False
18,8101,8109,8121,8119,8154,8142,8153,8137,8125,8187,8134,8143,8181,8249,27.28848338127136,False
19,8126,8132,8174,8120,8198,8147,8138,8140,8106,8175,8124,8146,8153,8238,27.29652500152588,False
20,8167,8167,8216,8156,8216,8166,8146,8144,8122,8180,8139,8171,8151,8254,27.30361104011536,False
21,8183,8188,8178,8200,8191,8181,8179,8152,8154,8195,8177,8191,8199,8294,27.311726808547974,False
22,8183,8214,8202,8206,8221,8193,8187,8189,8166,8211,8209,8213,8235,8321,27.31960129737854,False
23,8184,8222,8177,8224,8216,8206,8180,8192,8186,8242,8248,8209,8274,8348,27.32764720916748,False
24,8235,8256,8202,8256,8250,8225,8178,8196,8212,8267,8272,8227,8315,8379,27.335603713989254,False
25,8273,8272,8206,8263,8216,8243,8195,8196,8233,8284,8278,8240,8340,8397,27.34362530708313,False
26,8255,8257,8167,8256,8186,8248,8209,8187,8242,8293,8271,8224,8345,8402,27.351613521575928,False
27,8246,8243,8255,8226,8266,8229,8195,8214,8221,8267,8239,8232,8313,8387,27.359644651412964,False
28,8206,8186,8197,8166,8205,8184,8188,8191,8205,8234,8205,8200,8268,8347,27.366564512252808,False
29,8148,8160,8095,8126,8146,8155,8187,8162,8194,8213,8160,8153,8223,8303,27.3746235370636,False
30,8125,8159,8113,8127,8171,8152,8180,8178,8172,8199,8125,8143,8186,8271,27.382567644119263,False
31,8127,8138,8132,8118,8178,8144,8172,8171,8146,8180,8106,8137,8148,8242,27.390548706054688,False
32,8152,8148,8171,8110,8197,8138,8154,8161,8123,8158,8092,8145,8116,8223,27.39847207069397,False
33,8161,8170,8149,8131,8180,8142,8140,8148,8125,8168,8122,8156,8140,8240,27.406651496887207,False
34,8162,8202,8179,8160,8214,8153,8134,8161,8131,8187,8159,8177,8178,8259,27.41437721252441,False
35,8154,8200,8197,8182,8194,8152,8144,8180,8140,8196,8165,8181,8187,8265,27.42260503768921,False
36,8130,8181,8143,8182,8165,8153,8162,8177,8171,8216,8182,8181,8208,8290,27.430614233016968,False
37,8146,8225,8236,8187,8269,8175,8161,8210,8186,8233,8221,8232,8254,8330,27.43768882751465,False
38,8173,8240,8224,8219,8222,8179,8179,8196,8200,8251,8265,8229,8301,8357,27.445587396621704,False
39,8215,8231,8155,8242,8160,8166,8188,8158,8208,8261,8266,8195,8304,8359,27.453643798828125,False
40,8271,8247,8230,8238,8220,8167,8161,8169,8192,8246,8229,8214,8275,8359,27.461486101150516,False
41,8259,8236,8199,8229,8186,8172,8162,8158,8194,8241,8217,8203,8271,8368,27.46953630447388,False
42,8225,8226,8154,8218,8167,8172,8183,8155,8206,8250,8218,8189,8271,8365,27.47757315635681,False
43,8220,8211,8162,8193,8182,8168,8190,8162,8199,8240,8200,8193,8251,8347,27.485637187957764,False
44,8226,8211,8178,8188,8210,8162,8182,8159,8173,8207,8163,8185,8222,8331,27.49359560012817,False
45,8220,8212,8181,8179,8212,8156,8175,8161,8150,8184,8135,8171,8195,8319,27.50064182281494,False
46,8182,8173,8120,8138,8170,8148,8168,8159,8149,8178,8130,8147,8175,8305,27.508448123931885,False
47,8179,8181,8166,8134,8212,8151,8147,8178,8139,8163,8113,8154,8147,8289,27.516451835632324,False
48,8187,8192,8159,8158,8185,8164,8157,8172,8138,8168,8111,8159,8148,8295,27.52459216117859,False
49,8167,8182,8130,8144,8193,8171,8179,8177,8151,8185,8136,8162,8165,8305,27.532654762268063,False
50,8164,8189,8221,8125,8272,8183,8178,8214,8150,8172,8138,8182,8153,8289,27.540342807769772,False
51,8143,8174,8156,8142,8186,8198,8195,8184,8155,8169,8131,8152,8141,8266,27.54869747161865,False
52,8145,8178,8130,8167,8165,8197,8212,8166,8150,8172,8119,8146,8133,8249,27.556581258773804,False
53,8184,8183,8192,8174,8200,8183,8209,8182,8145,8168,8127,8186,8149,8264,27.563669443130493,False
54,8197,8182,8171,8181,8182,8187,8202,8179,8176,8181,8163,8193,8178,8294,27.5715126991272,False
55,8207,8207,8202,8196,8203,8193,8183,8184,8193,8197,8181,8194,8183,8305,27.57961654663086,False
56,8210,8213,8188,8213,8187,8174,8150,8170,8179,8207,8195,8193,8205,8309,27.58759474754333,False
57,8205,8224,8186,8226,8197,8160,8120,8167,8167,8209,8204,8199,8234,8322,27.595619440078732,False
58,8196,8220,8198,8222,8192,8157,8117,8170,8171,8211,8216,8202,8234,8328,27.60358953475952,False
59,8177,8202,8174,8216,8181,8144,8125,8161,8163,8202,8213,8193,8218,8315,27.61163020133972,False
60,8177,8204,8205,8218,8196,8141,8132,8180,8151,8188,8196,8201,8202,8293,27.619584560394287,False
61,8172,8183,8162,8215,8143,8145,8163,8181,8164,8184,8195,8183,8192,8276,27.62663173675537,False
62,8185,8202,8208,8217,8211,8146,8178,8200,8165,8178,8181,8190,8175,8260,27.634596586227417,False
63,8199,8219,8256,8224,8227,8149,8180,8214,8163,8184,8182,8211,8182,8260,27.642447233200077,False
64,8173,8179,8144,8207,8128,8146,8200,8181,8190,8190,8207,8194,8208,8280,27.650596380233765,False
65,8190,8183,8191,8197,8186,8145,8200,8187,8191,8173,8208,8214,8204,8293,27.658641815185547,False
66,8224,8196,8233,8216,8192,8149,8188,8192,8180,8179,8219,8232,8214,8307,27.666571617126465,False
67,8231,8197,8178,8232,8144,8159,8193,8176,8180,8197,8246,8228,8235,8325,27.67461943626404,False
68,8244,8212,8205,8234,8186,8167,8201,8177,8166,8181,8247,8241,8229,8333,27.682620525360107,False
69,8249,8228,8229,8247,8212,8160,8187,8165,8146,8162,8245,8243,8225,8335,27.690456867218018,False
70,8252,8243,8228,8271,8198,8148,8166,8145,8128,8165,8252,8239,8227,8333,27.697540044784542,False
71,8247,8225,8164,8284,8153,8140,8162,8106,8115,8168,8250,8225,8229,8326,27.705650568008423,False
72,8264,8238,8190,8288,8205,8132,8139,8092,8093,8158,8244,8236,8222,8321,27.71360182762146,False
73,8288,8257,8238,8285,8209,8114,8109,8099,8077,8155,8262,8252,8230,8342,27.721501350402832,False
74,8276,8240,8173,8282,8145,8100,8114,8092,8089,8169,8281,8238,8256,8369,27.729621410369877,False
75,8286,8259,8249,8285,8230,8112,8109,8133,8089,8165,8251,8252,8246,8361,27.737642526626587,False
76,8264,8231,8234,8260,8208,8124,8106,8150,8091,8161,8224,8237,8238,8340,27.745580673217773,True
77,8211,8181,8115,8224,8124,8120,8114,8135,8111,8170,8218,8192,8246,8320,27.753655433654785,True
78,8232,8200,8165,8226,8155,8114,8106,8155,8117,8165,8213,8203,8231,8316,27.76059341430664,True
79,8263,8210,8186,8226,8155,8114,8101,8152,8113,8157,8205,8210,8211,8331,27.76845693588257,True
80,8252,8201,8190,8200,8179,8113,8096,8145,8107,8152,8180,8202,8203,8328,27.776576280593872,True
81,8223,8187,8169,8203,8179,8110,8105,8142,8122,8162,8181,8193,8221,8329,27.78468632698059,True
82,8214,8195,8157,8229,8185,8121,8122,8152,8149,8178,8196,8191,8230,8342,27.79239797592163,True
83,8214,8203,8190,8224,8182,8133,8119,8170,8149,8169,8173,8191,8198,8315,27.800488233566284,True
84,8177,8175,8119,8198,8115,8118,8118,8152,8137,8153,8140,8152,8170,8269,27.808607816696167,True
85,8187,8196,8149,8194,8162,8114,8122,8172,8133,8158,8136,8160,8184,8277,27.81639122962952,True
86,8225,8218,8183,8213,8172,8129,8131,8182,8149,8174,8157,8185,8209,8323,27.823570728302,True
87,8222,8218,8149,8222,8161,8132,8126,8162,8156,8172,8163,8178,8198,8338,27.831377506256104,True
88,8234,8237,8214,8214,8223,8136,8111,8184,8144,8164,8158,8190,8190,8335,27.839617490768436,True
89,8210,8203,8157,8186,8169,8142,8121,8175,8142,8175,8165,8169,8207,8331,27.847527742385864,True
90,8148,8176,8109,8165,8161,8142,8145,8157,8129,8168,8139,8145,8185,8305,27.85560607910156,True
91,8124,8171,8131,8148,8162,8143,8165,8155,8122,8155,8113,8142,8155,8283,27.863624095916748,True
92,8137,8164,8117,8128,8134,8146,8171,8150,8146,8159,8125,8132,8156,8275,27.87150859832764,True
93,8152,8181,8173,8131,8194,8150,8172,8184,8172,8167,8123,8143,8144,8259,27.879420042037964,True
94,8127,8171,8140,8147,8170,8149,8188,8202,8197,8182,8115,8136,8142,8246,27.887634992599487,True
95,8126,8167,8127,8149,8159,8149,8176,8212,8193,8174,8120,8137,8147,8248,27.894455671310425,True
96,8161,8175,8178,8141,8164,8136,8157,8225,8173,8163,8135,8160,8152,8279,27.902443170547485,True
97,8190,8182,8163,8158,8143,8114,8162,8225,8179,8187,8158,8166,8181,8321,27.91061758995056,True
98,8233,8204,8198,8196,8182,8097,8157,8220,8163,8196,8165,8181,8200,8325,27.918586254119877,True
99,8246,8195,8173,8197,8160,8084,8153,8170,8117,8174,8167,8180,8195,8319,27.92661476135254,True
100,8233,8205,8187,8174,8173,8094,8154,8157,8094,8156,8152,8183,8177,8324,27.934711456298828,True
101,8203,8197,8224,8151,8187,8125,8157,8186,8119,8167,8141,8181,8168,8319,27.94249725341797,True
102,8148,8145,8133,8133,8140,8142,8178,8172,8174,8197,8154,8151,8187,8305,27.9505467414856,True
103,8138,8144,8129,8128,8168,8158,8197,8172,8204,8202,8148,8159,8193,8292,27.957433223724365,True
104,8145,8150,8143,8129,8173,8171,8212,8181,8207,8198,8132,8160,8182,8279,27.965346574783325,True
105,8138,8144,8150,8127,8187,8165,8218,8192,8207,8195,8119,8144,8158,8262,27.97344923019409,True
106,8137,8143,8159,8123,8163,8149,8210,8201,8212,8189,8112,8149,8145,8261,27.98140597343445,True
107,8142,8150,8128,8138,8114,8138,8204,8194,8220,8195,8122,8149,8164,8271,27.989337921142575,True
108,8174,8181,8202,8156,8210,8140,8201,8222,8221,8201,8126,8170,8174,8281,27.99745464324951,True
109,8165,8168,8183,8158,8236,8142,8212,8227,8226,8208,8139,8165,8186,8286,28.00528860092163,True
110,8149,8169,8158,8160,8219,8138,8204,8214,8212,8208,8148,8162,8200,8289,28.013336658477783,True
111,8195,8193,8214,8161,8207,8132,8186,8222,8186,8201,8141,8190,8198,8310,28.02028512954712,True
112,8218,8178,8158,8166,8150,8122,8193,8196,8182,8195,8137,8178,8191,8330,28.0284206867218,True
113,8234,8214,8237,8185,8223,8119,8177,8202,8160,8176,8132,8196,8174,8317,28.036461353302,True
114,8247,8227,8288,8196,8219,8117,8149,8206,8141,8169,8141,8212,8175,8306,28.044392824172974,True
115,8216,8180,8156,8180,8144,8115,8151,8166,8153,8176,8142,8171,8183,8300,28.052415132522583,True
116,8188,8183,8134,8176,8167,8125,8168,8158,8157,8173,8123,8156,8170,8280,28.060430765151978,True
117,8161,8195,8140,8177,8161,8136,8176,8158,8156,8166,8107,8156,8161,8275,28.068324327468872,True
118,8150,8185,8163,8155,8176,8139,8164,8175,8153,8162,8088,8156,8153,8276,28.07636976242065,True
119,8145,8160,8150,8135,8151,8141,8163,8192,8155,8176,8099,8147,8162,8267,28.0844521522522,True
120,8142,8165,8127,8140,8143,8147,8181,8205,8174,8195,8123,8151,8171,8272,28.0915846824646,True
121,8145,8174,8152,8139,8162,8148,8192,8213,8192,8194,8118,8159,8157,8272,28.099469900131226,True
122,8127,8141,8113,8127,8125,8135,8202,8189,8197,8184,8110,8133,8149,8240,28.10738039016724,True
123,8131,8153,8188,8129,8188,8124,8193,8202,8173,8167,8095,8144,8131,8208,28.115458965301517,True
124,8137,8158,8208,8132,8178,8113,8188,8190,8153,8159,8086,8154,8120,8226,28.123507499694824,True
125,8122,8147,8127,8126,8121,8106,8204,8157,8157,8164,8098,8140,8135,8247,28.131309986114506,True
126,8136,8168,8181,8133,8165,8118,8203,8184,8156,8158,8116,8157,8140,8236,28.13934206962585,True
127,8140,8165,8169,8153,8154,8131,8199,8175,8161,8163,8136,8163,8149,8241,28.146328687667847,True
237,8146,8172,8162,8170,8173,8145,8199,8155,8169,8180,8149,8173,8168,8265,28.15450930595398,True
0,8165,8185,8189,8166,8192,8149,8193,8154,8170,8180,8159,8184,8175,8278,28.16240191459656,True
1,8165,8172,8158,8151,8173,8126,8175,8139,8154,8164,8144,8167,8163,8270,28.170426845550537,True
2,8161,8162,8179,8140,8184,8107,8159,8144,8126,8159,8118,8164,8149,8261,28.17847752571106,True
3,8153,8148,8148,8126,8140,8100,8169,8145,8129,8173,8125,8155,8153,8265,28.186577558517456,True
4,8154,8167,8164,8111,8170,8098,8172,8163,8152,8167,8123,8154,8147,8256,28.19443726539612,True
5,8136,8165,8172,8110,8176,8104,8176,8179,8157,8157,8108,8147,8142,8232,28.201479196548465,True
6,8099,8151,8130,8124,8151,8114,8176,8162,8140,8159,8100,8126,8134,8207,28.210400581359863,True
7,8139,8185,8242,8137,8225,8141,8163,8184,8127,8150,8090,8161,8113,8208,28.21749258041382,True
8,8162,8151,8191,8125,8159,8153,8183,8177,8156,8154,8113,8166,8136,8244,28.225568294525143,True
9,8143,8136,8115,8115,8135,8140,8190,8162,8174,8169,8127,8151,8154,8263,28.23341655731201,True
10,8147,8169,8196,8135,8182,8135,8169,8178,8163,8173,8120,8181,8151,8266,28.241392374038696,True
11,8140,8149,8150,8152,8127,8145,8186,8166,8186,8182,8152,8183,8186,8291,28.24952077865601,True
12,8165,8165,8154,8167,8159,8151,8208,8167,8207,8186,8172,8179,8206,8298,28.25741147994995,True
13,8192,8190,8205,8179,8191,8145,8197,8166,8192,8187,8149,8181,8182,8272,28.26542282104492,True
14,8169,8164,8172,8161,8169,8141,8175,8148,8176,8189,8141,8185,8173,8272,28.27250051498413,True
15,8145,8136,8128,8128,8147,8129,8158,8131,8171,8182,8159,8187,8192,8301,28.281394004821777,True
16,8148,8142,8136,8127,8161,8114,8139,8121,8157,8174,8151,8169,8199,8298,28.28845286369324,True
17,8157,8158,8200,8141,8204,8126,8130,8147,8134,8170,8124,8165,8179,8268,28.29641580581665,True
18,8113,8118,8124,8120,8136,8145,8162,8157,8143,8181,8128,8146,8174,8257,28.3046190738678,True
19,8099,8112,8122,8096,8151,8162,8195,8181,8171,8190,8130,8149,8181,8259,28.312637090682983,True
20,8144,8144,8241,8100,8209,8180,8199,8214,8178,8180,8120,8183,8166,8259,28.320433378219604,True
21,8129,8117,8141,8092,8116,8175,8208,8174,8180,8172,8141,8158,8162,8259,28.32857608795166,True
22,8107,8113,8097,8087,8120,8165,8211,8156,8172,8162,8151,8146,8166,8254,28.336631536483765,True
23,8133,8139,8170,8111,8162,8166,8201,8173,8161,8149,8138,8169,8158,8257,28.344476222991943,True
24,8143,8145,8158,8126,8144,8162,8193,8166,8161,8137,8128,8167,8144,8264,28.351439714431763,True
25,8134,8144,8157,8116,8152,8152,8180,8163,8158,8135,8117,8160,8138,8252,28.35959792137146,True
26,8132,8150,8157,8122,8147,8157,8173,8160,8162,8143,8122,8162,8157,8251,28.367614269256592,True
27,8160,8180,8209,8156,8178,8169,8169,8168,8157,8138,8145,8193,8170,8282,28.37559962272644,True
28,8185,8177,8190,8182,8144,8157,8162,8154,8155,8145,8172,8209,8189,8329,28.383604049682617,True
29,8198,8183,8154,8195,8143,8142,8139,8136,8156,8162,8189,8206,8220,8354,28.391616106033325,True
30,8214,8213,8218,8200,8198,8145,8113,8147,8147,8165,8180,8212,8227,8338,28.399572610855103,True
31,8188,8184,8149,8179,8135,8138,8124,8123,8149,8166,8159,8181,8208,8306,28.40762186050415,True
32,8162,8173,8167,8147,8177,8135,8128,8124,8130,8145,8127,8167,8161,8262,28.41563582420349,True
33,8140,8162,8219,8124,8212,8147,8133,8145,8108,8130,8110,8164,8136,8221,28.42234754562378,True
34,8092,8127,8109,8108,8135,8151,8164,8130,8130,8154,8108,8127,8146,8201,28.43057155609131,True
35,8085,8140,8103,8102,8151,8159,8185,8147,8154,8162,8104,8123,8137,8189,28.438607931137085,True
36,8094,8147,8127,8120,8164,8184,8202,8173,8171,8163,8128,8131,8142,8188,28.446398735046387,True
37,8104,8160,8159,8154,8185,8202,8202,8190,8195,8175,8143,8140,8158,8193,28.45458674430847,True
38,8116,8180,8185,8182,8179,8213,8195,8189,8221,8188,8152,8154,8170,8218,28.46261954307556,True
39,8109,8169,8153,8183,8144,8233,8208,8171,8235,8201,8190,8168,8197,8269,28.470382928848267,True
40,8125,8165,8179,8170,8188,8256,8215,8186,8231,8192,8207,8202,8221,8313,28.47862195968628,True
41,8145,8152,8144,8154,8187,8256,8216,8181,8230,8172,8188,8200,8235,8339,28.48557686805725,True
42,8163,8152,8150,8125,8189,8239,8211,8171,8214,8162,8157,8194,8221,8335,28.49361801147461,True
43,8174,8146,8187,8095,8165,8216,8193,8157,8176,8159,8153,8202,8195,8311,28.501607418060303,True
44,8176,8149,8165,8113,8136,8199,8173,8131,8159,8160,8172,8199,8197,8312,28.50963592529297,True
45,8215,8196,8256,8144,8212,8195,8152,8165,8154,8158,8164,8223,8192,8334,28.51754236221313,True
46,8202,8168,8204,8122,8149,8176,8138,8156,8143,8153,8135,8188,8169,8312,28.525584936141968,True
47,8147,8134,8096,8101,8105,8161,8117,8118,8122,8138,8105,8123,8139,8243,28.533628702163696,True
48,8149,8169,8157,8130,8179,8180,8104,8144,8110,8131,8098,8129,8125,8213,28.541678428649902,True
49,8152,8172,8155,8152,8168,8190,8112,8152,8108,8136,8101,8131,8125,8215,28.5495502948761,False
50,8136,8165,8147,8142,8164,8187,8112,8151,8095,8125,8084,8123,8100,8190,28.556635856628414,False
51,8118,8155,8142,8126,8158,8197,8127,8163,8109,8123,8103,8129,8107,8192,28.56461882591248,False
52,8123,8160,8153,8128,8175,8218,8157,8177,8142,8148,8151,8159,8156,8249,28.572428941726685,False
53,8149,8175,8178,8147,8162,8227,8185,8192,8161,8174,8179,8192,8194,8294,28.580488681793213,False
54,8153,8163,8136,8158,8120,8239,8216,8210,8200,8192,8201,8194,8227,8314,28.588637351989743,False
55,8168,8178,8194,8173,8198,8262,8237,8258,8245,8203,8222,8214,8249,8328,28.596348762512207,False
56,8179,8185,8195,8206,8189,8264,8258,8258,8283,8230,8248,8215,8275,8345,28.60460329055786,False
57,8179,8192,8173,8212,8164,8259,8260,8239,8298,8242,8255,8204,8285,8348,28.611657857894897,False
58,8199,8212,8252,8199,8209,8265,8234,8251,8280,8217,8241,8219,8268,8334,28.619636297225952,False
59,8204,8196,8194,8217,8158,8264,8223,8219,8266,8209,8245,8206,8267,8336,28.62757921218872,False
60,8218,8195,8171,8227,8160,8259,8222,8200,8252,8212,8243,8210,8276,8356,28.635700941085812,False
61,8226,8191,8202,8193,8177,8254,8226,8199,8231,8202,8229,8218,8277,8372,28.64364218711853,False
62,8203,8184,8180,8173,8187,8246,8225,8192,8222,8195,8216,8199,8261,8365,28.65160036087036,False
63,8195,8179,8192,8168,8203,8241,8216,8210,8216,8196,8198,8203,8244,8353,28.65959644317627,False
64,8165,8137,8133,8136,8127,8236,8222,8200,8214,8193,8177,8186,8236,8336,28.66763925552368,False
65,8145,8139,8149,8121,8145,8233,8222,8198,8207,8182,8143,8168,8204,8290,28.675532817840576,False
66,8142,8158,8173,8141,8159,8235,8210,8206,8199,8187,8145,8163,8185,8263,28.682492971420288,False
67,8122,8145,8127,8144,8131,8229,8209,8193,8205,8186,8176,8159,8193,8274,28.690595149993896,False
68,8120,8144,8167,8135,8164,8224,8207,8188,8203,8165,8168,8170,8187,8267,28.6983962059021,False
69,8112,8136,8136,8153,8131,8228,8209,8168,8200,8163,8153,8155,8183,8250,28.706702709198,False
70,8115,8150,8147,8169,8152,8232,8207,8168,8190,8160,8148,8157,8183,8255,28.714626789093018,False
71,8131,8153,8190,8159,8188,8223,8206,8173,8177,8144,8143,8164,8175,8262,28.72242522239685,False
72,8123,8132,8132,8156,8156,8213,8208,8154,8170,8138,8127,8135,8156,8244,28.73062753677368,False
73,8124,8144,8159,8164,8172,8212,8200,8163,8155,8129,8102,8135,8128,8221,28.73863625526428,False
74,8119,8144,8163,8160,8155,8208,8203,8166,8164,8133,8109,8138,8126,8224,28.74563241004944,False
75,8114,8145,8158,8150,8162,8204,8195,8163,8169,8138,8118,8133,8124,8227,28.753565311431885,False
76,8118,8139,8160,8147,8147,8200,8175,8159,8150,8122,8102,8132,8100,8218,28.761632680892944,False
77,8119,8120,8130,8148,8109,8185,8165,8147,8145,8116,8090,8133,8096,8221,28.76959013938904,False
78,8142,8132,8194,8142,8164,8179,8156,8166,8149,8120,8092,8160,8104,8240,28.77758765220642,False
79,8142,8121,8166,8125,8149,8192,8166,8158,8158,8125,8112,8158,8118,8265,28.78560447692871,False
80,8132,8114,8136,8122,8155,8205,8176,8151,8157,8122,8126,8150,8130,8259,28.793646574020386,False
81,8147,8124,8189,8140,8173,8195,8163,8167,8142,8116,8127,8168,8136,8254,28.801512479782104,False
82,8147,8121,8158,8148,8131,8179,8148,8150,8131,8124,8132,8170,8142,8280,28.80843448638916,False
83,8163,8149,8203,8149,8178,8188,8137,8158,8124,8120,8138,8191,8140,8296,28.816609859466556,False
84,8180,8152,8204,8167,8152,8201,8137,8160,8137,8123,8158,8200,8160,8308,28.824546813964844,False
85,8197,8153,8159,8194,8120,8196,8127,8144,8146,8138,8175,8191,8180,8327,28.832632780075077,False
86,8225,8177,8195,8203,8154,8193,8107,8153,8136,8141,8183,8197,8177,8322,28.840627908706665,False
87,8217,8167,8180,8189,8146,8196,8115,8144,8144,8143,8205,8197,8195,8311,28.848435878753666,False
88,8213,8171,8197,8182,8171,8188,8119,8153,8152,8153,8217,8213,8215,8329,28.85662031173706,False
89,8201,8164,8163,8170,8146,8166,8122,8161,8157,8163,8208,8198,8216,8342,28.864617347717285,False
90,8187,8155,8142,8156,8160,8158,8132,8169,8159,8153,8181,8175,8200,8334,28.87264919281006,False
91,8204,8164,8206,8182,8189,8161,8137,8182,8143,8140,8164,8187,8189,8331,28.879603147506717,False
92,8192,8152,8159,8202,8120,8150,8139,8152,8139,8146,8173,8168,8189,8314,28.88760471343994,False
93,8184,8167,8198,8178,8172,8161,8139,8170,8153,8141,8162,8170,8172,8290,28.895617246627808,False
94,8171,8160,8202,8161,8179,8182,8159,8192,8180,8146,8153,8171,8167,8293,28.90362811088562,False
95,8133,8134,8121,8167,8127,8177,8168,8171,8188,8160,8159,8144,8172,8280,28.911633491516117,False
96,8132,8150,8179,8178,8168,8173,8144,8181,8177,8156,8160,8164,8175,8265,28.919698476791385,False
97,8146,8155,8169,8198,8144,8178,8147,8178,8189,8166,8186,8184,8210,8302,28.92754316329956,False
98,8170,8166,8152,8208,8141,8179,8152,8168,8194,8182,8210,8191,8240,8332,28.93563389778137,False
99,8196,8169,8180,8189,8157,8170,8132,8166,8182,8186,8211,8200,8244,8334,28.94262790679932,False
100,8206,8165,8178,8178,8155,8160,8119,8172,8182,8184,8206,8198,8245,8352,28.950400590896606,False
101,8217,8182,8199,8188,8150,8160,8116,8193,8188,8184,8193,8198,8240,8360,28.95856118202209,False
102,8211,8175,8152,8196,8099,8160,8123,8181,8200,8193,8181,8180,8231,8349,28.96662998199463,False
103,8205,8178,8172,8192,8155,8155,8123,8186,8191,8187,8159,8185,8207,8334,28.974438190460205,False
104,8185,8167,8175,8173,8178,8155,8129,8188,8176,8176,8148,8182,8197,8315,28.98263144493103,False
105,8180,8161,8144,8170,8161,8153,8133,8167,8173,8171,8170,8172,8205,8311,28.9906108379364,False
106,8246,8202,8266,8189,8218,8137,8112,8187,8144,8158,8181,8216,8199,8329,28.998697519302368,False
107,8258,8180,8218,8180,8154,8115,8112,8173,8129,8153,8177,8205,8202,8345,29.00660538673401,False
108,8211,8157,8109,8168,8127,8126,8118,8144,8143,8156,8169,8155,8196,8316,29.01364207267761,False
109,8192,8170,8150,8171,8167,8152,8115,8146,8150,8158,8158,8153,8172,8278,29.022173643112183,False
110,8159,8157,8150,8158,8152,8152,8123,8138,8150,8159,8138,8150,8155,8269,29.029411554336548,False
111,8133,8145,8154,8145,8170,8141,8126,8146,8151,8151,8122,8146,8143,8253,29.037362813949585,False
112,8136,8135,8137,8154,8141,8141,8132,8152,8159,8149,8143,8148,8151,8242,29.045324325561523,False
113,8151,8152,8162,8159,8149,8144,8142,8166,8156,8150,8164,8170,8166,8266,29.05341362953186,False
114,8155,8154,8184,8149,8173,8141,8144,8181,8150,8155,8173,8180,8182,8296,29.06142282485962,False
115,8146,8141,8134,8160,8159,8140,8148,8180,8152,8165,8179,8162,8200,8305,29.069525241851807,False
116,8175,8175,8193,8195,8194,8154,8152,8203,8149,8166,8169,8183,8199,8322,29.07640647888184,False
117,8195,8182,8173,8211,8148,8156,8146,8181,8162,8172,8174,8190,8205,8348,29.08461594581604,False
118,8210,8191,8190,8203,8183,8149,8123,8169,8171,8169,8172,8189,8199,8333,29.09264850616455,False
119,8233,8204,8285,8193,8229,8162,8129,8208,8176,8163,8156,8210,8181,8317,29.10041880607605,False
120,8204,8166,8163,8195,8120,8169,8170,8188,8200,8168,8170,8182,8188,8335,29.108515977859497,False
121,8200,8171,8149,8190,8154,8164,8175,8176,8185,8146,8157,8171,8165,8321,29.116602659225464,False
122,8199,8170,8195,8163,8180,8159,8172,8173,8144,8115,8120,8161,8122,8274,29.124664545059204,False
123,8158,8135,8134,8138,8137,8152,8174,8146,8129,8113,8099,8135,8105,8245,29.132623195648197,False
124,8159,8142,8156,8135,8162,8138,8144,8146,8118,8110,8097,8150,8099,8252,29.140626192092896,False
125,8170,8140,8157,8126,8148,8126,8115,8144,8107,8112,8124,8155,8111,8268,29.1476309299469,False
126,8172,8133,8159,8130,8144,8139,8113,8149,8108,8128,8151,8159,8140,8280,29.15555071830749,False
127,8186,8143,8158,8175,8132,8154,8124,8151,8124,8143,8173,8174,8173,8308,29.163403511047363,False
237,8214,8170,8185,8201,8164,8152,8117,8158,8131,8137,8182,8198,8172,8333,29.17128562927246,False
0,8226,8177,8213,8172,8177,8142,8112,8169,8125,8128,8171,8203,8149,8325,29.179343223571777,False
1,8207,8156,8146,8150,8108,8122,8128,8153,8133,8134,8161,8170,8152,8308,29.1873152256012,False
2,8230,8190,8210,8170,8166,8110,8125,8178,8129,8125,8149,8183,8152,8304,29.195285081863403,False
3,8235,8205,8233,8177,8183,8106,8119,8187,8122,8117,8148,8190,8146,8304,29.20335817337036,False
4,8175,8173,8133,8147,8129,8092,8124,8149,8130,8124,8145,8149,8140,8278,29.210264682769772,False
5,8146,8163,8143,8144,8161,8090,8111,8146,8127,8126,8132,8140,8119,8252,29.218436002731323,False
6,8141,8147,8127,8152,8152,8098,8103,8148,8129,8127,8129,8141,8115,8255,29.22631525993347,False
7,8144,8148,8169,8121,8181,8103,8108,8169,8133,8119,8121,8155,8121,8254,29.23440003395081,False
8,8139,8140,8197,8101,8171,8110,8128,8182,8134,8115,8129,8157,8125,8244,29.2424955368042,False
9,8121,8124,8116,8111,8133,8117,8155,8163,8142,8126,8133,8129,8127,8225,29.250529050827023,False
10,8143,8154,8165,8117,8184,8126,8154,8181,8145,8129,8117,8143,8119,8211,29.258500814437863,False
11,8163,8162,8171,8138,8152,8128,8163,8185,8167,8142,8148,8157,8141,8246,29.26643991470337,False
12,8167,8179,8162,8160,8149,8127,8169,8183,8184,8149,8176,8159,8160,8280,29.27460193634033,False
13,8160,8185,8174,8146,8143,8123,8155,8179,8176,8141,8162,8160,8153,8269,29.28145408630371,False
14,8147,8165,8130,8141,8102,8128,8158,8164,8178,8154,8173,8155,8167,8265,29.289605140686035,False
15,8164,8182,8183,8166,8145,8137,8164,8179,8178,8160,8186,8170,8177,8274,29.29759955406189,False
16,8149,8176,8176,8156,8134,8119,8151,8165,8165,8137,8169,8157,8162,8265,29.30557465553284,False
17,8123,8161,8140,8133,8133,8104,8132,8151,8148,8127,8150,8146,8143,8262,29.31359887123108,False
18,8142,8158,8153,8138,8136,8108,8132,8165,8155,8147,8165,8158,8157,8283,29.32160997390747,False
19,8159,8167,8157,8153,8131,8112,8135,8176,8184,8163,8191,8162,8188,8293,29.32945203781128,False
20,8171,8205,8198,8171,8165,8127,8139,8197,8197,8167,8197,8184,8203,8300,29.33656907081604,False
21,8184,8202,8166,8175,8123,8138,8159,8188,8199,8180,8196,8190,8211,8316,29.344597101211548,False
22,8204,8192,8175,8170,8131,8137,8155,8184,8199,8184,8196,8188,8209,8309,29.35243582725525,False
23,8212,8191,8210,8166,8156,8141,8154,8195,8201,8172,8203,8184,8200,8296,29.360577821731567,False
24,8178,8168,8142,8144,8119,8151,8181,8169,8196,8163,8195,8165,8188,8301,29.36860966682434,False
25,8176,8170,8185,8128,8157,8151,8183,8175,8179,8153,8173,8180,8165,8302,29.37659788131714,False
26,8192,8168,8191,8142,8142,8149,8182,8188,8192,8166,8180,8181,8171,8298,29.384591579437256,False
27,8185,8169,8152,8151,8138,8157,8194,8183,8205,8178,8188,8164,8184,8289,29.39263129234314,False
28,8169,8171,8197,8147,8169,8159,8187,8190,8184,8160,8185,8176,8176,8275,29.400625944137573,False
29,8154,8149,8153,8146,8107,8139,8178,8175,8178,8154,8191,8163,8177,8272,29.408551931381226,False
30,8177,8167,8158,8142,8132,8126,8172,8179,8183,8157,8186,8158,8173,8277,29.41557145118713,False
31,8189,8181,8168,8138,8164,8124,8168,8188,8187,8156,8191,8162,8179,8291,29.42362356185913,False
32,8174,8176,8161,8151,8165,8116,8151,8184,8178,8149,8198,8164,8189,8297,29.43157768249512,False
33,8177,8171,8206,8158,8172,8102,8125,8182,8153,8144,8190,8174,8173,8282,29.43960237503052,False
34,8174,8148,8150,8145,8119,8088,8122,8154,8142,8150,8201,8161,8173,8287,29.447629690170288,False
35,8190,8165,8166,8135,8153,8091,8124,8154,8128,8136,8186,8164,8172,8299,29.455551624298096,False
36,8184,8166,8178,8123,8162,8100,8137,8151,8125,8130,8150,8153,8143,8277,29.463632583618164,False
37,8159,8144,8145,8121,8149,8108,8148,8149,8147,8139,8146,8139,8126,8252,29.47062659263611,False
38,8185,8158,8209,8135,8166,8123,8143,8182,8152,8138,8158,8174,8142,8269,29.47843074798584,False
39,8172,8144,8164,8121,8112,8127,8157,8162,8145,8138,8159,8164,8148,8272,29.486449241638184,False
40,8139,8141,8160,8100,8156,8134,8169,8155,8146,8132,8141,8139,8108,8227,29.494622230529785,False
41,8168,8162,8205,8128,8174,8145,8167,8177,8161,8133,8148,8152,8102,8222,29.50243067741394,False
42,8208,8182,8173,8182,8131,8141,8165,8167,8178,8143,8187,8174,8153,8279,29.510671377182007,False
43,8234,8220,8209,8210,8169,8133,8159,8171,8183,8149,8213,8198,8186,8329,29.51861333847046,False
44,8231,8216,8195,8216,8143,8121,8148,8169,8182,8162,8227,8190,8209,8333,29.52662181854248,False
45,8224,8215,8179,8216,8141,8115,8132,8168,8169,8172,8228,8185,8216,8315,29.53347539901733,False
46,8212,8220,8174,8206,8150,8112,8119,8160,8151,8163,8210,8175,8193,8295,29.541555881500244,False
47,8184,8201,8151,8182,8151,8099,8104,8144,8138,8146,8169,8143,8164,8263,29.54961633682251,False
48,8176,8188,8191,8152,8181,8094,8098,8153,8110,8114,8129,8145,8129,8229,29.557567596435547,False
49,8155,8160,8128,8125,8118,8100,8127,8150,8100,8096,8125,8144,8103,8230,29.565585374832157,False
50,8156,8173,8154,8121,8144,8104,8144,8174,8114,8108,8126,8156,8106,8244,29.573595762252808,False
51,8180,8190,8236,8135,8179,8100,8139,8200,8131,8121,8136,8176,8132,8255,29.58151125907898,False
52,8159,8171,8139,8133,8102,8104,8148,8175,8149,8129,8159,8150,8150,8268,29.5896270275116,False
53,8141,8179,8133,8118,8123,8122,8145,8174,8150,8132,8159,8142,8143,8256,29.596622467041016,False
54,8141,8168,8167,8111,8145,8131,8144,8166,8146,8137,8157,8151,8148,8237,29.60437536239624,False
55,8169,8170,8183,8125,8161,8139,8150,8149,8146,8136,8177,8174,8170,8259,29.61262083053589,False
56,8230,8214,8227,8173,8165,8149,8145,8155,8148,8141,8214,8213,8208,8315,29.620704412460327,False
57,8256,8238,8206,8220,8134,8144,8140,8147,8154,8155,8236,8214,8238,8349,29.62834906578064,False
58,8248,8245,8212,8212,8163,8125,8118,8155,8146,8141,8206,8199,8208,8329,29.636622428894043,False
59,8230,8222,8164,8178,8125,8108,8099,8158,8140,8122,8181,8172,8178,8300,29.64467191696167,False
60,8225,8218,8150,8174,8125,8110,8106,8165,8133,8113,8161,8161,8161,8285,29.652608394622803,False
61,8218,8205,8190,8156,8156,8119,8125,8180,8117,8104,8130,8169,8133,8287,29.660615921020508,False
62,8186,8165,8137,8118,8117,8117,8135,8165,8104,8099,8126,8147,8127,8288,29.66769576072693,False
63,8194,8197,8194,8131,8163,8125,8130,8185,8090,8096,8128,8149,8122,8263,29.675692319869995,False
64,8183,8211,8194,8158,8141,8136,8144,8189,8103,8107,8134,8147,8119,8235,29.683579206466675,False
65,8138,8175,8115,8135,8102,8129,8148,8164,8124,8119,8142,8129,8124,8229,29.691622734069824,False
66,8144,8174,8161,8118,8162,8120,8120,8176,8135,8126,8145,8149,8130,8244,29.69952726364136,False
67,8161,8180,8156,8140,8160,8136,8121,8185,8170,8154,8172,8164,8164,8268,29.70743703842163,False
68,8182,8198,8176,8165,8166,8174,8142,8197,8198,8184,8205,8186,8209,8287,29.71545696258545,False
69,8200,8201,8191,8184,8150,8186,8146,8185,8197,8192,8219,8198,8238,8307,29.723616123199463,False
70,8206,8203,8181,8200,8160,8178,8137,8162,8192,8188,8211,8194,8243,8326,29.73038649559021,False
71,8233,8234,8234,8208,8196,8199,8140,8178,8197,8192,8208,8212,8248,8344,29.73843264579773,False
72,8234,8239,8186,8208,8140,8237,8161,8176,8212,8199,8209,8199,8260,8353,29.746525049209595,False
73,8215,8239,8172,8201,8162,8243,8169,8188,8213,8184,8177,8183,8234,8332,29.754354000091556,False
74,8200,8220,8180,8195,8175,8222,8185,8201,8211,8174,8140,8170,8200,8301,29.7625789642334,False
75,8193,8211,8157,8207,8153,8214,8205,8202,8225,8182,8113,8155,8189,8285,29.770623683929443,False
76,8192,8217,8198,8200,8177,8210,8189,8223,8216,8160,8076,8156,8154,8263,29.778648376464844,False
77,8140,8163,8124,8143,8128,8181,8166,8192,8184,8126,8053,8119,8113,8226,29.78660225868225,False
78,8095,8144,8103,8111,8144,8157,8150,8156,8141,8113,8032,8102,8092,8194,29.79460859298706,False
79,8098,8165,8158,8140,8154,8150,8141,8161,8121,8115,8023,8123,8093,8192,29.80160617828369,False
80,8113,8165,8141,8152,8118,8145,8136,8168,8133,8122,8038,8127,8102,8202,29.80963134765625,False
81,8141,8170,8180,8135,8151,8146,8131,8185,8137,8126,8041,8138,8112,8208,29.81760311126709,False
82,8147,8162,8162,8137,8127,8147,8139,8177,8147,8136,8051,8142,8138,8224,29.82561564445496,False
83,8159,8169,8171,8158,8156,8159,8148,8184,8166,8146,8077,8163,8153,8245,29.83350658416748,False
84,8184,8180,8204,8193,8176,8177,8166,8200,8178,8152,8108,8192,8168,8271,29.841413736343384,False
85,8189,8192,8159,8218,8138,8180,8179,8185,8188,8159,8133,8189,8195,8295,29.849616527557373,False
86,8209,8232,8197,8208,8182,8186,8170,8199,8195,8166,8134,8199,8199,8305,29.85742449760437,False
87,8218,8231,8187,8208,8163,8192,8178,8197,8203,8175,8140,8193,8213,8314,29.864628553390503,False
88,8227,8244,8195,8249,8163,8188,8170,8191,8191,8168,8154,8195,8230,8323,29.872602224349976,False
89,8250,8266,8239,8272,8190,8180,8134,8194,8185,8172,8174,8217,8231,8332,29.880449771881104,False
90,8235,8231,8163,8250,8156,8169,8123,8171,8202,8191,8180,8196,8233,8332,29.888559818267822,False
91,8204,8215,8161,8219,8174,8152,8119,8166,8189,8172,8137,8176,8203,8300,29.896628379821777,False
92,8163,8204,8156,8181,8158,8135,8115,8162,8163,8152,8098,8156,8163,8259,29.904677867889404,False
93,8137,8187,8142,8164,8166,8134,8119,8170,8158,8155,8089,8135,8145,8231,29.912596464157104,False
94,8139,8176,8170,8163,8178,8142,8128,8194,8163,8152,8074,8133,8144,8214,29.92062258720398,False
95,8122,8161,8125,8155,8130,8147,8150,8188,8182,8157,8068,8128,8145,8214,29.928616285324097,False
96,8130,8180,8169,8157,8176,8158,8159,8201,8186,8150,8075,8147,8126,8213,29.93558359146118,False
97,8148,8168,8161,8155,8162,8170,8164,8196,8184,8138,8091,8145,8123,8213,29.94361257553101,False
98,8148,8161,8123,8160,8143,8189,8188,8184,8192,8152,8105,8141,8136,8229,29.951636791229248,False
99,8152,8193,8192,8182,8185,8212,8215,8211,8199,8163,8117,8168,8145,8250,29.959556341171265,False
100,8141,8189,8162,8187,8158,8218,8234,8209,8221,8168,8143,8165,8170,8257,29.96763038635254,False
101,8160,8196,8185,8184,8192,8225,8231,8212,8228,8175,8159,8182,8188,8264,29.975611448287964,False
102,8184,8196,8208,8191,8192,8225,8216,8211,8219,8187,8184,8198,8205,8292,29.983576774597168,False
103,8170,8177,8158,8190,8165,8201,8205,8192,8211,8191,8193,8183,8227,8306,29.99162101745605,False
104,8171,8184,8184,8199,8179,8183,8191,8193,8202,8189,8174,8186,8228,8300,29.998613595962524,False
105,8172,8193,8170,8219,8142,8168,8172,8171,8189,8186,8175,8181,8220,8293,30.0063738822937,False
