COUNTER,F3,FC5,AF3,F7,T7,P7,O1,O2,P8,T8,F8,AF4,FC6,F4,Timestamp
102, 8156, 8162, 8128, 8186, 8175, 8164, 8180, 8161, 8163, 8175, 8160, 8160, 8209, 8176,0.04178786277770996
103, 8144, 8154, 8162, 8168, 8178, 8157, 8163, 8161, 8138, 8159, 8151, 8163, 8194, 8162,0.04178786277770996
104, 8131, 8162, 8158, 8162, 8177, 8161, 8158, 8168, 8130, 8158, 8143, 8156, 8187, 8157,0.05755209922790527
105, 8129, 8147, 8112, 8165, 8169, 8155, 8160, 8166, 8146, 8162, 8140, 8139, 8196, 8156,0.05755209922790527
106, 8141, 8145, 8188, 8150, 8165, 8163, 8160, 8179, 8141, 8158, 8151, 8165, 8205, 8166,0.07199788093566895
107, 8142, 8150, 8134, 8155, 8178, 8167, 8175, 8169, 8146, 8169, 8170, 8165, 8209, 8165,0.0873563289642334
108, 8146, 8164, 8181, 8160, 8180, 8159, 8159, 8164, 8133, 8152, 8165, 8169, 8195, 8157,0.0873563289642334
109, 8154, 8183, 8189, 8184, 8185, 8165, 8153, 8158, 8123, 8145, 8175, 8183, 8199, 8157,0.10322117805480957
110, 8166, 8180, 8136, 8191, 8194, 8164, 8163, 8164, 8125, 8155, 8199, 8180, 8216, 8167,0.10322117805480957
111, 8173, 8181, 8219, 8166, 8191, 8171, 8159, 8185, 8120, 8144, 8199, 8193, 8209, 8170,0.11801433563232422
112, 8164, 8182, 8169, 8188, 8203, 8174, 8174, 8166, 8136, 8161, 8199, 8182, 8209, 8162,0.11801433563232422
113, 8170, 8188, 8193, 8209, 8218, 8181, 8184, 8171, 8141, 8184, 8191, 8178, 8205, 8173,0.13401341438293457
114, 8172, 8191, 8201, 8215, 8224, 8196, 8193, 8183, 8157, 8201, 8185, 8180, 8206, 8187,0.13401341438293457
115, 8156, 8166, 8134, 8210, 8213, 8182, 8191, 8167, 8162, 8197, 8177, 8160, 8209, 8176,0.14926934242248535
116, 8149, 8158, 8198, 8180, 8194, 8172, 8172, 8169, 8133, 8171, 8159, 8167, 8196, 8163,0.14926934242248535
117, 8149, 8156, 8137, 8177, 8195, 8167, 8178, 8159, 8143, 8179, 8166, 8164, 8201, 8160,0.16521525382995605
118, 8161, 8162, 8163, 8175, 8197, 8158, 8172, 8166, 8149, 8172, 8170, 8165, 8203, 8170,0.16521525382995605
119, 8175, 8185, 8200, 8187, 8203, 8169, 8178, 8177, 8153, 8170, 8182, 8187, 8209, 8176,0.18073439598083496
120, 8178, 8191, 8135, 8213, 8214, 8169, 8198, 8169, 8178, 8186, 8202, 8181, 8216, 8170,0.18073439598083496
121, 8175, 8196, 8210, 8209, 8210, 8172, 8190, 8181, 8176, 8168, 8189, 8177, 8201, 8174,0.1962888240814209
122, 8162, 8183, 8156, 8211, 8213, 8171, 8193, 8173, 8178, 8165, 8168, 8150, 8192, 8169,0.1962888240814209
123, 8158, 8171, 8151, 8202, 8211, 8163, 8190, 8172, 8167, 8161, 8148, 8135, 8179, 8159,0.21148943901062012
124, 8158, 8178, 8191, 8198, 8197, 8179, 8194, 8178, 8162, 8153, 8135, 8145, 8166, 8167,0.21148943901062012
125, 8154, 8159, 8116, 8206, 8193, 8186, 8219, 8169, 8190, 8173, 8138, 8130, 8174, 8169,0.22711658477783203
126, 8157, 8148, 8181, 8182, 8186, 8189, 8216, 8183, 8204, 8192, 8144, 8138, 8183, 8172,0.22711658477783203
127, 8148, 8151, 8136, 8165, 8184, 8183, 8207, 8169, 8215, 8202, 8147, 8134, 8182, 8168,0.24215364456176758
236, 8152, 8149, 8126, 8151, 8184, 8163, 8184, 8159, 8204, 8188, 8139, 8131, 8173, 8162,0.24215364456176758
0, 8168, 8163, 8193, 8158, 8190, 8171, 8166, 8175, 8203, 8190, 8150, 8164, 8181, 8170,0.2582254409790039
1, 8165, 8157, 8125, 8169, 8198, 8165, 8167, 8160, 8215, 8197, 8169, 8166, 8194, 8167,0.2582254409790039
2, 8158, 8146, 8165, 8129, 8181, 8146, 8151, 8162, 8177, 8154, 8145, 8155, 8173, 8154,0.2738223075866699
3, 8151, 8147, 8128, 8125, 8176, 8156, 8162, 8171, 8164, 8149, 8124, 8134, 8158, 8142,0.2738223075866699
4, 8149, 8149, 8119, 8139, 8186, 8169, 8173, 8172, 8177, 8166, 8123, 8129, 8154, 8140,0.2889063358306885
5, 8140, 8155, 8182, 8126, 8190, 8174, 8162, 8172, 8171, 8144, 8122, 8146, 8144, 8137,0.2889063358306885
6, 8134, 8147, 8106, 8122, 8186, 8166, 8161, 8160, 8173, 8146, 8128, 8134, 8147, 8127,0.30452871322631836
7, 8157, 8158, 8166, 8121, 8182, 8171, 8158, 8175, 8167, 8150, 8131, 8145, 8143, 8133,0.30452871322631836
8, 8168, 8174, 8156, 8145, 8195, 8180, 8172, 8170, 8159, 8144, 8128, 8150, 8131, 8135,0.32041430473327637
9, 8164, 8176, 8138, 8161, 8202, 8170, 8169, 8159, 8146, 8131, 8116, 8142, 8122, 8132,0.32041430473327637
10, 8164, 8184, 8209, 8159, 8196, 8174, 8159, 8171, 8136, 8120, 8108, 8153, 8121, 8135,0.3359193801879883
11, 8150, 8172, 8122, 8166, 8195, 8174, 8178, 8160, 8138, 8131, 8102, 8121, 8119, 8125,0.3359193801879883
12, 8143, 8167, 8169, 8155, 8200, 8186, 8187, 8171, 8121, 8134, 8088, 8121, 8110, 8130,0.35137414932250977
13, 8146, 8169, 8164, 8164, 8209, 8204, 8197, 8171, 8139, 8157, 8104, 8144, 8128, 8145,0.35137414932250977
14, 8139, 8154, 8109, 8175, 8198, 8184, 8189, 8162, 8157, 8173, 8114, 8131, 8136, 8143,0.36740851402282715
15, 8132, 8154, 8184, 8159, 8177, 8182, 8179, 8178, 8135, 8160, 8102, 8131, 8121, 8140,0.36740851402282715
16, 8129, 8142, 8127, 8162, 8182, 8184, 8197, 8167, 8147, 8167, 8109, 8120, 8132, 8140,0.3834986686706543
17, 8144, 8146, 8167, 8166, 8188, 8175, 8189, 8172, 8162, 8164, 8117, 8134, 8147, 8152,0.3834986686706543
18, 8158, 8169, 8181, 8179, 8195, 8181, 8187, 8177, 8172, 8176, 8139, 8163, 8165, 8160,0.399019718170166
19, 8162, 8158, 8133, 8176, 8198, 8166, 8185, 8164, 8167, 8173, 8153, 8164, 8168, 8154,0.399019718170166
20, 8158, 8148, 8199, 8154, 8190, 8157, 8155, 8174, 8147, 8138, 8140, 8171, 8149, 8148,0.4150676727294922
21, 8157, 8156, 8135, 8177, 8193, 8161, 8166, 8171, 8173, 8161, 8152, 8169, 8165, 8148,0.4150676727294922
22, 8177, 8175, 8174, 8186, 8191, 8166, 8183, 8176, 8187, 8176, 8164, 8188, 8182, 8163,0.4311819076538086
23, 8171, 8181, 8195, 8178, 8193, 8176, 8185, 8177, 8181, 8164, 8158, 8196, 8183, 8166,0.4311819076538086
24, 8156, 8161, 8126, 8172, 8190, 8159, 8176, 8162, 8176, 8165, 8158, 8171, 8179, 8156,0.4473154544830322
25, 8170, 8169, 8201, 8155, 8171, 8149, 8157, 8169, 8157, 8160, 8162, 8180, 8166, 8160,0.4473154544830322
26, 8169, 8172, 8144, 8159, 8174, 8144, 8164, 8160, 8157, 8169, 8164, 8173, 8167, 8155,0.46289968490600586
27, 8158, 8158, 8152, 8144, 8181, 8143, 8159, 8159, 8142, 8153, 8146, 8160, 8156, 8141,0.46289968490600586
28, 8156, 8168, 8186, 8137, 8183, 8164, 8158, 8165, 8134, 8137, 8134, 8157, 8135, 8136,0.47821474075317383
29, 8152, 8173, 8125, 8156, 8187, 8163, 8165, 8159, 8144, 8148, 8138, 8143, 8129, 8132,0.47821474075317383
30, 8149, 8171, 8194, 8146, 8177, 8156, 8147, 8170, 8124, 8140, 8137, 8159, 8128, 8129,0.49336886405944824
31, 8137, 8163, 8143, 8147, 8176, 8155, 8150, 8159, 8117, 8143, 8145, 8150, 8133, 8121,0.49336886405944824
32, 8134, 8165, 8149, 8147, 8179, 8156, 8158, 8161, 8115, 8145, 8147, 8140, 8129, 8122,0.509319543838501
33, 8135, 8166, 8191, 8144, 8178, 8167, 8163, 8172, 8126, 8155, 8154, 8151, 8134, 8128,0.509319543838501
34, 8129, 8147, 8113, 8151, 8182, 8165, 8170, 8160, 8147, 8174, 8162, 8135, 8148, 8121,0.5244119167327881
35, 8135, 8165, 8186, 8153, 8187, 8169, 8151, 8170, 8131, 8157, 8146, 8144, 8143, 8124,0.5244119167327881
36, 8137, 8176, 8153, 8172, 8192, 8172, 8149, 8164, 8129, 8147, 8152, 8158, 8146, 8133,0.5404353141784668
37, 8129, 8150, 8132, 8149, 8181, 8160, 8148, 8163, 8131, 8146, 8159, 8154, 8139, 8133,0.5557830333709717
38, 8124, 8154, 8185, 8133, 8178, 8174, 8153, 8174, 8132, 8151, 8147, 8149, 8125, 8126,0.5557830333709717
39, 8133, 8167, 8129, 8175, 8190, 8177, 8164, 8155, 8150, 8161, 8148, 8135, 8134, 8122,0.5557830333709717
40, 8150, 8175, 8192, 8177, 8182, 8171, 8150, 8161, 8136, 8148, 8154, 8158, 8139, 8131,0.5714540481567383
41, 8145, 8172, 8156, 8167, 8181, 8179, 8161, 8166, 8133, 8163, 8160, 8163, 8142, 8136,0.5714540481567383
42, 8144, 8160, 8136, 8167, 8190, 8188, 8177, 8170, 8144, 8180, 8152, 8146, 8139, 8142,0.5874953269958496
43, 8153, 8167, 8202, 8169, 8187, 8198, 8172, 8176, 8147, 8180, 8149, 8160, 8139, 8149,0.5874953269958496
44, 8147, 8170, 8135, 8186, 8177, 8182, 8164, 8157, 8157, 8192, 8161, 8151, 8148, 8145,0.6034848690032959
45, 8150, 8176, 8195, 8190, 8166, 8179, 8158, 8172, 8146, 8181, 8157, 8155, 8140, 8155,0.6034848690032959
46, 8147, 8168, 8168, 8185, 8172, 8198, 8179, 8176, 8159, 8185, 8158, 8155, 8145, 8163,0.6190237998962402
47, 8131, 8141, 8116, 8152, 8169, 8188, 8180, 8162, 8162, 8185, 8147, 8134, 8139, 8145,0.6190237998962402
48, 8129, 8146, 8185, 8140, 8159, 8182, 8174, 8176, 8141, 8166, 8133, 8146, 8120, 8135,0.6343634128570557
49, 8140, 8158, 8127, 8170, 8164, 8179, 8188, 8171, 8162, 8186, 8152, 8149, 8134, 8148,0.6343634128570557
50, 8154, 8164, 8178, 8158, 8161, 8176, 8166, 8170, 8169, 8187, 8160, 8155, 8147, 8162,0.6504626274108887
51, 8146, 8163, 8169, 8160, 8158, 8177, 8163, 8167, 8176, 8185, 8159, 8152, 8146, 8151,0.6504626274108887
52, 8137, 8148, 8120, 8170, 8159, 8173, 8184, 8171, 8200, 8194, 8167, 8146, 8146, 8142,0.6660313606262207
53, 8147, 8157, 8194, 8144, 8158, 8183, 8183, 8184, 8209, 8199, 8173, 8168, 8152, 8154,0.6660313606262207
54, 8158, 8169, 8133, 8157, 8167, 8176, 8180, 8167, 8213, 8215, 8184, 8159, 8166, 8165,0.6811332702636719
55, 8164, 8176, 8173, 8169, 8163, 8159, 8162, 8170, 8195, 8191, 8178, 8162, 8164, 8167,0.6811332702636719
56, 8147, 8171, 8174, 8147, 8158, 8163, 8163, 8170, 8189, 8174, 8172, 8166, 8163, 8153,0.6963100433349609
57, 8138, 8153, 8116, 8122, 8160, 8162, 8175, 8159, 8186, 8178, 8170, 8145, 8156, 8134,0.6963100433349609
58, 8147, 8169, 8192, 8129, 8162, 8168, 8163, 8170, 8162, 8147, 8160, 8150, 8133, 8129,0.7124323844909668
59, 8131, 8168, 8131, 8174, 8167, 8163, 8159, 8161, 8159, 8126, 8152, 8129, 8120, 8118,0.7124323844909668
60, 8118, 8158, 8155, 8176, 8163, 8166, 8165, 8168, 8159, 8142, 8144, 8119, 8122, 8121,0.7300128936767578
61, 8120, 8169, 8169, 8171, 8164, 8200, 8193, 8176, 8187, 8191, 8152, 8131, 8144, 8143,0.7300128936767578
62, 8128, 8159, 8106, 8177, 8165, 8196, 8200, 8169, 8211, 8211, 8154, 8128, 8155, 8152,0.7431063652038574
63, 8137, 8153, 8179, 8164, 8153, 8176, 8170, 8183, 8197, 8186, 8151, 8146, 8152, 8160,0.7431063652038574
64, 8134, 8154, 8123, 8165, 8156, 8172, 8174, 8170, 8208, 8198, 8172, 8144, 8167, 8159,0.7596902847290039
65, 8136, 8152, 8134, 8150, 8157, 8164, 8169, 8166, 8197, 8189, 8168, 8142, 8161, 8149,0.7596902847290039
66, 8137, 8152, 8168, 8138, 8149, 8161, 8149, 8168, 8169, 8159, 8155, 8148, 8142, 8142,0.7763316631317139
67, 8138, 8145, 8106, 8142, 8149, 8153, 8142, 8153, 8168, 8158, 8169, 8141, 8141, 8131,0.7763316631317139
68, 8157, 8168, 8186, 8136, 8156, 8160, 8131, 8168, 8162, 8152, 8179, 8164, 8139, 8128,0.7894763946533203
69, 8161, 8180, 8147, 8162, 8167, 8158, 8143, 8165, 8172, 8163, 8180, 8162, 8143, 8127,0.8050973415374756
70, 8161, 8175, 8151, 8169, 8166, 8146, 8142, 8162, 8163, 8169, 8178, 8154, 8140, 8126,0.8050973415374756
71, 8162, 8186, 8195, 8158, 8165, 8158, 8134, 8169, 8145, 8172, 8186, 8161, 8135, 8126,0.8228788375854492
72, 8145, 8174, 8118, 8162, 8170, 8154, 8139, 8155, 8149, 8179, 8181, 8131, 8137, 8123,0.8228788375854492
73, 8130, 8160, 8177, 8159, 8162, 8161, 8138, 8166, 8143, 8172, 8156, 8122, 8134, 8131,0.8228788375854492
74, 8124, 8153, 8136, 8168, 8166, 8181, 8162, 8165, 8166, 8201, 8167, 8124, 8145, 8139,0.8380417823791504
75, 8133, 8149, 8125, 8152, 8169, 8176, 8171, 8164, 8191, 8214, 8175, 8126, 8157, 8150,0.8525149822235107
76, 8143, 8161, 8182, 8139, 8161, 8180, 8165, 8175, 8205, 8202, 8166, 8138, 8164, 8154,0.8525149822235107
77, 8146, 8157, 8113, 8157, 8159, 8173, 8168, 8165, 8209, 8205, 8179, 8130, 8169, 8139,0.8675901889801025
78, 8158, 8161, 8185, 8145, 8153, 8152, 8147, 8171, 8167, 8181, 8186, 8148, 8150, 8132,0.8675901889801025
79, 8155, 8172, 8163, 8152, 8160, 8143, 8136, 8162, 8152, 8170, 8196, 8160, 8155, 8133,0.8830244541168213
80, 8159, 8174, 8136, 8164, 8170, 8147, 8132, 8160, 8160, 8165, 8207, 8160, 8175, 8142,0.8830244541168213
81, 8168, 8182, 8203, 8158, 8171, 8161, 8139, 8176, 8161, 8161, 8206, 8170, 8175, 8151,0.899003267288208
82, 8154, 8167, 8136, 8159, 8166, 8150, 8152, 8165, 8159, 8178, 8194, 8139, 8163, 8138,0.899003267288208
83, 8138, 8156, 8182, 8150, 8155, 8154, 8139, 8170, 8138, 8173, 8170, 8127, 8144, 8124,0.9145212173461914
84, 8132, 8163, 8156, 8170, 8166, 8183, 8160, 8173, 8152, 8184, 8173, 8125, 8153, 8128,0.9145212173461914
85, 8137, 8159, 8119, 8179, 8172, 8186, 8192, 8173, 8173, 8207, 8181, 8113, 8168, 8144,0.9305047988891602
86, 8142, 8158, 8192, 8149, 8160, 8179, 8183, 8174, 8169, 8210, 8172, 8123, 8166, 8151,0.9305047988891602
87, 8143, 8152, 8127, 8149, 8166, 8164, 8171, 8151, 8183, 8216, 8168, 8114, 8168, 8148,0.9460084438323975
88, 8168, 8165, 8180, 8160, 8168, 8167, 8163, 8167, 8187, 8211, 8164, 8130, 8165, 8159,0.9460084438323975
89, 8175, 8172, 8174, 8159, 8162, 8184, 8171, 8176, 8195, 8210, 8168, 8142, 8172, 8159,0.9612631797790527
90, 8152, 8150, 8112, 8131, 8153, 8163, 8157, 8158, 8191, 8187, 8161, 8123, 8163, 8135,0.9612631797790527
91, 8140, 8156, 8177, 8116, 8143, 8150, 8123, 8166, 8168, 8154, 8155, 8131, 8144, 8123,0.9774119853973389
92, 8153, 8170, 8137, 8157, 8156, 8157, 8135, 8164, 8181, 8180, 8190, 8145, 8168, 8134,0.9774119853973389
93, 8176, 8183, 8188, 8172, 8178, 8161, 8142, 8168, 8186, 8197, 8215, 8172, 8191, 8154,0.9930393695831299
94, 8170, 8192, 8186, 8178, 8190, 8167, 8140, 8169, 8183, 8193, 8206, 8169, 8183, 8148,0.9930393695831299
95, 8157, 8187, 8137, 8194, 8190, 8169, 8149, 8168, 8178, 8196, 8197, 8138, 8171, 8134,1.0083708763122559
96, 8161, 8200, 8212, 8195, 8190, 8185, 8163, 8179, 8160, 8192, 8192, 8152, 8169, 8149,1.0083708763122559
97, 8155, 8189, 8138, 8203, 8197, 8187, 8185, 8163, 8167, 8204, 8187, 8147, 8176, 8162,1.023679256439209
98, 8158, 8166, 8166, 8180, 8181, 8181, 8176, 8173, 8169, 8202, 8176, 8145, 8177, 8172,1.023679256439209
99, 8172, 8171, 8200, 8169, 8170, 8184, 8172, 8180, 8175, 8202, 8182, 8162, 8186, 8184,1.0388786792755127
100, 8176, 8169, 8134, 8177, 8173, 8156, 8162, 8160, 8177, 8192, 8186, 8156, 8185, 8169,1.0388786792755127
101, 8175, 8177, 8200, 8161, 8167, 8153, 8129, 8170, 8151, 8161, 8184, 8169, 8169, 8157,1.0540149211883545
102, 8174, 8181, 8147, 8162, 8172, 8165, 8133, 8166, 8148, 8167, 8208, 8173, 8175, 8160,1.0540149211883545
103, 8177, 8180, 8167, 8155, 8174, 8148, 8131, 8167, 8128, 8158, 8205, 8172, 8168, 8156,1.070002794265747
104, 8163, 8189, 8204, 8163, 8178, 8156, 8133, 8177, 8117, 8136, 8186, 8164, 8150, 8140,1.070002794265747
105, 8151, 8179, 8122, 8179, 8195, 8173, 8158, 8167, 8140, 8138, 8176, 8134, 8145, 8132,1.085474967956543
106, 8152, 8172, 8186, 8163, 8190, 8181, 8160, 8171, 8133, 8139, 8159, 8134, 8139, 8136,1.085474967956543
107, 8135, 8164, 8145, 8170, 8175, 8179, 8166, 8159, 8134, 8162, 8160, 8124, 8140, 8127,1.1015002727508545
108, 8131, 8161, 8141, 8174, 8168, 8178, 8169, 8161, 8149, 8176, 8168, 8119, 8146, 8131,1.1015002727508545
109, 8141, 8165, 8182, 8169, 8171, 8192, 8176, 8173, 8166, 8181, 8174, 8134, 8159, 8142,1.1175315380096436
110, 8138, 8147, 8110, 8170, 8169, 8187, 8187, 8159, 8175, 8201, 8182, 8126, 8171, 8140,1.1175315380096436
111, 8148, 8156, 8182, 8160, 8161, 8184, 8180, 8173, 8161, 8202, 8184, 8147, 8172, 8151,1.1330523490905762
112, 8160, 8167, 8154, 8175, 8168, 8179, 8179, 8173, 8174, 8207, 8194, 8159, 8186, 8161,1.1330523490905762
113, 8163, 8157, 8144, 8176, 8163, 8160, 8157, 8169, 8176, 8195, 8196, 8156, 8184, 8153,1.1531383991241455
114, 8164, 8168, 8201, 8163, 8157, 8165, 8148, 8177, 8166, 8181, 8199, 8181, 8178, 8145,1.1531383991241455
115, 8164, 8172, 8136, 8170, 8170, 8165, 8167, 8165, 8171, 8189, 8211, 8182, 8186, 8142,1.1651780605316162
116, 8175, 8176, 8200, 8163, 8168, 8158, 8144, 8175, 8155, 8177, 8206, 8187, 8176, 8149,1.1651780605316162
117, 8177, 8186, 8171, 8175, 8162, 8162, 8130, 8175, 8164, 8187, 8210, 8181, 8173, 8147,1.1804587841033936
118, 8177, 8181, 8153, 8186, 8162, 8156, 8139, 8169, 8170, 8190, 8210, 8169, 8175, 8136,1.1804587841033936
119, 8184, 8188, 8224, 8193, 8170, 8161, 8145, 8170, 8156, 8178, 8201, 8181, 8175, 8138,1.1958041191101074
120, 8174, 8190, 8138, 8206, 8178, 8169, 8158, 8163, 8177, 8197, 8199, 8160, 8178, 8143,1.1958041191101074
121, 8161, 8182, 8175, 8185, 8165, 8182, 8156, 8183, 8179, 8193, 8181, 8147, 8163, 8139,1.211787462234497
122, 8157, 8170, 8170, 8191, 8166, 8187, 8168, 8174, 8179, 8191, 8169, 8142, 8159, 8133,1.211787462234497
123, 8165, 8167, 8137, 8202, 8172, 8173, 8180, 8159, 8187, 8201, 8169, 8145, 8167, 8142,1.2273192405700684
124, 8167, 8177, 8190, 8182, 8166, 8182, 8182, 8177, 8187, 8197, 8172, 8163, 8168, 8152,1.2273192405700684
125, 8160, 8162, 8116, 8183, 8171, 8182, 8193, 8165, 8196, 8201, 8174, 8143, 8170, 8141,1.2433507442474365
126, 8166, 8163, 8168, 8182, 8165, 8173, 8182, 8163, 8186, 8185, 8158, 8146, 8163, 8135,1.2433507442474365
127, 8162, 8171, 8164, 8182, 8154, 8173, 8175, 8171, 8190, 8173, 8159, 8155, 8160, 8133,1.2582526206970215
236, 8167, 8158, 8120, 8175, 8149, 8158, 8161, 8171, 8188, 8162, 8173, 8151, 8165, 8130,1.2582526206970215
0, 8191, 8181, 8209, 8190, 8153, 8153, 8141, 8180, 8167, 8145, 8188, 8185, 8170, 8137,1.274024248123169
1, 8197, 8207, 8158, 8257, 8172, 8147, 8152, 8166, 8172, 8151, 8214, 8202, 8181, 8136,1.274024248123169
2, 8200, 8207, 8198, 8280, 8171, 8149, 8147, 8172, 8161, 8142, 8214, 8211, 8170, 8138,1.289431095123291
3, 8202, 8206, 8217, 8291, 8163, 8170, 8150, 8179, 8157, 8151, 8216, 8221, 8168, 8148,1.289431095123291
4, 8202, 8198, 8165, 8319, 8166, 8167, 8155, 8165, 8162, 8163, 8223, 8214, 8173, 8152,1.305044174194336
5, 8204, 8201, 8232, 8316, 8157, 8170, 8140, 8167, 8147, 8149, 8211, 8223, 8163, 8159,1.305044174194336
6, 8192, 8187, 8166, 8309, 8138, 8169, 8143, 8156, 8154, 8169, 8217, 8213, 8169, 8156,1.3205978870391846
7, 8196, 8179, 8196, 8293, 8127, 8154, 8134, 8163, 8153, 8161, 8218, 8214, 8177, 8159,1.3205978870391846
8, 8215, 8199, 8224, 8288, 8144, 8160, 8135, 8172, 8161, 8146, 8218, 8228, 8187, 8169,1.3363823890686035
9, 8224, 8210, 8160, 8293, 8160, 8155, 8146, 8163, 8180, 8169, 8233, 8224, 8200, 8170,1.3363823890686035
10, 8229, 8219, 8234, 8280, 8156, 8152, 8137, 8172, 8161, 8161, 8239, 8239, 8196, 8165,1.35201096534729
11, 8218, 8207, 8171, 8273, 8162, 8158, 8138, 8161, 8153, 8151, 8236, 8219, 8192, 8156,1.35201096534729
12, 8202, 8195, 8170, 8254, 8168, 8166, 8134, 8167, 8157, 8155, 8205, 8188, 8177, 8153,1.3670761585235596
13, 8189, 8201, 8200, 8254, 8176, 8180, 8144, 8177, 8163, 8173, 8182, 8178, 8168, 8150,1.3670761585235596
14, 8192, 8186, 8130, 8256, 8181, 8174, 8163, 8162, 8179, 8190, 8190, 8168, 8182, 8149,1.3826425075531006
15, 8207, 8184, 8194, 8220, 8166, 8172, 8157, 8169, 8189, 8190, 8196, 8192, 8196, 8167,1.3826425075531006
16, 8203, 8187, 8143, 8208, 8161, 8169, 8159, 8160, 8202, 8198, 8193, 8191, 8205, 8169,1.3983774185180664
17, 8209, 8187, 8147, 8201, 8161, 8153, 8142, 8158, 8176, 8168, 8190, 8187, 8195, 8160,1.3983774185180664
18, 8218, 8198, 8203, 8195, 8163, 8159, 8135, 8171, 8160, 8156, 8207, 8207, 8194, 8164,1.4141550064086914
19, 8207, 8193, 8135, 8203, 8173, 8160, 8155, 8165, 8186, 8194, 8219, 8191, 8200, 8164,1.4141550064086914
20, 8196, 8185, 8190, 8187, 8168, 8168, 8148, 8173, 8177, 8180, 8198, 8185, 8176, 8151,1.4304354190826416
21, 8182, 8173, 8141, 8186, 8165, 8174, 8154, 8164, 8178, 8166, 8192, 8175, 8176, 8141,1.4304354190826416
22, 8171, 8163, 8125, 8184, 8164, 8165, 8164, 8163, 8180, 8174, 8185, 8160, 8185, 8149,1.4448041915893555
23, 8164, 8175, 8179, 8176, 8164, 8182, 8164, 8174, 8163, 8169, 8163, 8154, 8177, 8150,1.4606890678405762
24, 8160, 8162, 8100, 8176, 8164, 8184, 8170, 8159, 8168, 8173, 8158, 8136, 8179, 8141,1.4606890678405762
25, 8166, 8150, 8163, 8155, 8158, 8178, 8165, 8169, 8168, 8177, 8154, 8148, 8173, 8145,1.4606890678405762
26, 8161, 8154, 8145, 8160, 8166, 8191, 8183, 8173, 8186, 8191, 8154, 8145, 8174, 8143,1.4752237796783447
27, 8157, 8150, 8114, 8157, 8168, 8192, 8196, 8173, 8207, 8189, 8147, 8128, 8179, 8143,1.4904468059539795
28, 8155, 8143, 8165, 8128, 8150, 8184, 8192, 8181, 8201, 8174, 8132, 8128, 8173, 8147,1.4904468059539795
29, 8147, 8127, 8092, 8126, 8147, 8164, 8191, 8162, 8194, 8173, 8131, 8110, 8170, 8134,1.5091657638549805
30, 8165, 8140, 8154, 8128, 8155, 8166, 8167, 8171, 8185, 8173, 8138, 8131, 8176, 8140,1.5091657638549805
31, 8178, 8161, 8158, 8145, 8164, 8178, 8164, 8174, 8197, 8193, 8159, 8149, 8186, 8157,1.5241940021514893
32, 8181, 8161, 8135, 8148, 8166, 8162, 8169, 8169, 8198, 8184, 8166, 8140, 8178, 8155,1.5241940021514893
33, 8195, 8178, 8200, 8135, 8169, 8163, 8162, 8178, 8188, 8160, 8172, 8167, 8182, 8149,1.5390303134918213
34, 8203, 8180, 8133, 8153, 8173, 8163, 8166, 8163, 8198, 8182, 8188, 8172, 8197, 8145,1.5400207042694092
35, 8204, 8177, 8191, 8149, 8162, 8156, 8160, 8173, 8177, 8171, 8178, 8171, 8185, 8146,1.5400207042694092
36, 8196, 8181, 8187, 8149, 8169, 8166, 8160, 8179, 8170, 8152, 8178, 8174, 8192, 8147,1.5556237697601318
37, 8192, 8177, 8132, 8165, 8180, 8163, 8154, 8169, 8177, 8165, 8185, 8159, 8202, 8142,1.5556237697601318
38, 8191, 8193, 8207, 8175, 8182, 8175, 8150, 8180, 8172, 8189, 8176, 8163, 8190, 8148,1.5722770690917969
39, 8186, 8192, 8140, 8192, 8197, 8190, 8178, 8174, 8197, 8223, 8182, 8162, 8205, 8154,1.5722770690917969
40, 8190, 8179, 8169, 8176, 8192, 8192, 8177, 8180, 8206, 8223, 8186, 8169, 8216, 8160,1.5854296684265137
41, 8178, 8177, 8180, 8171, 8185, 8198, 8177, 8182, 8211, 8219, 8170, 8156, 8199, 8157,1.6020042896270752
42, 8161, 8158, 8110, 8169, 8190, 8191, 8187, 8165, 8210, 8224, 8147, 8123, 8182, 8143,1.6020042896270752
43, 8163, 8152, 8178, 8134, 8178, 8185, 8178, 8171, 8179, 8207, 8148, 8136, 8176, 8140,1.6020042896270752
44, 8159, 8150, 8129, 8134, 8168, 8171, 8184, 8164, 8187, 8206, 8169, 8136, 8179, 8140,1.617546796798706
45, 8165, 8155, 8154, 8138, 8174, 8159, 8180, 8169, 8196, 8199, 8167, 8136, 8175, 8143,1.6331381797790527
46, 8182, 8170, 8180, 8140, 8185, 8172, 8175, 8174, 8205, 8206, 8175, 8157, 8185, 8156,1.6331381797790527
47, 8191, 8167, 8126, 8153, 8186, 8170, 8176, 8161, 8214, 8216, 8193, 8161, 8199, 8160,1.6487669944763184
48, 8194, 8181, 8205, 8154, 8176, 8168, 8162, 8167, 8195, 8192, 8185, 8173, 8187, 8155,1.6487669944763184
49, 8194, 8190, 8149, 8166, 8180, 8168, 8178, 8165, 8210, 8201, 8195, 8165, 8194, 8154,1.6656606197357178
50, 8203, 8191, 8166, 8163, 8186, 8170, 8182, 8177, 8220, 8215, 8210, 8174, 8202, 8163,1.6656606197357178
51, 8205, 8201, 8213, 8165, 8193, 8179, 8166, 8175, 8192, 8207, 8210, 8189, 8192, 8159,1.679382085800171
52, 8199, 8195, 8138, 8180, 8198, 8165, 8156, 8148, 8155, 8191, 8205, 8170, 8183, 8146,1.679382085800171
53, 8204, 8203, 8208, 8182, 8194, 8170, 8154, 8164, 8139, 8167, 8195, 8189, 8176, 8155,1.6951215267181396
54, 8197, 8204, 8173, 8198, 8205, 8181, 8177, 8164, 8172, 8193, 8200, 8189, 8185, 8161,1.6951215267181396
55, 8184, 8191, 8167, 8194, 8200, 8170, 8169, 8160, 8166, 8203, 8186, 8164, 8179, 8156,1.710007667541504
56, 8179, 8193, 8204, 8197, 8189, 8181, 8159, 8174, 8153, 8197, 8164, 8168, 8169, 8159,1.710007667541504
57, 8179, 8174, 8134, 8209, 8195, 8192, 8181, 8170, 8183, 8227, 8167, 8161, 8180, 8162,1.7254395484924316
58, 8187, 8160, 8192, 8170, 8183, 8185, 8175, 8171, 8186, 8223, 8165, 8166, 8185, 8164,1.7254395484924316
59, 8183, 8162, 8145, 8161, 8174, 8171, 8173, 8161, 8192, 8206, 8170, 8171, 8194, 8156,1.741410732269287
60, 8190, 8174, 8146, 8175, 8182, 8156, 8173, 8170, 8206, 8202, 8183, 8188, 8201, 8154,1.741410732269287
61, 8202, 8188, 8216, 8174, 8190, 8162, 8170, 8183, 8206, 8209, 8197, 8213, 8206, 8157,1.757460355758667
62, 8193, 8180, 8132, 8181, 8190, 8155, 8165, 8161, 8197, 8211, 8198, 8192, 8209, 8142,1.757460355758667
63, 8182, 8185, 8190, 8173, 8181, 8151, 8141, 8163, 8160, 8182, 8180, 8183, 8192, 8131,1.7732343673706055
64, 8176, 8188, 8173, 8183, 8188, 8159, 8148, 8163, 8144, 8177, 8183, 8177, 8183, 8129,1.7732343673706055
65, 8180, 8172, 8144, 8188, 8187, 8155, 8156, 8166, 8142, 8182, 8187, 8169, 8181, 8131,1.7882578372955322
66, 8174, 8170, 8199, 8176, 8173, 8162, 8154, 8177, 8140, 8179, 8176, 8179, 8176, 8134,1.7882578372955322
67, 8167, 8164, 8126, 8192, 8179, 8169, 8175, 8162, 8156, 8184, 8167, 8161, 8176, 8134,1.804208517074585
68, 8183, 8165, 8182, 8198, 8188, 8181, 8186, 8173, 8158, 8175, 8149, 8163, 8171, 8147,1.804208517074585
69, 8184, 8164, 8166, 8199, 8188, 8190, 8197, 8176, 8172, 8198, 8147, 8166, 8178, 8153,1.8196310997009277
70, 8167, 8148, 8123, 8184, 8182, 8186, 8196, 8166, 8175, 8207, 8142, 8153, 8172, 8146,1.8196310997009277
71, 8166, 8152, 8188, 8174, 8178, 8198, 8186, 8176, 8154, 8174, 8125, 8151, 8150, 8144,1.8356332778930664
72, 8167, 8154, 8123, 8194, 8175, 8176, 8185, 8165, 8155, 8181, 8125, 8134, 8154, 8138,1.8356332778930664
73, 8171, 8152, 8173, 8176, 8160, 8145, 8163, 8172, 8155, 8191, 8129, 8147, 8165, 8140,1.85174560546875
74, 8173, 8146, 8165, 8153, 8157, 8151, 8161, 8173, 8171, 8189, 8142, 8161, 8174, 8141,1.85174560546875
75, 8172, 8137, 8110, 8142, 8156, 8149, 8160, 8164, 8173, 8180, 8146, 8148, 8171, 8132,1.8674709796905518
76, 8174, 8160, 8184, 8140, 8152, 8155, 8143, 8174, 8151, 8160, 8146, 8162, 8164, 8123,1.8674709796905518
77, 8172, 8164, 8120, 8168, 8163, 8161, 8154, 8163, 8159, 8175, 8168, 8156, 8171, 8113,1.8822040557861328
78, 8183, 8163, 8164, 8163, 8164, 8157, 8154, 8173, 8147, 8182, 8181, 8158, 8169, 8116,1.8822040557861328
79, 8192, 8187, 8197, 8166, 8172, 8162, 8153, 8179, 8140, 8181, 8186, 8178, 8171, 8129,1.8983948230743408
80, 8202, 8196, 8151, 8194, 8188, 8158, 8150, 8163, 8147, 8176, 8189, 8180, 8179, 8139,1.8983948230743408
81, 8209, 8193, 8222, 8193, 8186, 8165, 8142, 8171, 8121, 8157, 8177, 8185, 8170, 8147,1.9134204387664795
82, 8183, 8172, 8145, 8190, 8180, 8169, 8164, 8162, 8120, 8164, 8161, 8156, 8163, 8133,1.9134204387664795
83, 8166, 8160, 8151, 8177, 8171, 8170, 8168, 8164, 8131, 8159, 8139, 8143, 8148, 8126,1.9290318489074707
84, 8171, 8169, 8180, 8179, 8175, 8184, 8167, 8173, 8141, 8162, 8137, 8158, 8148, 8136,1.9290318489074707
85, 8182, 8166, 8129, 8187, 8188, 8182, 8179, 8168, 8156, 8192, 8152, 8156, 8172, 8148,1.9441661834716797
86, 8197, 8179, 8206, 8180, 8178, 8190, 8186, 8178, 8163, 8199, 8155, 8173, 8181, 8161,1.9441661834716797
87, 8192, 8178, 8149, 8185, 8175, 8199, 8200, 8169, 8183, 8199, 8158, 8167, 8178, 8159,1.9600512981414795
88, 8187, 8162, 8151, 8158, 8174, 8184, 8185, 8173, 8180, 8185, 8153, 8166, 8173, 8153,1.9600512981414795
89, 8192, 8170, 8185, 8156, 8170, 8177, 8178, 8176, 8176, 8199, 8161, 8181, 8185, 8160,1.9751527309417725
90, 8190, 8166, 8120, 8174, 8165, 8161, 8186, 8160, 8176, 8204, 8168, 8166, 8192, 8162,1.9751527309417725
91, 8187, 8162, 8189, 8149, 8155, 8156, 8168, 8172, 8148, 8153, 8145, 8168, 8167, 8153,1.9910428524017334
92, 8177, 8168, 8141, 8154, 8163, 8163, 8164, 8166, 8146, 8145, 8143, 8162, 8161, 8136,1.9910428524017334
93, 8177, 8169, 8137, 8151, 8167, 8156, 8158, 8170, 8152, 8158, 8152, 8157, 8159, 8134,2.0130248069763184
94, 8179, 8172, 8187, 8131, 8166, 8154, 8151, 8185, 8154, 8151, 8148, 8165, 8145, 8133,2.0140247344970703
95, 8173, 8169, 8124, 8147, 8172, 8154, 8156, 8169, 8162, 8151, 8142, 8148, 8140, 8118,2.0140247344970703
96, 8179, 8184, 8198, 8151, 8169, 8166, 8140, 8175, 8152, 8152, 8138, 8159, 8139, 8119,2.021433115005493
97, 8185, 8191, 8167, 8156, 8175, 8171, 8152, 8173, 8173, 8179, 8156, 8169, 8158, 8134,2.0372064113616943
98, 8186, 8181, 8149, 8168, 8187, 8166, 8170, 8166, 8174, 8182, 8160, 8162, 8161, 8138,2.0372064113616943
99, 8175, 8180, 8199, 8168, 8188, 8183, 8167, 8173, 8140, 8159, 8132, 8154, 8142, 8123,2.053187608718872
100, 8159, 8162, 8119, 8164, 8179, 8176, 8164, 8162, 8134, 8163, 8106, 8121, 8134, 8105,2.053187608718872
101, 8168, 8163, 8182, 8156, 8175, 8173, 8159, 8168, 8135, 8168, 8103, 8130, 8138, 8125,2.068218469619751
102, 8165, 8166, 8159, 8166, 8184, 8190, 8172, 8166, 8154, 8188, 8123, 8138, 8151, 8139,2.068218469619751
103, 8150, 8143, 8120, 8146, 8168, 8182, 8164, 8165, 8151, 8184, 8112, 8115, 8141, 8117,2.0835936069488525
104, 8154, 8145, 8177, 8129, 8156, 8181, 8153, 8177, 8138, 8168, 8100, 8122, 8135, 8114,2.0835936069488525
105, 8163, 8146, 8108, 8146, 8173, 8172, 8173, 8165, 8166, 8187, 8119, 8123, 8153, 8135,2.099794864654541
106, 8163, 8135, 8160, 8120, 8158, 8153, 8163, 8168, 8152, 8169, 8101, 8125, 8139, 8134,2.099794864654541
107, 8146, 8124, 8145, 8100, 8139, 8150, 8143, 8162, 8121, 8144, 8081, 8114, 8121, 8107,2.114616632461548
108, 8143, 8122, 8108, 8099, 8142, 8147, 8129, 8152, 8118, 8138, 8093, 8107, 8125, 8096,2.131472587585449
109, 8155, 8149, 8178, 8088, 8144, 8153, 8120, 8165, 8126, 8132, 8107, 8134, 8132, 8109,2.131472587585449
110, 8157, 8157, 8111, 8101, 8150, 8155, 8130, 8155, 8138, 8143, 8121, 8134, 8134, 8104,2.131472587585449
111, 8160, 8158, 8163, 8106, 8155, 8154, 8124, 8164, 8129, 8136, 8120, 8137, 8123, 8098,2.1460418701171875
112, 8148, 8161, 8165, 8110, 8162, 8166, 8137, 8172, 8143, 8137, 8115, 8127, 8121, 8094,2.1460418701171875
113, 8139, 8148, 8117, 8114, 8165, 8169, 8159, 8165, 8157, 8151, 8113, 8109, 8120, 8094,2.1600513458251953
114, 8145, 8155, 8195, 8121, 8168, 8182, 8156, 8177, 8146, 8158, 8115, 8135, 8114, 8110,2.1752099990844727
115, 8145, 8161, 8129, 8152, 8179, 8181, 8160, 8169, 8150, 8178, 8128, 8132, 8125, 8114,2.1752099990844727
116, 8148, 8161, 8157, 8147, 8172, 8170, 8155, 8171, 8139, 8167, 8116, 8123, 8124, 8108,2.190706729888916
117, 8151, 8162, 8178, 8138, 8172, 8187, 8164, 8170, 8147, 8164, 8106, 8129, 8119, 8111,2.190706729888916
118, 8155, 8154, 8128, 8145, 8177, 8194, 8175, 8162, 8174, 8187, 8114, 8121, 8130, 8124,2.20634126663208
119, 8160, 8165, 8197, 8139, 8169, 8199, 8166, 8182, 8176, 8190, 8116, 8134, 8138, 8135,2.20634126663208
120, 8155, 8162, 8141, 8151, 8172, 8193, 8177, 8172, 8187, 8197, 8123, 8130, 8142, 8130,2.2213551998138428
121, 8161, 8154, 8168, 8151, 8166, 8180, 8168, 8172, 8173, 8190, 8124, 8137, 8133, 8129,2.2213551998138428
122, 8164, 8161, 8186, 8154, 8157, 8178, 8157, 8177, 8151, 8187, 8127, 8150, 8132, 8130,2.237657308578491
123, 8156, 8147, 8114, 8143, 8158, 8165, 8155, 8160, 8150, 8189, 8127, 8131, 8136, 8122,2.237657308578491
124, 8150, 8140, 8183, 8104, 8148, 8167, 8142, 8163, 8143, 8166, 8112, 8130, 8123, 8114,2.252885580062866
125, 8138, 8133, 8121, 8104, 8144, 8171, 8150, 8155, 8152, 8163, 8111, 8117, 8121, 8099,2.252885580062866
126, 8137, 8126, 8127, 8094, 8145, 8162, 8145, 8162, 8153, 8151, 8109, 8117, 8122, 8098,2.2684178352355957
127, 8140, 8138, 8175, 8090, 8142, 8175, 8135, 8174, 8157, 8153, 8109, 8136, 8125, 8100,2.2684178352355957
236, 8143, 8143, 8112, 8122, 8143, 8174, 8136, 8161, 8166, 8172, 8118, 8131, 8128, 8093,2.284008741378784
0, 8156, 8155, 8189, 8126, 8149, 8166, 8130, 8168, 8150, 8152, 8117, 8150, 8121, 8104,2.284008741378784
1, 8160, 8150, 8154, 8133, 8159, 8157, 8135, 8163, 8157, 8158, 8126, 8154, 8133, 8114,2.299494981765747
2, 8159, 8142, 8149, 8135, 8151, 8148, 8125, 8164, 8154, 8168, 8135, 8150, 8139, 8112,2.299494981765747
3, 8158, 8154, 8189, 8132, 8141, 8155, 8137, 8174, 8145, 8157, 8140, 8160, 8141, 8113,2.3154149055480957
4, 8160, 8152, 8118, 8132, 8147, 8148, 8166, 8161, 8156, 8155, 8143, 8145, 8151, 8113,2.3154149055480957
5, 8170, 8160, 8191, 8120, 8148, 8152, 8144, 8164, 8144, 8142, 8135, 8152, 8141, 8111,2.330993175506592
6, 8169, 8170, 8159, 8145, 8153, 8163, 8133, 8156, 8147, 8145, 8142, 8154, 8139, 8105,2.330993175506592
7, 8170, 8168, 8142, 8158, 8155, 8153, 8141, 8163, 8150, 8149, 8151, 8151, 8151, 8113,2.346444845199585
8, 8173, 8176, 8198, 8151, 8154, 8158, 8148, 8181, 8142, 8145, 8158, 8168, 8152, 8121,2.346444845199585
9, 8165, 8171, 8125, 8158, 8153, 8155, 8156, 8162, 8146, 8149, 8159, 8153, 8140, 8110,2.3619918823242188
10, 8172, 8178, 8188, 8155, 8147, 8158, 8142, 8165, 8134, 8140, 8149, 8158, 8129, 8116,2.3619918823242188
11, 8170, 8180, 8172, 8167, 8161, 8172, 8147, 8169, 8139, 8155, 8163, 8166, 8142, 8128,2.3775227069854736
12, 8155, 8160, 8144, 8168, 8167, 8165, 8149, 8166, 8135, 8150, 8164, 8151, 8137, 8120,2.3775227069854736
13, 8149, 8162, 8193, 8154, 8149, 8169, 8140, 8166, 8108, 8124, 8138, 8150, 8115, 8111,2.3929977416992188
14, 8142, 8154, 8107, 8162, 8148, 8175, 8147, 8149, 8108, 8137, 8131, 8129, 8115, 8106,2.3929977416992188
15, 8141, 8143, 8163, 8154, 8157, 8179, 8139, 8165, 8116, 8146, 8126, 8125, 8112, 8103,2.4084036350250244
16, 8132, 8144, 8165, 8152, 8159, 8183, 8144, 8169, 8140, 8159, 8124, 8121, 8108, 8097,2.4084036350250244
17, 8135, 8143, 8123, 8154, 8154, 8171, 8153, 8162, 8152, 8173, 8126, 8114, 8119, 8103,2.424001693725586
18, 8157, 8153, 8192, 8156, 8154, 8177, 8153, 8177, 8154, 8173, 8138, 8144, 8135, 8127,2.424001693725586
19, 8162, 8152, 8131, 8172, 8164, 8176, 8158, 8166, 8179, 8184, 8160, 8150, 8155, 8132,2.4401097297668457
20, 8157, 8152, 8171, 8146, 8153, 8163, 8133, 8169, 8165, 8176, 8154, 8158, 8153, 8130,2.4401097297668457
21, 8150, 8155, 8172, 8134, 8148, 8156, 8126, 8170, 8155, 8173, 8150, 8158, 8149, 8126,2.456023931503296
22, 8149, 8150, 8127, 8151, 8155, 8147, 8135, 8160, 8160, 8167, 8152, 8141, 8148, 8111,2.456023931503296
23, 8151, 8164, 8195, 8147, 8158, 8167, 8134, 8172, 8139, 8149, 8151, 8157, 8135, 8104,2.4713239669799805
24, 8147, 8170, 8131, 8165, 8171, 8179, 8154, 8168, 8144, 8163, 8163, 8156, 8135, 8109,2.4713239669799805
25, 8154, 8165, 8168, 8171, 8165, 8170, 8156, 8178, 8155, 8167, 8148, 8150, 8137, 8131,2.487375020980835
26, 8156, 8159, 8173, 8163, 8152, 8177, 8159, 8177, 8171, 8182, 8133, 8148, 8151, 8143,2.487375020980835
27, 8158, 8151, 8114, 8148, 8153, 8174, 8163, 8165, 8183, 8209, 8157, 8153, 8162, 8143,2.503474712371826
28, 8176, 8172, 8203, 8145, 8162, 8176, 8159, 8179, 8173, 8192, 8178, 8184, 8157, 8147,2.503474712371826
29, 8188, 8183, 8156, 8179, 8169, 8181, 8173, 8168, 8175, 8178, 8175, 8177, 8161, 8142,2.5189995765686035
30, 8196, 8187, 8182, 8185, 8170, 8185, 8173, 8172, 8169, 8171, 8165, 8176, 8158, 8141,2.5189995765686035
31, 8179, 8192, 8200, 8193, 8183, 8203, 8184, 8179, 8178, 8185, 8178, 8185, 8160, 8143,2.534501552581787
32, 8156, 8168, 8119, 8199, 8179, 8198, 8196, 8167, 8197, 8200, 8173, 8157, 8165, 8143,2.534501552581787
33, 8164, 8162, 8194, 8172, 8160, 8192, 8174, 8175, 8186, 8188, 8141, 8160, 8162, 8148,2.549889326095581
34, 8174, 8167, 8151, 8175, 8172, 8187, 8180, 8166, 8196, 8200, 8150, 8169, 8176, 8147,2.549889326095581
35, 8176, 8164, 8153, 8167, 8167, 8170, 8181, 8169, 8191, 8192, 8166, 8174, 8180, 8144,2.565667152404785
36, 8167, 8163, 8188, 8143, 8143, 8166, 8165, 8178, 8171, 8165, 8163, 8181, 8166, 8139,2.565667152404785
37, 8155, 8150, 8116, 8143, 8150, 8158, 8160, 8159, 8164, 8161, 8163, 8164, 8156, 8123,2.5811944007873535
38, 8160, 8160, 8187, 8148, 8158, 8167, 8150, 8165, 8150, 8154, 8158, 8173, 8146, 8120,2.5811944007873535
39, 8163, 8171, 8154, 8176, 8167, 8181, 8156, 8167, 8163, 8162, 8155, 8170, 8145, 8123,2.5963406562805176
40, 8164, 8163, 8143, 8178, 8171, 8179, 8156, 8168, 8160, 8155, 8142, 8159, 8138, 8123,2.5963406562805176
41, 8163, 8157, 8180, 8157, 8163, 8190, 8160, 8173, 8154, 8164, 8139, 8167, 8135, 8129,2.61202335357666
42, 8157, 8146, 8113, 8162, 8161, 8189, 8175, 8159, 8167, 8196, 8148, 8151, 8139, 8132,2.61202335357666
43, 8165, 8155, 8189, 8167, 8162, 8186, 8174, 8174, 8151, 8183, 8137, 8157, 8130, 8134,2.6270408630371094
44, 8160, 8160, 8155, 8174, 8167, 8188, 8183, 8172, 8150, 8181, 8139, 8160, 8146, 8137,2.6270408630371094
45, 8153, 8145, 8131, 8150, 8155, 8178, 8174, 8158, 8152, 8185, 8139, 8151, 8155, 8139,2.642568349838257
46, 8155, 8146, 8184, 8131, 8144, 8175, 8164, 8166, 8150, 8172, 8131, 8156, 8142, 8134,2.642568349838257
47, 8154, 8144, 8107, 8150, 8154, 8165, 8173, 8162, 8164, 8182, 8146, 8146, 8152, 8126,2.6591501235961914
48, 8160, 8150, 8171, 8138, 8150, 8161, 8158, 8174, 8159, 8178, 8156, 8163, 8162, 8130,2.6591501235961914
49, 8167, 8163, 8167, 8137, 8149, 8167, 8155, 8167, 8175, 8186, 8169, 8182, 8172, 8136,2.6742401123046875
50, 8181, 8168, 8144, 8156, 8155, 8157, 8156, 8162, 8194, 8194, 8177, 8191, 8179, 8145,2.6742401123046875
51, 8186, 8181, 8202, 8158, 8152, 8154, 8143, 8177, 8185, 8181, 8180, 8203, 8177, 8147,2.690491199493408
52, 8174, 8173, 8130, 8158, 8144, 8147, 8142, 8163, 8186, 8184, 8193, 8184, 8175, 8134,2.690491199493408
53, 8183, 8176, 8194, 8153, 8137, 8146, 8127, 8166, 8169, 8174, 8191, 8194, 8163, 8128,2.7051503658294678
54, 8189, 8191, 8189, 8173, 8154, 8158, 8133, 8168, 8163, 8175, 8190, 8202, 8164, 8131,2.7051503658294678
55, 8180, 8181, 8140, 8181, 8163, 8156, 8146, 8169, 8167, 8183, 8182, 8178, 8161, 8138,2.7217113971710205
56, 8171, 8174, 8205, 8167, 8151, 8167, 8144, 8178, 8168, 8184, 8172, 8179, 8150, 8146,2.7217113971710205
57, 8167, 8161, 8135, 8172, 8156, 8173, 8162, 8166, 8194, 8207, 8178, 8170, 8166, 8147,2.737384796142578
58, 8176, 8163, 8174, 8165, 8163, 8178, 8165, 8176, 8187, 8212, 8161, 8175, 8170, 8153,2.737384796142578
59, 8170, 8170, 8177, 8169, 8157, 8189, 8166, 8177, 8175, 8206, 8148, 8176, 8161, 8149,2.751434326171875
60, 8149, 8145, 8117, 8153, 8143, 8169, 8164, 8163, 8183, 8195, 8150, 8159, 8166, 8134,2.7671425342559814
61, 8147, 8136, 8184, 8125, 8140, 8164, 8155, 8177, 8183, 8192, 8151, 8174, 8175, 8143,2.7671425342559814
62, 8166, 8147, 8133, 8155, 8154, 8167, 8164, 8172, 8198, 8222, 8164, 8174, 8186, 8159,2.783543586730957
63, 8189, 8160, 8175, 8167, 8152, 8164, 8159, 8176, 8199, 8218, 8178, 8188, 8193, 8171,2.783543586730957
64, 8185, 8161, 8185, 8149, 8148, 8165, 8153, 8177, 8197, 8208, 8188, 8202, 8198, 8174,2.798011064529419
65, 8170, 8148, 8114, 8143, 8151, 8155, 8149, 8163, 8197, 8216, 8183, 8183, 8193, 8165,2.798011064529419
66, 8170, 8155, 8187, 8132, 8142, 8163, 8141, 8174, 8188, 8205, 8171, 8190, 8187, 8158,2.814070224761963
67, 8155, 8146, 8131, 8129, 8138, 8159, 8147, 8165, 8195, 8200, 8183, 8186, 8191, 8143,2.814070224761963
68, 8152, 8143, 8150, 8122, 8137, 8143, 8138, 8171, 8185, 8192, 8186, 8187, 8182, 8141,2.829406499862671
69, 8164, 8172, 8183, 8145, 8149, 8154, 8144, 8182, 8183, 8199, 8192, 8203, 8185, 8153,2.829406499862671
70, 8168, 8175, 8128, 8167, 8159, 8151, 8149, 8173, 8187, 8197, 8204, 8197, 8186, 8146,2.8451149463653564
71, 8159, 8170, 8193, 8146, 8149, 8149, 8125, 8176, 8153, 8155, 8182, 8192, 8150, 8128,2.8451149463653564
72, 8143, 8167, 8136, 8166, 8150, 8165, 8144, 8163, 8143, 8153, 8157, 8164, 8132, 8119,2.8604202270507812
73, 8155, 8173, 8160, 8198, 8160, 8183, 8169, 8172, 8149, 8170, 8154, 8166, 8143, 8134,2.8604202270507812
74, 8170, 8184, 8198, 8212, 8174, 8199, 8182, 8185, 8168, 8194, 8172, 8190, 8165, 8149,2.876417875289917
75, 8154, 8158, 8103, 8197, 8170, 8183, 8187, 8164, 8188, 8217, 8169, 8170, 8172, 8142,2.876417875289917
76, 8146, 8149, 8171, 8157, 8147, 8175, 8168, 8171, 8183, 8197, 8149, 8174, 8156, 8146,2.892458438873291
77, 8158, 8160, 8148, 8171, 8153, 8175, 8173, 8174, 8206, 8200, 8165, 8185, 8170, 8156,2.892458438873291
78, 8178, 8167, 8148, 8179, 8166, 8158, 8168, 8174, 8210, 8208, 8182, 8201, 8190, 8160,2.9081852436065674
79, 8188, 8181, 8200, 8170, 8165, 8162, 8156, 8175, 8191, 8197, 8189, 8229, 8193, 8161,2.9081852436065674
80, 8179, 8181, 8126, 8189, 8167, 8167, 8159, 8162, 8193, 8196, 8201, 8215, 8187, 8146,2.9236433506011963
81, 8178, 8188, 8191, 8187, 8174, 8170, 8146, 8176, 8172, 8181, 8196, 8211, 8166, 8132,2.9236433506011963
82, 8174, 8192, 8169, 8188, 8192, 8171, 8157, 8174, 8172, 8189, 8203, 8211, 8171, 8132,2.938828945159912
83, 8171, 8187, 8152, 8192, 8197, 8172, 8170, 8163, 8181, 8189, 8212, 8209, 8183, 8143,2.938828945159912
84, 8174, 8197, 8207, 8202, 8193, 8188, 8173, 8173, 8178, 8190, 8208, 8220, 8180, 8152,2.95466685295105
85, 8169, 8191, 8137, 8221, 8194, 8180, 8190, 8171, 8192, 8219, 8208, 8207, 8185, 8147,2.95466685295105
86, 8165, 8182, 8192, 8201, 8182, 8173, 8182, 8181, 8180, 8209, 8199, 8212, 8182, 8150,2.9703707695007324
87, 8161, 8178, 8170, 8203, 8177, 8182, 8179, 8173, 8174, 8208, 8192, 8205, 8182, 8158,2.9703707695007324
88, 8168, 8174, 8138, 8210, 8181, 8181, 8188, 8168, 8175, 8226, 8183, 8190, 8186, 8158,2.985914945602417
89, 8168, 8183, 8198, 8194, 8178, 8181, 8184, 8179, 8167, 8218, 8174, 8198, 8179, 8159,2.985914945602417
90, 8162, 8174, 8126, 8193, 8173, 8169, 8183, 8160, 8180, 8221, 8183, 8183, 8184, 8160,3.0014989376068115
91, 8172, 8172, 8178, 8187, 8159, 8162, 8174, 8164, 8174, 8218, 8186, 8191, 8188, 8167,3.0014989376068115
92, 8170, 8177, 8169, 8186, 8158, 8171, 8178, 8169, 8176, 8217, 8182, 8199, 8186, 8157,3.0170817375183105
93, 8167, 8168, 8127, 8176, 8168, 8164, 8175, 8166, 8186, 8205, 8174, 8187, 8178, 8145,3.0170817375183105
94, 8179, 8178, 8207, 8159, 8166, 8159, 8170, 8179, 8186, 8190, 8175, 8207, 8179, 8159,3.032383918762207
95, 8183, 8184, 8150, 8173, 8167, 8149, 8185, 8169, 8197, 8201, 8202, 8210, 8198, 8163,3.032383918762207
96, 8193, 8191, 8192, 8176, 8170, 8141, 8165, 8176, 8184, 8187, 8216, 8221, 8201, 8161,3.047412633895874
97, 8193, 8202, 8192, 8187, 8174, 8153, 8155, 8177, 8187, 8181, 8220, 8232, 8200, 8167,3.047412633895874
98, 8188, 8194, 8138, 8193, 8179, 8153, 8174, 8171, 8200, 8193, 8215, 8221, 8198, 8166,3.063344955444336
99, 8198, 8196, 8220, 8176, 8184, 8160, 8183, 8188, 8192, 8189, 8209, 8229, 8191, 8165,3.063344955444336
100, 8197, 8191, 8160, 8192, 8190, 8164, 8188, 8175, 8193, 8191, 8225, 8220, 8194, 8159,3.079477310180664
101, 8200, 8197, 8189, 8204, 8182, 8161, 8175, 8175, 8173, 8176, 8224, 8223, 8193, 8167,3.079477310180664
102, 8203, 8207, 8211, 8206, 8180, 8167, 8179, 8178, 8163, 8173, 8216, 8226, 8193, 8169,3.094616174697876
103, 8182, 8181, 8139, 8202, 8176, 8158, 8176, 8159, 8152, 8174, 8201, 8187, 8174, 8148,3.094616174697876
104, 8162, 8172, 8198, 8181, 8166, 8163, 8153, 8164, 8119, 8150, 8173, 8180, 8145, 8134,3.1101386547088623
105, 8166, 8183, 8150, 8194, 8178, 8175, 8168, 8160, 8132, 8164, 8179, 8185, 8161, 8140,3.1101386547088623
106, 8190, 8191, 8176, 8204, 8178, 8176, 8174, 8168, 8152, 8182, 8194, 8197, 8180, 8164,3.1260411739349365
107, 8186, 8196, 8199, 8204, 8174, 8183, 8176, 8176, 8159, 8191, 8197, 8200, 8178, 8175,3.1260411739349365
108, 8170, 8183, 8130, 8203, 8184, 8174, 8193, 8168, 8177, 8204, 8189, 8180, 8179, 8163,3.1411221027374268
109, 8173, 8180, 8203, 8188, 8179, 8178, 8193, 8178, 8186, 8207, 8175, 8192, 8175, 8163,3.1411221027374268
110, 8172, 8175, 8153, 8193, 8170, 8179, 8197, 8166, 8202, 8223, 8180, 8189, 8185, 8169,3.1575229167938232
111, 8173, 8169, 8155, 8184, 8167, 8164, 8188, 8169, 8194, 8212, 8185, 8182, 8190, 8167,3.1575229167938232
112, 8180, 8180, 8196, 8176, 8176, 8177, 8190, 8181, 8189, 8204, 8190, 8194, 8193, 8163,3.173173189163208
113, 8188, 8179, 8131, 8185, 8185, 8177, 8201, 8163, 8201, 8223, 8206, 8197, 8208, 8170,3.173173189163208
114, 8201, 8186, 8213, 8181, 8181, 8172, 8186, 8170, 8192, 8211, 8214, 8224, 8206, 8188,3.188377857208252
115, 8205, 8197, 8186, 8204, 8187, 8174, 8191, 8169, 8209, 8219, 8229, 8229, 8212, 8186,3.188377857208252
116, 8213, 8199, 8178, 8203, 8190, 8167, 8190, 8170, 8216, 8223, 8227, 8224, 8213, 8176,3.204493284225464
117, 8220, 8207, 8222, 8192, 8193, 8177, 8189, 8179, 8199, 8207, 8223, 8238, 8207, 8176,3.204493284225464
118, 8211, 8198, 8150, 8208, 8200, 8178, 8198, 8164, 8193, 8210, 8228, 8222, 8209, 8170,3.22047758102417
119, 8202, 8196, 8210, 8195, 8185, 8172, 8173, 8171, 8161, 8188, 8214, 8221, 8198, 8161,3.22047758102417
120, 8196, 8199, 8174, 8198, 8182, 8167, 8169, 8167, 8155, 8182, 8221, 8224, 8200, 8156,3.2360334396362305
121, 8199, 8199, 8160, 8203, 8194, 8165, 8185, 8167, 8172, 8197, 8232, 8229, 8209, 8168,3.2360334396362305
122, 8199, 8208, 8223, 8205, 8197, 8180, 8189, 8177, 8168, 8202, 8216, 8233, 8194, 8176,3.2514092922210693
123, 8186, 8194, 8139, 8218, 8198, 8176, 8192, 8164, 8164, 8209, 8205, 8205, 8174, 8162,3.2514092922210693
124, 8183, 8187, 8192, 8195, 8198, 8180, 8186, 8182, 8165, 8196, 8204, 8209, 8169, 8163,3.2674479484558105
125, 8174, 8183, 8172, 8184, 8194, 8188, 8193, 8178, 8184, 8200, 8203, 8208, 8178, 8165,3.2674479484558105
126, 8175, 8169, 8139, 8179, 8181, 8176, 8190, 8164, 8185, 8206, 8186, 8188, 8165, 8159,3.283484935760498
127, 8192, 8176, 8211, 8173, 8174, 8187, 8188, 8180, 8178, 8205, 8179, 8203, 8159, 8167,3.283484935760498
236, 8188, 8168, 8135, 8179, 8182, 8190, 8202, 8167, 8186, 8209, 8183, 8194, 8167, 8169,3.2990334033966064
0, 8188, 8172, 8191, 8165, 8181, 8175, 8188, 8164, 8167, 8192, 8176, 8197, 8155, 8173,3.2990334033966064
1, 8196, 8190, 8195, 8172, 8181, 8177, 8192, 8169, 8177, 8205, 8191, 8215, 8166, 8182,3.3141348361968994
2, 8197, 8179, 8145, 8172, 8181, 8182, 8196, 8170, 8193, 8213, 8201, 8211, 8184, 8180,3.3141348361968994
3, 8191, 8174, 8212, 8144, 8175, 8186, 8178, 8178, 8181, 8203, 8187, 8216, 8181, 8175,3.329362630844116
4, 8181, 8164, 8141, 8142, 8176, 8174, 8186, 8163, 8188, 8221, 8181, 8202, 8185, 8169,3.329362630844116
5, 8188, 8165, 8173, 8141, 8171, 8165, 8183, 8171, 8181, 8202, 8179, 8207, 8180, 8171,3.3447721004486084
6, 8196, 8180, 8186, 8148, 8171, 8172, 8187, 8175, 8191, 8193, 8197, 8223, 8190, 8178,3.3447721004486084
7, 8197, 8171, 8143, 8149, 8168, 8159, 8190, 8165, 8211, 8221, 8218, 8224, 8209, 8186,3.360701560974121
8, 8197, 8170, 8210, 8126, 8155, 8151, 8173, 8177, 8193, 8208, 8204, 8239, 8202, 8185,3.360701560974121
9, 8198, 8178, 8151, 8145, 8170, 8151, 8180, 8171, 8198, 8195, 8205, 8226, 8200, 8173,3.3763105869293213
10, 8215, 8190, 8191, 8163, 8180, 8152, 8184, 8175, 8206, 8205, 8226, 8234, 8211, 8182,3.3763105869293213
11, 8218, 8194, 8206, 8166, 8180, 8161, 8190, 8178, 8205, 8219, 8236, 8249, 8216, 8189,3.391561508178711
12, 8212, 8187, 8143, 8167, 8184, 8151, 8198, 8168, 8197, 8203, 8219, 8224, 8204, 8177,3.391561508178711
13, 8209, 8197, 8220, 8151, 8180, 8155, 8186, 8180, 8180, 8171, 8200, 8223, 8189, 8169,3.407186985015869
14, 8189, 8189, 8156, 8156, 8182, 8168, 8184, 8173, 8192, 8188, 8213, 8218, 8195, 8167,3.407186985015869
15, 8187, 8183, 8167, 8159, 8185, 8161, 8171, 8176, 8185, 8189, 8217, 8217, 8192, 8175,3.4227795600891113
16, 8201, 8202, 8204, 8172, 8189, 8161, 8168, 8175, 8175, 8176, 8219, 8226, 8189, 8179,3.4227795600891113
17, 8193, 8196, 8134, 8179, 8186, 8161, 8174, 8159, 8174, 8179, 8218, 8208, 8187, 8160,3.4383881092071533
18, 8178, 8191, 8201, 8163, 8179, 8173, 8163, 8172, 8151, 8168, 8202, 8209, 8169, 8150,3.4383881092071533
19, 8171, 8193, 8155, 8178, 8187, 8178, 8178, 8167, 8166, 8182, 8202, 8198, 8169, 8154,3.453566312789917
20, 8177, 8189, 8158, 8184, 8181, 8170, 8184, 8171, 8176, 8190, 8194, 8188, 8173, 8159,3.4694299697875977
21, 8176, 8192, 8198, 8182, 8172, 8180, 8187, 8180, 8168, 8192, 8192, 8200, 8183, 8160,3.4704296588897705
22, 8167, 8185, 8128, 8189, 8174, 8177, 8197, 8164, 8176, 8206, 8207, 8191, 8194, 8157,3.4704296588897705
23, 8173, 8194, 8201, 8181, 8174, 8180, 8195, 8179, 8177, 8198, 8204, 8199, 8187, 8167,3.486185312271118
24, 8176, 8194, 8165, 8188, 8183, 8189, 8209, 8182, 8192, 8208, 8206, 8196, 8196, 8172,3.486185312271118
25, 8179, 8176, 8153, 8171, 8173, 8177, 8199, 8176, 8193, 8207, 8200, 8185, 8197, 8173,3.501270055770874
26, 8188, 8180, 8204, 8161, 8161, 8176, 8185, 8178, 8192, 8214, 8194, 8203, 8195, 8185,3.501270055770874
27, 8189, 8172, 8131, 8174, 8168, 8169, 8198, 8168, 8205, 8243, 8199, 8199, 8207, 8190,3.517548084259033
28, 8178, 8163, 8182, 8147, 8160, 8168, 8185, 8178, 8181, 8212, 8181, 8190, 8186, 8182,3.5325636863708496
29, 8160, 8154, 8143, 8143, 8154, 8171, 8175, 8173, 8171, 8183, 8169, 8178, 8168, 8164,3.5325636863708496
30, 8170, 8154, 8132, 8151, 8159, 8158, 8173, 8172, 8175, 8189, 8177, 8186, 8184, 8161,3.5470733642578125
31, 8183, 8173, 8204, 8142, 8159, 8162, 8169, 8183, 8176, 8194, 8194, 8211, 8198, 8174,3.5470733642578125
32, 8181, 8171, 8133, 8149, 8168, 8166, 8171, 8169, 8188, 8197, 8212, 8206, 8201, 8178,3.5623905658721924
33, 8196, 8177, 8194, 8147, 8169, 8166, 8156, 8181, 8174, 8183, 8205, 8229, 8194, 8186,3.5623905658721924
34, 8195, 8187, 8181, 8157, 8169, 8163, 8163, 8181, 8181, 8187, 8201, 8233, 8200, 8182,3.5775325298309326
35, 8184, 8181, 8149, 8163, 8173, 8156, 8171, 8172, 8197, 8192, 8208, 8217, 8206, 8172,3.5775325298309326
36, 8186, 8182, 8211, 8145, 8170, 8167, 8162, 8185, 8189, 8192, 8216, 8228, 8199, 8168,3.592989444732666
37, 8178, 8167, 8139, 8139, 8161, 8158, 8161, 8180, 8187, 8202, 8221, 8211, 8195, 8153,3.592989444732666
38, 8174, 8170, 8189, 8142, 8155, 8152, 8151, 8188, 8172, 8167, 8205, 8213, 8181, 8152,3.609013795852661
39, 8168, 8193, 8180, 8167, 8167, 8171, 8160, 8183, 8169, 8147, 8196, 8211, 8175, 8158,3.609013795852661
40, 8160, 8181, 8129, 8169, 8171, 8167, 8165, 8171, 8159, 8161, 8183, 8181, 8169, 8152,3.6243743896484375
41, 8161, 8173, 8201, 8162, 8162, 8176, 8169, 8188, 8150, 8180, 8171, 8189, 8167, 8154,3.6243743896484375
42, 8166, 8174, 8142, 8187, 8167, 8184, 8194, 8179, 8186, 8206, 8187, 8196, 8186, 8160,3.640357494354248
43, 8175, 8173, 8179, 8170, 8155, 8167, 8163, 8175, 8183, 8184, 8187, 8203, 8179, 8163,3.640357494354248
44, 8182, 8176, 8186, 8154, 8147, 8155, 8137, 8174, 8163, 8163, 8184, 8215, 8173, 8160,3.6554088592529297
45, 8197, 8182, 8146, 8169, 8160, 8153, 8155, 8173, 8165, 8175, 8200, 8226, 8191, 8164,3.6554088592529297
46, 8206, 8197, 8222, 8165, 8164, 8165, 8157, 8184, 8160, 8163, 8206, 8242, 8189, 8164,3.6705939769744873
47, 8180, 8188, 8146, 8172, 8165, 8157, 8149, 8166, 8154, 8155, 8202, 8207, 8168, 8136,3.6705939769744873
48, 8172, 8188, 8172, 8171, 8163, 8149, 8139, 8173, 8136, 8146, 8189, 8193, 8151, 8127,3.686249017715454
49, 8176, 8189, 8196, 8172, 8163, 8172, 8154, 8183, 8149, 8154, 8185, 8201, 8159, 8135,3.686249017715454
50, 8168, 8163, 8126, 8175, 8164, 8177, 8173, 8174, 8175, 8174, 8180, 8182, 8169, 8137,3.702380657196045
51, 8170, 8171, 8197, 8170, 8162, 8181, 8173, 8189, 8172, 8182, 8169, 8199, 8170, 8154,3.702380657196045
52, 8174, 8179, 8148, 8187, 8166, 8183, 8187, 8182, 8192, 8195, 8175, 8205, 8185, 8161,3.718078851699829
53, 8190, 8171, 8173, 8188, 8165, 8176, 8177, 8178, 8196, 8178, 8182, 8215, 8196, 8162,3.718078851699829
54, 8203, 8183, 8213, 8191, 8169, 8178, 8166, 8180, 8184, 8174, 8205, 8247, 8208, 8170,3.733142852783203
55, 8196, 8181, 8145, 8197, 8171, 8157, 8159, 8171, 8175, 8181, 8221, 8246, 8209, 8163,3.733142852783203
56, 8195, 8179, 8214, 8179, 8158, 8149, 8134, 8184, 8148, 8145, 8204, 8244, 8187, 8154,3.7486822605133057
57, 8199, 8183, 8173, 8196, 8164, 8161, 8135, 8175, 8147, 8148, 8209, 8238, 8191, 8158,3.7486822605133057
58, 8203, 8194, 8184, 8219, 8178, 8159, 8133, 8175, 8135, 8157, 8212, 8243, 8193, 8164,3.7641355991363525
59, 8200, 8208, 8229, 8233, 8189, 8171, 8140, 8184, 8122, 8141, 8204, 8252, 8185, 8161,3.7641355991363525
60, 8202, 8199, 8155, 8237, 8194, 8175, 8158, 8168, 8142, 8154, 8216, 8236, 8193, 8159,3.779280185699463
61, 8208, 8197, 8222, 8221, 8182, 8168, 8142, 8175, 8142, 8156, 8218, 8244, 8190, 8165,3.779280185699463
62, 8196, 8203, 8186, 8243, 8187, 8166, 8139, 8165, 8141, 8154, 8210, 8234, 8187, 8156,3.7947499752044678
63, 8191, 8201, 8174, 8250, 8194, 8172, 8152, 8163, 8137, 8163, 8208, 8217, 8193, 8151,3.7947499752044678
64, 8192, 8198, 8220, 8224, 8191, 8183, 8161, 8178, 8145, 8195, 8219, 8227, 8203, 8163,3.8100013732910156
65, 8184, 8175, 8137, 8217, 8189, 8169, 8165, 8170, 8163, 8214, 8214, 8206, 8206, 8161,3.8100013732910156
66, 8182, 8176, 8190, 8197, 8179, 8178, 8164, 8183, 8155, 8184, 8177, 8192, 8189, 8152,3.826026439666748
67, 8179, 8189, 8162, 8201, 8188, 8202, 8196, 8184, 8183, 8197, 8180, 8191, 8196, 8153,3.826026439666748
68, 8188, 8185, 8151, 8214, 8205, 8195, 8209, 8183, 8214, 8223, 8202, 8200, 8215, 8173,3.841487169265747
69, 8198, 8196, 8220, 8212, 8207, 8198, 8197, 8196, 8212, 8219, 8200, 8219, 8219, 8189,3.841487169265747
70, 8191, 8193, 8146, 8213, 8203, 8192, 8197, 8179, 8212, 8219, 8191, 8200, 8213, 8181,3.8574416637420654
71, 8193, 8188, 8199, 8192, 8194, 8186, 8185, 8176, 8191, 8203, 8173, 8200, 8193, 8181,3.8574416637420654
72, 8185, 8183, 8175, 8185, 8191, 8192, 8184, 8171, 8176, 8195, 8165, 8193, 8182, 8173,3.873211622238159
73, 8175, 8165, 8129, 8174, 8181, 8179, 8182, 8167, 8172, 8182, 8157, 8175, 8178, 8156,3.873211622238159
74, 8186, 8171, 8197, 8166, 8182, 8183, 8184, 8181, 8175, 8173, 8152, 8198, 8180, 8164,3.888336658477783
75, 8189, 8169, 8136, 8176, 8186, 8184, 8209, 8170, 8193, 8193, 8154, 8187, 8182, 8172,3.888336658477783
76, 8173, 8157, 8178, 8138, 8163, 8160, 8189, 8172, 8178, 8182, 8136, 8169, 8161, 8158,3.9034695625305176
77, 8153, 8150, 8153, 8120, 8157, 8149, 8162, 8171, 8171, 8165, 8126, 8161, 8154, 8138,3.9034695625305176
78, 8152, 8148, 8104, 8139, 8165, 8148, 8158, 8170, 8175, 8160, 8131, 8154, 8162, 8140,3.9190070629119873
79, 8164, 8164, 8188, 8140, 8161, 8158, 8158, 8187, 8180, 8162, 8141, 8178, 8172, 8159,3.937042713165283
80, 8175, 8166, 8131, 8148, 8170, 8159, 8173, 8176, 8208, 8192, 8156, 8174, 8193, 8161,3.937042713165283
81, 8192, 8172, 8168, 8147, 8171, 8164, 8167, 8181, 8201, 8179, 8145, 8178, 8185, 8158,3.937042713165283
82, 8185, 8176, 8170, 8142, 8163, 8169, 8163, 8182, 8190, 8161, 8137, 8184, 8168, 8155,3.950357675552368
83, 8164, 8161, 8112, 8129, 8164, 8145, 8149, 8169, 8185, 8163, 8136, 8161, 8159, 8143,3.950357675552368
84, 8165, 8173, 8190, 8124, 8171, 8151, 8126, 8184, 8155, 8142, 8124, 8162, 8146, 8136,3.966050386428833
85, 8170, 8184, 8133, 8155, 8182, 8167, 8147, 8172, 8155, 8143, 8139, 8164, 8151, 8136,3.966050386428833
86, 8173, 8182, 8164, 8150, 8186, 8164, 8158, 8174, 8161, 8149, 8150, 8178, 8154, 8144,3.9821956157684326
87, 8162, 8178, 8189, 8135, 8191, 8168, 8159, 8183, 8166, 8153, 8143, 8173, 8163, 8138,3.9821956157684326
88, 8154, 8169, 8127, 8144, 8192, 8163, 8159, 8164, 8163, 8156, 8130, 8144, 8151, 8123,3.9987785816192627
89, 8153, 8180, 8196, 8151, 8192, 8168, 8151, 8168, 8139, 8142, 8115, 8152, 8123, 8120,3.9987785816192627
90, 8138, 8174, 8137, 8166, 8201, 8172, 8164, 8170, 8151, 8158, 8121, 8147, 8185, 8114,4.022061586380005
91, 8133, 8156, 8152, 8144, 8187, 8167, 8159, 8179, 8157, 8153, 8124, 8142, 8267, 8114,4.022061586380005
92, 8134, 8163, 8189, 8140, 8182, 8183, 8162, 8180, 8151, 8145, 8123, 8143, 8235, 8122,4.022061586380005
93, 8135, 8164, 8122, 8162, 8201, 8192, 8186, 8172, 8169, 8170, 8125, 8131, 8148, 8127,4.044230699539185
94, 8149, 8168, 8189, 8149, 8202, 8193, 8192, 8192, 8182, 8181, 8130, 8155, 8139, 8135,4.044230699539185
95, 8155, 8167, 8146, 8159, 8196, 8188, 8212, 8182, 8200, 8191, 8140, 8154, 8181, 8140,4.044230699539185
96, 8154, 8158, 8154, 8159, 8187, 8181, 8218, 8175, 8194, 8170, 8123, 8143, 8158, 8144,4.059424877166748
97, 8150, 8157, 8188, 8133, 8178, 8191, 8209, 8182, 8183, 8165, 8119, 8152, 8127, 8146,4.074856758117676
98, 8145, 8144, 8114, 8124, 8168, 8178, 8203, 8169, 8189, 8189, 8135, 8141, 8144, 8150,4.074856758117676
99, 8154, 8143, 8190, 8112, 8154, 8168, 8183, 8179, 8176, 8167, 8116, 8146, 8142, 8155,4.090469598770142
100, 8149, 8141, 8144, 8112, 8156, 8172, 8181, 8171, 8183, 8156, 8106, 8142, 8129, 8140,4.090469598770142
101, 8144, 8139, 8122, 8104, 8159, 8160, 8171, 8164, 8176, 8157, 8118, 8135, 8133, 8129,4.106121063232422
102, 8152, 8155, 8184, 8106, 8165, 8159, 8159, 8171, 8155, 8144, 8122, 8148, 8136, 8131,4.106121063232422
103, 8151, 8149, 8121, 8126, 8174, 8157, 8163, 8162, 8167, 8151, 8127, 8143, 8144, 8118,4.122056245803833
104, 8160, 8161, 8182, 8131, 8177, 8159, 8161, 8178, 8173, 8155, 8142, 8164, 8159, 8128,4.122056245803833
105, 8176, 8185, 8162, 8152, 8191, 8171, 8177, 8179, 8190, 8157, 8163, 8179, 8182, 8154,4.138088226318359
106, 8182, 8178, 8146, 8141, 8184, 8166, 8173, 8177, 8196, 8152, 8161, 8171, 8183, 8153,4.138088226318359
107, 8166, 8171, 8201, 8114, 8163, 8162, 8156, 8185, 8183, 8157, 8147, 8172, 8162, 8141,4.1549601554870605
108, 8149, 8161, 8121, 8129, 8170, 8152, 8163, 8170, 8183, 8168, 8145, 8148, 8145, 8128,4.1549601554870605
109, 8163, 8170, 8184, 8136, 8173, 8156, 8152, 8177, 8162, 8143, 8140, 8156, 8132, 8129,4.170559644699097
110, 8163, 8177, 8177, 8138, 8166, 8165, 8147, 8172, 8149, 8146, 8141, 8165, 8144, 8138,4.170559644699097
111, 8147, 8154, 8133, 8128, 8163, 8156, 8143, 8161, 8131, 8150, 8122, 8136, 8135, 8133,4.171560525894165
112, 8147, 8145, 8191, 8119, 8162, 8168, 8143, 8175, 8122, 8128, 8096, 8134, 8109, 8125,4.185661315917969
113, 8149, 8145, 8123, 8141, 8163, 8174, 8162, 8166, 8153, 8141, 8105, 8132, 8115, 8130,4.185661315917969
114, 8157, 8152, 8175, 8147, 8161, 8176, 8158, 8171, 8143, 8142, 8110, 8138, 8116, 8138,4.201377868652344
115, 8159, 8159, 8178, 8156, 8168, 8191, 8166, 8175, 8143, 8153, 8111, 8139, 8121, 8132,4.216435194015503
116, 8159, 8149, 8132, 8155, 8167, 8181, 8170, 8168, 8168, 8175, 8109, 8133, 8138, 8140,4.216435194015503
117, 8164, 8155, 8201, 8137, 8163, 8176, 8153, 8173, 8166, 8177, 8114, 8157, 8145, 8156,4.231583833694458
118, 8164, 8154, 8136, 8151, 8174, 8177, 8167, 8163, 8169, 8172, 8136, 8156, 8151, 8146,4.231583833694458
119, 8164, 8148, 8170, 8139, 8166, 8178, 8173, 8175, 8167, 8149, 8129, 8158, 8153, 8143,4.247211217880249
120, 8157, 8147, 8177, 8117, 8157, 8181, 8171, 8175, 8178, 8160, 8129, 8162, 8159, 8144,4.247211217880249
121, 8158, 8139, 8126, 8116, 8162, 8165, 8173, 8161, 8182, 8171, 8149, 8163, 8158, 8137,4.262344837188721
122, 8170, 8155, 8204, 8114, 8163, 8158, 8164, 8177, 8165, 8141, 8153, 8195, 8153, 8143,4.262344837188721
123, 8170, 8161, 8146, 8136, 8168, 8149, 8161, 8173, 8182, 8152, 8162, 8185, 8167, 8144,4.277499675750732
124, 8169, 8162, 8173, 8137, 8171, 8148, 8147, 8180, 8189, 8169, 8169, 8168, 8169, 8144,4.277499675750732
125, 8167, 8175, 8201, 8140, 8180, 8172, 8153, 8184, 8177, 8163, 8166, 8171, 8164, 8147,4.293023109436035
126, 8164, 8163, 8143, 8156, 8180, 8174, 8167, 8169, 8167, 8166, 8153, 8158, 8164, 8148,4.293023109436035
127, 8161, 8154, 8208, 8146, 8161, 8179, 8164, 8181, 8158, 8174, 8141, 8161, 8154, 8155,4.309134483337402
236, 8153, 8150, 8136, 8154, 8163, 8185, 8181, 8174, 8176, 8187, 8143, 8145, 8154, 8155,4.309134483337402
0, 8164, 8148, 8152, 8150, 8164, 8169, 8167, 8169, 8173, 8173, 8144, 8150, 8158, 8147,4.324775695800781
1, 8170, 8150, 8205, 8139, 8154, 8165, 8145, 8171, 8161, 8161, 8150, 8176, 8163, 8141,4.324775695800781
2, 8167, 8148, 8133, 8144, 8164, 8163, 8154, 8162, 8170, 8166, 8162, 8172, 8176, 8143,4.340489625930786
3, 8183, 8168, 8200, 8141, 8173, 8170, 8155, 8174, 8163, 8152, 8166, 8189, 8179, 8154,4.340489625930786
4, 8188, 8174, 8162, 8154, 8173, 8172, 8167, 8165, 8163, 8157, 8176, 8192, 8177, 8148,4.356528997421265
5, 8182, 8165, 8163, 8145, 8170, 8162, 8171, 8168, 8156, 8157, 8163, 8180, 8164, 8136,4.356528997421265
6, 8171, 8169, 8203, 8136, 8167, 8171, 8171, 8182, 8158, 8143, 8149, 8181, 8151, 8132,4.3724799156188965
7, 8159, 8158, 8130, 8147, 8167, 8162, 8173, 8169, 8174, 8147, 8160, 8167, 8151, 8126,4.3724799156188965
8, 8165, 8167, 8200, 8147, 8169, 8157, 8164, 8178, 8159, 8144, 8158, 8173, 8144, 8130,4.388092279434204
9, 8173, 8184, 8172, 8175, 8182, 8169, 8174, 8175, 8160, 8166, 8160, 8167, 8152, 8138,4.388092279434204
10, 8182, 8177, 8159, 8178, 8179, 8173, 8161, 8171, 8156, 8173, 8166, 8162, 8153, 8146,4.403265476226807
11, 8177, 8172, 8205, 8161, 8171, 8184, 8151, 8181, 8149, 8161, 8161, 8174, 8148, 8147,4.403265476226807
12, 8163, 8166, 8133, 8177, 8183, 8182, 8180, 8170, 8172, 8179, 8156, 8163, 8156, 8140,4.419533014297485
13, 8181, 8181, 8204, 8192, 8183, 8182, 8188, 8176, 8179, 8185, 8152, 8183, 8160, 8156,4.419533014297485
14, 8193, 8186, 8180, 8206, 8182, 8187, 8195, 8174, 8187, 8196, 8163, 8191, 8172, 8166,4.435624837875366
15, 8180, 8162, 8148, 8192, 8183, 8179, 8195, 8166, 8182, 8197, 8155, 8171, 8167, 8158,4.435624837875366
16, 8169, 8164, 8204, 8180, 8180, 8189, 8189, 8169, 8173, 8188, 8144, 8177, 8155, 8153,4.450437545776367
17, 8163, 8163, 8123, 8195, 8180, 8186, 8193, 8160, 8186, 8195, 8157, 8164, 8163, 8145,4.450437545776367
18, 8162, 8150, 8172, 8172, 8166, 8177, 8177, 8176, 8177, 8180, 8146, 8161, 8158, 8146,4.46612024307251
19, 8161, 8142, 8167, 8154, 8154, 8178, 8188, 8176, 8192, 8198, 8143, 8164, 8169, 8157,4.46612024307251
20, 8171, 8137, 8130, 8146, 8146, 8158, 8193, 8166, 8210, 8209, 8163, 8163, 8184, 8159,4.481263160705566
21, 8175, 8150, 8189, 8139, 8144, 8161, 8176, 8182, 8204, 8180, 8172, 8188, 8179, 8162,4.481263160705566
22, 8165, 8148, 8116, 8153, 8154, 8168, 8188, 8176, 8217, 8179, 8179, 8190, 8183, 8167,4.497258424758911
23, 8171, 8144, 8165, 8136, 8144, 8155, 8180, 8182, 8211, 8175, 8175, 8188, 8184, 8167,4.497258424758911
24, 8178, 8148, 8171, 8127, 8136, 8149, 8163, 8178, 8201, 8168, 8174, 8182, 8182, 8154,4.512104749679565
25, 8178, 8146, 8129, 8134, 8141, 8147, 8156, 8165, 8193, 8159, 8175, 8172, 8177, 8146,4.512104749679565
26, 8187, 8166, 8202, 8136, 8144, 8160, 8160, 8182, 8184, 8150, 8175, 8194, 8174, 8157,4.527576208114624
27, 8194, 8170, 8141, 8153, 8150, 8160, 8177, 8174, 8195, 8160, 8186, 8187, 8179, 8158,4.528079986572266
28, 8197, 8161, 8182, 8141, 8151, 8155, 8164, 8174, 8175, 8144, 8177, 8182, 8165, 8154,4.543692350387573
29, 8182, 8159, 8185, 8130, 8150, 8161, 8153, 8174, 8159, 8141, 8160, 8175, 8150, 8146,4.543692350387573
30, 8158, 8148, 8114, 8134, 8137, 8146, 8150, 8165, 8153, 8144, 8145, 8144, 8134, 8127,4.559821367263794
31, 8156, 8153, 8186, 8128, 8130, 8150, 8143, 8175, 8127, 8118, 8135, 8152, 8118, 8123,4.559821367263794
32, 8155, 8149, 8135, 8140, 8147, 8161, 8162, 8165, 8133, 8119, 8136, 8143, 8121, 8127,4.575543642044067
33, 8152, 8143, 8156, 8128, 8142, 8155, 8160, 8168, 8140, 8119, 8127, 8127, 8115, 8120,4.575543642044067
34, 8150, 8148, 8171, 8126, 8130, 8162, 8160, 8172, 8142, 8122, 8127, 8128, 8113, 8105,4.591043472290039
35, 8144, 8141, 8120, 8148, 8140, 8168, 8175, 8164, 8151, 8136, 8125, 8121, 8122, 8108,4.591043472290039
36, 8146, 8147, 8205, 8143, 8143, 8180, 8171, 8177, 8152, 8132, 8111, 8134, 8125, 8130,4.607078790664673
37, 8148, 8152, 8146, 8155, 8146, 8180, 8173, 8168, 8175, 8156, 8127, 8132, 8141, 8138,4.607078790664673
38, 8165, 8156, 8154, 8161, 8149, 8173, 8169, 8174, 8185, 8177, 8145, 8144, 8152, 8148,4.623031854629517
39, 8166, 8161, 8188, 8152, 8148, 8181, 8175, 8182, 8187, 8174, 8141, 8155, 8149, 8153,4.623031854629517
40, 8151, 8141, 8113, 8139, 8139, 8172, 8177, 8161, 8189, 8164, 8135, 8125, 8144, 8143,4.638235807418823
41, 8162, 8147, 8190, 8122, 8132, 8172, 8161, 8171, 8184, 8155, 8143, 8147, 8147, 8154,4.638235807418823
42, 8168, 8157, 8155, 8138, 8146, 8181, 8175, 8174, 8210, 8175, 8162, 8163, 8169, 8164,4.653548240661621
43, 8168, 8150, 8151, 8138, 8152, 8171, 8182, 8174, 8210, 8173, 8156, 8151, 8169, 8160,4.653548240661621
44, 8177, 8158, 8196, 8136, 8148, 8167, 8172, 8180, 8193, 8157, 8143, 8156, 8153, 8155,4.669077157974243
45, 8172, 8149, 8126, 8140, 8142, 8149, 8161, 8164, 8193, 8149, 8141, 8148, 8148, 8141,4.669077157974243
46, 8165, 8146, 8192, 8122, 8133, 8149, 8142, 8172, 8179, 8131, 8136, 8158, 8139, 8131,4.684138059616089
47, 8174, 8157, 8168, 8143, 8152, 8166, 8161, 8174, 8193, 8151, 8156, 8162, 8151, 8138,4.684138059616089
48, 8193, 8161, 8157, 8151, 8158, 8154, 8163, 8169, 8189, 8157, 8158, 8158, 8154, 8142,4.700228452682495
49, 8175, 8167, 8199, 8134, 8142, 8149, 8142, 8173, 8151, 8130, 8135, 8152, 8131, 8125,4.700228452682495
50, 8152, 8159, 8123, 8156, 8150, 8157, 8155, 8167, 8158, 8140, 8133, 8126, 8132, 8118,4.71569299697876
51, 8169, 8160, 8193, 8169, 8165, 8175, 8166, 8182, 8175, 8156, 8139, 8144, 8146, 8148,4.71569299697876
52, 8174, 8161, 8169, 8173, 8168, 8181, 8180, 8177, 8193, 8178, 8155, 8158, 8163, 8164,4.73274040222168
53, 8168, 8150, 8138, 8173, 8163, 8175, 8184, 8173, 8208, 8202, 8165, 8148, 8170, 8158,4.73274040222168
54, 8168, 8153, 8198, 8168, 8160, 8189, 8180, 8181, 8205, 8198, 8153, 8149, 8164, 8159,4.7472686767578125
55, 8162, 8146, 8118, 8170, 8164, 8187, 8194, 8166, 8207, 8196, 8157, 8135, 8169, 8152,4.7472686767578125
56, 8174, 8149, 8175, 8157, 8156, 8176, 8190, 8179, 8205, 8198, 8171, 8152, 8177, 8158,4.763125896453857
57, 8183, 8156, 8171, 8160, 8154, 8177, 8188, 8178, 8224, 8210, 8182, 8166, 8185, 8162,4.763125896453857
58, 8179, 8153, 8129, 8160, 8156, 8161, 8171, 8162, 8217, 8192, 8174, 8154, 8176, 8149,4.779018402099609
59, 8173, 8163, 8196, 8141, 8147, 8151, 8144, 8174, 8179, 8159, 8168, 8164, 8167, 8141,4.779018402099609
60, 8176, 8168, 8132, 8158, 8149, 8144, 8152, 8167, 8181, 8170, 8192, 8171, 8185, 8143,4.794361352920532
61, 8197, 8187, 8195, 8174, 8159, 8153, 8160, 8173, 8182, 8165, 8204, 8195, 8188, 8158,4.809772491455078
62, 8194, 8198, 8210, 8180, 8168, 8173, 8175, 8174, 8188, 8161, 8207, 8196, 8183, 8157,4.809772491455078
63, 8179, 8173, 8148, 8173, 8163, 8162, 8180, 8171, 8192, 8159, 8202, 8167, 8178, 8145,4.809772491455078
64, 8184, 8178, 8211, 8179, 8158, 8166, 8176, 8188, 8180, 8156, 8194, 8179, 8176, 8156,4.824804306030273
65, 8186, 8181, 8149, 8208, 8166, 8176, 8190, 8170, 8189, 8184, 8195, 8170, 8190, 8168,4.824804306030273
66, 8182, 8164, 8179, 8183, 8160, 8176, 8183, 8168, 8179, 8174, 8179, 8163, 8187, 8174,4.841173887252808
67, 8184, 8162, 8190, 8165, 8159, 8187, 8188, 8176, 8182, 8168, 8180, 8175, 8190, 8175,4.841173887252808
68, 8184, 8155, 8132, 8173, 8162, 8177, 8196, 8171, 8204, 8192, 8189, 8172, 8200, 8167,4.85582971572876
69, 8181, 8153, 8200, 8160, 8156, 8169, 8177, 8182, 8204, 8194, 8182, 8180, 8195, 8170,4.87106990814209
70, 8182, 8154, 8140, 8164, 8157, 8166, 8174, 8170, 8221, 8202, 8200, 8174, 8210, 8171,4.87106990814209
71, 8193, 8163, 8165, 8156, 8151, 8157, 8163, 8168, 8206, 8183, 8205, 8180, 8209, 8167,4.8890581130981445
72, 8186, 8170, 8190, 8158, 8148, 8158, 8153, 8169, 8186, 8163, 8201, 8189, 8193, 8162,4.8890581130981445
73, 8176, 8157, 8130, 8164, 8156, 8155, 8151, 8156, 8187, 8171, 8206, 8173, 8187, 8150,4.8890581130981445
74, 8177, 8163, 8204, 8147, 8157, 8154, 8133, 8165, 8152, 8152, 8191, 8180, 8171, 8132,4.9031031131744385
75, 8162, 8167, 8143, 8160, 8163, 8143, 8133, 8159, 8135, 8142, 8175, 8165, 8161, 8111,4.918398141860962
76, 8162, 8167, 8158, 8163, 8156, 8131, 8122, 8165, 8138, 8135, 8177, 8159, 8161, 8117,4.918398141860962
77, 8174, 8174, 8206, 8159, 8144, 8144, 8118, 8174, 8141, 8135, 8184, 8175, 8164, 8132,4.934421062469482
78, 8169, 8161, 8125, 8161, 8150, 8143, 8130, 8160, 8145, 8145, 8175, 8158, 8160, 8125,4.934421062469482
79, 8168, 8168, 8194, 8146, 8152, 8155, 8125, 8173, 8136, 8140, 8166, 8162, 8147, 8123,4.951940298080444
80, 8169, 8179, 8168, 8167, 8157, 8171, 8140, 8172, 8147, 8154, 8175, 8160, 8146, 8129,4.951940298080444
81, 8173, 8171, 8162, 8189, 8153, 8159, 8151, 8169, 8141, 8150, 8164, 8149, 8143, 8140,4.951940298080444
82, 8178, 8172, 8196, 8189, 8147, 8163, 8164, 8173, 8139, 8150, 8154, 8155, 8151, 8147,4.96633243560791
83, 8171, 8160, 8123, 8187, 8149, 8167, 8184, 8160, 8157, 8176, 8159, 8145, 8161, 8144,4.96633243560791
84, 8171, 8161, 8192, 8174, 8149, 8177, 8179, 8170, 8145, 8171, 8150, 8150, 8151, 8146,4.981428384780884
85, 8165, 8161, 8153, 8186, 8154, 8183, 8186, 8164, 8153, 8174, 8150, 8133, 8154, 8139,4.997105598449707
86, 8164, 8154, 8135, 8195, 8148, 8172, 8183, 8165, 8163, 8181, 8155, 8119, 8156, 8133,4.997105598449707
87, 8179, 8167, 8191, 8191, 8152, 8182, 8182, 8181, 8170, 8184, 8163, 8145, 8159, 8147,5.011925935745239
88, 8185, 8162, 8123, 8193, 8164, 8176, 8198, 8169, 8189, 8197, 8177, 8145, 8176, 8160,5.011925935745239
89, 8182, 8160, 8187, 8178, 8154, 8162, 8180, 8177, 8176, 8182, 8169, 8153, 8166, 8156,5.027608394622803
90, 8173, 8164, 8164, 8186, 8158, 8164, 8173, 8174, 8174, 8178, 8175, 8156, 8158, 8143,5.027608394622803
91, 8176, 8160, 8140, 8184, 8166, 8157, 8172, 8165, 8176, 8181, 8193, 8157, 8167, 8144,5.043015956878662
92, 8189, 8176, 8205, 8176, 8156, 8158, 8156, 8176, 8161, 8179, 8206, 8186, 8175, 8154,5.043015956878662
93, 8195, 8179, 8132, 8200, 8155, 8150, 8140, 8163, 8150, 8182, 8224, 8187, 8178, 8149,5.059014797210693
94, 8201, 8176, 8189, 8186, 8154, 8138, 8125, 8167, 8128, 8154, 8219, 8190, 8165, 8147,5.059014797210693
95, 8192, 8173, 8182, 8176, 8151, 8140, 8149, 8170, 8144, 8159, 8215, 8189, 8173, 8147,5.074467182159424
96, 8186, 8168, 8143, 8185, 8155, 8147, 8164, 8167, 8161, 8172, 8210, 8177, 8178, 8141,5.074467182159424
97, 8187, 8180, 8206, 8175, 8162, 8163, 8148, 8172, 8137, 8154, 8194, 8180, 8156, 8138,5.09031081199646
98, 8183, 8175, 8130, 8185, 8166, 8156, 8154, 8160, 8131, 8156, 8183, 8161, 8147, 8134,5.09031081199646
99, 8192, 8176, 8178, 8196, 8165, 8158, 8154, 8172, 8128, 8153, 8175, 8163, 8151, 8141,5.105350017547607
100, 8192, 8186, 8187, 8206, 8179, 8184, 8157, 8173, 8133, 8165, 8184, 8168, 8158, 8145,5.105350017547607
101, 8178, 8172, 8131, 8203, 8187, 8182, 8167, 8162, 8135, 8178, 8172, 8150, 8152, 8139,5.121419668197632
102, 8178, 8170, 8206, 8195, 8177, 8182, 8177, 8176, 8139, 8165, 8144, 8160, 8146, 8145,5.121419668197632
103, 8175, 8165, 8146, 8207, 8176, 8184, 8195, 8162, 8165, 8175, 8150, 8147, 8160, 8146,5.137370824813843
104, 8166, 8155, 8167, 8185, 8163, 8176, 8176, 8168, 8150, 8181, 8151, 8137, 8155, 8140,5.137370824813843
105, 8158, 8156, 8174, 8172, 8158, 8179, 8172, 8178, 8152, 8187, 8142, 8140, 8149, 8140,5.152218818664551
106, 8163, 8151, 8120, 8175, 8166, 8170, 8180, 8167, 8186, 8199, 8143, 8132, 8159, 8146,5.152218818664551
107, 8166, 8148, 8189, 8151, 8155, 8163, 8152, 8173, 8164, 8181, 8134, 8141, 8151, 8140,5.16747522354126
108, 8151, 8141, 8123, 8148, 8148, 8156, 8149, 8160, 8137, 8165, 8129, 8125, 8149, 8122,5.16747522354126
109, 8161, 8155, 8155, 8152, 8160, 8158, 8160, 8164, 8139, 8158, 8149, 8140, 8163, 8136,5.183262586593628
110, 8188, 8187, 8205, 8180, 8182, 8178, 8170, 8175, 8161, 8188, 8193, 8188, 8190, 8158,5.183262586593628
111, 8198, 8182, 8146, 8205, 8179, 8165, 8158, 8165, 8166, 8203, 8203, 8186, 8194, 8151,5.19838809967041
112, 8198, 8180, 8215, 8188, 8158, 8154, 8129, 8169, 8133, 8166, 8178, 8180, 8168, 8146,5.19838809967041
113, 8190, 8188, 8167, 8205, 8173, 8166, 8151, 8163, 8134, 8169, 8187, 8170, 8166, 8150,5.214505672454834
114, 8194, 8195, 8177, 8222, 8189, 8172, 8167, 8171, 8135, 8183, 8202, 8174, 8174, 8157,5.214505672454834
115, 8199, 8204, 8215, 8225, 8184, 8177, 8163, 8176, 8130, 8193, 8209, 8193, 8185, 8167,5.230446100234985
116, 8197, 8196, 8148, 8236, 8184, 8176, 8180, 8161, 8139, 8203, 8205, 8190, 8190, 8165,5.230446100234985
117, 8207, 8202, 8228, 8234, 8187, 8191, 8192, 8176, 8129, 8183, 8185, 8202, 8172, 8170,5.2455995082855225
118, 8199, 8197, 8178, 8241, 8189, 8196, 8195, 8172, 8135, 8194, 8177, 8182, 8170, 8168,5.2455995082855225
119, 8188, 8176, 8155, 8219, 8176, 8179, 8177, 8163, 8134, 8195, 8169, 8161, 8168, 8159,5.261018991470337
120, 8192, 8176, 8204, 8201, 8174, 8185, 8180, 8171, 8133, 8181, 8174, 8185, 8172, 8166,5.261018991470337
121, 8206, 8175, 8144, 8228, 8192, 8186, 8199, 8166, 8161, 8208, 8204, 8196, 8202, 8185,5.276033878326416
122, 8222, 8189, 8218, 8235, 8188, 8191, 8194, 8183, 8178, 8221, 8207, 8212, 8210, 8194,5.276033878326416
123, 8203, 8188, 8179, 8225, 8184, 8193, 8206, 8177, 8189, 8215, 8200, 8190, 8196, 8174,5.291357755661011
124, 8191, 8168, 8152, 8207, 8184, 8178, 8203, 8164, 8172, 8206, 8204, 8175, 8192, 8170,5.307387590408325
125, 8205, 8178, 8206, 8209, 8181, 8177, 8183, 8168, 8149, 8192, 8200, 8204, 8196, 8179,5.307387590408325
126, 8208, 8183, 8135, 8228, 8182, 8172, 8177, 8157, 8155, 8184, 8191, 8197, 8193, 8172,5.307387590408325
127, 8212, 8191, 8205, 8214, 8173, 8175, 8162, 8172, 8152, 8174, 8188, 8202, 8187, 8177,5.32308030128479
236, 8215, 8193, 8192, 8218, 8170, 8177, 8172, 8175, 8176, 8199, 8205, 8210, 8204, 8184,5.32308030128479
0, 8217, 8183, 8166, 8217, 8173, 8162, 8184, 8173, 8187, 8197, 8209, 8209, 8207, 8182,5.338259220123291
1, 8223, 8196, 8221, 8203, 8177, 8171, 8181, 8181, 8174, 8160, 8206, 8231, 8199, 8180,5.338259220123291
2, 8220, 8199, 8143, 8218, 8184, 8165, 8188, 8168, 8185, 8172, 8225, 8222, 8213, 8174,5.354282855987549
3, 8216, 8201, 8208, 8211, 8181, 8146, 8175, 8180, 8178, 8188, 8230, 8220, 8214, 8169,5.354282855987549
4, 8207, 8203, 8202, 8213, 8186, 8154, 8179, 8180, 8177, 8195, 8223, 8216, 8202, 8162,5.369736909866333
5, 8202, 8191, 8152, 8228, 8184, 8157, 8177, 8163, 8167, 8181, 8202, 8191, 8185, 8151,5.369736909866333
6, 8192, 8196, 8221, 8218, 8176, 8165, 8162, 8171, 8138, 8166, 8183, 8185, 8172, 8146,5.386351585388184
7, 8180, 8186, 8146, 8214, 8188, 8172, 8178, 8167, 8153, 8188, 8189, 8169, 8179, 8143,5.386351585388184
8, 8182, 8179, 8182, 8211, 8189, 8175, 8175, 8171, 8154, 8174, 8175, 8168, 8165, 8145,5.401226282119751
9, 8186, 8193, 8200, 8243, 8191, 8180, 8170, 8165, 8143, 8168, 8169, 8175, 8162, 8149,5.401226282119751
10, 8194, 8192, 8154, 8259, 8200, 8173, 8183, 8157, 8154, 8196, 8181, 8175, 8180, 8154,5.416375160217285
11, 8192, 8186, 8215, 8221, 8192, 8183, 8191, 8172, 8167, 8204, 8176, 8183, 8180, 8159,5.416375160217285
12, 8173, 8169, 8142, 8211, 8177, 8180, 8205, 8160, 8184, 8206, 8167, 8159, 8175, 8146,5.433313369750977
13, 8183, 8169, 8171, 8205, 8176, 8170, 8204, 8169, 8183, 8200, 8165, 8164, 8175, 8152,5.433313369750977
14, 8195, 8182, 8187, 8207, 8189, 8185, 8205, 8178, 8197, 8215, 8178, 8177, 8185, 8168,5.448390960693359
15, 8181, 8167, 8123, 8203, 8180, 8181, 8194, 8165, 8205, 8222, 8176, 8152, 8183, 8156,5.463098526000977
16, 8177, 8167, 8195, 8177, 8170, 8173, 8179, 8173, 8188, 8201, 8166, 8160, 8172, 8152,5.463098526000977
17, 8173, 8169, 8145, 8185, 8190, 8174, 8201, 8165, 8200, 8210, 8176, 8163, 8186, 8159,5.463098526000977
18, 8166, 8162, 8162, 8179, 8183, 8169, 8190, 8168, 8190, 8204, 8174, 8161, 8193, 8153,5.479227542877197
19, 8159, 8162, 8176, 8167, 8160, 8160, 8162, 8172, 8169, 8187, 8180, 8170, 8193, 8139,5.4802281856536865
20, 8153, 8156, 8109, 8162, 8159, 8141, 8149, 8153, 8160, 8173, 8191, 8155, 8185, 8122,5.494298458099365
21, 8166, 8170, 8195, 8154, 8161, 8150, 8139, 8165, 8151, 8155, 8186, 8165, 8176, 8125,5.494298458099365
22, 8178, 8177, 8153, 8178, 8171, 8167, 8159, 8167, 8180, 8184, 8197, 8175, 8199, 8147,5.510242223739624
23, 8186, 8177, 8160, 8183, 8169, 8162, 8159, 8164, 8177, 8188, 8205, 8184, 8201, 8160,5.525630474090576
24, 8182, 8191, 8192, 8184, 8166, 8163, 8152, 8169, 8151, 8162, 8197, 8185, 8177, 8144,5.525630474090576
25, 8181, 8191, 8124, 8206, 8182, 8160, 8163, 8163, 8159, 8171, 8199, 8168, 8176, 8140,5.542449235916138
26, 8196, 8200, 8212, 8214, 8194, 8170, 8158, 8173, 8158, 8177, 8204, 8187, 8178, 8156,5.542449235916138
27, 8190, 8202, 8174, 8229, 8194, 8174, 8161, 8163, 8154, 8178, 8198, 8176, 8175, 8144,5.542449235916138
28, 8184, 8194, 8159, 8221, 8185, 8167, 8155, 8166, 8146, 8171, 8178, 8161, 8172, 8140,5.558563232421875
29, 8187, 8199, 8205, 8213, 8192, 8185, 8160, 8181, 8158, 8184, 8179, 8179, 8178, 8154,5.558563232421875
30, 8176, 8185, 8129, 8225, 8200, 8181, 8181, 8169, 8185, 8205, 8191, 8162, 8176, 8144,5.572251558303833
31, 8165, 8176, 8189, 8203, 8181, 8173, 8170, 8181, 8170, 8186, 8172, 8157, 8161, 8137,5.587413787841797
32, 8164, 8181, 8160, 8205, 8179, 8183, 8171, 8174, 8166, 8187, 8161, 8150, 8163, 8143,5.587413787841797
33, 8166, 8172, 8139, 8204, 8183, 8185, 8177, 8164, 8162, 8184, 8145, 8127, 8151, 8139,5.602743864059448
34, 8157, 8164, 8185, 8177, 8175, 8194, 8174, 8173, 8149, 8169, 8132, 8130, 8136, 8135,5.602743864059448
35, 8151, 8155, 8107, 8179, 8172, 8191, 8177, 8162, 8160, 8186, 8141, 8129, 8152, 8139,5.617990970611572
36, 8165, 8163, 8171, 8175, 8168, 8187, 8166, 8171, 8154, 8173, 8130, 8138, 8147, 8146,5.617990970611572
37, 8171, 8165, 8154, 8175, 8171, 8193, 8176, 8170, 8161, 8163, 8125, 8138, 8139, 8141,5.634033679962158
38, 8173, 8150, 8128, 8171, 8168, 8188, 8183, 8167, 8173, 8164, 8129, 8137, 8148, 8140,5.634033679962158
39, 8177, 8158, 8195, 8158, 8161, 8187, 8176, 8176, 8170, 8159, 8125, 8157, 8149, 8149,5.649676084518433
40, 8169, 8150, 8116, 8150, 8163, 8169, 8178, 8158, 8183, 8173, 8132, 8144, 8155, 8145,5.649676084518433
41, 8168, 8142, 8157, 8131, 8155, 8157, 8161, 8164, 8181, 8168, 8128, 8142, 8154, 8144,5.6655051708221436
42, 8165, 8140, 8154, 8134, 8148, 8165, 8166, 8168, 8177, 8158, 8112, 8137, 8146, 8139,5.6655051708221436
43, 8162, 8127, 8124, 8123, 8145, 8161, 8174, 8165, 8173, 8155, 8103, 8118, 8140, 8129,5.681467056274414
44, 8165, 8137, 8189, 8108, 8149, 8170, 8171, 8179, 8180, 8167, 8131, 8142, 8152, 8139,5.681467056274414
45, 8158, 8139, 8115, 8126, 8161, 8172, 8183, 8167, 8204, 8181, 8159, 8148, 8161, 8138,5.696420907974243
46, 8159, 8145, 8163, 8119, 8154, 8157, 8173, 8165, 8166, 8129, 8130, 8143, 8128, 8119,5.696420907974243
47, 8162, 8162, 8172, 8122, 8157, 8164, 8174, 8166, 8137, 8100, 8117, 8145, 8112, 8109,5.712054014205933
48, 8171, 8162, 8131, 8141, 8170, 8172, 8180, 8166, 8146, 8128, 8138, 8146, 8124, 8120,5.712054014205933
49, 8184, 8169, 8218, 8147, 8171, 8178, 8173, 8179, 8149, 8140, 8144, 8164, 8131, 8139,5.727090358734131
50, 8183, 8162, 8152, 8174, 8181, 8180, 8200, 8166, 8171, 8158, 8146, 8146, 8137, 8147,5.727090358734131
51, 8191, 8157, 8171, 8173, 8180, 8181, 8208, 8175, 8177, 8175, 8147, 8146, 8138, 8164,5.742997407913208
52, 8197, 8166, 8186, 8169, 8170, 8185, 8198, 8181, 8187, 8194, 8156, 8161, 8154, 8179,5.742997407913208
53, 8191, 8154, 8130, 8175, 8169, 8169, 8198, 8164, 8201, 8200, 8156, 8150, 8166, 8175,5.758478164672852
54, 8191, 8153, 8207, 8157, 8169, 8176, 8198, 8174, 8186, 8178, 8145, 8167, 8154, 8171,5.758478164672852
55, 8188, 8155, 8150, 8161, 8169, 8175, 8198, 8163, 8173, 8177, 8153, 8163, 8155, 8165,5.7737696170806885
56, 8194, 8155, 8167, 8158, 8160, 8153, 8177, 8160, 8142, 8157, 8152, 8154, 8148, 8159,5.7737696170806885
57, 8188, 8152, 8191, 8147, 8169, 8164, 8176, 8167, 8127, 8131, 8146, 8154, 8132, 8143,5.789005517959595
58, 8180, 8145, 8123, 8151, 8185, 8164, 8190, 8165, 8148, 8136, 8154, 8147, 8139, 8134,5.789005517959595
59, 8191, 8160, 8204, 8150, 8171, 8161, 8177, 8179, 8157, 8136, 8157, 8172, 8144, 8146,5.804505825042725
60, 8187, 8157, 8157, 8155, 8159, 8156, 8183, 8166, 8168, 8153, 8163, 8166, 8152, 8143,5.804505825042725
61, 8179, 8151, 8154, 8143, 8166, 8145, 8183, 8167, 8166, 8149, 8160, 8154, 8157, 8134,5.822047233581543
62, 8180, 8173, 8192, 8148, 8184, 8159, 8172, 8177, 8161, 8138, 8158, 8167, 8164, 8135,5.822047233581543
63, 8181, 8173, 8128, 8167, 8192, 8162, 8169, 8158, 8168, 8161, 8175, 8160, 8175, 8142,5.836078882217407
64, 8187, 8181, 8204, 8160, 8184, 8168, 8162, 8168, 8158, 8164, 8182, 8174, 8174, 8155,5.837079048156738
65, 8188, 8187, 8168, 8173, 8187, 8172, 8176, 8171, 8164, 8154, 8188, 8178, 8175, 8151,5.852080345153809
66, 8188, 8177, 8162, 8176, 8189, 8159, 8173, 8170, 8151, 8132, 8176, 8167, 8159, 8142,5.852080345153809
67, 8187, 8183, 8215, 8172, 8189, 8172, 8169, 8175, 8130, 8134, 8159, 8168, 8147, 8143,5.867328643798828
68, 8186, 8175, 8137, 8185, 8190, 8180, 8185, 8158, 8139, 8157, 8164, 8158, 8156, 8144,5.867328643798828
69, 8191, 8173, 8198, 8185, 8182, 8175, 8179, 8167, 8135, 8147, 8171, 8179, 8156, 8161,5.882730007171631
70, 8190, 8182, 8179, 8209, 8190, 8175, 8189, 8171, 8155, 8169, 8186, 8185, 8169, 8180,5.882730007171631
71, 8195, 8180, 8160, 8219, 8195, 8181, 8198, 8165, 8172, 8191, 8185, 8174, 8175, 8181,5.8980677127838135
72, 8189, 8176, 8209, 8198, 8182, 8194, 8198, 8172, 8164, 8179, 8166, 8172, 8159, 8175,5.8980677127838135
73, 8159, 8153, 8125, 8191, 8170, 8182, 8205, 8170, 8165, 8175, 8154, 8140, 8149, 8161,5.91417932510376
74, 8152, 8146, 8175, 8169, 8160, 8180, 8195, 8182, 8158, 8167, 8151, 8145, 8148, 8152,5.91417932510376
75, 8159, 8149, 8153, 8166, 8165, 8185, 8200, 8171, 8170, 8184, 8164, 8157, 8162, 8153,5.930119514465332
76, 8163, 8143, 8129, 8167, 8165, 8161, 8191, 8160, 8177, 8180, 8163, 8145, 8163, 8153,5.930119514465332
77, 8171, 8155, 8210, 8161, 8159, 8160, 8174, 8173, 8168, 8155, 8167, 8165, 8166, 8153,5.945176839828491
78, 8173, 8158, 8140, 8175, 8170, 8165, 8180, 8161, 8173, 8161, 8197, 8176, 8180, 8150,5.945176839828491
79, 8174, 8165, 8181, 8162, 8171, 8154, 8163, 8169, 8155, 8154, 8198, 8189, 8169, 8156,5.960384130477905
80, 8174, 8174, 8181, 8166, 8172, 8152, 8162, 8172, 8153, 8156, 8196, 8191, 8166, 8158,5.960384130477905
81, 8182, 8169, 8151, 8190, 8183, 8159, 8182, 8167, 8164, 8163, 8203, 8178, 8172, 8159,5.975830793380737
82, 8189, 8175, 8222, 8198, 8184, 8187, 8186, 8182, 8163, 8168, 8193, 8186, 8167, 8172,5.975830793380737
83, 8178, 8160, 8138, 8201, 8181, 8195, 8198, 8172, 8184, 8204, 8189, 8171, 8177, 8178,5.99287223815918
84, 8173, 8144, 8165, 8171, 8170, 8187, 8196, 8178, 8185, 8212, 8181, 8173, 8178, 8181,5.99287223815918
85, 8165, 8152, 8170, 8171, 8166, 8186, 8197, 8175, 8187, 8204, 8178, 8174, 8170, 8172,6.007406234741211
86, 8161, 8156, 8121, 8194, 8167, 8172, 8194, 8161, 8191, 8198, 8177, 8156, 8170, 8155,6.007406234741211
87, 8173, 8163, 8201, 8184, 8160, 8175, 8182, 8178, 8175, 8178, 8175, 8174, 8170, 8161,6.029343605041504
88, 8175, 8156, 8139, 8180, 8161, 8171, 8192, 8172, 8189, 8178, 8193, 8176, 8175, 8167,6.031340837478638
89, 8177, 8157, 8165, 8171, 8154, 8149, 8177, 8171, 8179, 8165, 8196, 8179, 8168, 8158,6.031340837478638
90, 8178, 8178, 8188, 8190, 8158, 8151, 8162, 8174, 8159, 8158, 8190, 8188, 8165, 8147,6.0555853843688965
91, 8177, 8173, 8133, 8216, 8172, 8161, 8167, 8170, 8164, 8173, 8191, 8173, 8166, 8154,6.0555853843688965
92, 8165, 8169, 8197, 8198, 8172, 8181, 8165, 8178, 8155, 8163, 8177, 8167, 8148, 8156,6.0555853843688965
93, 8141, 8159, 8124, 8194, 8169, 8187, 8180, 8160, 8154, 8162, 8161, 8140, 8136, 8135,6.06977105140686
94, 8146, 8146, 8136, 8182, 8155, 8179, 8178, 8167, 8155, 8169, 8154, 8136, 8137, 8144,6.086346864700317
95, 8158, 8148, 8175, 8175, 8151, 8184, 8182, 8179, 8168, 8195, 8169, 8167, 8155, 8173,6.086346864700317
96, 8167, 8149, 8119, 8180, 8158, 8172, 8192, 8160, 8182, 8206, 8183, 8177, 8174, 8180,6.086346864700317
97, 8196, 8166, 8201, 8168, 8153, 8165, 8178, 8169, 8171, 8177, 8186, 8201, 8172, 8186,6.100483179092407
98, 8202, 8168, 8155, 8176, 8151, 8162, 8172, 8165, 8182, 8184, 8213, 8205, 8183, 8192,6.116060256958008
99, 8193, 8171, 8164, 8176, 8151, 8150, 8153, 8163, 8173, 8180, 8225, 8204, 8185, 8192,6.116060256958008
100, 8206, 8201, 8224, 8191, 8163, 8162, 8155, 8175, 8175, 8177, 8229, 8228, 8188, 8200,6.131252288818359
101, 8216, 8199, 8157, 8217, 8177, 8168, 8182, 8170, 8200, 8204, 8241, 8227, 8200, 8205,6.131252288818359
102, 8205, 8193, 8210, 8201, 8177, 8171, 8176, 8176, 8177, 8193, 8227, 8223, 8186, 8199,6.1464684009552
103, 8190, 8197, 8167, 8206, 8186, 8177, 8179, 8170, 8171, 8193, 8222, 8203, 8176, 8190,6.1464684009552
104, 8200, 8203, 8166, 8227, 8186, 8175, 8187, 8176, 8185, 8210, 8227, 8199, 8181, 8195,6.162520885467529
105, 8197, 8202, 8204, 8227, 8181, 8182, 8194, 8184, 8195, 8216, 8224, 8212, 8184, 8202,6.162520885467529
106, 8172, 8169, 8119, 8200, 8181, 8175, 8204, 8162, 8211, 8223, 8207, 8181, 8185, 8188,6.178128719329834
107, 8177, 8165, 8186, 8171, 8173, 8174, 8191, 8171, 8205, 8208, 8187, 8177, 8176, 8186,6.178128719329834
108, 8189, 8180, 8159, 8187, 8174, 8170, 8183, 8172, 8212, 8200, 8197, 8184, 8179, 8191,6.1933064460754395
109, 8186, 8174, 8139, 8177, 8167, 8148, 8161, 8166, 8210, 8193, 8207, 8190, 8181, 8186,6.1933064460754395
110, 8187, 8176, 8201, 8155, 8161, 8156, 8146, 8178, 8195, 8188, 8210, 8206, 8180, 8181,6.208587884902954
111, 8188, 8179, 8124, 8186, 8174, 8162, 8161, 8171, 8193, 8194, 8216, 8181, 8177, 8167,6.208587884902954
112, 8181, 8187, 8182, 8195, 8176, 8156, 8153, 8171, 8169, 8167, 8198, 8174, 8156, 8153,6.22434139251709
113, 8166, 8182, 8171, 8193, 8181, 8159, 8163, 8166, 8172, 8174, 8195, 8173, 8164, 8156,6.22434139251709
114, 8167, 8163, 8135, 8196, 8192, 8164, 8184, 8173, 8189, 8205, 8205, 8166, 8182, 8169,6.239492416381836
115, 8167, 8163, 8198, 8193, 8184, 8175, 8186, 8184, 8178, 8200, 8196, 8173, 8167, 8168,6.239492416381836
116, 8150, 8148, 8120, 8187, 8172, 8169, 8193, 8161, 8174, 8194, 8175, 8145, 8148, 8156,6.255502939224243
117, 8153, 8145, 8160, 8163, 8170, 8168, 8189, 8174, 8173, 8187, 8156, 8140, 8147, 8162,6.255502939224243
118, 8163, 8162, 8161, 8172, 8181, 8182, 8198, 8184, 8193, 8203, 8178, 8159, 8171, 8169,6.271121501922607
119, 8172, 8164, 8126, 8187, 8182, 8170, 8204, 8170, 8203, 8216, 8203, 8161, 8187, 8176,6.271121501922607
120, 8182, 8177, 8202, 8177, 8171, 8165, 8194, 8176, 8193, 8200, 8193, 8171, 8181, 8185,6.286285877227783
121, 8172, 8171, 8133, 8170, 8175, 8164, 8195, 8165, 8210, 8190, 8192, 8160, 8184, 8167,6.286285877227783
122, 8169, 8161, 8169, 8143, 8171, 8156, 8179, 8169, 8209, 8178, 8201, 8176, 8183, 8157,6.3014702796936035
123, 8182, 8171, 8183, 8153, 8167, 8152, 8178, 8170, 8200, 8186, 8213, 8193, 8184, 8171,6.3014702796936035
124, 8195, 8179, 8137, 8182, 8168, 8136, 8179, 8160, 8187, 8181, 8210, 8175, 8177, 8170,6.3176233768463135
125, 8193, 8189, 8208, 8175, 8163, 8140, 8160, 8170, 8164, 8155, 8197, 8186, 8159, 8157,6.3176233768463135
126, 8177, 8183, 8141, 8175, 8168, 8147, 8166, 8162, 8174, 8172, 8207, 8185, 8164, 8152,6.333252906799316
127, 8180, 8181, 8175, 8179, 8172, 8144, 8163, 8166, 8169, 8177, 8210, 8186, 8168, 8161,6.333252906799316
236, 8182, 8193, 8204, 8194, 8178, 8152, 8157, 8173, 8157, 8178, 8207, 8187, 8171, 8162,6.3493828773498535
0, 8173, 8188, 8142, 8208, 8187, 8156, 8162, 8162, 8170, 8193, 8214, 8170, 8186, 8163,6.3493828773498535
1, 8179, 8199, 8218, 8213, 8189, 8173, 8166, 8179, 8187, 8198, 8226, 8194, 8193, 8184,6.365023851394653
2, 8183, 8204, 8174, 8237, 8195, 8175, 8182, 8180, 8216, 8222, 8240, 8199, 8202, 8187,6.365023851394653
3, 8181, 8189, 8190, 8228, 8192, 8172, 8181, 8180, 8211, 8219, 8230, 8189, 8196, 8180,6.380331993103027
4, 8173, 8180, 8204, 8209, 8188, 8194, 8186, 8178, 8199, 8207, 8223, 8190, 8193, 8183,6.380331993103027
5, 8172, 8172, 8124, 8216, 8188, 8197, 8198, 8166, 8205, 8214, 8217, 8178, 8192, 8180,6.396393537521362
6, 8174, 8181, 8202, 8209, 8183, 8197, 8191, 8176, 8190, 8202, 8200, 8189, 8181, 8180,6.396393537521362
7, 8168, 8175, 8162, 8214, 8188, 8189, 8200, 8164, 8204, 8209, 8208, 8184, 8192, 8183,6.41206169128418
8, 8182, 8165, 8166, 8204, 8182, 8166, 8190, 8165, 8211, 8213, 8216, 8191, 8205, 8192,6.41206169128418
9, 8200, 8182, 8214, 8195, 8168, 8169, 8176, 8174, 8198, 8204, 8223, 8217, 8208, 8193,6.42720627784729
10, 8196, 8186, 8146, 8211, 8171, 8160, 8172, 8155, 8184, 8194, 8230, 8208, 8205, 8183,6.42720627784729
11, 8197, 8190, 8210, 8199, 8171, 8149, 8148, 8166, 8163, 8170, 8216, 8218, 8194, 8180,6.44251561164856
12, 8194, 8191, 8171, 8198, 8170, 8155, 8151, 8168, 8178, 8180, 8221, 8225, 8205, 8175,6.44251561164856
13, 8194, 8189, 8169, 8201, 8170, 8151, 8150, 8167, 8179, 8184, 8235, 8217, 8213, 8171,6.458180904388428
14, 8196, 8201, 8228, 8203, 8176, 8157, 8144, 8171, 8160, 8171, 8238, 8220, 8200, 8171,6.458180904388428
15, 8181, 8196, 8148, 8216, 8181, 8158, 8161, 8159, 8162, 8177, 8235, 8200, 8190, 8161,6.473352909088135
16, 8176, 8192, 8198, 8207, 8176, 8163, 8161, 8175, 8154, 8171, 8226, 8200, 8182, 8168,6.473352909088135
17, 8182, 8189, 8182, 8218, 8189, 8176, 8174, 8176, 8171, 8192, 8234, 8200, 8196, 8182,6.489032745361328
18, 8186, 8187, 8174, 8227, 8193, 8183, 8188, 8171, 8184, 8214, 8240, 8203, 8206, 8185,6.489032745361328
19, 8179, 8202, 8215, 8224, 8186, 8198, 8198, 8183, 8184, 8214, 8229, 8209, 8201, 8184,6.505419731140137
20, 8177, 8193, 8132, 8227, 8191, 8184, 8209, 8177, 8202, 8222, 8220, 8184, 8210, 8180,6.505419731140137
21, 8200, 8186, 8205, 8201, 8183, 8166, 8190, 8179, 8200, 8205, 8217, 8206, 8217, 8186,6.520427942276001
22, 8210, 8192, 8191, 8204, 8178, 8168, 8180, 8163, 8200, 8198, 8234, 8231, 8220, 8188,6.520427942276001
23, 8210, 8198, 8155, 8225, 8186, 8162, 8168, 8159, 8181, 8189, 8238, 8220, 8211, 8184,6.536460638046265
24, 8217, 8214, 8236, 8229, 8192, 8165, 8156, 8176, 8153, 8163, 8228, 8224, 8197, 8181,6.536460638046265
25, 8215, 8206, 8166, 8242, 8193, 8168, 8174, 8160, 8165, 8170, 8233, 8211, 8198, 8178,6.5521321296691895
26, 8205, 8202, 8200, 8232, 8189, 8173, 8173, 8166, 8157, 8174, 8221, 8200, 8185, 8180,6.5521321296691895
27, 8187, 8209, 8192, 8239, 8194, 8183, 8183, 8170, 8154, 8181, 8211, 8189, 8188, 8178,6.568246364593506
28, 8187, 8192, 8145, 8250, 8194, 8178, 8195, 8162, 8171, 8193, 8212, 8176, 8198, 8177,6.568246364593506
29, 8189, 8187, 8214, 8233, 8190, 8192, 8187, 8180, 8173, 8193, 8210, 8188, 8191, 8186,6.583437204360962
30, 8175, 8184, 8144, 8239, 8198, 8197, 8203, 8177, 8190, 8209, 8207, 8169, 8195, 8186,6.583437204360962
31, 8177, 8181, 8169, 8236, 8192, 8188, 8210, 8173, 8192, 8204, 8188, 8157, 8193, 8183,6.599031448364258
32, 8170, 8178, 8170, 8230, 8185, 8187, 8211, 8169, 8192, 8205, 8187, 8158, 8191, 8173,6.599031448364258
33, 8163, 8168, 8120, 8222, 8188, 8173, 8210, 8165, 8204, 8213, 8204, 8157, 8197, 8171,6.615055799484253
34, 8187, 8179, 8207, 8217, 8186, 8179, 8199, 8179, 8205, 8201, 8208, 8186, 8199, 8189,6.615055799484253
35, 8193, 8177, 8141, 8227, 8188, 8184, 8200, 8163, 8215, 8208, 8209, 8180, 8205, 8189,6.631026744842529
36, 8181, 8168, 8153, 8199, 8176, 8174, 8186, 8167, 8203, 8201, 8207, 8178, 8205, 8182,6.631026744842529
37, 8185, 8179, 8187, 8193, 8166, 8173, 8186, 8181, 8194, 8198, 8217, 8198, 8207, 8191,6.646218776702881
38, 8198, 8181, 8142, 8215, 8172, 8159, 8181, 8165, 8189, 8196, 8222, 8190, 8200, 8196,6.646218776702881
39, 8203, 8191, 8211, 8201, 8173, 8155, 8158, 8164, 8166, 8172, 8215, 8205, 8190, 8187,6.66237735748291
40, 8198, 8188, 8156, 8205, 8180, 8158, 8163, 8153, 8171, 8177, 8223, 8211, 8202, 8173,6.66237735748291
41, 8197, 8182, 8173, 8205, 8180, 8149, 8151, 8159, 8160, 8168, 8219, 8213, 8198, 8174,6.677310228347778
42, 8189, 8188, 8205, 8198, 8173, 8145, 8137, 8170, 8155, 8158, 8219, 8213, 8187, 8175,6.677310228347778
43, 8189, 8187, 8138, 8204, 8172, 8130, 8146, 8159, 8167, 8167, 8221, 8186, 8185, 8164,6.69390344619751
44, 8203, 8201, 8213, 8205, 8171, 8135, 8143, 8175, 8153, 8158, 8214, 8198, 8175, 8161,6.69390344619751
45, 8193, 8200, 8162, 8223, 8182, 8154, 8158, 8172, 8164, 8166, 8227, 8198, 8182, 8162,6.708406925201416
46, 8183, 8183, 8157, 8220, 8187, 8160, 8172, 8171, 8172, 8173, 8219, 8179, 8180, 8167,6.708406925201416
47, 8180, 8183, 8203, 8213, 8189, 8180, 8183, 8180, 8172, 8185, 8192, 8173, 8172, 8172,6.723450183868408
48, 8175, 8177, 8130, 8223, 8193, 8189, 8198, 8168, 8194, 8205, 8190, 8160, 8185, 8171,6.723450183868408
49, 8186, 8183, 8195, 8215, 8181, 8195, 8192, 8175, 8193, 8195, 8198, 8183, 8191, 8182,6.740018367767334
50, 8190, 8187, 8161, 8220, 8181, 8192, 8205, 8170, 8198, 8208, 8199, 8184, 8190, 8190,6.7556657791137695
51, 8189, 8175, 8150, 8208, 8178, 8173, 8206, 8170, 8203, 8212, 8178, 8165, 8182, 8186,6.7556657791137695
52, 8189, 8177, 8203, 8188, 8170, 8171, 8187, 8178, 8193, 8181, 8174, 8178, 8176, 8180,6.7556657791137695
53, 8193, 8170, 8131, 8191, 8172, 8157, 8174, 8163, 8193, 8178, 8196, 8185, 8186, 8177,6.770208358764648
54, 8204, 8173, 8195, 8173, 8165, 8157, 8159, 8168, 8185, 8180, 8196, 8201, 8192, 8184,6.785659551620483
55, 8192, 8182, 8171, 8180, 8168, 8171, 8177, 8162, 8191, 8185, 8192, 8192, 8196, 8177,6.785659551620483
56, 8187, 8181, 8147, 8189, 8176, 8156, 8174, 8157, 8185, 8180, 8198, 8183, 8187, 8167,6.802480220794678
57, 8204, 8190, 8210, 8189, 8183, 8154, 8148, 8168, 8168, 8175, 8210, 8205, 8185, 8174,6.802480220794678
58, 8207, 8188, 8149, 8209, 8185, 8152, 8154, 8158, 8171, 8183, 8225, 8200, 8201, 8176,6.819456577301025
59, 8205, 8197, 8214, 8202, 8177, 8150, 8158, 8171, 8164, 8171, 8223, 8209, 8199, 8177,6.819456577301025
60, 8205, 8212, 8191, 8216, 8188, 8159, 8169, 8174, 8181, 8183, 8224, 8208, 8192, 8170,6.819456577301025
61, 8194, 8200, 8146, 8231, 8195, 8159, 8171, 8166, 8185, 8189, 8214, 8185, 8182, 8155,6.833005428314209
62, 8174, 8191, 8208, 8217, 8181, 8169, 8161, 8174, 8162, 8172, 8198, 8182, 8166, 8152,6.848201513290405
63, 8173, 8187, 8142, 8235, 8185, 8171, 8181, 8166, 8172, 8192, 8210, 8182, 8181, 8164,6.848201513290405
64, 8202, 8199, 8215, 8260, 8190, 8174, 8189, 8180, 8169, 8188, 8221, 8218, 8203, 8185,6.863553047180176
65, 8216, 8210, 8228, 8287, 8189, 8181, 8194, 8177, 8169, 8184, 8239, 8251, 8227, 8201,6.863553047180176
66, 8217, 8204, 8174, 8296, 8186, 8165, 8188, 8159, 8173, 8200, 8252, 8248, 8235, 8201,6.879629611968994
67, 8217, 8202, 8241, 8280, 8176, 8161, 8170, 8168, 8161, 8190, 8242, 8253, 8219, 8198,6.879629611968994
68, 8210, 8188, 8170, 8276, 8176, 8158, 8176, 8161, 8182, 8188, 8245, 8245, 8226, 8190,6.895302057266235
69, 8215, 8193, 8210, 8268, 8182, 8154, 8169, 8171, 8190, 8185, 8252, 8257, 8235, 8192,6.895302057266235
70, 8224, 8212, 8235, 8288, 8185, 8157, 8163, 8176, 8182, 8182, 8254, 8270, 8224, 8193,6.91124701499939
71, 8225, 8204, 8178, 8295, 8179, 8149, 8160, 8161, 8175, 8176, 8252, 8256, 8214, 8189,6.91124701499939
72, 8221, 8203, 8243, 8263, 8166, 8156, 8151, 8170, 8152, 8163, 8249, 8270, 8213, 8187,6.927648067474365
73, 8212, 8199, 8182, 8269, 8166, 8157, 8159, 8163, 8152, 8167, 8256, 8260, 8216, 8175,6.927648067474365
74, 8216, 8204, 8205, 8273, 8169, 8152, 8157, 8166, 8146, 8151, 8246, 8252, 8203, 8173,6.943192481994629
75, 8219, 8218, 8228, 8262, 8179, 8167, 8174, 8174, 8160, 8159, 8231, 8262, 8200, 8179,6.943192481994629
76, 8208, 8201, 8161, 8256, 8185, 8160, 8185, 8170, 8182, 8185, 8225, 8244, 8203, 8179,6.958080768585205
77, 8212, 8202, 8228, 8244, 8183, 8157, 8169, 8178, 8163, 8169, 8220, 8242, 8189, 8181,6.958080768585205
78, 8214, 8208, 8173, 8253, 8192, 8162, 8175, 8159, 8154, 8172, 8214, 8229, 8185, 8177,6.973433256149292
79, 8207, 8196, 8180, 8246, 8192, 8160, 8170, 8162, 8141, 8176, 8188, 8214, 8173, 8175,6.973433256149292
80, 8207, 8200, 8214, 8238, 8195, 8174, 8174, 8177, 8145, 8178, 8186, 8210, 8174, 8175,6.989325284957886
81, 8209, 8201, 8147, 8241, 8203, 8175, 8194, 8164, 8166, 8194, 8202, 8192, 8188, 8165,6.989325284957886
82, 8201, 8199, 8217, 8225, 8198, 8178, 8180, 8168, 8154, 8187, 8179, 8196, 8172, 8163,7.004528045654297
83, 8182, 8183, 8165, 8234, 8198, 8181, 8177, 8158, 8160, 8190, 8164, 8174, 8166, 8159,7.004528045654297
84, 8178, 8165, 8148, 8216, 8189, 8174, 8182, 8159, 8167, 8191, 8162, 8157, 8174, 8155,7.019436359405518
85, 8169, 8166, 8181, 8180, 8183, 8183, 8188, 8173, 8165, 8200, 8160, 8168, 8176, 8162,7.019436359405518
86, 8156, 8155, 8111, 8185, 8191, 8181, 8202, 8164, 8176, 8215, 8162, 8152, 8180, 8158,7.034764289855957
87, 8172, 8164, 8190, 8190, 8190, 8181, 8202, 8178, 8173, 8204, 8167, 8167, 8185, 8167,7.034764289855957
88, 8173, 8171, 8157, 8195, 8187, 8183, 8216, 8175, 8183, 8212, 8175, 8174, 8197, 8179,7.050750017166138
89, 8162, 8158, 8129, 8175, 8182, 8173, 8212, 8171, 8178, 8196, 8150, 8149, 8180, 8165,7.050750017166138
90, 8169, 8163, 8182, 8162, 8184, 8183, 8203, 8181, 8170, 8178, 8137, 8147, 8161, 8155,7.066408634185791
91, 8175, 8161, 8122, 8176, 8194, 8182, 8209, 8166, 8190, 8206, 8161, 8146, 8181, 8169,7.066408634185791
92, 8185, 8169, 8191, 8175, 8188, 8175, 8200, 8171, 8182, 8195, 8157, 8164, 8192, 8180,7.081560850143433
93, 8184, 8177, 8160, 8186, 8192, 8181, 8209, 8168, 8171, 8168, 8143, 8156, 8179, 8164,7.081560850143433
94, 8178, 8166, 8128, 8176, 8191, 8170, 8210, 8160, 8161, 8159, 8142, 8140, 8163, 8155,7.097161769866943
95, 8184, 8179, 8194, 8166, 8182, 8162, 8200, 8173, 8173, 8174, 8163, 8169, 8180, 8172,7.097161769866943
96, 8190, 8188, 8129, 8192, 8193, 8153, 8214, 8171, 8206, 8202, 8196, 8180, 8207, 8184,7.1123011112213135
97, 8201, 8195, 8191, 8197, 8196, 8155, 8205, 8181, 8190, 8188, 8198, 8187, 8197, 8181,7.1123011112213135
98, 8205, 8199, 8179, 8198, 8195, 8163, 8201, 8172, 8180, 8183, 8195, 8181, 8194, 8166,7.128383636474609
99, 8198, 8190, 8136, 8188, 8196, 8152, 8199, 8164, 8180, 8184, 8192, 8162, 8194, 8153,7.128383636474609
100, 8179, 8189, 8197, 8168, 8195, 8156, 8181, 8180, 8162, 8174, 8185, 8164, 8178, 8148,7.14439582824707
101, 8159, 8177, 8119, 8176, 8202, 8158, 8189, 8168, 8164, 8187, 8176, 8137, 8174, 8138,7.14439582824707
102, 8161, 8171, 8165, 8169, 8202, 8167, 8207, 8174, 8173, 8193, 8154, 8130, 8170, 8143,7.160456895828247
103, 8160, 8170, 8168, 8172, 8207, 8193, 8232, 8180, 8208, 8213, 8151, 8136, 8178, 8153,7.160456895828247
104, 8160, 8159, 8120, 8178, 8210, 8191, 8231, 8172, 8222, 8223, 8154, 8123, 8183, 8156,7.1760642528533936
105, 8168, 8168, 8186, 8159, 8199, 8184, 8206, 8179, 8192, 8207, 8144, 8139, 8178, 8167,7.1760642528533936
106, 8173, 8167, 8123, 8165, 8202, 8180, 8213, 8169, 8205, 8205, 8151, 8148, 8190, 8173,7.191163539886475
107, 8191, 8170, 8172, 8157, 8207, 8176, 8212, 8176, 8218, 8182, 8158, 8162, 8194, 8179,7.191163539886475
108, 8195, 8181, 8187, 8149, 8203, 8175, 8211, 8177, 8206, 8174, 8162, 8164, 8190, 8170,7.20733118057251
109, 8181, 8175, 8123, 8154, 8200, 8161, 8206, 8167, 8188, 8182, 8169, 8142, 8179, 8149,7.20733118057251
110, 8174, 8185, 8197, 8149, 8209, 8170, 8186, 8178, 8164, 8160, 8165, 8149, 8163, 8142,7.22266411781311
111, 8166, 8187, 8144, 8168, 8224, 8182, 8192, 8167, 8171, 8162, 8166, 8140, 8169, 8140,7.22266411781311
112, 8167, 8178, 8171, 8167, 8219, 8179, 8182, 8167, 8174, 8172, 8162, 8140, 8170, 8146,7.238332033157349
113, 8176, 8181, 8197, 8169, 8218, 8192, 8180, 8171, 8183, 8185, 8162, 8148, 8169, 8156,7.238332033157349
114, 8184, 8178, 8133, 8189, 8229, 8193, 8204, 8163, 8198, 8209, 8167, 8136, 8182, 8165,7.254069089889526
115, 8184, 8182, 8207, 8182, 8221, 8197, 8218, 8176, 8188, 8206, 8157, 8147, 8184, 8175,7.254069089889526
116, 8163, 8165, 8146, 8165, 8211, 8201, 8231, 8166, 8205, 8211, 8166, 8140, 8195, 8168,7.269198179244995
117, 8157, 8153, 8148, 8138, 8204, 8186, 8217, 8167, 8209, 8210, 8169, 8138, 8198, 8156,7.269198179244995
118, 8163, 8172, 8190, 8150, 8201, 8177, 8201, 8178, 8200, 8199, 8154, 8155, 8184, 8163,7.285246849060059
119, 8174, 8177, 8132, 8176, 8208, 8165, 8197, 8168, 8211, 8214, 8157, 8154, 8211, 8172,7.285246849060059
120, 8198, 8188, 8207, 8156, 8211, 8168, 8185, 8179, 8208, 8218, 8182, 8181, 8221, 8183,7.300529718399048
121, 8203, 8192, 8167, 8158, 8216, 8176, 8199, 8176, 8218, 8210, 8197, 8185, 8177, 8191,7.315037250518799
122, 8199, 8191, 8164, 8168, 8221, 8167, 8195, 8172, 8212, 8196, 8176, 8169, 8174, 8185,7.315037250518799
123, 8193, 8204, 8200, 8166, 8230, 8165, 8179, 8174, 8189, 8201, 8169, 8166, 8218, 8169,7.330653667449951
124, 8183, 8191, 8123, 8165, 8232, 8151, 8184, 8160, 8188, 8203, 8182, 8154, 8210, 8159,7.330653667449951
125, 8193, 8182, 8200, 8141, 8216, 8155, 8176, 8173, 8189, 8178, 8180, 8176, 8183, 8168,7.347208023071289
126, 8197, 8188, 8173, 8149, 8226, 8167, 8174, 8165, 8191, 8193, 8183, 8180, 8203, 8165,7.347208023071289
127, 8186, 8190, 8147, 8156, 8244, 8152, 8159, 8152, 8159, 8177, 8164, 8160, 8177, 8154,7.361447334289551
236, 8181, 8200, 8189, 8142, 8243, 8153, 8151, 8164, 8142, 8141, 8152, 8170, 8147, 8151,7.361447334289551
0, 8180, 8196, 8120, 8150, 8236, 8154, 8171, 8164, 8167, 8160, 8166, 8166, 8169, 8143,7.37717080116272
1, 8182, 8194, 8190, 8140, 8232, 8161, 8172, 8181, 8167, 8168, 8153, 8166, 8161, 8150,7.37717080116272
2, 8178, 8192, 8173, 8141, 8246, 8172, 8182, 8178, 8184, 8183, 8154, 8162, 8157, 8160,7.395060300827026
3, 8184, 8191, 8154, 8158, 8253, 8163, 8180, 8170, 8193, 8194, 8162, 8163, 8161, 8160,7.395060300827026
4, 8192, 8204, 8219, 8173, 8254, 8164, 8169, 8178, 8184, 8184, 8159, 8183, 8154, 8163,7.40808629989624
5, 8192, 8194, 8143, 8169, 8262, 8164, 8177, 8164, 8197, 8194, 8170, 8164, 8158, 8158,7.40808629989624
6, 8198, 8190, 8198, 8144, 8256, 8171, 8167, 8170, 8174, 8171, 8159, 8160, 8143, 8158,7.423369407653809
7, 8193, 8198, 8194, 8171, 8262, 8180, 8174, 8169, 8155, 8151, 8137, 8160, 8125, 8154,7.423369407653809
8, 8182, 8186, 8151, 8173, 8267, 8173, 8189, 8167, 8160, 8162, 8136, 8141, 8121, 8143,7.438596963882446
9, 8170, 8175, 8198, 8127, 8256, 8184, 8188, 8179, 8154, 8157, 8136, 8137, 8113, 8137,7.438596963882446
10, 8147, 8158, 8113, 8132, 8260, 8187, 8191, 8163, 8160, 8148, 8123, 8114, 8112, 8130,7.454693078994751
11, 8146, 8162, 8163, 8143, 8278, 8185, 8184, 8167, 8160, 8150, 8110, 8124, 8112, 8140,7.454693078994751
12, 8147, 8172, 8169, 8144, 8291, 8196, 8193, 8173, 8170, 8176, 8121, 8132, 8117, 8142,7.470033884048462
13, 8135, 8149, 8115, 8132, 8274, 8176, 8185, 8164, 8175, 8175, 8118, 8103, 8116, 8128,7.470033884048462
14, 8125, 8138, 8175, 8115, 8252, 8159, 8162, 8170, 8166, 8156, 8097, 8097, 8108, 8123,7.485551357269287
15, 8119, 8139, 8107, 8123, 8259, 8166, 8185, 8161, 8184, 8177, 8107, 8092, 8119, 8122,7.485551357269287
16, 8127, 8146, 8148, 8111, 8253, 8173, 8195, 8172, 8193, 8171, 8112, 8109, 8123, 8132,7.500668287277222
17, 8132, 8156, 8167, 8108, 8251, 8173, 8181, 8174, 8201, 8161, 8106, 8119, 8120, 8129,7.500668287277222
18, 8144, 8157, 8115, 8120, 8270, 8160, 8172, 8161, 8206, 8163, 8106, 8111, 8120, 8125,7.5172882080078125
19, 8163, 8166, 8194, 8107, 8267, 8160, 8168, 8175, 8193, 8149, 8109, 8132, 8121, 8143,7.5172882080078125
20, 8161, 8160, 8135, 8110, 8259, 8150, 8173, 8159, 8192, 8152, 8113, 8132, 8129, 8146,7.532334804534912
21, 8165, 8162, 8164, 8111, 8258, 8143, 8152, 8156, 8164, 8135, 8107, 8135, 8120, 8142,7.532334804534912
22, 8168, 8182, 8198, 8124, 8263, 8158, 8149, 8168, 8145, 8124, 8115, 8140, 8114, 8137,7.548553228378296
23, 8164, 8181, 8132, 8137, 8268, 8153, 8163, 8159, 8146, 8124, 8118, 8117, 8111, 8123,7.548553228378296
24, 8167, 8186, 8207, 8117, 8266, 8161, 8149, 8165, 8133, 8104, 8098, 8128, 8097, 8121,7.564079761505127
25, 8154, 8178, 8148, 8122, 8271, 8171, 8150, 8160, 8145, 8122, 8108, 8123, 8104, 8122,7.564079761505127
26, 8145, 8168, 8143, 8134, 8267, 8163, 8147, 8169, 8142, 8132, 8121, 8113, 8114, 8124,7.579219341278076
27, 8150, 8183, 8193, 8152, 8266, 8170, 8149, 8176, 8143, 8128, 8119, 8124, 8121, 8134,7.579219341278076
28, 8146, 8179, 8131, 8166, 8273, 8171, 8156, 8157, 8169, 8152, 8118, 8109, 8124, 8131,7.594792366027832
29, 8138, 8167, 8183, 8143, 8264, 8183, 8148, 8169, 8166, 8161, 8113, 8111, 8119, 8132,7.594792366027832
30, 8129, 8155, 8134, 8147, 8259, 8192, 8169, 8172, 8171, 8158, 8114, 8107, 8124, 8137,7.610124349594116
31, 8131, 8150, 8138, 8154, 8255, 8182, 8181, 8172, 8173, 8148, 8104, 8095, 8117, 8132,7.610124349594116
32, 8135, 8166, 8185, 8155, 8259, 8195, 8188, 8178, 8168, 8158, 8103, 8104, 8113, 8129,7.6252970695495605
33, 8136, 8165, 8114, 8169, 8265, 8191, 8194, 8165, 8175, 8173, 8117, 8102, 8126, 8134,7.6252970695495605
34, 8147, 8161, 8180, 8148, 8237, 8175, 8173, 8171, 8167, 8153, 8105, 8113, 8125, 8144,7.6412858963012695
35, 8148, 8155, 8142, 8135, 8226, 8171, 8176, 8166, 8176, 8155, 8103, 8113, 8127, 8139,7.6412858963012695
36, 8152, 8154, 8130, 8138, 8241, 8175, 8176, 8166, 8171, 8155, 8109, 8114, 8130, 8137,7.657290935516357
37, 8158, 8175, 8195, 8149, 8247, 8189, 8172, 8176, 8160, 8147, 8112, 8131, 8127, 8140,7.657290935516357
38, 8156, 8166, 8113, 8151, 8236, 8175, 8181, 8159, 8181, 8162, 8121, 8122, 8136, 8135,7.672690391540527
39, 8159, 8152, 8170, 8120, 8219, 8165, 8155, 8167, 8172, 8153, 8125, 8135, 8140, 8139,7.672690391540527
40, 8156, 8157, 8161, 8132, 8226, 8173, 8144, 8168, 8168, 8158, 8139, 8144, 8152, 8144,7.688087463378906
41, 8162, 8166, 8137, 8149, 8239, 8168, 8150, 8167, 8180, 8170, 8149, 8144, 8163, 8149,7.688087463378906
42, 8173, 8188, 8201, 8142, 8249, 8173, 8151, 8180, 8187, 8166, 8163, 8165, 8167, 8151,7.704030990600586
43, 8172, 8188, 8135, 8167, 8260, 8168, 8160, 8168, 8202, 8180, 8182, 8152, 8173, 8137,7.704030990600586
44, 8169, 8188, 8191, 8174, 8250, 8156, 8152, 8175, 8181, 8171, 8163, 8143, 8150, 8124,7.719618082046509
45, 8149, 8185, 8174, 8167, 8241, 8165, 8164, 8171, 8166, 8159, 8147, 8130, 8134, 8118,7.719618082046509
46, 8136, 8167, 8128, 8158, 8236, 8172, 8187, 8161, 8175, 8161, 8147, 8113, 8134, 8118,7.735513687133789
47, 8142, 8169, 8195, 8157, 8233, 8183, 8194, 8178, 8177, 8163, 8131, 8125, 8129, 8126,7.735513687133789
48, 8135, 8161, 8114, 8164, 8239, 8186, 8197, 8172, 8180, 8179, 8117, 8101, 8129, 8127,7.751189470291138
49, 8136, 8156, 8152, 8140, 8227, 8183, 8181, 8174, 8167, 8170, 8111, 8101, 8128, 8129,7.751189470291138
50, 8146, 8158, 8165, 8131, 8213, 8178, 8185, 8167, 8179, 8174, 8121, 8131, 8137, 8137,7.7663493156433105
51, 8150, 8147, 8120, 8134, 8214, 8161, 8197, 8162, 8194, 8185, 8130, 8136, 8149, 8147,7.7663493156433105
52, 8165, 8165, 8198, 8128, 8223, 8167, 8194, 8183, 8191, 8180, 8142, 8157, 8161, 8168,7.781491994857788
53, 8185, 8180, 8148, 8145, 8232, 8170, 8187, 8172, 8208, 8198, 8169, 8165, 8179, 8174,7.781491994857788
54, 8195, 8181, 8188, 8148, 8227, 8163, 8153, 8169, 8193, 8185, 8176, 8174, 8179, 8173,7.797563076019287
55, 8187, 8193, 8202, 8165, 8234, 8168, 8153, 8178, 8176, 8173, 8188, 8184, 8184, 8169,7.797563076019287
56, 8182, 8196, 8141, 8178, 8237, 8157, 8168, 8174, 8180, 8190, 8199, 8174, 8186, 8158,7.8134307861328125
57, 8175, 8196, 8211, 8154, 8224, 8158, 8152, 8181, 8175, 8178, 8181, 8172, 8160, 8145,7.8134307861328125
58, 8146, 8175, 8147, 8163, 8225, 8170, 8166, 8166, 8179, 8175, 8161, 8135, 8143, 8130,7.828453779220581
59, 8130, 8154, 8153, 8160, 8225, 8184, 8188, 8172, 8171, 8183, 8147, 8116, 8136, 8130,7.828453779220581
60, 8127, 8160, 8168, 8147, 8223, 8206, 8210, 8182, 8180, 8190, 8155, 8129, 8139, 8137,7.844045639038086
61, 8125, 8151, 8105, 8141, 8212, 8191, 8213, 8161, 8191, 8182, 8153, 8118, 8146, 8140,7.844045639038086
62, 8138, 8146, 8188, 8119, 8184, 8169, 8178, 8164, 8167, 8163, 8132, 8130, 8142, 8151,7.859371900558472
63, 8163, 8154, 8150, 8131, 8193, 8166, 8179, 8164, 8172, 8185, 8154, 8152, 8161, 8160,7.859371900558472
64, 8195, 8173, 8170, 8141, 8207, 8163, 8190, 8171, 8179, 8187, 8190, 8184, 8180, 8173,7.875049591064453
65, 8203, 8188, 8215, 8149, 8199, 8171, 8192, 8174, 8171, 8174, 8202, 8201, 8176, 8180,7.875049591064453
66, 8189, 8175, 8155, 8173, 8199, 8170, 8196, 8159, 8172, 8186, 8197, 8172, 8171, 8167,7.891711711883545
67, 8185, 8175, 8221, 8172, 8208, 8181, 8191, 8176, 8162, 8193, 8178, 8169, 8167, 8167,7.891711711883545
68, 8180, 8175, 8167, 8187, 8223, 8194, 8204, 8173, 8178, 8222, 8189, 8172, 8182, 8184,7.906268835067749
69, 8194, 8172, 8172, 8192, 8222, 8194, 8198, 8167, 8201, 8241, 8212, 8186, 8203, 8206,7.922309398651123
70, 8199, 8177, 8222, 8174, 8203, 8194, 8182, 8173, 8201, 8237, 8205, 8201, 8206, 8204,7.922309398651123
71, 8171, 8156, 8125, 8152, 8194, 8173, 8179, 8163, 8193, 8230, 8188, 8167, 8190, 8171,7.922309398651123
72, 8163, 8157, 8190, 8131, 8195, 8167, 8172, 8175, 8175, 8203, 8192, 8173, 8176, 8161,7.939020872116089
73, 8174, 8166, 8178, 8147, 8201, 8177, 8193, 8173, 8186, 8204, 8204, 8189, 8189, 8168,7.939020872116089
74, 8181, 8157, 8156, 8144, 8201, 8171, 8201, 8178, 8190, 8207, 8189, 8174, 8180, 8165,7.952169179916382
75, 8176, 8167, 8210, 8132, 8206, 8177, 8196, 8190, 8181, 8203, 8189, 8175, 8167, 8159,7.970468997955322
76, 8163, 8167, 8143, 8153, 8211, 8167, 8200, 8174, 8185, 8214, 8210, 8168, 8176, 8153,7.970468997955322
77, 8164, 8164, 8195, 8149, 8196, 8163, 8181, 8179, 8151, 8181, 8191, 8171, 8159, 8152,7.970468997955322
78, 8171, 8165, 8174, 8158, 8197, 8182, 8187, 8176, 8139, 8168, 8179, 8165, 8155, 8155,7.985036373138428
79, 8185, 8160, 8157, 8172, 8201, 8181, 8201, 8169, 8149, 8191, 8178, 8157, 8167, 8162,7.985036373138428
80, 8193, 8168, 8228, 8175, 8193, 8185, 8195, 8178, 8147, 8198, 8171, 8176, 8166, 8178,8.001015424728394
81, 8196, 8167, 8152, 8188, 8199, 8192, 8202, 8168, 8164, 8215, 8187, 8171, 8179, 8192,8.001015424728394
82, 8211, 8172, 8208, 8185, 8204, 8195, 8193, 8178, 8165, 8225, 8199, 8186, 8194, 8202,8.017422199249268
83, 8208, 8174, 8205, 8194, 8204, 8196, 8185, 8178, 8166, 8237, 8211, 8195, 8207, 8200,8.017422199249268
84, 8194, 8159, 8157, 8195, 8196, 8183, 8173, 8168, 8165, 8234, 8218, 8188, 8215, 8197,8.041381597518921
85, 8188, 8166, 8220, 8178, 8191, 8190, 8171, 8172, 8159, 8222, 8211, 8200, 8212, 8199,8.042380571365356
86, 8176, 8159, 8141, 8176, 8195, 8188, 8191, 8154, 8174, 8235, 8207, 8177, 8204, 8177,8.042380571365356
87, 8166, 8141, 8172, 8150, 8176, 8166, 8169, 8162, 8152, 8203, 8178, 8161, 8179, 8155,8.062490463256836
88, 8154, 8139, 8171, 8133, 8164, 8163, 8157, 8171, 8141, 8175, 8162, 8168, 8168, 8149,8.062490463256836
89, 8151, 8140, 8116, 8129, 8171, 8161, 8168, 8159, 8156, 8184, 8172, 8163, 8173, 8143,8.07807207107544
90, 8164, 8159, 8197, 8123, 8170, 8168, 8165, 8171, 8160, 8192, 8176, 8182, 8176, 8143,8.07807207107544
91, 8170, 8157, 8142, 8143, 8168, 8163, 8172, 8172, 8175, 8200, 8182, 8183, 8191, 8144,8.0931715965271
92, 8177, 8153, 8172, 8133, 8161, 8156, 8171, 8183, 8168, 8180, 8185, 8191, 8189, 8158,8.0931715965271
93, 8189, 8174, 8196, 8135, 8171, 8170, 8178, 8182, 8166, 8186, 8191, 8208, 8186, 8170,8.109486103057861
94, 8194, 8178, 8150, 8157, 8184, 8169, 8178, 8163, 8170, 8194, 8189, 8195, 8178, 8157,8.109486103057861
95, 8192, 8183, 8227, 8153, 8175, 8175, 8168, 8179, 8148, 8171, 8185, 8198, 8164, 8152,8.125409126281738
96, 8183, 8179, 8166, 8157, 8174, 8172, 8179, 8175, 8146, 8181, 8201, 8185, 8177, 8156,8.125409126281738
97, 8181, 8176, 8183, 8155, 8177, 8161, 8166, 8171, 8125, 8176, 8191, 8180, 8175, 8155,8.141102075576782
98, 8178, 8191, 8213, 8182, 8183, 8178, 8164, 8176, 8120, 8172, 8180, 8185, 8162, 8155,8.141102075576782
99, 8175, 8185, 8143, 8210, 8189, 8182, 8183, 8172, 8145, 8191, 8183, 8163, 8163, 8157,8.159001111984253
100, 8160, 8169, 8202, 8177, 8176, 8185, 8177, 8181, 8131, 8187, 8172, 8160, 8157, 8150,8.159001111984253
101, 8135, 8151, 8136, 8162, 8170, 8187, 8187, 8165, 8130, 8194, 8161, 8143, 8157, 8131,8.17203950881958
102, 8141, 8149, 8141, 8168, 8172, 8182, 8197, 8171, 8150, 8197, 8143, 8138, 8161, 8139,8.17203950881958
103, 8155, 8160, 8188, 8170, 8174, 8188, 8199, 8185, 8176, 8202, 8151, 8162, 8169, 8162,8.18799090385437
104, 8150, 8148, 8119, 8163, 8174, 8177, 8195, 8168, 8188, 8214, 8183, 8168, 8181, 8160,8.18799090385437
105, 8159, 8159, 8187, 8145, 8162, 8167, 8171, 8174, 8168, 8188, 8182, 8186, 8177, 8149,8.203038930892944
106, 8166, 8172, 8155, 8158, 8166, 8165, 8173, 8175, 8174, 8179, 8178, 8187, 8176, 8148,8.203038930892944
107, 8172, 8172, 8158, 8160, 8179, 8166, 8174, 8174, 8181, 8192, 8192, 8192, 8176, 8158,8.218994855880737
108, 8178, 8180, 8210, 8153, 8183, 8176, 8169, 8176, 8175, 8201, 8209, 8210, 8182, 8154,8.218994855880737
109, 8169, 8179, 8141, 8164, 8175, 8162, 8169, 8168, 8168, 8201, 8208, 8182, 8185, 8140,8.234148979187012
110, 8180, 8195, 8211, 8169, 8174, 8165, 8154, 8181, 8152, 8188, 8199, 8184, 8174, 8150,8.234148979187012
111, 8191, 8199, 8174, 8189, 8195, 8185, 8166, 8171, 8170, 8209, 8205, 8191, 8184, 8158,8.250231742858887
112, 8178, 8182, 8146, 8190, 8194, 8178, 8169, 8165, 8168, 8209, 8187, 8169, 8186, 8151,8.250231742858887
113, 8163, 8184, 8205, 8180, 8185, 8185, 8166, 8178, 8147, 8189, 8162, 8162, 8174, 8148,8.266001224517822
114, 8156, 8164, 8121, 8178, 8188, 8195, 8190, 8168, 8167, 8205, 8157, 8148, 8178, 8146,8.266001224517822
115, 8155, 8144, 8163, 8133, 8166, 8189, 8195, 8179, 8174, 8206, 8144, 8155, 8174, 8147,8.281203508377075
116, 8148, 8143, 8146, 8113, 8152, 8177, 8195, 8175, 8181, 8202, 8142, 8155, 8177, 8146,8.281203508377075
117, 8157, 8148, 8127, 8123, 8155, 8164, 8186, 8168, 8180, 8191, 8151, 8159, 8182, 8148,8.297502994537354
118, 8156, 8166, 8198, 8111, 8150, 8168, 8171, 8181, 8154, 8162, 8146, 8181, 8165, 8141,8.297502994537354
119, 8141, 8166, 8123, 8114, 8151, 8162, 8171, 8167, 8143, 8155, 8145, 8156, 8150, 8115,8.313101768493652
120, 8162, 8172, 8177, 8127, 8157, 8164, 8163, 8171, 8137, 8156, 8147, 8156, 8145, 8121,8.313101768493652
121, 8173, 8181, 8180, 8149, 8167, 8182, 8181, 8174, 8154, 8182, 8154, 8169, 8151, 8142,8.328381538391113
122, 8158, 8168, 8138, 8142, 8166, 8179, 8193, 8171, 8158, 8194, 8149, 8158, 8145, 8138,8.328381538391113
123, 8156, 8162, 8208, 8131, 8157, 8190, 8177, 8183, 8143, 8181, 8136, 8164, 8141, 8135,8.343554735183716
124, 8162, 8158, 8145, 8162, 8165, 8195, 8185, 8165, 8167, 8218, 8151, 8160, 8162, 8148,8.343554735183716
125, 8167, 8159, 8187, 8152, 8166, 8186, 8183, 8164, 8179, 8233, 8157, 8169, 8165, 8158,8.359596252441406
126, 8168, 8165, 8189, 8139, 8163, 8188, 8178, 8169, 8177, 8215, 8157, 8174, 8164, 8148,8.359596252441406
127, 8176, 8161, 8140, 8153, 8166, 8175, 8180, 8158, 8171, 8207, 8165, 8168, 8171, 8140,8.375389575958252
236, 8185, 8172, 8221, 8148, 8165, 8169, 8181, 8168, 8160, 8203, 8171, 8192, 8173, 8147,8.375389575958252
0, 8167, 8161, 8150, 8142, 8163, 8166, 8192, 8166, 8175, 8204, 8182, 8182, 8174, 8133,8.39038634300232
1, 8154, 8150, 8163, 8124, 8152, 8156, 8170, 8176, 8167, 8187, 8174, 8173, 8161, 8124,8.39038634300232
2, 8154, 8167, 8186, 8128, 8155, 8163, 8155, 8179, 8155, 8188, 8165, 8180, 8156, 8128,8.405925989151001
3, 8147, 8164, 8135, 8144, 8166, 8170, 8165, 8166, 8151, 8191, 8159, 8166, 8154, 8123,8.405925989151001
4, 8151, 8165, 8207, 8140, 8163, 8186, 8169, 8175, 8132, 8173, 8160, 8173, 8153, 8133,8.421369314193726
5, 8163, 8171, 8152, 8155, 8172, 8191, 8188, 8167, 8138, 8186, 8174, 8172, 8165, 8147,8.421369314193726
6, 8175, 8175, 8177, 8156, 8171, 8175, 8177, 8164, 8126, 8186, 8157, 8175, 8154, 8149,8.437625169754028
7, 8179, 8182, 8215, 8162, 8161, 8172, 8160, 8161, 8113, 8175, 8153, 8179, 8140, 8146,8.437625169754028
8, 8176, 8169, 8143, 8169, 8164, 8167, 8166, 8155, 8117, 8176, 8159, 8155, 8145, 8140,8.453008890151978
9, 8170, 8168, 8208, 8156, 8168, 8177, 8169, 8175, 8112, 8173, 8146, 8165, 8143, 8137,8.453008890151978
10, 8159, 8172, 8158, 8175, 8176, 8178, 8172, 8165, 8135, 8197, 8165, 8169, 8152, 8138,8.468373537063599
11, 8158, 8168, 8163, 8168, 8172, 8163, 8147, 8163, 8142, 8195, 8178, 8170, 8153, 8140,8.468373537063599
12, 8148, 8167, 8203, 8147, 8164, 8175, 8142, 8175, 8135, 8189, 8167, 8180, 8152, 8135,8.484483480453491
13, 8138, 8158, 8128, 8162, 8163, 8173, 8168, 8158, 8141, 8214, 8174, 8160, 8160, 8126,8.484483480453491
14, 8142, 8162, 8188, 8154, 8160, 8167, 8168, 8167, 8128, 8212, 8177, 8163, 8154, 8125,8.50037693977356
15, 8131, 8159, 8147, 8158, 8163, 8170, 8177, 8168, 8147, 8218, 8175, 8165, 8157, 8127,8.50037693977356
16, 8127, 8150, 8147, 8167, 8156, 8169, 8180, 8168, 8169, 8216, 8166, 8162, 8156, 8130,8.515491485595703
17, 8130, 8155, 8198, 8155, 8151, 8185, 8172, 8175, 8167, 8200, 8155, 8166, 8141, 8121,8.515491485595703
18, 8125, 8139, 8114, 8142, 8150, 8179, 8172, 8161, 8165, 8201, 8150, 8147, 8132, 8109,8.531144380569458
19, 8133, 8138, 8176, 8126, 8135, 8163, 8160, 8168, 8142, 8186, 8143, 8157, 8127, 8122,8.531144380569458
20, 8130, 8141, 8149, 8129, 8130, 8158, 8166, 8163, 8137, 8183, 8141, 8150, 8135, 8124,8.546180248260498
21, 8132, 8128, 8131, 8114, 8124, 8153, 8157, 8154, 8134, 8174, 8140, 8142, 8140, 8117,8.546180248260498
22, 8153, 8148, 8203, 8107, 8125, 8163, 8147, 8167, 8132, 8162, 8147, 8173, 8143, 8128,8.561385154724121
23, 8161, 8158, 8142, 8132, 8141, 8161, 8154, 8162, 8151, 8180, 8162, 8176, 8154, 8133,8.561385154724121
24, 8161, 8152, 8193, 8122, 8132, 8153, 8118, 8165, 8136, 8173, 8156, 8185, 8149, 8126,8.57746410369873
25, 8152, 8155, 8168, 8127, 8129, 8144, 8092, 8156, 8130, 8172, 8165, 8195, 8146, 8111,8.57746410369873
26, 8148, 8165, 8145, 8143, 8144, 8131, 8095, 8158, 8132, 8177, 8174, 8193, 8143, 8102,8.593425512313843
27, 8140, 8177, 8214, 8135, 8145, 8149, 8103, 8170, 8113, 8161, 8155, 8187, 8125, 8096,8.593425512313843
28, 8115, 8155, 8125, 8128, 8142, 8154, 8116, 8147, 8101, 8146, 8132, 8144, 8102, 8067,8.60941743850708
29, 8105, 8147, 8162, 8119, 8140, 8149, 8118, 8161, 8096, 8134, 8118, 8140, 8087, 8057,8.60941743850708
30, 8106, 8153, 8163, 8139, 8139, 8166, 8140, 8177, 8128, 8160, 8128, 8150, 8105, 8076,8.624000787734985
31, 8104, 8137, 8124, 8139, 8131, 8170, 8152, 8164, 8138, 8171, 8120, 8130, 8106, 8086,8.624000787734985
32, 8099, 8129, 8182, 8108, 8118, 8168, 8135, 8165, 8103, 8144, 8083, 8126, 8081, 8080,8.640344619750977
33, 8101, 8119, 8107, 8112, 8111, 8154, 8133, 8156, 8117, 8154, 8084, 8123, 8098, 8079,8.640344619750977
34, 8122, 8129, 8160, 8106, 8098, 8148, 8123, 8167, 8141, 8165, 8112, 8155, 8130, 8105,8.656278371810913
35, 8132, 8146, 8183, 8105, 8107, 8160, 8133, 8173, 8153, 8173, 8145, 8188, 8145, 8126,8.656278371810913
36, 8142, 8138, 8134, 8124, 8125, 8146, 8141, 8168, 8153, 8171, 8160, 8184, 8150, 8124,8.67013168334961
37, 8155, 8152, 8211, 8131, 8125, 8146, 8125, 8175, 8134, 8150, 8149, 8197, 8142, 8120,8.686487436294556
38, 8141, 8153, 8142, 8133, 8125, 8155, 8126, 8158, 8130, 8154, 8150, 8188, 8136, 8108,8.686487436294556
39, 8132, 8142, 8156, 8113, 8117, 8145, 8105, 8166, 8111, 8150, 8159, 8181, 8135, 8099,8.686487436294556
40, 8134, 8150, 8177, 8128, 8120, 8151, 8097, 8171, 8111, 8158, 8169, 8180, 8136, 8100,8.702076196670532
41, 8120, 8152, 8115, 8162, 8131, 8163, 8119, 8154, 8123, 8175, 8154, 8152, 8119, 8096,8.717183113098145
42, 8107, 8152, 8182, 8151, 8126, 8177, 8128, 8166, 8109, 8170, 8128, 8156, 8108, 8092,8.717183113098145
43, 8104, 8139, 8123, 8150, 8128, 8178, 8146, 8166, 8136, 8193, 8140, 8156, 8147, 8097,8.73234748840332
44, 8119, 8137, 8142, 8157, 8132, 8175, 8146, 8173, 8160, 8200, 8144, 8155, 8170, 8113,8.73234748840332
45, 8123, 8148, 8182, 8161, 8125, 8179, 8135, 8180, 8152, 8191, 8135, 8162, 8159, 8116,8.749229431152344
46, 8106, 8130, 8104, 8139, 8107, 8159, 8127, 8161, 8133, 8178, 8120, 8137, 8140, 8093,8.749229431152344
47, 8110, 8127, 8168, 8100, 8090, 8148, 8111, 8164, 8108, 8144, 8097, 8138, 8122, 8086,8.763408422470093
48, 8124, 8135, 8131, 8121, 8098, 8146, 8113, 8158, 8117, 8150, 8108, 8148, 8137, 8098,8.763408422470093
49, 8133, 8134, 8140, 8126, 8096, 8137, 8103, 8157, 8108, 8146, 8115, 8157, 8139, 8102,8.778537034988403
50, 8123, 8128, 8176, 8099, 8085, 8139, 8096, 8163, 8087, 8111, 8103, 8155, 8122, 8083,8.778537034988403
51, 8113, 8109, 8100, 8097, 8088, 8128, 8096, 8151, 8096, 8110, 8109, 8133, 8125, 8067,8.794270277023315
52, 8133, 8132, 8178, 8104, 8087, 8132, 8069, 8160, 8090, 8125, 8131, 8165, 8135, 8078,8.794270277023315
53, 8144, 8163, 8152, 8133, 8104, 8144, 8068, 8156, 8093, 8139, 8154, 8182, 8146, 8082,8.810283422470093
54, 8131, 8153, 8143, 8141, 8118, 8142, 8073, 8154, 8092, 8130, 8152, 8169, 8140, 8073,8.810283422470093
55, 8105, 8140, 8185, 8124, 8108, 8158, 8079, 8157, 8085, 8121, 8134, 8160, 8121, 8059,8.82585334777832
56, 8093, 8137, 8109, 8130, 8108, 8161, 8105, 8151, 8100, 8127, 8123, 8135, 8119, 8047,8.82585334777832
57, 8113, 8148, 8174, 8136, 8123, 8170, 8118, 8173, 8104, 8119, 8116, 8145, 8118, 8062,8.84128737449646
58, 8107, 8140, 8140, 8139, 8129, 8180, 8137, 8168, 8112, 8139, 8120, 8138, 8111, 8070,8.84128737449646
59, 8089, 8127, 8119, 8130, 8118, 8166, 8138, 8163, 8115, 8153, 8115, 8124, 8102, 8069,8.856437921524048
60, 8103, 8148, 8191, 8139, 8113, 8173, 8128, 8180, 8127, 8154, 8115, 8149, 8106, 8082,8.856437921524048
61, 8119, 8146, 8121, 8162, 8118, 8183, 8137, 8159, 8146, 8175, 8128, 8144, 8116, 8091,8.872132539749146
62, 8125, 8138, 8175, 8142, 8113, 8177, 8130, 8157, 8116, 8157, 8116, 8145, 8109, 8099,8.872132539749146
63, 8117, 8145, 8162, 8150, 8116, 8169, 8129, 8166, 8108, 8148, 8114, 8154, 8119, 8109,8.888377666473389
64, 8127, 8144, 8133, 8167, 8114, 8157, 8128, 8170, 8125, 8162, 8128, 8158, 8125, 8117,8.888377666473389
65, 8150, 8149, 8205, 8148, 8115, 8168, 8125, 8182, 8144, 8171, 8140, 8184, 8125, 8128,8.90343427658081
66, 8155, 8152, 8142, 8153, 8133, 8166, 8126, 8165, 8176, 8190, 8156, 8187, 8151, 8130,8.90343427658081
67, 8161, 8168, 8197, 8168, 8133, 8153, 8093, 8165, 8162, 8177, 8152, 8195, 8153, 8128,8.919403076171875
68, 8160, 8173, 8183, 8172, 8130, 8163, 8089, 8159, 8137, 8161, 8152, 8197, 8143, 8117,8.919403076171875
69, 8144, 8155, 8124, 8143, 8132, 8164, 8108, 8150, 8123, 8143, 8152, 8176, 8143, 8096,8.935492515563965
70, 8133, 8163, 8194, 8126, 8134, 8164, 8114, 8163, 8107, 8133, 8144, 8181, 8141, 8093,8.935492515563965
71, 8136, 8166, 8131, 8158, 8144, 8156, 8137, 8160, 8119, 8156, 8150, 8177, 8142, 8103,8.951024770736694
72, 8145, 8164, 8168, 8146, 8136, 8151, 8143, 8175, 8127, 8149, 8143, 8179, 8134, 8106,8.951024770736694
73, 8138, 8170, 8177, 8138, 8128, 8167, 8152, 8178, 8146, 8154, 8143, 8181, 8141, 8105,8.967112064361572
74, 8141, 8171, 8136, 8177, 8141, 8175, 8161, 8168, 8163, 8180, 8154, 8174, 8151, 8115,8.967112064361572
75, 8156, 8179, 8217, 8189, 8148, 8189, 8152, 8184, 8156, 8175, 8150, 8196, 8141, 8130,8.982174158096313
76, 8153, 8168, 8149, 8181, 8147, 8185, 8154, 8171, 8170, 8181, 8151, 8187, 8142, 8125,8.982174158096313
77, 8155, 8165, 8173, 8174, 8148, 8182, 8152, 8164, 8169, 8189, 8156, 8184, 8148, 8131,8.997310400009155
78, 8164, 8182, 8201, 8197, 8164, 8208, 8175, 8173, 8171, 8197, 8166, 8201, 8159, 8153,8.997310400009155
79, 8170, 8181, 8145, 8215, 8170, 8204, 8193, 8171, 8199, 8210, 8170, 8199, 8174, 8165,9.01244306564331
80, 8182, 8190, 8217, 8200, 8159, 8193, 8171, 8180, 8209, 8218, 8167, 8214, 8187, 8176,9.01244306564331
81, 8188, 8194, 8163, 8213, 8169, 8192, 8172, 8172, 8213, 8234, 8186, 8208, 8202, 8179,9.02813172340393
82, 8185, 8185, 8172, 8203, 8174, 8180, 8163, 8171, 8188, 8211, 8188, 8203, 8195, 8169,9.02813172340393
83, 8165, 8180, 8194, 8175, 8162, 8175, 8143, 8167, 8175, 8188, 8174, 8205, 8186, 8147,9.044189691543579
84, 8156, 8172, 8124, 8178, 8159, 8169, 8150, 8155, 8190, 8191, 8167, 8187, 8175, 8124,9.044189691543579
85, 8169, 8181, 8198, 8174, 8164, 8178, 8163, 8177, 8178, 8175, 8161, 8198, 8155, 8122,9.059631586074829
86, 8161, 8175, 8148, 8172, 8170, 8176, 8187, 8172, 8181, 8189, 8177, 8191, 8165, 8119,9.059631586074829
87, 8157, 8170, 8154, 8156, 8163, 8163, 8190, 8168, 8182, 8193, 8185, 8185, 8178, 8126,9.07564115524292
88, 8169, 8199, 8211, 8164, 8161, 8171, 8177, 8181, 8163, 8170, 8173, 8203, 8173, 8135,9.07564115524292
89, 8170, 8190, 8143, 8190, 8162, 8163, 8168, 8169, 8146, 8166, 8168, 8192, 8173, 8127,9.091481685638428
90, 8177, 8184, 8211, 8178, 8155, 8163, 8155, 8176, 8133, 8166, 8173, 8199, 8174, 8140,9.091481685638428
91, 8180, 8212, 8174, 8198, 8156, 8176, 8162, 8173, 8158, 8182, 8189, 8202, 8183, 8157,9.107432842254639
92, 8189, 8190, 8164, 8198, 8152, 8177, 8154, 8169, 8155, 8176, 8179, 8199, 8178, 8157,9.107432842254639
93, 8204, 8160, 8229, 8169, 8168, 8191, 8155, 8174, 8143, 8179, 8176, 8213, 8173, 8160,9.122284412384033
94, 8200, 8193, 8153, 8202, 8204, 8200, 8187, 8160, 8171, 8216, 8191, 8200, 8188, 8163,9.122284412384033
95, 8180, 8229, 8191, 8236, 8200, 8200, 8186, 8169, 8169, 8204, 8174, 8197, 8179, 8161,9.138381242752075
96, 8174, 8200, 8165, 8245, 8192, 8199, 8188, 8169, 8174, 8200, 8171, 8198, 8180, 8165,9.138381242752075
97, 8198, 8176, 8157, 8222, 8195, 8192, 8187, 8163, 8183, 8217, 8185, 8205, 8203, 8185,9.154485940933228
98, 8192, 8181, 8205, 8184, 8177, 8196, 8178, 8168, 8171, 8206, 8171, 8210, 8199, 8179,9.154485940933228
99, 8165, 8145, 8116, 8171, 8167, 8187, 8181, 8160, 8177, 8204, 8159, 8185, 8188, 8157,9.17058515548706
100, 8183, 8145, 8186, 8163, 8169, 8176, 8176, 8179, 8194, 8214, 8174, 8209, 8196, 8166,9.17058515548706
101, 8201, 8177, 8185, 8185, 8167, 8182, 8188, 8177, 8220, 8230, 8196, 8231, 8215, 8176,9.186285018920898
102, 8191, 8174, 8144, 8190, 8161, 8176, 8184, 8168, 8212, 8207, 8188, 8216, 8206, 8164,9.186285018920898
103, 8191, 8176, 8210, 8179, 8168, 8181, 8169, 8187, 8187, 8175, 8181, 8227, 8197, 8160,9.20201826095581
104, 8195, 8172, 8142, 8186, 8176, 8177, 8186, 8173, 8190, 8176, 8185, 8213, 8194, 8154,9.20201826095581
105, 8190, 8167, 8175, 8170, 8157, 8162, 8170, 8168, 8165, 8152, 8158, 8193, 8164, 8142,9.217436790466309
106, 8177, 8166, 8167, 8175, 8155, 8163, 8155, 8170, 8152, 8151, 8151, 8182, 8163, 8133,9.217436790466309
107, 8173, 8157, 8130, 8186, 8170, 8171, 8168, 8170, 8170, 8179, 8166, 8174, 8178, 8142,9.232967376708984
108, 8180, 8168, 8201, 8189, 8173, 8197, 8181, 8184, 8187, 8191, 8168, 8192, 8177, 8161,9.232967376708984
109, 8172, 8169, 8134, 8215, 8187, 8200, 8194, 8174, 8205, 8208, 8162, 8176, 8184, 8161,9.248405694961548
110, 8165, 8166, 8174, 8204, 8190, 8189, 8187, 8178, 8187, 8199, 8143, 8163, 8179, 8155,9.248405694961548
111, 8158, 8167, 8182, 8186, 8184, 8195, 8195, 8174, 8182, 8192, 8146, 8163, 8170, 8146,9.264317750930786
112, 8158, 8158, 8116, 8188, 8182, 8196, 8208, 8160, 8204, 8206, 8157, 8153, 8176, 8141,9.264317750930786
113, 8169, 8164, 8188, 8182, 8177, 8199, 8208, 8175, 8204, 8207, 8143, 8173, 8176, 8155,9.279037475585938
114, 8164, 8154, 8123, 8180, 8170, 8184, 8217, 8171, 8212, 8212, 8142, 8167, 8171, 8153,9.279037475585938
115, 8160, 8139, 8137, 8156, 8153, 8168, 8193, 8175, 8206, 8191, 8141, 8156, 8158, 8140,9.295140743255615
116, 8152, 8143, 8162, 8145, 8148, 8176, 8179, 8178, 8209, 8188, 8132, 8159, 8159, 8136,9.295140743255615
117, 8152, 8145, 8109, 8159, 8159, 8167, 8192, 8167, 8223, 8213, 8138, 8157, 8172, 8143,9.310322761535645
118, 8171, 8167, 8189, 8163, 8168, 8173, 8187, 8180, 8212, 8200, 8155, 8183, 8178, 8159,9.310322761535645
119, 8168, 8170, 8136, 8169, 8172, 8181, 8186, 8171, 8212, 8184, 8165, 8179, 8188, 8156,9.326342821121216
120, 8159, 8151, 8148, 8143, 8161, 8161, 8172, 8167, 8196, 8172, 8153, 8172, 8183, 8142,9.326342821121216
121, 8168, 8162, 8191, 8141, 8159, 8164, 8170, 8175, 8191, 8174, 8165, 8188, 8180, 8140,9.342374086380005
122, 8181, 8177, 8131, 8169, 8167, 8171, 8177, 8168, 8193, 8174, 8176, 8180, 8180, 8139,9.342374086380005
123, 8179, 8184, 8197, 8158, 8159, 8170, 8154, 8178, 8160, 8146, 8152, 8178, 8159, 8134,9.358441829681396
124, 8171, 8189, 8155, 8178, 8167, 8168, 8158, 8169, 8163, 8147, 8156, 8175, 8159, 8132,9.358441829681396
125, 8184, 8195, 8170, 8199, 8182, 8170, 8170, 8167, 8171, 8146, 8168, 8183, 8166, 8145,9.373965501785278
126, 8183, 8198, 8212, 8191, 8179, 8184, 8177, 8174, 8163, 8146, 8163, 8189, 8164, 8150,9.373965501785278
127, 8172, 8193, 8133, 8204, 8181, 8180, 8194, 8164, 8178, 8173, 8166, 8168, 8170, 8142,9.38957166671753
236, 8188, 8212, 8209, 8216, 8190, 8191, 8200, 8179, 8188, 8178, 8168, 8188, 8174, 8154,9.38957166671753
0, 8195, 8208, 8179, 8229, 8197, 8203, 8215, 8173, 8197, 8181, 8164, 8198, 8178, 8159,9.405079364776611
1, 8186, 8184, 8155, 8226, 8190, 8191, 8210, 8170, 8194, 8178, 8149, 8178, 8171, 8152,9.405079364776611
2, 8184, 8190, 8203, 8218, 8184, 8198, 8198, 8183, 8187, 8174, 8140, 8174, 8164, 8153,9.42099380493164
3, 8187, 8185, 8137, 8224, 8190, 8202, 8210, 8172, 8192, 8190, 8146, 8168, 8172, 8150,9.42099380493164
4, 8190, 8182, 8198, 8209, 8188, 8204, 8215, 8178, 8190, 8185, 8141, 8187, 8174, 8158,9.43602204322815
5, 8189, 8181, 8174, 8206, 8190, 8204, 8225, 8173, 8216, 8193, 8144, 8188, 8185, 8165,9.43602204322815
6, 8206, 8179, 8164, 8201, 8185, 8182, 8211, 8170, 8224, 8184, 8152, 8192, 8193, 8164,9.45107388496399
7, 8216, 8200, 8230, 8202, 8180, 8181, 8185, 8181, 8190, 8158, 8165, 8226, 8189, 8165,9.45107388496399
8, 8195, 8196, 8150, 8221, 8193, 8183, 8183, 8163, 8171, 8166, 8171, 8207, 8179, 8156,9.467177152633667
9, 8193, 8187, 8206, 8211, 8192, 8183, 8182, 8174, 8157, 8174, 8152, 8193, 8161, 8158,9.467177152633667
10, 8198, 8186, 8185, 8214, 8186, 8187, 8209, 8177, 8176, 8196, 8152, 8191, 8168, 8170,9.483098268508911
11, 8195, 8172, 8135, 8207, 8175, 8172, 8210, 8161, 8192, 8196, 8152, 8178, 8179, 8170,9.483098268508911
12, 8202, 8176, 8210, 8185, 8166, 8165, 8175, 8170, 8185, 8163, 8148, 8199, 8178, 8166,9.499274015426636
13, 8209, 8185, 8147, 8195, 8174, 8156, 8169, 8164, 8188, 8163, 8170, 8202, 8180, 8164,9.499274015426636
14, 8212, 8196, 8192, 8195, 8173, 8153, 8164, 8165, 8160, 8158, 8174, 8200, 8163, 8164,9.514357566833496
15, 8192, 8197, 8199, 8205, 8170, 8163, 8173, 8167, 8152, 8157, 8161, 8188, 8154, 8149,9.515358209609985
16, 8172, 8176, 8147, 8214, 8165, 8160, 8182, 8164, 8166, 8159, 8145, 8163, 8152, 8141,9.530993700027466
17, 8182, 8177, 8211, 8197, 8159, 8176, 8175, 8171, 8166, 8154, 8133, 8179, 8152, 8156,9.530993700027466
18, 8199, 8172, 8149, 8201, 8163, 8184, 8188, 8159, 8192, 8184, 8156, 8188, 8176, 8174,9.545174837112427
19, 8217, 8170, 8192, 8198, 8156, 8165, 8183, 8175, 8206, 8190, 8172, 8205, 8189, 8185,9.546174764633179
20, 8222, 8190, 8209, 8201, 8156, 8159, 8163, 8179, 8200, 8175, 8178, 8223, 8190, 8177,9.56220006942749
21, 8218, 8195, 8154, 8207, 8168, 8156, 8143, 8161, 8175, 8164, 8189, 8218, 8186, 8167,9.56220006942749
22, 8225, 8200, 8233, 8207, 8167, 8166, 8140, 8173, 8151, 8144, 8193, 8232, 8173, 8175,9.577213048934937
23, 8220, 8193, 8173, 8227, 8170, 8176, 8169, 8172, 8175, 8155, 8197, 8214, 8173, 8174,9.577213048934937
24, 8201, 8182, 8181, 8205, 8171, 8180, 8168, 8173, 8182, 8166, 8180, 8198, 8163, 8169,9.59303903579712
25, 8186, 8173, 8199, 8188, 8171, 8189, 8172, 8169, 8185, 8186, 8171, 8201, 8160, 8171,9.60909366607666
26, 8191, 8160, 8145, 8205, 8174, 8173, 8183, 8161, 8210, 8213, 8183, 8195, 8186, 8179,9.60909366607666
27, 8207, 8176, 8222, 8202, 8165, 8161, 8160, 8177, 8213, 8204, 8189, 8214, 8202, 8190,9.624141454696655
28, 8202, 8178, 8164, 8197, 8157, 8152, 8153, 8165, 8206, 8186, 8200, 8211, 8196, 8177,9.625141143798828
29, 8198, 8166, 8172, 8176, 8150, 8145, 8149, 8163, 8177, 8159, 8202, 8210, 8176, 8160,9.625141143798828
30, 8194, 8181, 8208, 8184, 8152, 8167, 8149, 8175, 8160, 8155, 8198, 8210, 8168, 8157,9.639995574951172
31, 8181, 8179, 8140, 8212, 8158, 8174, 8156, 8166, 8163, 8159, 8184, 8174, 8160, 8147,9.639995574951172
32, 8177, 8174, 8212, 8202, 8157, 8182, 8155, 8171, 8148, 8139, 8168, 8177, 8139, 8149,9.656095266342163
33, 8180, 8178, 8168, 8211, 8171, 8198, 8181, 8161, 8169, 8166, 8174, 8182, 8144, 8157,9.656095266342163
34, 8192, 8171, 8161, 8207, 8168, 8197, 8183, 8163, 8179, 8179, 8169, 8171, 8147, 8156,9.672081708908081
35, 8186, 8162, 8196, 8181, 8151, 8188, 8160, 8175, 8166, 8165, 8164, 8177, 8139, 8158,9.672081708908081
36, 8179, 8157, 8122, 8178, 8149, 8164, 8159, 8161, 8179, 8178, 8175, 8184, 8152, 8164,9.688404321670532
37, 8198, 8172, 8202, 8172, 8144, 8162, 8159, 8172, 8177, 8172, 8178, 8207, 8159, 8168,9.688404321670532
38, 8204, 8179, 8179, 8179, 8154, 8174, 8165, 8174, 8183, 8176, 8199, 8211, 8163, 8159,9.702996015548706
39, 8200, 8186, 8158, 8187, 8167, 8167, 8157, 8170, 8190, 8179, 8214, 8211, 8162, 8155,9.702996015548706
40, 8202, 8205, 8211, 8198, 8168, 8173, 8161, 8178, 8187, 8171, 8199, 8218, 8157, 8158,9.720293760299683
41, 8196, 8186, 8145, 8217, 8171, 8186, 8191, 8171, 8196, 8190, 8184, 8189, 8159, 8161,9.720293760299683
42, 8195, 8172, 8199, 8203, 8174, 8210, 8200, 8183, 8199, 8207, 8170, 8187, 8155, 8171,9.735076427459717
43, 8190, 8173, 8165, 8209, 8183, 8219, 8215, 8175, 8225, 8220, 8181, 8190, 8168, 8173,9.735076427459717
44, 8184, 8161, 8137, 8206, 8178, 8196, 8215, 8166, 8229, 8211, 8190, 8178, 8173, 8173,9.749293565750122
45, 8185, 8162, 8201, 8188, 8161, 8191, 8195, 8177, 8209, 8197, 8188, 8190, 8169, 8173,9.765783548355103
46, 8192, 8160, 8128, 8199, 8157, 8180, 8189, 8164, 8212, 8206, 8196, 8185, 8178, 8162,9.765783548355103
47, 8203, 8167, 8187, 8192, 8157, 8168, 8172, 8172, 8199, 8193, 8199, 8198, 8180, 8163,9.765783548355103
48, 8196, 8171, 8180, 8187, 8160, 8173, 8169, 8177, 8198, 8194, 8205, 8200, 8184, 8162,9.781874656677246
49, 8188, 8163, 8132, 8182, 8163, 8170, 8164, 8169, 8200, 8193, 8208, 8186, 8174, 8150,9.797551393508911
50, 8197, 8186, 8203, 8181, 8165, 8182, 8158, 8178, 8191, 8171, 8208, 8200, 8157, 8153,9.797551393508911
51, 8200, 8189, 8143, 8200, 8173, 8177, 8169, 8170, 8198, 8173, 8206, 8188, 8164, 8155,9.813694715499878
52, 8197, 8173, 8187, 8185, 8161, 8160, 8153, 8175, 8172, 8165, 8186, 8182, 8154, 8154,9.813694715499878
53, 8187, 8183, 8191, 8189, 8160, 8173, 8155, 8170, 8162, 8166, 8188, 8178, 8145, 8154,9.813694715499878
54, 8189, 8194, 8147, 8216, 8174, 8183, 8175, 8163, 8179, 8184, 8200, 8165, 8155, 8160,9.827310562133789
55, 8202, 8198, 8221, 8217, 8173, 8192, 8176, 8183, 8181, 8195, 8191, 8178, 8163, 8173,9.843080759048462
56, 8203, 8187, 8159, 8223, 8171, 8196, 8192, 8176, 8204, 8218, 8193, 8174, 8172, 8184,9.843080759048462
57, 8204, 8180, 8183, 8208, 8157, 8197, 8194, 8177, 8210, 8209, 8183, 8177, 8167, 8190,9.858670711517334
58, 8193, 8174, 8177, 8189, 8146, 8195, 8190, 8178, 8206, 8200, 8168, 8169, 8156, 8177,9.858670711517334
59, 8181, 8156, 8120, 8181, 8146, 8179, 8190, 8169, 8212, 8207, 8169, 8145, 8152, 8164,9.874265670776367
60, 8189, 8164, 8205, 8169, 8137, 8180, 8184, 8184, 8228, 8204, 8175, 8169, 8160, 8173,9.874265670776367
61, 8189, 8165, 8139, 8173, 8141, 8176, 8190, 8171, 8252, 8219, 8183, 8172, 8175, 8169,9.889927625656128
62, 8186, 8162, 8151, 8161, 8141, 8164, 8170, 8164, 8224, 8199, 8168, 8158, 8159, 8155,9.889927625656128
63, 8187, 8173, 8183, 8159, 8135, 8175, 8155, 8171, 8206, 8183, 8175, 8164, 8153, 8153,9.90507435798645
64, 8191, 8171, 8129, 8169, 8143, 8170, 8158, 8170, 8222, 8199, 8203, 8166, 8174, 8157,9.90507435798645
65, 8212, 8190, 8211, 8174, 8161, 8178, 8161, 8185, 8219, 8202, 8213, 8196, 8180, 8166,9.92023515701294
66, 8220, 8198, 8167, 8208, 8176, 8197, 8184, 8177, 8236, 8217, 8225, 8203, 8186, 8171,9.92023515701294
67, 8216, 8188, 8173, 8211, 8169, 8190, 8178, 8179, 8231, 8207, 8224, 8193, 8180, 8174,9.935365438461304
68, 8208, 8197, 8202, 8212, 8170, 8197, 8174, 8185, 8218, 8207, 8212, 8191, 8181, 8182,9.935365438461304
69, 8210, 8189, 8133, 8232, 8179, 8206, 8196, 8167, 8244, 8241, 8205, 8182, 8193, 8194,9.951017141342163
70, 8217, 8175, 8203, 8206, 8164, 8206, 8195, 8178, 8249, 8239, 8190, 8193, 8183, 8194,9.951017141342163
71, 8194, 8162, 8149, 8184, 8154, 8194, 8198, 8174, 8237, 8223, 8181, 8173, 8175, 8176,9.966550350189209
72, 8187, 8158, 8139, 8177, 8152, 8180, 8188, 8171, 8230, 8210, 8175, 8163, 8172, 8172,9.966550350189209
73, 8192, 8165, 8188, 8171, 8150, 8181, 8178, 8175, 8235, 8203, 8177, 8180, 8170, 8163,9.982499122619629
74, 8178, 8156, 8114, 8166, 8150, 8167, 8175, 8164, 8229, 8194, 8182, 8161, 8167, 8139,9.982499122619629
75, 8181, 8169, 8188, 8149, 8144, 8164, 8158, 8181, 8194, 8167, 8174, 8171, 8159, 8142,9.99845027923584
76, 8193, 8191, 8170, 8179, 8148, 8171, 8165, 8175, 8193, 8173, 8178, 8180, 8161, 8147,9.99845027923584
77, 8201, 8191, 8157, 8207, 8156, 8168, 8169, 8164, 8184, 8169, 8173, 8174, 8153, 8143,10.014007329940796
78, 8200, 8196, 8214, 8208, 8166, 8185, 8165, 8175, 8164, 8155, 8168, 8183, 8143, 8153,10.014007329940796
79, 8196, 8192, 8142, 8224, 8180, 8190, 8182, 8171, 8184, 8179, 8176, 8169, 8154, 8158,10.029140710830688
80, 8199, 8186, 8203, 8219, 8169, 8193, 8187, 8180, 8193, 8188, 8166, 8168, 8151, 8163,10.029140710830688
81, 8193, 8171, 8178, 8208, 8162, 8199, 8195, 8172, 8205, 8196, 8172, 8164, 8160, 8170,10.052011966705322
82, 8190, 8151, 8136, 8186, 8157, 8186, 8179, 8168, 8203, 8197, 8177, 8157, 8175, 8169,10.052011966705322
83, 8195, 8162, 8192, 8171, 8145, 8184, 8157, 8178, 8185, 8193, 8166, 8173, 8168, 8169,10.052011966705322
84, 8197, 8167, 8131, 8187, 8153, 8176, 8167, 8158, 8191, 8206, 8176, 8166, 8168, 8170,10.060473203659058
85, 8203, 8169, 8189, 8172, 8154, 8164, 8157, 8167, 8185, 8185, 8187, 8177, 8175, 8174,10.076109886169434
86, 8203, 8172, 8175, 8168, 8148, 8168, 8159, 8179, 8201, 8187, 8199, 8193, 8188, 8172,10.076109886169434
87, 8206, 8173, 8142, 8178, 8153, 8168, 8169, 8175, 8216, 8202, 8215, 8194, 8189, 8167,10.092048645019531
88, 8209, 8196, 8219, 8175, 8159, 8177, 8159, 8178, 8199, 8185, 8220, 8207, 8180, 8165,10.092048645019531
89, 8196, 8191, 8141, 8191, 8161, 8175, 8160, 8167, 8197, 8179, 8215, 8186, 8177, 8157,10.107437133789062
90, 8197, 8185, 8180, 8202, 8156, 8173, 8152, 8178, 8184, 8172, 8204, 8183, 8162, 8163,10.107437133789062
91, 8201, 8196, 8195, 8213, 8166, 8187, 8166, 8183, 8188, 8181, 8212, 8195, 8170, 8170,10.12227463722229
92, 8195, 8183, 8150, 8205, 8167, 8187, 8184, 8174, 8200, 8190, 8211, 8186, 8178, 8168,10.12227463722229
93, 8192, 8177, 8218, 8199, 8152, 8195, 8180, 8181, 8186, 8185, 8198, 8196, 8169, 8175,10.138320446014404
94, 8195, 8179, 8158, 8240, 8153, 8190, 8181, 8169, 8194, 8200, 8212, 8196, 8184, 8177,10.138320446014404
95, 8220, 8189, 8201, 8246, 8148, 8173, 8168, 8174, 8201, 8191, 8232, 8217, 8199, 8182,10.153590202331543
96, 8241, 8206, 8233, 8252, 8144, 8171, 8163, 8173, 8198, 8177, 8259, 8249, 8210, 8195,10.153590202331543
97, 8247, 8217, 8186, 8287, 8152, 8162, 8153, 8158, 8183, 8174, 8276, 8261, 8216, 8195,10.168718338012695
98, 8260, 8245, 8270, 8307, 8158, 8168, 8135, 8172, 8156, 8159, 8276, 8288, 8210, 8194,10.168718338012695
99, 8264, 8246, 8219, 8331, 8168, 8179, 8159, 8165, 8161, 8166, 8287, 8279, 8213, 8201,10.184511661529541
100, 8261, 8227, 8230, 8335, 8166, 8180, 8171, 8170, 8160, 8170, 8276, 8269, 8207, 8211,10.184511661529541
101, 8247, 8221, 8246, 8336, 8165, 8186, 8175, 8179, 8164, 8180, 8249, 8273, 8195, 8210,10.199995994567871
102, 8226, 8205, 8172, 8327, 8165, 8174, 8177, 8165, 8179, 8191, 8229, 8247, 8188, 8196,10.199995994567871
103, 8220, 8197, 8238, 8288, 8148, 8173, 8162, 8171, 8164, 8168, 8213, 8241, 8175, 8190,10.215437650680542
104, 8217, 8187, 8180, 8280, 8137, 8177, 8170, 8165, 8165, 8165, 8221, 8235, 8178, 8190,10.215437650680542
105, 8228, 8191, 8185, 8275, 8132, 8159, 8162, 8168, 8167, 8160, 8222, 8247, 8187, 8200,10.232083320617676
106, 8243, 8209, 8227, 8265, 8136, 8155, 8153, 8181, 8171, 8156, 8225, 8278, 8203, 8215,10.232083320617676
107, 8248, 8193, 8164, 8259, 8143, 8155, 8165, 8171, 8187, 8170, 8245, 8270, 8216, 8220,10.248802185058594
108, 8255, 8194, 8242, 8244, 8136, 8159, 8154, 8179, 8177, 8161, 8245, 8270, 8205, 8217,10.248802185058594
109, 8246, 8204, 8194, 8258, 8141, 8154, 8146, 8168, 8169, 8161, 8237, 8254, 8199, 8191,10.26300835609436
110, 8235, 8192, 8174, 8246, 8142, 8144, 8138, 8163, 8149, 8148, 8233, 8234, 8186, 8176,10.26300835609436
111, 8226, 8192, 8218, 8229, 8140, 8154, 8133, 8168, 8137, 8137, 8235, 8235, 8177, 8185,10.278626680374146
112, 8219, 8194, 8146, 8248, 8150, 8146, 8135, 8152, 8134, 8147, 8226, 8216, 8181, 8185,10.278626680374146
113, 8220, 8196, 8204, 8238, 8148, 8148, 8130, 8166, 8103, 8132, 8201, 8208, 8166, 8173,10.29533576965332
114, 8212, 8189, 8165, 8228, 8151, 8168, 8160, 8165, 8119, 8135, 8194, 8189, 8165, 8167,10.29533576965332
115, 8208, 8178, 8148, 8230, 8157, 8175, 8181, 8163, 8140, 8138, 8178, 8178, 8172, 8176,10.31002402305603
116, 8207, 8181, 8207, 8227, 8156, 8189, 8183, 8179, 8132, 8144, 8165, 8190, 8171, 8181,10.31002402305603
117, 8188, 8159, 8119, 8215, 8148, 8186, 8190, 8172, 8147, 8170, 8169, 8162, 8168, 8164,10.325441837310791
118, 8183, 8152, 8165, 8189, 8135, 8182, 8176, 8180, 8158, 8159, 8157, 8157, 8155, 8158,10.325441837310791
119, 8195, 8166, 8154, 8201, 8145, 8185, 8179, 8177, 8172, 8163, 8172, 8174, 8173, 8170,10.342001914978027
120, 8201, 8157, 8132, 8194, 8147, 8168, 8174, 8165, 8170, 8180, 8186, 8176, 8184, 8182,10.342001914978027
121, 8192, 8155, 8190, 8166, 8135, 8166, 8158, 8170, 8151, 8171, 8170, 8175, 8168, 8183,10.35714316368103
122, 8179, 8152, 8108, 8169, 8142, 8167, 8161, 8164, 8161, 8169, 8170, 8152, 8168, 8162,10.35714316368103
123, 8179, 8157, 8161, 8154, 8141, 8160, 8150, 8177, 8167, 8162, 8171, 8164, 8174, 8154,10.3733549118042
124, 8179, 8163, 8162, 8161, 8141, 8165, 8153, 8177, 8188, 8177, 8176, 8185, 8186, 8168,10.3733549118042
125, 8185, 8157, 8127, 8170, 8149, 8164, 8156, 8172, 8200, 8186, 8183, 8183, 8191, 8172,10.387996673583984
126, 8186, 8163, 8197, 8142, 8143, 8164, 8143, 8187, 8185, 8171, 8186, 8194, 8187, 8166,10.387996673583984
127, 8175, 8160, 8124, 8140, 8146, 8159, 8152, 8172, 8185, 8180, 8192, 8179, 8189, 8155,10.403383255004883
236, 8178, 8164, 8161, 8143, 8152, 8157, 8151, 8172, 8166, 8169, 8180, 8172, 8181, 8149,10.403383255004883
0, 8165, 8167, 8160, 8144, 8157, 8166, 8158, 8172, 8163, 8156, 8170, 8167, 8176, 8138,10.42037844657898
1, 8144, 8145, 8105, 8123, 8149, 8156, 8163, 8164, 8169, 8158, 8172, 8155, 8166, 8124,10.42037844657898
2, 8151, 8145, 8181, 8100, 8138, 8163, 8158, 8177, 8147, 8146, 8176, 8169, 8151, 8126,10.437429904937744
3, 8154, 8153, 8127, 8132, 8154, 8171, 8173, 8167, 8150, 8145, 8173, 8148, 8151, 8126,10.437429904937744
4, 8154, 8160, 8161, 8148, 8163, 8166, 8167, 8173, 8163, 8138, 8157, 8150, 8146, 8129,10.450064659118652
5, 8157, 8166, 8173, 8142, 8160, 8175, 8169, 8177, 8175, 8148, 8164, 8171, 8148, 8137,10.465309143066406
6, 8151, 8151, 8105, 8139, 8151, 8171, 8176, 8160, 8164, 8154, 8163, 8148, 8150, 8133,10.465309143066406
7, 8140, 8149, 8178, 8130, 8144, 8176, 8159, 8169, 8136, 8132, 8129, 8131, 8132, 8132,10.481025457382202
8, 8131, 8145, 8131, 8146, 8154, 8183, 8166, 8164, 8150, 8140, 8122, 8116, 8126, 8121,10.481025457382202
9, 8141, 8147, 8157, 8145, 8155, 8187, 8168, 8168, 8160, 8154, 8135, 8135, 8134, 8122,10.496162176132202
10, 8157, 8169, 8184, 8147, 8159, 8198, 8176, 8176, 8176, 8186, 8159, 8168, 8159, 8150,10.496162176132202
11, 8172, 8159, 8121, 8156, 8162, 8183, 8191, 8170, 8211, 8218, 8180, 8167, 8187, 8177,10.512205362319946
12, 8178, 8150, 8200, 8139, 8146, 8180, 8180, 8179, 8209, 8204, 8170, 8174, 8184, 8178,10.512205362319946
13, 8155, 8146, 8141, 8141, 8138, 8183, 8181, 8168, 8202, 8192, 8155, 8153, 8167, 8151,10.527392864227295
14, 8154, 8148, 8139, 8143, 8141, 8176, 8190, 8174, 8194, 8183, 8138, 8141, 8156, 8147,10.527392864227295
15, 8163, 8153, 8181, 8127, 8147, 8185, 8205, 8182, 8198, 8189, 8139, 8157, 8166, 8156,10.542178392410278
16, 8147, 8131, 8102, 8104, 8134, 8174, 8198, 8166, 8203, 8200, 8159, 8145, 8173, 8141,10.542178392410278
17, 8149, 8137, 8167, 8092, 8124, 8162, 8164, 8179, 8179, 8179, 8161, 8156, 8162, 8134,10.558263301849365
18, 8158, 8151, 8141, 8129, 8148, 8162, 8174, 8177, 8183, 8176, 8150, 8157, 8162, 8137,10.558263301849365
19, 8165, 8146, 8141, 8126, 8155, 8158, 8183, 8171, 8187, 8167, 8140, 8156, 8156, 8141,10.574018478393555
20, 8176, 8155, 8190, 8100, 8144, 8169, 8176, 8174, 8177, 8156, 8161, 8182, 8160, 8145,10.574018478393555
21, 8183, 8164, 8122, 8123, 8153, 8172, 8177, 8166, 8176, 8172, 8188, 8185, 8177, 8144,10.590058088302612
22, 8182, 8178, 8193, 8140, 8161, 8173, 8164, 8176, 8155, 8163, 8179, 8189, 8168, 8146,10.590058088302612
23, 8168, 8177, 8160, 8150, 8162, 8177, 8168, 8171, 8162, 8165, 8169, 8174, 8161, 8140,10.605350494384766
24, 8163, 8163, 8137, 8148, 8159, 8173, 8163, 8165, 8160, 8167, 8156, 8152, 8158, 8136,10.605350494384766
25, 8162, 8170, 8199, 8150, 8166, 8194, 8158, 8174, 8144, 8159, 8145, 8159, 8154, 8144,10.621032238006592
26, 8164, 8164, 8125, 8165, 8178, 8200, 8182, 8165, 8164, 8183, 8157, 8159, 8170, 8151,10.621032238006592
27, 8167, 8150, 8172, 8138, 8160, 8191, 8182, 8172, 8158, 8179, 8147, 8159, 8162, 8149,10.636052370071411
28, 8152, 8137, 8141, 8124, 8149, 8189, 8181, 8168, 8153, 8161, 8134, 8142, 8150, 8137,10.636052370071411
29, 8154, 8139, 8116, 8118, 8157, 8180, 8189, 8169, 8170, 8157, 8140, 8148, 8160, 8139,10.651385307312012
30, 8169, 8166, 8201, 8110, 8158, 8183, 8190, 8191, 8180, 8164, 8149, 8184, 8173, 8145,10.651385307312012
31, 8168, 8166, 8135, 8131, 8156, 8174, 8190, 8177, 8188, 8174, 8156, 8174, 8175, 8135,10.66763424873352
32, 8174, 8167, 8176, 8134, 8156, 8169, 8172, 8176, 8168, 8151, 8156, 8176, 8161, 8136,10.66763424873352
33, 8178, 8179, 8169, 8143, 8171, 8184, 8179, 8176, 8174, 8156, 8161, 8178, 8167, 8139,10.682729959487915
34, 8169, 8168, 8135, 8147, 8172, 8182, 8182, 8167, 8185, 8173, 8148, 8149, 8170, 8134,10.682729959487915
35, 8167, 8169, 8214, 8149, 8161, 8188, 8176, 8175, 8174, 8170, 8132, 8155, 8154, 8142,10.698336362838745
36, 8175, 8165, 8147, 8166, 8168, 8192, 8192, 8164, 8179, 8181, 8143, 8154, 8161, 8148,10.69875979423523
37, 8188, 8163, 8178, 8147, 8163, 8190, 8185, 8170, 8171, 8178, 8141, 8157, 8173, 8156,10.71436333656311
38, 8188, 8173, 8178, 8140, 8160, 8190, 8187, 8171, 8180, 8188, 8139, 8166, 8181, 8165,10.71436333656311
39, 8184, 8165, 8131, 8142, 8163, 8168, 8181, 8162, 8188, 8198, 8155, 8165, 8185, 8158,10.73037052154541
40, 8193, 8174, 8214, 8125, 8160, 8166, 8154, 8176, 8172, 8180, 8171, 8194, 8183, 8152,10.73037052154541
41, 8197, 8186, 8153, 8151, 8171, 8169, 8156, 8165, 8166, 8172, 8172, 8182, 8180, 8143,10.745941638946533
42, 8188, 8189, 8177, 8162, 8176, 8163, 8156, 8169, 8139, 8147, 8149, 8158, 8157, 8135,10.745941638946533
43, 8166, 8184, 8187, 8151, 8178, 8179, 8168, 8180, 8140, 8151, 8152, 8162, 8152, 8138,10.761149883270264
44, 8159, 8166, 8121, 8150, 8180, 8180, 8181, 8168, 8165, 8178, 8161, 8162, 8162, 8142,10.761149883270264
45, 8160, 8169, 8200, 8146, 8169, 8180, 8171, 8173, 8152, 8167, 8150, 8171, 8158, 8144,10.777269124984741
46, 8134, 8163, 8143, 8152, 8163, 8183, 8178, 8167, 8156, 8172, 8154, 8150, 8157, 8132,10.777269124984741
47, 8134, 8156, 8148, 8143, 8162, 8187, 8177, 8170, 8162, 8171, 8139, 8139, 8145, 8127,10.792125463485718
48, 8158, 8164, 8175, 8142, 8162, 8196, 8171, 8171, 8163, 8166, 8123, 8149, 8149, 8135,10.792125463485718
49, 8161, 8153, 8121, 8143, 8156, 8176, 8171, 8160, 8174, 8180, 8135, 8147, 8165, 8142,10.807260036468506
50, 8162, 8157, 8190, 8125, 8138, 8166, 8158, 8172, 8165, 8167, 8135, 8157, 8158, 8147,10.807260036468506
51, 8164, 8164, 8139, 8139, 8139, 8167, 8159, 8160, 8163, 8153, 8135, 8146, 8159, 8142,10.823067903518677
52, 8169, 8164, 8156, 8143, 8148, 8154, 8153, 8162, 8166, 8147, 8142, 8156, 8173, 8140,10.823067903518677
53, 8165, 8165, 8193, 8127, 8140, 8147, 8142, 8170, 8164, 8152, 8142, 8173, 8173, 8141,10.839248418807983
54, 8156, 8159, 8114, 8131, 8131, 8146, 8134, 8156, 8148, 8148, 8138, 8146, 8156, 8130,10.85430908203125
55, 8157, 8178, 8194, 8144, 8147, 8167, 8125, 8173, 8125, 8127, 8136, 8151, 8141, 8128,10.85430908203125
56, 8141, 8177, 8147, 8168, 8171, 8175, 8146, 8168, 8139, 8144, 8141, 8143, 8145, 8126,10.85430908203125
57, 8128, 8152, 8114, 8151, 8154, 8157, 8154, 8162, 8132, 8147, 8116, 8119, 8132, 8120,10.869484663009644
58, 8131, 8144, 8173, 8128, 8136, 8170, 8155, 8178, 8129, 8141, 8096, 8127, 8121, 8121,10.869484663009644
59, 8125, 8132, 8104, 8142, 8143, 8173, 8174, 8166, 8160, 8165, 8104, 8115, 8135, 8120,10.885173082351685
60, 8118, 8136, 8157, 8133, 8139, 8168, 8163, 8171, 8149, 8156, 8103, 8116, 8133, 8116,10.885173082351685
61, 8123, 8149, 8135, 8140, 8143, 8175, 8170, 8168, 8142, 8154, 8112, 8126, 8137, 8120,10.90143609046936
62, 8146, 8148, 8124, 8139, 8146, 8168, 8176, 8160, 8145, 8164, 8119, 8140, 8149, 8144,10.90143609046936
63, 8152, 8157, 8181, 8117, 8137, 8164, 8155, 8165, 8135, 8159, 8119, 8167, 8155, 8154,10.916179895401001
64, 8144, 8160, 8114, 8131, 8142, 8157, 8148, 8153, 8136, 8158, 8133, 8172, 8165, 8140,10.916179895401001
65, 8170, 8175, 8190, 8145, 8151, 8154, 8141, 8163, 8129, 8146, 8144, 8202, 8165, 8151,10.93135666847229
66, 8183, 8194, 8182, 8162, 8160, 8157, 8148, 8170, 8137, 8154, 8158, 8208, 8178, 8163,10.932357549667358
67, 8175, 8189, 8147, 8160, 8159, 8150, 8146, 8171, 8138, 8159, 8162, 8188, 8187, 8149,10.947185516357422
68, 8184, 8196, 8218, 8154, 8159, 8161, 8144, 8175, 8127, 8153, 8170, 8213, 8185, 8148,10.96286654472351
69, 8182, 8194, 8153, 8168, 8165, 8164, 8155, 8155, 8142, 8161, 8187, 8214, 8192, 8150,10.96286654472351
70, 8171, 8192, 8194, 8152, 8156, 8159, 8135, 8161, 8137, 8143, 8173, 8198, 8179, 8140,10.978142499923706
71, 8165, 8195, 8185, 8161, 8155, 8159, 8132, 8165, 8139, 8150, 8159, 8188, 8162, 8129,10.978656768798828
72, 8169, 8190, 8149, 8181, 8165, 8150, 8143, 8165, 8154, 8172, 8162, 8184, 8169, 8132,10.995038509368896
73, 8164, 8196, 8217, 8171, 8169, 8168, 8148, 8184, 8148, 8150, 8156, 8197, 8178, 8139,10.995038509368896
74, 8149, 8179, 8139, 8176, 8170, 8179, 8169, 8170, 8146, 8141, 8150, 8177, 8176, 8132,10.995038509368896
75, 8156, 8170, 8177, 8171, 8162, 8178, 8167, 8170, 8136, 8155, 8145, 8182, 8173, 8143,11.010587930679321
76, 8162, 8180, 8187, 8178, 8166, 8189, 8173, 8173, 8149, 8178, 8154, 8200, 8187, 8160,11.025617837905884
77, 8167, 8175, 8131, 8186, 8172, 8185, 8182, 8164, 8163, 8183, 8163, 8186, 8192, 8156,11.025617837905884
78, 8177, 8180, 8204, 8169, 8164, 8178, 8171, 8179, 8159, 8175, 8166, 8192, 8183, 8159,11.04092001914978
79, 8170, 8170, 8140, 8159, 8163, 8166, 8167, 8169, 8181, 8194, 8175, 8188, 8191, 8162,11.04092001914978
80, 8177, 8163, 8163, 8144, 8157, 8161, 8150, 8167, 8169, 8177, 8167, 8195, 8191, 8157,11.059147596359253
81, 8187, 8174, 8187, 8149, 8159, 8167, 8140, 8169, 8148, 8159, 8172, 8207, 8191, 8155,11.059147596359253
82, 8184, 8168, 8130, 8155, 8164, 8151, 8135, 8160, 8153, 8166, 8188, 8202, 8194, 8156,11.059147596359253
83, 8185, 8179, 8206, 8146, 8159, 8151, 8117, 8168, 8152, 8159, 8183, 8224, 8187, 8161,11.07319450378418
84, 8199, 8202, 8162, 8182, 8173, 8161, 8137, 8165, 8174, 8175, 8203, 8230, 8200, 8166,11.08840560913086
85, 8225, 8214, 8196, 8199, 8186, 8161, 8154, 8179, 8189, 8187, 8225, 8243, 8215, 8183,11.08840560913086
86, 8221, 8211, 8218, 8188, 8183, 8169, 8156, 8181, 8185, 8196, 8218, 8254, 8217, 8187,11.10446810722351
87, 8188, 8194, 8129, 8183, 8171, 8164, 8157, 8159, 8170, 8191, 8193, 8214, 8195, 8160,11.10446810722351
88, 8174, 8193, 8200, 8167, 8158, 8168, 8151, 8173, 8139, 8145, 8159, 8194, 8161, 8142,11.122270107269287
89, 8172, 8179, 8157, 8165, 8165, 8170, 8163, 8168, 8148, 8140, 8153, 8180, 8165, 8135,11.122270107269287
90, 8168, 8165, 8155, 8152, 8162, 8168, 8158, 8162, 8156, 8162, 8151, 8175, 8168, 8137,11.122270107269287
91, 8167, 8176, 8193, 8152, 8152, 8193, 8153, 8170, 8150, 8165, 8142, 8183, 8153, 8141,11.137348890304565
92, 8164, 8169, 8122, 8162, 8158, 8197, 8165, 8161, 8148, 8159, 8125, 8162, 8144, 8142,11.153618335723877
93, 8156, 8157, 8178, 8131, 8158, 8195, 8168, 8170, 8133, 8145, 8112, 8162, 8137, 8146,11.153618335723877
94, 8142, 8152, 8136, 8127, 8154, 8195, 8176, 8163, 8153, 8164, 8128, 8164, 8147, 8142,11.153618335723877
95, 8149, 8154, 8143, 8132, 8155, 8183, 8161, 8162, 8160, 8162, 8128, 8165, 8150, 8142,11.16718578338623
96, 8158, 8167, 8196, 8126, 8163, 8187, 8156, 8175, 8156, 8147, 8117, 8171, 8147, 8147,11.18337607383728
97, 8154, 8149, 8117, 8122, 8164, 8179, 8164, 8164, 8175, 8164, 8125, 8158, 8160, 8141,11.183892965316772
98, 8152, 8143, 8174, 8087, 8144, 8170, 8139, 8173, 8172, 8156, 8132, 8179, 8161, 8132,11.198115110397339
99, 8134, 8158, 8134, 8079, 8148, 8170, 8140, 8166, 8175, 8148, 8140, 8177, 8154, 8116,11.198115110397339
100, 8126, 8158, 8116, 8098, 8162, 8158, 8148, 8159, 8163, 8140, 8123, 8147, 8136, 8104,11.213660717010498
101, 8133, 8156, 8191, 8111, 8161, 8167, 8142, 8173, 8144, 8132, 8113, 8154, 8123, 8108,11.213660717010498
102, 8126, 8145, 8111, 8114, 8165, 8172, 8159, 8169, 8162, 8157, 8142, 8155, 8135, 8113,11.229001998901367
103, 8126, 8153, 8160, 8107, 8166, 8170, 8166, 8178, 8156, 8157, 8138, 8160, 8134, 8117,11.229001998901367
104, 8121, 8161, 8147, 8130, 8164, 8180, 8175, 8168, 8146, 8149, 8106, 8147, 8124, 8110,11.24470567703247
105, 8115, 8145, 8108, 8121, 8154, 8177, 8172, 8158, 8144, 8140, 8095, 8125, 8116, 8107,11.24470567703247
106, 8117, 8144, 8171, 8088, 8146, 8172, 8163, 8175, 8145, 8143, 8103, 8137, 8114, 8116,11.260815620422363
107, 8111, 8132, 8099, 8092, 8144, 8167, 8173, 8164, 8167, 8171, 8105, 8131, 8127, 8115,11.260815620422363
108, 8113, 8124, 8143, 8074, 8131, 8160, 8155, 8162, 8158, 8156, 8093, 8135, 8121, 8116,11.276158094406128
109, 8112, 8128, 8142, 8070, 8129, 8156, 8135, 8162, 8158, 8145, 8104, 8134, 8123, 8115,11.276158094406128
110, 8117, 8128, 8100, 8089, 8138, 8149, 8123, 8162, 8169, 8153, 8116, 8130, 8138, 8109,11.292150974273682
111, 8134, 8144, 8176, 8085, 8142, 8156, 8113, 8177, 8153, 8143, 8121, 8167, 8145, 8114,11.292150974273682
112, 8129, 8134, 8114, 8075, 8139, 8143, 8116, 8162, 8148, 8143, 8141, 8164, 8145, 8113,11.307482719421387
113, 8119, 8131, 8157, 8066, 8124, 8135, 8106, 8164, 8140, 8134, 8136, 8157, 8128, 8107,11.307482719421387
114, 8127, 8158, 8175, 8098, 8136, 8157, 8120, 8165, 8154, 8139, 8136, 8171, 8133, 8107,11.32337212562561
115, 8139, 8162, 8126, 8125, 8160, 8157, 8141, 8158, 8166, 8149, 8153, 8173, 8147, 8119,11.32337212562561
116, 8141, 8165, 8201, 8112, 8164, 8172, 8140, 8176, 8148, 8142, 8152, 8184, 8143, 8129,11.338363647460938
117, 8125, 8156, 8137, 8116, 8158, 8176, 8142, 8167, 8150, 8149, 8133, 8156, 8134, 8116,11.338744163513184
118, 8118, 8145, 8159, 8113, 8140, 8157, 8129, 8171, 8143, 8135, 8119, 8137, 8121, 8113,11.353570699691772
119, 8120, 8146, 8181, 8118, 8134, 8174, 8137, 8176, 8138, 8130, 8131, 8146, 8125, 8120,11.353570699691772
120, 8115, 8130, 8115, 8122, 8140, 8180, 8151, 8161, 8136, 8133, 8120, 8126, 8121, 8114,11.36941146850586
121, 8114, 8129, 8176, 8105, 8131, 8167, 8133, 8167, 8114, 8114, 8090, 8119, 8097, 8111,11.36941146850586
122, 8121, 8135, 8119, 8131, 8132, 8164, 8144, 8157, 8125, 8127, 8103, 8117, 8102, 8114,11.385512351989746
123, 8126, 8132, 8136, 8135, 8137, 8175, 8150, 8161, 8131, 8129, 8109, 8123, 8106, 8116,11.385512351989746
124, 8109, 8131, 8158, 8114, 8136, 8185, 8133, 8170, 8129, 8126, 8096, 8126, 8105, 8112,11.401151895523071
125, 8103, 8126, 8089, 8117, 8133, 8171, 8126, 8156, 8136, 8137, 8110, 8114, 8120, 8110,11.401151895523071
126, 8119, 8127, 8165, 8107, 8128, 8172, 8127, 8163, 8128, 8125, 8116, 8134, 8124, 8125,11.41636347770691
127, 8104, 8116, 8108, 8096, 8130, 8172, 8136, 8154, 8131, 8126, 8109, 8127, 8120, 8123,11.41636347770691
236, 8094, 8113, 8103, 8080, 8121, 8149, 8114, 8149, 8117, 8120, 8105, 8119, 8115, 8102,11.432413578033447
0, 8104, 8135, 8157, 8086, 8121, 8153, 8112, 8163, 8110, 8107, 8114, 8135, 8112, 8100,11.432413578033447
1, 8101, 8127, 8087, 8094, 8133, 8157, 8138, 8164, 8124, 8105, 8119, 8122, 8111, 8097,11.448859930038452
2, 8093, 8120, 8144, 8065, 8121, 8146, 8115, 8169, 8113, 8086, 8107, 8122, 8095, 8082,11.448859930038452
3, 8096, 8136, 8119, 8085, 8123, 8137, 8105, 8160, 8127, 8104, 8118, 8127, 8101, 8085,11.463493585586548
4, 8120, 8149, 8132, 8115, 8137, 8143, 8114, 8172, 8142, 8127, 8135, 8146, 8121, 8108,11.463493585586548
5, 8130, 8157, 8192, 8111, 8136, 8161, 8106, 8181, 8128, 8117, 8135, 8164, 8121, 8116,11.47912073135376
6, 8128, 8152, 8122, 8126, 8143, 8153, 8107, 8150, 8121, 8109, 8129, 8140, 8117, 8114,11.47912073135376
7, 8148, 8163, 8195, 8147, 8151, 8162, 8113, 8162, 8116, 8110, 8130, 8158, 8118, 8136,11.494440793991089
8, 8153, 8167, 8167, 8167, 8148, 8178, 8126, 8170, 8132, 8138, 8141, 8166, 8134, 8142,11.494440793991089
9, 8146, 8146, 8130, 8152, 8128, 8161, 8120, 8157, 8127, 8134, 8126, 8136, 8133, 8129,11.51038670539856
10, 8142, 8142, 8183, 8133, 8127, 8166, 8117, 8163, 8118, 8115, 8112, 8135, 8126, 8135,11.51038670539856
11, 8131, 8135, 8110, 8142, 8144, 8173, 8137, 8162, 8146, 8138, 8122, 8129, 8132, 8135,11.526474237442017
12, 8136, 8138, 8170, 8129, 8136, 8167, 8133, 8172, 8155, 8139, 8125, 8140, 8129, 8134,11.526474237442017
13, 8145, 8138, 8156, 8134, 8129, 8159, 8134, 8159, 8156, 8139, 8141, 8147, 8143, 8139,11.542490482330322
14, 8141, 8130, 8113, 8130, 8127, 8132, 8122, 8148, 8144, 8134, 8143, 8136, 8148, 8135,11.542490482330322
15, 8133, 8143, 8177, 8102, 8125, 8134, 8110, 8169, 8135, 8103, 8133, 8144, 8129, 8120,11.558321952819824
16, 8127, 8141, 8113, 8109, 8136, 8149, 8131, 8166, 8164, 8104, 8146, 8142, 8136, 8110,11.558321952819824
17, 8138, 8145, 8171, 8119, 8138, 8150, 8127, 8177, 8168, 8117, 8154, 8160, 8149, 8125,11.573333024978638
18, 8127, 8153, 8166, 8121, 8130, 8145, 8124, 8176, 8160, 8132, 8150, 8152, 8149, 8131,11.573333024978638
19, 8108, 8139, 8110, 8115, 8129, 8149, 8133, 8162, 8154, 8131, 8135, 8123, 8129, 8122,11.588409423828125
20, 8112, 8144, 8183, 8119, 8136, 8178, 8143, 8173, 8141, 8122, 8114, 8139, 8114, 8126,11.588409423828125
21, 8117, 8144, 8121, 8147, 8137, 8172, 8163, 8165, 8152, 8135, 8119, 8130, 8124, 8132,11.604022979736328
22, 8130, 8145, 8152, 8142, 8129, 8158, 8160, 8167, 8153, 8142, 8133, 8132, 8137, 8151,11.604022979736328
23, 8143, 8150, 8164, 8136, 8143, 8177, 8164, 8167, 8163, 8163, 8150, 8156, 8153, 8164,11.620084047317505
24, 8145, 8142, 8122, 8139, 8148, 8164, 8154, 8159, 8167, 8160, 8153, 8155, 8156, 8152,11.620084047317505
25, 8142, 8159, 8195, 8131, 8130, 8149, 8122, 8166, 8146, 8128, 8150, 8163, 8154, 8141,11.636110782623291
26, 8145, 8169, 8132, 8151, 8139, 8156, 8128, 8154, 8157, 8148, 8179, 8166, 8181, 8142,11.636110782623291
27, 8157, 8168, 8167, 8152, 8154, 8164, 8142, 8165, 8159, 8159, 8197, 8178, 8188, 8152,11.652278184890747
28, 8143, 8173, 8188, 8146, 8151, 8167, 8156, 8174, 8157, 8149, 8179, 8171, 8167, 8145,11.652278184890747
29, 8124, 8160, 8111, 8158, 8149, 8162, 8169, 8161, 8162, 8151, 8147, 8137, 8151, 8127,11.66721224784851
30, 8125, 8156, 8179, 8153, 8145, 8176, 8165, 8177, 8159, 8154, 8127, 8142, 8148, 8131,11.66721224784851
31, 8124, 8147, 8126, 8148, 8145, 8178, 8176, 8168, 8184, 8184, 8140, 8141, 8164, 8139,11.682828426361084
32, 8129, 8132, 8135, 8120, 8128, 8166, 8165, 8162, 8186, 8177, 8143, 8140, 8168, 8139,11.682828426361084
33, 8136, 8138, 8169, 8110, 8118, 8161, 8145, 8171, 8171, 8143, 8139, 8149, 8166, 8139,11.698853015899658
34, 8150, 8149, 8117, 8132, 8124, 8140, 8145, 8164, 8175, 8147, 8151, 8147, 8178, 8146,11.698853015899658
35, 8175, 8168, 8207, 8127, 8124, 8145, 8143, 8172, 8166, 8147, 8161, 8177, 8176, 8161,11.714028358459473
36, 8176, 8175, 8164, 8140, 8138, 8164, 8161, 8169, 8172, 8153, 8179, 8187, 8178, 8165,11.714028358459473
37, 8164, 8170, 8154, 8150, 8153, 8171, 8167, 8174, 8172, 8153, 8174, 8175, 8175, 8165,11.730066537857056
38, 8156, 8167, 8195, 8149, 8154, 8189, 8163, 8181, 8169, 8160, 8159, 8177, 8171, 8164,11.730066537857056
39, 8145, 8145, 8118, 8151, 8145, 8181, 8164, 8160, 8183, 8182, 8159, 8155, 8171, 8155,11.746092557907104
40, 8144, 8143, 8176, 8136, 8132, 8168, 8154, 8168, 8180, 8181, 8155, 8158, 8162, 8162,11.746092557907104
41, 8142, 8145, 8140, 8141, 8139, 8172, 8163, 8166, 8189, 8179, 8161, 8162, 8168, 8165,11.761630296707153
42, 8140, 8137, 8128, 8128, 8133, 8156, 8151, 8163, 8175, 8163, 8169, 8157, 8166, 8151,11.761630296707153
43, 8148, 8155, 8188, 8115, 8125, 8147, 8143, 8169, 8152, 8154, 8180, 8170, 8166, 8154,11.777160406112671
44, 8159, 8169, 8124, 8141, 8147, 8154, 8165, 8161, 8166, 8158, 8195, 8171, 8181, 8163,11.777160406112671
45, 8169, 8183, 8197, 8152, 8162, 8168, 8166, 8180, 8172, 8144, 8191, 8188, 8176, 8165,11.792351961135864
46, 8161, 8191, 8179, 8173, 8165, 8176, 8180, 8176, 8180, 8161, 8194, 8179, 8172, 8159,11.792351961135864
47, 8162, 8183, 8149, 8190, 8171, 8173, 8190, 8170, 8177, 8178, 8191, 8161, 8174, 8167,11.808050632476807
48, 8166, 8183, 8200, 8188, 8175, 8189, 8189, 8185, 8180, 8179, 8183, 8180, 8176, 8182,11.808443784713745
49, 8163, 8169, 8123, 8187, 8171, 8190, 8209, 8171, 8206, 8192, 8176, 8171, 8180, 8180,11.823078870773315
50, 8183, 8173, 8190, 8174, 8158, 8179, 8207, 8177, 8197, 8180, 8157, 8175, 8177, 8194,11.823078870773315
51, 8196, 8183, 8186, 8179, 8156, 8175, 8200, 8178, 8201, 8186, 8168, 8187, 8193, 8208,11.83928918838501
52, 8192, 8171, 8146, 8169, 8154, 8158, 8180, 8172, 8212, 8199, 8197, 8195, 8209, 8201,11.83928918838501
53, 8198, 8183, 8212, 8156, 8153, 8156, 8155, 8182, 8204, 8190, 8208, 8225, 8214, 8199,11.85479187965393
54, 8199, 8192, 8149, 8186, 8169, 8156, 8159, 8165, 8207, 8193, 8212, 8216, 8215, 8195,11.85479187965393
55, 8196, 8194, 8199, 8196, 8174, 8156, 8152, 8168, 8177, 8171, 8200, 8206, 8194, 8189,11.87041711807251
56, 8184, 8193, 8191, 8204, 8179, 8173, 8166, 8172, 8163, 8176, 8194, 8202, 8190, 8185,11.87041711807251
57, 8162, 8169, 8131, 8201, 8179, 8177, 8196, 8164, 8171, 8200, 8186, 8178, 8194, 8176,11.88442611694336
58, 8148, 8153, 8192, 8181, 8167, 8187, 8207, 8171, 8162, 8184, 8165, 8171, 8176, 8167,11.90192723274231
59, 8154, 8150, 8123, 8193, 8169, 8188, 8224, 8167, 8184, 8193, 8167, 8161, 8180, 8167,11.90192723274231
60, 8169, 8155, 8155, 8181, 8167, 8181, 8223, 8181, 8206, 8213, 8180, 8179, 8197, 8181,11.90192723274231
61, 8168, 8156, 8170, 8166, 8168, 8185, 8222, 8181, 8223, 8213, 8195, 8192, 8205, 8179,11.91507625579834
62, 8167, 8150, 8119, 8169, 8170, 8165, 8207, 8168, 8225, 8189, 8188, 8175, 8198, 8166,11.930264472961426
63, 8179, 8165, 8192, 8163, 8159, 8151, 8179, 8179, 8202, 8165, 8172, 8186, 8186, 8171,11.930264472961426
64, 8186, 8173, 8138, 8176, 8163, 8151, 8186, 8168, 8203, 8177, 8191, 8186, 8191, 8175,11.945900201797485
65, 8197, 8179, 8170, 8178, 8172, 8156, 8182, 8172, 8195, 8167, 8206, 8190, 8186, 8179,11.945900201797485
66, 8187, 8186, 8190, 8183, 8179, 8166, 8178, 8178, 8184, 8158, 8194, 8190, 8176, 8171,11.962017059326172
67, 8172, 8175, 8125, 8206, 8186, 8159, 8188, 8170, 8184, 8171, 8181, 8164, 8174, 8156,11.962017059326172
68, 8184, 8189, 8210, 8215, 8188, 8173, 8191, 8182, 8179, 8176, 8179, 8180, 8169, 8166,11.977144956588745
69, 8179, 8185, 8155, 8219, 8193, 8182, 8208, 8166, 8191, 8199, 8185, 8174, 8176, 8170,11.977144956588745
70, 8162, 8158, 8146, 8195, 8183, 8171, 8203, 8159, 8178, 8190, 8166, 8152, 8169, 8156,11.992424964904785
71, 8156, 8153, 8169, 8183, 8174, 8177, 8204, 8168, 8167, 8177, 8157, 8152, 8160, 8154,11.992424964904785
72, 8151, 8145, 8106, 8179, 8169, 8172, 8215, 8157, 8176, 8183, 8163, 8138, 8164, 8156,12.008239984512329
73, 8143, 8137, 8172, 8141, 8153, 8161, 8193, 8162, 8160, 8149, 8143, 8138, 8153, 8143,12.008239984512329
74, 8129, 8127, 8119, 8134, 8152, 8152, 8181, 8160, 8164, 8136, 8148, 8133, 8148, 8121,12.02389121055603
75, 8134, 8135, 8132, 8132, 8155, 8147, 8177, 8170, 8172, 8143, 8175, 8143, 8150, 8123,12.02389121055603
76, 8146, 8163, 8188, 8137, 8158, 8158, 8177, 8179, 8170, 8144, 8184, 8164, 8153, 8131,12.039035320281982
77, 8142, 8151, 8107, 8161, 8156, 8152, 8179, 8162, 8167, 8139, 8174, 8139, 8146, 8123,12.039035320281982
78, 8138, 8144, 8174, 8153, 8145, 8153, 8163, 8175, 8151, 8122, 8161, 8138, 8132, 8131,12.060158491134644
79, 8137, 8157, 8151, 8158, 8156, 8164, 8173, 8174, 8168, 8147, 8171, 8145, 8149, 8137,12.060158491134644
80, 8144, 8157, 8138, 8163, 8160, 8164, 8178, 8170, 8171, 8164, 8170, 8143, 8159, 8136,12.061159372329712
81, 8155, 8159, 8191, 8162, 8153, 8181, 8175, 8180, 8166, 8160, 8164, 8158, 8155, 8150,12.070608139038086
82, 8157, 8156, 8118, 8174, 8160, 8179, 8187, 8167, 8194, 8182, 8165, 8153, 8165, 8161,12.086238145828247
83, 8153, 8157, 8176, 8159, 8162, 8173, 8183, 8168, 8195, 8184, 8151, 8149, 8164, 8158,12.086238145828247
84, 8142, 8150, 8146, 8153, 8163, 8182, 8189, 8158, 8193, 8180, 8151, 8132, 8159, 8142,12.102349281311035
85, 8140, 8138, 8117, 8147, 8158, 8177, 8183, 8154, 8186, 8171, 8151, 8119, 8153, 8140,12.102349281311035
86, 8138, 8150, 8179, 8132, 8152, 8181, 8175, 8166, 8174, 8161, 8142, 8135, 8147, 8148,12.118286609649658
87, 8128, 8143, 8099, 8132, 8156, 8167, 8180, 8151, 8185, 8169, 8155, 8131, 8158, 8139,12.118286609649658
88, 8134, 8135, 8154, 8109, 8143, 8151, 8158, 8154, 8170, 8152, 8157, 8136, 8154, 8126,12.133355379104614
89, 8136, 8141, 8154, 8108, 8141, 8160, 8163, 8159, 8164, 8138, 8147, 8130, 8143, 8115,12.133355379104614
90, 8143, 8143, 8120, 8120, 8150, 8154, 8171, 8164, 8173, 8136, 8145, 8129, 8141, 8115,12.14856481552124
91, 8149, 8151, 8183, 8111, 8141, 8148, 8146, 8178, 8167, 8135, 8150, 8156, 8143, 8117,12.14856481552124
92, 8143, 8141, 8108, 8120, 8139, 8148, 8139, 8160, 8164, 8140, 8151, 8140, 8139, 8109,12.16422176361084
93, 8157, 8148, 8164, 8123, 8143, 8150, 8131, 8168, 8146, 8119, 8142, 8137, 8119, 8114,12.16422176361084
94, 8162, 8168, 8180, 8134, 8146, 8160, 8134, 8174, 8145, 8123, 8149, 8144, 8122, 8123,12.1793532371521
95, 8154, 8159, 8131, 8138, 8151, 8166, 8143, 8157, 8147, 8131, 8148, 8134, 8135, 8122,12.1793532371521
96, 8164, 8169, 8202, 8145, 8164, 8182, 8139, 8163, 8130, 8117, 8141, 8149, 8129, 8123,12.194480657577515
97, 8162, 8172, 8144, 8181, 8173, 8183, 8156, 8162, 8148, 8142, 8155, 8135, 8137, 8126,12.194480657577515
98, 8147, 8156, 8167, 8165, 8157, 8185, 8155, 8169, 8158, 8152, 8148, 8125, 8138, 8132,12.210474491119385
99, 8132, 8156, 8168, 8160, 8164, 8197, 8148, 8165, 8158, 8144, 8146, 8126, 8135, 8126,12.210474491119385
100, 8125, 8159, 8119, 8187, 8179, 8182, 8147, 8154, 8154, 8147, 8152, 8111, 8138, 8113,12.225595712661743
101, 8126, 8164, 8193, 8174, 8167, 8178, 8148, 8168, 8140, 8147, 8138, 8127, 8137, 8124,12.225595712661743
102, 8128, 8155, 8129, 8171, 8162, 8180, 8169, 8158, 8163, 8165, 8147, 8135, 8152, 8136,12.241386651992798
103, 8138, 8148, 8155, 8157, 8156, 8177, 8167, 8167, 8174, 8165, 8161, 8141, 8164, 8132,12.241386651992798
104, 8127, 8147, 8170, 8124, 8142, 8177, 8164, 8174, 8181, 8163, 8157, 8134, 8163, 8119,12.25642728805542
105, 8115, 8140, 8103, 8117, 8138, 8160, 8166, 8155, 8186, 8153, 8137, 8113, 8151, 8111,12.25642728805542
106, 8144, 8163, 8202, 8142, 8151, 8167, 8158, 8169, 8163, 8132, 8134, 8148, 8148, 8129,12.272059679031372
107, 8165, 8174, 8162, 8172, 8166, 8177, 8164, 8166, 8169, 8152, 8176, 8172, 8172, 8143,12.272059679031372
108, 8164, 8168, 8165, 8152, 8156, 8160, 8145, 8167, 8163, 8143, 8193, 8173, 8175, 8143,12.287155151367188
109, 8161, 8178, 8201, 8143, 8151, 8159, 8135, 8176, 8139, 8118, 8177, 8176, 8162, 8137,12.30291748046875
110, 8167, 8178, 8131, 8160, 8160, 8159, 8147, 8160, 8139, 8134, 8179, 8165, 8162, 8132,12.30291748046875
111, 8178, 8191, 8209, 8161, 8160, 8168, 8145, 8167, 8142, 8140, 8190, 8190, 8163, 8140,12.30291748046875
112, 8176, 8196, 8182, 8190, 8175, 8181, 8161, 8165, 8159, 8151, 8200, 8199, 8171, 8146,12.32004976272583
113, 8181, 8187, 8180, 8207, 8185, 8177, 8162, 8167, 8152, 8159, 8192, 8188, 8169, 8154,12.32004976272583
114, 8180, 8191, 8212, 8208, 8175, 8182, 8152, 8172, 8143, 8155, 8186, 8185, 8166, 8157,12.335134029388428
115, 8167, 8177, 8133, 8209, 8170, 8182, 8161, 8162, 8163, 8168, 8187, 8161, 8172, 8149,12.335134029388428
116, 8175, 8170, 8201, 8185, 8165, 8192, 8165, 8179, 8168, 8183, 8179, 8173, 8175, 8156,12.349396705627441
117, 8170, 8166, 8163, 8185, 8161, 8191, 8187, 8174, 8179, 8198, 8180, 8174, 8196, 8158,12.365929365158081
118, 8154, 8155, 8137, 8172, 8153, 8169, 8191, 8166, 8176, 8178, 8167, 8153, 8200, 8146,12.365929365158081
119, 8157, 8159, 8192, 8149, 8150, 8176, 8180, 8176, 8175, 8166, 8154, 8160, 8194, 8146,12.380240440368652
120, 8161, 8151, 8126, 8153, 8147, 8174, 8182, 8163, 8194, 8192, 8165, 8158, 8209, 8152,12.380240440368652
121, 8170, 8157, 8196, 8154, 8135, 8167, 8174, 8170, 8186, 8183, 8170, 8176, 8214, 8159,12.39635705947876
122, 8180, 8166, 8178, 8168, 8146, 8168, 8174, 8173, 8189, 8174, 8180, 8188, 8217, 8163,12.39635705947876
123, 8190, 8158, 8152, 8159, 8154, 8160, 8167, 8167, 8184, 8165, 8186, 8188, 8217, 8156,12.412046194076538
124, 8193, 8168, 8222, 8145, 8145, 8166, 8165, 8172, 8171, 8150, 8188, 8206, 8211, 8158,12.412046194076538
125, 8195, 8177, 8150, 8177, 8151, 8163, 8181, 8167, 8189, 8163, 8196, 8197, 8213, 8161,12.427221775054932
126, 8206, 8183, 8205, 8185, 8156, 8156, 8165, 8183, 8182, 8161, 8190, 8205, 8207, 8159,12.427221775054932
127, 8196, 8180, 8195, 8182, 8166, 8164, 8160, 8176, 8177, 8164, 8193, 8206, 8207, 8154,12.442440748214722
236, 8179, 8169, 8147, 8185, 8170, 8162, 8166, 8165, 8177, 8157, 8190, 8182, 8196, 8149,12.442440748214722
0, 8183, 8187, 8215, 8194, 8165, 8175, 8167, 8180, 8169, 8147, 8180, 8183, 8184, 8150,12.457599401473999
1, 8182, 8192, 8147, 8224, 8180, 8187, 8189, 8174, 8187, 8178, 8182, 8171, 8198, 8152,12.457599401473999
2, 8165, 8172, 8180, 8207, 8183, 8183, 8181, 8178, 8180, 8174, 8161, 8166, 8188, 8148,12.473058700561523
3, 8138, 8156, 8168, 8189, 8172, 8181, 8172, 8174, 8170, 8155, 8148, 8152, 8167, 8128,12.473058700561523
4, 8145, 8155, 8123, 8198, 8167, 8180, 8182, 8163, 8180, 8168, 8157, 8139, 8176, 8131,12.48857569694519
5, 8171, 8176, 8209, 8199, 8169, 8195, 8183, 8173, 8188, 8181, 8155, 8164, 8185, 8154,12.48857569694519
6, 8156, 8160, 8137, 8195, 8171, 8184, 8178, 8158, 8196, 8188, 8155, 8155, 8182, 8144,12.504420757293701
7, 8138, 8139, 8150, 8162, 8154, 8158, 8152, 8162, 8177, 8169, 8153, 8145, 8175, 8132,12.504420757293701
8, 8150, 8154, 8163, 8165, 8157, 8165, 8159, 8172, 8185, 8174, 8152, 8147, 8182, 8137,12.519484996795654
9, 8155, 8152, 8120, 8180, 8170, 8165, 8174, 8163, 8205, 8180, 8147, 8133, 8181, 8137,12.519484996795654
10, 8150, 8148, 8196, 8161, 8160, 8162, 8156, 8169, 8182, 8151, 8133, 8147, 8167, 8136,12.535004377365112
11, 8146, 8148, 8128, 8163, 8160, 8158, 8150, 8157, 8177, 8156, 8136, 8148, 8171, 8127,12.535004377365112
12, 8149, 8151, 8144, 8155, 8160, 8152, 8136, 8159, 8166, 8153, 8138, 8145, 8163, 8117,12.550189018249512
13, 8149, 8158, 8170, 8153, 8156, 8155, 8139, 8169, 8166, 8145, 8142, 8151, 8157, 8121,12.550189018249512
14, 8158, 8155, 8116, 8161, 8155, 8145, 8152, 8165, 8181, 8156, 8157, 8157, 8173, 8135,12.566308975219727
15, 8171, 8169, 8205, 8144, 8152, 8152, 8139, 8173, 8167, 8158, 8168, 8188, 8175, 8142,12.566308975219727
16, 8165, 8171, 8152, 8155, 8166, 8168, 8152, 8161, 8174, 8172, 8179, 8179, 8179, 8136,12.582364320755005
17, 8170, 8169, 8153, 8168, 8175, 8167, 8159, 8168, 8181, 8159, 8170, 8172, 8174, 8141,12.582364320755005
18, 8174, 8181, 8192, 8169, 8168, 8172, 8154, 8177, 8177, 8150, 8165, 8186, 8166, 8138,12.598520278930664
19, 8162, 8172, 8122, 8174, 8167, 8163, 8159, 8163, 8180, 8163, 8166, 8167, 8163, 8119,12.598921775817871
20, 8159, 8176, 8196, 8177, 8176, 8168, 8161, 8180, 8175, 8156, 8154, 8174, 8155, 8127,12.614480018615723
21, 8160, 8175, 8161, 8195, 8188, 8184, 8183, 8177, 8186, 8174, 8160, 8177, 8158, 8142,12.614480018615723
22, 8165, 8162, 8152, 8184, 8188, 8188, 8188, 8170, 8186, 8184, 8161, 8166, 8151, 8139,12.629417181015015
23, 8170, 8177, 8193, 8184, 8190, 8197, 8188, 8176, 8180, 8170, 8155, 8172, 8147, 8141,12.629417181015015
24, 8167, 8173, 8126, 8207, 8185, 8184, 8187, 8161, 8172, 8168, 8155, 8157, 8143, 8140,12.645355939865112
25, 8156, 8152, 8187, 8174, 8168, 8178, 8163, 8171, 8144, 8157, 8139, 8150, 8119, 8131,12.645355939865112
26, 8139, 8139, 8142, 8150, 8169, 8183, 8172, 8163, 8150, 8162, 8127, 8138, 8115, 8123,12.660091161727905
27, 8142, 8142, 8127, 8156, 8166, 8169, 8177, 8152, 8150, 8150, 8112, 8133, 8118, 8124,12.660091161727905
28, 8143, 8151, 8186, 8157, 8156, 8169, 8163, 8163, 8137, 8138, 8110, 8143, 8116, 8126,12.67612886428833
29, 8139, 8145, 8111, 8155, 8160, 8165, 8169, 8163, 8158, 8170, 8134, 8135, 8130, 8132,12.67612886428833
30, 8161, 8159, 8181, 8139, 8160, 8162, 8165, 8177, 8163, 8178, 8139, 8162, 8142, 8150,12.69133472442627
31, 8172, 8170, 8165, 8153, 8168, 8163, 8171, 8167, 8174, 8178, 8147, 8173, 8151, 8150,12.69133472442627
32, 8174, 8172, 8139, 8164, 8177, 8156, 8173, 8163, 8176, 8171, 8160, 8164, 8151, 8143,12.70736289024353
33, 8178, 8188, 8203, 8149, 8170, 8157, 8156, 8178, 8150, 8154, 8165, 8181, 8142, 8144,12.70736289024353
34, 8168, 8178, 8128, 8156, 8167, 8141, 8152, 8162, 8140, 8164, 8166, 8168, 8146, 8139,12.72349762916565
35, 8168, 8171, 8183, 8161, 8163, 8140, 8143, 8166, 8132, 8162, 8154, 8163, 8143, 8145,12.72349762916565
36, 8170, 8173, 8176, 8173, 8167, 8168, 8150, 8170, 8144, 8161, 8156, 8159, 8145, 8147,12.739041805267334
37, 8162, 8161, 8133, 8181, 8168, 8170, 8151, 8165, 8148, 8164, 8151, 8145, 8146, 8140,12.739041805267334
38, 8163, 8167, 8201, 8176, 8170, 8173, 8147, 8174, 8135, 8161, 8140, 8165, 8141, 8147,12.754715919494629
39, 8163, 8160, 8126, 8178, 8180, 8176, 8158, 8160, 8142, 8162, 8145, 8160, 8144, 8147,12.754715919494629
40, 8161, 8153, 8161, 8159, 8165, 8172, 8144, 8163, 8125, 8144, 8132, 8158, 8139, 8148,12.770837783813477
41, 8156, 8159, 8169, 8163, 8162, 8178, 8148, 8164, 8128, 8156, 8129, 8166, 8145, 8153,12.770837783813477
42, 8152, 8149, 8117, 8161, 8168, 8171, 8161, 8155, 8149, 8168, 8142, 8157, 8153, 8143,12.787306308746338
43, 8156, 8151, 8183, 8138, 8153, 8169, 8154, 8166, 8149, 8153, 8143, 8167, 8147, 8145,12.787306308746338
44, 8153, 8150, 8127, 8148, 8151, 8163, 8155, 8161, 8158, 8169, 8149, 8164, 8154, 8156,12.803001880645752
45, 8159, 8152, 8164, 8143, 8157, 8158, 8144, 8169, 8152, 8172, 8162, 8182, 8160, 8156,12.803001880645752
46, 8162, 8159, 8170, 8145, 8156, 8162, 8143, 8169, 8158, 8164, 8176, 8198, 8165, 8144,12.818387269973755
47, 8154, 8149, 8122, 8158, 8149, 8145, 8141, 8156, 8161, 8158, 8169, 8187, 8164, 8141,12.818387269973755
48, 8166, 8161, 8211, 8152, 8153, 8150, 8129, 8170, 8143, 8153, 8166, 8206, 8160, 8151,12.83429479598999
49, 8175, 8170, 8146, 8165, 8166, 8158, 8141, 8158, 8149, 8171, 8190, 8203, 8175, 8142,12.83429479598999
50, 8166, 8167, 8166, 8156, 8156, 8146, 8127, 8150, 8122, 8147, 8182, 8190, 8161, 8123,12.849235534667969
51, 8155, 8173, 8199, 8157, 8159, 8154, 8115, 8159, 8106, 8127, 8171, 8189, 8141, 8110,12.849235534667969
52, 8163, 8182, 8128, 8191, 8185, 8162, 8129, 8159, 8138, 8158, 8188, 8179, 8155, 8113,12.864760160446167
53, 8167, 8194, 8204, 8196, 8184, 8165, 8129, 8172, 8130, 8164, 8186, 8189, 8165, 8125,12.864760160446167
54, 8145, 8180, 8158, 8193, 8178, 8159, 8133, 8160, 8120, 8165, 8180, 8170, 8167, 8113,12.879993438720703
55, 8155, 8173, 8161, 8180, 8189, 8160, 8131, 8164, 8135, 8171, 8194, 8172, 8181, 8113,12.879993438720703
56, 8181, 8200, 8206, 8190, 8201, 8179, 8142, 8177, 8150, 8179, 8209, 8207, 8206, 8140,12.896028995513916
57, 8174, 8198, 8145, 8219, 8203, 8172, 8157, 8161, 8146, 8182, 8199, 8193, 8203, 8141,12.896028995513916
58, 8159, 8185, 8210, 8208, 8197, 8171, 8145, 8171, 8130, 8173, 8183, 8184, 8182, 8131,12.91207242012024
59, 8154, 8182, 8162, 8212, 8207, 8185, 8163, 8169, 8157, 8203, 8201, 8181, 8200, 8134,12.91207242012024
60, 8165, 8184, 8157, 8215, 8215, 8190, 8182, 8168, 8171, 8216, 8204, 8186, 8211, 8146,12.928118467330933
61, 8168, 8192, 8203, 8208, 8213, 8198, 8177, 8176, 8163, 8202, 8185, 8199, 8198, 8158,12.928118467330933
62, 8168, 8177, 8128, 8210, 8206, 8183, 8180, 8164, 8175, 8205, 8184, 8183, 8204, 8165,12.943989515304565
63, 8185, 8166, 8194, 8190, 8187, 8172, 8173, 8176, 8175, 8192, 8186, 8192, 8210, 8173,12.943989515304565
64, 8180, 8163, 8158, 8183, 8182, 8167, 8166, 8172, 8183, 8183, 8193, 8190, 8216, 8166,12.95990252494812
65, 8170, 8157, 8137, 8172, 8184, 8148, 8148, 8170, 8174, 8170, 8187, 8176, 8208, 8151,12.95990252494812
66, 8175, 8174, 8198, 8173, 8183, 8150, 8140, 8178, 8155, 8154, 8174, 8183, 8188, 8137,12.975514888763428
67, 8180, 8182, 8129, 8195, 8189, 8150, 8156, 8158, 8165, 8160, 8181, 8171, 8184, 8132,12.975514888763428
68, 8183, 8192, 8189, 8182, 8188, 8148, 8142, 8162, 8150, 8148, 8183, 8184, 8176, 8147,12.991091012954712
69, 8172, 8191, 8170, 8194, 8195, 8156, 8138, 8158, 8138, 8148, 8183, 8183, 8175, 8143,12.991091012954712
70, 8161, 8177, 8141, 8213, 8199, 8164, 8150, 8156, 8130, 8153, 8168, 8155, 8171, 8126,13.006264209747314
71, 8154, 8176, 8195, 8196, 8194, 8182, 8167, 8169, 8123, 8154, 8146, 8144, 8157, 8131,13.006264209747314
72, 8141, 8157, 8107, 8185, 8193, 8179, 8191, 8158, 8148, 8170, 8136, 8124, 8154, 8133,13.021446943283081
73, 8145, 8152, 8160, 8179, 8184, 8174, 8188, 8169, 8157, 8163, 8125, 8133, 8151, 8132,13.021446943283081
74, 8149, 8161, 8153, 8175, 8183, 8181, 8193, 8177, 8170, 8173, 8130, 8145, 8157, 8136,13.037322282791138
75, 8146, 8150, 8105, 8143, 8172, 8154, 8173, 8168, 8165, 8165, 8127, 8138, 8151, 8132,13.037322282791138
76, 8153, 8153, 8186, 8123, 8154, 8140, 8135, 8167, 8140, 8123, 8115, 8152, 8136, 8124,13.053565979003906
77, 8157, 8157, 8136, 8148, 8165, 8145, 8147, 8154, 8147, 8128, 8125, 8152, 8147, 8121,13.053565979003906
78, 8159, 8164, 8173, 8137, 8174, 8149, 8143, 8171, 8133, 8140, 8124, 8158, 8150, 8125,13.069623231887817
79, 8159, 8172, 8169, 8133, 8173, 8148, 8126, 8178, 8130, 8153, 8132, 8162, 8146, 8124,13.069623231887817
80, 8164, 8172, 8136, 8155, 8175, 8132, 8120, 8162, 8131, 8149, 8145, 8148, 8143, 8125,13.083494663238525
81, 8180, 8193, 8229, 8165, 8185, 8155, 8134, 8169, 8117, 8122, 8137, 8160, 8132, 8135,13.083494663238525
82, 8177, 8193, 8157, 8187, 8201, 8184, 8170, 8164, 8145, 8151, 8134, 8152, 8137, 8138,13.099071025848389
83, 8167, 8175, 8167, 8179, 8195, 8186, 8162, 8173, 8160, 8175, 8131, 8147, 8140, 8142,13.114228010177612
84, 8159, 8170, 8175, 8167, 8190, 8183, 8152, 8175, 8154, 8172, 8136, 8153, 8147, 8145,13.114228010177612
85, 8153, 8158, 8119, 8161, 8190, 8171, 8168, 8163, 8152, 8172, 8135, 8142, 8149, 8138,13.129382848739624
86, 8149, 8148, 8186, 8140, 8172, 8176, 8168, 8175, 8135, 8161, 8101, 8142, 8128, 8130,13.129382848739624
87, 8145, 8137, 8124, 8148, 8167, 8176, 8176, 8169, 8151, 8166, 8100, 8128, 8128, 8122,13.146022081375122
88, 8160, 8145, 8156, 8154, 8175, 8173, 8182, 8176, 8176, 8171, 8123, 8139, 8139, 8135,13.146022081375122
89, 8165, 8158, 8182, 8148, 8180, 8184, 8183, 8177, 8185, 8180, 8120, 8156, 8140, 8145,13.160495042800903
90, 8156, 8140, 8102, 8132, 8170, 8169, 8172, 8160, 8179, 8178, 8104, 8133, 8140, 8137,13.160495042800903
91, 8164, 8141, 8179, 8103, 8153, 8159, 8157, 8178, 8170, 8151, 8114, 8152, 8145, 8148,13.176074028015137
92, 8172, 8149, 8142, 8122, 8163, 8161, 8170, 8174, 8182, 8155, 8136, 8165, 8154, 8158,13.176074028015137
93, 8191, 8155, 8153, 8134, 8169, 8155, 8161, 8166, 8162, 8156, 8123, 8168, 8140, 8152,13.192097902297974
94, 8198, 8181, 8196, 8134, 8169, 8157, 8152, 8170, 8142, 8144, 8126, 8184, 8128, 8144,13.192097902297974
95, 8183, 8183, 8131, 8155, 8181, 8157, 8160, 8165, 8150, 8148, 8154, 8175, 8129, 8137,13.209293365478516
96, 8177, 8177, 8204, 8154, 8183, 8174, 8151, 8180, 8142, 8153, 8153, 8182, 8125, 8141,13.209293365478516
97, 8161, 8172, 8155, 8157, 8184, 8184, 8156, 8168, 8141, 8168, 8145, 8168, 8127, 8140,13.224727153778076
98, 8154, 8166, 8142, 8150, 8181, 8172, 8152, 8158, 8125, 8148, 8133, 8151, 8115, 8133,13.224727153778076
99, 8161, 8166, 8190, 8147, 8179, 8186, 8161, 8173, 8123, 8138, 8129, 8166, 8117, 8133,13.224727153778076
100, 8159, 8153, 8112, 8155, 8185, 8195, 8195, 8163, 8157, 8169, 8136, 8156, 8138, 8139,13.241567373275757
101, 8155, 8159, 8176, 8141, 8175, 8188, 8190, 8167, 8162, 8169, 8123, 8159, 8132, 8150,13.241567373275757
102, 8156, 8162, 8154, 8140, 8167, 8177, 8180, 8166, 8167, 8165, 8127, 8157, 8137, 8149,13.255314350128174
103, 8167, 8149, 8138, 8128, 8161, 8161, 8169, 8170, 8167, 8151, 8146, 8159, 8154, 8148,13.271039009094238
104, 8179, 8162, 8199, 8127, 8165, 8166, 8164, 8179, 8167, 8141, 8157, 8188, 8162, 8160,13.271039009094238
105, 8188, 8173, 8138, 8153, 8180, 8160, 8175, 8167, 8178, 8170, 8171, 8194, 8173, 8167,13.286423921585083
106, 8196, 8182, 8200, 8144, 8174, 8152, 8164, 8182, 8152, 8159, 8172, 8202, 8169, 8159,13.286423921585083
107, 8180, 8175, 8171, 8142, 8168, 8154, 8161, 8176, 8139, 8138, 8166, 8191, 8158, 8140,13.301628112792969
108, 8175, 8167, 8143, 8145, 8172, 8150, 8158, 8165, 8148, 8140, 8154, 8178, 8148, 8136,13.301628112792969
109, 8192, 8195, 8220, 8151, 8188, 8173, 8166, 8179, 8157, 8156, 8155, 8194, 8146, 8151,13.317370653152466
110, 8187, 8192, 8148, 8169, 8205, 8180, 8185, 8173, 8174, 8181, 8166, 8168, 8146, 8144,13.317370653152466
111, 8171, 8171, 8191, 8155, 8196, 8172, 8165, 8179, 8156, 8169, 8155, 8157, 8133, 8140,13.332788705825806
112, 8167, 8179, 8180, 8166, 8198, 8190, 8174, 8169, 8152, 8166, 8157, 8167, 8138, 8148,13.332788705825806
113, 8171, 8181, 8136, 8189, 8205, 8192, 8197, 8161, 8164, 8173, 8163, 8163, 8147, 8152,13.348400592803955
114, 8171, 8173, 8207, 8177, 8194, 8187, 8195, 8179, 8164, 8176, 8161, 8173, 8154, 8163,13.348400592803955
115, 8164, 8158, 8136, 8162, 8190, 8174, 8198, 8171, 8183, 8197, 8175, 8163, 8177, 8161,13.363568544387817
116, 8174, 8165, 8174, 8143, 8186, 8167, 8185, 8174, 8179, 8174, 8169, 8173, 8174, 8155,13.363568544387817
117, 8185, 8179, 8184, 8157, 8186, 8176, 8185, 8173, 8179, 8162, 8175, 8193, 8174, 8157,13.379080057144165
118, 8195, 8179, 8141, 8171, 8188, 8163, 8186, 8161, 8174, 8179, 8196, 8194, 8189, 8162,13.379080057144165
119, 8200, 8193, 8218, 8157, 8185, 8160, 8167, 8175, 8144, 8164, 8193, 8205, 8178, 8165,13.394402742385864
120, 8185, 8192, 8153, 8181, 8194, 8168, 8182, 8171, 8156, 8167, 8186, 8186, 8165, 8161,13.394402742385864
121, 8182, 8184, 8180, 8190, 8192, 8177, 8193, 8173, 8158, 8176, 8174, 8176, 8153, 8169,13.41050124168396
122, 8188, 8182, 8191, 8181, 8182, 8190, 8196, 8173, 8146, 8172, 8168, 8175, 8146, 8173,13.41050124168396
123, 8188, 8166, 8131, 8179, 8176, 8177, 8196, 8165, 8154, 8172, 8172, 8167, 8154, 8170,13.426020383834839
124, 8200, 8171, 8213, 8166, 8168, 8172, 8182, 8176, 8160, 8171, 8171, 8194, 8161, 8179,13.426020383834839
125, 8201, 8166, 8152, 8161, 8165, 8162, 8182, 8163, 8174, 8183, 8179, 8189, 8171, 8178,13.441151142120361
126, 8194, 8152, 8157, 8137, 8156, 8152, 8166, 8166, 8160, 8170, 8180, 8177, 8168, 8171,13.441151142120361
127, 8185, 8164, 8182, 8135, 8169, 8166, 8160, 8174, 8156, 8164, 8191, 8197, 8169, 8169,13.457138776779175
236, 8185, 8176, 8128, 8162, 8189, 8164, 8171, 8160, 8163, 8170, 8208, 8204, 8176, 8164,13.457138776779175
0, 8200, 8193, 8218, 8171, 8185, 8164, 8169, 8173, 8143, 8163, 8210, 8218, 8176, 8164,13.472607135772705
1, 8193, 8189, 8166, 8186, 8188, 8168, 8172, 8170, 8152, 8176, 8213, 8204, 8180, 8160,13.472607135772705
2, 8178, 8177, 8160, 8185, 8185, 8164, 8158, 8170, 8152, 8170, 8205, 8189, 8166, 8152,13.48814582824707
3, 8169, 8184, 8201, 8198, 8175, 8180, 8164, 8179, 8137, 8167, 8193, 8194, 8156, 8152,13.48814582824707
4, 8171, 8176, 8128, 8218, 8185, 8191, 8190, 8166, 8143, 8195, 8188, 8177, 8162, 8162,13.503417015075684
5, 8178, 8174, 8188, 8193, 8179, 8189, 8182, 8176, 8149, 8197, 8178, 8184, 8155, 8171,13.503417015075684
6, 8174, 8163, 8144, 8184, 8159, 8170, 8180, 8173, 8162, 8201, 8182, 8175, 8164, 8166,13.519391775131226
7, 8186, 8150, 8144, 8174, 8147, 8151, 8174, 8168, 8155, 8193, 8179, 8169, 8172, 8168,13.519391775131226
8, 8200, 8169, 8200, 8168, 8155, 8167, 8165, 8171, 8149, 8176, 8181, 8194, 8171, 8183,13.535020351409912
9, 8208, 8177, 8131, 8184, 8165, 8165, 8169, 8160, 8163, 8184, 8205, 8200, 8187, 8187,13.535020351409912
10, 8225, 8180, 8202, 8178, 8155, 8151, 8157, 8174, 8158, 8183, 8218, 8222, 8199, 8187,13.550295352935791
11, 8209, 8178, 8171, 8176, 8154, 8148, 8148, 8169, 8157, 8184, 8222, 8216, 8195, 8169,13.550295352935791
12, 8184, 8175, 8145, 8165, 8157, 8146, 8133, 8161, 8146, 8172, 8208, 8190, 8174, 8150,13.56604552268982
13, 8190, 8188, 8205, 8164, 8168, 8168, 8136, 8173, 8140, 8163, 8198, 8196, 8165, 8155,13.56604552268982
14, 8187, 8182, 8135, 8189, 8185, 8173, 8155, 8159, 8152, 8171, 8198, 8175, 8167, 8156,13.581716299057007
15, 8168, 8179, 8185, 8183, 8175, 8172, 8141, 8164, 8130, 8145, 8175, 8161, 8149, 8150,13.581716299057007
16, 8147, 8172, 8155, 8179, 8166, 8176, 8146, 8167, 8136, 8140, 8162, 8151, 8145, 8138,13.597150087356567
17, 8143, 8150, 8121, 8171, 8165, 8160, 8153, 8168, 8156, 8158, 8155, 8135, 8149, 8133,13.597150087356567
18, 8146, 8149, 8190, 8156, 8161, 8162, 8147, 8177, 8157, 8166, 8154, 8144, 8152, 8139,13.612541198730469
19, 8150, 8149, 8123, 8164, 8166, 8158, 8156, 8158, 8176, 8182, 8176, 8150, 8166, 8142,13.612541198730469
20, 8167, 8159, 8174, 8146, 8158, 8143, 8140, 8164, 8171, 8168, 8187, 8171, 8166, 8154,13.628012418746948
21, 8175, 8168, 8164, 8142, 8148, 8141, 8132, 8170, 8166, 8159, 8193, 8175, 8170, 8156,13.628012418746948
22, 8178, 8158, 8134, 8156, 8146, 8138, 8125, 8164, 8160, 8148, 8191, 8168, 8165, 8146,13.643671035766602
23, 8175, 8163, 8217, 8153, 8149, 8144, 8108, 8173, 8138, 8129, 8186, 8189, 8139, 8140,13.643671035766602
24, 8161, 8166, 8139, 8167, 8161, 8152, 8123, 8162, 8139, 8143, 8193, 8170, 8135, 8134,13.659679412841797
25, 8166, 8173, 8166, 8171, 8162, 8168, 8137, 8169, 8141, 8144, 8178, 8161, 8141, 8146,13.659679412841797
26, 8168, 8172, 8168, 8171, 8163, 8186, 8152, 8174, 8159, 8154, 8164, 8165, 8143, 8155,13.674611330032349
27, 8154, 8143, 8111, 8154, 8163, 8175, 8158, 8168, 8170, 8165, 8152, 8145, 8139, 8139,13.674611330032349
28, 8144, 8134, 8177, 8130, 8147, 8177, 8152, 8177, 8152, 8152, 8141, 8147, 8132, 8132,13.690340757369995
29, 8135, 8133, 8115, 8135, 8142, 8176, 8166, 8164, 8163, 8166, 8149, 8135, 8132, 8139,13.690340757369995
30, 8138, 8132, 8146, 8117, 8139, 8163, 8159, 8168, 8179, 8164, 8143, 8133, 8130, 8139,13.70643401145935
31, 8149, 8147, 8165, 8120, 8145, 8162, 8157, 8169, 8193, 8161, 8151, 8151, 8146, 8133,13.72248101234436
32, 8166, 8164, 8124, 8149, 8156, 8148, 8160, 8158, 8192, 8177, 8188, 8170, 8169, 8144,13.72248101234436
33, 8180, 8178, 8215, 8149, 8153, 8147, 8146, 8175, 8167, 8176, 8213, 8207, 8169, 8158,13.72248101234436
34, 8166, 8167, 8147, 8155, 8151, 8156, 8152, 8168, 8170, 8186, 8208, 8191, 8169, 8140,13.737423419952393
35, 8157, 8167, 8157, 8155, 8152, 8158, 8150, 8172, 8160, 8182, 8189, 8174, 8164, 8135,13.737423419952393
36, 8165, 8187, 8195, 8165, 8161, 8167, 8154, 8176, 8145, 8170, 8194, 8183, 8165, 8150,13.753769636154175
37, 8162, 8171, 8126, 8181, 8160, 8164, 8156, 8157, 8146, 8163, 8192, 8158, 8159, 8146,13.753769636154175
38, 8160, 8172, 8193, 8175, 8151, 8175, 8134, 8170, 8135, 8156, 8163, 8156, 8146, 8143,13.770896434783936
39, 8157, 8177, 8147, 8187, 8162, 8184, 8140, 8167, 8147, 8181, 8173, 8155, 8163, 8149,13.770896434783936
40, 8154, 8159, 8151, 8177, 8154, 8173, 8144, 8163, 8145, 8179, 8178, 8148, 8163, 8148,13.783746004104614
41, 8148, 8153, 8184, 8162, 8139, 8179, 8143, 8168, 8143, 8167, 8158, 8150, 8145, 8140,13.799351692199707
42, 8148, 8146, 8109, 8166, 8145, 8178, 8156, 8160, 8171, 8195, 8170, 8146, 8161, 8145,13.799351692199707
43, 8160, 8147, 8180, 8148, 8149, 8179, 8153, 8174, 8184, 8204, 8196, 8173, 8185, 8165,13.815422296524048
44, 8155, 8151, 8143, 8153, 8153, 8184, 8165, 8171, 8204, 8216, 8204, 8176, 8200, 8165,13.815422296524048
45, 8162, 8158, 8143, 8165, 8154, 8172, 8167, 8169, 8205, 8223, 8207, 8177, 8200, 8166,13.832520008087158
46, 8184, 8172, 8205, 8162, 8153, 8172, 8159, 8175, 8189, 8204, 8230, 8208, 8199, 8172,13.832520008087158
47, 8179, 8162, 8131, 8157, 8157, 8167, 8154, 8162, 8183, 8184, 8238, 8198, 8196, 8155,13.832520008087158
48, 8165, 8169, 8188, 8149, 8155, 8173, 8141, 8174, 8164, 8166, 8212, 8189, 8177, 8142,13.849079847335815
49, 8158, 8179, 8157, 8173, 8162, 8175, 8159, 8170, 8173, 8179, 8212, 8183, 8179, 8140,13.849079847335815
50, 8166, 8168, 8141, 8173, 8163, 8161, 8162, 8164, 8173, 8178, 8219, 8182, 8185, 8145,13.864216327667236
51, 8165, 8171, 8206, 8154, 8159, 8175, 8149, 8173, 8156, 8167, 8207, 8189, 8174, 8156,13.864216327667236
52, 8154, 8166, 8132, 8177, 8168, 8186, 8165, 8163, 8173, 8184, 8204, 8170, 8177, 8161,13.878365755081177
53, 8168, 8173, 8184, 8186, 8172, 8193, 8175, 8180, 8186, 8183, 8201, 8182, 8178, 8172,13.895474433898926
54, 8171, 8177, 8162, 8182, 8169, 8200, 8181, 8176, 8192, 8191, 8201, 8179, 8174, 8171,13.895474433898926
55, 8163, 8154, 8135, 8166, 8156, 8180, 8168, 8161, 8190, 8198, 8198, 8164, 8179, 8169,13.895474433898926
56, 8172, 8156, 8212, 8154, 8145, 8178, 8155, 8174, 8197, 8193, 8198, 8195, 8177, 8185,13.910172700881958
57, 8174, 8158, 8139, 8167, 8149, 8170, 8160, 8160, 8214, 8193, 8203, 8191, 8184, 8177,13.92818307876587
58, 8168, 8157, 8176, 8141, 8139, 8154, 8138, 8160, 8180, 8161, 8190, 8182, 8242, 8157,13.92818307876587
59, 8164, 8161, 8171, 8135, 8139, 8160, 8142, 8164, 8167, 8154, 8195, 8189, 8295, 8153,13.92818307876587
60, 8173, 8162, 8138, 8150, 8150, 8154, 8154, 8163, 8180, 8167, 8210, 8189, 8246, 8160,13.94269061088562
61, 8174, 8179, 8214, 8147, 8146, 8152, 8139, 8175, 8172, 8157, 8205, 8195, 8192, 8157,13.958384275436401
62, 8162, 8182, 8145, 8165, 8152, 8149, 8140, 8164, 8175, 8164, 8200, 8172, 8208, 8140,13.958384275436401
63, 8166, 8180, 8187, 8172, 8158, 8154, 8142, 8172, 8169, 8164, 8190, 8166, 8186, 8144,13.972431182861328
64, 8164, 8179, 8193, 8176, 8164, 8170, 8157, 8172, 8172, 8163, 8189, 8174, 8150, 8155,13.972431182861328
65, 8156, 8164, 8135, 8181, 8160, 8165, 8168, 8160, 8171, 8159, 8184, 8162, 8153, 8154,13.987962484359741
66, 8161, 8170, 8207, 8175, 8146, 8171, 8163, 8175, 8155, 8158, 8176, 8166, 8157, 8156,13.987962484359741
67, 8158, 8166, 8144, 8181, 8151, 8171, 8172, 8168, 8172, 8190, 8190, 8157, 8161, 8164,14.003140211105347
68, 8168, 8160, 8172, 8171, 8146, 8163, 8165, 8173, 8178, 8179, 8189, 8167, 8158, 8174,14.003140211105347
69, 8185, 8169, 8193, 8182, 8138, 8165, 8166, 8177, 8185, 8167, 8187, 8185, 8187, 8178,14.018129825592041
70, 8188, 8164, 8132, 8197, 8135, 8155, 8174, 8164, 8203, 8193, 8207, 8179, 8226, 8177,14.018129825592041
71, 8186, 8163, 8206, 8185, 8132, 8158, 8165, 8174, 8202, 8194, 8222, 8196, 8205, 8190,14.033438682556152
72, 8188, 8165, 8153, 8212, 8137, 8162, 8173, 8169, 8210, 8197, 8235, 8197, 8189, 8200,14.033438682556152
73, 8199, 8175, 8175, 8229, 8132, 8155, 8165, 8172, 8196, 8185, 8233, 8196, 8193, 8190,14.04933762550354
74, 8199, 8185, 8216, 8227, 8129, 8150, 8154, 8173, 8186, 8171, 8235, 8210, 8192, 8171,14.04933762550354
75, 8203, 8178, 8154, 8233, 8131, 8134, 8150, 8160, 8187, 8173, 8250, 8212, 8190, 8172,14.07042407989502
76, 8207, 8186, 8219, 8223, 8120, 8134, 8125, 8171, 8155, 8145, 8241, 8226, 8179, 8180,14.07042407989502
77, 8192, 8183, 8164, 8224, 8119, 8137, 8126, 8163, 8145, 8131, 8225, 8207, 8172, 8166,14.07042407989502
78, 8206, 8185, 8179, 8228, 8128, 8132, 8137, 8163, 8152, 8137, 8221, 8201, 8174, 8167,14.07999324798584
79, 8228, 8216, 8239, 8253, 8146, 8155, 8145, 8171, 8159, 8151, 8239, 8234, 8190, 8182,14.0950288772583
80, 8210, 8212, 8162, 8272, 8161, 8165, 8151, 8160, 8163, 8155, 8248, 8223, 8198, 8179,14.0950288772583
81, 8197, 8197, 8213, 8243, 8155, 8160, 8140, 8171, 8136, 8136, 8217, 8202, 8170, 8175,14.111104011535645
82, 8198, 8191, 8172, 8244, 8149, 8163, 8154, 8167, 8141, 8162, 8207, 8183, 8162, 8173,14.111104011535645
83, 8198, 8178, 8161, 8240, 8138, 8165, 8160, 8164, 8161, 8187, 8208, 8185, 8177, 8178,14.127057790756226
84, 8188, 8172, 8198, 8205, 8129, 8177, 8161, 8171, 8167, 8179, 8202, 8189, 8183, 8188,14.127057790756226
85, 8175, 8155, 8113, 8184, 8132, 8171, 8168, 8160, 8178, 8181, 8208, 8158, 8185, 8183,14.142590045928955
86, 8180, 8160, 8182, 8173, 8129, 8161, 8151, 8177, 8178, 8182, 8210, 8179, 8192, 8185,14.142590045928955
87, 8188, 8175, 8157, 8188, 8132, 8158, 8144, 8174, 8188, 8187, 8216, 8194, 8199, 8185,14.158512353897095
88, 8183, 8166, 8126, 8171, 8135, 8146, 8128, 8161, 8171, 8152, 8209, 8165, 8174, 8167,14.158512353897095
89, 8166, 8168, 8183, 8147, 8133, 8149, 8121, 8173, 8142, 8124, 8195, 8154, 8146, 8146,14.174077987670898
90, 8155, 8169, 8116, 8175, 8146, 8156, 8139, 8167, 8147, 8150, 8198, 8142, 8145, 8135,14.174077987670898
91, 8161, 8179, 8175, 8191, 8156, 8175, 8139, 8172, 8132, 8149, 8189, 8144, 8137, 8140,14.189289808273315
92, 8143, 8172, 8143, 8186, 8155, 8186, 8157, 8168, 8127, 8153, 8174, 8133, 8132, 8136,14.189289808273315
93, 8130, 8149, 8101, 8162, 8142, 8161, 8160, 8162, 8138, 8163, 8163, 8109, 8135, 8133,14.20538067817688
94, 8152, 8166, 8185, 8158, 8136, 8158, 8143, 8172, 8153, 8159, 8180, 8134, 8154, 8147,14.20538067817688
95, 8169, 8177, 8130, 8183, 8155, 8158, 8151, 8166, 8177, 8171, 8215, 8154, 8187, 8151,14.221033811569214
96, 8182, 8181, 8183, 8167, 8159, 8155, 8145, 8179, 8163, 8161, 8215, 8169, 8185, 8154,14.221033811569214
97, 8179, 8190, 8174, 8168, 8152, 8162, 8140, 8172, 8159, 8156, 8203, 8163, 8170, 8152,14.236161708831787
98, 8165, 8188, 8127, 8183, 8151, 8159, 8146, 8163, 8159, 8153, 8191, 8140, 8157, 8143,14.236161708831787
99, 8164, 8187, 8200, 8171, 8152, 8168, 8150, 8185, 8140, 8142, 8178, 8145, 8145, 8145,14.251550436019897
100, 8150, 8165, 8124, 8177, 8153, 8171, 8158, 8171, 8139, 8156, 8170, 8114, 8143, 8135,14.251550436019897
101, 8133, 8157, 8152, 8169, 8141, 8167, 8143, 8165, 8132, 8156, 8146, 8098, 8130, 8124,14.267611503601074
102, 8139, 8174, 8165, 8166, 8146, 8182, 8157, 8170, 8143, 8169, 8152, 8115, 8138, 8135,14.267611503601074
103, 8165, 8177, 8122, 8178, 8158, 8182, 8185, 8170, 8172, 8195, 8176, 8121, 8165, 8159,14.283014297485352
104, 8173, 8181, 8197, 8176, 8155, 8177, 8173, 8183, 8185, 8197, 8173, 8135, 8170, 8171,14.283014297485352
105, 8157, 8172, 8129, 8181, 8159, 8169, 8177, 8175, 8201, 8213, 8182, 8129, 8174, 8165,14.298307657241821
106, 8169, 8175, 8160, 8163, 8155, 8162, 8179, 8181, 8197, 8219, 8192, 8146, 8179, 8173,14.298307657241821
107, 8186, 8187, 8188, 8161, 8148, 8167, 8175, 8183, 8200, 8216, 8193, 8166, 8188, 8181,14.313442468643188
108, 8185, 8177, 8128, 8164, 8152, 8155, 8168, 8166, 8206, 8209, 8199, 8153, 8193, 8169,14.313442468643188
109, 8186, 8180, 8195, 8142, 8154, 8156, 8157, 8178, 8187, 8190, 8203, 8169, 8189, 8171,14.330210447311401
110, 8186, 8182, 8136, 8154, 8159, 8151, 8164, 8174, 8194, 8202, 8204, 8162, 8195, 8170,14.330210447311401
111, 8182, 8178, 8151, 8147, 8150, 8134, 8144, 8172, 8181, 8186, 8188, 8150, 8182, 8154,14.34531569480896
112, 8166, 8181, 8178, 8132, 8149, 8148, 8135, 8173, 8161, 8161, 8183, 8156, 8168, 8139,14.34531569480896
113, 8159, 8174, 8117, 8143, 8157, 8149, 8150, 8165, 8165, 8170, 8194, 8147, 8176, 8139,14.361412763595581
114, 8174, 8187, 8202, 8142, 8154, 8149, 8146, 8179, 8149, 8158, 8192, 8156, 8175, 8148,14.361412763595581
115, 8168, 8184, 8148, 8141, 8155, 8153, 8154, 8165, 8144, 8148, 8182, 8139, 8164, 8140,14.377410650253296
116, 8158, 8166, 8145, 8127, 8147, 8146, 8149, 8160, 8139, 8142, 8164, 8126, 8150, 8136,14.377410650253296
117, 8159, 8177, 8197, 8130, 8146, 8155, 8148, 8173, 8138, 8151, 8162, 8143, 8155, 8141,14.393116474151611
118, 8164, 8182, 8130, 8162, 8166, 8161, 8171, 8165, 8147, 8165, 8168, 8132, 8162, 8138,14.393116474151611
119, 8175, 8192, 8200, 8174, 8173, 8173, 8173, 8175, 8136, 8151, 8161, 8142, 8151, 8144,14.408233642578125
120, 8165, 8194, 8161, 8185, 8173, 8179, 8171, 8168, 8145, 8165, 8171, 8143, 8164, 8150,14.408233642578125
121, 8159, 8175, 8143, 8166, 8165, 8165, 8164, 8167, 8148, 8180, 8170, 8130, 8172, 8149,14.424274682998657
122, 8165, 8180, 8193, 8161, 8165, 8175, 8173, 8177, 8150, 8182, 8164, 8137, 8167, 8150,14.424274682998657
123, 8166, 8193, 8130, 8193, 8179, 8184, 8194, 8167, 8180, 8207, 8180, 8133, 8184, 8154,14.440160989761353
124, 8169, 8196, 8193, 8179, 8173, 8181, 8176, 8176, 8178, 8213, 8174, 8146, 8189, 8158,14.440160989761353
125, 8154, 8171, 8152, 8160, 8160, 8177, 8166, 8165, 8168, 8207, 8166, 8134, 8181, 8148,14.45527172088623
126, 8143, 8152, 8123, 8152, 8153, 8172, 8163, 8157, 8161, 8192, 8171, 8120, 8180, 8142,14.471018552780151
127, 8155, 8173, 8189, 8149, 8155, 8179, 8157, 8171, 8159, 8187, 8170, 8141, 8189, 8150,14.471018552780151
236, 8157, 8163, 8114, 8149, 8161, 8166, 8163, 8159, 8165, 8195, 8164, 8134, 8199, 8142,14.471018552780151
0, 8156, 8149, 8169, 8125, 8153, 8156, 8156, 8170, 8154, 8164, 8156, 8135, 8190, 8138,14.486101627349854
1, 8158, 8158, 8155, 8134, 8157, 8162, 8160, 8172, 8162, 8157, 8165, 8137, 8183, 8136,14.486101627349854
2, 8167, 8162, 8124, 8145, 8159, 8153, 8149, 8161, 8152, 8158, 8158, 8132, 8175, 8125,14.501794338226318
3, 8175, 8172, 8204, 8131, 8148, 8157, 8129, 8175, 8129, 8136, 8152, 8153, 8170, 8131,14.517422676086426
4, 8171, 8164, 8131, 8140, 8148, 8153, 8140, 8166, 8149, 8148, 8170, 8144, 8179, 8141,14.517422676086426
5, 8172, 8162, 8180, 8131, 8142, 8150, 8131, 8169, 8142, 8153, 8164, 8136, 8170, 8139,14.535502910614014
6, 8169, 8168, 8186, 8133, 8139, 8166, 8142, 8169, 8139, 8160, 8158, 8135, 8163, 8131,14.535502910614014
7, 8165, 8161, 8129, 8159, 8150, 8163, 8165, 8161, 8152, 8161, 8166, 8131, 8167, 8138,14.535502910614014
8, 8168, 8173, 8198, 8172, 8157, 8176, 8161, 8177, 8144, 8147, 8161, 8146, 8165, 8156,14.549417495727539
9, 8172, 8180, 8136, 8192, 8162, 8185, 8175, 8170, 8149, 8165, 8160, 8136, 8179, 8158,14.549417495727539
10, 8184, 8175, 8175, 8185, 8158, 8180, 8171, 8169, 8131, 8161, 8158, 8139, 8184, 8160,14.565425872802734
11, 8176, 8168, 8185, 8180, 8164, 8185, 8166, 8167, 8121, 8156, 8163, 8148, 8186, 8160,14.565425872802734
12, 8165, 8156, 8119, 8180, 8166, 8182, 8175, 8161, 8135, 8170, 8161, 8138, 8189, 8155,14.581721305847168
13, 8170, 8161, 8191, 8169, 8154, 8183, 8170, 8176, 8136, 8157, 8145, 8149, 8180, 8162,14.581721305847168
14, 8168, 8157, 8137, 8182, 8158, 8173, 8176, 8164, 8157, 8168, 8149, 8142, 8193, 8163,14.595396757125854
15, 8167, 8151, 8161, 8160, 8155, 8160, 8170, 8168, 8162, 8187, 8152, 8145, 8200, 8163,14.612989902496338
16, 8169, 8157, 8178, 8150, 8150, 8171, 8173, 8175, 8164, 8195, 8154, 8151, 8200, 8167,14.612989902496338
17, 8177, 8154, 8116, 8165, 8154, 8167, 8181, 8164, 8173, 8194, 8162, 8140, 8209, 8163,14.612989902496338
18, 8187, 8167, 8192, 8149, 8155, 8167, 8180, 8178, 8165, 8180, 8162, 8160, 8208, 8165,14.626033306121826
19, 8181, 8172, 8136, 8150, 8166, 8168, 8195, 8172, 8180, 8189, 8166, 8154, 8208, 8162,14.641173124313354
20, 8188, 8172, 8163, 8151, 8166, 8155, 8173, 8169, 8178, 8182, 8169, 8147, 8208, 8164,14.641173124313354
21, 8197, 8182, 8197, 8153, 8162, 8158, 8152, 8166, 8167, 8179, 8181, 8161, 8209, 8162,14.657287120819092
22, 8191, 8176, 8128, 8156, 8170, 8157, 8162, 8161, 8162, 8188, 8191, 8164, 8207, 8156,14.657287120819092
23, 8200, 8189, 8208, 8154, 8172, 8161, 8162, 8181, 8141, 8173, 8188, 8187, 8205, 8161,14.67334532737732
24, 8199, 8194, 8161, 8182, 8177, 8164, 8167, 8165, 8147, 8172, 8189, 8169, 8205, 8151,14.67334532737732
25, 8181, 8185, 8163, 8188, 8181, 8168, 8159, 8157, 8140, 8162, 8173, 8142, 8184, 8142,14.689091444015503
26, 8170, 8183, 8199, 8166, 8182, 8187, 8166, 8172, 8131, 8154, 8160, 8147, 8175, 8150,14.689091444015503
27, 8160, 8156, 8120, 8145, 8171, 8185, 8186, 8166, 8149, 8168, 8161, 8130, 8185, 8153,14.70400595664978
28, 8155, 8154, 8186, 8139, 8158, 8180, 8182, 8174, 8159, 8172, 8145, 8139, 8184, 8159,14.70400595664978
29, 8151, 8162, 8141, 8166, 8168, 8172, 8181, 8168, 8179, 8191, 8146, 8143, 8190, 8159,14.720136880874634
30, 8159, 8154, 8133, 8152, 8159, 8147, 8161, 8168, 8183, 8184, 8160, 8134, 8187, 8151,14.720136880874634
31, 8161, 8159, 8190, 8128, 8144, 8148, 8149, 8177, 8177, 8171, 8167, 8153, 8186, 8149,14.735464572906494
32, 8161, 8170, 8125, 8153, 8164, 8155, 8169, 8171, 8191, 8195, 8177, 8159, 8210, 8157,14.735464572906494
33, 8182, 8193, 8198, 8165, 8176, 8164, 8169, 8186, 8186, 8197, 8180, 8173, 8214, 8164,14.751190423965454
34, 8184, 8193, 8167, 8172, 8171, 8166, 8171, 8171, 8184, 8188, 8186, 8168, 8204, 8153,14.751190423965454
35, 8173, 8172, 8141, 8156, 8165, 8153, 8166, 8162, 8165, 8169, 8181, 8155, 8195, 8143,14.766407251358032
36, 8180, 8189, 8213, 8152, 8177, 8167, 8165, 8187, 8158, 8172, 8189, 8176, 8202, 8158,14.766407251358032
37, 8195, 8202, 8151, 8192, 8191, 8171, 8186, 8174, 8183, 8209, 8208, 8173, 8220, 8172,14.782402276992798
38, 8196, 8197, 8201, 8179, 8177, 8168, 8177, 8170, 8158, 8191, 8188, 8171, 8204, 8172,14.782402276992798
39, 8168, 8188, 8174, 8162, 8178, 8174, 8179, 8171, 8144, 8174, 8176, 8164, 8194, 8162,14.797571182250977
40, 8158, 8180, 8137, 8174, 8185, 8170, 8191, 8172, 8156, 8186, 8162, 8145, 8192, 8156,14.797571182250977
41, 8167, 8183, 8199, 8173, 8173, 8185, 8195, 8178, 8152, 8186, 8137, 8141, 8173, 8160,14.813002586364746
42, 8162, 8172, 8124, 8179, 8176, 8192, 8209, 8165, 8173, 8197, 8144, 8130, 8176, 8162,14.813002586364746
43, 8162, 8171, 8174, 8166, 8179, 8188, 8202, 8176, 8184, 8196, 8148, 8140, 8181, 8168,14.82844614982605
44, 8151, 8168, 8158, 8148, 8172, 8186, 8202, 8177, 8189, 8199, 8129, 8130, 8179, 8161,14.82844614982605
45, 8140, 8149, 8099, 8135, 8162, 8177, 8205, 8165, 8191, 8196, 8114, 8114, 8173, 8154,14.844248294830322
46, 8154, 8155, 8178, 8128, 8153, 8186, 8201, 8178, 8184, 8187, 8120, 8140, 8172, 8165,14.844248294830322
47, 8162, 8155, 8119, 8129, 8154, 8175, 8207, 8170, 8184, 8196, 8128, 8132, 8178, 8166,14.860656499862671
48, 8167, 8152, 8161, 8108, 8146, 8156, 8190, 8170, 8171, 8173, 8116, 8137, 8174, 8163,14.860656499862671
49, 8176, 8165, 8178, 8121, 8155, 8174, 8195, 8171, 8194, 8175, 8132, 8161, 8191, 8167,14.87620759010315
50, 8189, 8171, 8131, 8142, 8174, 8176, 8208, 8173, 8224, 8211, 8159, 8161, 8211, 8179,14.87620759010315
51, 8199, 8186, 8208, 8136, 8176, 8167, 8192, 8190, 8219, 8207, 8160, 8179, 8206, 8185,14.891361951828003
52, 8199, 8190, 8145, 8151, 8182, 8162, 8189, 8173, 8227, 8200, 8166, 8177, 8209, 8177,14.891361951828003
53, 8198, 8184, 8170, 8142, 8182, 8161, 8178, 8171, 8207, 8185, 8158, 8168, 8205, 8174,14.907410383224487
54, 8179, 8180, 8191, 8131, 8178, 8167, 8178, 8173, 8178, 8177, 8138, 8161, 8192, 8168,14.907410383224487
55, 8177, 8176, 8132, 8143, 8181, 8161, 8190, 8162, 8175, 8181, 8144, 8149, 8186, 8168,14.923394680023193
56, 8195, 8191, 8211, 8145, 8182, 8177, 8193, 8181, 8164, 8176, 8149, 8172, 8188, 8187,14.923394680023193
57, 8177, 8185, 8150, 8160, 8184, 8184, 8203, 8177, 8165, 8181, 8129, 8152, 8186, 8175,14.939027786254883
58, 8154, 8168, 8151, 8149, 8177, 8172, 8191, 8174, 8165, 8165, 8096, 8123, 8160, 8146,14.939027786254883
59, 8159, 8171, 8186, 8136, 8177, 8189, 8197, 8179, 8189, 8177, 8104, 8140, 8164, 8153,14.954126119613647
60, 8165, 8152, 8118, 8136, 8176, 8187, 8219, 8172, 8211, 8203, 8124, 8139, 8189, 8169,14.954126119613647
61, 8149, 8144, 8178, 8115, 8159, 8171, 8200, 8183, 8181, 8176, 8097, 8132, 8171, 8159,14.969440937042236
62, 8130, 8149, 8128, 8131, 8161, 8173, 8191, 8168, 8165, 8174, 8086, 8117, 8154, 8139,14.969440937042236
63, 8137, 8145, 8138, 8138, 8167, 8178, 8190, 8162, 8151, 8175, 8093, 8121, 8153, 8139,14.985259771347046
64, 8144, 8143, 8182, 8123, 8167, 8189, 8192, 8174, 8139, 8162, 8095, 8134, 8153, 8142,14.985259771347046
65, 8137, 8138, 8105, 8124, 8166, 8183, 8193, 8161, 8150, 8176, 8095, 8119, 8159, 8138,15.000393152236938
66, 8148, 8151, 8179, 8120, 8155, 8177, 8170, 8165, 8150, 8179, 8090, 8128, 8157, 8145,15.000393152236938
67, 8157, 8156, 8149, 8136, 8164, 8175, 8173, 8162, 8181, 8182, 8104, 8121, 8169, 8144,15.016428232192993
68, 8160, 8156, 8135, 8137, 8172, 8164, 8173, 8167, 8207, 8178, 8114, 8120, 8177, 8143,15.016428232192993
69, 8166, 8170, 8188, 8127, 8165, 8171, 8161, 8176, 8204, 8174, 8114, 8143, 8178, 8150,15.032044172286987
70, 8159, 8151, 8112, 8124, 8160, 8168, 8176, 8162, 8204, 8181, 8115, 8120, 8182, 8142,15.032044172286987
71, 8157, 8145, 8174, 8108, 8152, 8165, 8182, 8179, 8187, 8169, 8109, 8123, 8176, 8141,15.047076940536499
72, 8168, 8165, 8155, 8133, 8156, 8174, 8191, 8180, 8189, 8170, 8120, 8135, 8179, 8143,15.06264877319336
73, 8181, 8174, 8139, 8156, 8165, 8176, 8190, 8174, 8198, 8168, 8133, 8130, 8179, 8139,15.06264877319336
74, 8182, 8178, 8197, 8145, 8168, 8180, 8187, 8183, 8199, 8167, 8138, 8144, 8179, 8143,15.06264877319336
75, 8176, 8166, 8111, 8143, 8169, 8168, 8199, 8171, 8204, 8181, 8137, 8130, 8185, 8143,15.078736066818237
76, 8188, 8176, 8176, 8144, 8173, 8174, 8189, 8175, 8183, 8164, 8128, 8131, 8179, 8137,15.078736066818237
77, 8194, 8192, 8178, 8171, 8190, 8193, 8202, 8170, 8191, 8174, 8145, 8140, 8185, 8139,15.096013069152832
78, 8195, 8188, 8142, 8180, 8193, 8177, 8201, 8168, 8195, 8182, 8153, 8136, 8185, 8141,15.096013069152832
79, 8198, 8200, 8209, 8181, 8194, 8177, 8178, 8188, 8181, 8170, 8144, 8150, 8182, 8149,15.11002516746521
80, 8192, 8202, 8140, 8212, 8211, 8185, 8192, 8169, 8205, 8191, 8162, 8150, 8204, 8159,15.11002516746521
81, 8193, 8195, 8186, 8203, 8215, 8186, 8193, 8166, 8195, 8193, 8167, 8155, 8199, 8166,15.124455213546753
82, 8186, 8193, 8182, 8205, 8218, 8195, 8187, 8168, 8176, 8190, 8158, 8148, 8180, 8157,15.124455213546753
83, 8184, 8187, 8133, 8224, 8214, 8193, 8191, 8158, 8183, 8197, 8151, 8136, 8187, 8154,15.140394449234009
84, 8189, 8179, 8198, 8201, 8186, 8194, 8197, 8169, 8174, 8189, 8142, 8151, 8200, 8172,15.140394449234009
85, 8174, 8153, 8122, 8171, 8170, 8183, 8217, 8166, 8178, 8200, 8139, 8136, 8197, 8169,15.156414270401001
86, 8171, 8150, 8157, 8152, 8169, 8178, 8215, 8178, 8198, 8208, 8136, 8135, 8189, 8161,15.156414270401001
87, 8178, 8170, 8174, 8167, 8169, 8185, 8213, 8182, 8226, 8211, 8140, 8145, 8195, 8161,15.173004865646362
88, 8185, 8164, 8124, 8169, 8169, 8166, 8207, 8172, 8227, 8198, 8138, 8143, 8198, 8162,15.173004865646362
89, 8196, 8167, 8196, 8139, 8164, 8160, 8191, 8181, 8208, 8177, 8145, 8177, 8193, 8174,15.188073635101318
90, 8191, 8173, 8135, 8152, 8161, 8156, 8190, 8166, 8204, 8180, 8166, 8174, 8189, 8166,15.188073635101318
91, 8189, 8183, 8173, 8167, 8168, 8151, 8168, 8165, 8166, 8155, 8148, 8159, 8163, 8148,15.204004764556885
92, 8193, 8193, 8200, 8172, 8187, 8162, 8160, 8169, 8144, 8144, 8128, 8164, 8155, 8137,15.204004764556885
93, 8183, 8176, 8122, 8173, 8192, 8166, 8174, 8155, 8151, 8171, 8129, 8140, 8162, 8132,15.218353509902954
94, 8168, 8178, 8189, 8168, 8183, 8182, 8178, 8167, 8144, 8171, 8119, 8135, 8149, 8136,15.23641300201416
95, 8159, 8179, 8136, 8186, 8189, 8181, 8192, 8164, 8163, 8177, 8120, 8133, 8154, 8134,15.23641300201416
96, 8164, 8160, 8144, 8167, 8178, 8163, 8179, 8167, 8167, 8180, 8115, 8129, 8158, 8137,15.23641300201416
97, 8162, 8157, 8178, 8146, 8163, 8167, 8172, 8173, 8162, 8176, 8112, 8133, 8158, 8136,15.250401735305786
98, 8163, 8162, 8115, 8156, 8171, 8163, 8190, 8163, 8178, 8176, 8135, 8139, 8179, 8140,15.250401735305786
99, 8182, 8174, 8196, 8140, 8168, 8163, 8184, 8175, 8172, 8162, 8148, 8173, 8182, 8151,15.267444133758545
100, 8182, 8173, 8156, 8144, 8167, 8165, 8182, 8171, 8173, 8170, 8151, 8169, 8175, 8142,15.267444133758545
101, 8173, 8172, 8158, 8159, 8180, 8163, 8180, 8171, 8168, 8170, 8140, 8156, 8173, 8137,15.281856060028076
102, 8170, 8187, 8202, 8175, 8181, 8187, 8202, 8180, 8171, 8178, 8137, 8165, 8180, 8155,15.281856060028076
103, 8171, 8179, 8126, 8186, 8173, 8194, 8229, 8174, 8193, 8205, 8133, 8150, 8182, 8170,15.299103260040283
104, 8183, 8176, 8194, 8163, 8174, 8189, 8208, 8186, 8190, 8194, 8117, 8162, 8177, 8176,15.299103260040283
105, 8195, 8185, 8166, 8166, 8191, 8184, 8203, 8177, 8206, 8192, 8140, 8177, 8199, 8175,15.313162803649902
106, 8211, 8193, 8160, 8171, 8188, 8165, 8196, 8173, 8200, 8180, 8171, 8187, 8206, 8175,15.313162803649902
107, 8208, 8209, 8214, 8170, 8179, 8166, 8172, 8182, 8169, 8159, 8170, 8201, 8187, 8174,15.327378511428833
108, 8194, 8202, 8141, 8193, 8190, 8172, 8174, 8168, 8177, 8178, 8166, 8185, 8185, 8166,15.343164682388306
109, 8204, 8198, 8210, 8199, 8187, 8184, 8176, 8178, 8177, 8183, 8161, 8186, 8184, 8168,15.343164682388306
110, 8198, 8196, 8180, 8210, 8192, 8195, 8191, 8170, 8169, 8197, 8164, 8180, 8193, 8169,15.358206748962402
111, 8181, 8178, 8139, 8196, 8192, 8182, 8196, 8159, 8165, 8209, 8163, 8173, 8197, 8172,15.358206748962402
112, 8186, 8172, 8193, 8174, 8174, 8177, 8189, 8179, 8180, 8201, 8168, 8190, 8197, 8182,15.373637199401855
113, 8192, 8166, 8121, 8181, 8166, 8164, 8190, 8170, 8210, 8213, 8188, 8177, 8212, 8177,15.373637199401855
114, 8192, 8171, 8182, 8161, 8159, 8158, 8169, 8172, 8194, 8211, 8187, 8185, 8209, 8174,15.389338970184326
115, 8182, 8173, 8173, 8158, 8156, 8158, 8159, 8169, 8177, 8194, 8186, 8195, 8206, 8167,15.389338970184326
116, 8181, 8169, 8139, 8175, 8156, 8144, 8150, 8165, 8167, 8175, 8203, 8195, 8210, 8157,15.4054434299469
117, 8198, 8200, 8217, 8184, 8163, 8156, 8148, 8175, 8156, 8172, 8208, 8214, 8203, 8166,15.4054434299469
118, 8200, 8203, 8150, 8204, 8178, 8165, 8168, 8162, 8162, 8182, 8185, 8185, 8187, 8162,15.420625686645508
119, 8193, 8188, 8192, 8204, 8179, 8166, 8164, 8171, 8146, 8155, 8155, 8164, 8167, 8156,15.420625686645508
120, 8188, 8195, 8192, 8216, 8183, 8184, 8175, 8173, 8152, 8164, 8169, 8170, 8175, 8163,15.43728232383728
121, 8186, 8189, 8139, 8211, 8183, 8180, 8189, 8166, 8166, 8189, 8169, 8160, 8184, 8164,15.43728232383728
122, 8181, 8179, 8198, 8182, 8171, 8168, 8183, 8175, 8152, 8175, 8141, 8161, 8178, 8162,15.452357769012451
123, 8175, 8165, 8130, 8195, 8170, 8162, 8187, 8160, 8165, 8189, 8151, 8156, 8194, 8163,15.452357769012451
124, 8194, 8172, 8178, 8201, 8169, 8166, 8175, 8169, 8165, 8205, 8169, 8180, 8209, 8183,15.468067169189453
125, 8202, 8179, 8191, 8194, 8171, 8172, 8175, 8175, 8167, 8206, 8173, 8193, 8212, 8189,15.468067169189453
126, 8194, 8165, 8137, 8187, 8167, 8157, 8179, 8162, 8184, 8201, 8172, 8169, 8210, 8178,15.483185768127441
127, 8200, 8177, 8215, 8176, 8158, 8159, 8162, 8171, 8179, 8187, 8171, 8186, 8207, 8177,15.483185768127441
236, 8197, 8183, 8147, 8187, 8164, 8161, 8166, 8167, 8177, 8195, 8179, 8192, 8216, 8165,15.498668432235718
0, 8195, 8182, 8170, 8174, 8166, 8157, 8163, 8178, 8175, 8189, 8177, 8192, 8213, 8162,15.498668432235718
1, 8199, 8193, 8204, 8173, 8172, 8168, 8165, 8182, 8186, 8192, 8186, 8200, 8214, 8169,15.51452350616455
2, 8203, 8188, 8143, 8191, 8185, 8168, 8175, 8169, 8187, 8201, 8196, 8188, 8215, 8169,15.51452350616455
3, 8213, 8202, 8221, 8194, 8183, 8178, 8171, 8181, 8171, 8186, 8181, 8196, 8202, 8167,15.530055522918701
4, 8207, 8204, 8174, 8214, 8185, 8181, 8188, 8172, 8182, 8201, 8175, 8186, 8205, 8166,15.530055522918701
5, 8200, 8187, 8175, 8214, 8188, 8171, 8188, 8172, 8170, 8205, 8167, 8183, 8203, 8175,15.545218467712402
6, 8199, 8185, 8201, 8207, 8187, 8187, 8188, 8180, 8171, 8201, 8166, 8197, 8206, 8179,15.545218467712402
7, 8202, 8174, 8134, 8212, 8187, 8190, 8200, 8170, 8200, 8214, 8171, 8178, 8226, 8174,15.560374975204468
8, 8200, 8169, 8205, 8193, 8182, 8180, 8181, 8175, 8184, 8203, 8152, 8173, 8226, 8170,15.560374975204468
9, 8186, 8161, 8155, 8191, 8184, 8171, 8172, 8160, 8178, 8204, 8146, 8165, 8226, 8163,15.57643747329712
10, 8190, 8159, 8153, 8188, 8181, 8170, 8169, 8161, 8190, 8205, 8161, 8168, 8237, 8168,15.57643747329712
11, 8203, 8179, 8202, 8189, 8180, 8182, 8170, 8176, 8202, 8207, 8181, 8185, 8251, 8182,15.592162370681763
12, 8196, 8179, 8123, 8193, 8181, 8166, 8174, 8163, 8204, 8210, 8186, 8169, 8253, 8171,15.592162370681763
13, 8182, 8172, 8183, 8162, 8162, 8150, 8157, 8171, 8172, 8174, 8170, 8172, 8234, 8149,15.607986688613892
14, 8177, 8170, 8151, 8168, 8170, 8162, 8168, 8174, 8178, 8181, 8179, 8173, 8240, 8149,15.607986688613892
15, 8190, 8180, 8146, 8191, 8189, 8169, 8176, 8177, 8192, 8206, 8194, 8177, 8251, 8161,15.623026371002197
16, 8195, 8207, 8207, 8200, 8192, 8173, 8171, 8184, 8179, 8200, 8199, 8199, 8247, 8160,15.623026371002197
17, 8189, 8196, 8133, 8213, 8194, 8161, 8172, 8167, 8172, 8200, 8205, 8186, 8245, 8148,15.639152765274048
18, 8197, 8184, 8195, 8201, 8188, 8162, 8160, 8178, 8151, 8185, 8192, 8185, 8234, 8152,15.639152765274048
19, 8192, 8191, 8174, 8205, 8190, 8174, 8179, 8175, 8156, 8198, 8182, 8180, 8232, 8158,15.654792785644531
20, 8182, 8187, 8142, 8206, 8189, 8177, 8189, 8166, 8167, 8217, 8172, 8166, 8234, 8165,15.654792785644531
21, 8179, 8179, 8193, 8200, 8179, 8191, 8184, 8179, 8170, 8215, 8165, 8178, 8232, 8179,15.669846296310425
22, 8179, 8165, 8118, 8209, 8174, 8184, 8199, 8173, 8198, 8226, 8179, 8173, 8246, 8183,15.669846296310425
23, 8196, 8170, 8188, 8199, 8162, 8172, 8188, 8181, 8198, 8232, 8187, 8185, 8251, 8191,15.685473203659058
24, 8203, 8175, 8186, 8200, 8161, 8168, 8176, 8175, 8188, 8240, 8192, 8192, 8254, 8193,15.685473203659058
25, 8195, 8168, 8136, 8186, 8164, 8146, 8164, 8165, 8180, 8226, 8185, 8181, 8251, 8186,15.701238870620728
26, 8193, 8181, 8195, 8164, 8160, 8147, 8150, 8178, 8178, 8201, 8187, 8192, 8238, 8184,15.701238870620728
27, 8183, 8179, 8133, 8178, 8162, 8147, 8149, 8170, 8185, 8204, 8202, 8181, 8229, 8159,15.717328548431396
28, 8178, 8177, 8183, 8178, 8167, 8151, 8139, 8176, 8166, 8193, 8194, 8181, 8206, 8143,15.717328548431396
29, 8177, 8189, 8183, 8183, 8181, 8176, 8157, 8177, 8164, 8198, 8197, 8180, 8202, 8153,15.733012914657593
30, 8173, 8185, 8137, 8196, 8183, 8167, 8164, 8162, 8159, 8204, 8200, 8159, 8203, 8152,15.733012914657593
31, 8167, 8191, 8211, 8202, 8174, 8158, 8147, 8166, 8139, 8190, 8185, 8164, 8188, 8145,15.747983932495117
32, 8169, 8190, 8145, 8222, 8184, 8168, 8169, 8160, 8153, 8200, 8181, 8155, 8189, 8148,15.747983932495117
33, 8187, 8184, 8183, 8213, 8186, 8175, 8176, 8168, 8150, 8206, 8180, 8162, 8195, 8160,15.7636399269104
34, 8189, 8189, 8205, 8214, 8185, 8184, 8173, 8172, 8154, 8223, 8186, 8178, 8213, 8166,15.7636399269104
35, 8188, 8185, 8151, 8224, 8185, 8177, 8175, 8167, 8179, 8233, 8193, 8171, 8220, 8175,15.779612302780151
36, 8201, 8188, 8217, 8206, 8176, 8173, 8163, 8179, 8171, 8209, 8192, 8187, 8211, 8187,15.779612302780151
37, 8201, 8182, 8155, 8210, 8180, 8166, 8163, 8163, 8169, 8218, 8195, 8182, 8221, 8184,15.795629262924194
38, 8207, 8179, 8177, 8199, 8179, 8153, 8147, 8165, 8174, 8220, 8188, 8188, 8220, 8187,15.795629262924194
39, 8202, 8183, 8195, 8191, 8176, 8153, 8136, 8173, 8183, 8209, 8181, 8193, 8213, 8183,15.811264276504517
40, 8188, 8172, 8129, 8203, 8181, 8141, 8141, 8163, 8182, 8206, 8181, 8167, 8210, 8163,15.811264276504517
41, 8198, 8180, 8214, 8192, 8175, 8147, 8140, 8176, 8163, 8193, 8183, 8190, 8207, 8171,15.827483415603638
42, 8206, 8178, 8163, 8185, 8171, 8158, 8156, 8170, 8175, 8201, 8197, 8201, 8217, 8181,15.827483415603638
43, 8208, 8181, 8166, 8179, 8172, 8155, 8158, 8173, 8172, 8198, 8199, 8193, 8219, 8176,15.842474460601807
44, 8204, 8200, 8206, 8192, 8183, 8166, 8158, 8179, 8159, 8193, 8202, 8196, 8215, 8169,15.842474460601807
45, 8195, 8182, 8133, 8195, 8180, 8159, 8151, 8164, 8163, 8198, 8205, 8178, 8208, 8160,15.858052253723145
46, 8197, 8181, 8202, 8162, 8158, 8153, 8124, 8168, 8145, 8177, 8187, 8183, 8191, 8155,15.858052253723145
47, 8194, 8190, 8166, 8176, 8164, 8154, 8130, 8155, 8146, 8179, 8188, 8182, 8187, 8150,15.87403678894043
48, 8196, 8188, 8162, 8194, 8181, 8150, 8132, 8159, 8142, 8176, 8197, 8183, 8187, 8156,15.87403678894043
49, 8200, 8197, 8202, 8192, 8176, 8157, 8124, 8177, 8131, 8162, 8204, 8198, 8191, 8166,15.890485525131226
50, 8200, 8192, 8134, 8202, 8169, 8159, 8133, 8162, 8143, 8174, 8208, 8189, 8199, 8168,15.890485525131226
51, 8200, 8191, 8210, 8200, 8174, 8170, 8134, 8172, 8142, 8175, 8195, 8197, 8192, 8171,15.904992818832397
52, 8193, 8192, 8177, 8214, 8190, 8174, 8150, 8173, 8154, 8187, 8200, 8193, 8201, 8167,15.904992818832397
53, 8196, 8187, 8161, 8217, 8184, 8163, 8150, 8167, 8147, 8188, 8196, 8182, 8204, 8168,15.920217752456665
54, 8190, 8186, 8208, 8208, 8171, 8176, 8142, 8174, 8122, 8168, 8174, 8181, 8179, 8167,15.920217752456665
55, 8163, 8166, 8114, 8201, 8169, 8178, 8156, 8162, 8122, 8167, 8166, 8155, 8170, 8151,15.936325550079346
56, 8157, 8158, 8173, 8172, 8161, 8176, 8152, 8169, 8120, 8164, 8161, 8156, 8170, 8149,15.952434301376343
57, 8164, 8158, 8160, 8175, 8161, 8186, 8160, 8170, 8142, 8185, 8164, 8157, 8175, 8151,15.952434301376343
58, 8166, 8152, 8134, 8180, 8156, 8185, 8165, 8169, 8151, 8197, 8162, 8151, 8175, 8152,15.952434301376343
59, 8163, 8163, 8195, 8160, 8155, 8186, 8161, 8178, 8145, 8194, 8164, 8172, 8176, 8162,15.968128204345703
60, 8158, 8161, 8113, 8166, 8164, 8175, 8170, 8164, 8166, 8214, 8179, 8162, 8191, 8164,15.968128204345703
61, 8171, 8166, 8167, 8163, 8160, 8171, 8162, 8173, 8162, 8214, 8183, 8164, 8193, 8167,15.983288288116455
62, 8174, 8175, 8173, 8169, 8162, 8178, 8169, 8176, 8168, 8228, 8189, 8177, 8203, 8172,15.983288288116455
63, 8174, 8167, 8140, 8172, 8164, 8163, 8162, 8168, 8175, 8224, 8188, 8177, 8202, 8172,15.999386072158813
64, 8186, 8176, 8205, 8164, 8160, 8156, 8141, 8173, 8158, 8200, 8186, 8184, 8196, 8177,15.999386072158813
65, 8190, 8176, 8136, 8175, 8166, 8154, 8143, 8163, 8164, 8213, 8201, 8170, 8211, 8176,16.014885663986206
66, 8188, 8169, 8178, 8156, 8157, 8148, 8132, 8173, 8155, 8206, 8194, 8180, 8202, 8172,16.014885663986206
67, 8172, 8157, 8175, 8134, 8140, 8151, 8128, 8167, 8146, 8192, 8181, 8186, 8185, 8162,16.030320405960083
68, 8159, 8140, 8123, 8129, 8132, 8139, 8123, 8153, 8140, 8176, 8175, 8160, 8173, 8142,16.046345472335815
69, 8160, 8151, 8191, 8117, 8130, 8138, 8109, 8170, 8121, 8148, 8163, 8163, 8151, 8125,16.046345472335815
70, 8155, 8156, 8116, 8128, 8143, 8139, 8116, 8158, 8128, 8157, 8168, 8158, 8154, 8120,16.046345472335815
71, 8159, 8162, 8156, 8133, 8152, 8134, 8109, 8158, 8118, 8155, 8170, 8166, 8163, 8135,16.061537981033325
72, 8154, 8169, 8178, 8143, 8153, 8142, 8109, 8165, 8108, 8145, 8158, 8163, 8153, 8136,16.087130308151245
73, 8139, 8156, 8113, 8143, 8152, 8144, 8120, 8159, 8109, 8147, 8145, 8133, 8137, 8118,16.087130308151245
74, 8141, 8168, 8191, 8136, 8152, 8165, 8124, 8173, 8104, 8149, 8141, 8143, 8139, 8125,16.087130308151245
75, 8140, 8170, 8139, 8163, 8157, 8173, 8137, 8161, 8116, 8162, 8149, 8138, 8156, 8137,16.087130308151245
76, 8140, 8155, 8156, 8165, 8151, 8164, 8129, 8161, 8108, 8156, 8145, 8139, 8153, 8137,16.107492923736572
77, 8152, 8166, 8180, 8167, 8156, 8175, 8130, 8170, 8115, 8168, 8152, 8155, 8158, 8136,16.107492923736572
78, 8161, 8167, 8120, 8182, 8162, 8165, 8143, 8158, 8132, 8189, 8157, 8140, 8168, 8142,16.123430728912354
79, 8171, 8170, 8199, 8179, 8153, 8167, 8139, 8168, 8126, 8175, 8153, 8151, 8163, 8156,16.123430728912354
80, 8172, 8172, 8148, 8195, 8159, 8175, 8154, 8165, 8143, 8189, 8175, 8158, 8177, 8155,16.13852071762085
81, 8163, 8158, 8148, 8172, 8150, 8158, 8147, 8168, 8137, 8185, 8164, 8146, 8170, 8145,16.13852071762085
82, 8147, 8146, 8174, 8145, 8132, 8152, 8127, 8169, 8111, 8152, 8128, 8136, 8144, 8135,16.153555631637573
83, 8145, 8143, 8103, 8164, 8137, 8143, 8130, 8157, 8116, 8153, 8132, 8127, 8150, 8130,16.153555631637573
84, 8151, 8157, 8178, 8154, 8132, 8140, 8120, 8166, 8116, 8158, 8143, 8149, 8155, 8128,16.16910982131958
85, 8129, 8148, 8126, 8137, 8119, 8140, 8113, 8154, 8123, 8155, 8141, 8137, 8150, 8110,16.16910982131958
86, 8121, 8133, 8116, 8124, 8116, 8135, 8099, 8153, 8119, 8135, 8135, 8124, 8143, 8102,16.184797286987305
87, 8132, 8144, 8172, 8127, 8122, 8143, 8095, 8164, 8114, 8136, 8142, 8151, 8146, 8114,16.184797286987305
88, 8138, 8151, 8114, 8146, 8127, 8134, 8104, 8154, 8119, 8148, 8158, 8153, 8154, 8115,16.20037031173706
89, 8143, 8170, 8192, 8137, 8128, 8136, 8092, 8166, 8098, 8125, 8160, 8157, 8151, 8116,16.20037031173706
90, 8130, 8171, 8155, 8144, 8141, 8153, 8107, 8161, 8105, 8134, 8160, 8143, 8154, 8118,16.215958833694458
91, 8127, 8155, 8127, 8156, 8141, 8153, 8117, 8156, 8115, 8151, 8142, 8129, 8147, 8118,16.215958833694458
92, 8137, 8171, 8190, 8167, 8136, 8156, 8111, 8166, 8110, 8149, 8140, 8144, 8138, 8123,16.231122493743896
93, 8136, 8172, 8127, 8186, 8147, 8156, 8127, 8158, 8123, 8162, 8161, 8136, 8145, 8123,16.231122493743896
94, 8137, 8156, 8180, 8167, 8143, 8163, 8138, 8171, 8123, 8159, 8145, 8141, 8144, 8128,16.246286392211914
95, 8125, 8143, 8140, 8150, 8132, 8161, 8143, 8161, 8135, 8157, 8123, 8125, 8139, 8124,16.246286392211914
96, 8110, 8132, 8105, 8130, 8122, 8143, 8123, 8152, 8131, 8141, 8112, 8098, 8123, 8109,16.26190733909607
97, 8115, 8139, 8176, 8113, 8120, 8157, 8117, 8166, 8118, 8121, 8102, 8111, 8111, 8104,16.26190733909607
98, 8116, 8134, 8107, 8121, 8125, 8158, 8133, 8151, 8130, 8130, 8101, 8105, 8119, 8100,16.277276754379272
99, 8115, 8134, 8158, 8104, 8117, 8137, 8107, 8156, 8121, 8115, 8107, 8114, 8120, 8106,16.277276754379272
100, 8119, 8147, 8153, 8108, 8117, 8131, 8097, 8159, 8119, 8109, 8123, 8132, 8131, 8113,16.29306125640869
101, 8135, 8156, 8130, 8126, 8128, 8135, 8106, 8152, 8127, 8110, 8131, 8142, 8141, 8119,16.29306125640869
102, 8140, 8171, 8203, 8124, 8129, 8146, 8098, 8162, 8106, 8098, 8124, 8149, 8127, 8119,16.30858039855957
103, 8112, 8160, 8116, 8132, 8126, 8135, 8099, 8152, 8097, 8112, 8125, 8123, 8117, 8100,16.30858039855957
104, 8112, 8165, 8160, 8130, 8128, 8133, 8091, 8161, 8101, 8104, 8131, 8138, 8122, 8097,16.3246009349823
105, 8133, 8177, 8180, 8139, 8147, 8155, 8105, 8170, 8124, 8102, 8152, 8162, 8146, 8109,16.3246009349823
106, 8131, 8151, 8130, 8137, 8142, 8147, 8116, 8161, 8120, 8114, 8144, 8132, 8144, 8106,16.33998680114746
107, 8120, 8153, 8201, 8130, 8127, 8152, 8107, 8164, 8097, 8114, 8113, 8122, 8114, 8098,16.33998680114746
108, 8122, 8160, 8141, 8159, 8148, 8172, 8134, 8157, 8124, 8140, 8122, 8123, 8124, 8103,16.356009006500244
109, 8136, 8147, 8164, 8149, 8156, 8178, 8151, 8175, 8124, 8154, 8127, 8134, 8134, 8113,16.356009006500244
110, 8131, 8141, 8165, 8134, 8141, 8183, 8156, 8179, 8109, 8153, 8118, 8129, 8125, 8109,16.372077226638794
111, 8125, 8138, 8111, 8142, 8147, 8180, 8163, 8156, 8130, 8154, 8109, 8104, 8121, 8109,16.372077226638794
112, 8123, 8143, 8194, 8134, 8151, 8192, 8162, 8166, 8143, 8154, 8094, 8112, 8120, 8122,16.38744306564331
113, 8105, 8129, 8125, 8126, 8144, 8195, 8168, 8164, 8147, 8163, 8086, 8098, 8121, 8113,16.38744306564331
114, 8094, 8112, 8122, 8088, 8129, 8174, 8146, 8163, 8125, 8129, 8052, 8078, 8102, 8092,16.403310775756836
115, 8091, 8118, 8147, 8075, 8126, 8165, 8135, 8164, 8128, 8107, 8039, 8084, 8100, 8089,16.403310775756836
116, 8109, 8128, 8105, 8100, 8135, 8158, 8146, 8156, 8157, 8128, 8074, 8097, 8120, 8100,16.418620824813843
117, 8134, 8142, 8190, 8095, 8135, 8160, 8128, 8170, 8135, 8118, 8086, 8128, 8122, 8107,16.418620824813843
118, 8126, 8140, 8136, 8096, 8142, 8154, 8117, 8158, 8104, 8113, 8090, 8121, 8123, 8097,16.434170961380005
119, 8124, 8144, 8150, 8102, 8147, 8143, 8109, 8157, 8086, 8106, 8101, 8116, 8121, 8094,16.434170961380005
120, 8133, 8165, 8191, 8121, 8154, 8166, 8114, 8170, 8096, 8101, 8105, 8126, 8123, 8091,16.449458837509155
121, 8125, 8155, 8114, 8139, 8164, 8177, 8133, 8161, 8131, 8117, 8094, 8102, 8132, 8083,16.449458837509155
122, 8118, 8145, 8185, 8115, 8157, 8184, 8146, 8169, 8140, 8122, 8081, 8106, 8126, 8095,16.464914560317993
123, 8118, 8139, 8146, 8117, 8159, 8196, 8173, 8160, 8160, 8141, 8086, 8101, 8129, 8103,16.464914560317993
124, 8120, 8131, 8134, 8109, 8153, 8189, 8175, 8158, 8174, 8151, 8081, 8086, 8134, 8100,16.480443000793457
125, 8108, 8131, 8167, 8079, 8142, 8182, 8160, 8168, 8170, 8152, 8082, 8095, 8135, 8092,16.480443000793457
126, 8101, 8125, 8093, 8080, 8143, 8155, 8142, 8157, 8159, 8141, 8086, 8094, 8132, 8076,16.4975426197052
127, 8129, 8151, 8181, 8092, 8141, 8142, 8120, 8165, 8136, 8103, 8079, 8115, 8119, 8076,16.4975426197052
236, 8144, 8173, 8165, 8112, 8154, 8158, 8140, 8165, 8146, 8117, 8103, 8125, 8133, 8081,16.51220393180847
0, 8130, 8166, 8141, 8116, 8164, 8163, 8147, 8168, 8141, 8137, 8118, 8114, 8139, 8081,16.51220393180847
1, 8122, 8174, 8191, 8120, 8168, 8171, 8140, 8172, 8131, 8137, 8103, 8118, 8127, 8091,16.527371406555176
2, 8130, 8169, 8120, 8130, 8172, 8170, 8159, 8152, 8152, 8155, 8096, 8105, 8135, 8104,16.527371406555176
3, 8135, 8155, 8185, 8112, 8163, 8175, 8160, 8169, 8159, 8160, 8096, 8116, 8138, 8121,16.54300880432129
4, 8120, 8152, 8167, 8130, 8170, 8184, 8166, 8172, 8187, 8184, 8106, 8115, 8144, 8126,16.54300880432129
5, 8120, 8154, 8132, 8137, 8172, 8172, 8167, 8163, 8207, 8196, 8101, 8096, 8143, 8117,16.558069705963135
6, 8127, 8155, 8185, 8096, 8151, 8177, 8164, 8177, 8202, 8166, 8083, 8103, 8131, 8113,16.57362961769104
7, 8120, 8135, 8107, 8090, 8147, 8172, 8171, 8162, 8202, 8160, 8088, 8100, 8133, 8112,16.57362961769104
8, 8131, 8145, 8167, 8105, 8158, 8162, 8145, 8157, 8173, 8169, 8112, 8121, 8143, 8121,16.58908438682556
9, 8132, 8161, 8161, 8112, 8170, 8165, 8135, 8156, 8173, 8181, 8127, 8129, 8154, 8121,16.58908438682556
10, 8117, 8135, 8105, 8084, 8160, 8149, 8141, 8154, 8184, 8164, 8101, 8106, 8139, 8103,16.60432243347168
11, 8122, 8141, 8179, 8066, 8140, 8142, 8132, 8165, 8163, 8129, 8081, 8116, 8119, 8092,16.60432243347168
12, 8121, 8151, 8126, 8091, 8136, 8136, 8139, 8162, 8174, 8145, 8108, 8117, 8130, 8091,16.61998748779297
13, 8114, 8148, 8166, 8078, 8135, 8141, 8138, 8177, 8184, 8151, 8114, 8126, 8129, 8101,16.61998748779297
14, 8118, 8158, 8167, 8079, 8140, 8156, 8148, 8175, 8186, 8146, 8104, 8130, 8128, 8104,16.637102365493774
15, 8130, 8157, 8123, 8093, 8138, 8146, 8152, 8167, 8189, 8151, 8102, 8115, 8133, 8100,16.637102365493774
16, 8128, 8159, 8194, 8080, 8127, 8154, 8140, 8178, 8181, 8137, 8090, 8117, 8117, 8098,16.63814115524292
17, 8109, 8153, 8116, 8088, 8135, 8162, 8149, 8152, 8172, 8122, 8082, 8089, 8095, 8079,16.651193380355835
18, 8113, 8147, 8140, 8088, 8135, 8159, 8144, 8153, 8146, 8105, 8073, 8078, 8083, 8078,16.66732692718506
19, 8121, 8149, 8157, 8090, 8133, 8178, 8152, 8171, 8162, 8137, 8074, 8090, 8101, 8097,16.66732692718506
20, 8121, 8134, 8098, 8097, 8145, 8182, 8169, 8165, 8193, 8171, 8069, 8081, 8115, 8104,16.683303117752075
21, 8119, 8137, 8176, 8099, 8153, 8184, 8167, 8170, 8183, 8148, 8054, 8092, 8103, 8111,16.683303117752075
22, 8109, 8139, 8119, 8115, 8152, 8184, 8172, 8160, 8195, 8155, 8063, 8083, 8103, 8105,16.698147535324097
23, 8116, 8143, 8138, 8104, 8146, 8181, 8168, 8168, 8191, 8161, 8064, 8079, 8107, 8099,16.698147535324097
24, 8125, 8148, 8169, 8103, 8147, 8187, 8184, 8174, 8185, 8167, 8077, 8107, 8126, 8120,16.713246822357178
25, 8129, 8126, 8106, 8097, 8139, 8161, 8189, 8160, 8199, 8183, 8100, 8119, 8149, 8137,16.713246822357178
26, 8134, 8128, 8180, 8056, 8124, 8141, 8155, 8168, 8180, 8152, 8081, 8129, 8131, 8124,16.728562593460083
27, 8128, 8142, 8131, 8064, 8136, 8144, 8152, 8158, 8172, 8136, 8071, 8113, 8109, 8096,16.728562593460083
28, 8137, 8144, 8147, 8087, 8139, 8146, 8154, 8167, 8184, 8152, 8095, 8125, 8121, 8094,16.744301080703735
29, 8140, 8146, 8186, 8078, 8133, 8149, 8151, 8180, 8199, 8173, 8112, 8145, 8134, 8102,16.744301080703735
30, 8117, 8134, 8101, 8067, 8138, 8138, 8155, 8162, 8198, 8168, 8100, 8110, 8117, 8091,16.759583234786987
31, 8108, 8136, 8169, 8065, 8130, 8144, 8147, 8168, 8162, 8138, 8080, 8107, 8093, 8081,16.759583234786987
32, 8103, 8131, 8133, 8082, 8129, 8158, 8167, 8164, 8145, 8135, 8075, 8102, 8094, 8077,16.775264739990234
33, 8099, 8125, 8125, 8078, 8137, 8162, 8188, 8164, 8138, 8123, 8052, 8083, 8084, 8085,16.775264739990234
34, 8099, 8138, 8169, 8073, 8138, 8170, 8184, 8173, 8142, 8119, 8038, 8087, 8076, 8090,16.790337562561035
35, 8091, 8124, 8091, 8085, 8129, 8159, 8169, 8157, 8155, 8132, 8045, 8073, 8084, 8085,16.790337562561035
36, 8102, 8121, 8166, 8073, 8121, 8158, 8155, 8164, 8146, 8123, 8045, 8088, 8089, 8104,16.80546498298645
37, 8116, 8131, 8145, 8085, 8128, 8161, 8170, 8165, 8166, 8147, 8061, 8102, 8110, 8123,16.80546498298645
38, 8111, 8121, 8118, 8083, 8124, 8145, 8159, 8160, 8168, 8146, 8059, 8087, 8101, 8112,16.82121229171753
39, 8093, 8115, 8166, 8064, 8119, 8148, 8141, 8162, 8144, 8104, 8045, 8079, 8071, 8093,16.82121229171753
40, 8093, 8113, 8096, 8079, 8132, 8145, 8159, 8152, 8156, 8108, 8058, 8081, 8086, 8089,16.837305307388306
41, 8117, 8128, 8166, 8075, 8132, 8143, 8161, 8166, 8158, 8120, 8066, 8111, 8106, 8107,16.837305307388306
42, 8122, 8137, 8154, 8081, 8130, 8152, 8168, 8168, 8168, 8130, 8078, 8115, 8111, 8111,16.853071451187134
43, 8124, 8132, 8125, 8092, 8130, 8137, 8161, 8169, 8175, 8129, 8090, 8113, 8113, 8100,16.853071451187134
44, 8136, 8140, 8194, 8085, 8127, 8133, 8149, 8182, 8162, 8114, 8089, 8139, 8111, 8098,16.86820077896118
45, 8138, 8139, 8127, 8095, 8137, 8142, 8167, 8162, 8175, 8115, 8089, 8126, 8115, 8100,16.868569374084473
46, 8150, 8151, 8177, 8103, 8145, 8152, 8172, 8168, 8180, 8115, 8094, 8134, 8116, 8115,16.883370399475098
47, 8154, 8160, 8165, 8114, 8145, 8155, 8179, 8173, 8184, 8136, 8116, 8156, 8129, 8119,16.883370399475098
48, 8149, 8144, 8124, 8101, 8136, 8143, 8174, 8163, 8166, 8132, 8116, 8141, 8119, 8108,16.899299383163452
49, 8143, 8148, 8200, 8083, 8129, 8151, 8151, 8165, 8132, 8097, 8093, 8137, 8089, 8104,16.899299383163452
50, 8139, 8156, 8130, 8109, 8140, 8152, 8158, 8152, 8141, 8113, 8105, 8129, 8105, 8101,16.91438102722168
51, 8144, 8167, 8170, 8127, 8143, 8151, 8161, 8167, 8144, 8122, 8115, 8138, 8116, 8102,16.91438102722168
52, 8136, 8174, 8175, 8133, 8146, 8163, 8157, 8173, 8146, 8117, 8110, 8142, 8105, 8104,16.92999839782715
53, 8132, 8158, 8120, 8125, 8146, 8147, 8154, 8156, 8151, 8117, 8113, 8128, 8105, 8108,16.92999839782715
54, 8143, 8161, 8201, 8119, 8141, 8151, 8158, 8171, 8150, 8119, 8112, 8140, 8112, 8117,16.946033000946045
55, 8145, 8167, 8142, 8152, 8159, 8171, 8189, 8169, 8164, 8144, 8114, 8131, 8117, 8114,16.946033000946045
56, 8151, 8161, 8166, 8143, 8157, 8175, 8189, 8167, 8149, 8142, 8107, 8133, 8106, 8119,16.96115279197693
57, 8152, 8159, 8179, 8131, 8147, 8181, 8190, 8171, 8144, 8142, 8109, 8142, 8114, 8132,16.96115279197693
58, 8144, 8155, 8116, 8152, 8156, 8174, 8197, 8168, 8162, 8150, 8111, 8126, 8121, 8126,16.97731876373291
59, 8138, 8158, 8188, 8144, 8153, 8171, 8181, 8175, 8162, 8135, 8101, 8127, 8103, 8118,16.97731876373291
60, 8127, 8140, 8129, 8129, 8139, 8165, 8190, 8161, 8180, 8144, 8101, 8115, 8105, 8114,16.993144989013672
61, 8138, 8132, 8151, 8114, 8124, 8159, 8188, 8173, 8183, 8147, 8101, 8125, 8117, 8122,16.993144989013672
62, 8154, 8148, 8182, 8120, 8128, 8163, 8178, 8180, 8177, 8142, 8118, 8149, 8127, 8133,17.00821566581726
63, 8149, 8142, 8111, 8126, 8133, 8143, 8163, 8159, 8172, 8145, 8136, 8133, 8127, 8126,17.00821566581726
64, 8151, 8153, 8195, 8114, 8127, 8138, 8136, 8173, 8160, 8136, 8143, 8151, 8132, 8129,17.02378511428833
65, 8172, 8175, 8170, 8148, 8144, 8152, 8154, 8178, 8193, 8160, 8171, 8178, 8172, 8152,17.02378511428833
66, 8186, 8178, 8179, 8164, 8153, 8152, 8159, 8176, 8197, 8164, 8179, 8187, 8187, 8161,17.03903603553772
67, 8167, 8176, 8201, 8143, 8151, 8155, 8145, 8172, 8166, 8139, 8163, 8178, 8163, 8138,17.03903603553772
68, 8154, 8170, 8129, 8153, 8162, 8155, 8155, 8159, 8174, 8148, 8162, 8158, 8157, 8131,17.056185722351074
69, 8176, 8187, 8210, 8170, 8171, 8168, 8169, 8176, 8181, 8162, 8173, 8180, 8164, 8154,17.056185722351074
70, 8166, 8180, 8162, 8185, 8165, 8168, 8182, 8171, 8175, 8160, 8178, 8169, 8161, 8146,17.070207595825195
71, 8144, 8151, 8142, 8164, 8149, 8155, 8179, 8166, 8159, 8134, 8149, 8143, 8141, 8123,17.08730125427246
72, 8152, 8159, 8196, 8144, 8144, 8169, 8185, 8176, 8168, 8145, 8132, 8151, 8136, 8131,17.08730125427246
73, 8172, 8165, 8132, 8171, 8150, 8166, 8200, 8163, 8199, 8189, 8155, 8152, 8151, 8150,17.08730125427246
74, 8187, 8162, 8198, 8170, 8142, 8161, 8190, 8171, 8196, 8187, 8158, 8170, 8147, 8165,17.102962732315063
75, 8184, 8157, 8161, 8157, 8138, 8166, 8194, 8167, 8200, 8184, 8150, 8170, 8150, 8161,17.102962732315063
76, 8181, 8151, 8140, 8145, 8135, 8158, 8190, 8164, 8206, 8182, 8150, 8165, 8157, 8158,17.116090536117554
77, 8185, 8156, 8202, 8145, 8129, 8156, 8182, 8176, 8216, 8182, 8156, 8186, 8162, 8163,17.132168769836426
78, 8185, 8143, 8123, 8145, 8128, 8141, 8183, 8159, 8233, 8189, 8159, 8175, 8167, 8155,17.132168769836426
79, 8192, 8149, 8184, 8120, 8129, 8135, 8157, 8162, 8201, 8154, 8154, 8181, 8158, 8151,17.148210763931274
80, 8191, 8164, 8170, 8139, 8140, 8141, 8154, 8162, 8181, 8138, 8163, 8187, 8159, 8141,17.148210763931274
81, 8182, 8150, 8129, 8145, 8135, 8126, 8153, 8158, 8178, 8145, 8162, 8173, 8156, 8126,17.163915395736694
82, 8181, 8156, 8198, 8131, 8128, 8129, 8141, 8168, 8167, 8139, 8165, 8184, 8152, 8132,17.163915395736694
83, 8178, 8150, 8130, 8151, 8140, 8141, 8156, 8155, 8164, 8145, 8175, 8178, 8157, 8131,17.180540561676025
84, 8172, 8145, 8166, 8151, 8135, 8150, 8156, 8166, 8146, 8127, 8152, 8174, 8137, 8121,17.180540561676025
85, 8168, 8158, 8158, 8159, 8135, 8160, 8162, 8172, 8162, 8129, 8150, 8170, 8134, 8127,17.195181608200073
86, 8166, 8153, 8125, 8161, 8138, 8151, 8166, 8166, 8175, 8143, 8158, 8158, 8147, 8140,17.195181608200073
87, 8159, 8143, 8187, 8140, 8122, 8153, 8154, 8175, 8156, 8132, 8143, 8165, 8138, 8143,17.210810899734497
88, 8153, 8131, 8108, 8142, 8116, 8149, 8160, 8160, 8173, 8143, 8143, 8153, 8136, 8136,17.210810899734497
89, 8170, 8137, 8153, 8128, 8109, 8134, 8151, 8165, 8174, 8134, 8138, 8157, 8129, 8141,17.22914171218872
90, 8167, 8135, 8156, 8111, 8099, 8121, 8133, 8163, 8158, 8116, 8132, 8159, 8121, 8131,17.22914171218872
91, 8153, 8116, 8100, 8103, 8101, 8110, 8111, 8146, 8140, 8104, 8131, 8142, 8110, 8102,17.22914171218872
92, 8157, 8140, 8189, 8102, 8117, 8131, 8103, 8162, 8127, 8097, 8132, 8158, 8099, 8096,17.242280960083008
93, 8159, 8155, 8133, 8134, 8133, 8142, 8134, 8162, 8145, 8119, 8149, 8154, 8111, 8105,17.25826382637024
94, 8160, 8149, 8156, 8134, 8127, 8133, 8127, 8163, 8140, 8111, 8149, 8149, 8107, 8108,17.25826382637024
95, 8159, 8154, 8178, 8135, 8128, 8148, 8128, 8167, 8148, 8118, 8143, 8149, 8106, 8108,17.273653030395508
96, 8162, 8159, 8123, 8166, 8145, 8161, 8162, 8168, 8188, 8149, 8147, 8143, 8123, 8125,17.273653030395508
97, 8162, 8157, 8192, 8160, 8135, 8165, 8160, 8180, 8184, 8137, 8137, 8163, 8116, 8139,17.28878092765808
98, 8148, 8127, 8123, 8142, 8115, 8153, 8146, 8161, 8169, 8132, 8128, 8151, 8107, 8122,17.28878092765808
99, 8158, 8120, 8141, 8128, 8107, 8142, 8137, 8163, 8167, 8136, 8119, 8145, 8113, 8124,17.304413318634033
100, 8170, 8142, 8178, 8134, 8114, 8149, 8151, 8170, 8174, 8140, 8123, 8159, 8125, 8144,17.304413318634033
101, 8162, 8131, 8110, 8135, 8116, 8142, 8159, 8157, 8177, 8145, 8138, 8149, 8128, 8143,17.319780349731445
102, 8174, 8135, 8188, 8117, 8112, 8151, 8143, 8170, 8169, 8137, 8150, 8173, 8128, 8144,17.319780349731445
103, 8189, 8154, 8150, 8142, 8127, 8157, 8151, 8162, 8178, 8153, 8165, 8191, 8144, 8152,17.335445642471313
104, 8202, 8162, 8165, 8149, 8131, 8143, 8150, 8163, 8165, 8150, 8173, 8201, 8151, 8158,17.335445642471313
105, 8213, 8173, 8216, 8146, 8131, 8153, 8151, 8172, 8166, 8140, 8191, 8222, 8156, 8163,17.35109829902649
106, 8214, 8177, 8145, 8174, 8144, 8145, 8157, 8159, 8183, 8139, 8205, 8211, 8159, 8160,17.35109829902649
107, 8210, 8182, 8207, 8169, 8143, 8138, 8134, 8171, 8152, 8114, 8190, 8207, 8135, 8143,17.367242574691772
108, 8194, 8170, 8159, 8163, 8138, 8151, 8134, 8168, 8146, 8120, 8192, 8189, 8130, 8126,17.367242574691772
109, 8199, 8167, 8158, 8175, 8132, 8146, 8136, 8163, 8151, 8124, 8197, 8186, 8138, 8136,17.382479429244995
110, 8219, 8199, 8232, 8209, 8140, 8145, 8135, 8173, 8148, 8119, 8204, 8224, 8144, 8154,17.382479429244995
111, 8213, 8200, 8163, 8243, 8154, 8151, 8150, 8164, 8160, 8140, 8220, 8225, 8153, 8149,17.39838433265686
112, 8205, 8187, 8219, 8239, 8147, 8163, 8145, 8171, 8149, 8139, 8211, 8223, 8147, 8147,17.39838433265686
113, 8211, 8187, 8194, 8252, 8151, 8167, 8157, 8166, 8161, 8148, 8208, 8220, 8154, 8154,17.41341781616211
114, 8227, 8190, 8179, 8259, 8161, 8167, 8182, 8168, 8180, 8157, 8207, 8222, 8170, 8172,17.41341781616211
115, 8227, 8193, 8234, 8252, 8157, 8188, 8193, 8179, 8184, 8158, 8206, 8238, 8172, 8187,17.429463863372803
116, 8215, 8168, 8152, 8253, 8152, 8180, 8191, 8161, 8190, 8176, 8217, 8217, 8171, 8173,17.429463863372803
117, 8216, 8160, 8201, 8229, 8152, 8170, 8175, 8171, 8183, 8178, 8206, 8217, 8162, 8166,17.44545292854309
118, 8206, 8165, 8170, 8225, 8152, 8178, 8184, 8174, 8192, 8187, 8197, 8225, 8165, 8172,17.44545292854309
119, 8190, 8149, 8129, 8208, 8137, 8157, 8170, 8160, 8185, 8180, 8195, 8217, 8167, 8166,17.460601568222046
120, 8186, 8145, 8197, 8172, 8127, 8143, 8139, 8164, 8163, 8156, 8189, 8215, 8152, 8154,17.460601568222046
121, 8189, 8142, 8129, 8173, 8141, 8141, 8150, 8162, 8176, 8169, 8195, 8202, 8153, 8147,17.476395845413208
122, 8201, 8153, 8183, 8170, 8140, 8138, 8150, 8175, 8173, 8174, 8208, 8230, 8167, 8159,17.476395845413208
123, 8204, 8165, 8181, 8175, 8139, 8140, 8146, 8168, 8166, 8171, 8218, 8250, 8187, 8164,17.49214482307434
124, 8209, 8159, 8139, 8178, 8145, 8141, 8152, 8161, 8163, 8157, 8213, 8237, 8182, 8158,17.49214482307434
125, 8211, 8173, 8213, 8171, 8144, 8155, 8157, 8182, 8163, 8148, 8213, 8249, 8173, 8160,17.50720453262329
126, 8196, 8177, 8149, 8190, 8155, 8157, 8171, 8175, 8185, 8176, 8219, 8233, 8181, 8153,17.50720453262329
127, 8192, 8175, 8186, 8178, 8159, 8159, 8160, 8179, 8171, 8167, 8191, 8217, 8158, 8143,17.52244257926941
236, 8190, 8174, 8186, 8173, 8157, 8172, 8159, 8173, 8154, 8149, 8173, 8211, 8142, 8138,17.52244257926941
0, 8187, 8160, 8131, 8190, 8160, 8167, 8168, 8159, 8155, 8160, 8175, 8195, 8151, 8147,17.538352489471436
1, 8193, 8164, 8206, 8186, 8162, 8173, 8174, 8177, 8151, 8165, 8170, 8209, 8151, 8164,17.538352489471436
2, 8189, 8160, 8137, 8187, 8171, 8173, 8198, 8171, 8173, 8180, 8178, 8202, 8157, 8157,17.5538809299469
3, 8186, 8151, 8160, 8176, 8165, 8168, 8189, 8171, 8177, 8183, 8175, 8196, 8158, 8151,17.5538809299469
4, 8185, 8154, 8181, 8173, 8158, 8173, 8175, 8169, 8178, 8192, 8170, 8199, 8158, 8158,17.569846868515015
5, 8187, 8146, 8124, 8168, 8155, 8145, 8161, 8156, 8182, 8187, 8176, 8191, 8167, 8159,17.569846868515015
6, 8196, 8153, 8199, 8140, 8146, 8133, 8129, 8171, 8161, 8154, 8181, 8215, 8172, 8157,17.58537268638611
7, 8190, 8157, 8137, 8139, 8155, 8143, 8132, 8167, 8166, 8158, 8190, 8214, 8168, 8139,17.58537268638611
8, 8183, 8157, 8154, 8143, 8158, 8143, 8143, 8169, 8166, 8158, 8186, 8204, 8149, 8124,17.600382566452026
9, 8169, 8168, 8194, 8163, 8160, 8157, 8156, 8169, 8170, 8166, 8193, 8206, 8152, 8131,17.600382566452026
10, 8154, 8154, 8113, 8179, 8170, 8161, 8166, 8156, 8181, 8192, 8196, 8183, 8166, 8140,17.616374015808105
11, 8163, 8141, 8173, 8154, 8159, 8171, 8163, 8174, 8169, 8193, 8172, 8185, 8156, 8144,17.616374015808105
12, 8164, 8134, 8131, 8147, 8147, 8178, 8182, 8169, 8181, 8200, 8163, 8182, 8155, 8142,17.632497310638428
13, 8163, 8133, 8134, 8134, 8142, 8155, 8167, 8162, 8185, 8190, 8156, 8180, 8154, 8145,17.632497310638428
14, 8179, 8145, 8181, 8131, 8143, 8149, 8147, 8163, 8174, 8178, 8157, 8196, 8162, 8148,17.64855933189392
15, 8183, 8137, 8118, 8139, 8137, 8143, 8150, 8149, 8154, 8170, 8169, 8192, 8167, 8135,17.64855933189392
16, 8175, 8140, 8181, 8113, 8128, 8140, 8134, 8159, 8113, 8129, 8158, 8203, 8145, 8124,17.663451433181763
17, 8178, 8158, 8148, 8136, 8145, 8150, 8148, 8161, 8130, 8139, 8177, 8214, 8155, 8130,17.663451433181763
18, 8199, 8170, 8162, 8177, 8162, 8161, 8166, 8167, 8160, 8174, 8201, 8222, 8173, 8151,17.679415464401245
19, 8198, 8176, 8210, 8190, 8167, 8173, 8167, 8179, 8158, 8179, 8184, 8219, 8165, 8158,17.679415464401245
20, 8183, 8157, 8125, 8190, 8167, 8166, 8174, 8165, 8156, 8183, 8161, 8185, 8161, 8148,17.69409728050232
21, 8188, 8147, 8190, 8167, 8161, 8172, 8177, 8175, 8156, 8188, 8158, 8200, 8165, 8161,17.69409728050232
22, 8188, 8144, 8149, 8170, 8161, 8173, 8186, 8173, 8181, 8205, 8176, 8208, 8182, 8171,17.71008014678955
23, 8200, 8152, 8136, 8179, 8161, 8148, 8172, 8168, 8185, 8193, 8182, 8203, 8187, 8160,17.71008014678955
24, 8212, 8176, 8215, 8176, 8160, 8142, 8147, 8178, 8164, 8169, 8191, 8226, 8172, 8150,17.72543692588806
25, 8188, 8160, 8123, 8176, 8159, 8139, 8141, 8159, 8148, 8166, 8187, 8196, 8155, 8136,17.72543692588806
26, 8175, 8146, 8173, 8165, 8153, 8150, 8137, 8165, 8121, 8155, 8157, 8174, 8142, 8135,17.741167545318604
27, 8180, 8148, 8163, 8175, 8155, 8161, 8159, 8168, 8128, 8178, 8156, 8183, 8153, 8145,17.741167545318604
28, 8174, 8136, 8113, 8164, 8149, 8147, 8168, 8160, 8138, 8191, 8157, 8180, 8156, 8149,17.756202459335327
29, 8169, 8141, 8180, 8146, 8139, 8155, 8156, 8168, 8129, 8178, 8146, 8184, 8146, 8147,17.756202459335327
30, 8175, 8143, 8119, 8166, 8149, 8154, 8158, 8160, 8144, 8195, 8160, 8178, 8152, 8143,17.773036241531372
31, 8185, 8144, 8165, 8149, 8144, 8137, 8139, 8170, 8148, 8184, 8164, 8191, 8156, 8151,17.773036241531372
32, 8180, 8147, 8163, 8137, 8141, 8139, 8128, 8171, 8159, 8166, 8159, 8196, 8157, 8150,17.7882981300354
33, 8185, 8149, 8125, 8153, 8151, 8132, 8122, 8158, 8156, 8171, 8170, 8190, 8153, 8136,17.7882981300354
34, 8193, 8166, 8201, 8149, 8144, 8127, 8107, 8165, 8119, 8159, 8177, 8208, 8147, 8133,17.80246138572693
35, 8183, 8156, 8134, 8154, 8146, 8123, 8121, 8160, 8118, 8161, 8179, 8192, 8155, 8134,17.81899666786194
36, 8193, 8158, 8178, 8159, 8155, 8125, 8118, 8169, 8119, 8166, 8175, 8201, 8153, 8138,17.81899666786194
37, 8196, 8174, 8190, 8171, 8161, 8138, 8108, 8164, 8115, 8167, 8177, 8215, 8151, 8131,17.83314538002014
38, 8174, 8163, 8126, 8176, 8158, 8139, 8110, 8152, 8116, 8161, 8173, 8184, 8150, 8120,17.83314538002014
39, 8167, 8165, 8188, 8169, 8161, 8161, 8119, 8168, 8108, 8154, 8156, 8175, 8140, 8125,17.84836220741272
40, 8170, 8163, 8123, 8183, 8176, 8170, 8137, 8160, 8129, 8177, 8162, 8170, 8148, 8129,17.84836220741272
41, 8171, 8155, 8163, 8174, 8167, 8148, 8121, 8165, 8134, 8168, 8166, 8179, 8150, 8134,17.86444878578186
42, 8160, 8163, 8192, 8171, 8160, 8152, 8115, 8169, 8119, 8164, 8166, 8178, 8146, 8134,17.86444878578186
43, 8152, 8157, 8119, 8179, 8167, 8164, 8135, 8159, 8120, 8182, 8158, 8149, 8147, 8125,17.880011558532715
44, 8159, 8148, 8179, 8166, 8165, 8177, 8138, 8171, 8121, 8172, 8143, 8156, 8139, 8132,17.880011558532715
45, 8158, 8136, 8127, 8165, 8168, 8173, 8142, 8158, 8134, 8178, 8149, 8155, 8140, 8138,17.89604926109314
46, 8165, 8136, 8150, 8145, 8155, 8162, 8129, 8157, 8129, 8177, 8145, 8151, 8140, 8138,17.89604926109314
47, 8171, 8154, 8184, 8148, 8151, 8173, 8131, 8165, 8134, 8175, 8146, 8161, 8143, 8140,17.91118860244751
48, 8167, 8146, 8116, 8164, 8161, 8160, 8138, 8152, 8140, 8173, 8153, 8155, 8143, 8135,17.91118860244751
49, 8174, 8135, 8185, 8124, 8136, 8138, 8110, 8161, 8106, 8140, 8137, 8167, 8126, 8129,17.927513599395752
50, 8172, 8129, 8135, 8109, 8104, 8131, 8106, 8158, 8114, 8144, 8144, 8165, 8132, 8122,17.927513599395752
51, 8172, 8131, 8144, 8121, 8098, 8135, 8101, 8164, 8126, 8151, 8151, 8159, 8140, 8117,17.943120002746582
52, 8174, 8138, 8200, 8116, 8098, 8144, 8089, 8169, 8111, 8134, 8132, 8161, 8129, 8106,17.943120002746582
53, 8181, 8117, 8131, 8085, 8078, 8135, 8104, 8150, 8104, 8131, 8131, 8144, 8121, 8091,17.958553314208984
54, 8189, 8152, 8205, 8111, 8136, 8160, 8128, 8169, 8116, 8153, 8166, 8170, 8136, 8110,17.958553314208984
55, 8169, 8195, 8165, 8211, 8225, 8184, 8153, 8173, 8144, 8194, 8186, 8177, 8162, 8129,17.974393606185913
56, 8153, 8162, 8143, 8212, 8193, 8160, 8141, 8161, 8124, 8177, 8154, 8155, 8145, 8120,17.974393606185913
57, 8168, 8139, 8200, 8170, 8170, 8164, 8137, 8170, 8110, 8161, 8154, 8170, 8141, 8126,17.989403247833252
58, 8176, 8140, 8131, 8204, 8241, 8177, 8154, 8163, 8143, 8205, 8182, 8168, 8169, 8140,17.989403247833252
59, 8165, 8144, 8186, 8209, 8254, 8171, 8131, 8156, 8130, 8200, 8157, 8167, 8148, 8132,18.005417108535767
60, 8158, 8131, 8148, 8183, 8242, 8172, 8132, 8145, 8116, 8179, 8140, 8161, 8131, 8118,18.005417108535767
61, 8169, 8112, 8126, 8175, 8286, 8168, 8147, 8159, 8127, 8181, 8150, 8156, 8146, 8127,18.0214626789093
62, 8161, 8104, 8186, 8158, 8298, 8166, 8134, 8168, 8130, 8175, 8139, 8152, 8139, 8122,18.0214626789093
63, 8141, 8091, 8105, 8143, 8292, 8157, 8131, 8147, 8142, 8178, 8124, 8127, 8132, 8104,18.037142276763916
64, 8156, 8105, 8164, 8135, 8311, 8160, 8146, 8172, 8161, 8183, 8126, 8155, 8143, 8125,18.037142276763916
65, 8164, 8111, 8152, 8142, 8323, 8166, 8170, 8179, 8182, 8194, 8137, 8163, 8149, 8136,18.052457332611084
66, 8149, 8096, 8117, 8129, 8320, 8150, 8158, 8161, 8167, 8175, 8134, 8142, 8132, 8120,18.052457332611084
67, 8159, 8110, 8191, 8109, 8314, 8148, 8136, 8170, 8151, 8152, 8139, 8174, 8135, 8122,18.0681049823761
68, 8179, 8122, 8132, 8132, 8319, 8140, 8150, 8165, 8180, 8174, 8165, 8190, 8162, 8130,18.0681049823761
69, 8177, 8123, 8181, 8130, 8305, 8133, 8140, 8167, 8154, 8153, 8152, 8184, 8148, 8124,18.089273929595947
70, 8160, 8126, 8177, 8130, 8291, 8140, 8135, 8160, 8115, 8130, 8135, 8177, 8133, 8110,18.09027409553528
71, 8162, 8130, 8135, 8137, 8280, 8133, 8129, 8154, 8108, 8132, 8137, 8171, 8138, 8103,18.09027409553528
72, 8177, 8149, 8212, 8141, 8267, 8142, 8114, 8168, 8112, 8137, 8142, 8187, 8138, 8114,18.09860587120056
73, 8187, 8161, 8155, 8178, 8269, 8152, 8136, 8162, 8144, 8169, 8157, 8185, 8149, 8129,18.114158391952515
74, 8189, 8163, 8191, 8170, 8256, 8150, 8138, 8177, 8145, 8167, 8150, 8184, 8148, 8134,18.114158391952515
75, 8162, 8157, 8186, 8145, 8238, 8160, 8136, 8176, 8144, 8158, 8145, 8175, 8142, 8119,18.129713535308838
76, 8147, 8145, 8124, 8156, 8233, 8164, 8149, 8156, 8157, 8169, 8161, 8159, 8146, 8112,18.129713535308838
77, 8160, 8160, 8204, 8168, 8227, 8169, 8149, 8171, 8149, 8174, 8172, 8176, 8152, 8126,18.145482778549194
78, 8155, 8159, 8147, 8171, 8216, 8164, 8162, 8169, 8162, 8189, 8180, 8172, 8160, 8127,18.145482778549194
79, 8155, 8161, 8175, 8161, 8203, 8165, 8165, 8171, 8154, 8173, 8164, 8169, 8142, 8122,18.16100835800171
80, 8154, 8172, 8198, 8178, 8206, 8185, 8169, 8175, 8141, 8166, 8153, 8165, 8130, 8120,18.16100835800171
81, 8146, 8156, 8133, 8195, 8215, 8182, 8184, 8166, 8156, 8188, 8165, 8143, 8142, 8124,18.17613196372986
82, 8157, 8168, 8211, 8191, 8212, 8181, 8188, 8175, 8159, 8187, 8177, 8168, 8150, 8139,18.17613196372986
83, 8155, 8176, 8151, 8207, 8213, 8179, 8183, 8166, 8156, 8190, 8179, 8172, 8147, 8135,18.19174361228943
84, 8154, 8162, 8158, 8201, 8205, 8174, 8164, 8167, 8146, 8191, 8164, 8162, 8135, 8130,18.19174361228943
85, 8161, 8166, 8197, 8195, 8195, 8183, 8173, 8174, 8157, 8194, 8166, 8174, 8150, 8143,18.207350969314575
86, 8166, 8169, 8133, 8209, 8193, 8174, 8183, 8162, 8177, 8201, 8178, 8168, 8166, 8149,18.207350969314575
87, 8170, 8165, 8197, 8183, 8182, 8176, 8160, 8173, 8168, 8193, 8170, 8176, 8154, 8152,18.223439931869507
88, 8158, 8151, 8134, 8166, 8182, 8181, 8168, 8164, 8175, 8199, 8167, 8166, 8156, 8145,18.223439931869507
89, 8145, 8142, 8123, 8156, 8168, 8159, 8164, 8157, 8159, 8177, 8149, 8147, 8150, 8132,18.239039182662964
90, 8146, 8152, 8175, 8146, 8132, 8150, 8147, 8162, 8133, 8155, 8131, 8144, 8134, 8121,18.239039182662964
91, 8161, 8157, 8117, 8167, 8137, 8145, 8162, 8154, 8146, 8180, 8157, 8145, 8152, 8123,18.25513482093811
92, 8181, 8177, 8190, 8175, 8176, 8156, 8176, 8173, 8162, 8193, 8188, 8186, 8176, 8141,18.25513482093811
93, 8172, 8182, 8153, 8179, 8193, 8173, 8189, 8172, 8183, 8205, 8197, 8191, 8182, 8141,18.271026372909546
94, 8162, 8174, 8140, 8177, 8176, 8164, 8172, 8165, 8175, 8201, 8184, 8172, 8169, 8126,18.271026372909546
95, 8180, 8188, 8204, 8203, 8186, 8166, 8163, 8174, 8169, 8194, 8199, 8197, 8171, 8133,18.286062240600586
96, 8192, 8184, 8145, 8219, 8192, 8159, 8173, 8165, 8178, 8197, 8219, 8200, 8180, 8144,18.286062240600586
97, 8185, 8178, 8204, 8169, 8159, 8157, 8152, 8175, 8142, 8162, 8188, 8186, 8152, 8138,18.301250457763672
98, 8169, 8181, 8165, 8168, 8171, 8168, 8160, 8165, 8135, 8157, 8170, 8165, 8140, 8126,18.301250457763672
99, 8175, 8178, 8145, 8192, 8196, 8169, 8177, 8158, 8147, 8165, 8176, 8161, 8146, 8138,18.31729006767273
100, 8187, 8179, 8215, 8187, 8184, 8181, 8174, 8174, 8139, 8155, 8178, 8184, 8142, 8150,18.31729006767273
101, 8179, 8163, 8134, 8186, 8169, 8175, 8183, 8166, 8149, 8167, 8179, 8168, 8146, 8138,18.332492113113403
102, 8180, 8169, 8190, 8178, 8172, 8176, 8183, 8174, 8153, 8180, 8171, 8167, 8149, 8148,18.332492113113403
103, 8176, 8174, 8177, 8187, 8185, 8194, 8191, 8174, 8165, 8193, 8165, 8160, 8149, 8155,18.348026275634766
104, 8167, 8155, 8135, 8182, 8176, 8186, 8196, 8170, 8166, 8179, 8148, 8132, 8139, 8132,18.348026275634766
105, 8164, 8163, 8204, 8169, 8161, 8193, 8202, 8178, 8161, 8167, 8139, 8143, 8136, 8128,18.363632202148438
106, 8157, 8159, 8134, 8173, 8169, 8199, 8212, 8167, 8185, 8198, 8145, 8137, 8149, 8136,18.363632202148438
107, 8161, 8145, 8173, 8154, 8164, 8192, 8195, 8180, 8184, 8196, 8133, 8136, 8142, 8143,18.379346132278442
108, 8154, 8139, 8168, 8147, 8147, 8182, 8200, 8178, 8186, 8193, 8135, 8137, 8142, 8138,18.394535541534424
109, 8155, 8134, 8125, 8145, 8142, 8168, 8215, 8166, 8203, 8208, 8146, 8131, 8150, 8140,18.39553475379944
110, 8168, 8149, 8188, 8130, 8144, 8177, 8203, 8181, 8201, 8202, 8137, 8145, 8145, 8149,18.39553475379944
111, 8155, 8142, 8105, 8136, 8147, 8175, 8194, 8167, 8199, 8201, 8136, 8131, 8145, 8138,18.41013789176941
112, 8157, 8132, 8150, 8130, 8144, 8170, 8189, 8167, 8189, 8200, 8146, 8140, 8151, 8141,18.41013789176941
113, 8171, 8147, 8183, 8133, 8157, 8181, 8210, 8174, 8201, 8210, 8158, 8161, 8168, 8160,18.426173448562622
114, 8173, 8150, 8129, 8147, 8169, 8174, 8211, 8164, 8214, 8210, 8166, 8161, 8178, 8162,18.426173448562622
115, 8174, 8157, 8199, 8142, 8159, 8174, 8184, 8172, 8208, 8207, 8174, 8186, 8179, 8162,18.443366050720215
116, 8173, 8154, 8143, 8150, 8159, 8170, 8186, 8166, 8217, 8224, 8185, 8178, 8186, 8160,18.443366050720215
117, 8168, 8148, 8162, 8134, 8155, 8153, 8168, 8168, 8196, 8188, 8166, 8165, 8167, 8147,18.45910882949829
118, 8154, 8147, 8168, 8117, 8138, 8144, 8148, 8170, 8178, 8168, 8160, 8171, 8153, 8136,18.45910882949829
119, 8148, 8140, 8108, 8121, 8128, 8138, 8152, 8164, 8176, 8187, 8174, 8164, 8158, 8134,18.473623752593994
120, 8156, 8159, 8190, 8117, 8142, 8154, 8157, 8177, 8162, 8173, 8166, 8169, 8147, 8133,18.473623752593994
121, 8163, 8170, 8133, 8139, 8166, 8166, 8182, 8170, 8183, 8181, 8166, 8161, 8142, 8132,18.488481283187866
122, 8178, 8172, 8162, 8150, 8156, 8157, 8188, 8177, 8182, 8181, 8168, 8168, 8138, 8144,18.50440812110901
123, 8180, 8181, 8207, 8158, 8153, 8168, 8186, 8186, 8160, 8161, 8172, 8178, 8140, 8148,18.50440812110901
124, 8165, 8176, 8124, 8170, 8169, 8174, 8196, 8170, 8168, 8168, 8176, 8156, 8150, 8138,18.52206802368164
125, 8172, 8182, 8195, 8164, 8166, 8179, 8194, 8180, 8167, 8183, 8171, 8170, 8152, 8144,18.52206802368164
126, 8178, 8180, 8164, 8189, 8167, 8177, 8205, 8169, 8167, 8204, 8182, 8175, 8165, 8155,18.52206802368164
127, 8171, 8166, 8157, 8190, 8164, 8163, 8197, 8162, 8151, 8191, 8171, 8160, 8160, 8156,18.536202669143677
236, 8162, 8172, 8188, 8173, 8155, 8169, 8186, 8173, 8137, 8162, 8145, 8155, 8136, 8143,18.536202669143677
0, 8160, 8161, 8118, 8178, 8159, 8171, 8192, 8160, 8145, 8160, 8139, 8138, 8134, 8134,18.55226707458496
1, 8170, 8160, 8187, 8166, 8153, 8176, 8182, 8167, 8141, 8165, 8142, 8153, 8143, 8148,18.567404985427856
2, 8171, 8169, 8151, 8176, 8150, 8180, 8195, 8169, 8162, 8191, 8158, 8163, 8154, 8155,18.567404985427856
3, 8176, 8167, 8143, 8181, 8155, 8176, 8204, 8174, 8179, 8193, 8161, 8159, 8151, 8151,18.567404985427856
4, 8173, 8168, 8193, 8168, 8157, 8186, 8198, 8187, 8187, 8188, 8160, 8170, 8155, 8152,18.584470748901367
5, 8160, 8159, 8115, 8164, 8151, 8169, 8196, 8171, 8199, 8194, 8168, 8163, 8168, 8148,18.584470748901367
6, 8169, 8154, 8183, 8148, 8137, 8153, 8175, 8175, 8177, 8167, 8158, 8178, 8158, 8150,18.59924030303955
7, 8175, 8155, 8159, 8157, 8145, 8152, 8177, 8172, 8181, 8173, 8162, 8177, 8163, 8156,18.613266706466675
8, 8181, 8160, 8136, 8163, 8150, 8141, 8175, 8169, 8190, 8191, 8182, 8175, 8179, 8161,18.613266706466675
9, 8190, 8178, 8209, 8162, 8149, 8147, 8160, 8176, 8173, 8170, 8189, 8205, 8175, 8161,18.629069089889526
10, 8185, 8178, 8138, 8178, 8163, 8150, 8165, 8161, 8165, 8154, 8184, 8195, 8165, 8144,18.629069089889526
11, 8179, 8178, 8187, 8159, 8157, 8149, 8151, 8170, 8138, 8134, 8169, 8183, 8148, 8130,18.64518666267395
12, 8162, 8170, 8163, 8145, 8147, 8149, 8147, 8163, 8119, 8125, 8165, 8167, 8137, 8112,18.64518666267395
13, 8148, 8157, 8124, 8151, 8150, 8139, 8152, 8150, 8109, 8117, 8155, 8150, 8117, 8101,18.661224842071533
14, 8164, 8183, 8213, 8171, 8160, 8157, 8151, 8170, 8112, 8126, 8156, 8179, 8119, 8125,18.661224842071533
15, 8179, 8195, 8152, 8208, 8174, 8174, 8163, 8165, 8143, 8161, 8188, 8190, 8156, 8148,18.677266836166382
16, 8182, 8193, 8193, 8203, 8183, 8176, 8157, 8170, 8140, 8156, 8187, 8194, 8158, 8154,18.677266836166382
17, 8178, 8193, 8196, 8200, 8185, 8181, 8164, 8174, 8145, 8162, 8175, 8188, 8151, 8154,18.693233013153076
18, 8172, 8178, 8146, 8201, 8171, 8170, 8171, 8168, 8164, 8184, 8181, 8175, 8156, 8153,18.693233013153076
19, 8165, 8176, 8205, 8183, 8158, 8179, 8174, 8176, 8164, 8173, 8182, 8188, 8148, 8154,18.694233179092407
20, 8156, 8168, 8134, 8189, 8163, 8190, 8202, 8170, 8181, 8184, 8177, 8172, 8154, 8150,18.707988500595093
21, 8171, 8166, 8171, 8178, 8156, 8184, 8207, 8181, 8186, 8202, 8173, 8172, 8170, 8160,18.724025011062622
22, 8186, 8174, 8193, 8179, 8153, 8173, 8202, 8179, 8194, 8210, 8194, 8192, 8186, 8169,18.724025011062622
23, 8185, 8163, 8144, 8185, 8157, 8148, 8186, 8164, 8195, 8192, 8207, 8185, 8185, 8156,18.724025011062622
24, 8182, 8168, 8210, 8162, 8153, 8150, 8157, 8175, 8172, 8163, 8196, 8198, 8169, 8148,18.742063283920288
25, 8182, 8172, 8143, 8167, 8156, 8160, 8166, 8168, 8182, 8182, 8207, 8194, 8174, 8152,18.755236387252808
26, 8186, 8175, 8171, 8180, 8153, 8153, 8167, 8169, 8174, 8176, 8213, 8188, 8172, 8156,18.755236387252808
27, 8174, 8182, 8194, 8196, 8160, 8162, 8168, 8169, 8156, 8156, 8202, 8189, 8159, 8154,18.770642280578613
28, 8166, 8175, 8131, 8208, 8174, 8175, 8178, 8164, 8156, 8172, 8191, 8179, 8156, 8157,18.770642280578613
29, 8174, 8177, 8207, 8195, 8164, 8183, 8170, 8173, 8145, 8180, 8188, 8187, 8149, 8168,18.7861807346344
30, 8162, 8164, 8142, 8199, 8161, 8172, 8176, 8157, 8151, 8184, 8189, 8171, 8150, 8164,18.7861807346344
31, 8161, 8152, 8145, 8193, 8161, 8159, 8180, 8163, 8146, 8169, 8173, 8169, 8152, 8163,18.802061796188354
32, 8173, 8160, 8188, 8185, 8153, 8168, 8188, 8176, 8151, 8179, 8166, 8185, 8156, 8171,18.802061796188354
33, 8170, 8147, 8118, 8187, 8149, 8162, 8197, 8163, 8181, 8202, 8171, 8168, 8164, 8170,18.818129062652588
34, 8169, 8148, 8188, 8172, 8150, 8160, 8187, 8177, 8188, 8188, 8169, 8184, 8173, 8172,18.818129062652588
35, 8166, 8158, 8148, 8168, 8153, 8157, 8189, 8176, 8194, 8187, 8180, 8191, 8183, 8168,18.83402180671692
36, 8160, 8152, 8140, 8146, 8137, 8138, 8166, 8172, 8172, 8166, 8175, 8177, 8156, 8153,18.83402180671692
37, 8162, 8161, 8188, 8145, 8129, 8145, 8151, 8174, 8145, 8141, 8168, 8185, 8135, 8137,18.849162578582764
38, 8168, 8168, 8132, 8180, 8149, 8153, 8172, 8163, 8149, 8158, 8189, 8186, 8152, 8138,18.849162578582764
39, 8170, 8177, 8202, 8182, 8160, 8166, 8183, 8176, 8139, 8162, 8188, 8190, 8150, 8155,18.864765882492065
40, 8158, 8172, 8159, 8192, 8165, 8187, 8208, 8171, 8142, 8167, 8169, 8170, 8140, 8150,18.864765882492065
41, 8168, 8164, 8147, 8205, 8157, 8185, 8219, 8166, 8144, 8167, 8160, 8159, 8141, 8145,18.880460500717163
42, 8175, 8175, 8197, 8195, 8154, 8179, 8209, 8178, 8148, 8169, 8166, 8178, 8150, 8159,18.880460500717163
43, 8164, 8162, 8116, 8180, 8164, 8161, 8204, 8166, 8176, 8198, 8184, 8177, 8176, 8172,18.895774364471436
44, 8175, 8159, 8184, 8159, 8153, 8153, 8183, 8171, 8179, 8203, 8195, 8195, 8186, 8184,18.895774364471436
45, 8179, 8168, 8161, 8172, 8146, 8153, 8178, 8161, 8184, 8204, 8200, 8195, 8186, 8181,18.911031246185303
46, 8177, 8166, 8134, 8172, 8150, 8145, 8171, 8153, 8186, 8202, 8191, 8191, 8178, 8172,18.911031246185303
47, 8186, 8174, 8207, 8155, 8149, 8150, 8166, 8172, 8185, 8191, 8188, 8220, 8177, 8180,18.926125049591064
48, 8187, 8175, 8139, 8174, 8154, 8142, 8186, 8170, 8196, 8194, 8205, 8211, 8184, 8174,18.926125049591064
49, 8184, 8184, 8191, 8179, 8161, 8143, 8180, 8180, 8175, 8178, 8201, 8202, 8169, 8158,18.941670179367065
50, 8170, 8184, 8180, 8178, 8165, 8161, 8178, 8176, 8164, 8174, 8188, 8189, 8155, 8149,18.941670179367065
51, 8157, 8154, 8137, 8174, 8154, 8164, 8187, 8169, 8173, 8173, 8176, 8171, 8146, 8151,18.957547426223755
52, 8159, 8147, 8199, 8173, 8147, 8180, 8195, 8185, 8189, 8173, 8178, 8191, 8150, 8162,18.957547426223755
53, 8160, 8149, 8126, 8186, 8154, 8180, 8208, 8177, 8212, 8209, 8187, 8187, 8168, 8161,18.972626209259033
54, 8157, 8146, 8168, 8151, 8137, 8159, 8188, 8179, 8193, 8198, 8168, 8182, 8160, 8156,18.972626209259033
55, 8150, 8138, 8165, 8130, 8123, 8153, 8171, 8175, 8188, 8171, 8163, 8185, 8158, 8157,18.988085508346558
56, 8166, 8147, 8130, 8157, 8140, 8144, 8161, 8169, 8205, 8178, 8184, 8194, 8177, 8160,18.988085508346558
57, 8191, 8186, 8221, 8172, 8153, 8156, 8153, 8181, 8192, 8180, 8199, 8224, 8184, 8163,19.003727197647095
58, 8183, 8183, 8148, 8169, 8153, 8159, 8160, 8161, 8180, 8176, 8206, 8205, 8179, 8152,19.003727197647095
59, 8184, 8177, 8177, 8162, 8153, 8152, 8146, 8163, 8169, 8162, 8194, 8199, 8169, 8151,19.019397020339966
60, 8189, 8200, 8205, 8202, 8163, 8162, 8150, 8177, 8181, 8177, 8194, 8211, 8172, 8158,19.019397020339966
61, 8170, 8181, 8146, 8215, 8161, 8157, 8160, 8169, 8186, 8186, 8192, 8184, 8165, 8148,19.035168886184692
62, 8155, 8161, 8198, 8170, 8147, 8164, 8156, 8176, 8163, 8164, 8170, 8174, 8141, 8137,19.035168886184692
63, 8155, 8158, 8132, 8175, 8150, 8173, 8185, 8169, 8184, 8184, 8170, 8171, 8149, 8135,19.05147361755371
64, 8161, 8154, 8162, 8183, 8146, 8173, 8194, 8176, 8201, 8202, 8172, 8177, 8163, 8145,19.05147361755371
65, 8153, 8146, 8179, 8169, 8138, 8179, 8186, 8181, 8207, 8209, 8167, 8177, 8170, 8144,19.06609344482422
66, 8138, 8127, 8104, 8150, 8135, 8166, 8187, 8167, 8212, 8203, 8158, 8156, 8161, 8131,19.06609344482422
67, 8138, 8132, 8182, 8127, 8129, 8162, 8174, 8170, 8185, 8175, 8143, 8160, 8143, 8137,19.081501483917236
68, 8142, 8134, 8135, 8139, 8137, 8160, 8175, 8158, 8175, 8177, 8148, 8160, 8158, 8142,19.081501483917236
69, 8157, 8139, 8147, 8136, 8127, 8149, 8164, 8168, 8164, 8165, 8149, 8170, 8159, 8142,19.09751868247986
70, 8169, 8157, 8189, 8137, 8119, 8154, 8153, 8183, 8158, 8152, 8152, 8185, 8139, 8143,19.09751868247986
71, 8169, 8153, 8126, 8157, 8139, 8153, 8147, 8167, 8167, 8162, 8169, 8180, 8144, 8135,19.113273859024048
72, 8175, 8166, 8210, 8156, 8152, 8152, 8133, 8169, 8154, 8156, 8176, 8204, 8154, 8132,19.113273859024048
73, 8165, 8175, 8168, 8169, 8155, 8147, 8137, 8160, 8151, 8164, 8189, 8193, 8156, 8127,19.12841820716858
74, 8149, 8161, 8150, 8165, 8150, 8141, 8123, 8159, 8132, 8157, 8189, 8168, 8139, 8116,19.128910779953003
75, 8141, 8166, 8193, 8163, 8156, 8168, 8122, 8166, 8126, 8145, 8189, 8181, 8134, 8108,19.143996000289917
76, 8142, 8173, 8134, 8195, 8175, 8180, 8158, 8155, 8158, 8171, 8196, 8171, 8156, 8117,19.143996000289917
77, 8147, 8172, 8202, 8190, 8171, 8178, 8162, 8174, 8164, 8188, 8181, 8163, 8157, 8137,19.16000723838806
78, 8130, 8149, 8155, 8169, 8155, 8177, 8166, 8171, 8175, 8198, 8175, 8149, 8151, 8126,19.16000723838806
79, 8124, 8133, 8135, 8153, 8136, 8167, 8171, 8166, 8180, 8188, 8170, 8144, 8148, 8117,19.176122903823853
80, 8131, 8146, 8192, 8151, 8129, 8171, 8168, 8180, 8173, 8183, 8163, 8168, 8151, 8135,19.176122903823853
81, 8132, 8133, 8116, 8156, 8135, 8167, 8174, 8172, 8188, 8202, 8175, 8163, 8164, 8146,19.191343545913696
82, 8137, 8123, 8173, 8127, 8127, 8160, 8165, 8175, 8181, 8187, 8172, 8164, 8161, 8141,19.191343545913696
83, 8134, 8129, 8152, 8122, 8126, 8154, 8166, 8166, 8171, 8166, 8162, 8162, 8160, 8131,19.2065372467041
84, 8142, 8136, 8133, 8130, 8126, 8140, 8154, 8154, 8156, 8151, 8161, 8168, 8157, 8134,19.222481727600098
85, 8163, 8154, 8206, 8130, 8123, 8148, 8133, 8166, 8140, 8143, 8176, 8206, 8158, 8144,19.22348165512085
86, 8165, 8159, 8139, 8153, 8130, 8142, 8137, 8162, 8144, 8154, 8188, 8199, 8163, 8140,19.22348165512085
87, 8161, 8175, 8201, 8172, 8134, 8143, 8138, 8174, 8130, 8146, 8177, 8194, 8153, 8139,19.23809003829956
88, 8167, 8189, 8199, 8207, 8154, 8171, 8156, 8169, 8140, 8164, 8184, 8202, 8160, 8145,19.23809003829956
89, 8167, 8173, 8155, 8214, 8168, 8176, 8160, 8155, 8149, 8177, 8186, 8190, 8165, 8146,19.254261016845703
90, 8148, 8165, 8207, 8189, 8152, 8177, 8151, 8164, 8129, 8154, 8163, 8175, 8139, 8131,19.254261016845703
91, 8126, 8153, 8122, 8193, 8147, 8171, 8170, 8155, 8145, 8166, 8161, 8142, 8130, 8108,19.270000457763672
92, 8131, 8153, 8165, 8186, 8153, 8170, 8168, 8167, 8168, 8179, 8170, 8156, 8143, 8119,19.270000457763672
93, 8135, 8164, 8173, 8188, 8154, 8172, 8176, 8173, 8190, 8193, 8181, 8176, 8162, 8136,19.285102605819702
94, 8126, 8150, 8115, 8179, 8139, 8148, 8176, 8159, 8182, 8191, 8175, 8156, 8157, 8118,19.285102605819702
95, 8127, 8146, 8179, 8146, 8124, 8143, 8145, 8163, 8145, 8159, 8164, 8164, 8137, 8104,19.300675630569458
96, 8129, 8149, 8118, 8154, 8136, 8144, 8138, 8156, 8148, 8154, 8175, 8163, 8144, 8107,19.316437005996704
97, 8138, 8155, 8156, 8158, 8140, 8134, 8129, 8166, 8145, 8140, 8168, 8158, 8141, 8108,19.316437005996704
98, 8144, 8163, 8171, 8154, 8136, 8142, 8122, 8168, 8136, 8133, 8163, 8156, 8134, 8103,19.316437005996704
99, 8152, 8158, 8121, 8158, 8132, 8140, 8120, 8157, 8127, 8136, 8173, 8161, 8132, 8110,19.332496404647827
100, 8163, 8169, 8205, 8161, 8128, 8145, 8111, 8168, 8106, 8118, 8167, 8185, 8120, 8125,19.332496404647827
101, 8160, 8171, 8148, 8181, 8140, 8157, 8124, 8161, 8111, 8123, 8163, 8164, 8121, 8129,19.349427223205566
102, 8159, 8163, 8165, 8174, 8141, 8155, 8119, 8162, 8099, 8124, 8156, 8151, 8121, 8131,19.349427223205566
103, 8142, 8160, 8179, 8165, 8145, 8165, 8112, 8158, 8094, 8128, 8150, 8161, 8120, 8130,19.364630460739136
104, 8127, 8147, 8106, 8173, 8159, 8173, 8124, 8144, 8107, 8142, 8147, 8143, 8122, 8121,19.364630460739136
105, 8129, 8152, 8183, 8165, 8153, 8182, 8130, 8165, 8108, 8145, 8141, 8141, 8123, 8123,19.380390882492065
106, 8108, 8139, 8127, 8163, 8140, 8170, 8141, 8159, 8127, 8169, 8144, 8128, 8130, 8111,19.380390882492065
107, 8089, 8115, 8121, 8136, 8128, 8159, 8135, 8152, 8125, 8161, 8133, 8119, 8117, 8089,19.39602041244507
108, 8097, 8124, 8156, 8125, 8125, 8181, 8142, 8161, 8124, 8141, 8129, 8128, 8110, 8091,19.39602041244507
109, 8099, 8125, 8092, 8132, 8125, 8169, 8150, 8158, 8136, 8150, 8126, 8110, 8113, 8090,19.411396980285645
110, 8091, 8118, 8164, 8104, 8117, 8153, 8123, 8169, 8131, 8146, 8113, 8111, 8107, 8084,19.411396980285645
111, 8090, 8117, 8125, 8107, 8120, 8161, 8132, 8161, 8163, 8159, 8136, 8119, 8126, 8088,19.429054975509644
112, 8118, 8133, 8134, 8120, 8121, 8160, 8140, 8164, 8182, 8162, 8158, 8145, 8149, 8113,19.429054975509644
113, 8147, 8161, 8189, 8129, 8125, 8167, 8133, 8173, 8166, 8155, 8163, 8175, 8163, 8135,19.444160223007202
114, 8145, 8155, 8120, 8141, 8135, 8153, 8135, 8157, 8154, 8157, 8167, 8153, 8164, 8129,19.444160223007202
115, 8146, 8162, 8197, 8132, 8131, 8139, 8116, 8167, 8126, 8132, 8170, 8160, 8143, 8122,19.4593243598938
116, 8150, 8180, 8167, 8150, 8142, 8147, 8112, 8159, 8122, 8133, 8190, 8170, 8144, 8119,19.4593243598938
117, 8164, 8184, 8152, 8168, 8164, 8157, 8120, 8152, 8132, 8153, 8204, 8172, 8160, 8129,19.474443197250366
118, 8172, 8193, 8218, 8175, 8169, 8170, 8128, 8170, 8133, 8161, 8201, 8185, 8163, 8143,19.474443197250366
119, 8148, 8175, 8135, 8186, 8162, 8164, 8135, 8162, 8134, 8163, 8190, 8157, 8156, 8131,19.490153551101685
120, 8127, 8157, 8171, 8166, 8155, 8170, 8125, 8168, 8118, 8149, 8171, 8144, 8145, 8116,19.504266262054443
121, 8117, 8147, 8147, 8156, 8162, 8184, 8144, 8164, 8130, 8163, 8169, 8134, 8145, 8111,19.504266262054443
122, 8117, 8135, 8132, 8150, 8154, 8176, 8156, 8156, 8139, 8171, 8156, 8118, 8131, 8109,19.52035641670227
123, 8121, 8140, 8184, 8140, 8139, 8178, 8148, 8166, 8137, 8158, 8141, 8127, 8123, 8112,19.52035641670227
124, 8121, 8136, 8099, 8143, 8140, 8171, 8150, 8155, 8158, 8165, 8159, 8128, 8154, 8115,19.521355628967285
125, 8130, 8142, 8162, 8119, 8135, 8157, 8136, 8161, 8152, 8151, 8164, 8146, 8158, 8116,19.537505388259888
126, 8134, 8155, 8164, 8126, 8142, 8148, 8132, 8163, 8146, 8144, 8169, 8155, 8147, 8108,19.537505388259888
127, 8139, 8155, 8135, 8157, 8155, 8146, 8125, 8162, 8138, 8142, 8175, 8147, 8147, 8103,19.55117893218994
236, 8128, 8154, 8202, 8150, 8151, 8166, 8111, 8167, 8107, 8125, 8155, 8143, 8129, 8099,19.5664222240448
0, 8106, 8133, 8106, 8140, 8157, 8169, 8132, 8150, 8108, 8135, 8138, 8111, 8122, 8091,19.5664222240448
1, 8113, 8136, 8152, 8131, 8163, 8173, 8140, 8170, 8105, 8133, 8139, 8120, 8132, 8109,19.581204175949097
2, 8113, 8156, 8178, 8146, 8156, 8184, 8136, 8176, 8100, 8126, 8142, 8134, 8141, 8117,19.581204175949097
3, 8106, 8150, 8117, 8157, 8145, 8160, 8127, 8156, 8107, 8136, 8129, 8111, 8135, 8104,19.597508192062378
4, 8126, 8158, 8186, 8154, 8152, 8165, 8125, 8170, 8119, 8154, 8134, 8128, 8140, 8128,19.597508192062378
5, 8133, 8154, 8134, 8170, 8166, 8186, 8150, 8166, 8144, 8185, 8169, 8139, 8171, 8152,19.613098859786987
6, 8119, 8139, 8152, 8151, 8155, 8176, 8143, 8161, 8128, 8170, 8160, 8137, 8173, 8136,19.613098859786987
7, 8105, 8141, 8155, 8141, 8154, 8177, 8145, 8163, 8124, 8151, 8141, 8133, 8159, 8115,19.628206253051758
8, 8103, 8129, 8100, 8135, 8155, 8181, 8162, 8159, 8145, 8153, 8143, 8118, 8152, 8113,19.628206253051758
9, 8102, 8121, 8174, 8099, 8136, 8177, 8146, 8168, 8137, 8148, 8139, 8125, 8149, 8114,19.643405437469482
10, 8103, 8125, 8115, 8107, 8135, 8161, 8144, 8157, 8142, 8162, 8146, 8124, 8161, 8106,19.643405437469482
11, 8114, 8140, 8148, 8122, 8139, 8152, 8141, 8163, 8138, 8153, 8155, 8139, 8163, 8112,19.65816044807434
12, 8112, 8148, 8173, 8120, 8136, 8157, 8128, 8166, 8127, 8138, 8165, 8147, 8157, 8114,19.65816044807434
13, 8103, 8128, 8093, 8107, 8132, 8141, 8105, 8148, 8117, 8134, 8158, 8123, 8146, 8097,19.673250913619995
14, 8114, 8133, 8178, 8092, 8124, 8139, 8088, 8161, 8106, 8116, 8147, 8143, 8136, 8099,19.673250913619995
15, 8123, 8145, 8143, 8115, 8130, 8143, 8108, 8161, 8122, 8128, 8161, 8149, 8149, 8108,19.689332008361816
16, 8130, 8141, 8140, 8114, 8125, 8134, 8101, 8163, 8110, 8124, 8157, 8137, 8137, 8105,19.689332008361816
17, 8128, 8145, 8173, 8102, 8126, 8148, 8087, 8162, 8097, 8108, 8151, 8139, 8119, 8099,19.70485544204712
18, 8118, 8148, 8118, 8126, 8151, 8159, 8109, 8149, 8105, 8123, 8161, 8131, 8125, 8097,19.70485544204712
19, 8116, 8161, 8190, 8132, 8159, 8173, 8115, 8170, 8092, 8132, 8154, 8141, 8119, 8102,19.720134019851685
20, 8106, 8159, 8137, 8139, 8153, 8181, 8124, 8165, 8101, 8147, 8144, 8124, 8115, 8100,19.720134019851685
21, 8111, 8154, 8133, 8142, 8151, 8175, 8132, 8156, 8105, 8137, 8136, 8113, 8119, 8105,19.7356219291687
22, 8114, 8157, 8179, 8139, 8148, 8181, 8138, 8164, 8097, 8121, 8126, 8121, 8117, 8107,19.7356219291687
23, 8097, 8128, 8093, 8128, 8135, 8165, 8141, 8155, 8102, 8134, 8119, 8094, 8112, 8097,19.750991582870483
24, 8103, 8126, 8161, 8100, 8125, 8160, 8132, 8163, 8097, 8131, 8112, 8101, 8110, 8104,19.750991582870483
25, 8107, 8137, 8139, 8116, 8134, 8172, 8141, 8157, 8109, 8138, 8115, 8105, 8119, 8107,19.76612615585327
26, 8100, 8129, 8125, 8128, 8130, 8165, 8136, 8153, 8111, 8140, 8106, 8095, 8109, 8104,19.76612615585327
27, 8107, 8141, 8184, 8123, 8123, 8170, 8129, 8159, 8100, 8133, 8103, 8115, 8099, 8112,19.782254457473755
28, 8103, 8128, 8097, 8122, 8118, 8161, 8126, 8143, 8094, 8126, 8107, 8102, 8102, 8099,19.782254457473755
29, 8083, 8102, 8139, 8082, 8102, 8143, 8093, 8155, 8071, 8097, 8085, 8083, 8082, 8079,19.796393632888794
30, 8080, 8104, 8125, 8081, 8112, 8151, 8101, 8163, 8093, 8118, 8099, 8089, 8090, 8090,19.813445329666138
31, 8102, 8118, 8112, 8114, 8132, 8160, 8122, 8161, 8123, 8143, 8125, 8104, 8118, 8110,19.813445329666138
32, 8108, 8134, 8175, 8125, 8128, 8167, 8121, 8169, 8114, 8124, 8115, 8113, 8115, 8108,19.813445329666138
33, 8101, 8127, 8095, 8127, 8126, 8156, 8134, 8156, 8124, 8131, 8119, 8102, 8114, 8103,19.829078197479248
34, 8112, 8133, 8152, 8109, 8124, 8148, 8131, 8167, 8124, 8137, 8137, 8121, 8127, 8116,19.829078197479248
35, 8114, 8140, 8148, 8118, 8128, 8153, 8128, 8171, 8124, 8145, 8149, 8128, 8140, 8110,19.844154596328735
36, 8109, 8127, 8108, 8125, 8128, 8133, 8113, 8160, 8113, 8138, 8139, 8112, 8124, 8089,19.845151662826538
37, 8107, 8132, 8178, 8108, 8119, 8126, 8092, 8168, 8090, 8108, 8129, 8127, 8103, 8085,19.858327865600586
38, 8103, 8134, 8107, 8119, 8123, 8134, 8113, 8159, 8097, 8112, 8141, 8121, 8111, 8083,19.874409914016724
39, 8119, 8140, 8160, 8123, 8116, 8142, 8118, 8166, 8087, 8109, 8140, 8130, 8111, 8088,19.874409914016724
40, 8132, 8155, 8177, 8137, 8113, 8150, 8106, 8167, 8084, 8111, 8146, 8145, 8112, 8099,19.89000630378723
41, 8132, 8156, 8125, 8151, 8124, 8145, 8098, 8154, 8087, 8112, 8161, 8136, 8115, 8105,19.89000630378723
42, 8129, 8159, 8200, 8143, 8128, 8146, 8088, 8162, 8063, 8087, 8159, 8144, 8101, 8096,19.905349016189575
43, 8117, 8152, 8142, 8160, 8128, 8139, 8094, 8147, 8062, 8086, 8157, 8128, 8092, 8080,19.905349016189575
44, 8121, 8160, 8174, 8178, 8125, 8152, 8092, 8150, 8066, 8096, 8150, 8125, 8087, 8092,19.920716285705566
45, 8132, 8175, 8188, 8201, 8138, 8187, 8114, 8164, 8080, 8117, 8145, 8138, 8095, 8108,19.920716285705566
46, 8133, 8160, 8134, 8212, 8144, 8182, 8139, 8158, 8091, 8122, 8140, 8136, 8103, 8111,19.936542987823486
47, 8133, 8162, 8214, 8190, 8129, 8181, 8135, 8160, 8085, 8114, 8143, 8157, 8106, 8120,19.936542987823486
48, 8125, 8157, 8149, 8189, 8128, 8178, 8141, 8151, 8107, 8139, 8152, 8151, 8121, 8119,19.952475547790527
49, 8127, 8146, 8160, 8176, 8122, 8155, 8128, 8160, 8111, 8128, 8136, 8143, 8113, 8113,19.952475547790527
50, 8143, 8162, 8187, 8173, 8121, 8157, 8125, 8165, 8108, 8112, 8141, 8162, 8113, 8118,19.968124628067017
51, 8162, 8168, 8132, 8184, 8130, 8160, 8141, 8153, 8120, 8129, 8173, 8166, 8136, 8128,19.968124628067017
52, 8164, 8168, 8214, 8164, 8125, 8153, 8133, 8168, 8105, 8123, 8174, 8175, 8138, 8130,19.983315229415894
53, 8140, 8159, 8152, 8160, 8124, 8138, 8128, 8161, 8090, 8116, 8161, 8159, 8125, 8105,19.983315229415894
54, 8135, 8160, 8151, 8159, 8130, 8133, 8115, 8157, 8076, 8097, 8149, 8151, 8099, 8088,19.998653888702393
55, 8140, 8178, 8197, 8169, 8142, 8156, 8116, 8168, 8087, 8093, 8151, 8157, 8092, 8101,19.998653888702393
56, 8125, 8164, 8124, 8177, 8147, 8149, 8123, 8159, 8097, 8110, 8144, 8127, 8098, 8101,20.014349222183228
57, 8098, 8140, 8175, 8144, 8126, 8134, 8096, 8162, 8047, 8082, 8092, 8102, 8061, 8072,20.014349222183228
58, 8068, 8116, 8117, 8128, 8114, 8140, 8095, 8147, 8022, 8065, 8060, 8070, 8034, 8051,20.02960443496704
59, 8063, 8101, 8105, 8111, 8111, 8147, 8104, 8146, 8034, 8080, 8063, 8064, 8046, 8068,20.02960443496704
60, 8070, 8109, 8153, 8100, 8107, 8150, 8102, 8160, 8052, 8100, 8070, 8092, 8065, 8081,20.04522180557251
61, 8071, 8103, 8087, 8111, 8106, 8133, 8097, 8151, 8078, 8118, 8082, 8095, 8081, 8076,20.04522180557251
62, 8090, 8116, 8163, 8108, 8105, 8135, 8082, 8161, 8082, 8119, 8093, 8114, 8089, 8089,20.060404539108276
63, 8104, 8132, 8137, 8128, 8120, 8150, 8099, 8155, 8091, 8130, 8103, 8111, 8094, 8089,20.060404539108276
64, 8100, 8126, 8121, 8125, 8125, 8144, 8110, 8152, 8080, 8117, 8091, 8096, 8087, 8072,20.07635259628296
65, 8099, 8138, 8184, 8102, 8120, 8149, 8107, 8165, 8070, 8104, 8098, 8114, 8095, 8077,20.07635259628296
66, 8104, 8137, 8112, 8111, 8126, 8148, 8117, 8151, 8090, 8123, 8126, 8111, 8111, 8086,20.099063873291016
67, 8104, 8133, 8166, 8104, 8115, 8143, 8107, 8157, 8075, 8102, 8112, 8112, 8095, 8081,20.099063873291016
68, 8099, 8136, 8147, 8108, 8111, 8141, 8109, 8155, 8065, 8090, 8102, 8108, 8091, 8074,20.099063873291016
69, 8115, 8141, 8139, 8121, 8120, 8139, 8113, 8156, 8072, 8109, 8123, 8113, 8106, 8085,20.107659339904785
70, 8124, 8154, 8213, 8128, 8121, 8157, 8107, 8176, 8074, 8115, 8131, 8135, 8105, 8097,20.12333655357361
71, 8096, 8130, 8116, 8134, 8114, 8145, 8104, 8158, 8075, 8117, 8113, 8101, 8092, 8077,20.12333655357361
72, 8095, 8124, 8159, 8119, 8112, 8141, 8091, 8158, 8055, 8108, 8102, 8097, 8083, 8076,20.138391256332397
73, 8106, 8147, 8167, 8132, 8133, 8170, 8115, 8170, 8071, 8130, 8120, 8122, 8100, 8098,20.138391256332397
74, 8096, 8136, 8123, 8140, 8136, 8169, 8133, 8166, 8086, 8138, 8102, 8101, 8097, 8090,20.15384268760681
75, 8091, 8123, 8178, 8122, 8124, 8167, 8117, 8164, 8075, 8121, 8068, 8088, 8073, 8080,20.15384268760681
76, 8097, 8125, 8114, 8136, 8138, 8170, 8124, 8149, 8101, 8147, 8098, 8087, 8092, 8096,20.169013023376465
77, 8111, 8143, 8165, 8141, 8151, 8171, 8129, 8160, 8105, 8156, 8119, 8104, 8113, 8114,20.169013023376465
78, 8115, 8149, 8163, 8140, 8150, 8181, 8132, 8162, 8100, 8157, 8114, 8110, 8115, 8112,20.185043573379517
79, 8110, 8128, 8107, 8135, 8137, 8171, 8129, 8150, 8112, 8166, 8117, 8100, 8114, 8103,20.185043573379517
80, 8110, 8126, 8185, 8110, 8129, 8168, 8123, 8163, 8110, 8156, 8111, 8107, 8109, 8104,20.200628757476807
81, 8113, 8126, 8116, 8109, 8139, 8165, 8140, 8159, 8125, 8167, 8108, 8096, 8120, 8100,20.200628757476807
82, 8130, 8131, 8145, 8110, 8134, 8158, 8131, 8169, 8120, 8155, 8107, 8112, 8127, 8100,20.21623706817627
83, 8132, 8142, 8165, 8116, 8131, 8161, 8123, 8172, 8105, 8135, 8115, 8130, 8129, 8099,20.21623706817627
84, 8123, 8137, 8103, 8104, 8138, 8147, 8127, 8158, 8105, 8145, 8120, 8116, 8122, 8095,20.232434272766113
85, 8129, 8147, 8183, 8085, 8131, 8145, 8112, 8168, 8096, 8125, 8115, 8124, 8108, 8097,20.232434272766113
86, 8121, 8148, 8129, 8115, 8127, 8150, 8114, 8156, 8097, 8090, 8119, 8109, 8105, 8085,20.24728298187256
87, 8116, 8145, 8137, 8106, 8132, 8151, 8108, 8155, 8076, 8080, 8104, 8097, 8091, 8083,20.24728298187256
88, 8120, 8158, 8166, 8091, 8148, 8164, 8109, 8163, 8066, 8116, 8094, 8113, 8082, 8096,20.26351237297058
89, 8120, 8156, 8115, 8124, 8159, 8165, 8123, 8152, 8077, 8137, 8098, 8107, 8089, 8098,20.26351237297058
90, 8113, 8157, 8183, 8127, 8150, 8176, 8124, 8162, 8065, 8120, 8085, 8101, 8077, 8090,20.27905583381653
91, 8100, 8147, 8125, 8121, 8151, 8180, 8140, 8159, 8080, 8138, 8081, 8078, 8069, 8078,20.27905583381653
92, 8099, 8136, 8137, 8115, 8154, 8169, 8136, 8164, 8086, 8139, 8086, 8080, 8072, 8083,20.29510521888733
93, 8091, 8142, 8171, 8113, 8147, 8181, 8131, 8164, 8079, 8124, 8086, 8092, 8073, 8090,20.29510521888733
94, 8078, 8127, 8085, 8115, 8137, 8175, 8139, 8142, 8083, 8119, 8067, 8059, 8066, 8082,20.310359477996826
95, 8080, 8125, 8151, 8104, 8124, 8159, 8125, 8155, 8071, 8105, 8050, 8065, 8054, 8085,20.310359477996826
96, 8076, 8128, 8111, 8108, 8135, 8165, 8140, 8153, 8080, 8124, 8071, 8073, 8066, 8089,20.326401472091675
97, 8084, 8122, 8109, 8102, 8145, 8180, 8155, 8156, 8093, 8129, 8074, 8065, 8073, 8090,20.326401472091675
98, 8098, 8132, 8169, 8108, 8139, 8184, 8145, 8166, 8105, 8125, 8064, 8075, 8076, 8097,20.342445611953735
99, 8098, 8130, 8098, 8120, 8132, 8160, 8140, 8149, 8120, 8134, 8077, 8073, 8091, 8093,20.342445611953735
100, 8096, 8120, 8150, 8082, 8115, 8159, 8129, 8157, 8099, 8116, 8076, 8079, 8090, 8093,20.35809016227722
101, 8084, 8105, 8113, 8072, 8109, 8173, 8135, 8155, 8097, 8122, 8068, 8066, 8087, 8092,20.3736674785614
102, 8089, 8100, 8106, 8087, 8119, 8163, 8134, 8154, 8110, 8127, 8070, 8067, 8084, 8090,20.3736674785614
103, 8116, 8129, 8180, 8097, 8126, 8166, 8130, 8168, 8123, 8125, 8090, 8104, 8097, 8103,20.3736674785614
104, 8131, 8131, 8110, 8110, 8130, 8164, 8138, 8155, 8133, 8153, 8117, 8103, 8124, 8115,20.389414072036743
105, 8130, 8120, 8165, 8094, 8126, 8154, 8117, 8161, 8103, 8134, 8116, 8108, 8115, 8120,20.389414072036743
106, 8125, 8127, 8148, 8098, 8135, 8159, 8116, 8160, 8100, 8109, 8122, 8116, 8107, 8114,20.404463291168213
107, 8130, 8134, 8120, 8103, 8132, 8152, 8118, 8151, 8103, 8116, 8119, 8110, 8102, 8108,20.404463291168213
108, 8134, 8146, 8180, 8096, 8125, 8149, 8112, 8157, 8083, 8117, 8101, 8112, 8091, 8107,20.420002460479736
109, 8130, 8141, 8112, 8108, 8135, 8149, 8129, 8151, 8102, 8118, 8111, 8099, 8100, 8099,20.420002460479736
110, 8134, 8139, 8169, 8102, 8131, 8158, 8135, 8165, 8115, 8118, 8119, 8110, 8099, 8091,20.43604302406311
111, 8120, 8134, 8154, 8101, 8127, 8163, 8138, 8163, 8113, 8132, 8113, 8112, 8095, 8083,20.43604302406311
112, 8108, 8125, 8104, 8093, 8125, 8140, 8123, 8152, 8099, 8121, 8103, 8094, 8088, 8078,20.45117497444153
113, 8127, 8152, 8193, 8095, 8121, 8141, 8107, 8166, 8084, 8092, 8107, 8123, 8086, 8086,20.45117497444153
114, 8142, 8164, 8144, 8136, 8129, 8143, 8121, 8155, 8092, 8105, 8128, 8137, 8097, 8096,20.46732497215271
115, 8146, 8154, 8174, 8125, 8128, 8143, 8113, 8155, 8084, 8109, 8123, 8134, 8091, 8105,20.46732497215271
116, 8132, 8148, 8158, 8102, 8131, 8156, 8116, 8156, 8094, 8113, 8110, 8118, 8089, 8095,20.484397649765015
117, 8100, 8130, 8097, 8110, 8135, 8150, 8124, 8154, 8099, 8110, 8091, 8085, 8081, 8071,20.484397649765015
118, 8095, 8135, 8177, 8117, 8131, 8155, 8122, 8171, 8079, 8099, 8087, 8093, 8068, 8077,20.49946141242981
119, 8122, 8142, 8132, 8141, 8140, 8168, 8139, 8157, 8090, 8127, 8116, 8104, 8087, 8100,20.49946141242981
120, 8144, 8147, 8171, 8142, 8134, 8169, 8126, 8151, 8083, 8119, 8121, 8119, 8097, 8112,20.51508140563965
121, 8125, 8137, 8168, 8118, 8115, 8166, 8118, 8149, 8068, 8102, 8108, 8111, 8085, 8104,20.51508140563965
122, 8095, 8105, 8081, 8095, 8115, 8162, 8142, 8143, 8081, 8128, 8085, 8073, 8074, 8095,20.53130269050598
123, 8088, 8105, 8154, 8082, 8126, 8174, 8146, 8161, 8101, 8135, 8069, 8076, 8072, 8098,20.53130269050598
124, 8082, 8108, 8106, 8099, 8128, 8169, 8143, 8156, 8133, 8132, 8091, 8077, 8086, 8098,20.547361850738525
125, 8099, 8113, 8133, 8096, 8119, 8158, 8136, 8164, 8147, 8138, 8053, 8104, 8103, 8112,20.547361850738525
126, 8130, 8141, 8175, 8104, 8129, 8169, 8144, 8172, 8163, 8166, 7940, 8145, 8127, 8130,20.56162142753601
127, 8144, 8140, 8113, 8117, 8133, 8149, 8148, 8158, 8164, 8165, 7874, 8136, 8135, 8121,20.578338623046875
236, 8131, 8133, 8182, 8094, 8104, 8132, 8118, 8168, 8122, 8115, 7881, 8130, 8109, 8105,20.578338623046875
0, 8103, 8127, 8125, 8087, 8101, 8129, 8103, 8158, 8111, 8109, 7901, 8120, 8101, 8091,20.578691005706787
1, 8104, 8123, 8131, 8082, 8111, 8117, 8095, 8153, 8101, 8123, 7897, 8124, 8111, 8097,20.59439253807068
2, 8115, 8132, 8188, 8096, 8114, 8136, 8105, 8164, 8092, 8127, 7890, 8135, 8113, 8116,20.59439253807068
3, 8106, 8121, 8115, 8114, 8113, 8152, 8115, 8154, 8107, 8127, 7873, 8101, 8099, 8100,20.609012603759766
4, 8096, 8117, 8164, 8089, 8097, 8157, 8094, 8159, 8097, 8108, 7843, 8083, 8072, 8075,20.609012603759766
5, 8100, 8128, 8129, 8106, 8103, 8167, 8114, 8153, 8116, 8138, 7857, 8089, 8088, 8085,20.62504243850708
6, 8124, 8146, 8140, 8138, 8120, 8171, 8137, 8158, 8154, 8174, 7905, 8115, 8134, 8124,20.63982105255127
7, 8136, 8164, 8197, 8142, 8130, 8178, 8143, 8168, 8167, 8174, 7937, 8145, 8161, 8145,20.63982105255127
8, 8132, 8147, 8119, 8144, 8135, 8165, 8158, 8154, 8162, 8171, 7950, 8135, 8166, 8139,20.63982105255127
9, 8137, 8138, 8177, 8124, 8139, 8160, 8155, 8166, 8143, 8147, 7954, 8146, 8156, 8140,20.655423879623413
10, 8141, 8149, 8149, 8120, 8160, 8169, 8164, 8163, 8156, 8145, 7967, 8151, 8160, 8136,20.67364525794983
11, 8146, 8153, 8133, 8118, 8165, 8164, 8165, 8155, 8165, 8151, 7968, 8144, 8151, 8122,20.67364525794983
12, 8143, 8158, 8191, 8113, 8149, 8164, 8160, 8167, 8155, 8150, 7986, 8151, 8139, 8111,20.67364525794983
13, 8139, 8160, 8126, 8140, 8156, 8155, 8174, 8163, 8169, 8164, 8047, 8142, 8153, 8116,20.686239004135132
14, 8170, 8190, 8202, 8172, 8169, 8162, 8165, 8173, 8167, 8162, 8093, 8172, 8164, 8145,20.703370094299316
15, 8188, 8209, 8187, 8201, 8176, 8175, 8163, 8173, 8178, 8180, 8114, 8187, 8172, 8157,20.703370094299316
16, 8170, 8182, 8144, 8186, 8175, 8163, 8166, 8171, 8191, 8196, 8112, 8157, 8170, 8153,20.703370094299316
17, 8148, 8161, 8208, 8159, 8172, 8171, 8161, 8174, 8174, 8184, 8098, 8149, 8154, 8149,20.71829652786255
18, 8136, 8141, 8132, 8161, 8172, 8172, 8165, 8149, 8158, 8176, 8095, 8129, 8146, 8132,20.71829652786255
19, 8137, 8138, 8161, 8137, 8158, 8164, 8155, 8152, 8130, 8154, 8078, 8121, 8133, 8124,20.73561429977417
20, 8131, 8141, 8143, 8133, 8150, 8169, 8161, 8152, 8125, 8157, 8070, 8119, 8132, 8128,20.749373197555542
21, 8135, 8129, 8112, 8130, 8146, 8162, 8162, 8149, 8134, 8167, 8077, 8125, 8147, 8138,20.749373197555542
22, 8159, 8144, 8201, 8118, 8142, 8167, 8150, 8170, 8142, 8163, 8100, 8171, 8166, 8151,20.76598024368286
23, 8154, 8152, 8129, 8147, 8152, 8164, 8158, 8159, 8169, 8179, 8130, 8174, 8185, 8150,20.76598024368286
24, 8136, 8145, 8154, 8139, 8139, 8147, 8143, 8158, 8164, 8174, 8121, 8155, 8175, 8142,20.76598024368286
25, 8126, 8134, 8157, 8103, 8119, 8139, 8130, 8161, 8157, 8166, 8114, 8143, 8164, 8126,20.780169010162354
26, 8119, 8122, 8101, 8092, 8118, 8126, 8117, 8149, 8140, 8144, 8112, 8125, 8151, 8103,20.795419931411743
27, 8123, 8143, 8183, 8098, 8128, 8138, 8099, 8155, 8100, 8108, 8091, 8134, 8126, 8091,20.795419931411743
28, 8135, 8152, 8133, 8117, 8136, 8153, 8116, 8145, 8105, 8120, 8088, 8128, 8127, 8091,20.810946226119995
29, 8140, 8136, 8154, 8104, 8124, 8143, 8119, 8151, 8100, 8124, 8092, 8134, 8131, 8098,20.810946226119995
30, 8125, 8129, 8159, 8101, 8123, 8143, 8123, 8159, 8099, 8127, 8098, 8136, 8131, 8103,20.827243328094482
31, 8114, 8131, 8101, 8130, 8136, 8152, 8140, 8154, 8130, 8153, 8107, 8114, 8133, 8105,20.827243328094482
32, 8121, 8148, 8178, 8141, 8138, 8168, 8144, 8169, 8137, 8145, 8113, 8125, 8131, 8120,20.842693090438843
33, 8116, 8137, 8113, 8141, 8141, 8164, 8157, 8162, 8145, 8148, 8121, 8120, 8141, 8129,20.842693090438843
34, 8121, 8118, 8126, 8123, 8137, 8162, 8153, 8167, 8156, 8169, 8109, 8119, 8152, 8133,20.858440160751343
35, 8130, 8126, 8166, 8126, 8132, 8179, 8155, 8178, 8174, 8184, 8093, 8131, 8153, 8138,20.858440160751343
36, 8130, 8117, 8100, 8138, 8128, 8165, 8157, 8165, 8171, 8168, 8083, 8111, 8135, 8126,20.874072313308716
37, 8136, 8118, 8167, 8111, 8122, 8153, 8142, 8169, 8144, 8141, 8068, 8110, 8121, 8125,20.874072313308716
38, 8132, 8121, 8115, 8108, 8119, 8150, 8152, 8162, 8155, 8165, 8075, 8106, 8140, 8130,20.890007495880127
39, 8126, 8113, 8115, 8100, 8102, 8137, 8139, 8163, 8152, 8161, 8071, 8107, 8141, 8126,20.890007495880127
40, 8128, 8121, 8168, 8093, 8097, 8143, 8120, 8168, 8148, 8146, 8080, 8129, 8144, 8126,20.90573000907898
41, 8138, 8125, 8107, 8112, 8111, 8136, 8131, 8150, 8175, 8170, 8123, 8133, 8166, 8131,20.90573000907898
42, 8146, 8130, 8166, 8101, 8106, 8131, 8121, 8161, 8161, 8159, 8139, 8141, 8152, 8131,20.921381950378418
43, 8123, 8128, 8117, 8098, 8105, 8133, 8113, 8161, 8146, 8145, 8144, 8127, 8139, 8107,20.921381950378418
44, 8123, 8139, 8127, 8115, 8119, 8131, 8115, 8162, 8153, 8156, 8168, 8135, 8154, 8107,20.937657117843628
45, 8153, 8173, 8208, 8141, 8133, 8150, 8126, 8173, 8166, 8175, 8200, 8179, 8170, 8135,20.937657117843628
46, 8152, 8167, 8130, 8159, 8137, 8149, 8129, 8160, 8163, 8175, 8200, 8159, 8163, 8132,20.95323348045349
47, 8135, 8154, 8177, 8144, 8131, 8139, 8108, 8168, 8129, 8140, 8174, 8128, 8133, 8111,20.95323348045349
48, 8125, 8154, 8147, 8153, 8134, 8148, 8125, 8163, 8136, 8151, 8177, 8121, 8129, 8102,20.96913194656372
49, 8129, 8149, 8124, 8152, 8130, 8156, 8135, 8156, 8152, 8161, 8178, 8129, 8135, 8112,20.96913194656372
50, 8135, 8153, 8188, 8150, 8128, 8162, 8123, 8166, 8147, 8145, 8173, 8145, 8133, 8126,20.98455309867859
51, 8131, 8150, 8119, 8169, 8142, 8147, 8137, 8158, 8167, 8163, 8186, 8129, 8140, 8130,20.98455309867859
52, 8133, 8151, 8166, 8148, 8133, 8149, 8149, 8164, 8170, 8171, 8182, 8138, 8139, 8135,21.000081062316895
53, 8130, 8142, 8139, 8134, 8124, 8169, 8165, 8156, 8171, 8169, 8184, 8143, 8145, 8134,21.000081062316895
54, 8126, 8121, 8105, 8123, 8117, 8151, 8162, 8151, 8168, 8158, 8178, 8133, 8147, 8127,21.015432834625244
55, 8125, 8126, 8167, 8105, 8101, 8133, 8148, 8168, 8160, 8158, 8162, 8147, 8147, 8131,21.015432834625244
56, 8135, 8137, 8109, 8124, 8109, 8131, 8161, 8161, 8182, 8180, 8181, 8147, 8164, 8141,21.03055214881897
57, 8162, 8163, 8178, 8135, 8121, 8138, 8149, 8168, 8176, 8162, 8195, 8168, 8161, 8144,21.03055214881897
58, 8158, 8172, 8168, 8135, 8120, 8139, 8128, 8164, 8159, 8149, 8192, 8179, 8150, 8129,21.046063899993896
59, 8139, 8147, 8117, 8127, 8116, 8130, 8120, 8149, 8141, 8144, 8180, 8160, 8138, 8110,21.046063899993896
60, 8138, 8150, 8199, 8122, 8109, 8149, 8119, 8157, 8117, 8118, 8169, 8163, 8121, 8106,21.062111139297485
61, 8128, 8147, 8127, 8145, 8107, 8153, 8135, 8151, 8124, 8121, 8166, 8145, 8125, 8103,21.062111139297485
62, 8137, 8141, 8162, 8148, 8114, 8156, 8149, 8164, 8131, 8144, 8170, 8147, 8141, 8121,21.077451467514038
63, 8161, 8152, 8188, 8160, 8133, 8178, 8179, 8168, 8159, 8180, 8195, 8180, 8168, 8146,21.077451467514038
64, 8162, 8146, 8129, 8168, 8129, 8163, 8180, 8156, 8178, 8190, 8206, 8182, 8177, 8148,21.093557834625244
65, 8153, 8143, 8186, 8148, 8106, 8152, 8144, 8165, 8164, 8168, 8190, 8184, 8165, 8151,21.093557834625244
66, 8158, 8148, 8133, 8158, 8119, 8153, 8145, 8157, 8183, 8187, 8201, 8182, 8179, 8157,21.109421253204346
67, 8172, 8157, 8168, 8152, 8130, 8143, 8140, 8163, 8186, 8194, 8212, 8196, 8187, 8160,21.109421253204346
68, 8165, 8162, 8186, 8147, 8126, 8143, 8131, 8165, 8168, 8170, 8208, 8201, 8173, 8145,21.125099658966064
69, 8165, 8156, 8124, 8160, 8119, 8144, 8138, 8149, 8152, 8147, 8215, 8186, 8163, 8129,21.125099658966064
70, 8181, 8174, 8207, 8152, 8122, 8157, 8139, 8163, 8138, 8138, 8223, 8199, 8164, 8138,21.140400171279907
71, 8169, 8178, 8152, 8161, 8144, 8163, 8154, 8158, 8151, 8167, 8222, 8182, 8168, 8142,21.140400171279907
72, 8158, 8173, 8163, 8166, 8144, 8160, 8156, 8158, 8142, 8163, 8206, 8173, 8151, 8136,21.156504154205322
73, 8159, 8179, 8198, 8173, 8134, 8175, 8161, 8168, 8141, 8160, 8207, 8190, 8151, 8139,21.156504154205322
74, 8153, 8161, 8123, 8178, 8136, 8167, 8165, 8158, 8161, 8185, 8215, 8178, 8164, 8146,21.172340869903564
75, 8154, 8159, 8187, 8160, 8132, 8155, 8149, 8166, 8150, 8175, 8203, 8189, 8163, 8159,21.172340869903564
76, 8154, 8159, 8137, 8163, 8128, 8152, 8157, 8160, 8154, 8173, 8206, 8182, 8171, 8158,21.187519550323486
77, 8158, 8143, 8138, 8147, 8119, 8152, 8157, 8163, 8168, 8178, 8199, 8170, 8175, 8155,21.187519550323486
78, 8166, 8148, 8185, 8131, 8119, 8160, 8164, 8173, 8182, 8182, 8199, 8187, 8180, 8161,21.20348811149597
79, 8162, 8145, 8115, 8133, 8125, 8138, 8166, 8161, 8179, 8169, 8208, 8181, 8183, 8152,21.20348811149597
80, 8161, 8146, 8184, 8117, 8121, 8128, 8135, 8170, 8136, 8127, 8206, 8186, 8165, 8138,21.21955680847168
81, 8168, 8159, 8153, 8142, 8135, 8146, 8145, 8161, 8137, 8139, 8230, 8201, 8173, 8144,21.21955680847168
82, 8186, 8173, 8152, 8164, 8145, 8150, 8161, 8159, 8148, 8163, 8250, 8220, 8190, 8162,21.23511266708374
83, 8189, 8182, 8211, 8157, 8144, 8152, 8151, 8174, 8139, 8156, 8242, 8226, 8183, 8155,21.23511266708374
84, 8172, 8171, 8136, 8165, 8153, 8151, 8152, 8159, 8148, 8158, 8237, 8191, 8180, 8140,21.251072645187378
85, 8163, 8174, 8197, 8170, 8151, 8160, 8144, 8161, 8142, 8150, 8237, 8192, 8174, 8149,21.251072645187378
86, 8159, 8178, 8170, 8187, 8152, 8170, 8149, 8160, 8142, 8159, 8246, 8198, 8178, 8148,21.267573833465576
87, 8169, 8172, 8148, 8195, 8159, 8160, 8149, 8160, 8141, 8172, 8246, 8193, 8182, 8143,21.267573833465576
88, 8185, 8191, 8218, 8196, 8162, 8167, 8147, 8170, 8142, 8170, 8245, 8210, 8187, 8161,21.283585786819458
89, 8188, 8197, 8155, 8215, 8169, 8168, 8166, 8161, 8167, 8188, 8249, 8201, 8208, 8168,21.283585786819458
90, 8192, 8190, 8210, 8206, 8161, 8157, 8155, 8171, 8157, 8181, 8241, 8200, 8209, 8159,21.298848867416382
91, 8180, 8181, 8185, 8204, 8152, 8159, 8145, 8160, 8144, 8163, 8239, 8193, 8204, 8151,21.298848867416382
92, 8165, 8172, 8137, 8194, 8147, 8156, 8139, 8148, 8133, 8137, 8219, 8171, 8185, 8141,21.31399893760681
93, 8159, 8178, 8199, 8178, 8146, 8161, 8139, 8163, 8111, 8113, 8191, 8174, 8160, 8132,21.31399893760681
94, 8149, 8167, 8128, 8197, 8155, 8163, 8157, 8153, 8121, 8131, 8196, 8161, 8163, 8128,21.330066919326782
95, 8148, 8168, 8173, 8188, 8153, 8172, 8154, 8164, 8128, 8139, 8193, 8165, 8162, 8136,21.330066919326782
96, 8142, 8175, 8170, 8177, 8153, 8185, 8166, 8170, 8138, 8145, 8187, 8170, 8160, 8136,21.34550380706787
97, 8144, 8157, 8129, 8184, 8161, 8173, 8180, 8156, 8150, 8149, 8197, 8166, 8173, 8143,21.34550380706787
98, 8151, 8158, 8195, 8186, 8164, 8176, 8168, 8168, 8155, 8148, 8209, 8190, 8187, 8163,21.361146211624146
99, 8145, 8155, 8126, 8197, 8164, 8173, 8166, 8166, 8162, 8170, 8215, 8181, 8188, 8156,21.361146211624146
100, 8155, 8153, 8171, 8194, 8156, 8167, 8155, 8171, 8151, 8166, 8206, 8178, 8173, 8148,21.376505851745605
101, 8161, 8157, 8172, 8204, 8160, 8175, 8163, 8170, 8169, 8164, 8205, 8185, 8175, 8156,21.376505851745605
102, 8153, 8142, 8109, 8193, 8157, 8159, 8167, 8155, 8188, 8161, 8208, 8181, 8182, 8159,21.392223358154297
103, 8161, 8150, 8191, 8162, 8141, 8149, 8149, 8166, 8170, 8139, 8207, 8202, 8186, 8155,21.392223358154297
104, 8166, 8156, 8122, 8175, 8142, 8142, 8140, 8162, 8171, 8152, 8220, 8195, 8194, 8144,21.407335996627808
105, 8169, 8154, 8144, 8166, 8146, 8140, 8116, 8164, 8164, 8154, 8236, 8198, 8193, 8148,21.407335996627808
106, 8166, 8163, 8189, 8159, 8149, 8154, 8121, 8164, 8164, 8147, 8258, 8211, 8196, 8151,21.423105478286743
107, 8163, 8162, 8128, 8181, 8153, 8138, 8136, 8152, 8165, 8149, 8254, 8185, 8190, 8130,21.423105478286743
108, 8169, 8170, 8189, 8181, 8147, 8144, 8124, 8164, 8143, 8137, 8226, 8191, 8166, 8126,21.438342094421387
109, 8165, 8170, 8140, 8182, 8150, 8164, 8137, 8160, 8160, 8148, 8241, 8200, 8178, 8138,21.438342094421387
110, 8158, 8167, 8153, 8175, 8145, 8152, 8133, 8161, 8159, 8138, 8250, 8192, 8185, 8136,21.45434308052063
111, 8143, 8172, 8184, 8178, 8145, 8148, 8110, 8158, 8133, 8127, 8224, 8172, 8159, 8118,21.45434308052063
112, 8130, 8160, 8117, 8193, 8154, 8151, 8104, 8141, 8121, 8131, 8204, 8146, 8133, 8106,21.470032215118408
113, 8139, 8163, 8187, 8177, 8140, 8151, 8096, 8154, 8095, 8105, 8187, 8152, 8116, 8102,21.470032215118408
114, 8131, 8159, 8135, 8169, 8137, 8141, 8100, 8149, 8103, 8107, 8180, 8144, 8116, 8092,21.485165119171143
115, 8124, 8146, 8136, 8155, 8143, 8138, 8097, 8153, 8113, 8112, 8175, 8142, 8113, 8095,21.485165119171143
116, 8125, 8152, 8185, 8149, 8146, 8159, 8100, 8167, 8111, 8104, 8169, 8151, 8118, 8106,21.50037908554077
117, 8116, 8144, 8108, 8160, 8146, 8157, 8111, 8150, 8122, 8118, 8173, 8128, 8134, 8103,21.516456127166748
118, 8121, 8149, 8182, 8154, 8143, 8160, 8103, 8156, 8125, 8132, 8185, 8149, 8139, 8121,21.516456127166748
119, 8132, 8152, 8153, 8166, 8156, 8169, 8119, 8159, 8147, 8156, 8204, 8169, 8152, 8138,21.516456127166748
120, 8135, 8142, 8133, 8168, 8155, 8160, 8124, 8161, 8149, 8159, 8198, 8157, 8150, 8137,21.532089233398438
121, 8126, 8150, 8179, 8162, 8141, 8163, 8122, 8165, 8135, 8145, 8179, 8145, 8130, 8124,21.532089233398438
122, 8105, 8139, 8096, 8160, 8138, 8158, 8135, 8150, 8135, 8139, 8159, 8105, 8109, 8093,21.54722809791565
123, 8095, 8128, 8153, 8126, 8131, 8159, 8121, 8161, 8123, 8116, 8128, 8099, 8087, 8076,21.54722809791565
124, 8102, 8130, 8135, 8123, 8129, 8168, 8125, 8160, 8141, 8130, 8139, 8110, 8107, 8089,21.5628080368042
125, 8123, 8131, 8117, 8129, 8127, 8157, 8125, 8156, 8151, 8141, 8144, 8107, 8125, 8108,21.5628080368042
126, 8130, 8137, 8173, 8116, 8119, 8150, 8106, 8160, 8122, 8108, 8111, 8110, 8103, 8104,21.578839778900146
127, 8119, 8123, 8094, 8117, 8111, 8132, 8102, 8144, 8105, 8089, 8097, 8091, 8090, 8085,21.5950665473938
236, 8117, 8119, 8154, 8095, 8097, 8116, 8086, 8155, 8097, 8071, 8097, 8096, 8088, 8081,21.5950665473938
0, 8116, 8127, 8151, 8096, 8103, 8126, 8090, 8156, 8114, 8079, 8110, 8106, 8096, 8077,21.610109329223633
1, 8130, 8139, 8126, 8120, 8118, 8132, 8105, 8149, 8118, 8091, 8130, 8120, 8106, 8083,21.610109329223633
2, 8141, 8155, 8189, 8126, 8120, 8141, 8101, 8160, 8102, 8084, 8145, 8153, 8113, 8104,21.611108541488647
3, 8133, 8143, 8113, 8125, 8121, 8136, 8099, 8151, 8110, 8102, 8151, 8147, 8123, 8114,21.62545418739319
4, 8142, 8141, 8173, 8112, 8125, 8137, 8101, 8165, 8110, 8114, 8143, 8158, 8121, 8118,21.62545418739319
5, 8145, 8152, 8179, 8129, 8138, 8153, 8126, 8166, 8125, 8136, 8160, 8176, 8130, 8116,21.640228748321533
6, 8129, 8144, 8124, 8141, 8140, 8147, 8134, 8151, 8134, 8144, 8170, 8155, 8133, 8107,21.641228437423706
7, 8112, 8149, 8183, 8123, 8127, 8149, 8118, 8162, 8100, 8114, 8141, 8136, 8101, 8093,21.65569043159485
8, 8101, 8147, 8106, 8132, 8129, 8149, 8127, 8151, 8093, 8106, 8132, 8115, 8085, 8074,21.671340465545654
9, 8113, 8146, 8150, 8135, 8134, 8153, 8124, 8154, 8098, 8104, 8139, 8128, 8092, 8081,21.671340465545654
10, 8122, 8157, 8176, 8142, 8149, 8166, 8134, 8164, 8113, 8119, 8142, 8140, 8108, 8104,21.688427686691284
11, 8119, 8149, 8119, 8147, 8157, 8152, 8139, 8154, 8116, 8121, 8137, 8124, 8104, 8104,21.688427686691284
12, 8118, 8149, 8185, 8136, 8141, 8156, 8116, 8156, 8093, 8098, 8133, 8134, 8091, 8098,21.70345377922058
13, 8111, 8139, 8114, 8144, 8134, 8167, 8130, 8146, 8109, 8118, 8134, 8126, 8101, 8099,21.704455852508545
14, 8116, 8126, 8137, 8133, 8137, 8164, 8153, 8162, 8133, 8130, 8118, 8119, 8107, 8107,21.704455852508545
15, 8134, 8133, 8173, 8120, 8137, 8165, 8169, 8178, 8160, 8133, 8125, 8132, 8121, 8124,21.719090700149536
16, 8149, 8132, 8117, 8112, 8130, 8149, 8172, 8160, 8170, 8137, 8141, 8137, 8132, 8136,21.735616445541382
17, 8155, 8136, 8183, 8094, 8119, 8147, 8155, 8155, 8134, 8111, 8129, 8158, 8116, 8135,21.735616445541382
18, 8143, 8130, 8124, 8104, 8119, 8145, 8148, 8145, 8121, 8099, 8132, 8145, 8110, 8116,21.735616445541382
19, 8137, 8123, 8136, 8092, 8109, 8127, 8118, 8150, 8105, 8085, 8128, 8130, 8100, 8098,21.751805782318115
20, 8135, 8135, 8167, 8087, 8111, 8128, 8101, 8156, 8094, 8078, 8119, 8136, 8093, 8082,21.751805782318115
21, 8130, 8136, 8102, 8110, 8127, 8131, 8110, 8145, 8104, 8088, 8126, 8125, 8101, 8077,21.76545214653015
22, 8137, 8154, 8188, 8114, 8130, 8143, 8103, 8165, 8090, 8084, 8129, 8137, 8097, 8087,21.78114104270935
23, 8146, 8165, 8151, 8141, 8145, 8146, 8118, 8162, 8090, 8101, 8145, 8140, 8105, 8089,21.78114104270935
24, 8153, 8159, 8151, 8148, 8151, 8138, 8122, 8154, 8089, 8103, 8160, 8145, 8119, 8098,21.79630994796753
25, 8144, 8166, 8199, 8136, 8146, 8148, 8111, 8155, 8076, 8099, 8158, 8161, 8120, 8113,21.79630994796753
26, 8129, 8156, 8125, 8145, 8153, 8145, 8116, 8147, 8075, 8113, 8149, 8139, 8118, 8108,21.81200671195984
27, 8131, 8149, 8185, 8139, 8151, 8147, 8111, 8160, 8077, 8102, 8137, 8135, 8109, 8101,21.81200671195984
28, 8120, 8147, 8144, 8140, 8149, 8158, 8116, 8147, 8091, 8103, 8142, 8122, 8106, 8087,21.82744264602661
29, 8117, 8149, 8130, 8137, 8148, 8159, 8125, 8144, 8087, 8112, 8139, 8109, 8104, 8086,21.82744264602661
30, 8143, 8171, 8194, 8147, 8150, 8174, 8145, 8170, 8107, 8127, 8146, 8136, 8127, 8118,21.843239545822144
31, 8159, 8177, 8132, 8178, 8162, 8176, 8168, 8162, 8150, 8157, 8173, 8153, 8163, 8146,21.843239545822144
32, 8169, 8185, 8195, 8176, 8167, 8179, 8171, 8167, 8149, 8164, 8172, 8177, 8165, 8154,21.85851502418518
33, 8176, 8191, 8172, 8193, 8174, 8192, 8198, 8172, 8171, 8184, 8173, 8177, 8166, 8152,21.85851502418518
34, 8183, 8185, 8154, 8208, 8179, 8193, 8216, 8176, 8200, 8206, 8185, 8166, 8176, 8157,21.874067544937134
35, 8177, 8188, 8207, 8193, 8177, 8198, 8208, 8182, 8192, 8210, 8188, 8180, 8178, 8160,21.874067544937134
36, 8160, 8171, 8112, 8186, 8176, 8187, 8212, 8162, 8194, 8209, 8183, 8155, 8174, 8145,21.88931369781494
37, 8166, 8162, 8166, 8173, 8173, 8181, 8207, 8172, 8192, 8200, 8175, 8152, 8172, 8144,21.88931369781494
38, 8169, 8172, 8168, 8193, 8188, 8191, 8225, 8175, 8214, 8231, 8198, 8178, 8201, 8168,21.90483832359314
39, 8177, 8175, 8134, 8204, 8194, 8182, 8230, 8167, 8233, 8254, 8219, 8190, 8221, 8188,21.90483832359314
40, 8194, 8185, 8199, 8182, 8183, 8179, 8210, 8177, 8228, 8238, 8220, 8209, 8216, 8193,21.920769929885864
41, 8196, 8182, 8126, 8180, 8187, 8172, 8215, 8170, 8238, 8238, 8222, 8202, 8218, 8180,21.920769929885864
42, 8204, 8179, 8179, 8167, 8189, 8168, 8212, 8181, 8235, 8223, 8208, 8201, 8209, 8180,21.935538291931152
43, 8211, 8189, 8189, 8171, 8193, 8185, 8216, 8183, 8240, 8227, 8201, 8197, 8207, 8189,21.935538291931152
44, 8205, 8184, 8134, 8176, 8201, 8180, 8217, 8171, 8245, 8237, 8197, 8180, 8215, 8176,21.951083660125732
45, 8190, 8179, 8189, 8154, 8197, 8166, 8203, 8179, 8231, 8217, 8191, 8188, 8212, 8163,21.951083660125732
46, 8173, 8168, 8114, 8157, 8195, 8160, 8211, 8170, 8237, 8214, 8190, 8169, 8202, 8155,21.967225790023804
47, 8181, 8173, 8155, 8157, 8192, 8169, 8205, 8174, 8217, 8199, 8179, 8169, 8184, 8156,21.967225790023804
48, 8197, 8191, 8183, 8169, 8199, 8182, 8204, 8173, 8202, 8195, 8191, 8192, 8195, 8164,21.98244857788086
49, 8209, 8190, 8141, 8186, 8203, 8169, 8208, 8163, 8207, 8205, 8206, 8193, 8207, 8170,21.98244857788086
50, 8226, 8205, 8225, 8184, 8197, 8170, 8203, 8176, 8203, 8196, 8201, 8216, 8199, 8186,21.99803352355957
51, 8231, 8209, 8164, 8198, 8208, 8178, 8222, 8170, 8224, 8215, 8214, 8223, 8215, 8193,21.99803352355957
52, 8223, 8193, 8174, 8184, 8210, 8179, 8223, 8171, 8216, 8211, 8210, 8212, 8209, 8185,22.013147830963135
53, 8202, 8184, 8187, 8162, 8205, 8184, 8219, 8175, 8198, 8186, 8187, 8193, 8175, 8167,22.013147830963135
54, 8187, 8179, 8121, 8163, 8209, 8165, 8222, 8166, 8211, 8188, 8178, 8169, 8162, 8152,22.02839207649231
55, 8181, 8191, 8189, 8154, 8202, 8161, 8202, 8173, 8209, 8195, 8176, 8168, 8158, 8145,22.028737545013428
56, 8163, 8175, 8126, 8146, 8193, 8171, 8202, 8158, 8200, 8197, 8166, 8137, 8147, 8133,22.04400062561035
57, 8162, 8160, 8139, 8125, 8188, 8170, 8206, 8161, 8185, 8173, 8146, 8135, 8132, 8141,22.04400062561035
58, 8176, 8177, 8183, 8132, 8192, 8184, 8220, 8176, 8199, 8178, 8151, 8167, 8146, 8166,22.060229301452637
59, 8171, 8164, 8108, 8148, 8193, 8186, 8239, 8167, 8223, 8209, 8162, 8151, 8166, 8175,22.060229301452637
60, 8156, 8150, 8172, 8129, 8182, 8190, 8223, 8174, 8201, 8189, 8132, 8136, 8140, 8156,22.075290203094482
61, 8147, 8156, 8138, 8148, 8190, 8189, 8218, 8160, 8186, 8173, 8124, 8129, 8122, 8133,22.075290203094482
62, 8165, 8165, 8146, 8161, 8187, 8179, 8213, 8158, 8175, 8165, 8140, 8140, 8130, 8145,22.091079711914062
63, 8186, 8175, 8191, 8157, 8182, 8187, 8209, 8170, 8174, 8160, 8142, 8158, 8138, 8158,22.091079711914062
64, 8183, 8159, 8118, 8162, 8195, 8175, 8210, 8157, 8188, 8177, 8141, 8145, 8145, 8147,22.115272521972656
65, 8178, 8152, 8187, 8147, 8194, 8173, 8204, 8171, 8182, 8188, 8143, 8159, 8152, 8156,22.115272521972656
66, 8171, 8153, 8149, 8149, 8190, 8190, 8230, 8173, 8204, 8212, 8154, 8165, 8172, 8171,22.115272521972656
67, 8186, 8160, 8141, 8159, 8191, 8187, 8250, 8174, 8235, 8219, 8163, 8165, 8183, 8177,22.122888326644897
68, 8208, 8185, 8209, 8166, 8200, 8188, 8251, 8187, 8242, 8215, 8163, 8181, 8179, 8183,22.139055013656616
69, 8198, 8180, 8132, 8176, 8209, 8177, 8254, 8171, 8246, 8229, 8156, 8163, 8178, 8175,22.139055013656616
70, 8207, 8182, 8195, 8162, 8198, 8172, 8242, 8175, 8235, 8219, 8153, 8183, 8183, 8186,22.154072284698486
71, 8215, 8186, 8177, 8162, 8192, 8179, 8243, 8174, 8238, 8212, 8174, 8206, 8196, 8195,22.154072284698486
72, 8202, 8169, 8142, 8156, 8187, 8171, 8229, 8173, 8234, 8201, 8172, 8186, 8182, 8180,22.170143842697144
73, 8194, 8174, 8199, 8152, 8183, 8171, 8221, 8183, 8233, 8198, 8166, 8185, 8174, 8176,22.170143842697144
74, 8198, 8179, 8131, 8178, 8198, 8166, 8239, 8168, 8263, 8236, 8184, 8181, 8198, 8179,22.186216354370117
75, 8216, 8189, 8195, 8187, 8211, 8167, 8224, 8177, 8262, 8241, 8192, 8203, 8211, 8183,22.186216354370117
76, 8228, 8202, 8196, 8207, 8214, 8170, 8212, 8179, 8264, 8239, 8217, 8229, 8229, 8192,22.20148515701294
77, 8231, 8196, 8162, 8206, 8204, 8148, 8207, 8162, 8255, 8229, 8233, 8230, 8237, 8200,22.20148515701294
78, 8221, 8191, 8221, 8178, 8194, 8145, 8194, 8163, 8218, 8187, 8207, 8233, 8212, 8188,22.217503786087036
79, 8215, 8185, 8147, 8189, 8202, 8154, 8199, 8154, 8218, 8183, 8202, 8217, 8210, 8174,22.217503786087036
80, 8226, 8196, 8196, 8183, 8201, 8158, 8190, 8166, 8215, 8189, 8217, 8223, 8213, 8180,22.23408603668213
81, 8221, 8203, 8199, 8169, 8202, 8170, 8208, 8174, 8225, 8195, 8216, 8224, 8201, 8176,22.249236583709717
82, 8218, 8188, 8155, 8186, 8213, 8175, 8238, 8171, 8237, 8200, 8198, 8206, 8187, 8167,22.249236583709717
83, 8226, 8201, 8239, 8210, 8222, 8197, 8239, 8181, 8223, 8202, 8196, 8218, 8178, 8175,22.249236583709717
84, 8224, 8203, 8175, 8236, 8231, 8203, 8250, 8169, 8230, 8221, 8217, 8216, 8193, 8179,22.26361632347107
85, 8224, 8189, 8199, 8225, 8220, 8183, 8243, 8178, 8226, 8212, 8216, 8225, 8205, 8188,22.26361632347107
86, 8214, 8180, 8206, 8211, 8200, 8171, 8225, 8176, 8217, 8208, 8203, 8231, 8208, 8194,22.27948498725891
87, 8206, 8168, 8148, 8211, 8196, 8164, 8212, 8154, 8224, 8210, 8194, 8214, 8205, 8187,22.27948498725891
88, 8230, 8185, 8237, 8208, 8203, 8175, 8208, 8171, 8236, 8212, 8210, 8245, 8214, 8204,22.294482231140137
89, 8250, 8209, 8196, 8231, 8208, 8170, 8220, 8171, 8257, 8243, 8252, 8265, 8245, 8222,22.311460733413696
90, 8255, 8214, 8213, 8231, 8202, 8152, 8201, 8168, 8236, 8221, 8255, 8262, 8241, 8216,22.311460733413696
91, 8250, 8211, 8227, 8222, 8207, 8161, 8193, 8172, 8214, 8190, 8247, 8261, 8228, 8205,22.311460733413696
92, 8243, 8200, 8160, 8228, 8217, 8163, 8203, 8167, 8216, 8201, 8257, 8248, 8222, 8195,22.327072858810425
93, 8238, 8211, 8242, 8231, 8221, 8173, 8203, 8176, 8205, 8195, 8249, 8249, 8204, 8187,22.327072858810425
94, 8221, 8206, 8189, 8251, 8231, 8186, 8227, 8166, 8216, 8205, 8239, 8231, 8205, 8180,22.342007398605347
95, 8219, 8188, 8181, 8237, 8221, 8181, 8231, 8170, 8226, 8226, 8235, 8227, 8217, 8193,22.342007398605347
96, 8228, 8183, 8211, 8225, 8213, 8184, 8231, 8180, 8235, 8240, 8247, 8242, 8229, 8208,22.357303857803345
97, 8226, 8170, 8140, 8230, 8222, 8177, 8248, 8172, 8255, 8245, 8250, 8226, 8235, 8205,22.37372922897339
98, 8227, 8180, 8214, 8207, 8209, 8175, 8242, 8185, 8245, 8225, 8235, 8238, 8230, 8207,22.37372922897339
99, 8228, 8188, 8179, 8206, 8203, 8173, 8239, 8177, 8255, 8229, 8246, 8250, 8239, 8209,22.37372922897339
100, 8226, 8177, 8167, 8194, 8210, 8159, 8229, 8172, 8253, 8227, 8250, 8251, 8238, 8200,22.388474464416504
101, 8220, 8189, 8207, 8191, 8214, 8164, 8221, 8176, 8229, 8212, 8242, 8253, 8225, 8191,22.40417194366455
102, 8232, 8208, 8154, 8242, 8230, 8171, 8230, 8158, 8231, 8221, 8253, 8241, 8227, 8199,22.40417194366455
103, 8254, 8219, 8232, 8259, 8238, 8182, 8229, 8167, 8224, 8218, 8246, 8249, 8215, 8210,22.41945505142212
104, 8237, 8198, 8182, 8251, 8232, 8183, 8237, 8169, 8223, 8219, 8228, 8229, 8207, 8194,22.41945505142212
105, 8218, 8177, 8151, 8243, 8220, 8174, 8232, 8171, 8231, 8219, 8215, 8206, 8214, 8188,22.435352325439453
106, 8223, 8188, 8211, 8241, 8218, 8188, 8226, 8185, 8248, 8219, 8211, 8216, 8218, 8202,22.435352325439453
107, 8212, 8165, 8129, 8231, 8214, 8178, 8229, 8174, 8263, 8235, 8213, 8201, 8220, 8197,22.450343132019043
108, 8204, 8154, 8182, 8200, 8198, 8165, 8204, 8180, 8240, 8233, 8210, 8209, 8216, 8192,22.450343132019043
109, 8213, 8181, 8172, 8221, 8213, 8176, 8204, 8176, 8236, 8243, 8221, 8223, 8226, 8197,22.465540885925293
110, 8234, 8194, 8157, 8242, 8222, 8165, 8216, 8169, 8235, 8237, 8226, 8220, 8231, 8204,22.465540885925293
111, 8249, 8203, 8231, 8235, 8208, 8160, 8212, 8177, 8230, 8221, 8242, 8243, 8231, 8214,22.481550931930542
112, 8242, 8194, 8150, 8239, 8206, 8161, 8217, 8164, 8240, 8234, 8268, 8242, 8240, 8207,22.481550931930542
113, 8237, 8191, 8188, 8218, 8201, 8160, 8209, 8172, 8214, 8211, 8247, 8239, 8222, 8195,22.49732279777527
114, 8233, 8196, 8186, 8221, 8200, 8164, 8217, 8177, 8213, 8200, 8237, 8239, 8217, 8185,22.49732279777527
115, 8233, 8187, 8155, 8218, 8202, 8158, 8215, 8172, 8224, 8209, 8250, 8233, 8217, 8178,22.5119948387146
116, 8230, 8190, 8224, 8198, 8202, 8167, 8197, 8176, 8189, 8191, 8229, 8229, 8189, 8170,22.5119948387146
117, 8215, 8193, 8151, 8242, 8216, 8178, 8217, 8159, 8181, 8189, 8217, 8196, 8178, 8158,22.527461051940918
118, 8223, 8205, 8190, 8279, 8233, 8199, 8237, 8174, 8199, 8215, 8239, 8204, 8197, 8174,22.527461051940918
119, 8236, 8205, 8194, 8272, 8248, 8220, 8259, 8184, 8232, 8266, 8269, 8232, 8231, 8204,22.542777061462402
120, 8237, 8184, 8149, 8247, 8236, 8196, 8266, 8169, 8246, 8270, 8261, 8223, 8236, 8217,22.542777061462402
121, 8237, 8189, 8218, 8230, 8210, 8180, 8246, 8175, 8226, 8215, 8237, 8224, 8213, 8215,22.55816912651062
122, 8237, 8196, 8155, 8244, 8215, 8181, 8247, 8164, 8230, 8207, 8240, 8216, 8215, 8201,22.55816912651062
123, 8252, 8195, 8197, 8237, 8219, 8179, 8238, 8168, 8227, 8214, 8240, 8227, 8219, 8201,22.573251724243164
124, 8251, 8191, 8208, 8226, 8214, 8184, 8226, 8170, 8220, 8216, 8246, 8243, 8220, 8200,22.573251724243164
125, 8231, 8178, 8136, 8225, 8217, 8172, 8215, 8158, 8220, 8222, 8262, 8231, 8227, 8184,22.588387727737427
126, 8230, 8193, 8218, 8225, 8223, 8174, 8211, 8178, 8221, 8232, 8273, 8247, 8246, 8189,22.588387727737427
127, 8246, 8200, 8176, 8243, 8228, 8176, 8230, 8176, 8244, 8259, 8290, 8253, 8271, 8210,22.603505611419678
236, 8260, 8196, 8192, 8230, 8212, 8167, 8215, 8171, 8231, 8231, 8285, 8258, 8253, 8211,22.603505611419678
0, 8253, 8203, 8207, 8218, 8201, 8174, 8208, 8174, 8221, 8194, 8269, 8257, 8225, 8198,22.619031190872192
1, 8248, 8197, 8150, 8227, 8216, 8173, 8229, 8172, 8232, 8204, 8260, 8237, 8228, 8197,22.619031190872192
2, 8255, 8207, 8235, 8226, 8223, 8177, 8223, 8184, 8222, 8212, 8255, 8251, 8233, 8202,22.636110305786133
3, 8239, 8211, 8170, 8241, 8231, 8182, 8222, 8170, 8227, 8222, 8257, 8239, 8236, 8189,22.636110305786133
4, 8224, 8203, 8165, 8235, 8230, 8177, 8210, 8171, 8205, 8205, 8235, 8217, 8219, 8178,22.651257038116455
5, 8227, 8202, 8211, 8222, 8217, 8178, 8196, 8180, 8183, 8187, 8221, 8218, 8198, 8171,22.651257038116455
6, 8235, 8190, 8139, 8233, 8212, 8175, 8210, 8168, 8206, 8196, 8234, 8212, 8202, 8174,22.667381048202515
7, 8233, 8192, 8211, 8235, 8212, 8194, 8222, 8182, 8220, 8211, 8238, 8233, 8217, 8202,22.667381048202515
8, 8223, 8192, 8180, 8247, 8220, 8204, 8234, 8177, 8240, 8251, 8242, 8239, 8239, 8215,22.682268381118774
9, 8238, 8191, 8174, 8245, 8220, 8191, 8229, 8171, 8246, 8259, 8244, 8239, 8240, 8212,22.682268381118774
10, 8254, 8208, 8228, 8253, 8225, 8205, 8230, 8177, 8241, 8253, 8255, 8263, 8237, 8219,22.697290420532227
11, 8246, 8202, 8158, 8271, 8230, 8201, 8234, 8163, 8247, 8271, 8270, 8258, 8247, 8219,22.712826251983643
12, 8253, 8194, 8214, 8237, 8214, 8178, 8217, 8173, 8241, 8260, 8266, 8262, 8249, 8220,22.712826251983643
13, 8270, 8200, 8188, 8230, 8213, 8171, 8223, 8176, 8261, 8259, 8286, 8277, 8270, 8229,22.729398488998413
14, 8284, 8209, 8186, 8247, 8221, 8170, 8222, 8176, 8265, 8260, 8303, 8295, 8278, 8233,22.729398488998413
15, 8282, 8218, 8246, 8241, 8219, 8181, 8214, 8185, 8237, 8238, 8294, 8302, 8254, 8227,22.729398488998413
16, 8259, 8202, 8160, 8236, 8220, 8173, 8228, 8175, 8237, 8232, 8282, 8266, 8241, 8211,22.74347710609436
17, 8246, 8200, 8205, 8219, 8220, 8171, 8216, 8184, 8237, 8233, 8264, 8260, 8238, 8194,22.758629322052002
18, 8236, 8205, 8180, 8224, 8225, 8181, 8211, 8178, 8249, 8248, 8262, 8255, 8240, 8179,22.758629322052002
19, 8239, 8200, 8160, 8234, 8221, 8176, 8221, 8175, 8258, 8245, 8266, 8241, 8240, 8191,22.77436637878418
20, 8252, 8210, 8238, 8228, 8217, 8188, 8233, 8194, 8255, 8230, 8260, 8255, 8243, 8213,22.77436637878418
21, 8249, 8200, 8166, 8235, 8229, 8194, 8241, 8180, 8262, 8245, 8258, 8239, 8247, 8205,22.790106296539307
22, 8247, 8190, 8210, 8228, 8230, 8189, 8222, 8179, 8234, 8229, 8241, 8237, 8225, 8196,22.790106296539307
23, 8241, 8198, 8197, 8237, 8229, 8192, 8229, 8179, 8218, 8220, 8230, 8241, 8216, 8197,22.805237770080566
24, 8235, 8198, 8157, 8247, 8227, 8188, 8235, 8173, 8222, 8236, 8217, 8221, 8213, 8189,22.805237770080566
25, 8240, 8201, 8235, 8235, 8226, 8196, 8225, 8180, 8218, 8231, 8197, 8223, 8205, 8189,22.82086491584778
26, 8242, 8193, 8163, 8235, 8239, 8198, 8244, 8173, 8244, 8245, 8223, 8228, 8227, 8201,22.82086491584778
27, 8250, 8200, 8198, 8236, 8241, 8203, 8251, 8182, 8256, 8267, 8252, 8250, 8243, 8218,22.837116241455078
28, 8252, 8216, 8206, 8265, 8242, 8211, 8256, 8178, 8255, 8279, 8246, 8249, 8238, 8219,22.837116241455078
29, 8251, 8203, 8149, 8257, 8240, 8191, 8254, 8167, 8247, 8258, 8226, 8219, 8230, 8208,22.852283239364624
30, 8256, 8193, 8217, 8215, 8227, 8188, 8244, 8184, 8235, 8227, 8227, 8234, 8228, 8212,22.852283239364624
31, 8254, 8194, 8163, 8239, 8237, 8196, 8262, 8178, 8259, 8256, 8250, 8236, 8245, 8224,22.867574214935303
32, 8263, 8210, 8199, 8257, 8249, 8196, 8258, 8182, 8271, 8281, 8250, 8237, 8254, 8241,22.867574214935303
33, 8269, 8218, 8208, 8250, 8249, 8205, 8259, 8184, 8277, 8291, 8253, 8249, 8260, 8243,22.883463859558105
34, 8262, 8196, 8149, 8247, 8246, 8198, 8270, 8172, 8283, 8297, 8263, 8245, 8265, 8234,22.883463859558105
35, 8270, 8203, 8236, 8235, 8239, 8195, 8256, 8186, 8273, 8283, 8269, 8268, 8265, 8243,22.89846110343933
36, 8273, 8208, 8176, 8236, 8237, 8189, 8249, 8174, 8283, 8285, 8280, 8265, 8274, 8241,22.89846110343933
37, 8267, 8202, 8185, 8225, 8232, 8178, 8231, 8170, 8270, 8272, 8268, 8252, 8262, 8228,22.913532972335815
38, 8262, 8210, 8214, 8232, 8244, 8185, 8235, 8178, 8265, 8270, 8268, 8262, 8256, 8228,22.913532972335815
39, 8263, 8201, 8148, 8246, 8251, 8180, 8253, 8174, 8277, 8287, 8286, 8260, 8270, 8231,22.929214477539062
40, 8263, 8197, 8220, 8228, 8227, 8179, 8230, 8188, 8254, 8267, 8276, 8269, 8265, 8232,22.929214477539062
41, 8246, 8187, 8163, 8224, 8214, 8175, 8216, 8176, 8245, 8247, 8254, 8243, 8249, 8218,22.945030212402344
42, 8243, 8177, 8155, 8208, 8216, 8169, 8221, 8173, 8236, 8228, 8237, 8222, 8228, 8201,22.945030212402344
43, 8243, 8191, 8198, 8207, 8224, 8184, 8233, 8182, 8225, 8216, 8235, 8230, 8218, 8195,22.960132360458374
44, 8233, 8188, 8136, 8224, 8224, 8177, 8231, 8165, 8218, 8214, 8228, 8214, 8211, 8188,22.960132360458374
45, 8233, 8185, 8198, 8200, 8214, 8172, 8208, 8173, 8203, 8201, 8222, 8223, 8206, 8184,22.975795030593872
46, 8229, 8187, 8153, 8198, 8225, 8182, 8214, 8174, 8226, 8229, 8246, 8226, 8227, 8184,22.975795030593872
47, 8231, 8189, 8154, 8214, 8231, 8178, 8220, 8177, 8235, 8235, 8248, 8219, 8234, 8188,22.991024255752563
48, 8227, 8192, 8208, 8209, 8222, 8175, 8219, 8183, 8224, 8210, 8223, 8221, 8223, 8184,22.991024255752563
49, 8213, 8176, 8127, 8197, 8220, 8167, 8228, 8169, 8236, 8226, 8229, 8208, 8230, 8175,23.006089687347412
50, 8222, 8190, 8194, 8186, 8218, 8174, 8226, 8180, 8239, 8250, 8258, 8234, 8242, 8194,23.006089687347412
51, 8232, 8205, 8177, 8208, 8226, 8182, 8239, 8173, 8251, 8265, 8273, 8241, 8255, 8209,23.021243572235107
52, 8235, 8193, 8158, 8208, 8234, 8174, 8236, 8168, 8240, 8243, 8246, 8222, 8240, 8200,23.021243572235107
53, 8232, 8201, 8219, 8196, 8231, 8183, 8225, 8180, 8211, 8217, 8226, 8231, 8216, 8182,23.03710961341858
54, 8223, 8198, 8141, 8205, 8230, 8178, 8232, 8161, 8208, 8225, 8235, 8215, 8218, 8174,23.03710961341858
55, 8224, 8188, 8189, 8189, 8225, 8170, 8220, 8164, 8189, 8203, 8224, 8209, 8215, 8178,23.052454471588135
56, 8219, 8196, 8171, 8197, 8230, 8180, 8223, 8173, 8193, 8202, 8230, 8211, 8219, 8171,23.052454471588135
57, 8220, 8209, 8152, 8216, 8237, 8180, 8229, 8173, 8209, 8222, 8251, 8209, 8228, 8172,23.068148851394653
58, 8231, 8221, 8231, 8220, 8236, 8190, 8223, 8182, 8201, 8223, 8249, 8224, 8229, 8184,23.068148851394653
59, 8233, 8208, 8159, 8235, 8237, 8186, 8231, 8175, 8210, 8229, 8249, 8216, 8238, 8178,23.083449363708496
60, 8235, 8206, 8204, 8215, 8227, 8176, 8226, 8184, 8212, 8231, 8246, 8220, 8233, 8179,23.083449363708496
61, 8224, 8208, 8195, 8204, 8229, 8172, 8226, 8177, 8216, 8241, 8245, 8219, 8228, 8182,23.100396394729614
62, 8215, 8197, 8147, 8213, 8229, 8154, 8216, 8168, 8203, 8221, 8235, 8202, 8219, 8164,23.100396394729614
63, 8220, 8201, 8220, 8205, 8213, 8153, 8198, 8178, 8168, 8185, 8214, 8205, 8194, 8150,23.1144380569458
64, 8216, 8200, 8156, 8205, 8216, 8160, 8216, 8167, 8176, 8207, 8222, 8191, 8191, 8153,23.11543869972229
65, 8216, 8207, 8192, 8200, 8220, 8167, 8216, 8179, 8185, 8213, 8227, 8201, 8196, 8161,23.130218505859375
66, 8224, 8221, 8199, 8212, 8223, 8177, 8218, 8181, 8206, 8213, 8233, 8219, 8210, 8171,23.145383834838867
67, 8233, 8219, 8161, 8226, 8232, 8174, 8227, 8167, 8223, 8231, 8247, 8218, 8223, 8183,23.145383834838867
68, 8233, 8228, 8241, 8220, 8233, 8185, 8212, 8180, 8204, 8224, 8244, 8235, 8217, 8192,23.16059374809265
69, 8220, 8217, 8167, 8228, 8231, 8179, 8214, 8175, 8204, 8218, 8237, 8220, 8218, 8184,23.16059374809265
70, 8221, 8205, 8191, 8208, 8220, 8157, 8210, 8176, 8192, 8203, 8225, 8212, 8209, 8182,23.176247358322144
71, 8222, 8211, 8216, 8202, 8216, 8160, 8210, 8179, 8178, 8201, 8225, 8220, 8204, 8185,23.176247358322144
72, 8220, 8207, 8155, 8228, 8224, 8166, 8217, 8173, 8185, 8207, 8224, 8205, 8209, 8176,23.192270278930664
73, 8226, 8213, 8227, 8230, 8229, 8187, 8216, 8186, 8184, 8198, 8212, 8209, 8204, 8177,23.192270278930664
74, 8213, 8208, 8163, 8228, 8239, 8188, 8221, 8177, 8188, 8205, 8208, 8194, 8200, 8173,23.209403038024902
75, 8208, 8202, 8173, 8218, 8233, 8166, 8201, 8175, 8175, 8198, 8201, 8187, 8191, 8168,23.209403038024902
76, 8218, 8214, 8216, 8227, 8231, 8179, 8203, 8184, 8180, 8209, 8214, 8202, 8201, 8172,23.209403038024902
77, 8220, 8211, 8159, 8246, 8245, 8190, 8226, 8173, 8208, 8235, 8225, 8200, 8215, 8175,23.223407983779907
78, 8222, 8216, 8227, 8242, 8254, 8196, 8224, 8188, 8214, 8229, 8220, 8219, 8215, 8190,23.24025535583496
79, 8220, 8224, 8179, 8259, 8258, 8203, 8235, 8192, 8236, 8251, 8242, 8220, 8233, 8201,23.24025535583496
80, 8218, 8214, 8179, 8244, 8242, 8192, 8235, 8190, 8243, 8255, 8244, 8204, 8231, 8197,23.24025535583496
81, 8207, 8196, 8210, 8216, 8229, 8192, 8238, 8185, 8236, 8236, 8219, 8198, 8217, 8189,23.255624055862427
82, 8205, 8180, 8140, 8222, 8232, 8188, 8255, 8172, 8247, 8250, 8227, 8195, 8227, 8195,23.255624055862427
83, 8225, 8201, 8219, 8226, 8223, 8188, 8241, 8191, 8249, 8262, 8247, 8228, 8238, 8214,23.27262234687805
84, 8229, 8209, 8178, 8234, 8220, 8186, 8239, 8187, 8270, 8271, 8252, 8231, 8245, 8214,23.286291122436523
85, 8219, 8187, 8160, 8212, 8221, 8174, 8236, 8178, 8267, 8257, 8233, 8214, 8239, 8206,23.286291122436523
86, 8214, 8192, 8215, 8194, 8218, 8178, 8224, 8184, 8248, 8241, 8229, 8220, 8229, 8203,23.301434993743896
87, 8208, 8194, 8143, 8210, 8215, 8165, 8217, 8172, 8245, 8234, 8244, 8208, 8226, 8189,23.301434993743896
88, 8208, 8195, 8204, 8204, 8204, 8156, 8199, 8180, 8218, 8205, 8239, 8214, 8225, 8180,23.31749391555786
89, 8207, 8195, 8178, 8211, 8205, 8164, 8203, 8176, 8222, 8213, 8236, 8209, 8235, 8180,23.31749391555786
90, 8212, 8183, 8153, 8203, 8204, 8158, 8186, 8174, 8222, 8213, 8228, 8192, 8225, 8178,23.333346843719482
91, 8212, 8191, 8208, 8184, 8197, 8157, 8163, 8183, 8194, 8184, 8221, 8202, 8213, 8170,23.333346843719482
92, 8210, 8206, 8141, 8211, 8209, 8156, 8183, 8169, 8199, 8192, 8238, 8205, 8230, 8167,23.348546504974365
93, 8227, 8224, 8215, 8227, 8216, 8163, 8193, 8179, 8208, 8205, 8252, 8227, 8229, 8183,23.348546504974365
94, 8226, 8216, 8198, 8218, 8211, 8168, 8196, 8175, 8217, 8213, 8259, 8226, 8223, 8182,23.364057540893555
95, 8215, 8196, 8149, 8200, 8206, 8159, 8192, 8168, 8205, 8199, 8248, 8206, 8218, 8167,23.364057540893555
96, 8213, 8217, 8220, 8209, 8218, 8178, 8197, 8183, 8193, 8190, 8238, 8215, 8209, 8176,23.380011320114136
97, 8213, 8222, 8159, 8249, 8244, 8195, 8226, 8175, 8217, 8226, 8250, 8202, 8214, 8186,23.380011320114136
98, 8223, 8222, 8213, 8240, 8245, 8191, 8223, 8185, 8208, 8226, 8246, 8207, 8217, 8189,23.395035982131958
99, 8228, 8233, 8211, 8232, 8244, 8182, 8220, 8185, 8201, 8210, 8248, 8221, 8219, 8189,23.395035982131958
100, 8224, 8226, 8164, 8243, 8246, 8178, 8224, 8172, 8206, 8215, 8253, 8209, 8214, 8187,23.410311698913574
101, 8220, 8227, 8232, 8237, 8238, 8198, 8223, 8182, 8199, 8216, 8238, 8209, 8205, 8185,23.410311698913574
102, 8206, 8221, 8162, 8239, 8232, 8198, 8232, 8173, 8208, 8219, 8232, 8188, 8204, 8171,23.426310300827026
103, 8204, 8213, 8195, 8233, 8234, 8192, 8221, 8176, 8203, 8206, 8225, 8184, 8185, 8162,23.426310300827026
104, 8205, 8213, 8199, 8245, 8248, 8216, 8230, 8177, 8209, 8219, 8224, 8194, 8188, 8168,23.441377878189087
105, 8197, 8202, 8143, 8253, 8244, 8211, 8244, 8169, 8224, 8235, 8220, 8187, 8207, 8176,23.441377878189087
106, 8196, 8203, 8211, 8235, 8222, 8194, 8226, 8182, 8207, 8225, 8210, 8196, 8198, 8180,23.456422328948975
107, 8206, 8197, 8148, 8246, 8223, 8187, 8232, 8173, 8213, 8242, 8228, 8192, 8207, 8187,23.456422328948975
108, 8226, 8197, 8188, 8236, 8226, 8186, 8239, 8176, 8228, 8244, 8245, 8210, 8231, 8211,23.472001791000366
109, 8226, 8208, 8216, 8221, 8225, 8183, 8231, 8182, 8238, 8234, 8250, 8227, 8230, 8210,23.472001791000366
110, 8207, 8188, 8139, 8217, 8222, 8160, 8212, 8171, 8222, 8229, 8239, 8205, 8212, 8174,23.487653732299805
111, 8204, 8191, 8209, 8207, 8217, 8165, 8192, 8177, 8188, 8212, 8229, 8220, 8203, 8163,23.487653732299805
112, 8209, 8210, 8166, 8229, 8232, 8178, 8204, 8166, 8193, 8218, 8245, 8226, 8212, 8175,23.502881288528442
113, 8213, 8215, 8183, 8240, 8233, 8172, 8198, 8171, 8186, 8210, 8241, 8215, 8200, 8177,23.502881288528442
114, 8206, 8218, 8212, 8249, 8227, 8186, 8204, 8181, 8185, 8210, 8229, 8215, 8194, 8176,23.518337726593018
115, 8202, 8209, 8145, 8259, 8236, 8196, 8231, 8172, 8208, 8239, 8230, 8201, 8211, 8183,23.518337726593018
116, 8200, 8198, 8212, 8227, 8228, 8203, 8222, 8181, 8198, 8234, 8213, 8197, 8199, 8184,23.53333306312561
117, 8178, 8172, 8151, 8212, 8217, 8201, 8217, 8170, 8201, 8226, 8198, 8180, 8182, 8164,23.53333306312561
118, 8179, 8166, 8153, 8208, 8214, 8190, 8215, 8169, 8214, 8218, 8201, 8189, 8186, 8168,23.547990560531616
119, 8198, 8186, 8209, 8200, 8218, 8185, 8216, 8181, 8224, 8229, 8217, 8214, 8211, 8187,23.563117027282715
120, 8201, 8177, 8138, 8196, 8220, 8171, 8216, 8171, 8236, 8253, 8227, 8203, 8224, 8185,23.563117027282715
121, 8210, 8187, 8210, 8188, 8213, 8177, 8203, 8179, 8226, 8236, 8227, 8220, 8211, 8187,23.581333875656128
122, 8212, 8205, 8178, 8212, 8218, 8183, 8210, 8174, 8227, 8226, 8228, 8221, 8211, 8185,23.581333875656128
123, 8219, 8203, 8168, 8213, 8212, 8169, 8207, 8175, 8213, 8221, 8220, 8212, 8211, 8177,23.581333875656128
124, 8229, 8209, 8228, 8198, 8205, 8177, 8205, 8183, 8204, 8211, 8224, 8228, 8209, 8181,23.5964138507843
125, 8215, 8204, 8154, 8204, 8210, 8171, 8211, 8163, 8210, 8208, 8223, 8211, 8208, 8168,23.5964138507843
126, 8203, 8206, 8209, 8199, 8209, 8164, 8189, 8170, 8183, 8191, 8202, 8209, 8193, 8155,23.611069440841675
127, 8207, 8215, 8183, 8218, 8216, 8177, 8194, 8173, 8184, 8209, 8224, 8220, 8206, 8165,23.611069440841675
236, 8216, 8217, 8167, 8230, 8221, 8176, 8201, 8173, 8201, 8222, 8242, 8222, 8219, 8179,23.62653923034668
0, 8205, 8220, 8226, 8214, 8215, 8177, 8195, 8184, 8207, 8195, 8211, 8224, 8196, 8173,23.64320397377014
1, 8195, 8206, 8151, 8215, 8214, 8178, 8210, 8170, 8230, 8197, 8205, 8208, 8187, 8166,23.64320397377014
2, 8215, 8208, 8219, 8217, 8214, 8185, 8208, 8181, 8213, 8209, 8214, 8217, 8193, 8184,23.64420461654663
3, 8216, 8215, 8206, 8236, 8227, 8197, 8205, 8178, 8192, 8210, 8205, 8209, 8190, 8182,23.657353401184082
4, 8203, 8207, 8156, 8237, 8229, 8187, 8200, 8162, 8184, 8194, 8184, 8190, 8172, 8160,23.67387294769287
5, 8200, 8213, 8219, 8221, 8222, 8191, 8189, 8173, 8176, 8185, 8176, 8211, 8168, 8161,23.67387294769287
6, 8195, 8205, 8152, 8235, 8231, 8185, 8201, 8169, 8194, 8208, 8189, 8198, 8187, 8158,23.674872398376465
7, 8196, 8202, 8197, 8234, 8230, 8178, 8197, 8176, 8196, 8209, 8188, 8190, 8185, 8159,23.688167810440063
8, 8190, 8208, 8195, 8230, 8225, 8193, 8201, 8174, 8198, 8208, 8183, 8193, 8180, 8158,23.70412564277649
9, 8179, 8194, 8148, 8221, 8221, 8192, 8204, 8170, 8201, 8207, 8171, 8182, 8175, 8144,23.70412564277649
10, 8191, 8193, 8215, 8214, 8212, 8193, 8204, 8182, 8201, 8200, 8164, 8195, 8173, 8148,23.719273567199707
11, 8201, 8182, 8147, 8221, 8209, 8180, 8226, 8170, 8224, 8222, 8190, 8195, 8203, 8167,23.719273567199707
12, 8205, 8182, 8193, 8205, 8205, 8177, 8216, 8176, 8216, 8223, 8205, 8208, 8219, 8181,23.7353572845459
13, 8213, 8212, 8218, 8236, 8216, 8192, 8211, 8177, 8208, 8227, 8218, 8228, 8227, 8185,23.7353572845459
14, 8228, 8226, 8171, 8274, 8224, 8173, 8215, 8169, 8214, 8242, 8233, 8228, 8236, 8188,23.750487089157104
15, 8236, 8231, 8248, 8258, 8218, 8162, 8200, 8179, 8201, 8232, 8236, 8250, 8230, 8192,23.750487089157104
16, 8235, 8227, 8190, 8275, 8222, 8166, 8199, 8161, 8197, 8230, 8244, 8247, 8226, 8182,23.766494035720825
17, 8248, 8232, 8220, 8295, 8222, 8165, 8189, 8170, 8188, 8212, 8242, 8257, 8229, 8187,23.766494035720825
18, 8253, 8245, 8246, 8293, 8221, 8168, 8193, 8186, 8200, 8219, 8255, 8285, 8249, 8203,23.782031536102295
19, 8250, 8243, 8190, 8301, 8225, 8164, 8203, 8171, 8219, 8242, 8271, 8285, 8258, 8203,23.782031536102295
20, 8252, 8257, 8265, 8308, 8225, 8164, 8183, 8177, 8195, 8210, 8263, 8286, 8237, 8189,23.797132968902588
21, 8247, 8259, 8203, 8322, 8235, 8167, 8187, 8173, 8196, 8204, 8267, 8271, 8236, 8180,23.797132968902588
22, 8247, 8243, 8211, 8303, 8235, 8176, 8196, 8179, 8203, 8213, 8259, 8264, 8227, 8182,23.81300950050354
23, 8237, 8238, 8244, 8286, 8226, 8184, 8197, 8184, 8196, 8207, 8246, 8262, 8207, 8173,23.81300950050354
24, 8221, 8230, 8177, 8292, 8229, 8169, 8199, 8167, 8187, 8199, 8253, 8240, 8202, 8166,23.82814598083496
25, 8228, 8235, 8252, 8285, 8227, 8180, 8196, 8179, 8175, 8191, 8249, 8251, 8196, 8175,23.82814598083496
26, 8228, 8230, 8204, 8281, 8226, 8192, 8213, 8178, 8197, 8212, 8244, 8254, 8200, 8174,23.843746662139893
27, 8226, 8225, 8202, 8262, 8228, 8183, 8216, 8174, 8205, 8216, 8238, 8249, 8202, 8176,23.843746662139893
28, 8231, 8237, 8247, 8263, 8240, 8203, 8227, 8183, 8211, 8218, 8233, 8254, 8201, 8185,23.859365463256836
29, 8213, 8215, 8167, 8273, 8240, 8207, 8237, 8174, 8219, 8228, 8220, 8224, 8190, 8172,23.859365463256836
30, 8195, 8198, 8221, 8239, 8223, 8193, 8212, 8177, 8189, 8206, 8186, 8209, 8163, 8163,23.874507188796997
31, 8190, 8195, 8179, 8230, 8224, 8194, 8219, 8167, 8203, 8214, 8172, 8202, 8165, 8169,23.874507188796997
32, 8203, 8192, 8169, 8223, 8223, 8189, 8224, 8166, 8229, 8223, 8173, 8206, 8178, 8176,23.890166997909546
33, 8212, 8198, 8222, 8201, 8216, 8183, 8208, 8183, 8224, 8214, 8181, 8222, 8179, 8178,23.890166997909546
34, 8205, 8184, 8142, 8194, 8211, 8167, 8210, 8171, 8224, 8220, 8192, 8203, 8175, 8168,23.905505657196045
35, 8203, 8184, 8208, 8175, 8199, 8170, 8203, 8169, 8207, 8201, 8175, 8204, 8159, 8160,23.905505657196045
36, 8197, 8190, 8188, 8172, 8209, 8180, 8203, 8163, 8200, 8190, 8159, 8201, 8154, 8153,23.92105722427368
37, 8200, 8183, 8164, 8172, 8220, 8172, 8199, 8169, 8213, 8195, 8166, 8198, 8156, 8152,23.92105722427368
38, 8207, 8190, 8228, 8168, 8216, 8181, 8199, 8188, 8229, 8202, 8188, 8222, 8162, 8163,23.93711495399475
39, 8201, 8194, 8158, 8186, 8219, 8180, 8213, 8173, 8238, 8208, 8192, 8205, 8170, 8157,23.93711495399475
40, 8201, 8198, 8219, 8180, 8221, 8177, 8208, 8179, 8215, 8187, 8177, 8200, 8157, 8153,23.952385425567627
41, 8197, 8199, 8210, 8186, 8226, 8182, 8219, 8178, 8209, 8195, 8180, 8200, 8150, 8154,23.952385425567627
42, 8194, 8188, 8168, 8194, 8224, 8178, 8218, 8172, 8203, 8200, 8168, 8179, 8146, 8152,23.968650817871094
43, 8196, 8193, 8228, 8184, 8214, 8191, 8208, 8183, 8197, 8184, 8154, 8188, 8140, 8152,23.968975067138672
44, 8185, 8186, 8151, 8193, 8221, 8191, 8224, 8169, 8212, 8197, 8160, 8177, 8136, 8144,23.98421859741211
45, 8168, 8172, 8188, 8175, 8216, 8171, 8208, 8173, 8183, 8174, 8138, 8161, 8113, 8135,23.98421859741211
46, 8166, 8183, 8196, 8179, 8209, 8175, 8203, 8178, 8188, 8170, 8140, 8160, 8122, 8132,24.000168800354004
47, 8184, 8190, 8162, 8202, 8217, 8184, 8216, 8177, 8225, 8210, 8162, 8162, 8147, 8145,24.000168800354004
48, 8183, 8187, 8223, 8191, 8216, 8191, 8208, 8190, 8216, 8217, 8152, 8176, 8140, 8164,24.015729427337646
49, 8167, 8180, 8149, 8200, 8225, 8186, 8212, 8176, 8210, 8213, 8148, 8165, 8145, 8161,24.015729427337646
50, 8184, 8188, 8197, 8202, 8229, 8184, 8205, 8179, 8206, 8206, 8147, 8173, 8149, 8161,24.031095266342163
51, 8189, 8185, 8210, 8190, 8216, 8191, 8202, 8174, 8204, 8200, 8147, 8174, 8138, 8167,24.031095266342163
52, 8175, 8159, 8148, 8175, 8202, 8185, 8213, 8162, 8207, 8192, 8149, 8150, 8128, 8162,24.047172784805298
53, 8184, 8172, 8231, 8165, 8204, 8197, 8225, 8186, 8209, 8192, 8143, 8164, 8130, 8163,24.047172784805298
54, 8184, 8172, 8163, 8165, 8215, 8203, 8241, 8179, 8233, 8220, 8151, 8159, 8142, 8165,24.062480688095093
55, 8179, 8156, 8174, 8142, 8208, 8191, 8231, 8176, 8237, 8215, 8147, 8153, 8139, 8170,24.062480688095093
56, 8184, 8164, 8210, 8159, 8209, 8190, 8229, 8183, 8235, 8206, 8134, 8163, 8133, 8173,24.07845449447632
57, 8185, 8173, 8159, 8186, 8218, 8183, 8230, 8170, 8228, 8209, 8130, 8150, 8130, 8159,24.07845449447632
58, 8186, 8181, 8229, 8162, 8210, 8189, 8211, 8177, 8207, 8194, 8129, 8158, 8122, 8157,24.09352159500122
59, 8182, 8170, 8172, 8162, 8202, 8184, 8217, 8176, 8220, 8200, 8129, 8150, 8133, 8164,24.09352159500122
60, 8184, 8160, 8179, 8157, 8187, 8166, 8212, 8179, 8219, 8195, 8122, 8149, 8139, 8164,24.11706781387329
61, 8180, 8166, 8205, 8141, 8182, 8176, 8206, 8181, 8201, 8189, 8130, 8162, 8142, 8158,24.11706781387329
62, 8172, 8150, 8139, 8141, 8196, 8173, 8214, 8170, 8209, 8205, 8133, 8151, 8145, 8155,24.11706781387329
63, 8176, 8153, 8221, 8134, 8197, 8169, 8208, 8182, 8211, 8203, 8124, 8156, 8136, 8158,24.124488830566406
64, 8163, 8152, 8171, 8139, 8192, 8174, 8209, 8172, 8214, 8210, 8135, 8142, 8139, 8143,24.140388250350952
65, 8158, 8143, 8159, 8127, 8181, 8171, 8195, 8169, 8197, 8197, 8128, 8137, 8133, 8138,24.140388250350952
66, 8176, 8165, 8221, 8127, 8186, 8181, 8189, 8179, 8193, 8179, 8122, 8162, 8134, 8157,24.15647006034851
67, 8188, 8175, 8165, 8154, 8202, 8175, 8199, 8168, 8213, 8189, 8144, 8163, 8156, 8159,24.15647006034851
68, 8180, 8169, 8221, 8142, 8191, 8164, 8182, 8175, 8192, 8173, 8142, 8166, 8148, 8152,24.172295093536377
69, 8170, 8163, 8183, 8137, 8185, 8165, 8183, 8171, 8199, 8182, 8140, 8163, 8146, 8156,24.172295093536377
70, 8187, 8176, 8183, 8156, 8198, 8162, 8187, 8172, 8215, 8198, 8153, 8176, 8157, 8165,24.187341690063477
71, 8199, 8205, 8242, 8172, 8206, 8169, 8175, 8180, 8188, 8175, 8155, 8191, 8149, 8151,24.187341690063477
72, 8193, 8199, 8161, 8178, 8203, 8168, 8183, 8163, 8174, 8166, 8150, 8169, 8146, 8140,24.20311999320984
73, 8201, 8196, 8230, 8160, 8196, 8172, 8187, 8177, 8175, 8170, 8160, 8186, 8158, 8162,24.20311999320984
74, 8199, 8200, 8218, 8168, 8199, 8173, 8191, 8174, 8188, 8185, 8181, 8196, 8169, 8165,24.218403339385986
75, 8192, 8194, 8191, 8183, 8194, 8164, 8178, 8167, 8185, 8176, 8184, 8181, 8158, 8150,24.234436988830566
76, 8198, 8204, 8252, 8189, 8196, 8187, 8179, 8183, 8186, 8171, 8187, 8194, 8155, 8160,24.234436988830566
77, 8194, 8195, 8173, 8206, 8215, 8197, 8201, 8172, 8206, 8192, 8191, 8174, 8162, 8163,24.234436988830566
78, 8188, 8188, 8225, 8200, 8216, 8189, 8196, 8179, 8195, 8185, 8171, 8164, 8151, 8163,24.250486135482788
79, 8189, 8192, 8219, 8205, 8216, 8201, 8209, 8181, 8204, 8201, 8180, 8179, 8162, 8175,24.250486135482788
80, 8192, 8184, 8176, 8203, 8205, 8206, 8221, 8173, 8207, 8215, 8195, 8184, 8173, 8185,24.26655602455139
81, 8190, 8181, 8233, 8181, 8186, 8199, 8204, 8178, 8186, 8197, 8178, 8189, 8160, 8181,24.26655602455139
82, 8183, 8170, 8155, 8185, 8188, 8182, 8198, 8160, 8190, 8202, 8166, 8169, 8160, 8170,24.28221583366394
83, 8188, 8171, 8201, 8172, 8188, 8186, 8186, 8170, 8185, 8196, 8157, 8175, 8158, 8177,24.28221583366394
84, 8186, 8180, 8211, 8172, 8191, 8201, 8191, 8181, 8194, 8196, 8168, 8190, 8162, 8184,24.299299240112305
85, 8188, 8176, 8167, 8180, 8194, 8181, 8193, 8168, 8203, 8200, 8184, 8186, 8176, 8185,24.299299240112305
86, 8202, 8180, 8235, 8166, 8187, 8172, 8179, 8167, 8189, 8191, 8177, 8199, 8175, 8189,24.313786029815674
87, 8205, 8173, 8170, 8164, 8185, 8167, 8186, 8164, 8206, 8204, 8181, 8194, 8178, 8184,24.313786029815674
88, 8212, 8178, 8215, 8150, 8178, 8156, 8176, 8182, 8216, 8210, 8197, 8208, 8183, 8189,24.329766511917114
89, 8208, 8187, 8232, 8156, 8171, 8156, 8163, 8181, 8209, 8198, 8203, 8221, 8187, 8185,24.329766511917114
90, 8193, 8178, 8170, 8174, 8174, 8149, 8162, 8163, 8195, 8177, 8194, 8202, 8173, 8162,24.345350742340088
91, 8200, 8194, 8250, 8174, 8184, 8165, 8162, 8179, 8188, 8172, 8202, 8213, 8159, 8160,24.345350742340088
92, 8198, 8194, 8190, 8181, 8187, 8171, 8171, 8173, 8201, 8201, 8215, 8200, 8165, 8156,24.361034631729126
93, 8177, 8177, 8197, 8171, 8174, 8160, 8158, 8170, 8172, 8183, 8181, 8177, 8143, 8142,24.361034631729126
94, 8166, 8182, 8223, 8183, 8182, 8181, 8172, 8178, 8162, 8172, 8169, 8175, 8130, 8147,24.376228094100952
95, 8170, 8176, 8164, 8202, 8198, 8192, 8200, 8172, 8196, 8201, 8185, 8169, 8150, 8160,24.376228094100952
96, 8177, 8168, 8233, 8183, 8188, 8192, 8195, 8180, 8201, 8205, 8171, 8182, 8153, 8171,24.39140748977661
97, 8175, 8162, 8178, 8184, 8187, 8189, 8203, 8169, 8209, 8212, 8171, 8175, 8158, 8169,24.39140748977661
98, 8177, 8160, 8181, 8170, 8184, 8174, 8193, 8169, 8202, 8200, 8171, 8172, 8157, 8163,24.408471822738647
99, 8180, 8169, 8215, 8157, 8176, 8169, 8173, 8174, 8192, 8191, 8171, 8194, 8154, 8160,24.408471822738647
100, 8184, 8164, 8152, 8173, 8175, 8162, 8168, 8162, 8206, 8205, 8190, 8197, 8161, 8162,24.42354440689087
101, 8192, 8162, 8232, 8156, 8158, 8166, 8152, 8173, 8196, 8188, 8191, 8202, 8158, 8160,24.42454433441162
102, 8184, 8157, 8188, 8149, 8159, 8163, 8153, 8166, 8190, 8187, 8188, 8194, 8164, 8149,24.438148260116577
103, 8194, 8162, 8186, 8157, 8180, 8154, 8156, 8165, 8176, 8178, 8200, 8208, 8170, 8166,24.45426082611084
104, 8213, 8186, 8241, 8168, 8177, 8161, 8156, 8173, 8151, 8150, 8206, 8234, 8168, 8184,24.45426082611084
105, 8210, 8177, 8169, 8185, 8162, 8150, 8153, 8157, 8148, 8152, 8199, 8210, 8165, 8161,24.45426082611084
106, 8206, 8182, 8236, 8178, 8163, 8150, 8141, 8172, 8152, 8162, 8199, 8211, 8162, 8153,24.47001838684082
107, 8190, 8189, 8202, 8186, 8184, 8164, 8161, 8177, 8176, 8174, 8217, 8210, 8162, 8156,24.47001838684082
108, 8186, 8175, 8183, 8193, 8180, 8163, 8166, 8172, 8174, 8165, 8211, 8194, 8155, 8152,24.484257459640503
109, 8195, 8181, 8242, 8203, 8168, 8178, 8158, 8170, 8163, 8161, 8193, 8198, 8150, 8160,24.50073003768921
110, 8180, 8173, 8160, 8209, 8169, 8179, 8170, 8153, 8172, 8171, 8182, 8171, 8150, 8153,24.50073003768921
111, 8163, 8161, 8202, 8182, 8162, 8174, 8161, 8168, 8149, 8146, 8164, 8165, 8131, 8133,24.50073003768921
112, 8163, 8159, 8182, 8192, 8168, 8181, 8163, 8168, 8141, 8150, 8172, 8173, 8143, 8137,24.51529097557068
113, 8179, 8157, 8170, 8210, 8180, 8182, 8168, 8163, 8152, 8175, 8185, 8179, 8168, 8168,24.53047776222229
114, 8187, 8173, 8235, 8215, 8191, 8197, 8171, 8178, 8166, 8183, 8184, 8206, 8167, 8181,24.53047776222229
115, 8193, 8180, 8165, 8238, 8200, 8195, 8195, 8173, 8201, 8208, 8200, 8209, 8183, 8180,24.546015739440918
116, 8210, 8174, 8225, 8216, 8187, 8180, 8187, 8180, 8200, 8212, 8209, 8218, 8196, 8197,24.546015739440918
117, 8194, 8160, 8210, 8193, 8170, 8177, 8171, 8175, 8185, 8202, 8200, 8208, 8186, 8186,24.561448335647583
118, 8178, 8154, 8160, 8193, 8160, 8169, 8166, 8166, 8179, 8188, 8186, 8183, 8168, 8159,24.561448335647583
119, 8184, 8167, 8232, 8185, 8152, 8171, 8168, 8174, 8169, 8170, 8186, 8195, 8158, 8159,24.57741689682007
120, 8183, 8158, 8167, 8185, 8156, 8170, 8174, 8158, 8181, 8179, 8200, 8192, 8173, 8168,24.57741689682007
121, 8188, 8160, 8206, 8172, 8154, 8166, 8148, 8168, 8177, 8175, 8196, 8200, 8184, 8174,24.593384981155396
122, 8193, 8182, 8211, 8185, 8158, 8159, 8135, 8173, 8173, 8174, 8199, 8213, 8191, 8171,24.593384981155396
123, 8204, 8189, 8179, 8214, 8168, 8149, 8142, 8164, 8170, 8173, 8214, 8211, 8186, 8169,24.608468055725098
124, 8216, 8207, 8266, 8215, 8176, 8177, 8149, 8182, 8147, 8164, 8219, 8228, 8180, 8177,24.608468055725098
125, 8205, 8201, 8191, 8223, 8190, 8188, 8170, 8174, 8143, 8181, 8222, 8216, 8186, 8176,24.624483108520508
126, 8200, 8189, 8209, 8225, 8190, 8179, 8164, 8173, 8129, 8180, 8220, 8213, 8182, 8180,24.624483108520508
127, 8197, 8193, 8224, 8233, 8186, 8192, 8166, 8178, 8129, 8185, 8212, 8213, 8186, 8190,24.640090703964233
236, 8190, 8175, 8161, 8222, 8185, 8188, 8176, 8174, 8143, 8195, 8202, 8198, 8195, 8186,24.640090703964233
0, 8203, 8172, 8240, 8191, 8180, 8187, 8177, 8185, 8152, 8196, 8216, 8228, 8203, 8197,24.655869007110596
1, 8212, 8180, 8192, 8206, 8184, 8186, 8193, 8172, 8178, 8222, 8245, 8235, 8223, 8207,24.655869007110596
2, 8206, 8181, 8207, 8197, 8179, 8171, 8172, 8171, 8166, 8207, 8219, 8219, 8210, 8189,24.671531438827515
3, 8202, 8181, 8230, 8175, 8168, 8167, 8152, 8181, 8150, 8186, 8213, 8224, 8202, 8173,24.671531438827515
4, 8206, 8178, 8174, 8184, 8162, 8156, 8165, 8173, 8153, 8197, 8250, 8228, 8215, 8184,24.687649726867676
5, 8207, 8196, 8250, 8196, 8171, 8165, 8166, 8182, 8142, 8193, 8242, 8236, 8203, 8192,24.687649726867676
6, 8184, 8196, 8186, 8215, 8194, 8190, 8182, 8176, 8154, 8208, 8215, 8206, 8188, 8170,24.70321011543274
7, 8174, 8173, 8186, 8201, 8189, 8193, 8193, 8181, 8160, 8220, 8204, 8194, 8185, 8166,24.70321011543274
8, 8187, 8171, 8231, 8196, 8179, 8198, 8197, 8191, 8178, 8224, 8212, 8220, 8200, 8189,24.71850037574768
9, 8205, 8179, 8170, 8209, 8190, 8189, 8201, 8180, 8215, 8236, 8232, 8223, 8222, 8193,24.71850037574768
10, 8213, 8192, 8239, 8184, 8186, 8180, 8184, 8188, 8198, 8218, 8239, 8239, 8212, 8183,24.73346781730652
11, 8205, 8191, 8197, 8184, 8186, 8177, 8187, 8176, 8183, 8210, 8244, 8235, 8203, 8168,24.73346781730652
12, 8209, 8198, 8202, 8208, 8195, 8172, 8184, 8171, 8176, 8204, 8242, 8228, 8202, 8170,24.749030351638794
13, 8216, 8219, 8259, 8228, 8203, 8188, 8188, 8185, 8171, 8215, 8237, 8243, 8206, 8187,24.749030351638794
14, 8204, 8193, 8173, 8231, 8208, 8202, 8210, 8178, 8180, 8236, 8234, 8222, 8213, 8194,24.764631509780884
15, 8186, 8171, 8219, 8198, 8191, 8208, 8205, 8184, 8163, 8215, 8216, 8206, 8205, 8186,24.764631509780884
16, 8176, 8171, 8184, 8188, 8184, 8197, 8203, 8173, 8171, 8226, 8213, 8192, 8203, 8176,24.780633687973022
17, 8184, 8162, 8170, 8182, 8187, 8184, 8198, 8169, 8188, 8248, 8206, 8187, 8196, 8183,24.780633687973022
18, 8178, 8166, 8229, 8168, 8179, 8193, 8190, 8181, 8184, 8231, 8190, 8197, 8184, 8186,24.797281980514526
19, 8160, 8160, 8147, 8167, 8166, 8174, 8190, 8166, 8185, 8221, 8193, 8177, 8189, 8166,24.797281980514526
20, 8166, 8154, 8198, 8134, 8158, 8163, 8171, 8177, 8167, 8203, 8188, 8183, 8182, 8155,24.813081741333008
21, 8166, 8156, 8179, 8124, 8168, 8169, 8175, 8179, 8161, 8193, 8188, 8188, 8167, 8149,24.813081741333008
22, 8158, 8160, 8153, 8139, 8165, 8153, 8173, 8169, 8152, 8187, 8183, 8172, 8152, 8134,24.828300952911377
23, 8163, 8183, 8230, 8151, 8167, 8157, 8159, 8174, 8127, 8183, 8180, 8186, 8152, 8130,24.828300952911377
24, 8163, 8182, 8168, 8170, 8195, 8169, 8176, 8165, 8132, 8199, 8196, 8189, 8165, 8138,24.843310356140137
25, 8166, 8179, 8213, 8162, 8196, 8175, 8179, 8178, 8139, 8192, 8194, 8190, 8154, 8150,24.843310356140137
26, 8174, 8200, 8211, 8182, 8193, 8189, 8187, 8181, 8159, 8198, 8198, 8189, 8157, 8154,24.859070301055908
27, 8178, 8206, 8184, 8208, 8213, 8194, 8206, 8174, 8170, 8209, 8203, 8186, 8171, 8156,24.859070301055908
28, 8177, 8197, 8249, 8195, 8217, 8200, 8215, 8183, 8163, 8207, 8193, 8198, 8170, 8166,24.87463903427124
29, 8164, 8170, 8161, 8183, 8199, 8187, 8214, 8171, 8168, 8223, 8189, 8170, 8168, 8162,24.87463903427124
30, 8152, 8162, 8194, 8165, 8182, 8179, 8185, 8173, 8138, 8195, 8166, 8158, 8142, 8143,24.889752864837646
31, 8150, 8172, 8207, 8172, 8192, 8190, 8192, 8171, 8135, 8184, 8166, 8178, 8138, 8144,24.889752864837646
32, 8177, 8176, 8168, 8181, 8204, 8179, 8213, 8172, 8172, 8223, 8200, 8199, 8174, 8174,24.905558109283447
33, 8195, 8190, 8244, 8172, 8194, 8179, 8199, 8187, 8179, 8234, 8211, 8220, 8187, 8188,24.905558109283447
34, 8176, 8178, 8171, 8173, 8191, 8181, 8196, 8169, 8182, 8228, 8199, 8194, 8183, 8168,24.921014070510864
35, 8170, 8167, 8194, 8153, 8188, 8177, 8192, 8173, 8181, 8216, 8194, 8197, 8184, 8169,24.921014070510864
36, 8171, 8178, 8207, 8148, 8185, 8177, 8190, 8182, 8184, 8216, 8213, 8217, 8193, 8174,24.9376060962677
37, 8168, 8174, 8152, 8158, 8180, 8160, 8176, 8166, 8174, 8204, 8206, 8198, 8180, 8160,24.9376060962677
38, 8176, 8190, 8239, 8152, 8181, 8161, 8155, 8177, 8160, 8187, 8190, 8211, 8164, 8158,24.953611135482788
39, 8167, 8191, 8176, 8158, 8197, 8167, 8166, 8177, 8178, 8211, 8210, 8209, 8182, 8143,24.953611135482788
40, 8157, 8176, 8178, 8143, 8191, 8167, 8159, 8173, 8164, 8199, 8209, 8189, 8172, 8120,24.969645023345947
41, 8155, 8185, 8213, 8146, 8189, 8179, 8154, 8171, 8150, 8173, 8191, 8186, 8147, 8123,24.969645023345947
42, 8156, 8191, 8160, 8179, 8197, 8179, 8165, 8166, 8164, 8184, 8195, 8184, 8145, 8131,24.985259532928467
43, 8165, 8206, 8239, 8183, 8188, 8188, 8161, 8179, 8160, 8189, 8209, 8204, 8155, 8140,24.985259532928467
44, 8164, 8211, 8193, 8199, 8196, 8195, 8171, 8165, 8168, 8188, 8208, 8189, 8164, 8138,25.00101613998413
45, 8165, 8201, 8199, 8211, 8207, 8190, 8170, 8167, 8165, 8180, 8187, 8173, 8156, 8135,25.00101613998413
46, 8166, 8197, 8235, 8207, 8204, 8206, 8180, 8185, 8169, 8197, 8187, 8184, 8155, 8145,25.01604723930359
47, 8154, 8179, 8154, 8204, 8205, 8205, 8191, 8173, 8179, 8206, 8181, 8155, 8143, 8139,25.01604723930359
48, 8152, 8183, 8217, 8192, 8204, 8198, 8170, 8176, 8147, 8164, 8134, 8143, 8118, 8129,25.032001495361328
49, 8157, 8195, 8180, 8212, 8208, 8199, 8179, 8169, 8142, 8163, 8121, 8150, 8134, 8132,25.032001495361328
50, 8163, 8185, 8179, 8218, 8209, 8199, 8186, 8168, 8147, 8186, 8141, 8155, 8141, 8137,25.04765295982361
51, 8151, 8175, 8220, 8194, 8206, 8212, 8180, 8171, 8132, 8174, 8132, 8148, 8106, 8125,25.04765295982361
52, 8144, 8166, 8137, 8183, 8205, 8209, 8187, 8156, 8139, 8165, 8128, 8128, 8102, 8119,25.063471794128418
53, 8171, 8182, 8215, 8186, 8204, 8211, 8195, 8176, 8151, 8172, 8157, 8160, 8136, 8145,25.063471794128418
54, 8171, 8185, 8192, 8202, 8210, 8213, 8209, 8180, 8174, 8200, 8178, 8169, 8151, 8152,25.07957410812378
55, 8149, 8165, 8156, 8177, 8201, 8188, 8190, 8169, 8164, 8192, 8147, 8143, 8125, 8136,25.07957410812378
56, 8152, 8165, 8211, 8157, 8189, 8188, 8180, 8176, 8149, 8177, 8128, 8144, 8110, 8136,25.09522843360901
57, 8164, 8159, 8150, 8176, 8195, 8193, 8207, 8173, 8186, 8201, 8158, 8140, 8131, 8138,25.09522843360901
58, 8167, 8166, 8207, 8157, 8191, 8183, 8198, 8184, 8187, 8184, 8160, 8159, 8133, 8144,25.110421180725098
59, 8166, 8180, 8188, 8160, 8194, 8180, 8188, 8175, 8179, 8193, 8160, 8176, 8140, 8152,25.110421180725098
60, 8176, 8174, 8173, 8182, 8196, 8177, 8188, 8165, 8182, 8206, 8181, 8176, 8152, 8154,25.125911712646484
61, 8170, 8174, 8241, 8162, 8190, 8182, 8179, 8179, 8172, 8167, 8186, 8179, 8146, 8145,25.125911712646484
62, 8152, 8171, 8158, 8152, 8199, 8171, 8182, 8164, 8176, 8172, 8183, 8160, 8138, 8128,25.141263484954834
63, 8162, 8175, 8210, 8149, 8192, 8163, 8171, 8167, 8165, 8191, 8188, 8169, 8130, 8126,25.141263484954834
64, 8160, 8178, 8208, 8154, 8179, 8171, 8168, 8173, 8151, 8179, 8203, 8173, 8135, 8123,25.156408548355103
65, 8156, 8180, 8165, 8157, 8183, 8173, 8171, 8170, 8146, 8163, 8205, 8165, 8145, 8128,25.17256760597229
66, 8174, 8202, 8248, 8163, 8196, 8190, 8172, 8185, 8153, 8181, 8207, 8192, 8153, 8146,25.17256760597229
67, 8173, 8194, 8184, 8185, 8209, 8196, 8191, 8174, 8171, 8202, 8208, 8177, 8155, 8142,25.17256760597229
68, 8169, 8190, 8216, 8187, 8208, 8197, 8194, 8180, 8165, 8177, 8191, 8168, 8143, 8144,25.187318563461304
69, 8169, 8199, 8225, 8196, 8209, 8217, 8207, 8187, 8183, 8201, 8207, 8189, 8156, 8158,25.187318563461304
70, 8157, 8168, 8163, 8177, 8206, 8215, 8220, 8180, 8201, 8233, 8212, 8176, 8159, 8157,25.20441484451294
71, 8149, 8162, 8225, 8151, 8197, 8214, 8211, 8188, 8184, 8210, 8184, 8170, 8138, 8153,25.20441484451294
72, 8160, 8185, 8177, 8189, 8208, 8210, 8222, 8174, 8194, 8216, 8197, 8168, 8159, 8156,25.219377517700195
73, 8172, 8187, 8213, 8186, 8207, 8204, 8223, 8181, 8203, 8229, 8210, 8180, 8174, 8166,25.23479151725769
74, 8168, 8179, 8223, 8166, 8198, 8208, 8220, 8189, 8206, 8228, 8198, 8181, 8165, 8165,25.23479151725769
75, 8171, 8176, 8162, 8182, 8199, 8197, 8214, 8178, 8216, 8234, 8204, 8170, 8168, 8162,25.23479151725769
76, 8185, 8185, 8242, 8170, 8193, 8194, 8208, 8189, 8211, 8234, 8220, 8206, 8183, 8175,25.24941849708557
77, 8187, 8176, 8184, 8164, 8192, 8192, 8234, 8182, 8222, 8243, 8237, 8215, 8203, 8180,25.264480113983154
78, 8200, 8181, 8209, 8170, 8195, 8192, 8238, 8182, 8220, 8230, 8235, 8218, 8205, 8184,25.264480113983154
79, 8210, 8199, 8243, 8178, 8204, 8199, 8223, 8181, 8212, 8222, 8235, 8231, 8199, 8180,25.280109405517578
80, 8207, 8190, 8163, 8178, 8206, 8176, 8213, 8170, 8207, 8232, 8248, 8216, 8194, 8162,25.280109405517578
81, 8212, 8199, 8241, 8174, 8200, 8166, 8199, 8187, 8182, 8207, 8248, 8222, 8185, 8162,25.295249700546265
82, 8208, 8206, 8205, 8198, 8205, 8173, 8207, 8177, 8194, 8209, 8251, 8224, 8193, 8169,25.295249700546265
83, 8202, 8194, 8203, 8188, 8207, 8171, 8208, 8175, 8206, 8226, 8244, 8220, 8195, 8168,25.310048580169678
84, 8202, 8203, 8245, 8189, 8214, 8184, 8216, 8188, 8202, 8226, 8232, 8217, 8187, 8164,25.310048580169678
85, 8206, 8208, 8178, 8229, 8218, 8185, 8223, 8175, 8204, 8222, 8227, 8202, 8184, 8163,25.325679779052734
86, 8205, 8207, 8237, 8214, 8206, 8189, 8191, 8176, 8177, 8209, 8212, 8214, 8173, 8157,25.325679779052734
87, 8184, 8190, 8191, 8192, 8216, 8198, 8190, 8172, 8167, 8217, 8211, 8200, 8173, 8144,25.340622186660767
88, 8174, 8178, 8181, 8194, 8215, 8187, 8201, 8171, 8160, 8202, 8202, 8180, 8173, 8145,25.340622186660767
89, 8174, 8181, 8234, 8193, 8194, 8193, 8199, 8175, 8154, 8187, 8186, 8191, 8174, 8147,25.356215238571167
90, 8174, 8165, 8161, 8186, 8198, 8202, 8213, 8166, 8168, 8210, 8194, 8182, 8187, 8151,25.356215238571167
91, 8186, 8172, 8227, 8176, 8200, 8199, 8216, 8182, 8169, 8216, 8202, 8193, 8198, 8178,25.3720121383667
92, 8184, 8186, 8201, 8197, 8198, 8196, 8220, 8174, 8189, 8233, 8205, 8195, 8212, 8184,25.3720121383667
93, 8167, 8165, 8168, 8175, 8194, 8190, 8209, 8166, 8189, 8226, 8177, 8168, 8195, 8161,25.387644290924072
94, 8161, 8157, 8219, 8135, 8185, 8194, 8205, 8179, 8183, 8200, 8161, 8169, 8179, 8158,25.387644290924072
95, 8177, 8166, 8158, 8164, 8186, 8179, 8215, 8172, 8212, 8219, 8193, 8182, 8209, 8172,25.40274691581726
96, 8201, 8179, 8232, 8174, 8187, 8171, 8194, 8183, 8208, 8228, 8209, 8213, 8227, 8187,25.40274691581726
97, 8194, 8180, 8212, 8171, 8191, 8182, 8194, 8175, 8203, 8226, 8206, 8216, 8218, 8192,25.418408393859863
98, 8190, 8179, 8175, 8178, 8188, 8171, 8199, 8163, 8200, 8215, 8207, 8207, 8209, 8188,25.418408393859863
99, 8208, 8196, 8259, 8187, 8184, 8169, 8185, 8178, 8193, 8200, 8217, 8230, 8215, 8190,25.433746576309204
100, 8209, 8185, 8188, 8192, 8191, 8170, 8187, 8173, 8201, 8212, 8218, 8216, 8216, 8186,25.433746576309204
101, 8206, 8182, 8225, 8171, 8188, 8173, 8175, 8177, 8179, 8203, 8201, 8210, 8193, 8177,25.44917345046997
102, 8197, 8196, 8220, 8178, 8185, 8182, 8173, 8174, 8169, 8196, 8205, 8212, 8187, 8165,25.44917345046997
103, 8192, 8187, 8171, 8181, 8187, 8173, 8177, 8172, 8176, 8191, 8208, 8192, 8183, 8157,25.464335918426514
104, 8202, 8193, 8248, 8168, 8194, 8176, 8168, 8185, 8167, 8176, 8203, 8204, 8172, 8160,25.464335918426514
105, 8199, 8195, 8190, 8186, 8200, 8173, 8170, 8167, 8162, 8183, 8207, 8197, 8177, 8153,25.480424880981445
106, 8194, 8191, 8221, 8180, 8187, 8174, 8160, 8167, 8145, 8173, 8193, 8193, 8162, 8149,25.480424880981445
107, 8192, 8194, 8221, 8184, 8191, 8192, 8167, 8175, 8158, 8178, 8196, 8199, 8160, 8152,25.49644422531128
108, 8185, 8186, 8171, 8196, 8203, 8188, 8177, 8169, 8180, 8186, 8202, 8184, 8173, 8153,25.49644422531128
109, 8173, 8189, 8240, 8179, 8198, 8195, 8178, 8182, 8167, 8169, 8170, 8185, 8158, 8151,25.512221813201904
110, 8159, 8181, 8169, 8183, 8198, 8204, 8198, 8174, 8177, 8184, 8156, 8165, 8154, 8143,25.512221813201904
111, 8156, 8167, 8200, 8183, 8189, 8196, 8187, 8173, 8173, 8184, 8142, 8153, 8149, 8140,25.52731466293335
112, 8151, 8163, 8219, 8184, 8181, 8198, 8180, 8175, 8159, 8168, 8119, 8152, 8131, 8138,25.52731466293335
113, 8149, 8151, 8143, 8175, 8184, 8197, 8193, 8162, 8167, 8168, 8121, 8146, 8129, 8135,25.543116569519043
114, 8161, 8159, 8217, 8159, 8177, 8206, 8194, 8175, 8172, 8168, 8131, 8169, 8133, 8151,25.543116569519043
115, 8165, 8164, 8170, 8183, 8176, 8208, 8208, 8172, 8194, 8194, 8144, 8170, 8147, 8168,25.557276725769043
116, 8175, 8163, 8183, 8186, 8176, 8199, 8205, 8176, 8205, 8209, 8141, 8175, 8148, 8171,25.557276725769043
117, 8167, 8157, 8206, 8168, 8178, 8198, 8193, 8177, 8196, 8187, 8130, 8171, 8134, 8152,25.573993682861328
118, 8151, 8137, 8134, 8158, 8177, 8180, 8188, 8164, 8182, 8168, 8128, 8143, 8129, 8139,25.573993682861328
119, 8173, 8158, 8215, 8147, 8173, 8184, 8179, 8182, 8185, 8186, 8142, 8178, 8148, 8163,25.590131998062134
120, 8190, 8175, 8169, 8157, 8179, 8184, 8190, 8176, 8218, 8222, 8160, 8196, 8171, 8172,25.590131998062134
121, 8184, 8165, 8175, 8157, 8173, 8158, 8174, 8170, 8195, 8183, 8150, 8179, 8162, 8150,25.605167627334595
122, 8179, 8178, 8236, 8166, 8173, 8167, 8161, 8176, 8168, 8153, 8156, 8189, 8170, 8143,25.605167627334595
123, 8177, 8178, 8163, 8176, 8180, 8180, 8182, 8168, 8187, 8185, 8167, 8186, 8193, 8148,25.6214816570282
124, 8164, 8166, 8211, 8142, 8169, 8178, 8174, 8176, 8169, 8171, 8142, 8177, 8172, 8140,25.6214816570282
125, 8142, 8161, 8165, 8145, 8174, 8169, 8160, 8161, 8147, 8152, 8138, 8159, 8155, 8116,25.6360445022583
126, 8156, 8172, 8169, 8171, 8188, 8161, 8161, 8161, 8144, 8159, 8152, 8164, 8159, 8118,25.6360445022583
127, 8177, 8186, 8237, 8172, 8188, 8176, 8177, 8181, 8153, 8162, 8151, 8181, 8164, 8135,25.65034508705139
236, 8170, 8178, 8163, 8184, 8192, 8181, 8184, 8174, 8174, 8167, 8156, 8163, 8175, 8136,25.66585659980774
0, 8180, 8201, 8228, 8203, 8205, 8189, 8170, 8185, 8170, 8173, 8172, 8182, 8184, 8151,25.66585659980774
1, 8191, 8212, 8209, 8218, 8209, 8200, 8184, 8183, 8180, 8197, 8184, 8189, 8194, 8158,25.681337356567383
2, 8178, 8182, 8174, 8200, 8195, 8189, 8182, 8173, 8173, 8182, 8155, 8157, 8176, 8143,25.681337356567383
3, 8172, 8175, 8218, 8191, 8192, 8191, 8169, 8180, 8154, 8152, 8134, 8155, 8158, 8139,25.69734811782837
4, 8180, 8178, 8157, 8209, 8203, 8191, 8185, 8167, 8169, 8171, 8159, 8155, 8177, 8143,25.69734811782837
5, 8190, 8180, 8232, 8193, 8191, 8190, 8182, 8171, 8162, 8177, 8159, 8165, 8181, 8153,25.713403940200806
6, 8179, 8171, 8204, 8191, 8185, 8199, 8195, 8172, 8163, 8189, 8144, 8163, 8171, 8162,25.713403940200806
7, 8178, 8158, 8157, 8187, 8191, 8190, 8207, 8170, 8181, 8190, 8141, 8159, 8174, 8162,25.729328393936157
8, 8191, 8177, 8237, 8172, 8187, 8181, 8192, 8177, 8191, 8173, 8155, 8185, 8186, 8164,25.729328393936157
9, 8189, 8181, 8162, 8188, 8186, 8164, 8181, 8166, 8200, 8184, 8170, 8175, 8191, 8159,25.7443265914917
10, 8185, 8177, 8196, 8176, 8184, 8158, 8157, 8181, 8177, 8172, 8162, 8168, 8173, 8153,25.7443265914917
11, 8184, 8183, 8203, 8173, 8189, 8170, 8155, 8181, 8179, 8166, 8173, 8182, 8180, 8154,25.760441780090332
12, 8192, 8186, 8164, 8190, 8190, 8161, 8159, 8167, 8180, 8173, 8191, 8180, 8193, 8154,25.760441780090332
13, 8188, 8194, 8229, 8183, 8183, 8166, 8147, 8175, 8145, 8153, 8179, 8176, 8162, 8141,25.775803089141846
14, 8167, 8185, 8159, 8192, 8192, 8180, 8157, 8164, 8138, 8150, 8163, 8151, 8151, 8128,25.775803089141846
15, 8170, 8187, 8203, 8196, 8192, 8186, 8165, 8173, 8128, 8147, 8147, 8153, 8217, 8141,25.791281700134277
16, 8168, 8195, 8218, 8206, 8189, 8187, 8172, 8179, 8121, 8153, 8153, 8161, 8274, 8143,25.791281700134277
17, 8153, 8173, 8157, 8214, 8189, 8178, 8169, 8168, 8129, 8163, 8162, 8149, 8223, 8133,25.807348489761353
18, 8163, 8179, 8225, 8203, 8189, 8197, 8162, 8178, 8132, 8167, 8163, 8173, 8179, 8152,25.807348489761353
19, 8180, 8188, 8164, 8209, 8201, 8204, 8180, 8169, 8151, 8187, 8169, 8175, 8215, 8165,25.822537660598755
20, 8182, 8178, 8186, 8188, 8191, 8183, 8167, 8176, 8148, 8171, 8154, 8167, 8197, 8154,25.822537660598755
21, 8174, 8179, 8205, 8179, 8172, 8178, 8153, 8181, 8143, 8162, 8147, 8168, 8159, 8152,25.838223934173584
22, 8184, 8181, 8154, 8192, 8177, 8170, 8161, 8162, 8155, 8181, 8169, 8171, 8186, 8162,25.838223934173584
23, 8197, 8185, 8233, 8176, 8181, 8170, 8148, 8171, 8146, 8168, 8176, 8201, 8187, 8159,25.853302240371704
24, 8176, 8175, 8168, 8173, 8178, 8168, 8137, 8163, 8137, 8153, 8176, 8181, 8164, 8132,25.853302240371704
25, 8160, 8172, 8175, 8171, 8168, 8158, 8116, 8163, 8110, 8135, 8171, 8160, 8179, 8118,25.868704795837402
26, 8162, 8187, 8217, 8173, 8178, 8170, 8124, 8173, 8108, 8137, 8167, 8175, 8193, 8118,25.868704795837402
27, 8155, 8177, 8155, 8175, 8190, 8174, 8148, 8165, 8133, 8154, 8160, 8161, 8168, 8115,25.884336709976196
28, 8149, 8177, 8222, 8168, 8180, 8181, 8138, 8173, 8128, 8143, 8146, 8159, 8136, 8122,25.884336709976196
29, 8148, 8185, 8170, 8198, 8185, 8191, 8155, 8164, 8146, 8162, 8151, 8155, 8148, 8128,25.89947485923767
30, 8161, 8183, 8176, 8204, 8187, 8197, 8176, 8166, 8170, 8180, 8145, 8154, 8155, 8138,25.89947485923767
31, 8165, 8178, 8222, 8181, 8181, 8203, 8177, 8177, 8174, 8173, 8134, 8163, 8149, 8142,25.915268421173096
32, 8158, 8167, 8144, 8176, 8183, 8188, 8172, 8163, 8174, 8165, 8142, 8152, 8162, 8142,25.915268421173096
33, 8167, 8176, 8216, 8173, 8183, 8192, 8161, 8172, 8161, 8158, 8142, 8166, 8161, 8151,25.93027973175049
34, 8161, 8174, 8181, 8188, 8187, 8202, 8171, 8172, 8174, 8187, 8145, 8160, 8159, 8146,25.93027973175049
35, 8160, 8164, 8165, 8175, 8181, 8185, 8170, 8170, 8178, 8192, 8150, 8153, 8164, 8149,25.94607186317444
36, 8176, 8178, 8220, 8154, 8170, 8182, 8160, 8173, 8172, 8174, 8158, 8179, 8177, 8170,25.94607186317444
37, 8177, 8175, 8142, 8166, 8171, 8173, 8161, 8159, 8179, 8179, 8164, 8170, 8184, 8164,25.96161651611328
38, 8175, 8175, 8206, 8162, 8168, 8170, 8157, 8174, 8168, 8172, 8151, 8175, 8173, 8153,25.96161651611328
39, 8167, 8175, 8186, 8163, 8173, 8177, 8172, 8168, 8174, 8173, 8155, 8177, 8175, 8152,25.97714614868164
40, 8165, 8165, 8155, 8153, 8180, 8172, 8161, 8154, 8168, 8164, 8158, 8167, 8166, 8137,25.97714614868164
41, 8180, 8187, 8220, 8151, 8181, 8180, 8143, 8170, 8154, 8152, 8161, 8185, 8153, 8129,25.992586612701416
42, 8188, 8192, 8158, 8175, 8183, 8172, 8159, 8165, 8164, 8167, 8174, 8182, 8161, 8131,25.992586612701416
43, 8187, 8182, 8216, 8165, 8170, 8162, 8155, 8172, 8154, 8159, 8169, 8186, 8157, 8134,26.00840997695923
44, 8175, 8186, 8202, 8167, 8171, 8170, 8159, 8172, 8165, 8165, 8167, 8184, 8158, 8130,26.00840997695923
45, 8162, 8181, 8159, 8166, 8180, 8161, 8159, 8166, 8171, 8170, 8159, 8166, 8154, 8122,26.023494005203247
46, 8158, 8186, 8221, 8157, 8179, 8166, 8145, 8178, 8156, 8161, 8153, 8172, 8147, 8123,26.023494005203247
47, 8161, 8188, 8158, 8187, 8187, 8180, 8151, 8171, 8173, 8185, 8171, 8170, 8162, 8127,26.039046049118042
48, 8168, 8184, 8209, 8195, 8195, 8190, 8152, 8178, 8167, 8183, 8164, 8172, 8163, 8134,26.039046049118042
49, 8158, 8179, 8198, 8190, 8197, 8197, 8164, 8177, 8159, 8172, 8146, 8161, 8153, 8132,26.054076433181763
50, 8160, 8173, 8148, 8190, 8191, 8190, 8172, 8170, 8171, 8183, 8145, 8144, 8150, 8132,26.054076433181763
51, 8173, 8187, 8227, 8191, 8188, 8195, 8166, 8179, 8166, 8185, 8155, 8167, 8154, 8138,26.070130348205566
52, 8165, 8173, 8154, 8205, 8194, 8189, 8181, 8166, 8173, 8198, 8163, 8165, 8166, 8138,26.070130348205566
53, 8166, 8163, 8181, 8185, 8183, 8184, 8180, 8174, 8174, 8195, 8139, 8163, 8160, 8147,26.08616828918457
54, 8169, 8178, 8202, 8183, 8178, 8191, 8171, 8175, 8174, 8198, 8140, 8167, 8159, 8148,26.08616828918457
55, 8163, 8172, 8149, 8195, 8183, 8177, 8170, 8163, 8180, 8211, 8172, 8161, 8175, 8142,26.101864337921143
56, 8169, 8170, 8214, 8172, 8179, 8174, 8173, 8182, 8189, 8218, 8194, 8188, 8187, 8156,26.101864337921143
