COUNTER,F3, FC5,AF3,F7,T7,P7,O1,O2,P8,T8,F8,AF4,FC6,F4,Timestamp,yes_event
125,8126,8157,8098,8112,8095,8156,8193,8130,8201,8163,8152,8140,8162,8259,0.0036730766296386,False
126,8133,8188,8178,8118,8177,8144,8180,8155,8187,8159,8145,8155,8144,8231,0.0116703510284423,False
127,8152,8195,8207,8143,8160,8152,8197,8173,8196,8159,8147,8167,8142,8233,0.0196959972381591,False
237,8123,8156,8078,8136,8075,8146,8219,8154,8218,8169,8156,8140,8164,8251,0.0265953540802001,False
0,8117,8169,8079,8133,8101,8147,8217,8160,8220,8173,8160,8138,8162,8252,0.0348010063171386,False
1,8153,8217,8173,8158,8183,8165,8226,8175,8221,8169,8165,8165,8165,8261,0.042722463607788,False
2,8205,8266,8341,8171,8294,8171,8217,8207,8210,8162,8159,8219,8160,8261,0.0509052276611328,False
3,8176,8222,8231,8155,8176,8166,8221,8178,8219,8175,8176,8184,8166,8253,0.0587399005889892,False
4,8133,8188,8060,8158,8084,8174,8242,8140,8239,8182,8198,8136,8183,8262,0.0667285919189453,False
5,8165,8222,8120,8175,8149,8185,8236,8158,8236,8172,8188,8167,8185,8279,0.0745630264282226,False
6,8194,8234,8182,8166,8200,8173,8214,8167,8226,8171,8166,8172,8174,8268,0.0827875137329101,False
7,8206,8248,8292,8148,8286,8169,8200,8195,8217,8165,8143,8185,8144,8249,0.0906462669372558,False
8,8168,8198,8206,8131,8178,8167,8212,8178,8218,8151,8130,8168,8133,8250,0.0987417697906494,False
9,8098,8127,8011,8110,8052,8146,8213,8121,8220,8141,8114,8107,8131,8226,0.1057076454162597,False
10,8092,8142,8067,8098,8118,8131,8188,8134,8214,8136,8098,8106,8106,8190,0.1138837337493896,False
11,8107,8165,8148,8094,8145,8124,8169,8154,8207,8136,8101,8133,8094,8200,0.1217520236968994,False
12,8126,8188,8218,8105,8181,8120,8158,8168,8193,8131,8107,8165,8104,8229,0.1296682357788086,False
13,8145,8205,8239,8133,8195,8125,8168,8183,8199,8139,8130,8177,8132,8246,0.1378779411315918,False
14,8130,8182,8137,8141,8139,8131,8184,8157,8224,8155,8144,8148,8150,8250,0.1459550857543945,False
15,8110,8153,8064,8127,8103,8134,8185,8121,8223,8156,8135,8129,8148,8235,0.1537935733795166,False
16,8125,8182,8116,8139,8137,8133,8178,8135,8214,8152,8142,8148,8150,8226,0.1609337329864502,False
17,8169,8237,8249,8168,8219,8125,8151,8178,8206,8152,8145,8188,8144,8239,0.1698908805847168,False
18,8171,8202,8146,8175,8135,8109,8136,8140,8207,8162,8156,8166,8157,8266,0.17698335647583,False
19,8184,8206,8139,8174,8169,8114,8136,8131,8208,8171,8172,8169,8175,8281,0.1847107410430908,False
20,8240,8283,8413,8188,8334,8144,8131,8218,8200,8167,8163,8250,8163,8280,0.192903995513916,False
21,8195,8219,8243,8180,8169,8147,8160,8183,8226,8181,8172,8204,8177,8287,0.2008171081542968,False
22,8123,8142,7963,8148,8044,8123,8183,8103,8238,8197,8172,8115,8192,8288,0.2088291645050048,False
23,8131,8175,8098,8123,8162,8113,8169,8140,8203,8186,8136,8137,8158,8259,0.216700792312622,False
24,8128,8170,8183,8105,8171,8119,8166,8175,8200,8173,8117,8157,8137,8224,0.2249374389648437,False
25,8123,8139,8126,8103,8135,8126,8168,8163,8224,8178,8125,8152,8148,8229,0.2316823005676269,False
26,8151,8152,8151,8113,8166,8126,8156,8156,8212,8188,8120,8154,8130,8245,0.239764928817749,False
27,8169,8184,8220,8132,8193,8124,8149,8169,8187,8197,8118,8165,8107,8233,0.2478344440460205,False
28,8149,8170,8148,8142,8119,8131,8166,8159,8209,8224,8158,8163,8147,8242,0.2556781768798828,False
29,8160,8176,8128,8158,8130,8145,8168,8144,8234,8248,8189,8173,8183,8270,0.2638909816741943,False
30,8216,8228,8248,8190,8216,8155,8151,8167,8213,8243,8182,8207,8173,8276,0.2719404697418213,False
31,8197,8197,8150,8178,8128,8147,8167,8154,8215,8242,8180,8173,8190,8282,0.2798423767089844,False
32,8182,8192,8179,8154,8180,8145,8156,8154,8217,8246,8164,8175,8189,8288,0.2880141735076904,False
33,8217,8234,8326,8178,8254,8149,8117,8176,8189,8242,8151,8222,8165,8292,0.2948429584503174,False
34,8182,8200,8147,8203,8115,8137,8129,8124,8190,8251,8169,8178,8190,8297,0.3031477928161621,False
35,8137,8182,8098,8182,8141,8116,8140,8111,8189,8247,8132,8145,8174,8261,0.3107457160949707,False
36,8140,8181,8168,8168,8168,8107,8136,8142,8188,8236,8093,8149,8129,8233,0.3189294338226318,False
37,8175,8197,8187,8191,8163,8128,8147,8156,8206,8247,8122,8167,8139,8251,0.3266975879669189,False
38,8187,8225,8246,8205,8229,8150,8157,8176,8222,8255,8147,8190,8161,8260,0.3348288536071777,False
39,8132,8198,8163,8190,8184,8146,8160,8164,8234,8241,8142,8158,8164,8251,0.3427255153656006,False
40,8117,8179,8112,8169,8154,8147,8156,8159,8232,8232,8128,8142,8150,8246,0.3510055541992187,False
41,8147,8187,8126,8169,8148,8152,8162,8162,8222,8238,8129,8152,8142,8248,0.3588576316833496,False
42,8152,8204,8174,8168,8186,8149,8166,8176,8226,8238,8133,8166,8148,8252,0.3659203052520752,False
43,8155,8198,8194,8163,8192,8153,8166,8184,8245,8245,8146,8180,8173,8273,0.3738479614257812,False
44,8183,8182,8138,8170,8164,8157,8170,8155,8246,8252,8158,8171,8195,8302,0.3816840648651123,False
45,8234,8236,8332,8169,8309,8172,8159,8206,8218,8234,8136,8221,8167,8302,0.3898861408233642,False
46,8200,8211,8314,8150,8221,8181,8178,8219,8234,8231,8127,8208,8154,8285,0.3979346752166748,False
47,8118,8127,8011,8142,8019,8159,8215,8131,8281,8250,8134,8112,8171,8271,0.4058701992034912,False
48,8151,8149,8065,8157,8113,8156,8203,8131,8280,8253,8130,8129,8164,8270,0.4139199256896972,False
49,8181,8162,8179,8153,8166,8170,8185,8167,8264,8242,8118,8164,8147,8276,0.420778751373291,False
50,8130,8139,8147,8129,8142,8169,8185,8155,8252,8222,8089,8145,8118,8253,0.4290103912353515,False
51,8103,8136,8154,8117,8159,8157,8172,8141,8235,8205,8067,8135,8087,8225,0.4367496967315674,False
52,8115,8129,8153,8110,8144,8156,8163,8144,8238,8214,8073,8126,8089,8220,0.4449403285980224,False
53,8118,8123,8123,8114,8124,8167,8168,8153,8251,8223,8088,8123,8100,8221,0.4529497623443603,False
54,8119,8140,8122,8142,8134,8170,8163,8148,8258,8219,8110,8140,8108,8231,0.4608573913574219,False
55,8159,8179,8233,8166,8199,8170,8140,8166,8248,8219,8115,8179,8113,8248,0.4689316749572754,True
56,8159,8155,8161,8155,8124,8171,8152,8164,8256,8234,8125,8160,8140,8270,0.476907730102539,True
57,8143,8155,8088,8154,8114,8178,8178,8159,8281,8244,8149,8146,8173,8290,0.484849214553833,True
58,8203,8232,8322,8182,8278,8189,8158,8219,8270,8235,8147,8221,8169,8301,0.4918930530548095,True
59,8198,8199,8255,8186,8178,8182,8158,8204,8270,8238,8158,8205,8185,8312,0.4998700618743896,True
60,8131,8143,8021,8171,8067,8164,8181,8144,8293,8239,8171,8132,8206,8307,0.5076684951782227,True
61,8139,8179,8105,8174,8169,8151,8174,8165,8291,8228,8147,8144,8183,8285,0.5158629417419434,True
62,8147,8179,8177,8165,8193,8151,8158,8179,8269,8220,8119,8161,8153,8264,0.5238986015319824,True
63,8125,8156,8166,8141,8174,8159,8151,8166,8248,8208,8108,8151,8132,8247,0.5317091941833496,True
64,8121,8151,8136,8141,8149,8155,8163,8151,8244,8201,8114,8134,8132,8248,0.5399084091186523,True
65,8139,8170,8173,8154,8181,8156,8167,8162,8241,8203,8114,8147,8135,8256,0.5477983951568604,True
66,8144,8171,8200,8148,8167,8161,8157,8167,8228,8193,8115,8162,8130,8250,0.555689811706543,True
67,8134,8148,8127,8137,8102,8158,8160,8144,8228,8186,8123,8142,8133,8243,0.562854528427124,True
68,8153,8162,8177,8146,8168,8172,8163,8162,8227,8188,8119,8163,8131,8258,0.5705821514129639,True
69,8153,8161,8174,8153,8160,8188,8171,8154,8224,8192,8129,8163,8139,8281,0.5788202285766602,True
70,8156,8180,8169,8157,8165,8183,8175,8144,8227,8196,8145,8161,8158,8292,0.5869054794311523,True
71,8201,8219,8271,8177,8223,8192,8175,8179,8231,8200,8151,8204,8159,8308,0.5946629047393799,True
72,8203,8202,8187,8198,8138,8197,8180,8165,8241,8209,8169,8195,8168,8326,0.6027693748474121,True
73,8193,8206,8153,8211,8136,8184,8163,8158,8240,8213,8181,8187,8186,8318,0.6108062267303467,True
74,8188,8199,8152,8205,8142,8193,8160,8169,8255,8216,8183,8183,8207,8320,0.6186084747314453,True
75,8181,8194,8171,8191,8184,8214,8173,8179,8274,8224,8177,8186,8205,8336,0.6257667541503906,True
76,8195,8211,8285,8185,8256,8214,8169,8203,8261,8213,8156,8209,8178,8313,0.6336266994476318,True
77,8171,8172,8159,8180,8134,8205,8181,8167,8263,8199,8147,8164,8180,8281,0.6417851448059082,True
78,8149,8157,8066,8167,8106,8204,8195,8145,8264,8188,8141,8132,8174,8271,0.6497385501861572,True
79,8148,8170,8136,8149,8163,8188,8185,8162,8252,8184,8130,8147,8149,8268,0.6577351093292236,True
80,8145,8168,8174,8145,8172,8173,8159,8157,8239,8174,8114,8154,8130,8260,0.6657068729400635,True
81,8171,8176,8211,8163,8189,8178,8146,8152,8224,8161,8115,8175,8130,8272,0.6727533340454102,True
82,8187,8163,8162,8184,8141,8177,8170,8142,8234,8176,8164,8184,8174,8306,0.6807363033294678,True
83,8209,8177,8211,8189,8183,8172,8174,8163,8243,8190,8191,8208,8202,8316,0.6897594928741455,True
84,8231,8183,8236,8193,8193,8162,8156,8174,8246,8188,8185,8211,8199,8322,0.6967482566833496,True
85,8227,8170,8144,8205,8132,8158,8154,8149,8261,8190,8187,8182,8204,8342,0.7046489715576172,True
86,8230,8196,8195,8206,8167,8163,8140,8163,8260,8190,8188,8194,8212,8343,0.7127974033355713,True
87,8212,8196,8190,8201,8158,8162,8132,8164,8256,8194,8187,8186,8220,8320,0.7207105159759521,True
88,8203,8197,8165,8202,8172,8165,8141,8162,8258,8195,8169,8170,8203,8296,0.7286994457244873,True
89,8210,8199,8152,8198,8158,8179,8160,8164,8259,8191,8163,8166,8193,8299,0.7357850074768066,True
90,8193,8186,8134,8186,8167,8179,8165,8159,8248,8185,8155,8157,8188,8291,0.744744062423706,True
91,8188,8190,8258,8171,8257,8167,8144,8187,8218,8173,8118,8187,8148,8253,0.7517600059509277,True
92,8176,8138,8168,8154,8129,8161,8157,8162,8226,8177,8124,8172,8158,8266,0.7597944736480713,True
93,8196,8145,8154,8154,8149,8169,8166,8156,8246,8184,8153,8180,8199,8312,0.7677240371704102,True
94,8221,8186,8268,8173,8241,8166,8155,8189,8245,8191,8170,8214,8214,8324,0.7757511138916016,True
95,8188,8156,8129,8193,8115,8145,8163,8149,8253,8201,8193,8179,8228,8325,0.7837522029876709,True
96,8205,8171,8133,8198,8137,8149,8150,8131,8236,8185,8191,8181,8223,8331,0.7917065620422363,True
97,8234,8187,8212,8189,8194,8171,8142,8153,8227,8176,8183,8203,8221,8336,0.7996430397033691,True
98,8204,8170,8159,8190,8155,8171,8155,8155,8253,8194,8185,8191,8234,8333,0.8079788684844971,True
99,8196,8175,8160,8200,8143,8157,8149,8156,8255,8194,8169,8185,8220,8319,0.8158833980560303,True
100,8204,8180,8193,8181,8168,8156,8130,8161,8234,8181,8135,8174,8186,8305,0.8226523399353027,True
101,8193,8180,8231,8162,8205,8176,8131,8185,8234,8181,8128,8182,8176,8297,0.8307454586029053,True
102,8153,8155,8139,8173,8124,8183,8163,8174,8265,8191,8154,8165,8198,8282,0.8387653827667236,True
103,8140,8151,8106,8179,8124,8174,8177,8152,8272,8189,8143,8143,8188,8258,0.8466043472290039,True
104,8165,8153,8151,8164,8160,8180,8169,8159,8264,8186,8124,8150,8163,8277,0.8546819686889648,True
105,8168,8139,8103,8160,8123,8184,8165,8165,8282,8196,8148,8150,8179,8314,0.862816572189331,True
106,8183,8181,8228,8180,8233,8182,8140,8198,8270,8191,8149,8182,8172,8284,0.8707420825958252,False
107,8193,8179,8244,8196,8212,8182,8140,8182,8245,8185,8154,8180,8163,8261,0.8788588047027588,False
108,8183,8145,8106,8191,8118,8187,8166,8145,8266,8202,8186,8157,8198,8304,0.8857016563415527,False
109,8190,8169,8199,8182,8207,8199,8158,8187,8289,8217,8183,8192,8212,8322,0.8937275409698486,False
110,8188,8171,8223,8194,8199,8194,8148,8190,8278,8210,8172,8190,8196,8298,0.9017114639282228,False
111,8216,8187,8179,8224,8155,8187,8157,8163,8263,8199,8174,8180,8192,8298,0.9096193313598632,False
112,8237,8206,8166,8233,8153,8195,8162,8159,8273,8209,8182,8185,8207,8323,0.9177231788635254,False
113,8205,8186,8156,8213,8189,8197,8147,8149,8274,8213,8182,8174,8211,8325,0.9258384704589844,False
114,8195,8172,8174,8201,8187,8183,8132,8137,8246,8196,8169,8173,8195,8298,0.9337847232818604,False
115,8188,8158,8135,8187,8114,8172,8145,8126,8237,8189,8156,8160,8190,8282,0.941819429397583,False
116,8156,8158,8173,8163,8177,8182,8157,8152,8240,8184,8131,8158,8167,8267,0.9497890472412108,False
117,8112,8132,8143,8144,8171,8188,8173,8159,8241,8179,8110,8133,8132,8232,0.9568450450897216,False
118,8114,8128,8111,8151,8137,8183,8182,8154,8242,8176,8106,8127,8120,8215,0.9647910594940186,False
119,8174,8176,8260,8167,8217,8181,8155,8201,8241,8173,8117,8188,8126,8247,0.972623348236084,False
120,8175,8161,8198,8175,8154,8185,8154,8193,8267,8192,8153,8178,8163,8296,0.9807009696960448,False
121,8164,8163,8136,8190,8141,8201,8171,8171,8284,8207,8175,8157,8189,8296,0.9888012409210204,False
122,8179,8179,8173,8203,8161,8208,8165,8182,8278,8195,8182,8171,8198,8266,0.996718168258667,False
123,8160,8162,8130,8199,8144,8202,8157,8174,8280,8195,8184,8160,8202,8254,1.0046851634979248,False
124,8170,8194,8237,8191,8243,8205,8152,8202,8275,8205,8169,8185,8180,8257,1.0126986503601074,False
125,8188,8196,8253,8189,8210,8201,8163,8203,8273,8202,8174,8191,8181,8277,1.019660234451294,False
126,8171,8162,8124,8193,8115,8196,8167,8160,8277,8201,8191,8160,8209,8296,1.027597427368164,False
127,8159,8153,8081,8194,8110,8202,8156,8146,8272,8203,8186,8145,8209,8296,1.0357990264892578,False
237,8177,8175,8141,8190,8156,8206,8152,8159,8268,8186,8156,8153,8175,8290,1.0437686443328855,False
0,8205,8192,8233,8196,8199,8203,8150,8184,8261,8170,8137,8177,8153,8280,1.0517730712890625,False
1,8165,8146,8115,8187,8121,8203,8168,8164,8263,8177,8146,8140,8160,8254,1.0597102642059326,False
2,8142,8156,8166,8150,8220,8206,8167,8182,8237,8153,8113,8134,8111,8206,1.0677621364593506,False
3,8177,8182,8324,8137,8285,8197,8145,8215,8208,8120,8079,8176,8062,8205,1.0757651329040527,False
4,8148,8118,8102,8143,8081,8176,8148,8151,8236,8146,8109,8133,8106,8244,1.083845615386963,False
5,8135,8128,8063,8141,8116,8174,8131,8138,8257,8165,8129,8119,8128,8229,1.0908589363098145,False
6,8177,8181,8222,8153,8228,8176,8110,8179,8255,8158,8144,8164,8127,8224,1.098740577697754,False
7,8197,8178,8203,8171,8189,8171,8117,8183,8261,8171,8174,8184,8160,8271,1.1066370010375977,False
8,8188,8167,8182,8176,8179,8179,8133,8183,8266,8184,8180,8183,8174,8295,1.1148064136505127,False
9,8170,8167,8164,8172,8164,8183,8152,8169,8273,8191,8186,8169,8182,8298,1.122581958770752,False
10,8185,8192,8182,8175,8181,8189,8155,8167,8276,8194,8197,8185,8203,8306,1.1307778358459473,False
11,8200,8185,8150,8181,8183,8202,8148,8165,8287,8200,8203,8186,8224,8311,1.1386888027191162,False
12,8202,8180,8157,8192,8220,8211,8137,8168,8298,8202,8205,8176,8232,8307,1.1457314491271973,False
13,8208,8193,8209,8200,8225,8216,8130,8173,8291,8201,8201,8188,8232,8314,1.1548004150390625,False
14,8181,8180,8132,8188,8159,8213,8129,8140,8290,8209,8188,8170,8233,8316,1.161698579788208,False
15,8179,8200,8207,8180,8238,8214,8117,8161,8288,8202,8166,8183,8216,8300,1.1698262691497805,False
16,8190,8186,8239,8188,8213,8214,8134,8189,8287,8192,8174,8191,8219,8304,1.1777992248535156,False
17,8173,8147,8129,8175,8124,8206,8164,8168,8280,8184,8168,8157,8217,8304,1.1857171058654783,False
18,8178,8153,8139,8138,8152,8205,8168,8169,8261,8170,8126,8147,8178,8281,1.1938188076019287,False
19,8177,8145,8121,8125,8136,8202,8167,8161,8254,8157,8111,8136,8149,8270,1.201773166656494,False
20,8165,8153,8178,8139,8211,8201,8146,8156,8227,8137,8098,8145,8115,8237,1.2096092700958252,False
21,8152,8153,8230,8143,8245,8205,8131,8156,8203,8120,8087,8150,8090,8202,1.2167770862579346,False
22,8149,8129,8146,8136,8176,8203,8140,8140,8228,8135,8111,8133,8109,8227,1.2247593402862549,False
23,8169,8141,8138,8146,8173,8198,8144,8150,8249,8157,8137,8154,8130,8257,1.23262619972229,False
24,8166,8155,8133,8167,8144,8201,8144,8156,8255,8160,8155,8167,8149,8260,1.2408273220062256,False
25,8175,8180,8200,8181,8193,8211,8132,8182,8264,8164,8166,8181,8164,8272,1.248579740524292,False
26,8184,8172,8203,8182,8194,8226,8142,8190,8280,8180,8175,8179,8178,8287,1.2569081783294678,False
27,8164,8149,8117,8177,8146,8228,8173,8172,8288,8191,8186,8165,8197,8287,1.2647788524627686,False
28,8184,8191,8243,8184,8228,8216,8164,8215,8281,8186,8200,8211,8206,8296,1.2727930545806885,False
29,8187,8187,8219,8183,8172,8203,8160,8210,8298,8196,8218,8201,8229,8317,1.2797486782073977,False
30,8168,8162,8105,8178,8117,8198,8183,8157,8303,8204,8198,8159,8228,8302,1.28780198097229,False
31,8173,8167,8144,8172,8152,8197,8195,8166,8282,8188,8168,8164,8197,8275,1.2957913875579834,False
32,8155,8159,8134,8154,8130,8201,8201,8178,8275,8177,8163,8153,8180,8255,1.3037753105163574,False
33,8132,8164,8175,8134,8182,8205,8196,8187,8266,8167,8134,8153,8149,8223,1.3116638660430908,False
34,8107,8140,8180,8120,8194,8199,8199,8182,8260,8153,8103,8140,8115,8208,1.319657325744629,False
35,8091,8113,8136,8111,8165,8196,8198,8162,8256,8136,8098,8120,8106,8210,1.3277571201324463,False
36,8108,8125,8119,8116,8125,8199,8172,8144,8244,8130,8113,8127,8118,8203,1.3356258869171145,False
37,8129,8152,8122,8143,8124,8197,8149,8137,8243,8137,8134,8147,8129,8218,1.3437187671661377,False
38,8154,8181,8230,8164,8220,8202,8141,8168,8236,8135,8135,8187,8126,8252,1.3507604598999023,False
39,8146,8150,8169,8169,8152,8196,8151,8155,8230,8138,8144,8173,8138,8267,1.3587708473205566,False
40,8151,8158,8138,8191,8143,8185,8147,8136,8226,8144,8158,8166,8149,8258,1.3668406009674072,False
41,8200,8212,8271,8224,8248,8187,8127,8167,8224,8154,8170,8219,8155,8263,1.3747458457946775,False
42,8208,8200,8190,8240,8176,8182,8131,8147,8239,8169,8208,8215,8197,8304,1.382782220840454,False
43,8213,8213,8146,8257,8155,8174,8127,8123,8230,8168,8232,8201,8219,8332,1.3908350467681885,False
44,8225,8231,8199,8267,8186,8170,8121,8129,8217,8167,8222,8207,8202,8329,1.398777961730957,False
45,8211,8205,8187,8237,8192,8171,8131,8148,8225,8163,8211,8209,8196,8315,1.406769037246704,False
46,8184,8184,8172,8199,8198,8166,8139,8170,8221,8140,8197,8191,8184,8300,1.4136722087860107,False
47,8143,8159,8111,8183,8160,8151,8145,8157,8211,8128,8171,8142,8157,8277,1.4217875003814695,True
48,8147,8170,8173,8175,8207,8163,8151,8180,8219,8141,8139,8159,8141,8249,1.4297900199890137,True
49,8151,8163,8176,8167,8184,8183,8179,8192,8245,8154,8136,8177,8151,8255,1.4386415481567385,True
50,8139,8149,8137,8172,8175,8185,8190,8170,8242,8145,8129,8151,8143,8266,1.4459426403045654,True
51,8162,8168,8220,8182,8232,8184,8174,8190,8219,8138,8113,8168,8120,8255,1.453996658325195,True
52,8165,8151,8142,8187,8142,8188,8189,8184,8244,8154,8149,8172,8158,8265,1.4616873264312744,True
53,8170,8161,8151,8195,8173,8198,8201,8185,8258,8161,8171,8186,8181,8283,1.4699294567108154,True
54,8176,8174,8225,8192,8224,8209,8208,8203,8239,8156,8156,8194,8156,8273,1.4768781661987305,True
55,8155,8150,8138,8187,8150,8207,8233,8183,8245,8150,8158,8157,8149,8254,1.4848816394805908,False
56,8164,8149,8147,8198,8165,8211,8231,8175,8253,8147,8168,8167,8158,8259,1.4928994178771973,False
57,8161,8145,8162,8195,8185,8218,8208,8159,8246,8156,8170,8183,8166,8279,1.5007805824279783,False
58,8146,8163,8178,8192,8204,8212,8188,8155,8244,8167,8167,8182,8156,8276,1.5088348388671875,False
59,8170,8182,8185,8222,8161,8208,8181,8161,8268,8175,8188,8181,8165,8267,1.5166845321655271,False
60,8197,8185,8161,8250,8139,8206,8169,8151,8294,8186,8215,8175,8199,8267,1.524878978729248,False
61,8190,8191,8220,8237,8219,8192,8145,8163,8278,8184,8214,8193,8210,8269,1.5328810214996338,False
62,8149,8151,8153,8204,8158,8173,8137,8147,8251,8177,8213,8180,8213,8286,1.5408122539520264,False
63,8166,8159,8147,8190,8151,8178,8131,8138,8235,8171,8200,8181,8197,8299,1.5477194786071775,False
64,8230,8193,8230,8193,8184,8183,8133,8156,8235,8172,8191,8210,8189,8325,1.5557258129119873,False
65,8219,8168,8159,8185,8140,8172,8152,8153,8255,8184,8215,8199,8216,8354,1.5638275146484375,False
66,8192,8176,8212,8176,8217,8178,8148,8183,8244,8176,8211,8209,8209,8327,1.5719342231750488,False
67,8196,8184,8216,8192,8181,8182,8158,8180,8232,8163,8194,8202,8189,8303,1.5800044536590576,False
68,8226,8187,8156,8223,8142,8174,8181,8157,8249,8163,8193,8188,8191,8327,1.5878725051879885,False
69,8247,8207,8209,8232,8216,8183,8183,8185,8251,8162,8198,8203,8191,8347,1.5958833694458008,False
70,8200,8194,8167,8223,8186,8192,8187,8182,8248,8165,8199,8186,8198,8345,1.6036431789398191,False
71,8171,8194,8147,8225,8169,8192,8186,8169,8249,8168,8186,8185,8198,8325,1.61063814163208,False
72,8199,8203,8144,8233,8169,8188,8184,8174,8265,8174,8193,8192,8209,8322,1.6188092231750488,False
73,8228,8214,8178,8235,8217,8186,8175,8190,8269,8180,8192,8198,8222,8341,1.6267430782318115,False
74,8209,8204,8200,8227,8223,8183,8161,8186,8255,8175,8175,8193,8218,8343,1.63472318649292,False
75,8157,8174,8126,8209,8170,8178,8160,8152,8253,8174,8177,8163,8217,8314,1.642686367034912,False
76,8173,8195,8230,8199,8254,8180,8153,8171,8226,8160,8157,8185,8192,8276,1.650749921798706,False
77,8176,8164,8193,8184,8183,8162,8154,8155,8206,8138,8140,8170,8164,8265,1.6587486267089844,False
78,8150,8139,8109,8166,8135,8156,8159,8137,8218,8136,8152,8144,8155,8267,1.666898488998413,False
79,8177,8182,8244,8171,8242,8183,8162,8199,8228,8150,8155,8186,8148,8268,1.6747777462005615,False
80,8171,8151,8166,8174,8165,8185,8187,8187,8240,8150,8152,8167,8144,8262,1.6818530559539795,False
81,8149,8133,8094,8174,8139,8181,8201,8154,8251,8136,8158,8144,8139,8247,1.689685344696045,False
82,8167,8166,8165,8183,8195,8202,8202,8178,8263,8145,8176,8167,8156,8262,1.6977078914642334,False
83,8183,8191,8163,8193,8193,8212,8206,8186,8269,8155,8177,8171,8171,8290,1.705913782119751,False
84,8189,8200,8170,8204,8189,8202,8192,8170,8251,8137,8161,8174,8151,8284,1.7136621475219729,False
85,8189,8184,8165,8230,8166,8191,8175,8142,8235,8124,8163,8176,8135,8270,1.7216839790344238,False
86,8219,8215,8226,8259,8223,8187,8154,8155,8227,8136,8167,8200,8146,8285,1.7299072742462158,False
87,8234,8228,8184,8261,8209,8187,8145,8163,8240,8157,8184,8191,8185,8311,1.7367885112762451,False
88,8220,8226,8142,8257,8213,8191,8146,8153,8241,8167,8188,8170,8199,8310,1.7447853088378906,False
89,8241,8260,8302,8257,8311,8192,8135,8178,8213,8161,8166,8214,8171,8299,1.7528729438781738,False
90,8210,8221,8218,8236,8200,8187,8152,8162,8222,8169,8181,8198,8179,8301,1.7609703540802002,False
91,8147,8163,8050,8196,8112,8191,8182,8152,8254,8182,8199,8146,8199,8295,1.7694079875946045,False
92,8147,8163,8117,8167,8169,8205,8199,8196,8272,8183,8188,8164,8187,8287,1.7766165733337402,False
93,8159,8160,8171,8155,8183,8218,8220,8216,8292,8183,8181,8178,8177,8291,1.7847213745117188,False
94,8169,8172,8179,8169,8213,8245,8253,8229,8315,8188,8185,8177,8187,8294,1.7936666011810305,False
95,8176,8195,8138,8207,8203,8278,8301,8238,8350,8203,8206,8160,8211,8304,1.800797462463379,False
96,8154,8201,8151,8215,8206,8288,8323,8244,8365,8199,8200,8158,8197,8287,1.808638095855713,False
97,8104,8164,8163,8187,8176,8283,8318,8229,8344,8174,8170,8160,8160,8242,1.815650463104248,False
98,8091,8146,8114,8177,8133,8280,8313,8184,8323,8156,8166,8140,8158,8231,1.8239026069641116,False
99,8150,8194,8201,8203,8200,8269,8287,8179,8297,8138,8163,8160,8151,8243,1.831741571426392,False
100,8172,8195,8175,8217,8144,8233,8247,8155,8274,8131,8160,8160,8140,8252,1.839712619781494,False
101,8175,8202,8179,8214,8168,8205,8190,8136,8248,8133,8166,8171,8141,8250,1.8477108478546145,False
102,8197,8227,8307,8206,8277,8195,8142,8161,8222,8130,8169,8207,8145,8253,1.8556880950927732,False
103,8153,8164,8169,8173,8166,8169,8129,8123,8218,8131,8168,8163,8153,8260,1.8635852336883545,False
104,8109,8131,8083,8137,8123,8142,8105,8102,8201,8135,8152,8133,8136,8247,1.871687173843384,False
105,8106,8155,8134,8133,8156,8141,8104,8140,8191,8141,8152,8149,8124,8240,1.878644943237305,False
106,8097,8165,8134,8131,8157,8161,8142,8167,8212,8141,8160,8153,8130,8237,1.88664984703064,False
107,8069,8145,8129,8117,8157,8186,8169,8181,8233,8140,8164,8145,8140,8229,1.8947227001190183,False
108,8025,8114,8099,8113,8159,8202,8189,8188,8253,8151,8179,8128,8149,8231,1.902735471725464,False
109,8032,8146,8167,8121,8214,8221,8197,8213,8261,8158,8178,8151,8133,8231,1.91084885597229,False
110,8070,8158,8147,8135,8131,8230,8207,8197,8268,8157,8183,8150,8133,8242,1.918745040893555,False
111,8113,8171,8135,8161,8119,8218,8205,8188,8273,8151,8186,8148,8145,8256,1.926884174346924,False
112,8159,8202,8248,8168,8215,8209,8177,8215,8256,8142,8174,8179,8127,8250,1.934917688369751,False
113,8142,8160,8155,8136,8130,8192,8167,8166,8243,8140,8180,8153,8127,8252,1.9417474269866943,False
114,8153,8179,8188,8144,8179,8186,8165,8163,8237,8138,8190,8172,8143,8272,1.9498836994171145,False
115,8191,8217,8277,8182,8230,8203,8179,8208,8253,8147,8198,8201,8161,8287,1.9579174518585205,False
116,8158,8170,8136,8168,8123,8205,8203,8178,8274,8162,8203,8156,8175,8286,1.9656825065612795,False
117,8139,8161,8129,8142,8136,8191,8190,8160,8258,8154,8198,8165,8167,8287,1.9739177227020264,False
118,8148,8181,8177,8147,8155,8188,8181,8174,8238,8147,8193,8184,8161,8297,1.9819183349609373,False
119,8142,8170,8158,8140,8139,8192,8191,8184,8235,8155,8177,8163,8162,8291,1.989952802658081,False
120,8126,8133,8109,8119,8120,8181,8190,8172,8234,8154,8160,8138,8158,8280,1.9978783130645752,False
121,8131,8140,8131,8116,8165,8176,8174,8162,8214,8141,8147,8144,8139,8279,2.0049140453338623,False
122,8164,8166,8214,8111,8212,8178,8157,8184,8188,8138,8140,8178,8123,8287,2.0129220485687256,False
123,8169,8133,8141,8099,8141,8165,8164,8183,8210,8152,8164,8173,8159,8314,2.0208868980407715,False
124,8170,8141,8171,8097,8180,8165,8171,8197,8233,8156,8164,8180,8174,8315,2.0289106369018555,False
125,8165,8156,8207,8103,8168,8180,8175,8203,8233,8154,8142,8180,8154,8291,2.036914825439453,False
126,8149,8136,8126,8122,8113,8186,8178,8171,8233,8154,8149,8154,8149,8280,2.044798851013184,False
127,8155,8157,8204,8136,8197,8183,8155,8171,8211,8138,8152,8174,8134,8264,2.05286169052124,False
237,8138,8160,8191,8137,8136,8171,8134,8154,8207,8136,8149,8165,8133,8251,2.060918092727661,False
0,8136,8165,8118,8156,8074,8168,8122,8135,8236,8155,8164,8146,8163,8268,2.0676581859588623,False
1,8172,8196,8158,8187,8131,8181,8123,8159,8257,8169,8192,8172,8189,8299,2.0759198665618896,False
2,8181,8198,8161,8183,8146,8186,8129,8169,8251,8170,8200,8178,8189,8310,2.0838866233825684,False
3,8184,8198,8208,8160,8182,8177,8115,8180,8224,8155,8180,8186,8170,8299,2.091710567474365,False
4,8174,8182,8176,8152,8146,8169,8134,8175,8229,8157,8186,8173,8178,8301,2.09989070892334,False
5,8154,8168,8130,8146,8133,8179,8180,8173,8248,8165,8184,8151,8179,8297,2.107902765274048,False
6,8140,8155,8154,8129,8143,8190,8194,8184,8237,8150,8147,8143,8140,8267,2.115968704223633,False
7,8114,8136,8128,8112,8109,8180,8187,8168,8216,8135,8129,8126,8108,8231,2.1238937377929688,False
8,8116,8149,8185,8104,8168,8178,8178,8184,8204,8131,8131,8151,8095,8221,2.131892442703247,False
9,8115,8120,8155,8090,8132,8180,8174,8185,8215,8132,8139,8151,8104,8238,2.1388585567474365,False
10,8121,8111,8123,8086,8114,8183,8171,8171,8232,8134,8142,8137,8116,8243,2.1468098163604736,False
11,8151,8152,8217,8105,8188,8191,8163,8185,8223,8134,8141,8160,8114,8234,2.15481185913086,False
12,8128,8145,8155,8120,8139,8183,8152,8149,8212,8136,8147,8138,8118,8229,2.162870168685913,False
13,8115,8157,8157,8131,8145,8170,8122,8133,8207,8133,8145,8139,8106,8217,2.1708595752716064,False
14,8142,8172,8186,8143,8124,8155,8108,8146,8216,8136,8166,8166,8109,8233,2.178901195526123,False
15,8173,8175,8154,8161,8094,8141,8110,8146,8233,8152,8206,8181,8153,8279,2.186842679977417,False
16,8219,8215,8240,8193,8174,8155,8102,8155,8237,8173,8227,8211,8189,8311,2.1948113441467285,False
17,8225,8221,8229,8218,8164,8164,8104,8144,8236,8187,8229,8203,8199,8317,2.2027382850646973,False
18,8204,8206,8173,8206,8149,8152,8104,8151,8227,8173,8207,8179,8183,8297,2.209728479385376,False
19,8185,8179,8123,8178,8121,8153,8110,8156,8217,8156,8195,8152,8176,8281,2.2176902294158936,False
20,8176,8172,8151,8160,8153,8167,8118,8169,8216,8163,8202,8156,8186,8294,2.225770235061645,False
21,8184,8181,8252,8146,8206,8179,8122,8223,8228,8174,8203,8197,8193,8308,2.233916759490967,False
22,8149,8133,8119,8124,8086,8185,8155,8211,8255,8168,8195,8159,8189,8291,2.241706132888794,False
23,8125,8141,8120,8108,8127,8184,8158,8197,8246,8140,8160,8133,8141,8245,2.24980902671814,False
24,8133,8158,8216,8101,8192,8173,8138,8212,8231,8137,8149,8150,8119,8230,2.257923126220703,False
25,8117,8114,8110,8095,8119,8170,8153,8185,8244,8152,8169,8138,8143,8250,2.2657315731048584,False
26,8127,8123,8142,8107,8155,8185,8176,8189,8240,8140,8162,8154,8131,8250,2.2729008197784424,False
27,8141,8140,8184,8125,8155,8190,8194,8199,8237,8134,8156,8161,8127,8246,2.2808566093444824,False
28,8133,8139,8150,8128,8141,8186,8198,8190,8247,8150,8166,8159,8150,8261,2.28885269165039,False
29,8125,8143,8133,8134,8130,8190,8199,8193,8255,8156,8178,8159,8156,8266,2.296654224395752,False
30,8125,8149,8136,8153,8125,8202,8212,8201,8274,8156,8188,8151,8161,8253,2.30458927154541,False
31,8147,8171,8225,8168,8197,8215,8214,8215,8285,8167,8182,8177,8171,8251,2.312841415405273,False
32,8151,8161,8180,8178,8169,8209,8211,8182,8286,8183,8186,8173,8181,8269,2.320795774459839,False
33,8156,8176,8167,8196,8182,8203,8189,8157,8268,8180,8193,8166,8176,8268,2.328770160675049,False
34,8163,8192,8226,8197,8212,8203,8157,8144,8235,8169,8189,8184,8170,8260,2.335761785507202,False
35,8145,8160,8150,8190,8151,8184,8146,8100,8211,8162,8185,8167,8174,8265,2.343734741210937,False
36,8158,8161,8160,8197,8169,8165,8125,8107,8177,8146,8168,8163,8153,8258,2.351820230484009,False
37,8161,8157,8159,8189,8146,8158,8101,8125,8158,8134,8148,8153,8127,8243,2.35975980758667,False
38,8135,8145,8128,8171,8140,8167,8108,8138,8175,8142,8136,8136,8121,8233,2.36765193939209,False
39,8136,8152,8175,8168,8179,8179,8139,8177,8196,8154,8138,8153,8130,8242,2.3757803440093994,False
40,8136,8146,8148,8157,8142,8182,8168,8189,8208,8155,8142,8154,8141,8251,2.383696794509888,False
41,8133,8153,8169,8143,8168,8185,8166,8192,8209,8141,8125,8157,8115,8228,2.391833543777466,False
42,8122,8137,8150,8150,8144,8188,8169,8182,8222,8140,8137,8146,8104,8222,2.39880633354187,False
43,8121,8140,8142,8156,8143,8196,8181,8180,8232,8147,8161,8154,8126,8243,2.4067647457122803,False
44,8124,8149,8174,8154,8153,8200,8186,8182,8218,8140,8153,8172,8119,8233,2.414726972579956,False
45,8099,8125,8103,8155,8103,8192,8194,8148,8205,8135,8134,8139,8096,8211,2.4227445125579834,False
46,8142,8179,8248,8167,8235,8201,8174,8184,8192,8133,8129,8181,8093,8232,2.430749893188477,False
47,8173,8199,8290,8184,8220,8207,8174,8207,8205,8139,8167,8216,8136,8277,2.438767194747925,False
48,8133,8154,8088,8198,8079,8187,8194,8152,8225,8163,8205,8165,8181,8292,2.446798086166382,False
49,8148,8169,8130,8195,8150,8173,8169,8157,8201,8165,8192,8164,8174,8281,2.45470666885376,False
50,8176,8172,8195,8181,8188,8178,8151,8183,8185,8155,8182,8179,8172,8298,2.4627573490142822,False
51,8165,8155,8155,8177,8162,8186,8159,8178,8187,8161,8176,8170,8170,8314,2.4697840213775635,False
52,8148,8143,8131,8153,8141,8187,8154,8165,8170,8148,8144,8146,8138,8279,2.477717876434326,False
53,8131,8125,8148,8116,8158,8189,8149,8172,8173,8126,8117,8134,8108,8235,2.485776901245117,False
54,8111,8116,8167,8117,8174,8209,8180,8189,8210,8144,8125,8145,8109,8229,2.493574380874634,False
55,8085,8109,8099,8123,8126,8224,8214,8177,8239,8169,8130,8122,8116,8232,2.5017879009246826,False
56,8105,8123,8165,8104,8172,8204,8190,8186,8227,8144,8098,8129,8089,8207,2.509744167327881,False
57,8120,8101,8161,8101,8128,8174,8161,8177,8223,8129,8103,8137,8086,8207,2.5177464485168457,False
58,8109,8111,8125,8127,8131,8176,8155,8164,8221,8143,8130,8137,8101,8230,2.525842666625977,False
59,8140,8188,8326,8150,8285,8179,8125,8214,8192,8136,8121,8193,8083,8228,2.5327391624450684,False
60,8132,8151,8217,8166,8139,8154,8133,8188,8216,8148,8157,8179,8121,8243,2.5406911373138428,False
61,8119,8121,8036,8185,8037,8159,8171,8142,8255,8166,8200,8144,8173,8259,2.5487990379333496,False
62,8165,8179,8177,8204,8158,8185,8174,8178,8241,8149,8185,8183,8157,8246,2.556715726852417,False
63,8175,8182,8194,8220,8137,8179,8173,8183,8238,8153,8195,8193,8163,8255,2.5647222995758057,False
64,8174,8178,8140,8232,8122,8185,8181,8165,8256,8183,8228,8187,8202,8291,2.572819948196411,False
65,8195,8212,8180,8240,8184,8206,8177,8161,8250,8187,8221,8183,8210,8304,2.580616235733032,False
66,8198,8227,8224,8239,8212,8198,8153,8164,8221,8168,8185,8179,8185,8284,2.5889878273010254,False
67,8170,8182,8149,8215,8146,8164,8133,8156,8209,8169,8179,8165,8176,8278,2.595649480819702,False
68,8151,8155,8095,8183,8142,8142,8120,8146,8212,8170,8181,8148,8171,8284,2.60379695892334,False
69,8159,8185,8206,8168,8227,8153,8110,8175,8197,8147,8156,8165,8144,8269,2.611776113510132,False
70,8121,8152,8123,8153,8136,8158,8132,8163,8210,8150,8156,8140,8144,8259,2.619571685791016,False
71,8107,8154,8137,8135,8184,8148,8139,8170,8228,8157,8151,8143,8140,8254,2.627777099609375,False
72,8148,8190,8317,8123,8300,8159,8127,8219,8215,8139,8126,8187,8117,8248,2.63573694229126,False
73,8125,8134,8143,8122,8129,8165,8156,8178,8227,8148,8153,8150,8135,8269,2.643662691116333,False
74,8114,8131,8041,8140,8087,8157,8179,8144,8236,8167,8181,8142,8158,8290,2.6517133712768555,False
75,8154,8181,8166,8157,8180,8159,8183,8169,8218,8160,8164,8175,8154,8288,2.6597695350646973,False
76,8170,8185,8209,8159,8205,8172,8195,8186,8216,8152,8155,8184,8154,8288,2.66666030883789,False
77,8175,8176,8197,8172,8194,8186,8211,8198,8235,8157,8183,8196,8172,8305,2.674814462661743,False
78,8181,8181,8153,8201,8160,8185,8215,8189,8247,8158,8196,8190,8187,8321,2.6827025413513184,False
79,8205,8214,8222,8223,8226,8184,8209,8198,8242,8158,8186,8199,8186,8318,2.6908223628997803,False
80,8206,8206,8225,8223,8235,8192,8225,8197,8252,8169,8200,8195,8206,8320,2.6988351345062256,False
81,8191,8193,8159,8226,8219,8194,8231,8172,8262,8170,8196,8178,8209,8317,2.706681489944458,False
82,8187,8208,8176,8235,8230,8181,8196,8175,8251,8159,8166,8179,8181,8299,2.714613437652588,False
83,8158,8182,8121,8213,8169,8172,8177,8171,8244,8157,8164,8154,8175,8279,2.722769498825073,False
84,8144,8181,8152,8183,8212,8178,8160,8170,8224,8148,8149,8150,8159,8252,2.7297306060791016,False
85,8139,8189,8187,8181,8228,8163,8134,8165,8208,8142,8125,8152,8138,8237,2.7378101348876958,False
86,8116,8175,8131,8179,8195,8153,8133,8149,8215,8149,8138,8137,8148,8246,2.745636463165283,False
87,8128,8178,8167,8160,8233,8181,8143,8165,8223,8155,8162,8164,8165,8263,2.753823518753052,False
88,8141,8163,8140,8154,8188,8192,8158,8159,8229,8154,8179,8176,8189,8286,2.7617595195770264,False
89,8155,8170,8164,8163,8197,8176,8163,8163,8226,8144,8175,8178,8190,8296,2.769935369491577,False
90,8171,8178,8195,8167,8203,8184,8174,8170,8223,8139,8175,8175,8178,8291,2.7779037952423096,False
91,8174,8185,8161,8181,8174,8210,8201,8154,8231,8141,8194,8170,8197,8284,2.785878419876098,False
92,8206,8225,8216,8220,8218,8206,8206,8173,8232,8143,8201,8206,8215,8306,2.7939162254333496,False
93,8228,8222,8172,8244,8189,8184,8201,8171,8242,8152,8214,8207,8228,8357,2.800658226013184,False
94,8226,8217,8177,8238,8216,8179,8182,8168,8237,8147,8201,8193,8226,8363,2.808577299118042,False
95,8206,8219,8211,8226,8220,8172,8172,8176,8218,8134,8167,8190,8207,8326,2.816638469696045,False
96,8170,8203,8131,8201,8156,8145,8166,8153,8206,8125,8140,8160,8175,8295,2.824655055999756,False
97,8160,8208,8188,8169,8215,8133,8128,8157,8176,8097,8103,8151,8122,8249,2.832587480545044,False
98,8131,8178,8169,8155,8189,8130,8111,8147,8164,8084,8090,8123,8103,8211,2.840606451034546,False
99,8102,8156,8106,8146,8165,8136,8124,8138,8174,8093,8096,8111,8111,8208,2.848740100860596,False
100,8108,8163,8144,8131,8201,8162,8139,8163,8183,8096,8108,8137,8112,8213,2.857046127319336,False
101,8110,8149,8134,8130,8187,8184,8161,8176,8217,8116,8135,8144,8138,8231,2.8638505935668945,False
102,8128,8160,8170,8139,8218,8199,8171,8199,8247,8139,8155,8168,8167,8263,2.871666669845581,False
103,8131,8159,8136,8140,8170,8216,8195,8190,8256,8155,8182,8169,8187,8286,2.8798694610595703,False
104,8146,8174,8161,8154,8190,8235,8227,8192,8259,8165,8205,8178,8203,8293,2.88792085647583,False
105,8198,8198,8261,8173,8237,8247,8244,8224,8268,8155,8199,8215,8217,8317,2.8959226608276367,False
106,8207,8173,8164,8184,8151,8240,8251,8193,8277,8151,8196,8195,8234,8345,2.9038448333740234,False
107,8212,8194,8206,8213,8209,8229,8226,8192,8257,8158,8197,8204,8229,8334,2.9116127490997314,False
108,8212,8197,8242,8240,8200,8211,8207,8195,8241,8154,8188,8206,8219,8317,2.919641733169556,False
109,8198,8175,8163,8240,8133,8190,8200,8159,8227,8131,8148,8173,8189,8320,2.927727460861206,False
110,8219,8194,8221,8223,8196,8178,8170,8166,8190,8114,8114,8182,8155,8312,2.9347219467163086,False
111,8204,8167,8180,8188,8181,8163,8151,8166,8182,8112,8124,8164,8162,8295,2.942657470703125,False
112,8148,8123,8109,8134,8172,8150,8144,8143,8174,8095,8105,8135,8143,8266,2.950680732727051,False
113,8111,8100,8093,8088,8174,8149,8141,8119,8143,8073,8069,8114,8097,8235,2.958773374557495,False
114,8125,8120,8160,8077,8228,8152,8123,8135,8129,8069,8070,8122,8086,8217,2.966716051101685,False
115,8166,8149,8253,8097,8259,8150,8097,8172,8133,8078,8092,8167,8103,8232,2.974652051925659,False
116,8147,8134,8116,8136,8132,8153,8111,8134,8159,8097,8126,8149,8133,8267,2.982829093933105,False
117,8139,8166,8121,8176,8182,8180,8135,8148,8189,8117,8156,8152,8157,8281,2.989741086959839,False
118,8160,8178,8206,8204,8239,8203,8164,8212,8224,8139,8192,8189,8210,8314,2.9976699352264404,False
119,8157,8170,8145,8230,8189,8216,8201,8219,8262,8159,8214,8190,8248,8349,3.005805492401123,False
120,8179,8222,8180,8255,8224,8244,8226,8228,8276,8169,8215,8199,8228,8338,3.0139496326446533,False
121,8213,8225,8174,8269,8207,8263,8259,8232,8300,8184,8232,8196,8243,8341,3.021992444992065,False
122,8271,8237,8227,8292,8247,8273,8280,8255,8331,8198,8244,8220,8289,8387,3.029868602752685,False
123,8298,8261,8265,8314,8239,8276,8277,8262,8347,8202,8244,8237,8297,8404,3.0378847122192383,False
124,8235,8224,8165,8283,8178,8249,8253,8206,8324,8188,8207,8186,8253,8348,3.045730829238892,False
125,8182,8203,8196,8235,8233,8208,8202,8179,8258,8145,8129,8158,8175,8276,3.053840160369873,False
126,8154,8181,8159,8206,8181,8170,8167,8150,8224,8109,8093,8126,8129,8239,3.060922384262085,False
127,8142,8162,8101,8178,8146,8146,8155,8125,8207,8090,8081,8112,8102,8223,3.0688483715057373,False
237,8151,8158,8147,8153,8197,8142,8150,8136,8176,8075,8057,8134,8071,8230,3.076876640319824,False
0,8152,8154,8156,8141,8185,8136,8145,8141,8162,8077,8061,8137,8071,8246,3.084836483001709,False
1,8157,8146,8145,8132,8154,8131,8145,8142,8166,8087,8099,8146,8102,8257,3.092949628829956,False
2,8161,8138,8110,8133,8135,8143,8162,8137,8182,8097,8137,8153,8136,8276,3.100900411605835,False
3,8175,8183,8220,8156,8235,8172,8150,8170,8175,8101,8139,8180,8137,8272,3.108963966369629,False
4,8176,8194,8243,8179,8218,8184,8141,8185,8170,8109,8149,8186,8152,8258,3.1169769763946533,False
5,8172,8168,8112,8201,8122,8177,8160,8147,8188,8123,8182,8166,8202,8285,3.1237688064575195,False
6,8237,8239,8260,8238,8241,8186,8145,8182,8185,8126,8193,8220,8210,8321,3.1318576335906982,False
7,8266,8262,8289,8257,8212,8193,8137,8203,8194,8135,8203,8231,8212,8335,3.139958381652832,False
8,8225,8202,8113,8242,8114,8187,8151,8161,8213,8145,8209,8180,8232,8332,3.147912740707397,False
9,8207,8199,8173,8225,8212,8180,8139,8174,8195,8136,8182,8185,8214,8312,3.155954122543335,False
10,8184,8202,8215,8208,8217,8171,8137,8200,8177,8121,8168,8185,8191,8295,3.16390323638916,False
11,8149,8166,8129,8187,8136,8161,8156,8193,8176,8111,8170,8165,8192,8283,3.171706199645996,False
12,8137,8129,8087,8171,8115,8149,8165,8170,8165,8106,8159,8152,8183,8272,3.179973125457764,False
13,8160,8158,8189,8164,8193,8143,8158,8180,8150,8094,8142,8172,8160,8272,3.1868815422058105,False
14,8189,8180,8225,8179,8172,8145,8158,8191,8154,8084,8159,8192,8171,8296,3.194978952407837,False
15,8187,8160,8131,8205,8119,8144,8169,8165,8169,8095,8196,8185,8202,8323,3.202847003936768,False
16,8204,8206,8287,8215,8280,8149,8143,8201,8152,8101,8177,8227,8182,8314,3.210908889770508,False
17,8195,8196,8282,8210,8215,8150,8130,8196,8142,8097,8154,8213,8166,8299,3.2189321517944336,False
18,8169,8142,8066,8200,8060,8143,8140,8126,8150,8088,8166,8152,8181,8304,3.226799488067627,False
19,8203,8178,8158,8210,8176,8147,8118,8135,8139,8082,8165,8178,8174,8310,3.234998941421509,False
20,8216,8198,8210,8210,8187,8155,8108,8154,8144,8098,8160,8184,8180,8305,3.242983102798462,False
21,8197,8201,8137,8119,8148,8156,8116,8156,8158,8114,8155,8165,8191,8291,3.2508203983306885,False
22,8188,8200,8144,7978,8182,8158,8116,8170,8151,8116,8148,8172,8188,8296,3.257977247238159,False
23,8172,8173,8166,7925,8194,8163,8126,8177,8142,8115,8140,8168,8195,8304,3.2660036087036133,False
24,8155,8150,8167,7933,8178,8165,8143,8186,8138,8110,8124,8159,8194,8276,3.2740392684936523,False
25,8125,8130,8091,7908,8131,8152,8149,8166,8145,8109,8113,8135,8181,8250,3.2822251319885254,False
26,8121,8146,8126,7901,8173,8149,8135,8160,8142,8107,8102,8136,8166,8250,3.28998064994812,False
27,8125,8139,8140,7923,8156,8154,8133,8156,8136,8096,8095,8139,8167,8262,3.298053979873657,False
28,8112,8131,8122,7928,8157,8148,8128,8148,8133,8087,8077,8131,8152,8246,3.3058724403381348,False
29,8115,8161,8251,7931,8252,8146,8108,8186,8114,8081,8050,8156,8108,8193,3.313697576522827,False
30,8075,8125,8156,7942,8143,8151,8122,8160,8115,8077,8064,8126,8105,8171,3.320902109146118,False
31,8050,8109,8048,7968,8098,8153,8134,8120,8129,8080,8090,8110,8126,8214,3.328895807266236,False
32,8110,8147,8121,8016,8163,8146,8127,8136,8145,8102,8122,8155,8160,8279,3.336902379989624,False
33,8178,8180,8182,8056,8195,8149,8126,8166,8169,8121,8152,8186,8195,8304,3.3448965549468994,False
34,8227,8231,8345,8079,8293,8185,8109,8221,8168,8112,8141,8236,8188,8290,3.352803945541382,False
35,8211,8195,8265,8089,8180,8207,8123,8193,8170,8123,8149,8215,8205,8303,3.360592842102051,False
36,8160,8135,8039,8081,8049,8193,8167,8119,8178,8147,8169,8154,8243,8330,3.3688979148864746,False
37,8161,8152,8089,8063,8144,8180,8173,8130,8165,8140,8147,8163,8224,8318,3.376708745956421,False
38,8175,8166,8200,8059,8214,8173,8147,8165,8158,8128,8117,8184,8182,8283,3.384901523590088,False
39,8170,8156,8197,8076,8178,8164,8139,8177,8173,8134,8110,8178,8172,8269,3.3919036388397217,False
40,8147,8142,8098,8099,8106,8157,8162,8168,8199,8145,8113,8140,8175,8258,3.3998594284057617,False
41,8145,8175,8187,8125,8221,8167,8161,8196,8194,8134,8084,8149,8134,8220,3.4078540802001958,False
42,8152,8189,8288,8153,8273,8176,8144,8214,8173,8115,8064,8179,8098,8197,3.4159750938415527,False
43,8113,8130,8089,8162,8092,8157,8165,8153,8185,8120,8090,8136,8130,8227,3.4236645698547363,False
44,8108,8130,8073,8163,8112,8143,8170,8148,8184,8117,8093,8136,8142,8252,3.4318199157714844,False
45,8130,8158,8189,8171,8181,8148,8150,8178,8162,8102,8079,8169,8125,8244,3.4389092922210693,False
46,8119,8146,8142,8184,8141,8150,8149,8155,8153,8105,8087,8158,8130,8245,3.447901725769043,False
47,8109,8142,8147,8188,8168,8139,8153,8151,8147,8109,8088,8154,8121,8249,3.454913377761841,False
48,8101,8140,8166,8186,8168,8130,8152,8159,8152,8107,8085,8151,8112,8254,3.4628772735595703,False
49,8125,8152,8167,8188,8142,8141,8151,8158,8161,8115,8094,8162,8138,8271,3.47072434425354,False
50,8152,8152,8117,8192,8093,8149,8161,8147,8164,8125,8113,8163,8172,8291,3.478884696960449,False
51,8153,8164,8147,8197,8154,8147,8148,8154,8155,8118,8111,8165,8169,8284,3.4867794513702397,False
52,8152,8168,8216,8182,8204,8141,8125,8163,8140,8112,8103,8172,8154,8275,3.4949772357940674,False
53,8132,8129,8109,8154,8112,8131,8136,8130,8143,8124,8116,8141,8169,8291,3.502760887145996,False
54,8150,8173,8213,8171,8206,8144,8135,8172,8138,8127,8108,8176,8162,8280,3.5109786987304688,False
55,8176,8197,8303,8211,8232,8166,8145,8224,8156,8141,8118,8213,8168,8269,3.51781964302063,False
56,8148,8131,8088,8198,8080,8162,8183,8179,8198,8167,8158,8158,8208,8295,3.525855541229248,False
57,8136,8127,8060,8163,8102,8156,8183,8164,8195,8154,8140,8135,8199,8292,3.5338027477264404,False
58,8146,8156,8162,8167,8167,8168,8172,8183,8182,8140,8099,8147,8167,8257,3.5419814586639404,False
59,8154,8163,8193,8175,8182,8174,8184,8189,8187,8148,8100,8161,8160,8244,3.549858570098877,False
60,8153,8151,8173,8161,8157,8156,8176,8176,8186,8139,8116,8163,8162,8254,3.558028221130371,False
61,8153,8141,8158,8152,8145,8148,8153,8157,8168,8122,8110,8149,8156,8252,3.5658323764801025,False
62,8172,8157,8198,8168,8165,8160,8151,8163,8162,8129,8109,8166,8156,8252,3.57390570640564,False
63,8173,8166,8135,8202,8111,8150,8152,8151,8183,8143,8134,8167,8182,8278,3.581815004348755,False
64,8185,8191,8161,8227,8169,8136,8125,8154,8183,8138,8124,8168,8183,8287,3.588906764984131,False
65,8209,8197,8234,8224,8216,8139,8113,8164,8159,8140,8111,8179,8170,8287,3.596684694290161,False
66,8201,8180,8178,8197,8162,8136,8132,8158,8163,8150,8127,8167,8180,8303,3.604816436767578,False
67,8189,8194,8216,8175,8198,8129,8138,8189,8173,8139,8117,8177,8175,8299,3.612806558609009,False
68,8150,8158,8137,8171,8129,8134,8158,8172,8183,8138,8112,8154,8176,8281,3.620982170104981,False
69,8138,8147,8120,8176,8145,8149,8171,8156,8176,8145,8120,8152,8174,8265,3.628772497177124,False
70,8159,8163,8237,8162,8220,8155,8163,8188,8151,8130,8115,8178,8147,8246,3.63679575920105,False
71,8122,8115,8121,8137,8121,8149,8179,8159,8160,8127,8121,8139,8150,8244,3.644797086715698,False
72,8122,8132,8138,8148,8160,8148,8169,8161,8168,8133,8119,8149,8157,8246,3.651578903198242,False
73,8152,8163,8232,8167,8194,8154,8141,8184,8159,8126,8112,8171,8150,8250,3.659773111343384,False
74,8135,8127,8136,8155,8109,8164,8142,8152,8162,8120,8110,8137,8151,8254,3.667733907699585,False
75,8132,8115,8085,8146,8106,8175,8154,8138,8168,8129,8112,8128,8156,8254,3.67588472366333,False
76,8158,8148,8150,8157,8184,8177,8161,8163,8177,8143,8115,8152,8163,8266,3.683813571929932,False
77,8177,8177,8224,8170,8231,8170,8159,8191,8186,8144,8116,8181,8167,8281,3.691785335540772,False
78,8154,8151,8105,8181,8108,8150,8165,8171,8204,8154,8134,8154,8182,8293,3.699824333190918,False
79,8157,8172,8140,8194,8161,8142,8158,8193,8205,8164,8147,8157,8188,8287,3.707849502563477,False
80,8203,8205,8336,8196,8286,8162,8158,8250,8195,8159,8143,8218,8194,8284,3.714900732040405,False
81,8180,8147,8173,8194,8126,8172,8203,8202,8216,8171,8155,8180,8224,8297,3.722763776779175,False
82,8154,8146,8081,8201,8108,8181,8223,8176,8231,8177,8150,8141,8208,8284,3.730990648269653,False
83,8166,8176,8202,8203,8200,8194,8206,8208,8225,8159,8134,8159,8171,8254,3.738672018051148,False
84,8141,8141,8146,8185,8139,8186,8201,8181,8220,8152,8133,8150,8172,8244,3.746860980987549,False
85,8115,8128,8103,8168,8146,8181,8195,8151,8202,8153,8127,8140,8167,8245,3.754662275314331,False
86,8128,8143,8147,8171,8214,8195,8187,8160,8192,8150,8126,8148,8162,8252,3.7627341747283936,False
87,8165,8160,8208,8176,8247,8196,8179,8180,8194,8150,8140,8179,8180,8271,3.7707369327545166,False
88,8174,8151,8170,8175,8187,8179,8176,8163,8196,8158,8163,8175,8203,8297,3.778687000274658,False
89,8186,8171,8153,8200,8198,8170,8175,8156,8201,8174,8184,8171,8222,8321,3.785590410232544,False
90,8236,8221,8255,8231,8274,8171,8166,8196,8214,8190,8200,8221,8245,8345,3.7937421798706055,False
91,8231,8193,8175,8229,8196,8161,8169,8186,8231,8201,8215,8208,8274,8358,3.801751613616944,False
92,8207,8178,8160,8217,8211,8148,8157,8178,8215,8187,8190,8185,8258,8334,3.809811353683472,False
93,8210,8189,8236,8207,8245,8144,8143,8191,8187,8175,8155,8193,8222,8313,3.8177177906036377,False
94,8175,8151,8134,8179,8163,8137,8148,8159,8185,8180,8145,8152,8207,8300,3.8257131576538086,False
95,8141,8144,8124,8161,8182,8137,8145,8162,8181,8176,8129,8129,8184,8267,3.8337695598602295,False
96,8130,8147,8150,8157,8166,8142,8143,8169,8176,8168,8123,8129,8168,8239,3.841782808303833,False
97,8125,8145,8149,8149,8134,8139,8136,8155,8169,8165,8121,8133,8154,8235,3.848544120788574,False
98,8130,8144,8156,8151,8126,8140,8139,8168,8175,8176,8129,8144,8163,8252,3.856679201126098,False
99,8136,8148,8129,8160,8129,8150,8164,8183,8199,8196,8151,8152,8202,8276,3.864736557006836,False
100,8158,8175,8193,8171,8194,8164,8175,8198,8197,8192,8151,8181,8205,8290,3.872696876525879,False
101,8162,8165,8158,8178,8144,8163,8188,8181,8190,8186,8153,8172,8193,8302,3.8806419372558594,False
102,8158,8163,8141,8166,8147,8147,8185,8176,8186,8188,8159,8162,8192,8298,3.888685703277588,False
103,8156,8161,8200,8147,8190,8136,8166,8184,8171,8179,8140,8173,8178,8272,3.896693468093872,False
104,8130,8126,8122,8140,8115,8129,8162,8149,8169,8169,8108,8146,8158,8263,3.904741764068604,False
105,8139,8144,8160,8145,8157,8122,8149,8156,8167,8167,8095,8149,8140,8265,3.912648916244507,False
106,8142,8149,8188,8151,8184,8114,8139,8166,8165,8171,8112,8150,8144,8258,3.9197144508361816,False
107,8121,8137,8149,8163,8165,8119,8141,8158,8168,8174,8120,8142,8154,8253,3.927799701690674,False
108,8134,8149,8190,8168,8190,8122,8137,8178,8167,8174,8108,8159,8150,8250,3.9357540607452393,False
109,8137,8132,8145,8152,8161,8113,8145,8169,8174,8173,8108,8137,8150,8251,3.943846940994263,False
110,8144,8141,8177,8147,8189,8128,8157,8167,8166,8166,8111,8142,8140,8240,3.951707363128662,False
111,8150,8156,8190,8164,8154,8143,8177,8163,8170,8173,8127,8165,8151,8247,3.9597151279449454,False
112,8152,8156,8144,8176,8138,8145,8189,8153,8191,8184,8142,8167,8170,8280,3.9678030014038086,False
113,8169,8150,8177,8168,8188,8147,8170,8161,8178,8177,8131,8171,8160,8286,3.9756014347076416,False
114,8148,8115,8134,8148,8147,8132,8155,8145,8152,8162,8119,8139,8143,8256,3.982662916183472,False
115,8138,8131,8189,8137,8186,8124,8150,8153,8142,8150,8101,8145,8112,8230,3.990654706954956,False
116,8151,8141,8187,8153,8142,8136,8161,8157,8165,8150,8109,8153,8120,8241,3.998600244522095,False
117,8148,8133,8127,8170,8104,8135,8175,8159,8178,8155,8124,8140,8142,8252,4.006740570068359,False
118,8153,8162,8246,8171,8206,8139,8177,8209,8158,8150,8104,8169,8119,8247,4.014735460281372,False
119,8125,8136,8179,8163,8139,8158,8196,8192,8167,8149,8094,8149,8110,8255,4.022861003875732,False
120,8101,8103,8077,8148,8089,8161,8198,8152,8168,8143,8085,8119,8111,8252,4.030705451965332,False
121,8112,8106,8132,8131,8126,8148,8183,8160,8145,8139,8071,8123,8092,8230,4.0388288497924805,False
122,8112,8111,8154,8126,8128,8146,8169,8164,8150,8154,8073,8121,8083,8213,4.046860218048096,False
123,8113,8120,8183,8130,8123,8141,8137,8169,8153,8166,8086,8139,8096,8206,4.053718328475952,False
124,8098,8105,8129,8139,8052,8119,8115,8147,8131,8177,8115,8132,8124,8224,4.061801671981812,False
125,8118,8139,8169,8167,8118,8128,8114,8151,8118,8191,8140,8147,8147,8250,4.069646835327148,False
126,8154,8168,8194,8196,8142,8163,8135,8168,8141,8200,8166,8165,8165,8256,4.077882289886475,False
127,8149,8158,8138,8199,8102,8180,8157,8149,8157,8202,8176,8151,8160,8247,4.085833311080933,False
237,8165,8196,8264,8211,8213,8185,8148,8173,8144,8195,8171,8184,8144,8239,4.093729972839356,False
0,8152,8182,8207,8235,8158,8190,8161,8165,8170,8196,8186,8168,8164,8236,4.101723670959473,False
1,8132,8161,8131,8227,8119,8201,8176,8144,8182,8182,8159,8136,8153,8213,4.108877420425415,False
2,8158,8178,8217,8204,8184,8201,8160,8162,8141,8156,8126,8164,8125,8215,4.116859674453735,False
3,8173,8168,8153,8218,8123,8185,8162,8145,8140,8157,8162,8163,8163,8262,4.12493634223938,False
4,8178,8177,8122,8244,8108,8179,8175,8141,8153,8157,8179,8151,8182,8278,4.132633447647095,False
5,8176,8190,8175,8227,8145,8180,8179,8176,8143,8150,8159,8159,8154,8272,4.140863418579102,False
6,8183,8193,8220,8204,8173,8175,8168,8205,8152,8152,8161,8184,8151,8291,4.1488730907440186,False
7,8171,8163,8174,8200,8133,8168,8156,8184,8171,8159,8162,8172,8169,8306,4.156804323196411,False
8,8126,8129,8109,8176,8113,8169,8157,8149,8157,8164,8146,8133,8167,8275,4.164822101593018,False
9,8125,8147,8196,8157,8172,8180,8153,8178,8143,8173,8144,8151,8157,8248,4.172844171524048,False
10,8143,8143,8170,8173,8112,8175,8147,8179,8170,8200,8166,8151,8179,8267,4.179840087890625,False
11,8158,8160,8157,8198,8133,8162,8140,8169,8187,8216,8171,8147,8196,8273,4.1878745555877686,False
12,8183,8195,8259,8208,8213,8173,8143,8202,8183,8214,8173,8181,8193,8261,4.195853471755981,False
13,8180,8174,8188,8218,8123,8188,8162,8191,8197,8219,8190,8165,8213,8275,4.2035651206970215,False
14,8196,8181,8163,8229,8127,8197,8168,8172,8199,8224,8183,8152,8215,8279,4.211812973022461,False
15,8202,8183,8158,8219,8156,8208,8185,8174,8198,8216,8170,8149,8195,8262,4.2197206020355225,False
16,8178,8164,8139,8206,8158,8218,8196,8178,8192,8202,8156,8153,8185,8263,4.227790832519531,False
17,8194,8194,8229,8228,8193,8226,8184,8183,8172,8190,8139,8188,8180,8288,4.235801935195923,False
18,8203,8204,8173,8261,8138,8226,8190,8155,8181,8192,8154,8175,8192,8316,4.242844104766846,False
19,8189,8189,8137,8247,8162,8226,8199,8161,8196,8194,8165,8161,8197,8308,4.250753402709961,False
20,8170,8160,8168,8201,8177,8223,8196,8171,8188,8188,8145,8156,8183,8281,4.258809566497803,False
21,8153,8143,8150,8186,8143,8215,8181,8158,8171,8174,8118,8141,8169,8268,4.2669103145599365,False
22,8163,8153,8180,8209,8150,8207,8167,8176,8157,8167,8112,8159,8161,8268,4.274840116500855,False
23,8163,8137,8141,8219,8097,8199,8176,8166,8157,8177,8137,8160,8175,8284,4.28266191482544,False
24,8182,8149,8194,8208,8155,8201,8164,8164,8141,8166,8135,8177,8167,8296,4.290616273880005,False
25,8201,8154,8238,8208,8187,8209,8146,8168,8120,8146,8105,8182,8147,8301,4.298753499984741,False
26,8186,8143,8155,8223,8137,8201,8144,8132,8120,8156,8099,8150,8147,8297,4.306690692901611,False
27,8206,8186,8196,8257,8167,8194,8131,8135,8125,8166,8127,8177,8159,8290,4.313777446746826,False
28,8244,8206,8189,8304,8120,8198,8135,8149,8144,8174,8170,8201,8201,8305,4.321687698364258,False
29,8257,8204,8173,8317,8124,8199,8145,8145,8156,8183,8171,8188,8218,8322,4.329869270324707,False
30,8248,8189,8195,8288,8164,8186,8136,8146,8151,8179,8152,8186,8207,8329,4.337786912918091,False
31,8241,8184,8179,8281,8154,8185,8130,8155,8154,8184,8153,8186,8216,8339,4.34586238861084,False
32,8250,8210,8216,8295,8178,8205,8138,8182,8163,8202,8149,8191,8221,8337,4.353851079940796,False
33,8217,8177,8143,8273,8127,8209,8162,8165,8169,8199,8142,8156,8213,8322,4.3616814613342285,False
34,8195,8162,8155,8244,8160,8195,8161,8164,8152,8169,8120,8148,8186,8300,4.369884252548218,False
35,8195,8167,8193,8236,8153,8195,8160,8188,8144,8164,8103,8160,8164,8282,4.376620292663574,False
36,8154,8131,8097,8223,8082,8204,8184,8176,8171,8184,8118,8132,8172,8266,4.38463568687439,False
37,8145,8136,8195,8210,8201,8206,8173,8201,8176,8182,8123,8159,8165,8244,4.392826318740845,False
38,8155,8122,8201,8208,8182,8189,8162,8199,8182,8185,8132,8169,8164,8255,4.400661468505859,False
39,8173,8120,8119,8225,8114,8187,8181,8179,8208,8202,8146,8155,8183,8289,4.408620119094849,False
40,8206,8155,8196,8240,8176,8205,8184,8204,8207,8197,8146,8184,8199,8307,4.416841983795166,False
41,8204,8143,8187,8232,8160,8206,8166,8185,8191,8192,8151,8182,8210,8317,4.424720764160156,False
42,8208,8142,8176,8228,8150,8200,8152,8156,8176,8188,8148,8179,8200,8312,4.432733297348023,False
43,8222,8149,8165,8239,8135,8192,8162,8137,8169,8175,8140,8175,8189,8306,4.439857721328735,False
44,8234,8161,8181,8247,8165,8181,8155,8133,8155,8166,8133,8173,8177,8310,4.447851657867432,False
45,8242,8180,8217,8260,8181,8170,8134,8138,8135,8163,8137,8179,8165,8313,4.457281112670898,False
46,8238,8184,8157,8271,8132,8155,8140,8122,8140,8154,8156,8175,8187,8323,4.4636170864105225,False
47,8265,8212,8235,8262,8206,8159,8142,8160,8136,8142,8155,8215,8199,8347,4.471661567687988,False
48,8266,8198,8236,8252,8182,8167,8137,8180,8128,8149,8149,8208,8193,8361,4.479648590087891,False
49,8213,8164,8121,8240,8116,8152,8136,8151,8131,8154,8140,8153,8177,8319,4.487697601318359,False
50,8186,8166,8166,8204,8174,8140,8135,8168,8128,8144,8119,8155,8157,8270,4.495753765106201,False
51,8162,8139,8153,8178,8165,8152,8165,8184,8139,8154,8123,8155,8163,8279,4.503730535507202,False
52,8142,8133,8131,8192,8162,8172,8189,8187,8157,8170,8128,8144,8160,8272,4.51068925857544,False
53,8143,8149,8128,8196,8123,8172,8188,8192,8175,8174,8135,8142,8156,8246,4.518715858459473,False
54,8151,8162,8148,8178,8124,8160,8189,8213,8190,8181,8151,8158,8175,8265,4.526702880859375,False
55,8169,8156,8207,8177,8167,8161,8201,8231,8194,8181,8148,8183,8180,8297,4.53464412689209,False
56,8165,8114,8112,8177,8090,8163,8218,8183,8195,8171,8143,8151,8175,8288,4.54272723197937,False
57,8189,8158,8208,8172,8190,8170,8195,8185,8165,8153,8123,8171,8154,8266,4.550729513168335,False
58,8196,8178,8294,8171,8226,8169,8173,8199,8145,8144,8112,8192,8140,8274,4.558636903762817,False
59,8148,8109,8087,8165,8059,8153,8195,8139,8167,8156,8135,8136,8158,8291,4.566859483718872,False
60,8167,8129,8083,8178,8101,8148,8200,8135,8165,8157,8137,8142,8160,8291,4.57379961013794,False
61,8202,8176,8191,8195,8195,8148,8175,8162,8143,8139,8115,8169,8143,8283,4.581923723220825,False
62,8194,8172,8194,8185,8182,8133,8159,8171,8143,8131,8117,8169,8148,8282,4.589906692504883,False
63,8182,8151,8156,8173,8111,8115,8171,8185,8162,8147,8142,8170,8176,8304,4.597744464874268,False
64,8168,8138,8126,8175,8092,8117,8183,8193,8181,8164,8142,8164,8187,8324,4.605912208557129,False
65,8169,8156,8189,8165,8176,8142,8184,8215,8201,8168,8125,8176,8177,8310,4.613881349563599,False
66,8169,8162,8187,8166,8170,8164,8206,8218,8230,8187,8141,8169,8192,8302,4.621837854385376,False
67,8159,8159,8157,8192,8146,8174,8225,8202,8242,8202,8151,8161,8206,8314,4.629918336868286,False
68,8139,8151,8143,8199,8152,8182,8226,8194,8243,8206,8139,8160,8200,8308,4.637844085693359,False
69,8128,8150,8136,8189,8167,8184,8223,8190,8245,8199,8138,8149,8193,8277,4.644960880279541,False
70,8152,8168,8208,8195,8198,8170,8197,8189,8222,8176,8139,8163,8174,8260,4.652889966964722,False
71,8156,8146,8126,8209,8111,8139,8179,8140,8205,8172,8147,8148,8178,8286,4.660638332366943,False
72,8187,8182,8176,8218,8188,8127,8161,8140,8191,8171,8137,8173,8183,8313,4.668866157531738,False
73,8227,8214,8329,8206,8259,8132,8132,8180,8163,8152,8121,8220,8161,8305,4.676916122436523,False
74,8165,8134,8135,8173,8083,8104,8131,8123,8153,8142,8131,8161,8159,8286,4.684651136398315,False
75,8129,8120,8071,8159,8108,8073,8130,8108,8138,8141,8126,8134,8157,8274,4.692817687988281,False
76,8160,8154,8173,8165,8181,8072,8123,8154,8127,8141,8109,8159,8152,8278,4.6998209953308105,False
77,8159,8150,8134,8160,8129,8083,8140,8164,8148,8143,8102,8147,8152,8280,4.70796799659729,False
78,8145,8152,8127,8159,8147,8102,8166,8180,8171,8152,8111,8141,8149,8273,4.71586799621582,False
79,8142,8153,8153,8169,8183,8122,8179,8200,8196,8168,8122,8143,8153,8275,4.723897457122803,False
80,8149,8166,8212,8179,8219,8139,8182,8223,8210,8171,8114,8157,8154,8272,4.73185396194458,False
81,8141,8167,8171,8184,8162,8153,8199,8213,8220,8171,8131,8155,8167,8270,4.739808082580566,False
82,8134,8167,8128,8193,8142,8160,8202,8192,8228,8187,8158,8157,8194,8284,4.747889757156372,False
83,8151,8176,8179,8209,8177,8165,8194,8192,8226,8194,8165,8183,8217,8318,4.7558913230896,False
84,8160,8170,8138,8214,8138,8160,8213,8174,8230,8187,8176,8179,8223,8339,4.763808727264404,False
85,8190,8199,8205,8213,8199,8152,8206,8189,8217,8180,8171,8200,8202,8324,4.770960092544556,False
86,8211,8209,8248,8230,8198,8149,8195,8196,8212,8187,8167,8212,8211,8323,4.7788708209991455,False
87,8196,8197,8157,8253,8134,8155,8209,8170,8227,8196,8173,8183,8231,8335,4.786818027496338,False
88,8197,8206,8174,8248,8163,8156,8208,8179,8218,8190,8162,8183,8213,8320,4.794837474822998,False
89,8191,8188,8142,8229,8135,8146,8210,8167,8207,8181,8165,8176,8220,8319,4.802784204483032,False
90,8209,8221,8225,8233,8214,8150,8199,8185,8191,8170,8168,8201,8230,8329,4.810681819915772,False
91,8225,8231,8293,8236,8243,8153,8189,8212,8183,8169,8167,8214,8218,8327,4.818804979324341,False
92,8165,8160,8115,8202,8115,8137,8206,8175,8202,8187,8174,8156,8225,8325,4.826716184616089,False
93,8114,8137,8068,8159,8114,8128,8204,8162,8204,8188,8157,8132,8216,8298,4.833874702453613,False
94,8100,8134,8118,8149,8155,8129,8186,8161,8186,8177,8134,8124,8180,8251,4.841791868209839,False
95,8100,8130,8159,8142,8181,8135,8179,8160,8169,8160,8110,8117,8141,8213,4.849726915359497,False
96,8093,8118,8143,8120,8140,8145,8178,8156,8173,8144,8095,8108,8133,8199,4.857764482498169,False
97,8096,8132,8129,8130,8146,8151,8166,8165,8188,8150,8114,8116,8153,8222,4.8657755851745605,False
98,8161,8196,8291,8169,8268,8153,8154,8222,8192,8168,8150,8194,8174,8273,4.873708724975586,False
99,8182,8166,8211,8173,8145,8137,8178,8212,8215,8181,8173,8192,8212,8323,4.8816978931427,False
100,8161,8125,8084,8156,8080,8120,8178,8176,8227,8174,8164,8146,8217,8329,4.88969612121582,False
101,8189,8171,8210,8159,8205,8129,8152,8200,8204,8164,8160,8172,8193,8321,4.896680593490601,False
102,8195,8184,8203,8169,8171,8133,8171,8199,8198,8165,8170,8178,8196,8320,4.90462851524353,False
103,8182,8172,8161,8175,8134,8122,8182,8187,8191,8162,8155,8173,8187,8302,4.912658452987671,False
104,8185,8160,8179,8161,8144,8119,8167,8184,8176,8159,8151,8173,8179,8302,4.920770168304443,False
105,8200,8168,8181,8158,8169,8136,8183,8185,8185,8170,8171,8178,8206,8326,4.928614377975464,False
106,8208,8194,8179,8218,8184,8135,8195,8186,8193,8188,8178,8185,8219,8329,4.936667919158936,False
107,8191,8199,8150,8252,8153,8108,8161,8167,8175,8187,8160,8173,8206,8313,4.94466495513916,False
108,8198,8219,8216,8233,8191,8119,8131,8178,8158,8171,8133,8183,8190,8315,4.9526777267456055,False
109,8191,8208,8182,8233,8159,8148,8156,8176,8172,8170,8127,8165,8188,8323,4.9605231285095215,False
110,8168,8186,8140,8230,8165,8146,8169,8171,8177,8177,8116,8143,8174,8295,4.968738555908203,False
111,8172,8190,8224,8202,8215,8151,8154,8202,8164,8164,8094,8165,8141,8262,4.975697755813599,False
112,8150,8164,8159,8192,8139,8171,8175,8188,8178,8148,8099,8143,8128,8249,4.983727693557739,False
113,8138,8159,8130,8204,8153,8166,8187,8171,8173,8136,8098,8131,8117,8231,4.991811275482178,False
114,8159,8166,8151,8208,8155,8149,8172,8166,8145,8124,8082,8137,8107,8225,4.9996325969696045,False
115,8175,8184,8149,8216,8130,8165,8172,8160,8138,8124,8082,8133,8106,8233,5.007499933242798,False
116,8180,8204,8203,8224,8178,8188,8173,8167,8137,8127,8097,8143,8095,8226,5.015620231628418,False
117,8150,8176,8143,8221,8159,8175,8173,8150,8135,8127,8114,8132,8090,8208,5.023639678955078,False
118,8134,8179,8148,8225,8176,8162,8176,8164,8131,8125,8110,8141,8087,8193,5.031708478927612,False
119,8130,8183,8168,8224,8162,8171,8190,8184,8138,8140,8119,8140,8101,8196,5.038769721984863,False
120,8134,8182,8155,8221,8162,8171,8182,8185,8159,8164,8146,8129,8131,8210,5.046653509140015,False
121,8168,8208,8218,8230,8209,8166,8155,8201,8169,8169,8159,8161,8156,8231,5.054644346237183,False
122,8153,8191,8139,8229,8136,8159,8155,8165,8162,8170,8164,8147,8176,8253,5.06263542175293,False
123,8129,8189,8162,8198,8188,8148,8131,8142,8118,8156,8132,8136,8147,8232,5.070727109909058,False
124,8121,8179,8220,8162,8217,8142,8103,8152,8091,8138,8105,8140,8115,8194,5.078723669052124,False
125,8100,8137,8117,8159,8123,8148,8117,8129,8115,8139,8116,8110,8133,8207,5.086498975753784,False
126,8119,8142,8149,8168,8153,8151,8116,8143,8114,8129,8110,8127,8131,8238,5.094763278961182,False
127,8130,8129,8148,8151,8136,8135,8113,8157,8101,8114,8101,8136,8116,8256,5.101689338684082,False
237,8128,8127,8162,8133,8157,8137,8124,8164,8107,8116,8107,8141,8116,8260,5.10993218421936,False
0,8133,8137,8208,8130,8177,8165,8142,8187,8125,8131,8126,8163,8137,8269,5.117910861968994,False
1,8120,8116,8143,8125,8117,8175,8158,8174,8140,8145,8149,8155,8167,8290,5.125747919082642,False
2,8134,8132,8182,8136,8161,8172,8151,8168,8133,8138,8147,8167,8163,8288,5.13387942314148,False
3,8145,8137,8176,8162,8151,8162,8144,8158,8129,8128,8150,8167,8157,8279,5.141818046569824,False
4,8151,8149,8171,8179,8159,8161,8146,8165,8130,8132,8162,8174,8166,8283,5.149864435195923,False
5,8180,8183,8214,8200,8175,8178,8168,8190,8149,8147,8178,8196,8188,8306,5.157830238342285,False
6,8196,8201,8174,8227,8143,8175,8184,8185,8179,8163,8193,8180,8219,8324,5.165722846984863,False
7,8194,8220,8222,8227,8201,8152,8157,8203,8171,8163,8183,8186,8217,8309,5.172560453414917,False
8,8162,8193,8194,8204,8169,8132,8142,8202,8158,8160,8174,8175,8214,8290,5.180735111236572,False
9,8152,8182,8128,8196,8124,8146,8165,8191,8173,8167,8173,8158,8230,8293,5.188631057739258,False
10,8170,8200,8157,8203,8140,8160,8181,8203,8184,8176,8162,8168,8227,8305,5.196783542633057,False
11,8158,8179,8133,8192,8112,8138,8164,8185,8173,8169,8151,8159,8210,8304,5.204832315444946,False
12,8157,8171,8167,8171,8142,8129,8137,8171,8141,8141,8136,8158,8189,8279,5.212647914886475,False
13,8160,8167,8179,8164,8153,8141,8136,8157,8128,8129,8123,8148,8166,8253,5.220806121826172,False
14,8153,8174,8173,8172,8151,8139,8138,8154,8141,8141,8121,8148,8151,8241,5.228771209716797,False
15,8165,8183,8196,8182,8138,8125,8135,8161,8141,8144,8129,8161,8151,8233,5.235853672027588,False
16,8155,8160,8124,8185,8105,8129,8148,8137,8136,8132,8129,8139,8152,8230,5.243800163269043,False
17,8163,8178,8205,8192,8197,8147,8136,8153,8114,8111,8106,8163,8119,8237,5.251898527145386,False
18,8187,8182,8234,8201,8143,8146,8128,8160,8099,8113,8130,8183,8133,8267,5.259918928146362,False
19,8183,8166,8130,8203,8064,8144,8146,8134,8108,8129,8178,8170,8193,8300,5.267812252044678,False
20,8189,8188,8216,8198,8169,8160,8144,8168,8101,8123,8175,8204,8199,8305,5.275889873504639,False
21,8171,8163,8195,8175,8121,8151,8145,8177,8106,8120,8178,8197,8197,8305,5.283828496932983,False
22,8142,8141,8104,8156,8056,8117,8145,8157,8122,8133,8187,8163,8214,8305,5.291635751724243,False
23,8149,8167,8140,8178,8089,8109,8140,8177,8139,8148,8186,8172,8218,8313,5.299662828445435,False
24,8159,8181,8174,8196,8120,8129,8143,8202,8155,8162,8191,8183,8215,8300,5.306621789932251,False
25,8158,8178,8182,8187,8135,8132,8135,8201,8163,8172,8192,8182,8217,8268,5.314750909805298,False
26,8138,8166,8117,8190,8089,8122,8139,8176,8179,8184,8191,8156,8229,8267,5.322734117507935,False
27,8142,8185,8171,8205,8154,8133,8141,8187,8172,8170,8177,8163,8208,8264,5.330605983734131,False
28,8156,8181,8203,8206,8161,8151,8145,8183,8154,8150,8168,8172,8181,8251,5.3385326862335205,False
29,8160,8172,8139,8208,8114,8150,8164,8157,8160,8155,8170,8165,8182,8266,5.346616268157959,False
30,8185,8206,8240,8218,8191,8149,8169,8189,8152,8143,8157,8196,8177,8275,5.35474419593811,False
31,8166,8175,8192,8213,8133,8158,8188,8189,8141,8127,8162,8171,8180,8263,5.361741542816162,False
32,8145,8159,8115,8201,8104,8168,8200,8175,8140,8132,8169,8139,8178,8250,5.369768142700195,False
33,8168,8184,8196,8204,8163,8166,8191,8191,8131,8132,8167,8161,8173,8248,5.377874135971069,False
34,8178,8164,8165,8215,8116,8155,8191,8169,8129,8128,8176,8160,8191,8271,5.385718584060669,False
35,8192,8162,8175,8210,8123,8158,8187,8164,8132,8136,8175,8166,8191,8296,5.393823862075806,False
36,8186,8162,8175,8184,8118,8166,8169,8172,8146,8150,8174,8167,8191,8302,5.401724100112915,False
37,8184,8169,8175,8190,8130,8166,8145,8184,8166,8165,8199,8179,8221,8306,5.409706592559815,False
38,8200,8169,8194,8216,8150,8158,8145,8197,8181,8178,8219,8191,8243,8318,5.417675018310547,False
39,8170,8138,8134,8201,8116,8140,8146,8175,8184,8173,8191,8161,8234,8306,5.425776243209839,False
40,8160,8148,8200,8169,8169,8140,8133,8193,8172,8163,8161,8174,8215,8288,5.432698965072632,False
41,8174,8145,8187,8169,8140,8141,8149,8197,8181,8177,8190,8182,8232,8313,5.440619468688965,False
42,8172,8150,8140,8190,8122,8123,8155,8174,8169,8177,8187,8176,8231,8323,5.448732614517212,False
43,8177,8172,8198,8200,8150,8123,8137,8183,8136,8155,8149,8190,8197,8295,5.456596612930298,False
44,8189,8164,8148,8198,8100,8145,8159,8186,8152,8158,8165,8176,8206,8307,5.464640378952026,False
45,8222,8192,8196,8199,8162,8146,8168,8202,8161,8166,8186,8199,8225,8344,5.472657203674316,False
46,8221,8191,8207,8211,8138,8122,8147,8187,8142,8163,8183,8207,8220,8355,5.480838298797607,False
47,8202,8172,8141,8222,8096,8136,8160,8168,8152,8168,8179,8178,8211,8355,5.488767623901367,False
48,8208,8195,8202,8208,8162,8165,8177,8197,8164,8171,8170,8185,8196,8349,5.495865106582642,False
49,8179,8171,8173,8186,8117,8149,8165,8179,8155,8169,8167,8170,8187,8321,5.5037171840667725,False
50,8159,8142,8130,8175,8091,8138,8156,8161,8150,8168,8166,8150,8179,8282,5.511853456497192,False
51,8169,8143,8119,8162,8089,8151,8172,8169,8168,8172,8169,8143,8178,8277,5.5198163986206055,False
52,8171,8161,8174,8160,8145,8149,8170,8175,8178,8168,8160,8154,8171,8290,5.527553558349609,False
53,8166,8154,8222,8170,8165,8152,8154,8182,8168,8159,8151,8180,8171,8292,5.535839319229126,False
54,8142,8113,8098,8161,8059,8162,8164,8153,8165,8167,8160,8153,8189,8284,5.543810129165649,False
55,8165,8150,8180,8154,8142,8164,8153,8163,8147,8163,8148,8162,8166,8268,5.551888465881348,False
56,8193,8176,8245,8174,8165,8162,8140,8176,8138,8156,8155,8183,8163,8277,5.558836460113525,False
57,8166,8150,8118,8194,8071,8152,8149,8149,8151,8161,8178,8160,8193,8300,5.566629409790039,False
58,8165,8175,8176,8197,8136,8141,8141,8173,8145,8158,8162,8176,8185,8305,5.574822902679443,False
59,8167,8179,8186,8192,8140,8132,8144,8187,8145,8159,8153,8176,8184,8314,5.582853078842163,False
60,8161,8169,8127,8197,8109,8132,8156,8179,8151,8174,8160,8159,8197,8323,5.590687274932861,False
61,8171,8180,8155,8202,8124,8144,8156,8183,8148,8176,8148,8161,8187,8309,5.598796367645264,False
62,8164,8175,8181,8182,8137,8158,8152,8173,8138,8153,8131,8151,8166,8273,5.606849908828735,False
63,8139,8156,8178,8164,8131,8166,8159,8170,8136,8146,8134,8154,8159,8260,5.614863395690918,False
64,8111,8127,8085,8179,8060,8166,8172,8156,8159,8168,8151,8141,8170,8278,5.621828317642212,False
65,8131,8148,8138,8185,8112,8175,8156,8161,8156,8158,8141,8142,8156,8261,5.629833221435547,False
66,8156,8165,8199,8180,8136,8183,8157,8168,8146,8139,8132,8152,8148,8242,5.637854814529419,False
67,8149,8159,8133,8195,8103,8182,8185,8160,8167,8155,8156,8147,8168,8263,5.645805597305298,False
68,8161,8190,8226,8206,8191,8180,8180,8195,8156,8154,8157,8173,8157,8263,5.653695106506348,False
69,8149,8167,8216,8192,8140,8176,8188,8189,8139,8135,8149,8164,8146,8257,5.661844491958618,False
70,8147,8154,8138,8196,8089,8179,8202,8157,8149,8138,8160,8155,8159,8287,5.669784784317017,False
71,8180,8181,8178,8219,8145,8177,8179,8164,8139,8138,8165,8178,8170,8314,5.677860498428345,False
72,8168,8169,8154,8212,8149,8155,8158,8149,8127,8134,8161,8161,8173,8303,5.685662031173706,False
73,8161,8176,8191,8189,8173,8133,8135,8144,8123,8130,8142,8157,8149,8271,5.69273853302002,False
74,8166,8178,8170,8186,8105,8125,8119,8139,8117,8125,8143,8147,8137,8255,5.7008607387542725,False
75,8165,8172,8133,8191,8089,8135,8131,8146,8119,8132,8161,8146,8157,8264,5.70882248878479,False
76,8166,8173,8193,8178,8140,8142,8143,8170,8125,8140,8163,8170,8162,8280,5.716688394546509,False
77,8133,8138,8138,8152,8077,8133,8147,8159,8128,8140,8164,8149,8163,8271,5.724802017211914,False
78,8121,8139,8143,8151,8097,8143,8144,8169,8133,8146,8168,8153,8172,8255,5.732699155807495,False
79,8141,8153,8157,8174,8117,8157,8147,8181,8161,8167,8174,8167,8184,8271,5.740969657897949,False
80,8151,8165,8164,8188,8148,8152,8142,8186,8177,8173,8164,8166,8179,8275,5.748651266098023,False
81,8166,8189,8259,8192,8195,8151,8139,8214,8167,8158,8163,8193,8177,8269,5.755865097045898,False
82,8158,8169,8163,8184,8087,8142,8160,8188,8178,8169,8191,8177,8203,8301,5.763859272003174,False
83,8162,8167,8131,8173,8105,8133,8152,8178,8170,8175,8182,8171,8200,8320,5.771790981292725,False
84,8190,8179,8209,8192,8173,8138,8133,8192,8150,8151,8159,8186,8187,8313,5.779732942581177,False
85,8194,8178,8174,8219,8130,8133,8135,8166,8150,8140,8161,8174,8191,8312,5.787700891494751,False
86,8193,8186,8164,8217,8119,8119,8124,8152,8142,8152,8163,8178,8189,8312,5.79566216468811,False
87,8190,8175,8150,8204,8113,8118,8111,8151,8136,8155,8161,8174,8194,8315,5.803754091262817,False
88,8190,8185,8189,8208,8154,8113,8103,8163,8122,8134,8138,8176,8171,8298,5.811654806137085,False
89,8166,8170,8171,8191,8116,8104,8110,8159,8110,8135,8130,8163,8144,8261,5.818577289581299,False
90,8121,8141,8107,8151,8076,8109,8124,8147,8122,8148,8133,8136,8146,8241,5.826610565185547,False
91,8130,8154,8176,8125,8143,8123,8130,8179,8132,8140,8105,8150,8136,8239,5.834566116333008,False
92,8152,8144,8141,8135,8093,8130,8145,8177,8148,8145,8122,8151,8154,8255,5.842694997787476,False
93,8179,8172,8164,8170,8122,8148,8146,8177,8163,8162,8174,8177,8197,8282,5.850630044937134,False
94,8203,8196,8244,8180,8181,8167,8145,8194,8163,8173,8189,8209,8214,8309,5.858525276184082,False
95,8185,8159,8162,8160,8115,8165,8163,8177,8164,8174,8187,8188,8226,8324,5.866692304611206,False
96,8189,8166,8168,8164,8123,8169,8169,8181,8171,8180,8201,8198,8246,8340,5.874650716781616,False
97,8210,8190,8187,8181,8135,8178,8169,8186,8180,8187,8210,8208,8262,8369,5.882727146148682,False
98,8230,8205,8204,8181,8158,8175,8162,8191,8170,8175,8193,8219,8255,8380,5.889638423919678,False
99,8228,8190,8193,8176,8129,8172,8164,8189,8170,8172,8195,8223,8258,8375,5.897709369659424,False
100,8195,8173,8138,8175,8108,8168,8171,8174,8191,8185,8201,8196,8270,8367,5.905700445175171,False
101,8195,8206,8252,8160,8212,8165,8149,8211,8178,8177,8172,8216,8240,8342,5.913696765899658,False
102,8162,8160,8162,8126,8109,8155,8153,8191,8165,8167,8155,8184,8210,8312,5.921768665313721,False
103,8133,8125,8074,8114,8067,8152,8174,8158,8157,8166,8145,8142,8188,8284,5.929723262786865,False
104,8161,8158,8204,8127,8152,8157,8177,8195,8141,8165,8139,8168,8181,8268,5.937656879425049,False
105,8144,8137,8134,8118,8076,8164,8198,8186,8160,8171,8154,8155,8196,8272,5.945672273635864,False
106,8138,8139,8132,8104,8125,8180,8211,8181,8176,8177,8168,8162,8197,8279,5.953696250915527,False
107,8165,8167,8210,8121,8175,8182,8210,8190,8168,8179,8178,8183,8200,8289,5.96067214012146,False
108,8161,8159,8163,8137,8111,8169,8214,8155,8149,8164,8161,8167,8195,8288,5.968689203262329,False
109,8152,8146,8131,8131,8097,8168,8213,8127,8123,8134,8129,8160,8166,8277,5.976737976074219,False
110,8153,8150,8134,8138,8118,8177,8205,8135,8123,8131,8134,8160,8154,8272,5.984630584716797,False
111,8178,8183,8197,8163,8156,8191,8184,8163,8140,8150,8152,8170,8163,8260,5.992614030838013,False
112,8196,8193,8184,8189,8120,8198,8176,8155,8164,8166,8164,8163,8191,8269,6.000607967376709,False
113,8203,8197,8172,8200,8136,8199,8170,8153,8180,8169,8165,8171,8217,8303,6.0084967613220215,False
114,8205,8195,8203,8174,8142,8196,8150,8181,8172,8167,8158,8196,8215,8321,6.016643047332764,False
115,8181,8162,8133,8146,8053,8176,8152,8170,8166,8176,8173,8180,8232,8323,6.0237531661987305,False
116,8181,8174,8181,8154,8116,8158,8158,8181,8170,8194,8182,8193,8253,8324,6.031695127487183,False
117,8182,8169,8199,8165,8141,8161,8164,8192,8182,8203,8181,8204,8248,8324,6.039698362350464,False
118,8158,8152,8123,8153,8090,8166,8168,8177,8189,8205,8183,8182,8247,8314,6.047612428665161,False
119,8159,8181,8198,8147,8147,8164,8160,8196,8180,8206,8171,8192,8247,8306,6.055759429931641,False
120,8158,8170,8183,8146,8148,8156,8166,8185,8180,8207,8150,8171,8233,8304,6.06367564201355,False
121,8170,8172,8153,8153,8154,8169,8177,8167,8176,8197,8127,8156,8199,8290,6.071660280227661,False
122,8183,8192,8177,8170,8164,8196,8185,8165,8166,8187,8113,8164,8182,8280,6.07962965965271,False
123,8179,8183,8163,8180,8178,8213,8196,8155,8172,8179,8120,8163,8192,8289,6.086620569229126,False
124,8210,8197,8209,8210,8221,8230,8208,8175,8185,8172,8151,8190,8216,8319,6.094662666320801,False
125,8229,8202,8171,8232,8156,8234,8222,8177,8199,8183,8193,8195,8258,8350,6.1026904582977295,False
126,8219,8204,8170,8212,8169,8225,8214,8170,8194,8184,8183,8190,8253,8333,6.110545635223389,True
127,8211,8200,8195,8195,8188,8217,8199,8167,8179,8160,8146,8187,8215,8306,6.118710279464722,True
237,8201,8202,8152,8203,8155,8200,8186,8155,8177,8153,8140,8174,8211,8312,6.126782417297363,True
0,8205,8219,8221,8201,8200,8171,8155,8169,8153,8147,8122,8191,8188,8295,6.134658336639404,True
1,8177,8178,8149,8182,8115,8143,8145,8146,8125,8134,8103,8164,8155,8255,6.142874240875244,True
2,8157,8178,8114,8180,8128,8138,8142,8137,8121,8132,8108,8149,8156,8238,6.150781631469727,True
3,8170,8200,8216,8185,8229,8154,8136,8181,8124,8139,8128,8176,8177,8249,6.157724618911743,True
4,8155,8166,8146,8175,8175,8164,8148,8176,8134,8156,8150,8161,8198,8274,6.165827512741089,False
5,8169,8178,8171,8161,8192,8158,8135,8177,8137,8166,8147,8177,8199,8291,6.1736791133880615,False
6,8187,8183,8191,8153,8159,8159,8130,8181,8160,8177,8163,8189,8220,8308,6.181729555130005,False
7,8183,8175,8155,8158,8125,8188,8160,8186,8195,8204,8189,8185,8248,8325,6.189685583114624,False
8,8191,8198,8192,8176,8163,8210,8187,8207,8212,8223,8205,8199,8253,8338,6.196638822555542,False
9,8192,8208,8173,8191,8158,8205,8211,8195,8228,8227,8218,8188,8260,8343,6.205787897109985,False
10,8206,8224,8220,8197,8199,8211,8220,8201,8226,8217,8188,8189,8248,8331,6.213568449020386,False
11,8202,8202,8167,8204,8150,8222,8237,8191,8226,8212,8172,8167,8247,8326,6.220737934112549,False
12,8198,8195,8135,8210,8158,8225,8245,8180,8240,8215,8201,8162,8254,8323,6.228742361068726,False
13,8216,8212,8236,8200,8220,8220,8222,8188,8237,8212,8215,8197,8247,8314,6.236688852310181,False
14,8189,8189,8168,8185,8153,8204,8205,8148,8222,8205,8193,8173,8244,8308,6.24456262588501,False
15,8172,8199,8141,8190,8168,8199,8185,8136,8199,8191,8166,8159,8225,8298,6.252772092819214,False
16,8175,8210,8167,8195,8179,8196,8159,8150,8191,8184,8165,8165,8203,8283,6.260725736618042,False
17,8161,8201,8157,8182,8172,8182,8143,8153,8202,8183,8162,8158,8202,8271,6.268686771392822,False
18,8157,8208,8166,8179,8187,8176,8153,8172,8206,8192,8162,8174,8217,8282,6.276612281799316,False
19,8155,8194,8125,8186,8164,8179,8184,8171,8200,8202,8170,8173,8226,8308,6.284682512283325,False
20,8175,8197,8183,8185,8223,8185,8193,8176,8186,8201,8162,8185,8225,8316,6.29169511795044,False
21,8198,8193,8192,8181,8196,8174,8185,8175,8189,8211,8171,8192,8253,8332,6.299617052078247,False
22,8205,8189,8143,8185,8148,8164,8181,8174,8197,8219,8196,8192,8279,8361,6.307759761810303,False
23,8222,8202,8214,8191,8203,8176,8188,8202,8192,8210,8206,8218,8273,8368,6.31567645072937,False
24,8205,8180,8154,8176,8157,8181,8215,8196,8220,8215,8215,8195,8279,8362,6.323643445968628,False
25,8197,8201,8175,8167,8199,8188,8229,8217,8246,8221,8210,8194,8275,8347,6.3317551612854,False
26,8208,8211,8241,8183,8235,8207,8243,8232,8248,8216,8204,8209,8260,8335,6.339771032333374,False
27,8186,8173,8143,8188,8167,8204,8255,8179,8238,8209,8206,8176,8261,8339,6.346583604812622,False
28,8183,8183,8173,8178,8198,8191,8227,8167,8196,8187,8186,8183,8243,8338,6.354748487472534,False
29,8184,8181,8178,8175,8172,8199,8206,8162,8176,8182,8182,8189,8238,8345,6.362609624862671,False
30,8179,8176,8154,8174,8165,8208,8195,8150,8180,8193,8176,8185,8239,8347,6.370527505874634,False
31,8168,8182,8178,8158,8198,8190,8174,8161,8171,8184,8146,8178,8211,8319,6.378745317459106,False
32,8153,8164,8148,8152,8181,8177,8171,8167,8178,8182,8150,8159,8205,8304,6.38655424118042,False
33,8158,8157,8158,8162,8183,8188,8185,8178,8199,8205,8179,8171,8230,8320,6.3947062492370605,False
34,8155,8157,8125,8169,8153,8191,8202,8171,8211,8218,8196,8167,8255,8328,6.402812242507935,False
35,8185,8197,8180,8185,8210,8178,8197,8180,8206,8208,8197,8184,8257,8315,6.410723924636841,False
36,8218,8222,8227,8209,8225,8176,8198,8188,8200,8202,8210,8200,8253,8320,6.417707204818726,False
37,8191,8198,8145,8208,8168,8184,8209,8152,8183,8183,8206,8167,8239,8318,6.42580246925354,False
38,8195,8219,8245,8201,8255,8194,8189,8160,8142,8152,8169,8186,8191,8288,6.433748722076416,False
39,8205,8213,8240,8211,8214,8206,8201,8159,8139,8155,8174,8186,8187,8291,6.441768169403076,False
40,8170,8185,8117,8203,8142,8212,8234,8132,8146,8153,8175,8149,8194,8294,6.449695110321045,False
41,8156,8184,8152,8167,8175,8208,8224,8143,8125,8124,8137,8154,8160,8259,6.457706451416016,False
42,8158,8170,8155,8152,8151,8203,8207,8154,8130,8133,8133,8158,8157,8260,6.465714693069458,False
43,8167,8174,8164,8163,8170,8208,8203,8180,8159,8164,8159,8176,8189,8301,6.473709583282471,False
44,8163,8165,8140,8161,8170,8201,8202,8188,8186,8183,8187,8189,8225,8327,6.480712175369263,False
45,8158,8161,8145,8154,8201,8200,8197,8192,8206,8204,8205,8191,8247,8333,6.488631963729858,False
46,8181,8172,8201,8154,8221,8216,8193,8220,8219,8220,8211,8204,8263,8342,6.496584177017212,False
47,8188,8155,8145,8161,8155,8220,8201,8208,8231,8231,8221,8200,8288,8359,6.504754304885864,False
48,8208,8183,8204,8180,8212,8213,8199,8204,8220,8228,8219,8220,8285,8358,6.512846946716309,False
49,8219,8193,8186,8188,8180,8201,8205,8184,8200,8216,8211,8204,8272,8352,6.520815134048462,False
50,8217,8199,8152,8194,8163,8196,8206,8168,8183,8204,8195,8185,8253,8347,6.528771638870239,False
51,8246,8234,8302,8206,8266,8208,8199,8206,8166,8193,8175,8228,8219,8336,6.53669810295105,False
52,8225,8200,8210,8193,8180,8210,8225,8183,8172,8186,8170,8195,8208,8322,6.543681383132935,False
53,8192,8180,8097,8190,8133,8203,8228,8144,8169,8171,8156,8144,8190,8302,6.551762104034424,False
54,8203,8213,8156,8233,8169,8209,8208,8156,8167,8166,8154,8160,8173,8305,6.55966854095459,False
55,8200,8231,8171,8251,8174,8211,8208,8163,8176,8159,8151,8173,8172,8302,6.567681789398193,False
56,8172,8218,8178,8227,8194,8204,8211,8157,8160,8139,8125,8169,8152,8261,6.575640439987183,False
57,8138,8183,8123,8208,8150,8197,8207,8143,8153,8140,8125,8144,8143,8235,6.583701848983765,False
58,8144,8188,8146,8196,8177,8177,8186,8157,8161,8154,8132,8154,8151,8239,6.591722965240479,False
59,8151,8184,8171,8179,8185,8143,8166,8162,8166,8157,8132,8160,8154,8251,6.599583625793457,False
60,8134,8171,8138,8164,8167,8119,8153,8147,8159,8158,8135,8141,8154,8250,6.607710838317871,False
61,8150,8193,8182,8161,8199,8113,8128,8162,8141,8169,8137,8161,8157,8252,6.614892959594727,False
62,8154,8179,8117,8167,8137,8096,8123,8152,8149,8178,8154,8162,8177,8277,6.622663259506226,False
63,8166,8199,8156,8171,8196,8097,8143,8173,8164,8168,8149,8169,8171,8285,6.630813837051392,False
64,8189,8227,8257,8164,8255,8127,8184,8215,8166,8170,8137,8181,8156,8264,6.638853311538696,False
65,8172,8182,8151,8159,8157,8142,8231,8202,8194,8189,8160,8155,8180,8263,6.6469011306762695,False
66,8167,8169,8142,8170,8171,8166,8261,8216,8241,8193,8192,8167,8196,8279,6.654820203781128,False
67,8177,8184,8167,8184,8189,8194,8287,8222,8275,8208,8213,8178,8200,8287,6.662837266921997,False
68,8205,8215,8196,8200,8208,8199,8284,8204,8272,8220,8208,8186,8200,8295,6.67094087600708,False
69,8223,8236,8225,8213,8220,8187,8262,8197,8251,8205,8194,8187,8200,8302,6.677810192108154,False
70,8186,8207,8147,8202,8168,8183,8248,8173,8244,8196,8196,8154,8203,8291,6.685782194137573,False
71,8168,8197,8163,8176,8192,8184,8218,8170,8225,8191,8193,8164,8190,8276,6.693773031234741,False
72,8164,8191,8145,8170,8180,8166,8205,8159,8212,8178,8182,8165,8184,8283,6.701848268508911,False
73,8163,8200,8143,8177,8200,8146,8196,8159,8213,8181,8180,8159,8187,8290,6.709701299667358,False
74,8173,8202,8190,8163,8207,8142,8177,8175,8213,8196,8189,8171,8189,8288,6.717771768569946,False
75,8151,8175,8124,8149,8143,8141,8182,8150,8204,8189,8182,8146,8177,8270,6.725579500198364,False
76,8147,8199,8197,8162,8217,8131,8175,8161,8178,8170,8159,8158,8151,8250,6.733887434005737,False
77,8158,8197,8223,8165,8211,8113,8169,8178,8175,8173,8177,8172,8167,8264,6.741528034210205,False
78,8150,8165,8126,8138,8150,8116,8187,8162,8182,8190,8205,8154,8187,8279,6.748646020889282,False
79,8152,8171,8152,8130,8185,8131,8195,8166,8169,8190,8200,8161,8177,8266,6.756870269775391,False
80,8155,8166,8160,8142,8167,8122,8187,8170,8178,8185,8208,8159,8186,8268,6.764867544174194,False
81,8172,8181,8184,8170,8179,8119,8176,8181,8194,8188,8224,8169,8201,8279,6.772930145263672,False
82,8188,8200,8176,8207,8172,8136,8184,8177,8192,8190,8238,8180,8204,8283,6.780876874923706,False
83,8200,8220,8182,8216,8181,8148,8192,8177,8189,8183,8234,8188,8200,8292,6.7888383865356445,False
84,8214,8223,8222,8210,8202,8153,8196,8205,8202,8183,8231,8197,8204,8311,6.796878099441528,False
85,8189,8188,8128,8222,8148,8150,8213,8191,8230,8194,8260,8172,8224,8318,6.80481481552124,False
86,8183,8204,8185,8216,8209,8139,8204,8189,8220,8182,8258,8188,8217,8293,6.811692953109741,False
87,8170,8187,8203,8172,8184,8133,8186,8175,8180,8163,8230,8185,8195,8269,6.819957733154297,False
88,8118,8135,8094,8134,8130,8133,8174,8125,8150,8161,8202,8139,8180,8259,6.8276448249816895,False
89,8115,8158,8171,8125,8204,8124,8155,8146,8141,8160,8177,8161,8156,8246,6.835848808288574,False
90,8124,8159,8174,8123,8146,8118,8159,8171,8168,8172,8187,8174,8162,8249,6.84382963180542,False
91,8125,8142,8136,8125,8132,8136,8166,8168,8192,8190,8208,8163,8189,8262,6.851658821105957,False
92,8142,8150,8147,8134,8166,8145,8158,8167,8194,8205,8223,8170,8207,8287,6.8598713874816895,False
93,8172,8178,8168,8156,8177,8141,8156,8169,8196,8212,8240,8191,8229,8323,6.867843866348267,False
94,8204,8211,8262,8176,8237,8143,8164,8199,8195,8214,8253,8229,8240,8331,6.875650644302368,False
95,8175,8179,8176,8168,8157,8137,8184,8179,8192,8223,8255,8197,8238,8317,6.882711410522461,False
96,8148,8172,8123,8159,8141,8139,8201,8171,8192,8212,8241,8168,8220,8305,6.890896320343018,False
97,8165,8190,8189,8173,8201,8154,8227,8212,8220,8203,8238,8188,8222,8305,6.898942947387695,False
98,8163,8175,8156,8186,8177,8151,8243,8205,8245,8217,8252,8180,8235,8309,6.906824350357056,False
99,8164,8195,8182,8196,8194,8135,8212,8178,8213,8210,8251,8188,8221,8302,6.914825916290283,False
100,8169,8206,8172,8222,8169,8132,8186,8147,8190,8200,8257,8196,8228,8306,6.922671318054199,False
101,8182,8213,8169,8244,8180,8131,8168,8148,8195,8203,8263,8195,8241,8318,6.930606126785278,False
102,8180,8213,8196,8231,8210,8118,8140,8162,8182,8204,8252,8185,8223,8311,6.938849687576294,False
103,8143,8192,8139,8205,8187,8115,8144,8145,8174,8206,8246,8157,8217,8290,6.945866107940674,False
104,8152,8204,8187,8201,8224,8141,8157,8164,8175,8197,8229,8177,8205,8276,6.953790664672852,False
105,8165,8188,8180,8189,8168,8153,8161,8168,8185,8193,8212,8179,8186,8274,6.9618079662323,False
106,8148,8163,8129,8160,8135,8137,8165,8149,8193,8204,8214,8160,8188,8270,6.969842433929443,False
107,8145,8156,8173,8149,8177,8126,8163,8154,8174,8197,8212,8165,8192,8262,6.977607011795044,False
108,8138,8139,8144,8146,8146,8118,8161,8148,8159,8180,8206,8156,8185,8264,6.985777139663696,False
109,8153,8157,8185,8142,8178,8123,8166,8162,8162,8188,8202,8185,8180,8282,6.99378776550293,False
110,8168,8161,8190,8154,8170,8139,8192,8170,8176,8209,8225,8201,8210,8312,7.001618146896362,False
111,8167,8167,8166,8174,8193,8151,8201,8173,8176,8212,8239,8186,8225,8311,7.008841276168823,False
112,8178,8193,8244,8168,8237,8160,8187,8189,8153,8196,8215,8190,8190,8287,7.016786098480225,False
113,8160,8162,8145,8155,8122,8147,8199,8154,8161,8183,8207,8163,8192,8291,7.024862766265869,False
114,8149,8148,8105,8155,8133,8125,8196,8153,8165,8172,8210,8164,8206,8284,7.032862901687622,False
115,8159,8167,8175,8152,8171,8123,8188,8178,8157,8173,8219,8182,8196,8268,7.0408360958099365,False
116,8161,8180,8156,8158,8127,8129,8196,8163,8174,8197,8236,8174,8208,8291,7.048726320266724,False
117,8175,8194,8167,8175,8159,8127,8192,8170,8189,8214,8246,8189,8234,8311,7.056576251983643,False
118,8179,8182,8164,8185,8184,8130,8197,8183,8192,8213,8255,8187,8242,8306,7.06474757194519,False
119,8176,8187,8194,8189,8214,8151,8203,8188,8181,8210,8238,8183,8220,8296,7.07287859916687,False
120,8166,8184,8149,8191,8159,8154,8207,8173,8187,8216,8236,8176,8225,8311,7.079714775085449,False
121,8175,8186,8131,8196,8150,8138,8204,8167,8201,8218,8268,8185,8249,8336,7.087805986404419,False
122,8206,8206,8226,8197,8227,8129,8191,8185,8191,8209,8281,8214,8249,8331,7.095699071884155,False
123,8194,8180,8148,8199,8178,8119,8186,8162,8196,8221,8280,8191,8267,8323,7.103581428527832,False
124,8209,8208,8187,8221,8222,8115,8174,8171,8206,8230,8277,8209,8278,8343,7.111725091934204,False
125,8233,8230,8253,8224,8237,8108,8160,8173,8180,8208,8268,8226,8254,8357,7.119856595993042,False
126,8199,8183,8130,8199,8151,8102,8156,8119,8146,8188,8256,8174,8227,8326,7.127769708633423,False
127,8199,8186,8169,8195,8217,8117,8152,8136,8138,8180,8245,8187,8215,8309,7.135681390762329,False
237,8208,8188,8194,8194,8221,8128,8160,8164,8146,8185,8252,8202,8231,8340,7.142670392990112,False
0,8190,8181,8149,8188,8179,8123,8167,8151,8137,8186,8244,8182,8226,8342,7.150647401809692,False
1,8200,8205,8187,8207,8198,8123,8172,8165,8136,8182,8228,8193,8214,8323,7.15882682800293,False
2,8223,8213,8203,8223,8209,8116,8175,8183,8164,8192,8238,8206,8226,8332,7.166610240936279,False
3,8223,8215,8207,8213,8210,8108,8161,8185,8165,8197,8238,8202,8217,8329,7.174589157104492,False
4,8195,8193,8128,8211,8132,8114,8164,8151,8153,8188,8228,8174,8206,8309,7.182655572891235,False
5,8197,8186,8144,8222,8184,8121,8165,8144,8153,8184,8215,8178,8199,8300,7.190735816955566,False
6,8213,8186,8208,8225,8234,8125,8157,8162,8157,8197,8208,8190,8198,8300,7.198882341384888,False
7,8185,8176,8134,8210,8161,8134,8173,8153,8166,8203,8215,8170,8218,8302,7.205794095993042,False
8,8187,8199,8211,8194,8228,8150,8174,8177,8149,8196,8206,8197,8212,8288,7.213804006576538,False
9,8177,8164,8180,8193,8179,8161,8182,8164,8147,8207,8213,8185,8204,8277,7.222116470336914,False
10,8152,8151,8109,8202,8152,8181,8199,8154,8172,8207,8214,8156,8210,8282,7.229563236236572,False
11,8164,8193,8220,8208,8253,8203,8201,8207,8191,8200,8211,8190,8212,8287,7.23774266242981,False
12,8142,8157,8147,8205,8199,8203,8223,8199,8214,8222,8232,8172,8227,8286,7.2456746101379395,False
13,8131,8147,8153,8199,8216,8205,8231,8196,8216,8227,8221,8168,8227,8274,7.253577947616577,False
14,8135,8163,8213,8191,8227,8213,8224,8200,8202,8207,8209,8184,8214,8272,7.26175332069397,False
15,8121,8148,8132,8195,8167,8207,8223,8158,8189,8199,8224,8165,8207,8278,7.269678115844727,False
16,8144,8153,8114,8216,8162,8194,8212,8143,8186,8206,8228,8166,8206,8285,7.276590585708618,False
17,8168,8170,8143,8221,8184,8181,8193,8153,8195,8211,8206,8178,8197,8287,7.284834384918213,False
18,8172,8192,8213,8216,8244,8170,8174,8180,8184,8201,8179,8192,8167,8266,7.292722225189209,False
19,8162,8175,8144,8222,8162,8159,8181,8181,8193,8202,8191,8170,8178,8269,7.300827980041504,False
20,8168,8184,8157,8217,8186,8163,8186,8186,8208,8209,8181,8172,8188,8293,7.3088297843933105,False
21,8171,8194,8283,8192,8281,8163,8174,8208,8182,8200,8148,8202,8162,8281,7.316757440567017,False
22,8124,8127,8133,8183,8160,8143,8194,8164,8177,8205,8173,8154,8173,8260,7.324886560440063,False
23,8142,8157,8190,8185,8231,8152,8195,8182,8182,8206,8184,8176,8179,8264,7.332784175872803,False
24,8172,8180,8289,8168,8270,8167,8185,8209,8168,8188,8159,8209,8160,8273,7.339791059494018,False
25,8115,8098,8042,8140,8076,8150,8208,8133,8166,8186,8163,8130,8171,8269,7.3478617668151855,False
26,8100,8097,8014,8133,8115,8157,8216,8124,8170,8194,8172,8121,8172,8258,7.3557045459747314,False
27,8138,8147,8187,8145,8242,8186,8207,8180,8170,8185,8162,8175,8148,8251,7.363738775253296,False
28,8147,8150,8187,8148,8194,8181,8213,8187,8172,8183,8158,8176,8142,8246,7.3718695640563965,False
29,8147,8134,8102,8146,8123,8170,8233,8171,8192,8207,8177,8157,8171,8269,7.379594564437866,False
30,8174,8149,8153,8160,8194,8182,8244,8200,8204,8214,8183,8179,8186,8304,7.387879371643066,False
31,8192,8165,8234,8169,8231,8189,8241,8228,8195,8198,8165,8198,8167,8303,7.395900249481201,False
32,8156,8140,8124,8149,8144,8185,8258,8192,8205,8205,8158,8151,8161,8278,7.40387749671936,False
33,8151,8156,8146,8142,8229,8202,8275,8205,8219,8218,8157,8154,8164,8260,7.410860776901245,False
34,8168,8159,8225,8139,8274,8211,8278,8246,8221,8212,8155,8177,8151,8254,7.418807744979858,False
35,8130,8115,8122,8109,8147,8189,8266,8196,8212,8202,8151,8137,8136,8241,7.426831245422363,False
36,8119,8128,8130,8108,8166,8184,8248,8161,8190,8194,8153,8141,8133,8238,7.434840679168701,False
37,8149,8146,8157,8136,8196,8204,8250,8168,8191,8196,8181,8167,8159,8270,7.442866802215576,False
38,8170,8159,8175,8146,8210,8209,8227,8179,8201,8203,8200,8179,8185,8297,7.450867891311645,False
39,8176,8168,8210,8148,8212,8201,8192,8174,8198,8206,8203,8191,8198,8305,7.457669496536255,False
40,8159,8151,8137,8160,8157,8200,8194,8143,8205,8211,8206,8175,8203,8309,7.465826272964477,False
41,8168,8174,8171,8166,8214,8204,8182,8157,8203,8207,8189,8181,8181,8290,7.473848819732666,False
42,8173,8186,8175,8162,8221,8202,8169,8161,8192,8203,8179,8173,8178,8280,7.481820106506348,False
43,8160,8182,8144,8165,8212,8205,8179,8143,8185,8198,8181,8168,8183,8295,7.489864587783813,False
44,8161,8174,8183,8165,8217,8212,8183,8156,8174,8194,8179,8189,8172,8300,7.49786376953125,False
45,8160,8167,8152,8167,8175,8213,8188,8161,8181,8200,8182,8171,8186,8292,7.505638360977173,False
46,8181,8199,8209,8175,8246,8206,8190,8182,8178,8197,8173,8176,8187,8278,7.513664245605469,False
47,8167,8169,8187,8163,8214,8185,8188,8172,8162,8195,8158,8172,8165,8269,7.521867275238037,False
48,8132,8131,8101,8153,8131,8168,8192,8147,8171,8200,8152,8153,8162,8271,7.529605150222778,False
49,8155,8165,8158,8172,8170,8178,8203,8170,8185,8199,8165,8173,8172,8277,7.536850929260254,False
50,8176,8170,8159,8185,8196,8194,8212,8179,8185,8199,8191,8179,8184,8289,7.544867038726807,False
51,8197,8174,8204,8181,8241,8204,8206,8188,8175,8197,8192,8198,8180,8299,7.552887678146362,False
52,8213,8181,8206,8185,8187,8210,8216,8187,8187,8201,8196,8199,8180,8309,7.560826301574707,False
53,8197,8175,8136,8195,8157,8212,8227,8171,8204,8211,8209,8172,8184,8303,7.568872451782227,False
54,8180,8185,8170,8193,8217,8223,8211,8184,8205,8211,8198,8176,8182,8283,7.576956272125244,False
55,8154,8177,8146,8189,8175,8225,8205,8176,8214,8203,8191,8169,8190,8271,7.584899663925171,False
56,8160,8193,8189,8197,8213,8215,8201,8188,8206,8198,8193,8184,8186,8268,7.592864751815796,False
57,8179,8182,8167,8200,8188,8207,8197,8186,8214,8214,8221,8187,8202,8294,7.599822521209717,False
58,8191,8179,8148,8197,8179,8197,8181,8164,8216,8219,8225,8188,8211,8314,7.6077821254730225,False
59,8219,8221,8309,8199,8279,8191,8152,8193,8163,8188,8182,8228,8167,8294,7.6159350872039795,False
60,8184,8175,8175,8188,8150,8190,8185,8167,8164,8188,8180,8174,8166,8276,7.623876094818115,False
61,8136,8140,8066,8163,8129,8189,8208,8148,8205,8206,8189,8128,8182,8267,7.63161039352417,False
62,8138,8167,8206,8148,8240,8180,8169,8181,8179,8183,8163,8172,8149,8250,7.639984846115112,False
63,8130,8155,8148,8154,8148,8173,8164,8157,8159,8172,8150,8161,8139,8249,7.647937297821045,False
64,8132,8148,8070,8162,8109,8185,8188,8146,8187,8189,8158,8137,8162,8251,7.654714345932007,False
65,8150,8163,8144,8161,8190,8187,8191,8182,8195,8188,8168,8160,8176,8256,7.663947820663452,False
66,8173,8177,8230,8159,8225,8180,8187,8202,8176,8173,8179,8196,8176,8276,7.67093825340271,False
67,8192,8163,8166,8172,8132,8183,8199,8166,8182,8178,8205,8191,8191,8303,7.679056167602539,False
68,8199,8174,8128,8195,8133,8191,8196,8143,8191,8189,8220,8180,8209,8311,7.686991930007935,False
69,8210,8215,8279,8203,8259,8211,8173,8193,8180,8184,8203,8222,8196,8296,7.694863796234131,False
70,8186,8182,8204,8195,8167,8222,8191,8191,8205,8195,8212,8206,8203,8300,7.702925682067871,False
71,8169,8170,8103,8203,8121,8209,8204,8172,8236,8209,8231,8179,8227,8310,7.710927248001099,False
72,8183,8196,8193,8197,8210,8198,8194,8199,8229,8202,8205,8189,8224,8300,7.718982934951782,False
73,8159,8157,8159,8149,8188,8198,8201,8188,8226,8196,8161,8159,8198,8275,7.726934909820557,False
74,8147,8157,8177,8132,8214,8209,8196,8187,8216,8195,8145,8162,8172,8247,7.733744382858276,False
75,8155,8167,8178,8157,8187,8205,8182,8175,8198,8193,8163,8168,8186,8252,7.741859197616577,False
76,8165,8161,8170,8157,8189,8187,8169,8161,8173,8176,8154,8167,8189,8273,7.749879837036133,False
77,8172,8164,8235,8145,8236,8179,8157,8182,8147,8166,8130,8181,8168,8262,7.75777006149292,False
78,8143,8133,8150,8144,8155,8178,8166,8167,8162,8191,8155,8151,8191,8251,7.765809297561645,False
79,8146,8136,8110,8150,8137,8181,8176,8158,8184,8204,8173,8148,8208,8270,7.773853540420532,False
80,8169,8150,8101,8169,8158,8190,8189,8154,8186,8185,8161,8152,8192,8292,7.781645774841309,False
81,8173,8166,8164,8172,8246,8208,8187,8170,8176,8168,8141,8160,8169,8277,7.789838075637817,False
82,8186,8180,8270,8163,8267,8212,8176,8207,8177,8172,8143,8194,8170,8276,7.796847581863403,False
83,8187,8159,8154,8180,8136,8199,8196,8177,8190,8180,8177,8177,8206,8304,7.804971218109131,False
84,8195,8172,8151,8190,8192,8218,8217,8179,8188,8182,8181,8172,8217,8298,7.812827110290527,False
85,8185,8164,8178,8170,8203,8242,8237,8218,8212,8200,8171,8172,8217,8294,7.820860147476196,False
86,8172,8162,8139,8166,8166,8240,8248,8230,8250,8212,8177,8161,8223,8306,7.828914403915405,False
87,8185,8200,8221,8174,8262,8238,8228,8237,8239,8197,8172,8182,8205,8286,7.836822271347046,False
88,8145,8173,8159,8158,8203,8238,8228,8201,8224,8198,8164,8155,8194,8256,7.84467077255249,False
89,8104,8136,8073,8134,8129,8233,8233,8166,8224,8207,8145,8126,8193,8250,7.85284423828125,False
90,8114,8122,8111,8127,8171,8225,8197,8159,8212,8203,8130,8140,8193,8255,7.860727310180664,False
91,8122,8125,8147,8144,8207,8217,8159,8162,8202,8202,8132,8146,8201,8255,7.867828369140625,False
92,8131,8152,8165,8163,8191,8220,8166,8174,8206,8207,8136,8156,8210,8260,7.875767230987549,False
93,8142,8158,8133,8161,8147,8233,8185,8159,8212,8209,8146,8161,8220,8272,7.883578062057495,False
94,8173,8181,8208,8164,8217,8239,8170,8170,8207,8210,8148,8192,8219,8286,7.891526699066162,False
95,8177,8175,8213,8172,8211,8223,8160,8176,8206,8210,8153,8191,8218,8297,7.899815320968628,False
96,8154,8145,8122,8170,8172,8219,8178,8148,8203,8195,8155,8149,8203,8286,7.907610654830933,False
97,8182,8178,8220,8173,8256,8237,8180,8163,8173,8170,8125,8169,8160,8255,7.915849208831787,False
98,8185,8171,8191,8163,8188,8232,8178,8161,8161,8162,8116,8175,8155,8256,7.923640966415405,False
99,8149,8135,8095,8138,8143,8224,8185,8148,8175,8165,8140,8161,8184,8281,7.930958271026611,False
100,8159,8158,8190,8148,8240,8239,8187,8176,8174,8170,8167,8187,8195,8282,7.93870997428894,False
101,8159,8177,8213,8161,8239,8227,8171,8177,8167,8183,8179,8189,8199,8263,7.946859359741211,False
102,8120,8146,8132,8134,8182,8203,8152,8158,8166,8187,8169,8161,8201,8247,7.95464277267456,False
103,8099,8101,8055,8114,8122,8206,8162,8141,8187,8194,8163,8133,8208,8252,7.962811231613159,False
104,8132,8133,8160,8122,8203,8206,8150,8166,8188,8202,8147,8163,8198,8251,7.970660209655762,False
105,8125,8139,8183,8123,8193,8188,8133,8177,8174,8204,8145,8166,8195,8236,7.978836536407471,False
106,8094,8112,8089,8107,8141,8193,8154,8160,8196,8213,8169,8133,8221,8244,7.986778259277344,False
107,8173,8189,8335,8118,8332,8226,8147,8230,8201,8210,8182,8218,8217,8267,7.99386715888977,False
108,8200,8182,8325,8140,8241,8230,8151,8229,8200,8206,8199,8231,8223,8283,8.001694202423096,False
109,8143,8101,8017,8141,8024,8212,8189,8145,8220,8213,8211,8144,8259,8297,8.009761333465576,False
110,8182,8138,8076,8141,8125,8227,8208,8170,8226,8220,8203,8170,8261,8315,8.017669439315796,False
111,8218,8178,8199,8145,8202,8249,8227,8218,8229,8222,8193,8199,8240,8311,8.025832414627075,False
112,8172,8156,8177,8129,8175,8246,8239,8212,8226,8207,8180,8171,8218,8276,8.033623695373535,False
113,8136,8129,8135,8111,8163,8232,8226,8179,8205,8185,8159,8152,8199,8258,8.041683435440063,False
114,8145,8135,8163,8124,8190,8222,8194,8155,8168,8166,8135,8157,8168,8254,8.049827575683594,False
115,8152,8144,8180,8133,8162,8202,8164,8145,8153,8159,8133,8156,8156,8244,8.057782649993896,False
116,8138,8141,8112,8130,8108,8174,8142,8134,8165,8166,8148,8141,8178,8248,8.065757989883423,False
117,8148,8161,8159,8132,8169,8165,8108,8145,8147,8165,8140,8164,8174,8255,8.072930335998535,False
118,8150,8144,8164,8113,8161,8164,8090,8129,8121,8164,8145,8171,8176,8264,8.080751895904541,False
119,8144,8128,8136,8097,8166,8168,8095,8118,8121,8173,8167,8172,8197,8283,8.088915586471558,False
120,8180,8160,8228,8115,8221,8175,8107,8164,8129,8176,8159,8205,8185,8294,8.096770524978638,False
121,8192,8145,8169,8132,8125,8170,8131,8162,8156,8189,8161,8187,8187,8300,8.104856252670288,False
122,8192,8147,8158,8135,8144,8181,8140,8164,8177,8207,8182,8184,8217,8301,8.112771034240723,False
123,8186,8152,8174,8134,8169,8208,8154,8182,8189,8215,8200,8195,8239,8306,8.120854616165161,False
124,8164,8141,8134,8130,8144,8228,8176,8176,8206,8221,8198,8182,8243,8306,8.127667903900146,False
125,8175,8173,8254,8139,8241,8238,8170,8211,8205,8224,8178,8208,8240,8291,8.135749816894531,False
126,8155,8151,8197,8142,8179,8224,8180,8199,8198,8223,8176,8184,8246,8286,8.143651485443115,False
127,8113,8109,8066,8115,8111,8205,8196,8152,8187,8204,8156,8142,8219,8279,8.151857137680054,False
237,8103,8110,8101,8097,8154,8205,8192,8153,8171,8179,8116,8143,8178,8257,8.159611225128174,False
0,8108,8138,8150,8112,8184,8199,8185,8173,8160,8178,8107,8147,8171,8248,8.167858123779297,False
1,8130,8169,8196,8136,8201,8188,8175,8196,8148,8186,8120,8164,8171,8254,8.175801992416382,False
2,8129,8149,8139,8143,8148,8185,8169,8177,8157,8191,8134,8162,8176,8263,8.183696269989014,False
3,8134,8163,8183,8140,8215,8183,8154,8181,8158,8184,8123,8179,8171,8259,8.19070553779602,False
4,8136,8173,8227,8140,8238,8190,8146,8199,8150,8188,8117,8186,8168,8248,8.198635816574097,False
5,8109,8132,8097,8150,8132,8200,8175,8165,8175,8214,8145,8142,8189,8246,8.206680536270142,False
6,8118,8143,8142,8166,8194,8202,8184,8166,8194,8220,8156,8154,8205,8251,8.214635372161865,False
7,8120,8155,8182,8160,8215,8193,8159,8159,8186,8207,8147,8170,8200,8256,8.222688913345337,False
8,8119,8153,8136,8156,8166,8191,8134,8128,8167,8201,8147,8163,8193,8258,8.230585098266602,False
9,8166,8176,8189,8189,8191,8199,8133,8138,8168,8208,8169,8195,8221,8281,8.238600492477417,False
10,8193,8195,8209,8224,8208,8193,8144,8145,8187,8211,8194,8221,8257,8325,8.246695756912231,False
11,8195,8217,8217,8230,8207,8191,8134,8147,8179,8207,8187,8229,8256,8348,8.254689931869507,False
12,8188,8184,8136,8221,8134,8197,8142,8138,8178,8215,8187,8200,8272,8352,8.261757850646973,False
13,8194,8179,8158,8212,8195,8199,8153,8155,8185,8216,8180,8200,8278,8340,8.269617080688477,False
14,8204,8214,8256,8202,8241,8187,8145,8183,8162,8201,8154,8221,8239,8318,8.277683973312378,False
15,8167,8173,8122,8186,8110,8175,8154,8149,8148,8199,8150,8170,8224,8308,8.285692691802979,False
16,8150,8160,8155,8164,8188,8187,8151,8161,8137,8193,8136,8176,8210,8289,8.29368805885315,False
17,8137,8165,8218,8151,8219,8195,8153,8183,8135,8188,8126,8191,8193,8274,8.301712274551392,False
18,8108,8148,8117,8160,8136,8194,8170,8161,8162,8203,8138,8157,8199,8270,8.309653282165527,False
19,8128,8156,8154,8166,8192,8195,8166,8176,8182,8215,8135,8167,8193,8256,8.31780219078064,False
20,8137,8146,8164,8148,8193,8197,8164,8193,8191,8216,8129,8162,8192,8247,8.324827671051025,False
21,8124,8146,8144,8154,8182,8206,8178,8194,8199,8209,8144,8155,8201,8250,8.33260440826416,False
22,8126,8147,8130,8180,8180,8190,8183,8167,8195,8193,8169,8163,8208,8267,8.340764045715332,False
23,8144,8156,8164,8171,8206,8160,8157,8153,8163,8181,8165,8175,8201,8282,8.348690271377563,False
24,8167,8174,8236,8166,8224,8162,8136,8165,8135,8173,8152,8196,8185,8285,8.356864213943481,False
25,8176,8162,8169,8185,8157,8174,8147,8130,8147,8165,8163,8190,8190,8301,8.364635467529297,False
26,8196,8180,8197,8188,8194,8169,8132,8127,8134,8151,8151,8206,8182,8311,8.372857093811035,False
27,8202,8189,8224,8185,8178,8170,8124,8149,8113,8148,8137,8206,8167,8305,8.380800724029541,False
28,8181,8177,8171,8182,8131,8168,8140,8144,8120,8154,8150,8184,8164,8299,8.388771772384644,False
29,8185,8189,8230,8176,8195,8160,8137,8162,8126,8155,8160,8210,8162,8308,8.395658254623413,False
30,8172,8171,8170,8182,8156,8157,8149,8169,8153,8178,8183,8200,8192,8324,8.403854131698608,False
31,8149,8159,8111,8174,8138,8158,8161,8170,8179,8200,8199,8179,8215,8303,8.411615133285522,False
32,8151,8152,8158,8140,8157,8160,8159,8179,8180,8203,8188,8186,8206,8282,8.41970181465149,False
33,8158,8152,8167,8148,8163,8161,8172,8185,8190,8209,8182,8181,8201,8288,8.427703142166138,False
34,8173,8180,8203,8174,8215,8170,8190,8217,8203,8208,8180,8181,8196,8274,8.435633420944214,False
35,8157,8162,8144,8157,8169,8186,8214,8215,8214,8215,8188,8158,8198,8252,8.44372820854187,False
36,8149,8154,8146,8150,8187,8202,8221,8196,8219,8219,8183,8150,8194,8254,8.451820135116577,False
37,8166,8166,8191,8175,8209,8195,8204,8182,8215,8195,8164,8157,8180,8259,8.458665609359741,False
38,8162,8163,8153,8174,8178,8177,8191,8151,8190,8169,8148,8151,8161,8244,8.466848373413086,False
39,8174,8180,8213,8165,8230,8179,8178,8152,8146,8156,8142,8181,8142,8236,8.4746572971344,False
40,8171,8158,8158,8170,8165,8171,8166,8127,8125,8148,8162,8181,8154,8269,8.482853412628174,False
41,8179,8171,8176,8170,8191,8155,8137,8116,8107,8132,8166,8195,8156,8300,8.490671873092651,False
42,8208,8203,8283,8174,8255,8150,8123,8145,8096,8130,8170,8236,8157,8312,8.49881625175476,False
43,8188,8159,8143,8186,8141,8142,8143,8124,8130,8160,8204,8204,8202,8335,8.506755113601685,False
44,8190,8160,8139,8181,8178,8148,8150,8139,8157,8183,8205,8197,8218,8342,8.514857053756714,False
45,8199,8174,8220,8165,8227,8161,8159,8184,8179,8197,8200,8203,8213,8325,8.522647380828857,False
46,8163,8141,8139,8154,8163,8156,8174,8187,8213,8214,8217,8170,8235,8306,8.529850244522095,False
47,8138,8130,8104,8144,8154,8154,8172,8181,8222,8216,8215,8164,8241,8291,8.537625551223755,False
48,8144,8154,8155,8136,8191,8169,8173,8177,8211,8204,8194,8171,8218,8290,8.545848369598389,False
49,8162,8178,8224,8152,8218,8180,8174,8193,8195,8196,8179,8179,8192,8288,8.553654193878174,False
50,8136,8132,8106,8157,8108,8169,8182,8170,8187,8198,8176,8143,8190,8272,8.561734437942505,False
51,8128,8135,8140,8138,8169,8168,8178,8175,8175,8187,8151,8145,8170,8241,8.569624662399292,False
52,8163,8179,8333,8131,8282,8182,8161,8214,8156,8168,8128,8191,8132,8223,8.577849864959717,False
53,8138,8130,8156,8146,8119,8176,8176,8151,8164,8166,8148,8150,8137,8236,8.585646390914917,False
54,8130,8135,8086,8163,8129,8169,8175,8124,8165,8164,8151,8149,8140,8242,8.592820882797241,False
55,8165,8174,8213,8175,8224,8178,8156,8165,8157,8167,8143,8190,8143,8247,8.600852489471436,False
56,8164,8157,8152,8182,8157,8182,8162,8152,8172,8177,8165,8177,8174,8268,8.60884714126587,False
57,8168,8177,8149,8183,8179,8172,8156,8149,8172,8176,8176,8182,8175,8285,8.616565465927124,False
58,8174,8191,8197,8170,8229,8160,8145,8168,8159,8174,8159,8180,8154,8275,8.624817371368408,False
59,8165,8159,8185,8151,8205,8158,8153,8173,8156,8170,8143,8163,8148,8257,8.632632732391357,False
60,8149,8121,8106,8145,8115,8150,8160,8148,8161,8167,8157,8156,8161,8268,8.640781879425049,False
61,8147,8137,8129,8148,8153,8137,8140,8152,8148,8164,8155,8172,8160,8279,8.648675203323364,False
62,8164,8155,8217,8148,8214,8146,8143,8188,8132,8166,8141,8192,8153,8278,8.655849695205688,False
63,8157,8126,8119,8148,8117,8164,8185,8169,8158,8179,8174,8170,8176,8287,8.66361689567566,False
64,8177,8173,8219,8162,8217,8176,8181,8197,8173,8184,8180,8204,8172,8285,8.671871900558472,False
65,8194,8192,8316,8162,8260,8171,8168,8222,8166,8182,8157,8226,8157,8283,8.679639101028442,False
66,8154,8124,8101,8139,8087,8156,8191,8148,8168,8185,8173,8163,8178,8292,8.6876060962677,False
67,8160,8140,8111,8144,8145,8167,8189,8143,8166,8186,8185,8166,8189,8289,8.69571852684021,False
68,8192,8177,8208,8169,8222,8180,8180,8180,8178,8197,8175,8194,8185,8296,8.703836917877197,False
69,8192,8168,8166,8177,8177,8176,8191,8170,8183,8199,8162,8180,8171,8307,8.711732625961304,False
70,8186,8160,8154,8171,8156,8171,8192,8167,8170,8179,8148,8162,8155,8292,8.718927383422852,False
71,8178,8169,8163,8174,8177,8171,8179,8178,8167,8169,8144,8155,8159,8268,8.726664543151855,False
72,8184,8190,8203,8173,8212,8173,8178,8196,8169,8169,8145,8180,8166,8262,8.734886169433594,False
73,8188,8173,8159,8156,8159,8173,8196,8189,8176,8177,8153,8175,8173,8291,8.74263882637024,False
74,8204,8169,8163,8158,8174,8177,8190,8186,8181,8193,8163,8170,8181,8318,8.750844478607178,False
75,8220,8183,8223,8174,8208,8176,8160,8189,8173,8199,8166,8192,8184,8309,8.758658170700073,False
76,8189,8169,8169,8161,8158,8163,8139,8156,8158,8194,8162,8174,8184,8285,8.766618728637695,False
77,8174,8179,8202,8140,8191,8162,8116,8163,8142,8184,8144,8171,8162,8273,8.774607181549072,False
78,8170,8162,8170,8143,8148,8170,8128,8170,8153,8191,8147,8164,8157,8278,8.78177547454834,False
79,8162,8156,8128,8150,8145,8172,8152,8160,8167,8199,8151,8153,8164,8274,8.789655447006226,False
80,8168,8169,8172,8153,8177,8176,8150,8165,8160,8192,8153,8167,8156,8267,8.797832727432251,False
81,8162,8150,8121,8175,8137,8186,8167,8152,8173,8194,8177,8164,8166,8274,8.805602550506592,False
82,8186,8197,8260,8198,8286,8200,8172,8189,8173,8187,8170,8206,8156,8268,8.813756704330444,False
83,8191,8201,8296,8192,8290,8201,8174,8198,8167,8178,8168,8208,8152,8267,8.821701526641846,False
84,8162,8137,8091,8179,8116,8206,8205,8145,8184,8190,8201,8161,8185,8281,8.829848766326904,False
85,8179,8152,8093,8183,8122,8216,8210,8143,8174,8191,8210,8174,8193,8284,8.837564945220947,False
86,8205,8197,8185,8188,8197,8206,8184,8161,8144,8167,8185,8186,8170,8287,8.845563173294067,False
87,8216,8200,8224,8182,8224,8197,8170,8185,8146,8161,8165,8191,8168,8305,8.852525234222412,False
88,8189,8155,8119,8166,8114,8195,8176,8168,8176,8192,8182,8171,8206,8323,8.860481023788452,False
89,8168,8171,8141,8150,8164,8187,8138,8153,8167,8200,8173,8166,8199,8300,8.868612289428711,True
90,8193,8210,8306,8147,8281,8181,8088,8190,8147,8189,8146,8206,8162,8271,8.876495838165283,True
91,8167,8143,8152,8145,8122,8175,8099,8161,8180,8208,8177,8178,8194,8294,8.884530305862427,True
92,8144,8121,8088,8134,8112,8170,8106,8139,8188,8219,8190,8158,8214,8307,8.892581701278687,True
93,8174,8155,8195,8124,8195,8171,8106,8172,8176,8215,8169,8181,8195,8302,8.900560855865479,True
94,8186,8152,8150,8127,8139,8175,8128,8175,8202,8218,8183,8179,8209,8315,8.908844232559204,True
95,8194,8161,8185,8145,8179,8178,8135,8189,8204,8211,8191,8195,8222,8322,8.915634393692017,True
96,8187,8160,8199,8152,8185,8176,8144,8193,8183,8200,8180,8187,8212,8313,8.923862218856812,False
97,8176,8155,8165,8153,8156,8177,8159,8179,8174,8189,8179,8175,8191,8306,8.931660890579224,False
98,8178,8146,8146,8170,8132,8181,8164,8158,8172,8176,8188,8175,8182,8311,8.939703941345215,False
99,8192,8151,8147,8187,8149,8180,8169,8149,8171,8168,8178,8173,8179,8324,8.947743892669678,False
100,8221,8181,8231,8182,8214,8178,8164,8174,8153,8147,8152,8199,8151,8326,8.955921173095703,False
101,8198,8155,8155,8165,8136,8167,8158,8150,8135,8122,8150,8178,8139,8315,8.963759183883667,False
102,8179,8152,8135,8154,8154,8167,8148,8147,8125,8119,8148,8164,8140,8294,8.971925020217896,False
103,8191,8166,8217,8138,8221,8169,8128,8180,8113,8119,8135,8182,8132,8273,8.979851007461548,False
104,8169,8137,8143,8124,8156,8159,8118,8157,8109,8131,8150,8163,8154,8272,8.986847162246704,False
105,8155,8143,8119,8129,8140,8163,8113,8142,8115,8155,8168,8159,8168,8274,8.994595050811768,False
106,8154,8153,8116,8137,8128,8171,8108,8140,8134,8168,8167,8150,8167,8265,9.002821683883667,False
107,8176,8181,8212,8126,8215,8160,8090,8175,8136,8169,8158,8175,8168,8259,9.010618448257446,False
108,8203,8190,8288,8098,8250,8145,8087,8214,8131,8187,8175,8215,8182,8273,9.018795013427734,False
109,8182,8143,8137,8084,8131,8142,8120,8183,8162,8208,8204,8175,8208,8293,9.026659965515137,False
110,8183,8152,8113,8107,8138,8156,8133,8171,8186,8204,8209,8160,8220,8296,9.034839153289797,False
111,8195,8159,8146,8110,8157,8180,8149,8176,8191,8207,8216,8180,8226,8309,9.042623043060305,False
112,8206,8162,8189,8100,8209,8198,8165,8190,8182,8204,8208,8210,8220,8333,9.04981517791748,False
113,8235,8195,8263,8143,8252,8195,8157,8214,8172,8187,8190,8236,8216,8348,9.05778455734253,False
114,8227,8192,8175,8193,8171,8177,8163,8181,8181,8182,8189,8200,8215,8345,9.065600872039797,False
115,8220,8196,8172,8203,8191,8173,8160,8160,8166,8166,8156,8182,8173,8315,9.073631763458252,False
116,8217,8205,8183,8211,8192,8179,8150,8161,8149,8146,8133,8173,8148,8287,9.081842422485352,False
117,8199,8215,8158,8217,8197,8185,8142,8161,8153,8140,8139,8152,8151,8275,9.089626550674438,False
118,8201,8218,8195,8205,8241,8192,8136,8170,8155,8141,8140,8155,8142,8269,9.097843170166016,False
119,8183,8188,8124,8187,8179,8189,8147,8156,8165,8157,8141,8135,8145,8261,9.105647087097168,False
120,8164,8194,8155,8176,8212,8195,8137,8178,8161,8166,8132,8140,8141,8241,9.112823486328123,False
121,8165,8201,8211,8169,8238,8194,8123,8202,8162,8161,8129,8152,8131,8237,9.120769500732422,False
122,8159,8180,8132,8170,8175,8171,8136,8176,8178,8161,8136,8134,8132,8245,9.128836154937744,False
123,8146,8159,8105,8166,8164,8171,8162,8163,8170,8163,8136,8131,8130,8242,9.136641263961792,False
124,8128,8142,8116,8152,8193,8190,8180,8173,8152,8157,8138,8137,8137,8241,9.144803762435911,False
125,8141,8173,8213,8138,8271,8203,8178,8219,8148,8143,8130,8170,8132,8240,9.152653694152832,False
126,8132,8155,8132,8135,8162,8212,8207,8204,8172,8149,8130,8153,8136,8245,9.160831451416016,False
127,8134,8151,8105,8152,8171,8227,8233,8177,8188,8158,8117,8145,8132,8256,9.168753147125244,False
237,8189,8208,8361,8167,8372,8245,8215,8234,8164,8138,8085,8217,8096,8254,9.176821947097778,False
0,8152,8153,8223,8155,8197,8239,8232,8193,8160,8134,8102,8175,8104,8248,9.18363356590271,False
1,8096,8110,7977,8158,8036,8220,8241,8116,8184,8157,8126,8108,8135,8252,9.191757440567017,False
2,8138,8160,8101,8181,8189,8206,8185,8148,8184,8160,8121,8151,8129,8270,9.199710607528688,False
3,8168,8174,8201,8180,8253,8202,8139,8170,8155,8137,8117,8183,8110,8274,9.207816123962402,False
4,8153,8164,8164,8177,8187,8203,8149,8161,8134,8133,8130,8172,8117,8252,9.21567416191101,False
5,8135,8167,8123,8182,8156,8204,8173,8166,8153,8163,8151,8154,8147,8246,9.223854064941406,False
6,8139,8183,8199,8176,8237,8210,8162,8190,8155,8172,8140,8169,8145,8245,9.231702327728271,False
7,8133,8154,8163,8170,8186,8212,8165,8178,8148,8166,8140,8163,8139,8239,9.239850521087646,False
8,8138,8145,8112,8179,8157,8215,8193,8174,8172,8187,8173,8157,8171,8252,9.24658226966858,False
9,8190,8213,8315,8188,8305,8232,8196,8243,8188,8206,8188,8228,8196,8287,9.25463080406189,False
10,8185,8192,8255,8184,8207,8241,8215,8227,8202,8211,8196,8219,8210,8310,9.262553453445436,False
11,8148,8145,8052,8195,8094,8243,8246,8160,8225,8212,8199,8159,8217,8301,9.27065896987915,False
12,8172,8190,8147,8222,8200,8248,8239,8183,8233,8200,8171,8179,8201,8277,9.278594493865969,False
13,8183,8207,8194,8229,8207,8251,8234,8200,8234,8194,8150,8175,8184,8256,9.286575317382812,False
14,8171,8198,8161,8229,8192,8267,8252,8185,8237,8198,8149,8151,8176,8241,9.29469108581543,False
15,8174,8206,8170,8239,8215,8273,8254,8170,8232,8190,8149,8157,8179,8248,9.302544355392456,False
16,8172,8219,8205,8227,8241,8244,8220,8161,8194,8154,8131,8171,8164,8253,9.309664487838743,False
17,8149,8190,8174,8193,8184,8215,8202,8151,8153,8130,8110,8160,8132,8243,9.31758952140808,False
18,8119,8146,8070,8178,8113,8206,8211,8135,8157,8140,8105,8138,8129,8246,9.3256413936615,False
19,8147,8179,8192,8185,8236,8208,8180,8174,8161,8143,8102,8181,8128,8253,9.333844184875488,False
20,8160,8181,8213,8186,8211,8192,8149,8174,8158,8155,8134,8189,8149,8267,9.341623067855837,False
21,8145,8171,8123,8189,8140,8169,8145,8139,8157,8178,8159,8169,8182,8285,9.349735021591188,False
22,8182,8209,8225,8204,8228,8173,8132,8164,8146,8187,8149,8206,8185,8284,9.357787609100342,False
23,8198,8195,8186,8207,8183,8168,8133,8154,8153,8197,8167,8194,8203,8299,9.365885257720947,False
24,8199,8200,8161,8203,8187,8156,8138,8155,8160,8204,8180,8187,8216,8319,9.373581171035768,False
25,8204,8213,8207,8210,8221,8164,8140,8184,8153,8207,8170,8200,8211,8315,9.380682229995728,False
26,8197,8198,8169,8225,8187,8168,8153,8168,8144,8213,8171,8183,8219,8302,9.388693809509276,False
27,8211,8200,8162,8227,8182,8162,8168,8157,8148,8209,8182,8183,8224,8307,9.396745920181274,False
28,8215,8199,8144,8218,8183,8174,8184,8165,8169,8198,8186,8180,8219,8320,9.404688358306885,False
29,8203,8203,8185,8219,8222,8199,8191,8187,8170,8190,8162,8182,8193,8298,9.412906885147097,False
30,8172,8190,8161,8228,8179,8208,8202,8176,8171,8183,8148,8166,8175,8263,9.42076063156128,False
31,8150,8199,8135,8234,8190,8213,8209,8169,8187,8178,8157,8156,8176,8248,9.428818464279177,False
32,8160,8215,8192,8224,8247,8215,8192,8186,8183,8178,8169,8175,8181,8250,9.436800718307495,False
33,8147,8182,8123,8215,8184,8200,8180,8156,8178,8185,8176,8150,8197,8263,9.443783283233644,False
34,8158,8214,8242,8224,8300,8205,8158,8183,8167,8185,8150,8177,8186,8260,9.451604127883911,False
35,8165,8222,8283,8224,8297,8204,8159,8204,8162,8194,8146,8196,8191,8263,9.45983910560608,False
36,8136,8161,8055,8217,8110,8184,8185,8145,8189,8216,8180,8149,8236,8288,9.467626094818115,False
37,8165,8184,8134,8223,8181,8193,8173,8171,8201,8217,8185,8181,8244,8304,9.475829601287842,False
38,8191,8202,8216,8230,8206,8208,8178,8204,8207,8219,8180,8208,8244,8317,9.483787536621094,False
39,8191,8189,8129,8225,8155,8199,8206,8179,8218,8220,8177,8188,8251,8322,9.491868257522585,False
40,8222,8207,8192,8222,8223,8195,8199,8186,8206,8199,8168,8207,8238,8330,9.499737739562988,False
41,8227,8205,8240,8216,8237,8193,8179,8192,8182,8185,8158,8215,8217,8342,9.50783395767212,False
42,8199,8183,8173,8197,8165,8187,8182,8166,8156,8171,8128,8188,8183,8326,9.514741659164429,False
43,8184,8169,8087,8193,8100,8197,8199,8121,8144,8160,8125,8161,8170,8309,9.522836446762083,False
44,8209,8203,8193,8211,8207,8209,8181,8136,8138,8159,8152,8203,8181,8317,9.53075909614563,False
45,8222,8208,8213,8229,8212,8189,8161,8157,8145,8158,8167,8217,8190,8332,9.538853883743286,False
46,8210,8197,8113,8227,8151,8162,8162,8144,8162,8161,8153,8170,8189,8329,9.546712636947632,False
47,8236,8247,8293,8212,8301,8162,8139,8192,8144,8165,8126,8206,8166,8312,9.554776191711426,False
48,8207,8207,8261,8195,8227,8151,8133,8191,8138,8169,8129,8202,8170,8307,9.562755346298218,False
49,8146,8143,8032,8178,8081,8146,8158,8129,8155,8177,8138,8131,8186,8295,9.570752143859863,False
50,8157,8172,8102,8179,8196,8171,8170,8143,8154,8187,8130,8136,8177,8267,9.57768177986145,False
51,8164,8174,8168,8174,8250,8184,8175,8171,8153,8190,8130,8155,8176,8260,9.58581280708313,False
52,8160,8164,8167,8162,8216,8183,8181,8189,8161,8190,8140,8167,8185,8277,9.593732595443726,False
53,8164,8163,8156,8168,8179,8192,8196,8200,8190,8209,8151,8168,8198,8296,9.601805686950684,False
54,8162,8169,8166,8181,8211,8206,8208,8202,8214,8206,8131,8169,8185,8287,9.60959768295288,False
55,8161,8171,8178,8180,8206,8204,8211,8198,8205,8171,8102,8176,8158,8269,9.61780309677124,False
56,8161,8151,8114,8168,8125,8190,8220,8163,8187,8157,8109,8157,8160,8271,9.625731706619264,False
57,8178,8168,8182,8168,8197,8194,8211,8152,8154,8154,8110,8168,8150,8268,9.63391399383545,False
58,8182,8180,8205,8178,8207,8197,8197,8137,8129,8143,8109,8174,8135,8262,9.64189910888672,False
59,8196,8185,8166,8195,8174,8187,8185,8127,8138,8149,8137,8177,8161,8285,9.64894700050354,False
60,8235,8206,8249,8211,8238,8185,8163,8177,8156,8170,8161,8218,8199,8330,9.6566321849823,False
61,8213,8182,8177,8207,8193,8182,8166,8178,8172,8177,8162,8192,8215,8352,9.664842128753662,False
62,8184,8176,8122,8200,8178,8180,8165,8161,8172,8169,8144,8159,8202,8329,9.672733545303345,False
63,8188,8169,8147,8192,8172,8183,8157,8172,8166,8174,8137,8162,8191,8306,9.680830717086792,False
64,8174,8153,8143,8175,8180,8179,8168,8187,8175,8182,8130,8164,8189,8307,9.688770771026611,False
65,8171,8171,8207,8163,8238,8182,8178,8210,8183,8184,8121,8184,8184,8307,9.696780443191528,False
66,8159,8159,8151,8170,8163,8200,8186,8185,8191,8199,8143,8161,8196,8305,9.704790115356444,False
67,8162,8161,8148,8189,8168,8206,8186,8182,8188,8199,8153,8160,8195,8302,9.711933374404907,False
68,8177,8163,8173,8191,8186,8185,8185,8193,8186,8182,8146,8177,8194,8303,9.719611167907717,False
69,8162,8148,8128,8174,8155,8174,8184,8166,8173,8172,8127,8158,8187,8288,9.727839231491089,False
70,8169,8169,8216,8173,8212,8202,8179,8179,8137,8167,8107,8176,8158,8263,9.735621213912964,False
71,8167,8159,8190,8184,8182,8208,8195,8174,8139,8165,8123,8174,8165,8271,9.743728876113892,False
72,8177,8184,8205,8192,8232,8178,8183,8166,8143,8152,8129,8176,8168,8286,9.75178837776184,False
73,8193,8197,8233,8193,8229,8167,8166,8173,8130,8153,8131,8188,8162,8289,9.759683609008787,False
74,8158,8146,8081,8190,8098,8172,8185,8149,8143,8180,8158,8147,8195,8292,9.767803430557253,False
75,8156,8167,8138,8198,8168,8171,8176,8169,8155,8185,8158,8162,8208,8283,9.775813341140749,False
76,8176,8194,8209,8209,8207,8167,8164,8185,8164,8182,8154,8188,8214,8292,9.782683849334717,False
77,8166,8173,8125,8209,8160,8163,8167,8165,8170,8200,8161,8169,8234,8315,9.790807485580444,False
78,8152,8168,8121,8204,8182,8159,8158,8166,8175,8208,8156,8162,8231,8308,9.798759937286375,False
79,8143,8183,8169,8204,8209,8165,8160,8185,8191,8204,8157,8172,8227,8285,9.806671857833862,False
80,8137,8187,8195,8199,8212,8178,8179,8198,8188,8198,8144,8180,8222,8265,9.8146653175354,False
81,8114,8155,8099,8190,8133,8171,8193,8165,8184,8196,8123,8144,8200,8256,9.822811841964722,False
82,8125,8176,8165,8193,8204,8174,8181,8178,8175,8188,8106,8157,8170,8250,9.830713987350464,False
83,8149,8191,8267,8196,8249,8195,8186,8212,8155,8173,8104,8191,8169,8250,9.838865995407104,False
84,8116,8138,8102,8180,8110,8182,8208,8164,8160,8171,8116,8142,8190,8262,9.845690250396729,False
85,8114,8163,8140,8164,8172,8162,8178,8163,8157,8175,8107,8146,8173,8255,9.853862047195436,False
86,8150,8190,8242,8171,8208,8155,8148,8182,8145,8183,8118,8182,8166,8260,9.86171841621399,False
87,8166,8161,8137,8190,8108,8153,8158,8146,8152,8195,8152,8168,8201,8299,9.869616031646729,False
88,8190,8180,8141,8207,8153,8167,8158,8150,8151,8193,8166,8180,8217,8320,9.877741575241089,False
89,8202,8208,8200,8218,8212,8170,8153,8177,8142,8196,8174,8195,8215,8314,9.88572907447815,False
90,8195,8204,8215,8209,8197,8149,8144,8177,8128,8196,8161,8189,8203,8295,9.893733263015749,False
91,8167,8164,8136,8186,8117,8145,8144,8148,8123,8190,8144,8163,8195,8282,9.901736736297607,False
92,8159,8168,8152,8181,8155,8170,8163,8168,8148,8201,8159,8175,8210,8292,9.908602476119995,False
93,8174,8179,8219,8187,8202,8187,8193,8215,8190,8227,8192,8201,8237,8318,9.916641235351562,False
94,8141,8132,8088,8170,8125,8189,8220,8187,8207,8228,8179,8153,8230,8314,9.924606561660768,False
95,8157,8172,8208,8167,8236,8207,8211,8210,8191,8218,8138,8181,8191,8290,9.932873249053957,False
96,8209,8210,8328,8200,8249,8223,8206,8240,8208,8241,8172,8222,8222,8310,9.940752506256104,False
97,8179,8168,8116,8222,8125,8215,8214,8165,8233,8252,8204,8159,8265,8325,9.948662519454956,False
98,8160,8172,8090,8217,8204,8199,8183,8134,8199,8221,8161,8141,8220,8292,9.956754207611084,False
99,8195,8195,8178,8219,8221,8184,8159,8154,8179,8209,8156,8172,8204,8296,9.96481156349182,False
100,8230,8205,8191,8227,8179,8185,8162,8166,8184,8216,8184,8193,8232,8335,9.971587896347046,False
101,8213,8190,8155,8207,8164,8183,8160,8165,8160,8207,8179,8178,8225,8336,9.97976040840149,False
102,8177,8172,8139,8180,8164,8171,8150,8160,8139,8193,8165,8155,8207,8313,9.98780083656311,False
103,8192,8186,8205,8189,8185,8162,8146,8185,8146,8198,8167,8183,8210,8314,9.995550155639648,False
104,8193,8174,8150,8202,8120,8149,8150,8178,8158,8212,8176,8181,8220,8327,10.003648042678831,False
105,8166,8166,8142,8186,8143,8141,8134,8163,8148,8205,8163,8165,8205,8309,10.011683225631714,False
106,8151,8166,8175,8172,8164,8142,8125,8158,8146,8194,8157,8159,8194,8291,10.019742488861084,False
107,8150,8163,8139,8171,8150,8143,8142,8154,8162,8209,8170,8151,8206,8297,10.02773141860962,False
108,8187,8189,8243,8176,8234,8150,8141,8191,8157,8217,8177,8191,8213,8303,10.03450345993042,False
109,8186,8168,8182,8191,8157,8164,8152,8172,8164,8219,8205,8183,8238,8316,10.0426344871521,False
110,8178,8176,8133,8202,8153,8175,8163,8158,8177,8227,8224,8176,8255,8326,10.050739765167236,False
111,8200,8201,8222,8195,8202,8169,8154,8179,8176,8227,8217,8205,8251,8326,10.058804512023926,False
112,8189,8168,8148,8183,8121,8151,8150,8153,8177,8221,8207,8184,8253,8322,10.066652774810793,False
113,8208,8199,8244,8194,8218,8160,8135,8178,8151,8201,8180,8206,8219,8307,10.074751853942873,False
114,8210,8203,8274,8205,8206,8173,8142,8188,8137,8190,8179,8213,8204,8308,10.0825936794281,False
115,8161,8145,8071,8191,8045,8160,8167,8138,8161,8201,8202,8168,8235,8329,10.090638637542725,False
116,8164,8142,8050,8180,8064,8153,8176,8145,8170,8213,8202,8170,8246,8349,10.098551273345947,False
117,8194,8180,8183,8187,8184,8163,8174,8190,8164,8210,8190,8195,8237,8352,10.105607986450195,False
118,8198,8194,8242,8199,8220,8186,8179,8214,8169,8205,8190,8200,8235,8336,10.113636255264282,False
119,8172,8151,8093,8205,8096,8197,8206,8180,8203,8224,8205,8165,8253,8336,10.121722936630247,False
120,8195,8177,8170,8205,8193,8194,8207,8196,8209,8237,8191,8188,8245,8342,10.12959361076355,False
121,8223,8209,8345,8197,8307,8196,8196,8243,8178,8222,8164,8230,8218,8324,10.137816667556764,False
122,8168,8145,8138,8197,8120,8200,8224,8178,8185,8216,8175,8168,8225,8305,10.145787954330444,False
123,8150,8148,8063,8208,8103,8206,8229,8137,8195,8215,8188,8147,8224,8313,10.153767824172974,False
124,8177,8178,8185,8196,8205,8200,8189,8164,8175,8208,8188,8176,8209,8324,10.161793231964111,False
125,8186,8157,8173,8188,8167,8186,8150,8151,8157,8202,8183,8173,8215,8317,10.169827699661257,False
126,8209,8170,8170,8216,8150,8179,8138,8137,8156,8203,8185,8184,8226,8329,10.176565170288086,False
127,8219,8190,8174,8224,8177,8180,8149,8148,8167,8214,8197,8186,8235,8356,10.18483829498291,False
237,8203,8178,8191,8199,8216,8180,8148,8175,8170,8214,8186,8183,8236,8346,10.19274401664734,False
0,8186,8147,8145,8189,8171,8170,8146,8172,8181,8216,8172,8169,8235,8332,10.200652599334717,False
1,8188,8156,8135,8199,8172,8168,8152,8167,8187,8223,8180,8164,8229,8331,10.208648681640623,False
2,8190,8183,8219,8193,8213,8185,8152,8191,8183,8215,8173,8181,8211,8310,10.216858148574827,False
3,8171,8162,8148,8187,8127,8193,8169,8180,8204,8214,8177,8158,8221,8306,10.22357988357544,False
4,8183,8169,8170,8183,8171,8192,8177,8188,8203,8213,8182,8166,8222,8309,10.231780290603638,False
5,8179,8163,8228,8158,8189,8181,8161,8193,8169,8187,8163,8183,8191,8283,10.239640474319458,False
6,8139,8125,8125,8148,8099,8170,8158,8150,8161,8169,8158,8147,8172,8265,10.24767518043518,False
7,8162,8147,8146,8172,8144,8178,8157,8149,8159,8168,8167,8155,8167,8273,10.255756855010986,False
8,8189,8152,8165,8180,8154,8178,8148,8146,8144,8162,8167,8166,8161,8277,10.26351547241211,False
9,8183,8154,8183,8166,8169,8173,8136,8137,8118,8141,8153,8176,8146,8274,10.27148985862732,False
10,8192,8175,8193,8165,8144,8178,8151,8155,8126,8139,8170,8193,8164,8294,10.27976393699646,False
11,8191,8164,8132,8166,8092,8176,8170,8165,8170,8158,8189,8173,8192,8312,10.28769326210022,False
12,8195,8158,8199,8163,8164,8174,8153,8194,8169,8164,8169,8181,8174,8304,10.29478359222412,False
13,8187,8144,8179,8163,8129,8186,8167,8195,8165,8179,8183,8181,8181,8307,10.30268168449402,False
14,8165,8150,8145,8152,8119,8204,8203,8189,8188,8194,8191,8172,8187,8299,10.31062126159668,False
15,8153,8149,8179,8144,8152,8214,8219,8200,8206,8194,8175,8164,8170,8271,10.318645000457764,False
16,8145,8136,8131,8152,8129,8216,8233,8193,8222,8201,8185,8146,8182,8266,10.326709270477297,False
17,8176,8185,8218,8167,8204,8214,8227,8218,8221,8203,8183,8181,8180,8267,10.334624290466309,False
18,8180,8174,8202,8170,8151,8198,8215,8194,8221,8195,8169,8174,8166,8264,10.342536687850952,False
19,8163,8148,8138,8165,8118,8184,8190,8154,8213,8190,8164,8155,8167,8274,10.350698709487917,False
20,8189,8180,8220,8173,8191,8194,8161,8176,8188,8190,8179,8194,8178,8303,10.3576500415802,False
21,8209,8175,8178,8191,8142,8208,8166,8160,8190,8201,8209,8196,8204,8336,10.365657091140749,False
22,8225,8188,8185,8204,8150,8210,8168,8147,8188,8193,8208,8199,8206,8336,10.373671054840088,False
23,8225,8201,8175,8213,8136,8193,8164,8143,8179,8178,8194,8191,8200,8332,10.381720542907717,False
24,8230,8204,8154,8228,8154,8186,8167,8149,8186,8185,8183,8180,8203,8344,10.389624834060667,False
25,8239,8207,8209,8230,8188,8196,8170,8175,8199,8198,8174,8199,8202,8343,10.397670030593872,False
26,8195,8185,8141,8207,8122,8191,8176,8157,8201,8190,8163,8172,8193,8321,10.405736446380615,False
27,8181,8202,8195,8192,8199,8192,8165,8169,8181,8172,8132,8168,8162,8288,10.412569046020508,False
28,8186,8184,8189,8194,8184,8195,8177,8170,8188,8189,8142,8165,8164,8285,10.421801567077637,False
29,8166,8158,8111,8182,8122,8184,8189,8145,8201,8210,8168,8149,8178,8282,10.428760766983032,False
30,8167,8189,8220,8167,8220,8188,8168,8181,8186,8196,8159,8174,8160,8263,10.436660051345823,False
31,8148,8178,8196,8173,8204,8204,8184,8194,8202,8196,8174,8172,8179,8271,10.444759368896484,False
32,8136,8159,8097,8192,8139,8207,8212,8171,8223,8211,8202,8161,8208,8290,10.4527907371521,False
33,8174,8181,8119,8205,8160,8209,8212,8168,8208,8209,8199,8169,8202,8301,10.46068549156189,False
34,8196,8198,8188,8196,8222,8225,8215,8186,8194,8195,8184,8182,8189,8311,10.468801736831663,False
35,8166,8174,8187,8183,8187,8235,8227,8193,8199,8186,8183,8185,8182,8307,10.476604223251345,False
36,8130,8144,8103,8176,8108,8226,8230,8168,8212,8189,8175,8154,8168,8286,10.484830141067505,False
37,8163,8179,8184,8174,8193,8218,8215,8194,8214,8187,8156,8162,8158,8268,10.492820024490356,False
38,8191,8168,8185,8175,8153,8216,8214,8205,8218,8192,8167,8161,8179,8279,10.499603033065796,False
39,8181,8150,8127,8175,8111,8213,8203,8174,8209,8194,8170,8144,8177,8280,10.507776737213137,False
40,8201,8202,8259,8181,8239,8212,8171,8192,8176,8181,8142,8180,8135,8258,10.515779733657835,False
41,8175,8173,8177,8178,8155,8203,8176,8170,8174,8178,8154,8156,8136,8246,10.523939847946169,False
42,8137,8143,8096,8165,8107,8199,8178,8145,8182,8185,8180,8132,8153,8250,10.531817197799684,False
43,8160,8170,8196,8166,8197,8210,8167,8174,8182,8200,8194,8169,8165,8269,10.539761304855348,False
44,8178,8175,8166,8181,8172,8216,8182,8180,8198,8208,8205,8170,8186,8286,10.547820568084717,False
45,8177,8183,8154,8187,8160,8214,8195,8178,8200,8198,8194,8161,8178,8278,10.555753707885742,False
46,8153,8170,8129,8175,8158,8209,8212,8165,8202,8199,8187,8143,8171,8269,10.562662601470947,False
47,8157,8189,8187,8170,8231,8220,8221,8192,8214,8208,8193,8164,8179,8280,10.570797204971312,False
48,8190,8211,8266,8174,8234,8228,8220,8223,8229,8211,8207,8202,8191,8305,10.578624486923218,False
49,8165,8163,8140,8162,8118,8219,8231,8180,8242,8218,8215,8167,8204,8317,10.586792469024658,False
50,8144,8135,8090,8136,8124,8225,8241,8170,8241,8218,8203,8151,8202,8309,10.5948326587677,False
51,8172,8138,8107,8137,8125,8240,8255,8188,8254,8225,8214,8166,8210,8320,10.602575302124023,False
52,8230,8190,8212,8177,8195,8238,8248,8218,8260,8236,8232,8199,8216,8338,10.610830307006836,False
53,8236,8215,8283,8184,8221,8217,8213,8226,8232,8226,8225,8203,8208,8324,10.618791580200195,False
54,8164,8155,8116,8141,8082,8182,8190,8164,8212,8211,8216,8143,8205,8302,10.626575469970703,False
55,8156,8160,8122,8131,8128,8175,8178,8159,8208,8204,8207,8155,8187,8295,10.633810997009276,False
56,8176,8201,8195,8162,8188,8192,8183,8191,8216,8209,8213,8184,8184,8304,10.641899585723875,False
57,8156,8193,8142,8167,8160,8192,8189,8178,8222,8210,8229,8167,8205,8309,10.649840831756592,False
58,8158,8169,8142,8159,8172,8181,8188,8168,8212,8200,8241,8173,8210,8303,10.65782642364502,False
59,8171,8170,8154,8166,8172,8192,8202,8174,8222,8198,8241,8176,8210,8302,10.665785551071169,False
60,8184,8209,8201,8188,8190,8215,8225,8199,8237,8203,8235,8186,8211,8305,10.673830032348633,False
61,8187,8195,8163,8205,8134,8221,8238,8190,8237,8207,8242,8184,8211,8309,10.681811332702637,False
62,8188,8172,8147,8205,8150,8216,8233,8181,8234,8204,8234,8178,8203,8313,10.689898014068604,False
63,8192,8185,8202,8193,8193,8219,8233,8206,8243,8193,8212,8183,8197,8315,10.696783304214478,False
64,8173,8173,8136,8178,8135,8230,8250,8190,8255,8191,8219,8164,8203,8308,10.70478630065918,False
65,8190,8195,8243,8168,8233,8240,8231,8198,8225,8194,8206,8192,8176,8287,10.712701320648192,False
66,8183,8175,8239,8158,8200,8223,8210,8187,8207,8192,8193,8181,8173,8290,10.720895290374756,False
67,8141,8133,8065,8162,8086,8193,8196,8138,8215,8184,8205,8133,8202,8304,10.7285635471344,False
68,8162,8164,8168,8162,8181,8186,8156,8158,8185,8170,8183,8167,8179,8286,10.73685622215271,False
69,8168,8165,8180,8160,8150,8176,8141,8158,8172,8176,8170,8165,8166,8275,10.744828462600708,False
70,8140,8164,8092,8186,8101,8177,8147,8139,8190,8197,8200,8144,8196,8287,10.752610683441162,False
71,8145,8191,8156,8200,8185,8206,8154,8170,8199,8210,8231,8177,8217,8299,10.760823011398315,False
72,8148,8185,8200,8174,8213,8222,8175,8200,8216,8223,8241,8203,8227,8320,10.767831325531006,False
73,8138,8159,8169,8160,8160,8220,8198,8207,8245,8233,8245,8206,8246,8341,10.775909900665283,False
74,8146,8143,8105,8187,8117,8234,8221,8190,8273,8235,8261,8189,8268,8354,10.78390908241272,False
75,8202,8177,8196,8204,8217,8267,8230,8205,8275,8225,8251,8206,8250,8346,10.791789054870604,False
76,8222,8173,8203,8194,8201,8275,8236,8206,8268,8213,8224,8202,8219,8330,10.799818515777588,False
77,8175,8136,8106,8180,8127,8254,8245,8171,8251,8192,8194,8152,8192,8307,10.807810544967651,False
78,8169,8160,8223,8169,8209,8238,8229,8186,8202,8161,8163,8162,8148,8271,10.815829515457152,False
79,8159,8151,8199,8153,8143,8216,8225,8173,8178,8155,8163,8152,8136,8253,10.822762489318848,False
80,8124,8134,8095,8140,8087,8189,8218,8142,8176,8152,8155,8119,8136,8236,10.830621480941772,False
81,8115,8143,8139,8128,8148,8173,8179,8148,8152,8139,8137,8120,8104,8204,10.838802814483644,False
82,8107,8124,8129,8109,8155,8171,8155,8146,8138,8145,8152,8116,8085,8186,10.846901178359984,False
83,8114,8126,8153,8102,8194,8174,8146,8162,8146,8158,8165,8140,8101,8191,10.854538679122925,False
84,8113,8122,8140,8101,8170,8169,8127,8154,8153,8164,8172,8145,8130,8214,10.862831354141235,False
85,8114,8123,8158,8099,8176,8169,8100,8155,8147,8163,8184,8149,8136,8234,10.87080192565918,False
86,8122,8125,8199,8099,8176,8180,8104,8181,8159,8171,8202,8178,8142,8247,10.87865400314331,False
87,8109,8107,8128,8086,8119,8198,8142,8177,8195,8192,8220,8172,8165,8268,10.886804580688477,False
88,8123,8120,8177,8074,8191,8228,8160,8199,8210,8201,8218,8189,8170,8286,10.893821477890016,False
89,8146,8117,8177,8092,8186,8254,8185,8197,8227,8204,8222,8194,8184,8297,10.901712894439695,False
90,8174,8146,8164,8129,8198,8270,8212,8182,8235,8195,8221,8190,8198,8300,10.909765720367432,False
91,8201,8182,8239,8138,8246,8265,8207,8206,8218,8180,8214,8201,8190,8306,10.917539834976196,False
92,8173,8139,8152,8130,8158,8234,8212,8186,8220,8186,8214,8172,8191,8311,10.925811052322388,False
93,8167,8141,8164,8143,8172,8211,8211,8171,8206,8173,8188,8174,8168,8294,10.93378758430481,False
94,8165,8138,8159,8142,8145,8205,8211,8168,8187,8157,8175,8162,8144,8278,10.941770792007446,False
95,8145,8124,8144,8105,8171,8199,8209,8178,8182,8165,8169,8141,8132,8259,10.949905395507812,False
96,8155,8157,8275,8085,8277,8188,8182,8213,8178,8167,8152,8175,8123,8245,10.956757545471191,False
97,8134,8130,8162,8096,8154,8175,8178,8177,8201,8170,8175,8158,8151,8254,10.964783906936646,False
98,8107,8104,8048,8098,8114,8174,8188,8146,8211,8177,8180,8129,8156,8242,10.972804307937622,False
99,8120,8126,8114,8085,8190,8171,8177,8162,8191,8173,8143,8139,8123,8226,10.980745792388916,False
100,8138,8144,8174,8091,8213,8158,8145,8163,8177,8160,8142,8158,8117,8234,10.988790035247805,False
101,8147,8149,8191,8119,8201,8159,8135,8164,8175,8166,8183,8176,8145,8242,10.99681544303894,False
102,8142,8146,8133,8132,8168,8164,8161,8158,8181,8186,8203,8165,8175,8258,11.0046067237854,False
103,8168,8185,8233,8137,8258,8172,8162,8186,8172,8170,8171,8199,8160,8276,11.01274037361145,False
104,8181,8182,8257,8155,8228,8182,8164,8186,8165,8151,8156,8211,8145,8278,11.020828008651732,False
105,8152,8142,8104,8161,8109,8181,8181,8138,8183,8164,8171,8161,8155,8274,11.027570009231567,False
106,8142,8157,8127,8145,8170,8171,8170,8151,8192,8165,8160,8160,8150,8269,11.035826206207275,False
107,8117,8148,8155,8123,8200,8167,8171,8173,8186,8151,8137,8156,8141,8258,11.0438334941864,False
108,8092,8128,8145,8109,8190,8170,8185,8179,8182,8156,8127,8137,8139,8241,11.051867723464966,False
109,8103,8124,8157,8111,8178,8174,8192,8190,8188,8170,8143,8138,8143,8230,11.059778451919556,False
110,8105,8117,8139,8116,8161,8174,8197,8196,8194,8170,8152,8136,8147,8226,11.067856311798096,False
111,8095,8118,8172,8103,8185,8171,8208,8209,8194,8170,8133,8142,8131,8217,11.075846910476685,False
112,8070,8093,8110,8090,8135,8179,8238,8180,8201,8175,8128,8114,8116,8212,11.083802223205566,False
113,8087,8115,8154,8098,8196,8204,8239,8189,8200,8167,8128,8128,8105,8208,11.090753316879272,False
114,8117,8141,8208,8118,8221,8211,8224,8209,8211,8166,8139,8160,8115,8225,11.098849534988403,False
115,8109,8127,8124,8137,8174,8180,8210,8155,8221,8175,8154,8143,8136,8239,11.106725454330444,False
116,8157,8165,8249,8163,8290,8160,8154,8152,8173,8160,8146,8185,8119,8238,11.114848136901855,False
117,8203,8178,8252,8190,8246,8156,8119,8149,8148,8153,8168,8204,8132,8274,11.122820854187012,False
118,8186,8166,8108,8198,8147,8152,8129,8105,8163,8168,8183,8167,8167,8307,11.130571126937866,False
119,8176,8169,8134,8185,8183,8151,8137,8117,8151,8169,8159,8163,8155,8282,11.138828754425049,False
120,8181,8164,8173,8177,8196,8146,8144,8155,8153,8163,8165,8175,8151,8269,11.14682388305664,False
121,8188,8176,8208,8178,8225,8146,8139,8182,8172,8165,8182,8196,8169,8289,11.154693365097046,False
122,8161,8156,8145,8162,8193,8144,8140,8176,8184,8179,8186,8175,8181,8301,11.16184687614441,False
123,8144,8144,8136,8153,8213,8144,8150,8191,8193,8194,8189,8162,8180,8286,11.169613122940063,False
124,8156,8153,8197,8156,8209,8149,8155,8211,8194,8193,8190,8181,8175,8272,11.177791118621826,False
125,8141,8144,8126,8157,8111,8143,8154,8178,8187,8184,8187,8165,8184,8274,11.185786962509155,False
126,8150,8169,8184,8165,8184,8133,8135,8187,8165,8170,8164,8176,8166,8270,11.193789958953856,False
127,8154,8155,8208,8164,8201,8136,8137,8188,8158,8167,8155,8172,8148,8265,11.201821327209473,False
237,8134,8128,8133,8157,8155,8149,8161,8165,8167,8172,8163,8152,8155,8264,11.209712266921995,False
0,8154,8168,8195,8181,8193,8161,8165,8186,8163,8168,8165,8182,8160,8262,11.21779203414917,False
1,8160,8167,8164,8197,8146,8159,8162,8169,8167,8166,8168,8170,8159,8263,11.224823236465454,False
2,8156,8148,8140,8175,8151,8159,8155,8158,8169,8157,8161,8150,8143,8258,11.232678174972534,False
3,8171,8141,8143,8159,8133,8163,8155,8164,8168,8156,8163,8145,8145,8263,11.240825414657593,False
4,8184,8158,8161,8166,8131,8158,8152,8161,8169,8165,8162,8152,8150,8268,11.248818397521973,False
5,8194,8191,8249,8177,8194,8156,8138,8192,8176,8163,8159,8182,8146,8261,11.256735801696776,False
6,8164,8163,8156,8180,8124,8152,8148,8182,8195,8166,8172,8162,8167,8262,11.264824628829956,False
7,8150,8164,8127,8178,8126,8151,8151,8163,8185,8172,8163,8154,8164,8265,11.272826433181764,False
8,8166,8174,8160,8179,8133,8147,8144,8165,8171,8175,8157,8165,8154,8276,11.28066086769104,False
9,8167,8160,8141,8171,8119,8135,8140,8165,8164,8174,8160,8162,8160,8281,11.287763357162476,False
10,8168,8170,8205,8165,8172,8125,8133,8177,8140,8171,8155,8181,8162,8273,11.295761823654177,False
11,8156,8156,8146,8174,8119,8120,8153,8159,8147,8184,8169,8166,8189,8284,11.303856372833252,False
12,8174,8175,8194,8177,8170,8126,8161,8176,8163,8178,8173,8177,8197,8291,11.311827421188354,False
13,8195,8176,8247,8168,8182,8122,8159,8195,8162,8168,8178,8191,8183,8285,11.319769859313965,False
14,8177,8145,8133,8178,8100,8117,8170,8156,8167,8178,8200,8163,8194,8292,11.327728509902954,False
15,8198,8180,8220,8195,8185,8130,8155,8162,8154,8175,8199,8197,8193,8298,11.335791826248167,False
16,8203,8187,8236,8193,8171,8124,8148,8165,8149,8174,8202,8205,8200,8305,11.34376049041748,False
17,8181,8164,8106,8195,8090,8109,8154,8146,8168,8188,8218,8166,8215,8316,11.35181164741516,False
18,8196,8174,8114,8199,8122,8120,8153,8157,8180,8189,8215,8165,8207,8317,11.358742237091064,False
19,8207,8184,8187,8191,8184,8144,8155,8179,8179,8183,8203,8181,8199,8303,11.36658763885498,False
20,8203,8183,8214,8191,8172,8156,8165,8199,8181,8186,8205,8191,8209,8295,11.374611139297484,False
21,8175,8162,8097,8205,8065,8145,8185,8165,8190,8185,8207,8151,8213,8290,11.382632732391356,False
22,8184,8205,8198,8222,8202,8139,8172,8179,8163,8170,8168,8163,8173,8270,11.390676736831663,False
23,8209,8222,8310,8227,8262,8151,8157,8223,8139,8170,8151,8196,8153,8272,11.39854860305786,False
24,8175,8155,8107,8213,8072,8142,8170,8168,8163,8176,8171,8140,8179,8279,11.406659603118896,False
25,8182,8179,8129,8202,8141,8127,8166,8151,8166,8170,8161,8144,8173,8262,11.41468858718872,False
26,8204,8214,8224,8204,8210,8128,8165,8181,8165,8170,8160,8174,8155,8259,11.42167830467224,False
27,8186,8189,8130,8201,8117,8136,8179,8165,8173,8164,8168,8152,8149,8266,11.429839134216309,False
28,8195,8188,8131,8204,8111,8146,8183,8160,8155,8150,8158,8161,8147,8275,11.43778920173645,False
29,8219,8207,8187,8219,8151,8147,8183,8175,8143,8150,8171,8185,8166,8300,11.445784091949465,False
30,8224,8227,8242,8226,8162,8136,8167,8192,8132,8143,8170,8202,8158,8295,11.453831434249878,False
31,8205,8207,8165,8233,8044,8121,8172,8160,8121,8134,8155,8174,8138,8270,11.461787223815918,False
32,8209,8204,8132,8241,8057,8138,8201,8163,8131,8145,8156,8165,8154,8282,11.469820976257324,False
33,8226,8219,8216,8243,8148,8175,8213,8222,8154,8157,8174,8204,8180,8306,11.477892398834229,False
34,8214,8203,8150,8257,8080,8184,8222,8197,8184,8169,8205,8195,8207,8318,11.485741376876833,False
35,8241,8233,8208,8277,8138,8173,8211,8187,8192,8174,8207,8207,8206,8324,11.492836236953735,False
36,8253,8233,8256,8261,8157,8158,8187,8201,8175,8167,8187,8214,8190,8317,11.500824213027954,False
37,8215,8186,8147,8241,8068,8141,8166,8160,8156,8153,8173,8183,8181,8304,11.508707523345947,False
38,8232,8198,8173,8261,8083,8127,8144,8136,8138,8144,8172,8201,8175,8305,11.51678228378296,False
39,8274,8214,8195,8288,8087,8112,8135,8137,8128,8147,8186,8215,8180,8322,11.52482771873474,False
40,8281,8221,8219,8284,8119,8112,8119,8152,8109,8141,8175,8217,8170,8316,11.532603979110718,False
41,8258,8209,8204,8258,8112,8132,8125,8146,8107,8138,8156,8199,8164,8303,11.540821313858032,False
42,8250,8204,8171,8250,8096,8153,8157,8147,8125,8148,8166,8187,8174,8313,11.547765016555786,False
43,8265,8219,8210,8266,8137,8163,8173,8178,8123,8145,8180,8204,8184,8324,11.555839776992798,True
44,8233,8193,8146,8250,8118,8167,8187,8161,8120,8146,8166,8175,8191,8317,11.563807249069214,True
45,8206,8186,8157,8209,8149,8176,8196,8166,8135,8152,8143,8167,8176,8302,11.571901559829712,True
46,8202,8179,8167,8193,8129,8180,8200,8200,8165,8157,8156,8178,8177,8301,11.579820156097412,True
47,8189,8172,8129,8193,8118,8168,8193,8207,8185,8161,8157,8161,8180,8284,11.587755918502808,True
48,8192,8194,8205,8186,8184,8158,8176,8215,8175,8155,8110,8161,8147,8255,11.595821619033812,True
49,8172,8165,8129,8175,8100,8159,8186,8183,8169,8153,8095,8132,8133,8251,11.603821277618408,True
50,8169,8172,8153,8172,8141,8172,8187,8184,8152,8148,8100,8142,8123,8238,11.611762762069702,False
51,8182,8190,8251,8169,8187,8170,8179,8192,8120,8132,8095,8172,8100,8217,11.619900465011597,False
52,8143,8138,8097,8158,8049,8148,8182,8117,8091,8121,8087,8124,8094,8209,11.626818180084229,False
53,8139,8151,8119,8160,8112,8139,8156,8099,8042,8098,8063,8127,8070,8198,11.634618043899536,False
54,8166,8181,8227,8167,8180,8133,8130,8136,8024,8087,8067,8165,8058,8205,11.642782926559448,False
55,8162,8163,8165,8168,8098,8124,8139,8144,8060,8110,8101,8160,8087,8235,11.650891780853271,False
56,8161,8154,8103,8175,8045,8132,8155,8146,8087,8138,8122,8149,8118,8255,11.65859055519104,False
57,8184,8179,8143,8188,8104,8145,8151,8170,8106,8151,8136,8160,8135,8265,11.6668119430542,False
58,8216,8207,8237,8192,8175,8159,8139,8211,8130,8167,8152,8199,8150,8282,11.674814701080322,False
59,8196,8173,8125,8192,8061,8169,8165,8186,8157,8184,8181,8186,8192,8307,11.681946039199827,False
60,8190,8191,8165,8197,8124,8170,8174,8184,8152,8171,8180,8191,8210,8305,11.689821243286133,False
61,8213,8219,8316,8180,8217,8166,8154,8218,8137,8161,8149,8211,8185,8282,11.697816371917725,False
62,8164,8146,8120,8154,8050,8156,8174,8159,8153,8164,8128,8148,8173,8265,11.705770015716553,False
63,8136,8134,8059,8156,8051,8151,8178,8126,8148,8149,8110,8130,8153,8246,11.713701725006104,False
64,8163,8156,8165,8165,8117,8141,8149,8154,8127,8137,8110,8155,8140,8246,11.721801280975342,False
65,8174,8145,8161,8161,8096,8138,8142,8159,8120,8142,8110,8154,8136,8260,11.72981595993042,False
66,8180,8159,8172,8172,8118,8149,8146,8161,8124,8143,8104,8165,8125,8257,11.737784624099731,False
67,8174,8170,8169,8184,8115,8151,8144,8159,8130,8141,8119,8169,8128,8251,11.745794534683228,False
68,8183,8178,8207,8176,8129,8158,8146,8174,8119,8134,8131,8182,8132,8258,11.75279664993286,False
69,8186,8160,8154,8178,8089,8174,8174,8176,8126,8140,8138,8164,8141,8271,11.760559558868408,False
70,8172,8164,8120,8184,8097,8183,8179,8174,8134,8147,8123,8144,8137,8252,11.768797397613524,False
71,8171,8186,8201,8180,8133,8181,8153,8191,8121,8141,8100,8165,8123,8226,11.776817798614502,False
72,8166,8168,8142,8176,8060,8168,8158,8173,8139,8147,8124,8155,8151,8247,11.784719228744509,False
73,8168,8180,8180,8166,8124,8179,8167,8194,8152,8154,8131,8169,8165,8261,11.792669534683228,False
74,8149,8159,8218,8141,8135,8199,8169,8204,8145,8149,8108,8171,8146,8243,11.800765752792358,False
75,8125,8117,8121,8125,8045,8189,8175,8166,8159,8157,8110,8134,8147,8235,11.80857229232788,False
76,8146,8142,8147,8133,8064,8179,8172,8171,8170,8166,8123,8149,8153,8236,11.815797805786133,False
77,8136,8139,8125,8140,8054,8182,8172,8160,8164,8165,8123,8148,8145,8232,11.82377004623413,False
78,8144,8159,8208,8141,8149,8189,8161,8180,8151,8160,8111,8167,8124,8221,11.83179235458374,False
79,8181,8177,8273,8129,8154,8198,8173,8215,8167,8167,8123,8195,8137,8238,11.83977746963501,False
80,8166,8140,8117,8116,8019,8209,8208,8184,8198,8180,8149,8169,8170,8267,11.847818851470947,False
81,8161,8150,8110,8136,8063,8219,8206,8168,8189,8167,8149,8166,8166,8259,11.855851888656616,False
82,8175,8182,8170,8174,8118,8203,8183,8162,8168,8154,8141,8162,8156,8252,11.863576412200928,False
83,8188,8199,8201,8196,8130,8178,8158,8164,8152,8149,8121,8166,8140,8261,11.871477603912354,False
84,8192,8182,8180,8193,8100,8167,8134,8164,8139,8147,8109,8176,8127,8254,11.87850785255432,False
85,8188,8176,8144,8185,8096,8169,8131,8151,8135,8153,8119,8165,8142,8253,11.886627197265623,False
86,8198,8209,8225,8188,8153,8175,8137,8173,8122,8159,8112,8179,8143,8264,11.894511938095093,False
87,8169,8174,8163,8179,8071,8176,8158,8169,8119,8163,8106,8159,8135,8255,11.902497053146362,False
88,8149,8157,8123,8165,8079,8186,8177,8161,8130,8156,8105,8147,8137,8234,11.910560846328735,False
89,8171,8189,8188,8173,8132,8183,8163,8174,8125,8145,8102,8166,8137,8238,11.91882038116455,False
90,8173,8174,8144,8175,8063,8159,8143,8160,8119,8145,8100,8152,8133,8247,11.92675518989563,False
91,8185,8179,8179,8176,8103,8155,8142,8179,8135,8154,8106,8165,8140,8257,11.93463945388794,False
92,8197,8199,8185,8199,8113,8172,8168,8197,8168,8169,8132,8176,8167,8284,11.941680908203123,False
93,8203,8212,8191,8202,8131,8177,8177,8203,8167,8162,8120,8172,8152,8279,11.949827194213867,False
94,8203,8195,8224,8172,8152,8167,8169,8213,8148,8143,8092,8169,8120,8254,11.957726001739502,False
95,8164,8160,8114,8172,8079,8165,8179,8172,8158,8144,8112,8143,8127,8257,11.965822696685793,False
96,8173,8198,8192,8199,8144,8180,8172,8173,8147,8142,8107,8174,8108,8247,11.97382140159607,False
97,8191,8192,8210,8196,8114,8173,8174,8171,8135,8133,8092,8179,8098,8245,11.981786012649536,False
98,8178,8172,8148,8179,8096,8155,8174,8149,8139,8132,8096,8160,8123,8257,11.98978352546692,False
99,8190,8200,8234,8178,8161,8152,8153,8165,8135,8135,8093,8185,8125,8258,11.9978129863739,False
100,8181,8175,8153,8181,8065,8140,8152,8154,8150,8147,8098,8161,8127,8264,12.00580382347107,False
101,8166,8179,8157,8190,8100,8140,8151,8176,8163,8150,8105,8167,8137,8258,12.012735366821287,False
102,8157,8191,8226,8205,8158,8168,8165,8213,8176,8157,8121,8192,8162,8251,12.020827531814575,False
103,8141,8167,8132,8210,8083,8187,8200,8198,8200,8173,8131,8162,8172,8254,12.028816938400269,False
104,8138,8159,8077,8199,8048,8188,8209,8172,8198,8163,8115,8144,8136,8244,12.0365629196167,False
105,8134,8159,8117,8188,8083,8169,8186,8160,8168,8134,8100,8146,8107,8226,12.044816255569458,False
106,8150,8171,8218,8193,8144,8146,8161,8181,8142,8127,8098,8171,8106,8222,12.052812337875366,False
107,8141,8146,8126,8200,8051,8148,8183,8161,8163,8149,8111,8155,8128,8240,12.060592651367188,False
108,8135,8160,8128,8198,8100,8177,8204,8161,8184,8156,8098,8153,8130,8234,12.068801164627075,False
109,8164,8209,8325,8195,8243,8192,8197,8221,8163,8142,8087,8211,8105,8216,12.076815843582152,False
110,8133,8155,8180,8187,8097,8169,8211,8180,8161,8152,8127,8181,8126,8235,12.083908796310425,False
111,8123,8136,8070,8189,8045,8158,8208,8135,8165,8158,8147,8148,8151,8256,12.09177279472351,False
112,8178,8190,8193,8219,8114,8170,8188,8166,8151,8149,8147,8183,8149,8262,12.099745750427246,False
113,8200,8210,8188,8256,8093,8174,8196,8168,8153,8160,8177,8195,8168,8289,12.107805967330933,False
114,8196,8219,8173,8268,8121,8164,8194,8162,8155,8171,8183,8192,8180,8301,12.11573362350464,False
115,8181,8218,8169,8259,8129,8146,8180,8167,8145,8157,8150,8171,8159,8268,12.123813390731812,False
116,8164,8213,8180,8249,8137,8149,8179,8188,8138,8138,8123,8157,8126,8238,12.131786823272703,False
117,8140,8183,8144,8234,8103,8161,8202,8191,8149,8143,8117,8142,8117,8238,12.13976788520813,False
118,8124,8166,8117,8225,8108,8160,8221,8185,8164,8157,8102,8132,8122,8231,12.14681625366211,False
119,8144,8184,8205,8230,8173,8160,8216,8216,8174,8155,8096,8163,8118,8223,12.15483021736145,False
120,8140,8154,8143,8211,8102,8161,8224,8207,8196,8163,8123,8155,8134,8247,12.162591457366943,False
121,8135,8150,8140,8187,8130,8151,8211,8190,8188,8164,8119,8162,8138,8259,12.170814275741575,False
122,8148,8165,8221,8187,8169,8142,8190,8187,8156,8148,8097,8180,8120,8248,12.17881155014038,False
123,8138,8148,8143,8190,8095,8148,8212,8157,8155,8143,8106,8145,8114,8248,12.18660569190979,False
124,8146,8170,8180,8196,8148,8156,8221,8176,8146,8135,8106,8153,8104,8241,12.194759130477903,False
125,8142,8177,8171,8210,8120,8139,8222,8180,8133,8127,8104,8161,8106,8228,12.202781677246094,False
126,8145,8184,8163,8219,8112,8133,8222,8166,8122,8122,8098,8163,8101,8228,12.20976948738098,False
127,8174,8202,8251,8220,8179,8147,8197,8179,8106,8114,8078,8181,8082,8229,12.217745304107666,False
237,8145,8163,8145,8217,8108,8132,8183,8134,8104,8105,8067,8141,8076,8211,12.22580099105835,False
0,8115,8152,8092,8200,8097,8102,8170,8100,8089,8096,8056,8121,8068,8188,12.233813762664797,False
1,8133,8162,8150,8185,8130,8097,8144,8129,8088,8113,8065,8139,8084,8200,12.241812467575071,False
2,8158,8173,8209,8187,8164,8114,8135,8175,8117,8136,8088,8162,8117,8221,12.249808311462402,False
3,8155,8167,8178,8190,8125,8121,8158,8183,8145,8143,8099,8167,8132,8235,12.257781744003296,False
4,8139,8149,8099,8188,8078,8116,8165,8159,8150,8143,8104,8152,8135,8249,12.265766143798828,False
5,8178,8194,8285,8195,8219,8122,8138,8209,8138,8142,8101,8203,8129,8256,12.272763013839722,False
6,8179,8181,8268,8194,8164,8128,8156,8216,8156,8154,8111,8192,8143,8267,12.280786037445068,False
7,8145,8144,8065,8188,8055,8125,8189,8159,8168,8161,8108,8131,8147,8272,12.288549184799194,False
8,8174,8182,8146,8195,8143,8126,8178,8173,8138,8137,8089,8161,8116,8260,12.29680061340332,False
9,8181,8185,8176,8202,8115,8127,8176,8176,8126,8124,8102,8163,8110,8250,12.304821014404297,False
10,8166,8188,8157,8201,8108,8129,8172,8163,8130,8131,8112,8150,8116,8239,12.31270432472229,False
11,8179,8191,8191,8202,8155,8134,8166,8169,8125,8127,8103,8168,8111,8241,12.320766687393188,False
12,8176,8179,8183,8197,8148,8132,8167,8166,8114,8115,8096,8163,8105,8252,12.328808546066284,False
13,8170,8181,8172,8202,8123,8130,8162,8166,8113,8124,8116,8159,8115,8255,12.336687803268433,False
14,8173,8179,8128,8211,8106,8133,8172,8160,8134,8144,8157,8162,8155,8266,12.343780994415283,False
15,8181,8188,8212,8194,8185,8129,8167,8183,8132,8143,8162,8190,8164,8264,12.351781606674194,False
16,8156,8153,8182,8163,8114,8114,8159,8168,8114,8144,8159,8177,8161,8249,12.359816312789915,False
17,8131,8135,8113,8147,8100,8110,8164,8147,8117,8153,8159,8160,8162,8238,12.3677978515625,False
18,8149,8170,8270,8136,8249,8114,8147,8199,8115,8144,8138,8198,8139,8220,12.375810861587524,False
19,8123,8123,8185,8118,8128,8101,8150,8183,8131,8150,8155,8163,8152,8232,12.383680582046509,False
20,8115,8104,8062,8128,8046,8107,8178,8150,8155,8166,8180,8140,8181,8269,12.391674518585203,False
21,8142,8137,8129,8138,8127,8131,8195,8170,8156,8161,8162,8163,8178,8280,12.399662017822266,False
22,8128,8124,8154,8112,8148,8134,8191,8170,8146,8147,8135,8152,8154,8257,12.4066903591156,False
23,8144,8127,8215,8105,8167,8135,8180,8189,8138,8146,8136,8174,8144,8255,12.414717674255373,False
24,8164,8135,8166,8132,8110,8141,8196,8192,8153,8163,8154,8181,8173,8285,12.422595262527466,False
25,8156,8142,8140,8146,8115,8142,8213,8191,8173,8167,8144,8167,8182,8283,12.430527448654177,False
26,8158,8136,8176,8146,8128,8147,8221,8216,8188,8162,8155,8172,8186,8275,12.438554048538208,False
27,8166,8133,8137,8157,8100,8152,8238,8229,8205,8168,8190,8178,8220,8301,12.4465913772583,False
28,8183,8172,8204,8173,8175,8151,8237,8242,8191,8168,8183,8196,8223,8309,12.454625368118286,False
29,8169,8150,8193,8161,8148,8132,8221,8205,8173,8158,8168,8180,8213,8285,12.462543725967407,False
30,8144,8114,8145,8124,8120,8119,8187,8164,8156,8145,8147,8154,8187,8255,12.470656633377075,False
31,8136,8119,8171,8109,8135,8117,8154,8157,8126,8137,8108,8144,8129,8228,12.477574348449709,False
32,8120,8108,8128,8113,8094,8113,8142,8135,8125,8147,8108,8127,8119,8220,12.485816717147827,False
33,8134,8124,8174,8115,8154,8122,8131,8161,8150,8162,8141,8162,8157,8240,12.493813037872314,False
34,8152,8136,8157,8129,8144,8136,8139,8174,8176,8185,8175,8170,8183,8276,12.501811981201172,False
35,8172,8163,8173,8158,8169,8129,8138,8169,8170,8202,8179,8174,8179,8286,12.50980281829834,False
36,8198,8186,8276,8173,8224,8119,8126,8188,8149,8195,8169,8209,8174,8280,12.517582416534424,False
37,8173,8149,8157,8157,8123,8127,8153,8163,8161,8197,8195,8177,8194,8292,12.52580976486206,False
38,8167,8154,8140,8149,8145,8141,8175,8166,8171,8207,8215,8173,8206,8311,12.533810138702393,False
39,8176,8162,8175,8159,8160,8141,8182,8179,8176,8209,8209,8185,8211,8320,12.540560483932495,False
40,8173,8160,8166,8161,8156,8154,8182,8175,8175,8199,8190,8173,8201,8310,12.548787593841553,False
41,8188,8166,8212,8152,8182,8167,8181,8195,8173,8195,8184,8190,8200,8303,12.55688762664795,False
42,8179,8147,8142,8157,8129,8150,8201,8189,8197,8212,8206,8189,8234,8322,12.56455945968628,False
43,8175,8167,8173,8169,8175,8144,8199,8199,8202,8210,8198,8200,8231,8320,12.572811603546144,False
44,8172,8157,8182,8159,8144,8151,8185,8196,8184,8190,8182,8190,8207,8299,12.580803394317629,False
45,8158,8138,8125,8150,8106,8147,8192,8182,8177,8189,8176,8165,8205,8292,12.588611125946043,False
46,8158,8158,8186,8151,8181,8151,8192,8194,8173,8188,8167,8176,8185,8280,12.596781015396118,False
47,8151,8132,8158,8151,8141,8145,8179,8170,8176,8182,8185,8171,8180,8277,12.604811191558838,False
48,8177,8138,8147,8160,8126,8124,8171,8154,8172,8187,8208,8182,8211,8301,12.611811637878418,False
49,8188,8157,8157,8158,8146,8125,8173,8151,8158,8188,8184,8183,8213,8312,12.619747161865234,False
50,8165,8150,8170,8148,8161,8142,8159,8150,8146,8178,8167,8177,8178,8295,12.62781286239624,False
51,8195,8163,8223,8159,8145,8142,8147,8169,8154,8191,8220,8214,8208,8322,12.635828018188477,False
52,8233,8169,8146,8188,8076,8135,8174,8160,8190,8230,8262,8219,8307,8393,12.64357089996338,False
53,8263,8209,8231,8211,8196,8147,8166,8183,8189,8233,8234,8241,8320,8406,12.65170955657959,False
54,8266,8224,8283,8200,8201,8138,8139,8191,8164,8211,8230,8239,8277,8382,12.659789562225342,False
55,8221,8192,8124,8186,8085,8112,8157,8144,8164,8216,8252,8181,8274,8375,12.666565656661987,False
56,8203,8199,8175,8204,8173,8130,8172,8171,8153,8216,8207,8188,8264,8355,12.674697875976562,False
57,8180,8178,8181,8191,8163,8152,8181,8200,8142,8191,8148,8179,8237,8331,12.682667970657349,False
58,8135,8149,8088,8144,8101,8150,8196,8185,8146,8168,8141,8139,8197,8301,12.690771579742432,False
59,8112,8149,8113,8124,8130,8169,8215,8191,8158,8173,8159,8137,8162,8254,12.698784589767456,False
60,8096,8133,8131,8099,8143,8188,8221,8193,8168,8182,8142,8129,8141,8220,12.706703424453735,False
61,8095,8121,8155,8069,8161,8180,8197,8189,8157,8169,8102,8131,8114,8212,12.714615106582642,False
62,8087,8111,8111,8082,8110,8171,8185,8161,8162,8176,8126,8127,8128,8230,12.72278332710266,False
63,8096,8135,8150,8096,8153,8169,8175,8163,8170,8207,8159,8147,8158,8246,12.73072338104248,False
64,8134,8153,8215,8098,8194,8149,8155,8178,8168,8227,8168,8179,8166,8259,12.737738132476808,False
65,8154,8154,8151,8132,8132,8138,8146,8148,8172,8226,8198,8179,8181,8285,12.745763540267944,False
66,8188,8189,8216,8167,8183,8163,8135,8162,8172,8231,8215,8210,8201,8314,12.75377368927002,False
67,8208,8174,8209,8168,8175,8171,8138,8172,8193,8264,8237,8215,8236,8343,12.761781215667725,False
68,8221,8175,8160,8185,8169,8160,8145,8158,8203,8279,8260,8207,8272,8370,12.76979637145996,False
69,8244,8224,8224,8224,8201,8167,8144,8161,8171,8260,8246,8226,8271,8380,12.777733564376833,False
70,8225,8215,8176,8224,8151,8169,8148,8143,8161,8250,8228,8200,8257,8366,12.785807609558104,False
71,8219,8212,8196,8200,8197,8150,8138,8171,8172,8242,8215,8198,8235,8340,12.793546438217165,False
72,8207,8196,8197,8189,8175,8139,8136,8191,8176,8229,8199,8188,8222,8322,12.800654649734495,False
73,8168,8162,8147,8163,8125,8148,8148,8171,8179,8229,8182,8159,8215,8305,12.80859899520874,False
74,8149,8157,8154,8131,8142,8163,8157,8176,8190,8230,8181,8154,8200,8291,12.816635131835938,False
75,8140,8149,8114,8123,8125,8166,8169,8175,8205,8223,8180,8139,8191,8286,12.824737310409546,False
76,8152,8149,8180,8113,8177,8158,8162,8183,8186,8216,8154,8163,8171,8279,12.832818984985352,False
77,8151,8127,8164,8087,8152,8154,8175,8180,8182,8218,8167,8173,8173,8294,12.840632915496826,False
78,8154,8134,8136,8095,8159,8171,8203,8184,8204,8226,8199,8171,8195,8312,12.84870982170105,False
79,8189,8171,8235,8127,8213,8183,8209,8201,8181,8218,8183,8199,8194,8301,12.856797933578491,False
80,8182,8148,8149,8143,8119,8175,8215,8160,8145,8212,8171,8175,8189,8305,12.86487102508545,False
81,8190,8171,8170,8170,8167,8198,8214,8164,8147,8212,8179,8176,8187,8316,12.871707677841188,False
82,8218,8208,8264,8201,8215,8226,8210,8200,8183,8221,8186,8207,8203,8311,12.87979817390442,False
83,8199,8190,8157,8204,8115,8190,8202,8176,8215,8234,8188,8183,8233,8316,12.887755870819092,False
84,8194,8190,8145,8200,8130,8159,8177,8165,8205,8225,8176,8170,8220,8316,12.895564317703249,False
85,8201,8192,8196,8191,8177,8165,8159,8162,8192,8213,8164,8164,8193,8290,12.903674840927124,False
86,8189,8183,8201,8158,8189,8142,8130,8160,8183,8208,8149,8165,8183,8270,12.911625623703005,False
87,8152,8142,8102,8136,8106,8110,8111,8136,8179,8211,8160,8150,8194,8278,12.91964554786682,False
88,8143,8146,8100,8146,8128,8134,8118,8128,8173,8211,8174,8150,8196,8280,12.927597284317017,False
89,8185,8188,8237,8158,8215,8162,8125,8175,8160,8203,8165,8191,8186,8283,12.93463397026062,False
90,8169,8135,8101,8149,8092,8135,8146,8161,8173,8210,8179,8165,8214,8314,12.942546367645264,False
91,8179,8153,8212,8145,8221,8135,8142,8192,8163,8206,8160,8197,8199,8306,12.950612545013428,False
92,8211,8178,8378,8150,8288,8167,8146,8236,8148,8200,8138,8234,8167,8287,12.960826873779297,False
93,8159,8098,8073,8151,8021,8163,8201,8165,8180,8209,8170,8147,8201,8312,12.966625213623049,False
94,8153,8123,8020,8172,8058,8155,8220,8157,8203,8213,8179,8136,8214,8325,12.97459363937378,False
95,8195,8191,8205,8200,8210,8160,8202,8192,8199,8215,8156,8181,8190,8313,12.98161768913269,False
96,8208,8189,8213,8215,8187,8166,8180,8177,8190,8217,8146,8180,8187,8309,12.98957633972168,False
97,8211,8189,8162,8226,8141,8170,8164,8170,8189,8214,8163,8178,8215,8331,12.998702049255373,False
98,8207,8205,8169,8225,8169,8175,8170,8182,8199,8219,8171,8183,8233,8344,13.00553560256958,False
99,8191,8199,8213,8211,8204,8175,8177,8193,8203,8223,8151,8185,8210,8315,13.01365876197815,False
100,8150,8157,8132,8187,8126,8166,8176,8177,8208,8219,8142,8152,8194,8290,13.021624565124512,False
101,8143,8160,8141,8159,8156,8168,8163,8185,8198,8203,8129,8149,8178,8285,13.029529094696043,False
102,8159,8156,8187,8145,8172,8174,8166,8194,8174,8182,8111,8162,8149,8272,13.037680387496948,False
103,8146,8119,8109,8143,8109,8183,8188,8167,8176,8174,8118,8143,8148,8277,13.045748710632324,False
104,8157,8155,8230,8124,8235,8206,8181,8197,8174,8170,8113,8182,8142,8284,13.053590059280396,False
105,8150,8145,8228,8103,8200,8213,8180,8193,8164,8167,8101,8177,8119,8267,13.0606791973114,False
106,8127,8109,8092,8115,8096,8197,8200,8153,8171,8168,8103,8137,8113,8256,13.068525075912476,False
107,8172,8149,8173,8147,8176,8196,8210,8183,8189,8180,8119,8179,8141,8287,13.07674765586853,False
108,8202,8166,8174,8176,8170,8198,8208,8179,8202,8197,8149,8196,8178,8322,13.08463430404663,False
109,8196,8166,8146,8189,8158,8194,8183,8151,8181,8185,8154,8181,8173,8312,13.09258270263672,False
110,8190,8172,8156,8190,8165,8195,8165,8144,8165,8172,8149,8168,8176,8297,13.100682735443115,False
111,8198,8193,8179,8202,8195,8187,8156,8159,8180,8189,8161,8169,8200,8297,13.10866379737854,False
112,8214,8200,8215,8205,8208,8176,8144,8185,8191,8204,8172,8189,8204,8303,13.115723609924316,False
113,8193,8185,8158,8193,8162,8174,8154,8171,8186,8195,8164,8177,8207,8313,13.12374997138977,False
114,8184,8203,8198,8197,8220,8173,8153,8165,8156,8176,8130,8179,8190,8293,13.131770849227903,False
115,8174,8172,8171,8196,8191,8162,8142,8145,8135,8168,8106,8159,8163,8264,13.139781951904297,False
116,8152,8144,8129,8170,8179,8160,8145,8139,8141,8162,8084,8143,8139,8250,13.147693634033203,False
117,8148,8162,8226,8140,8245,8166,8147,8185,8141,8147,8064,8170,8115,8240,13.1556556224823,False
118,8117,8122,8129,8123,8142,8158,8156,8168,8146,8145,8076,8138,8115,8234,13.163800716400146,False
119,8111,8125,8119,8129,8161,8172,8161,8164,8151,8149,8078,8141,8109,8229,13.171671152114868,False
120,8129,8156,8208,8152,8217,8193,8174,8203,8169,8155,8083,8175,8110,8233,13.17980694770813,False
121,8126,8140,8124,8177,8143,8190,8193,8189,8200,8171,8114,8147,8139,8253,13.187817573547363,False
122,8165,8169,8134,8202,8157,8199,8200,8175,8200,8170,8127,8153,8150,8275,13.194526195526125,False
123,8198,8196,8170,8218,8174,8216,8219,8182,8193,8157,8127,8171,8151,8292,13.202686548233032,False
124,8194,8199,8200,8220,8208,8214,8227,8207,8195,8159,8130,8178,8159,8292,13.2108793258667,False
125,8185,8186,8167,8224,8166,8201,8221,8195,8201,8184,8146,8172,8176,8287,13.218697547912598,False
126,8191,8195,8152,8229,8172,8203,8215,8175,8205,8192,8151,8168,8184,8285,13.226884365081789,False
127,8228,8235,8282,8235,8280,8210,8195,8220,8201,8178,8141,8200,8180,8289,13.234802484512327,False
237,8217,8198,8172,8235,8171,8184,8176,8194,8213,8186,8153,8175,8196,8302,13.242880821228027,False
0,8199,8187,8128,8227,8170,8157,8147,8161,8201,8189,8143,8160,8186,8293,13.25069499015808,False
1,8196,8204,8230,8197,8243,8161,8130,8183,8172,8171,8120,8174,8158,8270,13.258813619613647,False
2,8157,8151,8119,8147,8141,8171,8141,8160,8173,8167,8119,8139,8153,8258,13.265812158584597,False
3,8149,8129,8114,8125,8153,8167,8135,8156,8168,8163,8110,8141,8129,8240,13.27370572090149,False
4,8163,8138,8170,8138,8186,8153,8129,8173,8167,8156,8121,8151,8118,8238,13.281842947006226,False
5,8163,8154,8169,8147,8183,8159,8140,8182,8179,8159,8141,8153,8130,8253,13.28982138633728,False
6,8161,8164,8175,8150,8183,8174,8148,8186,8180,8163,8139,8163,8128,8256,13.297682762145996,False
7,8144,8159,8146,8155,8175,8171,8157,8177,8184,8167,8149,8154,8126,8252,13.30582594871521,False
8,8142,8168,8181,8159,8200,8175,8163,8183,8189,8163,8168,8167,8127,8255,13.313804149627686,False
9,8136,8145,8109,8175,8125,8187,8181,8153,8194,8164,8179,8142,8142,8262,13.32172417640686,False
10,8155,8178,8166,8197,8215,8199,8181,8163,8182,8161,8167,8148,8137,8248,13.328814029693604,False
11,8192,8229,8311,8212,8318,8214,8181,8220,8180,8166,8168,8204,8132,8249,13.336804151535034,False
12,8164,8182,8146,8215,8165,8208,8207,8187,8216,8191,8201,8170,8165,8279,13.344611406326294,False
13,8151,8181,8110,8207,8179,8190,8190,8172,8221,8192,8203,8149,8172,8274,13.3527729511261,False
14,8163,8193,8183,8192,8226,8180,8167,8193,8199,8188,8187,8164,8174,8260,13.360803604125977,False
15,8140,8161,8127,8180,8158,8164,8174,8177,8195,8193,8177,8151,8186,8270,13.36869478225708,False
16,8136,8160,8133,8176,8158,8142,8157,8167,8190,8177,8168,8151,8167,8275,13.376769304275513,False
17,8149,8168,8149,8166,8176,8135,8137,8161,8184,8163,8168,8156,8152,8266,13.384849309921265,False
18,8161,8184,8191,8156,8212,8142,8131,8173,8174,8165,8167,8179,8157,8260,13.391842603683472,False
19,8149,8169,8148,8150,8157,8142,8141,8169,8168,8162,8174,8172,8170,8275,13.399886846542358,False
20,8130,8150,8120,8142,8151,8134,8141,8157,8157,8144,8167,8156,8163,8269,13.407882690429688,False
21,8140,8162,8197,8141,8200,8133,8131,8161,8136,8140,8153,8172,8138,8240,13.415805578231812,False
22,8154,8169,8168,8166,8155,8139,8146,8147,8146,8157,8178,8169,8144,8248,13.423611640930176,False
23,8195,8208,8238,8198,8222,8150,8152,8174,8158,8159,8194,8202,8160,8277,13.431798219680786,False
24,8206,8196,8226,8199,8196,8149,8148,8178,8163,8153,8200,8204,8169,8288,13.439800024032593,False
25,8180,8172,8114,8190,8127,8143,8153,8137,8166,8150,8211,8163,8172,8283,13.447582244873049,False
26,8192,8205,8206,8202,8207,8146,8142,8156,8146,8139,8213,8187,8167,8273,13.454869985580444,False
27,8171,8185,8158,8209,8153,8137,8135,8155,8143,8152,8227,8179,8187,8272,13.462805032730104,False
28,8158,8203,8144,8208,8171,8141,8138,8164,8152,8171,8220,8173,8190,8270,13.470547676086426,False
29,8167,8232,8232,8197,8216,8146,8141,8189,8149,8163,8194,8182,8170,8258,13.47880744934082,False
30,8136,8177,8140,8173,8135,8127,8144,8163,8151,8155,8199,8148,8179,8248,13.486770629882812,False
31,8136,8168,8125,8172,8159,8131,8149,8167,8154,8163,8207,8155,8189,8247,13.49445939064026,False
32,8152,8198,8157,8196,8181,8150,8157,8177,8145,8160,8200,8167,8180,8256,13.502695322036743,False
33,8156,8211,8199,8199,8197,8151,8139,8175,8118,8139,8179,8174,8152,8248,13.510525941848757,False
34,8144,8171,8123,8181,8121,8142,8135,8150,8122,8142,8176,8157,8147,8244,13.518583536148071,False
35,8141,8159,8100,8167,8156,8146,8150,8148,8143,8151,8178,8155,8155,8256,13.525617122650146,False
36,8186,8225,8373,8173,8359,8155,8130,8224,8124,8133,8149,8228,8119,8255,13.53368854522705,False
37,8161,8190,8252,8182,8185,8138,8145,8185,8131,8138,8158,8190,8115,8253,13.541784286499023,False
38,8119,8147,7987,8190,8022,8135,8178,8101,8157,8153,8194,8120,8147,8253,13.54975438117981,False
39,8165,8195,8122,8199,8162,8158,8162,8124,8135,8137,8182,8166,8144,8259,13.55779218673706,False
40,8199,8215,8210,8208,8204,8158,8139,8134,8118,8128,8166,8189,8144,8286,13.56577968597412,False
41,8217,8232,8206,8234,8195,8147,8129,8139,8137,8153,8209,8199,8189,8321,13.573726415634155,False
42,8242,8236,8175,8250,8165,8155,8132,8159,8173,8186,8287,8219,8268,8363,13.581783294677734,False
43,8249,8234,8184,8229,8182,8172,8136,8176,8181,8201,8307,8229,8298,8388,13.589745044708252,False
44,8245,8231,8211,8202,8198,8179,8148,8186,8177,8204,8288,8220,8277,8386,13.5966055393219,False
45,8230,8197,8145,8190,8153,8180,8162,8174,8194,8202,8278,8187,8265,8364,13.604756116867064,False
46,8224,8186,8187,8171,8195,8187,8138,8187,8188,8186,8245,8194,8236,8330,13.612789869308472,False
47,8197,8165,8164,8148,8156,8197,8139,8186,8191,8181,8239,8187,8225,8320,13.620537757873535,False
48,8191,8174,8139,8155,8156,8206,8166,8185,8213,8189,8246,8178,8233,8333,13.628766536712646,False
49,8217,8199,8231,8162,8230,8207,8160,8207,8198,8181,8229,8201,8219,8337,13.636797904968262,False
50,8192,8166,8165,8146,8158,8194,8156,8177,8184,8179,8239,8186,8228,8338,13.644794940948486,False
51,8176,8158,8124,8137,8137,8193,8174,8159,8183,8173,8249,8172,8237,8329,13.652779817581177,False
52,8178,8157,8127,8136,8150,8209,8204,8173,8176,8159,8222,8156,8209,8307,13.659802436828612,False
53,8168,8157,8144,8129,8181,8215,8225,8203,8187,8156,8194,8153,8176,8289,13.667797803878784,False
54,8166,8165,8208,8126,8199,8219,8229,8223,8201,8163,8188,8175,8163,8280,13.675775051116943,False
55,8154,8152,8150,8137,8130,8225,8228,8174,8184,8159,8197,8150,8171,8277,13.68387532234192,False
56,8152,8176,8161,8147,8164,8205,8201,8150,8149,8140,8198,8153,8164,8271,13.691776037216188,False
57,8152,8174,8166,8145,8143,8173,8163,8144,8140,8137,8198,8166,8153,8270,13.699719190597534,False
58,8152,8158,8129,8147,8108,8172,8136,8119,8141,8141,8202,8156,8152,8278,13.70781111717224,False
59,8189,8194,8201,8175,8177,8185,8127,8144,8131,8143,8222,8186,8173,8296,13.71580934524536,False
60,8202,8204,8170,8196,8152,8176,8140,8168,8152,8163,8250,8188,8212,8317,13.72355055809021,False
61,8193,8194,8193,8173,8187,8183,8138,8191,8173,8179,8232,8186,8206,8308,13.730799913406372,False
62,8175,8174,8205,8142,8178,8205,8146,8196,8189,8183,8222,8181,8191,8300,13.738799571990969,False
63,8159,8171,8124,8144,8121,8214,8174,8180,8208,8191,8232,8160,8199,8304,13.74659276008606,False
64,8179,8190,8172,8147,8164,8225,8179,8194,8201,8182,8218,8174,8186,8290,13.75480318069458,False
65,8158,8142,8120,8122,8112,8224,8186,8174,8197,8172,8214,8151,8181,8281,13.7628071308136,False
66,8152,8148,8170,8114,8180,8212,8187,8187,8184,8172,8199,8161,8164,8277,13.770966529846191,False
67,8173,8178,8256,8126,8221,8207,8189,8221,8171,8164,8177,8186,8141,8275,13.778918027877808,False
68,8134,8133,8112,8125,8095,8209,8205,8175,8187,8158,8185,8141,8150,8270,13.785806655883787,False
69,8113,8126,8088,8131,8117,8225,8203,8151,8186,8158,8191,8136,8155,8253,13.793799638748167,False
70,8138,8149,8133,8149,8161,8237,8200,8151,8169,8156,8187,8148,8149,8252,13.801735639572144,False
71,8172,8175,8195,8163,8193,8230,8182,8155,8145,8142,8164,8162,8129,8259,13.809781789779665,False
72,8174,8166,8186,8161,8165,8212,8155,8134,8116,8130,8161,8167,8124,8262,13.817798852920532,False
73,8167,8159,8131,8160,8152,8202,8141,8101,8093,8128,8190,8160,8152,8272,13.825765609741213,False
74,8218,8212,8270,8176,8249,8214,8131,8146,8076,8127,8199,8202,8160,8289,13.833797693252563,False
75,8216,8195,8226,8176,8162,8206,8150,8165,8089,8139,8184,8188,8159,8291,13.841589212417604,False
76,8148,8142,8084,8143,8097,8182,8164,8143,8103,8138,8166,8134,8161,8265,13.849698543548584,False
77,8128,8143,8143,8119,8167,8172,8147,8159,8114,8132,8160,8139,8151,8240,13.857577085494995,False
78,8138,8146,8167,8121,8154,8169,8143,8173,8156,8151,8166,8150,8148,8238,13.8647940158844,False
79,8156,8157,8170,8131,8152,8172,8141,8187,8187,8171,8168,8160,8158,8250,13.872634887695312,False
80,8164,8151,8139,8147,8128,8178,8144,8183,8193,8174,8178,8161,8184,8272,13.880900859832764,False
81,8162,8155,8164,8146,8150,8177,8144,8179,8182,8169,8173,8184,8189,8282,13.88870930671692,False
82,8168,8165,8204,8149,8167,8166,8144,8180,8170,8176,8184,8212,8194,8293,13.896881103515623,False
83,8174,8152,8119,8171,8135,8165,8164,8156,8172,8186,8215,8190,8228,8324,13.904611825942991,False
84,8202,8184,8222,8176,8255,8178,8172,8185,8151,8171,8191,8209,8216,8323,13.912791013717651,False
85,8194,8177,8233,8176,8219,8177,8181,8185,8146,8166,8178,8204,8206,8309,13.919875144958496,False
86,8182,8175,8144,8206,8161,8178,8194,8157,8168,8182,8218,8181,8242,8319,13.92773723602295,False
87,8222,8224,8244,8230,8244,8193,8197,8189,8166,8186,8233,8217,8260,8337,13.93578004837036,False
88,8209,8200,8182,8223,8172,8186,8197,8166,8154,8181,8219,8199,8252,8346,13.943814992904665,False
89,8186,8185,8119,8225,8148,8172,8169,8137,8137,8170,8196,8180,8231,8331,13.951584815979004,False
90,8194,8187,8144,8225,8163,8172,8159,8158,8133,8171,8184,8188,8227,8311,13.959799528121948,False
91,8188,8184,8158,8217,8168,8173,8168,8178,8141,8178,8177,8177,8229,8295,13.967549562454224,False
92,8193,8208,8233,8224,8224,8189,8164,8204,8146,8174,8162,8185,8216,8287,13.975542783737184,False
93,8185,8191,8173,8219,8181,8191,8168,8191,8165,8180,8157,8173,8221,8295,13.982540845870972,False
94,8173,8174,8139,8199,8165,8169,8159,8180,8169,8188,8150,8170,8221,8290,13.990484714508057,False
95,8168,8168,8142,8195,8147,8163,8152,8183,8161,8181,8142,8165,8212,8279,13.998638153076172,False
96,8168,8173,8136,8196,8159,8180,8175,8196,8166,8175,8139,8159,8211,8286,14.006555318832396,False
97,8171,8190,8195,8181,8209,8179,8194,8222,8152,8167,8134,8180,8202,8288,14.014450073242188,False
98,8143,8157,8125,8163,8139,8165,8211,8189,8141,8168,8153,8161,8210,8283,14.02255630493164,False
99,8150,8160,8150,8163,8178,8180,8222,8178,8142,8178,8175,8170,8214,8286,14.030561923980711,False
100,8171,8180,8194,8179,8196,8191,8215,8179,8143,8180,8191,8193,8213,8299,14.03846025466919,False
101,8169,8179,8128,8204,8151,8170,8193,8147,8147,8172,8200,8181,8231,8316,14.046473979949951,False
102,8221,8211,8239,8229,8246,8164,8167,8171,8154,8164,8197,8220,8243,8335,14.053574323654177,False
103,8236,8201,8215,8232,8200,8172,8165,8169,8170,8169,8207,8216,8254,8353,14.061436653137209,False
104,8204,8195,8139,8226,8158,8177,8163,8139,8160,8168,8193,8179,8237,8331,14.069459438323976,False
105,8208,8212,8173,8230,8178,8178,8154,8138,8131,8153,8168,8178,8214,8301,14.077657222747805,False
106,8209,8208,8142,8229,8152,8167,8159,8130,8126,8156,8176,8179,8224,8311,14.085795402526855,False
107,8200,8221,8198,8205,8214,8166,8152,8154,8117,8160,8169,8194,8221,8306,14.093732833862305,False
108,8172,8196,8159,8184,8169,8167,8152,8151,8121,8155,8157,8168,8219,8290,14.101550340652466,False
109,8180,8195,8148,8186,8176,8155,8154,8154,8131,8157,8158,8166,8224,8303,14.109728574752808,False
110,8202,8200,8202,8176,8212,8144,8152,8187,8134,8166,8151,8194,8219,8313,14.116799354553224,False
111,8166,8156,8106,8144,8138,8148,8174,8180,8147,8172,8141,8160,8215,8299,14.124639511108398,False
112,8170,8179,8187,8148,8211,8164,8175,8201,8149,8168,8133,8174,8200,8290,14.132791757583618,False
113,8195,8186,8229,8171,8211,8161,8166,8207,8160,8178,8151,8193,8207,8309,14.14057970046997,False
114,8191,8159,8142,8166,8151,8165,8180,8196,8187,8193,8179,8186,8239,8329,14.148795127868652,False
115,8202,8180,8165,8171,8169,8181,8205,8222,8205,8203,8200,8211,8257,8344,14.156715631484984,False
116,8199,8191,8168,8181,8159,8176,8208,8212,8196,8199,8203,8209,8251,8344,14.164791822433472,False
117,8194,8188,8177,8174,8179,8171,8179,8187,8161,8170,8173,8199,8228,8323,14.17274022102356,False
118,8195,8186,8143,8181,8165,8173,8179,8164,8155,8165,8171,8190,8235,8328,14.180773735046388,False
119,8202,8214,8186,8193,8218,8174,8188,8174,8165,8177,8182,8206,8243,8337,14.18757438659668,False
120,8199,8213,8207,8186,8208,8177,8178,8182,8156,8164,8164,8208,8224,8325,14.195802688598633,False
121,8183,8180,8094,8177,8134,8172,8176,8150,8154,8149,8149,8163,8213,8308,14.203708171844482,False
122,8219,8235,8263,8184,8293,8167,8164,8201,8137,8140,8130,8206,8189,8294,14.211723566055298,False
123,8210,8224,8289,8174,8259,8171,8179,8218,8138,8148,8127,8217,8186,8297,14.219745874404907,False
124,8146,8140,8050,8154,8086,8168,8217,8160,8171,8165,8136,8144,8206,8300,14.227551937103271,False
125,8153,8138,8080,8154,8144,8154,8207,8181,8169,8162,8123,8145,8193,8282,14.235749006271362,False
126,8166,8156,8159,8151,8174,8156,8192,8206,8167,8160,8125,8168,8183,8276,14.243873834609984,False
127,8161,8163,8159,8140,8161,8172,8197,8194,8193,8173,8156,8171,8198,8289,14.25055718421936,False
237,8154,8154,8147,8140,8160,8170,8184,8177,8202,8179,8170,8159,8203,8289,14.25878882408142,False
0,8152,8152,8157,8152,8187,8168,8164,8171,8186,8172,8143,8154,8188,8281,14.266745567321776,False
1,8187,8172,8202,8160,8201,8184,8165,8183,8183,8169,8137,8189,8189,8297,14.274856567382812,False
2,8200,8162,8139,8164,8133,8179,8174,8158,8188,8169,8163,8190,8214,8319,14.282691478729248,True
3,8183,8171,8164,8161,8182,8163,8151,8138,8160,8154,8139,8181,8191,8293,14.290790796279907,True
4,8172,8169,8177,8155,8185,8166,8147,8130,8150,8148,8132,8177,8165,8274,14.298741102218628,True
5,8182,8165,8140,8162,8161,8165,8165,8133,8166,8151,8169,8183,8184,8296,14.306786298751833,False
6,8202,8202,8258,8175,8257,8157,8149,8177,8152,8142,8163,8221,8182,8292,14.313714742660522,False
7,8170,8176,8183,8172,8186,8158,8152,8163,8150,8140,8158,8183,8175,8273,14.32179307937622,False
8,8152,8159,8103,8163,8158,8169,8173,8151,8162,8146,8168,8155,8182,8276,14.329699516296388,False
9,8170,8173,8160,8158,8185,8165,8176,8178,8164,8165,8173,8181,8197,8296,14.337794542312622,False
10,8166,8166,8136,8161,8147,8160,8181,8182,8190,8196,8193,8182,8223,8310,14.3458092212677,False
11,8176,8185,8207,8162,8222,8183,8184,8212,8212,8199,8202,8198,8224,8302,14.353647708892822,False
12,8171,8169,8183,8152,8194,8182,8192,8208,8217,8192,8195,8174,8222,8293,14.361738443374634,False
13,8160,8156,8112,8156,8137,8152,8198,8177,8212,8202,8181,8146,8220,8288,14.36979603767395,False
14,8162,8168,8149,8159,8160,8153,8201,8183,8199,8204,8169,8163,8202,8275,14.377692222595217,False
15,8161,8166,8163,8150,8178,8169,8206,8193,8195,8195,8162,8169,8193,8273,14.384789943695068,False
16,8191,8179,8201,8160,8202,8169,8207,8207,8197,8196,8171,8184,8199,8292,14.392725944519045,False
17,8182,8167,8120,8169,8132,8168,8219,8174,8210,8212,8182,8163,8199,8297,14.400902509689333,False
18,8179,8192,8183,8167,8209,8180,8203,8171,8204,8205,8149,8180,8168,8278,14.408730506896973,False
19,8227,8222,8310,8187,8265,8190,8182,8195,8185,8194,8138,8224,8164,8287,14.416862487792969,False
20,8216,8186,8153,8208,8144,8186,8180,8138,8192,8211,8171,8180,8195,8317,14.424747705459597,False
21,8199,8211,8169,8209,8229,8184,8142,8129,8181,8209,8152,8176,8170,8294,14.43276596069336,False
22,8215,8232,8231,8219,8261,8177,8128,8154,8167,8212,8146,8199,8161,8278,14.44074249267578,False
23,8216,8208,8135,8231,8171,8165,8153,8131,8166,8240,8180,8183,8200,8310,14.447766304016112,False
24,8209,8213,8154,8213,8200,8157,8143,8129,8144,8246,8167,8186,8197,8319,14.455705642700195,False
25,8194,8206,8183,8179,8216,8149,8123,8146,8128,8249,8138,8179,8172,8294,14.463792085647585,False
26,8188,8195,8184,8164,8202,8141,8125,8172,8145,8279,8140,8174,8167,8275,14.4718017578125,False
27,8154,8161,8093,8159,8126,8135,8152,8168,8177,8309,8153,8148,8178,8281,14.479790449142456,False
28,8136,8167,8132,8147,8206,8151,8163,8184,8179,8312,8138,8153,8173,8278,14.487720727920532,False
29,8173,8199,8264,8145,8289,8170,8163,8231,8182,8325,8141,8202,8179,8289,14.495778322219849,False
30,8169,8165,8133,8146,8140,8164,8194,8213,8226,8365,8179,8183,8222,8328,14.503597259521484,False
31,8170,8178,8156,8152,8190,8173,8208,8224,8240,8381,8177,8193,8229,8336,14.510605335235596,False
32,8190,8200,8246,8167,8268,8181,8201,8232,8230,8378,8162,8216,8214,8330,14.51872181892395,False
33,8173,8172,8135,8171,8185,8164,8199,8172,8217,8369,8160,8183,8209,8332,14.52669620513916,False
34,8183,8184,8137,8173,8181,8165,8186,8152,8178,8346,8147,8179,8192,8324,14.534711122512816,False
35,8200,8197,8161,8186,8177,8171,8166,8143,8155,8330,8140,8177,8179,8311,14.542590618133543,False
36,8199,8206,8211,8194,8228,8158,8140,8143,8142,8314,8131,8190,8161,8293,14.550610542297363,False
37,8193,8205,8214,8195,8222,8160,8143,8153,8140,8307,8138,8198,8162,8290,14.558637619018556,False
38,8190,8211,8146,8211,8172,8183,8160,8148,8158,8323,8159,8179,8186,8304,14.56659698486328,False
39,8192,8219,8170,8220,8192,8184,8143,8151,8147,8322,8159,8182,8180,8299,14.574530124664308,False
40,8158,8182,8121,8194,8148,8163,8137,8134,8130,8311,8157,8169,8169,8281,14.58159637451172,False
41,8134,8187,8152,8159,8194,8162,8147,8155,8138,8310,8137,8165,8148,8259,14.589478015899658,False
42,8126,8189,8198,8143,8216,8173,8154,8183,8155,8306,8116,8163,8129,8238,14.597533226013184,False
43,8117,8154,8129,8141,8163,8183,8178,8182,8186,8315,8147,8156,8166,8261,14.605697870254517,False
44,8151,8176,8202,8146,8212,8203,8203,8228,8221,8338,8182,8198,8212,8306,14.613564252853394,False
45,8155,8181,8178,8152,8173,8206,8223,8227,8247,8351,8187,8191,8232,8325,14.621757745742798,False
46,8150,8185,8151,8161,8199,8207,8223,8205,8242,8344,8166,8182,8224,8315,14.62952446937561,False
47,8173,8193,8210,8161,8232,8217,8210,8210,8224,8343,8147,8197,8209,8302,14.637805938720703,False
48,8165,8167,8147,8153,8156,8202,8195,8173,8214,8340,8144,8165,8198,8289,14.644692182540894,False
49,8174,8186,8182,8156,8207,8176,8157,8164,8189,8316,8133,8177,8175,8287,14.652758598327637,False
50,8186,8195,8165,8171,8185,8169,8134,8161,8173,8305,8140,8182,8181,8306,14.66074514389038,False
51,8187,8210,8145,8194,8172,8176,8139,8163,8183,8306,8150,8169,8194,8309,14.668833017349243,False
52,8198,8226,8199,8200,8218,8179,8147,8187,8197,8306,8149,8178,8190,8304,14.67680525779724,False
53,8187,8197,8143,8174,8188,8174,8155,8180,8201,8307,8152,8167,8190,8305,14.68486738204956,False
54,8194,8203,8194,8156,8220,8182,8152,8187,8172,8290,8134,8176,8166,8286,14.692728519439695,False
55,8186,8196,8182,8166,8175,8190,8166,8178,8159,8279,8120,8158,8154,8268,14.700790643692017,False
56,8163,8180,8145,8154,8175,8191,8172,8178,8175,8282,8113,8151,8158,8262,14.708746433258057,False
57,8164,8165,8171,8121,8200,8197,8169,8201,8183,8286,8120,8177,8158,8269,14.71578860282898,False
58,8175,8153,8125,8140,8159,8207,8181,8183,8196,8305,8151,8166,8183,8291,14.723741292953491,False
59,8214,8210,8241,8196,8248,8211,8168,8195,8191,8312,8154,8194,8193,8308,14.731698513031006,False
60,8219,8216,8243,8223,8213,8203,8162,8192,8192,8308,8156,8209,8199,8333,14.739678621292114,False
61,8214,8204,8129,8239,8146,8205,8174,8166,8208,8313,8175,8188,8225,8360,14.747786283493042,False
62,8251,8248,8201,8264,8220,8218,8163,8176,8206,8313,8175,8202,8232,8357,14.755558490753174,False
63,8248,8241,8216,8253,8223,8212,8150,8170,8201,8307,8160,8195,8214,8337,14.763787746429443,False
64,8218,8213,8179,8230,8199,8201,8147,8169,8198,8296,8145,8181,8191,8317,14.77180004119873,False
65,8188,8183,8082,8224,8122,8195,8159,8149,8195,8279,8135,8146,8176,8300,14.77871322631836,False
66,8189,8200,8146,8203,8200,8196,8154,8162,8164,8245,8100,8141,8136,8273,14.78670573234558,False
67,8214,8230,8322,8180,8312,8214,8144,8227,8133,8226,8071,8186,8105,8251,14.79479169845581,False
68,8154,8160,8132,8170,8142,8223,8183,8191,8162,8238,8091,8139,8128,8251,14.802695035934448,False
69,8109,8136,8034,8160,8116,8221,8204,8156,8173,8235,8101,8111,8123,8247,14.810773611068726,False
70,8151,8172,8164,8150,8200,8230,8192,8192,8156,8228,8106,8148,8106,8254,14.818699836730955,False
71,8176,8162,8157,8154,8166,8237,8201,8200,8173,8243,8130,8161,8140,8285,14.826732397079468,False
72,8168,8160,8152,8170,8177,8239,8219,8198,8188,8255,8143,8178,8173,8304,14.83473801612854,False
73,8163,8177,8154,8182,8187,8249,8234,8188,8188,8261,8160,8177,8187,8309,14.8427574634552,False
74,8190,8205,8223,8197,8242,8257,8233,8198,8192,8264,8164,8188,8181,8300,14.849607706069946,False
75,8204,8192,8224,8208,8214,8244,8226,8205,8209,8261,8151,8190,8171,8297,14.85772156715393,False
76,8192,8173,8128,8213,8153,8236,8223,8182,8223,8263,8147,8164,8175,8318,14.865737915039062,False
77,8195,8194,8145,8221,8187,8243,8211,8167,8205,8256,8144,8170,8169,8320,14.873730659484863,False
78,8172,8178,8111,8214,8160,8229,8196,8135,8174,8229,8130,8153,8155,8297,14.881637573242188,False
79,8176,8184,8170,8200,8221,8212,8165,8142,8138,8199,8098,8156,8118,8268,14.889861822128296,False
80,8198,8192,8235,8206,8238,8201,8142,8156,8113,8198,8092,8169,8098,8250,14.897843599319458,False
81,8160,8164,8110,8210,8144,8177,8146,8114,8113,8210,8111,8134,8112,8252,14.905657052993774,False
82,8140,8171,8124,8200,8189,8169,8140,8129,8105,8206,8118,8145,8118,8258,14.91268825531006,False
83,8144,8162,8143,8187,8179,8171,8146,8168,8116,8211,8134,8160,8134,8263,14.920616149902344,False
84,8154,8169,8162,8195,8184,8173,8158,8189,8134,8219,8137,8168,8142,8258,14.92873501777649,False
85,8170,8189,8204,8222,8221,8189,8163,8207,8153,8231,8150,8184,8151,8264,14.936764478683472,False
86,8172,8189,8150,8250,8206,8208,8187,8207,8199,8264,8203,8177,8198,8290,14.944694757461548,False
87,8190,8228,8198,8273,8262,8229,8211,8232,8229,8283,8227,8191,8224,8304,14.952757835388184,False
88,8176,8224,8171,8276,8225,8258,8236,8223,8240,8279,8215,8175,8220,8302,14.96068811416626,False
89,8135,8196,8116,8257,8206,8283,8256,8202,8251,8283,8203,8162,8212,8285,14.96869683265686,False
90,8101,8183,8147,8224,8252,8291,8268,8209,8263,8284,8196,8163,8196,8260,14.976779222488403,False
91,8079,8173,8119,8220,8231,8297,8290,8197,8279,8276,8191,8111,8179,8228,14.983689785003662,False
92,8144,8225,8218,8261,8267,8308,8294,8214,8283,8271,8210,8132,8181,8215,14.991745233535768,False
93,8233,8253,8226,8315,8207,8301,8305,8204,8303,8284,8281,8213,8254,8295,14.999816179275513,False
94,8291,8281,8202,8365,8203,8291,8314,8188,8312,8292,8327,8281,8336,8425,15.007637977600098,False
95,8363,8335,8300,8393,8253,8287,8296,8217,8289,8287,8310,8313,8348,8493,15.01557993888855,False
96,8396,8301,8221,8378,8160,8266,8278,8191,8271,8283,8284,8270,8328,8498,15.02372407913208,False
97,8410,8277,8255,8340,8233,8248,8242,8187,8237,8266,8241,8281,8289,8493,15.031599760055542,False
98,8399,8269,8317,8301,8280,8229,8210,8200,8200,8247,8203,8297,8264,8484,15.0387122631073,False
99,8324,8223,8167,8255,8174,8191,8183,8149,8183,8239,8189,8220,8250,8440,15.04679036140442,False
100,8254,8193,8070,8222,8142,8164,8152,8117,8172,8236,8179,8162,8223,8374,15.05452275276184,False
101,8205,8188,8064,8212,8162,8162,8137,8122,8170,8239,8169,8138,8207,8322,15.062690258026125,False
102,8157,8202,8156,8197,8238,8167,8121,8149,8146,8224,8150,8135,8174,8257,15.070724964141846,False
103,8069,8158,8081,8186,8164,8166,8131,8133,8139,8218,8151,8088,8146,8189,15.078798532485962,False
104,8009,8155,8060,8203,8182,8172,8145,8136,8162,8234,8150,8068,8139,8138,15.087786197662354,False
105,8028,8212,8265,8218,8335,8195,8146,8209,8172,8236,8141,8118,8128,8111,15.094743490219116,False
106,8014,8170,8142,8219,8212,8206,8181,8187,8192,8242,8172,8088,8150,8134,15.10172438621521,False
107,8008,8144,8005,8222,8147,8202,8201,8142,8210,8253,8188,8053,8170,8154,15.109575748443604,False
108,8037,8175,8115,8222,8226,8204,8191,8164,8203,8253,8161,8075,8155,8138,15.117833852767944,False
109,8030,8166,8146,8201,8222,8216,8209,8183,8198,8237,8144,8087,8139,8125,15.125787496566772,False
110,8029,8143,8145,8175,8208,8214,8227,8199,8190,8213,8137,8107,8123,8145,15.13353681564331,False
111,8044,8125,8124,8152,8178,8196,8227,8200,8198,8207,8141,8117,8122,8187,15.14178228378296,False
112,8062,8138,8168,8125,8216,8203,8233,8213,8215,8208,8140,8139,8111,8201,15.149746656417848,False
113,8050,8119,8145,8105,8169,8206,8240,8195,8211,8191,8121,8127,8088,8193,15.157553672790527,False
114,8029,8102,8093,8113,8129,8187,8230,8164,8192,8174,8113,8102,8093,8193,15.165747165679932,False
115,8061,8152,8241,8144,8254,8190,8208,8214,8182,8174,8128,8156,8114,8199,15.172855138778688,False
116,8064,8131,8204,8144,8196,8188,8206,8208,8192,8179,8152,8158,8127,8218,15.180816888809204,False
117,8053,8100,8105,8127,8122,8157,8199,8166,8194,8178,8164,8136,8134,8249,15.18878722190857,False
118,8095,8136,8167,8152,8180,8155,8194,8180,8196,8185,8183,8176,8158,8279,15.19677734375,False
119,8136,8159,8178,8182,8208,8179,8199,8178,8201,8186,8195,8189,8166,8290,15.204784154891968,False
120,8172,8183,8228,8186,8226,8185,8182,8177,8186,8182,8185,8203,8150,8289,15.21276354789734,False
121,8173,8180,8178,8194,8144,8175,8187,8171,8194,8202,8218,8201,8184,8308,15.220784425735474,False
122,8165,8184,8171,8202,8185,8181,8196,8180,8208,8211,8236,8202,8209,8317,15.22882604598999,False
123,8175,8183,8242,8190,8258,8191,8184,8193,8200,8199,8214,8214,8193,8311,15.235705375671388,False
124,8157,8153,8153,8178,8177,8179,8171,8163,8199,8209,8220,8182,8207,8311,15.243733644485474,False
125,8168,8177,8167,8196,8202,8180,8150,8159,8190,8206,8224,8182,8204,8300,15.251856565475464,False
126,8186,8192,8178,8215,8197,8189,8146,8147,8171,8183,8199,8181,8173,8284,15.259513854980469,False
127,8168,8189,8159,8208,8188,8184,8144,8139,8150,8169,8156,8161,8137,8259,15.267785549163818,False
237,8147,8194,8196,8196,8210,8187,8145,8164,8142,8165,8146,8162,8122,8243,15.27568817138672,False
0,8134,8179,8131,8204,8178,8192,8170,8155,8162,8167,8167,8139,8133,8242,15.283700227737429,False
1,8152,8197,8196,8211,8247,8186,8162,8167,8155,8158,8142,8148,8108,8220,15.291759252548218,False
2,8152,8177,8201,8186,8189,8171,8138,8160,8142,8155,8134,8155,8099,8218,15.299787998199465,False
3,8146,8155,8136,8166,8126,8170,8141,8142,8146,8161,8160,8148,8126,8248,15.306781530380247,False
4,8169,8175,8216,8166,8212,8180,8145,8182,8140,8151,8151,8174,8124,8263,15.314707279205322,False
5,8154,8151,8167,8159,8177,8165,8145,8178,8150,8144,8147,8164,8132,8275,15.322748184204102,False
6,8144,8144,8134,8158,8165,8152,8142,8155,8148,8140,8160,8167,8151,8291,15.330790042877195,False
7,8177,8158,8177,8171,8182,8163,8152,8171,8136,8148,8180,8186,8169,8312,15.338726043701172,False
8,8218,8166,8195,8168,8187,8167,8173,8196,8165,8174,8210,8205,8211,8350,15.346728563308716,False
9,8251,8179,8229,8166,8197,8155,8166,8203,8191,8186,8231,8234,8245,8385,15.35475778579712,False
10,8237,8171,8173,8179,8159,8140,8136,8166,8168,8177,8225,8212,8237,8378,15.362565517425535,False
11,8230,8190,8219,8183,8232,8125,8093,8162,8122,8155,8184,8206,8192,8335,15.369731426239014,False
12,8211,8176,8177,8176,8189,8112,8083,8153,8122,8152,8168,8189,8179,8313,15.377772331237791,False
13,8165,8156,8093,8174,8155,8105,8093,8135,8147,8167,8175,8161,8188,8303,15.385696649551392,False
14,8165,8190,8237,8165,8286,8095,8073,8184,8132,8161,8161,8192,8166,8278,15.393770456314089,False
15,8154,8155,8167,8155,8194,8088,8092,8186,8133,8152,8153,8160,8161,8271,15.40172839164734,False
16,8136,8127,8061,8156,8126,8106,8129,8167,8149,8152,8143,8129,8162,8269,15.409562587738035,False
17,8144,8146,8161,8140,8205,8115,8130,8194,8139,8148,8130,8159,8139,8249,15.417682886123655,False
18,8128,8138,8181,8121,8205,8117,8140,8212,8145,8156,8142,8163,8139,8246,15.425582647323608,False
19,8118,8134,8157,8131,8177,8146,8170,8221,8170,8170,8166,8158,8161,8272,15.43268370628357,False
20,8122,8136,8104,8149,8136,8164,8190,8198,8186,8170,8179,8151,8176,8292,15.440716743469238,False
21,8169,8176,8204,8164,8218,8159,8170,8204,8172,8162,8168,8182,8166,8289,15.448774099349976,False
22,8205,8174,8221,8172,8198,8150,8154,8193,8162,8162,8171,8185,8176,8300,15.456718921661375,False
23,8196,8156,8123,8167,8156,8149,8157,8154,8167,8161,8176,8158,8195,8322,15.464583158493042,False
24,8233,8217,8313,8165,8308,8167,8142,8202,8143,8154,8162,8213,8177,8317,15.472796440124512,False
25,8228,8195,8275,8182,8210,8162,8138,8186,8136,8161,8176,8201,8190,8322,15.480725288391112,False
26,8171,8150,8063,8187,8096,8144,8132,8120,8147,8166,8187,8141,8209,8323,15.48875617980957,False
27,8167,8178,8124,8171,8183,8149,8123,8142,8136,8164,8171,8158,8185,8293,15.496634006500244,False
28,8177,8168,8158,8158,8176,8148,8133,8158,8132,8166,8168,8155,8174,8270,15.50364875793457,False
29,8176,8151,8166,8152,8195,8143,8128,8157,8134,8158,8150,8144,8160,8259,15.511528968811035,False
30,8161,8142,8145,8133,8204,8147,8129,8162,8137,8147,8128,8139,8152,8251,15.519554376602173,False
31,8146,8141,8146,8117,8205,8148,8139,8179,8140,8141,8131,8149,8161,8243,15.527542352676392,False
32,8148,8140,8177,8129,8201,8143,8142,8182,8152,8148,8137,8159,8166,8241,15.535513162612917,False
33,8141,8130,8136,8141,8178,8141,8146,8158,8164,8155,8135,8143,8157,8247,15.543514966964722,False
34,8157,8152,8197,8132,8221,8140,8139,8177,8154,8141,8127,8177,8140,8258,15.551486015319824,False
35,8172,8148,8167,8138,8133,8128,8135,8173,8162,8146,8162,8190,8169,8296,15.55964732170105,False
36,8208,8182,8175,8180,8157,8125,8123,8161,8158,8160,8199,8192,8207,8327,15.566617965698242,False
37,8259,8245,8303,8215,8284,8140,8119,8191,8126,8154,8190,8224,8209,8331,15.574456214904783,False
38,8226,8205,8190,8201,8182,8148,8150,8160,8129,8152,8178,8192,8201,8321,15.582866430282593,False
39,8194,8177,8148,8176,8162,8151,8145,8137,8128,8145,8165,8180,8181,8302,15.59070324897766,False
40,8195,8175,8152,8172,8178,8162,8127,8143,8129,8141,8169,8179,8184,8300,15.598523139953612,False
41,8203,8193,8165,8189,8219,8178,8134,8166,8160,8150,8180,8176,8208,8304,15.606600284576416,False
42,8217,8217,8286,8195,8285,8186,8130,8216,8184,8155,8181,8212,8202,8292,15.61459732055664,False
43,8172,8158,8175,8164,8166,8177,8141,8187,8196,8150,8185,8174,8196,8281,15.622480869293211,False
44,8150,8139,8094,8159,8132,8176,8166,8165,8202,8146,8182,8147,8203,8284,15.630610466003418,False
45,8175,8169,8131,8187,8146,8167,8181,8184,8201,8150,8179,8169,8204,8297,15.6374831199646,False
46,8177,8180,8167,8176,8180,8156,8187,8190,8184,8147,8158,8165,8175,8279,15.64551067352295,False
47,8169,8177,8239,8146,8242,8170,8195,8213,8165,8127,8132,8159,8133,8241,15.653530359268188,False
48,8155,8142,8155,8140,8155,8176,8207,8202,8179,8117,8143,8139,8139,8234,15.661524057388306,False
49,8177,8162,8210,8136,8207,8168,8184,8213,8174,8108,8142,8166,8135,8233,15.66967225074768,False
50,8180,8161,8233,8126,8208,8169,8184,8203,8161,8113,8141,8175,8129,8240,15.677514553070068,False
51,8141,8122,8081,8121,8101,8165,8206,8136,8168,8136,8165,8136,8157,8261,15.685545921325684,False
52,8158,8149,8160,8125,8177,8146,8155,8142,8149,8128,8166,8164,8157,8259,15.693689823150637,False
53,8176,8149,8182,8139,8170,8122,8108,8150,8139,8116,8172,8172,8160,8261,15.70068073272705,False
54,8175,8149,8120,8157,8136,8117,8120,8139,8155,8131,8195,8158,8182,8280,15.70874524116516,False
55,8190,8175,8143,8156,8163,8125,8139,8153,8162,8138,8197,8164,8187,8289,15.716760158538818,False
56,8189,8179,8165,8155,8182,8130,8140,8166,8168,8128,8179,8169,8186,8293,15.72494339942932,False
57,8181,8188,8214,8169,8209,8143,8133,8186,8177,8130,8169,8187,8193,8300,15.732434511184692,False
58,8149,8167,8132,8168,8137,8144,8143,8168,8181,8140,8170,8153,8200,8291,15.740650177001951,False
59,8128,8160,8130,8144,8168,8136,8144,8167,8157,8120,8139,8136,8163,8259,15.747498035430908,False
60,8128,8150,8164,8124,8178,8135,8153,8178,8136,8104,8123,8150,8132,8238,15.756569623947144,False
61,8125,8148,8112,8125,8131,8138,8176,8169,8147,8112,8138,8145,8139,8239,15.763535976409912,False
62,8161,8190,8219,8138,8212,8151,8176,8207,8151,8109,8130,8176,8136,8252,15.771682500839232,False
63,8172,8169,8208,8146,8163,8164,8186,8203,8165,8116,8144,8176,8149,8276,15.779707670211792,False
64,8153,8149,8115,8151,8122,8177,8205,8169,8194,8136,8170,8158,8178,8285,15.78752589225769,False
65,8164,8174,8152,8167,8167,8183,8202,8180,8197,8136,8166,8175,8189,8281,15.79567575454712,False
66,8184,8177,8163,8184,8152,8183,8191,8184,8187,8135,8157,8169,8186,8281,15.803751468658447,False
67,8215,8200,8237,8186,8219,8195,8182,8196,8177,8133,8145,8183,8160,8273,15.811536073684692,False
68,8204,8192,8199,8176,8198,8201,8193,8181,8177,8124,8146,8172,8152,8267,15.819685697555542,False
69,8163,8171,8130,8169,8156,8193,8184,8157,8169,8117,8143,8147,8156,8256,15.827661514282228,False
70,8156,8161,8159,8164,8151,8182,8153,8155,8156,8113,8132,8152,8140,8243,15.834771156311035,False
71,8159,8141,8132,8151,8144,8173,8155,8147,8165,8108,8131,8148,8135,8253,15.84268069267273,False
72,8187,8174,8234,8150,8261,8184,8164,8185,8159,8101,8121,8175,8128,8256,15.850719690322876,False
73,8183,8173,8211,8157,8209,8194,8169,8182,8156,8110,8124,8161,8129,8253,15.85873818397522,False
74,8149,8147,8113,8146,8134,8185,8158,8147,8150,8112,8130,8135,8132,8252,15.86667513847351,False
75,8165,8159,8194,8139,8193,8178,8138,8164,8131,8103,8130,8172,8133,8261,15.874781370162964,False
76,8184,8154,8166,8149,8165,8170,8144,8158,8143,8121,8161,8175,8165,8286,15.88175129890442,False
77,8216,8185,8215,8160,8215,8162,8133,8174,8149,8131,8175,8192,8180,8294,15.890684604644775,False
78,8227,8187,8243,8157,8200,8166,8129,8185,8138,8125,8160,8200,8171,8284,15.897784948349,False
79,8191,8149,8127,8156,8117,8171,8142,8147,8140,8116,8139,8165,8160,8271,15.905866622924805,False
80,8181,8157,8133,8164,8144,8167,8141,8143,8144,8111,8133,8165,8154,8265,15.91355013847351,False
81,8188,8168,8160,8163,8155,8173,8156,8159,8151,8125,8145,8175,8175,8285,15.921744585037231,False
82,8198,8180,8194,8161,8189,8192,8178,8184,8154,8139,8142,8183,8186,8298,15.929794788360596,False
83,8185,8170,8160,8158,8169,8191,8180,8185,8161,8135,8145,8163,8184,8287,15.937535762786863,False
84,8162,8167,8138,8151,8160,8170,8163,8178,8171,8132,8157,8154,8180,8271,15.945688724517822,False
85,8169,8181,8214,8151,8194,8163,8153,8190,8167,8139,8153,8181,8169,8266,15.952596426010132,False
86,8151,8154,8125,8146,8124,8165,8175,8161,8162,8138,8145,8148,8172,8258,15.96060299873352,False
87,8145,8177,8158,8141,8179,8160,8176,8179,8149,8120,8125,8151,8155,8232,15.96865463256836,False
88,8150,8184,8200,8150,8176,8148,8167,8205,8145,8117,8127,8169,8144,8225,15.976778507232666,False
89,8131,8147,8097,8149,8120,8146,8175,8164,8154,8123,8146,8132,8150,8235,15.984853506088257,False
90,8151,8177,8215,8134,8247,8161,8158,8180,8135,8113,8137,8164,8133,8234,15.992768049240112,False
91,8153,8175,8209,8137,8190,8167,8159,8185,8141,8117,8147,8175,8148,8252,16.000601053237915,False
92,8134,8146,8081,8146,8091,8157,8179,8149,8166,8131,8164,8143,8178,8270,16.008806705474854,False
93,8154,8162,8136,8135,8152,8154,8170,8157,8161,8137,8155,8155,8169,8264,16.016729593276978,False
94,8185,8186,8212,8135,8199,8167,8163,8190,8167,8147,8151,8184,8165,8275,16.0237820148468,False
95,8203,8179,8206,8146,8172,8182,8181,8210,8190,8150,8158,8193,8183,8310,16.031858921051025,False
96,8174,8126,8059,8129,8072,8173,8209,8171,8193,8144,8160,8148,8196,8321,16.03955841064453,False
97,8186,8179,8212,8121,8230,8175,8189,8195,8158,8137,8133,8184,8165,8284,16.047709226608276,False
98,8224,8233,8378,8145,8284,8184,8152,8232,8141,8135,8128,8229,8144,8268,16.05577301979065,False
99,8171,8153,8101,8156,8042,8160,8136,8143,8155,8129,8150,8140,8173,8287,16.063551902770996,False
100,8135,8137,8030,8147,8081,8144,8111,8107,8127,8116,8129,8109,8163,8263,16.07177495956421,False
101,8146,8174,8179,8140,8208,8147,8112,8146,8097,8109,8103,8151,8117,8223,16.079770803451538,False
102,8139,8163,8165,8140,8172,8148,8138,8158,8110,8105,8104,8145,8106,8216,16.08677911758423,False
103,8134,8157,8137,8140,8165,8161,8148,8173,8129,8099,8098,8133,8116,8221,16.09471583366394,False
104,8128,8167,8164,8131,8199,8173,8154,8189,8137,8100,8094,8140,8112,8221,16.102738618850708,False
105,8138,8176,8203,8127,8193,8163,8167,8196,8142,8109,8113,8158,8112,8225,16.110838413238525,False
106,8140,8153,8112,8132,8093,8148,8178,8173,8153,8120,8134,8142,8141,8238,16.118690252304077,False
107,8147,8157,8120,8124,8146,8145,8158,8173,8150,8115,8124,8147,8148,8244,16.126713037490845,False
108,8158,8169,8211,8111,8219,8144,8139,8181,8134,8112,8119,8167,8140,8249,16.13484811782837,False
109,8146,8160,8139,8136,8148,8153,8159,8144,8143,8127,8138,8141,8158,8253,16.142695665359497,False
110,8166,8212,8214,8169,8228,8178,8159,8166,8145,8116,8121,8169,8147,8245,16.1508047580719,False
111,8169,8204,8225,8165,8224,8173,8151,8179,8137,8103,8111,8175,8144,8247,16.15777611732483,False
112,8133,8165,8105,8158,8159,8155,8167,8147,8141,8115,8120,8132,8159,8244,16.165465116500854,False
113,8135,8195,8177,8164,8203,8166,8165,8166,8137,8111,8107,8152,8138,8223,16.173738956451416,False
114,8130,8176,8162,8160,8132,8170,8159,8156,8141,8107,8107,8155,8139,8232,16.181745290756226,False
115,8137,8179,8180,8159,8168,8162,8154,8159,8137,8112,8112,8170,8148,8250,16.18967032432556,False
116,8152,8202,8214,8166,8206,8159,8156,8182,8135,8113,8118,8184,8150,8249,16.19775104522705,False
117,8135,8184,8134,8152,8147,8162,8154,8170,8149,8117,8129,8155,8165,8246,16.2057523727417,False
118,8140,8179,8142,8146,8152,8173,8154,8167,8156,8123,8132,8161,8172,8252,16.213546752929688,False
119,8162,8186,8145,8157,8155,8180,8177,8165,8167,8134,8145,8170,8181,8279,16.221744060516357,False
120,8187,8202,8213,8153,8217,8181,8174,8181,8161,8135,8146,8189,8178,8298,16.22874927520752,False
121,8177,8165,8175,8129,8160,8169,8170,8173,8163,8133,8138,8176,8178,8295,16.236749410629272,False
122,8162,8150,8129,8119,8141,8157,8181,8166,8172,8133,8132,8164,8178,8292,16.244747638702393,False
123,8208,8207,8294,8145,8258,8168,8173,8210,8154,8125,8132,8216,8172,8300,16.252758026123047,False
124,8204,8193,8193,8167,8149,8176,8184,8173,8158,8139,8168,8193,8208,8319,16.26072931289673,False
125,8167,8176,8086,8152,8120,8173,8184,8138,8167,8150,8172,8155,8223,8310,16.268770694732666,False
126,8169,8181,8173,8128,8199,8173,8166,8168,8158,8138,8145,8160,8196,8291,16.276760578155518,False
127,8170,8164,8139,8125,8157,8181,8174,8161,8157,8125,8138,8144,8184,8287,16.284777402877808,False
237,8186,8195,8193,8133,8204,8182,8171,8176,8145,8113,8133,8170,8170,8279,16.291565895080566,False
0,8193,8210,8234,8127,8214,8174,8166,8192,8141,8115,8135,8184,8165,8274,16.299744367599487,False
1,8187,8188,8167,8120,8156,8180,8183,8175,8156,8125,8152,8165,8185,8285,16.30777359008789,False
2,8175,8161,8096,8118,8112,8187,8186,8156,8160,8124,8171,8155,8201,8304,16.31551766395569,False
3,8165,8163,8106,8118,8144,8180,8164,8155,8158,8126,8168,8159,8197,8301,16.32377529144287,False
4,8211,8215,8231,8145,8205,8186,8155,8189,8161,8132,8155,8190,8190,8291,16.33174753189087,False
5,8228,8206,8157,8174,8113,8200,8182,8175,8179,8137,8168,8176,8203,8299,16.33951449394226,False
6,8210,8205,8174,8173,8193,8205,8180,8179,8177,8135,8171,8189,8204,8297,16.34766125679016,False
7,8211,8226,8307,8175,8296,8212,8166,8208,8165,8139,8173,8228,8206,8300,16.35478377342224,False
8,8176,8189,8140,8185,8133,8204,8190,8158,8189,8156,8184,8173,8221,8310,16.36278223991394,False
9,8164,8195,8079,8178,8133,8192,8186,8144,8197,8163,8172,8150,8208,8293,16.370762586593628,False
10,8185,8217,8158,8166,8218,8194,8161,8167,8176,8161,8173,8173,8205,8288,16.3787682056427,False
11,8191,8212,8175,8166,8216,8196,8155,8161,8153,8149,8177,8177,8202,8297,16.386765003204346,False
12,8200,8208,8198,8171,8195,8190,8165,8170,8147,8133,8162,8183,8176,8292,16.394679069519043,False
13,8195,8192,8168,8168,8164,8195,8178,8183,8166,8134,8166,8178,8177,8293,16.40277361869812,False
14,8182,8191,8193,8157,8195,8221,8178,8198,8172,8138,8165,8187,8183,8288,16.41076636314392,False
15,8159,8164,8127,8140,8126,8227,8184,8166,8172,8139,8157,8162,8177,8276,16.418651342391968,False
16,8174,8174,8134,8133,8148,8207,8179,8160,8162,8126,8150,8157,8164,8273,16.42585301399231,False
17,8200,8210,8273,8146,8239,8194,8159,8207,8155,8113,8152,8199,8157,8267,16.43377137184143,False
18,8148,8173,8156,8163,8136,8195,8171,8178,8183,8131,8171,8166,8180,8257,16.441679000854492,False
19,8121,8164,8104,8155,8150,8205,8168,8153,8182,8137,8145,8133,8163,8237,16.44973587989807,False
20,8151,8179,8169,8146,8195,8205,8150,8160,8154,8118,8116,8140,8128,8234,16.45780634880066,False
21,8180,8193,8178,8174,8183,8210,8156,8157,8163,8126,8151,8166,8149,8264,16.46563482284546,False
22,8192,8206,8204,8190,8214,8225,8156,8174,8176,8142,8174,8190,8169,8274,16.473674535751343,False
23,8144,8165,8114,8154,8168,8217,8149,8159,8159,8130,8148,8142,8153,8245,16.48177170753479,False
24,8125,8165,8129,8140,8195,8206,8144,8159,8134,8106,8130,8136,8132,8232,16.48877501487732,False
25,8155,8176,8173,8155,8205,8201,8150,8162,8131,8103,8148,8160,8135,8252,16.49670720100403,False
26,8158,8163,8141,8152,8194,8198,8157,8154,8133,8105,8144,8155,8139,8256,16.504848957061768,False
27,8165,8178,8200,8147,8223,8207,8155,8179,8129,8110,8136,8180,8135,8253,16.512736082077026,False
28,8170,8165,8157,8159,8142,8205,8165,8171,8149,8127,8181,8175,8164,8280,16.520745515823364,False
29,8187,8173,8182,8168,8179,8198,8166,8181,8158,8126,8199,8182,8179,8293,16.528793811798096,False
30,8189,8174,8199,8163,8192,8204,8171,8193,8152,8121,8178,8190,8175,8281,16.536718606948853,False
31,8175,8163,8128,8160,8154,8210,8172,8167,8154,8132,8180,8175,8183,8299,16.544713258743286,False
32,8220,8204,8253,8170,8244,8216,8145,8193,8144,8137,8190,8218,8186,8334,16.55183982849121,False
33,8215,8183,8210,8162,8167,8220,8152,8188,8159,8146,8196,8203,8204,8338,16.559770584106445,False
34,8171,8154,8105,8144,8131,8228,8172,8163,8185,8159,8183,8155,8205,8300,16.567551612854004,False
35,8181,8178,8170,8145,8196,8230,8162,8177,8181,8156,8167,8162,8175,8277,16.57564926147461,False
36,8170,8174,8153,8135,8154,8221,8155,8166,8153,8129,8153,8156,8142,8275,16.583744764328003,False
37,8135,8155,8146,8110,8166,8218,8161,8159,8131,8104,8131,8146,8111,8246,16.591525554656982,False
38,8124,8140,8133,8114,8169,8220,8173,8164,8144,8115,8137,8139,8114,8233,16.599748849868774,False
39,8160,8164,8178,8137,8184,8228,8171,8185,8152,8121,8145,8160,8124,8249,16.60776114463806,False
40,8176,8170,8200,8138,8163,8239,8175,8192,8148,8107,8143,8169,8121,8255,16.615893840789795,False
41,8146,8154,8137,8132,8142,8233,8185,8169,8160,8119,8152,8140,8129,8232,16.622741222381592,False
42,8153,8173,8212,8131,8206,8223,8171,8187,8157,8130,8162,8163,8128,8217,16.630741119384766,False
43,8152,8138,8133,8133,8119,8224,8173,8166,8166,8126,8190,8160,8153,8261,16.6388418674469,False
44,8170,8171,8184,8168,8201,8238,8152,8167,8171,8129,8202,8189,8174,8303,16.64671301841736,False
45,8220,8247,8386,8201,8307,8235,8113,8213,8146,8132,8202,8252,8171,8303,16.65474271774292,False
46,8198,8184,8174,8194,8086,8209,8134,8157,8164,8134,8236,8202,8204,8314,16.66254162788391,False
47,8192,8154,8063,8190,8071,8200,8148,8128,8178,8137,8240,8177,8219,8326,16.67064356803894,False
48,8232,8210,8221,8217,8210,8195,8134,8172,8154,8140,8225,8219,8204,8320,16.678678035736084,False
49,8245,8248,8258,8247,8207,8194,8157,8197,8166,8142,8253,8237,8223,8328,16.68548893928528,False
50,8251,8246,8196,8273,8160,8207,8191,8200,8211,8158,8284,8239,8265,8360,16.693655252456665,False
51,8253,8235,8162,8278,8163,8211,8180,8187,8220,8171,8275,8227,8272,8377,16.70150351524353,False
52,8241,8248,8241,8245,8236,8207,8139,8201,8183,8150,8229,8223,8230,8339,16.709649085998535,False
53,8173,8191,8094,8206,8134,8203,8153,8170,8180,8135,8191,8157,8203,8282,16.717584133148193,False
54,8152,8190,8114,8200,8213,8205,8168,8171,8174,8125,8144,8148,8158,8241,16.72576332092285,False
55,8207,8249,8399,8205,8374,8213,8148,8235,8131,8109,8115,8229,8111,8237,16.7337749004364,False
56,8158,8166,8164,8183,8111,8208,8179,8170,8145,8122,8145,8173,8150,8266,16.741878509521484,False
57,8120,8137,7979,8183,8034,8200,8195,8120,8174,8140,8143,8120,8182,8276,16.74884057044983,False
58,8189,8212,8189,8218,8206,8211,8165,8172,8169,8143,8136,8178,8174,8287,16.75673508644104,False
59,8232,8218,8223,8233,8196,8209,8150,8176,8168,8147,8167,8202,8202,8326,16.764769077301025,False
60,8233,8208,8170,8219,8160,8187,8132,8164,8168,8148,8182,8202,8219,8359,16.772741556167603,False
61,8217,8209,8141,8220,8153,8187,8121,8171,8194,8168,8192,8183,8220,8359,16.78077006340027,False
62,8208,8208,8171,8227,8189,8209,8126,8194,8224,8185,8185,8180,8221,8327,16.788792610168457,False
63,8193,8181,8150,8201,8161,8210,8138,8194,8217,8171,8155,8175,8200,8306,16.79654312133789,False
64,8172,8170,8113,8182,8148,8204,8151,8181,8195,8162,8135,8156,8171,8306,16.804765224456787,False
65,8172,8179,8151,8200,8171,8206,8160,8177,8176,8157,8125,8154,8163,8293,16.812840223312378,False
66,8155,8152,8109,8191,8117,8189,8154,8141,8147,8137,8108,8134,8154,8271,16.819581985473633,False
67,8156,8165,8177,8151,8187,8180,8136,8150,8102,8116,8087,8155,8121,8260,16.827767610549927,False
68,8170,8176,8209,8148,8189,8191,8141,8165,8092,8116,8101,8171,8124,8266,16.835763216018677,False
69,8154,8157,8099,8174,8111,8185,8140,8128,8114,8126,8111,8130,8147,8264,16.843575954437256,False
70,8150,8177,8147,8186,8162,8175,8112,8135,8121,8126,8086,8137,8125,8241,16.85173487663269,False
71,8139,8172,8135,8174,8120,8167,8115,8147,8137,8126,8088,8139,8122,8237,16.859768390655518,False
72,8147,8180,8162,8168,8152,8172,8129,8172,8158,8132,8103,8146,8138,8249,16.86778950691223,False
73,8172,8192,8253,8174,8231,8197,8148,8212,8175,8139,8114,8173,8137,8259,16.875765085220337,False
74,8141,8149,8140,8165,8150,8198,8186,8187,8194,8137,8126,8146,8142,8256,16.882832527160645,False
75,8118,8145,8097,8157,8132,8183,8194,8168,8181,8127,8107,8131,8132,8244,16.890769004821777,False
76,8133,8170,8137,8169,8159,8183,8195,8168,8157,8123,8092,8136,8112,8244,16.898802280426025,False
77,8145,8182,8193,8169,8214,8195,8197,8183,8143,8114,8093,8153,8091,8229,16.90679407119751,False
78,8120,8143,8150,8149,8178,8189,8192,8185,8160,8113,8113,8150,8105,8225,16.914764165878296,False
79,8108,8129,8093,8155,8158,8181,8192,8171,8186,8134,8143,8145,8138,8259,16.922603845596313,False
80,8184,8219,8332,8187,8330,8194,8165,8229,8163,8136,8142,8217,8125,8266,16.930762767791748,False
81,8185,8197,8266,8188,8219,8189,8157,8210,8162,8139,8147,8195,8133,8255,16.938767194747925,False
82,8114,8133,8014,8167,8068,8162,8167,8133,8183,8146,8160,8122,8154,8257,16.94665217399597,False
83,8124,8182,8117,8161,8190,8158,8156,8151,8155,8132,8156,8151,8141,8258,16.95382261276245,False
84,8152,8192,8177,8167,8219,8173,8169,8180,8155,8132,8158,8167,8150,8268,16.961751699447632,False
85,8167,8176,8180,8171,8214,8185,8199,8206,8187,8145,8160,8173,8167,8286,16.96952176094055,False
86,8158,8175,8193,8159,8191,8177,8209,8216,8190,8142,8157,8171,8155,8287,16.97775936126709,False
87,8123,8155,8151,8137,8142,8164,8200,8185,8173,8130,8138,8142,8129,8258,16.98577070236206,False
88,8111,8130,8114,8137,8117,8172,8194,8159,8166,8126,8120,8135,8112,8240,16.993897199630737,True
89,8113,8128,8099,8147,8125,8187,8201,8157,8171,8125,8125,8137,8115,8244,17.00184917449951,True
90,8124,8161,8209,8136,8214,8186,8191,8188,8163,8117,8127,8163,8116,8242,17.009796857833862,True
91,8118,8137,8156,8134,8132,8171,8182,8174,8174,8132,8147,8152,8140,8256,17.016624927520752,True
92,8123,8138,8110,8158,8111,8170,8171,8158,8187,8146,8155,8143,8156,8271,17.02471351623535,True
93,8157,8193,8276,8167,8244,8185,8155,8193,8176,8130,8134,8183,8130,8252,17.032796144485474,True
94,8142,8161,8187,8157,8164,8189,8179,8168,8190,8132,8151,8162,8140,8246,17.04054617881775,True
95,8128,8143,8092,8162,8136,8191,8204,8153,8199,8145,8173,8151,8169,8271,17.04853916168213,True
96,8142,8153,8133,8172,8164,8190,8205,8173,8175,8134,8167,8166,8169,8283,17.056487798690796,True
97,8147,8158,8152,8174,8161,8172,8198,8167,8158,8121,8156,8163,8155,8267,17.06442952156067,True
98,8167,8190,8241,8170,8209,8161,8191,8184,8157,8118,8143,8189,8136,8258,17.07262372970581,True
99,8156,8168,8172,8153,8139,8165,8212,8169,8169,8128,8142,8177,8145,8280,17.08043670654297,True
100,8144,8152,8117,8140,8135,8162,8220,8160,8179,8137,8144,8162,8156,8300,17.087631940841675,False
101,8152,8150,8150,8144,8164,8151,8209,8183,8187,8144,8151,8169,8161,8308,17.095571994781494,False
102,8155,8153,8160,8155,8172,8148,8196,8180,8187,8147,8155,8171,8167,8301,17.103741884231567,False
103,8177,8187,8241,8173,8226,8150,8172,8180,8169,8134,8138,8191,8148,8284,17.11176037788391,False
104,8166,8165,8163,8174,8146,8142,8181,8151,8172,8130,8143,8169,8147,8279,17.11965298652649,False
105,8167,8168,8181,8179,8182,8151,8188,8157,8167,8132,8159,8188,8162,8286,17.12775182723999,False
106,8199,8194,8278,8209,8245,8159,8175,8182,8155,8126,8166,8226,8169,8297,17.135764122009277,False
107,8186,8173,8161,8222,8163,8144,8183,8151,8174,8127,8180,8182,8179,8310,17.143752813339233,False
108,8198,8190,8183,8213,8187,8137,8184,8160,8179,8126,8187,8190,8186,8306,17.150832891464233,False
109,8200,8182,8192,8218,8151,8133,8179,8168,8168,8121,8184,8206,8193,8300,17.158841133117676,False
110,8168,8161,8151,8219,8148,8121,8167,8157,8147,8108,8148,8182,8163,8281,17.16676425933838,False
111,8163,8170,8184,8196,8193,8113,8159,8172,8139,8102,8117,8172,8133,8256,17.174694299697876,False
112,8171,8174,8150,8186,8152,8113,8168,8168,8159,8117,8123,8167,8155,8271,17.182735443115234,False
113,8188,8178,8162,8194,8164,8118,8161,8166,8151,8123,8128,8183,8166,8304,17.19081997871399,False
114,8184,8162,8121,8194,8147,8118,8155,8148,8139,8126,8141,8168,8168,8310,17.19867205619812,False
115,8193,8190,8187,8196,8224,8133,8155,8176,8142,8133,8136,8175,8174,8288,17.206814289093018,False
116,8211,8210,8252,8193,8240,8155,8157,8206,8150,8140,8133,8201,8188,8303,17.213773012161255,False
117,8197,8178,8119,8188,8148,8143,8157,8156,8175,8147,8156,8182,8217,8354,17.221505403518677,False
118,8213,8206,8178,8192,8232,8129,8132,8161,8180,8144,8143,8194,8206,8348,17.22977375984192,False
119,8189,8195,8178,8176,8198,8136,8136,8171,8177,8142,8112,8164,8174,8300,17.23773169517517,False
120,8138,8161,8097,8141,8144,8134,8166,8152,8177,8139,8100,8130,8160,8282,17.2455472946167,False
121,8163,8182,8189,8144,8221,8121,8171,8170,8164,8131,8109,8171,8158,8292,17.253803253173828,False
122,8169,8171,8158,8164,8173,8114,8162,8161,8163,8137,8116,8154,8160,8283,17.26176381111145,False
123,8134,8153,8097,8151,8139,8116,8143,8146,8151,8130,8085,8119,8133,8247,17.269796133041382,False
124,8130,8158,8118,8130,8150,8114,8135,8144,8124,8106,8058,8131,8106,8245,17.27671480178833,False
125,8157,8172,8173,8123,8185,8111,8150,8151,8116,8100,8067,8159,8106,8276,17.28478169441223,False
126,8152,8155,8172,8120,8181,8118,8164,8150,8131,8109,8086,8159,8111,8278,17.29278254508972,False
127,8106,8122,8068,8121,8124,8129,8174,8136,8149,8117,8087,8121,8116,8245,17.300747871398926,False
237,8120,8168,8200,8126,8234,8141,8171,8202,8153,8123,8069,8156,8105,8225,17.308772802352905,False
0,8137,8164,8228,8122,8213,8142,8192,8233,8185,8137,8086,8168,8116,8247,17.31678581237793,False
1,8112,8118,8077,8112,8143,8147,8215,8184,8215,8144,8116,8128,8135,8260,17.32467222213745,False
2,8126,8145,8173,8114,8248,8159,8191,8186,8189,8132,8097,8155,8109,8238,17.332808256149292,False
3,8128,8141,8174,8113,8195,8147,8181,8169,8175,8124,8072,8150,8094,8234,17.3407564163208,False
4,8122,8139,8101,8127,8147,8144,8193,8152,8191,8124,8071,8126,8102,8242,17.34766459465027,False
5,8140,8162,8149,8144,8203,8153,8193,8181,8201,8137,8090,8147,8111,8237,17.355756044387817,False
6,8149,8163,8188,8138,8214,8136,8181,8186,8202,8158,8110,8168,8123,8243,17.363876342773438,False
7,8162,8165,8199,8147,8203,8128,8172,8180,8198,8158,8110,8174,8135,8260,17.371620655059814,False
8,8155,8152,8118,8163,8160,8142,8193,8172,8209,8157,8109,8142,8147,8270,17.379791498184204,False
9,8144,8160,8163,8150,8219,8150,8207,8198,8216,8159,8095,8151,8132,8258,17.387756824493408,False
10,8116,8142,8181,8132,8201,8139,8196,8199,8206,8146,8078,8155,8115,8241,17.39561128616333,False
11,8089,8117,8109,8126,8158,8129,8180,8157,8184,8127,8064,8121,8114,8225,17.40371870994568,False
12,8111,8147,8211,8118,8250,8136,8171,8176,8160,8118,8045,8143,8094,8211,17.410866498947144,False
13,8088,8122,8162,8115,8183,8134,8189,8178,8171,8126,8053,8137,8096,8209,17.41876530647278,False
14,8064,8107,8114,8131,8182,8142,8199,8173,8197,8135,8066,8129,8115,8211,17.426751375198364,False
15,8100,8122,8164,8130,8229,8166,8212,8192,8208,8141,8072,8149,8126,8224,17.43483829498291,False
16,8117,8115,8126,8113,8182,8169,8228,8182,8205,8145,8078,8136,8131,8236,17.44284963607788,False
17,8131,8149,8244,8113,8262,8156,8196,8201,8183,8141,8069,8167,8120,8224,17.450793743133545,False
18,8141,8140,8225,8121,8220,8148,8178,8183,8191,8156,8093,8178,8150,8249,17.458553075790405,False
19,8152,8123,8104,8128,8144,8147,8181,8150,8209,8169,8125,8157,8191,8299,17.46673822402954,False
20,8172,8155,8142,8139,8171,8148,8182,8172,8209,8173,8124,8168,8196,8318,17.473612546920776,False
21,8164,8165,8162,8143,8188,8156,8190,8186,8217,8182,8110,8169,8190,8307,17.48161816596985,False
22,8171,8168,8198,8135,8220,8161,8180,8194,8196,8166,8080,8169,8161,8283,17.489720582962036,False
23,8164,8144,8139,8129,8153,8145,8175,8170,8171,8147,8069,8144,8147,8272,17.49751877784729,False
24,8151,8158,8189,8122,8222,8136,8168,8180,8171,8148,8061,8159,8137,8259,17.505600214004517,False
25,8150,8161,8274,8103,8262,8138,8151,8206,8168,8150,8052,8186,8119,8248,17.513725996017456,False
26,8137,8113,8108,8107,8105,8137,8163,8158,8180,8162,8082,8143,8146,8263,17.521576404571533,False
27,8174,8154,8158,8144,8181,8142,8167,8168,8187,8169,8105,8172,8172,8274,17.52973484992981,False
28,8184,8176,8224,8151,8223,8148,8156,8187,8189,8160,8104,8195,8170,8274,17.53762125968933,False
29,8145,8140,8102,8135,8135,8151,8160,8151,8199,8162,8100,8148,8166,8282,17.544754028320312,False
30,8175,8169,8168,8152,8202,8166,8169,8165,8203,8175,8109,8170,8176,8294,17.552540063858032,False
31,8198,8186,8226,8169,8237,8179,8176,8180,8205,8182,8131,8193,8202,8297,17.560739040374756,False
32,8159,8156,8162,8144,8194,8171,8178,8165,8184,8169,8109,8164,8189,8270,17.568546056747437,False
33,8125,8127,8078,8118,8136,8151,8179,8139,8153,8151,8075,8132,8155,8253,17.57657790184021,False
34,8141,8154,8146,8119,8191,8149,8156,8143,8133,8140,8081,8154,8149,8264,17.58457064628601,False
35,8153,8165,8226,8113,8229,8169,8137,8176,8130,8140,8103,8178,8154,8257,17.592583179473877,False
36,8125,8121,8108,8099,8145,8172,8163,8176,8159,8153,8112,8138,8162,8248,17.600497245788574,False
37,8163,8166,8200,8117,8234,8182,8162,8200,8173,8151,8104,8165,8157,8262,17.607572078704834,False
38,8199,8196,8259,8133,8234,8197,8149,8202,8171,8146,8117,8196,8166,8284,17.61554527282715,False
39,8158,8146,8105,8122,8130,8184,8162,8160,8180,8155,8137,8160,8186,8288,17.623566150665283,False
40,8156,8145,8147,8119,8192,8179,8156,8170,8185,8162,8141,8161,8194,8279,17.631608247756958,False
41,8164,8152,8159,8131,8170,8189,8153,8169,8185,8165,8153,8157,8209,8285,17.63975715637207,False
42,8162,8166,8165,8133,8185,8190,8158,8170,8160,8160,8153,8174,8204,8294,17.647589683532715,False
43,8170,8165,8198,8127,8199,8185,8149,8174,8137,8156,8147,8185,8194,8296,17.655767917633057,False
44,8165,8153,8144,8132,8140,8187,8141,8151,8152,8163,8147,8153,8201,8285,17.66370916366577,False
45,8168,8175,8185,8137,8174,8194,8147,8173,8167,8166,8144,8164,8193,8270,17.670768976211548,False
46,8149,8156,8148,8134,8154,8212,8177,8184,8187,8167,8156,8161,8203,8277,17.678542375564575,False
47,8144,8152,8138,8136,8172,8234,8191,8183,8198,8164,8146,8153,8204,8277,17.68675971031189,False
48,8160,8164,8190,8136,8200,8223,8181,8192,8192,8159,8114,8161,8173,8260,17.694658994674683,False
49,8142,8144,8147,8124,8159,8203,8177,8171,8190,8160,8105,8142,8159,8254,17.702628135681152,False
50,8140,8148,8165,8139,8173,8205,8168,8170,8183,8158,8105,8151,8175,8265,17.71057677268982,False
51,8146,8150,8134,8160,8150,8197,8162,8167,8183,8162,8111,8154,8192,8282,17.718718767166138,False
52,8155,8165,8154,8144,8192,8184,8143,8174,8173,8155,8102,8161,8177,8270,17.727598190307617,False
53,8150,8167,8183,8138,8173,8180,8131,8173,8147,8138,8096,8162,8164,8248,17.734460830688477,False
54,8127,8150,8117,8158,8114,8173,8148,8146,8139,8139,8109,8136,8172,8246,17.74155282974243,False
55,8157,8182,8231,8162,8240,8175,8145,8181,8132,8140,8107,8177,8161,8252,17.74955725669861,False
56,8174,8167,8218,8157,8205,8182,8153,8180,8137,8139,8122,8188,8178,8273,17.757547616958618,False
57,8154,8146,8110,8166,8130,8178,8173,8143,8148,8145,8140,8159,8201,8276,17.765458583831787,False
58,8163,8173,8155,8170,8180,8178,8183,8159,8150,8154,8141,8167,8188,8260,17.773512840270996,False
59,8166,8170,8154,8158,8182,8175,8188,8158,8146,8153,8142,8160,8179,8253,17.78161644935608,False
60,8168,8178,8216,8160,8226,8164,8168,8158,8123,8135,8131,8173,8170,8251,17.789471864700317,False
61,8155,8172,8169,8177,8166,8153,8166,8139,8132,8136,8150,8169,8184,8265,17.797759771347046,False
62,8146,8175,8132,8184,8168,8154,8172,8137,8165,8153,8171,8163,8198,8279,17.804566383361816,False
63,8159,8194,8242,8182,8238,8164,8159,8186,8169,8158,8151,8186,8176,8276,17.81275248527527,False
64,8143,8163,8154,8180,8140,8161,8175,8186,8185,8168,8147,8156,8184,8282,17.820546865463257,False
65,8151,8173,8153,8185,8166,8157,8189,8191,8196,8169,8149,8156,8197,8268,17.828696727752686,False
66,8159,8180,8192,8186,8184,8149,8184,8191,8187,8154,8147,8170,8191,8247,17.83657670021057,False
67,8141,8169,8134,8174,8142,8146,8188,8169,8182,8153,8149,8158,8188,8259,17.84472632408142,False
68,8154,8184,8166,8161,8175,8162,8188,8185,8175,8158,8144,8171,8178,8270,17.85254693031311,False
69,8150,8163,8137,8156,8149,8172,8183,8183,8175,8159,8145,8160,8172,8253,17.860799312591553,False
70,8149,8174,8158,8171,8169,8172,8183,8187,8178,8155,8152,8170,8179,8248,17.8686044216156,False
71,8168,8185,8158,8187,8152,8168,8201,8181,8189,8165,8176,8174,8209,8290,17.875529527664185,False
72,8185,8187,8174,8181,8195,8171,8193,8171,8177,8164,8170,8172,8211,8306,17.88354802131653,False
73,8187,8199,8255,8163,8260,8179,8169,8188,8154,8149,8153,8195,8189,8282,17.891748905181885,False
74,8151,8166,8133,8157,8143,8170,8191,8155,8173,8164,8179,8163,8219,8291,17.899791479110718,False
75,8170,8177,8145,8165,8165,8163,8195,8156,8179,8172,8191,8167,8241,8311,17.90775990486145,False
76,8214,8191,8225,8165,8196,8171,8190,8187,8180,8180,8197,8201,8245,8316,17.91560673713684,False
77,8192,8166,8130,8164,8116,8179,8202,8167,8212,8204,8218,8180,8263,8324,17.923680782318115,False
78,8186,8181,8150,8170,8156,8175,8181,8164,8201,8192,8204,8177,8252,8327,17.931645393371582,False
79,8199,8188,8195,8169,8187,8163,8160,8180,8168,8165,8189,8177,8228,8317,17.93872857093811,False
80,8181,8176,8185,8162,8181,8156,8166,8198,8169,8172,8189,8173,8222,8295,17.946532487869263,False
81,8133,8138,8118,8145,8136,8144,8178,8182,8170,8180,8173,8149,8212,8261,17.954699754714966,False
82,8114,8127,8103,8129,8148,8133,8179,8158,8152,8159,8146,8131,8185,8237,17.962620496749878,False
83,8158,8173,8213,8136,8215,8144,8171,8190,8150,8152,8148,8166,8179,8250,17.97072124481201,False
84,8156,8164,8130,8147,8137,8148,8172,8168,8154,8165,8161,8150,8200,8269,17.97865319252014,False
85,8149,8180,8163,8160,8204,8141,8157,8150,8131,8158,8146,8153,8192,8254,17.986727714538574,False
86,8169,8206,8276,8183,8248,8145,8146,8178,8131,8153,8153,8189,8193,8255,17.99470853805542,False
87,8148,8165,8132,8186,8105,8149,8163,8149,8157,8171,8181,8156,8226,8275,18.00160264968872,False
88,8163,8177,8139,8181,8150,8158,8162,8143,8149,8173,8184,8163,8228,8282,18.009519338607788,False
89,8182,8192,8175,8189,8176,8165,8161,8158,8151,8163,8191,8181,8228,8293,18.017751932144165,False
90,8165,8187,8152,8191,8171,8161,8159,8166,8168,8164,8181,8174,8233,8289,18.02565193176269,False
91,8159,8190,8188,8184,8201,8151,8153,8182,8168,8178,8176,8180,8234,8276,18.03371334075928,False
92,8164,8181,8155,8187,8167,8148,8174,8179,8177,8190,8208,8173,8254,8296,18.041605472564697,False
93,8181,8193,8184,8195,8197,8160,8187,8193,8180,8185,8204,8183,8249,8306,18.049760103225708,False
94,8161,8181,8155,8200,8176,8159,8187,8181,8180,8187,8175,8165,8235,8287,18.05753803253174,False
95,8141,8179,8140,8195,8189,8148,8186,8179,8181,8191,8171,8161,8236,8278,18.06575655937195,False
96,8162,8183,8187,8177,8205,8155,8187,8203,8177,8190,8183,8181,8239,8283,18.0727961063385,False
97,8159,8160,8126,8178,8155,8171,8192,8184,8183,8186,8181,8158,8242,8283,18.080692052841187,False
98,8161,8182,8201,8194,8230,8182,8182,8197,8173,8173,8156,8177,8218,8273,18.08859705924988,False
99,8168,8186,8205,8189,8170,8175,8193,8194,8163,8175,8160,8180,8212,8270,18.09677529335022,False
100,8169,8188,8148,8188,8115,8166,8201,8168,8168,8180,8168,8158,8220,8269,18.10452437400818,False
101,8179,8200,8208,8200,8183,8159,8186,8173,8159,8165,8156,8178,8209,8270,18.11273217201233,False
102,8159,8163,8132,8190,8136,8148,8187,8153,8158,8167,8174,8174,8225,8292,18.12062120437622,False
103,8170,8187,8205,8180,8210,8159,8174,8172,8144,8172,8167,8189,8219,8286,18.12858557701111,False
104,8185,8205,8289,8184,8238,8160,8161,8195,8138,8165,8145,8200,8194,8262,18.13582324981689,False
105,8151,8152,8128,8182,8099,8143,8178,8162,8168,8171,8170,8169,8219,8274,18.143758296966556,False
106,8147,8147,8071,8180,8083,8150,8177,8150,8191,8184,8188,8167,8245,8295,18.15183687210083,False
107,8159,8174,8135,8175,8155,8155,8152,8164,8181,8180,8170,8167,8223,8289,18.15982937812805,False
108,8172,8193,8235,8167,8221,8144,8137,8199,8157,8167,8151,8183,8193,8280,18.16752600669861,False
109,8165,8151,8122,8177,8099,8152,8168,8182,8177,8180,8174,8168,8219,8305,18.175755500793457,False
110,8176,8167,8136,8186,8157,8166,8177,8181,8195,8190,8186,8178,8229,8308,18.183557510375977,False
111,8224,8239,8404,8180,8348,8166,8142,8249,8166,8163,8154,8236,8176,8261,18.19159054756165,False
112,8176,8167,8195,8175,8133,8166,8174,8195,8175,8155,8149,8160,8160,8240,18.199594020843502,False
113,8124,8114,7971,8177,8025,8178,8210,8116,8188,8162,8152,8098,8170,8251,18.206759691238403,False
114,8158,8159,8116,8163,8150,8180,8190,8141,8156,8154,8155,8148,8172,8262,18.2145471572876,False
115,8177,8176,8189,8160,8165,8163,8171,8155,8130,8148,8163,8166,8173,8259,18.22277522087097,False
116,8172,8181,8226,8174,8183,8150,8154,8152,8103,8134,8151,8175,8152,8248,18.230518341064453,False
117,8153,8155,8189,8155,8147,8142,8152,8144,8097,8126,8149,8167,8151,8261,18.238609790802,False
118,8144,8137,8135,8140,8118,8149,8170,8157,8129,8153,8172,8155,8181,8290,18.24648094177246,False
119,8153,8150,8117,8174,8109,8164,8180,8165,8162,8182,8206,8161,8213,8306,18.25466060638428,False
120,8178,8182,8158,8189,8147,8162,8158,8162,8159,8172,8212,8176,8219,8304,18.261574029922485,False
121,8214,8205,8257,8169,8194,8149,8134,8191,8137,8160,8192,8201,8200,8304,18.26958441734314,False
122,8193,8165,8143,8175,8096,8154,8156,8182,8153,8177,8207,8180,8215,8329,18.277565479278564,False
123,8189,8169,8149,8190,8159,8171,8161,8183,8169,8180,8212,8193,8226,8332,18.28564143180847,False
124,8222,8195,8287,8181,8249,8161,8142,8195,8153,8164,8182,8215,8199,8301,18.29387736320496,False
125,8193,8154,8146,8180,8130,8145,8165,8153,8156,8166,8175,8161,8190,8291,18.301680326461792,False
126,8179,8163,8109,8196,8141,8159,8186,8165,8169,8168,8181,8163,8188,8298,18.30953025817871,False
127,8202,8186,8186,8198,8169,8173,8182,8188,8181,8171,8175,8187,8188,8303,18.317654848098755,False
237,8198,8183,8198,8188,8173,8170,8180,8173,8171,8166,8161,8172,8179,8285,18.32559061050415,False
0,8166,8171,8173,8183,8183,8170,8194,8171,8147,8147,8157,8154,8158,8253,18.33257293701172,False
1,8128,8154,8101,8169,8149,8172,8205,8157,8147,8146,8159,8129,8155,8243,18.340789079666138,False
2,8153,8182,8189,8168,8197,8177,8193,8169,8136,8144,8147,8156,8151,8249,18.34860062599182,False
3,8164,8174,8177,8178,8146,8175,8202,8162,8128,8131,8148,8151,8149,8257,18.35652756690979,False
4,8128,8163,8132,8175,8141,8175,8207,8144,8127,8127,8147,8128,8138,8242,18.364617109298703,False
5,8120,8174,8195,8173,8192,8189,8187,8161,8130,8137,8152,8154,8141,8231,18.372705221176147,False
6,8127,8156,8122,8171,8133,8188,8180,8149,8150,8142,8170,8148,8166,8251,18.380531549453732,False
7,8171,8194,8189,8181,8218,8181,8164,8172,8151,8135,8165,8166,8159,8273,18.38858962059021,False
8,8205,8206,8231,8200,8207,8177,8156,8187,8157,8155,8199,8192,8186,8309,18.39569306373596,False
9,8196,8190,8163,8205,8137,8176,8166,8167,8173,8178,8243,8199,8236,8342,18.403553009033203,False
10,8197,8205,8199,8203,8189,8189,8175,8175,8168,8177,8233,8213,8231,8333,18.411658763885494,False
11,8201,8190,8154,8213,8180,8199,8193,8166,8180,8178,8228,8181,8221,8320,18.419734716415405,False
12,8229,8203,8197,8215,8220,8206,8194,8187,8199,8181,8232,8194,8227,8334,18.427693605422974,False
13,8223,8195,8202,8191,8174,8210,8189,8192,8201,8180,8224,8210,8231,8343,18.435630798339844,False
14,8187,8170,8128,8192,8116,8199,8183,8155,8191,8178,8210,8180,8232,8328,18.44372296333313,False
15,8206,8188,8197,8203,8189,8183,8163,8167,8182,8171,8196,8186,8226,8321,18.45157480239868,False
16,8204,8173,8186,8183,8192,8171,8155,8170,8178,8166,8180,8175,8214,8321,18.45952010154724,False
17,8178,8166,8199,8163,8220,8178,8148,8173,8157,8158,8144,8166,8178,8289,18.46677947044373,False
18,8149,8146,8134,8158,8155,8183,8163,8161,8157,8152,8134,8146,8162,8268,18.47473692893982,False
19,8144,8142,8082,8161,8145,8166,8171,8148,8165,8149,8140,8130,8162,8278,18.48250770568848,False
20,8191,8195,8247,8169,8261,8154,8142,8187,8137,8132,8118,8169,8132,8276,18.490536212921143,False
21,8178,8178,8171,8165,8152,8159,8160,8177,8145,8132,8136,8156,8150,8281,18.498674154281616,False
22,8149,8151,8098,8139,8131,8168,8185,8170,8174,8144,8169,8153,8186,8298,18.50665307044983,False
23,8171,8161,8200,8134,8217,8170,8177,8198,8171,8143,8168,8181,8178,8308,18.514519453048703,False
24,8179,8162,8162,8153,8172,8182,8193,8190,8175,8153,8167,8169,8180,8315,18.5225203037262,False
25,8174,8167,8147,8148,8176,8205,8206,8192,8189,8165,8178,8177,8205,8314,18.529617309570312,False
26,8170,8149,8153,8128,8179,8201,8194,8181,8187,8166,8185,8177,8219,8321,18.53763961791992,False
27,8191,8166,8192,8139,8194,8192,8188,8177,8177,8159,8163,8176,8198,8328,18.54551768302917,False
28,8194,8179,8149,8155,8140,8193,8201,8167,8188,8152,8146,8160,8190,8318,18.553592205047607,False
29,8171,8181,8114,8139,8155,8185,8177,8147,8188,8145,8144,8147,8197,8289,18.56157684326172,False
30,8200,8218,8287,8128,8285,8178,8125,8182,8144,8134,8131,8194,8163,8267,18.56961226463318,False
31,8187,8179,8199,8135,8153,8171,8143,8165,8138,8137,8134,8168,8152,8278,18.577391862869263,False
32,8137,8151,8085,8138,8107,8174,8172,8143,8162,8139,8138,8134,8163,8276,18.584635019302368,False
33,8140,8179,8192,8141,8212,8183,8163,8185,8167,8147,8144,8169,8167,8264,18.592348098754883,False
34,8153,8167,8144,8152,8146,8177,8169,8185,8191,8173,8175,8171,8197,8287,18.600536346435547,False
35,8173,8181,8167,8166,8170,8175,8179,8188,8212,8185,8185,8192,8222,8309,18.60845375061035,False
36,8166,8182,8211,8162,8204,8179,8182,8187,8210,8182,8172,8204,8219,8310,18.61657214164734,False
37,8137,8151,8144,8139,8155,8172,8183,8158,8200,8176,8155,8181,8210,8307,18.62461280822754,False
38,8134,8140,8115,8134,8124,8176,8183,8152,8196,8175,8151,8175,8221,8313,18.632495403289795,False
39,8149,8156,8136,8164,8153,8204,8189,8160,8208,8183,8157,8176,8231,8317,18.640527963638306,False
40,8191,8201,8228,8200,8223,8226,8184,8183,8207,8182,8145,8200,8210,8315,18.648842096328732,False
41,8205,8195,8162,8215,8135,8222,8187,8171,8205,8175,8132,8180,8205,8314,18.65656328201294,False
42,8205,8197,8145,8215,8153,8216,8183,8167,8195,8167,8112,8165,8194,8295,18.663578271865845,False
43,8211,8223,8258,8203,8244,8224,8171,8186,8173,8155,8093,8187,8167,8278,18.67154216766357,False
44,8169,8185,8156,8190,8156,8222,8190,8158,8181,8163,8113,8156,8188,8297,18.67998313903809,False
45,8164,8182,8141,8197,8163,8210,8194,8171,8191,8176,8125,8160,8202,8311,18.68754816055298,False
46,8190,8178,8155,8198,8137,8201,8190,8187,8209,8181,8124,8176,8193,8307,18.695569038391117,False
47,8179,8162,8146,8180,8133,8203,8197,8186,8223,8188,8119,8167,8191,8290,18.703646898269653,False
48,8177,8185,8261,8179,8237,8209,8196,8226,8216,8200,8111,8191,8188,8281,18.71063733100891,False
49,8174,8174,8182,8192,8153,8205,8207,8207,8231,8214,8137,8186,8212,8312,18.719728231430054,False
50,8182,8179,8113,8193,8112,8213,8216,8169,8235,8209,8165,8185,8237,8345,18.72682380676269,False
51,8204,8193,8150,8198,8165,8222,8212,8158,8212,8201,8170,8191,8246,8359,18.73462128639221,False
52,8227,8202,8194,8215,8210,8208,8184,8149,8184,8189,8154,8192,8238,8354,18.74280834197998,False
53,8241,8215,8222,8221,8187,8194,8151,8146,8154,8166,8135,8202,8213,8330,18.750539541244507,False
54,8218,8208,8125,8219,8111,8194,8153,8116,8140,8155,8134,8174,8197,8312,18.758500337600708,False
55,8238,8252,8271,8223,8263,8206,8136,8138,8111,8138,8110,8199,8155,8291,18.766547441482544,False
56,8249,8241,8316,8228,8239,8210,8123,8144,8095,8124,8100,8206,8134,8280,18.774542093276978,False
57,8191,8175,8067,8223,8061,8201,8149,8094,8123,8137,8116,8136,8154,8278,18.78254556655884,False
58,8171,8184,8093,8195,8150,8192,8151,8120,8128,8138,8095,8131,8141,8255,18.789570808410645,False
59,8149,8172,8147,8155,8170,8180,8136,8138,8120,8131,8079,8132,8129,8237,18.797484397888184,False
60,8114,8150,8117,8133,8151,8173,8135,8137,8124,8141,8091,8131,8138,8241,18.80562114715576,False
61,8111,8156,8176,8123,8198,8179,8147,8177,8138,8154,8101,8159,8147,8250,18.81346082687378,False
62,8096,8141,8159,8121,8150,8183,8168,8185,8163,8160,8109,8153,8164,8261,18.821476697921756,False
63,8090,8131,8120,8125,8117,8177,8176,8178,8182,8166,8117,8150,8175,8278,18.829524040222168,False
64,8117,8135,8109,8138,8131,8165,8181,8182,8199,8182,8143,8164,8194,8306,18.83762288093567,False
65,8178,8186,8221,8174,8221,8172,8183,8219,8207,8192,8168,8207,8221,8335,18.84541153907776,False
66,8209,8205,8232,8199,8195,8184,8190,8213,8210,8200,8180,8214,8241,8349,18.8537392616272,False
67,8188,8184,8116,8188,8131,8186,8190,8162,8210,8194,8166,8173,8228,8329,18.86050248146057,False
68,8226,8233,8270,8205,8256,8200,8164,8192,8193,8172,8143,8217,8188,8307,18.86872100830078,False
69,8254,8236,8259,8255,8191,8201,8161,8180,8189,8176,8165,8222,8204,8331,18.87652039527893,False
70,8234,8209,8110,8258,8105,8179,8158,8116,8171,8170,8168,8173,8223,8344,18.884493827819824,False
71,8244,8230,8185,8234,8184,8177,8130,8122,8128,8137,8119,8179,8183,8319,18.892513275146484,False
72,8224,8224,8178,8222,8176,8170,8124,8127,8114,8134,8083,8159,8146,8286,18.90074157714844,False
73,8185,8223,8168,8204,8186,8144,8118,8134,8105,8136,8071,8142,8120,8252,18.908514499664307,False
74,8155,8201,8143,8168,8150,8134,8118,8129,8096,8121,8074,8132,8107,8238,18.936697244644165,False
75,8138,8175,8117,8135,8142,8153,8149,8128,8098,8123,8075,8122,8107,8237,18.939544200897217,False
76,8137,8162,8131,8119,8151,8165,8177,8155,8106,8139,8079,8122,8117,8233,18.947749376297,False
77,8127,8143,8108,8103,8128,8163,8178,8163,8127,8141,8101,8125,8145,8243,18.95557427406311,False
78,8143,8163,8211,8099,8207,8167,8157,8189,8136,8137,8115,8172,8160,8252,18.96373963356018,False
79,8140,8144,8162,8117,8145,8168,8161,8180,8133,8149,8131,8168,8169,8254,18.971673011779785,False
80,8137,8139,8110,8120,8125,8177,8177,8171,8136,8158,8131,8159,8165,8264,18.97973036766052,False
81,8172,8168,8239,8120,8210,8188,8181,8213,8147,8151,8124,8211,8163,8283,18.987664699554443,False
82,8169,8142,8185,8143,8153,8179,8191,8205,8164,8159,8147,8203,8187,8307,18.994757413864136,False
83,8174,8143,8156,8162,8158,8180,8188,8195,8160,8164,8157,8186,8191,8314,19.002562046051025,False
84,8186,8148,8128,8162,8119,8195,8212,8190,8174,8157,8163,8172,8205,8315,19.010493755340576,False
85,8207,8192,8188,8182,8191,8216,8243,8210,8190,8155,8171,8200,8224,8316,19.01864242553711,False
86,8252,8260,8395,8216,8334,8235,8225,8260,8167,8158,8172,8262,8209,8322,19.026788234710693,False
87,8219,8198,8203,8218,8136,8211,8222,8192,8180,8165,8187,8195,8225,8342,19.034661769866943,False
88,8164,8149,7993,8197,8036,8173,8215,8118,8199,8160,8169,8125,8240,8328,19.04282593727112,False
89,8163,8177,8089,8174,8153,8177,8186,8137,8171,8152,8130,8145,8206,8296,19.050708770751957,False
90,8173,8187,8178,8154,8190,8190,8160,8151,8144,8147,8116,8163,8180,8292,19.05774545669556,False
91,8163,8173,8176,8143,8154,8180,8133,8141,8127,8142,8112,8157,8181,8286,19.065584897994995,False
92,8129,8138,8088,8126,8100,8177,8125,8131,8118,8141,8109,8125,8178,8262,19.07374691963196,False
93,8135,8151,8149,8111,8167,8191,8132,8173,8118,8137,8100,8141,8154,8250,19.0815372467041,False
94,8150,8160,8202,8114,8170,8185,8147,8194,8138,8146,8109,8162,8157,8267,19.08971881866455,False
95,8133,8135,8135,8115,8126,8174,8159,8167,8154,8167,8135,8148,8185,8281,19.09756755828857,False
96,8150,8143,8192,8113,8191,8188,8158,8189,8148,8169,8136,8172,8190,8291,19.105744123458862,False
97,8169,8143,8184,8128,8155,8198,8183,8208,8168,8169,8137,8179,8202,8316,19.113662242889404,False
98,8181,8154,8151,8162,8128,8200,8212,8199,8189,8178,8152,8183,8214,8317,19.12074375152588,False
99,8212,8176,8204,8195,8163,8210,8214,8192,8170,8174,8169,8214,8217,8302,19.12864661216736,False
100,8233,8189,8209,8220,8163,8216,8198,8173,8155,8173,8183,8217,8235,8315,19.13673496246338,False
101,8249,8213,8230,8236,8187,8223,8195,8179,8168,8172,8184,8220,8244,8332,19.144646644592285,False
102,8227,8194,8154,8229,8140,8226,8210,8160,8182,8167,8187,8193,8249,8332,19.152820825576782,False
103,8211,8206,8198,8231,8211,8225,8182,8158,8152,8157,8172,8196,8250,8326,19.160685539245605,False
104,8208,8213,8234,8238,8225,8213,8160,8163,8123,8159,8161,8207,8253,8336,19.16878581047058,False
105,8175,8172,8094,8209,8126,8188,8180,8129,8131,8159,8167,8160,8256,8342,19.17676424980164,False
106,8196,8199,8221,8183,8239,8186,8167,8173,8120,8139,8133,8181,8223,8311,19.18466424942017,False
107,8175,8174,8220,8161,8187,8192,8160,8185,8116,8140,8091,8166,8189,8265,19.19151496887207,False
108,8076,8095,8023,8110,8061,8186,8187,8138,8133,8146,8066,8089,8159,8219,19.199742078781128,False
109,8047,8097,8074,8077,8136,8195,8198,8169,8147,8144,8065,8102,8142,8199,19.207512855529785,False
110,8077,8118,8152,8091,8165,8202,8207,8212,8179,8163,8084,8139,8158,8211,19.21563196182251,False
111,8110,8125,8168,8103,8160,8195,8204,8209,8186,8169,8081,8150,8156,8213,19.22356390953064,False
112,8129,8117,8106,8102,8136,8190,8200,8171,8180,8164,8089,8129,8159,8228,19.231744289398197,False
113,8155,8154,8151,8123,8199,8201,8202,8175,8187,8170,8103,8148,8172,8261,19.23964619636536,False
114,8165,8170,8210,8143,8205,8200,8195,8194,8194,8177,8113,8179,8185,8277,19.247822046279907,False
115,8152,8136,8114,8150,8134,8194,8185,8159,8199,8180,8134,8159,8209,8284,19.254812240600582,False
116,8207,8200,8274,8186,8276,8213,8155,8191,8180,8168,8126,8208,8205,8299,19.26272201538086,False
117,8228,8217,8306,8217,8230,8216,8151,8199,8165,8160,8134,8227,8207,8336,19.270654916763306,False
118,8191,8167,8113,8204,8093,8197,8170,8149,8167,8156,8158,8176,8226,8363,19.27882122993469,False
119,8216,8188,8178,8192,8193,8197,8171,8183,8164,8146,8151,8192,8221,8357,19.286657333374023,False
120,8211,8181,8179,8191,8196,8191,8178,8199,8172,8160,8154,8192,8225,8349,19.294822454452515,False
121,8159,8151,8104,8156,8152,8176,8181,8173,8158,8171,8146,8161,8214,8323,19.30264115333557,False
122,8138,8136,8115,8116,8137,8169,8172,8165,8138,8157,8115,8144,8186,8281,19.310621976852417,False
123,8151,8145,8158,8122,8166,8170,8165,8182,8162,8166,8112,8152,8192,8272,19.31865692138672,False
124,8155,8160,8194,8136,8200,8174,8164,8201,8189,8192,8121,8171,8200,8282,19.32578182220459,False
125,8125,8134,8122,8126,8135,8168,8166,8171,8185,8186,8112,8143,8184,8275,19.33358669281006,False
126,8136,8142,8169,8132,8181,8169,8155,8178,8172,8164,8102,8158,8173,8269,19.341718196868896,False
127,8156,8142,8163,8155,8166,8176,8173,8191,8193,8175,8120,8172,8196,8289,19.349549293518063,False
237,8150,8148,8130,8160,8169,8179,8196,8182,8208,8185,8117,8156,8195,8286,19.35774040222168,False
0,8172,8184,8282,8155,8279,8177,8174,8216,8190,8175,8101,8197,8167,8258,19.36566138267517,False
1,8162,8145,8187,8157,8153,8164,8170,8188,8201,8182,8128,8183,8195,8274,19.37374520301819,False
2,8156,8139,8109,8168,8116,8163,8171,8150,8196,8186,8135,8160,8218,8300,19.381670236587524,False
3,8174,8157,8168,8173,8174,8177,8156,8146,8164,8172,8126,8171,8201,8305,19.388472080230716,False
4,8161,8142,8136,8163,8166,8177,8155,8139,8158,8168,8130,8158,8199,8297,19.39666867256165,False
5,8161,8172,8241,8151,8245,8174,8150,8191,8154,8163,8104,8181,8188,8279,19.40474224090576,False
6,8133,8149,8189,8134,8167,8174,8154,8194,8169,8170,8093,8157,8182,8274,19.41266274452209,False
7,8092,8094,8039,8111,8077,8161,8158,8153,8198,8186,8099,8108,8185,8259,19.420758724212646,False
8,8097,8090,8076,8098,8128,8146,8154,8170,8200,8187,8092,8116,8172,8234,19.42866015434265,False
9,8109,8112,8160,8098,8187,8150,8149,8199,8190,8185,8095,8144,8155,8224,19.436585187911987,False
10,8119,8122,8204,8105,8188,8152,8150,8205,8187,8189,8112,8165,8154,8228,19.44465684890747,False
11,8111,8084,8094,8098,8093,8143,8176,8167,8211,8197,8133,8140,8183,8244,19.45170521736145,False
12,8143,8135,8229,8102,8229,8161,8159,8197,8213,8186,8111,8181,8172,8252,19.45956540107727,False
13,8181,8184,8393,8137,8291,8178,8125,8234,8191,8176,8106,8229,8158,8262,19.46762490272522,False
14,8124,8106,8104,8167,8044,8156,8146,8145,8209,8198,8155,8147,8200,8276,19.47558832168579,False
15,8102,8097,8006,8164,8060,8148,8142,8107,8208,8195,8159,8123,8193,8260,19.483736038208008,False
16,8167,8156,8193,8167,8212,8152,8112,8150,8175,8171,8131,8177,8160,8255,19.491640090942383,False
17,8210,8177,8221,8206,8188,8146,8121,8150,8168,8168,8148,8187,8180,8284,19.499740600585938,False
18,8226,8196,8190,8240,8165,8149,8130,8134,8166,8169,8175,8193,8194,8304,19.507702589035038,False
19,8245,8223,8205,8248,8203,8148,8117,8135,8152,8165,8172,8207,8184,8318,19.514626026153564,False
20,8257,8230,8228,8243,8217,8141,8115,8155,8146,8164,8170,8206,8187,8326,19.522682428359985,False
21,8220,8184,8121,8217,8109,8147,8146,8142,8145,8160,8176,8158,8188,8302,19.530739545822144,False
22,8192,8177,8136,8189,8152,8164,8160,8144,8122,8143,8149,8153,8144,8264,19.53848171234131,False
23,8187,8192,8223,8190,8225,8174,8152,8178,8115,8144,8129,8174,8119,8250,19.54673957824707,False
24,8132,8137,8082,8172,8115,8173,8171,8168,8147,8168,8142,8120,8150,8247,19.55468773841858,False
25,8104,8123,8128,8121,8182,8175,8179,8188,8148,8167,8123,8125,8142,8236,19.56248712539673,False
26,8104,8117,8210,8100,8213,8180,8183,8202,8147,8159,8103,8155,8129,8236,19.570666074752808,False
27,8081,8092,8100,8115,8120,8183,8203,8173,8177,8178,8112,8131,8149,8238,19.57773160934448,False
28,8096,8115,8126,8121,8151,8185,8202,8186,8193,8196,8127,8153,8160,8252,19.58574795722961,False
29,8132,8123,8153,8129,8170,8174,8183,8189,8206,8199,8146,8178,8184,8300,19.59378409385681,False
30,8170,8134,8187,8162,8203,8172,8165,8196,8226,8199,8150,8195,8210,8336,19.60165286064148,False
31,8180,8143,8180,8190,8178,8178,8178,8205,8243,8210,8158,8191,8223,8344,19.60968422889709,False
32,8183,8167,8170,8217,8177,8166,8188,8203,8253,8217,8173,8189,8233,8351,19.61758041381836,False
33,8243,8211,8253,8260,8219,8159,8179,8221,8259,8219,8187,8237,8253,8376,19.625744104385376,False
34,8273,8201,8175,8294,8127,8152,8180,8196,8267,8230,8213,8233,8285,8408,19.63369417190552,False
35,8262,8214,8193,8293,8179,8144,8156,8189,8242,8212,8187,8215,8263,8389,19.641671180725098,False
36,8246,8220,8237,8275,8224,8137,8141,8202,8228,8197,8148,8206,8233,8357,19.64866042137146,False
37,8237,8200,8139,8283,8159,8126,8167,8189,8257,8219,8164,8183,8259,8368,19.656684398651123,False
38,8250,8224,8198,8290,8217,8128,8169,8202,8254,8219,8166,8199,8266,8366,19.66454148292541,False
39,8217,8209,8184,8262,8198,8133,8155,8183,8231,8204,8132,8175,8231,8326,19.672739028930664,False
40,8184,8188,8133,8231,8188,8123,8151,8167,8217,8202,8096,8144,8188,8290,19.680700063705444,True
41,8181,8181,8135,8219,8194,8107,8155,8168,8209,8197,8085,8140,8164,8283,19.68854522705078,True
42,8155,8164,8114,8207,8188,8112,8158,8153,8211,8186,8091,8130,8162,8277,19.69668555259705,True
43,8150,8171,8226,8189,8272,8124,8144,8183,8196,8182,8089,8162,8155,8260,19.70480418205261,True
44,8140,8139,8179,8177,8194,8117,8150,8181,8201,8193,8111,8157,8169,8278,19.71169877052307,True
45,8136,8133,8101,8194,8144,8114,8174,8170,8225,8202,8142,8152,8194,8312,19.71968507766724,True
46,8173,8168,8172,8237,8195,8121,8187,8196,8239,8209,8170,8193,8220,8336,19.727686882019043,False
47,8198,8176,8193,8248,8199,8116,8179,8187,8235,8214,8192,8212,8250,8357,19.735740423202515,False
48,8224,8192,8247,8234,8240,8108,8153,8182,8218,8205,8185,8235,8247,8368,19.74370503425598,False
49,8229,8174,8166,8245,8171,8106,8167,8161,8235,8207,8184,8209,8247,8381,19.751716375350952,False
50,8242,8193,8160,8262,8200,8106,8174,8151,8233,8208,8168,8192,8232,8375,19.759727001190186,False
51,8259,8220,8261,8254,8273,8107,8147,8166,8186,8185,8132,8208,8196,8346,19.76766586303711,False
52,8207,8169,8129,8230,8176,8094,8156,8143,8172,8173,8120,8159,8189,8318,19.775718450546265,False
53,8177,8171,8118,8211,8203,8089,8172,8164,8173,8170,8100,8141,8180,8288,19.7827250957489,False
54,8188,8192,8194,8193,8235,8102,8171,8199,8167,8171,8087,8153,8165,8270,19.79047465324402,False
55,8165,8168,8132,8177,8189,8106,8164,8177,8174,8173,8092,8143,8160,8262,19.79873514175415,False
56,8121,8148,8093,8166,8179,8100,8149,8155,8182,8169,8094,8143,8153,8248,19.80672645568848,False
57,8095,8143,8115,8152,8192,8101,8141,8161,8195,8170,8089,8137,8149,8226,19.814506769180294,False
58,8108,8151,8198,8134,8239,8120,8135,8192,8199,8174,8076,8155,8139,8220,19.822734355926517,False
59,8096,8109,8082,8118,8144,8130,8155,8157,8204,8176,8088,8138,8153,8248,19.83178734779358,False
60,8101,8123,8106,8120,8206,8134,8162,8151,8199,8176,8101,8151,8162,8265,19.83863520622253,False
61,8158,8180,8329,8152,8334,8146,8146,8214,8190,8182,8119,8221,8172,8279,19.84569787979126,False
62,8165,8145,8171,8182,8162,8143,8171,8174,8211,8200,8169,8197,8227,8326,19.85352611541748,False
63,8184,8157,8116,8194,8159,8146,8183,8155,8214,8202,8192,8201,8257,8359,19.86147141456604,False
64,8227,8196,8245,8218,8236,8160,8185,8197,8207,8203,8209,8248,8271,8382,19.869702339172363,False
65,8244,8194,8189,8263,8177,8160,8203,8180,8224,8215,8237,8237,8308,8421,19.8775098323822,False
66,8287,8226,8208,8276,8213,8140,8187,8173,8219,8217,8222,8240,8306,8430,19.885518789291385,False
67,8292,8230,8228,8255,8229,8116,8156,8176,8190,8210,8191,8228,8276,8400,19.893478631973267,False
68,8242,8214,8216,8255,8233,8108,8146,8178,8161,8202,8161,8200,8245,8352,19.90158581733704,False
69,8196,8198,8159,8253,8190,8100,8148,8165,8162,8204,8135,8165,8225,8315,19.909558296203613,False
70,8191,8196,8120,8231,8174,8096,8132,8156,8182,8214,8128,8155,8225,8313,19.91648960113525,False
71,8220,8215,8184,8231,8228,8122,8126,8184,8188,8210,8135,8183,8230,8331,19.92459487915039,False
72,8197,8190,8121,8238,8180,8135,8151,8164,8187,8199,8124,8156,8229,8328,19.932609796524048,False
73,8172,8185,8166,8213,8245,8126,8146,8160,8164,8185,8079,8151,8191,8294,19.94059419631958,False
74,8168,8172,8210,8185,8253,8123,8139,8180,8155,8183,8079,8165,8172,8283,19.94873833656311,False
75,8148,8145,8097,8182,8161,8129,8162,8162,8186,8192,8115,8145,8196,8300,19.95673680305481,False
76,8175,8180,8187,8193,8242,8146,8166,8181,8191,8182,8104,8172,8191,8294,19.96447277069092,False
77,8188,8172,8188,8202,8213,8156,8184,8173,8189,8180,8104,8169,8186,8283,19.971707344055176,False
78,8181,8162,8142,8203,8187,8164,8206,8161,8202,8186,8120,8159,8190,8286,19.979548692703247,False
79,8197,8182,8201,8194,8219,8170,8203,8182,8198,8177,8116,8182,8183,8299,19.98773193359375,False
80,8187,8159,8156,8187,8174,8164,8207,8169,8191,8176,8119,8170,8179,8305,19.99570631980896,False
81,8183,8160,8159,8194,8192,8165,8209,8169,8187,8181,8129,8177,8179,8306,20.00370144844055,False
82,8192,8167,8158,8190,8188,8162,8199,8167,8173,8176,8130,8185,8176,8312,20.011638879776,False
83,8200,8166,8175,8164,8210,8155,8174,8168,8150,8161,8110,8182,8146,8302,20.01969647407532,False
84,8180,8149,8169,8148,8189,8141,8146,8161,8143,8160,8101,8162,8129,8275,20.02772665023804,False
85,8140,8138,8125,8146,8168,8127,8131,8143,8147,8163,8102,8135,8144,8254,20.034812450408936,False
86,8145,8172,8235,8144,8263,8142,8125,8185,8142,8160,8105,8172,8145,8242,20.042474269866943,False
87,8124,8141,8157,8137,8176,8150,8146,8176,8164,8177,8136,8160,8160,8251,20.05035924911499,False
88,8091,8114,8077,8132,8147,8133,8139,8140,8170,8185,8130,8130,8168,8250,20.058467149734497,False
89,8105,8138,8185,8135,8222,8128,8116,8162,8141,8164,8105,8164,8150,8237,20.066482305526733,False
90,8096,8130,8128,8146,8145,8139,8128,8146,8146,8159,8127,8159,8151,8246,20.074496507644653,False
91,8106,8153,8152,8163,8188,8145,8129,8146,8150,8167,8135,8171,8152,8255,20.082399129867557,False
92,8131,8160,8217,8167,8235,8152,8128,8161,8131,8163,8120,8190,8148,8252,20.090473175048828,False
93,8135,8147,8164,8162,8197,8161,8145,8154,8136,8158,8123,8180,8160,8261,20.098724842071533,False
94,8145,8153,8140,8162,8197,8164,8161,8165,8157,8164,8124,8178,8172,8278,20.106736660003666,False
95,8146,8148,8126,8161,8212,8169,8170,8171,8152,8166,8112,8167,8158,8282,20.1137170791626,False
96,8152,8154,8214,8152,8259,8175,8164,8184,8121,8146,8093,8182,8134,8268,20.121625185012817,False
97,8117,8108,8116,8133,8135,8162,8167,8155,8137,8147,8106,8146,8166,8265,20.12981867790222,False
98,8110,8131,8140,8134,8210,8164,8152,8174,8163,8166,8111,8149,8178,8261,20.13780903816223,False
99,8177,8211,8413,8172,8397,8186,8130,8254,8152,8173,8113,8239,8154,8259,20.145739316940308,False
100,8164,8143,8189,8186,8146,8181,8166,8190,8185,8196,8164,8191,8208,8287,20.15370202064514,False
101,8141,8114,7993,8165,8056,8164,8177,8127,8207,8206,8176,8139,8247,8307,20.16170454025269,False
102,8180,8174,8169,8176,8212,8166,8137,8159,8172,8188,8148,8181,8207,8303,20.16966152191162,False
103,8193,8187,8215,8214,8210,8176,8137,8162,8155,8176,8149,8189,8193,8297,20.177680253982544,False
104,8193,8192,8188,8226,8196,8181,8156,8167,8156,8169,8146,8185,8197,8294,20.184706926345825,False
105,8187,8184,8157,8208,8179,8164,8156,8178,8161,8168,8136,8176,8188,8304,20.192495584487915,False
106,8197,8172,8176,8199,8182,8162,8147,8187,8168,8172,8143,8182,8189,8322,20.200775623321533,False
107,8213,8169,8161,8211,8156,8178,8166,8181,8182,8184,8159,8188,8204,8342,20.208811044692997,False
108,8213,8192,8162,8217,8180,8164,8182,8181,8186,8181,8143,8183,8192,8331,20.21668243408203,False
109,8197,8207,8224,8200,8218,8142,8158,8200,8165,8152,8107,8179,8154,8297,20.22485995292664,False
110,8157,8170,8133,8186,8137,8148,8151,8172,8162,8147,8117,8149,8164,8300,20.232719659805294,False
111,8145,8170,8144,8185,8190,8163,8155,8170,8160,8163,8129,8159,8183,8302,20.239733695983887,False
112,8141,8158,8192,8169,8204,8154,8144,8186,8150,8158,8110,8171,8163,8268,20.247705221176147,False
113,8120,8126,8110,8152,8114,8141,8150,8160,8160,8154,8106,8142,8159,8253,20.25571918487549,False
114,8137,8162,8164,8171,8174,8151,8173,8173,8176,8164,8123,8163,8172,8272,20.263733386993408,False
115,8146,8163,8171,8187,8182,8151,8193,8183,8187,8165,8143,8168,8188,8285,20.27151346206665,False
116,8153,8152,8190,8180,8206,8142,8191,8187,8182,8160,8136,8172,8183,8279,20.27972936630249,False
117,8176,8162,8239,8175,8218,8148,8197,8194,8178,8165,8130,8194,8174,8285,20.28773021697998,False
118,8168,8153,8145,8184,8146,8144,8196,8152,8178,8160,8144,8173,8177,8299,20.295714378356934,False
119,8187,8179,8171,8202,8182,8134,8150,8130,8145,8139,8135,8177,8163,8295,20.30381155014038,False
120,8215,8194,8176,8216,8174,8134,8135,8126,8122,8134,8130,8177,8166,8308,20.310709953308105,False
121,8230,8214,8200,8221,8204,8148,8151,8159,8142,8143,8138,8195,8176,8327,20.31856417655945,False
122,8243,8224,8244,8237,8212,8151,8148,8196,8175,8160,8157,8216,8187,8324,20.326717138290405,False
123,8225,8199,8152,8243,8154,8129,8135,8170,8185,8173,8168,8180,8204,8311,20.33472752571106,False
124,8234,8217,8241,8215,8247,8120,8118,8192,8149,8157,8147,8203,8186,8301,20.34252333641052,False
125,8202,8181,8192,8186,8156,8125,8134,8185,8143,8155,8149,8194,8190,8306,20.350768566131592,False
126,8149,8146,8057,8180,8074,8139,8158,8147,8173,8175,8154,8147,8210,8297,20.358731269836422,False
127,8165,8174,8176,8182,8197,8150,8154,8182,8171,8174,8140,8165,8194,8270,20.36682748794556,False
237,8164,8155,8173,8179,8169,8146,8166,8186,8169,8167,8149,8159,8189,8269,20.373677492141724,False
0,8147,8144,8110,8180,8125,8146,8187,8172,8182,8173,8157,8151,8191,8280,20.38172745704651,False
1,8157,8157,8129,8178,8162,8149,8198,8184,8201,8187,8163,8164,8190,8283,20.38973045349121,False
2,8180,8178,8197,8182,8225,8141,8183,8210,8204,8184,8163,8182,8191,8283,20.397706508636475,False
3,8182,8178,8188,8189,8189,8128,8176,8200,8185,8166,8144,8184,8181,8285,20.405733108520508,False
4,8167,8148,8098,8184,8132,8125,8180,8145,8170,8151,8128,8156,8158,8280,20.41373109817505,False
5,8202,8191,8288,8188,8287,8131,8142,8177,8142,8134,8117,8200,8130,8267,20.421663522720337,False
6,8217,8200,8286,8209,8216,8127,8140,8185,8148,8148,8144,8208,8157,8292,20.42971682548523,False
7,8199,8179,8078,8224,8079,8123,8176,8131,8172,8174,8175,8160,8191,8313,20.436732530593872,False
8,8210,8220,8185,8211,8203,8123,8144,8142,8144,8156,8150,8173,8148,8270,20.444507122039795,False
9,8175,8196,8184,8183,8174,8126,8130,8142,8126,8136,8135,8157,8124,8240,20.452732801437374,False
10,8140,8150,8073,8169,8105,8140,8169,8140,8143,8145,8165,8145,8157,8268,20.460729122161865,False
11,8165,8162,8137,8160,8169,8151,8181,8188,8160,8157,8196,8178,8186,8300,20.46846556663513,False
12,8169,8182,8203,8159,8209,8150,8177,8209,8164,8160,8193,8185,8184,8292,20.476739406585693,False
13,8140,8164,8162,8161,8164,8151,8183,8177,8153,8158,8174,8164,8168,8261,20.484688758850098,False
14,8118,8131,8077,8159,8101,8147,8187,8149,8161,8170,8186,8144,8175,8252,20.492771863937374,False
15,8145,8162,8181,8162,8196,8151,8182,8186,8182,8183,8191,8180,8186,8274,20.500710248947144,False
16,8148,8157,8176,8159,8160,8153,8188,8181,8189,8187,8184,8181,8188,8289,20.50772857666016,False
17,8124,8131,8096,8152,8113,8141,8186,8148,8171,8176,8175,8151,8175,8276,20.51562762260437,False
18,8173,8181,8270,8172,8258,8150,8185,8208,8153,8164,8167,8204,8157,8273,20.52377867698669,False
19,8185,8172,8224,8195,8174,8172,8235,8218,8192,8187,8187,8194,8187,8298,20.531705141067505,False
20,8152,8142,8092,8194,8095,8181,8260,8185,8220,8201,8189,8147,8201,8294,20.5397264957428,False
21,8164,8157,8160,8192,8182,8180,8244,8198,8202,8180,8172,8167,8178,8289,20.54763126373291,False
22,8170,8153,8158,8182,8193,8163,8232,8173,8189,8156,8162,8167,8168,8297,20.555720329284668,False
23,8159,8159,8185,8166,8211,8149,8206,8153,8171,8143,8141,8159,8146,8267,20.563713550567627,False
24,8129,8146,8158,8170,8171,8147,8193,8146,8164,8146,8131,8139,8129,8233,20.57066965103149,False
25,8114,8141,8137,8171,8168,8150,8186,8152,8172,8147,8129,8135,8126,8222,20.578730821609497,False
26,8126,8136,8160,8156,8157,8147,8167,8167,8177,8146,8125,8148,8130,8217,20.58667016029358,False
27,8121,8112,8111,8153,8108,8136,8156,8154,8180,8156,8120,8138,8136,8215,20.594470739364624,False
28,8127,8136,8169,8166,8178,8135,8144,8173,8187,8163,8119,8162,8139,8224,20.60266399383545,False
29,8137,8145,8157,8181,8160,8140,8154,8181,8210,8180,8155,8169,8176,8249,20.610540628433228,False
30,8164,8150,8183,8192,8181,8147,8162,8186,8210,8199,8170,8180,8199,8253,20.618786811828613,False
31,8181,8155,8255,8193,8211,8146,8157,8190,8179,8185,8150,8195,8177,8237,20.626733541488647,False
32,8140,8128,8116,8186,8108,8134,8166,8141,8169,8170,8154,8151,8170,8246,20.633708953857425,False
33,8151,8161,8137,8195,8154,8147,8171,8145,8161,8165,8166,8163,8169,8261,20.641655683517456,False
34,8183,8173,8183,8218,8156,8162,8180,8155,8145,8154,8166,8180,8170,8264,20.649693250656128,False
35,8170,8161,8158,8224,8140,8155,8188,8146,8134,8142,8152,8167,8164,8262,20.657689094543457,False
36,8164,8172,8232,8207,8204,8151,8179,8171,8122,8134,8133,8184,8147,8255,20.66571831703186,False
37,8139,8141,8163,8183,8138,8146,8177,8146,8124,8135,8137,8162,8153,8257,20.6736958026886,False
38,8121,8130,8115,8170,8116,8143,8172,8135,8131,8145,8149,8150,8171,8274,20.681731700897217,False
39,8135,8140,8129,8180,8126,8158,8183,8175,8163,8178,8177,8169,8207,8302,20.68972897529602,False
40,8166,8161,8185,8187,8178,8174,8198,8215,8199,8210,8200,8196,8241,8317,20.69759511947632,False
41,8160,8148,8192,8162,8182,8178,8200,8204,8202,8216,8185,8182,8239,8297,20.704800367355347,False
42,8108,8111,8076,8148,8120,8176,8200,8147,8201,8211,8164,8129,8223,8260,20.71273446083069,False
43,8155,8197,8308,8192,8304,8193,8172,8207,8188,8194,8149,8206,8194,8238,20.72053837776184,False
44,8208,8220,8367,8232,8262,8197,8171,8236,8194,8201,8176,8241,8210,8264,20.728702545166016,False
45,8160,8145,8039,8230,8030,8179,8200,8135,8213,8208,8197,8137,8240,8286,20.73670721054077,False
46,8157,8177,8062,8234,8129,8173,8186,8119,8181,8179,8155,8131,8198,8260,20.744733810424805,False
47,8195,8212,8197,8245,8218,8174,8168,8148,8142,8154,8137,8179,8173,8259,20.75274062156677,False
48,8215,8194,8192,8241,8194,8176,8167,8141,8126,8142,8142,8185,8186,8292,20.760729551315308,False
49,8218,8182,8182,8227,8187,8177,8164,8143,8120,8138,8126,8182,8182,8309,20.767805337905884,False
50,8207,8182,8179,8212,8189,8182,8168,8161,8125,8141,8107,8180,8170,8300,20.77577209472656,False
51,8195,8182,8173,8205,8161,8186,8178,8171,8135,8143,8105,8172,8165,8289,20.78369736671448,False
52,8158,8163,8096,8187,8101,8181,8187,8155,8154,8154,8122,8142,8174,8289,20.79173445701599,False
53,8148,8182,8187,8169,8206,8178,8173,8199,8171,8172,8135,8171,8179,8285,20.799588203430176,False
54,8140,8163,8195,8173,8187,8181,8186,8226,8195,8187,8147,8177,8189,8288,20.807770252227783,False
55,8107,8126,8082,8173,8111,8187,8224,8202,8225,8193,8144,8130,8189,8276,20.815754652023315,False
56,8125,8175,8233,8172,8249,8201,8232,8243,8236,8195,8141,8167,8170,8238,20.823571920394897,False
57,8133,8176,8215,8192,8188,8205,8248,8234,8256,8210,8179,8174,8193,8240,20.8307900428772,False
58,8125,8155,8085,8217,8098,8198,8261,8169,8249,8212,8189,8143,8211,8262,20.838815689086918,False
59,8151,8173,8138,8221,8157,8188,8243,8139,8195,8185,8155,8151,8178,8256,20.84662938117981,False
60,8162,8180,8172,8205,8183,8177,8211,8119,8146,8157,8135,8152,8144,8245,20.85480499267578,False
61,8173,8194,8239,8194,8220,8178,8175,8132,8097,8136,8124,8174,8129,8239,20.8627290725708,False
62,8169,8170,8188,8190,8157,8177,8163,8116,8071,8129,8134,8169,8141,8259,20.87061333656311,False
63,8166,8167,8144,8193,8147,8172,8147,8105,8079,8126,8144,8164,8149,8287,20.8787202835083,False
64,8171,8185,8167,8201,8180,8174,8135,8137,8106,8134,8153,8179,8156,8300,20.886691093444824,False
65,8164,8183,8138,8217,8172,8175,8158,8160,8152,8157,8179,8179,8186,8313,20.894728660583496,False
66,8194,8208,8230,8230,8227,8185,8173,8209,8180,8172,8203,8214,8208,8325,20.90154266357422,False
67,8192,8195,8190,8225,8163,8194,8183,8219,8206,8194,8222,8202,8231,8334,20.9095721244812,False
68,8154,8191,8134,8221,8174,8193,8194,8205,8224,8207,8202,8174,8229,8316,20.917434453964237,False
69,8147,8205,8216,8221,8226,8187,8199,8222,8216,8196,8170,8192,8207,8289,20.925538778305054,False
70,8133,8176,8147,8222,8122,8176,8210,8202,8218,8199,8183,8179,8219,8289,20.933429479599,False
71,8148,8196,8155,8231,8154,8185,8208,8194,8223,8205,8190,8189,8223,8300,20.941531658172607,False
72,8162,8200,8151,8226,8154,8202,8201,8183,8222,8198,8176,8186,8211,8309,20.949514865875244,False
73,8164,8196,8161,8217,8162,8199,8184,8173,8199,8186,8156,8180,8188,8304,20.95768642425537,False
74,8184,8216,8286,8223,8229,8184,8164,8184,8158,8165,8142,8212,8154,8293,20.96468162536621,False
75,8162,8176,8175,8210,8125,8172,8176,8132,8133,8142,8148,8174,8154,8286,20.97250461578369,False
76,8148,8159,8095,8196,8112,8176,8182,8107,8109,8127,8149,8148,8164,8282,20.980528354644772,False
77,8167,8172,8119,8217,8151,8174,8184,8119,8097,8123,8157,8166,8166,8296,20.988681077957157,False
78,8182,8196,8174,8230,8206,8168,8191,8142,8094,8106,8157,8180,8154,8300,20.996516466140747,False
79,8195,8220,8264,8220,8247,8184,8194,8187,8100,8104,8146,8199,8149,8298,21.004664421081543,False
80,8175,8181,8137,8217,8132,8195,8221,8176,8161,8159,8179,8173,8204,8327,21.01272177696228,False
81,8185,8196,8155,8225,8190,8196,8231,8203,8221,8208,8208,8193,8246,8351,21.020729064941406,False
82,8205,8219,8232,8227,8230,8198,8224,8241,8243,8214,8198,8215,8242,8342,21.02863907814026,False
83,8175,8192,8126,8216,8145,8193,8222,8203,8238,8210,8172,8172,8225,8324,21.035600423812863,False
84,8182,8191,8161,8209,8186,8190,8200,8189,8218,8211,8147,8174,8205,8318,21.043545246124268,False
85,8190,8179,8181,8206,8175,8174,8179,8177,8218,8209,8145,8176,8202,8317,21.05160903930664,False
86,8161,8175,8148,8197,8147,8149,8155,8153,8204,8196,8135,8162,8186,8293,21.05949640274048,False
87,8156,8185,8128,8198,8123,8151,8147,8134,8186,8193,8135,8158,8175,8285,21.06760263442993,False
88,8187,8203,8147,8218,8147,8174,8156,8127,8183,8193,8144,8175,8179,8311,21.07550621032715,False
89,8208,8230,8243,8230,8225,8175,8145,8149,8157,8168,8129,8206,8164,8313,21.083709716796875,False
90,8181,8201,8162,8229,8151,8158,8153,8137,8148,8159,8147,8179,8178,8304,21.09168815612793,False
91,8192,8201,8153,8231,8163,8168,8171,8145,8169,8175,8174,8186,8212,8319,21.09845542907715,False
92,8200,8208,8212,8220,8202,8186,8179,8165,8176,8181,8159,8199,8214,8330,21.106465578079224,False
93,8144,8177,8130,8199,8156,8189,8191,8151,8177,8179,8138,8154,8204,8312,21.114447832107544,False
94,8142,8182,8147,8197,8167,8190,8186,8169,8187,8182,8143,8165,8201,8290,21.122588634490967,False
95,8167,8180,8150,8187,8119,8173,8174,8178,8202,8192,8166,8187,8217,8301,21.13066864013672,False
96,8160,8175,8151,8163,8132,8165,8167,8184,8205,8196,8172,8186,8227,8325,21.138468980789185,False
97,8156,8173,8164,8168,8147,8174,8174,8202,8209,8202,8176,8183,8237,8337,21.14656352996826,False
98,8173,8172,8128,8181,8104,8164,8168,8190,8221,8214,8185,8174,8254,8345,21.154623985290527,False
99,8202,8196,8210,8175,8174,8159,8149,8200,8212,8212,8170,8195,8243,8337,21.16266942024231,False
100,8176,8176,8168,8175,8157,8174,8172,8194,8209,8215,8167,8177,8240,8323,21.16971707344055,False
101,8167,8178,8145,8185,8144,8183,8187,8185,8212,8212,8171,8172,8232,8321,21.17758178710937,False
102,8208,8190,8202,8179,8140,8174,8187,8188,8204,8188,8167,8203,8218,8338,21.185691595077515,False
103,8214,8175,8151,8167,8113,8176,8211,8168,8210,8183,8168,8191,8233,8361,21.19379186630249,False
104,8230,8214,8265,8181,8228,8193,8199,8191,8205,8191,8160,8213,8227,8361,21.201619386672974,False
105,8220,8186,8225,8185,8150,8174,8175,8167,8197,8190,8174,8200,8217,8361,21.209577083587646,False
106,8203,8158,8130,8154,8094,8137,8159,8126,8173,8173,8167,8169,8207,8354,21.21769690513611,False
107,8223,8193,8212,8141,8160,8126,8137,8152,8136,8153,8137,8188,8183,8338,21.2244873046875,False
108,8197,8172,8138,8151,8101,8137,8137,8142,8134,8141,8131,8163,8174,8328,21.232640266418457,False
109,8193,8181,8219,8149,8195,8149,8132,8169,8118,8130,8118,8178,8155,8308,21.24047017097473,False
110,8207,8175,8261,8134,8183,8128,8123,8185,8105,8145,8122,8192,8158,8311,21.248432397842407,False
111,8185,8129,8079,8144,8035,8095,8133,8133,8133,8170,8160,8156,8195,8340,21.256641149520878,False
112,8184,8151,8080,8177,8071,8108,8142,8133,8165,8182,8183,8166,8217,8345,21.2646586894989,False
113,8201,8194,8173,8194,8146,8132,8145,8163,8180,8197,8186,8187,8235,8339,21.27274227142334,False
114,8216,8202,8216,8188,8176,8131,8144,8185,8183,8202,8188,8203,8244,8343,21.280452489852905,False
115,8202,8166,8133,8178,8107,8126,8164,8178,8212,8203,8195,8189,8241,8355,21.2883882522583,False
116,8199,8184,8169,8182,8160,8143,8182,8200,8238,8214,8179,8190,8230,8349,21.295522689819336,False
117,8217,8211,8305,8184,8243,8160,8178,8242,8242,8217,8165,8219,8223,8339,21.303619623184204,False
118,8179,8147,8138,8169,8078,8148,8198,8199,8266,8218,8184,8172,8239,8347,21.31134033203125,False
119,8170,8146,8075,8162,8068,8135,8206,8173,8273,8213,8174,8157,8230,8342,21.319592475891117,False
120,8194,8169,8176,8139,8165,8135,8188,8186,8239,8190,8140,8176,8200,8326,21.32746195793152,False
121,8165,8130,8141,8104,8136,8131,8165,8163,8198,8159,8118,8146,8169,8297,21.335655689239506,False
122,8150,8143,8178,8117,8151,8127,8132,8153,8147,8134,8090,8143,8121,8252,21.34268569946289,False
123,8154,8167,8180,8148,8139,8119,8121,8143,8127,8136,8087,8145,8106,8242,21.35147428512573,False
124,8143,8158,8148,8146,8123,8118,8130,8153,8158,8156,8122,8148,8139,8266,21.358619689941406,False
125,8129,8131,8096,8135,8056,8123,8141,8161,8195,8177,8157,8146,8180,8281,21.36664867401123,False
126,8131,8145,8103,8144,8086,8130,8146,8161,8204,8187,8155,8144,8181,8278,21.374467611312863,False
127,8173,8199,8269,8156,8231,8146,8155,8213,8209,8192,8148,8194,8162,8282,21.38272166252136,False
237,8173,8173,8179,8171,8119,8148,8197,8198,8248,8214,8187,8187,8196,8307,21.39067411422729,False
0,8178,8178,8147,8191,8109,8147,8209,8181,8262,8218,8196,8185,8211,8320,21.3985607624054,False
1,8221,8218,8272,8195,8199,8162,8192,8209,8240,8199,8174,8212,8185,8329,21.40665030479431,False
2,8213,8198,8174,8190,8100,8175,8207,8176,8241,8196,8185,8180,8197,8342,21.41465377807617,False
3,8208,8213,8138,8202,8100,8183,8225,8166,8246,8200,8192,8172,8214,8338,21.42272090911865,False
4,8226,8228,8172,8211,8156,8177,8231,8188,8233,8186,8176,8178,8204,8329,21.429644346237183,False
5,8236,8222,8198,8204,8174,8158,8229,8193,8196,8157,8152,8179,8175,8324,21.437581300735477,False
6,8207,8196,8166,8188,8129,8148,8235,8174,8167,8138,8137,8159,8149,8308,21.445782899856567,False
7,8152,8164,8086,8162,8109,8141,8235,8150,8173,8142,8132,8121,8140,8273,21.45361375808716,False
8,8147,8181,8177,8141,8190,8133,8201,8176,8173,8146,8116,8147,8127,8244,21.461708784103397,False
9,8136,8166,8160,8132,8122,8126,8173,8158,8178,8151,8109,8143,8124,8236,21.46971011161804,False
10,8124,8151,8133,8121,8115,8117,8131,8128,8173,8157,8094,8128,8114,8225,21.477623224258423,False
11,8134,8152,8197,8107,8158,8097,8087,8146,8157,8162,8087,8155,8111,8228,21.485572338104248,False
12,8115,8128,8131,8111,8082,8090,8098,8144,8177,8171,8115,8155,8145,8257,21.49269437789917,False
13,8139,8155,8194,8132,8156,8112,8112,8169,8197,8177,8121,8183,8160,8279,21.50050139427185,False
14,8180,8170,8225,8147,8174,8129,8124,8187,8200,8191,8127,8197,8171,8308,21.508718013763428,False
15,8190,8169,8149,8166,8117,8144,8158,8175,8220,8210,8158,8184,8201,8343,21.516639947891235,False
16,8206,8193,8182,8188,8155,8168,8178,8184,8242,8209,8170,8197,8216,8355,21.524746417999268,False
17,8205,8191,8176,8193,8170,8190,8187,8179,8253,8205,8171,8189,8225,8354,21.532700061798096,False
18,8214,8211,8211,8207,8204,8211,8193,8194,8246,8202,8176,8202,8225,8351,21.540707111358643,False
19,8224,8218,8178,8236,8150,8196,8193,8181,8243,8197,8193,8206,8227,8349,21.54770922660828,False
20,8218,8216,8142,8235,8143,8159,8175,8151,8227,8182,8182,8190,8213,8332,21.555642127990723,False
21,8218,8214,8205,8206,8188,8154,8160,8168,8190,8161,8148,8190,8181,8313,21.56357431411743,False
22,8187,8175,8136,8177,8123,8165,8175,8167,8190,8169,8131,8153,8173,8303,21.571727514266968,False
23,8142,8173,8173,8151,8187,8166,8161,8181,8195,8176,8094,8146,8138,8258,21.5796058177948,False
24,8087,8136,8155,8116,8152,8168,8151,8174,8185,8165,8073,8131,8099,8212,21.58762669563293,False
25,8067,8103,8085,8096,8104,8171,8167,8158,8188,8166,8082,8112,8097,8206,21.59571075439453,False
26,8118,8149,8212,8110,8194,8167,8159,8198,8197,8174,8089,8159,8103,8217,21.60346364974976,False
27,8116,8140,8146,8123,8101,8168,8161,8187,8222,8184,8111,8150,8132,8248,21.611745834350582,False
28,8112,8155,8150,8128,8135,8192,8169,8183,8227,8190,8123,8159,8145,8274,21.618728399276733,False
29,8158,8204,8279,8147,8223,8214,8171,8209,8222,8194,8138,8202,8150,8280,21.62647008895874,False
30,8171,8186,8168,8172,8106,8217,8191,8174,8236,8197,8169,8180,8183,8299,21.63472819328308,False
31,8175,8166,8097,8178,8062,8213,8210,8155,8239,8196,8181,8173,8206,8331,21.64272379875183,False
32,8194,8174,8149,8180,8108,8198,8208,8168,8229,8200,8184,8192,8215,8353,21.65090847015381,False
33,8223,8208,8247,8193,8180,8198,8190,8192,8210,8187,8179,8219,8204,8347,21.658697605133057,False
34,8209,8197,8174,8193,8103,8207,8197,8165,8196,8173,8181,8195,8201,8344,21.666587114334103,False
35,8185,8200,8132,8194,8105,8202,8198,8136,8190,8174,8174,8174,8204,8342,21.67477798461914,False
36,8218,8258,8335,8205,8262,8197,8154,8186,8157,8164,8139,8225,8174,8312,21.68279194831848,False
37,8185,8210,8198,8196,8126,8181,8145,8158,8151,8160,8123,8177,8160,8286,21.689765214920044,False
38,8133,8175,8032,8177,8057,8155,8150,8122,8173,8169,8115,8119,8156,8269,21.697718858718872,False
39,8145,8208,8159,8166,8156,8149,8131,8174,8182,8176,8103,8155,8135,8249,21.705644845962524,False
40,8117,8174,8132,8144,8093,8157,8139,8178,8196,8184,8103,8141,8131,8233,21.713715314865112,False
41,8086,8150,8099,8130,8085,8167,8152,8168,8212,8189,8103,8127,8135,8232,21.721842527389526,False
42,8105,8170,8159,8140,8133,8172,8150,8180,8215,8191,8104,8156,8138,8242,21.72961735725403,False
43,8133,8185,8203,8139,8148,8180,8151,8192,8207,8200,8113,8178,8148,8257,21.73787784576416,False
44,8131,8161,8145,8126,8091,8195,8166,8178,8208,8204,8118,8155,8156,8268,21.7457914352417,False
45,8117,8139,8090,8124,8083,8205,8170,8148,8202,8182,8111,8131,8141,8253,21.75263357162476,False
46,8152,8181,8221,8144,8180,8206,8160,8169,8178,8163,8111,8182,8121,8245,21.76066279411316,False
47,8169,8186,8171,8175,8101,8198,8177,8161,8187,8173,8154,8189,8149,8279,21.76884913444519,False
48,8170,8195,8136,8181,8117,8200,8170,8154,8179,8164,8163,8169,8153,8285,21.776800870895386,False
49,8181,8216,8261,8167,8216,8210,8146,8181,8137,8141,8127,8186,8117,8253,21.784783840179443,False
50,8145,8174,8143,8164,8101,8203,8168,8139,8138,8143,8135,8153,8125,8255,21.7927143573761,False
51,8138,8181,8117,8174,8117,8206,8184,8133,8154,8145,8149,8148,8136,8261,21.800800323486328,False
52,8153,8196,8189,8183,8178,8222,8194,8172,8167,8156,8143,8162,8138,8248,21.808756113052368,False
53,8132,8185,8167,8181,8166,8221,8203,8184,8187,8178,8149,8157,8152,8244,21.816563606262207,False
54,8115,8180,8175,8172,8170,8212,8191,8192,8189,8177,8160,8169,8155,8246,21.823662281036377,False
55,8123,8157,8143,8171,8131,8213,8193,8184,8200,8181,8162,8163,8165,8256,21.83158040046692,False
56,8156,8177,8188,8178,8168,8213,8190,8196,8210,8195,8152,8179,8166,8269,21.83978772163391,False
57,8150,8180,8171,8166,8154,8197,8170,8184,8199,8192,8156,8175,8166,8278,21.84773421287537,False
58,8134,8170,8138,8155,8148,8188,8161,8158,8182,8181,8161,8162,8172,8280,21.855592489242557,False
59,8164,8190,8206,8165,8169,8194,8168,8165,8173,8172,8152,8184,8167,8284,21.86363887786865,False
60,8168,8176,8148,8163,8102,8192,8163,8143,8174,8169,8146,8171,8163,8287,21.871721744537357,False
61,8172,8191,8217,8164,8196,8194,8133,8156,8163,8159,8140,8194,8150,8269,21.8794858455658,False
62,8174,8189,8240,8169,8188,8201,8145,8161,8161,8149,8171,8204,8163,8271,21.88660502433777,False
63,8155,8162,8103,8162,8081,8200,8179,8127,8175,8162,8209,8164,8197,8299,21.894736528396606,False
64,8174,8178,8161,8160,8138,8207,8170,8152,8170,8177,8206,8181,8195,8305,21.9028058052063,False
65,8176,8177,8166,8163,8113,8203,8167,8163,8175,8185,8212,8186,8204,8311,21.910577535629272,False
66,8182,8200,8201,8154,8156,8192,8160,8175,8169,8175,8212,8197,8220,8321,21.91871166229248,False
67,8185,8201,8248,8136,8186,8185,8149,8193,8152,8170,8185,8199,8210,8305,21.92650079727173,False
68,8132,8144,8121,8117,8084,8184,8165,8171,8167,8183,8168,8148,8198,8278,21.934717178344727,False
69,8108,8135,8104,8102,8089,8186,8169,8175,8181,8185,8165,8146,8199,8271,21.94252038002014,False
70,8114,8137,8119,8093,8119,8179,8165,8172,8171,8177,8161,8153,8200,8274,21.95071315765381,False
71,8117,8142,8171,8083,8174,8183,8166,8184,8160,8163,8135,8154,8164,8252,21.957512140274048,False
72,8105,8124,8151,8077,8127,8199,8194,8199,8179,8168,8139,8153,8158,8243,21.965611934661865,False
73,8100,8125,8107,8089,8103,8207,8221,8197,8204,8190,8173,8157,8191,8257,21.97361469268799,False
74,8143,8184,8288,8105,8248,8211,8207,8241,8187,8176,8156,8199,8166,8251,21.98153567314148,False
75,8137,8152,8226,8099,8160,8199,8209,8217,8180,8154,8145,8164,8145,8251,21.98943853378296,False
76,8102,8117,8073,8094,8062,8182,8213,8147,8178,8155,8166,8127,8161,8257,21.997429370880127,False
77,8127,8150,8161,8108,8137,8179,8188,8143,8158,8156,8180,8169,8164,8254,22.00548195838928,False
78,8142,8147,8174,8107,8144,8175,8166,8146,8154,8150,8183,8167,8159,8251,22.01368284225464,False
79,8133,8146,8158,8091,8154,8165,8137,8146,8149,8138,8165,8152,8145,8241,22.02075695991516,False
80,8137,8163,8162,8101,8144,8150,8120,8151,8148,8143,8166,8160,8152,8252,22.028608798980716,False
81,8165,8186,8208,8136,8176,8145,8120,8173,8144,8162,8186,8182,8180,8278,22.03669285774231,False
82,8165,8169,8189,8139,8151,8148,8122,8173,8143,8167,8195,8181,8201,8287,22.04471325874329,False
83,8133,8136,8097,8114,8088,8146,8128,8154,8174,8168,8194,8151,8201,8276,22.05277228355408,False
84,8159,8177,8246,8111,8213,8147,8123,8200,8176,8168,8175,8186,8172,8257,22.060610055923465,False
85,8154,8159,8212,8109,8152,8142,8134,8180,8156,8171,8170,8169,8175,8254,22.068522214889526,False
86,8118,8134,8094,8091,8087,8141,8144,8135,8152,8165,8166,8134,8185,8249,22.076674938201904,False
87,8144,8173,8222,8086,8185,8149,8136,8179,8150,8157,8141,8174,8156,8239,22.08368420600891,False
88,8134,8145,8155,8083,8102,8136,8146,8165,8150,8152,8138,8150,8149,8238,22.09178590774536,False
89,8127,8144,8123,8079,8095,8122,8150,8146,8140,8137,8147,8140,8152,8236,22.09959292411804,False
90,8157,8168,8193,8090,8126,8136,8159,8174,8149,8145,8163,8164,8154,8253,22.10761427879333,False
91,8160,8158,8170,8106,8102,8153,8176,8180,8171,8157,8166,8158,8158,8271,22.11551594734192,False
92,8147,8146,8150,8106,8096,8157,8179,8172,8171,8150,8160,8154,8159,8257,22.12371850013733,False
93,8126,8136,8122,8095,8088,8161,8178,8159,8171,8153,8166,8141,8160,8237,22.13152575492859,False
94,8134,8157,8196,8097,8152,8163,8166,8176,8158,8144,8154,8159,8141,8241,22.139732837677,False
95,8135,8147,8161,8105,8091,8153,8172,8164,8146,8139,8169,8167,8157,8266,22.147575616836548,False
96,8125,8154,8127,8108,8092,8154,8182,8154,8152,8155,8190,8172,8196,8274,22.154537439346317,False
97,8136,8183,8235,8099,8178,8169,8171,8193,8149,8160,8171,8186,8187,8258,22.162503957748413,False
98,8112,8143,8142,8079,8074,8169,8187,8180,8159,8159,8167,8144,8173,8250,22.1707136631012,False
99,8107,8140,8133,8070,8101,8168,8197,8181,8179,8166,8177,8151,8178,8250,22.17851233482361,False
100,8133,8158,8205,8071,8167,8177,8186,8199,8190,8178,8184,8181,8186,8267,22.186681032180783,False
101,8143,8145,8156,8074,8130,8178,8184,8171,8194,8180,8185,8168,8187,8288,22.19460964202881,False
102,8167,8154,8199,8088,8156,8168,8181,8169,8184,8176,8189,8191,8185,8289,22.20271468162537,False
103,8170,8139,8159,8099,8106,8151,8183,8158,8186,8183,8215,8189,8206,8295,22.210635662078857,False
104,8165,8136,8150,8095,8125,8164,8178,8152,8181,8185,8213,8179,8203,8298,22.21770739555359,False
105,8170,8147,8221,8090,8181,8181,8165,8163,8159,8165,8182,8185,8169,8275,22.225509643554688,False
106,8162,8148,8178,8100,8138,8165,8160,8155,8150,8155,8178,8166,8164,8262,22.233625411987305,False
107,8162,8161,8148,8108,8109,8161,8169,8163,8156,8162,8194,8166,8183,8276,22.24162983894348,False
108,8137,8142,8101,8096,8075,8170,8174,8155,8158,8164,8192,8149,8186,8279,22.24978899955749,False
109,8130,8159,8201,8090,8174,8167,8143,8176,8135,8150,8163,8159,8146,8243,22.257564306259155,False
110,8138,8166,8225,8112,8163,8167,8140,8192,8142,8148,8163,8178,8140,8234,22.26578664779663,False
111,8127,8146,8084,8117,8067,8172,8169,8160,8174,8168,8187,8158,8183,8270,22.273622274398804,False
112,8148,8190,8212,8105,8184,8177,8157,8190,8158,8174,8181,8193,8180,8275,22.281609535217285,False
113,8140,8179,8218,8111,8142,8169,8159,8195,8157,8177,8187,8189,8176,8261,22.28850030899048,False
114,8110,8144,8077,8117,8040,8163,8183,8155,8183,8183,8189,8152,8190,8260,22.29671335220337,False
115,8138,8168,8164,8106,8116,8186,8180,8177,8182,8178,8171,8176,8174,8266,22.304747104644772,False
116,8157,8180,8216,8103,8134,8208,8185,8197,8179,8178,8185,8194,8175,8283,22.312687158584595,False
117,8147,8179,8175,8120,8103,8205,8191,8190,8178,8184,8206,8190,8199,8295,22.320502281188965,False
118,8134,8168,8114,8125,8073,8188,8177,8165,8168,8186,8198,8169,8205,8292,22.328683376312256,False
119,8150,8185,8188,8117,8149,8190,8151,8171,8148,8170,8175,8181,8174,8271,22.336567878723145,False
120,8159,8190,8204,8115,8136,8206,8156,8175,8144,8168,8178,8183,8173,8255,22.34371519088745,False
121,8137,8181,8098,8128,8081,8212,8180,8151,8163,8182,8195,8144,8209,8260,22.35151195526123,False
122,8169,8233,8278,8141,8236,8219,8163,8201,8161,8177,8181,8202,8203,8269,22.359620332717896,False
123,8173,8204,8251,8130,8152,8222,8163,8197,8170,8180,8195,8208,8207,8285,22.367552995681763,False
124,8134,8161,8065,8123,8048,8230,8196,8152,8189,8191,8209,8145,8226,8282,22.37568664550781,False
125,8153,8212,8195,8133,8177,8252,8207,8209,8190,8195,8191,8175,8215,8266,22.38343811035156,False
126,8151,8198,8172,8133,8117,8260,8221,8229,8224,8207,8200,8182,8233,8284,22.391693353652958,False
127,8129,8169,8088,8115,8072,8268,8227,8205,8258,8214,8204,8158,8249,8305,22.39965867996216,False
237,8129,8172,8152,8096,8127,8275,8206,8192,8245,8209,8176,8158,8218,8290,22.407475471496586,False
0,8140,8173,8196,8101,8148,8262,8181,8177,8218,8204,8161,8171,8200,8279,22.41564965248108,False
1,8161,8180,8174,8128,8114,8242,8165,8171,8201,8201,8177,8187,8223,8303,22.422717571258545,False
2,8163,8179,8111,8142,8080,8234,8156,8157,8197,8204,8190,8174,8237,8325,22.43056011199951,False
3,8180,8204,8201,8141,8177,8235,8136,8174,8183,8197,8168,8188,8209,8318,22.43869376182556,False
4,8182,8194,8189,8151,8147,8234,8143,8169,8179,8187,8158,8183,8199,8311,22.44664978981018,False
5,8168,8188,8133,8154,8118,8240,8156,8157,8181,8186,8157,8166,8200,8304,22.45471954345703,False
6,8184,8215,8243,8155,8210,8249,8136,8184,8168,8177,8142,8197,8180,8297,22.46267509460449,False
7,8175,8194,8170,8176,8130,8245,8146,8155,8174,8175,8148,8175,8189,8299,22.47071576118469,False
8,8159,8198,8140,8183,8124,8241,8151,8144,8171,8174,8140,8157,8178,8275,22.477516412734985,False
9,8150,8196,8180,8162,8150,8236,8139,8167,8158,8165,8127,8161,8159,8256,22.485493898391724,False
10,8140,8182,8134,8157,8126,8233,8154,8162,8167,8170,8142,8151,8178,8266,22.493650197982788,False
11,8174,8212,8218,8173,8196,8241,8169,8191,8155,8178,8146,8182,8175,8264,22.50171661376953,False
12,8161,8175,8166,8165,8133,8237,8189,8187,8151,8171,8146,8161,8162,8257,22.50944423675537,False
13,8115,8145,8101,8149,8104,8232,8202,8166,8174,8161,8140,8134,8161,8252,22.51768732070923,False
14,8121,8163,8141,8151,8151,8230,8194,8178,8197,8172,8136,8150,8162,8245,22.52570867538452,False
15,8142,8169,8141,8160,8151,8221,8187,8189,8204,8185,8144,8158,8161,8250,22.5334587097168,False
16,8150,8175,8186,8169,8158,8208,8181,8200,8200,8177,8143,8174,8153,8250,22.541614294052124,False
17,8130,8159,8128,8168,8103,8202,8179,8172,8197,8167,8144,8154,8152,8246,22.549685955047607,False
18,8151,8193,8203,8174,8196,8222,8179,8187,8178,8164,8128,8168,8135,8237,22.55657529830933,False
19,8172,8212,8265,8194,8199,8235,8200,8204,8159,8165,8126,8184,8122,8232,22.564701557159424,False
20,8131,8175,8100,8187,8067,8212,8204,8135,8145,8156,8142,8133,8120,8222,22.57256436347961,True
21,8148,8206,8185,8166,8178,8203,8160,8140,8110,8133,8129,8155,8106,8210,22.580708980560303,True
22,8169,8204,8224,8171,8173,8211,8149,8161,8118,8145,8151,8184,8137,8244,22.58857607841492,True
23,8144,8171,8085,8191,8079,8205,8158,8139,8162,8177,8193,8166,8177,8287,22.596791744232178,True
24,8160,8192,8136,8192,8148,8205,8140,8165,8173,8174,8197,8182,8179,8294,22.604666233062744,True
25,8174,8191,8198,8175,8179,8210,8134,8193,8168,8170,8190,8190,8185,8288,22.611442804336548,True
26,8162,8169,8178,8160,8151,8203,8147,8190,8168,8175,8181,8186,8183,8280,22.6194760799408,True
27,8161,8158,8104,8162,8088,8205,8175,8171,8189,8182,8189,8167,8185,8282,22.62777805328369,False
28,8206,8202,8182,8187,8164,8227,8187,8199,8210,8193,8198,8193,8202,8301,22.635481357574463,False
29,8222,8219,8262,8204,8214,8235,8178,8225,8209,8194,8195,8224,8208,8313,22.64370322227478,False
30,8160,8168,8128,8178,8127,8217,8172,8174,8204,8182,8184,8171,8200,8288,22.651468753814697,False
31,8154,8181,8176,8155,8185,8211,8159,8167,8179,8164,8162,8165,8169,8251,22.65948820114136,False
32,8172,8189,8203,8167,8165,8211,8170,8174,8166,8155,8158,8173,8149,8238,22.667637825012207,False
33,8143,8164,8114,8169,8106,8202,8186,8153,8174,8153,8152,8148,8140,8223,22.6747088432312,False
34,8148,8172,8172,8149,8155,8202,8175,8166,8163,8154,8141,8162,8136,8219,22.682528257369995,False
35,8162,8165,8157,8140,8118,8205,8176,8158,8158,8160,8159,8163,8161,8250,22.69064354896545,False
36,8160,8169,8164,8156,8128,8205,8165,8155,8150,8154,8161,8166,8159,8251,22.69848942756653,False
37,8145,8164,8168,8169,8123,8195,8155,8156,8143,8155,8151,8163,8140,8227,22.70667862892151,False
38,8140,8163,8146,8168,8123,8184,8165,8157,8163,8167,8161,8164,8154,8241,22.71464252471924,False
39,8162,8180,8195,8174,8160,8194,8166,8178,8172,8167,8166,8191,8167,8265,22.722713232040405,False
40,8155,8166,8130,8176,8090,8201,8178,8167,8168,8168,8164,8173,8167,8265,22.729488849639893,False
41,8161,8184,8169,8171,8135,8197,8188,8187,8172,8165,8166,8183,8158,8261,22.73755097389221,False
42,8175,8185,8213,8178,8165,8197,8183,8204,8194,8160,8177,8192,8163,8272,22.74553775787353,False
43,8176,8177,8156,8203,8134,8201,8182,8188,8211,8170,8185,8181,8180,8286,22.753713369369507,False
44,8192,8219,8225,8221,8176,8214,8186,8214,8208,8182,8184,8214,8185,8295,22.761480808258057,False
45,8175,8209,8174,8226,8116,8212,8190,8197,8215,8189,8193,8192,8195,8293,22.76969289779663,False
46,8170,8203,8145,8233,8126,8191,8166,8158,8201,8183,8184,8171,8194,8281,22.77757143974304,False
47,8190,8216,8181,8228,8143,8170,8149,8142,8172,8182,8178,8190,8192,8295,22.785457134246823,False
48,8184,8205,8156,8222,8123,8170,8156,8130,8162,8182,8186,8189,8197,8308,22.79250931739807,False
49,8196,8221,8214,8236,8190,8184,8150,8153,8147,8162,8170,8196,8188,8285,22.800681114196777,False
50,8189,8215,8158,8237,8138,8177,8157,8147,8150,8158,8162,8173,8190,8282,22.808566331863403,False
51,8165,8213,8142,8210,8135,8172,8173,8157,8166,8167,8158,8169,8185,8291,22.816652297973636,False
52,8157,8199,8169,8191,8149,8182,8188,8184,8168,8164,8152,8180,8171,8279,22.824509382247925,False
53,8146,8168,8118,8184,8117,8172,8182,8167,8159,8154,8142,8160,8157,8266,22.83277630805969,False
54,8166,8189,8202,8183,8163,8158,8155,8183,8148,8145,8122,8177,8139,8268,22.840633630752563,False
55,8170,8182,8156,8201,8100,8175,8176,8181,8173,8162,8158,8172,8177,8293,22.84870767593384,False
56,8182,8201,8180,8221,8160,8200,8191,8190,8181,8174,8181,8188,8201,8303,22.856624841690063,False
57,8198,8215,8274,8215,8202,8197,8164,8209,8169,8165,8149,8210,8176,8286,22.86468267440796,False
58,8169,8166,8120,8206,8059,8193,8170,8161,8193,8171,8159,8160,8197,8288,22.871532440185547,False
59,8185,8194,8147,8226,8131,8211,8181,8168,8202,8182,8191,8171,8222,8302,22.87971568107605,False
60,8212,8231,8232,8247,8185,8212,8166,8183,8193,8183,8182,8200,8215,8307,22.887431621551517,False
61,8212,8214,8156,8241,8116,8203,8157,8152,8198,8185,8169,8181,8221,8314,22.8957097530365,False
62,8224,8207,8138,8241,8110,8209,8169,8143,8192,8192,8188,8187,8238,8330,22.90363192558289,False
63,8214,8217,8177,8263,8146,8200,8165,8147,8162,8182,8181,8197,8226,8331,22.911678791046143,False
64,8195,8229,8229,8262,8177,8183,8139,8169,8133,8165,8154,8200,8195,8309,22.91966390609741,False
65,8168,8178,8103,8224,8057,8171,8152,8153,8147,8178,8169,8159,8207,8306,22.927706003189087,False
66,8176,8196,8170,8212,8146,8164,8160,8176,8155,8177,8156,8174,8196,8294,22.93547821044922,False
67,8189,8242,8323,8226,8236,8164,8155,8223,8152,8154,8132,8222,8154,8268,22.94269108772278,False
68,8131,8179,8097,8227,8046,8166,8190,8170,8192,8169,8171,8161,8177,8267,22.950725078582764,False
69,8139,8192,8128,8239,8133,8184,8198,8181,8214,8197,8179,8169,8202,8275,22.958702087402344,False
70,8193,8233,8279,8256,8227,8200,8185,8220,8215,8206,8161,8211,8201,8290,22.96665096282959,False
71,8180,8192,8114,8254,8069,8189,8195,8170,8229,8208,8177,8169,8206,8312,22.974697828292847,False
72,8191,8197,8112,8256,8091,8187,8190,8166,8226,8200,8186,8173,8208,8326,22.982669353485107,False
73,8224,8229,8231,8262,8196,8195,8184,8196,8213,8187,8173,8204,8205,8334,22.99067258834839,False
74,8224,8235,8245,8259,8205,8196,8196,8184,8194,8184,8158,8207,8192,8322,22.998458862304688,False
75,8202,8205,8143,8253,8124,8199,8217,8149,8191,8196,8169,8175,8193,8312,23.00569248199463,False
76,8201,8200,8133,8242,8155,8211,8219,8146,8195,8203,8160,8165,8189,8312,23.01366090774536,False
77,8220,8208,8187,8226,8211,8214,8213,8155,8173,8189,8138,8185,8174,8319,23.021539211273197,False
78,8195,8178,8100,8209,8158,8201,8215,8125,8164,8181,8162,8168,8193,8326,23.02955365180969,False
79,8189,8208,8216,8199,8250,8186,8173,8156,8161,8185,8161,8195,8191,8303,23.037421703338623,False
80,8199,8222,8274,8206,8221,8168,8141,8183,8164,8195,8142,8206,8175,8286,23.04554319381714,False
81,8178,8187,8090,8215,8091,8167,8166,8150,8197,8209,8166,8152,8200,8309,23.05349493026733,False
82,8181,8200,8119,8213,8164,8183,8177,8183,8224,8212,8187,8167,8216,8329,23.061427354812626,False
83,8185,8201,8154,8210,8169,8177,8170,8213,8240,8215,8191,8186,8220,8329,23.06848907470703,False
84,8208,8228,8199,8227,8202,8178,8173,8224,8252,8228,8193,8199,8231,8326,23.076380729675293,False
85,8223,8245,8240,8243,8224,8199,8187,8232,8267,8243,8198,8207,8245,8334,23.08430767059326,False
86,8190,8208,8146,8233,8142,8196,8187,8202,8271,8247,8198,8181,8244,8334,23.092435598373413,False
87,8188,8214,8147,8222,8140,8188,8175,8185,8246,8235,8188,8187,8227,8318,23.10030603408813,False
88,8206,8230,8143,8233,8142,8200,8188,8165,8241,8235,8191,8187,8243,8317,23.10836887359619,False
89,8224,8250,8205,8243,8229,8213,8185,8183,8243,8234,8181,8198,8241,8323,23.116601943969727,False
90,8202,8229,8219,8214,8207,8205,8174,8193,8237,8224,8163,8190,8212,8313,23.12469363212585,False
91,8148,8189,8099,8176,8102,8201,8195,8159,8244,8222,8158,8140,8213,8294,23.132709503173828,False
92,8170,8224,8222,8173,8225,8205,8186,8194,8226,8211,8141,8171,8203,8271,23.139437675476078,False
93,8174,8191,8215,8161,8187,8183,8170,8197,8209,8204,8140,8174,8191,8268,23.147704124450684,False
94,8137,8141,8077,8135,8095,8166,8174,8153,8206,8207,8150,8136,8190,8282,23.1557137966156,False
95,8164,8179,8169,8140,8174,8174,8170,8175,8196,8198,8137,8167,8182,8292,23.1636061668396,False
96,8189,8195,8209,8157,8172,8180,8168,8188,8214,8193,8131,8186,8187,8296,23.17164802551269,False
97,8181,8193,8180,8159,8148,8182,8168,8183,8240,8201,8132,8184,8190,8292,23.17970061302185,False
98,8162,8177,8103,8148,8110,8167,8173,8165,8249,8213,8139,8161,8193,8299,23.18748450279236,False
99,8168,8182,8130,8137,8162,8148,8161,8168,8235,8207,8134,8166,8188,8303,23.19560408592224,False
100,8186,8194,8210,8137,8190,8151,8145,8178,8222,8196,8129,8190,8183,8295,23.20261931419373,False
101,8178,8189,8156,8155,8127,8152,8155,8152,8218,8190,8140,8167,8181,8288,23.21070551872253,False
102,8192,8203,8191,8163,8170,8143,8157,8160,8195,8171,8135,8170,8165,8273,23.21875309944153,False
103,8184,8177,8124,8151,8131,8137,8163,8149,8195,8168,8143,8157,8175,8276,23.226752042770386,False
104,8192,8216,8213,8153,8242,8137,8145,8172,8185,8172,8140,8186,8163,8280,23.234713554382324,False
105,8223,8251,8374,8164,8317,8141,8130,8215,8164,8162,8130,8233,8134,8269,23.24271535873413,False
106,8181,8165,8102,8171,8082,8135,8166,8136,8202,8179,8177,8162,8180,8286,23.25066471099853,False
107,8191,8189,8082,8195,8118,8131,8159,8124,8227,8206,8213,8169,8220,8319,23.258679389953613,False
108,8245,8267,8274,8223,8225,8149,8138,8186,8225,8216,8219,8231,8229,8342,23.26668620109558,False
109,8218,8235,8142,8222,8112,8177,8161,8161,8246,8224,8234,8189,8260,8351,23.27370285987854,False
110,8186,8200,8058,8199,8100,8186,8151,8132,8252,8224,8237,8161,8263,8338,23.281665325164795,False
111,8195,8214,8174,8183,8194,8178,8121,8162,8241,8221,8209,8185,8229,8317,23.28947639465332,False
112,8199,8222,8241,8172,8221,8179,8144,8199,8250,8216,8178,8193,8200,8296,23.29767370223999,False
113,8173,8191,8112,8163,8102,8182,8189,8184,8267,8204,8178,8153,8190,8281,23.30568909645081,False
114,8171,8200,8115,8155,8114,8188,8189,8177,8256,8187,8168,8155,8176,8269,23.31344771385193,False
115,8180,8210,8231,8140,8191,8196,8180,8197,8247,8174,8156,8188,8166,8270,23.321648597717285,False
116,8144,8158,8122,8119,8106,8190,8192,8166,8261,8176,8172,8153,8170,8276,23.329604387283325,False
117,8159,8186,8174,8123,8171,8197,8175,8182,8254,8171,8173,8170,8163,8274,23.3367121219635,False
118,8203,8222,8271,8148,8210,8210,8164,8210,8250,8175,8183,8212,8185,8296,23.344675302505493,False
119,8194,8179,8131,8164,8103,8199,8172,8168,8269,8194,8208,8182,8218,8322,23.352632522583008,False
120,8193,8193,8137,8169,8143,8189,8153,8159,8260,8191,8198,8184,8204,8316,23.36065649986267,False
121,8184,8210,8154,8163,8166,8198,8151,8154,8248,8187,8187,8181,8203,8306,23.36867618560791,False
122,8181,8211,8182,8157,8213,8209,8150,8155,8247,8190,8171,8179,8198,8291,23.376585006713867,False
123,8205,8208,8226,8171,8215,8188,8140,8174,8253,8186,8161,8190,8182,8289,23.38466501235962,False
124,8207,8197,8145,8193,8127,8149,8150,8164,8281,8196,8181,8176,8211,8321,23.392651557922363,False
125,8213,8215,8161,8210,8154,8147,8152,8172,8292,8209,8189,8189,8232,8337,23.39955282211304,False
126,8205,8205,8150,8208,8156,8156,8146,8165,8278,8203,8170,8176,8212,8312,23.407665729522705,False
127,8201,8213,8176,8190,8195,8149,8145,8169,8262,8186,8144,8173,8178,8283,23.415441274642944,False
237,8215,8221,8207,8180,8189,8146,8156,8183,8261,8186,8143,8185,8176,8284,23.423566341400143,False
0,8193,8187,8108,8177,8126,8145,8175,8154,8260,8187,8152,8156,8191,8288,23.43169903755188,False
1,8177,8190,8187,8164,8218,8144,8170,8163,8221,8160,8127,8170,8154,8265,23.439593076705933,False
2,8167,8171,8200,8150,8175,8144,8166,8166,8200,8150,8128,8177,8140,8268,23.447608709335327,False
3,8173,8160,8123,8157,8102,8145,8162,8148,8211,8159,8156,8165,8174,8292,23.45570659637451,False
4,8211,8195,8174,8175,8152,8147,8157,8167,8221,8170,8173,8180,8193,8303,23.46267151832581,False
5,8224,8204,8173,8189,8153,8149,8162,8178,8257,8193,8190,8179,8209,8322,23.470524311065677,False
6,8221,8211,8190,8196,8172,8154,8138,8181,8276,8201,8186,8186,8217,8332,23.47869992256165,False
7,8191,8189,8147,8183,8137,8148,8118,8160,8264,8192,8167,8170,8215,8306,23.486629247665405,False
8,8177,8197,8156,8182,8161,8155,8136,8170,8262,8193,8168,8164,8208,8285,23.49467372894287,False
9,8207,8222,8217,8203,8175,8178,8164,8201,8269,8198,8176,8186,8205,8295,23.502556800842285,False
10,8188,8179,8121,8193,8100,8181,8179,8167,8257,8181,8165,8160,8193,8298,23.510735034942627,False
11,8171,8170,8185,8157,8185,8178,8178,8176,8225,8159,8141,8169,8166,8278,23.51842355728149,False
12,8168,8167,8204,8149,8170,8178,8197,8183,8225,8169,8154,8169,8172,8275,23.52651286125183,False
13,8159,8160,8123,8165,8117,8173,8205,8150,8237,8173,8164,8148,8173,8281,23.534432649612427,False
14,8174,8169,8182,8164,8190,8170,8179,8170,8231,8162,8159,8180,8164,8282,23.54159545898437,False
15,8164,8143,8142,8147,8155,8161,8183,8173,8234,8167,8172,8166,8183,8286,23.549556970596317,False
16,8156,8149,8131,8139,8155,8157,8189,8163,8220,8160,8160,8145,8165,8273,23.55752968788147,False
17,8162,8157,8159,8141,8177,8163,8173,8166,8214,8155,8148,8153,8143,8264,23.5655837059021,False
18,8154,8153,8154,8137,8179,8167,8155,8163,8229,8168,8158,8156,8158,8263,23.573699712753296,False
19,8140,8156,8176,8131,8175,8168,8159,8171,8225,8170,8162,8164,8156,8249,23.581729412078857,False
20,8127,8142,8112,8144,8112,8172,8183,8165,8234,8174,8174,8154,8163,8263,23.58946681022644,False
21,8166,8179,8194,8165,8176,8179,8171,8192,8242,8175,8173,8182,8172,8280,23.596437215805054,False
22,8178,8180,8192,8163,8124,8171,8173,8185,8245,8174,8184,8183,8181,8283,23.60449862480164,False
23,8169,8166,8132,8159,8101,8160,8200,8172,8260,8189,8211,8172,8207,8298,23.61252784729004,False
24,8223,8214,8311,8169,8274,8169,8196,8238,8267,8203,8212,8226,8214,8314,23.62066435813904,False
25,8203,8186,8222,8168,8176,8171,8206,8209,8273,8198,8200,8191,8209,8303,23.62853479385376,False
26,8144,8163,8089,8155,8094,8165,8211,8156,8254,8177,8189,8146,8191,8274,23.63658213615417,False
27,8161,8190,8169,8154,8164,8157,8187,8176,8227,8171,8191,8174,8180,8272,23.644592761993408,False
28,8180,8178,8156,8153,8143,8136,8171,8170,8228,8173,8193,8172,8190,8286,23.65252447128296,False
29,8177,8179,8158,8159,8151,8132,8170,8162,8229,8167,8185,8169,8190,8280,23.65954875946045,False
30,8172,8183,8150,8175,8155,8143,8186,8165,8237,8176,8208,8167,8206,8279,23.667410135269165,False
31,8183,8196,8194,8176,8193,8145,8185,8185,8242,8189,8208,8188,8213,8281,23.675458431243896,False
32,8175,8185,8194,8160,8168,8136,8175,8181,8239,8182,8178,8188,8200,8277,23.684265613555908,False
33,8148,8164,8117,8147,8144,8131,8182,8153,8238,8174,8178,8152,8201,8277,23.69144916534424,False
34,8169,8192,8198,8160,8217,8140,8182,8176,8228,8173,8189,8179,8204,8292,23.699565649032596,False
35,8177,8192,8176,8174,8142,8137,8184,8163,8232,8171,8194,8188,8210,8313,23.707474946975708,False
36,8178,8195,8152,8163,8147,8140,8188,8146,8235,8165,8182,8180,8198,8295,23.71536946296692,False
37,8195,8209,8213,8160,8211,8162,8195,8178,8223,8157,8170,8192,8183,8274,23.723595142364506,False
38,8192,8195,8159,8173,8155,8171,8210,8182,8230,8160,8169,8185,8188,8297,23.730528593063354,False
39,8216,8216,8210,8180,8214,8171,8207,8199,8231,8161,8158,8206,8184,8315,23.738515615463257,False
40,8209,8201,8193,8164,8209,8159,8204,8194,8226,8164,8157,8185,8188,8301,23.74665999412537,False
41,8176,8183,8155,8160,8195,8149,8203,8172,8214,8168,8155,8158,8183,8279,23.7546603679657,False
42,8194,8194,8209,8171,8206,8167,8207,8181,8208,8164,8156,8188,8179,8289,23.762654542922974,False
43,8184,8175,8140,8168,8145,8182,8223,8160,8220,8166,8164,8172,8191,8298,23.77070903778076,False
44,8163,8187,8201,8163,8218,8179,8219,8176,8213,8166,8146,8166,8168,8251,23.77859091758728,False
45,8154,8174,8184,8162,8175,8169,8232,8176,8222,8172,8159,8162,8173,8242,23.78669214248657,False
46,8175,8181,8156,8163,8167,8171,8226,8161,8232,8174,8186,8180,8202,8293,23.793689012527462,False
47,8217,8219,8275,8176,8253,8170,8182,8191,8210,8163,8182,8221,8192,8310,23.801560163497925,False
48,8199,8187,8168,8185,8143,8154,8180,8165,8206,8160,8177,8171,8190,8286,23.80967426300049,False
49,8189,8188,8124,8176,8138,8152,8193,8144,8200,8156,8171,8161,8200,8284,23.817562341690063,False
50,8201,8193,8177,8166,8190,8166,8195,8159,8191,8157,8177,8198,8203,8308,23.82563829421997,False
51,8190,8170,8150,8170,8177,8170,8196,8157,8192,8163,8186,8185,8199,8303,23.83370304107666,False
52,8185,8178,8160,8170,8190,8162,8187,8149,8190,8163,8174,8169,8192,8280,23.84144949913025,False
53,8189,8183,8151,8168,8193,8162,8190,8143,8196,8163,8168,8170,8196,8294,23.849744081497192,False
54,8202,8189,8193,8170,8216,8177,8198,8169,8194,8154,8160,8195,8186,8316,23.857766151428223,False
55,8177,8172,8164,8160,8160,8172,8201,8165,8185,8151,8154,8175,8180,8302,23.864818334579468,False
56,8149,8169,8140,8146,8165,8159,8197,8158,8181,8155,8151,8152,8176,8269,23.872780799865723,False
57,8163,8186,8207,8136,8218,8170,8196,8187,8170,8149,8132,8169,8155,8250,23.880674362182617,False
58,8142,8159,8139,8131,8154,8181,8215,8170,8172,8156,8134,8147,8164,8264,23.888734102249146,False
59,8123,8162,8169,8131,8201,8174,8211,8172,8166,8157,8147,8156,8172,8261,23.896660327911377,False
60,8124,8157,8182,8123,8174,8153,8189,8175,8148,8141,8148,8174,8153,8239,23.904695510864254,False
61,8126,8146,8108,8120,8118,8145,8183,8154,8161,8144,8153,8168,8159,8258,23.91276979446411,False
62,8162,8186,8232,8132,8229,8166,8182,8191,8187,8154,8161,8194,8178,8287,23.920597791671756,False
63,8168,8166,8199,8131,8172,8172,8199,8195,8203,8164,8172,8163,8185,8285,23.92769718170166,False
64,8170,8148,8134,8132,8137,8165,8203,8177,8206,8174,8182,8156,8190,8288,23.935486316680908,False
65,8194,8167,8188,8152,8186,8166,8196,8177,8214,8177,8205,8202,8218,8319,23.943458080291748,False
66,8191,8172,8183,8158,8185,8161,8194,8154,8210,8168,8216,8196,8223,8328,23.95165205001831,False
67,8207,8203,8241,8161,8216,8162,8175,8164,8190,8164,8203,8194,8196,8307,23.959672927856445,False
68,8210,8202,8184,8177,8159,8171,8180,8164,8205,8178,8216,8182,8219,8309,23.96752619743347,False
69,8195,8196,8142,8172,8187,8168,8187,8165,8213,8174,8210,8177,8238,8310,23.975677013397217,False
70,8183,8188,8168,8154,8217,8154,8174,8173,8183,8161,8180,8177,8208,8289,23.983730792999268,False
71,8164,8167,8132,8151,8157,8141,8163,8156,8163,8158,8172,8152,8190,8273,23.990672826766968,False
72,8176,8186,8198,8147,8205,8133,8151,8178,8159,8150,8170,8172,8186,8274,23.9986424446106,False
73,8168,8171,8171,8138,8185,8130,8165,8179,8171,8151,8171,8170,8195,8283,24.00666332244873,False
74,8151,8169,8159,8147,8190,8154,8173,8171,8171,8153,8158,8157,8181,8264,24.014662265777588,False
75,8162,8184,8203,8158,8216,8180,8161,8189,8162,8148,8158,8170,8167,8248,24.022635459899902,False
76,8157,8170,8116,8155,8169,8182,8171,8171,8185,8161,8187,8158,8198,8273,24.03069043159485,False
77,8162,8190,8178,8147,8237,8187,8179,8173,8192,8168,8188,8182,8209,8284,24.038667678833008,False
78,8161,8179,8196,8147,8204,8184,8178,8163,8179,8159,8184,8181,8204,8273,24.04658818244934,False
79,8154,8172,8133,8158,8164,8165,8174,8146,8178,8159,8193,8164,8209,8284,24.05468845367432,False
80,8175,8200,8186,8163,8219,8163,8167,8162,8182,8171,8197,8188,8214,8307,24.061696767807007,False
81,8175,8186,8161,8159,8186,8164,8169,8149,8188,8178,8198,8183,8221,8304,24.069584608078003,False
82,8167,8180,8175,8151,8211,8158,8166,8160,8174,8168,8181,8178,8204,8277,24.077446222305294,False
83,8155,8172,8163,8142,8200,8157,8177,8181,8175,8162,8168,8166,8194,8280,24.08544921875,False
84,8163,8185,8166,8152,8195,8166,8195,8190,8195,8162,8166,8171,8198,8301,24.093506574630737,False
85,8196,8211,8229,8176,8228,8178,8205,8201,8195,8160,8173,8203,8210,8313,24.101452827453613,False
86,8180,8177,8136,8167,8188,8183,8212,8170,8189,8167,8186,8178,8230,8317,24.109419345855716,False
87,8172,8179,8196,8141,8252,8183,8186,8178,8172,8156,8158,8175,8194,8286,24.11760234832764,False
88,8173,8176,8209,8145,8191,8172,8172,8169,8169,8152,8147,8165,8163,8265,24.124430179595947,False
89,8166,8176,8144,8161,8159,8170,8177,8151,8184,8160,8165,8155,8182,8274,24.13255286216736,False
90,8186,8213,8265,8163,8262,8181,8166,8200,8176,8152,8159,8201,8184,8277,24.140514373779297,False
91,8166,8172,8177,8153,8152,8186,8186,8183,8183,8159,8168,8177,8194,8288,24.14863324165344,False
92,8162,8149,8095,8151,8129,8199,8211,8160,8193,8177,8188,8160,8219,8305,24.15652084350586,False
93,8191,8170,8142,8155,8192,8208,8207,8173,8186,8177,8183,8180,8226,8317,24.164539575576782,False
94,8194,8177,8168,8150,8214,8196,8192,8175,8175,8165,8165,8177,8209,8307,24.17245101928711,False
95,8195,8186,8246,8156,8260,8188,8180,8208,8166,8158,8157,8191,8186,8284,24.18068838119507,False
96,8159,8150,8137,8146,8173,8192,8193,8206,8187,8164,8163,8162,8190,8282,24.187700510025024,False
97,8155,8160,8140,8122,8206,8201,8199,8208,8202,8168,8150,8165,8192,8290,24.195515394210812,False
98,8188,8190,8222,8123,8230,8210,8210,8212,8200,8177,8155,8191,8198,8289,24.20369362831116,False
99,8171,8167,8139,8126,8159,8210,8228,8167,8196,8181,8161,8168,8198,8288,24.211663722991943,False
100,8173,8163,8177,8114,8216,8206,8205,8162,8173,8163,8134,8180,8175,8289,24.2194881439209,False
101,8190,8162,8196,8114,8200,8195,8170,8154,8158,8154,8127,8184,8182,8285,24.227665424346924,False
102,8186,8169,8148,8136,8163,8183,8147,8138,8153,8155,8137,8166,8189,8277,24.235724210739136,False
103,8185,8159,8126,8149,8182,8177,8146,8152,8163,8159,8141,8161,8184,8294,24.243725299835205,False
104,8190,8152,8153,8146,8221,8184,8156,8171,8174,8167,8147,8173,8199,8308,24.251694202423096,False
105,8199,8189,8229,8148,8242,8198,8152,8189,8162,8164,8143,8200,8206,8293,24.258692741394043,False
106,8186,8179,8143,8163,8143,8193,8156,8175,8166,8165,8148,8180,8214,8303,24.266724586486816,False
107,8198,8182,8150,8176,8179,8177,8159,8182,8165,8166,8151,8183,8217,8322,24.27461814880371,False
108,8204,8192,8208,8160,8216,8173,8157,8182,8146,8155,8146,8193,8209,8306,24.28269672393799,False
109,8172,8170,8143,8157,8165,8177,8161,8153,8154,8157,8153,8163,8211,8285,24.290669441223145,False
110,8184,8181,8213,8170,8228,8178,8153,8184,8153,8162,8156,8189,8202,8288,24.299689292907715,False
111,8187,8160,8186,8158,8187,8166,8165,8185,8147,8160,8163,8188,8201,8306,24.306691646575928,False
112,8170,8151,8140,8155,8165,8167,8179,8160,8156,8159,8148,8164,8190,8294,24.314686059951782,False
113,8168,8155,8164,8165,8171,8176,8169,8165,8156,8158,8125,8168,8165,8267,24.32156538963318,False
114,8161,8136,8105,8155,8129,8167,8160,8164,8160,8158,8136,8160,8175,8275,24.32976746559143,False
115,8195,8183,8254,8160,8261,8170,8154,8212,8165,8155,8142,8202,8181,8284,24.33764910697937,False
116,8199,8183,8265,8181,8231,8176,8173,8206,8168,8164,8140,8194,8176,8275,24.34546971321106,False
117,8164,8143,8072,8174,8097,8164,8183,8149,8163,8167,8142,8141,8183,8279,24.35377788543701,False
118,8173,8169,8102,8172,8147,8161,8171,8158,8156,8155,8150,8165,8189,8291,24.361690521240234,False
119,8175,8182,8169,8188,8197,8170,8182,8172,8157,8145,8151,8181,8179,8286,24.369754314422607,False
120,8170,8176,8199,8182,8214,8176,8194,8182,8149,8147,8138,8179,8163,8281,24.37765622138977,False
121,8168,8157,8140,8174,8148,8175,8197,8166,8153,8163,8153,8172,8183,8304,24.38569045066833,False
122,8180,8177,8173,8188,8193,8180,8181,8157,8143,8156,8162,8182,8188,8304,24.39265847206116,False
123,8214,8209,8286,8209,8249,8189,8164,8179,8121,8141,8156,8211,8174,8287,24.400599241256717,False
124,8198,8183,8149,8210,8120,8182,8185,8152,8146,8166,8178,8185,8204,8312,24.408680200576782,False
125,8182,8195,8143,8200,8165,8181,8185,8161,8160,8174,8172,8185,8208,8323,24.41668963432312,False
126,8181,8186,8199,8194,8194,8180,8163,8183,8143,8158,8140,8187,8183,8297,24.42465043067932,False
127,8163,8143,8119,8180,8123,8162,8164,8159,8133,8149,8129,8149,8168,8276,24.43268918991089,False
237,8162,8155,8185,8162,8200,8161,8165,8172,8120,8134,8123,8156,8139,8259,24.4407742023468,False
0,8155,8153,8198,8159,8192,8175,8166,8176,8117,8132,8134,8163,8128,8251,24.44855546951294,False
1,8159,8143,8152,8173,8144,8178,8170,8163,8124,8146,8157,8172,8151,8274,24.45568871498108,False
2,8170,8145,8126,8183,8148,8176,8172,8159,8142,8158,8177,8171,8184,8300,24.463685512542725,False
3,8175,8162,8157,8187,8217,8180,8154,8174,8153,8164,8171,8165,8190,8288,24.471434831619263,False
4,8191,8185,8230,8193,8240,8181,8133,8191,8135,8163,8152,8188,8173,8279,24.47966742515564,False
5,8190,8176,8140,8196,8131,8174,8150,8154,8132,8163,8167,8173,8191,8314,24.48763608932495,False
6,8210,8200,8212,8188,8227,8182,8152,8173,8117,8157,8171,8194,8194,8316,24.49564409255981,False
7,8205,8180,8275,8160,8275,8183,8143,8203,8097,8155,8160,8208,8172,8272,24.50369930267334,False
8,8146,8113,8084,8144,8136,8162,8163,8159,8118,8168,8172,8148,8179,8260,24.511664390563965,False
9,8134,8129,8081,8148,8157,8163,8165,8159,8134,8168,8174,8143,8183,8270,24.51866388320923,False
10,8137,8143,8153,8132,8190,8171,8158,8172,8122,8152,8159,8162,8171,8265,24.52667474746704,False
11,8144,8150,8189,8124,8210,8170,8159,8180,8111,8147,8147,8171,8159,8258,24.53467059135437,False
12,8170,8163,8193,8154,8196,8177,8162,8191,8114,8158,8164,8176,8160,8280,24.542632579803467,False
13,8165,8161,8142,8170,8171,8186,8170,8171,8116,8162,8183,8166,8173,8296,24.550642728805546,False
14,8162,8175,8201,8163,8217,8193,8157,8179,8113,8164,8176,8188,8175,8280,24.55865263938904,False
15,8163,8155,8153,8176,8146,8197,8147,8173,8129,8175,8185,8174,8187,8279,24.56666684150696,False
16,8171,8163,8157,8196,8193,8197,8148,8182,8143,8174,8188,8171,8189,8290,24.574646711349487,False
17,8166,8177,8242,8176,8276,8187,8153,8208,8153,8174,8181,8193,8177,8279,24.582723140716556,False
18,8119,8141,8148,8147,8181,8175,8160,8177,8153,8179,8177,8151,8169,8249,24.58969235420227,False
19,8117,8154,8172,8153,8208,8178,8153,8174,8120,8156,8156,8145,8146,8227,24.597564697265625,False
20,8121,8147,8170,8157,8200,8176,8167,8183,8119,8140,8162,8151,8146,8234,24.605690717697144,False
21,8105,8130,8114,8147,8155,8175,8177,8179,8148,8151,8174,8143,8151,8230,24.6137170791626,False
22,8133,8159,8157,8167,8181,8183,8175,8185,8145,8157,8163,8150,8138,8218,24.62153363227844,False
23,8160,8174,8150,8194,8195,8187,8195,8180,8147,8162,8170,8146,8154,8237,24.62982439994812,False
24,8171,8192,8240,8184,8273,8184,8193,8208,8139,8157,8168,8180,8146,8246,24.63758087158203,False
25,8146,8157,8198,8161,8190,8167,8170,8181,8108,8143,8154,8171,8123,8223,24.645784616470337,False
26,8115,8125,8087,8157,8120,8161,8150,8118,8085,8135,8159,8130,8126,8199,24.65273332595825,False
27,8122,8154,8140,8165,8183,8183,8136,8118,8073,8137,8167,8138,8132,8197,24.66076231002808,False
28,8119,8161,8136,8168,8178,8193,8129,8116,8069,8131,8159,8137,8124,8203,24.668689966201782,False
29,8133,8166,8192,8164,8221,8181,8116,8138,8056,8110,8142,8162,8098,8201,24.676661014556885,False
30,8125,8142,8165,8155,8168,8179,8140,8159,8074,8117,8161,8160,8113,8219,24.68468427658081,False
31,8106,8148,8127,8158,8152,8200,8174,8176,8116,8140,8180,8146,8144,8232,24.69267177581787,False
32,8135,8187,8242,8173,8243,8212,8173,8224,8130,8147,8184,8186,8148,8234,24.70059037208557,False
33,8141,8151,8157,8169,8159,8188,8182,8204,8138,8159,8209,8174,8163,8260,24.708553791046143,False
34,8151,8150,8110,8166,8135,8165,8183,8177,8134,8155,8207,8163,8163,8275,24.715689420700077,False
35,8177,8184,8192,8184,8170,8160,8168,8185,8121,8137,8195,8184,8160,8271,24.723557233810425,False
36,8180,8175,8186,8191,8168,8157,8158,8177,8117,8147,8211,8189,8179,8291,24.731595754623413,False
37,8200,8177,8202,8194,8205,8158,8142,8178,8109,8163,8230,8209,8197,8316,24.73977279663086,False
38,8219,8186,8180,8213,8168,8158,8136,8172,8112,8165,8240,8200,8217,8323,24.74748182296753,False
39,8220,8204,8200,8225,8180,8169,8131,8179,8112,8166,8232,8196,8218,8320,24.755714654922485,False
40,8186,8177,8144,8206,8144,8175,8135,8159,8111,8166,8223,8176,8201,8311,24.76365828514099,False
41,8163,8160,8137,8176,8170,8159,8139,8150,8102,8149,8202,8159,8177,8279,24.771520376205444,False
42,8183,8180,8302,8161,8269,8156,8131,8204,8073,8126,8165,8192,8139,8240,24.779733896255493,False
43,8145,8123,8142,8152,8117,8166,8159,8178,8093,8137,8173,8152,8141,8241,24.78675889968872,False
44,8113,8120,8075,8130,8137,8168,8177,8164,8114,8143,8170,8132,8140,8243,24.794679403305054,False
45,8124,8149,8218,8101,8232,8168,8166,8204,8096,8131,8139,8162,8117,8229,24.80270338058472,False
46,8117,8113,8116,8107,8108,8176,8181,8173,8105,8141,8156,8144,8136,8247,24.810686111450195,False
47,8152,8145,8135,8143,8137,8187,8183,8174,8115,8150,8182,8173,8156,8273,24.818440675735477,False
48,8183,8180,8228,8161,8195,8183,8163,8188,8099,8148,8191,8203,8158,8278,24.82676386833191,False
49,8176,8160,8195,8165,8166,8180,8152,8174,8095,8150,8200,8194,8167,8285,24.83449697494507,False
50,8186,8145,8132,8170,8125,8180,8160,8167,8122,8154,8216,8191,8193,8318,24.842681884765625,False
51,8196,8161,8138,8161,8154,8177,8163,8167,8134,8153,8221,8193,8201,8330,24.849563360214237,False
52,8206,8191,8228,8165,8223,8185,8157,8183,8118,8156,8209,8204,8178,8302,24.85768985748291,False
53,8206,8184,8155,8182,8144,8189,8178,8165,8132,8172,8221,8182,8191,8304,24.865667581558228,False
54,8210,8205,8176,8175,8186,8187,8175,8175,8135,8168,8215,8196,8200,8317,24.87342858314514,False
55,8200,8204,8256,8158,8235,8185,8154,8195,8100,8154,8186,8212,8166,8288,24.88148784637451,False
56,8145,8142,8106,8153,8118,8182,8174,8152,8096,8151,8177,8150,8146,8247,24.8896586894989,False
57,8134,8137,8117,8129,8162,8189,8190,8166,8108,8143,8172,8152,8142,8232,24.8974826335907,False
58,8136,8127,8165,8093,8170,8199,8208,8200,8112,8144,8168,8175,8150,8248,24.905653715133667,False
59,8114,8112,8132,8093,8129,8201,8231,8205,8122,8151,8157,8154,8147,8246,24.91261625289917,False
60,8124,8126,8181,8107,8170,8204,8229,8213,8128,8138,8140,8152,8125,8219,24.920684337615967,False
61,8137,8108,8156,8094,8151,8201,8214,8180,8114,8135,8141,8151,8116,8223,24.928457736968998,False
62,8146,8114,8170,8087,8175,8206,8195,8160,8085,8139,8147,8171,8122,8251,24.93668484687805,False
63,8132,8120,8156,8090,8165,8213,8189,8150,8086,8132,8152,8162,8135,8254,24.944441080093384,False
64,8142,8127,8139,8101,8158,8198,8177,8143,8094,8129,8154,8148,8138,8244,24.95249319076538,False
65,8197,8152,8211,8124,8189,8188,8161,8156,8075,8132,8153,8183,8132,8258,24.960471391677856,False
66,8190,8144,8188,8127,8159,8196,8173,8156,8075,8137,8164,8187,8146,8280,24.96867108345032,False
67,8164,8151,8215,8122,8194,8201,8186,8177,8080,8143,8167,8187,8149,8270,24.976564407348636,False
68,8166,8128,8159,8122,8145,8192,8208,8164,8091,8148,8175,8163,8153,8263,24.983723878860477,False
69,8183,8129,8137,8123,8179,8194,8211,8151,8108,8149,8186,8170,8171,8287,24.991500854492188,False
70,8190,8170,8273,8131,8283,8211,8184,8202,8111,8157,8191,8227,8177,8305,24.99948287010193,False
71,8137,8122,8142,8127,8146,8207,8193,8184,8129,8175,8197,8171,8184,8289,25.007445096969604,False
72,8141,8118,8131,8115,8187,8197,8200,8178,8135,8163,8167,8149,8171,8263,25.01565742492676,False
73,8193,8156,8271,8122,8281,8204,8179,8215,8124,8154,8164,8215,8172,8290,25.02380514144897,False
74,8159,8126,8154,8124,8154,8207,8174,8185,8122,8164,8188,8192,8188,8317,25.03165626525879,False
75,8117,8105,8074,8103,8108,8189,8181,8152,8102,8150,8155,8134,8154,8260,25.039597511291504,False
76,8121,8111,8104,8096,8155,8171,8185,8145,8087,8141,8125,8125,8121,8205,25.046656131744385,False
77,8150,8143,8199,8117,8224,8183,8173,8164,8084,8152,8137,8168,8122,8217,25.0543954372406,False
78,8151,8141,8153,8131,8133,8187,8178,8160,8095,8163,8173,8177,8158,8269,25.062670946121216,False
79,8156,8145,8118,8133,8119,8174,8181,8154,8101,8158,8182,8172,8178,8292,25.07044243812561,False
80,8191,8182,8299,8128,8268,8182,8158,8201,8072,8133,8142,8204,8132,8255,25.078601837158203,False
81,8152,8134,8195,8126,8152,8191,8171,8176,8072,8134,8152,8166,8132,8234,25.086573123931885,False
82,8110,8102,8054,8121,8081,8198,8188,8142,8102,8156,8192,8148,8177,8265,25.094685316085812,False
83,8146,8133,8172,8110,8180,8204,8176,8174,8098,8154,8191,8195,8182,8300,25.1024112701416,False
84,8177,8139,8183,8131,8159,8197,8180,8169,8085,8151,8193,8190,8180,8321,25.110658884048465,False
85,8192,8158,8170,8167,8166,8198,8175,8156,8096,8164,8212,8189,8197,8326,25.11749291419983,False
86,8198,8171,8194,8170,8193,8210,8158,8165,8122,8178,8222,8201,8219,8325,25.12547779083252,False
87,8197,8176,8224,8154,8191,8208,8152,8190,8129,8187,8214,8207,8234,8324,25.133397579193115,False
88,8178,8159,8167,8147,8124,8196,8167,8180,8129,8190,8211,8180,8232,8315,25.141466856002808,False
89,8140,8130,8085,8133,8116,8194,8177,8147,8128,8180,8188,8136,8193,8274,25.149475574493408,False
90,8154,8152,8217,8126,8232,8205,8180,8193,8113,8169,8158,8176,8155,8245,25.157615900039676,False
91,8167,8148,8188,8140,8154,8207,8210,8199,8128,8186,8175,8186,8178,8273,25.16552495956421,False
92,8161,8153,8131,8157,8138,8198,8215,8165,8144,8199,8182,8162,8181,8282,25.1733877658844,False
93,8165,8169,8235,8154,8219,8189,8183,8181,8129,8182,8159,8181,8141,8254,25.1805260181427,False
94,8137,8128,8161,8139,8141,8176,8171,8168,8123,8163,8141,8162,8131,8247,25.188538074493408,False
95,8139,8129,8143,8138,8158,8182,8169,8165,8118,8154,8130,8153,8128,8248,25.196505069732662,False
96,8145,8126,8128,8143,8141,8195,8181,8155,8130,8164,8163,8148,8145,8250,25.204710960388184,False
97,8148,8151,8183,8151,8199,8195,8176,8157,8128,8168,8180,8167,8155,8243,25.212627410888672,False
98,8173,8196,8304,8168,8284,8203,8166,8191,8107,8161,8150,8203,8136,8240,25.22069311141968,False
99,8139,8145,8115,8162,8130,8211,8191,8151,8126,8170,8156,8152,8156,8255,25.228586435317997,False
100,8120,8131,8084,8143,8149,8199,8179,8134,8124,8169,8173,8146,8169,8247,25.23665952682495,False
101,8137,8151,8183,8148,8217,8188,8155,8153,8101,8166,8178,8171,8156,8231,25.244640111923218,False
102,8128,8143,8139,8157,8186,8200,8168,8156,8121,8175,8176,8152,8158,8231,25.25147700309753,False
103,8124,8139,8151,8154,8201,8209,8168,8176,8145,8184,8163,8150,8157,8224,25.25946474075317,False
104,8112,8124,8129,8156,8173,8200,8171,8170,8162,8188,8166,8141,8161,8223,25.26767897605896,False
105,8119,8154,8193,8164,8224,8209,8187,8183,8167,8179,8166,8164,8157,8222,25.275663137435917,False
106,8129,8166,8214,8159,8218,8218,8204,8200,8166,8176,8163,8176,8150,8222,25.28364062309265,False
107,8121,8132,8128,8144,8151,8209,8216,8185,8173,8182,8170,8156,8155,8229,25.2915952205658,False
108,8134,8134,8146,8148,8181,8205,8218,8189,8178,8187,8178,8168,8169,8243,25.299678802490234,False
109,8147,8148,8149,8161,8198,8201,8229,8190,8185,8199,8187,8174,8190,8268,25.307597160339355,False
110,8168,8170,8188,8172,8220,8204,8230,8195,8181,8206,8187,8190,8197,8290,25.314677238464355,False
111,8183,8173,8200,8184,8187,8207,8212,8181,8175,8199,8183,8198,8194,8295,25.322495222091675,False
112,8167,8161,8166,8177,8177,8198,8196,8151,8169,8182,8168,8177,8179,8276,25.330516576766968,False
113,8151,8153,8183,8150,8199,8188,8182,8157,8153,8168,8152,8176,8152,8261,25.33859419822693,False
114,8146,8137,8115,8142,8138,8195,8183,8150,8161,8173,8172,8173,8168,8287,25.346624612808228,False
115,8178,8181,8197,8171,8227,8211,8169,8168,8154,8174,8177,8201,8171,8298,25.35454487800598,False
116,8182,8184,8235,8180,8218,8195,8160,8176,8136,8173,8168,8194,8153,8275,25.362648010253903,False
117,8145,8141,8092,8161,8105,8170,8169,8144,8145,8180,8182,8147,8166,8277,25.37063241004944,False
118,8176,8182,8188,8160,8212,8177,8157,8171,8141,8177,8180,8192,8172,8295,25.378426551818848,False
119,8193,8190,8213,8179,8192,8181,8151,8173,8142,8176,8185,8198,8172,8297,25.385496616363525,False
120,8173,8173,8131,8196,8127,8179,8166,8155,8163,8178,8209,8164,8189,8298,25.3936550617218,False
121,8191,8192,8169,8199,8180,8195,8186,8175,8176,8179,8217,8187,8208,8311,25.401556968688965,False
122,8194,8198,8180,8191,8190,8199,8189,8174,8167,8183,8206,8196,8205,8312,25.40965867042541,False
123,8191,8204,8208,8192,8194,8194,8177,8181,8168,8179,8195,8197,8186,8301,25.417500019073486,False
124,8189,8180,8149,8201,8137,8194,8197,8179,8201,8189,8209,8178,8206,8316,25.425718069076535,False
125,8193,8189,8166,8206,8187,8201,8202,8193,8205,8200,8208,8186,8205,8313,25.433433532714844,False
126,8176,8190,8194,8198,8218,8213,8186,8197,8176,8181,8189,8193,8170,8286,25.440667390823364,False
127,8135,8148,8098,8177,8167,8206,8183,8155,8160,8163,8171,8153,8165,8271,25.448739051818848,True
237,8162,8179,8219,8176,8260,8194,8163,8175,8139,8168,8149,8183,8158,8268,25.4564220905304,True
0,8168,8181,8224,8185,8191,8183,8156,8180,8143,8182,8170,8190,8166,8279,25.46448302268982,True
1,8126,8137,8093,8170,8103,8169,8165,8148,8154,8178,8180,8149,8171,8268,25.472671031951904,True
2,8136,8139,8154,8149,8191,8163,8152,8168,8140,8157,8141,8157,8144,8242,25.48044729232788,True
3,8158,8147,8166,8154,8195,8167,8154,8185,8161,8165,8156,8169,8154,8262,25.488640069961548,True
4,8162,8157,8180,8171,8200,8178,8175,8199,8197,8194,8208,8194,8188,8301,25.495639085769653,True
5,8149,8147,8166,8171,8175,8177,8193,8189,8201,8202,8220,8193,8200,8301,25.503546476364136,True
6,8166,8157,8162,8181,8174,8171,8190,8175,8198,8195,8203,8185,8200,8286,25.51144576072693,True
7,8197,8171,8209,8195,8185,8163,8183,8187,8192,8194,8200,8206,8203,8294,25.519662618637085,False
8,8161,8138,8133,8175,8123,8149,8186,8156,8166,8187,8192,8179,8189,8290,25.527463912963867,False
9,8165,8162,8185,8163,8196,8149,8166,8152,8129,8166,8171,8177,8155,8260,25.535647869110107,False
10,8205,8178,8196,8186,8180,8148,8157,8159,8128,8165,8179,8181,8161,8266,25.543456315994263,False
11,8201,8161,8136,8194,8139,8141,8164,8153,8140,8175,8176,8178,8177,8296,25.55164361000061,False
12,8207,8177,8223,8180,8217,8148,8158,8185,8133,8170,8160,8208,8167,8296,25.55869174003601,False
13,8206,8165,8172,8185,8157,8152,8173,8182,8146,8176,8188,8191,8181,8290,25.56667852401733,False
14,8210,8174,8170,8200,8170,8145,8182,8190,8170,8187,8211,8192,8204,8304,25.57453393936157,False
15,8203,8171,8184,8194,8194,8146,8192,8201,8184,8197,8216,8198,8216,8326,25.582566261291504,False
16,8179,8157,8135,8175,8186,8164,8208,8187,8191,8203,8213,8175,8208,8320,25.59046769142151,False
17,8193,8188,8244,8173,8254,8181,8196,8213,8177,8196,8204,8195,8195,8286,25.598683834075928,False
18,8195,8175,8199,8184,8178,8172,8186,8193,8180,8192,8216,8185,8217,8288,25.606563568115234,False
19,8181,8149,8103,8178,8136,8147,8174,8155,8185,8189,8215,8166,8217,8306,25.61469030380249,False
20,8169,8131,8111,8156,8157,8139,8163,8154,8178,8184,8187,8165,8192,8299,25.62243223190308,False
21,8149,8121,8131,8143,8177,8145,8165,8164,8171,8179,8170,8153,8184,8269,25.630459547042847,False
22,8146,8144,8193,8147,8212,8149,8164,8178,8151,8173,8166,8164,8169,8238,25.638680696487427,False
23,8145,8137,8133,8155,8140,8143,8175,8155,8153,8173,8177,8160,8169,8254,25.64575719833374,False
24,8176,8165,8177,8167,8199,8153,8183,8172,8160,8170,8176,8181,8174,8288,25.65366220474243,False
25,8191,8190,8243,8181,8234,8166,8190,8201,8155,8174,8184,8196,8178,8290,25.66175436973572,False
26,8154,8165,8135,8189,8142,8158,8198,8167,8165,8187,8215,8164,8203,8267,25.669599056243896,False
27,8175,8184,8174,8199,8197,8150,8185,8175,8172,8184,8217,8185,8218,8268,25.677675008773804,False
28,8205,8187,8188,8208,8206,8141,8181,8183,8173,8186,8218,8201,8222,8304,25.68563985824585,False
29,8183,8172,8156,8204,8186,8137,8183,8171,8162,8196,8223,8191,8214,8303,25.693676948547363,False
30,8165,8170,8197,8185,8196,8145,8181,8178,8150,8192,8210,8200,8198,8272,25.70163321495056,False
31,8166,8157,8171,8181,8158,8139,8185,8168,8150,8185,8200,8192,8200,8272,25.70863342285156,False
32,8190,8172,8186,8197,8173,8132,8183,8174,8145,8179,8202,8198,8204,8295,25.71661615371704,False
33,8191,8165,8133,8196,8135,8138,8184,8168,8156,8186,8214,8183,8210,8306,25.72467923164368,False
34,8174,8162,8149,8173,8179,8140,8170,8171,8150,8182,8188,8174,8188,8274,25.732425689697266,False
35,8155,8153,8194,8151,8196,8124,8153,8169,8117,8156,8158,8166,8151,8236,25.74063515663147,False
36,8123,8124,8094,8141,8122,8108,8159,8129,8111,8142,8166,8131,8138,8235,25.748618364334103,False
37,8145,8163,8209,8151,8244,8124,8162,8164,8107,8142,8167,8173,8127,8236,25.756423473358154,False
38,8160,8165,8234,8172,8237,8136,8174,8182,8111,8156,8182,8184,8145,8249,25.764721632003784,False
39,8147,8147,8098,8185,8143,8127,8181,8141,8125,8164,8204,8146,8167,8272,25.771673440933228,False
40,8180,8181,8152,8189,8174,8130,8170,8151,8119,8156,8205,8172,8160,8277,25.7794828414917,False
41,8207,8186,8177,8190,8162,8138,8174,8165,8117,8164,8208,8188,8182,8292,25.78762030601501,False
42,8212,8199,8195,8200,8192,8134,8157,8171,8112,8166,8208,8197,8202,8307,25.79562497138977,False
43,8201,8206,8172,8216,8163,8126,8137,8154,8112,8158,8216,8186,8205,8300,25.803678274154663,False
44,8193,8213,8167,8228,8168,8135,8145,8147,8122,8168,8219,8175,8208,8284,25.811586618423465,False
45,8201,8222,8229,8232,8219,8144,8154,8171,8128,8188,8216,8197,8210,8281,25.819648265838623,False
46,8193,8199,8154,8231,8142,8136,8165,8156,8147,8203,8238,8185,8234,8297,25.827637910842896,False
47,8228,8224,8201,8236,8187,8139,8172,8177,8159,8211,8244,8202,8245,8313,25.83452153205872,False
48,8247,8225,8218,8231,8207,8149,8193,8201,8164,8211,8233,8208,8239,8324,25.842527627944943,False
49,8191,8185,8127,8202,8177,8150,8208,8176,8158,8199,8217,8172,8225,8305,25.85066509246826,False
50,8149,8178,8200,8165,8230,8150,8189,8183,8124,8176,8176,8172,8177,8248,25.858560800552368,False
51,8115,8145,8147,8141,8160,8138,8179,8164,8112,8161,8155,8136,8142,8211,25.86664628982544,False
52,8113,8134,8098,8134,8137,8133,8171,8151,8115,8149,8155,8123,8132,8205,25.87461471557617,False
53,8151,8153,8144,8139,8162,8152,8183,8168,8115,8149,8163,8159,8149,8227,25.88244152069092,False
54,8167,8172,8158,8156,8184,8166,8212,8182,8125,8163,8186,8180,8181,8264,25.89064049720764,False
55,8172,8191,8216,8179,8228,8156,8199,8207,8125,8160,8198,8191,8179,8266,25.897664546966556,False
56,8162,8169,8153,8188,8154,8143,8181,8179,8122,8150,8201,8164,8169,8253,25.90541172027588,False
57,8182,8192,8171,8191,8187,8145,8181,8158,8118,8157,8193,8179,8166,8272,25.91364860534668,False
58,8214,8214,8214,8197,8211,8151,8174,8159,8119,8174,8201,8203,8178,8299,25.92157459259033,False
59,8215,8204,8169,8210,8166,8151,8154,8141,8116,8178,8209,8186,8187,8293,25.929673433303837,False
60,8247,8230,8244,8235,8232,8152,8123,8161,8099,8169,8203,8212,8183,8297,25.93762683868408,False
61,8262,8210,8186,8242,8197,8141,8120,8157,8111,8176,8233,8206,8217,8347,25.94564151763916,False
62,8266,8204,8174,8230,8209,8133,8125,8160,8125,8185,8256,8202,8242,8373,25.953584909439087,False
63,8274,8230,8250,8236,8246,8138,8133,8191,8125,8194,8257,8221,8246,8371,25.961610555648804,False
64,8231,8208,8160,8239,8193,8134,8140,8177,8136,8206,8251,8191,8258,8368,25.96855354309082,False
65,8210,8202,8189,8210,8234,8124,8127,8182,8123,8192,8222,8192,8237,8348,25.976645469665527,False
66,8218,8200,8196,8193,8194,8133,8145,8184,8119,8187,8223,8196,8226,8340,25.98458957672119,False
67,8229,8201,8145,8198,8167,8158,8176,8178,8142,8202,8230,8176,8234,8337,25.992671251297,False
68,8232,8199,8168,8177,8202,8159,8175,8186,8151,8199,8200,8167,8215,8312,26.000619649887085,False
69,8219,8180,8168,8154,8194,8150,8174,8181,8158,8187,8183,8157,8196,8286,26.008418321609497,False
70,8222,8187,8217,8160,8224,8173,8189,8200,8170,8181,8195,8177,8196,8280,26.016416549682617,False
71,8188,8163,8128,8157,8140,8183,8219,8189,8188,8183,8205,8160,8207,8280,26.02468323707581,False
72,8166,8179,8139,8155,8184,8169,8220,8190,8182,8171,8193,8163,8198,8262,26.03142213821411,False
73,8181,8213,8274,8167,8277,8176,8204,8212,8154,8158,8187,8193,8178,8245,26.03966975212097,False
74,8137,8157,8131,8152,8153,8164,8209,8158,8147,8160,8197,8146,8185,8253,26.047595262527462,False
75,8138,8157,8110,8141,8165,8129,8189,8137,8123,8146,8185,8147,8174,8259,26.055737733840942,False
76,8195,8205,8210,8174,8210,8108,8152,8148,8089,8130,8171,8179,8156,8266,26.063414812088013,False
77,8195,8210,8178,8202,8177,8091,8133,8139,8085,8131,8171,8163,8159,8272,26.071524620056152,False
78,8172,8209,8172,8198,8209,8087,8129,8153,8091,8136,8170,8164,8163,8264,26.07961344718933,False
79,8169,8208,8167,8193,8223,8111,8146,8159,8104,8148,8177,8167,8171,8263,26.087584972381592,False
80,8169,8210,8203,8196,8249,8130,8142,8176,8108,8160,8173,8169,8172,8255,26.09533214569092,False
81,8132,8164,8137,8186,8203,8127,8140,8164,8109,8166,8168,8139,8176,8236,26.102333068847656,False
82,8131,8155,8120,8176,8227,8143,8169,8151,8114,8168,8167,8133,8171,8231,26.11043357849121,False
83,8188,8198,8229,8183,8261,8171,8185,8189,8121,8166,8171,8177,8162,8248,26.11833596229553,False
84,8180,8178,8146,8190,8143,8161,8181,8176,8140,8169,8191,8153,8182,8265,26.126363277435303,False
85,8176,8191,8195,8197,8219,8152,8164,8169,8135,8165,8182,8163,8182,8258,26.134435176849365,False
86,8200,8205,8255,8207,8248,8164,8170,8181,8128,8151,8171,8191,8181,8267,26.142395496368408,False
87,8196,8191,8162,8218,8164,8172,8199,8180,8149,8147,8182,8171,8204,8302,26.15063571929932,False
88,8210,8212,8219,8227,8225,8179,8215,8216,8160,8152,8184,8185,8209,8319,26.158493995666504,False
89,8190,8174,8154,8213,8178,8182,8231,8199,8163,8157,8184,8162,8213,8317,26.165666580200195,False
90,8173,8160,8100,8197,8165,8184,8223,8173,8165,8162,8181,8156,8208,8304,26.173558235168457,False
91,8194,8191,8147,8211,8196,8182,8199,8177,8179,8189,8190,8180,8211,8309,26.181738138198853,False
92,8208,8204,8162,8230,8206,8171,8173,8167,8174,8197,8190,8176,8220,8323,26.18970990180969,False
93,8224,8219,8240,8231,8253,8162,8142,8178,8127,8173,8167,8198,8209,8320,26.19754433631897,False
94,8191,8184,8152,8219,8157,8147,8141,8152,8115,8176,8179,8177,8215,8310,26.20556926727295,False
95,8161,8179,8143,8204,8166,8140,8131,8147,8114,8180,8176,8160,8199,8281,26.213401079177856,False
96,8166,8181,8208,8189,8181,8146,8129,8164,8104,8167,8156,8167,8172,8268,26.221489667892456,False
97,8153,8157,8120,8182,8111,8154,8170,8152,8129,8173,8164,8147,8193,8284,26.22943925857544,False
98,8165,8190,8192,8181,8206,8163,8188,8189,8145,8177,8165,8177,8198,8288,26.236377477645878,False
99,8168,8177,8199,8180,8196,8161,8185,8196,8140,8174,8172,8190,8190,8296,26.244399309158325,False
100,8158,8140,8119,8183,8133,8150,8185,8167,8135,8173,8186,8171,8198,8305,26.252469778060917,False
101,8174,8153,8145,8196,8150,8147,8184,8164,8131,8169,8177,8170,8201,8306,26.26041555404663,False
102,8192,8181,8171,8213,8181,8149,8183,8161,8129,8170,8170,8175,8199,8315,26.268575429916385,False
103,8214,8205,8234,8223,8240,8148,8170,8177,8113,8171,8174,8193,8196,8313,26.27661776542664,False
104,8204,8184,8163,8225,8162,8133,8172,8163,8106,8164,8179,8163,8197,8297,26.2845196723938,False
105,8190,8197,8150,8217,8161,8131,8166,8160,8100,8148,8163,8154,8170,8283,26.29152107238769,False
106,8193,8212,8226,8197,8209,8144,8153,8188,8088,8139,8157,8178,8150,8273,26.299432277679443,False
107,8176,8170,8154,8188,8159,8131,8161,8176,8105,8157,8183,8156,8181,8274,26.307719707489014,False
108,8187,8183,8195,8198,8206,8114,8153,8187,8128,8166,8193,8174,8191,8282,26.315464735031128,False
109,8179,8183,8167,8200,8149,8108,8152,8180,8149,8166,8187,8174,8176,8292,26.32366180419922,False
110,8157,8168,8139,8191,8152,8112,8159,8170,8157,8170,8176,8162,8173,8286,26.33160090446472,False
111,8174,8191,8271,8192,8267,8133,8151,8211,8146,8170,8178,8199,8178,8281,26.33959007263184,False
112,8160,8165,8184,8191,8173,8143,8155,8181,8148,8164,8181,8176,8172,8288,26.347524166107178,False
113,8142,8141,8096,8190,8113,8135,8148,8132,8130,8146,8145,8146,8136,8278,26.35550546646118,False
114,8156,8155,8127,8186,8146,8130,8135,8131,8106,8135,8139,8158,8134,8268,26.363598108291622,False
115,8173,8177,8163,8179,8181,8147,8136,8143,8104,8140,8167,8174,8157,8274,26.370667219161987,False
116,8190,8172,8200,8180,8184,8160,8143,8150,8102,8151,8177,8189,8154,8293,26.37847113609314,False
117,8197,8152,8169,8191,8151,8148,8145,8141,8102,8158,8184,8183,8163,8319,26.386413097381592,False
118,8213,8179,8200,8193,8198,8150,8143,8165,8105,8154,8194,8191,8185,8331,26.39455723762512,False
119,8211,8167,8148,8185,8150,8165,8158,8167,8121,8164,8205,8175,8200,8339,26.40267276763916,False
120,8196,8154,8130,8186,8157,8159,8159,8160,8119,8169,8195,8166,8186,8332,26.41041612625122,False
121,8199,8180,8236,8191,8248,8151,8146,8185,8102,8153,8179,8191,8156,8312,26.41866087913513,False
122,8186,8145,8138,8180,8163,8159,8160,8166,8126,8159,8194,8160,8174,8316,26.42565512657165,False
123,8204,8151,8168,8179,8192,8163,8149,8182,8133,8172,8193,8169,8181,8316,26.43370246887207,False
124,8224,8180,8265,8207,8222,8145,8127,8206,8119,8164,8193,8195,8165,8306,26.441579818725582,False
125,8209,8163,8151,8224,8126,8135,8134,8167,8138,8166,8218,8166,8182,8319,26.44951295852661,False
126,8218,8163,8140,8209,8157,8152,8142,8163,8141,8172,8207,8173,8191,8332,26.457597017288208,False
127,8205,8156,8156,8191,8192,8157,8150,8160,8119,8163,8175,8167,8167,8315,26.46558618545532,False
237,8184,8164,8199,8180,8227,8146,8138,8158,8107,8144,8157,8169,8133,8289,26.473498821258545,False
0,8187,8165,8201,8176,8178,8144,8136,8163,8122,8148,8167,8183,8138,8298,26.481666803359985,False
1,8186,8151,8127,8185,8129,8151,8162,8155,8149,8169,8187,8171,8171,8319,26.489559412002563,False
2,8201,8167,8178,8194,8184,8148,8153,8176,8154,8174,8196,8186,8183,8321,26.496493101119995,False
3,8199,8151,8142,8189,8125,8132,8135,8178,8162,8184,8215,8180,8199,8326,26.504457712173465,False
4,8205,8167,8178,8189,8170,8143,8141,8196,8166,8194,8224,8191,8212,8332,26.51241707801819,False
5,8207,8186,8243,8192,8222,8170,8162,8208,8161,8183,8223,8203,8209,8327,26.520567655563354,False
6,8172,8154,8133,8192,8143,8165,8174,8158,8152,8169,8223,8162,8200,8318,26.528685569763184,False
7,8183,8162,8178,8199,8186,8162,8168,8170,8147,8171,8212,8175,8183,8305,26.536657094955444,False
8,8184,8156,8189,8193,8173,8173,8191,8193,8172,8181,8214,8180,8189,8309,26.544714212417603,False
9,8169,8149,8134,8188,8153,8166,8196,8176,8184,8178,8225,8164,8208,8327,26.55268669128418,False
10,8202,8178,8172,8212,8185,8149,8162,8172,8161,8181,8230,8187,8211,8342,26.559813499450684,False
11,8215,8197,8174,8233,8174,8142,8159,8168,8156,8188,8230,8188,8209,8340,26.56763362884521,False
12,8209,8210,8206,8233,8196,8143,8162,8182,8155,8177,8215,8183,8207,8332,26.57574701309204,False
13,8204,8183,8148,8225,8142,8136,8144,8166,8140,8178,8211,8166,8218,8334,26.58367896080017,False
14,8208,8180,8141,8212,8167,8128,8128,8150,8117,8184,8204,8169,8209,8319,26.59169816970825,False
15,8203,8188,8198,8207,8204,8136,8137,8155,8109,8171,8198,8179,8196,8302,26.599603176116943,False
16,8182,8174,8134,8219,8145,8158,8161,8147,8132,8181,8218,8158,8212,8315,26.60766339302063,False
17,8212,8210,8224,8229,8224,8176,8164,8193,8141,8199,8234,8194,8220,8333,26.615411281585693,False
18,8219,8202,8206,8226,8188,8166,8173,8193,8142,8189,8242,8195,8235,8345,26.6234986782074,False
19,8182,8182,8127,8217,8157,8157,8175,8158,8149,8181,8231,8162,8233,8332,26.630568027496334,False
20,8183,8209,8231,8210,8232,8160,8170,8185,8153,8188,8207,8182,8189,8300,26.63840413093567,False
21,8183,8183,8168,8204,8152,8159,8196,8177,8173,8188,8218,8170,8192,8307,26.64657711982727,False
22,8187,8177,8147,8199,8177,8173,8203,8180,8171,8176,8214,8170,8205,8315,26.65466570854187,False
23,8170,8180,8199,8182,8219,8179,8199,8197,8155,8174,8198,8174,8181,8286,26.662673950195312,False
24,8138,8151,8142,8157,8158,8157,8199,8167,8145,8173,8202,8147,8169,8266,26.67071318626404,False
25,8155,8144,8122,8148,8144,8145,8179,8143,8128,8156,8194,8140,8166,8269,26.678637981414795,False
26,8165,8137,8121,8152,8159,8146,8165,8142,8132,8154,8181,8138,8167,8277,26.686492204666138,False
27,8162,8156,8212,8164,8229,8142,8154,8178,8143,8162,8181,8177,8162,8269,26.694603204727173,False
28,8162,8159,8174,8180,8156,8137,8155,8169,8153,8173,8212,8186,8186,8277,26.70147657394409,False
29,8178,8178,8139,8192,8156,8140,8156,8147,8150,8178,8216,8173,8200,8304,26.70969271659851,False
30,8225,8222,8310,8203,8286,8159,8145,8202,8133,8173,8195,8220,8186,8320,26.717591285705566,False
31,8219,8181,8213,8218,8156,8166,8155,8191,8155,8193,8233,8204,8221,8333,26.725557327270508,False
32,8212,8173,8114,8225,8114,8161,8152,8152,8164,8203,8259,8182,8245,8340,26.733657121658325,False
33,8238,8203,8189,8222,8206,8166,8139,8163,8145,8192,8238,8204,8232,8343,26.741447687149048,False
34,8225,8188,8160,8216,8180,8180,8149,8155,8153,8193,8226,8188,8231,8338,26.74939036369324,False
35,8216,8190,8171,8217,8169,8190,8155,8156,8165,8198,8223,8193,8227,8324,26.756536960601807,False
36,8215,8183,8154,8216,8150,8191,8161,8157,8159,8197,8211,8190,8213,8319,26.7645525932312,False
37,8197,8178,8181,8195,8195,8193,8164,8172,8134,8175,8170,8174,8176,8288,26.77337622642517,False
38,8164,8168,8197,8166,8195,8195,8174,8183,8127,8153,8154,8157,8145,8251,26.7806236743927,False
39,8137,8149,8116,8157,8151,8205,8193,8170,8149,8157,8176,8143,8153,8259,26.788538932800293,False
40,8156,8163,8166,8164,8204,8213,8188,8179,8144,8158,8178,8166,8160,8272,26.79660105705261,False
41,8156,8154,8140,8164,8164,8199,8187,8156,8130,8159,8173,8149,8168,8268,26.804588317871094,False
42,8163,8173,8171,8164,8207,8200,8185,8167,8128,8165,8178,8161,8166,8265,26.81258344650269,False
43,8185,8189,8266,8176,8245,8212,8171,8205,8132,8171,8184,8199,8158,8273,26.81969952583313,False
44,8155,8144,8138,8186,8120,8205,8180,8168,8158,8185,8202,8168,8192,8292,26.82771348953247,False
45,8163,8163,8133,8199,8165,8202,8184,8161,8176,8200,8222,8174,8225,8308,26.835678100585938,False
46,8198,8197,8200,8208,8234,8207,8175,8180,8173,8209,8232,8188,8234,8327,26.843562841415405,False
47,8197,8195,8194,8197,8232,8199,8165,8172,8164,8206,8221,8178,8230,8326,26.851405143737797,False
48,8195,8174,8181,8181,8198,8181,8154,8161,8160,8201,8204,8183,8218,8306,26.85944557189941,False
49,8190,8157,8142,8176,8152,8160,8157,8147,8156,8190,8192,8171,8204,8290,26.867542266845703,False
50,8198,8186,8209,8172,8222,8163,8170,8177,8143,8175,8178,8180,8187,8288,26.87547826766968,False
51,8185,8166,8159,8156,8193,8171,8190,8186,8153,8176,8182,8167,8192,8293,26.88336944580078,False
52,8177,8152,8138,8157,8176,8158,8177,8174,8155,8174,8178,8159,8191,8287,26.89039182662964,False
53,8209,8182,8214,8176,8195,8152,8165,8179,8136,8169,8173,8187,8178,8290,26.898435592651367,False
54,8225,8184,8149,8189,8159,8163,8194,8155,8151,8182,8194,8182,8192,8315,26.906489372253414,False
55,8248,8214,8237,8197,8264,8181,8186,8184,8154,8182,8198,8213,8194,8325,26.914432048797607,False
56,8229,8200,8242,8194,8222,8182,8163,8191,8140,8175,8198,8216,8196,8319,26.92261958122253,False
57,8193,8163,8126,8184,8130,8172,8160,8144,8140,8181,8199,8178,8204,8316,26.93063879013061,False
58,8233,8188,8190,8201,8175,8183,8159,8159,8155,8191,8219,8199,8224,8329,26.938383102416992,False
59,8259,8203,8170,8231,8139,8190,8164,8170,8183,8208,8277,8210,8280,8361,26.946590662002563,False
60,8257,8235,8210,8235,8215,8189,8154,8189,8186,8221,8282,8227,8293,8367,26.95364475250244,False
61,8247,8236,8255,8219,8251,8187,8152,8200,8179,8220,8255,8228,8274,8354,26.961561679840088,False
62,8224,8195,8149,8206,8143,8174,8164,8167,8187,8215,8252,8187,8273,8338,26.969655513763428,False
63,8209,8183,8123,8192,8133,8168,8165,8154,8176,8206,8232,8172,8252,8307,26.97750473022461,False
64,8184,8171,8142,8174,8164,8178,8172,8154,8162,8199,8199,8158,8223,8279,26.98560070991516,False
65,8182,8185,8220,8164,8209,8184,8185,8182,8157,8188,8183,8173,8199,8255,26.99461054801941,False
66,8171,8157,8149,8156,8122,8172,8207,8174,8160,8179,8187,8157,8191,8245,27.00156807899475,False
67,8160,8142,8089,8156,8117,8169,8205,8165,8153,8177,8183,8140,8188,8260,27.00956344604492,False
68,8203,8208,8280,8174,8268,8179,8180,8229,8145,8177,8181,8206,8186,8282,27.01742911338806,False
69,8196,8188,8217,8189,8177,8174,8201,8215,8185,8201,8213,8202,8219,8299,27.024561166763306,False
70,8167,8145,8087,8195,8109,8177,8218,8164,8216,8222,8227,8161,8242,8287,27.032494068145752,False
71,8186,8168,8149,8197,8166,8189,8197,8170,8211,8218,8217,8176,8239,8275,27.040388107299805,False
72,8203,8188,8173,8208,8176,8195,8190,8164,8208,8217,8230,8195,8240,8293,27.04839277267456,False
73,8219,8207,8197,8230,8194,8207,8194,8146,8197,8217,8235,8210,8243,8316,27.056485176086422,False
74,8230,8206,8165,8245,8167,8207,8187,8131,8187,8208,8230,8190,8252,8319,27.06444358825684,False
75,8247,8217,8206,8241,8224,8188,8163,8150,8172,8199,8220,8191,8248,8313,27.072449207305908,False
76,8242,8209,8213,8238,8225,8170,8156,8157,8155,8197,8215,8194,8235,8326,27.079506397247314,False
77,8202,8193,8134,8233,8176,8163,8167,8141,8149,8198,8211,8166,8227,8326,27.087578296661377,False
78,8200,8208,8230,8209,8252,8163,8162,8187,8137,8192,8197,8195,8214,8298,27.095494031906128,False
79,8171,8150,8167,8177,8164,8155,8177,8189,8137,8193,8196,8186,8210,8282,27.103523015975952,False
80,8124,8118,8096,8162,8131,8169,8195,8169,8148,8197,8178,8157,8195,8264,27.11149740219116,False
81,8144,8158,8225,8158,8225,8205,8187,8207,8167,8208,8164,8182,8180,8261,27.11945366859436,False
82,8151,8138,8167,8153,8150,8208,8200,8199,8204,8214,8178,8169,8194,8280,27.127453327178955,False
83,8138,8125,8117,8169,8123,8204,8211,8187,8215,8201,8166,8153,8182,8257,27.1354923248291,False
84,8134,8140,8134,8186,8160,8221,8226,8188,8216,8202,8147,8145,8156,8220,27.14343643188477,False
85,8160,8161,8186,8177,8239,8232,8234,8190,8216,8196,8138,8155,8142,8217,27.150416135787964,False
86,8181,8159,8228,8162,8241,8223,8217,8186,8194,8165,8142,8178,8136,8233,27.15844130516052,False
87,8147,8129,8126,8158,8132,8199,8202,8148,8180,8161,8167,8158,8146,8241,27.166407346725464,False
88,8145,8151,8150,8164,8173,8177,8192,8157,8170,8169,8170,8168,8142,8238,27.17453670501709,False
89,8154,8154,8152,8173,8165,8155,8187,8160,8167,8171,8170,8170,8148,8251,27.182636260986328,False
90,8161,8160,8169,8174,8187,8139,8159,8154,8152,8163,8170,8175,8154,8261,27.19045615196228,False
91,8189,8180,8252,8173,8237,8130,8137,8173,8129,8162,8167,8207,8153,8263,27.198631048202515,False
92,8165,8146,8131,8173,8134,8129,8162,8140,8145,8183,8191,8172,8187,8269,27.206562280654907,False
93,8153,8169,8158,8179,8194,8152,8168,8154,8163,8201,8214,8179,8207,8276,27.214515924453732,False
94,8175,8195,8228,8200,8240,8178,8179,8193,8180,8208,8236,8212,8219,8293,27.22163462638855,False
95,8170,8174,8151,8217,8178,8197,8221,8186,8215,8228,8260,8195,8250,8316,27.229640245437626,False
96,8156,8181,8180,8224,8202,8216,8242,8202,8239,8248,8268,8193,8260,8306,27.23763656616211,False
97,8145,8191,8177,8238,8195,8236,8254,8212,8259,8253,8271,8186,8263,8295,27.24561357498169,False
98,8171,8207,8166,8251,8198,8249,8268,8203,8270,8248,8262,8194,8263,8331,27.25347590446472,False
99,8235,8205,8177,8246,8188,8236,8270,8189,8276,8248,8267,8220,8275,8391,27.2614848613739,False
100,8297,8219,8220,8252,8219,8219,8257,8196,8276,8250,8286,8249,8302,8425,27.26959180831909,False
101,8321,8242,8262,8268,8228,8210,8235,8200,8247,8238,8280,8260,8304,8418,27.2774555683136,False
102,8289,8202,8147,8250,8128,8167,8217,8147,8207,8220,8256,8211,8278,8399,27.28454327583313,False
103,8287,8209,8241,8212,8237,8121,8177,8163,8155,8186,8206,8215,8215,8352,27.29248881340027,False
104,8268,8195,8278,8181,8232,8105,8150,8179,8115,8156,8164,8205,8159,8299,27.30046844482422,False
105,8204,8135,8077,8159,8075,8094,8156,8125,8110,8146,8159,8134,8147,8270,27.30862784385681,False
106,8220,8159,8143,8160,8157,8082,8149,8145,8098,8139,8154,8153,8133,8249,27.316442489624023,False
107,8233,8170,8189,8177,8166,8083,8155,8168,8103,8145,8166,8170,8140,8249,27.324666261672974,False
108,8192,8157,8134,8186,8132,8099,8159,8155,8125,8161,8182,8161,8159,8256,27.33273196220398,False
109,8173,8172,8171,8191,8177,8111,8143,8159,8131,8173,8191,8177,8163,8262,27.34038758277893,False
110,8179,8181,8189,8212,8194,8108,8137,8148,8128,8178,8213,8187,8173,8278,27.34864044189453,False
111,8201,8193,8232,8226,8215,8116,8142,8160,8137,8181,8233,8218,8191,8305,27.35567808151245,False
112,8187,8168,8143,8217,8134,8135,8176,8170,8194,8211,8264,8206,8236,8340,27.36367082595825,False
113,8183,8182,8149,8225,8168,8157,8211,8205,8240,8238,8269,8203,8259,8351,27.37162733078003,False
114,8206,8208,8232,8243,8206,8160,8228,8240,8241,8228,8249,8224,8244,8341,27.37966561317444,False
115,8198,8180,8139,8231,8124,8148,8244,8214,8245,8223,8250,8201,8244,8333,27.387660026550293,False
116,8215,8193,8183,8224,8190,8159,8247,8229,8249,8229,8252,8213,8247,8334,27.39559817314148,False
117,8218,8191,8207,8231,8189,8171,8249,8238,8252,8224,8240,8212,8248,8333,27.4036328792572,False
118,8196,8173,8164,8219,8144,8158,8229,8205,8229,8205,8213,8185,8224,8305,27.41166996955872,False
119,8201,8185,8184,8215,8166,8153,8205,8190,8194,8192,8205,8185,8198,8285,27.418537139892575,False
120,8202,8193,8153,8224,8174,8149,8202,8177,8195,8195,8222,8180,8213,8298,27.426656246185303,False
121,8216,8204,8218,8207,8225,8129,8177,8183,8195,8193,8211,8206,8210,8303,27.434649229049683,False
122,8223,8176,8202,8194,8191,8114,8163,8156,8187,8194,8208,8213,8200,8311,27.442391633987427,False
123,8221,8172,8168,8214,8214,8104,8161,8126,8171,8186,8226,8213,8205,8331,27.450659036636356,False
124,8243,8200,8214,8230,8247,8085,8148,8143,8149,8168,8235,8234,8218,8342,27.45866346359253,False
125,8252,8190,8157,8223,8153,8078,8145,8145,8153,8165,8232,8219,8229,8351,27.46643042564392,False
126,8239,8189,8171,8207,8165,8090,8142,8157,8158,8170,8207,8211,8207,8349,27.47465944290161,False
127,8210,8177,8165,8197,8160,8083,8137,8157,8146,8177,8199,8201,8193,8339,27.482686519622803,False
237,8206,8179,8158,8191,8171,8074,8128,8150,8134,8176,8198,8196,8196,8341,27.489662408828732,False
0,8212,8185,8211,8179,8207,8082,8111,8162,8124,8172,8185,8197,8186,8334,27.49764442443848,False
1,8175,8156,8123,8171,8128,8077,8104,8135,8130,8179,8181,8151,8180,8312,27.505698204040527,False
2,8177,8183,8150,8177,8182,8073,8081,8142,8138,8183,8169,8161,8174,8305,27.5136616230011,False
3,8183,8173,8153,8165,8182,8073,8065,8144,8143,8184,8165,8167,8173,8305,27.521518230438232,False
4,8153,8132,8096,8144,8147,8070,8061,8117,8134,8175,8157,8131,8157,8273,27.53067231178284,False
5,8158,8150,8201,8137,8225,8080,8057,8141,8116,8161,8141,8152,8138,8246,27.537737369537357,False
6,8132,8127,8142,8110,8155,8089,8080,8128,8124,8158,8149,8140,8149,8248,27.544400930404663,False
7,8102,8110,8086,8088,8125,8099,8099,8118,8132,8156,8153,8124,8145,8232,27.55265545845032,False
8,8128,8136,8134,8109,8158,8110,8109,8143,8135,8166,8166,8140,8144,8241,27.56065797805786,False
9,8159,8156,8142,8133,8166,8109,8113,8157,8143,8182,8186,8147,8165,8280,27.56857132911682,False
10,8184,8154,8183,8135,8186,8112,8103,8170,8134,8178,8188,8167,8173,8286,27.57660341262817,False
11,8179,8123,8131,8129,8140,8109,8106,8143,8126,8178,8187,8156,8179,8294,27.58468198776245,False
12,8192,8162,8212,8131,8227,8107,8095,8163,8105,8177,8172,8175,8169,8304,27.592555046081543,False
13,8204,8182,8260,8141,8216,8106,8080,8194,8101,8168,8156,8190,8156,8291,27.60073590278625,False
14,8170,8133,8098,8138,8090,8092,8093,8158,8135,8174,8160,8147,8164,8284,27.608731269836422,False
15,8154,8137,8118,8126,8158,8099,8104,8170,8152,8183,8151,8143,8154,8273,27.6157386302948,False
16,8129,8133,8152,8109,8174,8131,8127,8195,8165,8184,8140,8133,8143,8241,27.623714685440063,False
17,8108,8123,8135,8102,8158,8154,8157,8194,8183,8182,8136,8125,8132,8210,27.631731748580933,False
18,8113,8136,8162,8113,8175,8163,8170,8187,8189,8166,8123,8137,8105,8203,27.63970351219177,False
19,8098,8118,8145,8112,8157,8168,8166,8174,8182,8156,8115,8118,8091,8198,27.647407293319706,False
20,8103,8113,8178,8106,8172,8166,8149,8180,8181,8163,8119,8118,8095,8188,27.65565514564514,False
21,8111,8104,8126,8103,8125,8157,8153,8161,8205,8178,8146,8116,8116,8201,27.663662672042847,False
22,8103,8107,8138,8081,8168,8167,8161,8161,8198,8165,8143,8130,8106,8200,27.67149758338928,False
23,8105,8106,8208,8067,8201,8176,8169,8179,8174,8149,8126,8155,8091,8192,27.678629636764526,False
24,8120,8099,8141,8091,8141,8172,8204,8164,8206,8169,8157,8147,8131,8218,27.68665599822998,False
25,8149,8126,8190,8107,8192,8176,8216,8193,8229,8178,8182,8171,8156,8243,27.69450616836548,False
26,8140,8103,8179,8091,8142,8175,8208,8198,8210,8172,8173,8177,8142,8244,27.702665090560917,False
27,8127,8097,8118,8089,8107,8172,8208,8168,8200,8167,8153,8162,8117,8234,27.710663318634037,False
28,8142,8125,8164,8095,8160,8180,8214,8176,8206,8150,8144,8165,8102,8226,27.718584060668945,False
29,8130,8107,8130,8087,8127,8187,8220,8168,8214,8142,8157,8148,8116,8234,27.72673487663269,False
30,8142,8126,8192,8100,8186,8191,8202,8181,8208,8150,8162,8173,8128,8247,27.734655618667603,False
31,8155,8141,8198,8124,8191,8189,8194,8188,8214,8166,8166,8186,8139,8258,27.74272084236145,False
32,8137,8125,8130,8117,8164,8184,8199,8168,8216,8170,8155,8160,8139,8252,27.749627351760864,False
33,8123,8124,8157,8099,8181,8179,8185,8168,8194,8159,8137,8157,8117,8231,27.757664442062374,False
34,8101,8111,8120,8103,8133,8176,8183,8157,8197,8166,8152,8140,8123,8222,27.7656352519989,False
35,8116,8128,8170,8108,8187,8190,8191,8168,8203,8172,8162,8151,8137,8223,27.77363228797913,False
36,8121,8129,8171,8101,8169,8197,8201,8157,8197,8167,8149,8147,8128,8217,27.7816321849823,False
37,8095,8118,8124,8093,8135,8186,8198,8139,8195,8164,8144,8129,8115,8202,27.7896740436554,False
38,8108,8128,8209,8080,8207,8186,8187,8173,8193,8173,8152,8164,8117,8199,27.797552824020386,False
39,8111,8100,8146,8070,8150,8189,8198,8162,8210,8184,8171,8161,8148,8224,27.805655241012573,False
40,8116,8115,8123,8093,8145,8185,8199,8157,8214,8177,8163,8153,8154,8234,27.812652111053467,False
41,8139,8147,8178,8121,8164,8177,8199,8172,8201,8174,8153,8157,8145,8235,27.820451736450195,False
42,8137,8150,8154,8125,8138,8179,8208,8158,8205,8186,8169,8150,8162,8246,27.828654527664185,False
43,8139,8165,8193,8130,8175,8194,8195,8167,8210,8187,8175,8177,8169,8252,27.836652040481567,False
44,8149,8156,8176,8126,8162,8199,8188,8173,8211,8183,8167,8178,8171,8263,27.844531774520878,False
45,8174,8170,8194,8117,8187,8200,8190,8180,8209,8185,8159,8184,8168,8272,27.852624654769897,False
46,8168,8173,8167,8127,8151,8200,8189,8163,8209,8190,8173,8182,8168,8265,27.86065363883972,False
47,8138,8161,8122,8130,8152,8200,8182,8146,8207,8187,8171,8156,8157,8242,27.868653535842896,False
48,8150,8182,8243,8110,8256,8213,8179,8189,8196,8174,8139,8171,8124,8217,27.875622510910038,False
49,8130,8141,8142,8083,8145,8216,8206,8171,8214,8179,8151,8142,8124,8220,27.88372254371643,False
50,8135,8134,8111,8091,8143,8208,8211,8156,8220,8182,8164,8143,8127,8230,27.89172124862671,False
51,8184,8163,8244,8117,8232,8207,8193,8184,8202,8177,8164,8189,8124,8242,27.899646759033203,False
52,8160,8133,8143,8112,8150,8205,8195,8151,8193,8181,8181,8159,8138,8251,27.90755271911621,False
53,8131,8141,8123,8099,8163,8215,8185,8142,8178,8176,8174,8149,8124,8233,27.915663480758667,False
54,8133,8157,8176,8109,8187,8232,8186,8159,8188,8172,8163,8162,8113,8224,27.92371797561645,False
55,8136,8159,8184,8122,8190,8224,8192,8160,8207,8178,8167,8165,8124,8240,27.93174242973328,False
56,8133,8150,8164,8109,8166,8195,8178,8147,8197,8178,8168,8161,8134,8249,27.93971872329712,False
57,8124,8140,8126,8093,8124,8183,8175,8135,8195,8176,8159,8148,8135,8241,27.946459531784058,False
58,8137,8160,8193,8111,8170,8190,8175,8170,8204,8181,8154,8170,8132,8241,27.9546480178833,False
59,8129,8139,8130,8126,8131,8183,8177,8164,8208,8191,8173,8153,8154,8266,27.962653636932373,False
60,8129,8145,8153,8114,8189,8176,8167,8156,8182,8183,8157,8156,8149,8267,27.97052788734436,False
61,8141,8165,8259,8103,8247,8184,8160,8173,8163,8161,8124,8180,8112,8241,27.978729009628296,False
62,8101,8124,8114,8104,8135,8189,8186,8135,8186,8162,8137,8127,8122,8231,27.98662686347961,False
63,8095,8127,8098,8104,8160,8187,8185,8133,8185,8168,8137,8120,8134,8224,27.99466443061829,False
64,8114,8136,8160,8101,8158,8172,8161,8151,8160,8156,8109,8137,8106,8204,28.002640962600708,False
65,8106,8124,8146,8105,8134,8164,8143,8145,8145,8138,8095,8125,8076,8197,28.00963258743286,False
66,8106,8125,8164,8118,8188,8176,8147,8155,8146,8144,8109,8140,8085,8213,28.017634391784668,False
67,8112,8122,8136,8130,8176,8185,8170,8151,8168,8172,8138,8149,8124,8223,28.025616884231567,False
68,8136,8139,8196,8118,8197,8183,8167,8164,8169,8171,8130,8167,8118,8205,28.03359961509705,False
69,8126,8118,8172,8104,8145,8176,8163,8158,8162,8155,8115,8155,8105,8196,28.04166841506958,False
70,8109,8122,8119,8130,8129,8181,8176,8144,8175,8165,8131,8151,8132,8216,28.04947280883789,False
71,8148,8168,8193,8163,8185,8197,8187,8160,8197,8189,8160,8192,8159,8247,28.05771279335022,False
72,8157,8157,8157,8163,8143,8195,8193,8138,8206,8193,8177,8178,8169,8255,28.06564950942993,False
73,8159,8167,8194,8162,8200,8192,8177,8142,8178,8169,8161,8175,8156,8235,28.072384357452396,False
74,8175,8177,8207,8177,8189,8188,8175,8164,8162,8171,8165,8179,8161,8243,28.0806303024292,False
75,8154,8157,8122,8178,8132,8174,8188,8155,8176,8185,8166,8152,8160,8250,28.08861780166626,False
76,8127,8151,8168,8144,8193,8163,8172,8161,8166,8168,8125,8155,8123,8219,28.096497774124146,False
77,8097,8109,8120,8097,8146,8145,8155,8149,8159,8163,8114,8141,8116,8211,28.10473918914795,False
78,8095,8108,8130,8077,8155,8141,8144,8159,8163,8171,8105,8135,8110,8210,28.112607955932617,False
79,8101,8124,8185,8080,8175,8161,8148,8176,8167,8159,8079,8133,8089,8188,28.12085199356079,False
80,8086,8106,8124,8090,8138,8168,8161,8158,8174,8152,8085,8119,8095,8184,28.12873601913452,False
81,8099,8119,8147,8107,8157,8159,8153,8158,8169,8164,8111,8141,8115,8204,28.13638472557068,False
82,8114,8128,8143,8128,8131,8157,8159,8159,8175,8177,8126,8150,8140,8224,28.143662691116333,False
83,8134,8153,8187,8148,8187,8174,8172,8187,8182,8173,8122,8170,8147,8230,28.15156316757202,False
84,8138,8164,8195,8160,8184,8180,8181,8190,8188,8174,8134,8171,8154,8235,28.159502744674683,False
85,8140,8167,8150,8171,8151,8160,8167,8151,8184,8182,8155,8155,8169,8243,28.167707443237305,False
86,8198,8220,8288,8198,8241,8153,8135,8175,8150,8166,8162,8210,8162,8252,28.175525903701782,False
87,8220,8211,8228,8222,8156,8164,8155,8169,8145,8161,8191,8206,8180,8283,28.18377685546875,False
88,8189,8176,8094,8209,8103,8162,8180,8125,8153,8169,8195,8156,8197,8289,28.191652297973636,False
89,8167,8175,8145,8181,8173,8157,8163,8124,8127,8158,8168,8157,8174,8256,28.199585437774655,False
90,8156,8175,8162,8176,8181,8173,8161,8135,8112,8152,8168,8156,8165,8244,28.206658840179443,False
91,8177,8187,8204,8184,8219,8184,8164,8163,8122,8166,8183,8174,8177,8264,28.21473741531372,False
92,8177,8168,8170,8179,8177,8167,8152,8161,8140,8181,8189,8169,8190,8270,28.22243046760559,False
93,8153,8168,8155,8170,8169,8152,8136,8158,8154,8179,8179,8154,8182,8254,28.23067569732666,False
94,8142,8168,8177,8166,8195,8152,8146,8179,8177,8189,8172,8156,8179,8257,28.23865270614624,False
95,8115,8134,8109,8146,8172,8148,8170,8169,8200,8212,8166,8135,8188,8255,28.24679207801819,False
96,8119,8149,8175,8137,8214,8153,8166,8179,8185,8206,8154,8154,8176,8232,28.254721879959103,False
97,8137,8151,8171,8151,8151,8164,8173,8169,8182,8191,8172,8165,8188,8254,28.26169466972351,False
98,8149,8155,8152,8159,8150,8176,8185,8165,8190,8185,8181,8167,8203,8283,28.27065634727478,False
99,8165,8180,8232,8168,8210,8184,8179,8203,8176,8186,8173,8193,8194,8267,28.27765226364136,False
100,8153,8164,8149,8204,8124,8178,8183,8187,8188,8194,8194,8171,8217,8269,28.28566718101501,False
101,8165,8182,8159,8232,8162,8173,8175,8172,8200,8198,8199,8170,8231,8288,28.29371404647827,False
102,8176,8194,8189,8218,8200,8173,8162,8158,8190,8202,8191,8172,8218,8291,28.301554918289185,False
103,8169,8193,8165,8215,8190,8182,8153,8142,8179,8205,8192,8167,8208,8288,28.30944848060608,False
104,8178,8209,8204,8221,8198,8186,8157,8165,8174,8188,8184,8186,8202,8291,28.317472457885746,False
105,8160,8192,8136,8203,8131,8179,8194,8164,8196,8182,8188,8164,8209,8284,28.32448482513428,True
106,8154,8190,8172,8186,8194,8193,8209,8190,8217,8190,8193,8163,8205,8266,28.332500219345093,True
107,8151,8171,8192,8173,8223,8197,8211,8213,8221,8191,8181,8155,8197,8266,28.340363025665283,True
108,8130,8149,8118,8153,8169,8171,8213,8189,8218,8191,8160,8129,8196,8269,28.348498106002808,True
109,8129,8161,8164,8131,8184,8156,8194,8192,8201,8190,8142,8148,8183,8253,28.356491565704346,True
110,8118,8144,8156,8126,8161,8164,8193,8196,8196,8188,8147,8145,8173,8243,28.364535808563232,False
111,8139,8160,8190,8147,8206,8173,8211,8210,8202,8185,8158,8164,8174,8253,28.372470140457157,False
112,8164,8172,8183,8168,8187,8177,8219,8205,8215,8192,8175,8176,8196,8277,28.38064670562744,False
113,8145,8160,8121,8163,8147,8180,8211,8172,8222,8196,8184,8158,8210,8287,28.3886821269989,False
114,8153,8182,8205,8161,8196,8183,8199,8178,8216,8186,8183,8184,8202,8280,28.39663767814636,False
115,8166,8172,8154,8180,8122,8172,8207,8147,8209,8181,8195,8174,8205,8276,28.403621673583984,False
116,8183,8197,8171,8197,8172,8158,8181,8128,8162,8162,8172,8171,8182,8265,28.41169548034668,False
117,8196,8221,8247,8197,8223,8150,8142,8136,8123,8145,8156,8187,8168,8265,28.419740676879883,False
118,8175,8183,8156,8168,8144,8133,8141,8118,8135,8147,8172,8161,8186,8280,28.42742371559143,False
119,8178,8176,8166,8147,8172,8138,8146,8142,8132,8142,8158,8164,8174,8269,28.43567705154419,False
120,8175,8175,8141,8151,8145,8163,8166,8148,8135,8145,8140,8152,8171,8252,28.44364356994629,False
121,8170,8191,8160,8151,8172,8175,8170,8158,8149,8156,8139,8150,8175,8247,28.45164585113525,False
122,8168,8186,8197,8141,8186,8169,8161,8185,8154,8165,8162,8161,8178,8252,28.45969700813293,False
123,8140,8157,8107,8125,8130,8163,8175,8171,8172,8177,8179,8140,8198,8262,28.46659469604492,False
124,8136,8178,8159,8112,8189,8169,8179,8175,8179,8174,8147,8151,8183,8244,28.47454857826233,False
125,8129,8170,8167,8099,8177,8176,8188,8173,8184,8174,8133,8144,8152,8220,28.48277735710144,False
126,8125,8158,8144,8096,8168,8180,8198,8171,8198,8190,8156,8139,8154,8230,28.49072551727295,False
127,8158,8171,8173,8117,8162,8177,8193,8186,8211,8207,8187,8168,8197,8272,28.49854326248169,False
237,8177,8181,8153,8141,8127,8176,8188,8187,8216,8212,8205,8177,8222,8297,28.50655245780945,False
0,8173,8200,8196,8142,8178,8181,8177,8192,8207,8205,8191,8185,8197,8271,28.514511346817017,False
1,8152,8184,8165,8143,8159,8175,8173,8161,8208,8204,8182,8167,8191,8250,28.52263283729553,False
2,8167,8191,8183,8155,8184,8185,8169,8154,8204,8204,8193,8172,8202,8265,28.52956604957581,False
3,8190,8205,8217,8161,8187,8206,8180,8168,8196,8199,8206,8189,8206,8292,28.53762412071228,False
4,8152,8184,8124,8158,8124,8210,8205,8144,8193,8190,8191,8154,8202,8288,28.545719623565677,False
5,8150,8207,8218,8150,8233,8215,8198,8176,8170,8165,8153,8172,8163,8252,28.55364203453064,False
6,8165,8195,8222,8142,8212,8221,8205,8192,8177,8162,8177,8183,8171,8267,28.561649084091187,False
7,8154,8174,8104,8151,8134,8216,8227,8164,8210,8190,8223,8162,8221,8306,28.56971502304077,False
8,8165,8205,8175,8163,8198,8207,8214,8184,8206,8197,8210,8181,8216,8295,28.577540397644043,False
9,8165,8192,8175,8147,8174,8197,8196,8184,8195,8192,8197,8173,8200,8278,28.58562469482422,False
10,8164,8177,8162,8133,8173,8204,8191,8179,8198,8198,8204,8174,8211,8283,28.59344244003296,False
11,8159,8176,8170,8127,8178,8215,8195,8180,8201,8200,8198,8178,8211,8279,28.60139513015747,False
12,8145,8185,8173,8116,8182,8205,8179,8173,8198,8195,8177,8170,8190,8262,28.608657598495483,False
13,8151,8187,8203,8110,8198,8196,8155,8179,8202,8202,8176,8182,8191,8267,28.61665725708008,False
14,8151,8161,8126,8119,8149,8200,8166,8164,8226,8218,8203,8170,8226,8296,28.62436294555664,False
15,8164,8182,8170,8135,8210,8209,8178,8173,8226,8212,8210,8187,8229,8303,28.63264870643616,False
16,8155,8180,8189,8128,8206,8200,8175,8161,8204,8194,8188,8183,8204,8287,28.640430450439453,False
17,8135,8163,8137,8113,8166,8182,8172,8137,8188,8177,8160,8158,8177,8264,28.648666858673096,False
18,8167,8200,8227,8118,8221,8193,8181,8183,8186,8166,8152,8188,8160,8257,28.65645122528076,False
19,8168,8187,8165,8126,8156,8218,8226,8192,8217,8178,8177,8175,8176,8271,28.663655996322632,False
20,8150,8175,8142,8135,8171,8233,8244,8188,8228,8186,8174,8163,8177,8269,28.671672105789185,False
21,8154,8178,8194,8136,8202,8239,8228,8184,8212,8179,8157,8167,8160,8263,28.67938470840454,False
22,8149,8169,8147,8113,8162,8240,8209,8148,8206,8169,8148,8144,8153,8250,28.68752264976501,False
23,8144,8177,8183,8090,8187,8248,8183,8152,8196,8165,8135,8156,8140,8219,28.695720195770264,False
24,8117,8153,8145,8091,8144,8254,8182,8144,8195,8179,8148,8146,8153,8221,28.70341658592224,False
25,8107,8149,8138,8100,8165,8250,8170,8135,8186,8180,8153,8142,8162,8245,28.71161460876465,False
26,8123,8160,8177,8097,8174,8241,8143,8143,8167,8166,8136,8154,8144,8242,28.719534635543823,False
27,8126,8157,8143,8093,8139,8225,8136,8141,8165,8171,8137,8148,8141,8231,28.727696180343628,False
28,8143,8176,8192,8096,8187,8211,8131,8162,8162,8175,8152,8167,8153,8240,28.734713792800903,False
29,8140,8170,8152,8113,8144,8208,8134,8155,8169,8173,8167,8158,8175,8249,28.742663860321045,False
30,8153,8202,8206,8134,8204,8222,8128,8162,8176,8166,8157,8172,8164,8240,28.7505156993866,False
31,8174,8216,8267,8132,8224,8230,8128,8178,8179,8163,8162,8196,8156,8250,28.758615732192997,False
32,8151,8180,8121,8129,8117,8224,8153,8151,8194,8177,8199,8160,8188,8272,28.766573905944824,False
33,8166,8222,8182,8147,8200,8243,8167,8176,8197,8180,8199,8173,8185,8268,28.77466368675232,False
34,8173,8221,8213,8139,8187,8258,8175,8183,8205,8174,8195,8184,8179,8272,28.78241801261902,False
35,8143,8161,8116,8095,8111,8251,8180,8161,8211,8175,8205,8162,8198,8289,28.790682554244995,False
36,8143,8170,8164,8090,8176,8250,8182,8190,8205,8177,8188,8174,8194,8278,28.79765248298645,False
37,8145,8190,8188,8101,8201,8252,8185,8195,8211,8180,8161,8173,8176,8260,28.805383682250977,False
38,8138,8173,8167,8077,8184,8246,8175,8184,8211,8174,8145,8161,8162,8258,28.81351351737976,False
39,8123,8139,8086,8067,8129,8230,8166,8168,8204,8167,8145,8134,8165,8252,28.82166838645935,False
40,8138,8174,8136,8094,8172,8220,8145,8171,8186,8165,8132,8154,8154,8229,28.8294095993042,False
41,8166,8211,8214,8125,8173,8212,8128,8172,8174,8162,8136,8181,8141,8232,28.8376145362854,False
42,8164,8200,8134,8159,8128,8205,8139,8140,8193,8166,8167,8155,8166,8266,28.845513105392456,False
43,8202,8246,8277,8195,8292,8216,8120,8177,8179,8165,8156,8201,8172,8273,28.8534791469574,False
44,8221,8247,8295,8201,8239,8216,8106,8179,8153,8158,8144,8209,8155,8267,28.860655307769772,False
45,8182,8211,8094,8191,8067,8201,8129,8117,8165,8156,8158,8144,8149,8261,28.86863803863525,False
46,8178,8230,8133,8199,8161,8209,8137,8135,8177,8158,8158,8159,8152,8254,28.87645697593689,False
47,8183,8226,8185,8210,8215,8229,8142,8170,8181,8163,8155,8179,8168,8265,28.88463020324707,False
48,8193,8227,8184,8207,8189,8230,8148,8177,8179,8166,8157,8174,8171,8280,28.892439603805546,False
49,8200,8227,8159,8194,8145,8209,8149,8166,8184,8174,8159,8163,8170,8282,28.90064811706543,False
50,8190,8225,8164,8183,8181,8203,8155,8173,8196,8177,8151,8167,8170,8276,28.90845322608948,False
51,8186,8233,8215,8176,8218,8226,8175,8213,8206,8178,8141,8184,8165,8277,28.917624950408936,False
52,8155,8193,8121,8156,8117,8237,8205,8207,8222,8182,8137,8149,8169,8273,28.92455053329468,False
53,8140,8177,8139,8138,8150,8243,8210,8214,8223,8173,8118,8143,8155,8253,28.93155074119568,False
54,8148,8176,8174,8157,8167,8257,8215,8215,8222,8174,8116,8158,8150,8252,28.93942952156067,False
55,8149,8188,8136,8178,8145,8251,8215,8176,8219,8176,8121,8152,8148,8259,28.947556495666504,False
56,8179,8232,8246,8169,8227,8241,8189,8185,8194,8152,8102,8180,8114,8243,28.9554135799408,False
57,8183,8201,8195,8163,8159,8234,8181,8166,8192,8148,8110,8172,8116,8254,28.963624238967896,False
58,8179,8187,8132,8194,8133,8222,8168,8137,8199,8160,8133,8167,8138,8282,28.97146201133728,False
59,8192,8218,8175,8212,8167,8207,8151,8142,8187,8156,8129,8177,8141,8285,28.979363918304443,False
60,8195,8226,8169,8200,8177,8200,8145,8150,8179,8154,8115,8165,8144,8282,28.987671375274655,False
61,8218,8245,8245,8224,8241,8196,8124,8169,8173,8153,8119,8190,8135,8278,28.99561214447021,False
62,8221,8242,8193,8270,8174,8190,8118,8142,8172,8157,8145,8187,8140,8281,29.002522230148315,False
63,8211,8243,8140,8271,8154,8190,8117,8121,8150,8155,8123,8167,8135,8283,29.01065158843994,False
64,8205,8234,8174,8248,8180,8184,8105,8128,8115,8137,8075,8161,8099,8275,29.018515586853027,False
65,8195,8213,8158,8241,8162,8184,8120,8128,8111,8127,8079,8152,8082,8272,29.02664995193481,False
66,8200,8229,8198,8239,8202,8208,8145,8162,8123,8136,8094,8176,8094,8267,29.03429412841797,False
67,8162,8202,8130,8221,8149,8220,8167,8167,8146,8147,8100,8158,8110,8259,29.042644500732425,False
68,8142,8193,8172,8204,8197,8217,8160,8182,8160,8143,8093,8158,8094,8250,29.05039620399475,False
69,8175,8206,8267,8208,8234,8212,8153,8212,8170,8148,8099,8190,8092,8262,29.05861616134644,False
70,8165,8173,8109,8211,8096,8202,8180,8175,8194,8165,8119,8150,8124,8278,29.065595149993896,False
71,8151,8181,8101,8202,8121,8201,8181,8168,8193,8159,8102,8144,8117,8266,29.0736403465271,False
72,8162,8199,8182,8196,8179,8199,8163,8192,8188,8150,8094,8161,8102,8260,29.081417560577396,False
73,8176,8205,8164,8201,8169,8199,8167,8205,8211,8165,8121,8152,8112,8267,29.08964490890503,False
74,8186,8216,8173,8215,8177,8210,8181,8219,8229,8174,8139,8160,8114,8262,29.0974440574646,False
75,8171,8216,8174,8229,8174,8214,8182,8207,8217,8157,8127,8160,8101,8252,29.105399131774902,False
76,8180,8239,8216,8240,8203,8213,8167,8203,8190,8136,8105,8165,8082,8245,29.113529920578003,False
77,8178,8222,8129,8237,8142,8208,8178,8176,8196,8139,8118,8140,8100,8255,29.121609210968018,False
78,8177,8226,8135,8228,8196,8207,8177,8169,8195,8141,8134,8153,8126,8276,29.12847304344177,False
79,8207,8252,8266,8223,8260,8211,8146,8192,8169,8138,8125,8198,8118,8286,29.13634419441223,False
80,8190,8205,8143,8217,8129,8193,8139,8146,8174,8147,8121,8155,8113,8282,29.1443305015564,False
81,8175,8202,8148,8208,8194,8181,8138,8153,8178,8145,8123,8153,8113,8276,29.15234971046448,False
82,8175,8215,8225,8192,8245,8193,8143,8190,8173,8141,8134,8179,8120,8275,29.160404443740845,False
83,8158,8186,8135,8183,8152,8193,8153,8162,8185,8151,8137,8149,8130,8270,29.168302297592163,False
84,8174,8182,8132,8193,8159,8177,8138,8163,8185,8153,8131,8150,8130,8276,29.1763277053833,False
85,8190,8197,8152,8203,8171,8168,8131,8181,8185,8154,8139,8172,8141,8305,29.184579133987427,False
86,8200,8235,8204,8216,8206,8187,8140,8182,8186,8156,8136,8191,8140,8313,29.191452741622925,False
87,8200,8224,8179,8231,8174,8207,8151,8168,8192,8164,8143,8178,8156,8312,29.199641942977905,False
88,8204,8214,8166,8247,8173,8220,8145,8176,8200,8183,8169,8184,8188,8322,29.207469940185547,False
89,8229,8257,8232,8270,8200,8229,8141,8198,8206,8187,8174,8211,8187,8325,29.215641736984253,False
90,8224,8245,8122,8270,8130,8224,8155,8163,8218,8177,8150,8158,8167,8315,29.223621368408203,False
91,8236,8266,8226,8261,8268,8223,8143,8191,8188,8156,8113,8176,8137,8295,29.231483459472656,False
92,8223,8269,8299,8256,8266,8229,8144,8204,8162,8149,8122,8206,8136,8281,29.23966383934021,False
93,8155,8195,8062,8227,8074,8225,8170,8123,8186,8157,8146,8129,8157,8267,29.24765157699585,False
94,8166,8193,8118,8195,8168,8223,8155,8143,8183,8154,8130,8144,8145,8262,29.25551056861877,False
95,8189,8198,8209,8189,8206,8230,8153,8191,8182,8171,8150,8190,8164,8297,29.262467861175537,False
96,8153,8162,8133,8170,8147,8240,8178,8179,8208,8190,8176,8168,8186,8305,29.270545959472656,False
97,8141,8147,8131,8139,8152,8241,8184,8177,8212,8183,8158,8153,8172,8282,29.278798818588257,False
98,8160,8165,8157,8138,8141,8228,8186,8181,8210,8182,8146,8164,8168,8289,29.28656220436096,False
99,8171,8174,8174,8144,8158,8217,8187,8189,8213,8189,8154,8180,8177,8306,29.29464340209961,False
100,8152,8143,8121,8139,8161,8219,8196,8189,8221,8190,8172,8166,8204,8318,29.302640914916992,False
101,8167,8168,8172,8163,8207,8230,8203,8211,8227,8194,8179,8187,8225,8325,29.310595512390137,False
102,8185,8190,8209,8186,8176,8231,8202,8210,8233,8206,8185,8206,8229,8326,29.318589448928837,False
103,8156,8168,8139,8184,8134,8218,8202,8177,8232,8198,8187,8170,8230,8325,29.325642585754395,False
104,8161,8194,8213,8190,8210,8216,8191,8200,8202,8173,8159,8177,8207,8312,29.33356666564941,False
105,8171,8188,8190,8192,8148,8216,8192,8188,8179,8169,8149,8175,8189,8304,29.34158563613892,False
106,8164,8177,8139,8178,8133,8216,8201,8164,8176,8173,8158,8165,8187,8311,29.34967279434204,False
107,8176,8196,8191,8179,8195,8227,8206,8195,8189,8172,8162,8185,8190,8323,29.35760927200317,False
108,8170,8178,8135,8174,8148,8227,8208,8181,8204,8172,8163,8174,8193,8324,29.365440607070923,False
109,8158,8174,8168,8145,8181,8226,8193,8171,8190,8169,8148,8182,8175,8309,29.373366117477417,False
110,8135,8158,8182,8132,8179,8229,8195,8177,8189,8176,8139,8171,8159,8287,29.38138961791992,False
111,8117,8133,8116,8133,8133,8228,8194,8167,8198,8177,8133,8139,8151,8263,29.38949680328369,False
112,8131,8137,8142,8131,8146,8218,8180,8163,8194,8171,8134,8151,8154,8261,29.396357774734497,False
113,8153,8156,8164,8146,8158,8206,8191,8165,8203,8187,8165,8169,8191,8293,29.404460430145264,False
114,8184,8193,8229,8175,8221,8212,8192,8196,8208,8197,8178,8192,8208,8310,29.41244912147522,False
115,8154,8164,8137,8173,8156,8212,8178,8167,8203,8184,8167,8151,8194,8292,29.420427560806274,False
116,8131,8165,8122,8165,8175,8201,8160,8144,8186,8177,8157,8133,8176,8266,29.428611993789676,False
117,8191,8230,8307,8184,8279,8210,8152,8196,8169,8178,8166,8207,8180,8280,29.43661069869995,False
118,8193,8211,8196,8198,8155,8220,8179,8174,8184,8183,8193,8195,8215,8326,29.44460606575012,False
119,8178,8200,8121,8199,8148,8217,8186,8148,8184,8178,8194,8172,8224,8339,29.45261859893799,False
120,8199,8209,8179,8203,8168,8211,8183,8169,8176,8175,8195,8195,8227,8334,29.45955753326416,False
121,8197,8202,8167,8206,8138,8218,8197,8176,8199,8191,8207,8195,8242,8338,29.467607498168945,False
122,8198,8222,8224,8198,8221,8219,8191,8191,8206,8197,8190,8195,8229,8332,29.47534775733948,False
123,8174,8200,8164,8189,8185,8200,8187,8180,8207,8196,8186,8168,8227,8319,29.48360919952393,False
124,8146,8186,8155,8191,8179,8210,8193,8191,8218,8197,8195,8166,8231,8307,29.491555213928223,False
125,8142,8187,8167,8189,8180,8233,8201,8198,8229,8208,8188,8167,8219,8304,29.499621391296387,False
126,8146,8190,8134,8184,8164,8220,8196,8173,8224,8214,8175,8158,8208,8294,29.507375240325928,False
127,8168,8206,8220,8192,8216,8208,8178,8192,8205,8192,8181,8192,8199,8294,29.51559805870056,False
237,8153,8179,8148,8203,8151,8214,8190,8176,8213,8183,8197,8171,8210,8310,29.522571563720703,False
0,8148,8199,8142,8208,8175,8212,8190,8160,8203,8183,8172,8163,8193,8296,29.530463218688965,False
1,8177,8227,8237,8214,8205,8203,8169,8173,8186,8178,8169,8198,8182,8286,29.538453817367557,False
2,8181,8198,8161,8214,8141,8207,8167,8162,8203,8188,8210,8189,8218,8320,29.54654550552368,False
3,8186,8198,8141,8213,8168,8210,8170,8164,8199,8189,8213,8188,8233,8337,29.55446577072144,False
4,8190,8206,8144,8224,8182,8203,8176,8156,8186,8184,8201,8178,8225,8327,29.562594413757324,False
5,8205,8230,8199,8231,8250,8207,8159,8162,8185,8186,8199,8188,8221,8319,29.570482969284058,False
6,8217,8236,8226,8223,8243,8211,8141,8170,8189,8195,8201,8200,8220,8321,29.578471660614014,False
7,8200,8219,8144,8224,8160,8203,8158,8157,8209,8201,8204,8180,8226,8340,29.586557626724243,False
8,8205,8228,8179,8233,8229,8207,8165,8179,8220,8195,8195,8193,8222,8349,29.59460997581482,False
9,8198,8202,8154,8214,8238,8215,8156,8171,8211,8185,8191,8181,8214,8335,29.601404428482056,False
10,8188,8191,8141,8191,8233,8204,8152,8161,8199,8180,8183,8167,8199,8317,29.60942578315735,False
11,8191,8198,8192,8189,8238,8184,8158,8173,8197,8181,8166,8175,8180,8303,29.61732530593872,False
12,8163,8167,8134,8176,8180,8177,8159,8148,8179,8157,8130,8144,8148,8277,29.625431060791016,False
13,8157,8172,8173,8159,8208,8199,8155,8158,8146,8131,8106,8145,8114,8259,29.633398294448853,False
14,8171,8177,8172,8165,8173,8208,8166,8167,8165,8151,8146,8162,8140,8286,29.64146590232849,False
15,8171,8176,8161,8169,8180,8197,8151,8155,8171,8152,8154,8169,8149,8291,29.649415731430054,False
16,8165,8186,8217,8166,8237,8203,8129,8163,8141,8130,8133,8176,8124,8271,29.65631985664368,False
17,8156,8171,8152,8175,8191,8212,8158,8159,8175,8167,8182,8160,8171,8305,29.664401292800903,False
18,8182,8192,8193,8193,8240,8215,8175,8183,8216,8198,8206,8182,8207,8326,29.6724865436554,False
19,8186,8199,8208,8202,8228,8209,8159,8179,8198,8174,8176,8184,8187,8300,29.68067193031311,False
20,8175,8197,8149,8208,8171,8202,8149,8153,8186,8172,8181,8166,8191,8304,29.68863081932068,False
21,8206,8217,8186,8210,8186,8211,8155,8177,8197,8195,8191,8188,8208,8336,29.696626663208008,False
22,8205,8207,8165,8193,8167,8211,8160,8187,8199,8191,8163,8174,8192,8331,29.704710721969604,False
23,8188,8213,8224,8177,8230,8200,8143,8194,8186,8173,8137,8177,8153,8293,29.71266531944275,False
24,8165,8182,8179,8176,8173,8208,8169,8179,8207,8181,8150,8164,8159,8278,29.71971035003662,False
25,8151,8176,8121,8172,8156,8229,8216,8177,8233,8192,8154,8149,8181,8280,29.727381706237797,False
26,8169,8221,8253,8172,8252,8224,8206,8223,8209,8183,8136,8188,8163,8275,29.735440015792847,False
27,8145,8179,8161,8170,8138,8201,8196,8186,8198,8182,8147,8159,8161,8274,29.74345707893372,False
28,8150,8161,8099,8165,8120,8203,8196,8149,8203,8187,8163,8146,8171,8281,29.75139808654785,False
29,8196,8199,8192,8176,8195,8203,8171,8174,8190,8188,8180,8182,8187,8301,29.75937366485596,False
30,8201,8207,8197,8199,8174,8180,8139,8170,8174,8178,8195,8184,8206,8319,29.767523765563965,False
31,8200,8199,8183,8206,8150,8168,8121,8148,8166,8166,8184,8184,8199,8319,29.77569365501404,False
32,8199,8185,8131,8198,8128,8167,8129,8136,8173,8176,8183,8172,8193,8320,29.78359627723694,False
33,8202,8203,8199,8200,8202,8171,8132,8173,8170,8180,8184,8183,8188,8309,29.7903094291687,False
34,8186,8184,8184,8198,8145,8167,8137,8168,8161,8164,8178,8171,8187,8293,29.79849338531494,False
35,8172,8166,8121,8182,8108,8160,8138,8144,8148,8155,8167,8153,8184,8288,29.80642962455749,False
36,8196,8203,8272,8178,8246,8168,8134,8203,8139,8164,8159,8197,8170,8280,29.81453275680542,False
37,8165,8161,8195,8175,8152,8170,8165,8197,8168,8169,8170,8173,8180,8271,29.82249236106873,False
38,8132,8129,8080,8166,8098,8168,8182,8155,8187,8164,8170,8139,8185,8268,29.83043384552002,False
39,8146,8157,8170,8160,8208,8181,8174,8177,8182,8177,8173,8166,8180,8278,29.83853578567505,False
40,8133,8144,8150,8154,8201,8183,8183,8174,8188,8188,8180,8155,8186,8278,29.84645128250122,False
41,8137,8138,8147,8143,8190,8163,8184,8167,8183,8164,8164,8151,8166,8253,29.854493618011475,False
42,8151,8136,8164,8132,8174,8149,8174,8168,8177,8155,8157,8163,8152,8251,29.86145043373108,False
43,8156,8147,8201,8137,8204,8166,8166,8184,8177,8172,8157,8179,8174,8274,29.86939001083374,False
44,8161,8150,8178,8151,8167,8178,8172,8180,8184,8175,8159,8174,8195,8288,29.877514600753784,False
45,8159,8138,8107,8151,8116,8155,8175,8146,8181,8159,8153,8151,8169,8275,29.885568380355835,False
46,8173,8167,8240,8148,8227,8150,8150,8169,8145,8140,8127,8183,8122,8253,29.893522024154663,False
47,8157,8149,8196,8153,8174,8160,8157,8166,8156,8155,8142,8165,8150,8262,29.90166425704956,False
48,8146,8147,8120,8164,8137,8153,8172,8151,8187,8178,8169,8147,8184,8267,29.90956258773804,False
49,8176,8185,8226,8179,8184,8155,8161,8177,8177,8181,8173,8190,8175,8266,29.916499853134155,False
50,8173,8170,8169,8198,8112,8167,8161,8164,8183,8189,8191,8179,8197,8292,29.92436695098877,False
51,8167,8165,8163,8197,8144,8160,8145,8161,8182,8180,8188,8169,8201,8295,29.93281841278076,False
52,8150,8149,8167,8170,8143,8125,8132,8156,8160,8160,8170,8160,8175,8273,29.940619230270386,False
53,8138,8147,8153,8153,8129,8110,8136,8157,8153,8158,8174,8160,8174,8272,29.94859004020691,False
54,8155,8154,8194,8149,8154,8128,8144,8182,8161,8162,8183,8183,8186,8283,29.95663547515869,False
55,8137,8118,8120,8150,8109,8139,8163,8159,8168,8160,8180,8154,8181,8278,29.96459174156189,False
56,8140,8130,8171,8163,8171,8141,8170,8172,8159,8153,8163,8163,8156,8263,29.972636222839355,False
57,8153,8144,8213,8163,8172,8151,8167,8192,8160,8161,8164,8180,8157,8263,29.979562282562256,False
58,8139,8139,8149,8156,8123,8159,8156,8162,8162,8168,8166,8153,8161,8254,29.987573385238647,False
59,8141,8154,8147,8184,8125,8147,8139,8149,8160,8158,8154,8145,8143,8237,29.995571613311768,False
60,8158,8170,8146,8212,8125,8144,8133,8148,8170,8163,8162,8149,8147,8249,30.003725051879883,False
