COUNTER,F3,FC5,AF3,F7,T7,P7,O1,O2,P8,T8,F8,AF4,FC6,F4,Timestamp,word_label,please_event
112,8166,8167,8162,8128,8184,8191,8175,8172,8196,8177,8109,8168,8110,8114,0.0290789604187011,sil,False
113,8160,8163,8145,8133,8180,8183,8165,8170,8185,8178,8113,8166,8107,8108,0.0442051887512207,sil,False
114,8176,8179,8180,8134,8177,8185,8163,8171,8177,8174,8132,8191,8112,8118,0.0442051887512207,sil,False
115,8200,8198,8183,8160,8186,8198,8184,8177,8196,8191,8158,8203,8126,8132,0.0601627826690673,sil,False
116,8204,8198,8185,8167,8195,8199,8194,8178,8204,8209,8166,8208,8128,8131,0.0601627826690673,sil,False
117,8193,8199,8203,8153,8201,8200,8194,8178,8191,8197,8158,8205,8120,8121,0.0601627826690673,sil,False
118,8181,8201,8177,8167,8206,8198,8193,8170,8182,8184,8148,8179,8113,8109,0.0753259658813476,sil,False
119,8175,8202,8194,8171,8198,8203,8189,8178,8169,8186,8132,8181,8097,8115,0.0753259658813476,sil,False
120,8164,8191,8177,8169,8198,8225,8207,8190,8197,8216,8135,8174,8099,8124,0.0913760662078857,sil,False
121,8164,8180,8157,8166,8203,8222,8206,8185,8225,8226,8129,8163,8107,8128,0.0913760662078857,sil,False
122,8177,8184,8177,8171,8199,8205,8189,8186,8220,8220,8118,8175,8108,8128,0.1076042652130127,sil,False
123,8178,8171,8157,8170,8198,8189,8186,8178,8214,8214,8131,8175,8114,8121,0.1076042652130127,sil,False
124,8176,8172,8179,8150,8197,8189,8183,8175,8196,8181,8139,8187,8106,8121,0.1222257614135742,sil,False
125,8178,8202,8193,8168,8196,8202,8198,8182,8198,8187,8145,8190,8105,8121,0.1222257614135742,sil,False
126,8171,8200,8190,8182,8192,8198,8200,8174,8199,8211,8143,8183,8102,8119,0.1377601623535156,sil,False
127,8168,8190,8200,8168,8196,8205,8189,8169,8187,8205,8133,8187,8093,8126,0.1532926559448242,please,True
237,8172,8189,8169,8174,8208,8217,8205,8170,8200,8205,8137,8175,8104,8137,0.1532926559448242,please,True
0,8176,8179,8183,8168,8198,8212,8210,8179,8208,8216,8131,8179,8109,8145,0.1693925857543945,please,True
1,8171,8167,8176,8155,8184,8210,8208,8185,8214,8236,8124,8177,8115,8146,0.1693925857543945,please,True
2,8176,8160,8158,8148,8180,8200,8205,8183,8223,8242,8132,8176,8124,8153,0.1854379177093505,please,True
3,8186,8168,8186,8143,8185,8197,8194,8188,8218,8220,8130,8186,8125,8152,0.1854379177093505,please,True
4,8176,8167,8160,8141,8189,8195,8185,8178,8207,8195,8112,8164,8125,8126,0.2024385929107666,please,True
5,8169,8159,8163,8128,8178,8186,8169,8177,8199,8176,8102,8167,8120,8124,0.2024385929107666,please,True
6,8168,8153,8163,8129,8171,8180,8177,8187,8212,8181,8118,8175,8128,8132,0.2024385929107666,please,True
7,8169,8148,8147,8135,8172,8171,8181,8169,8193,8178,8130,8168,8136,8117,0.2171492576599121,please,True
8,8175,8162,8180,8141,8178,8175,8169,8166,8162,8161,8134,8187,8136,8114,0.2171492576599121,please,True
9,8184,8177,8173,8162,8188,8185,8179,8178,8187,8171,8156,8195,8151,8119,0.2323856353759765,please,True
10,8203,8183,8192,8163,8182,8188,8181,8177,8193,8168,8157,8205,8150,8124,0.2489080429077148,please,True
11,8210,8185,8208,8174,8183,8197,8185,8168,8171,8165,8151,8214,8147,8135,0.2489080429077148,please,True
12,8196,8181,8187,8190,8189,8187,8184,8153,8160,8165,8165,8207,8146,8133,0.2489080429077148,please,True
13,8184,8181,8201,8175,8190,8177,8165,8154,8149,8140,8162,8204,8122,8112,0.2647202014923095,please,True
14,8177,8171,8180,8177,8199,8188,8170,8158,8152,8140,8145,8174,8105,8097,0.2647202014923095,please,True
15,8177,8168,8188,8188,8200,8191,8178,8160,8149,8148,8135,8165,8100,8104,0.2805283069610595,please,True
16,8179,8184,8203,8207,8202,8197,8192,8168,8151,8164,8140,8174,8109,8117,0.2805283069610595,please,True
17,8180,8184,8181,8220,8208,8196,8197,8161,8155,8180,8144,8165,8118,8113,0.2950141429901123,please,True
18,8178,8182,8204,8209,8201,8192,8179,8163,8141,8165,8139,8170,8110,8105,0.3105127811431885,please,True
19,8166,8180,8189,8210,8196,8205,8188,8167,8159,8175,8135,8162,8112,8101,0.3105127811431885,please,True
20,8163,8169,8182,8195,8196,8209,8195,8162,8164,8180,8107,8156,8102,8097,0.3257982730865478,please,True
21,8168,8168,8195,8184,8197,8205,8194,8163,8152,8171,8106,8165,8100,8102,0.3257982730865478,please,True
22,8171,8164,8175,8191,8199,8198,8198,8163,8171,8189,8144,8170,8126,8117,0.3413934707641601,please,True
23,8174,8158,8195,8183,8195,8195,8197,8177,8189,8206,8142,8176,8132,8128,0.3413934707641601,please,True
24,8175,8158,8173,8184,8194,8197,8202,8184,8197,8212,8122,8157,8122,8123,0.3565921783447265,please,True
25,8174,8153,8162,8173,8182,8194,8195,8170,8192,8193,8124,8152,8123,8120,0.3565921783447265,please,True
26,8161,8145,8167,8148,8173,8189,8187,8173,8187,8172,8129,8152,8131,8116,0.3723771572113037,please,True
27,8148,8139,8128,8143,8179,8173,8180,8176,8194,8172,8124,8132,8135,8103,0.3723771572113037,please,True
28,8163,8146,8145,8144,8177,8180,8167,8175,8191,8169,8130,8151,8135,8104,0.3880500793457031,please,True
29,8174,8158,8148,8154,8180,8191,8176,8171,8199,8175,8149,8165,8148,8106,0.3880500793457031,please,True
30,8178,8164,8155,8165,8195,8174,8176,8169,8194,8187,8162,8174,8156,8111,0.4031736850738525,please,True
31,8184,8174,8180,8168,8197,8177,8166,8172,8182,8193,8178,8193,8160,8123,0.4031736850738525,please,True
32,8179,8172,8156,8162,8192,8184,8161,8164,8181,8186,8185,8176,8163,8116,0.4186887741088867,please,True
33,8173,8176,8177,8159,8198,8178,8159,8159,8165,8169,8169,8166,8142,8105,0.4186887741088867,please,True
34,8176,8192,8178,8188,8207,8189,8179,8164,8168,8183,8176,8162,8137,8108,0.4344782829284668,please,True
35,8177,8187,8163,8183,8204,8199,8186,8166,8168,8187,8175,8154,8138,8107,0.4344782829284668,please,True
36,8169,8173,8177,8156,8195,8197,8176,8172,8151,8171,8144,8145,8120,8093,0.4499769210815429,please,True
37,8166,8166,8157,8174,8193,8192,8192,8172,8164,8189,8145,8135,8123,8090,0.4499769210815429,please,True
38,8173,8175,8182,8189,8193,8198,8207,8178,8180,8207,8164,8159,8142,8115,0.4660215377807617,please,True
39,8177,8181,8187,8189,8191,8209,8213,8185,8192,8214,8159,8158,8151,8130,0.4660215377807617,please,True
40,8170,8159,8158,8172,8175,8189,8203,8175,8192,8200,8139,8133,8132,8114,0.4811928272247314,please,True
41,8153,8141,8163,8151,8166,8177,8188,8173,8179,8179,8125,8132,8118,8105,0.4811928272247314,please,True
42,8146,8138,8138,8158,8174,8185,8189,8169,8178,8193,8130,8124,8136,8110,0.4967021942138672,please,True
43,8159,8139,8145,8148,8171,8181,8180,8162,8174,8193,8135,8132,8138,8116,0.4967021942138672,please,True
44,8158,8144,8147,8138,8173,8174,8182,8168,8177,8185,8141,8139,8140,8116,0.5122556686401367,please,True
45,8148,8138,8136,8135,8172,8164,8174,8164,8167,8180,8141,8137,8146,8106,0.5122556686401367,please,True
46,8150,8135,8151,8121,8160,8157,8139,8157,8154,8164,8147,8151,8146,8095,0.5282278060913086,please,True
47,8150,8138,8129,8116,8167,8155,8136,8153,8166,8162,8172,8148,8156,8085,0.5282278060913086,please,True
48,8147,8142,8157,8112,8171,8151,8139,8157,8155,8159,8174,8158,8151,8085,0.5439889430999756,please,True
49,8139,8142,8170,8127,8168,8157,8138,8164,8148,8158,8154,8150,8130,8084,0.5439889430999756,please,True
50,8136,8142,8145,8148,8173,8160,8141,8155,8159,8156,8147,8126,8119,8077,0.5597202777862549,please,True
51,8143,8150,8173,8140,8175,8170,8155,8161,8164,8161,8160,8150,8124,8090,0.5597202777862549,please,True
52,8152,8156,8165,8147,8177,8185,8179,8175,8179,8188,8177,8159,8139,8107,0.5755250453948975,please,True
53,8169,8170,8182,8174,8188,8194,8178,8170,8187,8191,8174,8157,8137,8115,0.5755250453948975,please,True
54,8174,8179,8200,8193,8197,8210,8185,8172,8201,8199,8182,8162,8145,8121,0.5910913944244385,please,True
55,8159,8159,8163,8182,8188,8217,8203,8174,8214,8217,8188,8152,8157,8121,0.5910913944244385,please,True
56,8150,8148,8163,8161,8179,8210,8196,8180,8200,8208,8161,8144,8142,8118,0.6060061454772949,please,True
57,8148,8143,8148,8159,8177,8201,8186,8182,8204,8214,8160,8134,8145,8114,0.6060061454772949,please,True
58,8146,8129,8146,8142,8163,8193,8179,8174,8209,8226,8178,8146,8154,8119,0.6222712993621826,please,True
59,8143,8131,8143,8125,8160,8196,8181,8178,8209,8226,8178,8157,8146,8120,0.6222712993621826,please,True
60,8154,8141,8124,8134,8173,8189,8184,8180,8220,8218,8180,8151,8154,8123,0.6382608413696289,sil,False
61,8173,8149,8163,8138,8174,8178,8185,8185,8225,8208,8182,8164,8173,8143,0.6382608413696289,sil,False
62,8175,8145,8158,8144,8174,8175,8195,8180,8223,8214,8182,8167,8181,8143,0.6558351516723633,sil,False
63,8173,8139,8153,8134,8171,8166,8178,8167,8201,8195,8183,8178,8169,8126,0.6558351516723633,sil,False
64,8180,8154,8174,8133,8165,8173,8164,8177,8196,8176,8186,8190,8170,8129,0.6698312759399414,sil,False
65,8193,8167,8160,8156,8171,8176,8173,8181,8215,8194,8195,8184,8186,8139,0.6698312759399414,sil,False
66,8199,8174,8186,8146,8170,8169,8164,8184,8212,8196,8206,8211,8192,8149,0.6850988864898682,sil,False
67,8186,8173,8172,8140,8166,8171,8161,8181,8207,8190,8219,8212,8196,8143,0.6850988864898682,sil,False
68,8174,8161,8156,8141,8158,8160,8152,8168,8183,8177,8200,8188,8178,8122,0.7005078792572021,sil,False
69,8173,8159,8176,8131,8146,8157,8150,8175,8162,8166,8183,8187,8162,8110,0.7005078792572021,sil,False
70,8172,8162,8159,8136,8153,8168,8172,8175,8182,8170,8200,8191,8176,8114,0.7164306640625,sil,False
71,8176,8167,8183,8139,8166,8180,8168,8170,8179,8161,8195,8203,8174,8129,0.7164306640625,sil,False
72,8173,8180,8184,8157,8175,8192,8159,8165,8168,8163,8179,8180,8157,8122,0.7319562435150146,sil,False
73,8168,8189,8179,8172,8178,8188,8163,8158,8163,8166,8188,8168,8148,8111,0.7319562435150146,sil,False
74,8161,8185,8204,8168,8176,8193,8176,8170,8164,8172,8203,8193,8160,8127,0.7473978996276855,sil,False
75,8151,8161,8171,8170,8174,8207,8197,8175,8190,8202,8190,8178,8177,8140,0.7473978996276855,sil,False
76,8160,8150,8177,8164,8170,8219,8200,8180,8201,8210,8170,8167,8168,8143,0.7632989883422852,sil,False
77,8171,8151,8171,8160,8171,8218,8204,8190,8206,8208,8177,8164,8171,8142,0.7632989883422852,sil,False
78,8164,8140,8147,8140,8165,8194,8187,8182,8203,8197,8176,8155,8181,8137,0.7787773609161377,sil,False
79,8169,8143,8178,8130,8160,8185,8161,8180,8198,8188,8178,8179,8188,8142,0.7787773609161377,sil,False
80,8189,8160,8180,8156,8166,8183,8162,8178,8206,8203,8214,8200,8205,8146,0.793548583984375,sil,False
81,8194,8170,8193,8158,8171,8171,8155,8165,8181,8187,8212,8202,8187,8132,0.793548583984375,sil,False
82,8183,8177,8186,8169,8172,8174,8151,8153,8156,8161,8191,8179,8155,8113,0.8091261386871338,sil,False
83,8172,8171,8170,8180,8165,8179,8146,8152,8148,8160,8195,8165,8152,8100,0.8091261386871338,sil,False
84,8155,8160,8183,8160,8160,8190,8145,8163,8134,8164,8183,8167,8150,8096,0.8243117332458496,sil,False
85,8149,8158,8156,8160,8166,8203,8176,8166,8147,8175,8162,8144,8150,8104,0.8243117332458496,sil,False
86,8170,8164,8178,8168,8164,8205,8201,8176,8174,8191,8166,8160,8169,8133,0.8404207229614258,sil,False
87,8183,8166,8187,8168,8167,8199,8201,8189,8201,8217,8194,8195,8203,8152,0.8404207229614258,sil,False
88,8191,8167,8155,8162,8165,8181,8176,8172,8199,8207,8201,8202,8205,8140,0.8558790683746338,sil,False
89,8205,8175,8183,8155,8152,8178,8154,8164,8183,8171,8193,8209,8188,8128,0.8558790683746338,sil,False
90,8201,8167,8177,8164,8164,8181,8165,8167,8191,8183,8207,8201,8204,8121,0.8710832595825195,sil,False
91,8189,8161,8173,8156,8172,8166,8150,8158,8163,8178,8208,8199,8205,8112,0.8710832595825195,sil,False
92,8178,8163,8172,8156,8154,8163,8123,8145,8116,8136,8185,8179,8170,8096,0.8877096176147461,sil,False
93,8164,8147,8153,8176,8143,8168,8134,8138,8116,8128,8164,8143,8142,8086,0.8877096176147461,sil,False
94,8153,8145,8166,8180,8159,8164,8160,8159,8143,8149,8153,8147,8146,8096,0.9028425216674804,sil,False
95,8150,8148,8134,8186,8165,8149,8176,8166,8162,8170,8152,8143,8163,8101,0.9181766510009766,sil,False
96,8162,8134,8142,8184,8147,8133,8165,8157,8148,8167,8146,8142,8155,8107,0.9181766510009766,sil,False
97,8177,8140,8168,8190,8148,8143,8164,8167,8150,8175,8147,8152,8158,8119,0.9181766510009766,sil,False
98,8173,8137,8136,8190,8160,8151,8171,8168,8163,8185,8148,8139,8182,8117,0.9333877563476562,sil,False
99,8171,8114,8150,8162,8149,8142,8163,8167,8151,8169,8137,8149,8189,8116,0.9493143558502196,sil,False
100,8177,8111,8145,8161,8142,8137,8167,8169,8154,8169,8145,8156,8191,8122,0.9493143558502196,sil,False
101,8182,8122,8145,8162,8143,8137,8156,8171,8159,8167,8162,8163,8195,8126,0.9645025730133056,sil,False
102,8178,8123,8156,8145,8139,8138,8142,8175,8168,8158,8169,8177,8198,8122,0.9645025730133056,sil,False
103,8176,8124,8134,8147,8136,8131,8142,8163,8175,8160,8172,8177,8197,8112,0.9800131320953368,sil,False
104,8178,8142,8159,8149,8139,8131,8135,8159,8146,8156,8170,8186,8183,8108,0.9800131320953368,sil,False
105,8170,8142,8150,8152,8148,8139,8141,8168,8140,8160,8177,8175,8184,8100,0.9952940940856934,sil,False
106,8163,8125,8140,8152,8138,8128,8134,8161,8141,8142,8176,8166,8180,8090,0.9952940940856934,sil,False
107,8158,8135,8163,8163,8128,8130,8124,8153,8120,8123,8167,8170,8162,8086,1.0104501247406006,sil,False
108,8154,8144,8149,8184,8145,8139,8137,8149,8114,8141,8171,8155,8163,8091,1.0104501247406006,sil,False
109,8160,8148,8169,8181,8153,8151,8139,8151,8109,8144,8160,8159,8166,8102,1.0261130332946775,sil,False
110,8154,8141,8156,8182,8152,8172,8149,8155,8118,8156,8154,8147,8171,8102,1.0261130332946775,sil,False
111,8147,8124,8136,8170,8147,8173,8164,8162,8134,8177,8157,8134,8175,8104,1.042210578918457,sil,False
112,8155,8134,8160,8162,8142,8173,8172,8177,8147,8179,8156,8152,8183,8122,1.042210578918457,sil,False
113,8162,8137,8142,8170,8145,8172,8169,8172,8152,8168,8155,8152,8187,8125,1.0579705238342283,sil,False
114,8155,8116,8142,8139,8139,8156,8137,8163,8125,8145,8145,8151,8169,8113,1.0579705238342283,sil,False
115,8164,8125,8142,8135,8131,8147,8128,8166,8126,8147,8155,8162,8180,8114,1.0736944675445557,sil,False
116,8198,8152,8159,8163,8129,8140,8133,8163,8140,8148,8174,8193,8199,8125,1.0736944675445557,sil,False
117,8204,8156,8184,8163,8131,8139,8122,8165,8119,8127,8175,8209,8182,8126,1.0893945693969729,sil,False
118,8180,8151,8145,8162,8137,8134,8120,8152,8098,8126,8175,8176,8166,8109,1.0893945693969729,sil,False
119,8180,8162,8169,8164,8131,8126,8109,8141,8076,8113,8174,8177,8161,8098,1.1054322719573977,sil,False
120,8187,8163,8187,8173,8125,8138,8108,8153,8068,8102,8177,8181,8156,8096,1.1054322719573977,sil,False
121,8177,8151,8168,8182,8130,8155,8125,8157,8081,8115,8177,8170,8153,8099,1.1211390495300293,sil,False
122,8158,8148,8184,8182,8134,8164,8143,8161,8095,8134,8168,8175,8156,8112,1.1211390495300293,sil,False
123,8147,8136,8159,8189,8127,8153,8142,8162,8112,8156,8174,8167,8177,8114,1.1369578838348389,sil,False
124,8175,8144,8182,8198,8113,8132,8109,8164,8105,8145,8196,8196,8195,8122,1.1369578838348389,sil,False
125,8219,8189,8227,8242,8122,8130,8103,8168,8098,8129,8230,8243,8208,8141,1.152310132980347,sil,False
126,8228,8202,8232,8277,8136,8130,8104,8154,8103,8128,8257,8261,8222,8142,1.152310132980347,sil,False
127,8216,8191,8253,8265,8127,8132,8085,8151,8099,8119,8267,8278,8225,8130,1.167724609375,sil,False
237,8211,8192,8239,8284,8121,8141,8094,8153,8097,8126,8283,8278,8226,8124,1.167724609375,sil,False
0,8226,8210,8265,8325,8131,8153,8109,8152,8090,8133,8279,8285,8213,8135,1.183501958847046,sil,False
1,8234,8224,8289,8347,8149,8180,8128,8164,8112,8150,8269,8289,8211,8150,1.183501958847046,sil,False
2,8220,8207,8254,8334,8149,8197,8150,8172,8141,8174,8276,8280,8230,8156,1.199030876159668,sil,False
3,8210,8186,8248,8298,8131,8187,8150,8174,8136,8172,8269,8281,8234,8155,1.199030876159668,sil,False
4,8206,8176,8215,8281,8125,8167,8139,8164,8139,8168,8248,8255,8226,8145,1.214179277420044,sil,False
5,8217,8175,8211,8264,8127,8158,8130,8162,8145,8159,8239,8255,8222,8147,1.214179277420044,sil,False
6,8231,8188,8220,8252,8136,8173,8145,8175,8153,8165,8259,8276,8239,8157,1.2293086051940918,sil,False
7,8224,8189,8194,8242,8149,8166,8150,8167,8149,8169,8265,8258,8243,8146,1.2293086051940918,sil,False
8,8226,8196,8218,8235,8150,8152,8127,8168,8126,8160,8254,8256,8229,8143,1.2454357147216797,sil,False
9,8232,8202,8208,8247,8150,8161,8125,8171,8122,8168,8255,8250,8229,8145,1.2454357147216797,sil,False
10,8216,8189,8198,8223,8149,8173,8125,8157,8107,8151,8239,8232,8206,8130,1.2615420818328855,sil,False
11,8191,8182,8206,8206,8150,8188,8134,8160,8101,8144,8218,8216,8186,8122,1.2615420818328855,sil,False
12,8185,8175,8185,8226,8159,8193,8156,8167,8119,8176,8216,8198,8199,8128,1.2770452499389648,sil,False
13,8191,8162,8203,8212,8161,8194,8161,8172,8114,8185,8208,8203,8187,8134,1.2770452499389648,sil,False
14,8182,8150,8176,8192,8158,8202,8176,8170,8111,8179,8191,8187,8166,8124,1.2929790019989014,sil,False
15,8169,8134,8150,8174,8146,8190,8177,8159,8106,8169,8164,8164,8167,8117,1.2929790019989014,sil,False
16,8157,8119,8151,8146,8135,8174,8158,8169,8107,8169,8152,8164,8183,8120,1.3085241317749023,sil,False
17,8160,8111,8124,8138,8141,8162,8157,8181,8133,8185,8169,8166,8205,8125,1.3085241317749023,sil,False
18,8178,8127,8151,8137,8144,8161,8160,8181,8134,8172,8168,8181,8204,8129,1.3241758346557615,sil,False
19,8175,8138,8142,8133,8148,8168,8159,8170,8123,8156,8159,8173,8196,8116,1.3241758346557615,sil,False
20,8166,8135,8132,8119,8153,8162,8140,8159,8109,8157,8174,8172,8200,8108,1.3399226665496826,sil,False
21,8175,8150,8170,8129,8161,8164,8138,8173,8111,8161,8198,8196,8217,8119,1.3399226665496826,sil,False
22,8177,8156,8157,8153,8171,8169,8158,8180,8130,8168,8202,8187,8222,8116,1.3554067611694336,sil,False
23,8163,8150,8162,8131,8168,8169,8152,8167,8117,8153,8177,8172,8187,8101,1.3554067611694336,sil,False
24,8150,8159,8151,8126,8167,8178,8154,8152,8102,8141,8166,8147,8165,8085,1.3715298175811768,sil,False
25,8143,8162,8139,8145,8166,8181,8158,8149,8099,8136,8162,8132,8161,8078,1.3715298175811768,sil,False
26,8126,8154,8160,8149,8162,8187,8159,8165,8100,8143,8146,8133,8154,8084,1.387075901031494,sil,False
27,8114,8135,8128,8146,8164,8196,8180,8161,8117,8167,8134,8106,8155,8080,1.387075901031494,sil,False
28,8126,8130,8128,8134,8161,8199,8186,8155,8111,8163,8122,8105,8155,8083,1.403026103973389,sil,False
29,8132,8136,8125,8134,8158,8200,8190,8171,8124,8170,8126,8108,8163,8101,1.403026103973389,sil,False
30,8133,8121,8108,8125,8153,8185,8193,8178,8152,8183,8135,8102,8168,8107,1.4185686111450195,sil,False
31,8142,8111,8118,8097,8146,8175,8177,8176,8139,8154,8124,8114,8157,8093,1.4185686111450195,sil,False
32,8141,8116,8090,8098,8144,8168,8160,8163,8124,8130,8122,8111,8156,8082,1.433340072631836,sil,False
33,8145,8127,8116,8102,8140,8154,8144,8160,8125,8132,8142,8125,8159,8094,1.433340072631836,sil,False
34,8148,8134,8130,8107,8139,8155,8144,8167,8128,8143,8153,8133,8156,8094,1.4493398666381836,sil,False
35,8146,8140,8102,8111,8145,8155,8142,8160,8117,8147,8148,8128,8154,8087,1.4493398666381836,sil,False
36,8150,8148,8128,8105,8148,8156,8132,8163,8111,8156,8168,8146,8162,8096,1.4652810096740725,sil,False
37,8151,8142,8121,8113,8153,8160,8138,8163,8127,8169,8192,8135,8167,8095,1.4652810096740725,sil,False
38,8148,8144,8123,8114,8155,8161,8136,8158,8103,8145,8171,8129,8143,8084,1.48038649559021,sil,False
39,8149,8154,8133,8123,8160,8166,8140,8165,8087,8143,8154,8133,8129,8084,1.48038649559021,sil,False
40,8148,8148,8128,8135,8159,8166,8149,8161,8101,8164,8155,8117,8131,8087,1.4960062503814695,sil,False
41,8140,8148,8154,8126,8148,8176,8147,8156,8091,8145,8138,8113,8113,8077,1.4960062503814695,sil,False
42,8137,8154,8137,8138,8155,8190,8155,8149,8086,8137,8136,8111,8112,8067,1.5115046501159668,sil,False
43,8144,8148,8140,8142,8168,8190,8158,8151,8092,8149,8140,8117,8124,8077,1.5115046501159668,sil,False
44,8132,8133,8140,8126,8164,8192,8169,8172,8115,8176,8130,8110,8126,8090,1.5264413356781006,sil,False
45,8113,8107,8094,8107,8148,8183,8171,8172,8134,8189,8122,8094,8130,8086,1.5264413356781006,sil,False
46,8119,8099,8109,8087,8138,8168,8145,8163,8123,8160,8119,8111,8135,8088,1.5419981479644775,sil,False
47,8135,8120,8111,8097,8146,8163,8146,8170,8134,8163,8134,8108,8148,8100,1.5419981479644775,sil,False
48,8148,8134,8128,8109,8150,8155,8155,8179,8152,8181,8151,8113,8158,8114,1.5576319694519043,sil,False
49,8152,8137,8145,8111,8151,8164,8161,8183,8162,8191,8163,8134,8172,8124,1.5576319694519043,sil,False
50,8150,8133,8112,8104,8152,8171,8165,8176,8161,8188,8166,8130,8172,8115,1.5730154514312744,sil,False
51,8154,8136,8133,8088,8148,8159,8147,8172,8138,8155,8147,8136,8145,8105,1.5730154514312744,sil,False
52,8158,8138,8131,8102,8151,8151,8144,8166,8137,8151,8145,8135,8143,8104,1.5886168479919434,sil,False
53,8168,8140,8132,8107,8150,8150,8149,8163,8137,8160,8156,8144,8148,8113,1.5886168479919434,sil,False
54,8175,8158,8161,8108,8148,8157,8148,8172,8134,8146,8153,8154,8141,8119,1.6046524047851562,sil,False
55,8179,8172,8149,8138,8166,8160,8151,8167,8146,8153,8164,8142,8150,8116,1.6046524047851562,sil,False
56,8195,8182,8178,8151,8182,8168,8157,8175,8150,8181,8189,8158,8162,8129,1.6194119453430176,sil,False
57,8199,8181,8180,8152,8183,8176,8179,8185,8160,8200,8205,8158,8173,8137,1.635300874710083,sil,False
58,8187,8176,8173,8155,8177,8169,8177,8170,8149,8184,8193,8141,8165,8128,1.635300874710083,sil,False
59,8180,8182,8185,8160,8176,8175,8169,8163,8130,8169,8171,8138,8144,8119,1.635300874710083,sil,False
60,8175,8170,8156,8163,8181,8189,8181,8163,8143,8181,8165,8128,8139,8117,1.6513800621032717,sil,False
61,8179,8161,8178,8150,8176,8188,8174,8166,8147,8179,8165,8136,8135,8124,1.6513800621032717,sil,False
62,8182,8173,8176,8164,8176,8188,8170,8167,8143,8179,8169,8138,8138,8125,1.667116403579712,sil,False
63,8174,8168,8154,8175,8182,8193,8177,8161,8137,8184,8160,8132,8134,8123,1.6834359169006348,sil,False
64,8161,8157,8161,8156,8176,8195,8182,8167,8137,8184,8145,8119,8128,8124,1.6834359169006348,sil,False
65,8155,8152,8126,8143,8161,8174,8180,8171,8150,8192,8149,8110,8138,8121,1.6992912292480469,sil,False
66,8167,8153,8145,8137,8155,8162,8175,8171,8136,8181,8145,8162,8133,8126,1.6992912292480469,sil,False
67,8170,8155,8158,8147,8167,8191,8194,8169,8129,8172,8140,8178,8125,8131,1.6992912292480469,sil,False
68,8158,8141,8133,8140,8171,8200,8196,8164,8140,8167,8133,8134,8122,8124,1.714773654937744,sil,False
69,8147,8132,8140,8118,8156,8186,8171,8169,8133,8165,8127,8131,8118,8120,1.714773654937744,sil,False
70,8140,8122,8116,8120,8142,8169,8163,8157,8117,8167,8126,8124,8115,8108,1.7296082973480225,sil,False
71,8137,8115,8123,8104,8132,8156,8153,8151,8103,8138,8108,8109,8097,8093,1.7296082973480225,sil,False
72,8137,8127,8126,8095,8136,8170,8162,8174,8126,8140,8107,8116,8103,8103,1.7445425987243652,sil,False
73,8146,8128,8116,8103,8148,8167,8178,8174,8147,8165,8123,8129,8127,8122,1.760124683380127,sil,False
74,8159,8126,8144,8099,8146,8147,8160,8170,8136,8160,8128,8140,8132,8128,1.760124683380127,sil,False
75,8155,8125,8121,8102,8146,8153,8152,8177,8146,8167,8134,8129,8141,8116,1.775475263595581,sil,False
76,8148,8124,8125,8094,8143,8166,8146,8174,8146,8169,8139,8131,8146,8116,1.775475263595581,sil,False
77,8152,8132,8139,8095,8144,8163,8138,8165,8130,8159,8149,8137,8143,8113,1.7915818691253662,sil,False
78,8162,8138,8125,8101,8151,8162,8141,8158,8125,8158,8164,8141,8148,8096,1.7915818691253662,sil,False
79,8161,8148,8148,8092,8161,8182,8155,8166,8133,8154,8163,8158,8150,8095,1.8071308135986328,sil,False
80,8152,8153,8129,8101,8176,8180,8169,8163,8150,8161,8165,8141,8150,8099,1.8071308135986328,sil,False
81,8159,8154,8135,8104,8169,8153,8145,8155,8135,8149,8164,8140,8133,8093,1.8225531578063965,sil,False
82,8158,8158,8153,8104,8157,8160,8134,8164,8124,8140,8160,8148,8121,8087,1.8225531578063965,sil,False
83,8143,8153,8130,8114,8161,8165,8139,8157,8124,8153,8160,8123,8125,8083,1.838259220123291,sil,False
84,8143,8159,8155,8119,8161,8156,8128,8151,8101,8149,8148,8119,8115,8080,1.838259220123291,sil,False
85,8150,8169,8155,8144,8168,8172,8141,8154,8107,8150,8145,8114,8108,8082,1.8534743785858157,sil,False
86,8154,8167,8160,8149,8174,8191,8152,8158,8127,8151,8146,8116,8104,8090,1.8534743785858157,sil,False
87,8158,8164,8168,8140,8175,8201,8163,8164,8131,8156,8146,8124,8110,8088,1.8689861297607424,sil,False
88,8154,8162,8144,8146,8175,8197,8178,8159,8123,8154,8143,8119,8111,8081,1.8689861297607424,sil,False
89,8147,8160,8164,8136,8164,8191,8171,8159,8110,8133,8128,8124,8100,8085,1.885030031204224,sil,False
90,8142,8147,8141,8133,8155,8192,8182,8164,8131,8150,8132,8111,8117,8089,1.885030031204224,sil,False
91,8154,8140,8130,8127,8150,8185,8195,8170,8157,8178,8140,8118,8135,8099,1.9010488986968996,sil,False
92,8169,8148,8149,8114,8148,8175,8181,8175,8163,8175,8143,8140,8137,8112,1.9010488986968996,sil,False
93,8162,8143,8120,8108,8143,8151,8152,8159,8157,8152,8150,8131,8139,8102,1.916213035583496,sil,False
94,8155,8153,8146,8112,8138,8142,8136,8156,8128,8130,8156,8138,8134,8088,1.916213035583496,sil,False
95,8160,8175,8156,8140,8149,8159,8155,8164,8127,8150,8169,8137,8134,8086,1.932378053665161,sil,False
96,8170,8173,8154,8144,8160,8173,8164,8162,8136,8165,8167,8135,8131,8098,1.932378053665161,sil,False
97,8164,8176,8169,8142,8164,8194,8165,8165,8122,8156,8156,8133,8119,8103,1.9484748840332031,sil,False
98,8138,8164,8131,8157,8162,8203,8187,8161,8119,8155,8146,8104,8104,8081,1.9484748840332031,sil,False
99,8130,8136,8134,8135,8151,8194,8193,8163,8122,8159,8133,8111,8095,8078,1.964050531387329,sil,False
100,8138,8132,8131,8132,8153,8198,8196,8174,8139,8179,8131,8122,8116,8104,1.964050531387329,sil,False
101,8149,8136,8120,8136,8153,8198,8188,8173,8149,8185,8139,8121,8132,8116,1.979130744934082,sil,False
102,8149,8128,8130,8106,8135,8180,8162,8173,8141,8161,8149,8132,8129,8106,1.979130744934082,sil,False
103,8145,8126,8104,8097,8132,8159,8144,8161,8127,8140,8159,8125,8130,8088,1.9943430423736568,sil,False
104,8156,8144,8133,8111,8143,8161,8133,8151,8109,8125,8155,8135,8124,8089,1.9943430423736568,sil,False
105,8164,8155,8146,8130,8152,8174,8148,8164,8128,8145,8159,8145,8130,8097,2.016443490982056,sil,False
106,8173,8161,8139,8135,8161,8173,8163,8171,8145,8157,8170,8148,8138,8103,2.016443490982056,sil,False
107,8180,8175,8165,8127,8165,8172,8155,8172,8135,8143,8169,8161,8133,8105,2.016443490982056,sil,False
108,8170,8175,8146,8143,8167,8173,8151,8161,8129,8157,8175,8155,8132,8090,2.0261452198028564,sil,False
109,8169,8183,8170,8165,8173,8176,8154,8156,8113,8155,8183,8167,8128,8092,2.0413637161254883,sil,False
110,8177,8193,8177,8170,8182,8184,8164,8167,8122,8145,8183,8167,8132,8110,2.0413637161254883,sil,False
111,8169,8172,8142,8147,8174,8174,8151,8161,8130,8144,8165,8146,8131,8102,2.0562119483947754,sil,False
112,8155,8164,8159,8141,8168,8178,8142,8141,8109,8137,8153,8146,8113,8086,2.0562119483947754,sil,False
113,8150,8175,8148,8173,8180,8194,8164,8120,8119,8143,8157,8132,8113,8095,2.071232318878174,sil,False
114,8152,8166,8153,8160,8164,8186,8149,8115,8127,8145,8139,8127,8111,8109,2.071232318878174,sil,False
115,8159,8156,8159,8149,8148,8192,8141,8128,8126,8166,8140,8136,8117,8112,2.0873148441314697,sil,False
116,8172,8161,8148,8172,8163,8209,8171,8127,8144,8191,8161,8138,8131,8117,2.0873148441314697,sil,False
117,8172,8160,8169,8165,8166,8207,8186,8133,8161,8174,8149,8146,8128,8125,2.1033732891082764,sil,False
118,8162,8144,8138,8149,8150,8200,8190,8141,8172,8173,8140,8138,8136,8121,2.1033732891082764,sil,False
119,8164,8135,8135,8139,8143,8187,8178,8141,8159,8173,8139,8138,8142,8117,2.119386672973633,sil,False
120,8155,8140,8141,8138,8144,8171,8160,8139,8156,8147,8126,8134,8133,8115,2.119386672973633,sil,False
121,8147,8136,8117,8132,8141,8154,8146,8131,8172,8132,8132,8128,8138,8107,2.1345200538635254,sil,False
122,8165,8142,8150,8120,8143,8163,8138,8134,8166,8138,8160,8156,8150,8106,2.1345200538635254,sil,False
123,8173,8156,8145,8141,8150,8175,8149,8133,8152,8140,8169,8154,8149,8102,2.1500539779663086,sil,False
124,8175,8169,8154,8159,8151,8166,8147,8124,8130,8109,8155,8146,8134,8099,2.1500539779663086,sil,False
125,8186,8188,8183,8177,8162,8175,8148,8138,8136,8119,8172,8164,8141,8104,2.165407180786133,sil,False
126,8196,8202,8179,8198,8180,8189,8164,8149,8168,8169,8208,8181,8161,8122,2.165407180786133,sil,False
127,8204,8215,8214,8207,8184,8197,8170,8152,8171,8173,8199,8197,8151,8146,2.181685447692871,sil,False
237,8204,8210,8205,8224,8182,8202,8179,8144,8164,8161,8171,8168,8138,8140,2.181685447692871,sil,False
0,8194,8190,8192,8213,8173,8192,8169,8134,8141,8149,8158,8148,8127,8119,2.197033643722534,sil,False
1,8181,8193,8201,8199,8167,8191,8157,8141,8127,8141,8161,8160,8122,8119,2.197033643722534,sil,False
2,8183,8196,8181,8213,8168,8200,8170,8142,8147,8155,8166,8154,8130,8133,2.212393283843994,sil,False
3,8195,8185,8200,8203,8159,8200,8174,8149,8151,8156,8158,8164,8128,8145,2.212393283843994,sil,False
4,8185,8166,8178,8186,8150,8192,8174,8155,8145,8162,8160,8156,8129,8139,2.2283623218536377,please,True
5,8166,8154,8155,8178,8142,8178,8159,8142,8133,8156,8154,8139,8121,8122,2.2283623218536377,please,True
6,8172,8163,8176,8183,8143,8181,8144,8140,8130,8138,8146,8146,8116,8122,2.2433338165283203,please,True
7,8193,8173,8172,8199,8152,8182,8153,8147,8151,8151,8164,8154,8140,8130,2.2433338165283203,please,True
8,8197,8179,8187,8193,8150,8183,8163,8152,8157,8160,8166,8172,8148,8135,2.2589375972747803,please,True
9,8176,8175,8164,8184,8149,8184,8170,8152,8160,8155,8156,8159,8138,8129,2.2589375972747803,please,True
10,8177,8157,8150,8174,8154,8168,8162,8153,8165,8152,8162,8154,8140,8126,2.2741291522979736,please,True
11,8203,8166,8182,8171,8159,8169,8155,8167,8169,8162,8180,8187,8157,8141,2.2741291522979736,please,True
12,8207,8184,8162,8186,8159,8171,8155,8154,8170,8164,8188,8199,8166,8139,2.2902133464813232,please,True
13,8203,8186,8185,8179,8150,8155,8139,8141,8141,8129,8175,8185,8154,8126,2.2902133464813232,please,True
14,8202,8180,8190,8183,8152,8159,8144,8152,8137,8132,8171,8152,8151,8116,2.3062610626220703,please,True
15,8215,8183,8183,8177,8157,8163,8151,8148,8139,8132,8168,8154,8150,8120,2.3062610626220703,please,True
16,8227,8198,8229,8154,8154,8159,8138,8137,8117,8096,8167,8165,8146,8136,2.321354627609253,please,True
17,8206,8191,8191,8178,8158,8164,8148,8135,8124,8104,8189,8127,8151,8116,2.321354627609253,please,True
18,8187,8180,8162,8207,8164,8172,8159,8152,8136,8131,8195,8152,8143,8094,2.336509227752685,please,True
19,8201,8198,8185,8225,8171,8178,8165,8155,8132,8136,8175,8203,8142,8109,2.3524510860443115,please,True
20,8211,8202,8189,8234,8175,8176,8163,8139,8126,8126,8160,8161,8131,8109,2.3524510860443115,please,True
21,8197,8189,8180,8222,8176,8184,8154,8151,8138,8128,8154,8112,8108,8091,2.3524510860443115,please,True
22,8209,8189,8159,8209,8184,8197,8167,8163,8160,8146,8141,8121,8118,8100,2.36804747581482,please,True
23,8238,8186,8192,8201,8175,8198,8175,8162,8151,8143,8117,8148,8120,8121,2.36804747581482,please,True
24,8236,8158,8176,8190,8156,8198,8183,8167,8156,8143,8111,8100,8110,8113,2.3840107917785645,please,True
25,8243,8139,8139,8131,8147,8183,8182,8163,8167,8147,8104,8052,8111,8115,2.3840107917785645,please,True
26,8265,8154,8174,8093,8149,8179,8172,8165,8159,8141,8092,8107,8110,8135,2.399287462234497,please,True
27,8255,8147,8150,8149,8159,8187,8175,8166,8175,8148,8102,8123,8110,8122,2.4149434566497803,please,True
28,8234,8119,8123,8175,8159,8179,8159,8163,8179,8135,8105,8100,8108,8101,2.4149434566497803,please,True
29,8234,8134,8103,8151,8156,8178,8158,8167,8174,8121,8102,8113,8109,8094,2.4301719665527344,please,True
30,8254,8167,8097,8138,8158,8174,8161,8157,8169,8122,8108,8123,8107,8086,2.4301719665527344,please,True
31,8251,8159,8137,8141,8154,8179,8146,8155,8159,8116,8107,8110,8103,8082,2.445187568664551,please,True
32,8234,8138,8106,8157,8156,8184,8159,8165,8189,8128,8110,8085,8112,8079,2.445187568664551,please,True
33,8271,8163,8134,8116,8151,8159,8155,8157,8181,8120,8110,8102,8104,8082,2.4612832069396973,please,True
34,8295,8176,8169,8088,8146,8150,8135,8141,8131,8094,8110,8121,8092,8086,2.4612832069396973,please,True
35,8251,8133,8092,8155,8162,8172,8141,8130,8113,8093,8117,8102,8093,8078,2.47710394859314,please,True
36,8238,8144,8102,8194,8172,8188,8158,8143,8125,8104,8119,8103,8092,8079,2.47710394859314,please,True
37,8261,8180,8133,8162,8160,8187,8178,8157,8147,8131,8122,8102,8092,8084,2.492231130599976,please,True
38,8248,8160,8124,8154,8147,8190,8168,8149,8143,8123,8106,8090,8074,8076,2.492231130599976,please,True
39,8230,8151,8127,8178,8157,8201,8156,8151,8139,8113,8091,8086,8071,8069,2.507383346557617,please,True
40,8245,8161,8123,8170,8174,8201,8183,8166,8164,8158,8118,8093,8104,8087,2.507383346557617,please,True
41,8260,8152,8140,8151,8170,8199,8199,8181,8187,8185,8137,8115,8123,8120,2.523393392562866,please,True
42,8254,8138,8116,8150,8154,8186,8187,8172,8199,8176,8133,8108,8133,8114,2.523393392562866,please,True
43,8263,8142,8116,8136,8145,8165,8167,8159,8188,8163,8142,8125,8146,8100,2.538535118103028,please,True
44,8281,8163,8149,8142,8158,8178,8165,8174,8187,8167,8168,8159,8156,8120,2.538535118103028,please,True
45,8272,8158,8126,8150,8162,8177,8158,8168,8194,8162,8165,8143,8157,8115,2.554248809814453,please,True
46,8252,8143,8135,8117,8141,8152,8130,8153,8167,8126,8136,8139,8134,8084,2.554248809814453,please,True
47,8254,8156,8139,8125,8139,8163,8136,8154,8153,8126,8144,8141,8126,8077,2.569650411605835,please,True
48,8267,8174,8148,8158,8149,8181,8150,8159,8162,8139,8167,8147,8136,8091,2.569650411605835,please,True
49,8254,8176,8172,8156,8150,8181,8147,8162,8153,8124,8161,8159,8141,8091,2.5856242179870605,please,True
50,8235,8166,8144,8159,8149,8171,8152,8151,8147,8129,8160,8149,8146,8082,2.5856242179870605,please,True
51,8240,8172,8157,8154,8142,8172,8157,8153,8141,8139,8163,8151,8133,8083,2.601266860961914,please,True
52,8241,8178,8158,8161,8151,8193,8173,8163,8155,8142,8156,8138,8124,8085,2.601266860961914,please,True
53,8235,8160,8151,8178,8163,8195,8170,8156,8162,8145,8138,8127,8127,8089,2.6164262294769287,please,True
54,8232,8149,8168,8169,8158,8192,8157,8159,8150,8151,8133,8141,8131,8100,2.6164262294769287,please,True
55,8232,8155,8144,8168,8154,8203,8179,8171,8164,8169,8155,8144,8143,8105,2.632115602493286,please,True
56,8237,8159,8160,8169,8152,8207,8190,8176,8174,8174,8159,8157,8145,8112,2.632115602493286,please,True
57,8232,8150,8151,8161,8147,8197,8176,8169,8177,8172,8148,8157,8141,8108,2.6472811698913574,please,True
58,8224,8134,8123,8141,8141,8182,8157,8155,8177,8155,8145,8143,8133,8094,2.6472811698913574,please,True
59,8231,8133,8142,8127,8138,8184,8149,8158,8178,8143,8145,8152,8127,8084,2.663458108901977,please,True
60,8236,8144,8125,8140,8145,8190,8156,8159,8192,8157,8155,8152,8138,8085,2.663458108901977,please,True
61,8243,8159,8154,8137,8146,8186,8148,8160,8184,8153,8164,8173,8145,8102,2.6790213584899902,sil,False
62,8251,8170,8179,8142,8137,8187,8151,8168,8180,8156,8182,8195,8157,8114,2.6790213584899902,sil,False
63,8258,8170,8162,8160,8135,8181,8155,8160,8176,8158,8195,8192,8160,8107,2.6945488452911377,sil,False
64,8268,8188,8190,8169,8148,8185,8150,8160,8167,8144,8195,8202,8147,8100,2.6945488452911377,sil,False
65,8258,8197,8178,8175,8158,8190,8159,8162,8176,8153,8194,8186,8137,8092,2.710097312927246,sil,False
66,8245,8180,8174,8157,8148,8180,8147,8154,8162,8142,8169,8167,8113,8083,2.710097312927246,sil,False
67,8246,8177,8177,8156,8148,8188,8143,8156,8157,8131,8158,8164,8108,8086,2.725296974182129,sil,False
68,8244,8176,8160,8168,8163,8194,8167,8156,8178,8151,8167,8160,8126,8091,2.725296974182129,sil,False
69,8235,8172,8178,8159,8162,8191,8178,8162,8168,8149,8150,8154,8112,8090,2.741349458694458,sil,False
70,8223,8161,8149,8160,8153,8194,8183,8163,8164,8148,8137,8128,8104,8083,2.741349458694458,sil,False
71,8211,8144,8144,8148,8139,8193,8174,8159,8176,8154,8135,8129,8113,8083,2.756415367126465,sil,False
72,8206,8138,8160,8139,8133,8193,8167,8167,8192,8154,8120,8134,8112,8084,2.756415367126465,sil,False
73,8215,8135,8134,8147,8140,8190,8178,8167,8207,8161,8110,8111,8113,8082,2.771487236022949,sil,False
74,8220,8135,8150,8140,8140,8196,8188,8174,8215,8167,8126,8128,8125,8095,2.787511348724365,sil,False
75,8215,8135,8138,8132,8135,8190,8182,8179,8231,8172,8147,8148,8147,8104,2.787511348724365,sil,False
76,8222,8138,8133,8120,8125,8159,8151,8175,8223,8164,8139,8154,8142,8099,2.787511348724365,sil,False
77,8230,8149,8152,8121,8128,8157,8141,8178,8208,8167,8137,8158,8137,8095,2.803172826766968,sil,False
78,8232,8151,8139,8136,8142,8168,8154,8169,8214,8163,8158,8153,8154,8090,2.803172826766968,sil,False
79,8237,8160,8165,8136,8145,8164,8145,8165,8206,8136,8168,8170,8153,8091,2.81828236579895,sil,False
80,8236,8173,8164,8147,8150,8167,8152,8167,8195,8145,8164,8170,8151,8093,2.81828236579895,sil,False
81,8237,8175,8167,8152,8155,8174,8156,8158,8182,8149,8162,8167,8150,8089,2.8343610763549805,sil,False
82,8239,8184,8193,8161,8163,8182,8158,8162,8181,8141,8181,8178,8151,8095,2.8343610763549805,sil,False
83,8236,8191,8175,8185,8176,8194,8177,8170,8196,8164,8190,8172,8159,8107,2.8504445552825928,sil,False
84,8224,8175,8176,8167,8168,8205,8182,8171,8182,8172,8158,8167,8144,8106,2.8504445552825928,sil,False
85,8207,8151,8148,8152,8151,8203,8184,8168,8179,8170,8144,8147,8139,8098,2.866123914718628,sil,False
86,8206,8147,8144,8157,8141,8195,8183,8168,8197,8162,8142,8142,8143,8108,2.866123914718628,sil,False
87,8213,8155,8167,8142,8140,8208,8184,8180,8211,8163,8124,8153,8139,8118,2.882312059402466,sil,False
88,8211,8144,8135,8130,8145,8204,8186,8179,8224,8187,8136,8144,8150,8114,2.882312059402466,sil,False
89,8222,8146,8156,8132,8143,8173,8166,8174,8213,8174,8159,8170,8163,8120,2.898430347442627,sil,False
90,8235,8165,8177,8144,8142,8163,8160,8168,8202,8159,8163,8193,8169,8125,2.898430347442627,sil,False
91,8246,8174,8173,8140,8146,8172,8161,8159,8191,8169,8170,8198,8166,8125,2.9159746170043945,sil,False
92,8249,8180,8186,8135,8150,8175,8148,8168,8186,8160,8178,8199,8159,8126,2.9159746170043945,sil,False
93,8228,8170,8156,8145,8150,8168,8137,8161,8185,8143,8175,8168,8150,8110,2.92999267578125,sil,False
94,8213,8160,8167,8137,8142,8162,8138,8152,8163,8132,8153,8159,8127,8099,2.92999267578125,sil,False
95,8207,8160,8165,8140,8137,8170,8157,8162,8166,8142,8139,8151,8121,8095,2.945047616958618,sil,False
96,8199,8152,8145,8146,8138,8176,8157,8158,8168,8143,8130,8129,8116,8088,2.945047616958618,sil,False
97,8197,8153,8162,8142,8142,8180,8146,8154,8138,8132,8121,8136,8101,8085,2.959953784942627,sil,False
98,8191,8143,8128,8145,8142,8174,8158,8159,8140,8144,8117,8126,8105,8085,2.959953784942627,sil,False
99,8188,8123,8128,8132,8131,8171,8151,8162,8155,8145,8108,8121,8111,8095,2.9749948978424072,sil,False
100,8192,8128,8135,8131,8135,8191,8152,8164,8172,8147,8116,8130,8122,8111,2.9749948978424072,sil,False
101,8193,8132,8108,8127,8136,8186,8167,8167,8181,8163,8134,8132,8134,8107,2.992081880569458,sil,False
102,8179,8121,8122,8102,8114,8161,8152,8174,8173,8157,8128,8141,8134,8094,2.992081880569458,sil,False
103,8181,8120,8111,8104,8114,8155,8141,8166,8178,8146,8129,8142,8142,8093,3.0073370933532715,sil,False
104,8207,8140,8131,8109,8129,8149,8136,8160,8167,8128,8149,8163,8143,8105,3.0073370933532715,sil,False
105,8207,8155,8150,8111,8127,8140,8135,8159,8144,8122,8163,8165,8132,8098,3.0226945877075195,sil,False
106,8181,8149,8126,8115,8114,8139,8129,8139,8117,8115,8144,8131,8107,8064,3.0226945877075195,sil,False
107,8171,8151,8138,8112,8119,8157,8127,8139,8090,8091,8116,8124,8082,8056,3.0385704040527344,sil,False
108,8167,8148,8125,8131,8148,8178,8155,8157,8113,8115,8123,8120,8090,8078,3.0385704040527344,sil,False
109,8172,8133,8139,8131,8150,8181,8168,8163,8146,8149,8124,8129,8103,8092,3.053661584854126,sil,False
110,8192,8137,8158,8124,8134,8184,8161,8164,8159,8151,8124,8143,8111,8101,3.0694820880889893,sil,False
111,8196,8147,8128,8123,8137,8162,8144,8158,8158,8138,8135,8142,8122,8108,3.0694820880889893,sil,False
112,8188,8152,8144,8105,8139,8140,8127,8163,8152,8132,8142,8162,8128,8111,3.0694820880889893,sil,False
113,8196,8164,8148,8121,8140,8144,8135,8164,8164,8140,8162,8166,8140,8105,3.085010290145874,sil,False
114,8216,8176,8168,8146,8147,8144,8136,8155,8150,8118,8172,8167,8128,8102,3.1000423431396484,sil,False
115,8212,8175,8184,8150,8148,8156,8150,8164,8145,8116,8158,8164,8104,8108,3.1000423431396484,sil,False
116,8186,8153,8144,8141,8135,8168,8175,8169,8172,8147,8139,8136,8102,8111,3.1159911155700684,sil,False
117,8186,8142,8153,8117,8124,8162,8177,8171,8172,8146,8127,8141,8109,8118,3.1159911155700684,sil,False
118,8207,8142,8151,8123,8129,8157,8181,8177,8179,8147,8142,8152,8121,8120,3.132380485534668,sil,False
119,8216,8145,8156,8127,8128,8157,8166,8172,8195,8150,8160,8158,8131,8119,3.132380485534668,sil,False
120,8211,8157,8173,8112,8120,8162,8136,8167,8185,8136,8164,8167,8134,8118,3.132380485534668,sil,False
121,8215,8165,8148,8117,8125,8153,8133,8158,8160,8123,8166,8159,8135,8105,3.147008180618286,sil,False
122,8223,8181,8184,8139,8137,8149,8139,8159,8133,8109,8157,8169,8127,8098,3.162288188934326,sil,False
123,8211,8190,8189,8166,8142,8170,8149,8161,8134,8119,8144,8165,8124,8101,3.162288188934326,sil,False
124,8200,8168,8166,8152,8135,8181,8157,8158,8141,8134,8134,8155,8120,8108,3.177544355392456,sil,False
125,8200,8160,8172,8132,8134,8187,8170,8168,8148,8142,8136,8157,8120,8114,3.177544355392456,sil,False
126,8203,8163,8153,8152,8143,8188,8182,8166,8166,8159,8139,8143,8133,8115,3.1929893493652344,sil,False
127,8210,8160,8173,8155,8138,8171,8159,8164,8155,8154,8133,8155,8134,8121,3.1929893493652344,sil,False
237,8207,8158,8164,8136,8135,8159,8143,8168,8154,8153,8150,8169,8151,8122,3.20845103263855,sil,False
0,8216,8166,8158,8131,8139,8156,8138,8160,8167,8150,8167,8176,8165,8118,3.20845103263855,sil,False
1,8235,8179,8196,8147,8140,8162,8130,8156,8159,8128,8161,8195,8150,8123,3.2241463661193848,sil,False
2,8226,8171,8170,8151,8145,8157,8126,8148,8140,8120,8155,8187,8139,8113,3.2241463661193848,sil,False
3,8205,8170,8171,8136,8141,8147,8120,8143,8115,8102,8149,8177,8118,8092,3.2392938137054443,sil,False
4,8197,8194,8179,8161,8146,8158,8138,8149,8121,8103,8156,8164,8107,8084,3.2392938137054443,sil,False
5,8191,8192,8167,8182,8160,8179,8151,8149,8132,8127,8150,8153,8105,8090,3.2549047470092773,sil,False
6,8179,8171,8177,8154,8152,8189,8144,8157,8123,8129,8116,8152,8095,8093,3.2549047470092773,sil,False
7,8177,8157,8152,8144,8129,8180,8157,8161,8133,8131,8122,8138,8099,8094,3.271103620529175,sil,False
8,8186,8157,8168,8140,8122,8177,8165,8158,8144,8142,8150,8153,8112,8110,3.271103620529175,sil,False
9,8183,8155,8170,8138,8138,8190,8165,8166,8160,8164,8160,8160,8132,8121,3.2869813442230225,sil,False
10,8172,8142,8138,8133,8141,8174,8153,8169,8170,8157,8157,8144,8142,8109,3.2869813442230225,sil,False
11,8170,8145,8153,8109,8129,8152,8137,8169,8155,8133,8156,8152,8131,8094,3.302138566970825,sil,False
12,8171,8156,8139,8107,8128,8150,8137,8160,8151,8138,8169,8153,8132,8087,3.302138566970825,sil,False
13,8184,8161,8160,8111,8127,8151,8121,8148,8134,8118,8165,8164,8127,8092,3.3171961307525635,sil,False
14,8187,8168,8180,8123,8130,8153,8118,8152,8120,8095,8154,8168,8117,8090,3.3171961307525635,sil,False
15,8177,8173,8161,8138,8137,8154,8137,8154,8124,8102,8164,8158,8119,8080,3.3327040672302246,sil,False
16,8177,8181,8183,8142,8138,8168,8141,8165,8126,8118,8168,8167,8125,8086,3.3327040672302246,sil,False
17,8175,8177,8174,8165,8146,8184,8150,8168,8136,8144,8168,8156,8128,8095,3.348350763320923,sil,False
18,8182,8170,8186,8175,8148,8181,8152,8158,8134,8152,8174,8165,8128,8104,3.348350763320923,sil,False
19,8195,8174,8195,8165,8144,8190,8162,8166,8146,8164,8189,8186,8141,8128,3.364064216613769,sil,False
20,8194,8161,8168,8155,8144,8191,8174,8171,8166,8180,8188,8173,8149,8144,3.364064216613769,sil,False
21,8186,8154,8190,8149,8137,8175,8161,8169,8160,8165,8180,8181,8138,8142,3.380117177963257,sil,False
22,8181,8161,8161,8147,8130,8165,8151,8164,8164,8156,8186,8182,8145,8129,3.380117177963257,sil,False
23,8186,8164,8153,8134,8128,8154,8137,8165,8163,8152,8183,8182,8151,8127,3.396022081375122,sil,False
24,8190,8174,8187,8143,8134,8152,8132,8171,8158,8150,8191,8202,8158,8130,3.396022081375122,sil,False
25,8197,8177,8174,8154,8141,8156,8143,8162,8157,8165,8219,8217,8178,8134,3.4111170768737797,sil,False
26,8199,8182,8192,8142,8145,8164,8138,8163,8143,8160,8222,8230,8176,8140,3.4111170768737797,sil,False
27,8185,8194,8188,8171,8160,8171,8137,8166,8146,8157,8220,8204,8169,8125,3.4264941215515137,sil,False
28,8180,8207,8189,8198,8165,8167,8139,8158,8144,8165,8223,8183,8165,8109,3.4264941215515137,sil,False
29,8181,8215,8210,8197,8166,8182,8145,8163,8142,8172,8213,8186,8156,8117,3.442012071609497,sil,False
30,8186,8209,8194,8212,8180,8198,8155,8167,8158,8172,8203,8176,8158,8129,3.442012071609497,sil,False
31,8190,8195,8204,8203,8172,8193,8157,8169,8158,8166,8195,8182,8157,8133,3.45792007446289,sil,False
32,8179,8173,8179,8182,8151,8185,8173,8177,8171,8190,8196,8176,8162,8135,3.45792007446289,sil,False
33,8181,8158,8168,8175,8145,8180,8172,8180,8187,8204,8190,8175,8163,8139,3.472985982894897,sil,False
34,8193,8163,8183,8174,8144,8181,8158,8181,8187,8189,8186,8191,8170,8140,3.472985982894897,sil,False
35,8193,8159,8152,8167,8139,8163,8155,8175,8192,8186,8204,8193,8186,8142,3.488665103912353,sil,False
36,8194,8155,8173,8148,8135,8142,8143,8172,8175,8168,8202,8207,8172,8145,3.488665103912353,sil,False
37,8195,8164,8175,8157,8144,8151,8146,8169,8152,8147,8190,8199,8161,8129,3.504378318786621,sil,False
38,8191,8172,8164,8168,8148,8151,8150,8160,8136,8139,8200,8189,8161,8114,3.504378318786621,sil,False
39,8188,8187,8196,8174,8150,8154,8155,8169,8137,8150,8217,8201,8154,8122,3.520415782928467,sil,False
40,8176,8185,8177,8189,8153,8176,8174,8172,8148,8168,8206,8174,8144,8119,3.520415782928467,sil,False
41,8166,8172,8179,8187,8149,8191,8175,8176,8139,8154,8164,8153,8126,8111,3.536282777786255,sil,False
42,8161,8168,8174,8183,8151,8191,8179,8185,8160,8162,8156,8153,8129,8116,3.536282777786255,sil,False
43,8166,8155,8158,8157,8151,8177,8185,8178,8186,8188,8178,8158,8152,8128,3.552332162857056,sil,False
44,8179,8151,8179,8139,8149,8175,8181,8185,8184,8190,8188,8175,8167,8141,3.552332162857056,sil,False
45,8176,8160,8155,8169,8157,8173,8184,8183,8187,8184,8179,8165,8165,8134,3.568385601043701,sil,False
46,8169,8164,8163,8172,8151,8159,8173,8170,8181,8174,8169,8175,8153,8127,3.568385601043701,sil,False
47,8185,8164,8181,8163,8149,8151,8164,8172,8181,8180,8202,8203,8175,8139,3.5843451023101807,sil,False
48,8204,8168,8179,8177,8162,8144,8156,8169,8180,8184,8232,8211,8196,8146,3.5843451023101807,sil,False
49,8203,8178,8200,8172,8160,8154,8148,8169,8167,8166,8218,8216,8181,8137,3.59972620010376,sil,False
50,8190,8173,8176,8166,8155,8164,8153,8168,8164,8158,8202,8203,8170,8119,3.59972620010376,sil,False
51,8191,8175,8184,8160,8160,8150,8136,8160,8148,8144,8195,8203,8157,8111,3.61570405960083,sil,False
52,8198,8194,8198,8167,8168,8153,8140,8161,8151,8154,8206,8212,8156,8129,3.61570405960083,sil,False
53,8204,8191,8187,8178,8173,8166,8159,8164,8168,8175,8214,8204,8171,8141,3.631300210952759,sil,False
54,8211,8191,8218,8184,8169,8168,8150,8171,8163,8169,8194,8201,8168,8136,3.631300210952759,sil,False
55,8203,8194,8202,8204,8165,8163,8151,8171,8166,8176,8189,8189,8165,8132,3.647242546081543,sil,False
56,8182,8176,8190,8188,8163,8163,8155,8165,8159,8167,8183,8188,8150,8131,3.647242546081543,sil,False
57,8169,8163,8187,8163,8163,8174,8161,8165,8150,8150,8156,8175,8140,8125,3.662395477294922,sil,False
58,8181,8166,8169,8170,8153,8170,8171,8163,8165,8166,8154,8160,8150,8132,3.662395477294922,sil,False
59,8196,8170,8198,8173,8147,8165,8171,8173,8178,8178,8172,8187,8156,8150,3.677804946899414,sil,False
60,8179,8158,8171,8159,8150,8168,8174,8179,8186,8172,8174,8180,8156,8137,3.677804946899414,sil,False
61,8172,8155,8155,8136,8147,8164,8170,8172,8188,8163,8168,8174,8157,8127,3.693356275558472,sil,False
62,8193,8178,8182,8151,8148,8162,8175,8178,8200,8179,8185,8201,8171,8146,3.693356275558472,sil,False
63,8199,8181,8171,8177,8160,8155,8169,8175,8210,8191,8203,8205,8181,8150,3.7093780040740967,sil,False
64,8189,8176,8187,8160,8164,8146,8139,8167,8190,8167,8189,8209,8169,8135,3.7093780040740967,sil,False
65,8188,8188,8181,8164,8172,8138,8138,8161,8180,8157,8194,8207,8166,8117,3.725300312042236,sil,False
66,8191,8197,8184,8183,8172,8132,8141,8152,8157,8146,8204,8211,8161,8112,3.725300312042236,sil,False
67,8179,8189,8190,8171,8161,8151,8133,8153,8127,8125,8178,8200,8143,8113,3.7413392066955566,sil,False
68,8175,8178,8166,8157,8161,8159,8136,8153,8129,8123,8164,8175,8140,8107,3.7413392066955566,sil,False
69,8187,8184,8205,8157,8167,8146,8135,8158,8131,8127,8182,8197,8154,8114,3.7573535442352295,sil,False
70,8180,8191,8202,8181,8180,8156,8143,8163,8142,8149,8201,8201,8165,8123,3.7573535442352295,sil,False
71,8177,8190,8188,8194,8192,8174,8161,8162,8161,8174,8191,8184,8154,8128,3.7729814052581783,sil,False
72,8180,8192,8213,8194,8197,8187,8180,8176,8172,8186,8176,8187,8149,8136,3.7729814052581783,sil,False
73,8172,8182,8189,8199,8191,8186,8190,8179,8183,8194,8178,8183,8163,8139,3.788041353225708,sil,False
74,8179,8178,8200,8186,8177,8181,8186,8178,8184,8190,8185,8200,8169,8153,3.788041353225708,sil,False
75,8191,8177,8195,8180,8185,8187,8199,8184,8203,8206,8197,8206,8189,8167,3.803166389465332,sil,False
76,8184,8157,8170,8159,8187,8176,8194,8176,8211,8200,8180,8189,8191,8154,3.803166389465332,sil,False
77,8169,8151,8172,8130,8168,8164,8178,8174,8197,8173,8159,8179,8170,8135,3.819190979003906,sil,False
78,8167,8162,8154,8142,8165,8155,8185,8175,8201,8178,8187,8172,8184,8135,3.819190979003906,sil,False
79,8183,8178,8189,8153,8175,8150,8176,8175,8197,8181,8217,8201,8208,8144,3.834317922592163,sil,False
80,8192,8184,8195,8163,8181,8160,8172,8173,8202,8189,8228,8217,8216,8143,3.834317922592163,sil,False
81,8188,8178,8175,8165,8174,8153,8173,8165,8192,8182,8221,8200,8201,8137,3.8499741554260254,sil,False
82,8179,8187,8206,8158,8172,8147,8172,8171,8170,8158,8212,8205,8185,8138,3.866047143936157,sil,False
83,8181,8201,8196,8176,8185,8160,8187,8177,8188,8175,8227,8205,8202,8142,3.866047143936157,sil,False
84,8194,8208,8213,8183,8187,8171,8193,8178,8197,8190,8225,8205,8207,8148,3.866047143936157,sil,False
85,8181,8204,8211,8182,8180,8180,8193,8173,8187,8183,8200,8191,8183,8137,3.882166147232056,sil,False
86,8165,8187,8183,8186,8180,8180,8192,8165,8187,8188,8187,8173,8168,8126,3.882166147232056,sil,False
87,8175,8182,8208,8184,8181,8187,8196,8178,8200,8208,8192,8182,8179,8142,3.897278308868408,sil,False
88,8178,8179,8188,8188,8184,8195,8216,8181,8218,8225,8192,8176,8193,8149,3.897278308868408,sil,False
89,8162,8163,8176,8165,8175,8181,8205,8175,8205,8205,8168,8174,8179,8137,3.912743806838989,sil,False
90,8145,8149,8164,8141,8157,8171,8184,8173,8190,8187,8154,8159,8166,8125,3.929112195968628,sil,False
91,8148,8144,8144,8143,8148,8169,8182,8167,8200,8190,8164,8151,8181,8129,3.929112195968628,sil,False
92,8168,8159,8178,8145,8155,8171,8181,8182,8215,8195,8165,8186,8201,8146,3.929112195968628,sil,False
93,8162,8165,8159,8138,8162,8165,8177,8179,8219,8193,8173,8185,8205,8139,3.943426370620728,sil,False
94,8150,8160,8155,8124,8154,8152,8146,8158,8189,8171,8196,8184,8191,8114,3.960393905639648,sil,False
95,8162,8172,8179,8148,8158,8152,8129,8171,8179,8179,8224,8204,8203,8110,3.960393905639648,sil,False
96,8179,8180,8174,8169,8171,8144,8136,8176,8194,8199,8234,8202,8220,8125,3.9750471115112314,sil,False
97,8168,8184,8193,8153,8172,8143,8125,8156,8178,8169,8210,8195,8190,8120,3.9750471115112314,sil,False
98,8148,8187,8180,8172,8175,8161,8129,8144,8163,8158,8188,8168,8167,8091,3.990070581436157,sil,False
99,8148,8185,8187,8187,8174,8169,8138,8157,8161,8168,8185,8161,8171,8089,3.990070581436157,sil,False
100,8145,8184,8192,8179,8179,8176,8156,8175,8177,8178,8199,8171,8186,8104,4.005383014678955,sil,False
101,8138,8175,8159,8179,8184,8183,8182,8168,8195,8196,8205,8157,8185,8102,4.005383014678955,sil,False
102,8144,8176,8184,8179,8179,8190,8183,8165,8183,8200,8175,8155,8156,8104,4.026978969573975,sil,False
103,8140,8177,8165,8179,8185,8199,8183,8169,8183,8202,8158,8142,8150,8107,4.026978969573975,sil,False
104,8129,8163,8146,8166,8185,8198,8184,8165,8185,8197,8158,8134,8153,8099,4.026978969573975,sil,False
105,8133,8162,8166,8162,8175,8206,8200,8180,8196,8200,8160,8143,8156,8104,4.037003755569458,sil,False
106,8139,8162,8140,8162,8179,8202,8208,8186,8210,8205,8156,8138,8157,8110,4.053038120269775,sil,False
107,8122,8146,8139,8128,8170,8181,8182,8176,8186,8171,8139,8132,8139,8095,4.053038120269775,sil,False
108,8111,8138,8128,8123,8157,8175,8177,8169,8180,8161,8145,8117,8142,8081,4.0690553188323975,sil,False
109,8132,8153,8135,8132,8161,8164,8163,8168,8182,8171,8160,8130,8158,8090,4.0690553188323975,sil,False
110,8145,8172,8166,8132,8161,8151,8136,8169,8160,8161,8164,8160,8156,8098,4.085084915161133,sil,False
111,8141,8172,8156,8149,8159,8146,8136,8156,8151,8149,8176,8157,8154,8086,4.085084915161133,sil,False
112,8155,8183,8190,8156,8170,8151,8139,8155,8149,8143,8192,8174,8155,8093,4.101182460784912,sil,False
113,8156,8198,8186,8162,8178,8156,8134,8161,8146,8146,8195,8173,8152,8105,4.101182460784912,sil,False
114,8139,8185,8167,8159,8164,8154,8126,8152,8132,8134,8178,8153,8133,8092,4.116392850875855,sil,False
115,8137,8177,8191,8160,8160,8167,8137,8159,8136,8133,8176,8159,8128,8091,4.116392850875855,sil,False
116,8133,8168,8167,8181,8160,8169,8157,8169,8167,8161,8183,8154,8143,8103,4.132182836532593,sil,False
117,8133,8154,8173,8169,8140,8158,8151,8169,8176,8170,8176,8168,8146,8115,4.132182836532593,sil,False
118,8155,8162,8186,8163,8137,8154,8143,8170,8189,8181,8204,8198,8172,8128,4.148218870162964,sil,False
119,8178,8190,8209,8198,8148,8143,8128,8162,8195,8179,8245,8227,8204,8135,4.148218870162964,sil,False
120,8180,8217,8255,8232,8147,8139,8110,8157,8173,8152,8250,8253,8202,8125,4.163598537445068,please,True
121,8175,8216,8241,8251,8150,8149,8119,8152,8163,8154,8255,8249,8194,8118,4.163598537445068,please,True
122,8181,8215,8260,8270,8166,8169,8136,8158,8164,8168,8254,8253,8188,8134,4.179214954376221,please,True
123,8179,8222,8268,8300,8173,8189,8156,8172,8184,8180,8244,8258,8195,8145,4.179214954376221,please,True
124,8189,8216,8254,8301,8158,8169,8159,8173,8201,8186,8255,8274,8214,8156,4.1944122314453125,please,True
125,8220,8223,8290,8296,8150,8148,8147,8177,8202,8179,8281,8314,8227,8182,4.1944122314453125,please,True
126,8232,8232,8281,8319,8159,8153,8143,8173,8209,8181,8294,8316,8241,8181,4.209982395172119,please,True
127,8230,8239,8289,8315,8158,8151,8127,8164,8190,8179,8297,8323,8243,8170,4.209982395172119,please,True
237,8226,8250,8290,8304,8162,8149,8122,8161,8173,8184,8312,8327,8242,8177,4.22508716583252,please,True
0,8215,8244,8262,8309,8175,8156,8124,8147,8163,8179,8298,8293,8228,8170,4.22508716583252,please,True
1,8198,8236,8273,8308,8176,8173,8123,8149,8145,8159,8247,8265,8201,8153,4.240241765975952,please,True
2,8180,8226,8238,8299,8169,8173,8132,8158,8152,8170,8224,8235,8198,8148,4.240241765975952,please,True
3,8173,8216,8224,8272,8165,8155,8116,8153,8149,8170,8221,8228,8195,8146,4.256086111068726,please,True
4,8172,8214,8232,8267,8174,8169,8116,8157,8147,8162,8221,8229,8189,8139,4.256086111068726,please,True
5,8181,8207,8221,8276,8181,8181,8149,8169,8179,8183,8227,8222,8197,8151,4.272348880767822,please,True
6,8184,8200,8232,8254,8173,8169,8157,8177,8195,8207,8222,8236,8201,8169,4.272348880767822,please,True
7,8176,8192,8196,8237,8167,8161,8151,8166,8189,8203,8209,8225,8201,8159,4.288447380065918,please,True
8,8173,8176,8188,8214,8161,8158,8140,8160,8169,8166,8192,8210,8192,8142,4.288447380065918,please,True
9,8162,8167,8184,8188,8161,8161,8141,8172,8168,8161,8183,8191,8188,8131,4.3040771484375,please,True
10,8147,8159,8144,8178,8174,8152,8146,8166,8187,8184,8183,8178,8189,8120,4.3040771484375,please,True
11,8144,8157,8169,8160,8173,8149,8131,8160,8189,8162,8178,8200,8181,8121,4.319173097610474,please,True
12,8143,8161,8164,8153,8169,8162,8137,8168,8190,8148,8182,8188,8182,8115,4.319173097610474,please,True
13,8140,8164,8152,8142,8172,8159,8143,8166,8174,8149,8166,8161,8168,8095,4.334310531616211,please,True
14,8137,8171,8165,8141,8178,8153,8136,8161,8160,8142,8143,8153,8149,8082,4.334310531616211,please,True
15,8140,8180,8157,8159,8184,8155,8136,8152,8159,8145,8154,8146,8149,8079,4.350369930267334,please,True
16,8138,8187,8184,8147,8182,8168,8138,8156,8148,8150,8163,8154,8142,8084,4.350369930267334,please,True
17,8125,8176,8164,8152,8190,8186,8161,8162,8165,8173,8162,8149,8145,8093,4.365515232086182,please,True
18,8128,8170,8152,8185,8208,8195,8181,8163,8187,8189,8162,8151,8151,8111,4.365515232086182,please,True
19,8138,8179,8177,8182,8209,8198,8187,8175,8194,8183,8164,8158,8150,8127,4.381545782089233,please,True
20,8134,8166,8152,8155,8202,8197,8195,8178,8210,8198,8169,8141,8159,8122,4.381545782089233,please,True
21,8137,8159,8167,8151,8200,8201,8204,8179,8213,8215,8163,8146,8163,8124,4.397181272506714,please,True
22,8140,8161,8170,8161,8191,8203,8209,8173,8216,8224,8163,8147,8165,8135,4.397181272506714,please,True
23,8133,8141,8148,8123,8173,8191,8182,8161,8218,8207,8160,8145,8164,8131,4.412205696105957,please,True
24,8137,8140,8153,8103,8181,8189,8168,8176,8220,8197,8160,8160,8172,8127,4.412205696105957,please,True
25,8153,8167,8144,8148,8199,8181,8195,8189,8243,8215,8183,8159,8190,8138,4.427746534347534,please,True
26,8164,8172,8171,8147,8184,8163,8188,8183,8239,8199,8196,8166,8189,8148,4.427746534347534,please,True
27,8147,8159,8152,8108,8174,8163,8166,8177,8224,8188,8187,8157,8180,8130,4.442987442016602,please,True
28,8139,8164,8134,8112,8181,8164,8161,8171,8217,8198,8183,8156,8174,8114,4.442987442016602,please,True
29,8155,8187,8180,8145,8180,8162,8159,8167,8208,8191,8189,8183,8167,8118,4.458345413208008,please,True
30,8153,8190,8168,8164,8184,8166,8164,8161,8205,8186,8192,8172,8165,8113,4.458345413208008,please,True
31,8153,8200,8185,8167,8194,8175,8173,8170,8198,8188,8192,8174,8164,8119,4.47353982925415,please,True
32,8161,8223,8205,8191,8203,8192,8194,8184,8219,8205,8202,8187,8174,8134,4.47353982925415,please,True
33,8149,8207,8181,8188,8207,8200,8193,8170,8228,8198,8183,8167,8162,8122,4.489381790161133,please,True
34,8128,8182,8183,8164,8200,8204,8178,8165,8210,8181,8152,8152,8131,8106,4.489381790161133,please,True
35,8126,8177,8160,8181,8197,8206,8199,8178,8228,8206,8161,8139,8140,8113,4.504521608352661,please,True
36,8133,8175,8165,8177,8198,8200,8210,8180,8240,8215,8168,8151,8155,8134,4.504521608352661,please,True
37,8126,8174,8158,8156,8196,8191,8199,8175,8234,8205,8173,8161,8162,8137,4.52002477645874,please,True
38,8130,8173,8132,8150,8183,8168,8181,8167,8231,8198,8196,8163,8177,8123,4.52002477645874,please,True
39,8154,8188,8169,8157,8175,8164,8167,8176,8231,8191,8213,8180,8186,8122,4.535196542739868,please,True
40,8165,8206,8172,8185,8197,8183,8183,8186,8243,8201,8229,8174,8195,8135,4.535196542739868,please,True
41,8153,8204,8171,8174,8204,8179,8180,8180,8232,8197,8221,8164,8184,8136,4.551231622695923,please,True
42,8142,8196,8167,8155,8190,8173,8165,8172,8219,8187,8201,8157,8162,8116,4.56715989112854,sil,False
43,8149,8204,8158,8176,8195,8178,8171,8166,8217,8191,8206,8154,8162,8117,4.56715989112854,sil,False
44,8156,8219,8197,8187,8207,8187,8185,8175,8214,8198,8222,8174,8176,8148,4.582268476486206,sil,False
45,8144,8212,8173,8188,8206,8197,8198,8179,8224,8209,8210,8155,8178,8151,4.582268476486206,sil,False
46,8131,8185,8152,8176,8196,8191,8180,8170,8210,8187,8167,8128,8149,8126,4.582268476486206,sil,False
47,8128,8172,8162,8171,8193,8191,8180,8171,8194,8177,8157,8126,8142,8132,4.598767280578613,sil,False
48,8137,8174,8150,8178,8194,8194,8203,8171,8208,8206,8176,8132,8165,8154,4.598767280578613,sil,False
49,8143,8179,8172,8165,8185,8189,8190,8176,8210,8198,8169,8151,8160,8150,4.613471031188965,sil,False
50,8124,8156,8139,8145,8175,8175,8176,8174,8204,8181,8150,8129,8146,8125,4.6289896965026855,sil,False
51,8111,8133,8126,8125,8169,8172,8176,8165,8192,8182,8137,8113,8141,8117,4.6289896965026855,sil,False
52,8119,8153,8150,8131,8173,8193,8185,8178,8193,8181,8147,8132,8149,8127,4.64506459236145,sil,False
53,8125,8158,8123,8141,8175,8179,8184,8180,8206,8174,8163,8130,8161,8127,4.64506459236145,sil,False
54,8133,8147,8145,8118,8167,8152,8163,8172,8193,8162,8162,8143,8155,8131,4.660390138626099,sil,False
55,8143,8163,8152,8128,8174,8157,8168,8171,8186,8169,8173,8157,8161,8136,4.660390138626099,sil,False
56,8153,8178,8150,8149,8178,8161,8176,8170,8182,8161,8183,8159,8164,8131,4.660390138626099,sil,False
57,8151,8169,8160,8135,8173,8160,8171,8170,8172,8144,8163,8145,8149,8118,4.67740273475647,sil,False
58,8135,8156,8133,8127,8176,8153,8166,8158,8165,8130,8146,8123,8130,8102,4.67740273475647,sil,False
59,8131,8172,8162,8132,8172,8147,8163,8156,8146,8109,8145,8138,8117,8104,4.692126274108887,sil,False
60,8123,8180,8160,8140,8169,8151,8181,8161,8142,8119,8151,8130,8117,8101,4.707137107849121,sil,False
61,8112,8160,8144,8133,8171,8150,8178,8161,8139,8117,8134,8102,8102,8085,4.707137107849121,sil,False
62,8112,8162,8168,8137,8174,8152,8165,8166,8129,8095,8109,8098,8088,8078,4.722313165664673,sil,False
63,8116,8170,8154,8158,8176,8164,8181,8162,8145,8115,8114,8096,8101,8087,4.722313165664673,sil,False
64,8125,8166,8174,8150,8179,8183,8189,8172,8153,8154,8128,8113,8110,8109,4.73750901222229,sil,False
65,8115,8156,8163,8149,8184,8193,8190,8180,8156,8169,8123,8102,8113,8112,4.73750901222229,sil,False
66,8103,8132,8136,8142,8163,8170,8180,8159,8153,8147,8098,8085,8111,8098,4.753053188323975,sil,False
67,8122,8129,8159,8118,8140,8153,8166,8162,8151,8132,8096,8120,8116,8110,4.753053188323975,sil,False
68,8145,8144,8150,8122,8159,8154,8168,8175,8171,8151,8129,8140,8140,8129,4.768715858459473,sil,False
69,8149,8155,8165,8137,8175,8154,8148,8168,8174,8150,8135,8149,8144,8124,4.768715858459473,sil,False
70,8140,8161,8165,8148,8160,8148,8133,8160,8168,8139,8130,8148,8138,8110,4.784725427627564,sil,False
71,8133,8160,8148,8127,8152,8137,8131,8149,8149,8119,8136,8139,8128,8095,4.784725427627564,sil,False
72,8124,8164,8167,8109,8160,8141,8127,8151,8132,8098,8125,8139,8098,8082,4.800374984741211,sil,False
73,8118,8169,8157,8141,8168,8141,8139,8158,8149,8118,8116,8128,8088,8081,4.800374984741211,sil,False
74,8123,8173,8176,8157,8165,8139,8145,8159,8142,8118,8121,8136,8098,8094,4.81639838218689,sil,False
75,8119,8164,8175,8154,8166,8163,8150,8154,8129,8108,8124,8126,8105,8090,4.81639838218689,sil,False
76,8112,8141,8142,8151,8170,8174,8154,8150,8143,8125,8114,8103,8099,8089,4.832090377807617,sil,False
77,8117,8142,8158,8141,8162,8169,8160,8171,8168,8142,8115,8126,8107,8114,4.832090377807617,sil,False
78,8124,8147,8141,8144,8166,8171,8170,8182,8198,8148,8137,8135,8140,8122,4.848111867904663,sil,False
79,8128,8137,8141,8126,8169,8157,8150,8168,8188,8128,8128,8136,8142,8107,4.848111867904663,sil,False
80,8118,8140,8149,8111,8159,8150,8143,8164,8165,8122,8122,8142,8125,8098,4.863386631011963,sil,False
81,8116,8155,8146,8133,8160,8158,8152,8160,8156,8124,8140,8136,8127,8090,4.863386631011963,sil,False
82,8121,8164,8187,8157,8164,8163,8146,8159,8138,8108,8136,8138,8143,8087,4.878780364990234,sil,False
83,8109,8149,8158,8168,8163,8169,8156,8156,8141,8123,8124,8118,8165,8089,4.878780364990234,sil,False
84,8103,8128,8140,8147,8155,8171,8161,8154,8142,8138,8121,8120,8166,8096,4.894576549530029,sil,False
85,8116,8130,8164,8135,8153,8173,8160,8163,8140,8135,8124,8144,8174,8110,4.894576549530029,sil,False
86,8127,8131,8153,8138,8148,8158,8160,8162,8151,8139,8133,8141,8195,8116,4.91032075881958,sil,False
87,8121,8129,8164,8124,8139,8143,8144,8166,8158,8147,8143,8148,8188,8115,4.91032075881958,sil,False
88,8118,8132,8143,8127,8148,8139,8137,8167,8159,8159,8153,8154,8180,8108,4.925414800643921,sil,False
89,8137,8141,8153,8128,8149,8133,8131,8158,8140,8143,8158,8161,8176,8107,4.925414800643921,sil,False
90,8152,8153,8184,8125,8146,8145,8135,8159,8137,8132,8164,8164,8173,8111,4.941551685333252,sil,False
91,8138,8158,8163,8144,8155,8150,8145,8158,8150,8147,8162,8153,8176,8103,4.941551685333252,sil,False
92,8122,8163,8177,8153,8157,8144,8140,8161,8133,8137,8140,8146,8156,8091,4.957524299621582,sil,False
93,8113,8158,8162,8152,8155,8151,8159,8166,8134,8131,8125,8115,8140,8085,4.957524299621582,sil,False
94,8113,8151,8151,8145,8158,8157,8176,8164,8143,8138,8119,8111,8144,8092,4.973652362823486,sil,False
95,8119,8151,8172,8144,8159,8160,8174,8168,8148,8152,8117,8134,8157,8109,4.973652362823486,sil,False
96,8125,8140,8149,8147,8147,8150,8169,8164,8157,8168,8132,8135,8167,8119,4.989306211471558,sil,False
97,8135,8139,8161,8131,8135,8132,8145,8163,8140,8149,8132,8148,8166,8123,4.989306211471558,sil,False
98,8137,8146,8148,8131,8143,8129,8138,8162,8131,8132,8127,8147,8171,8117,5.004524230957031,sil,False
99,8150,8144,8141,8140,8149,8126,8142,8160,8139,8137,8139,8149,8178,8116,5.004524230957031,sil,False
100,8171,8162,8177,8151,8147,8134,8142,8169,8138,8139,8159,8171,8175,8124,5.020240783691406,sil,False
101,8170,8174,8162,8168,8159,8145,8139,8160,8133,8127,8163,8162,8171,8115,5.020240783691406,sil,False
102,8156,8171,8166,8156,8163,8149,8132,8156,8120,8117,8154,8160,8160,8100,5.036229372024536,sil,False
103,8141,8171,8155,8159,8161,8152,8148,8165,8126,8138,8156,8148,8155,8094,5.036229372024536,sil,False
104,8126,8159,8147,8168,8158,8149,8149,8157,8123,8136,8144,8125,8147,8093,5.051697492599487,sil,False
105,8117,8148,8167,8159,8156,8164,8147,8160,8116,8126,8123,8128,8145,8104,5.051697492599487,sil,False
106,8118,8139,8128,8162,8156,8174,8165,8170,8143,8156,8123,8121,8161,8115,5.066743135452271,sil,False
107,8131,8138,8132,8149,8147,8160,8164,8169,8152,8160,8123,8123,8160,8118,5.066743135452271,sil,False
108,8139,8143,8139,8145,8144,8158,8166,8169,8159,8155,8126,8132,8169,8119,5.082367658615112,sil,False
109,8141,8128,8124,8136,8143,8153,8162,8170,8174,8155,8133,8141,8182,8119,5.082504510879517,sil,False
110,8140,8128,8143,8119,8145,8148,8145,8175,8176,8149,8143,8163,8180,8115,5.098222017288208,sil,False
111,8142,8153,8132,8138,8157,8149,8143,8164,8174,8158,8164,8159,8194,8107,5.098222017288208,sil,False
112,8156,8162,8151,8143,8152,8145,8135,8153,8148,8148,8158,8162,8195,8105,5.113250494003296,sil,False
113,8149,8148,8149,8132,8143,8142,8133,8156,8128,8128,8133,8149,8170,8094,5.113250494003296,sil,False
114,8123,8139,8126,8130,8140,8139,8140,8151,8127,8115,8125,8119,8148,8078,5.128745079040527,sil,False
115,8112,8145,8155,8140,8142,8151,8153,8163,8131,8116,8121,8123,8146,8087,5.128745079040527,sil,False
116,8118,8138,8139,8151,8148,8168,8179,8177,8158,8152,8114,8116,8156,8101,5.1440839767456055,sil,False
117,8133,8123,8140,8132,8142,8164,8178,8176,8178,8174,8108,8120,8159,8111,5.1440839767456055,sil,False
118,8139,8129,8145,8122,8135,8150,8163,8176,8184,8172,8110,8128,8177,8120,5.159224271774292,sil,False
119,8138,8134,8121,8123,8141,8129,8149,8169,8175,8165,8116,8126,8190,8114,5.159224271774292,sil,False
120,8145,8135,8144,8105,8141,8119,8131,8167,8154,8148,8131,8152,8184,8107,5.174618244171143,sil,False
121,8148,8150,8143,8118,8143,8127,8141,8166,8152,8141,8155,8159,8188,8106,5.174618244171143,sil,False
122,8155,8174,8168,8151,8159,8143,8153,8173,8150,8142,8150,8158,8178,8116,5.190160274505615,sil,False
123,8152,8171,8185,8168,8169,8165,8156,8178,8158,8157,8131,8153,8165,8119,5.190160274505615,sil,False
124,8142,8144,8154,8160,8162,8170,8166,8167,8180,8174,8128,8139,8169,8110,5.20604681968689,sil,False
125,8143,8140,8169,8138,8156,8170,8175,8172,8184,8178,8120,8149,8166,8115,5.20604681968689,sil,False
126,8140,8138,8138,8131,8157,8171,8185,8180,8196,8194,8113,8135,8168,8120,5.222118616104126,sil,False
127,8136,8125,8120,8118,8153,8163,8175,8170,8199,8189,8116,8131,8175,8117,5.222118616104126,sil,False
237,8142,8139,8146,8120,8163,8171,8171,8175,8202,8173,8133,8153,8190,8119,5.237462997436523,sil,False
0,8153,8156,8138,8140,8178,8161,8167,8179,8209,8179,8153,8166,8204,8120,5.237462997436523,sil,False
1,8157,8167,8162,8131,8168,8139,8139,8171,8179,8160,8150,8175,8188,8110,5.252990007400513,sil,False
2,8146,8173,8157,8144,8173,8158,8151,8163,8165,8153,8144,8154,8174,8098,5.252990007400513,sil,False
3,8139,8167,8151,8168,8188,8180,8185,8164,8177,8181,8133,8142,8167,8110,5.269006013870239,sil,False
4,8136,8155,8155,8154,8176,8169,8182,8170,8178,8188,8115,8150,8158,8122,5.269006013870239,sil,False
5,8135,8139,8124,8130,8147,8150,8157,8162,8176,8169,8123,8143,8168,8113,5.285120487213135,sil,False
6,8151,8145,8150,8120,8146,8155,8145,8170,8171,8161,8142,8161,8186,8114,5.285120487213135,sil,False
7,8169,8167,8165,8151,8172,8167,8163,8188,8184,8184,8166,8178,8203,8122,5.301185607910156,sil,False
8,8173,8180,8170,8169,8177,8159,8159,8175,8181,8177,8168,8173,8193,8119,5.301185607910156,sil,False
9,8161,8184,8183,8164,8163,8161,8141,8159,8156,8160,8148,8161,8169,8114,5.316421270370483,sil,False
10,8145,8167,8147,8173,8164,8173,8150,8159,8160,8191,8143,8138,8168,8111,5.316421270370483,sil,False
11,8144,8154,8154,8165,8169,8178,8162,8174,8177,8206,8141,8148,8176,8117,5.332036256790161,sil,False
12,8149,8161,8145,8153,8168,8173,8168,8177,8195,8193,8141,8154,8193,8115,5.332036256790161,sil,False
13,8155,8158,8134,8144,8161,8154,8148,8160,8182,8169,8147,8158,8197,8107,5.347657442092896,sil,False
14,8155,8157,8161,8138,8155,8151,8133,8161,8154,8151,8162,8178,8188,8102,5.347657442092896,sil,False
15,8145,8167,8142,8145,8164,8157,8153,8165,8157,8155,8163,8159,8181,8092,5.363649845123291,sil,False
16,8138,8179,8160,8148,8173,8156,8154,8163,8153,8150,8141,8147,8162,8079,5.363649845123291,sil,False
17,8138,8188,8163,8172,8176,8163,8153,8167,8157,8158,8146,8145,8160,8080,5.3791868686676025,sil,False
18,8140,8181,8144,8180,8176,8164,8170,8166,8157,8170,8163,8140,8166,8093,5.3791868686676025,sil,False
19,8140,8174,8170,8167,8177,8167,8180,8165,8138,8164,8145,8138,8146,8105,5.39521598815918,sil,False
20,8137,8167,8151,8188,8180,8168,8187,8158,8149,8172,8134,8125,8144,8107,5.39521598815918,sil,False
21,8149,8170,8157,8190,8174,8166,8183,8164,8169,8182,8151,8148,8169,8115,5.411160945892334,sil,False
22,8161,8178,8166,8178,8174,8178,8185,8180,8187,8201,8173,8164,8193,8129,5.411160945892334,sil,False
23,8160,8169,8154,8174,8175,8166,8178,8176,8187,8203,8171,8155,8203,8134,5.42719578742981,sil,False
24,8161,8159,8174,8159,8165,8148,8163,8176,8173,8182,8165,8179,8205,8133,5.42719578742981,sil,False
25,8166,8158,8148,8154,8160,8146,8168,8177,8187,8192,8188,8186,8218,8125,5.442618370056152,sil,False
26,8173,8164,8150,8154,8162,8141,8161,8176,8185,8187,8192,8183,8211,8124,5.442618370056152,sil,False
27,8175,8176,8168,8166,8174,8141,8164,8181,8170,8172,8188,8181,8208,8127,5.457790613174439,sil,False
28,8180,8172,8154,8170,8180,8140,8164,8170,8173,8178,8203,8180,8216,8120,5.457790613174439,sil,False
29,8173,8178,8177,8159,8169,8137,8145,8164,8161,8166,8201,8190,8199,8117,5.473079442977905,sil,False
30,8150,8189,8168,8181,8171,8149,8159,8163,8151,8163,8179,8167,8183,8111,5.489160776138306,sil,False
31,8147,8183,8174,8195,8177,8177,8185,8165,8149,8178,8159,8157,8174,8111,5.489160776138306,sil,False
32,8161,8178,8180,8195,8184,8203,8209,8181,8175,8202,8170,8171,8182,8132,5.504403829574585,sil,False
33,8171,8167,8149,8186,8181,8189,8207,8181,8202,8216,8192,8174,8199,8152,5.504403829574585,sil,False
34,8166,8156,8163,8162,8163,8158,8172,8178,8191,8196,8191,8190,8202,8151,5.504403829574585,sil,False
35,8159,8164,8144,8171,8167,8151,8157,8176,8184,8184,8192,8190,8203,8129,5.519861221313477,sil,False
36,8167,8184,8156,8190,8185,8155,8150,8171,8169,8183,8207,8195,8192,8116,5.519861221313477,sil,False
37,8165,8194,8188,8196,8186,8167,8153,8168,8157,8183,8210,8195,8186,8118,5.53500771522522,sil,False
38,8146,8184,8159,8203,8182,8175,8171,8158,8164,8178,8189,8164,8188,8115,5.550020933151245,sil,False
39,8143,8183,8171,8192,8180,8182,8173,8165,8157,8168,8171,8159,8175,8111,5.550020933151245,sil,False
40,8144,8178,8158,8189,8175,8182,8173,8177,8159,8180,8179,8154,8175,8106,5.566101551055908,sil,False
41,8143,8164,8147,8188,8173,8172,8168,8173,8162,8170,8181,8155,8176,8108,5.566101551055908,sil,False
42,8144,8166,8153,8184,8179,8183,8167,8170,8170,8164,8171,8161,8167,8115,5.581241607666016,sil,False
43,8136,8158,8118,8184,8175,8191,8178,8164,8183,8190,8167,8146,8163,8112,5.581241607666016,sil,False
44,8133,8148,8132,8173,8158,8185,8173,8168,8165,8181,8156,8153,8158,8109,5.597169399261475,sil,False
45,8142,8157,8134,8183,8172,8190,8179,8175,8160,8174,8164,8159,8169,8113,5.597169399261475,sil,False
46,8156,8169,8141,8193,8195,8191,8186,8175,8174,8195,8187,8167,8186,8128,5.6123809814453125,sil,False
47,8158,8169,8165,8194,8184,8188,8186,8182,8182,8202,8184,8177,8184,8133,5.6123809814453125,sil,False
48,8150,8152,8130,8188,8172,8174,8187,8179,8184,8182,8166,8160,8177,8119,5.627671718597412,sil,False
49,8161,8143,8142,8159,8166,8162,8172,8177,8177,8165,8165,8179,8184,8124,5.627671718597412,sil,False
50,8173,8147,8150,8160,8157,8155,8165,8184,8187,8186,8184,8196,8206,8138,5.643319129943848,sil,False
51,8163,8143,8131,8168,8145,8136,8150,8178,8183,8177,8167,8174,8195,8127,5.643319129943848,sil,False
52,8144,8140,8136,8150,8144,8137,8137,8168,8161,8143,8132,8158,8166,8108,5.658919334411621,sil,False
53,8147,8135,8117,8148,8158,8157,8149,8164,8169,8156,8145,8158,8186,8111,5.658919334411621,sil,False
54,8167,8143,8143,8149,8160,8158,8158,8176,8175,8163,8167,8181,8204,8130,5.674398422241211,sil,False
55,8172,8151,8150,8154,8156,8156,8166,8181,8179,8153,8169,8176,8190,8126,5.674398422241211,sil,False
56,8161,8141,8132,8155,8148,8145,8154,8162,8171,8138,8162,8161,8170,8104,5.690450191497803,sil,False
57,8150,8150,8155,8154,8146,8140,8134,8163,8155,8120,8161,8177,8172,8107,5.690450191497803,sil,False
58,8153,8163,8139,8169,8162,8150,8143,8173,8168,8142,8173,8178,8194,8117,5.706514835357666,sil,False
59,8170,8163,8157,8165,8161,8152,8146,8177,8173,8158,8176,8185,8196,8116,5.706514835357666,sil,False
60,8179,8170,8171,8170,8156,8152,8144,8178,8177,8152,8186,8187,8199,8119,5.72207236289978,sil,False
61,8182,8180,8161,8192,8169,8150,8145,8169,8176,8144,8198,8185,8205,8122,5.72207236289978,sil,False
62,8184,8188,8188,8188,8179,8157,8144,8164,8155,8138,8193,8192,8196,8116,5.738121032714844,sil,False
63,8162,8174,8158,8174,8173,8159,8152,8160,8147,8131,8177,8161,8181,8099,5.738121032714844,sil,False
64,8149,8169,8158,8159,8168,8152,8143,8159,8140,8116,8163,8155,8161,8094,5.7541184425354,sil,False
65,8153,8185,8171,8167,8177,8158,8139,8166,8144,8135,8174,8168,8157,8097,5.7541184425354,sil,False
66,8151,8184,8156,8186,8176,8162,8141,8161,8148,8152,8178,8152,8156,8094,5.769693374633789,sil,False
67,8151,8186,8186,8192,8173,8174,8140,8166,8146,8139,8159,8159,8143,8097,5.769693374633789,sil,False
68,8147,8194,8164,8203,8183,8174,8158,8172,8155,8143,8149,8158,8144,8097,5.785761117935181,sil,False
69,8141,8183,8158,8196,8179,8165,8164,8169,8148,8141,8140,8147,8140,8091,5.785761117935181,sil,False
70,8137,8173,8169,8189,8175,8182,8171,8172,8153,8142,8140,8145,8145,8089,5.801543951034546,sil,False
71,8131,8171,8140,8185,8179,8186,8177,8167,8163,8156,8146,8140,8158,8089,5.801543951034546,sil,False
72,8126,8175,8153,8173,8175,8169,8159,8162,8145,8155,8128,8142,8151,8091,5.817654848098755,sil,False
73,8131,8174,8147,8187,8179,8168,8164,8163,8153,8172,8128,8128,8154,8093,5.817654848098755,sil,False
74,8144,8168,8149,8180,8182,8174,8171,8168,8174,8187,8138,8132,8158,8105,5.833368301391602,sil,False
75,8143,8169,8149,8162,8175,8174,8161,8175,8174,8171,8125,8136,8145,8103,5.833368301391602,sil,False
76,8133,8166,8122,8168,8166,8163,8153,8165,8166,8153,8118,8119,8133,8083,5.849169492721558,sil,False
77,8132,8160,8149,8160,8161,8154,8149,8167,8161,8150,8122,8138,8139,8090,5.849169492721558,sil,False
78,8135,8157,8134,8158,8172,8163,8165,8174,8181,8169,8133,8144,8159,8103,5.864348411560059,sil,False
79,8141,8154,8125,8151,8176,8169,8166,8170,8193,8169,8135,8142,8160,8102,5.864348411560059,sil,False
80,8138,8151,8141,8144,8169,8166,8164,8177,8193,8165,8138,8151,8159,8100,5.879695892333984,sil,False
81,8125,8142,8115,8143,8167,8151,8166,8177,8200,8175,8144,8144,8170,8093,5.879695892333984,sil,False
82,8124,8145,8128,8121,8157,8140,8144,8175,8191,8162,8142,8153,8160,8091,5.895416021347046,sil,False
83,8133,8157,8121,8124,8155,8143,8135,8176,8206,8163,8153,8158,8160,8100,5.895416021347046,sil,False
84,8148,8172,8129,8142,8168,8143,8133,8169,8205,8164,8166,8165,8166,8103,5.911632061004639,sil,False
85,8151,8184,8163,8150,8169,8147,8127,8167,8172,8149,8176,8176,8165,8094,5.911632061004639,sil,False
86,8137,8174,8135,8150,8161,8140,8131,8161,8172,8163,8187,8161,8175,8087,5.927125692367554,sil,False
87,8128,8175,8144,8140,8165,8136,8130,8161,8170,8163,8175,8162,8165,8085,5.927125692367554,sil,False
88,8114,8181,8134,8145,8175,8147,8138,8160,8151,8141,8151,8141,8138,8069,5.943331956863403,sil,False
89,8105,8171,8122,8153,8171,8141,8139,8154,8134,8123,8137,8120,8125,8052,5.943331956863403,sil,False
90,8113,8187,8157,8166,8176,8150,8144,8169,8152,8144,8151,8148,8138,8068,5.959308624267578,sil,False
91,8118,8203,8141,8188,8189,8162,8158,8173,8180,8175,8175,8153,8153,8084,5.959308624267578,sil,False
92,8122,8191,8154,8183,8182,8156,8146,8166,8158,8160,8158,8145,8132,8082,5.974769830703735,sil,False
93,8115,8178,8154,8179,8181,8168,8153,8168,8151,8162,8130,8128,8121,8075,5.974769830703735,sil,False
94,8104,8166,8137,8175,8181,8176,8168,8163,8159,8167,8128,8119,8130,8075,5.990326166152954,please,True
95,8107,8171,8159,8175,8169,8171,8160,8168,8153,8151,8134,8136,8132,8087,5.990326166152954,please,True
96,8115,8172,8136,8185,8165,8167,8161,8175,8167,8172,8143,8135,8145,8090,6.005462646484375,please,True
97,8119,8160,8141,8169,8164,8165,8159,8176,8178,8188,8133,8144,8150,8089,6.005462646484375,please,True
98,8122,8159,8144,8177,8172,8169,8155,8175,8184,8185,8127,8149,8147,8097,6.026124954223633,please,True
99,8126,8154,8128,8185,8170,8166,8149,8171,8191,8188,8145,8142,8154,8101,6.026124954223633,please,True
100,8127,8148,8148,8153,8150,8160,8152,8179,8185,8177,8156,8155,8161,8097,6.026124954223633,please,True
101,8134,8157,8132,8158,8156,8155,8170,8180,8185,8165,8157,8164,8171,8093,6.037261486053467,please,True
102,8144,8169,8150,8172,8172,8153,8158,8175,8181,8159,8155,8175,8166,8099,6.053130149841309,please,True
103,8139,8168,8160,8173,8169,8156,8148,8174,8189,8177,8169,8167,8168,8099,6.053130149841309,please,True
104,8146,8164,8142,8185,8162,8145,8148,8168,8191,8191,8189,8174,8185,8103,6.068426847457886,please,True
105,8165,8184,8176,8196,8169,8140,8137,8165,8159,8166,8200,8210,8189,8115,6.068426847457886,please,True
106,8159,8194,8166,8204,8181,8150,8138,8156,8139,8144,8205,8192,8182,8103,6.084479331970215,please,True
107,8152,8184,8160,8199,8178,8151,8136,8150,8129,8130,8186,8174,8171,8088,6.084479331970215,please,True
108,8148,8178,8158,8192,8174,8158,8140,8160,8136,8135,8172,8180,8178,8088,6.100041627883911,please,True
109,8144,8170,8140,8189,8175,8160,8150,8160,8147,8153,8167,8164,8177,8081,6.100041627883911,please,True
110,8147,8167,8167,8193,8178,8171,8150,8160,8136,8154,8143,8155,8153,8073,6.1152825355529785,please,True
111,8131,8166,8141,8212,8184,8189,8162,8163,8141,8161,8133,8136,8152,8072,6.1154866218566895,please,True
112,8122,8165,8136,8203,8181,8188,8173,8165,8147,8156,8134,8133,8156,8084,6.131549596786499,please,True
113,8133,8166,8150,8186,8181,8192,8179,8172,8153,8155,8128,8142,8147,8092,6.131549596786499,please,True
114,8140,8149,8119,8181,8183,8192,8180,8170,8165,8166,8122,8127,8146,8087,6.147022485733032,please,True
115,8140,8144,8141,8168,8175,8181,8173,8176,8163,8159,8129,8143,8157,8096,6.147022485733032,please,True
116,8143,8154,8144,8182,8174,8172,8184,8178,8184,8172,8157,8162,8185,8111,6.162380933761597,please,True
117,8157,8157,8153,8200,8183,8169,8196,8173,8203,8202,8176,8175,8195,8119,6.162380933761597,please,True
118,8170,8164,8177,8201,8178,8172,8196,8180,8189,8202,8180,8186,8189,8126,6.178380966186523,please,True
119,8177,8162,8161,8205,8163,8163,8188,8174,8173,8169,8184,8186,8193,8127,6.178380966186523,please,True
120,8179,8157,8189,8208,8160,8162,8179,8177,8178,8159,8199,8214,8198,8137,6.1940598487854,please,True
121,8176,8164,8188,8225,8165,8165,8185,8186,8200,8194,8219,8217,8206,8142,6.1940598487854,please,True
122,8173,8172,8177,8220,8150,8142,8157,8172,8173,8164,8201,8206,8197,8126,6.209133863449097,please,True
123,8174,8185,8198,8207,8144,8142,8133,8164,8135,8116,8195,8225,8187,8110,6.209133863449097,please,True
124,8189,8188,8196,8223,8159,8152,8156,8163,8149,8142,8234,8245,8211,8118,6.225203037261963,please,True
125,8208,8189,8223,8227,8159,8136,8163,8160,8154,8147,8244,8261,8217,8136,6.225203037261963,please,True
126,8202,8194,8211,8230,8156,8134,8162,8162,8147,8131,8234,8248,8203,8128,6.241398096084595,please,True
127,8183,8196,8194,8230,8166,8145,8163,8159,8146,8151,8233,8236,8202,8113,6.241398096084595,please,True
237,8180,8198,8213,8224,8173,8147,8157,8157,8146,8163,8229,8237,8206,8116,6.256987810134888,please,True
0,8179,8193,8191,8235,8178,8143,8155,8153,8148,8146,8221,8218,8198,8117,6.256987810134888,please,True
1,8173,8189,8200,8228,8177,8151,8154,8161,8137,8139,8205,8210,8180,8115,6.272366285324097,please,True
2,8169,8182,8189,8212,8175,8163,8168,8170,8154,8169,8189,8196,8190,8118,6.272366285324097,please,True
3,8171,8156,8169,8203,8169,8159,8168,8164,8165,8176,8174,8184,8193,8123,6.289712905883789,please,True
4,8169,8143,8176,8189,8165,8166,8162,8163,8153,8159,8161,8185,8173,8124,6.289712905883789,please,True
5,8163,8138,8137,8173,8166,8168,8173,8171,8173,8180,8162,8166,8183,8117,6.303401947021484,please,True
6,8170,8129,8149,8152,8153,8158,8177,8185,8194,8201,8171,8180,8194,8127,6.303401947021484,please,True
7,8169,8128,8148,8155,8149,8164,8183,8189,8193,8198,8176,8189,8186,8129,6.319331407546997,please,True
8,8160,8134,8119,8148,8159,8162,8173,8167,8178,8175,8164,8169,8175,8109,6.319331407546997,please,True
9,8169,8149,8156,8132,8160,8152,8164,8169,8179,8165,8169,8190,8194,8110,6.334489107131958,please,True
10,8180,8165,8161,8155,8168,8155,8184,8183,8208,8196,8213,8210,8232,8126,6.334489107131958,please,True
11,8179,8180,8171,8173,8182,8160,8183,8179,8201,8190,8214,8212,8226,8124,6.350000858306885,please,True
12,8172,8183,8166,8171,8185,8157,8170,8170,8184,8178,8195,8202,8210,8116,6.350000858306885,please,True
13,8174,8170,8149,8156,8175,8142,8156,8164,8182,8195,8215,8196,8218,8117,6.365051031112671,please,True
14,8173,8182,8186,8153,8173,8148,8140,8164,8173,8178,8223,8206,8213,8116,6.365051031112671,please,True
15,8151,8182,8161,8174,8184,8166,8154,8165,8176,8154,8192,8176,8185,8097,6.381073236465454,please,True
16,8129,8150,8136,8157,8175,8169,8171,8168,8161,8150,8148,8150,8155,8084,6.381073236465454,please,True
17,8131,8139,8144,8144,8166,8173,8189,8172,8156,8174,8138,8149,8168,8101,6.396256685256958,please,True
18,8142,8146,8138,8158,8172,8167,8200,8162,8183,8193,8154,8151,8203,8119,6.396256685256958,please,True
19,8149,8143,8153,8133,8169,8162,8186,8169,8193,8191,8157,8171,8212,8115,6.411434650421143,please,True
20,8147,8132,8128,8114,8164,8159,8178,8181,8192,8190,8171,8176,8215,8103,6.411434650421143,please,True
21,8151,8145,8141,8129,8164,8142,8165,8173,8174,8153,8182,8179,8206,8097,6.427531003952026,sil,False
22,8149,8172,8170,8151,8171,8155,8161,8169,8166,8132,8171,8166,8188,8086,6.427531003952026,sil,False
23,8135,8168,8145,8155,8182,8183,8181,8172,8177,8165,8165,8139,8184,8086,6.443061828613281,sil,False
24,8133,8163,8162,8144,8178,8193,8196,8182,8173,8185,8166,8156,8182,8112,6.443061828613281,sil,False
25,8135,8165,8151,8158,8170,8192,8202,8183,8182,8196,8162,8161,8190,8123,6.458462715148926,sil,False
26,8145,8149,8151,8153,8170,8185,8187,8178,8198,8207,8165,8174,8210,8127,6.458462715148926,sil,False
27,8155,8144,8170,8133,8177,8180,8180,8189,8217,8213,8192,8208,8228,8140,6.474566221237183,sil,False
28,8161,8158,8148,8136,8176,8155,8177,8180,8217,8203,8211,8208,8226,8130,6.474566221237183,sil,False
29,8167,8163,8169,8124,8155,8135,8151,8168,8187,8177,8197,8204,8207,8114,6.490124702453613,sil,False
30,8160,8153,8157,8115,8145,8138,8152,8166,8183,8181,8187,8198,8208,8119,6.490124702453613,sil,False
31,8162,8153,8149,8122,8155,8141,8164,8164,8177,8178,8184,8205,8204,8127,6.505356788635254,sil,False
32,8159,8164,8169,8126,8157,8148,8151,8164,8150,8151,8178,8207,8181,8119,6.505356788635254,sil,False
33,8141,8162,8146,8135,8158,8156,8154,8158,8146,8154,8158,8173,8166,8104,6.522020578384399,sil,False
34,8140,8157,8166,8145,8172,8177,8184,8172,8160,8175,8135,8171,8157,8110,6.522020578384399,sil,False
35,8143,8152,8155,8153,8176,8192,8213,8190,8186,8195,8141,8173,8160,8117,6.537113904953003,sil,False
36,8138,8140,8128,8132,8153,8166,8199,8173,8182,8188,8143,8163,8165,8114,6.537113904953003,sil,False
37,8142,8141,8147,8112,8143,8155,8188,8171,8168,8187,8134,8173,8170,8121,6.552743911743164,sil,False
38,8145,8143,8128,8118,8157,8164,8196,8184,8185,8200,8138,8170,8177,8120,6.552743911743164,sil,False
39,8140,8146,8137,8111,8149,8150,8175,8179,8177,8170,8136,8173,8162,8111,6.569366693496704,sil,False
40,8138,8158,8134,8118,8146,8138,8171,8164,8168,8153,8144,8173,8158,8108,6.569366693496704,sil,False
41,8148,8159,8127,8122,8159,8142,8177,8160,8173,8158,8149,8170,8165,8103,6.58439564704895,sil,False
42,8148,8162,8146,8115,8155,8144,8164,8173,8165,8135,8136,8171,8150,8093,6.600030422210693,sil,False
43,8145,8180,8129,8144,8162,8152,8171,8173,8166,8137,8137,8159,8137,8087,6.600030422210693,sil,False
44,8161,8198,8165,8169,8187,8168,8187,8174,8167,8168,8146,8176,8141,8107,6.600030422210693,sil,False
45,8159,8190,8168,8181,8199,8188,8209,8184,8176,8190,8147,8173,8153,8120,6.616114139556885,sil,False
46,8130,8167,8122,8176,8187,8191,8223,8179,8184,8186,8130,8139,8141,8101,6.617113828659058,sil,False
47,8114,8162,8132,8159,8178,8188,8224,8181,8183,8183,8114,8139,8126,8089,6.632230281829834,sil,False
48,8121,8152,8112,8147,8174,8173,8215,8181,8192,8191,8126,8145,8146,8092,6.632230281829834,sil,False
49,8133,8144,8120,8120,8160,8149,8180,8167,8177,8172,8136,8165,8155,8095,6.646778345108032,sil,False
50,8144,8161,8135,8121,8159,8145,8170,8164,8157,8160,8136,8177,8148,8088,6.646778345108032,sil,False
51,8157,8172,8129,8142,8174,8147,8178,8165,8154,8160,8146,8173,8145,8083,6.662683963775635,sil,False
52,8164,8188,8163,8144,8181,8154,8170,8172,8157,8155,8159,8191,8143,8090,6.677790641784668,sil,False
53,8152,8197,8155,8160,8183,8163,8178,8166,8160,8174,8168,8190,8155,8094,6.677790641784668,sil,False
54,8142,8187,8160,8164,8175,8166,8183,8152,8137,8170,8152,8184,8149,8088,6.693308115005493,sil,False
55,8140,8184,8163,8165,8177,8181,8195,8164,8137,8163,8138,8174,8143,8085,6.693308115005493,sil,False
56,8133,8172,8129,8164,8181,8182,8209,8171,8161,8179,8136,8149,8147,8082,6.709006071090698,sil,False
57,8120,8156,8139,8144,8163,8173,8206,8171,8161,8186,8122,8149,8143,8089,6.709006071090698,sil,False
58,8126,8160,8130,8143,8160,8170,8211,8174,8171,8197,8130,8152,8156,8102,6.724597930908203,sil,False
59,8145,8169,8144,8136,8169,8154,8204,8174,8177,8187,8148,8172,8168,8115,6.724597930908203,sil,False
60,8145,8167,8157,8119,8166,8133,8186,8169,8173,8172,8153,8189,8170,8116,6.740333557128906,sil,False
61,8148,8170,8137,8126,8165,8120,8171,8164,8180,8178,8160,8185,8180,8104,6.740333557128906,sil,False
62,8173,8196,8175,8143,8173,8128,8157,8170,8173,8170,8170,8206,8180,8104,6.755490779876709,sil,False
63,8175,8207,8170,8166,8180,8138,8162,8164,8164,8156,8174,8199,8166,8096,6.755490779876709,sil,False
64,8167,8201,8165,8167,8176,8136,8166,8159,8156,8151,8162,8182,8147,8081,6.771322250366211,sil,False
65,8173,8215,8191,8168,8182,8156,8183,8176,8168,8168,8156,8184,8152,8090,6.771322250366211,sil,False
66,8181,8222,8180,8192,8194,8171,8206,8181,8187,8187,8167,8182,8173,8108,6.787419557571411,sil,False
67,8182,8217,8200,8200,8188,8166,8196,8178,8161,8177,8167,8186,8167,8112,6.787419557571411,sil,False
68,8171,8208,8188,8205,8176,8165,8192,8168,8128,8172,8149,8169,8155,8106,6.803175926208496,sil,False
69,8168,8196,8177,8200,8169,8169,8206,8158,8122,8170,8128,8167,8160,8113,6.803175926208496,sil,False
70,8164,8183,8178,8179,8164,8172,8210,8168,8152,8173,8131,8180,8168,8121,6.818639755249023,sil,False
71,8148,8169,8142,8163,8157,8153,8192,8167,8181,8188,8141,8164,8171,8109,6.818639755249023,sil,False
72,8151,8174,8160,8149,8150,8134,8168,8163,8163,8173,8134,8173,8169,8102,6.833816051483154,sil,False
73,8161,8179,8155,8153,8152,8135,8168,8168,8159,8157,8146,8189,8181,8103,6.833816051483154,sil,False
74,8169,8176,8149,8156,8159,8127,8163,8164,8173,8160,8175,8206,8189,8114,6.849356412887573,sil,False
75,8175,8196,8184,8164,8170,8130,8156,8168,8171,8159,8179,8221,8187,8115,6.849356412887573,sil,False
76,8176,8211,8171,8182,8177,8140,8161,8162,8149,8142,8168,8201,8185,8094,6.865012168884277,sil,False
77,8176,8210,8183,8170,8163,8134,8143,8147,8113,8115,8161,8196,8166,8088,6.865012168884277,sil,False
78,8176,8212,8179,8171,8167,8140,8147,8152,8118,8131,8158,8188,8161,8089,6.881185293197632,sil,False
79,8171,8213,8173,8190,8180,8152,8166,8160,8139,8144,8143,8173,8163,8077,6.881185293197632,sil,False
80,8158,8213,8196,8190,8169,8155,8159,8160,8126,8120,8131,8171,8142,8063,6.89655351638794,sil,False
81,8141,8200,8158,8184,8169,8153,8160,8153,8111,8115,8125,8154,8130,8061,6.89655351638794,sil,False
82,8142,8185,8164,8165,8176,8162,8171,8161,8103,8124,8111,8160,8129,8078,6.912340402603149,sil,False
83,8155,8190,8180,8176,8180,8175,8189,8180,8139,8156,8133,8177,8158,8105,6.912340402603149,sil,False
84,8171,8196,8167,8196,8179,8160,8184,8181,8179,8192,8162,8186,8192,8117,6.926897048950195,sil,False
85,8179,8192,8184,8184,8172,8147,8169,8187,8179,8201,8150,8198,8193,8122,6.926897048950195,sil,False
86,8169,8179,8153,8162,8163,8144,8167,8186,8184,8197,8145,8187,8188,8118,6.942453861236572,sil,False
87,8160,8174,8150,8136,8143,8131,8145,8174,8164,8158,8132,8189,8170,8107,6.942453861236572,sil,False
88,8171,8185,8167,8147,8140,8127,8142,8170,8149,8134,8126,8200,8163,8103,6.957603931427002,sil,False
89,8191,8188,8176,8167,8157,8129,8153,8168,8164,8153,8153,8208,8180,8108,6.957603931427002,sil,False
90,8193,8199,8208,8170,8165,8139,8144,8176,8168,8172,8172,8224,8195,8115,6.973224401473999,sil,False
91,8176,8207,8177,8185,8163,8145,8144,8170,8156,8179,8173,8203,8190,8100,6.973224401473999,sil,False
92,8167,8195,8171,8171,8148,8136,8146,8157,8139,8176,8163,8189,8168,8085,6.988792896270752,sil,False
93,8169,8192,8189,8168,8149,8140,8154,8170,8151,8196,8158,8196,8172,8095,6.988792896270752,sil,False
94,8175,8196,8186,8201,8167,8150,8169,8174,8168,8207,8159,8191,8179,8108,7.004408121109009,sil,False
95,8180,8193,8207,8208,8169,8153,8172,8166,8154,8176,8153,8195,8162,8107,7.004408121109009,sil,False
96,8166,8169,8168,8187,8159,8154,8180,8164,8159,8173,8141,8172,8158,8096,7.020053625106812,sil,False
97,8155,8142,8153,8163,8153,8156,8174,8175,8171,8183,8126,8160,8159,8099,7.020053625106812,sil,False
98,8164,8141,8170,8155,8148,8156,8163,8179,8181,8181,8126,8176,8156,8106,7.0350377559661865,sil,False
99,8172,8148,8149,8153,8142,8137,8156,8163,8191,8182,8129,8174,8167,8107,7.0350377559661865,sil,False
100,8169,8160,8165,8139,8145,8134,8145,8166,8175,8175,8121,8184,8178,8113,7.050537109375,sil,False
101,8172,8170,8159,8151,8154,8147,8150,8174,8179,8188,8138,8199,8192,8112,7.050537109375,sil,False
102,8193,8180,8167,8153,8149,8138,8147,8170,8184,8192,8168,8220,8201,8111,7.066503047943115,sil,False
103,8194,8188,8181,8142,8148,8131,8140,8172,8169,8163,8164,8215,8193,8108,7.066503047943115,sil,False
104,8168,8175,8145,8140,8153,8130,8132,8158,8146,8132,8142,8178,8172,8082,7.08211874961853,sil,False
105,8160,8179,8166,8142,8149,8128,8104,8143,8108,8099,8128,8180,8145,8064,7.08211874961853,sil,False
106,8163,8197,8172,8174,8153,8136,8107,8149,8102,8101,8133,8177,8147,8073,7.09759259223938,sil,False
107,8158,8187,8162,8184,8151,8136,8127,8157,8118,8126,8131,8164,8157,8080,7.09759259223938,sil,False
108,8142,8165,8153,8163,8144,8144,8140,8166,8133,8154,8119,8155,8147,8068,7.113367080688477,sil,False
109,8126,8148,8110,8155,8146,8154,8148,8163,8147,8174,8108,8134,8140,8056,7.113367080688477,sil,False
110,8117,8144,8125,8147,8137,8153,8138,8151,8139,8155,8092,8132,8127,8059,7.129028558731079,sil,False
111,8114,8143,8115,8145,8129,8153,8142,8149,8149,8152,8092,8125,8125,8055,7.129028558731079,sil,False
112,8131,8140,8106,8138,8136,8144,8144,8159,8167,8168,8104,8139,8144,8063,7.1451499462127686,sil,False
113,8149,8152,8145,8132,8139,8138,8130,8170,8168,8163,8130,8179,8165,8090,7.1451499462127686,sil,False
114,8155,8165,8136,8143,8136,8130,8122,8157,8160,8142,8160,8179,8168,8085,7.161403179168701,sil,False
115,8159,8172,8151,8139,8136,8127,8109,8153,8137,8118,8157,8178,8153,8067,7.161403179168701,sil,False
116,8150,8172,8149,8151,8149,8136,8117,8165,8138,8140,8149,8171,8153,8072,7.1770179271698,sil,False
117,8138,8166,8135,8169,8152,8138,8132,8162,8141,8165,8145,8158,8144,8075,7.1770179271698,sil,False
118,8129,8162,8149,8160,8141,8149,8136,8161,8128,8154,8130,8155,8119,8065,7.192189931869507,sil,False
119,8114,8149,8116,8155,8138,8155,8132,8155,8131,8158,8115,8129,8119,8057,7.192189931869507,sil,False
120,8107,8129,8123,8139,8136,8149,8125,8153,8128,8166,8102,8130,8120,8070,7.207304954528809,sil,False
121,8121,8123,8122,8123,8134,8152,8139,8167,8140,8168,8109,8149,8128,8086,7.207304954528809,sil,False
122,8143,8136,8103,8120,8137,8143,8130,8164,8159,8154,8131,8155,8144,8086,7.22233772277832,sil,False
123,8135,8149,8122,8121,8133,8134,8109,8159,8159,8141,8129,8152,8146,8076,7.22233772277832,sil,False
124,8118,8139,8101,8129,8130,8140,8122,8159,8165,8153,8122,8132,8147,8068,7.23861026763916,sil,False
125,8141,8144,8129,8134,8134,8140,8129,8164,8169,8149,8138,8154,8158,8081,7.23861026763916,sil,False
126,8164,8170,8156,8151,8149,8138,8126,8172,8180,8157,8166,8178,8183,8095,7.253234386444092,sil,False
127,8151,8169,8132,8146,8152,8128,8125,8166,8174,8171,8167,8167,8183,8088,7.269308567047119,sil,False
237,8144,8168,8149,8129,8143,8126,8117,8163,8144,8154,8154,8166,8162,8079,7.269308567047119,sil,False
0,8148,8177,8140,8148,8146,8132,8117,8156,8138,8135,8156,8158,8161,8074,7.269308567047119,sil,False
1,8138,8169,8140,8140,8148,8129,8116,8154,8132,8120,8144,8160,8149,8070,7.284984827041626,sil,False
2,8126,8164,8143,8131,8144,8130,8130,8166,8132,8127,8138,8158,8137,8060,7.300019264221191,sil,False
3,8135,8175,8136,8156,8145,8131,8138,8164,8140,8139,8146,8149,8138,8062,7.300019264221191,sil,False
4,8151,8184,8166,8167,8150,8144,8129,8165,8138,8141,8138,8165,8133,8081,7.31519889831543,sil,False
5,8145,8175,8148,8169,8157,8160,8153,8168,8153,8171,8140,8157,8140,8087,7.31519889831543,sil,False
6,8142,8164,8152,8164,8153,8159,8168,8170,8162,8184,8139,8148,8145,8087,7.331422805786133,sil,False
7,8143,8164,8158,8160,8147,8161,8161,8180,8164,8171,8127,8154,8140,8093,7.331422805786133,sil,False
8,8135,8153,8121,8164,8147,8156,8165,8173,8157,8163,8123,8148,8139,8088,7.348350286483765,sil,False
9,8139,8151,8149,8165,8143,8157,8170,8167,8138,8160,8122,8160,8139,8094,7.348350286483765,sil,False
10,8150,8157,8148,8172,8143,8165,8178,8173,8154,8182,8131,8164,8150,8109,7.348350286483765,sil,False
11,8150,8147,8143,8161,8140,8153,8172,8175,8168,8189,8138,8172,8155,8113,7.362006187438965,sil,False
12,8139,8144,8153,8152,8138,8142,8158,8172,8159,8181,8132,8177,8154,8111,7.3772242069244385,sil,False
13,8138,8147,8130,8159,8138,8135,8140,8164,8156,8177,8127,8166,8155,8107,7.3772242069244385,sil,False
14,8149,8156,8154,8152,8128,8122,8117,8166,8145,8155,8139,8188,8149,8101,7.392182350158691,sil,False
15,8150,8161,8145,8152,8130,8110,8123,8168,8144,8154,8162,8188,8162,8096,7.392182350158691,sil,False
16,8155,8161,8137,8150,8144,8118,8131,8162,8145,8164,8165,8177,8179,8104,7.407404661178589,sil,False
17,8174,8182,8172,8165,8155,8138,8132,8167,8150,8173,8177,8200,8183,8122,7.407404661178589,sil,False
18,8187,8198,8167,8190,8160,8136,8140,8161,8162,8185,8213,8213,8187,8120,7.423449993133545,sil,False
19,8178,8192,8175,8169,8156,8128,8128,8152,8134,8158,8194,8201,8163,8097,7.423449993133545,sil,False
20,8148,8175,8147,8151,8155,8133,8122,8150,8113,8127,8148,8165,8134,8072,7.4394690990448,sil,False
21,8134,8172,8137,8155,8159,8134,8125,8148,8117,8128,8155,8163,8131,8071,7.4394690990448,sil,False
22,8138,8184,8170,8162,8161,8143,8129,8160,8127,8146,8179,8182,8144,8084,7.454997301101685,sil,False
23,8130,8174,8151,8176,8169,8155,8139,8166,8146,8167,8164,8152,8143,8082,7.454997301101685,sil,False
24,8117,8156,8151,8160,8164,8163,8140,8169,8150,8167,8130,8135,8121,8076,7.470457553863525,sil,False
25,8112,8145,8131,8148,8158,8170,8156,8175,8163,8172,8128,8133,8123,8079,7.470457553863525,sil,False
26,8114,8138,8120,8147,8162,8162,8174,8174,8169,8177,8138,8135,8138,8084,7.48597526550293,sil,False
27,8127,8145,8152,8141,8164,8166,8175,8184,8167,8188,8138,8153,8148,8095,7.48597526550293,sil,False
28,8141,8140,8128,8134,8159,8163,8170,8176,8178,8203,8151,8158,8165,8103,7.501497745513916,sil,False
29,8160,8141,8145,8122,8143,8132,8143,8163,8175,8177,8162,8183,8166,8111,7.501497745513916,sil,False
30,8167,8169,8168,8143,8148,8136,8143,8169,8181,8170,8172,8197,8162,8111,7.517038583755493,sil,False
31,8154,8170,8156,8157,8159,8160,8160,8169,8183,8193,8166,8176,8149,8107,7.517038583755493,sil,False
32,8145,8152,8166,8141,8152,8163,8172,8177,8174,8202,8149,8175,8135,8116,7.532589912414551,sil,False
33,8150,8147,8137,8140,8148,8153,8193,8183,8190,8208,8159,8174,8149,8121,7.532589912414551,sil,False
34,8151,8146,8142,8123,8146,8148,8188,8177,8188,8190,8156,8175,8151,8119,7.548175573348999,sil,False
35,8143,8141,8147,8111,8141,8146,8174,8171,8180,8186,8153,8175,8150,8117,7.548175573348999,sil,False
36,8147,8139,8129,8116,8141,8132,8167,8165,8169,8190,8172,8181,8154,8110,7.563403606414795,sil,False
37,8141,8156,8160,8126,8153,8142,8165,8165,8147,8165,8175,8193,8141,8098,7.563403606414795,sil,False
38,8118,8166,8150,8148,8167,8170,8179,8165,8160,8169,8164,8165,8133,8086,7.579002857208252,sil,False
39,8118,8159,8157,8147,8162,8178,8188,8168,8169,8187,8145,8156,8129,8089,7.579002857208252,sil,False
40,8122,8150,8161,8135,8154,8170,8196,8172,8163,8193,8133,8160,8127,8093,7.59510612487793,sil,False
41,8116,8132,8132,8132,8147,8153,8188,8164,8178,8194,8129,8155,8134,8091,7.59510612487793,sil,False
42,8125,8127,8152,8124,8141,8148,8171,8173,8185,8193,8139,8180,8149,8103,7.611147403717041,sil,False
43,8136,8132,8138,8127,8148,8153,8179,8181,8183,8199,8162,8180,8167,8109,7.611147403717041,sil,False
44,8135,8130,8145,8117,8146,8147,8171,8176,8177,8195,8166,8174,8163,8108,7.627106428146362,sil,False
45,8137,8141,8155,8116,8142,8143,8160,8176,8183,8193,8166,8183,8162,8110,7.627106428146362,sil,False
46,8147,8158,8133,8133,8148,8126,8156,8166,8183,8183,8173,8176,8164,8103,7.642382383346558,sil,False
47,8153,8165,8166,8131,8147,8113,8142,8159,8163,8155,8165,8176,8148,8097,7.642382383346558,sil,False
48,8147,8159,8154,8132,8143,8125,8140,8158,8159,8155,8158,8168,8141,8092,7.657907724380493,sil,False
49,8149,8155,8150,8128,8144,8136,8140,8160,8152,8152,8158,8174,8139,8089,7.657907724380493,sil,False
50,8147,8154,8170,8128,8154,8150,8149,8169,8148,8151,8164,8177,8135,8089,7.673028707504272,sil,False
51,8136,8146,8145,8146,8157,8154,8159,8160,8148,8169,8171,8158,8136,8085,7.673028707504272,sil,False
52,8140,8153,8165,8150,8151,8152,8148,8153,8135,8169,8158,8162,8130,8087,7.689101696014404,sil,False
53,8142,8160,8166,8156,8153,8163,8156,8157,8148,8168,8139,8148,8126,8092,7.689101696014404,sil,False
54,8142,8150,8163,8157,8152,8174,8166,8160,8160,8174,8133,8146,8122,8098,7.704251766204834,sil,False
55,8143,8144,8174,8150,8151,8186,8173,8170,8169,8191,8150,8167,8132,8102,7.704251766204834,sil,False
56,8129,8131,8143,8142,8156,8185,8190,8180,8202,8220,8169,8162,8155,8105,7.720296382904053,sil,False
57,8125,8132,8157,8134,8151,8167,8179,8188,8214,8232,8175,8176,8161,8118,7.720296382904053,sil,False
58,8140,8153,8155,8152,8153,8159,8170,8183,8211,8232,8193,8186,8175,8125,7.736419916152954,sil,False
59,8155,8157,8150,8144,8152,8155,8172,8165,8199,8207,8202,8189,8188,8127,7.736419916152954,sil,False
60,8156,8157,8169,8129,8142,8150,8169,8166,8197,8194,8203,8201,8188,8129,7.752051591873169,sil,False
61,8160,8159,8152,8145,8149,8142,8167,8171,8214,8209,8219,8200,8196,8123,7.752051591873169,sil,False
62,8167,8161,8177,8136,8152,8138,8153,8174,8200,8198,8215,8208,8192,8117,7.767191410064697,sil,False
63,8151,8156,8161,8124,8145,8131,8150,8169,8188,8192,8202,8194,8180,8107,7.767191410064697,sil,False
64,8141,8155,8139,8126,8154,8125,8151,8158,8185,8194,8196,8180,8172,8101,7.782451868057251,sil,False
65,8150,8173,8179,8132,8171,8154,8162,8167,8172,8184,8206,8200,8177,8113,7.782451868057251,sil,False
66,8159,8181,8170,8150,8177,8172,8174,8164,8176,8197,8224,8196,8190,8118,7.7979748249053955,sil,False
67,8162,8182,8178,8157,8173,8156,8164,8153,8174,8191,8207,8184,8174,8112,7.798975944519043,sil,False
68,8163,8184,8180,8168,8177,8161,8179,8161,8188,8186,8186,8172,8159,8105,7.813528537750244,sil,False
69,8161,8172,8169,8167,8178,8166,8195,8177,8212,8210,8189,8167,8162,8107,7.813528537750244,sil,False
70,8152,8157,8176,8138,8169,8163,8182,8183,8210,8218,8182,8173,8157,8114,7.829036235809326,sil,False
71,8134,8142,8137,8135,8161,8163,8178,8164,8198,8213,8171,8153,8153,8103,7.829036235809326,sil,False
72,8124,8135,8141,8138,8152,8160,8178,8152,8184,8198,8161,8147,8141,8092,7.845470428466797,sil,False
73,8132,8138,8149,8131,8150,8166,8187,8173,8197,8207,8160,8152,8148,8102,7.845470428466797,sil,False
74,8159,8145,8145,8134,8156,8167,8191,8187,8220,8224,8178,8164,8175,8123,7.8596625328063965,sil,False
75,8171,8159,8180,8153,8155,8165,8176,8189,8222,8218,8192,8191,8179,8132,7.875199794769287,sil,False
76,8149,8152,8152,8163,8149,8156,8176,8183,8223,8214,8193,8183,8174,8124,7.875199794769287,sil,False
77,8138,8130,8144,8126,8145,8139,8173,8176,8206,8200,8183,8177,8170,8121,7.89222526550293,sil,False
78,8145,8130,8155,8117,8151,8139,8165,8175,8201,8202,8186,8179,8177,8119,7.892728805541992,sil,False
79,8162,8154,8151,8158,8164,8142,8164,8169,8212,8214,8201,8184,8183,8116,7.892728805541992,sil,False
80,8186,8182,8190,8167,8169,8150,8170,8179,8209,8208,8216,8216,8189,8127,7.906710863113403,sil,False
81,8185,8176,8172,8152,8170,8157,8175,8184,8213,8211,8228,8212,8198,8129,7.922409772872925,sil,False
82,8167,8149,8156,8134,8154,8144,8151,8172,8194,8195,8212,8192,8174,8110,7.922409772872925,sil,False
83,8151,8157,8164,8147,8149,8140,8149,8166,8175,8172,8191,8185,8146,8096,7.938396215438843,sil,False
84,8136,8166,8146,8163,8167,8148,8166,8159,8176,8169,8186,8172,8141,8091,7.938396215438843,sil,False
85,8133,8160,8164,8144,8175,8159,8159,8158,8169,8177,8184,8173,8135,8086,7.953380346298218,sil,False
86,8137,8163,8150,8150,8175,8163,8165,8161,8173,8186,8185,8160,8134,8079,7.953380346298218,sil,False
87,8143,8168,8154,8154,8173,8159,8171,8163,8166,8173,8181,8162,8128,8081,7.969064712524414,sil,False
88,8146,8177,8180,8154,8180,8168,8181,8168,8159,8174,8187,8174,8129,8091,7.969064712524414,sil,False
89,8139,8168,8157,8170,8181,8169,8195,8164,8170,8193,8183,8150,8135,8089,7.984154224395752,sil,False
90,8123,8150,8162,8153,8170,8167,8198,8177,8186,8196,8154,8153,8125,8093,7.984154224395752,sil,False
91,8116,8138,8141,8137,8172,8178,8214,8189,8220,8216,8158,8160,8138,8106,7.9993064403533936,sil,False
92,8133,8136,8142,8141,8168,8174,8213,8182,8224,8218,8172,8162,8150,8114,7.9993064403533936,sil,False
93,8144,8139,8167,8145,8157,8166,8192,8186,8209,8205,8163,8167,8138,8117,8.015071868896484,please,True
94,8143,8134,8138,8138,8158,8158,8184,8186,8218,8216,8155,8157,8138,8116,8.015071868896484,please,True
95,8161,8146,8160,8133,8162,8146,8171,8184,8216,8213,8162,8185,8152,8127,8.037574529647827,please,True
96,8185,8168,8175,8162,8165,8146,8171,8184,8221,8213,8204,8218,8186,8142,8.037574529647827,please,True
97,8184,8168,8175,8157,8157,8142,8170,8175,8215,8210,8219,8218,8192,8138,8.037574529647827,please,True
98,8169,8165,8187,8145,8149,8143,8163,8168,8189,8189,8198,8207,8161,8114,8.046417713165283,please,True
99,8174,8184,8175,8196,8168,8146,8168,8161,8190,8189,8220,8214,8168,8114,8.062093019485474,please,True
100,8201,8217,8218,8232,8181,8152,8171,8169,8194,8197,8262,8257,8202,8145,8.062093019485474,please,True
101,8196,8222,8219,8230,8174,8155,8169,8176,8186,8195,8259,8250,8199,8138,8.077309608459473,please,True
102,8177,8211,8211,8234,8167,8134,8153,8159,8158,8170,8231,8225,8159,8110,8.077309608459473,please,True
103,8177,8216,8245,8263,8168,8134,8146,8150,8137,8151,8227,8244,8152,8114,8.092502355575562,please,True
104,8174,8204,8218,8281,8167,8149,8155,8153,8145,8159,8235,8244,8174,8115,8.092502355575562,please,True
105,8175,8203,8238,8277,8163,8146,8147,8160,8140,8152,8220,8246,8161,8111,8.108088493347168,please,True
106,8189,8226,8259,8309,8180,8153,8160,8164,8143,8167,8211,8247,8156,8130,8.108088493347168,please,True
107,8204,8224,8249,8330,8185,8163,8177,8166,8171,8195,8221,8256,8180,8151,8.123301267623901,please,True
108,8212,8211,8263,8314,8163,8160,8164,8179,8184,8192,8226,8280,8185,8157,8.123301267623901,please,True
109,8209,8205,8229,8310,8159,8145,8150,8171,8170,8183,8214,8263,8181,8148,8.138710498809814,please,True
110,8204,8203,8230,8297,8164,8134,8143,8158,8142,8162,8197,8253,8175,8144,8.138710498809814,please,True
111,8200,8205,8237,8291,8162,8136,8156,8165,8149,8152,8201,8256,8174,8149,8.153992891311646,please,True
112,8201,8200,8211,8283,8159,8128,8157,8163,8157,8151,8208,8252,8177,8141,8.153992891311646,please,True
113,8200,8207,8216,8264,8165,8131,8137,8163,8134,8128,8191,8248,8169,8123,8.17000412940979,please,True
114,8197,8226,8205,8274,8178,8149,8141,8160,8140,8124,8185,8226,8159,8114,8.17000412940979,please,True
115,8204,8234,8222,8277,8184,8157,8142,8156,8146,8131,8193,8233,8150,8126,8.185190439224243,please,True
116,8199,8234,8218,8272,8192,8160,8148,8162,8145,8145,8193,8233,8152,8128,8.185190439224243,please,True
117,8183,8223,8181,8267,8193,8158,8159,8162,8149,8164,8182,8199,8149,8117,8.200372695922852,please,True
118,8173,8209,8194,8248,8188,8167,8161,8167,8147,8163,8168,8191,8137,8122,8.200372695922852,please,True
119,8166,8194,8171,8245,8194,8171,8178,8169,8160,8175,8164,8180,8145,8123,8.215897798538208,please,True
120,8169,8180,8168,8238,8192,8163,8177,8163,8163,8185,8156,8180,8146,8121,8.215897798538208,please,True
121,8167,8179,8168,8221,8184,8171,8168,8167,8167,8188,8153,8182,8141,8123,8.232063055038452,please,True
122,8150,8164,8127,8202,8178,8170,8167,8166,8178,8186,8147,8157,8141,8120,8.232063055038452,please,True
123,8143,8150,8141,8174,8173,8157,8160,8169,8177,8176,8136,8165,8141,8118,8.24720025062561,please,True
124,8150,8156,8133,8168,8181,8155,8162,8165,8191,8189,8159,8180,8160,8121,8.263638257980347,please,True
125,8157,8159,8132,8169,8185,8155,8158,8154,8179,8187,8164,8173,8154,8120,8.263638257980347,please,True
126,8146,8147,8135,8160,8175,8160,8156,8157,8162,8176,8130,8150,8132,8114,8.278247117996216,please,True
127,8140,8136,8105,8145,8171,8161,8159,8163,8185,8174,8131,8142,8143,8112,8.278247117996216,please,True
237,8161,8155,8143,8147,8180,8163,8152,8173,8198,8167,8164,8179,8170,8122,8.278247117996216,please,True
0,8168,8174,8149,8180,8190,8169,8162,8181,8200,8184,8181,8182,8184,8124,8.293570041656494,please,True
1,8153,8160,8140,8166,8183,8160,8165,8174,8201,8190,8165,8167,8169,8115,8.310470819473267,please,True
2,8153,8152,8155,8136,8180,8151,8165,8171,8205,8179,8157,8172,8163,8111,8.310470819473267,please,True
3,8169,8160,8143,8149,8194,8152,8176,8168,8207,8184,8172,8174,8173,8112,8.310470819473267,please,True
4,8172,8170,8166,8152,8193,8156,8171,8170,8185,8184,8183,8185,8164,8113,8.324639320373535,please,True
5,8164,8175,8154,8162,8190,8158,8171,8168,8179,8185,8190,8177,8163,8108,8.341355562210083,please,True
6,8171,8177,8153,8175,8195,8154,8168,8159,8173,8169,8180,8178,8157,8111,8.341355562210083,please,True
7,8185,8185,8187,8169,8192,8164,8170,8165,8168,8156,8166,8193,8147,8123,8.356193542480469,please,True
8,8180,8179,8167,8176,8192,8174,8187,8163,8182,8175,8173,8182,8157,8121,8.356193542480469,please,True
9,8174,8184,8183,8191,8204,8179,8188,8164,8180,8175,8170,8185,8161,8119,8.371379613876343,please,True
10,8173,8197,8182,8202,8215,8190,8196,8176,8191,8186,8166,8183,8164,8121,8.371379613876343,please,True
11,8167,8183,8161,8186,8203,8191,8205,8173,8202,8203,8161,8176,8163,8116,8.387125253677368,please,True
12,8156,8171,8170,8171,8194,8196,8209,8173,8194,8195,8146,8180,8152,8116,8.387125253677368,please,True
13,8150,8170,8148,8186,8206,8200,8219,8179,8196,8192,8143,8163,8156,8115,8.40218710899353,please,True
14,8152,8163,8156,8169,8199,8193,8209,8182,8187,8184,8135,8167,8150,8109,8.40218710899353,please,True
15,8144,8153,8143,8151,8189,8193,8201,8175,8181,8176,8119,8168,8138,8101,8.417414903640747,please,True
16,8143,8150,8132,8159,8197,8190,8204,8164,8183,8178,8126,8164,8150,8107,8.417414903640747,please,True
17,8152,8155,8168,8153,8194,8183,8201,8175,8186,8194,8153,8187,8176,8122,8.433454990386963,please,True
18,8146,8152,8141,8146,8185,8170,8194,8177,8196,8198,8155,8187,8184,8116,8.433454990386963,please,True
19,8154,8163,8153,8153,8190,8160,8176,8169,8184,8166,8133,8192,8169,8112,8.449098587036133,please,True
20,8171,8184,8174,8174,8205,8165,8177,8174,8184,8161,8148,8201,8178,8121,8.449098587036133,please,True
21,8169,8173,8150,8159,8197,8150,8173,8171,8193,8177,8174,8205,8190,8123,8.464897155761719,please,True
22,8155,8165,8161,8134,8181,8141,8150,8170,8183,8179,8168,8218,8184,8118,8.464897155761719,please,True
23,8153,8180,8150,8163,8187,8149,8148,8166,8179,8181,8170,8203,8183,8105,8.481531858444214,please,True
24,8169,8190,8176,8177,8195,8152,8147,8159,8173,8158,8177,8204,8167,8098,8.481531858444214,please,True
25,8176,8195,8190,8170,8202,8170,8161,8168,8188,8152,8185,8218,8167,8105,8.497257947921753,sil,False
26,8176,8194,8168,8175,8206,8181,8178,8171,8207,8178,8196,8217,8188,8116,8.497257947921753,sil,False
27,8177,8197,8201,8183,8203,8182,8175,8171,8195,8178,8195,8221,8180,8118,8.513036489486694,sil,False
28,8157,8194,8189,8195,8213,8189,8186,8164,8193,8178,8186,8194,8161,8106,8.513036489486694,sil,False
29,8141,8180,8175,8176,8207,8189,8197,8161,8197,8179,8157,8175,8145,8103,8.531302452087402,sil,False
30,8139,8158,8161,8151,8183,8185,8203,8174,8213,8173,8138,8174,8143,8111,8.531302452087402,sil,False
31,8141,8137,8132,8140,8177,8166,8197,8176,8225,8177,8153,8171,8160,8115,8.544471025466919,sil,False
32,8155,8151,8164,8138,8182,8148,8171,8175,8208,8180,8178,8199,8176,8119,8.544471025466919,sil,False
33,8165,8171,8158,8161,8182,8143,8160,8168,8203,8181,8190,8210,8183,8116,8.560484409332275,sil,False
34,8181,8176,8172,8169,8183,8143,8152,8159,8198,8167,8188,8219,8186,8129,8.560484409332275,sil,False
35,8200,8187,8201,8171,8197,8155,8161,8166,8193,8180,8208,8236,8197,8152,8.576022624969482,sil,False
36,8199,8193,8178,8185,8206,8156,8176,8161,8191,8193,8219,8223,8189,8135,8.576022624969482,sil,False
37,8188,8199,8195,8188,8202,8155,8167,8157,8171,8155,8198,8213,8161,8111,8.59135890007019,sil,False
38,8189,8204,8192,8201,8207,8164,8171,8164,8182,8160,8203,8202,8174,8120,8.59135890007019,sil,False
39,8194,8195,8193,8201,8208,8162,8169,8169,8202,8201,8213,8209,8189,8135,8.607381105422974,sil,False
40,8184,8190,8204,8204,8211,8168,8171,8183,8212,8213,8201,8217,8181,8137,8.607381105422974,sil,False
41,8180,8181,8175,8216,8218,8188,8199,8188,8232,8223,8192,8201,8184,8142,8.623501300811768,sil,False
42,8187,8173,8186,8200,8211,8196,8205,8183,8230,8225,8181,8206,8186,8147,8.623501300811768,sil,False
43,8181,8171,8170,8189,8203,8186,8191,8179,8228,8224,8178,8203,8188,8133,8.639011144638062,sil,False
44,8174,8155,8157,8177,8194,8177,8175,8171,8230,8205,8183,8202,8186,8122,8.639011144638062,sil,False
45,8172,8153,8168,8160,8185,8179,8176,8168,8225,8186,8191,8216,8182,8119,8.655054807662964,sil,False
46,8167,8173,8149,8176,8197,8170,8184,8163,8220,8191,8207,8213,8181,8109,8.655054807662964,sil,False
47,8169,8194,8189,8197,8213,8172,8183,8166,8200,8183,8206,8219,8166,8111,8.671163558959961,sil,False
48,8166,8185,8192,8214,8214,8193,8210,8172,8194,8182,8186,8200,8157,8118,8.671163558959961,sil,False
49,8164,8157,8163,8202,8206,8189,8228,8174,8209,8199,8166,8181,8161,8128,8.686997175216675,sil,False
50,8174,8152,8174,8173,8196,8174,8209,8183,8228,8211,8168,8194,8173,8139,8.686997175216675,sil,False
51,8180,8158,8151,8169,8188,8157,8184,8170,8221,8189,8185,8196,8179,8125,8.70211410522461,sil,False
52,8179,8175,8167,8177,8191,8146,8161,8158,8176,8145,8182,8205,8159,8110,8.70211410522461,sil,False
53,8164,8182,8169,8198,8207,8168,8181,8170,8174,8160,8176,8188,8146,8102,8.717679262161255,sil,False
54,8147,8159,8146,8199,8202,8185,8201,8173,8203,8190,8165,8160,8146,8098,8.717679262161255,sil,False
55,8150,8148,8157,8178,8185,8184,8195,8178,8216,8186,8152,8172,8151,8111,8.733550310134888,sil,False
56,8154,8140,8126,8164,8180,8166,8196,8180,8228,8186,8157,8169,8168,8122,8.733550310134888,sil,False
57,8153,8127,8126,8131,8167,8150,8183,8174,8209,8167,8164,8170,8163,8114,8.749506711959839,sil,False
58,8159,8140,8136,8129,8173,8161,8178,8168,8196,8161,8174,8180,8163,8109,8.749506711959839,sil,False
59,8170,8169,8141,8167,8204,8158,8181,8167,8202,8176,8191,8196,8185,8120,8.764666557312012,sil,False
60,8178,8182,8181,8173,8210,8149,8178,8179,8194,8172,8207,8221,8193,8131,8.764666557312012,sil,False
61,8175,8171,8160,8160,8202,8156,8183,8174,8187,8169,8207,8196,8186,8123,8.780443906784058,sil,False
62,8166,8165,8155,8157,8194,8162,8173,8158,8166,8150,8171,8167,8155,8105,8.780443906784058,sil,False
63,8147,8172,8154,8180,8188,8168,8173,8162,8153,8136,8142,8163,8139,8092,8.795412302017212,sil,False
64,8142,8165,8140,8195,8186,8174,8190,8166,8160,8156,8144,8164,8155,8098,8.795412302017212,sil,False
65,8149,8154,8167,8179,8190,8185,8194,8170,8159,8171,8143,8168,8152,8112,8.811621904373169,sil,False
66,8145,8149,8141,8176,8190,8184,8192,8172,8168,8180,8135,8152,8146,8108,8.811621904373169,sil,False
67,8146,8143,8135,8163,8175,8165,8178,8170,8168,8180,8129,8158,8148,8106,8.827091217041016,sil,False
68,8147,8139,8140,8146,8166,8155,8174,8168,8165,8178,8131,8167,8157,8115,8.827091217041016,sil,False
69,8152,8136,8123,8148,8173,8153,8178,8167,8177,8172,8145,8160,8168,8116,8.842316389083862,sil,False
70,8156,8139,8153,8141,8176,8154,8168,8174,8178,8157,8152,8175,8172,8113,8.842316389083862,sil,False
71,8149,8136,8137,8142,8179,8151,8166,8167,8175,8160,8160,8173,8180,8105,8.857964754104614,sil,False
72,8168,8155,8155,8155,8188,8142,8165,8164,8169,8165,8174,8183,8191,8110,8.857964754104614,sil,False
73,8197,8187,8196,8181,8204,8157,8176,8180,8184,8183,8191,8206,8204,8128,8.873404264450073,sil,False
74,8194,8179,8171,8186,8209,8165,8186,8170,8190,8188,8195,8199,8199,8126,8.873404264450073,sil,False
75,8184,8173,8184,8166,8194,8145,8175,8159,8157,8155,8183,8201,8175,8117,8.889202356338501,sil,False
76,8178,8180,8175,8178,8185,8142,8177,8163,8148,8148,8175,8179,8161,8111,8.889202356338501,sil,False
77,8164,8168,8163,8176,8185,8155,8174,8162,8156,8148,8159,8160,8145,8105,8.904741048812866,sil,False
78,8162,8173,8180,8173,8194,8176,8182,8167,8168,8154,8154,8171,8150,8111,8.904741048812866,sil,False
79,8182,8191,8178,8206,8205,8181,8210,8172,8187,8181,8164,8174,8172,8129,8.920435905456543,sil,False
80,8190,8189,8206,8215,8195,8180,8211,8175,8184,8187,8153,8188,8162,8144,8.920435905456543,sil,False
81,8178,8173,8184,8204,8191,8191,8208,8181,8196,8195,8153,8182,8163,8140,8.936165571212769,sil,False
82,8171,8163,8158,8190,8194,8191,8208,8179,8204,8206,8158,8171,8178,8132,8.936165571212769,sil,False
83,8165,8163,8167,8182,8190,8193,8209,8179,8190,8201,8146,8172,8180,8130,8.951285362243652,sil,False
84,8153,8142,8135,8171,8186,8186,8209,8176,8193,8195,8136,8157,8175,8118,8.951285362243652,sil,False
85,8153,8128,8147,8145,8180,8172,8188,8180,8200,8182,8135,8163,8168,8116,8.9667649269104,sil,False
86,8170,8151,8159,8155,8179,8168,8181,8185,8213,8196,8164,8183,8191,8135,8.9667649269104,sil,False
87,8200,8171,8172,8168,8180,8157,8173,8171,8200,8208,8194,8206,8211,8146,8.982419967651367,sil,False
88,8210,8176,8196,8161,8178,8147,8151,8163,8169,8174,8191,8211,8191,8133,8.982419967651367,sil,False
89,8199,8179,8171,8175,8179,8145,8152,8158,8168,8154,8183,8191,8180,8119,8.997843503952026,sil,False
90,8185,8187,8190,8175,8176,8143,8156,8156,8159,8157,8178,8199,8183,8117,8.997843503952026,sil,False
91,8159,8181,8178,8165,8176,8146,8158,8158,8155,8164,8174,8185,8177,8101,9.013482332229614,sil,False
92,8142,8167,8148,8159,8182,8155,8163,8156,8161,8159,8163,8160,8157,8092,9.013482332229614,sil,False
93,8158,8179,8181,8172,8188,8179,8183,8173,8172,8177,8161,8183,8162,8120,9.029422998428345,sil,False
94,8169,8183,8173,8201,8190,8192,8208,8182,8192,8224,8175,8191,8197,8135,9.029422998428345,sil,False
95,8156,8156,8166,8176,8174,8178,8188,8174,8186,8210,8166,8185,8193,8126,9.04506230354309,sil,False
96,8137,8132,8136,8129,8155,8165,8170,8170,8178,8177,8141,8163,8165,8110,9.04506230354309,sil,False
97,8136,8124,8112,8111,8150,8155,8172,8171,8175,8172,8126,8145,8158,8101,9.061298131942747,sil,False
98,8156,8137,8158,8122,8156,8156,8166,8178,8169,8166,8136,8176,8173,8112,9.061298131942747,sil,False
99,8173,8148,8157,8147,8161,8142,8153,8173,8174,8166,8164,8190,8205,8118,9.076423168182371,sil,False
100,8184,8156,8168,8140,8160,8129,8134,8169,8162,8160,8174,8200,8215,8121,9.076423168182371,sil,False
101,8185,8171,8174,8139,8172,8152,8144,8176,8159,8164,8178,8202,8206,8124,9.091520071029665,sil,False
102,8171,8174,8154,8156,8178,8157,8153,8161,8158,8164,8172,8177,8190,8105,9.091520071029665,sil,False
103,8156,8173,8181,8163,8171,8148,8148,8159,8142,8158,8155,8174,8178,8097,9.107038974761965,sil,False
104,8148,8168,8166,8179,8183,8171,8175,8173,8164,8189,8165,8175,8194,8112,9.107038974761965,sil,False
105,8144,8160,8165,8180,8192,8191,8188,8176,8178,8204,8170,8171,8192,8117,9.12307357788086,sil,False
106,8134,8158,8168,8177,8185,8187,8182,8171,8165,8194,8158,8157,8176,8104,9.12307357788086,sil,False
107,8137,8151,8141,8177,8179,8188,8182,8160,8170,8199,8165,8157,8180,8107,9.138725757598875,sil,False
108,8147,8154,8162,8164,8182,8200,8179,8170,8173,8208,8165,8185,8181,8119,9.138725757598875,sil,False
109,8151,8156,8153,8169,8181,8185,8180,8182,8177,8208,8162,8180,8185,8119,9.154001474380491,sil,False
110,8166,8153,8158,8170,8166,8154,8166,8174,8173,8186,8173,8184,8193,8127,9.154001474380491,sil,False
111,8177,8161,8169,8164,8160,8155,8155,8171,8177,8184,8188,8200,8199,8126,9.169475555419922,sil,False
112,8178,8173,8155,8170,8170,8158,8151,8169,8182,8200,8205,8209,8205,8123,9.169475555419922,sil,False
113,8198,8197,8202,8189,8181,8163,8145,8173,8174,8198,8234,8241,8214,8149,9.185511827468872,sil,False
114,8206,8210,8204,8218,8192,8177,8165,8175,8177,8208,8254,8237,8221,8160,9.185511827468872,sil,False
115,8188,8197,8189,8209,8186,8173,8171,8167,8153,8201,8213,8205,8190,8135,9.201262712478638,sil,False
116,8176,8184,8191,8198,8173,8177,8165,8162,8124,8171,8163,8175,8150,8119,9.201262712478638,sil,False
117,8170,8169,8155,8207,8174,8187,8178,8154,8131,8162,8156,8148,8132,8114,9.21638560295105,sil,False
118,8157,8152,8164,8184,8172,8188,8177,8165,8146,8172,8159,8159,8131,8114,9.21638560295105,sil,False
119,8146,8140,8147,8170,8173,8183,8176,8176,8162,8194,8165,8163,8158,8120,9.232362747192385,sil,False
120,8160,8142,8139,8188,8180,8176,8180,8170,8157,8188,8163,8165,8162,8122,9.232362747192385,sil,False
121,8176,8159,8169,8201,8180,8181,8183,8182,8151,8184,8162,8182,8151,8128,9.247746706008911,sil,False
122,8176,8157,8149,8193,8172,8170,8183,8185,8156,8197,8177,8178,8168,8130,9.247746706008911,sil,False
123,8179,8153,8158,8163,8166,8155,8166,8171,8136,8172,8185,8191,8174,8128,9.263127565383911,sil,False
124,8178,8167,8148,8160,8172,8164,8161,8169,8140,8164,8190,8190,8171,8116,9.263127565383911,sil,False
125,8182,8175,8140,8171,8175,8161,8156,8173,8162,8177,8187,8176,8166,8109,9.27836012840271,sil,False
126,8189,8183,8176,8177,8171,8152,8149,8178,8146,8164,8182,8186,8159,8112,9.27836012840271,sil,False
127,8188,8189,8167,8186,8171,8157,8152,8171,8124,8155,8191,8184,8167,8108,9.293381690979004,sil,False
237,8183,8191,8176,8175,8164,8156,8146,8163,8118,8148,8187,8183,8159,8102,9.308995008468628,sil,False
0,8172,8189,8162,8177,8159,8149,8144,8162,8125,8159,8173,8169,8144,8093,9.308995008468628,sil,False
1,8172,8186,8153,8183,8164,8142,8139,8155,8120,8167,8168,8163,8141,8091,9.325100660324097,sil,False
2,8176,8200,8189,8187,8176,8152,8136,8157,8110,8149,8166,8169,8138,8090,9.325100660324097,sil,False
3,8162,8204,8171,8207,8191,8168,8151,8161,8129,8157,8165,8146,8140,8087,9.341236114501951,sil,False
4,8157,8197,8176,8211,8191,8179,8156,8175,8146,8183,8160,8153,8146,8104,9.341236114501951,sil,False
5,8161,8188,8172,8215,8185,8193,8171,8183,8153,8192,8163,8158,8152,8112,9.356760025024414,sil,False
6,8165,8178,8154,8211,8181,8190,8183,8166,8141,8174,8156,8143,8146,8103,9.356760025024414,sil,False
7,8170,8176,8178,8191,8174,8188,8187,8170,8136,8167,8151,8153,8144,8116,9.372376680374146,sil,False
8,8171,8170,8156,8190,8176,8188,8209,8186,8174,8208,8170,8162,8171,8136,9.372734308242798,sil,False
9,8177,8172,8163,8185,8176,8173,8203,8189,8185,8216,8175,8179,8178,8133,9.389405965805054,sil,False
10,8182,8183,8174,8187,8173,8162,8177,8178,8166,8181,8173,8180,8171,8118,9.389405965805054,sil,False
11,8183,8188,8157,8194,8172,8159,8162,8163,8144,8156,8185,8171,8174,8109,9.40417981147766,sil,False
12,8192,8206,8188,8198,8178,8158,8155,8170,8123,8153,8191,8195,8173,8121,9.40417981147766,sil,False
13,8196,8218,8176,8209,8188,8155,8165,8171,8130,8159,8186,8192,8172,8124,9.420159101486206,sil,False
14,8187,8209,8172,8193,8179,8151,8162,8161,8135,8146,8184,8186,8166,8115,9.420159101486206,sil,False
15,8180,8214,8182,8185,8174,8166,8165,8165,8135,8158,8208,8196,8169,8113,9.435714483261108,sil,False
16,8186,8223,8176,8205,8186,8166,8173,8168,8143,8179,8221,8194,8170,8112,9.435714483261108,sil,False
17,8188,8218,8201,8202,8187,8159,8162,8169,8140,8163,8190,8185,8147,8104,9.45124888420105,sil,False
18,8174,8207,8173,8194,8182,8166,8169,8169,8144,8158,8167,8149,8134,8093,9.45124888420105,sil,False
19,8172,8200,8172,8190,8179,8172,8180,8173,8140,8163,8165,8143,8135,8101,9.466684818267822,sil,False
20,8177,8202,8193,8198,8178,8182,8186,8180,8136,8166,8167,8164,8147,8120,9.466684818267822,sil,False
21,8170,8193,8165,8208,8178,8181,8187,8166,8138,8177,8164,8157,8151,8123,9.482088088989258,sil,False
22,8154,8183,8179,8197,8175,8183,8182,8165,8133,8181,8158,8163,8142,8118,9.482438564300535,sil,False
23,8149,8179,8168,8204,8181,8197,8197,8173,8149,8198,8173,8158,8158,8115,9.497283697128296,sil,False
24,8164,8170,8161,8199,8172,8185,8193,8165,8142,8190,8170,8151,8158,8115,9.497283697128296,sil,False
25,8174,8171,8179,8183,8153,8161,8174,8166,8127,8159,8160,8169,8148,8118,9.5132737159729,sil,False
26,8187,8188,8178,8204,8158,8151,8171,8167,8143,8155,8195,8202,8174,8126,9.5132737159729,sil,False
27,8206,8214,8234,8232,8164,8152,8158,8164,8133,8155,8234,8248,8188,8136,9.528378248214722,sil,False
28,8215,8227,8249,8261,8163,8145,8150,8159,8118,8154,8250,8254,8182,8136,9.528378248214722,sil,False
29,8228,8231,8253,8279,8166,8137,8142,8153,8114,8147,8257,8263,8179,8139,9.543781280517578,sil,False
30,8244,8249,8288,8300,8170,8155,8142,8161,8117,8153,8268,8291,8191,8152,9.543781280517578,sil,False
31,8244,8254,8272,8328,8172,8165,8158,8163,8131,8165,8275,8280,8204,8154,9.55903148651123,sil,False
32,8215,8237,8269,8308,8168,8163,8165,8168,8131,8145,8256,8266,8188,8146,9.55903148651123,sil,False
33,8159,8225,8245,8293,8174,8176,8181,8173,8147,8160,8233,8249,8180,8143,9.574003219604492,sil,False
34,8133,8216,8234,8301,8179,8177,8188,8168,8167,8191,8226,8243,8188,8150,9.574003219604492,sil,False
35,8144,8204,8250,8286,8169,8167,8186,8173,8169,8180,8222,8249,8188,8158,9.589172124862673,sil,False
36,8147,8187,8212,8264,8161,8154,8190,8177,8172,8165,8206,8225,8179,8147,9.589172124862673,sil,False
37,8178,8199,8231,8261,8167,8158,8188,8183,8171,8177,8193,8235,8181,8152,9.605170965194702,sil,False
38,8232,8218,8242,8274,8182,8181,8200,8191,8193,8208,8226,8260,8217,8176,9.605170965194702,sil,False
39,8247,8197,8213,8243,8176,8168,8195,8189,8205,8210,8244,8261,8229,8179,9.62020230293274,sil,False
40,8240,8188,8220,8214,8169,8152,8176,8184,8193,8201,8217,8255,8212,8174,9.62020230293274,sil,False
41,8245,8195,8198,8227,8176,8158,8182,8177,8201,8213,8212,8241,8219,8169,9.635555028915403,sil,False
42,8248,8188,8207,8211,8172,8161,8178,8178,8201,8194,8215,8247,8215,8169,9.635555028915403,sil,False
43,8245,8192,8204,8203,8174,8166,8175,8181,8199,8176,8209,8245,8203,8166,9.651209115982056,sil,False
44,8258,8209,8199,8216,8189,8166,8174,8171,8193,8180,8214,8245,8209,8162,9.651209115982056,sil,False
45,8259,8216,8235,8209,8199,8163,8163,8171,8179,8174,8224,8261,8210,8157,9.666460990905762,sil,False
46,8243,8213,8212,8211,8201,8165,8167,8169,8180,8182,8219,8238,8199,8140,9.666460990905762,sil,False
47,8241,8226,8220,8216,8198,8175,8173,8166,8173,8193,8201,8224,8183,8132,9.682002782821655,sil,False
48,8234,8225,8221,8213,8204,8188,8186,8176,8176,8195,8190,8208,8174,8128,9.682002782821655,sil,False
49,8217,8200,8183,8195,8207,8185,8197,8171,8194,8178,8173,8179,8164,8116,9.69732141494751,sil,False
50,8211,8200,8200,8184,8200,8189,8194,8169,8198,8170,8160,8182,8156,8121,9.69732141494751,sil,False
51,8212,8201,8184,8202,8202,8202,8195,8178,8206,8212,8174,8178,8168,8133,9.712623119354248,sil,False
52,8207,8187,8183,8199,8205,8200,8187,8177,8197,8228,8174,8171,8169,8128,9.712623119354248,sil,False
53,8192,8182,8184,8183,8192,8191,8194,8174,8195,8214,8159,8171,8165,8117,9.728232860565186,sil,False
54,8174,8163,8147,8166,8172,8175,8201,8169,8209,8210,8150,8158,8166,8110,9.728232860565186,sil,False
55,8175,8149,8154,8143,8167,8172,8190,8173,8210,8201,8135,8151,8152,8108,9.74458074569702,sil,False
56,8176,8159,8139,8148,8179,8174,8193,8177,8217,8194,8136,8147,8156,8104,9.74458074569702,sil,False
57,8174,8165,8143,8141,8175,8156,8178,8172,8205,8170,8148,8172,8163,8103,9.758612394332886,sil,False
58,8172,8170,8156,8128,8171,8148,8157,8166,8181,8153,8142,8178,8149,8090,9.774554014205933,sil,False
59,8163,8179,8138,8148,8190,8157,8161,8154,8176,8154,8126,8137,8123,8061,9.774554014205933,sil,False
60,8151,8185,8160,8162,8199,8176,8172,8162,8186,8167,8124,8140,8124,8065,9.774554014205933,sil,False
61,8149,8176,8141,8168,8200,8195,8196,8175,8223,8221,8143,8154,8162,8096,9.790307998657228,sil,False
62,8167,8163,8135,8157,8194,8180,8199,8173,8242,8238,8141,8162,8173,8116,9.805472373962402,sil,False
63,8176,8162,8158,8142,8185,8160,8185,8178,8243,8206,8140,8178,8165,8118,9.805472373962402,sil,False
64,8172,8167,8138,8140,8184,8155,8179,8171,8241,8199,8160,8178,8174,8111,9.821189165115356,sil,False
65,8176,8183,8155,8137,8188,8161,8174,8170,8219,8191,8162,8184,8166,8100,9.821189165115356,sil,False
66,8179,8189,8154,8162,8198,8171,8192,8180,8217,8193,8168,8174,8160,8089,9.836342334747314,sil,False
67,8176,8169,8155,8165,8198,8175,8198,8175,8212,8206,8165,8165,8156,8096,9.836342334747314,sil,False
68,8165,8160,8164,8144,8190,8185,8191,8170,8200,8203,8139,8155,8142,8109,9.852197647094728,sil,False
69,8161,8157,8135,8147,8185,8190,8206,8172,8227,8211,8136,8143,8149,8112,9.852197647094728,sil,False
70,8176,8155,8160,8154,8178,8191,8214,8188,8249,8240,8158,8170,8169,8124,9.867404222488403,sil,False
71,8176,8158,8147,8161,8179,8187,8210,8191,8243,8250,8158,8168,8173,8123,9.867404222488403,sil,False
72,8168,8153,8128,8144,8176,8172,8200,8172,8223,8207,8135,8153,8154,8110,9.883533239364624,please,True
73,8179,8153,8164,8129,8170,8177,8199,8176,8217,8192,8148,8179,8152,8113,9.883533239364624,please,True
74,8198,8162,8153,8142,8171,8178,8197,8177,8229,8211,8179,8187,8173,8115,9.899041652679443,please,True
75,8204,8175,8167,8145,8166,8157,8169,8168,8222,8189,8177,8191,8163,8111,9.899041652679443,please,True
76,8194,8177,8164,8148,8169,8156,8166,8170,8217,8182,8179,8186,8158,8109,9.91417956352234,please,True
77,8197,8173,8158,8151,8180,8160,8175,8174,8208,8188,8195,8177,8171,8108,9.91417956352234,please,True
78,8208,8190,8197,8155,8183,8158,8176,8172,8186,8178,8197,8188,8170,8111,9.929717779159546,please,True
79,8195,8198,8180,8176,8182,8159,8174,8156,8167,8175,8191,8181,8160,8107,9.929717779159546,please,True
80,8192,8204,8189,8185,8181,8163,8155,8150,8132,8155,8180,8189,8149,8104,9.945424795150757,please,True
81,8205,8217,8200,8191,8191,8173,8162,8162,8140,8149,8183,8190,8161,8111,9.945424795150757,please,True
82,8199,8202,8185,8182,8195,8174,8175,8165,8174,8165,8182,8173,8160,8109,9.961163759231567,please,True
83,8177,8187,8191,8170,8191,8178,8164,8167,8181,8162,8156,8169,8135,8096,9.961163759231567,please,True
84,8163,8177,8162,8188,8194,8183,8169,8161,8189,8169,8141,8151,8135,8088,9.976709127426147,please,True
85,8158,8161,8161,8176,8184,8182,8177,8161,8182,8181,8148,8150,8147,8098,9.976709127426147,please,True
86,8156,8157,8153,8153,8173,8187,8180,8169,8179,8183,8156,8154,8160,8112,9.992195844650269,please,True
87,8166,8161,8144,8161,8185,8184,8183,8168,8193,8182,8155,8162,8168,8120,9.992538690567017,please,True
88,8181,8164,8186,8170,8189,8180,8177,8179,8206,8190,8168,8193,8179,8135,10.007172346115112,please,True
89,8189,8160,8168,8171,8178,8171,8172,8191,8232,8218,8192,8198,8203,8140,10.007172346115112,please,True
90,8201,8158,8165,8159,8170,8150,8159,8182,8229,8212,8178,8194,8196,8132,10.023500442504885,please,True
91,8199,8169,8176,8164,8174,8150,8155,8172,8207,8181,8159,8187,8176,8117,10.023500442504885,please,True
92,8197,8179,8165,8174,8178,8152,8153,8166,8199,8164,8176,8188,8178,8113,10.045049905776978,please,True
93,8201,8187,8191,8164,8180,8149,8143,8164,8191,8164,8185,8209,8184,8126,10.045049905776978,please,True
94,8189,8173,8166,8156,8186,8152,8146,8159,8197,8187,8181,8197,8187,8125,10.045049905776978,please,True
95,8175,8153,8155,8133,8178,8149,8136,8161,8196,8173,8167,8185,8173,8108,10.054535388946531,please,True
96,8175,8159,8167,8129,8173,8151,8136,8174,8200,8153,8154,8181,8160,8093,10.070240259170532,please,True
97,8177,8169,8154,8151,8182,8157,8155,8163,8207,8171,8149,8162,8156,8091,10.070240259170532,please,True
98,8174,8174,8186,8151,8185,8169,8154,8154,8184,8166,8136,8169,8145,8098,10.085614442825316,please,True
99,8169,8170,8168,8147,8184,8175,8159,8162,8188,8161,8138,8160,8150,8100,10.085614442825316,please,True
100,8173,8168,8159,8141,8183,8170,8165,8171,8213,8170,8148,8158,8164,8111,10.101215124130247,please,True
101,8174,8178,8188,8152,8189,8185,8175,8179,8231,8180,8154,8179,8168,8124,10.101215124130247,please,True
102,8170,8173,8176,8166,8198,8201,8200,8177,8244,8198,8162,8165,8165,8121,10.117052793502808,please,True
103,8177,8161,8181,8141,8190,8206,8216,8179,8246,8209,8158,8153,8150,8117,10.117052793502808,please,True
104,8174,8150,8153,8126,8179,8201,8219,8181,8254,8206,8141,8146,8146,8119,10.13321852684021,please,True
105,8157,8141,8142,8129,8172,8180,8204,8174,8248,8190,8128,8156,8150,8122,10.13321852684021,please,True
106,8146,8148,8164,8126,8170,8181,8196,8183,8242,8200,8145,8174,8160,8127,10.148743867874146,please,True
107,8152,8150,8143,8121,8178,8191,8202,8182,8252,8210,8163,8171,8175,8126,10.148743867874146,please,True
108,8152,8142,8151,8106,8174,8181,8198,8180,8255,8193,8136,8172,8171,8120,10.163745880126951,please,True
109,8128,8137,8128,8103,8162,8170,8197,8183,8267,8209,8103,8151,8164,8103,10.163745880126951,please,True
110,8126,8133,8117,8097,8158,8160,8181,8174,8254,8207,8091,8146,8158,8095,10.17959451675415,please,True
111,8149,8140,8148,8089,8163,8161,8170,8169,8222,8171,8101,8179,8162,8111,10.17959451675415,please,True
112,8158,8146,8136,8103,8172,8165,8175,8165,8218,8170,8116,8188,8178,8118,10.195223808288574,please,True
113,8161,8155,8165,8105,8171,8161,8164,8166,8213,8167,8109,8195,8171,8113,10.195223808288574,please,True
114,8168,8178,8175,8125,8184,8163,8171,8174,8216,8170,8103,8190,8171,8114,10.21124792098999,please,True
115,8171,8190,8171,8151,8199,8170,8181,8171,8223,8188,8097,8184,8181,8116,10.21124792098999,please,True
116,8176,8192,8203,8154,8194,8185,8177,8176,8225,8193,8082,8195,8176,8118,10.226767539978027,please,True
117,8178,8185,8179,8158,8191,8187,8184,8174,8234,8191,8067,8178,8166,8120,10.226767539978027,please,True
118,8166,8181,8182,8151,8197,8178,8181,8168,8219,8175,8044,8168,8155,8117,10.242158651351929,please,True
119,8151,8178,8178,8156,8203,8188,8185,8168,8217,8181,8033,8158,8150,8106,10.242158651351929,please,True
120,8151,8171,8158,8164,8195,8194,8187,8158,8222,8181,8037,8152,8148,8104,10.25791597366333,please,True
121,8155,8182,8187,8163,8190,8191,8177,8157,8209,8167,8039,8170,8151,8112,10.25791597366333,please,True
122,8146,8179,8171,8166,8195,8189,8192,8162,8217,8185,8039,8161,8162,8107,10.273032188415527,please,True
123,8145,8159,8163,8147,8179,8191,8205,8170,8226,8199,8025,8153,8150,8109,10.273032188415527,please,True
124,8147,8157,8148,8136,8171,8193,8205,8179,8238,8193,8019,8152,8155,8114,10.28912615776062,please,True
125,8144,8154,8122,8134,8175,8170,8189,8170,8241,8176,8016,8147,8173,8108,10.28912615776062,please,True
126,8145,8154,8146,8120,8165,8161,8174,8174,8232,8167,8003,8154,8164,8111,10.30442214012146,please,True
127,8147,8164,8132,8128,8164,8167,8182,8185,8243,8182,8019,8146,8167,8113,10.30442214012146,please,True
237,8162,8179,8140,8134,8170,8153,8166,8185,8233,8174,8039,8171,8174,8109,10.320068359375,please,True
0,8167,8190,8156,8138,8175,8148,8151,8178,8221,8162,8044,8193,8168,8110,10.320068359375,please,True
1,8165,8197,8151,8158,8184,8157,8162,8169,8229,8178,8060,8181,8164,8114,10.335140228271484,sil,False
2,8179,8215,8188,8182,8196,8173,8172,8177,8222,8178,8072,8194,8164,8119,10.335140228271484,sil,False
3,8173,8216,8170,8191,8198,8177,8178,8168,8213,8170,8070,8188,8163,8112,10.35037350654602,sil,False
4,8154,8195,8164,8165,8179,8167,8166,8152,8203,8169,8063,8174,8150,8106,10.351368427276611,sil,False
5,8162,8203,8185,8182,8180,8181,8173,8164,8209,8195,8069,8178,8158,8114,10.366477251052856,sil,False
6,8178,8220,8174,8223,8201,8196,8200,8170,8226,8217,8074,8174,8179,8129,10.382137060165403,sil,False
7,8178,8215,8188,8199,8197,8198,8207,8173,8225,8205,8073,8178,8184,8146,10.382137060165403,sil,False
8,8172,8195,8159,8173,8186,8196,8214,8178,8236,8213,8087,8174,8200,8151,10.382137060165403,sil,False
9,8175,8185,8147,8167,8181,8182,8205,8183,8248,8222,8095,8185,8212,8147,10.397446393966677,sil,False
10,8182,8190,8166,8163,8180,8170,8187,8192,8252,8218,8112,8196,8217,8151,10.412593364715576,sil,False
11,8196,8199,8152,8166,8181,8162,8183,8189,8252,8208,8139,8194,8229,8152,10.412593364715576,sil,False
12,8204,8211,8183,8166,8184,8162,8173,8181,8229,8179,8142,8214,8222,8146,10.4291570186615,sil,False
13,8194,8209,8183,8181,8192,8166,8164,8170,8211,8171,8139,8202,8204,8135,10.4291570186615,sil,False
14,8185,8207,8183,8192,8195,8164,8160,8157,8198,8172,8137,8183,8189,8131,10.4291570186615,sil,False
15,8182,8213,8194,8189,8195,8182,8176,8163,8199,8175,8116,8191,8184,8138,10.4435875415802,sil,False
16,8179,8192,8162,8185,8189,8194,8197,8165,8211,8195,8098,8183,8186,8139,10.458900213241575,sil,False
17,8173,8178,8171,8180,8184,8196,8201,8167,8204,8197,8100,8174,8175,8138,10.458900213241575,sil,False
18,8160,8188,8156,8185,8189,8202,8210,8177,8218,8196,8115,8158,8176,8132,10.474472999572754,sil,False
19,8166,8187,8151,8174,8186,8178,8197,8176,8230,8193,8127,8168,8189,8130,10.474472999572754,sil,False
20,8181,8184,8178,8156,8176,8152,8175,8178,8226,8178,8139,8197,8203,8140,10.490020036697388,sil,False
21,8175,8185,8149,8164,8184,8159,8179,8182,8239,8171,8151,8188,8208,8138,10.490020036697388,sil,False
22,8170,8195,8163,8170,8195,8168,8177,8183,8241,8170,8146,8192,8192,8128,10.505695104599,sil,False
23,8170,8206,8177,8174,8197,8169,8183,8181,8246,8189,8154,8203,8192,8126,10.505695104599,sil,False
24,8165,8197,8171,8176,8196,8175,8197,8174,8243,8200,8158,8192,8189,8135,10.521363258361816,sil,False
25,8155,8184,8182,8180,8196,8198,8215,8179,8227,8203,8139,8181,8169,8145,10.521363258361816,sil,False
26,8147,8171,8146,8186,8190,8202,8230,8179,8240,8218,8128,8166,8171,8141,10.537031650543211,sil,False
27,8158,8166,8158,8162,8174,8178,8209,8181,8247,8206,8125,8179,8181,8142,10.537031650543211,sil,False
28,8173,8171,8173,8160,8170,8165,8192,8187,8251,8202,8129,8190,8184,8147,10.552392721176147,sil,False
29,8177,8176,8155,8171,8172,8152,8183,8178,8247,8200,8133,8186,8178,8145,10.552392721176147,sil,False
30,8176,8185,8170,8153,8173,8148,8168,8178,8230,8176,8144,8195,8172,8135,10.5681471824646,sil,False
31,8175,8189,8157,8160,8179,8149,8169,8173,8217,8174,8159,8181,8171,8118,10.5681471824646,sil,False
32,8187,8194,8179,8178,8174,8141,8165,8158,8179,8165,8143,8177,8152,8111,10.583696842193604,sil,False
33,8184,8197,8189,8184,8175,8144,8168,8155,8152,8145,8135,8179,8140,8113,10.583696842193604,sil,False
34,8168,8191,8168,8182,8182,8155,8178,8158,8157,8143,8152,8166,8146,8114,10.599361896514893,sil,False
35,8173,8198,8202,8194,8184,8177,8187,8172,8168,8154,8154,8172,8149,8128,10.599361896514893,sil,False
36,8181,8188,8191,8213,8188,8191,8204,8174,8194,8176,8148,8169,8154,8138,10.614489078521729,sil,False
37,8173,8155,8177,8180,8179,8177,8199,8169,8201,8176,8133,8170,8154,8138,10.614489078521729,sil,False
38,8166,8152,8170,8163,8164,8165,8191,8179,8196,8179,8133,8163,8162,8139,10.63007354736328,sil,False
39,8179,8156,8159,8179,8154,8157,8188,8179,8202,8192,8155,8164,8179,8148,10.63007354736328,sil,False
40,8192,8158,8185,8167,8151,8149,8174,8180,8203,8181,8151,8199,8178,8158,10.64604926109314,sil,False
41,8193,8155,8163,8164,8152,8133,8168,8176,8202,8163,8134,8196,8170,8147,10.64604926109314,sil,False
42,8210,8141,8180,8162,8159,8129,8156,8173,8199,8145,8138,8193,8165,8137,10.66161060333252,sil,False
43,8226,8155,8208,8162,8173,8154,8160,8180,8214,8152,8161,8216,8174,8146,10.66161060333252,sil,False
44,8221,8179,8186,8180,8165,8159,8171,8169,8219,8157,8186,8225,8183,8148,10.677305698394775,sil,False
45,8208,8179,8212,8187,8150,8145,8159,8162,8183,8139,8188,8231,8161,8135,10.677305698394775,sil,False
46,8201,8180,8211,8209,8171,8147,8168,8165,8172,8154,8181,8208,8150,8116,10.69245719909668,sil,False
47,8199,8181,8213,8225,8171,8148,8165,8161,8168,8149,8181,8204,8151,8108,10.69245719909668,sil,False
48,8195,8170,8242,8231,8139,8151,8151,8162,8157,8124,8196,8236,8151,8125,10.708044528961182,sil,False
49,8213,8173,8257,8272,8147,8160,8168,8167,8178,8152,8233,8267,8175,8159,10.708044528961182,sil,False
50,8243,8201,8301,8325,8161,8169,8178,8177,8195,8188,8262,8306,8203,8187,10.723310232162476,sil,False
51,8243,8210,8289,8345,8144,8172,8174,8172,8196,8188,8267,8305,8210,8179,10.723310232162476,sil,False
52,8250,8195,8284,8332,8141,8158,8167,8162,8180,8161,8261,8309,8197,8172,10.73851466178894,sil,False
53,8274,8171,8310,8334,8133,8148,8159,8164,8173,8157,8273,8345,8195,8196,10.73851466178894,sil,False
54,8272,8161,8290,8342,8110,8147,8152,8161,8184,8175,8296,8357,8219,8209,10.754235982894896,sil,False
55,8275,8202,8320,8337,8126,8150,8140,8172,8188,8167,8307,8382,8249,8209,10.754235982894896,sil,False
56,8297,8222,8328,8364,8158,8146,8141,8179,8205,8162,8328,8405,8271,8212,10.76979112625122,sil,False
57,8300,8201,8310,8372,8144,8133,8125,8157,8184,8145,8332,8405,8243,8209,10.76979112625122,sil,False
58,8293,8203,8324,8363,8135,8140,8117,8151,8136,8119,8321,8401,8211,8193,10.785490036010742,sil,False
59,8293,8200,8308,8362,8156,8141,8135,8156,8139,8127,8329,8384,8222,8177,10.785490036010742,sil,False
60,8282,8193,8318,8341,8161,8136,8139,8163,8149,8140,8328,8377,8221,8180,10.80150318145752,sil,False
61,8262,8204,8302,8352,8158,8159,8158,8171,8156,8158,8313,8360,8213,8178,10.80150318145752,sil,False
62,8266,8202,8284,8381,8186,8169,8173,8167,8163,8166,8296,8343,8213,8176,10.817055702209473,sil,False
63,8260,8183,8289,8365,8220,8161,8163,8168,8165,8158,8275,8328,8203,8175,10.817055702209473,sil,False
64,8218,8135,8219,8307,8198,8147,8150,8161,8163,8151,8232,8271,8183,8147,10.833100080490112,sil,False
65,8198,8096,8200,8247,8174,8148,8142,8162,8159,8149,8192,8251,8163,8138,10.833100080490112,sil,False
66,8220,8123,8212,8262,8235,8180,8173,8190,8209,8191,8223,8274,8191,8171,10.848459243774414,sil,False
67,8243,8149,8200,8284,8296,8184,8197,8198,8251,8229,8258,8289,8222,8199,10.848459243774414,sil,False
68,8234,8137,8205,8251,8298,8160,8169,8187,8233,8216,8230,8287,8208,8190,10.863828420639038,sil,False
69,8223,8122,8184,8234,8322,8156,8144,8178,8226,8209,8224,8268,8205,8174,10.879355192184448,sil,False
70,8236,8120,8204,8230,8358,8161,8145,8174,8217,8205,8250,8273,8215,8172,10.879355192184448,sil,False
71,8223,8140,8196,8228,8365,8160,8160,8170,8194,8203,8245,8257,8204,8158,10.879355192184448,sil,False
72,8184,8142,8159,8222,8366,8151,8152,8160,8173,8189,8203,8207,8166,8131,10.89475393295288,sil,False
73,8165,8103,8171,8195,8366,8153,8137,8157,8156,8161,8169,8184,8136,8117,10.89475393295288,sil,False
74,8162,8079,8145,8187,8388,8167,8168,8162,8175,8183,8180,8171,8156,8121,10.911150217056274,sil,False
75,8178,8113,8162,8197,8426,8189,8202,8183,8206,8229,8204,8199,8188,8155,10.911150217056274,sil,False
76,8200,8135,8181,8201,8450,8196,8200,8193,8216,8242,8218,8225,8203,8179,10.926276445388794,sil,False
77,8198,8115,8149,8190,8469,8160,8175,8172,8199,8211,8218,8212,8200,8159,10.926276445388794,sil,False
78,8187,8125,8171,8177,8479,8137,8159,8174,8179,8180,8214,8221,8189,8143,10.942294120788574,sil,False
79,8187,8133,8176,8190,8481,8147,8176,8183,8186,8198,8227,8214,8194,8145,10.942294120788574,sil,False
80,8188,8120,8185,8195,8485,8149,8179,8173,8177,8206,8230,8198,8187,8144,10.956731796264648,sil,False
81,8171,8125,8181,8197,8495,8173,8184,8178,8179,8209,8215,8184,8179,8144,10.971481800079346,sil,False
82,8161,8116,8139,8189,8487,8192,8200,8182,8203,8234,8195,8160,8184,8145,10.971481800079346,sil,False
83,8174,8095,8149,8156,8464,8174,8190,8184,8211,8243,8193,8165,8192,8148,10.987074136734009,sil,False
84,8177,8095,8136,8151,8463,8154,8182,8183,8220,8241,8213,8160,8200,8145,10.987074136734009,sil,False
85,8174,8105,8137,8150,8464,8154,8176,8176,8212,8224,8214,8168,8191,8138,11.00306272506714,sil,False
86,8168,8107,8144,8133,8448,8157,8177,8177,8196,8208,8200,8173,8180,8129,11.00306272506714,sil,False
87,8154,8102,8117,8122,8428,8152,8186,8180,8190,8206,8193,8146,8179,8113,11.019150733947754,sil,False
88,8157,8118,8152,8122,8417,8161,8185,8182,8179,8187,8192,8152,8173,8111,11.019150733947754,sil,False
89,8173,8139,8155,8141,8417,8174,8189,8170,8188,8191,8215,8168,8185,8128,11.034661293029783,sil,False
90,8177,8139,8153,8138,8396,8158,8179,8160,8182,8197,8225,8176,8198,8133,11.034661293029783,sil,False
91,8172,8145,8176,8136,8368,8152,8169,8171,8167,8185,8212,8172,8186,8118,11.05037522315979,sil,False
92,8181,8162,8164,8166,8365,8170,8180,8167,8175,8189,8219,8164,8178,8115,11.05037522315979,sil,False
93,8197,8182,8195,8177,8361,8186,8188,8165,8176,8199,8232,8192,8186,8142,11.06567931175232,sil,False
94,8197,8189,8197,8184,8345,8181,8196,8175,8183,8210,8232,8195,8195,8150,11.06567931175232,sil,False
95,8194,8184,8191,8189,8323,8167,8182,8172,8178,8197,8226,8179,8182,8138,11.081438779830933,sil,False
96,8193,8189,8207,8190,8306,8186,8173,8170,8158,8187,8222,8182,8173,8138,11.081438779830933,sil,False
97,8189,8193,8181,8208,8299,8208,8195,8171,8160,8216,8229,8181,8190,8147,11.096975326538086,sil,False
98,8189,8191,8202,8210,8288,8203,8193,8178,8159,8225,8233,8191,8193,8160,11.096975326538086,sil,False
99,8179,8182,8192,8204,8265,8193,8188,8175,8155,8215,8229,8179,8185,8160,11.11223077774048,sil,False
100,8160,8171,8164,8198,8235,8183,8193,8158,8154,8214,8216,8158,8174,8147,11.11223077774048,sil,False
101,8147,8178,8186,8192,8213,8192,8198,8165,8149,8223,8216,8164,8173,8145,11.128249645233154,sil,False
102,8148,8173,8167,8193,8198,8207,8204,8175,8151,8225,8226,8162,8185,8151,11.128249645233154,sil,False
103,8158,8158,8169,8175,8173,8206,8192,8176,8141,8200,8211,8163,8179,8152,11.14338731765747,sil,False
104,8155,8162,8171,8169,8162,8207,8198,8178,8148,8209,8202,8148,8178,8148,11.14338731765747,sil,False
105,8156,8163,8161,8168,8156,8200,8199,8173,8158,8227,8201,8142,8181,8148,11.158987522125244,sil,False
106,8168,8161,8174,8162,8149,8206,8184,8176,8157,8214,8198,8165,8176,8153,11.158987522125244,sil,False
107,8175,8166,8159,8179,8153,8219,8192,8180,8177,8228,8219,8166,8192,8162,11.175000429153442,sil,False
108,8179,8178,8185,8174,8149,8207,8192,8184,8177,8242,8230,8178,8198,8171,11.175000429153442,sil,False
109,8177,8183,8185,8165,8136,8196,8187,8190,8174,8230,8217,8185,8192,8163,11.191357135772703,sil,False
110,8188,8179,8166,8166,8138,8197,8186,8192,8195,8224,8220,8189,8210,8160,11.191357135772703,sil,False
111,8213,8198,8207,8171,8153,8203,8178,8198,8215,8240,8249,8222,8239,8183,11.207155466079712,sil,False
112,8204,8208,8188,8182,8149,8181,8172,8189,8211,8247,8254,8214,8235,8176,11.207155466079712,sil,False
113,8178,8185,8174,8164,8119,8153,8164,8177,8175,8200,8215,8189,8198,8145,11.222393035888672,sil,False
114,8176,8172,8174,8155,8110,8173,8179,8181,8172,8187,8208,8183,8195,8145,11.222393035888672,sil,False
115,8183,8178,8160,8153,8119,8187,8188,8175,8183,8204,8231,8183,8204,8153,11.238443851470947,sil,False
116,8178,8180,8183,8130,8101,8171,8172,8169,8155,8181,8222,8194,8180,8143,11.238443851470947,sil,False
117,8172,8173,8168,8138,8094,8161,8174,8167,8144,8169,8215,8186,8177,8135,11.254089832305908,sil,False
118,8175,8180,8174,8154,8110,8160,8173,8168,8145,8174,8221,8187,8183,8142,11.254089832305908,sil,False
119,8178,8189,8191,8153,8119,8163,8172,8172,8139,8180,8221,8192,8181,8146,11.269153594970703,sil,False
120,8183,8180,8176,8148,8117,8160,8180,8164,8143,8188,8225,8182,8185,8147,11.269153594970703,sil,False
121,8184,8179,8195,8143,8113,8157,8164,8162,8139,8188,8222,8188,8175,8143,11.284423112869264,sil,False
122,8169,8184,8177,8153,8112,8153,8153,8164,8133,8190,8208,8172,8169,8122,11.284423112869264,sil,False
123,8167,8184,8180,8159,8109,8160,8152,8158,8124,8180,8196,8167,8169,8123,11.300505876541138,sil,False
124,8179,8193,8202,8173,8119,8184,8159,8163,8131,8194,8207,8185,8180,8152,11.300505876541138,sil,False
125,8182,8195,8183,8188,8127,8186,8170,8162,8140,8225,8222,8187,8194,8157,11.316070079803469,sil,False
126,8179,8193,8204,8175,8119,8182,8175,8165,8126,8212,8216,8194,8185,8147,11.316070079803469,sil,False
127,8174,8193,8190,8170,8117,8191,8197,8176,8139,8201,8216,8174,8180,8141,11.33114767074585,sil,False
237,8171,8184,8176,8169,8121,8188,8212,8187,8152,8204,8204,8155,8173,8132,11.33114767074585,sil,False
0,8163,8182,8186,8172,8123,8188,8216,8201,8156,8206,8186,8158,8164,8123,11.3470356464386,sil,False
1,8147,8175,8153,8175,8123,8193,8219,8188,8159,8201,8185,8143,8161,8114,11.3470356464386,sil,False
2,8138,8164,8162,8155,8104,8184,8208,8171,8136,8176,8166,8140,8143,8109,11.362308502197266,sil,False
3,8140,8162,8155,8153,8090,8180,8209,8172,8131,8173,8147,8137,8141,8110,11.362308502197266,sil,False
4,8152,8162,8149,8162,8100,8190,8208,8179,8144,8190,8155,8146,8159,8125,11.37832260131836,sil,False
5,8160,8173,8170,8169,8114,8207,8207,8182,8154,8202,8165,8164,8173,8146,11.37832260131836,sil,False
6,8153,8166,8139,8173,8117,8203,8212,8161,8155,8196,8157,8143,8162,8132,11.394423961639404,sil,False
7,8151,8154,8144,8155,8106,8190,8200,8157,8143,8183,8150,8137,8150,8117,11.394423961639404,sil,False
8,8163,8169,8145,8166,8114,8195,8195,8177,8165,8221,8181,8152,8181,8135,11.409387826919556,sil,False
9,8181,8191,8154,8192,8131,8198,8187,8177,8194,8253,8217,8173,8210,8161,11.409387826919556,sil,False
10,8185,8193,8185,8191,8126,8202,8178,8172,8180,8237,8212,8180,8196,8162,11.424980878829956,sil,False
11,8168,8173,8142,8176,8113,8197,8188,8171,8166,8229,8189,8145,8179,8137,11.424980878829956,sil,False
12,8164,8169,8137,8148,8105,8184,8185,8184,8165,8222,8176,8145,8181,8130,11.44149923324585,sil,False
13,8170,8180,8141,8148,8107,8186,8189,8195,8175,8219,8189,8157,8196,8140,11.44149923324585,sil,False
14,8170,8180,8132,8161,8112,8186,8198,8187,8179,8218,8193,8147,8190,8138,11.45706033706665,sil,False
15,8172,8183,8156,8155,8117,8188,8196,8189,8177,8218,8174,8149,8173,8139,11.45706033706665,sil,False
16,8173,8182,8132,8147,8110,8180,8189,8182,8176,8221,8170,8144,8175,8132,11.47216820716858,sil,False
17,8172,8177,8139,8127,8091,8158,8163,8162,8132,8174,8160,8144,8160,8119,11.47216820716858,sil,False
18,8177,8187,8152,8133,8099,8156,8162,8157,8108,8144,8153,8150,8152,8121,11.487656354904177,sil,False
19,8196,8193,8148,8147,8108,8149,8176,8159,8115,8160,8163,8165,8171,8135,11.487656354904177,sil,False
20,8193,8183,8172,8129,8091,8139,8165,8165,8104,8153,8162,8175,8169,8144,11.503378868103027,sil,False
21,8181,8186,8163,8134,8100,8151,8170,8170,8114,8151,8175,8164,8173,8145,11.503378868103027,sil,False
22,8206,8217,8192,8158,8129,8162,8171,8171,8122,8176,8205,8198,8200,8155,11.518511295318604,sil,False
23,8212,8231,8205,8182,8141,8168,8159,8169,8116,8200,8221,8215,8215,8154,11.518511295318604,sil,False
24,8183,8211,8173,8185,8136,8170,8151,8162,8113,8188,8205,8176,8197,8143,11.534215927124023,sil,False
25,8167,8205,8187,8165,8128,8175,8158,8173,8115,8167,8184,8164,8181,8138,11.534215927124023,sil,False
26,8157,8201,8160,8156,8121,8173,8181,8179,8118,8176,8179,8150,8186,8117,11.550260305404665,sil,False
27,8142,8184,8157,8147,8115,8167,8181,8170,8097,8162,8164,8137,8170,8101,11.550260305404665,sil,False
28,8144,8191,8181,8163,8130,8186,8194,8175,8110,8158,8160,8149,8169,8113,11.565465927124023,sil,False
29,8156,8195,8169,8180,8143,8199,8216,8181,8144,8194,8171,8160,8191,8126,11.565465927124023,sil,False
30,8159,8180,8187,8163,8126,8193,8209,8182,8133,8204,8164,8161,8185,8130,11.581642389297484,sil,False
31,8149,8162,8159,8150,8112,8176,8199,8169,8119,8176,8148,8126,8167,8117,11.581642389297484,sil,False
32,8151,8152,8145,8141,8108,8166,8185,8159,8117,8156,8137,8121,8159,8109,11.597331047058104,sil,False
33,8163,8163,8167,8141,8108,8181,8188,8176,8129,8191,8153,8150,8174,8132,11.597331047058104,sil,False
34,8166,8163,8152,8141,8110,8184,8195,8184,8149,8212,8168,8146,8189,8147,11.612993240356444,sil,False
35,8172,8158,8170,8133,8110,8169,8177,8179,8148,8181,8163,8158,8180,8142,11.612993240356444,sil,False
36,8184,8175,8171,8160,8117,8165,8171,8181,8162,8192,8182,8177,8196,8147,11.6290602684021,sil,False
37,8198,8192,8182,8171,8120,8165,8166,8190,8179,8223,8206,8198,8223,8175,11.6290602684021,sil,False
38,8202,8191,8193,8152,8121,8169,8161,8197,8187,8217,8209,8209,8222,8186,11.64517307281494,sil,False
39,8191,8176,8156,8152,8126,8158,8159,8182,8181,8198,8198,8179,8208,8153,11.64517307281494,sil,False
40,8167,8173,8162,8140,8120,8140,8141,8171,8139,8169,8169,8164,8190,8120,11.66122555732727,sil,False
41,8147,8171,8144,8124,8115,8147,8149,8171,8123,8151,8161,8157,8182,8111,11.66122555732727,sil,False
42,8160,8172,8147,8124,8121,8159,8170,8171,8137,8151,8184,8168,8188,8125,11.677265882492064,sil,False
43,8174,8193,8188,8142,8126,8163,8177,8178,8148,8163,8201,8186,8199,8132,11.677265882492064,sil,False
44,8165,8194,8177,8166,8134,8161,8179,8165,8142,8166,8191,8173,8188,8117,11.692118406295776,sil,False
45,8167,8185,8196,8161,8137,8161,8170,8155,8118,8143,8178,8182,8165,8117,11.692118406295776,sil,False
46,8166,8174,8181,8136,8128,8158,8164,8163,8126,8144,8191,8178,8169,8124,11.70722508430481,sil,False
47,8149,8165,8156,8120,8126,8150,8152,8163,8147,8149,8184,8154,8162,8116,11.70722508430481,sil,False
48,8154,8184,8193,8149,8146,8167,8153,8170,8156,8154,8170,8162,8152,8116,11.722973823547363,sil,False
49,8173,8197,8193,8192,8161,8177,8167,8165,8153,8183,8194,8174,8169,8124,11.722973823547363,sil,False
50,8179,8202,8212,8184,8151,8171,8159,8154,8143,8181,8208,8183,8174,8129,11.738059759140016,sil,False
51,8177,8212,8213,8184,8154,8180,8157,8160,8156,8179,8203,8175,8176,8136,11.738059759140016,sil,False
52,8169,8197,8190,8188,8161,8183,8155,8173,8098,8199,8197,8165,8175,8143,11.753352880477903,sil,False
53,8154,8183,8203,8177,8159,8187,8156,8186,7981,8209,8187,8167,8166,8144,11.769452810287476,sil,False
54,8154,8191,8187,8200,8174,8196,8194,8187,7964,8219,8195,8156,8180,8142,11.769452810287476,sil,False
55,8155,8181,8189,8186,8170,8193,8219,8190,8002,8223,8190,8154,8180,8140,11.769452810287476,sil,False
56,8126,8151,8158,8142,8145,8191,8219,8193,8011,8222,8162,8135,8158,8122,11.78464651107788,sil,False
57,8119,8139,8131,8139,8136,8185,8217,8183,8013,8209,8150,8121,8153,8110,11.801072359085085,sil,False
58,8131,8154,8176,8150,8142,8182,8205,8174,8012,8191,8154,8140,8151,8120,11.801072359085085,sil,False
59,8123,8159,8158,8153,8143,8181,8200,8164,8015,8192,8154,8134,8146,8121,11.816308498382568,sil,False
60,8134,8159,8161,8139,8131,8175,8195,8160,8022,8182,8142,8140,8144,8119,11.816308498382568,sil,False
61,8144,8157,8171,8133,8129,8172,8194,8164,8023,8171,8136,8143,8141,8117,11.816308498382568,sil,False
62,8133,8143,8149,8132,8139,8166,8191,8162,8020,8183,8149,8137,8147,8120,11.832066535949709,sil,False
63,8155,8153,8183,8137,8147,8165,8185,8169,8030,8197,8172,8174,8171,8145,11.832066535949709,sil,False
64,8179,8172,8181,8163,8150,8168,8190,8164,8050,8203,8183,8181,8189,8154,11.847228527069092,sil,False
65,8165,8171,8174,8161,8148,8160,8166,8156,8033,8176,8168,8170,8175,8141,11.862020254135132,sil,False
66,8148,8172,8168,8151,8152,8160,8149,8169,8024,8166,8162,8168,8172,8134,11.862020254135132,sil,False
67,8144,8172,8140,8152,8157,8160,8164,8170,8045,8187,8170,8165,8178,8127,11.878134965896606,sil,False
68,8134,8160,8154,8133,8143,8161,8173,8167,8047,8177,8163,8170,8163,8116,11.878134965896606,sil,False
69,8111,8140,8126,8120,8137,8155,8172,8172,8049,8160,8157,8146,8156,8103,11.893717765808104,sil,False
70,8107,8137,8125,8114,8139,8145,8157,8171,8043,8153,8154,8133,8156,8098,11.893717765808104,sil,False
71,8123,8168,8158,8131,8148,8161,8164,8172,8043,8163,8171,8152,8165,8108,11.90953016281128,sil,False
72,8137,8183,8145,8147,8155,8164,8176,8165,8058,8170,8190,8159,8176,8115,11.90953016281128,sil,False
73,8138,8180,8161,8133,8147,8152,8159,8163,8040,8148,8173,8167,8164,8118,11.925020456314089,sil,False
74,8143,8187,8153,8146,8144,8161,8158,8164,8029,8140,8166,8156,8161,8117,11.925020456314089,sil,False
75,8166,8198,8161,8168,8149,8165,8161,8162,8033,8138,8182,8163,8165,8124,11.94041633605957,please,True
76,8179,8212,8197,8180,8155,8160,8161,8167,8032,8143,8206,8190,8171,8141,11.94041633605957,please,True
77,8173,8219,8185,8197,8163,8163,8162,8163,8027,8162,8213,8181,8171,8138,11.955994129180908,please,True
78,8169,8218,8199,8197,8165,8161,8146,8158,8019,8158,8205,8180,8165,8129,11.955994129180908,please,True
79,8159,8211,8184,8195,8169,8142,8130,8153,8032,8160,8225,8183,8184,8123,11.971513509750366,please,True
80,8149,8202,8172,8197,8170,8133,8115,8141,8024,8164,8238,8181,8186,8113,11.971513509750366,please,True
81,8143,8202,8185,8197,8174,8156,8125,8144,8005,8156,8211,8166,8160,8098,11.987424373626707,please,True
82,8126,8188,8148,8190,8179,8165,8154,8141,8022,8157,8192,8134,8149,8086,11.987424373626707,please,True
83,8110,8176,8156,8171,8164,8165,8158,8143,8029,8152,8190,8139,8143,8094,12.003303050994871,please,True
84,8110,8174,8156,8183,8156,8181,8165,8158,8035,8167,8185,8137,8156,8106,12.003303050994871,please,True
85,8123,8171,8149,8191,8160,8181,8176,8164,8047,8181,8171,8124,8173,8111,12.01868748664856,please,True
86,8134,8173,8166,8180,8154,8175,8177,8170,8063,8178,8165,8129,8173,8121,12.01868748664856,please,True
87,8146,8174,8151,8187,8159,8173,8176,8173,8091,8196,8192,8138,8197,8138,12.03415036201477,please,True
88,8170,8181,8179,8178,8168,8164,8162,8174,8090,8193,8222,8174,8221,8151,12.03415036201477,please,True
89,8178,8187,8176,8169,8164,8154,8150,8165,8081,8174,8221,8180,8212,8143,12.055189609527588,please,True
90,8174,8184,8163,8182,8162,8149,8141,8151,8071,8165,8210,8163,8192,8126,12.055189609527588,please,True
91,8177,8202,8205,8203,8176,8165,8148,8158,8063,8165,8223,8176,8193,8122,12.055189609527588,please,True
92,8180,8217,8196,8233,8197,8183,8173,8162,8076,8183,8241,8176,8207,8120,12.065690279006958,please,True
93,8173,8209,8203,8237,8195,8185,8168,8160,8072,8183,8223,8172,8196,8123,12.081426858901978,please,True
94,8154,8195,8205,8239,8188,8190,8171,8165,8072,8183,8217,8167,8196,8128,12.081426858901978,please,True
95,8150,8174,8190,8230,8182,8185,8184,8170,8092,8193,8236,8169,8211,8132,12.096355676651,please,True
96,8155,8157,8209,8206,8164,8177,8178,8184,8105,8190,8243,8191,8214,8142,12.096355676651,please,True
97,8154,8154,8190,8221,8148,8169,8184,8181,8117,8183,8242,8192,8219,8138,12.112272024154665,please,True
98,8167,8163,8213,8235,8136,8160,8182,8166,8105,8161,8241,8220,8215,8139,12.112272024154665,please,True
99,8184,8181,8240,8244,8132,8167,8179,8170,8093,8153,8255,8261,8218,8155,12.127657890319824,please,True
100,8201,8192,8237,8266,8136,8157,8179,8168,8098,8152,8273,8273,8236,8170,12.127657890319824,please,True
101,8219,8196,8258,8262,8138,8141,8166,8160,8087,8116,8265,8274,8228,8166,12.14305067062378,please,True
102,8218,8192,8223,8249,8135,8140,8159,8151,8080,8099,8249,8253,8207,8142,12.14305067062378,please,True
103,8219,8199,8226,8245,8135,8143,8142,8145,8067,8110,8240,8257,8203,8137,12.158231258392334,please,True
104,8224,8215,8248,8252,8156,8161,8138,8155,8073,8133,8244,8264,8213,8146,12.158231258392334,please,True
105,8221,8214,8221,8250,8174,8176,8154,8162,8095,8147,8253,8244,8214,8143,12.174339294433594,please,True
106,8212,8216,8233,8244,8179,8182,8158,8168,8097,8154,8254,8242,8206,8141,12.174339294433594,please,True
107,8194,8208,8212,8239,8178,8174,8155,8166,8106,8175,8247,8219,8205,8137,12.189560174942017,please,True
108,8174,8188,8192,8200,8162,8157,8140,8160,8102,8157,8208,8183,8185,8120,12.189560174942017,please,True
109,8156,8188,8193,8183,8160,8172,8149,8167,8102,8143,8173,8159,8168,8109,12.205174684524536,please,True
110,8139,8178,8160,8184,8176,8198,8179,8174,8128,8169,8167,8136,8169,8111,12.205174684524536,please,True
111,8125,8155,8160,8148,8167,8198,8191,8179,8136,8178,8157,8138,8161,8117,12.220275402069092,please,True
112,8115,8141,8138,8127,8146,8183,8203,8170,8134,8176,8150,8127,8162,8111,12.220275402069092,please,True
113,8114,8134,8128,8114,8135,8172,8198,8158,8129,8164,8136,8116,8159,8100,12.236361742019652,please,True
114,8112,8130,8129,8095,8139,8176,8197,8171,8143,8164,8123,8121,8155,8103,12.236361742019652,please,True
115,8114,8130,8106,8092,8149,8174,8212,8179,8164,8172,8128,8120,8166,8113,12.25154733657837,please,True
116,8134,8139,8148,8083,8144,8162,8196,8176,8159,8161,8140,8147,8167,8129,12.25154733657837,please,True
117,8147,8146,8148,8089,8136,8162,8173,8166,8144,8158,8149,8147,8162,8125,12.26717495918274,please,True
118,8138,8143,8127,8083,8138,8158,8155,8151,8120,8148,8142,8127,8153,8101,12.26717495918274,please,True
119,8127,8151,8145,8069,8146,8156,8148,8162,8120,8133,8140,8130,8150,8093,12.282346487045288,please,True
120,8127,8168,8138,8098,8156,8156,8156,8164,8134,8134,8150,8125,8154,8089,12.282346487045288,please,True
121,8126,8180,8157,8112,8154,8152,8153,8150,8099,8118,8139,8116,8135,8069,12.297688007354736,please,True
122,8106,8179,8140,8100,8159,8160,8163,8150,8082,8112,8123,8095,8123,8050,12.297688007354736,please,True
123,8083,8166,8120,8096,8162,8179,8180,8162,8105,8127,8116,8088,8121,8054,12.313390493392944,please,True
124,8076,8163,8139,8108,8150,8196,8186,8175,8120,8145,8116,8094,8115,8054,12.313390493392944,please,True
125,8079,8166,8124,8119,8157,8193,8188,8170,8126,8158,8123,8084,8125,8052,12.328427076339722,please,True
126,8089,8169,8146,8111,8172,8189,8180,8161,8108,8139,8124,8100,8129,8071,12.34404444694519,please,True
127,8093,8159,8148,8114,8164,8195,8186,8159,8107,8137,8121,8101,8131,8087,12.34404444694519,please,True
237,8095,8140,8132,8106,8150,8184,8194,8158,8133,8163,8115,8093,8142,8091,12.34404444694519,please,True
0,8097,8148,8149,8095,8154,8182,8193,8171,8151,8172,8104,8106,8147,8098,12.359082460403442,please,True
1,8096,8146,8123,8099,8158,8181,8195,8176,8158,8176,8101,8090,8144,8099,12.374334573745728,please,True
2,8101,8131,8134,8085,8139,8173,8183,8182,8156,8168,8113,8092,8146,8104,12.374334573745728,please,True
3,8114,8146,8146,8092,8144,8181,8184,8192,8177,8174,8154,8123,8174,8118,12.390416860580444,please,True
4,8135,8159,8137,8110,8169,8178,8187,8181,8194,8192,8184,8147,8193,8127,12.390416860580444,please,True
5,8143,8160,8162,8110,8173,8168,8184,8176,8173,8188,8171,8157,8186,8131,12.390416860580444,please,True
6,8129,8156,8132,8109,8163,8169,8195,8169,8162,8176,8165,8132,8183,8119,12.406052827835085,sil,False
7,8132,8146,8130,8087,8158,8158,8185,8162,8165,8170,8176,8144,8181,8114,12.421086072921751,sil,False
8,8140,8145,8144,8084,8158,8148,8176,8169,8174,8179,8184,8162,8191,8120,12.421086072921751,sil,False
9,8133,8164,8129,8105,8150,8146,8176,8171,8166,8178,8185,8140,8194,8111,12.43720006942749,sil,False
10,8124,8178,8146,8101,8143,8154,8171,8172,8140,8163,8179,8130,8171,8100,12.43720006942749,sil,False
11,8117,8169,8127,8107,8155,8163,8183,8163,8143,8172,8179,8122,8161,8099,12.453206777572632,sil,False
12,8129,8177,8150,8126,8167,8167,8179,8154,8139,8159,8180,8126,8159,8107,12.453206777572632,sil,False
13,8140,8195,8174,8138,8165,8175,8164,8157,8122,8149,8173,8122,8151,8110,12.468990802764893,sil,False
14,8130,8176,8135,8140,8160,8171,8167,8150,8112,8161,8151,8098,8140,8108,12.468990802764893,sil,False
15,8119,8159,8138,8129,8158,8172,8178,8153,8108,8160,8136,8104,8137,8114,12.48404598236084,sil,False
16,8120,8159,8120,8124,8160,8179,8192,8166,8143,8176,8156,8105,8161,8123,12.48404598236084,sil,False
17,8139,8163,8127,8117,8156,8167,8189,8172,8172,8198,8172,8114,8174,8137,12.499268293380736,sil,False
18,8151,8176,8151,8125,8153,8167,8189,8176,8175,8204,8172,8131,8176,8143,12.499268293380736,sil,False
19,8141,8179,8121,8125,8158,8164,8185,8166,8171,8180,8179,8123,8181,8120,12.515300035476685,sil,False
20,8125,8177,8129,8099,8161,8151,8167,8159,8148,8142,8175,8119,8162,8094,12.515300035476685,sil,False
21,8115,8178,8128,8115,8170,8171,8182,8168,8144,8154,8159,8098,8144,8086,12.531405210494995,sil,False
22,8114,8166,8132,8133,8172,8201,8213,8182,8154,8177,8140,8088,8140,8098,12.531405210494995,sil,False
23,8115,8158,8142,8124,8167,8200,8221,8189,8169,8180,8142,8102,8141,8115,12.547284364700316,sil,False
24,8116,8150,8117,8121,8159,8168,8200,8180,8184,8190,8149,8098,8153,8122,12.547284364700316,sil,False
25,8129,8148,8140,8106,8144,8155,8175,8181,8173,8183,8137,8113,8164,8129,12.562355041503906,sil,False
26,8142,8161,8139,8108,8155,8169,8186,8179,8175,8171,8159,8128,8177,8134,12.562355041503906,sil,False
27,8151,8177,8143,8112,8166,8162,8187,8166,8171,8158,8183,8137,8172,8133,12.577815294265749,sil,False
28,8151,8184,8163,8106,8154,8151,8168,8165,8149,8145,8163,8137,8154,8124,12.577815294265749,sil,False
29,8143,8174,8135,8119,8151,8148,8173,8159,8139,8147,8155,8111,8152,8107,12.592988014221191,sil,False
30,8143,8172,8163,8127,8154,8159,8188,8161,8139,8161,8170,8109,8154,8111,12.592988014221191,sil,False
31,8137,8165,8158,8127,8152,8181,8213,8178,8164,8195,8171,8105,8158,8125,12.608215808868408,sil,False
32,8121,8135,8118,8103,8142,8173,8215,8171,8172,8192,8148,8093,8144,8110,12.608215808868408,sil,False
33,8116,8123,8135,8083,8135,8157,8200,8170,8164,8160,8137,8097,8127,8101,12.623393297195436,sil,False
34,8134,8133,8133,8093,8142,8154,8200,8180,8185,8166,8161,8104,8153,8119,12.623393297195436,sil,False
35,8148,8140,8145,8082,8138,8143,8174,8173,8181,8160,8177,8133,8167,8126,12.63945174217224,sil,False
36,8141,8138,8134,8074,8130,8124,8148,8160,8156,8142,8164,8129,8155,8104,12.63945174217224,sil,False
37,8142,8147,8130,8090,8136,8119,8155,8155,8147,8140,8156,8115,8148,8098,12.655029296875,sil,False
38,8157,8177,8170,8117,8152,8139,8170,8159,8146,8138,8175,8142,8151,8119,12.655029296875,sil,False
39,8157,8176,8154,8133,8156,8147,8180,8154,8142,8138,8175,8134,8150,8120,12.670180082321169,sil,False
40,8145,8156,8160,8109,8142,8147,8173,8157,8118,8129,8136,8115,8130,8112,12.670180082321169,sil,False
41,8146,8170,8169,8120,8148,8165,8184,8169,8129,8136,8135,8116,8134,8117,12.685921430587769,sil,False
42,8161,8180,8164,8154,8168,8172,8198,8174,8163,8163,8163,8129,8157,8122,12.685921430587769,sil,False
43,8161,8171,8183,8139,8168,8170,8194,8185,8164,8180,8164,8143,8162,8125,12.701109647750854,sil,False
44,8142,8156,8139,8116,8151,8167,8193,8172,8157,8183,8152,8126,8159,8114,12.701109647750854,sil,False
45,8140,8139,8131,8106,8136,8162,8184,8149,8143,8160,8143,8123,8149,8103,12.716541528701782,sil,False
46,8138,8131,8139,8109,8141,8157,8182,8155,8140,8160,8148,8119,8147,8096,12.716541528701782,sil,False
47,8129,8125,8115,8098,8146,8139,8175,8159,8145,8161,8146,8102,8150,8089,12.732264280319214,sil,False
48,8137,8127,8135,8071,8139,8132,8159,8161,8136,8129,8133,8117,8142,8090,12.732264280319214,sil,False
49,8143,8129,8125,8080,8139,8140,8169,8163,8147,8126,8142,8122,8146,8086,12.747708559036257,sil,False
50,8143,8137,8133,8095,8143,8137,8170,8159,8142,8131,8147,8122,8146,8079,12.747708559036257,sil,False
51,8139,8150,8140,8100,8146,8135,8160,8161,8123,8114,8136,8118,8139,8076,12.76378846168518,sil,False
52,8134,8148,8125,8106,8143,8129,8151,8159,8124,8106,8144,8109,8136,8077,12.76378846168518,sil,False
53,8142,8153,8168,8109,8140,8134,8153,8164,8135,8117,8151,8125,8131,8086,12.779543161392212,sil,False
54,8147,8161,8164,8132,8151,8156,8179,8165,8153,8134,8144,8118,8131,8087,12.779543161392212,sil,False
55,8138,8155,8152,8142,8153,8158,8173,8157,8143,8128,8132,8103,8119,8085,12.795238018035889,sil,False
56,8124,8148,8155,8139,8148,8157,8156,8159,8140,8148,8137,8104,8117,8095,12.795238018035889,sil,False
57,8133,8143,8144,8148,8150,8164,8173,8161,8172,8185,8153,8115,8139,8112,12.811342477798462,sil,False
58,8156,8146,8170,8142,8144,8160,8179,8168,8187,8178,8150,8139,8150,8125,12.811342477798462,sil,False
59,8146,8136,8138,8121,8132,8144,8159,8170,8197,8176,8152,8128,8156,8119,12.826783180236816,sil,False
60,8136,8130,8131,8097,8129,8130,8136,8167,8200,8177,8162,8130,8158,8112,12.826783180236816,sil,False
61,8155,8154,8169,8102,8141,8135,8144,8175,8197,8165,8165,8153,8161,8119,12.842105865478516,sil,False
62,8165,8160,8151,8122,8143,8129,8154,8172,8188,8152,8170,8144,8165,8120,12.842105865478516,sil,False
63,8156,8149,8166,8117,8125,8120,8130,8160,8163,8130,8166,8145,8152,8110,12.857683658599854,sil,False
64,8152,8161,8168,8131,8125,8127,8129,8153,8163,8135,8166,8143,8155,8100,12.857683658599854,sil,False
65,8163,8178,8172,8144,8139,8136,8143,8157,8170,8142,8160,8141,8155,8108,12.87335753440857,sil,False
66,8153,8170,8184,8135,8142,8156,8150,8169,8165,8129,8141,8133,8138,8114,12.87335753440857,sil,False
67,8133,8147,8152,8138,8132,8160,8157,8159,8165,8140,8133,8107,8132,8104,12.889053583145142,sil,False
68,8132,8136,8169,8140,8120,8148,8146,8160,8162,8150,8127,8117,8131,8109,12.889053583145142,sil,False
69,8129,8120,8150,8131,8125,8151,8146,8174,8177,8147,8122,8115,8130,8117,12.904249668121338,sil,False
70,8123,8104,8122,8111,8129,8153,8151,8169,8194,8150,8127,8106,8135,8115,12.904249668121338,sil,False
71,8138,8129,8157,8118,8127,8150,8154,8174,8210,8182,8144,8133,8161,8135,12.919485569000244,sil,False
72,8152,8140,8142,8136,8127,8132,8149,8176,8233,8199,8152,8138,8184,8148,12.919485569000244,sil,False
73,8142,8122,8133,8106,8114,8116,8124,8167,8212,8146,8130,8129,8160,8125,12.935539960861206,sil,False
74,8129,8125,8120,8097,8118,8130,8130,8164,8193,8114,8127,8116,8145,8099,12.935539960861206,sil,False
75,8138,8144,8112,8118,8140,8144,8147,8164,8195,8127,8139,8114,8150,8099,12.950544834136965,sil,False
76,8147,8157,8142,8119,8139,8145,8141,8170,8186,8125,8141,8130,8146,8107,12.966347455978394,sil,False
77,8144,8157,8133,8128,8130,8140,8136,8161,8185,8121,8148,8113,8143,8102,12.966347455978394,sil,False
78,8144,8158,8148,8137,8134,8143,8136,8153,8178,8125,8146,8104,8133,8102,12.966347455978394,sil,False
79,8125,8154,8137,8140,8141,8159,8145,8156,8171,8139,8131,8096,8122,8093,12.98198175430298,sil,False
80,8103,8143,8116,8140,8137,8167,8146,8153,8169,8140,8118,8083,8117,8083,12.99705982208252,sil,False
81,8126,8151,8151,8147,8137,8177,8154,8166,8182,8144,8123,8103,8122,8101,12.99705982208252,sil,False
82,8152,8157,8130,8162,8150,8180,8174,8174,8215,8181,8142,8109,8147,8121,13.013227939605711,sil,False
83,8146,8144,8123,8140,8143,8164,8157,8167,8209,8181,8141,8109,8157,8125,13.013227939605711,sil,False
84,8135,8145,8130,8126,8131,8159,8148,8173,8205,8159,8144,8115,8160,8126,13.029620170593262,sil,False
85,8148,8159,8125,8145,8140,8158,8163,8178,8237,8167,8165,8132,8167,8139,13.029620170593262,sil,False
86,8158,8162,8145,8137,8142,8151,8155,8177,8239,8167,8164,8150,8163,8143,13.044152975082396,sil,False
87,8145,8151,8118,8123,8134,8144,8148,8168,8212,8148,8155,8127,8164,8121,13.044152975082396,sil,False
88,8141,8158,8130,8120,8136,8134,8145,8159,8182,8124,8154,8125,8158,8109,13.060667276382446,sil,False
89,8143,8178,8151,8132,8142,8137,8136,8159,8178,8128,8155,8133,8148,8104,13.060667276382446,sil,False
90,8132,8163,8119,8130,8132,8143,8120,8155,8175,8134,8147,8111,8140,8091,13.07611346244812,sil,False
91,8118,8151,8133,8112,8127,8148,8114,8153,8145,8111,8128,8101,8121,8084,13.07611346244812,sil,False
92,8117,8162,8129,8132,8145,8159,8138,8150,8141,8111,8126,8088,8118,8085,13.091486692428589,sil,False
93,8136,8167,8139,8156,8153,8172,8146,8155,8156,8129,8131,8094,8128,8099,13.091486692428589,sil,False
94,8141,8165,8159,8158,8147,8186,8139,8166,8168,8143,8137,8108,8134,8112,13.107400178909302,sil,False
95,8135,8158,8137,8154,8147,8183,8148,8161,8177,8151,8141,8106,8131,8115,13.107400178909302,sil,False
96,8149,8166,8160,8154,8151,8182,8167,8173,8188,8159,8143,8129,8139,8137,13.122858047485352,sil,False
97,8164,8176,8157,8166,8159,8181,8177,8187,8216,8187,8161,8144,8176,8157,13.122858047485352,sil,False
98,8170,8171,8152,8150,8154,8152,8146,8173,8201,8168,8172,8153,8181,8147,13.138403415679932,sil,False
99,8178,8175,8168,8140,8147,8142,8130,8169,8186,8139,8181,8163,8166,8142,13.138403415679932,sil,False
100,8184,8183,8162,8166,8159,8163,8159,8173,8206,8157,8191,8151,8167,8146,13.153812408447266,sil,False
101,8171,8185,8186,8165,8166,8183,8165,8173,8190,8154,8170,8143,8146,8131,13.153812408447266,sil,False
102,8144,8172,8152,8156,8159,8191,8168,8170,8173,8143,8147,8113,8123,8115,13.169456720352173,sil,False
103,8134,8154,8125,8154,8157,8188,8178,8166,8186,8149,8145,8090,8119,8125,13.169456720352173,sil,False
104,8146,8158,8151,8156,8160,8190,8174,8175,8203,8163,8152,8113,8133,8141,13.184991836547852,sil,False
105,8166,8170,8146,8168,8160,8177,8167,8182,8221,8185,8174,8139,8168,8150,13.184991836547852,sil,False
106,8192,8182,8178,8172,8158,8159,8156,8185,8222,8188,8204,8181,8197,8171,13.201213359832764,sil,False
107,8207,8196,8180,8186,8167,8162,8159,8175,8221,8181,8226,8198,8207,8175,13.201213359832764,sil,False
108,8208,8205,8173,8197,8164,8154,8147,8158,8207,8164,8230,8196,8193,8153,13.216596364974976,sil,False
109,8211,8214,8208,8207,8157,8151,8141,8162,8188,8156,8235,8205,8175,8141,13.216596364974976,sil,False
110,8208,8213,8211,8240,8176,8173,8165,8164,8189,8171,8247,8201,8177,8153,13.231843948364258,sil,False
111,8204,8216,8239,8266,8178,8182,8163,8162,8176,8172,8242,8210,8177,8167,13.231843948364258,sil,False
112,8201,8215,8234,8286,8155,8167,8149,8161,8171,8172,8238,8211,8174,8158,13.247374773025513,sil,False
113,8200,8192,8212,8279,8135,8160,8146,8158,8171,8162,8240,8215,8175,8153,13.247374773025513,sil,False
114,8208,8192,8248,8270,8139,8177,8155,8173,8178,8161,8250,8245,8189,8180,13.26342272758484,sil,False
115,8225,8211,8247,8298,8153,8178,8165,8176,8200,8192,8269,8251,8217,8202,13.26342272758484,sil,False
116,8232,8208,8248,8293,8144,8159,8154,8164,8185,8180,8259,8254,8212,8202,13.27940273284912,sil,False
117,8223,8192,8232,8271,8138,8160,8155,8168,8176,8155,8251,8250,8204,8198,13.27940273284912,sil,False
118,8231,8187,8219,8268,8149,8157,8161,8174,8190,8164,8273,8251,8216,8184,13.29448699951172,sil,False
119,8233,8194,8237,8255,8150,8157,8153,8172,8181,8158,8273,8262,8211,8148,13.29448699951172,sil,False
120,8208,8189,8197,8245,8151,8170,8158,8169,8174,8139,8247,8232,8198,8114,13.310015678405762,sil,False
121,8218,8195,8212,8240,8160,8166,8154,8180,8179,8139,8245,8234,8198,8116,13.310015678405762,sil,False
122,8237,8217,8237,8247,8166,8156,8147,8184,8183,8166,8265,8247,8207,8121,13.32607650756836,sil,False
123,8213,8209,8209,8250,8167,8157,8139,8158,8163,8167,8250,8213,8187,8100,13.32607650756836,sil,False
124,8190,8194,8222,8239,8170,8173,8130,8152,8141,8137,8218,8199,8161,8091,13.341259717941284,sil,False
125,8195,8194,8203,8242,8179,8179,8141,8162,8160,8146,8228,8187,8171,8092,13.341259717941284,sil,False
126,8202,8196,8201,8225,8175,8172,8143,8158,8165,8158,8224,8178,8168,8084,13.357197046279907,sil,False
127,8191,8191,8208,8213,8170,8190,8153,8161,8164,8156,8198,8171,8149,8084,13.357197046279907,sil,False
237,8176,8174,8180,8220,8181,8209,8180,8169,8184,8172,8197,8157,8153,8091,13.373429775238035,sil,False
0,8165,8163,8181,8202,8182,8218,8191,8185,8193,8189,8193,8160,8161,8096,13.373429775238035,sil,False
1,8150,8148,8142,8175,8171,8207,8190,8185,8197,8192,8165,8140,8155,8082,13.389456272125244,sil,False
2,8141,8127,8128,8149,8157,8179,8167,8175,8188,8164,8136,8129,8133,8067,13.389456272125244,sil,False
3,8146,8130,8152,8151,8160,8180,8162,8182,8193,8157,8140,8131,8132,8070,13.405052900314333,sil,False
4,8150,8141,8136,8157,8159,8176,8174,8177,8211,8181,8162,8134,8155,8077,13.405052900314333,sil,False
5,8155,8148,8149,8133,8147,8155,8153,8168,8196,8167,8168,8162,8160,8073,13.42020320892334,sil,False
6,8172,8159,8148,8145,8157,8156,8145,8166,8194,8150,8181,8165,8170,8065,13.42020320892334,sil,False
7,8188,8169,8164,8164,8168,8161,8149,8169,8194,8145,8192,8163,8170,8069,13.436295747756958,sil,False
8,8177,8163,8169,8151,8158,8156,8140,8170,8179,8143,8185,8162,8154,8067,13.436295747756958,sil,False
9,8160,8143,8124,8139,8151,8150,8140,8158,8166,8145,8173,8148,8154,8050,13.452163219451904,sil,False
10,8165,8150,8150,8136,8154,8155,8147,8161,8153,8128,8168,8161,8148,8053,13.452163219451904,sil,False
11,8157,8156,8149,8145,8158,8164,8157,8173,8154,8124,8171,8155,8134,8052,13.467129707336426,sil,False
12,8143,8140,8129,8140,8153,8162,8151,8167,8150,8125,8163,8134,8122,8035,13.467129707336426,sil,False
13,8145,8150,8146,8145,8161,8165,8156,8169,8153,8124,8158,8130,8121,8039,13.48236870765686,sil,False
14,8142,8159,8125,8163,8178,8168,8173,8170,8178,8140,8161,8118,8130,8049,13.48236870765686,sil,False
15,8141,8153,8140,8157,8175,8169,8169,8172,8185,8152,8163,8128,8132,8052,13.498462200164797,sil,False
16,8144,8154,8140,8166,8167,8173,8176,8180,8197,8176,8179,8135,8141,8055,13.498462200164797,sil,False
17,8144,8145,8129,8174,8165,8170,8190,8177,8201,8195,8174,8127,8142,8064,13.514283895492554,sil,False
18,8141,8130,8131,8152,8162,8178,8190,8177,8196,8190,8156,8130,8142,8069,13.514283895492554,sil,False
19,8145,8121,8097,8135,8161,8171,8171,8172,8202,8175,8165,8124,8149,8062,13.530370235443115,sil,False
20,8152,8124,8120,8125,8151,8143,8142,8165,8187,8149,8162,8126,8132,8055,13.530370235443115,sil,False
21,8143,8130,8119,8123,8145,8141,8151,8163,8184,8155,8149,8117,8127,8052,13.545524597167969,sil,False
22,8139,8120,8099,8115,8145,8151,8155,8160,8195,8169,8155,8120,8144,8052,13.545524597167969,sil,False
23,8145,8120,8125,8111,8143,8150,8140,8167,8182,8151,8162,8135,8142,8048,13.561131715774536,sil,False
24,8146,8129,8108,8126,8146,8144,8150,8165,8176,8148,8164,8121,8138,8039,13.561131715774536,sil,False
25,8151,8135,8121,8117,8146,8144,8152,8162,8173,8151,8163,8133,8143,8047,13.576598405838013,sil,False
26,8152,8137,8123,8114,8147,8153,8154,8166,8178,8152,8167,8136,8150,8057,13.576598405838013,sil,False
27,8151,8139,8112,8124,8152,8150,8156,8162,8177,8139,8172,8123,8145,8050,13.592113971710203,sil,False
28,8154,8153,8148,8129,8156,8157,8149,8164,8168,8130,8180,8144,8140,8048,13.592113971710203,sil,False
29,8155,8159,8137,8151,8167,8173,8156,8160,8182,8154,8190,8139,8141,8050,13.607290983200071,sil,False
30,8151,8158,8144,8150,8170,8168,8156,8157,8179,8152,8174,8126,8126,8051,13.607290983200071,sil,False
31,8148,8165,8156,8148,8178,8172,8160,8163,8173,8145,8164,8129,8138,8051,13.62325358390808,sil,False
32,8155,8166,8147,8165,8193,8186,8171,8161,8170,8158,8168,8134,8154,8048,13.62325358390808,sil,False
33,8161,8166,8176,8170,8194,8198,8177,8165,8163,8157,8162,8143,8139,8059,13.638344049453735,sil,False
34,8160,8166,8161,8182,8194,8200,8190,8169,8196,8166,8160,8128,8143,8067,13.638344049453735,sil,False
35,8163,8165,8160,8182,8199,8194,8191,8170,8212,8167,8155,8128,8149,8070,13.654467582702637,sil,False
36,8161,8160,8165,8177,8197,8197,8192,8177,8200,8179,8156,8134,8150,8078,13.654467582702637,sil,False
37,8158,8142,8145,8176,8187,8196,8197,8170,8208,8204,8170,8128,8165,8078,13.670018196105955,sil,False
38,8155,8133,8157,8160,8176,8190,8193,8171,8217,8193,8148,8132,8155,8074,13.670018196105955,sil,False
39,8147,8127,8126,8145,8169,8180,8189,8177,8219,8177,8124,8120,8142,8074,13.685691118240356,sil,False
40,8160,8125,8130,8127,8160,8160,8171,8175,8210,8185,8147,8137,8161,8086,13.685691118240356,sil,False
41,8175,8131,8153,8128,8156,8158,8160,8178,8214,8197,8183,8165,8187,8095,13.701452255249023,sil,False
42,8170,8129,8126,8140,8154,8160,8160,8172,8217,8184,8181,8156,8179,8090,13.701452255249023,sil,False
43,8170,8134,8143,8130,8150,8160,8147,8168,8189,8158,8154,8161,8158,8082,13.716351985931396,sil,False
44,8172,8142,8129,8128,8161,8152,8139,8162,8177,8154,8160,8160,8161,8068,13.716351985931396,sil,False
45,8167,8146,8125,8124,8170,8138,8124,8152,8170,8147,8178,8155,8161,8061,13.732285022735596,sil,False
46,8176,8165,8164,8143,8180,8151,8128,8160,8173,8157,8189,8167,8168,8073,13.732285022735596,sil,False
47,8191,8187,8162,8179,8200,8170,8156,8159,8188,8177,8196,8167,8182,8081,13.747585773468018,sil,False
48,8179,8190,8171,8169,8195,8173,8152,8150,8165,8155,8175,8160,8160,8071,13.747585773468018,sil,False
49,8147,8175,8141,8152,8181,8166,8142,8150,8150,8142,8154,8128,8133,8051,13.763007164001465,sil,False
50,8148,8169,8136,8156,8193,8160,8145,8159,8159,8152,8153,8125,8127,8055,13.77808713912964,sil,False
51,8173,8183,8178,8173,8209,8183,8169,8173,8180,8175,8171,8155,8149,8086,13.77808713912964,sil,False
52,8165,8176,8157,8189,8197,8196,8191,8171,8200,8202,8182,8151,8173,8092,13.77808713912964,sil,False
53,8138,8153,8148,8167,8173,8173,8177,8170,8185,8188,8159,8139,8153,8077,13.793350219726562,sil,False
54,8128,8150,8129,8155,8172,8159,8172,8167,8178,8171,8142,8118,8133,8070,13.809123039245604,sil,False
55,8141,8152,8128,8160,8172,8164,8178,8161,8184,8171,8142,8123,8142,8076,13.809123039245604,sil,False
56,8153,8149,8154,8156,8172,8177,8184,8170,8187,8168,8143,8154,8149,8087,13.824326515197754,sil,False
57,8150,8138,8118,8144,8177,8173,8191,8172,8204,8172,8139,8138,8146,8086,13.824326515197754,sil,False
58,8154,8138,8126,8124,8169,8158,8172,8170,8206,8167,8132,8131,8140,8080,13.839834213256836,sil,False
59,8166,8147,8135,8136,8170,8162,8163,8170,8206,8171,8147,8142,8154,8081,13.839834213256836,sil,False
60,8175,8144,8136,8146,8176,8160,8169,8160,8210,8172,8167,8151,8166,8093,13.855475902557371,sil,False
61,8168,8149,8157,8135,8170,8157,8171,8157,8198,8162,8162,8153,8159,8088,13.855475902557371,sil,False
62,8146,8148,8117,8131,8170,8159,8174,8153,8184,8153,8148,8127,8156,8058,13.871212244033812,sil,False
63,8146,8144,8127,8120,8172,8151,8165,8154,8165,8129,8138,8136,8149,8053,13.871212244033812,sil,False
64,8163,8161,8152,8127,8174,8150,8167,8168,8173,8141,8159,8157,8160,8075,13.88645052909851,sil,False
65,8176,8175,8150,8145,8177,8151,8174,8170,8185,8166,8184,8163,8179,8090,13.88645052909851,sil,False
66,8180,8184,8175,8153,8180,8154,8172,8174,8181,8159,8184,8181,8184,8099,13.902110815048218,sil,False
67,8184,8190,8159,8167,8182,8154,8174,8167,8190,8159,8189,8179,8191,8102,13.902110815048218,sil,False
68,8196,8194,8179,8165,8176,8153,8159,8156,8179,8155,8188,8190,8186,8109,13.918096780776978,sil,False
69,8205,8198,8193,8165,8181,8161,8158,8162,8176,8159,8194,8205,8182,8118,13.918096780776978,sil,False
70,8206,8201,8177,8174,8197,8161,8163,8165,8178,8157,8203,8195,8182,8111,13.93323540687561,sil,False
71,8206,8214,8202,8180,8203,8171,8157,8166,8164,8138,8193,8187,8168,8100,13.93323540687561,sil,False
72,8201,8222,8191,8203,8208,8175,8162,8160,8174,8160,8194,8177,8169,8099,13.949326753616331,sil,False
73,8208,8227,8204,8218,8213,8170,8150,8157,8181,8193,8211,8193,8183,8115,13.949326753616331,sil,False
74,8211,8229,8212,8220,8216,8179,8138,8161,8179,8189,8211,8196,8187,8114,13.964505195617676,sil,False
75,8181,8205,8168,8204,8204,8173,8151,8147,8172,8160,8183,8161,8164,8082,13.964505195617676,sil,False
76,8148,8180,8167,8172,8178,8166,8163,8146,8152,8144,8157,8150,8137,8069,13.980021715164185,sil,False
77,8138,8172,8139,8175,8178,8181,8176,8156,8150,8159,8157,8138,8137,8073,13.980021715164185,sil,False
78,8142,8174,8138,8173,8188,8182,8169,8157,8144,8147,8153,8133,8131,8069,13.996134042739868,sil,False
79,8140,8185,8153,8174,8191,8171,8161,8159,8146,8125,8144,8133,8121,8064,13.996134042739868,sil,False
80,8150,8186,8141,8199,8198,8170,8171,8161,8167,8155,8148,8131,8136,8080,14.011694431304932,sil,False
81,8177,8181,8178,8201,8198,8182,8176,8173,8177,8189,8165,8153,8158,8114,14.011694431304932,sil,False
82,8177,8176,8160,8200,8194,8189,8184,8176,8185,8184,8160,8145,8163,8119,14.02731227874756,sil,False
83,8163,8165,8136,8190,8187,8174,8178,8172,8181,8158,8129,8138,8146,8106,14.02731227874756,sil,False
84,8161,8161,8146,8170,8180,8169,8174,8179,8189,8178,8152,8159,8167,8115,14.042693614959717,sil,False
85,8160,8156,8118,8160,8175,8167,8172,8171,8200,8202,8197,8159,8203,8124,14.042693614959717,sil,False
86,8161,8163,8134,8153,8174,8161,8150,8164,8178,8173,8174,8166,8183,8118,14.064991474151611,sil,False
87,8171,8186,8142,8180,8191,8167,8145,8167,8183,8176,8167,8173,8180,8111,14.064991474151611,sil,False
88,8194,8197,8159,8199,8200,8166,8148,8166,8204,8190,8217,8194,8216,8119,14.064991474151611,sil,False
89,8202,8190,8186,8198,8194,8163,8149,8168,8200,8171,8240,8218,8222,8125,14.07407522201538,sil,False
90,8186,8184,8155,8206,8195,8159,8154,8162,8188,8166,8217,8201,8204,8111,14.089153289794922,sil,False
91,8176,8206,8164,8206,8202,8162,8152,8158,8166,8161,8200,8197,8189,8097,14.089153289794922,sil,False
92,8171,8219,8161,8217,8209,8177,8163,8157,8163,8154,8207,8191,8185,8085,14.104606866836548,sil,False
93,8170,8203,8161,8218,8202,8168,8168,8153,8161,8154,8206,8179,8181,8080,14.104606866836548,sil,False
94,8171,8204,8191,8215,8197,8157,8170,8162,8148,8158,8191,8182,8178,8085,14.120215654373167,please,True
95,8169,8211,8176,8234,8205,8171,8181,8163,8152,8159,8191,8174,8176,8090,14.120215654373167,please,True
96,8175,8213,8193,8238,8204,8188,8179,8163,8147,8137,8174,8179,8163,8101,14.135359287261965,please,True
97,8182,8208,8183,8228,8200,8183,8183,8169,8150,8146,8155,8171,8172,8114,14.135359287261965,please,True
98,8188,8185,8165,8224,8195,8167,8181,8165,8161,8176,8164,8166,8194,8132,14.151612043380736,please,True
99,8189,8178,8193,8231,8186,8177,8164,8160,8165,8178,8168,8177,8194,8142,14.151612043380736,please,True
100,8186,8189,8178,8245,8190,8182,8159,8158,8170,8172,8163,8165,8191,8135,14.167102813720703,please,True
101,8183,8192,8184,8237,8199,8172,8158,8167,8142,8160,8155,8171,8183,8131,14.167102813720703,please,True
102,8175,8185,8180,8229,8195,8187,8172,8179,8131,8170,8156,8170,8186,8129,14.18228244781494,please,True
103,8171,8168,8153,8211,8180,8192,8180,8175,8145,8179,8155,8162,8187,8124,14.18228244781494,please,True
104,8166,8163,8161,8186,8175,8178,8172,8175,8129,8157,8140,8171,8172,8121,14.197619915008543,please,True
105,8146,8159,8130,8184,8184,8177,8177,8182,8120,8165,8137,8152,8176,8111,14.197619915008543,please,True
106,8133,8149,8129,8165,8180,8187,8176,8185,8124,8182,8139,8145,8186,8109,14.212804317474363,please,True
107,8136,8151,8137,8158,8177,8182,8174,8181,8125,8178,8144,8150,8181,8113,14.212804317474363,please,True
108,8144,8152,8134,8166,8182,8162,8164,8164,8109,8159,8145,8145,8170,8100,14.228536367416382,please,True
109,8149,8155,8170,8163,8176,8167,8143,8164,8088,8142,8146,8155,8163,8089,14.228536367416382,please,True
110,8148,8165,8157,8178,8181,8178,8148,8167,8088,8158,8162,8154,8176,8093,14.244376182556152,please,True
111,8145,8165,8167,8174,8186,8172,8149,8159,8074,8157,8157,8151,8175,8101,14.244376182556152,please,True
112,8138,8151,8176,8160,8182,8186,8154,8163,8069,8148,8131,8138,8162,8104,14.25980544090271,please,True
113,8144,8154,8150,8173,8186,8205,8176,8174,8094,8166,8119,8125,8164,8109,14.25980544090271,please,True
114,8170,8183,8182,8186,8201,8211,8189,8194,8129,8205,8134,8156,8183,8138,14.275032758712769,please,True
115,8180,8184,8172,8183,8206,8205,8191,8198,8165,8241,8160,8166,8208,8151,14.275032758712769,please,True
116,8175,8164,8158,8152,8189,8186,8167,8185,8164,8218,8157,8160,8196,8133,14.291197776794434,please,True
117,8170,8171,8157,8134,8182,8180,8158,8193,8157,8184,8150,8162,8179,8117,14.291197776794434,please,True
118,8157,8168,8134,8136,8182,8175,8169,8192,8157,8180,8164,8149,8177,8106,14.306432485580444,please,True
119,8148,8168,8162,8128,8176,8169,8166,8180,8136,8170,8159,8136,8155,8094,14.306432485580444,please,True
120,8134,8171,8146,8136,8185,8179,8176,8169,8122,8163,8126,8097,8127,8080,14.322008848190308,please,True
121,8123,8155,8127,8133,8184,8187,8188,8169,8122,8168,8094,8088,8124,8083,14.337990522384644,please,True
122,8125,8142,8133,8122,8166,8190,8197,8186,8150,8197,8107,8116,8152,8110,14.337990522384644,please,True
123,8133,8139,8113,8113,8153,8181,8196,8187,8177,8206,8136,8118,8171,8121,14.337990522384644,please,True
124,8140,8142,8134,8087,8148,8172,8176,8178,8162,8170,8121,8121,8156,8113,14.354093074798584,please,True
125,8139,8139,8124,8086,8155,8175,8179,8178,8161,8163,8104,8119,8156,8111,14.354093074798584,please,True
126,8144,8139,8132,8097,8160,8166,8173,8177,8169,8181,8126,8131,8169,8122,14.370118618011476,please,True
127,8151,8167,8170,8112,8168,8173,8165,8176,8165,8199,8172,8154,8179,8126,14.370118618011476,please,True
237,8156,8189,8152,8138,8187,8187,8178,8165,8161,8204,8188,8145,8182,8116,14.385712385177612,please,True
0,8160,8187,8167,8140,8192,8178,8173,8165,8141,8178,8172,8148,8170,8114,14.385712385177612,please,True
1,8155,8180,8169,8141,8180,8167,8164,8176,8147,8177,8177,8148,8176,8114,14.40110993385315,please,True
2,8149,8181,8162,8143,8177,8167,8162,8173,8165,8187,8181,8140,8174,8109,14.40110993385315,please,True
3,8132,8182,8167,8139,8184,8189,8170,8173,8161,8180,8165,8132,8148,8097,14.416451454162598,please,True
4,8118,8169,8133,8145,8186,8204,8195,8175,8163,8192,8165,8106,8146,8085,14.432068586349487,please,True
5,8123,8158,8151,8140,8179,8211,8199,8179,8160,8198,8162,8108,8152,8091,14.432068586349487,please,True
6,8125,8157,8151,8141,8180,8221,8201,8177,8165,8199,8151,8112,8150,8098,14.447097063064575,please,True
7,8124,8151,8130,8136,8176,8213,8198,8168,8163,8194,8137,8107,8145,8101,14.447097063064575,please,True
8,8126,8148,8151,8119,8166,8206,8190,8174,8159,8187,8129,8116,8144,8112,14.462361335754396,please,True
9,8127,8143,8130,8115,8161,8205,8201,8179,8190,8204,8144,8113,8156,8120,14.462361335754396,please,True
10,8135,8143,8144,8110,8157,8197,8209,8183,8199,8203,8142,8128,8157,8122,14.47835659980774,please,True
11,8147,8153,8154,8118,8163,8197,8213,8178,8189,8199,8142,8140,8160,8123,14.47835659980774,please,True
12,8160,8151,8136,8120,8168,8189,8204,8165,8184,8208,8167,8142,8169,8132,14.4940083026886,please,True
13,8164,8154,8156,8108,8159,8179,8191,8173,8173,8202,8170,8157,8171,8146,14.4940083026886,please,True
14,8154,8155,8138,8114,8158,8174,8192,8172,8175,8203,8159,8150,8178,8145,14.509047746658323,please,True
15,8159,8148,8148,8112,8162,8162,8175,8155,8175,8191,8167,8158,8184,8147,14.509047746658323,please,True
16,8171,8158,8154,8122,8170,8150,8160,8155,8175,8173,8191,8164,8186,8136,14.524182081222534,please,True
17,8162,8176,8140,8147,8177,8151,8159,8160,8172,8164,8185,8145,8163,8100,14.524182081222534,please,True
18,8136,8176,8155,8143,8171,8171,8160,8167,8159,8162,8158,8128,8128,8085,14.540271759033203,please,True
19,8112,8153,8115,8135,8167,8180,8176,8165,8160,8173,8154,8092,8120,8084,14.540271759033203,please,True
20,8121,8157,8128,8144,8173,8175,8183,8164,8156,8167,8153,8095,8118,8083,14.556334018707275,please,True
21,8141,8186,8165,8170,8186,8189,8190,8173,8161,8172,8159,8118,8125,8094,14.556334018707275,please,True
22,8137,8184,8146,8176,8185,8189,8192,8166,8171,8187,8170,8114,8139,8109,14.572553873062134,please,True
23,8141,8173,8159,8159,8177,8178,8189,8167,8162,8179,8163,8127,8135,8119,14.572553873062134,please,True
24,8152,8168,8146,8167,8179,8183,8205,8174,8174,8186,8161,8130,8139,8126,14.588577508926392,please,True
25,8156,8159,8148,8157,8167,8178,8193,8169,8181,8201,8173,8140,8151,8138,14.588577508926392,please,True
26,8164,8163,8161,8146,8159,8168,8174,8169,8181,8216,8185,8156,8161,8146,14.60417127609253,sil,False
27,8179,8168,8148,8165,8172,8161,8184,8167,8186,8218,8192,8162,8167,8151,14.60417127609253,sil,False
28,8190,8174,8180,8168,8177,8164,8192,8180,8184,8204,8203,8186,8176,8165,14.62026309967041,sil,False
29,8180,8176,8158,8164,8173,8170,8194,8187,8200,8221,8215,8179,8196,8162,14.62026309967041,sil,False
30,8157,8157,8130,8139,8161,8154,8180,8170,8193,8220,8196,8155,8181,8140,14.635034799575806,sil,False
31,8144,8144,8140,8118,8150,8148,8176,8169,8181,8184,8181,8151,8162,8122,14.635034799575806,sil,False
32,8150,8152,8130,8129,8150,8149,8174,8174,8193,8172,8197,8150,8177,8113,14.651560306549072,sil,False
33,8164,8174,8159,8136,8147,8149,8152,8169,8181,8165,8199,8164,8177,8117,14.651560306549072,sil,False
34,8165,8192,8156,8149,8151,8149,8161,8158,8164,8154,8192,8159,8163,8113,14.667155027389526,sil,False
35,8171,8194,8161,8161,8160,8139,8176,8156,8158,8149,8189,8161,8156,8110,14.667155027389526,sil,False
36,8170,8191,8183,8169,8159,8151,8176,8167,8160,8165,8185,8167,8162,8121,14.682385683059692,sil,False
37,8157,8178,8152,8169,8161,8168,8188,8161,8168,8179,8179,8141,8168,8123,14.682385683059692,sil,False
38,8162,8176,8167,8156,8168,8170,8190,8159,8164,8161,8155,8144,8155,8122,14.697978973388672,sil,False
39,8175,8186,8174,8181,8176,8178,8192,8174,8183,8181,8156,8157,8165,8137,14.697978973388672,sil,False
40,8189,8183,8174,8201,8175,8183,8189,8182,8206,8212,8182,8159,8188,8162,14.714031219482422,sil,False
41,8201,8186,8194,8187,8175,8182,8194,8186,8224,8213,8193,8173,8197,8179,14.714031219482422,sil,False
42,8209,8185,8167,8182,8177,8171,8202,8176,8244,8220,8204,8183,8213,8182,14.729249000549316,sil,False
43,8206,8186,8182,8176,8171,8157,8173,8165,8214,8204,8212,8198,8215,8169,14.729249000549316,sil,False
44,8190,8196,8180,8177,8171,8150,8155,8159,8176,8172,8205,8173,8191,8138,14.74452781677246,sil,False
45,8175,8194,8160,8178,8174,8157,8165,8152,8172,8154,8177,8133,8158,8120,14.74452781677246,sil,False
46,8162,8185,8173,8168,8169,8187,8181,8167,8183,8157,8159,8128,8143,8118,14.760130882263184,sil,False
47,8151,8172,8144,8168,8171,8201,8204,8177,8199,8177,8163,8117,8156,8116,14.760130882263184,sil,False
48,8153,8170,8149,8161,8172,8189,8213,8176,8209,8184,8159,8118,8161,8133,14.775766849517822,sil,False
49,8152,8170,8139,8154,8168,8180,8215,8183,8239,8204,8166,8123,8167,8153,14.775766849517822,sil,False
50,8158,8163,8123,8141,8157,8166,8202,8181,8246,8212,8182,8136,8181,8154,14.791074991226196,sil,False
51,8176,8172,8165,8130,8151,8157,8180,8180,8220,8194,8185,8164,8187,8155,14.791074991226196,sil,False
52,8187,8185,8153,8143,8155,8155,8170,8174,8229,8187,8189,8160,8189,8163,14.807034492492676,sil,False
53,8196,8191,8164,8139,8157,8151,8155,8169,8228,8175,8199,8176,8182,8167,14.807034492492676,sil,False
54,8207,8197,8189,8148,8162,8159,8163,8170,8206,8180,8213,8193,8189,8160,14.822337627410889,sil,False
55,8211,8207,8188,8178,8170,8158,8178,8163,8195,8189,8219,8185,8194,8150,14.822337627410889,sil,False
56,8206,8221,8209,8190,8177,8166,8176,8167,8198,8179,8224,8187,8178,8153,14.837390422821043,sil,False
57,8182,8210,8178,8189,8182,8187,8185,8165,8208,8188,8218,8163,8167,8146,14.837390422821043,sil,False
58,8168,8197,8177,8176,8180,8188,8194,8165,8201,8191,8194,8149,8158,8133,14.853490591049194,sil,False
59,8189,8217,8202,8200,8192,8195,8216,8179,8216,8196,8207,8164,8174,8147,14.853490591049194,sil,False
60,8198,8212,8179,8219,8193,8195,8227,8170,8232,8204,8214,8155,8180,8155,14.869694948196411,sil,False
61,8169,8173,8165,8170,8165,8183,8213,8166,8211,8180,8164,8133,8146,8136,14.869694948196411,sil,False
62,8152,8154,8136,8143,8165,8182,8222,8178,8229,8186,8150,8118,8148,8128,14.885268926620483,sil,False
63,8175,8162,8154,8154,8186,8187,8222,8184,8257,8212,8170,8141,8171,8150,14.885268926620483,sil,False
64,8189,8175,8171,8163,8185,8181,8207,8178,8250,8211,8175,8158,8171,8157,14.90042209625244,sil,False
65,8190,8173,8151,8166,8175,8162,8201,8167,8239,8201,8193,8156,8176,8149,14.90042209625244,sil,False
66,8213,8181,8194,8163,8172,8153,8192,8174,8238,8204,8216,8191,8197,8170,14.9161114692688,sil,False
67,8223,8203,8199,8175,8171,8146,8182,8173,8238,8204,8222,8202,8210,8182,14.9161114692688,sil,False
68,8217,8211,8193,8175,8162,8138,8163,8154,8200,8164,8215,8195,8190,8164,14.931139469146729,sil,False
69,8210,8207,8197,8171,8164,8148,8155,8155,8169,8140,8210,8197,8174,8150,14.931139469146729,sil,False
70,8203,8195,8178,8172,8173,8145,8162,8156,8173,8150,8203,8188,8176,8142,14.94647455215454,sil,False
71,8203,8202,8211,8169,8175,8144,8161,8152,8160,8145,8186,8188,8160,8138,14.94647455215454,sil,False
72,8199,8208,8196,8193,8181,8164,8166,8153,8152,8141,8182,8161,8147,8128,14.962067127227783,sil,False
73,8197,8201,8189,8207,8188,8174,8165,8158,8168,8142,8187,8151,8148,8122,14.962067127227783,sil,False
74,8197,8200,8217,8205,8188,8184,8187,8171,8200,8168,8186,8175,8158,8136,14.977209091186523,sil,False
75,8192,8192,8181,8215,8187,8197,8224,8172,8229,8206,8179,8162,8166,8147,14.977209091186523,sil,False
76,8191,8181,8182,8206,8182,8195,8216,8172,8215,8190,8165,8149,8153,8149,14.993370532989502,sil,False
77,8193,8172,8176,8195,8177,8181,8207,8171,8208,8170,8165,8150,8152,8148,15.008775234222412,sil,False
78,8205,8175,8176,8194,8169,8161,8209,8171,8221,8177,8167,8161,8162,8156,15.008775234222412,sil,False
79,8209,8185,8198,8192,8163,8158,8201,8181,8226,8171,8162,8166,8153,8160,15.008775234222412,sil,False
80,8199,8173,8164,8182,8165,8154,8192,8172,8219,8156,8160,8149,8150,8143,15.02435541152954,sil,False
81,8204,8170,8173,8166,8169,8135,8173,8168,8204,8152,8168,8168,8168,8143,15.02435541152954,sil,False
82,8217,8191,8187,8194,8178,8139,8173,8173,8217,8178,8196,8182,8189,8157,15.040474891662598,sil,False
83,8217,8198,8180,8214,8178,8153,8175,8164,8220,8179,8207,8174,8176,8148,15.040474891662598,sil,False
84,8209,8196,8182,8196,8162,8151,8159,8164,8202,8148,8192,8169,8153,8124,15.05612587928772,sil,False
85,8204,8200,8163,8218,8162,8141,8161,8162,8205,8148,8196,8154,8160,8115,15.05612587928772,sil,False
86,8203,8212,8201,8246,8173,8149,8165,8155,8191,8141,8204,8170,8156,8120,15.071348428726196,sil,False
87,8194,8215,8213,8250,8174,8169,8170,8160,8185,8141,8209,8181,8154,8120,15.071348428726196,sil,False
88,8192,8208,8197,8267,8165,8159,8172,8162,8193,8165,8217,8177,8163,8128,15.087421178817747,sil,False
89,8199,8214,8230,8303,8162,8156,8172,8166,8182,8164,8214,8190,8157,8140,15.087421178817747,sil,False
90,8202,8210,8221,8326,8171,8176,8189,8172,8188,8165,8218,8196,8159,8145,15.103491306304932,sil,False
91,8216,8202,8240,8320,8166,8188,8196,8182,8213,8181,8235,8226,8182,8168,15.103491306304932,sil,False
92,8230,8208,8250,8331,8155,8189,8201,8192,8247,8206,8257,8250,8210,8185,15.1186625957489,sil,False
93,8232,8201,8225,8331,8152,8172,8196,8182,8257,8208,8267,8247,8219,8186,15.1186625957489,sil,False
94,8242,8195,8255,8310,8150,8160,8177,8179,8243,8193,8271,8270,8220,8203,15.134734392166138,sil,False
95,8255,8197,8246,8319,8156,8156,8173,8179,8254,8209,8286,8276,8234,8214,15.134734392166138,sil,False
96,8262,8202,8246,8311,8157,8139,8163,8169,8243,8210,8285,8272,8234,8200,15.150360107421877,sil,False
97,8259,8216,8248,8295,8152,8135,8167,8167,8227,8196,8282,8267,8232,8187,15.150360107421877,sil,False
98,8250,8218,8223,8289,8157,8143,8178,8170,8232,8189,8288,8244,8231,8182,15.166634559631348,sil,False
99,8242,8215,8243,8277,8172,8159,8173,8173,8224,8189,8284,8237,8215,8174,15.166634559631348,sil,False
100,8229,8218,8220,8288,8185,8175,8179,8166,8222,8201,8277,8221,8209,8157,15.182028770446776,sil,False
101,8214,8209,8207,8274,8180,8167,8173,8160,8218,8188,8256,8204,8192,8144,15.182028770446776,sil,False
102,8198,8196,8209,8247,8178,8166,8174,8167,8224,8183,8236,8187,8176,8143,15.196551322937012,sil,False
103,8193,8193,8189,8254,8190,8182,8193,8166,8242,8211,8232,8172,8190,8147,15.196551322937012,sil,False
104,8192,8195,8207,8253,8191,8194,8201,8175,8245,8215,8220,8179,8193,8156,15.212754487991331,sil,False
105,8177,8176,8179,8234,8186,8187,8205,8180,8247,8205,8206,8154,8182,8148,15.228428602218628,sil,False
106,8175,8157,8171,8211,8175,8174,8195,8175,8245,8199,8193,8147,8173,8142,15.229427337646484,sil,False
107,8193,8170,8197,8221,8178,8182,8194,8189,8261,8217,8199,8174,8189,8167,15.229427337646484,sil,False
108,8206,8174,8177,8236,8186,8182,8211,8197,8292,8247,8226,8177,8217,8187,15.243095874786375,sil,False
109,8204,8165,8181,8206,8177,8174,8209,8198,8290,8242,8227,8178,8216,8181,15.258306980133057,sil,False
110,8192,8161,8161,8186,8173,8167,8204,8190,8273,8229,8216,8172,8212,8167,15.258306980133057,sil,False
111,8198,8159,8157,8179,8170,8153,8188,8173,8247,8209,8214,8180,8208,8162,15.273545742034912,sil,False
112,8208,8176,8182,8181,8171,8160,8177,8168,8226,8182,8215,8191,8192,8158,15.273545742034912,sil,False
113,8198,8188,8164,8191,8177,8164,8186,8167,8229,8175,8214,8170,8184,8142,15.289397716522217,sil,False
114,8183,8183,8180,8178,8176,8156,8177,8166,8220,8163,8195,8161,8174,8127,15.289397716522217,sil,False
115,8170,8174,8162,8172,8178,8168,8178,8168,8220,8166,8182,8140,8168,8113,15.305434703826904,sil,False
116,8156,8164,8142,8171,8180,8176,8186,8168,8223,8176,8179,8127,8156,8110,15.305434703826904,sil,False
117,8147,8163,8165,8166,8175,8172,8184,8168,8215,8170,8163,8133,8143,8113,15.3204448223114,sil,False
118,8149,8158,8145,8175,8178,8174,8195,8163,8226,8176,8148,8113,8141,8114,15.3204448223114,sil,False
119,8155,8157,8156,8170,8179,8184,8204,8176,8236,8196,8151,8115,8147,8126,15.335809707641602,sil,False
120,8142,8148,8141,8153,8168,8185,8204,8189,8246,8217,8166,8122,8156,8129,15.335809707641602,sil,False
121,8131,8134,8116,8140,8158,8175,8189,8171,8250,8201,8158,8111,8145,8116,15.351183891296388,sil,False
122,8142,8151,8144,8144,8165,8182,8186,8170,8250,8185,8150,8118,8143,8123,15.351183891296388,sil,False
123,8151,8161,8132,8146,8174,8177,8195,8180,8257,8204,8173,8120,8172,8135,15.366932153701782,sil,False
124,8153,8148,8133,8120,8169,8158,8175,8179,8240,8197,8180,8132,8177,8129,15.366932153701782,sil,False
125,8151,8149,8126,8123,8171,8158,8167,8174,8237,8180,8184,8135,8168,8114,15.382028341293337,sil,False
126,8161,8172,8138,8148,8176,8153,8171,8170,8239,8171,8199,8137,8166,8115,15.382028341293337,sil,False
127,8180,8190,8190,8159,8178,8151,8171,8180,8221,8160,8204,8154,8161,8127,15.39810347557068,sil,False
237,8171,8180,8163,8165,8186,8165,8185,8175,8220,8168,8194,8133,8153,8122,15.39810347557068,sil,False
0,8150,8170,8164,8152,8183,8172,8189,8162,8215,8161,8165,8118,8128,8119,15.413700342178345,sil,False
1,8148,8164,8172,8153,8176,8177,8201,8171,8227,8166,8159,8117,8124,8130,15.413700342178345,sil,False
2,8156,8144,8144,8155,8173,8174,8214,8172,8242,8183,8161,8112,8139,8132,15.42961883544922,sil,False
3,8159,8136,8158,8127,8161,8166,8202,8172,8233,8179,8147,8120,8135,8133,15.42961883544922,sil,False
4,8165,8139,8144,8126,8154,8157,8190,8173,8243,8190,8159,8118,8145,8138,15.445251226425173,sil,False
5,8175,8141,8152,8134,8157,8142,8171,8170,8258,8190,8183,8132,8161,8143,15.445251226425173,sil,False
6,8174,8150,8153,8134,8164,8142,8164,8169,8262,8175,8179,8144,8163,8133,15.46123719215393,sil,False
7,8179,8163,8137,8136,8170,8144,8155,8161,8245,8165,8172,8147,8162,8122,15.46123719215393,sil,False
8,8187,8179,8176,8138,8175,8152,8136,8165,8214,8158,8185,8163,8164,8123,15.476476669311523,sil,False
9,8183,8182,8163,8157,8185,8163,8147,8163,8214,8167,8198,8148,8172,8115,15.476476669311523,sil,False
10,8186,8177,8160,8150,8183,8158,8158,8156,8213,8153,8183,8145,8162,8108,15.492121696472168,sil,False
11,8187,8178,8177,8136,8179,8161,8164,8165,8214,8153,8177,8151,8153,8113,15.492121696472168,sil,False
12,8181,8178,8161,8151,8187,8158,8174,8170,8230,8185,8196,8138,8164,8117,15.508048057556152,sil,False
13,8186,8186,8186,8157,8191,8158,8169,8175,8228,8181,8194,8152,8159,8121,15.508048057556152,sil,False
14,8175,8185,8170,8170,8188,8183,8176,8170,8231,8170,8173,8140,8143,8113,15.52303433418274,sil,False
15,8159,8169,8151,8167,8175,8192,8183,8167,8234,8180,8152,8117,8129,8110,15.52303433418274,sil,False
16,8164,8173,8155,8147,8170,8183,8185,8175,8236,8198,8150,8125,8137,8125,15.538543462753296,sil,False
17,8175,8176,8140,8148,8179,8180,8189,8163,8229,8194,8156,8130,8154,8131,15.538543462753296,sil,False
18,8163,8167,8160,8147,8172,8179,8181,8157,8191,8166,8143,8131,8141,8117,15.55414652824402,sil,False
19,8149,8159,8141,8146,8165,8170,8184,8163,8188,8179,8141,8117,8138,8111,15.55414652824402,sil,False
20,8161,8154,8136,8136,8168,8167,8190,8167,8221,8196,8156,8130,8158,8129,15.570213794708252,sil,False
21,8175,8161,8159,8135,8165,8176,8190,8184,8245,8187,8170,8159,8173,8144,15.570213794708252,sil,False
22,8176,8170,8134,8147,8162,8168,8182,8190,8260,8195,8177,8145,8176,8141,15.585734367370604,sil,False
23,8178,8175,8142,8139,8161,8160,8168,8188,8256,8195,8167,8140,8166,8132,15.585734367370604,sil,False
24,8174,8182,8125,8141,8166,8171,8178,8183,8248,8187,8165,8138,8165,8122,15.60144543647766,sil,False
25,8172,8186,8120,8144,8167,8167,8180,8172,8230,8177,8175,8139,8169,8120,15.60144543647766,sil,False
26,8176,8194,8152,8145,8168,8164,8164,8171,8219,8175,8189,8156,8172,8125,15.617345333099363,sil,False
27,8176,8190,8124,8150,8171,8158,8155,8173,8226,8177,8201,8150,8173,8120,15.617345333099363,sil,False
28,8185,8198,8142,8141,8169,8155,8149,8177,8226,8167,8203,8158,8169,8127,15.63305139541626,sil,False
29,8195,8219,8162,8161,8178,8172,8166,8182,8240,8186,8219,8162,8181,8141,15.63305139541626,sil,False
30,8190,8219,8157,8173,8182,8165,8164,8177,8237,8191,8222,8163,8180,8130,15.649126291275024,sil,False
31,8185,8217,8173,8164,8176,8152,8146,8174,8211,8162,8202,8170,8165,8119,15.649126291275024,sil,False
32,8186,8221,8152,8176,8183,8162,8154,8163,8207,8161,8201,8151,8170,8121,15.664791345596312,sil,False
33,8181,8220,8162,8171,8184,8165,8155,8152,8194,8153,8195,8151,8162,8124,15.664791345596312,sil,False
34,8168,8218,8157,8168,8177,8163,8162,8155,8188,8150,8181,8145,8148,8112,15.67958950996399,sil,False
35,8163,8205,8135,8171,8169,8168,8174,8156,8193,8161,8172,8124,8141,8099,15.67958950996399,sil,False
36,8157,8191,8150,8164,8167,8182,8174,8167,8196,8157,8159,8120,8134,8105,15.695308208465576,sil,False
37,8152,8190,8130,8171,8175,8184,8185,8179,8219,8166,8159,8109,8148,8113,15.695308208465576,sil,False
38,8170,8200,8152,8172,8180,8188,8191,8191,8234,8184,8168,8121,8159,8123,15.710345029830933,sil,False
39,8172,8196,8153,8169,8179,8194,8198,8194,8248,8193,8171,8127,8157,8127,15.710345029830933,sil,False
40,8149,8176,8112,8149,8168,8175,8193,8177,8247,8174,8159,8109,8150,8114,15.726053953170776,sil,False
41,8156,8181,8133,8132,8152,8168,8175,8174,8226,8167,8153,8117,8155,8115,15.726053953170776,sil,False
42,8177,8197,8135,8162,8163,8177,8183,8176,8236,8201,8177,8125,8178,8133,15.741140842437744,sil,False
43,8188,8203,8157,8178,8174,8170,8192,8175,8239,8207,8188,8147,8179,8150,15.741140842437744,sil,False
44,8190,8203,8166,8168,8171,8167,8195,8183,8233,8189,8185,8161,8175,8150,15.756596565246582,sil,False
45,8193,8197,8134,8159,8169,8164,8191,8185,8246,8192,8184,8153,8179,8146,15.756596565246582,sil,False
46,8204,8200,8166,8161,8174,8165,8182,8190,8254,8202,8186,8173,8184,8163,15.772457122802734,sil,False
47,8209,8204,8166,8176,8176,8172,8190,8191,8263,8213,8199,8178,8191,8164,15.772457122802734,sil,False
48,8207,8198,8157,8161,8167,8159,8174,8179,8251,8190,8188,8173,8170,8146,15.78799319267273,sil,False
49,8187,8183,8148,8141,8165,8152,8156,8176,8234,8166,8161,8165,8151,8136,15.78799319267273,sil,False
50,8171,8169,8122,8137,8170,8156,8164,8175,8239,8173,8162,8155,8160,8133,15.803109884262083,sil,False
51,8174,8178,8152,8132,8160,8151,8163,8185,8235,8164,8169,8176,8158,8127,15.820138216018677,sil,False
52,8177,8184,8146,8142,8156,8141,8164,8188,8231,8159,8166,8177,8160,8117,15.820138216018677,sil,False
53,8176,8178,8142,8134,8158,8135,8156,8171,8216,8161,8159,8169,8161,8119,15.820138216018677,sil,False
54,8175,8183,8152,8125,8155,8142,8145,8165,8205,8155,8160,8170,8153,8119,15.834426641464232,sil,False
55,8181,8189,8142,8145,8157,8139,8145,8163,8211,8147,8170,8171,8155,8116,15.850020170211792,sil,False
56,8188,8200,8178,8157,8169,8144,8147,8169,8209,8151,8179,8192,8162,8127,15.850020170211792,sil,False
57,8195,8207,8165,8163,8181,8155,8157,8170,8218,8182,8188,8187,8178,8135,15.865651369094849,sil,False
58,8202,8198,8150,8150,8174,8143,8143,8164,8208,8161,8189,8180,8177,8130,15.865651369094849,sil,False
59,8193,8198,8170,8138,8170,8150,8137,8166,8196,8130,8180,8183,8162,8122,15.881375551223757,sil,False
60,8179,8204,8155,8161,8181,8164,8157,8162,8212,8166,8177,8169,8159,8115,15.881988525390623,sil,False
61,8184,8205,8175,8167,8180,8159,8149,8163,8202,8172,8172,8176,8151,8114,15.896146535873411,sil,False
62,8186,8201,8167,8164,8180,8156,8144,8166,8191,8149,8175,8177,8148,8111,15.896146535873411,sil,False
63,8180,8194,8158,8159,8181,8153,8151,8162,8186,8148,8167,8169,8145,8110,15.911240816116331,sil,False
64,8177,8199,8184,8159,8179,8156,8157,8166,8175,8153,8152,8168,8135,8112,15.911240816116331,sil,False
65,8175,8196,8161,8170,8184,8158,8162,8163,8173,8151,8153,8155,8134,8105,15.927356243133543,sil,False
66,8173,8182,8168,8158,8178,8156,8164,8164,8164,8137,8143,8158,8130,8104,15.927356243133543,sil,False
67,8156,8169,8151,8145,8163,8171,8183,8174,8176,8143,8125,8135,8117,8100,15.942492246627808,sil,False
68,8140,8160,8132,8139,8162,8185,8189,8167,8196,8149,8117,8110,8101,8087,15.942492246627808,sil,False
69,8148,8175,8163,8150,8179,8192,8182,8170,8198,8148,8129,8136,8110,8094,15.958618879318236,sil,False
70,8163,8189,8150,8181,8192,8186,8183,8175,8202,8166,8153,8153,8135,8112,15.958618879318236,sil,False
71,8176,8188,8176,8184,8185,8177,8170,8179,8201,8182,8157,8167,8137,8126,15.974070072174072,sil,False
72,8175,8180,8180,8183,8179,8178,8165,8182,8211,8194,8162,8174,8149,8126,15.974070072174072,sil,False
73,8168,8173,8143,8171,8178,8164,8167,8175,8212,8179,8170,8171,8158,8121,15.989760637283323,sil,False
74,8169,8177,8152,8147,8173,8159,8156,8175,8201,8166,8162,8175,8145,8124,15.989760637283323,sil,False
75,8174,8172,8145,8155,8180,8166,8159,8173,8207,8191,8163,8162,8151,8124,16.00514054298401,sil,False
76,8172,8175,8165,8165,8188,8166,8165,8177,8210,8192,8164,8174,8156,8125,16.00514054298401,sil,False
77,8156,8182,8157,8167,8186,8164,8169,8189,8226,8184,8164,8181,8155,8119,16.021190404891968,sil,False
78,8151,8168,8126,8150,8175,8144,8157,8181,8225,8176,8162,8170,8154,8105,16.021190404891968,sil,False
79,8155,8165,8156,8132,8172,8144,8141,8173,8206,8165,8164,8183,8158,8109,16.03646993637085,sil,False
80,8155,8181,8149,8161,8182,8160,8153,8170,8221,8184,8185,8184,8183,8120,16.03646993637085,sil,False
81,8165,8184,8157,8173,8176,8145,8152,8171,8217,8184,8184,8191,8188,8119,16.05217957496643,sil,False
82,8169,8182,8166,8163,8171,8131,8150,8175,8194,8168,8179,8196,8180,8113,16.05217957496643,sil,False
83,8169,8177,8151,8161,8173,8133,8150,8166,8188,8157,8190,8190,8185,8115,16.07370924949646,sil,False
84,8181,8185,8181,8167,8166,8135,8133,8168,8184,8145,8188,8208,8184,8121,16.07370924949646,sil,False
85,8185,8204,8173,8191,8173,8137,8142,8177,8197,8170,8193,8206,8183,8116,16.07370924949646,sil,False
86,8189,8215,8191,8197,8181,8142,8148,8174,8201,8185,8206,8211,8188,8121,16.083529233932495,sil,False
87,8189,8216,8208,8196,8177,8152,8137,8167,8188,8169,8208,8213,8190,8127,16.099047899246216,sil,False
88,8175,8203,8167,8203,8174,8142,8130,8154,8173,8154,8185,8182,8171,8112,16.099047899246216,sil,False
89,8162,8201,8174,8195,8177,8144,8133,8159,8157,8144,8158,8168,8142,8097,16.11423420906067,sil,False
90,8155,8201,8161,8195,8171,8158,8153,8161,8168,8148,8159,8151,8139,8090,16.11423420906067,sil,False
91,8144,8188,8154,8191,8155,8155,8155,8162,8172,8149,8154,8146,8137,8093,16.13028883934021,sil,False
92,8136,8180,8157,8188,8156,8164,8165,8176,8174,8168,8145,8154,8142,8105,16.13028883934021,sil,False
93,8134,8170,8131,8186,8159,8170,8180,8172,8183,8184,8148,8145,8153,8103,16.14596939086914,sil,False
94,8136,8168,8158,8175,8146,8161,8170,8163,8160,8151,8136,8144,8138,8096,16.14596939086914,sil,False
95,8133,8166,8141,8186,8146,8162,8169,8159,8148,8139,8124,8133,8134,8100,16.161653995513916,sil,False
96,8139,8152,8128,8181,8147,8160,8163,8161,8142,8150,8124,8140,8141,8110,16.161653995513916,sil,False
97,8159,8156,8164,8187,8144,8161,8161,8168,8132,8151,8138,8167,8146,8117,16.177243947982788,sil,False
98,8175,8171,8162,8213,8151,8169,8169,8161,8154,8158,8158,8176,8160,8127,16.177243947982788,sil,False
99,8179,8173,8186,8199,8144,8164,8152,8164,8175,8178,8170,8197,8174,8148,16.19236922264099,sil,False
100,8182,8167,8184,8203,8141,8150,8143,8170,8184,8203,8187,8209,8193,8151,16.19236922264099,sil,False
101,8201,8171,8188,8235,8149,8138,8139,8160,8171,8185,8196,8222,8198,8142,16.207823991775513,sil,False
102,8205,8188,8215,8241,8134,8132,8125,8159,8148,8141,8190,8239,8190,8144,16.207823991775513,sil,False
103,8195,8181,8193,8247,8121,8124,8118,8159,8140,8132,8189,8230,8195,8144,16.22316861152649,please,True
104,8208,8181,8225,8268,8134,8129,8123,8166,8139,8128,8205,8256,8204,8150,16.22316861152649,please,True
105,8231,8200,8241,8292,8146,8142,8136,8179,8161,8133,8245,8289,8223,8159,16.238348960876465,please,True
106,8237,8203,8233,8297,8129,8121,8120,8168,8153,8137,8255,8292,8230,8160,16.238348960876465,please,True
107,8221,8199,8249,8298,8116,8105,8097,8149,8111,8110,8225,8288,8210,8151,16.253146409988403,please,True
108,8216,8199,8229,8313,8132,8113,8107,8145,8097,8087,8220,8276,8195,8140,16.26875615119934,please,True
109,8231,8204,8249,8309,8134,8118,8099,8151,8085,8074,8233,8292,8193,8141,16.26875615119934,please,True
110,8223,8210,8250,8314,8122,8118,8087,8143,8073,8079,8240,8289,8197,8134,16.26875615119934,please,True
111,8209,8205,8230,8322,8125,8123,8098,8133,8065,8089,8235,8272,8195,8130,16.284461498260498,please,True
112,8219,8203,8249,8318,8150,8157,8119,8157,8078,8107,8227,8275,8194,8148,16.284461498260498,please,True
113,8223,8202,8219,8329,8167,8178,8138,8167,8113,8139,8221,8249,8205,8152,16.299972534179688,please,True
114,8212,8199,8222,8313,8153,8160,8130,8159,8118,8138,8207,8235,8202,8147,16.31628179550171,please,True
115,8206,8189,8218,8280,8149,8160,8133,8169,8133,8139,8198,8228,8198,8147,16.31628179550171,please,True
116,8190,8163,8175,8254,8150,8166,8145,8173,8155,8141,8174,8197,8177,8132,16.31628179550171,please,True
117,8166,8147,8163,8230,8134,8162,8144,8176,8146,8130,8139,8169,8146,8114,16.33142328262329,please,True
118,8142,8129,8118,8207,8122,8159,8154,8172,8147,8135,8118,8137,8140,8100,16.34761381149292,please,True
119,8132,8110,8116,8163,8115,8150,8149,8156,8132,8122,8095,8135,8126,8092,16.34761381149292,please,True
120,8134,8111,8124,8148,8113,8137,8137,8155,8108,8111,8090,8149,8124,8101,16.34761381149292,please,True
121,8143,8116,8111,8167,8117,8131,8132,8165,8123,8129,8107,8155,8152,8119,16.363933801651,please,True
122,8150,8123,8140,8154,8115,8139,8121,8171,8146,8129,8107,8164,8160,8124,16.363933801651,please,True
123,8145,8126,8121,8131,8112,8125,8112,8158,8150,8111,8106,8145,8151,8105,16.37808108329773,please,True
124,8146,8126,8125,8123,8115,8107,8097,8156,8136,8099,8110,8151,8144,8096,16.393698930740356,please,True
125,8148,8137,8143,8134,8124,8131,8108,8171,8149,8116,8106,8160,8144,8107,16.393698930740356,please,True
126,8153,8138,8118,8126,8129,8140,8128,8164,8169,8134,8103,8143,8150,8114,16.40950584411621,please,True
127,8164,8144,8142,8108,8137,8126,8121,8165,8165,8135,8113,8164,8159,8119,16.40950584411621,please,True
237,8160,8156,8135,8126,8150,8127,8118,8173,8172,8153,8138,8174,8170,8118,16.42437243461609,please,True
0,8145,8146,8127,8110,8141,8124,8107,8160,8152,8144,8126,8157,8150,8104,16.42437243461609,please,True
1,8123,8131,8125,8080,8125,8125,8110,8153,8127,8110,8090,8132,8117,8078,16.439613342285156,please,True
2,8114,8126,8098,8085,8125,8131,8128,8158,8140,8100,8087,8113,8108,8058,16.439613342285156,please,True
3,8120,8135,8122,8082,8117,8128,8122,8171,8143,8099,8098,8127,8104,8060,16.455203533172607,please,True
4,8118,8149,8113,8089,8119,8132,8128,8173,8145,8122,8111,8127,8114,8064,16.455203533172607,please,True
5,8123,8158,8114,8100,8134,8146,8135,8165,8147,8131,8128,8136,8126,8074,16.471231698989868,please,True
6,8134,8159,8143,8100,8142,8161,8136,8170,8147,8119,8134,8149,8125,8086,16.471231698989868,please,True
7,8122,8143,8120,8096,8140,8154,8141,8156,8137,8118,8111,8113,8108,8077,16.48715329170227,please,True
8,8112,8128,8131,8085,8130,8153,8142,8145,8121,8114,8076,8098,8083,8069,16.48715329170227,please,True
9,8115,8122,8123,8092,8130,8165,8155,8156,8143,8134,8084,8104,8092,8076,16.503180742263794,please,True
10,8116,8114,8113,8085,8128,8157,8155,8167,8167,8157,8097,8105,8103,8090,16.503180742263794,please,True
11,8114,8103,8114,8063,8120,8148,8134,8174,8169,8150,8084,8103,8101,8096,16.51927161216736,please,True
12,8110,8091,8080,8060,8120,8133,8118,8166,8177,8136,8094,8096,8114,8085,16.51927161216736,please,True
13,8110,8106,8114,8057,8118,8119,8099,8161,8165,8134,8126,8127,8129,8080,16.53440022468567,please,True
14,8111,8134,8129,8070,8125,8133,8109,8160,8161,8150,8147,8138,8141,8087,16.53440022468567,please,True
15,8112,8139,8122,8088,8140,8147,8124,8151,8163,8145,8132,8117,8131,8082,16.55000901222229,please,True
16,8101,8134,8140,8093,8145,8156,8128,8151,8148,8131,8109,8108,8110,8070,16.55000901222229,please,True
17,8086,8114,8102,8091,8134,8164,8141,8150,8146,8146,8101,8097,8110,8070,16.565613985061646,please,True
18,8093,8101,8106,8070,8118,8168,8145,8158,8154,8146,8087,8100,8110,8082,16.565613985061646,please,True
19,8103,8110,8106,8066,8122,8162,8156,8171,8173,8148,8090,8094,8114,8088,16.5815532207489,please,True
20,8106,8107,8088,8060,8118,8141,8149,8163,8174,8150,8096,8095,8119,8094,16.5815532207489,please,True
21,8113,8107,8113,8047,8103,8130,8118,8157,8156,8131,8085,8110,8111,8096,16.597214698791504,please,True
22,8115,8106,8094,8057,8108,8126,8111,8154,8166,8125,8088,8094,8111,8083,16.597214698791504,please,True
23,8113,8102,8103,8044,8110,8121,8106,8154,8166,8117,8095,8101,8116,8081,16.613338708877563,please,True
24,8113,8117,8115,8044,8112,8132,8106,8160,8164,8122,8106,8114,8126,8087,16.613338708877563,please,True
25,8115,8132,8105,8067,8120,8128,8105,8150,8163,8115,8108,8105,8120,8074,16.629406929016113,please,True
26,8114,8137,8124,8075,8124,8125,8097,8143,8147,8096,8103,8107,8109,8057,16.629406929016113,please,True
27,8116,8142,8110,8094,8138,8140,8105,8149,8160,8124,8122,8101,8129,8058,16.645071268081665,please,True
28,8126,8153,8127,8102,8147,8136,8105,8155,8160,8131,8131,8113,8141,8069,16.645071268081665,please,True
29,8122,8153,8126,8098,8137,8130,8100,8157,8137,8109,8126,8124,8138,8064,16.661176204681396,sil,False
30,8115,8137,8102,8097,8131,8138,8103,8152,8134,8115,8130,8114,8138,8054,16.661176204681396,sil,False
31,8121,8142,8140,8107,8142,8151,8115,8171,8160,8136,8140,8127,8143,8070,16.67820715904236,sil,False
32,8119,8148,8127,8129,8154,8151,8126,8185,8191,8155,8150,8124,8154,8080,16.67820715904236,sil,False
33,8112,8136,8122,8117,8142,8147,8114,8173,8173,8147,8144,8118,8152,8072,16.67820715904236,sil,False
34,8104,8130,8129,8103,8127,8148,8121,8162,8151,8143,8135,8113,8145,8076,16.692383289337158,sil,False
35,8105,8129,8109,8118,8130,8136,8123,8151,8144,8141,8132,8101,8137,8082,16.7084321975708,sil,False
36,8118,8138,8147,8127,8137,8140,8098,8155,8127,8125,8130,8113,8128,8084,16.7084321975708,sil,False
37,8114,8137,8133,8131,8136,8157,8110,8152,8131,8134,8128,8103,8137,8075,16.72402286529541,sil,False
38,8097,8114,8107,8106,8119,8143,8120,8144,8129,8130,8108,8090,8135,8062,16.72402286529541,sil,False
39,8085,8097,8100,8073,8110,8136,8118,8159,8135,8124,8099,8088,8126,8066,16.74006462097168,sil,False
40,8082,8092,8080,8085,8121,8150,8138,8168,8166,8156,8112,8076,8138,8074,16.74006462097168,sil,False
41,8088,8098,8112,8102,8128,8159,8149,8170,8171,8169,8111,8092,8148,8080,16.75574564933777,sil,False
42,8089,8095,8094,8091,8122,8146,8140,8174,8168,8157,8110,8089,8150,8078,16.75574564933777,sil,False
43,8095,8095,8084,8064,8111,8122,8120,8176,8173,8152,8123,8090,8154,8084,16.77115511894226,sil,False
44,8109,8124,8123,8077,8117,8124,8113,8180,8179,8158,8140,8122,8168,8094,16.77115511894226,sil,False
45,8118,8141,8112,8111,8129,8131,8116,8171,8177,8151,8148,8131,8173,8083,16.786336421966553,sil,False
46,8124,8139,8124,8094,8119,8131,8110,8166,8161,8131,8149,8135,8159,8079,16.786336421966553,sil,False
47,8122,8138,8117,8091,8124,8141,8121,8163,8162,8139,8158,8124,8159,8082,16.802371501922607,sil,False
48,8115,8141,8118,8107,8139,8147,8125,8150,8145,8140,8145,8110,8146,8078,16.802371501922607,sil,False
49,8111,8138,8140,8106,8126,8159,8123,8149,8116,8131,8120,8105,8123,8077,16.818413734436035,sil,False
50,8115,8119,8110,8107,8121,8169,8135,8146,8113,8138,8119,8093,8134,8081,16.818413734436035,sil,False
51,8121,8121,8123,8107,8137,8173,8137,8150,8115,8140,8118,8111,8149,8092,16.834222316741943,sil,False
52,8126,8143,8128,8111,8144,8168,8136,8165,8148,8163,8135,8129,8171,8107,16.834222316741943,sil,False
53,8136,8129,8120,8097,8130,8147,8120,8168,8183,8178,8165,8141,8193,8118,16.849414110183716,sil,False
54,8147,8120,8137,8098,8122,8142,8112,8168,8180,8168,8174,8155,8192,8109,16.849414110183716,sil,False
55,8142,8144,8123,8126,8127,8149,8131,8165,8175,8166,8172,8144,8180,8086,16.864572525024414,sil,False
56,8124,8153,8139,8112,8128,8148,8131,8168,8164,8156,8159,8140,8156,8074,16.864572525024414,sil,False
57,8103,8128,8120,8096,8135,8155,8129,8173,8157,8145,8135,8116,8132,8057,16.88015842437744,sil,False
58,8101,8126,8101,8117,8143,8159,8140,8170,8150,8141,8124,8096,8122,8051,16.88015842437744,sil,False
59,8119,8140,8146,8134,8145,8167,8153,8175,8148,8151,8142,8122,8133,8076,16.89534592628479,sil,False
60,8121,8093,8129,8130,8126,8171,8159,8163,8143,8161,8140,8110,8133,8082,16.89534592628479,sil,False
61,8108,8063,8119,8095,8106,8158,8145,8157,8115,8141,8105,8096,8112,8075,16.9114408493042,sil,False
62,8098,8109,8116,8078,8113,8157,8148,8171,8120,8143,8110,8105,8123,8089,16.9114408493042,sil,False
63,8106,8117,8099,8090,8104,8164,8159,8171,8150,8165,8129,8107,8136,8101,16.927204370498657,sil,False
64,8114,8085,8122,8116,8095,8166,8152,8175,8159,8173,8120,8121,8130,8103,16.927204370498657,sil,False
65,8119,8078,8113,8137,8119,8156,8152,8171,8168,8188,8132,8130,8142,8107,16.942480087280273,sil,False
66,8146,8083,8134,8111,8126,8147,8145,8163,8165,8179,8147,8152,8146,8119,16.942480087280273,sil,False
67,8159,8080,8146,8101,8117,8160,8144,8169,8169,8171,8154,8165,8151,8126,16.958013772964478,sil,False
68,8144,8079,8124,8119,8121,8160,8145,8167,8167,8175,8164,8163,8167,8115,16.958013772964478,sil,False
69,8141,8087,8142,8107,8115,8149,8131,8162,8131,8149,8151,8162,8159,8097,16.973537921905518,sil,False
70,8143,8083,8121,8106,8111,8148,8133,8159,8130,8133,8139,8148,8148,8084,16.973537921905518,sil,False
71,8143,8081,8134,8117,8129,8141,8129,8161,8142,8131,8155,8166,8147,8088,16.98954129219055,sil,False
72,8147,8095,8149,8117,8144,8145,8131,8167,8137,8132,8173,8174,8152,8089,16.98954129219055,sil,False
73,8150,8101,8126,8105,8140,8147,8143,8167,8144,8138,8171,8150,8161,8080,17.005139350891113,sil,False
74,8152,8101,8155,8099,8129,8150,8141,8173,8155,8135,8165,8164,8159,8088,17.005139350891113,sil,False
75,8145,8088,8137,8118,8130,8158,8148,8168,8159,8138,8173,8160,8152,8090,17.02122402191162,sil,False
76,8143,8066,8127,8108,8121,8152,8140,8155,8129,8109,8152,8140,8130,8077,17.02122402191162,sil,False
77,8157,8078,8159,8109,8123,8164,8138,8161,8111,8098,8143,8150,8129,8079,17.036757230758667,sil,False
78,8172,8105,8158,8147,8151,8171,8149,8158,8120,8129,8170,8157,8149,8092,17.036757230758667,sil,False
79,8167,8110,8173,8147,8149,8159,8129,8150,8099,8115,8159,8156,8134,8087,17.05238699913025,sil,False
80,8156,8099,8155,8131,8150,8159,8117,8146,8094,8103,8139,8141,8128,8077,17.052757740020752,sil,False
81,8161,8097,8158,8139,8166,8166,8120,8143,8101,8116,8145,8145,8142,8086,17.067929983139038,sil,False
82,8154,8111,8164,8167,8163,8176,8129,8153,8106,8124,8144,8147,8145,8090,17.067929983139038,sil,False
83,8143,8077,8124,8152,8149,8177,8148,8157,8117,8125,8122,8120,8145,8075,17.084030389785767,sil,False
84,8153,8005,8151,8083,8139,8178,8156,8160,8110,8110,8102,8121,8134,8072,17.084030389785767,sil,False
85,8131,8027,8127,8081,8149,8180,8170,8166,8114,8125,8113,8118,8133,8073,17.100061893463135,sil,False
86,8105,8092,8092,8119,8168,8174,8175,8172,8131,8149,8125,8122,8149,8076,17.100061893463135,sil,False
87,8121,8049,8119,8121,8161,8166,8162,8177,8150,8150,8126,8140,8159,8084,17.115628719329834,sil,False
88,8137,7999,8109,8124,8152,8155,8150,8168,8164,8142,8134,8134,8162,8083,17.115628719329834,sil,False
89,8134,8071,8124,8119,8174,8156,8141,8177,8158,8133,8139,8153,8161,8095,17.131416082382202,sil,False
90,8129,8099,8118,8107,8183,8154,8148,8180,8159,8133,8138,8162,8170,8094,17.131416082382202,sil,False
91,8140,8046,8123,8094,8163,8134,8139,8159,8152,8130,8142,8161,8172,8084,17.147469997406006,sil,False
92,8146,8059,8152,8085,8157,8135,8127,8154,8135,8126,8143,8169,8168,8090,17.147469997406006,sil,False
93,8132,8072,8117,8086,8165,8136,8125,8150,8123,8114,8138,8152,8160,8082,17.16312265396118,sil,False
94,8134,8065,8133,8098,8168,8128,8115,8149,8109,8098,8145,8166,8152,8073,17.16312265396118,sil,False
95,8149,8100,8155,8139,8173,8144,8125,8155,8127,8119,8171,8181,8170,8084,17.178518772125244,sil,False
96,8151,8116,8151,8159,8173,8152,8131,8151,8136,8125,8173,8169,8176,8094,17.178518772125244,sil,False
97,8146,8108,8164,8149,8174,8145,8123,8159,8123,8111,8166,8171,8162,8092,17.19409465789795,sil,False
98,8147,8107,8137,8160,8181,8145,8138,8163,8134,8125,8171,8161,8164,8089,17.19409465789795,sil,False
99,8145,8107,8146,8160,8172,8156,8148,8161,8132,8127,8151,8149,8154,8087,17.209447860717773,sil,False
100,8131,8101,8138,8160,8166,8170,8159,8170,8135,8136,8142,8139,8153,8084,17.209447860717773,sil,False
101,8127,8089,8113,8161,8164,8170,8172,8172,8149,8153,8152,8140,8162,8088,17.22555899620056,sil,False
102,8136,8087,8146,8151,8157,8177,8174,8173,8146,8147,8147,8157,8160,8103,17.22555899620056,sil,False
103,8142,8093,8138,8165,8158,8178,8185,8175,8161,8165,8153,8153,8171,8116,17.241077184677124,sil,False
104,8147,8097,8140,8169,8151,8168,8182,8182,8172,8183,8164,8159,8179,8120,17.241077184677124,sil,False
105,8151,8104,8149,8165,8147,8177,8184,8184,8177,8189,8168,8159,8179,8123,17.256203174591064,sil,False
106,8168,8118,8148,8169,8157,8171,8187,8173,8193,8198,8171,8161,8186,8139,17.256203174591064,sil,False
107,8188,8129,8173,8162,8154,8154,8168,8177,8195,8192,8174,8188,8192,8148,17.27237319946289,sil,False
108,8179,8126,8138,8160,8145,8155,8155,8172,8195,8182,8184,8183,8192,8135,17.27237319946289,sil,False
109,8176,8137,8148,8153,8149,8155,8137,8159,8190,8168,8191,8189,8192,8129,17.287696838378906,sil,False
110,8192,8170,8179,8165,8170,8154,8133,8163,8198,8182,8203,8202,8209,8132,17.287696838378906,sil,False
111,8187,8171,8157,8180,8177,8155,8141,8163,8193,8189,8203,8182,8207,8114,17.30372977256775,sil,False
112,8157,8151,8161,8157,8158,8154,8134,8160,8155,8150,8174,8169,8164,8096,17.30372977256775,sil,False
113,8138,8147,8136,8148,8152,8154,8147,8157,8151,8138,8162,8149,8153,8084,17.31955575942993,sil,False
114,8151,8163,8145,8162,8162,8157,8160,8156,8154,8140,8170,8149,8162,8084,17.31955575942993,sil,False
115,8154,8177,8167,8175,8167,8172,8161,8163,8149,8135,8167,8159,8157,8095,17.33479142189026,sil,False
116,8142,8170,8141,8172,8169,8176,8169,8163,8160,8141,8166,8149,8157,8103,17.33479142189026,sil,False
117,8144,8175,8163,8165,8166,8184,8179,8164,8167,8146,8167,8160,8159,8118,17.351261615753174,sil,False
118,8149,8180,8164,8181,8164,8199,8185,8165,8171,8163,8161,8158,8165,8123,17.351261615753174,sil,False
119,8150,8173,8160,8182,8165,8192,8174,8163,8167,8170,8143,8147,8159,8116,17.366307973861694,sil,False
120,8149,8175,8168,8178,8169,8193,8178,8172,8180,8172,8142,8149,8162,8124,17.366307973861694,sil,False
121,8149,8172,8141,8186,8171,8192,8190,8171,8207,8183,8157,8143,8175,8135,17.382346630096436,sil,False
122,8155,8161,8155,8165,8162,8175,8165,8168,8198,8176,8151,8156,8171,8127,17.382346630096436,sil,False
123,8168,8162,8150,8157,8166,8166,8153,8170,8197,8181,8163,8165,8179,8115,17.39747905731201,sil,False
124,8183,8177,8153,8172,8165,8162,8159,8167,8199,8175,8187,8176,8193,8119,17.39747905731201,sil,False
125,8172,8183,8166,8174,8153,8160,8159,8166,8182,8152,8178,8176,8185,8113,17.41337490081787,sil,False
126,8148,8161,8125,8159,8157,8153,8158,8161,8175,8159,8171,8154,8172,8088,17.41337490081787,sil,False
127,8150,8161,8147,8152,8171,8157,8156,8170,8177,8168,8185,8175,8168,8092,17.42944860458374,sil,False
237,8167,8187,8167,8186,8177,8169,8171,8178,8199,8170,8203,8189,8183,8108,17.42944860458374,sil,False
0,8179,8195,8168,8201,8174,8164,8172,8165,8208,8185,8216,8186,8194,8114,17.44547939300537,sil,False
1,8182,8203,8184,8193,8177,8161,8160,8164,8186,8193,8227,8199,8188,8119,17.44547939300537,sil,False
2,8177,8210,8156,8207,8181,8156,8157,8156,8165,8175,8225,8190,8176,8112,17.461632013320923,sil,False
3,8179,8209,8186,8202,8170,8160,8154,8155,8155,8148,8207,8190,8158,8112,17.461632013320923,sil,False
4,8186,8213,8205,8210,8184,8187,8170,8169,8177,8176,8216,8196,8168,8124,17.47730541229248,sil,False
5,8184,8205,8185,8220,8202,8195,8177,8169,8189,8197,8220,8191,8182,8127,17.47730541229248,sil,False
6,8174,8199,8196,8209,8193,8191,8175,8172,8179,8177,8202,8184,8177,8123,17.492279529571533,sil,False
7,8172,8196,8174,8215,8187,8188,8180,8167,8187,8183,8206,8161,8181,8118,17.492279529571533,sil,False
8,8175,8195,8183,8206,8181,8185,8156,8157,8201,8180,8200,8165,8171,8117,17.508373737335205,sil,False
9,8156,8187,8172,8190,8171,8189,8156,8156,8235,8174,8189,8162,8162,8112,17.508373737335205,sil,False
10,8130,8166,8138,8187,8172,8187,8183,8157,8256,8182,8186,8131,8162,8100,17.524359226226807,sil,False
11,8132,8160,8148,8179,8176,8187,8184,8172,8254,8188,8177,8130,8158,8103,17.524359226226807,sil,False
12,8142,8166,8127,8174,8176,8189,8183,8181,8274,8195,8181,8138,8168,8116,17.53936743736267,sil,False
13,8145,8164,8138,8158,8173,8182,8187,8175,8279,8186,8186,8154,8174,8122,17.53936743736267,sil,False
14,8143,8163,8147,8159,8180,8180,8195,8175,8273,8186,8186,8150,8169,8115,17.555236101150513,sil,False
15,8144,8168,8134,8167,8183,8174,8187,8169,8274,8177,8182,8142,8164,8111,17.555236101150513,sil,False
16,8163,8187,8171,8167,8179,8170,8173,8166,8268,8163,8188,8178,8166,8122,17.570258617401123,sil,False
17,8177,8193,8160,8184,8183,8168,8172,8167,8273,8185,8203,8182,8180,8126,17.570258617401123,sil,False
18,8188,8186,8166,8172,8175,8151,8153,8162,8254,8180,8198,8178,8183,8127,17.585607528686523,sil,False
19,8194,8191,8180,8161,8175,8152,8152,8156,8231,8154,8201,8186,8179,8125,17.585607528686523,sil,False
20,8191,8198,8162,8181,8194,8162,8165,8157,8232,8154,8216,8184,8170,8118,17.601139307022095,sil,False
21,8188,8204,8199,8192,8196,8174,8154,8166,8232,8160,8217,8195,8164,8124,17.601139307022095,sil,False
22,8180,8202,8183,8194,8193,8187,8159,8155,8241,8175,8219,8186,8179,8123,17.616232872009277,sil,False
23,8163,8191,8161,8182,8197,8188,8173,8152,8229,8177,8205,8161,8162,8108,17.616232872009277,sil,False
24,8133,8185,8161,8186,8193,8189,8187,8170,8214,8170,8175,8132,8126,8089,17.632121086120605,sil,False
25,8126,8178,8139,8198,8181,8189,8203,8168,8229,8174,8163,8117,8124,8090,17.648465156555176,sil,False
26,8145,8176,8162,8177,8173,8197,8207,8174,8241,8183,8167,8137,8137,8120,17.648465156555176,sil,False
27,8140,8168,8136,8160,8169,8193,8209,8176,8242,8199,8163,8124,8147,8125,17.663068771362305,sil,False
28,8135,8157,8119,8147,8157,8168,8187,8157,8226,8185,8148,8115,8143,8110,17.663068771362305,sil,False
29,8151,8170,8144,8143,8153,8161,8172,8157,8221,8169,8161,8139,8147,8113,17.663068771362305,sil,False
30,8170,8184,8140,8160,8164,8155,8170,8157,8219,8166,8192,8156,8159,8117,17.678600311279297,sil,False
31,8185,8195,8176,8168,8169,8149,8143,8146,8177,8134,8196,8177,8144,8110,17.695444345474243,sil,False
32,8194,8214,8191,8201,8176,8162,8146,8148,8168,8131,8208,8181,8148,8114,17.695444345474243,sil,False
33,8209,8229,8222,8248,8183,8175,8164,8164,8192,8164,8252,8211,8185,8144,17.695444345474243,sil,False
34,8214,8232,8263,8280,8177,8183,8155,8172,8195,8181,8290,8258,8213,8165,17.710047960281372,sil,False
35,8203,8214,8227,8294,8165,8170,8141,8152,8184,8176,8285,8241,8208,8151,17.725261926651,sil,False
36,8188,8197,8232,8278,8158,8160,8134,8140,8167,8148,8256,8230,8177,8131,17.725261926651,sil,False
37,8183,8195,8231,8285,8162,8177,8160,8150,8172,8139,8256,8231,8165,8123,17.741309642791748,sil,False
38,8192,8191,8219,8295,8154,8181,8180,8157,8174,8137,8257,8227,8164,8126,17.741309642791748,sil,False
39,8196,8190,8231,8290,8142,8172,8170,8162,8174,8133,8248,8238,8166,8135,17.757113933563232,sil,False
40,8201,8193,8216,8302,8146,8166,8169,8158,8190,8149,8267,8247,8181,8143,17.757113933563232,sil,False
41,8212,8204,8246,8309,8147,8170,8174,8163,8183,8151,8273,8267,8186,8154,17.757113933563232,sil,False
42,8209,8205,8235,8310,8148,8176,8177,8167,8182,8157,8260,8263,8192,8158,17.772523164749146,sil,False
43,8216,8192,8208,8305,8149,8168,8169,8158,8186,8165,8257,8258,8191,8162,17.788114547729492,sil,False
44,8242,8212,8241,8310,8150,8178,8172,8168,8182,8162,8257,8275,8191,8178,17.788114547729492,sil,False
45,8249,8231,8228,8329,8168,8192,8190,8178,8200,8184,8262,8268,8214,8188,17.80351233482361,sil,False
46,8244,8222,8230,8307,8174,8181,8178,8178,8207,8194,8258,8271,8226,8193,17.80351233482361,sil,False
47,8242,8208,8216,8288,8172,8175,8171,8177,8209,8196,8248,8262,8221,8190,17.819031476974487,sil,False
48,8227,8197,8185,8280,8175,8166,8171,8167,8209,8195,8233,8230,8207,8172,17.819031476974487,sil,False
49,8204,8189,8189,8246,8172,8158,8158,8161,8189,8171,8210,8214,8188,8149,17.834417819976807,sil,False
50,8183,8173,8144,8221,8167,8161,8160,8159,8187,8159,8200,8194,8190,8135,17.834417819976807,sil,False
51,8175,8163,8145,8197,8166,8162,8170,8170,8202,8162,8189,8191,8190,8134,17.850501537322998,sil,False
52,8169,8159,8149,8176,8169,8167,8189,8182,8195,8175,8181,8180,8176,8126,17.850501537322998,sil,False
53,8163,8145,8115,8163,8161,8162,8183,8172,8136,8171,8167,8155,8158,8115,17.8665931224823,sil,False
54,8158,8143,8128,8150,8145,8150,8154,8167,8088,8149,8151,8157,8149,8111,17.8665931224823,sil,False
55,8140,8139,8108,8145,8149,8147,8151,8160,8104,8147,8162,8148,8155,8095,17.882333278656006,sil,False
56,8137,8134,8113,8130,8148,8150,8141,8149,8103,8138,8169,8157,8149,8085,17.882726907730103,sil,False
57,8155,8158,8140,8144,8146,8159,8132,8156,8094,8137,8168,8172,8151,8104,17.897632122039795,sil,False
58,8171,8170,8138,8162,8155,8156,8133,8152,8096,8146,8169,8162,8162,8114,17.897632122039795,sil,False
59,8177,8166,8162,8148,8166,8158,8138,8152,8086,8153,8176,8177,8159,8123,17.913283824920654,sil,False
60,8183,8173,8154,8162,8181,8165,8159,8169,8107,8177,8198,8193,8178,8137,17.913283824920654,sil,False
61,8188,8182,8164,8169,8182,8158,8158,8177,8118,8179,8206,8196,8186,8133,17.92869997024536,sil,False
62,8173,8181,8168,8161,8177,8161,8154,8173,8108,8172,8196,8177,8169,8114,17.92869997024536,sil,False
63,8153,8166,8130,8158,8180,8165,8169,8161,8108,8170,8184,8146,8155,8100,17.944743633270264,sil,False
64,8136,8158,8137,8133,8173,8163,8177,8167,8099,8147,8164,8145,8138,8096,17.944743633270264,sil,False
65,8125,8162,8120,8123,8173,8165,8193,8180,8115,8163,8162,8131,8138,8088,17.9603853225708,sil,False
66,8135,8166,8128,8128,8183,8171,8194,8178,8132,8187,8167,8126,8144,8086,17.9603853225708,sil,False
67,8129,8167,8144,8137,8186,8184,8181,8173,8124,8180,8163,8135,8140,8087,17.97543430328369,sil,False
68,8106,8158,8107,8145,8179,8176,8177,8158,8111,8179,8155,8122,8133,8079,17.97543430328369,sil,False
69,8107,8163,8131,8138,8173,8163,8172,8156,8097,8168,8142,8121,8125,8079,17.991626977920532,sil,False
70,8119,8167,8127,8142,8172,8171,8173,8161,8102,8165,8141,8119,8130,8082,17.991626977920532,sil,False
71,8134,8165,8126,8148,8171,8178,8173,8157,8101,8167,8142,8138,8138,8097,18.007181406021118,sil,False
72,8157,8185,8167,8166,8179,8183,8185,8163,8105,8177,8152,8172,8150,8120,18.007181406021118,sil,False
73,8168,8191,8157,8190,8186,8181,8197,8169,8129,8197,8166,8171,8165,8130,18.022351026535038,sil,False
74,8176,8183,8176,8184,8180,8183,8191,8179,8136,8206,8168,8187,8167,8147,18.022351026535038,sil,False
75,8180,8179,8165,8189,8191,8193,8197,8178,8157,8228,8177,8193,8176,8155,18.037606954574585,sil,False
76,8164,8171,8139,8179,8198,8190,8187,8162,8161,8221,8171,8174,8167,8131,18.037606954574585,sil,False
77,8144,8166,8146,8151,8184,8189,8175,8168,8143,8198,8158,8161,8152,8114,18.053420305252075,sil,False
78,8129,8154,8113,8135,8173,8181,8193,8174,8159,8202,8157,8136,8160,8112,18.053420305252075,sil,False
79,8122,8148,8117,8111,8171,8166,8203,8180,8178,8200,8146,8142,8159,8110,18.07446789741516,sil,False
80,8122,8156,8110,8111,8170,8169,8210,8187,8189,8205,8149,8157,8165,8107,18.0754656791687,sil,False
81,8128,8152,8100,8108,8156,8155,8195,8177,8172,8196,8165,8160,8172,8108,18.0754656791687,sil,False
82,8135,8151,8131,8088,8142,8143,8173,8173,8149,8179,8168,8173,8164,8111,18.084972858428955,sil,False
83,8139,8158,8113,8092,8152,8152,8187,8165,8153,8182,8172,8169,8163,8109,18.101648569107056,sil,False
84,8144,8164,8130,8100,8160,8151,8182,8157,8137,8165,8176,8174,8155,8111,18.101648569107056,sil,False
85,8145,8168,8140,8110,8154,8150,8169,8163,8128,8153,8180,8173,8146,8110,18.11730670928955,sil,False
86,8149,8171,8132,8104,8151,8148,8164,8156,8126,8153,8177,8165,8133,8103,18.11730670928955,sil,False
87,8145,8183,8163,8104,8160,8158,8156,8152,8113,8147,8172,8170,8124,8097,18.133504152297974,sil,False
88,8153,8199,8158,8151,8178,8174,8166,8151,8126,8167,8188,8167,8144,8102,18.133504152297974,sil,False
89,8174,8207,8184,8177,8181,8177,8164,8155,8128,8180,8200,8196,8157,8131,18.149024963378903,sil,False
90,8164,8204,8191,8170,8180,8179,8163,8161,8126,8183,8201,8205,8160,8136,18.149024963378903,sil,False
91,8143,8190,8153,8155,8177,8176,8169,8157,8132,8191,8183,8173,8148,8114,18.16476893424988,sil,False
92,8141,8187,8159,8141,8169,8187,8179,8166,8129,8186,8144,8159,8117,8107,18.16476893424988,sil,False
93,8128,8185,8135,8150,8171,8204,8207,8179,8137,8179,8136,8143,8112,8107,18.181166172027588,sil,False
94,8115,8174,8139,8139,8170,8204,8217,8187,8151,8185,8153,8148,8123,8110,18.181166172027588,sil,False
95,8120,8157,8135,8119,8157,8200,8214,8187,8163,8205,8154,8158,8130,8114,18.19698905944824,sil,False
96,8132,8146,8113,8118,8144,8192,8206,8175,8153,8206,8155,8160,8135,8113,18.19698905944824,sil,False
97,8146,8163,8157,8127,8148,8194,8193,8174,8134,8186,8165,8185,8139,8124,18.212212324142456,sil,False
98,8154,8173,8154,8148,8158,8196,8190,8165,8143,8187,8167,8178,8143,8131,18.212212324142456,sil,False
99,8161,8169,8156,8141,8150,8182,8173,8156,8142,8175,8146,8170,8139,8127,18.227442502975464,sil,False
100,8160,8173,8159,8122,8143,8172,8161,8164,8136,8168,8147,8183,8146,8123,18.227442502975464,sil,False
101,8162,8169,8136,8124,8151,8166,8163,8159,8143,8181,8177,8190,8162,8130,18.24341058731079,sil,False
102,8182,8181,8177,8141,8159,8168,8150,8159,8136,8183,8188,8209,8167,8146,18.24341058731079,sil,False
103,8171,8186,8152,8158,8163,8166,8140,8155,8125,8182,8185,8193,8167,8134,18.259013891220093,please,True
104,8149,8171,8127,8141,8155,8152,8130,8148,8110,8166,8189,8184,8159,8114,18.259013891220093,please,True
105,8159,8187,8161,8145,8157,8156,8144,8163,8112,8162,8210,8202,8166,8117,18.2742977142334,please,True
106,8155,8202,8149,8176,8172,8166,8169,8169,8120,8175,8203,8179,8163,8101,18.2742977142334,please,True
107,8124,8194,8147,8172,8175,8179,8167,8168,8105,8163,8158,8153,8124,8078,18.29037857055664,please,True
108,8120,8186,8134,8166,8174,8195,8186,8170,8123,8172,8159,8147,8124,8090,18.29037857055664,please,True
109,8139,8189,8146,8170,8177,8187,8195,8170,8140,8177,8166,8159,8138,8106,18.3060040473938,please,True
110,8136,8196,8166,8187,8177,8182,8181,8170,8119,8164,8151,8162,8119,8097,18.3060040473938,please,True
111,8135,8191,8129,8205,8180,8192,8187,8161,8116,8172,8157,8149,8115,8103,18.3216495513916,please,True
112,8149,8186,8143,8181,8174,8194,8183,8163,8120,8172,8157,8160,8124,8122,18.3216495513916,please,True
113,8149,8183,8142,8173,8171,8178,8172,8168,8123,8178,8143,8152,8130,8119,18.33759021759033,please,True
114,8152,8179,8144,8191,8171,8166,8163,8160,8128,8189,8154,8157,8140,8125,18.33759021759033,please,True
115,8170,8193,8176,8197,8173,8178,8168,8169,8145,8195,8188,8197,8156,8147,18.35371041297913,please,True
116,8185,8204,8157,8202,8185,8175,8170,8175,8167,8206,8202,8199,8176,8146,18.35371041297913,please,True
117,8180,8202,8164,8183,8187,8159,8154,8169,8154,8180,8178,8189,8171,8128,18.36938738822937,please,True
118,8155,8194,8142,8165,8184,8164,8159,8165,8144,8158,8157,8162,8153,8103,18.36938738822937,please,True
119,8149,8190,8132,8162,8180,8160,8157,8164,8136,8160,8160,8155,8143,8091,18.38519501686096,please,True
120,8159,8197,8171,8166,8172,8154,8150,8172,8124,8154,8168,8183,8146,8098,18.38519501686096,please,True
121,8152,8191,8141,8168,8171,8161,8159,8166,8136,8151,8155,8163,8146,8091,18.401371955871586,please,True
122,8138,8177,8136,8146,8173,8164,8157,8161,8135,8146,8130,8137,8116,8074,18.401371955871586,please,True
123,8120,8170,8135,8140,8174,8178,8164,8165,8131,8152,8124,8127,8105,8068,18.41705846786499,please,True
124,8115,8162,8121,8143,8172,8187,8178,8161,8135,8156,8113,8119,8115,8078,18.41705846786499,please,True
125,8139,8162,8143,8139,8172,8186,8182,8172,8150,8172,8097,8122,8122,8102,18.432332277297974,please,True
126,8149,8158,8127,8144,8169,8174,8186,8174,8174,8198,8114,8114,8133,8111,18.432332277297974,please,True
127,8147,8153,8143,8131,8161,8162,8174,8166,8165,8179,8124,8131,8129,8111,18.448260068893436,please,True
237,8159,8160,8150,8130,8177,8176,8176,8171,8168,8181,8129,8145,8138,8119,18.448260068893436,please,True
0,8173,8164,8138,8142,8191,8185,8180,8174,8184,8208,8149,8147,8161,8127,18.46373987197876,please,True
1,8166,8161,8161,8126,8173,8175,8159,8172,8170,8189,8154,8164,8160,8121,18.46373987197876,please,True
2,8146,8156,8126,8116,8163,8157,8146,8165,8164,8171,8144,8150,8150,8091,18.47936201095581,please,True
3,8147,8160,8127,8110,8168,8145,8146,8163,8150,8172,8136,8137,8138,8074,18.47936201095581,please,True
4,8148,8174,8144,8118,8177,8163,8162,8168,8139,8166,8145,8134,8136,8072,18.49436831474304,please,True
5,8128,8171,8116,8124,8177,8170,8166,8164,8140,8149,8138,8118,8130,8057,18.49436831474304,please,True
6,8111,8162,8129,8106,8160,8157,8154,8166,8123,8142,8122,8122,8115,8048,18.509899854660038,please,True
7,8117,8166,8125,8118,8162,8157,8174,8165,8129,8157,8140,8123,8125,8061,18.509899854660038,please,True
8,8129,8173,8138,8137,8175,8172,8187,8165,8138,8156,8130,8118,8123,8078,18.525561571121216,please,True
9,8131,8169,8142,8143,8173,8180,8183,8174,8145,8173,8105,8109,8120,8087,18.525561571121216,please,True
10,8143,8158,8114,8130,8165,8166,8182,8173,8157,8197,8120,8110,8137,8100,18.541258573532104,please,True
11,8155,8165,8135,8106,8167,8174,8175,8181,8163,8187,8125,8131,8137,8117,18.541258573532104,please,True
12,8153,8173,8129,8125,8183,8198,8194,8190,8189,8212,8124,8131,8150,8127,18.556017875671387,please,True
13,8169,8176,8146,8142,8185,8181,8199,8182,8199,8232,8151,8154,8172,8143,18.556017875671387,please,True
14,8186,8188,8166,8131,8173,8160,8172,8173,8178,8202,8169,8177,8175,8145,18.57157874107361,please,True
15,8183,8185,8130,8126,8174,8155,8153,8162,8150,8178,8158,8153,8163,8123,18.57157874107361,please,True
16,8184,8189,8149,8128,8182,8160,8151,8164,8132,8166,8153,8158,8151,8113,18.58713388442993,please,True
17,8171,8194,8138,8139,8184,8150,8156,8164,8141,8157,8162,8158,8146,8100,18.58713388442993,please,True
18,8146,8182,8124,8124,8173,8132,8146,8156,8130,8137,8151,8146,8132,8079,18.603100538253784,please,True
19,8139,8176,8138,8107,8162,8148,8153,8168,8134,8135,8144,8146,8126,8074,18.603100538253784,please,True
20,8140,8178,8115,8113,8165,8164,8176,8174,8163,8155,8153,8132,8138,8079,18.618998765945435,please,True
21,8128,8182,8133,8111,8173,8162,8166,8168,8149,8149,8145,8135,8130,8074,18.618998765945435,please,True
22,8113,8175,8124,8118,8176,8166,8164,8161,8127,8145,8129,8126,8112,8057,18.63467836380005,please,True
23,8127,8172,8124,8129,8170,8168,8169,8157,8121,8147,8124,8122,8101,8061,18.63467836380005,please,True
24,8150,8190,8167,8146,8172,8167,8174,8161,8115,8144,8143,8144,8111,8085,18.6502103805542,please,True
25,8153,8189,8156,8168,8180,8166,8179,8153,8117,8143,8168,8146,8127,8093,18.6502103805542,please,True
26,8158,8180,8172,8163,8177,8169,8167,8157,8112,8139,8165,8164,8126,8106,18.66543698310852,please,True
27,8167,8183,8169,8166,8181,8178,8175,8170,8131,8168,8163,8169,8142,8131,18.66543698310852,please,True
28,8170,8178,8153,8171,8184,8175,8178,8167,8149,8196,8167,8162,8162,8138,18.68129277229309,please,True
29,8164,8170,8165,8161,8175,8168,8165,8169,8151,8188,8165,8173,8167,8133,18.68129277229309,please,True
30,8155,8153,8128,8146,8167,8159,8163,8168,8159,8179,8168,8161,8174,8120,18.69627547264099,sil,False
31,8153,8143,8137,8120,8162,8149,8158,8166,8146,8166,8161,8161,8167,8114,18.69627547264099,sil,False
32,8156,8161,8147,8131,8168,8161,8169,8171,8149,8170,8164,8170,8172,8123,18.71236896514893,sil,False
33,8164,8169,8143,8142,8169,8158,8167,8169,8162,8164,8183,8185,8188,8128,18.71236896514893,sil,False
34,8169,8173,8173,8132,8167,8158,8153,8174,8155,8158,8189,8201,8185,8127,18.728420972824097,sil,False
35,8162,8177,8156,8153,8182,8186,8174,8176,8155,8185,8177,8172,8171,8115,18.728420972824097,sil,False
36,8166,8185,8170,8166,8188,8205,8197,8175,8153,8183,8162,8164,8158,8121,18.74339532852173,sil,False
37,8180,8189,8181,8173,8186,8205,8212,8190,8177,8190,8176,8181,8182,8156,18.74339532852173,sil,False
38,8200,8179,8165,8177,8181,8184,8207,8188,8199,8213,8195,8191,8214,8174,18.759418964385983,sil,False
39,8212,8186,8190,8165,8173,8167,8182,8178,8180,8195,8192,8206,8207,8160,18.759418964385983,sil,False
40,8207,8200,8180,8176,8182,8167,8182,8175,8170,8179,8200,8197,8197,8149,18.774025678634644,sil,False
41,8205,8204,8200,8194,8196,8183,8189,8174,8160,8182,8201,8195,8192,8158,18.789561986923218,sil,False
42,8200,8198,8201,8209,8204,8207,8198,8171,8159,8188,8181,8186,8181,8156,18.789561986923218,sil,False
43,8196,8186,8157,8207,8203,8192,8204,8165,8190,8190,8166,8164,8178,8145,18.789561986923218,sil,False
44,8199,8178,8167,8181,8191,8170,8191,8169,8218,8185,8171,8175,8188,8151,18.806644916534424,sil,False
45,8191,8173,8147,8169,8189,8165,8182,8160,8226,8180,8185,8173,8199,8143,18.806644916534424,sil,False
46,8180,8184,8149,8170,8192,8171,8175,8155,8207,8155,8176,8161,8180,8121,18.82130122184753,sil,False
47,8177,8199,8162,8191,8195,8191,8192,8174,8215,8159,8159,8145,8163,8115,18.83645486831665,sil,False
48,8177,8174,8131,8196,8192,8196,8218,8176,8238,8189,8157,8134,8171,8132,18.83645486831665,sil,False
49,8180,8151,8142,8157,8184,8194,8211,8173,8238,8194,8167,8161,8185,8151,18.852057695388797,sil,False
50,8190,8167,8136,8154,8182,8184,8191,8172,8249,8202,8187,8169,8206,8148,18.852057695388797,sil,False
51,8204,8187,8146,8165,8185,8158,8163,8168,8240,8193,8185,8169,8195,8144,18.86752700805664,sil,False
52,8199,8194,8162,8160,8192,8166,8162,8170,8232,8174,8183,8172,8172,8143,18.86752700805664,sil,False
53,8187,8185,8146,8173,8199,8189,8185,8165,8242,8177,8187,8156,8166,8126,18.882656574249268,sil,False
54,8191,8188,8180,8195,8201,8189,8182,8170,8230,8178,8169,8157,8154,8123,18.882656574249268,sil,False
55,8186,8200,8163,8214,8213,8190,8179,8170,8225,8193,8169,8149,8154,8137,18.89847683906555,sil,False
56,8177,8187,8151,8202,8205,8199,8187,8161,8222,8194,8172,8142,8156,8136,18.89847683906555,sil,False
57,8177,8164,8165,8179,8183,8198,8203,8164,8217,8182,8152,8146,8152,8128,18.913995265960693,sil,False
58,8167,8146,8120,8156,8181,8175,8200,8158,8216,8178,8138,8134,8152,8126,18.913995265960693,sil,False
59,8158,8146,8120,8125,8175,8157,8172,8158,8197,8160,8136,8147,8150,8126,18.92926669120789,sil,False
60,8161,8153,8122,8136,8161,8150,8176,8168,8192,8151,8148,8157,8158,8123,18.92926669120789,sil,False
61,8174,8162,8139,8147,8157,8133,8177,8168,8187,8145,8160,8178,8170,8129,18.94535493850708,sil,False
62,8190,8180,8182,8143,8170,8141,8161,8168,8171,8141,8176,8210,8179,8144,18.94535493850708,sil,False
63,8193,8183,8164,8162,8180,8164,8167,8161,8167,8150,8192,8192,8183,8144,18.961644172668457,sil,False
64,8183,8182,8172,8167,8171,8165,8166,8153,8155,8136,8177,8176,8157,8132,18.961644172668457,sil,False
65,8170,8184,8167,8172,8166,8160,8162,8152,8157,8136,8156,8161,8139,8118,18.977547645568848,sil,False
66,8172,8169,8157,8178,8174,8170,8168,8158,8166,8155,8148,8150,8145,8119,18.977547645568848,sil,False
67,8176,8159,8170,8171,8180,8194,8184,8170,8168,8164,8142,8153,8148,8132,18.993242502212524,sil,False
68,8174,8157,8143,8171,8178,8193,8189,8162,8177,8166,8144,8140,8149,8137,18.993242502212524,sil,False
69,8183,8164,8166,8172,8171,8174,8167,8156,8173,8162,8150,8158,8155,8147,19.008373498916622,sil,False
70,8185,8169,8169,8183,8178,8174,8171,8165,8188,8176,8165,8170,8176,8150,19.008373498916622,sil,False
71,8180,8154,8139,8166,8177,8168,8172,8161,8208,8179,8167,8161,8173,8134,19.024299144744877,sil,False
72,8165,8146,8146,8132,8158,8163,8149,8156,8189,8155,8145,8160,8150,8116,19.024299144744877,sil,False
73,8151,8147,8120,8137,8158,8163,8153,8154,8169,8148,8147,8149,8159,8107,19.039764881134037,sil,False
74,8158,8150,8140,8139,8167,8158,8155,8156,8157,8139,8162,8160,8166,8109,19.039764881134037,sil,False
75,8158,8155,8146,8134,8169,8162,8151,8160,8161,8134,8163,8159,8157,8097,19.055684089660645,sil,False
76,8145,8153,8122,8137,8168,8164,8153,8154,8159,8132,8154,8141,8149,8084,19.055684089660645,sil,False
77,8143,8164,8152,8155,8163,8167,8156,8160,8146,8131,8139,8140,8146,8084,19.07164216041565,sil,False
78,8152,8171,8150,8184,8162,8171,8165,8164,8169,8161,8134,8128,8160,8085,19.07164216041565,sil,False
79,8165,8168,8165,8181,8164,8174,8165,8165,8183,8170,8131,8143,8171,8104,19.08638048171997,sil,False
80,8177,8167,8171,8181,8167,8181,8169,8171,8191,8165,8141,8166,8181,8121,19.08638048171997,sil,False
81,8191,8169,8155,8184,8166,8169,8162,8167,8200,8170,8155,8179,8193,8126,19.10163116455078,sil,False
82,8210,8173,8191,8163,8169,8158,8145,8170,8195,8170,8158,8202,8205,8142,19.10163116455078,sil,False
83,8216,8173,8172,8167,8175,8157,8143,8164,8196,8167,8171,8190,8215,8133,19.11727333068848,sil,False
84,8205,8174,8167,8169,8165,8144,8118,8153,8173,8152,8178,8189,8200,8104,19.11727333068848,sil,False
85,8188,8176,8178,8167,8159,8141,8106,8157,8159,8160,8189,8206,8194,8103,19.13219928741455,sil,False
86,8179,8172,8156,8172,8168,8149,8125,8154,8157,8169,8187,8190,8197,8104,19.13219928741455,sil,False
87,8171,8175,8171,8159,8175,8160,8141,8158,8140,8145,8159,8178,8172,8083,19.14769744873047,sil,False
88,8141,8160,8141,8151,8179,8174,8163,8162,8150,8144,8138,8143,8151,8064,19.14769744873047,sil,False
89,8119,8137,8130,8152,8170,8181,8166,8157,8161,8152,8129,8117,8142,8063,19.16355013847351,sil,False
90,8128,8147,8149,8163,8162,8187,8164,8165,8165,8157,8140,8129,8148,8070,19.16355013847351,sil,False
91,8144,8154,8137,8173,8164,8179,8166,8173,8186,8170,8170,8143,8171,8087,19.17913150787353,sil,False
92,8164,8149,8163,8162,8153,8168,8155,8180,8200,8181,8188,8169,8181,8113,19.17913150787353,sil,False
93,8171,8152,8150,8156,8149,8167,8157,8171,8199,8190,8194,8178,8187,8118,19.195241928100582,sil,False
94,8171,8156,8151,8149,8154,8159,8147,8162,8180,8171,8199,8193,8190,8113,19.195241928100582,sil,False
95,8186,8177,8190,8169,8154,8153,8124,8170,8169,8156,8224,8216,8195,8114,19.211528539657596,sil,False
96,8219,8209,8201,8229,8159,8152,8123,8164,8174,8169,8260,8233,8213,8117,19.211528539657596,sil,False
97,8248,8243,8252,8269,8173,8162,8134,8160,8164,8167,8269,8273,8218,8141,19.22738146781921,sil,False
98,8252,8261,8266,8301,8184,8176,8145,8162,8165,8175,8278,8285,8225,8165,19.22738146781921,sil,False
99,8247,8248,8263,8317,8180,8172,8135,8160,8181,8196,8283,8281,8226,8164,19.243040084838867,sil,False
100,8230,8234,8273,8318,8175,8182,8148,8168,8206,8202,8268,8282,8211,8153,19.243040084838867,sil,False
101,8199,8205,8230,8308,8168,8198,8182,8164,8222,8199,8249,8260,8200,8136,19.258653163909912,sil,False
102,8184,8174,8229,8274,8146,8187,8174,8160,8196,8183,8232,8252,8190,8122,19.258653163909912,sil,False
103,8190,8178,8221,8277,8144,8171,8166,8172,8199,8186,8242,8252,8208,8129,19.273762941360477,sil,False
104,8205,8195,8214,8289,8145,8157,8162,8176,8212,8180,8264,8272,8230,8148,19.273762941360477,sil,False
105,8222,8204,8246,8286,8140,8152,8143,8172,8184,8159,8270,8301,8235,8158,19.289442539215088,sil,False
106,8238,8216,8241,8301,8151,8148,8131,8159,8163,8162,8282,8295,8235,8146,19.289442539215088,sil,False
107,8245,8241,8269,8313,8166,8148,8124,8159,8159,8155,8286,8302,8225,8141,19.305172204971317,sil,False
108,8239,8250,8269,8333,8173,8159,8140,8170,8175,8156,8284,8302,8224,8152,19.305172204971317,sil,False
109,8244,8233,8252,8338,8174,8163,8158,8163,8181,8175,8288,8291,8223,8170,19.32044196128845,sil,False
110,8249,8225,8266,8320,8171,8177,8153,8155,8159,8174,8274,8284,8207,8180,19.32044196128845,sil,False
111,8229,8212,8214,8313,8171,8186,8153,8152,8152,8164,8242,8242,8195,8170,19.336499452590942,sil,False
112,8218,8200,8206,8290,8168,8177,8156,8165,8163,8168,8219,8230,8195,8170,19.336499452590942,sil,False
113,8215,8190,8207,8276,8167,8176,8166,8183,8173,8204,8227,8235,8208,8174,19.35222101211548,sil,False
114,8207,8176,8174,8268,8170,8172,8163,8176,8148,8213,8226,8216,8204,8164,19.35222101211548,sil,False
115,8205,8179,8181,8241,8165,8162,8152,8177,8124,8187,8214,8218,8193,8154,19.36728382110596,sil,False
116,8206,8182,8160,8225,8163,8159,8159,8182,8139,8187,8225,8215,8212,8146,19.36728382110596,sil,False
117,8209,8178,8168,8210,8161,8151,8147,8174,8118,8174,8224,8222,8212,8141,19.383304357528687,sil,False
118,8213,8191,8178,8210,8164,8145,8137,8165,8089,8156,8222,8228,8207,8141,19.383304357528687,sil,False
119,8216,8204,8169,8225,8175,8145,8134,8154,8092,8157,8230,8223,8213,8144,19.39938712120056,sil,False
120,8213,8209,8192,8219,8179,8157,8130,8158,8084,8163,8228,8227,8204,8144,19.39938712120056,sil,False
121,8205,8211,8165,8217,8179,8155,8139,8157,8083,8175,8218,8207,8198,8133,19.415019750595093,sil,False
122,8208,8216,8179,8219,8178,8148,8136,8153,8081,8164,8206,8200,8193,8135,19.415019750595093,sil,False
123,8207,8204,8193,8228,8181,8173,8149,8160,8087,8171,8202,8198,8193,8152,19.430052995681763,sil,False
124,8189,8172,8147,8218,8177,8178,8174,8164,8098,8192,8185,8171,8186,8151,19.430052995681763,sil,False
125,8172,8169,8157,8195,8172,8175,8171,8165,8083,8168,8152,8154,8160,8132,19.445517539978027,sil,False
126,8165,8176,8144,8204,8179,8189,8174,8161,8086,8161,8142,8137,8147,8119,19.445517539978027,sil,False
127,8173,8169,8143,8195,8180,8181,8184,8165,8099,8183,8144,8147,8154,8128,19.46109437942505,sil,False
237,8175,8174,8147,8170,8179,8165,8187,8179,8108,8194,8151,8155,8171,8129,19.46109437942505,sil,False
0,8160,8167,8110,8156,8179,8159,8178,8175,8112,8180,8154,8133,8171,8113,19.476292610168457,sil,False
1,8153,8157,8129,8141,8169,8154,8168,8172,8105,8154,8145,8143,8158,8113,19.476292610168457,sil,False
2,8166,8174,8136,8158,8171,8145,8177,8172,8115,8155,8164,8158,8168,8116,19.492409229278564,sil,False
3,8194,8198,8160,8180,8180,8147,8170,8171,8115,8159,8193,8181,8189,8123,19.492409229278564,sil,False
4,8207,8207,8190,8190,8187,8164,8162,8180,8112,8165,8208,8200,8197,8141,19.50770401954651,sil,False
5,8199,8203,8167,8205,8199,8164,8165,8172,8117,8176,8210,8177,8181,8138,19.50770401954651,sil,False
6,8195,8200,8186,8206,8202,8173,8162,8162,8096,8169,8189,8168,8155,8130,19.52360582351685,sil,False
7,8188,8184,8176,8213,8197,8193,8185,8169,8093,8178,8171,8165,8157,8144,19.52360582351685,sil,False
8,8182,8161,8164,8200,8185,8188,8200,8181,8110,8183,8166,8163,8160,8158,19.53928256034851,sil,False
9,8176,8159,8170,8176,8175,8187,8200,8194,8130,8185,8166,8164,8153,8150,19.53928256034851,sil,False
10,8176,8155,8139,8176,8181,8190,8213,8189,8148,8205,8166,8147,8159,8138,19.554807662963867,sil,False
11,8185,8151,8163,8170,8183,8177,8204,8183,8140,8203,8166,8164,8167,8146,19.554807662963867,sil,False
12,8188,8160,8159,8170,8177,8166,8193,8182,8149,8206,8183,8176,8188,8150,19.570024967193604,sil,False
13,8195,8172,8151,8166,8169,8154,8176,8171,8146,8202,8191,8179,8199,8150,19.570024967193604,sil,False
14,8209,8185,8182,8172,8174,8158,8160,8174,8129,8180,8187,8195,8188,8156,19.586080074310303,sil,False
15,8213,8183,8163,8192,8183,8163,8161,8172,8146,8188,8203,8189,8196,8153,19.601529836654663,sil,False
16,8211,8183,8178,8182,8179,8149,8149,8164,8145,8189,8207,8191,8194,8148,19.601529836654663,sil,False
17,8203,8185,8175,8181,8177,8145,8148,8158,8135,8175,8191,8180,8173,8136,19.61754846572876,sil,False
18,8203,8176,8163,8185,8181,8152,8155,8160,8152,8169,8187,8175,8166,8130,19.61754846572876,sil,False
19,8215,8192,8201,8182,8184,8163,8163,8173,8185,8182,8209,8201,8179,8148,19.61754846572876,sil,False
20,8214,8205,8184,8198,8191,8159,8170,8168,8195,8196,8223,8200,8190,8151,19.633379459381104,sil,False
21,8210,8197,8192,8200,8193,8149,8157,8162,8174,8178,8205,8207,8181,8145,19.633379459381104,sil,False
22,8204,8188,8194,8190,8193,8158,8158,8169,8181,8173,8196,8205,8186,8146,19.64940619468689,sil,False
23,8197,8182,8173,8184,8188,8153,8158,8161,8184,8174,8196,8184,8185,8142,19.66422820091248,sil,False
24,8205,8197,8199,8190,8187,8150,8149,8161,8163,8165,8197,8196,8171,8142,19.66422820091248,sil,False
25,8215,8209,8190,8212,8199,8157,8163,8161,8170,8178,8206,8198,8178,8142,19.679380893707275,sil,False
26,8206,8207,8201,8210,8202,8164,8169,8159,8173,8178,8190,8194,8168,8137,19.679380893707275,sil,False
27,8189,8208,8198,8211,8200,8181,8174,8164,8177,8179,8175,8180,8161,8134,19.694988489151,sil,False
28,8188,8203,8176,8215,8207,8188,8183,8164,8185,8194,8183,8171,8171,8134,19.694988489151,sil,False
29,8191,8201,8203,8208,8211,8188,8182,8168,8175,8192,8178,8180,8169,8134,19.71021151542664,sil,False
30,8179,8200,8178,8220,8212,8186,8180,8164,8180,8191,8180,8162,8163,8128,19.71021151542664,sil,False
31,8180,8197,8183,8217,8205,8183,8179,8158,8180,8182,8185,8164,8157,8137,19.7261016368866,sil,False
32,8186,8183,8190,8208,8205,8190,8189,8164,8173,8181,8170,8166,8157,8145,19.7261016368866,sil,False
33,8187,8171,8159,8208,8209,8187,8197,8167,8178,8192,8158,8152,8162,8146,19.741198301315308,sil,False
34,8190,8181,8188,8197,8202,8186,8195,8177,8187,8197,8164,8167,8167,8157,19.741198301315308,sil,False
35,8190,8184,8180,8205,8198,8194,8209,8178,8198,8207,8169,8159,8170,8153,19.7570915222168,sil,False
36,8198,8185,8183,8214,8201,8195,8218,8171,8190,8201,8160,8155,8162,8147,19.7570915222168,sil,False
37,8202,8193,8195,8207,8207,8195,8216,8178,8200,8201,8167,8166,8169,8157,19.772136449813843,sil,False
38,8200,8175,8162,8175,8204,8175,8198,8173,8226,8207,8175,8158,8179,8158,19.772136449813843,sil,False
39,8197,8158,8175,8141,8184,8154,8171,8168,8207,8186,8155,8158,8164,8150,19.78806161880493,sil,False
40,8192,8168,8166,8156,8182,8162,8182,8172,8199,8193,8146,8146,8163,8146,19.78806161880493,sil,False
41,8187,8169,8162,8156,8186,8164,8182,8173,8214,8207,8146,8142,8165,8144,19.80310583114624,sil,False
42,8180,8160,8162,8135,8178,8159,8170,8182,8226,8206,8149,8153,8165,8143,19.80310583114624,sil,False
43,8188,8162,8143,8140,8177,8160,8184,8186,8238,8212,8164,8156,8184,8148,19.819231033325195,sil,False
44,8199,8177,8176,8145,8188,8167,8186,8182,8228,8200,8165,8172,8182,8149,19.819231033325195,sil,False
45,8195,8184,8170,8155,8203,8170,8187,8180,8227,8195,8173,8170,8176,8139,19.83526015281677,sil,False
46,8198,8182,8169,8156,8207,8168,8186,8179,8225,8201,8187,8170,8181,8139,19.83526015281677,sil,False
47,8207,8184,8191,8151,8200,8172,8187,8176,8226,8206,8189,8183,8180,8146,19.85126805305481,sil,False
48,8197,8184,8170,8160,8201,8167,8191,8168,8237,8211,8188,8174,8175,8143,19.85126805305481,sil,False
49,8186,8186,8194,8164,8203,8169,8186,8178,8228,8204,8181,8173,8164,8142,19.866461277008057,sil,False
50,8177,8183,8179,8175,8204,8195,8206,8186,8236,8206,8169,8148,8160,8138,19.866461277008057,sil,False
51,8170,8170,8150,8174,8203,8209,8223,8177,8244,8206,8152,8125,8153,8143,19.882076740264893,sil,False
52,8173,8168,8167,8163,8199,8210,8222,8180,8241,8209,8147,8137,8146,8154,19.882076740264893,sil,False
53,8171,8157,8144,8157,8193,8197,8215,8180,8249,8223,8155,8141,8156,8150,19.897730350494385,sil,False
54,8179,8145,8158,8144,8188,8178,8192,8184,8253,8227,8162,8166,8167,8160,19.897730350494385,sil,False
55,8190,8151,8155,8144,8190,8168,8185,8189,8267,8236,8175,8181,8180,8172,19.91300320625305,sil,False
56,8186,8148,8132,8132,8179,8153,8178,8177,8264,8223,8171,8171,8174,8155,19.91300320625305,sil,False
57,8184,8156,8157,8128,8176,8152,8171,8174,8248,8203,8160,8174,8168,8140,19.929081678390503,sil,False
58,8188,8170,8150,8156,8197,8163,8185,8165,8238,8202,8168,8167,8169,8134,19.929081678390503,sil,False
59,8183,8168,8164,8153,8203,8166,8183,8163,8208,8183,8166,8165,8139,8125,19.94424152374268,sil,False
60,8168,8169,8157,8148,8203,8181,8192,8176,8209,8187,8156,8149,8128,8118,19.94424152374268,sil,False
61,8157,8160,8134,8154,8206,8190,8212,8172,8224,8206,8134,8119,8129,8109,19.96034836769104,sil,False
62,8147,8150,8154,8143,8194,8191,8213,8171,8211,8189,8109,8111,8106,8102,19.96034836769104,sil,False
63,8151,8148,8137,8145,8194,8196,8213,8176,8221,8188,8117,8109,8111,8109,19.976101875305176,sil,False
64,8170,8150,8150,8142,8200,8197,8206,8183,8231,8208,8134,8127,8127,8126,19.976101875305176,sil,False
65,8160,8143,8141,8134,8191,8183,8195,8189,8231,8220,8140,8123,8122,8124,19.991135597229004,sil,False
66,8145,8133,8114,8117,8176,8159,8187,8179,8239,8220,8137,8111,8121,8116,19.991135597229004,sil,False
67,8150,8138,8141,8100,8173,8157,8181,8175,8241,8212,8130,8129,8134,8112,20.00700807571411,sil,False
68,8146,8135,8120,8111,8179,8161,8186,8179,8242,8214,8134,8121,8141,8097,20.00700807571411,sil,False
69,8147,8138,8131,8109,8175,8148,8171,8176,8225,8188,8135,8130,8126,8096,20.022181272506717,sil,False
70,8160,8156,8150,8106,8174,8149,8161,8171,8218,8168,8145,8151,8136,8107,20.022181272506717,sil,False
71,8171,8157,8142,8126,8179,8150,8164,8166,8214,8176,8162,8149,8160,8109,20.038215160369877,sil,False
72,8165,8158,8173,8130,8181,8149,8161,8167,8182,8163,8158,8153,8144,8101,20.038215160369877,sil,False
73,8151,8164,8149,8128,8187,8166,8174,8165,8173,8155,8152,8140,8122,8089,20.0542905330658,sil,False
74,8158,8170,8153,8123,8185,8179,8185,8173,8182,8168,8159,8144,8129,8101,20.0542905330658,sil,False
75,8162,8172,8178,8128,8185,8177,8196,8183,8195,8190,8170,8155,8145,8116,20.075984716415405,sil,False
76,8147,8164,8157,8138,8185,8161,8194,8170,8194,8194,8153,8133,8140,8103,20.075984716415405,sil,False
77,8139,8159,8169,8127,8178,8159,8171,8169,8163,8169,8120,8124,8120,8092,20.075984716415405,sil,False
78,8142,8156,8155,8134,8182,8171,8175,8176,8165,8181,8128,8118,8138,8102,20.085020780563354,sil,False
79,8143,8152,8153,8137,8183,8177,8186,8171,8185,8196,8140,8128,8156,8116,20.1011016368866,sil,False
80,8130,8151,8154,8121,8172,8187,8190,8170,8184,8188,8121,8124,8143,8106,20.1011016368866,sil,False
81,8114,8134,8113,8108,8169,8182,8193,8172,8180,8191,8111,8093,8129,8087,20.11710858345032,sil,False
82,8116,8130,8130,8091,8163,8179,8187,8180,8184,8189,8110,8101,8124,8090,20.11710858345032,sil,False
83,8113,8135,8118,8096,8161,8190,8196,8175,8195,8185,8101,8099,8124,8091,20.13236165046692,sil,False
84,8115,8129,8113,8095,8161,8182,8194,8164,8183,8184,8097,8098,8118,8091,20.13236165046692,sil,False
85,8138,8141,8146,8099,8159,8183,8189,8178,8189,8205,8129,8133,8141,8113,20.148136138916016,sil,False
86,8154,8155,8136,8121,8163,8190,8197,8188,8218,8222,8165,8148,8178,8129,20.148136138916016,sil,False
87,8155,8164,8159,8115,8167,8183,8186,8191,8209,8199,8166,8159,8176,8130,20.16373372077942,sil,False
88,8151,8162,8149,8113,8169,8176,8179,8182,8197,8193,8165,8151,8173,8122,20.16373372077942,sil,False
89,8140,8145,8121,8103,8158,8162,8167,8159,8177,8182,8147,8135,8162,8103,20.1784188747406,sil,False
90,8121,8140,8131,8089,8150,8159,8153,8158,8152,8166,8123,8129,8144,8088,20.1784188747406,sil,False
91,8117,8143,8117,8097,8156,8161,8153,8163,8163,8167,8138,8121,8146,8086,20.19406247138977,please,True
92,8130,8146,8139,8096,8152,8159,8144,8166,8166,8150,8148,8136,8141,8087,20.19406247138977,please,True
93,8140,8147,8139,8104,8154,8170,8157,8171,8175,8158,8146,8139,8149,8093,20.209213972091675,please,True
94,8148,8148,8142,8103,8158,8178,8172,8168,8182,8175,8142,8135,8162,8099,20.209213972091675,please,True
95,8151,8166,8178,8108,8162,8181,8167,8170,8169,8165,8136,8147,8148,8101,20.22527837753296,please,True
96,8161,8184,8159,8149,8177,8173,8173,8165,8170,8177,8162,8153,8147,8108,20.22527837753296,please,True
97,8173,8185,8180,8155,8180,8172,8177,8160,8170,8185,8180,8170,8156,8120,20.2413547039032,please,True
98,8169,8186,8185,8148,8175,8187,8182,8162,8175,8182,8165,8160,8159,8117,20.2413547039032,please,True
99,8168,8194,8172,8163,8173,8180,8177,8156,8167,8182,8156,8143,8154,8112,20.256726264953613,please,True
100,8170,8201,8203,8170,8178,8173,8177,8167,8156,8173,8162,8159,8150,8122,20.256726264953613,please,True
101,8153,8183,8172,8161,8179,8179,8195,8171,8167,8181,8157,8148,8151,8117,20.272355318069454,please,True
102,8143,8167,8167,8151,8165,8183,8186,8161,8151,8184,8140,8135,8143,8108,20.287439584732056,please,True
103,8146,8180,8180,8173,8172,8192,8191,8170,8144,8187,8151,8141,8154,8114,20.287439584732056,please,True
104,8150,8176,8167,8180,8188,8192,8202,8176,8165,8193,8163,8149,8164,8120,20.287439584732056,please,True
105,8150,8159,8173,8155,8181,8188,8193,8175,8173,8197,8148,8150,8154,8123,20.303178310394287,please,True
106,8140,8151,8145,8154,8167,8180,8193,8171,8178,8203,8145,8132,8157,8118,20.303178310394287,please,True
107,8145,8156,8162,8155,8163,8160,8189,8172,8165,8177,8149,8149,8156,8113,20.31867456436157,please,True
108,8171,8171,8180,8166,8170,8160,8189,8174,8168,8166,8168,8176,8156,8119,20.33528184890747,please,True
109,8186,8180,8172,8180,8164,8159,8179,8164,8171,8167,8178,8176,8163,8128,20.33528184890747,please,True
110,8178,8176,8197,8163,8141,8147,8153,8159,8139,8144,8157,8183,8155,8123,20.33528184890747,please,True
111,8169,8165,8173,8161,8137,8146,8147,8159,8134,8145,8167,8183,8158,8114,20.34946584701538,please,True
112,8183,8183,8196,8185,8150,8156,8152,8162,8133,8145,8201,8210,8172,8131,20.36500120162964,please,True
113,8200,8209,8234,8219,8153,8165,8160,8164,8095,8132,8219,8234,8183,8146,20.36500120162964,please,True
114,8208,8202,8221,8236,8147,8153,8155,8157,8067,8133,8221,8232,8187,8139,20.380110025405884,please,True
115,8221,8215,8257,8242,8148,8146,8147,8166,8067,8134,8226,8262,8186,8147,20.380110025405884,please,True
116,8216,8232,8243,8262,8159,8151,8155,8173,8073,8131,8234,8259,8183,8150,20.39599609375,please,True
117,8205,8218,8227,8252,8161,8142,8145,8169,8058,8118,8228,8240,8172,8140,20.39599609375,please,True
118,8206,8217,8237,8243,8157,8144,8146,8170,8067,8130,8230,8248,8181,8144,20.41141653060913,please,True
119,8203,8227,8213,8254,8165,8150,8169,8164,8085,8146,8229,8239,8197,8144,20.41141653060913,please,True
120,8203,8223,8229,8237,8177,8158,8167,8168,8075,8141,8220,8242,8189,8143,20.42641234397888,please,True
121,8201,8210,8211,8227,8184,8163,8165,8165,8090,8164,8223,8229,8187,8141,20.42641234397888,please,True
122,8188,8200,8192,8221,8176,8149,8170,8157,8098,8176,8207,8207,8172,8133,20.441922426223755,please,True
123,8167,8198,8193,8211,8172,8157,8178,8169,8099,8169,8183,8190,8157,8123,20.441922426223755,please,True
124,8164,8197,8173,8220,8181,8176,8187,8164,8114,8180,8190,8172,8166,8123,20.457427978515625,please,True
125,8181,8205,8202,8212,8177,8179,8171,8163,8111,8179,8195,8191,8167,8131,20.457427978515625,please,True
126,8186,8211,8194,8206,8179,8173,8166,8174,8126,8181,8191,8195,8162,8129,20.473036527633667,please,True
127,8181,8212,8186,8210,8188,8174,8177,8168,8141,8183,8193,8187,8162,8130,20.473036527633667,please,True
237,8183,8224,8212,8214,8200,8202,8196,8173,8141,8189,8195,8188,8164,8144,20.488715648651123,please,True
0,8194,8223,8190,8218,8212,8213,8206,8182,8150,8203,8194,8180,8175,8145,20.488715648651123,please,True
1,8199,8217,8205,8205,8206,8193,8183,8178,8153,8200,8195,8196,8183,8144,20.50370502471924,please,True
2,8188,8215,8199,8204,8205,8183,8181,8168,8162,8207,8203,8194,8188,8145,20.50370502471924,please,True
3,8177,8197,8170,8196,8208,8187,8191,8159,8149,8205,8180,8168,8169,8134,20.519431114196777,please,True
4,8161,8183,8168,8180,8197,8192,8189,8162,8137,8192,8152,8157,8146,8126,20.519431114196777,please,True
5,8152,8174,8143,8170,8189,8185,8197,8168,8185,8214,8158,8154,8162,8133,20.535040140151978,please,True
6,8165,8167,8165,8152,8187,8182,8200,8185,8223,8219,8164,8173,8178,8146,20.535040140151978,please,True
7,8166,8163,8161,8148,8191,8195,8205,8193,8223,8212,8159,8167,8179,8145,20.551136016845703,please,True
8,8156,8157,8135,8143,8187,8191,8192,8172,8205,8205,8146,8147,8164,8133,20.551136016845703,please,True
9,8156,8162,8162,8143,8180,8184,8175,8169,8197,8200,8137,8153,8153,8128,20.56656837463379,please,True
10,8153,8156,8140,8147,8180,8184,8188,8178,8212,8205,8149,8143,8166,8125,20.56656837463379,please,True
11,8151,8146,8138,8117,8179,8173,8185,8173,8209,8192,8154,8147,8165,8128,20.582252740859985,please,True
12,8148,8149,8139,8117,8180,8164,8179,8169,8206,8196,8152,8145,8165,8121,20.582252740859985,please,True
13,8137,8147,8123,8136,8172,8162,8181,8176,8210,8201,8140,8127,8163,8112,20.597501754760746,please,True
14,8135,8140,8141,8121,8167,8170,8187,8186,8202,8180,8122,8128,8141,8112,20.597501754760746,please,True
15,8138,8136,8121,8124,8179,8177,8204,8176,8209,8195,8137,8123,8145,8106,20.61354947090149,please,True
16,8147,8147,8147,8138,8182,8180,8202,8176,8217,8218,8162,8151,8175,8122,20.61354947090149,please,True
17,8162,8166,8171,8150,8175,8181,8188,8185,8219,8211,8166,8178,8190,8146,20.62908148765564,please,True
18,8168,8163,8143,8151,8173,8157,8173,8175,8224,8190,8161,8163,8172,8134,20.62908148765564,please,True
19,8157,8151,8154,8136,8173,8151,8165,8176,8227,8195,8162,8160,8159,8120,20.64448070526123,please,True
20,8155,8149,8146,8149,8177,8166,8181,8184,8236,8225,8175,8160,8178,8130,20.64448070526123,please,True
21,8175,8160,8164,8157,8174,8160,8173,8182,8224,8218,8170,8172,8185,8139,20.660032987594604,please,True
22,8172,8158,8167,8148,8172,8154,8161,8181,8211,8188,8159,8177,8175,8136,20.660032987594604,please,True
23,8154,8138,8131,8133,8175,8158,8165,8171,8205,8176,8160,8164,8169,8127,20.67563843727112,please,True
24,8151,8140,8151,8118,8164,8162,8162,8171,8193,8180,8159,8171,8163,8120,20.67563843727112,please,True
25,8149,8148,8135,8125,8156,8160,8170,8176,8204,8194,8161,8160,8162,8112,20.69121360778809,sil,False
26,8145,8142,8131,8118,8157,8149,8163,8169,8192,8167,8152,8153,8151,8110,20.69121360778809,sil,False
27,8146,8152,8150,8113,8167,8153,8156,8169,8180,8141,8151,8163,8148,8112,20.707056045532227,sil,False
28,8160,8162,8140,8132,8180,8159,8168,8169,8204,8165,8167,8164,8164,8117,20.707056045532227,sil,False
29,8170,8159,8165,8126,8173,8158,8163,8171,8202,8168,8155,8173,8157,8120,20.722163438797,sil,False
30,8154,8157,8146,8122,8162,8155,8153,8163,8175,8142,8137,8160,8144,8103,20.72259259223938,sil,False
31,8143,8163,8148,8119,8165,8151,8141,8145,8149,8128,8140,8157,8143,8092,20.737313985824585,sil,False
32,8149,8176,8171,8112,8170,8164,8150,8152,8157,8138,8145,8158,8143,8100,20.737313985824585,sil,False
33,8146,8166,8142,8113,8156,8164,8158,8157,8170,8134,8133,8135,8136,8097,20.75323462486267,sil,False
34,8149,8161,8174,8124,8146,8145,8138,8153,8144,8109,8125,8153,8122,8098,20.75323462486267,sil,False
35,8152,8173,8182,8145,8161,8147,8136,8150,8139,8124,8140,8160,8129,8102,20.768808364868164,sil,False
36,8149,8169,8174,8134,8166,8154,8139,8146,8141,8129,8136,8142,8125,8102,20.768808364868164,sil,False
37,8146,8167,8190,8137,8157,8159,8143,8153,8136,8119,8123,8139,8112,8105,20.784003734588623,sil,False
38,8137,8166,8155,8167,8163,8158,8158,8159,8160,8153,8127,8129,8122,8103,20.799484968185425,sil,False
39,8128,8160,8161,8148,8169,8161,8160,8164,8167,8165,8129,8134,8128,8099,20.799484968185425,sil,False
40,8119,8144,8155,8127,8166,8170,8170,8159,8162,8157,8126,8122,8128,8090,20.799484968185425,sil,False
41,8113,8137,8140,8129,8158,8161,8169,8152,8160,8157,8109,8107,8120,8089,20.814993619918823,sil,False
42,8114,8149,8157,8130,8156,8165,8158,8162,8169,8161,8098,8115,8120,8094,20.815994024276733,sil,False
43,8122,8144,8135,8129,8158,8167,8158,8159,8182,8161,8117,8115,8143,8088,20.830231189727783,sil,False
44,8137,8136,8151,8104,8144,8143,8137,8155,8166,8135,8128,8136,8139,8091,20.84538006782532,sil,False
45,8144,8144,8156,8105,8146,8138,8128,8159,8161,8135,8135,8148,8134,8098,20.84538006782532,sil,False
46,8151,8149,8156,8126,8163,8145,8136,8150,8163,8145,8147,8149,8147,8102,20.862054109573364,sil,False
47,8154,8150,8178,8118,8157,8142,8129,8147,8149,8131,8154,8157,8153,8098,20.8630588054657,sil,False
48,8151,8152,8150,8115,8144,8127,8123,8150,8147,8136,8162,8142,8159,8087,20.8630588054657,sil,False
49,8154,8161,8177,8128,8151,8128,8122,8152,8139,8143,8162,8149,8157,8092,20.876665592193604,sil,False
50,8153,8177,8187,8157,8171,8150,8139,8151,8139,8143,8156,8148,8151,8103,20.89247417449951,sil,False
51,8148,8175,8162,8163,8177,8158,8147,8149,8142,8137,8141,8126,8144,8100,20.89247417449951,sil,False
52,8138,8164,8181,8149,8168,8162,8144,8155,8132,8138,8129,8126,8139,8093,20.907989263534542,sil,False
53,8120,8154,8147,8154,8158,8161,8153,8149,8139,8152,8133,8110,8137,8082,20.907989263534542,sil,False
54,8118,8150,8145,8151,8153,8162,8153,8145,8139,8155,8127,8106,8123,8078,20.924036979675293,sil,False
55,8128,8152,8156,8163,8167,8186,8168,8163,8157,8180,8136,8117,8130,8092,20.924036979675293,sil,False
56,8134,8141,8130,8167,8170,8187,8179,8175,8188,8197,8147,8116,8150,8111,20.940057277679443,sil,False
57,8127,8137,8138,8137,8153,8167,8167,8179,8191,8179,8131,8123,8150,8117,20.940057277679443,sil,False
58,8124,8138,8124,8130,8152,8161,8170,8171,8200,8184,8127,8122,8155,8111,20.95547223091125,sil,False
59,8138,8131,8137,8125,8150,8158,8160,8163,8196,8184,8135,8131,8157,8113,20.95547223091125,sil,False
60,8143,8127,8138,8112,8142,8154,8144,8168,8180,8167,8137,8131,8159,8107,20.97051739692688,sil,False
61,8128,8122,8105,8100,8140,8142,8139,8159,8169,8160,8133,8120,8160,8085,20.97051739692688,sil,False
62,8127,8136,8133,8101,8135,8143,8127,8158,8146,8154,8138,8132,8157,8078,20.98605227470398,sil,False
63,8142,8163,8139,8140,8149,8160,8133,8160,8138,8162,8161,8130,8172,8086,20.98605227470398,sil,False
64,8150,8174,8160,8157,8165,8166,8146,8157,8131,8160,8164,8138,8174,8102,21.00212860107422,sil,False
65,8144,8168,8176,8158,8169,8177,8163,8162,8136,8173,8155,8146,8165,8117,21.00212860107422,sil,False
66,8137,8161,8144,8173,8170,8181,8177,8163,8145,8203,8155,8129,8168,8117,21.018182039260864,sil,False
67,8139,8163,8154,8164,8164,8172,8166,8167,8143,8200,8151,8134,8173,8111,21.018182039260864,sil,False
68,8138,8152,8134,8147,8152,8164,8153,8169,8159,8193,8156,8136,8187,8105,21.0335955619812,sil,False
69,8139,8140,8131,8125,8145,8152,8134,8165,8156,8181,8166,8147,8187,8097,21.0335955619812,sil,False
70,8141,8162,8155,8125,8150,8153,8130,8166,8135,8166,8176,8163,8176,8091,21.04929041862488,sil,False
71,8143,8180,8145,8164,8162,8156,8138,8152,8126,8164,8175,8150,8169,8086,21.04929041862488,sil,False
72,8143,8177,8175,8186,8166,8162,8133,8152,8123,8168,8157,8153,8165,8094,21.065236568450928,sil,False
73,8128,8161,8156,8181,8162,8175,8154,8165,8148,8189,8153,8141,8179,8103,21.065236568450928,sil,False
74,8128,8137,8131,8156,8159,8173,8171,8166,8164,8194,8155,8133,8186,8107,21.080453634262085,sil,False
75,8143,8132,8147,8138,8160,8167,8165,8168,8164,8189,8155,8155,8191,8119,21.080453634262085,sil,False
76,8144,8132,8124,8125,8147,8152,8148,8158,8161,8173,8152,8151,8197,8109,21.095980882644653,sil,False
77,8143,8133,8143,8109,8127,8141,8129,8158,8136,8129,8136,8143,8176,8090,21.095980882644653,sil,False
78,8149,8143,8145,8125,8142,8144,8146,8178,8151,8145,8148,8140,8179,8096,21.11111879348755,sil,False
79,8149,8144,8141,8123,8155,8135,8155,8180,8173,8175,8162,8144,8197,8105,21.11111879348755,sil,False
80,8129,8143,8153,8103,8142,8142,8145,8166,8148,8150,8144,8135,8185,8089,21.126728534698486,sil,False
81,8108,8143,8125,8122,8146,8166,8152,8158,8139,8139,8125,8100,8162,8064,21.126728534698486,sil,False
82,8122,8158,8161,8142,8171,8177,8162,8165,8148,8149,8129,8115,8158,8078,21.142067193984985,sil,False
83,8136,8166,8171,8151,8181,8178,8176,8165,8156,8161,8148,8130,8172,8099,21.142067193984985,sil,False
84,8124,8143,8139,8140,8158,8168,8173,8154,8141,8161,8144,8119,8170,8094,21.157198667526245,sil,False
85,8112,8129,8150,8126,8143,8168,8161,8159,8133,8161,8130,8126,8162,8095,21.157198667526245,sil,False
86,8119,8129,8139,8137,8155,8169,8165,8160,8148,8174,8140,8118,8169,8105,21.17232871055603,sil,False
87,8135,8134,8163,8137,8157,8163,8159,8158,8151,8169,8153,8129,8168,8113,21.172733783721924,sil,False
88,8144,8141,8167,8137,8151,8164,8161,8164,8171,8171,8160,8148,8183,8117,21.188437461853027,sil,False
89,8156,8139,8151,8135,8146,8148,8161,8167,8185,8179,8168,8158,8208,8126,21.188437461853027,sil,False
90,8158,8136,8169,8119,8142,8143,8150,8176,8178,8165,8173,8170,8205,8123,21.20406746864319,sil,False
91,8144,8141,8147,8126,8152,8151,8153,8169,8184,8168,8188,8162,8201,8108,21.20406746864319,sil,False
92,8150,8157,8173,8134,8153,8143,8141,8157,8172,8169,8197,8174,8200,8112,21.21965789794922,sil,False
93,8152,8161,8183,8132,8147,8132,8135,8159,8158,8150,8187,8165,8185,8101,21.21965789794922,sil,False
94,8132,8146,8149,8125,8150,8131,8139,8150,8146,8130,8165,8128,8160,8068,21.23536205291748,sil,False
95,8120,8154,8173,8129,8157,8150,8138,8150,8131,8127,8150,8131,8145,8069,21.23536205291748,sil,False
96,8121,8169,8164,8161,8168,8173,8155,8154,8145,8149,8166,8128,8160,8085,21.2505099773407,sil,False
97,8129,8169,8165,8161,8167,8178,8166,8155,8152,8150,8166,8129,8168,8087,21.2505099773407,sil,False
98,8124,8158,8160,8145,8164,8182,8178,8168,8162,8158,8148,8130,8173,8094,21.266647338867188,sil,False
99,8117,8141,8132,8139,8164,8183,8196,8175,8195,8194,8151,8123,8187,8111,21.266647338867188,sil,False
100,8133,8146,8162,8131,8160,8190,8207,8185,8219,8204,8160,8144,8194,8125,21.282065629959103,sil,False
101,8144,8148,8147,8137,8153,8185,8207,8188,8233,8194,8161,8147,8197,8122,21.282065629959103,sil,False
102,8137,8134,8140,8123,8143,8158,8173,8176,8222,8172,8158,8154,8199,8115,21.29807734489441,sil,False
103,8140,8147,8159,8119,8154,8152,8155,8171,8210,8169,8175,8176,8211,8114,21.29807734489441,sil,False
104,8158,8170,8156,8144,8177,8158,8156,8165,8201,8167,8193,8178,8217,8110,21.313363313674927,sil,False
105,8157,8176,8185,8146,8175,8162,8139,8161,8165,8147,8182,8178,8195,8100,21.313363313674927,sil,False
106,8137,8170,8166,8154,8167,8176,8149,8157,8152,8156,8172,8157,8176,8090,21.32850313186645,sil,False
107,8139,8166,8170,8172,8168,8187,8178,8160,8164,8159,8168,8153,8168,8104,21.32850313186645,sil,False
108,8148,8174,8189,8183,8167,8199,8199,8179,8180,8167,8168,8161,8182,8125,21.34419250488281,sil,False
109,8143,8165,8148,8170,8155,8199,8206,8176,8191,8198,8169,8144,8200,8124,21.34419250488281,sil,False
110,8139,8152,8154,8133,8146,8188,8195,8170,8185,8194,8162,8151,8191,8122,21.359363555908203,sil,False
111,8148,8153,8148,8131,8156,8176,8195,8172,8205,8192,8170,8160,8198,8127,21.359363555908203,sil,False
112,8168,8159,8152,8139,8158,8157,8184,8169,8204,8203,8183,8171,8212,8130,21.375431776046756,sil,False
113,8169,8170,8176,8133,8148,8157,8167,8170,8180,8189,8183,8181,8206,8127,21.375431776046756,sil,False
114,8165,8170,8150,8126,8140,8162,8164,8168,8180,8164,8176,8170,8202,8116,21.39125108718872,sil,False
115,8173,8170,8165,8110,8137,8156,8159,8169,8150,8150,8171,8182,8198,8117,21.39125108718872,sil,False
116,8161,8174,8164,8123,8143,8156,8173,8166,8110,8168,8185,8180,8198,8117,21.406481742858887,sil,False
117,8145,8180,8163,8137,8148,8169,8177,8157,8096,8173,8187,8170,8188,8103,21.406481742858887,sil,False
118,8147,8188,8185,8140,8154,8182,8170,8166,8094,8167,8173,8175,8171,8093,21.422334909439087,sil,False
119,8134,8169,8150,8149,8159,8170,8184,8165,8092,8168,8158,8147,8165,8086,21.43707847595215,sil,False
120,8122,8148,8158,8140,8149,8166,8190,8162,8084,8151,8133,8132,8150,8086,21.43707847595215,sil,False
121,8135,8152,8153,8134,8147,8182,8188,8170,8097,8156,8134,8137,8153,8096,21.45306634902954,sil,False
122,8138,8155,8139,8127,8147,8175,8175,8165,8095,8154,8145,8138,8152,8094,21.45306634902954,sil,False
123,8120,8149,8160,8126,8143,8182,8178,8167,8091,8148,8137,8137,8141,8093,21.46896862983704,sil,False
124,8114,8139,8130,8147,8161,8202,8205,8174,8122,8186,8145,8132,8167,8105,21.46896862983704,sil,False
125,8126,8136,8127,8137,8175,8191,8204,8178,8130,8203,8152,8154,8190,8123,21.46896862983704,sil,False
126,8116,8134,8114,8117,8161,8182,8192,8167,8117,8180,8137,8151,8171,8116,21.48530864715576,sil,False
127,8107,8135,8106,8120,8153,8191,8189,8158,8105,8163,8124,8132,8144,8100,21.49945306777954,sil,False
237,8131,8150,8149,8133,8158,8197,8189,8173,8117,8169,8134,8144,8148,8109,21.49945306777954,sil,False
0,8150,8154,8130,8145,8158,8177,8187,8175,8165,8179,8154,8146,8174,8115,21.515564918518063,sil,False
1,8157,8161,8139,8137,8157,8161,8169,8172,8196,8175,8163,8172,8188,8118,21.515564918518063,sil,False
2,8159,8181,8157,8147,8174,8177,8173,8178,8210,8184,8182,8191,8201,8122,21.531455039978027,sil,False
3,8161,8181,8149,8156,8173,8166,8168,8167,8196,8177,8188,8181,8198,8116,21.531455039978027,sil,False
4,8165,8180,8177,8150,8155,8144,8143,8158,8163,8157,8177,8191,8186,8116,21.54712748527527,sil,False
5,8163,8187,8161,8163,8160,8147,8148,8156,8170,8171,8180,8187,8194,8113,21.54712748527527,sil,False
6,8158,8185,8167,8151,8164,8152,8143,8152,8173,8168,8178,8187,8185,8105,21.562380075454712,sil,False
7,8151,8177,8168,8143,8160,8157,8138,8158,8164,8156,8167,8181,8174,8097,21.562380075454712,sil,False
8,8156,8174,8152,8165,8170,8160,8159,8162,8176,8169,8172,8163,8180,8102,21.57847309112549,sil,False
9,8161,8185,8190,8178,8176,8163,8169,8165,8185,8176,8180,8174,8175,8114,21.57847309112549,sil,False
10,8153,8183,8169,8183,8171,8166,8177,8168,8195,8183,8172,8170,8169,8110,21.593650341033936,sil,False
11,8160,8174,8163,8177,8162,8167,8175,8173,8188,8178,8163,8172,8172,8108,21.593650341033936,sil,False
12,8168,8177,8181,8185,8164,8167,8169,8175,8182,8179,8177,8182,8180,8113,21.60933756828308,sil,False
13,8173,8177,8170,8201,8172,8159,8165,8162,8188,8193,8198,8182,8188,8116,21.60933756828308,sil,False
14,8181,8182,8198,8192,8172,8166,8163,8168,8192,8191,8206,8204,8190,8127,21.625417947769165,sil,False
15,8181,8187,8186,8191,8178,8187,8186,8183,8218,8217,8235,8214,8214,8143,21.625417947769165,sil,False
16,8194,8193,8193,8193,8194,8197,8209,8191,8239,8250,8267,8230,8235,8163,21.6415331363678,sil,False
17,8225,8219,8229,8202,8215,8215,8231,8206,8261,8269,8299,8256,8258,8186,21.6415331363678,sil,False
18,8232,8228,8213,8211,8220,8222,8239,8203,8284,8294,8333,8259,8284,8195,21.65707015991211,sil,False
19,8219,8212,8217,8188,8209,8222,8225,8199,8273,8287,8325,8259,8280,8191,21.65707015991211,sil,False
20,8212,8202,8193,8180,8211,8230,8233,8195,8269,8271,8309,8236,8274,8183,21.67231249809265,sil,False
21,8210,8193,8187,8170,8209,8222,8231,8184,8267,8273,8317,8224,8275,8183,21.67231249809265,sil,False
22,8200,8184,8196,8153,8203,8217,8220,8193,8265,8290,8328,8230,8284,8187,21.688044548034668,sil,False
23,8185,8167,8156,8145,8205,8213,8225,8187,8265,8283,8313,8210,8278,8177,21.688044548034668,sil,False
24,8180,8156,8168,8126,8193,8200,8221,8171,8242,8249,8280,8208,8243,8169,21.70318078994751,sil,False
25,8178,8161,8162,8129,8188,8204,8226,8172,8239,8263,8278,8205,8238,8173,21.70318078994751,sil,False
26,8172,8156,8144,8121,8193,8213,8225,8174,8239,8264,8274,8194,8243,8171,21.71928381919861,sil,False
27,8167,8151,8159,8107,8189,8218,8217,8180,8236,8243,8265,8193,8240,8170,21.71928381919861,sil,False
28,8177,8157,8150,8130,8191,8213,8230,8185,8257,8269,8282,8192,8255,8176,21.7350013256073,sil,False
29,8188,8162,8172,8129,8196,8206,8234,8189,8256,8278,8287,8211,8265,8182,21.7350013256073,sil,False
30,8177,8147,8156,8117,8195,8209,8230,8184,8243,8255,8279,8205,8255,8171,21.75105762481689,sil,False
31,8175,8136,8146,8116,8187,8203,8225,8177,8245,8243,8278,8196,8248,8166,21.75105762481689,sil,False
32,8190,8157,8177,8112,8187,8198,8223,8184,8248,8259,8279,8215,8256,8178,21.767375707626343,sil,False
33,8195,8169,8148,8123,8189,8188,8216,8178,8249,8259,8280,8211,8265,8173,21.767375707626343,sil,False
34,8193,8172,8164,8129,8177,8172,8193,8177,8237,8226,8275,8221,8262,8168,21.782455921173096,sil,False
35,8189,8174,8166,8124,8178,8178,8196,8184,8248,8239,8283,8226,8274,8170,21.782455921173096,sil,False
36,8194,8166,8147,8111,8187,8183,8203,8177,8250,8256,8283,8224,8281,8169,21.798074960708615,sil,False
37,8194,8167,8176,8105,8181,8178,8193,8177,8230,8228,8269,8240,8267,8168,21.798074960708615,sil,False
38,8184,8170,8157,8113,8175,8168,8192,8175,8232,8216,8279,8233,8265,8161,21.81368851661682,sil,False
39,8194,8178,8171,8114,8183,8176,8186,8169,8221,8213,8290,8241,8265,8162,21.81368851661682,sil,False
40,8208,8198,8190,8136,8200,8195,8193,8169,8211,8213,8288,8244,8266,8162,21.82923889160156,sil,False
41,8207,8206,8183,8151,8205,8190,8204,8169,8220,8222,8287,8233,8265,8155,21.82923889160156,sil,False
42,8200,8206,8204,8140,8198,8187,8205,8177,8221,8232,8288,8241,8258,8155,21.844600677490234,sil,False
43,8190,8198,8179,8144,8193,8184,8202,8171,8218,8239,8287,8225,8260,8150,21.844600677490234,sil,False
44,8193,8194,8190,8139,8194,8175,8184,8165,8204,8220,8267,8219,8244,8143,21.860143184661865,sil,False
45,8206,8205,8204,8151,8202,8190,8196,8174,8207,8218,8259,8225,8228,8142,21.860143184661865,sil,False
46,8200,8198,8177,8167,8196,8190,8210,8167,8207,8216,8261,8215,8226,8137,21.875563621521,sil,False
47,8186,8182,8196,8150,8175,8179,8198,8170,8194,8197,8248,8216,8222,8138,21.875563621521,sil,False
48,8201,8172,8187,8151,8180,8188,8213,8179,8217,8212,8244,8209,8230,8142,21.891364336013797,sil,False
49,8233,8170,8192,8157,8195,8197,8224,8176,8226,8219,8237,8212,8233,8144,21.891364336013797,sil,False
50,8235,8172,8195,8153,8196,8200,8216,8169,8209,8213,8228,8207,8228,8141,21.906569957733154,sil,False
51,8220,8156,8163,8145,8180,8193,8209,8165,8204,8226,8222,8183,8224,8135,21.906569957733154,sil,False
52,8230,8154,8191,8148,8172,8195,8202,8171,8202,8229,8213,8196,8223,8141,21.92228651046753,sil,False
53,8241,8172,8182,8178,8191,8205,8208,8173,8214,8225,8221,8198,8236,8141,21.92228651046753,sil,False
54,8237,8173,8177,8175,8195,8202,8204,8174,8214,8220,8224,8194,8237,8139,21.93769359588623,sil,False
55,8234,8162,8190,8155,8184,8208,8211,8185,8216,8227,8223,8202,8239,8144,21.93769359588623,sil,False
56,8239,8151,8167,8157,8187,8207,8224,8184,8231,8241,8234,8204,8248,8154,21.953001976013184,sil,False
57,8249,8158,8185,8155,8190,8199,8221,8186,8227,8241,8232,8219,8247,8164,21.953001976013184,sil,False
58,8241,8164,8168,8165,8191,8207,8232,8185,8230,8244,8225,8214,8251,8158,21.969030380249023,sil,False
59,8239,8154,8161,8165,8185,8208,8229,8177,8224,8236,8224,8214,8247,8149,21.969030380249023,sil,False
60,8239,8151,8168,8152,8178,8199,8214,8185,8217,8236,8236,8225,8244,8154,21.984513521194454,sil,False
61,8223,8142,8131,8142,8175,8182,8209,8180,8223,8232,8233,8207,8243,8150,21.984513521194454,sil,False
62,8251,8131,8149,8122,8169,8170,8184,8168,8208,8186,8207,8199,8218,8135,22.000023365020752,sil,False
63,8335,8135,8141,8130,8174,8168,8176,8167,8203,8178,8215,8196,8209,8129,22.000023365020752,sil,False
64,8377,8149,8133,8140,8182,8166,8179,8168,8197,8194,8238,8212,8225,8130,22.017210006713867,sil,False
65,8350,8157,8153,8132,8180,8170,8178,8176,8192,8180,8233,8223,8231,8123,22.017210006713867,sil,False
66,8339,8151,8132,8132,8179,8165,8183,8171,8196,8176,8234,8201,8226,8114,22.03108263015747,sil,False
67,8339,8152,8151,8121,8177,8158,8170,8165,8176,8178,8234,8201,8203,8108,22.03108263015747,sil,False
68,8307,8155,8148,8120,8174,8165,8165,8165,8167,8174,8228,8191,8195,8095,22.046437740325928,sil,False
69,8297,8150,8146,8129,8181,8172,8174,8164,8169,8168,8229,8186,8203,8099,22.046437740325928,sil,False
70,8307,8164,8175,8141,8192,8188,8182,8174,8166,8178,8237,8204,8205,8117,22.06206202507019,sil,False
71,8302,8180,8160,8166,8200,8196,8190,8178,8180,8195,8241,8195,8207,8116,22.06206202507019,sil,False
72,8305,8185,8195,8179,8202,8194,8189,8182,8190,8194,8238,8199,8210,8128,22.084412097930908,sil,False
73,8306,8185,8194,8188,8211,8203,8200,8183,8204,8211,8241,8196,8222,8144,22.084412097930908,sil,False
74,8294,8178,8163,8186,8211,8200,8198,8171,8206,8211,8228,8181,8218,8132,22.084412097930908,sil,False
75,8292,8178,8185,8187,8198,8199,8188,8172,8191,8184,8221,8190,8207,8128,22.093462467193604,sil,False
76,8299,8170,8167,8194,8191,8199,8194,8175,8196,8197,8228,8182,8221,8141,22.10896921157837,sil,False
77,8295,8155,8164,8160,8179,8181,8185,8173,8201,8207,8210,8180,8222,8148,22.10896921157837,sil,False
78,8280,8147,8149,8135,8173,8173,8180,8178,8216,8191,8205,8184,8223,8139,22.12501215934753,sil,False
79,8282,8148,8138,8143,8183,8175,8175,8171,8211,8167,8219,8188,8223,8129,22.12501215934753,sil,False
80,8293,8169,8178,8154,8194,8186,8172,8172,8183,8164,8236,8208,8217,8123,22.141184091567997,sil,False
81,8281,8174,8165,8166,8203,8189,8187,8174,8190,8189,8263,8203,8222,8118,22.141184091567997,sil,False
82,8263,8162,8178,8166,8196,8182,8184,8168,8185,8178,8261,8198,8216,8120,22.156970739364624,sil,False
83,8262,8163,8197,8197,8182,8192,8184,8166,8170,8167,8246,8203,8204,8132,22.156970739364624,sil,False
84,8277,8168,8190,8237,8176,8196,8189,8172,8186,8190,8266,8226,8214,8152,22.172182083129883,sil,False
85,8300,8181,8225,8235,8180,8189,8186,8190,8207,8207,8294,8275,8242,8174,22.17253541946411,sil,False
86,8305,8185,8212,8224,8181,8175,8189,8185,8214,8217,8306,8283,8275,8173,22.187321662902832,sil,False
87,8308,8184,8226,8220,8170,8159,8175,8172,8205,8199,8317,8296,8285,8173,22.187321662902832,sil,False
88,8327,8207,8260,8253,8170,8164,8165,8176,8199,8182,8343,8329,8291,8182,22.203510522842407,sil,False
89,8340,8228,8258,8293,8179,8161,8157,8165,8183,8182,8359,8336,8293,8183,22.203510522842407,sil,False
90,8331,8230,8283,8285,8178,8157,8144,8160,8158,8169,8348,8340,8280,8183,22.21949553489685,please,True
91,8314,8225,8261,8288,8178,8164,8145,8156,8160,8160,8336,8327,8272,8173,22.21949553489685,please,True
92,8319,8230,8275,8314,8178,8159,8140,8150,8145,8152,8326,8331,8262,8165,22.234156608581543,please,True
93,8327,8250,8312,8356,8183,8165,8148,8159,8138,8157,8320,8345,8256,8174,22.234156608581543,please,True
94,8322,8257,8294,8383,8187,8177,8163,8160,8149,8155,8309,8333,8249,8167,22.249364376068115,please,True
95,8315,8250,8308,8375,8179,8177,8149,8150,8127,8129,8277,8331,8223,8157,22.249364376068115,please,True
96,8313,8240,8289,8393,8185,8179,8154,8146,8123,8145,8262,8319,8225,8164,22.265424013137817,please,True
97,8320,8248,8294,8428,8183,8182,8162,8155,8130,8165,8254,8324,8240,8179,22.265424013137817,please,True
98,8317,8266,8316,8443,8177,8190,8164,8170,8140,8161,8240,8329,8242,8184,22.28112363815308,please,True
99,8296,8252,8273,8425,8189,8194,8174,8165,8161,8159,8216,8292,8228,8171,22.28112363815308,please,True
100,8278,8233,8264,8393,8190,8191,8169,8163,8156,8147,8176,8272,8194,8157,22.296077489852905,please,True
101,8270,8230,8240,8401,8185,8184,8172,8169,8160,8156,8154,8259,8186,8151,22.311158180236816,please,True
102,8273,8225,8229,8396,8185,8170,8169,8168,8173,8149,8150,8257,8189,8157,22.311158180236816,please,True
103,8290,8231,8252,8364,8186,8173,8154,8171,8175,8131,8144,8276,8190,8171,22.32667636871338,please,True
104,8307,8242,8240,8360,8193,8176,8147,8169,8171,8140,8143,8272,8191,8171,22.32667636871338,please,True
105,8303,8247,8251,8351,8204,8177,8141,8171,8163,8135,8145,8267,8164,8153,22.34204864501953,please,True
106,8280,8243,8226,8338,8209,8185,8152,8169,8165,8122,8134,8246,8147,8134,22.34204864501953,please,True
107,8276,8240,8215,8330,8201,8172,8151,8156,8149,8109,8096,8229,8147,8142,22.358152866363525,please,True
108,8280,8253,8238,8328,8204,8167,8146,8157,8128,8100,8072,8205,8129,8138,22.358152866363525,please,True
109,8262,8254,8203,8333,8216,8178,8160,8155,8130,8095,8082,8152,8103,8106,22.37318229675293,please,True
110,8246,8239,8211,8319,8206,8184,8157,8158,8130,8087,8082,8151,8098,8105,22.37318229675293,please,True
111,8238,8223,8205,8307,8198,8183,8159,8167,8130,8113,8071,8158,8112,8122,22.388696670532227,please,True
112,8233,8211,8183,8297,8205,8188,8175,8163,8108,8136,8054,8147,8105,8117,22.388696670532227,please,True
113,8222,8203,8195,8282,8206,8213,8192,8167,8086,8124,8036,8148,8091,8116,22.40477466583252,please,True
114,8205,8192,8164,8274,8199,8215,8199,8172,8106,8127,8034,8127,8098,8117,22.40477466583252,please,True
115,8202,8189,8175,8250,8193,8196,8186,8179,8107,8139,8026,8121,8099,8118,22.42050170898437,please,True
116,8198,8183,8166,8232,8199,8206,8198,8185,8097,8135,8016,8116,8094,8111,22.42050170898437,please,True
117,8193,8167,8132,8215,8195,8209,8202,8171,8108,8116,8011,8104,8090,8097,22.436026334762573,please,True
118,8201,8175,8158,8201,8176,8195,8185,8177,8121,8121,8016,8115,8099,8105,22.436026334762573,please,True
119,8214,8184,8152,8206,8169,8180,8190,8190,8139,8156,8052,8133,8133,8117,22.45106554031372,please,True
120,8226,8188,8172,8195,8174,8168,8182,8177,8128,8140,8076,8163,8131,8117,22.45106554031372,please,True
121,8233,8207,8188,8207,8183,8178,8174,8162,8128,8113,8071,8166,8111,8114,22.46711230278015,please,True
122,8228,8213,8174,8222,8187,8183,8183,8165,8152,8129,8069,8157,8117,8112,22.46711230278015,please,True
123,8216,8208,8192,8207,8182,8183,8194,8178,8150,8127,8072,8168,8115,8107,22.482346296310425,please,True
124,8205,8201,8172,8217,8188,8202,8212,8177,8158,8136,8071,8145,8109,8099,22.482346296310425,please,True
125,8205,8194,8180,8232,8195,8221,8216,8177,8180,8159,8071,8135,8112,8112,22.49767279624939,please,True
126,8203,8198,8184,8231,8196,8222,8215,8187,8202,8158,8087,8143,8124,8122,22.49767279624939,please,True
127,8201,8199,8162,8234,8195,8215,8223,8180,8217,8146,8093,8134,8127,8114,22.513397693634037,please,True
237,8208,8188,8183,8226,8196,8231,8240,8189,8236,8167,8084,8140,8130,8128,22.513397693634037,please,True
0,8195,8167,8143,8214,8196,8238,8251,8198,8271,8197,8066,8117,8137,8140,22.528993368148804,please,True
1,8172,8153,8121,8193,8179,8211,8216,8181,8256,8163,8042,8099,8115,8123,22.528993368148804,please,True
2,8168,8153,8136,8184,8170,8196,8186,8169,8231,8143,8060,8110,8116,8110,22.545048475265503,please,True
3,8175,8157,8120,8182,8177,8190,8188,8170,8238,8170,8095,8107,8146,8115,22.545048475265503,please,True
4,8186,8175,8146,8184,8176,8184,8181,8188,8231,8166,8092,8121,8157,8124,22.56118988990784,please,True
5,8197,8181,8139,8204,8177,8183,8179,8187,8227,8158,8090,8130,8163,8120,22.56118988990784,please,True
6,8202,8166,8142,8187,8173,8170,8168,8170,8222,8151,8089,8132,8152,8118,22.576462507247925,please,True
7,8201,8179,8172,8176,8169,8168,8156,8169,8214,8143,8083,8138,8137,8117,22.576462507247925,please,True
8,8209,8193,8166,8199,8177,8175,8165,8171,8213,8149,8112,8146,8149,8117,22.592110633850098,please,True
9,8210,8187,8178,8187,8184,8188,8169,8176,8209,8149,8130,8160,8153,8117,22.592110633850098,please,True
10,8194,8181,8151,8173,8182,8187,8170,8169,8211,8148,8116,8136,8138,8104,22.60773587226868,please,True
11,8195,8181,8152,8171,8168,8162,8155,8162,8194,8139,8114,8138,8128,8095,22.60773587226868,please,True
12,8207,8194,8182,8187,8168,8166,8155,8172,8190,8141,8124,8160,8133,8107,22.623699188232425,please,True
13,8195,8199,8156,8210,8183,8187,8178,8173,8207,8162,8119,8131,8132,8112,22.623699188232425,please,True
14,8173,8193,8168,8195,8182,8186,8179,8174,8190,8159,8100,8118,8110,8104,22.639440059661865,please,True
15,8164,8188,8158,8191,8182,8182,8184,8177,8186,8156,8105,8119,8111,8100,22.639440059661865,please,True
16,8172,8189,8161,8208,8193,8185,8193,8173,8196,8160,8110,8121,8122,8110,22.65504789352417,please,True
17,8177,8200,8192,8215,8199,8196,8200,8183,8195,8167,8103,8128,8121,8124,22.65504789352417,please,True
18,8168,8188,8157,8210,8191,8195,8204,8187,8199,8176,8105,8120,8127,8116,22.671188354492188,please,True
19,8170,8179,8162,8194,8178,8191,8194,8181,8194,8171,8104,8130,8128,8120,22.671188354492188,please,True
20,8182,8193,8173,8201,8183,8203,8208,8187,8206,8191,8118,8138,8142,8140,22.68640756607056,sil,False
21,8190,8194,8170,8209,8187,8200,8212,8185,8208,8196,8137,8149,8148,8144,22.68640756607056,sil,False
22,8181,8178,8177,8186,8173,8190,8187,8180,8188,8180,8134,8159,8134,8138,22.702051639556885,sil,False
23,8174,8166,8143,8173,8166,8185,8181,8181,8198,8188,8126,8140,8137,8135,22.702051639556885,sil,False
24,8189,8180,8170,8183,8171,8176,8179,8183,8209,8171,8132,8157,8153,8137,22.717214107513428,sil,False
25,8191,8189,8180,8198,8173,8169,8172,8171,8206,8162,8149,8178,8166,8130,22.717214107513428,sil,False
26,8188,8179,8161,8183,8172,8170,8162,8158,8186,8172,8147,8172,8163,8125,22.733256816864014,sil,False
27,8202,8190,8194,8172,8175,8185,8161,8166,8166,8156,8138,8186,8165,8131,22.733256816864014,sil,False
28,8211,8195,8182,8190,8178,8180,8176,8166,8173,8147,8154,8192,8180,8133,22.748735666275024,sil,False
29,8206,8185,8183,8178,8171,8156,8167,8162,8164,8147,8157,8190,8172,8129,22.748735666275024,sil,False
30,8199,8186,8179,8168,8169,8159,8162,8169,8160,8142,8149,8179,8161,8120,22.76398539543152,sil,False
31,8193,8199,8170,8190,8174,8169,8165,8167,8168,8133,8152,8172,8160,8116,22.76398539543152,sil,False
32,8190,8216,8210,8209,8181,8179,8166,8170,8167,8142,8159,8185,8162,8122,22.7794086933136,sil,False
33,8186,8212,8192,8221,8192,8189,8180,8169,8172,8168,8163,8168,8175,8120,22.7794086933136,sil,False
34,8176,8197,8188,8204,8194,8193,8180,8163,8168,8154,8143,8156,8160,8115,22.79524397850037,sil,False
35,8159,8190,8189,8196,8200,8203,8181,8168,8165,8144,8126,8151,8140,8110,22.79524397850037,sil,False
36,8150,8177,8161,8211,8205,8203,8185,8170,8168,8162,8130,8138,8150,8111,22.810392141342163,sil,False
37,8154,8168,8179,8202,8193,8197,8193,8175,8169,8165,8119,8148,8163,8124,22.810392141342163,sil,False
38,8147,8155,8157,8177,8177,8189,8211,8173,8191,8170,8106,8135,8165,8123,22.82568454742432,sil,False
39,8145,8138,8145,8145,8166,8173,8187,8168,8188,8161,8100,8135,8152,8110,22.82568454742432,sil,False
40,8151,8138,8151,8142,8162,8166,8168,8174,8172,8149,8105,8159,8149,8113,22.84142208099365,sil,False
41,8159,8151,8142,8161,8168,8155,8174,8167,8171,8146,8121,8169,8162,8116,22.84142208099365,sil,False
42,8163,8165,8176,8154,8168,8152,8151,8157,8152,8130,8121,8183,8160,8112,22.85716032981873,sil,False
43,8154,8169,8159,8155,8171,8158,8136,8154,8137,8127,8119,8173,8163,8098,22.85716032981873,sil,False
44,8157,8170,8156,8155,8176,8150,8139,8160,8139,8122,8123,8172,8160,8095,22.872337579727173,sil,False
45,8163,8183,8182,8164,8182,8160,8147,8174,8157,8127,8129,8178,8147,8109,22.872337579727173,sil,False
46,8155,8187,8166,8185,8185,8178,8157,8167,8161,8145,8121,8160,8137,8109,22.888454914093018,sil,False
47,8149,8181,8183,8183,8178,8178,8152,8156,8134,8143,8102,8163,8132,8094,22.904383659362797,sil,False
48,8150,8178,8176,8197,8183,8179,8156,8160,8140,8150,8115,8161,8144,8094,22.904383659362797,sil,False
49,8147,8171,8173,8204,8184,8188,8157,8164,8141,8151,8116,8152,8134,8100,22.904383659362797,sil,False
50,8136,8155,8175,8178,8170,8199,8159,8167,8130,8141,8088,8144,8109,8096,22.92006516456604,sil,False
51,8133,8140,8141,8163,8168,8194,8173,8165,8146,8146,8086,8133,8112,8100,22.92006516456604,sil,False
52,8145,8149,8169,8162,8167,8186,8173,8174,8161,8153,8108,8158,8131,8122,22.93520712852478,sil,False
53,8149,8154,8160,8174,8161,8184,8172,8181,8180,8174,8122,8164,8142,8123,22.93620729446411,sil,False
54,8147,8137,8137,8157,8157,8180,8165,8177,8189,8181,8113,8151,8131,8112,22.95044946670532,sil,False
55,8147,8132,8159,8138,8157,8185,8167,8181,8184,8169,8101,8160,8124,8119,22.9656286239624,sil,False
56,8154,8140,8149,8157,8155,8181,8172,8175,8189,8178,8112,8164,8140,8133,22.9656286239624,sil,False
57,8173,8147,8177,8153,8148,8166,8154,8176,8181,8183,8134,8189,8154,8147,22.98197054862976,sil,False
58,8173,8144,8169,8138,8155,8160,8149,8172,8175,8170,8143,8194,8159,8139,22.98234915733337,sil,False
59,8168,8147,8150,8143,8163,8155,8146,8157,8171,8146,8130,8185,8149,8120,22.99712610244751,sil,False
60,8186,8181,8185,8171,8171,8164,8145,8166,8165,8143,8139,8212,8155,8132,22.99712610244751,sil,False
61,8199,8201,8181,8194,8184,8166,8158,8173,8165,8170,8176,8222,8183,8147,23.012293815612797,sil,False
62,8194,8191,8201,8173,8180,8162,8157,8167,8152,8168,8173,8221,8173,8143,23.012293815612797,sil,False
63,8182,8178,8186,8167,8175,8176,8159,8167,8150,8159,8152,8200,8148,8124,23.027656078338623,sil,False
64,8168,8171,8157,8170,8169,8175,8151,8161,8140,8149,8140,8176,8128,8106,23.027656078338623,sil,False
65,8155,8178,8186,8169,8167,8174,8142,8166,8127,8135,8129,8175,8109,8102,23.0424599647522,sil,False
66,8150,8180,8171,8193,8180,8190,8164,8169,8145,8144,8127,8159,8109,8104,23.0424599647522,sil,False
67,8156,8175,8181,8200,8179,8192,8168,8174,8143,8145,8121,8162,8110,8110,23.058067083358765,sil,False
68,8158,8180,8181,8203,8171,8186,8167,8184,8148,8165,8127,8167,8118,8117,23.058067083358765,sil,False
69,8159,8177,8158,8208,8175,8181,8169,8175,8165,8176,8131,8155,8122,8122,23.073261976242065,sil,False
70,8159,8171,8174,8199,8181,8189,8167,8174,8170,8167,8123,8158,8120,8124,23.073261976242065,sil,False
71,8155,8168,8152,8203,8181,8195,8181,8184,8189,8204,8132,8154,8137,8120,23.089327812194824,sil,False
72,8159,8165,8159,8196,8180,8192,8180,8182,8194,8212,8136,8166,8136,8130,23.089327812194824,sil,False
73,8156,8157,8160,8182,8179,8196,8177,8176,8196,8182,8139,8167,8130,8142,23.10505962371826,sil,False
74,8143,8143,8130,8163,8175,8188,8179,8173,8205,8175,8141,8154,8147,8135,23.10505962371826,sil,False
75,8143,8153,8152,8146,8174,8185,8175,8182,8190,8177,8136,8171,8160,8133,23.121212482452396,sil,False
76,8158,8167,8145,8161,8175,8182,8183,8186,8184,8181,8151,8173,8168,8135,23.121212482452396,sil,False
77,8169,8163,8157,8166,8164,8159,8168,8169,8179,8167,8162,8180,8162,8128,23.137300729751587,sil,False
78,8160,8171,8172,8170,8167,8162,8156,8138,8175,8164,8163,8182,8158,8118,23.137300729751587,sil,False
79,8153,8183,8152,8188,8184,8175,8162,8116,8178,8179,8169,8175,8164,8114,23.15275478363037,sil,False
80,8158,8183,8175,8180,8176,8166,8150,8124,8165,8169,8164,8192,8158,8120,23.15275478363037,sil,False
81,8151,8177,8158,8171,8166,8154,8142,8127,8159,8156,8156,8180,8146,8115,23.16828346252441,sil,False
82,8140,8180,8156,8167,8170,8164,8140,8124,8151,8145,8150,8170,8130,8106,23.16828346252441,sil,False
83,8147,8199,8175,8184,8182,8191,8148,8142,8143,8145,8150,8177,8127,8109,23.184298515319824,sil,False
84,8151,8200,8160,8205,8190,8191,8155,8143,8143,8152,8148,8163,8131,8114,23.184298515319824,sil,False
85,8144,8193,8187,8194,8186,8186,8153,8142,8144,8148,8142,8161,8127,8116,23.19962167739868,sil,False
86,8139,8186,8170,8194,8186,8196,8168,8152,8168,8172,8152,8149,8132,8115,23.19962167739868,sil,False
87,8143,8179,8163,8198,8184,8197,8172,8161,8177,8197,8151,8150,8138,8127,23.215582370758057,sil,False
88,8144,8176,8179,8188,8172,8198,8179,8173,8178,8194,8136,8165,8140,8141,23.215582370758057,sil,False
89,8136,8165,8141,8169,8156,8188,8191,8166,8186,8179,8134,8157,8138,8140,23.23119187355041,sil,False
90,8142,8163,8156,8157,8146,8172,8177,8165,8177,8158,8137,8171,8136,8141,23.23119187355041,sil,False
91,8152,8171,8160,8173,8158,8168,8172,8172,8187,8163,8148,8183,8156,8137,23.24631977081299,sil,False
92,8162,8176,8162,8167,8161,8162,8170,8166,8184,8155,8156,8191,8163,8122,23.24631977081299,sil,False
93,8168,8190,8185,8163,8156,8162,8162,8166,8161,8137,8158,8194,8144,8116,23.26207971572876,sil,False
94,8162,8191,8173,8188,8168,8165,8163,8161,8161,8147,8161,8171,8136,8108,23.26207971572876,sil,False
95,8155,8189,8196,8193,8179,8175,8160,8160,8151,8157,8151,8173,8131,8110,23.27714514732361,sil,False
96,8158,8201,8187,8208,8191,8196,8179,8170,8158,8177,8148,8175,8142,8133,23.27714514732361,sil,False
97,8165,8196,8174,8214,8202,8200,8192,8176,8175,8189,8150,8173,8153,8143,23.292333126068115,sil,False
98,8146,8170,8182,8182,8186,8193,8180,8174,8170,8182,8137,8172,8140,8123,23.292333126068115,sil,False
99,8118,8148,8133,8154,8167,8171,8174,8160,8165,8171,8131,8155,8133,8105,23.307810068130493,sil,False
100,8121,8148,8141,8140,8162,8151,8165,8159,8157,8152,8136,8170,8138,8112,23.307810068130493,sil,False
101,8142,8164,8158,8157,8175,8161,8162,8168,8149,8159,8157,8185,8155,8117,23.32319974899292,sil,False
102,8156,8187,8162,8186,8187,8175,8160,8160,8120,8169,8177,8195,8160,8120,23.32319974899292,sil,False
103,8159,8214,8195,8194,8188,8184,8159,8168,8092,8167,8189,8217,8157,8126,23.338341236114506,sil,False
104,8152,8212,8176,8207,8193,8193,8169,8180,8109,8181,8193,8203,8163,8119,23.338341236114506,sil,False
105,8150,8198,8185,8211,8198,8197,8166,8175,8109,8180,8172,8191,8149,8118,23.354442358016968,sil,False
106,8148,8195,8186,8214,8201,8205,8175,8172,8109,8187,8162,8191,8146,8128,23.354442358016968,sil,False
107,8145,8191,8168,8213,8197,8207,8191,8180,8133,8205,8170,8197,8164,8136,23.37007761001587,sil,False
108,8149,8192,8189,8211,8197,8217,8197,8194,8148,8210,8170,8206,8167,8142,23.37007761001587,sil,False
109,8147,8186,8164,8217,8204,8218,8208,8186,8160,8224,8173,8190,8171,8142,23.38565444946289,sil,False
110,8147,8175,8176,8201,8195,8198,8192,8181,8153,8220,8177,8199,8176,8143,23.38565444946289,sil,False
111,8151,8178,8187,8195,8188,8194,8173,8185,8144,8202,8178,8209,8171,8140,23.401209354400635,sil,False
112,8151,8173,8156,8185,8182,8188,8171,8172,8147,8194,8168,8188,8158,8122,23.401209354400635,sil,False
113,8153,8176,8180,8168,8176,8187,8174,8179,8168,8202,8160,8197,8159,8122,23.41645908355713,sil,False
114,8155,8184,8171,8180,8185,8192,8189,8191,8212,8218,8179,8203,8185,8133,23.41645908355713,sil,False
115,8160,8180,8176,8169,8184,8179,8175,8179,8206,8187,8186,8207,8184,8133,23.43201875686645,sil,False
116,8165,8183,8188,8162,8179,8174,8162,8169,8175,8161,8178,8210,8169,8127,23.43201875686645,sil,False
117,8173,8191,8180,8189,8183,8179,8168,8169,8172,8177,8184,8213,8174,8129,23.44719648361206,sil,False
118,8183,8203,8212,8194,8190,8181,8170,8180,8179,8185,8199,8235,8178,8142,23.46310067176819,sil,False
119,8177,8202,8197,8187,8193,8171,8167,8180,8193,8183,8211,8224,8178,8143,23.46310067176819,sil,False
120,8174,8198,8195,8176,8182,8153,8152,8170,8186,8168,8201,8225,8167,8142,23.46310067176819,sil,False
121,8183,8210,8211,8180,8177,8154,8155,8173,8178,8162,8189,8239,8164,8144,23.47928547859192,sil,False
122,8174,8215,8194,8199,8190,8162,8164,8166,8171,8171,8187,8215,8162,8128,23.49477219581604,sil,False
123,8154,8211,8217,8208,8192,8179,8157,8161,8150,8161,8178,8209,8148,8115,23.49477219581604,sil,False
124,8157,8211,8205,8224,8192,8203,8170,8164,8159,8174,8187,8214,8159,8125,23.49477219581604,sil,False
125,8177,8212,8203,8226,8196,8202,8172,8167,8168,8187,8191,8220,8165,8141,23.509333848953247,sil,False
126,8162,8204,8210,8213,8195,8198,8172,8173,8165,8176,8174,8207,8152,8133,23.52534866333008,sil,False
127,8134,8173,8168,8197,8183,8197,8198,8171,8175,8176,8161,8176,8155,8120,23.52534866333008,sil,False
237,8137,8155,8168,8161,8171,8185,8199,8175,8186,8188,8158,8186,8170,8130,23.52634024620056,sil,False
0,8141,8157,8151,8149,8174,8172,8194,8186,8214,8211,8164,8188,8186,8133,23.54221510887146,sil,False
1,8135,8155,8148,8153,8171,8171,8192,8186,8218,8207,8163,8184,8183,8131,23.54221510887146,sil,False
2,8141,8155,8174,8152,8167,8182,8186,8195,8212,8204,8168,8204,8183,8148,23.55730938911438,sil,False
3,8162,8163,8157,8161,8176,8171,8184,8194,8224,8217,8180,8212,8198,8158,23.55730938911438,sil,False
4,8175,8175,8184,8164,8178,8164,8173,8186,8211,8195,8177,8219,8190,8155,23.57205939292908,sil,False
5,8162,8179,8185,8177,8174,8176,8173,8183,8201,8184,8186,8205,8179,8146,23.588088750839237,sil,False
6,8162,8179,8173,8185,8174,8174,8169,8180,8197,8184,8194,8203,8184,8138,23.588088750839237,sil,False
7,8178,8189,8190,8189,8187,8177,8166,8186,8187,8171,8191,8225,8193,8142,23.603301286697388,sil,False
8,8171,8189,8165,8194,8191,8180,8172,8179,8191,8176,8197,8221,8203,8146,23.603301286697388,sil,False
9,8171,8192,8190,8183,8181,8178,8162,8171,8187,8186,8200,8233,8210,8153,23.618435382843018,sil,False
10,8180,8200,8194,8199,8189,8193,8164,8168,8185,8193,8204,8235,8217,8151,23.618435382843018,sil,False
11,8164,8187,8162,8205,8188,8192,8161,8152,8168,8169,8200,8212,8196,8125,23.63419008255005,sil,False
12,8134,8184,8174,8178,8168,8179,8153,8154,8139,8130,8175,8196,8158,8101,23.63419008255005,sil,False
13,8127,8183,8158,8178,8168,8176,8173,8166,8153,8140,8173,8181,8161,8100,23.650301456451416,sil,False
14,8149,8181,8178,8193,8177,8180,8182,8183,8178,8170,8192,8205,8185,8121,23.650301456451416,sil,False
15,8155,8195,8185,8210,8179,8186,8177,8196,8194,8186,8207,8223,8195,8134,23.66541576385498,sil,False
16,8147,8199,8170,8210,8181,8177,8169,8185,8192,8178,8204,8215,8184,8129,23.66541576385498,sil,False
17,8147,8194,8193,8197,8181,8178,8169,8174,8175,8176,8189,8212,8170,8128,23.681659698486328,sil,False
18,8154,8190,8171,8203,8178,8187,8178,8164,8170,8193,8183,8194,8172,8134,23.681659698486328,sil,False
19,8172,8203,8185,8207,8180,8190,8169,8160,8162,8176,8178,8208,8167,8143,23.697275400161743,sil,False
20,8184,8216,8201,8219,8202,8201,8179,8167,8181,8172,8187,8225,8169,8141,23.697275400161743,sil,False
21,8178,8204,8188,8233,8214,8206,8197,8173,8205,8195,8191,8206,8175,8135,23.71240210533142,sil,False
22,8173,8201,8210,8231,8196,8212,8193,8187,8206,8206,8186,8208,8170,8143,23.71240210533142,sil,False
23,8177,8201,8187,8238,8191,8213,8196,8188,8219,8216,8197,8214,8181,8146,23.728323698043823,sil,False
24,8172,8189,8186,8226,8198,8205,8195,8176,8216,8213,8189,8210,8181,8137,23.728323698043823,sil,False
25,8150,8187,8183,8216,8193,8207,8195,8171,8199,8202,8170,8194,8167,8123,23.74368047714233,sil,False
26,8142,8192,8158,8219,8182,8200,8202,8163,8194,8192,8169,8185,8165,8116,23.74368047714233,sil,False
27,8153,8193,8182,8207,8178,8190,8202,8171,8192,8181,8175,8198,8168,8129,23.75873827934265,sil,False
28,8158,8184,8164,8208,8181,8189,8203,8180,8198,8188,8178,8191,8180,8137,23.75873827934265,sil,False
29,8174,8183,8182,8198,8177,8182,8184,8179,8184,8183,8192,8220,8196,8146,23.77401876449585,sil,False
30,8195,8205,8219,8204,8174,8176,8174,8177,8188,8174,8225,8261,8216,8156,23.77401876449585,sil,False
31,8202,8215,8202,8238,8174,8166,8180,8170,8209,8183,8235,8255,8214,8150,23.790058135986328,sil,False
32,8206,8216,8230,8243,8171,8157,8159,8175,8191,8181,8223,8264,8199,8146,23.790058135986328,sil,False
33,8214,8222,8242,8258,8173,8159,8151,8178,8179,8180,8247,8287,8217,8155,23.806108474731445,sil,False
34,8235,8242,8261,8295,8177,8164,8159,8173,8181,8169,8278,8318,8232,8171,23.806108474731445,sil,False
35,8254,8263,8290,8332,8187,8178,8169,8176,8180,8163,8287,8336,8230,8178,23.82236099243164,sil,False
36,8253,8257,8280,8346,8192,8179,8170,8168,8184,8182,8297,8328,8236,8180,23.82236099243164,sil,False
37,8239,8250,8306,8332,8180,8180,8159,8166,8178,8177,8290,8338,8224,8180,23.83735609054565,sil,False
38,8214,8240,8274,8327,8183,8191,8172,8168,8175,8167,8267,8315,8206,8157,23.83764886856079,sil,False
39,8198,8223,8233,8299,8184,8177,8169,8162,8152,8158,8244,8283,8191,8126,23.85255169868469,sil,False
40,8183,8211,8236,8261,8160,8168,8157,8167,8129,8142,8225,8273,8178,8112,23.85255169868469,sil,False
41,8167,8199,8210,8255,8156,8179,8175,8175,8137,8142,8212,8243,8171,8105,23.86816024780273,sil,False
42,8166,8192,8224,8255,8175,8189,8191,8182,8141,8150,8198,8232,8161,8111,23.86816024780273,sil,False
43,8166,8182,8207,8250,8179,8197,8195,8180,8152,8176,8197,8221,8163,8119,23.883076190948486,sil,False
44,8166,8171,8190,8232,8166,8191,8181,8177,8158,8175,8189,8212,8162,8123,23.883076190948486,sil,False
45,8177,8181,8219,8227,8168,8191,8177,8192,8165,8161,8177,8223,8160,8137,23.899155855178837,sil,False
46,8186,8185,8203,8237,8180,8193,8192,8194,8190,8195,8179,8222,8173,8154,23.899155855178837,sil,False
47,8187,8181,8211,8226,8181,8196,8185,8186,8197,8212,8177,8229,8169,8167,23.9150173664093,sil,False
48,8189,8183,8201,8234,8186,8205,8181,8186,8206,8208,8183,8218,8169,8169,23.9150173664093,sil,False
49,8192,8171,8184,8235,8184,8196,8176,8183,8207,8206,8188,8201,8176,8160,23.93129587173462,sil,False
50,8177,8165,8193,8207,8176,8189,8162,8180,8187,8200,8178,8200,8167,8151,23.93129587173462,sil,False
51,8149,8161,8151,8192,8181,8190,8167,8171,8185,8196,8169,8175,8160,8134,23.94670605659485,sil,False
52,8139,8143,8155,8168,8180,8193,8173,8178,8189,8178,8156,8166,8150,8124,23.94670605659485,sil,False
53,8135,8133,8150,8155,8174,8199,8193,8195,8203,8186,8149,8160,8147,8118,23.962387561798096,sil,False
54,8131,8131,8127,8151,8169,8196,8211,8192,8206,8196,8141,8142,8142,8110,23.962387561798096,sil,False
55,8134,8131,8154,8137,8166,8195,8215,8198,8198,8185,8136,8148,8137,8119,23.978363275527958,sil,False
56,8148,8133,8148,8147,8173,8192,8213,8199,8208,8196,8164,8158,8162,8134,23.978363275527958,sil,False
57,8166,8147,8175,8164,8175,8183,8188,8190,8201,8207,8183,8180,8181,8145,23.993406057357788,sil,False
58,8164,8150,8178,8169,8169,8175,8174,8186,8193,8200,8166,8180,8173,8143,23.993406057357788,sil,False
59,8151,8135,8144,8147,8163,8166,8166,8181,8191,8177,8155,8167,8159,8136,24.00875473022461,sil,False
60,8159,8143,8171,8133,8158,8171,8155,8185,8183,8169,8163,8183,8162,8136,24.00875473022461,sil,False
61,8173,8162,8168,8166,8165,8173,8168,8190,8198,8197,8176,8177,8179,8136,24.024181604385376,sil,False
62,8182,8173,8179,8179,8177,8170,8168,8190,8198,8191,8179,8182,8171,8135,24.024181604385376,sil,False
63,8181,8184,8195,8179,8197,8187,8161,8187,8187,8172,8190,8199,8165,8125,24.040215015411377,sil,False
64,8180,8186,8188,8189,8209,8184,8154,8172,8181,8177,8199,8194,8169,8118,24.040215015411377,sil,False
65,8186,8186,8209,8182,8196,8165,8146,8174,8166,8178,8197,8198,8162,8125,24.05576491355896,sil,False
66,8179,8180,8181,8175,8192,8165,8161,8186,8169,8178,8201,8189,8166,8122,24.05576491355896,sil,False
67,8167,8172,8181,8163,8192,8165,8162,8179,8163,8160,8189,8188,8152,8107,24.071428298950195,sil,False
68,8165,8176,8192,8163,8186,8168,8160,8173,8162,8158,8171,8188,8136,8104,24.071428298950195,sil,False
69,8169,8171,8167,8169,8179,8161,8171,8174,8167,8174,8170,8174,8139,8107,24.09424114227295,sil,False
70,8177,8169,8194,8161,8179,8159,8170,8180,8153,8161,8171,8184,8133,8110,24.09424114227295,sil,False
71,8175,8172,8184,8166,8184,8174,8175,8176,8159,8157,8178,8176,8137,8103,24.09424114227295,sil,False
72,8169,8163,8170,8151,8179,8165,8168,8165,8149,8153,8165,8166,8132,8094,24.103291511535645,sil,False
73,8165,8166,8177,8146,8173,8158,8157,8162,8127,8144,8152,8167,8120,8099,24.118757247924805,sil,False
74,8172,8179,8168,8179,8183,8173,8167,8163,8142,8157,8168,8166,8131,8111,24.118757247924805,sil,False
75,8181,8189,8205,8195,8188,8188,8173,8178,8155,8172,8178,8188,8143,8124,24.13410758972168,sil,False
76,8175,8188,8184,8201,8188,8180,8169,8177,8150,8180,8176,8174,8150,8117,24.13410758972168,sil,False
77,8169,8184,8166,8195,8186,8171,8152,8160,8137,8167,8171,8156,8149,8104,24.15013647079468,sil,False
78,8168,8189,8186,8188,8189,8191,8157,8163,8143,8167,8175,8159,8155,8101,24.15013647079468,sil,False
79,8160,8178,8159,8199,8193,8198,8164,8166,8152,8185,8176,8143,8166,8091,24.16533780097961,sil,False
80,8140,8162,8164,8192,8188,8187,8151,8169,8136,8179,8151,8138,8154,8089,24.16533780097961,sil,False
81,8119,8147,8136,8179,8183,8190,8171,8177,8142,8177,8127,8115,8136,8085,24.18047070503235,sil,False
82,8115,8130,8113,8162,8177,8190,8188,8182,8152,8177,8117,8103,8125,8076,24.18047070503235,sil,False
83,8120,8134,8144,8159,8175,8192,8182,8196,8157,8179,8135,8135,8143,8090,24.19606614112854,sil,False
84,8128,8141,8133,8175,8177,8192,8189,8195,8172,8201,8164,8143,8173,8109,24.19606614112854,sil,False
85,8137,8138,8148,8162,8172,8181,8176,8185,8165,8197,8157,8144,8167,8115,24.21132779121399,sil,False
86,8148,8135,8140,8153,8170,8173,8166,8188,8168,8197,8148,8140,8162,8115,24.22705054283142,sil,False
87,8166,8124,8132,8149,8161,8163,8160,8187,8175,8199,8147,8148,8171,8121,24.22705054283142,sil,False
88,8163,8124,8158,8141,8145,8161,8145,8181,8163,8177,8139,8163,8166,8125,24.22705054283142,sil,False
89,8156,8131,8140,8151,8153,8160,8142,8173,8167,8177,8152,8157,8171,8128,24.243213891983032,sil,False
90,8179,8147,8168,8159,8169,8158,8132,8182,8176,8192,8179,8177,8188,8145,24.2442147731781,sil,False
91,8191,8168,8185,8179,8173,8162,8120,8183,8186,8199,8194,8192,8202,8147,24.258246660232544,sil,False
92,8180,8164,8172,8181,8166,8147,8110,8162,8172,8178,8192,8187,8199,8127,24.27339553833008,sil,False
93,8177,8160,8183,8161,8163,8147,8114,8165,8147,8157,8183,8188,8183,8119,24.27339553833008,sil,False
94,8162,8158,8146,8161,8164,8156,8139,8174,8154,8163,8173,8159,8169,8107,24.27339553833008,sil,False
95,8143,8152,8154,8143,8160,8150,8144,8173,8152,8159,8157,8146,8155,8092,24.290411949157715,sil,False
96,8147,8157,8168,8134,8167,8160,8151,8177,8154,8160,8162,8157,8161,8086,24.290411949157715,sil,False
97,8157,8170,8158,8151,8175,8164,8154,8172,8157,8152,8173,8163,8170,8085,24.305176496505737,sil,False
98,8155,8178,8178,8150,8166,8151,8138,8169,8137,8130,8158,8161,8153,8086,24.321187496185303,sil,False
99,8139,8164,8144,8143,8161,8149,8135,8166,8133,8129,8139,8133,8138,8080,24.321187496185303,sil,False
100,8135,8157,8151,8138,8163,8164,8137,8162,8128,8125,8126,8133,8130,8080,24.33636903762817,sil,False
101,8145,8166,8173,8151,8171,8176,8146,8165,8125,8127,8127,8134,8135,8085,24.33636903762817,sil,False
102,8144,8155,8148,8153,8172,8181,8149,8164,8127,8137,8119,8111,8134,8092,24.351882696151733,sil,False
103,8136,8148,8155,8138,8165,8204,8150,8167,8126,8140,8101,8119,8124,8099,24.351882696151733,sil,False
104,8138,8155,8138,8152,8176,8219,8167,8172,8148,8167,8114,8124,8149,8103,24.367444038391117,sil,False
105,8145,8152,8147,8150,8174,8192,8149,8166,8155,8172,8133,8135,8176,8112,24.367444038391117,sil,False
106,8141,8145,8154,8133,8162,8174,8127,8157,8144,8151,8137,8145,8182,8109,24.38300585746765,sil,False
107,8150,8152,8138,8139,8166,8176,8137,8154,8139,8157,8149,8145,8183,8095,24.38300585746765,sil,False
108,8168,8179,8177,8153,8180,8183,8145,8168,8133,8167,8166,8167,8179,8098,24.398090839385983,sil,False
109,8150,8183,8159,8168,8187,8188,8155,8173,8136,8162,8162,8149,8165,8090,24.398090839385983,sil,False
110,8116,8163,8139,8157,8177,8183,8156,8168,8127,8141,8128,8115,8132,8068,24.413227319717407,sil,False
111,8107,8152,8149,8149,8170,8193,8169,8184,8136,8156,8114,8109,8125,8070,24.413227319717407,sil,False
112,8126,8141,8133,8157,8171,8200,8186,8187,8161,8182,8116,8113,8142,8090,24.42922735214233,sil,False
113,8143,8139,8155,8143,8160,8184,8168,8181,8152,8155,8109,8134,8144,8103,24.42922735214233,sil,False
114,8147,8140,8140,8128,8149,8161,8148,8177,8142,8135,8123,8134,8159,8101,24.444395780563354,sil,False
115,8164,8141,8144,8123,8146,8150,8134,8170,8132,8133,8143,8148,8174,8103,24.444395780563354,sil,False
116,8185,8156,8179,8140,8149,8156,8131,8172,8136,8147,8160,8182,8184,8119,24.460416316986084,sil,False
117,8180,8163,8162,8159,8157,8158,8134,8161,8134,8152,8174,8174,8185,8119,24.460416316986084,sil,False
118,8167,8173,8178,8150,8166,8171,8134,8161,8082,8123,8157,8166,8162,8103,24.476057291030884,sil,False
119,8162,8181,8169,8168,8180,8194,8158,8173,8065,8136,8147,8155,8158,8098,24.476057291030884,sil,False
120,8165,8170,8162,8175,8186,8197,8176,8172,8079,8152,8149,8149,8164,8103,24.491126537323,sil,False
121,8154,8158,8174,8150,8177,8202,8177,8179,8073,8126,8128,8142,8152,8095,24.491126537323,sil,False
122,8126,8144,8135,8139,8172,8207,8186,8185,8080,8132,8109,8108,8148,8085,24.507004976272583,sil,False
123,8127,8139,8149,8132,8175,8207,8190,8193,8101,8170,8120,8118,8163,8105,24.507004976272583,sil,False
124,8142,8140,8150,8143,8178,8203,8188,8192,8123,8188,8145,8138,8192,8117,24.522253036499023,sil,False
125,8141,8135,8133,8138,8169,8180,8159,8175,8108,8163,8146,8139,8195,8100,24.522253036499023,sil,False
126,8140,8151,8157,8123,8165,8170,8133,8168,8075,8132,8142,8149,8167,8089,24.537375688552856,sil,False
127,8151,8163,8149,8140,8165,8171,8141,8162,8087,8131,8154,8152,8159,8091,24.537375688552856,sil,False
237,8163,8154,8171,8138,8149,8163,8136,8165,8115,8125,8152,8161,8164,8100,24.55299973487854,sil,False
0,8155,8154,8166,8136,8152,8163,8131,8169,8127,8127,8148,8155,8168,8104,24.55299973487854,sil,False
1,8145,8159,8148,8138,8167,8155,8124,8160,8109,8124,8145,8145,8157,8097,24.56864142417908,sil,False
2,8143,8159,8167,8124,8159,8152,8111,8159,8092,8108,8130,8144,8138,8088,24.56864142417908,sil,False
3,8143,8158,8145,8129,8154,8155,8114,8155,8102,8119,8133,8133,8139,8081,24.58413338661194,sil,False
4,8151,8172,8170,8144,8156,8152,8109,8153,8091,8128,8143,8154,8136,8087,24.58413338661194,sil,False
5,8157,8183,8188,8159,8163,8159,8121,8162,8098,8137,8152,8168,8142,8096,24.60016679763794,sil,False
6,8156,8172,8168,8156,8166,8163,8134,8162,8122,8136,8150,8156,8147,8092,24.60016679763794,sil,False
7,8152,8173,8187,8159,8164,8169,8129,8163,8124,8121,8145,8165,8142,8089,24.61535406112671,sil,False
8,8152,8176,8174,8181,8171,8184,8141,8169,8134,8134,8153,8154,8150,8091,24.61535406112671,sil,False
9,8145,8166,8178,8172,8172,8192,8144,8170,8144,8145,8148,8142,8147,8093,24.63140606880188,sil,False
10,8123,8165,8165,8160,8166,8198,8147,8169,8157,8148,8141,8137,8142,8091,24.63140606880188,sil,False
11,8121,8161,8142,8161,8163,8189,8155,8168,8166,8148,8142,8131,8147,8098,24.64672255516052,sil,False
12,8142,8157,8184,8160,8159,8185,8155,8174,8164,8142,8137,8145,8152,8112,24.64672255516052,sil,False
13,8145,8157,8169,8174,8153,8190,8159,8165,8173,8149,8133,8134,8160,8106,24.661970138549805,sil,False
14,8135,8153,8159,8166,8146,8183,8156,8165,8167,8144,8127,8130,8150,8101,24.662328481674194,sil,False
15,8131,8145,8161,8155,8144,8181,8161,8178,8161,8141,8132,8136,8149,8111,24.678027868270878,sil,False
16,8134,8129,8132,8156,8142,8177,8163,8174,8174,8147,8142,8129,8158,8111,24.678027868270878,sil,False
17,8142,8129,8154,8150,8140,8180,8157,8180,8182,8152,8137,8142,8151,8114,24.693254470825195,sil,False
18,8139,8135,8137,8156,8154,8191,8173,8187,8195,8174,8145,8140,8153,8123,24.693254470825195,sil,False
19,8142,8135,8138,8157,8161,8188,8174,8178,8193,8177,8152,8143,8163,8136,24.709360361099243,sil,False
20,8158,8140,8163,8159,8156,8187,8170,8183,8198,8173,8155,8159,8172,8146,24.709360361099243,sil,False
21,8169,8143,8149,8170,8153,8185,8175,8189,8218,8186,8166,8166,8183,8152,24.725451469421387,sil,False
22,8174,8150,8168,8163,8149,8178,8165,8185,8212,8181,8169,8180,8180,8156,24.725451469421387,sil,False
23,8172,8148,8157,8167,8151,8173,8166,8175,8207,8185,8167,8167,8178,8150,24.74142408370972,sil,False
24,8177,8144,8160,8171,8156,8172,8173,8173,8208,8179,8161,8162,8170,8147,24.74142408370972,sil,False
25,8177,8147,8177,8159,8159,8181,8175,8189,8215,8169,8161,8165,8164,8149,24.756744623184204,sil,False
26,8170,8142,8147,8150,8152,8168,8163,8187,8223,8187,8172,8155,8172,8144,24.756744623184204,sil,False
27,8179,8147,8169,8154,8145,8153,8142,8178,8211,8187,8185,8182,8181,8143,24.77231001853943,sil,False
28,8186,8148,8166,8162,8154,8162,8151,8174,8206,8156,8186,8180,8183,8144,24.77231001853943,sil,False
29,8177,8140,8159,8142,8153,8162,8154,8163,8191,8129,8167,8154,8168,8137,24.787623167037964,sil,False
30,8167,8148,8177,8143,8148,8167,8148,8170,8184,8152,8172,8159,8169,8127,24.787623167037964,sil,False
31,8160,8149,8150,8155,8151,8173,8152,8177,8204,8179,8184,8153,8180,8119,24.80426812171936,sil,False
32,8149,8138,8155,8133,8145,8170,8143,8177,8192,8144,8150,8138,8159,8113,24.80426812171936,sil,False
33,8142,8139,8149,8141,8147,8166,8134,8167,8175,8131,8143,8131,8156,8106,24.818356037139893,sil,False
34,8148,8144,8152,8150,8150,8155,8121,8157,8169,8149,8172,8145,8170,8102,24.83427858352661,please,True
35,8146,8154,8178,8135,8148,8155,8118,8166,8158,8157,8168,8150,8156,8097,24.83427858352661,please,True
36,8137,8159,8147,8150,8156,8161,8139,8163,8161,8157,8153,8122,8142,8085,24.83427858352661,please,True
37,8142,8160,8159,8156,8164,8161,8141,8161,8162,8132,8165,8136,8151,8093,24.84971308708191,please,True
38,8141,8169,8165,8153,8170,8171,8152,8171,8177,8137,8182,8149,8166,8108,24.865808963775635,please,True
39,8147,8175,8169,8164,8176,8178,8165,8172,8180,8158,8173,8135,8163,8112,24.865808963775635,please,True
40,8170,8186,8210,8181,8173,8184,8156,8176,8176,8152,8173,8149,8162,8121,24.865808963775635,please,True
41,8168,8186,8194,8205,8171,8194,8169,8180,8193,8153,8187,8156,8174,8121,24.881616353988647,please,True
42,8141,8170,8190,8201,8172,8198,8175,8179,8184,8144,8175,8153,8157,8108,24.881616353988647,please,True
43,8129,8163,8182,8196,8162,8193,8161,8173,8161,8125,8160,8133,8134,8087,24.89708995819092,please,True
44,8144,8170,8190,8218,8148,8179,8153,8164,8158,8122,8178,8141,8141,8091,24.89708995819092,please,True
45,8155,8188,8238,8248,8148,8184,8169,8179,8174,8136,8207,8193,8163,8121,24.912437915802,please,True
46,8155,8196,8216,8281,8160,8188,8184,8184,8193,8150,8216,8198,8175,8128,24.929266452789307,please,True
47,8171,8197,8233,8286,8158,8178,8165,8167,8179,8136,8199,8190,8167,8121,24.929266452789307,please,True
48,8171,8194,8248,8287,8160,8188,8168,8165,8170,8142,8202,8193,8173,8120,24.929266452789307,please,True
49,8152,8181,8209,8283,8167,8185,8181,8172,8170,8156,8213,8190,8186,8121,24.94443941116333,please,True
50,8151,8183,8213,8257,8160,8176,8165,8173,8159,8130,8184,8189,8168,8112,24.94443941116333,please,True
51,8150,8175,8187,8243,8156,8181,8154,8158,8156,8113,8157,8154,8147,8086,24.95907139778137,please,True
52,8133,8156,8174,8223,8159,8184,8152,8154,8144,8124,8155,8137,8137,8081,24.97434949874878,please,True
53,8131,8164,8180,8220,8163,8194,8174,8173,8154,8139,8156,8146,8146,8105,24.97434949874878,please,True
54,8153,8175,8169,8231,8159,8203,8192,8175,8181,8139,8154,8144,8156,8115,24.99044609069824,please,True
55,8161,8175,8190,8220,8144,8195,8175,8177,8182,8143,8146,8152,8148,8113,24.99044609069824,please,True
56,8146,8160,8161,8202,8147,8186,8165,8178,8191,8164,8141,8137,8145,8110,25.00617480278015,please,True
57,8140,8143,8157,8175,8157,8191,8171,8176,8193,8148,8126,8126,8138,8111,25.00617480278015,please,True
58,8137,8146,8168,8172,8160,8212,8193,8186,8193,8135,8109,8127,8136,8114,25.021286964416504,please,True
59,8123,8138,8130,8168,8155,8216,8200,8182,8204,8149,8105,8111,8139,8106,25.021286964416504,please,True
60,8106,8117,8136,8123,8147,8211,8182,8177,8203,8139,8093,8103,8125,8090,25.037352800369263,please,True
61,8096,8105,8112,8105,8149,8211,8200,8181,8225,8150,8095,8084,8133,8085,25.037352800369263,please,True
62,8106,8113,8107,8106,8148,8199,8212,8182,8231,8161,8095,8085,8144,8093,25.05250334739685,please,True
63,8120,8126,8142,8108,8148,8200,8192,8178,8207,8149,8096,8109,8137,8096,25.05250334739685,please,True
64,8130,8121,8133,8113,8149,8197,8181,8170,8203,8145,8104,8109,8134,8090,25.068623065948486,please,True
65,8136,8117,8146,8093,8140,8185,8177,8172,8198,8135,8091,8105,8129,8090,25.068623065948486,please,True
66,8133,8115,8133,8092,8138,8189,8183,8173,8198,8140,8086,8095,8138,8093,25.08412384986877,please,True
67,8138,8110,8140,8104,8138,8190,8182,8168,8196,8142,8097,8110,8142,8094,25.08412384986877,please,True
68,8145,8122,8166,8108,8143,8191,8179,8171,8194,8135,8113,8131,8141,8092,25.0997416973114,please,True
69,8143,8128,8141,8116,8153,8184,8184,8168,8200,8138,8131,8122,8154,8090,25.0997416973114,please,True
70,8153,8130,8174,8121,8150,8178,8176,8175,8192,8137,8134,8145,8156,8102,25.11550211906433,please,True
71,8155,8133,8176,8128,8145,8186,8177,8176,8194,8152,8135,8153,8153,8106,25.11550211906433,please,True
72,8143,8125,8151,8111,8146,8187,8171,8164,8183,8149,8142,8136,8153,8094,25.131645917892456,please,True
73,8145,8133,8171,8100,8149,8196,8162,8167,8171,8129,8154,8149,8153,8092,25.131645917892456,please,True
74,8149,8151,8161,8123,8155,8200,8172,8171,8188,8142,8153,8151,8150,8094,25.14722943305969,please,True
75,8144,8153,8169,8125,8154,8189,8165,8177,8202,8155,8139,8147,8135,8098,25.14722943305969,please,True
76,8135,8141,8152,8108,8147,8185,8162,8176,8206,8149,8139,8130,8140,8093,25.16244053840637,please,True
77,8139,8141,8146,8102,8143,8185,8163,8165,8177,8142,8144,8128,8148,8086,25.16244053840637,please,True
78,8146,8157,8180,8113,8150,8187,8170,8176,8137,8150,8140,8148,8139,8091,25.17806506156921,please,True
79,8141,8153,8160,8133,8164,8191,8190,8178,8138,8158,8140,8128,8134,8094,25.17806506156921,please,True
80,8138,8149,8172,8129,8159,8193,8179,8168,8128,8134,8129,8116,8126,8095,25.19324564933777,please,True
81,8139,8164,8174,8134,8150,8194,8168,8172,8114,8132,8132,8118,8134,8092,25.19324564933777,please,True
82,8141,8170,8155,8140,8154,8187,8173,8172,8110,8154,8158,8124,8151,8090,25.20892024040222,please,True
83,8134,8167,8177,8137,8158,8186,8175,8168,8088,8138,8146,8125,8136,8092,25.20892024040222,please,True
84,8113,8156,8142,8145,8154,8184,8176,8162,8079,8117,8106,8090,8114,8075,25.22409009933472,please,True
85,8112,8148,8141,8130,8139,8178,8166,8166,8087,8126,8106,8098,8114,8076,25.22409009933472,please,True
86,8119,8160,8160,8130,8144,8188,8178,8179,8104,8157,8147,8123,8135,8105,25.23918056488037,please,True
87,8114,8163,8146,8149,8167,8199,8190,8174,8103,8158,8149,8109,8134,8103,25.23918056488037,please,True
88,8109,8156,8164,8134,8164,8207,8180,8171,8089,8140,8118,8107,8115,8090,25.2550048828125,please,True
89,8123,8158,8159,8137,8160,8209,8194,8180,8113,8174,8135,8121,8139,8115,25.2550048828125,please,True
90,8143,8165,8172,8165,8165,8206,8202,8186,8120,8190,8160,8144,8160,8136,25.270592212677,please,True
91,8140,8162,8169,8179,8161,8211,8190,8183,8113,8186,8159,8147,8157,8122,25.270592212677,please,True
92,8132,8145,8147,8164,8149,8204,8180,8170,8124,8189,8155,8135,8152,8114,25.28612899780273,sil,False
93,8135,8141,8170,8142,8149,8199,8175,8179,8126,8171,8144,8142,8142,8122,25.28612899780273,sil,False
94,8125,8141,8141,8144,8155,8204,8185,8182,8135,8174,8136,8122,8137,8104,25.302053213119507,sil,False
95,8107,8136,8141,8134,8147,8208,8186,8173,8139,8175,8128,8115,8128,8089,25.302053213119507,sil,False
96,8109,8149,8159,8135,8149,8219,8191,8179,8135,8175,8144,8132,8138,8104,25.317168712615967,sil,False
97,8124,8157,8136,8144,8158,8209,8187,8176,8134,8187,8167,8139,8160,8120,25.317168712615967,sil,False
98,8126,8154,8157,8122,8149,8182,8159,8169,8149,8175,8156,8153,8163,8116,25.33234286308289,sil,False
99,8110,8147,8138,8113,8146,8173,8148,8171,8194,8168,8152,8138,8166,8101,25.33234286308289,sil,False
100,8115,8149,8129,8112,8149,8176,8144,8172,8207,8168,8164,8130,8169,8102,25.3480064868927,sil,False
101,8137,8161,8154,8113,8151,8183,8146,8169,8202,8164,8165,8144,8170,8105,25.3480064868927,sil,False
102,8139,8164,8140,8125,8149,8174,8146,8157,8203,8146,8157,8141,8164,8088,25.364135265350345,sil,False
103,8136,8173,8167,8129,8150,8170,8134,8162,8183,8134,8165,8153,8154,8086,25.364135265350345,sil,False
104,8134,8180,8167,8153,8164,8194,8145,8168,8178,8155,8179,8146,8152,8087,25.37970733642578,sil,False
105,8129,8172,8159,8160,8169,8200,8152,8158,8163,8146,8148,8124,8133,8079,25.37970733642578,sil,False
106,8118,8168,8164,8146,8164,8196,8150,8162,8142,8123,8118,8114,8118,8080,25.39527368545532,sil,False
107,8105,8153,8133,8145,8168,8198,8166,8170,8166,8145,8136,8104,8134,8084,25.39527368545532,sil,False
108,8103,8143,8154,8138,8166,8204,8169,8174,8189,8167,8141,8120,8141,8087,25.411288499832157,sil,False
109,8104,8151,8148,8139,8163,8212,8174,8174,8198,8171,8128,8119,8144,8090,25.411288499832157,sil,False
110,8115,8160,8143,8140,8170,8207,8176,8170,8203,8165,8127,8120,8148,8100,25.426974296569824,sil,False
111,8126,8163,8168,8134,8171,8200,8169,8174,8207,8166,8138,8139,8150,8111,25.426974296569824,sil,False
112,8130,8155,8141,8133,8154,8187,8169,8174,8217,8176,8148,8134,8155,8109,25.44218134880066,sil,False
113,8150,8163,8168,8132,8151,8178,8162,8180,8213,8168,8152,8155,8162,8118,25.44218134880066,sil,False
114,8162,8177,8179,8149,8168,8183,8162,8180,8215,8167,8166,8169,8183,8127,25.45775985717773,sil,False
115,8156,8172,8155,8147,8160,8161,8150,8167,8200,8154,8164,8155,8175,8108,25.45775985717773,sil,False
116,8146,8180,8172,8139,8150,8149,8135,8170,8173,8137,8155,8152,8146,8084,25.472976207733154,sil,False
117,8152,8198,8165,8163,8168,8171,8145,8169,8175,8149,8163,8145,8155,8087,25.472976207733154,sil,False
118,8162,8202,8191,8179,8171,8189,8152,8165,8170,8143,8152,8144,8154,8099,25.48836827278137,sil,False
119,8144,8187,8186,8176,8152,8195,8164,8169,8162,8141,8128,8120,8126,8089,25.48836827278137,sil,False
120,8131,8163,8154,8149,8143,8187,8171,8166,8163,8155,8124,8112,8128,8086,25.50443148612976,sil,False
121,8144,8162,8169,8136,8147,8193,8174,8176,8178,8153,8129,8144,8156,8111,25.50443148612976,sil,False
122,8147,8169,8150,8163,8164,8205,8186,8185,8208,8162,8140,8133,8170,8118,25.51999402046204,sil,False
123,8143,8173,8162,8156,8172,8199,8179,8184,8207,8164,8151,8132,8168,8113,25.53604340553284,sil,False
124,8149,8175,8166,8140,8167,8191,8167,8184,8201,8158,8161,8148,8173,8109,25.53604340553284,sil,False
125,8162,8171,8155,8152,8166,8184,8159,8170,8195,8148,8165,8145,8169,8094,25.53604340553284,sil,False
126,8165,8185,8194,8166,8172,8184,8154,8167,8173,8132,8170,8149,8158,8087,25.551244497299194,sil,False
127,8149,8197,8182,8182,8181,8188,8170,8174,8172,8138,8170,8128,8165,8091,25.551244497299194,sil,False
237,8137,8176,8177,8168,8174,8196,8174,8174,8169,8137,8140,8112,8158,8092,25.567258834838867,sil,False
0,8140,8157,8172,8149,8166,8205,8180,8172,8176,8147,8134,8118,8161,8097,25.567258834838867,sil,False
1,8150,8161,8152,8145,8166,8184,8181,8168,8188,8160,8155,8126,8187,8112,25.5831880569458,sil,False
2,8162,8174,8184,8135,8157,8164,8154,8170,8164,8131,8150,8146,8188,8113,25.598340034484863,sil,False
3,8174,8187,8180,8152,8162,8162,8148,8163,8149,8111,8159,8154,8183,8095,25.598340034484863,sil,False
4,8187,8204,8201,8179,8173,8162,8146,8156,8151,8121,8187,8176,8187,8094,25.598340034484863,sil,False
5,8189,8218,8224,8191,8176,8167,8144,8162,8153,8142,8199,8187,8190,8113,25.61341643333435,sil,False
6,8185,8219,8200,8198,8178,8164,8142,8153,8140,8136,8195,8173,8192,8118,25.61341643333435,sil,False
7,8182,8225,8222,8201,8178,8169,8130,8148,8112,8108,8184,8173,8181,8109,25.62885355949402,sil,False
8,8172,8215,8205,8212,8179,8191,8139,8144,8116,8122,8172,8152,8168,8091,25.6440269947052,sil,False
9,8162,8196,8197,8206,8180,8191,8139,8145,8114,8136,8149,8144,8151,8083,25.6440269947052,sil,False
10,8154,8197,8212,8199,8187,8194,8142,8162,8111,8143,8150,8158,8158,8099,25.659505128860477,sil,False
11,8150,8188,8185,8201,8187,8206,8164,8167,8141,8170,8176,8153,8187,8111,25.659505128860477,sil,False
12,8155,8178,8195,8187,8176,8214,8171,8170,8159,8175,8171,8157,8184,8116,25.67510390281677,sil,False
13,8156,8177,8179,8184,8172,8209,8167,8172,8171,8179,8162,8155,8181,8117,25.67510390281677,sil,False
14,8150,8162,8168,8170,8154,8183,8151,8165,8172,8180,8167,8160,8190,8115,25.690224647521973,sil,False
15,8144,8156,8176,8152,8140,8174,8143,8166,8169,8170,8172,8169,8197,8108,25.690224647521973,sil,False
16,8155,8174,8160,8167,8164,8183,8148,8165,8174,8175,8184,8168,8204,8107,25.70535707473755,sil,False
17,8176,8202,8206,8183,8180,8189,8142,8168,8165,8170,8206,8200,8202,8114,25.70535707473755,sil,False
18,8177,8204,8208,8193,8179,8181,8147,8166,8164,8163,8218,8202,8197,8101,25.721447467803955,sil,False
19,8165,8186,8183,8176,8172,8167,8138,8155,8149,8146,8199,8179,8173,8081,25.721447467803955,sil,False
20,8155,8189,8198,8167,8161,8177,8125,8155,8125,8134,8178,8177,8150,8084,25.736557006835938,sil,False
21,8152,8191,8177,8191,8160,8187,8138,8155,8130,8145,8172,8161,8151,8086,25.736557006835938,sil,False
22,8157,8184,8188,8192,8163,8178,8141,8156,8132,8142,8168,8160,8151,8087,25.752228498458862,sil,False
23,8159,8181,8189,8197,8168,8177,8145,8162,8139,8153,8177,8163,8156,8097,25.75263214111328,sil,False
24,8156,8170,8185,8205,8162,8181,8146,8159,8141,8162,8184,8163,8159,8106,25.76726722717285,sil,False
25,8151,8158,8189,8194,8149,8193,8150,8166,8145,8169,8181,8167,8160,8115,25.76726722717285,sil,False
26,8147,8152,8145,8192,8162,8196,8171,8173,8177,8195,8189,8160,8175,8121,25.782113790512085,sil,False
27,8152,8159,8166,8195,8171,8191,8169,8176,8179,8192,8190,8177,8174,8118,25.782113790512085,sil,False
28,8158,8157,8178,8204,8159,8190,8165,8176,8171,8186,8186,8178,8165,8114,25.798126935958862,sil,False
29,8155,8136,8149,8181,8140,8172,8155,8167,8174,8183,8168,8159,8160,8117,25.798126935958862,sil,False
30,8149,8133,8158,8152,8130,8158,8135,8169,8152,8161,8149,8163,8152,8111,25.813491821289062,sil,False
31,8144,8137,8140,8167,8130,8153,8125,8164,8113,8156,8182,8170,8162,8096,25.813491821289062,sil,False
32,8156,8141,8159,8168,8134,8145,8118,8160,8079,8154,8217,8198,8176,8108,25.82928037643433,sil,False
33,8170,8163,8184,8175,8147,8158,8126,8165,8085,8154,8224,8212,8183,8121,25.82928037643433,sil,False
34,8173,8178,8195,8208,8146,8160,8123,8156,8079,8148,8239,8211,8181,8107,25.84481167793274,sil,False
35,8179,8190,8238,8234,8141,8147,8100,8155,8047,8130,8264,8244,8182,8108,25.84481167793274,sil,False
36,8188,8211,8232,8273,8153,8150,8107,8157,8049,8136,8284,8257,8200,8120,25.86048913002014,sil,False
37,8202,8231,8261,8311,8155,8149,8111,8151,8043,8136,8283,8269,8191,8118,25.86048913002014,sil,False
38,8204,8233,8287,8335,8147,8141,8103,8152,8029,8127,8288,8280,8176,8110,25.87609338760376,sil,False
39,8201,8227,8272,8354,8146,8142,8106,8154,8037,8119,8298,8281,8174,8114,25.87609338760376,sil,False
40,8226,8247,8321,8382,8153,8162,8120,8166,8053,8131,8317,8317,8188,8149,25.891353130340576,sil,False
41,8251,8258,8332,8422,8162,8177,8143,8169,8071,8169,8358,8348,8228,8177,25.891353130340576,sil,False
42,8248,8244,8332,8417,8154,8184,8140,8160,8079,8166,8366,8364,8237,8180,25.906492471694943,sil,False
43,8236,8237,8325,8398,8147,8190,8131,8159,8108,8154,8349,8364,8218,8175,25.906492471694943,sil,False
44,8249,8234,8293,8402,8151,8172,8140,8164,8147,8163,8348,8350,8225,8181,25.92213726043701,sil,False
45,8267,8241,8318,8393,8153,8172,8144,8180,8154,8160,8354,8366,8240,8200,25.92213726043701,sil,False
46,8255,8237,8291,8371,8149,8182,8140,8177,8161,8164,8337,8351,8240,8190,25.937381982803345,sil,False
47,8237,8220,8262,8343,8145,8162,8119,8161,8147,8148,8301,8325,8223,8170,25.937381982803345,sil,False
48,8243,8222,8270,8335,8158,8161,8125,8165,8134,8133,8302,8319,8226,8176,25.95300269126892,sil,False
49,8250,8215,8247,8314,8163,8167,8142,8167,8150,8143,8316,8300,8236,8177,25.95300269126892,sil,False
50,8233,8199,8247,8261,8141,8152,8121,8164,8147,8140,8293,8286,8218,8157,25.968039751052856,sil,False
51,8211,8206,8225,8272,8144,8150,8112,8163,8146,8138,8280,8257,8202,8140,25.98400473594665,sil,False
52,8205,8221,8229,8297,8167,8165,8122,8163,8144,8140,8277,8237,8195,8138,25.98400473594665,sil,False
53,8197,8212,8234,8268,8168,8180,8135,8168,8138,8146,8263,8228,8191,8130,26.000505924224854,sil,False
54,8180,8188,8189,8243,8161,8179,8150,8164,8145,8157,8249,8202,8186,8114,26.000505924224854,sil,False
55,8167,8180,8198,8230,8159,8180,8156,8171,8150,8153,8224,8194,8168,8116,26.000505924224854,sil,False
56,8157,8176,8177,8225,8163,8191,8170,8179,8167,8163,8207,8171,8162,8117,26.0146586894989,sil,False
57,8153,8163,8156,8212,8167,8197,8173,8168,8170,8176,8201,8154,8164,8111,26.03206586837769,sil,False
58,8152,8160,8167,8190,8166,8201,8168,8166,8162,8172,8178,8155,8150,8108,26.03242373466492,sil,False
59,8144,8156,8131,8173,8167,8196,8178,8170,8182,8172,8159,8133,8141,8107,26.03242373466492,sil,False
60,8144,8148,8145,8144,8166,8192,8184,8181,8211,8183,8163,8139,8152,8117,26.047007083892822,sil,False
61,8143,8144,8136,8137,8165,8192,8187,8185,8232,8204,8167,8137,8167,8115,26.062294244766235,sil,False
62,8141,8140,8115,8130,8159,8166,8164,8174,8219,8195,8154,8121,8160,8105,26.062294244766235,sil,False
63,8148,8152,8151,8114,8168,8157,8155,8180,8208,8188,8167,8144,8172,8117,26.062294244766235,sil,False
64,8159,8156,8147,8116,8176,8176,8182,8183,8227,8214,8202,8160,8208,8128,26.077635049819943,sil,False
65,8162,8148,8151,8098,8151,8173,8172,8177,8203,8188,8192,8157,8187,8114,26.099666595458984,sil,False
66,8149,8142,8131,8082,8142,8156,8149,8173,8171,8144,8163,8133,8146,8089,26.099666595458984,sil,False
67,8135,8124,8110,8073,8151,8148,8146,8162,8167,8130,8146,8114,8133,8071,26.099666595458984,sil,False
68,8129,8109,8128,8052,8145,8160,8157,8167,8174,8132,8123,8109,8118,8062,26.109310388565063,sil,False
69,8115,8106,8097,8042,8145,8171,8180,8175,8186,8142,8117,8087,8113,8051,26.12475204467773,sil,False
70,8109,8115,8114,8044,8152,8165,8172,8170,8171,8129,8123,8093,8111,8050,26.12475204467773,sil,False
71,8108,8119,8128,8066,8151,8164,8161,8169,8166,8131,8128,8095,8110,8050,26.14039421081543,sil,False
72,8104,8112,8112,8069,8142,8158,8163,8169,8170,8144,8126,8084,8109,8045,26.14039421081543,sil,False
73,8103,8125,8137,8054,8143,8163,8168,8169,8162,8137,8121,8093,8106,8047,26.155596256256104,sil,False
74,8106,8136,8121,8076,8163,8181,8181,8164,8176,8147,8129,8084,8112,8055,26.155596256256104,sil,False
75,8120,8130,8147,8099,8173,8190,8177,8161,8180,8161,8141,8096,8115,8069,26.171236038208008,sil,False
76,8132,8139,8174,8115,8174,8200,8177,8170,8182,8169,8150,8114,8124,8081,26.171236038208008,sil,False
77,8125,8140,8148,8111,8175,8201,8186,8171,8189,8176,8138,8101,8125,8084,26.18657398223877,sil,False
78,8116,8126,8153,8087,8167,8198,8188,8170,8179,8177,8118,8103,8117,8090,26.18657398223877,sil,False
79,8120,8123,8136,8095,8167,8199,8200,8165,8192,8195,8130,8106,8138,8098,26.201728105545044,sil,False
80,8133,8129,8145,8088,8166,8199,8202,8175,8211,8205,8137,8121,8158,8113,26.201728105545044,sil,False
81,8127,8127,8144,8071,8158,8200,8200,8187,8210,8205,8124,8117,8157,8116,26.21720266342163,sil,False
82,8108,8115,8105,8074,8149,8188,8187,8170,8196,8191,8108,8091,8138,8090,26.21720266342163,sil,False
83,8108,8123,8125,8065,8146,8186,8169,8170,8193,8171,8104,8102,8123,8081,26.23315477371216,sil,False
84,8116,8137,8122,8070,8151,8186,8180,8182,8217,8190,8120,8111,8144,8098,26.23315477371216,sil,False
85,8122,8137,8129,8076,8143,8166,8173,8175,8212,8198,8120,8120,8153,8107,26.24880075454712,sil,False
86,8121,8131,8141,8072,8132,8157,8158,8169,8186,8175,8116,8127,8142,8096,26.24880075454712,sil,False
87,8118,8119,8109,8061,8135,8157,8159,8162,8158,8163,8118,8117,8146,8087,26.264850854873657,sil,False
88,8121,8125,8129,8052,8134,8151,8149,8166,8114,8162,8113,8126,8147,8091,26.264850854873657,sil,False
89,8120,8135,8123,8071,8129,8142,8145,8166,8096,8160,8119,8115,8137,8082,26.28016805648804,sil,False
90,8128,8137,8120,8078,8130,8139,8139,8159,8087,8139,8121,8110,8126,8075,26.28016805648804,sil,False
91,8144,8152,8147,8083,8142,8158,8144,8165,8082,8142,8128,8135,8138,8089,26.29617190361023,sil,False
92,8141,8161,8136,8099,8152,8167,8163,8163,8089,8165,8148,8142,8152,8092,26.29617190361023,sil,False
93,8128,8161,8147,8087,8153,8168,8161,8161,8076,8150,8139,8133,8131,8079,26.31199598312378,sil,False
94,8115,8152,8117,8082,8157,8180,8164,8163,8074,8143,8114,8099,8114,8059,26.31199598312378,sil,False
95,8112,8145,8106,8080,8149,8171,8171,8158,8065,8136,8100,8087,8104,8049,26.32718014717102,sil,False
96,8106,8148,8128,8075,8143,8167,8177,8159,8053,8128,8096,8095,8095,8049,26.32718014717102,sil,False
97,8100,8143,8105,8086,8155,8184,8189,8159,8068,8152,8105,8082,8101,8051,26.34330582618713,sil,False
98,8105,8145,8131,8088,8153,8190,8181,8160,8067,8154,8102,8093,8098,8058,26.34330582618713,sil,False
99,8108,8151,8130,8098,8142,8183,8173,8159,8088,8142,8096,8086,8097,8059,26.35939908027649,sil,False
100,8101,8141,8109,8099,8141,8170,8165,8157,8129,8142,8089,8069,8095,8056,26.35939908027649,sil,False
101,8090,8132,8121,8078,8138,8168,8164,8169,8148,8154,8088,8078,8085,8061,26.37508535385132,sil,False
102,8093,8129,8097,8069,8129,8166,8172,8172,8173,8167,8100,8081,8097,8070,26.37508535385132,sil,False
103,8107,8137,8119,8066,8121,8155,8158,8170,8182,8151,8103,8103,8116,8080,26.39030599594116,sil,False
104,8122,8150,8131,8076,8127,8159,8151,8170,8179,8147,8115,8118,8131,8079,26.39030599594116,sil,False
105,8135,8152,8119,8079,8137,8158,8149,8165,8175,8150,8128,8119,8134,8079,26.40533232688904,sil,False
106,8135,8153,8138,8079,8141,8157,8150,8171,8184,8149,8125,8133,8137,8097,26.40533232688904,sil,False
107,8120,8146,8114,8085,8138,8154,8152,8167,8186,8151,8114,8114,8134,8085,26.42134189605713,sil,False
108,8121,8143,8123,8066,8127,8149,8125,8156,8146,8118,8095,8102,8101,8057,26.42134189605713,sil,False
109,8126,8154,8130,8072,8137,8158,8130,8158,8142,8110,8108,8112,8100,8065,26.4363009929657,sil,False
110,8115,8150,8115,8082,8146,8158,8147,8159,8164,8132,8126,8113,8113,8077,26.4363009929657,sil,False
111,8108,8149,8134,8064,8133,8155,8135,8162,8153,8126,8113,8109,8094,8060,26.45223379135132,sil,False
112,8112,8157,8116,8082,8133,8159,8143,8160,8154,8128,8108,8098,8093,8048,26.45223379135132,sil,False
113,8116,8159,8137,8105,8144,8165,8158,8160,8162,8131,8113,8114,8100,8072,26.46743869781494,sil,False
114,8109,8152,8143,8100,8148,8178,8165,8167,8160,8142,8110,8109,8094,8083,26.46743869781494,sil,False
115,8092,8130,8109,8077,8141,8177,8168,8167,8156,8156,8097,8078,8086,8061,26.48256754875183,sil,False
116,8092,8124,8136,8070,8138,8178,8166,8170,8158,8145,8094,8081,8084,8056,26.48256754875183,sil,False
117,8108,8133,8133,8095,8148,8180,8171,8165,8168,8141,8096,8086,8086,8070,26.49820637702942,sil,False
118,8114,8130,8133,8090,8143,8177,8160,8157,8155,8145,8076,8089,8069,8070,26.49820637702942,sil,False
119,8098,8119,8129,8066,8128,8175,8157,8164,8153,8150,8065,8079,8066,8060,26.51362371444702,sil,False
120,8101,8116,8107,8061,8121,8158,8156,8161,8163,8143,8074,8074,8085,8061,26.51362371444702,sil,False
121,8120,8122,8133,8055,8120,8142,8134,8160,8153,8128,8077,8104,8091,8069,26.52959632873535,sil,False
122,8114,8124,8111,8055,8120,8140,8128,8159,8155,8138,8106,8108,8095,8057,26.52959632873535,sil,False
123,8108,8137,8123,8060,8120,8139,8128,8155,8148,8138,8163,8112,8095,8054,26.54552435874939,sil,False
124,8119,8154,8151,8079,8128,8150,8132,8162,8145,8136,8196,8124,8101,8068,26.54552435874939,sil,False
125,8121,8144,8124,8089,8128,8150,8129,8156,8156,8141,8183,8115,8110,8068,26.561538219451904,sil,False
126,8120,8141,8145,8074,8117,8149,8115,8151,8143,8124,8176,8123,8095,8062,26.561538219451904,sil,False
127,8122,8156,8144,8092,8126,8160,8132,8155,8143,8124,8198,8116,8089,8060,26.57710003852844,sil,False
237,8124,8159,8147,8109,8138,8162,8135,8152,8141,8138,8192,8113,8095,8071,26.57710003852844,sil,False
0,8119,8159,8158,8104,8137,8160,8117,8155,8138,8146,8179,8128,8099,8080,26.59222149848938,sil,False
1,8117,8159,8133,8106,8141,8159,8127,8161,8157,8149,8202,8124,8101,8078,26.59222149848938,sil,False
2,8124,8161,8160,8107,8147,8172,8141,8164,8159,8143,8213,8137,8094,8075,26.608242750167847,sil,False
3,8114,8152,8143,8111,8150,8190,8152,8158,8165,8161,8194,8128,8091,8065,26.608242750167847,sil,False
4,8104,8125,8117,8088,8137,8175,8152,8160,8173,8167,8173,8111,8087,8059,26.62433910369873,sil,False
5,8114,8118,8133,8069,8118,8155,8143,8171,8178,8155,8173,8125,8094,8071,26.62433910369873,sil,False
6,8128,8125,8115,8077,8117,8150,8132,8163,8191,8161,8188,8139,8114,8086,26.64038372039795,sil,False
7,8137,8128,8135,8064,8119,8143,8116,8165,8181,8152,8191,8154,8118,8091,26.64038372039795,sil,False
8,8126,8127,8132,8060,8119,8133,8116,8166,8164,8137,8182,8134,8112,8069,26.655701398849487,sil,False
9,8116,8133,8121,8064,8121,8135,8121,8154,8149,8129,8169,8118,8092,8043,26.655701398849487,sil,False
10,8119,8158,8147,8080,8132,8166,8139,8161,8153,8133,8170,8134,8080,8053,26.671067237854004,sil,False
11,8123,8157,8134,8112,8146,8174,8162,8164,8167,8145,8180,8126,8091,8069,26.671067237854004,sil,False
12,8125,8144,8155,8107,8138,8161,8155,8165,8161,8150,8166,8128,8092,8079,26.687188863754272,sil,False
13,8121,8141,8143,8091,8124,8175,8165,8173,8174,8177,8156,8128,8099,8086,26.687188863754272,sil,False
14,8115,8128,8107,8079,8118,8174,8175,8168,8182,8181,8151,8120,8102,8079,26.70227336883545,sil,False
15,8113,8122,8121,8061,8118,8154,8159,8166,8172,8154,8137,8121,8096,8075,26.71817708015442,sil,False
16,8121,8130,8110,8069,8123,8145,8143,8160,8170,8150,8150,8123,8113,8078,26.71817708015442,sil,False
17,8142,8141,8138,8069,8121,8144,8129,8157,8133,8136,8166,8158,8128,8082,26.71817708015442,sil,False
18,8150,8143,8138,8058,8119,8139,8128,8160,8096,8130,8163,8167,8126,8083,26.7333402633667,sil,False
19,8146,8134,8120,8049,8111,8121,8114,8155,8082,8130,8151,8150,8115,8085,26.7333402633667,sil,False
20,8151,8144,8161,8059,8112,8128,8106,8158,8074,8120,8156,8173,8112,8092,26.749440670013428,sil,False
21,8157,8162,8153,8096,8136,8151,8134,8159,8078,8134,8173,8179,8124,8086,26.765459537506104,sil,False
22,8154,8167,8156,8103,8141,8149,8132,8154,8065,8138,8164,8174,8117,8078,26.765459537506104,sil,False
23,8155,8170,8162,8103,8130,8136,8117,8154,8066,8133,8171,8185,8120,8079,26.765459537506104,sil,False
24,8170,8167,8156,8108,8134,8129,8115,8151,8077,8137,8195,8198,8142,8093,26.78109669685364,sil,False
25,8178,8167,8190,8109,8133,8146,8116,8156,8069,8139,8187,8206,8144,8103,26.78109669685364,sil,False
26,8166,8171,8169,8130,8132,8163,8136,8157,8066,8145,8174,8181,8141,8088,26.796730279922485,sil,False
27,8158,8171,8165,8135,8137,8161,8146,8153,8057,8127,8162,8172,8126,8079,26.796730279922485,sil,False
28,8155,8161,8167,8134,8137,8165,8145,8157,8061,8121,8154,8171,8114,8083,26.812164306640625,sil,False
29,8146,8143,8142,8140,8129,8168,8151,8158,8078,8141,8155,8164,8124,8089,26.812164306640625,sil,False
30,8143,8144,8160,8130,8124,8174,8153,8165,8096,8150,8154,8174,8129,8100,26.828786373138428,sil,False
31,8151,8144,8135,8139,8135,8185,8165,8164,8142,8160,8148,8149,8122,8092,26.828786373138428,sil,False
32,8162,8145,8140,8148,8149,8192,8173,8159,8167,8148,8135,8134,8108,8089,26.842994689941406,sil,False
33,8157,8150,8157,8139,8143,8198,8180,8162,8164,8134,8131,8143,8111,8102,26.858153343200684,sil,False
34,8153,8137,8122,8118,8121,8177,8180,8157,8175,8149,8134,8141,8125,8109,26.858153343200684,sil,False
35,8168,8141,8142,8109,8111,8156,8165,8169,8194,8163,8136,8166,8129,8115,26.873458862304688,sil,False
36,8175,8156,8135,8138,8121,8163,8172,8181,8215,8177,8150,8178,8143,8117,26.873458862304688,sil,False
37,8185,8159,8140,8142,8128,8166,8171,8177,8221,8172,8155,8185,8151,8120,26.88902521133423,please,True
38,8200,8168,8165,8131,8137,8165,8159,8173,8213,8163,8147,8190,8152,8126,26.88902521133423,please,True
39,8197,8169,8138,8141,8147,8151,8145,8156,8198,8153,8147,8177,8147,8123,26.90506672859192,please,True
40,8185,8157,8151,8130,8133,8141,8126,8152,8171,8121,8145,8184,8125,8115,26.90506672859192,please,True
41,8179,8155,8147,8122,8125,8141,8140,8160,8178,8129,8149,8175,8127,8111,26.92021417617798,please,True
42,8188,8172,8160,8132,8133,8139,8157,8163,8187,8146,8156,8176,8136,8112,26.92021417617798,please,True
43,8193,8187,8189,8152,8145,8159,8162,8171,8192,8143,8161,8194,8126,8114,26.935455560684204,please,True
44,8183,8178,8158,8157,8153,8173,8169,8164,8199,8147,8156,8176,8116,8111,26.935455560684204,please,True
45,8176,8173,8177,8140,8154,8163,8158,8157,8165,8131,8137,8167,8107,8108,26.95155167579651,please,True
46,8177,8179,8178,8161,8161,8169,8161,8162,8162,8137,8149,8173,8124,8113,26.95155167579651,please,True
47,8183,8171,8169,8173,8157,8177,8165,8165,8190,8160,8168,8182,8140,8120,26.967048168182373,please,True
48,8174,8167,8186,8160,8151,8183,8163,8164,8182,8154,8147,8172,8128,8114,26.967048168182373,please,True
49,8158,8168,8159,8179,8162,8185,8168,8155,8170,8155,8129,8145,8121,8098,26.983057975769043,please,True
50,8171,8167,8176,8192,8155,8173,8157,8155,8172,8170,8142,8170,8134,8112,26.983057975769043,please,True
51,8185,8164,8179,8189,8144,8164,8161,8163,8192,8179,8152,8181,8146,8132,26.99907350540161,please,True
52,8179,8152,8164,8178,8146,8161,8171,8163,8201,8163,8134,8167,8135,8129,26.99907350540161,please,True
53,8176,8155,8182,8169,8139,8169,8167,8166,8190,8154,8124,8179,8130,8126,27.014219999313354,please,True
54,8177,8158,8153,8171,8132,8167,8167,8162,8178,8152,8139,8177,8140,8124,27.014219999313354,please,True
55,8168,8150,8159,8155,8131,8151,8155,8160,8169,8135,8150,8178,8132,8124,27.0294451713562,please,True
56,8152,8140,8157,8150,8133,8149,8146,8164,8179,8145,8166,8175,8128,8117,27.0294451713562,please,True
57,8158,8138,8143,8152,8137,8154,8142,8160,8177,8149,8175,8165,8133,8102,27.04480481147766,please,True
58,8179,8160,8175,8152,8145,8162,8148,8166,8173,8136,8164,8176,8133,8107,27.04480481147766,please,True
59,8181,8168,8153,8162,8154,8157,8162,8165,8197,8147,8158,8170,8137,8112,27.06122732162476,please,True
60,8171,8155,8150,8144,8143,8137,8143,8161,8196,8149,8150,8172,8127,8106,27.06122732162476,please,True
61,8166,8155,8149,8127,8136,8144,8139,8165,8194,8152,8144,8172,8121,8102,27.077175617218018,please,True
62,8169,8159,8131,8124,8143,8158,8159,8165,8206,8150,8137,8159,8125,8099,27.077175617218018,please,True
63,8176,8166,8156,8118,8146,8167,8166,8173,8200,8148,8142,8167,8127,8102,27.092039585113525,please,True
64,8181,8172,8147,8136,8156,8167,8177,8174,8205,8175,8174,8171,8142,8111,27.092039585113525,please,True
65,8182,8174,8165,8139,8161,8160,8172,8161,8194,8164,8174,8175,8137,8115,27.10813808441162,please,True
66,8168,8170,8167,8130,8158,8163,8164,8155,8173,8131,8141,8164,8119,8097,27.10813808441162,please,True
67,8158,8163,8135,8124,8151,8156,8164,8157,8174,8140,8137,8155,8120,8086,27.1236572265625,please,True
68,8163,8172,8165,8127,8144,8155,8158,8169,8179,8160,8159,8177,8122,8101,27.1236572265625,please,True
69,8156,8177,8162,8150,8148,8160,8165,8174,8206,8170,8171,8164,8126,8106,27.139537811279297,please,True
70,8153,8165,8163,8148,8146,8159,8163,8167,8197,8147,8145,8141,8116,8096,27.139537811279297,please,True
71,8152,8164,8162,8131,8142,8164,8163,8165,8138,8133,8125,8139,8106,8088,27.155420780181885,please,True
72,8145,8165,8138,8136,8146,8167,8175,8159,8095,8148,8129,8129,8107,8088,27.155420780181885,please,True
73,8152,8175,8171,8148,8154,8180,8177,8160,8078,8140,8125,8137,8103,8100,27.17168664932251,please,True
74,8156,8171,8153,8156,8155,8190,8184,8166,8098,8156,8133,8137,8115,8107,27.17168664932251,please,True
75,8145,8147,8136,8129,8143,8179,8180,8171,8116,8179,8135,8136,8124,8111,27.18735384941101,please,True
76,8135,8138,8142,8108,8145,8187,8178,8176,8121,8175,8124,8137,8120,8114,27.18735384941101,please,True
77,8138,8145,8119,8125,8157,8199,8185,8167,8121,8171,8130,8127,8127,8112,27.20248317718506,please,True
78,8143,8146,8148,8125,8151,8188,8179,8171,8110,8176,8141,8144,8130,8119,27.20248317718506,please,True
79,8146,8137,8143,8129,8149,8176,8190,8178,8130,8192,8150,8144,8139,8124,27.218242406845093,please,True
80,8167,8144,8147,8138,8161,8181,8200,8179,8151,8202,8162,8158,8161,8136,27.218242406845093,please,True
81,8177,8164,8169,8131,8162,8189,8197,8186,8155,8218,8174,8186,8183,8148,27.233420610427856,please,True
82,8162,8151,8139,8122,8151,8162,8182,8173,8149,8215,8171,8170,8183,8138,27.233420610427856,please,True
83,8157,8148,8166,8124,8143,8143,8166,8168,8132,8181,8164,8175,8170,8135,27.249054670333862,please,True
84,8163,8165,8167,8149,8158,8168,8184,8176,8142,8181,8177,8188,8181,8139,27.249054670333862,please,True
85,8164,8157,8148,8142,8168,8165,8180,8168,8156,8182,8184,8184,8180,8125,27.264137983322144,please,True
86,8169,8153,8176,8129,8156,8149,8157,8166,8190,8174,8185,8188,8173,8117,27.264137983322144,please,True
87,8180,8166,8167,8148,8154,8155,8153,8162,8244,8183,8203,8189,8190,8130,27.279518127441406,please,True
88,8187,8176,8188,8155,8164,8155,8150,8161,8239,8172,8209,8206,8187,8143,27.279518127441406,please,True
89,8180,8175,8187,8168,8175,8152,8167,8164,8214,8163,8205,8196,8172,8126,27.295142889022827,please,True
90,8168,8169,8171,8170,8173,8161,8174,8153,8196,8164,8195,8174,8161,8105,27.295142889022827,please,True
91,8154,8176,8188,8159,8168,8178,8158,8154,8179,8154,8186,8177,8151,8107,27.311240196228027,please,True
92,8145,8174,8168,8172,8176,8171,8155,8158,8174,8146,8181,8164,8151,8111,27.311240196228027,please,True
93,8153,8175,8190,8178,8170,8160,8148,8155,8156,8138,8171,8168,8149,8111,27.326584815979004,sil,False
94,8157,8181,8194,8187,8162,8173,8143,8158,8157,8144,8174,8173,8154,8116,27.326584815979004,sil,False
95,8151,8172,8172,8186,8164,8180,8153,8160,8169,8156,8170,8164,8152,8116,27.342158555984497,sil,False
96,8152,8167,8193,8181,8172,8191,8178,8172,8172,8174,8167,8173,8153,8121,27.342158555984497,sil,False
97,8161,8172,8180,8211,8186,8210,8212,8180,8200,8201,8193,8175,8179,8141,27.358190774917603,sil,False
98,8173,8174,8189,8215,8180,8209,8214,8176,8204,8191,8197,8183,8182,8151,27.358190774917603,sil,False
99,8166,8158,8173,8190,8166,8198,8201,8169,8189,8187,8179,8169,8166,8140,27.373981714248657,sil,False
100,8153,8138,8142,8175,8156,8184,8188,8164,8187,8197,8176,8152,8159,8138,27.373981714248657,sil,False
101,8163,8144,8169,8163,8146,8174,8180,8176,8202,8189,8181,8174,8164,8156,27.38914275169373,sil,False
102,8174,8148,8148,8158,8144,8160,8187,8174,8222,8196,8181,8174,8182,8148,27.38914275169373,sil,False
103,8170,8138,8145,8144,8145,8147,8171,8168,8202,8188,8173,8173,8176,8132,27.404374599456787,sil,False
104,8164,8153,8150,8151,8150,8158,8158,8172,8188,8170,8177,8181,8168,8132,27.404374599456787,sil,False
105,8169,8167,8138,8164,8158,8158,8164,8167,8201,8172,8190,8175,8178,8130,27.420473337173465,sil,False
106,8176,8166,8172,8154,8161,8152,8165,8165,8195,8174,8193,8180,8184,8127,27.420473337173465,sil,False
107,8174,8164,8155,8156,8158,8154,8166,8160,8188,8184,8190,8172,8183,8121,27.43637084960937,sil,False
108,8172,8164,8153,8152,8150,8153,8157,8159,8176,8171,8181,8175,8168,8116,27.43637084960937,sil,False
109,8167,8175,8170,8156,8162,8165,8169,8168,8174,8164,8182,8182,8167,8115,27.451399087905884,sil,False
110,8158,8182,8153,8166,8183,8172,8187,8165,8174,8173,8185,8168,8169,8117,27.451399087905884,sil,False
111,8158,8183,8177,8159,8169,8169,8174,8161,8157,8167,8163,8169,8151,8116,27.466286659240723,sil,False
112,8167,8187,8173,8182,8159,8170,8173,8161,8159,8169,8159,8162,8156,8117,27.466286659240723,sil,False
113,8176,8192,8182,8200,8171,8169,8170,8163,8157,8165,8168,8164,8165,8128,27.482259035110477,sil,False
114,8169,8200,8195,8190,8170,8172,8163,8165,8161,8159,8160,8162,8157,8125,27.482259035110477,sil,False
115,8168,8194,8170,8192,8163,8179,8175,8160,8175,8180,8154,8146,8156,8120,27.498151063919067,sil,False
116,8187,8193,8201,8201,8171,8197,8194,8175,8177,8201,8155,8174,8175,8147,27.498151063919067,sil,False
117,8189,8185,8189,8204,8181,8199,8209,8192,8205,8215,8163,8180,8199,8159,27.51366877555847,sil,False
118,8176,8162,8162,8173,8160,8167,8179,8182,8194,8205,8160,8163,8187,8142,27.51366877555847,sil,False
119,8170,8155,8165,8152,8141,8149,8154,8171,8138,8190,8149,8166,8171,8138,27.52962756156921,sil,False
120,8177,8159,8150,8169,8152,8156,8172,8170,8127,8197,8151,8169,8183,8146,27.54436731338501,sil,False
121,8190,8167,8178,8161,8165,8162,8171,8179,8132,8198,8165,8186,8188,8151,27.54436731338501,sil,False
122,8166,8155,8152,8137,8148,8147,8149,8172,8117,8180,8173,8177,8172,8135,27.560515642166138,sil,False
123,8148,8132,8135,8124,8129,8130,8135,8159,8102,8154,8167,8174,8166,8117,27.560515642166138,sil,False
124,8166,8148,8180,8143,8157,8152,8143,8170,8116,8159,8177,8189,8175,8122,27.560515642166138,sil,False
125,8169,8169,8168,8176,8183,8173,8159,8169,8132,8185,8187,8175,8176,8121,27.57465124130249,sil,False
126,8159,8178,8182,8177,8170,8175,8162,8169,8115,8172,8171,8175,8159,8119,27.5902841091156,sil,False
127,8166,8172,8186,8182,8170,8187,8178,8172,8110,8167,8155,8172,8151,8128,27.5902841091156,sil,False
237,8172,8153,8180,8189,8177,8186,8178,8160,8109,8182,8141,8161,8147,8130,27.605457544326782,sil,False
0,8152,8155,8189,8185,8163,8185,8174,8162,8121,8183,8133,8161,8147,8116,27.605457544326782,sil,False
1,8146,8161,8155,8186,8155,8190,8190,8170,8179,8190,8142,8149,8167,8113,27.62119674682617,sil,False
2,8173,8155,8181,8181,8152,8186,8184,8173,8209,8197,8138,8167,8172,8140,27.62119674682617,sil,False
3,8180,8147,8190,8191,8148,8186,8183,8179,8213,8208,8139,8176,8173,8148,27.636779069900516,sil,False
4,8165,8140,8164,8178,8154,8185,8187,8177,8217,8201,8141,8167,8171,8136,27.636779069900516,sil,False
5,8166,8138,8181,8149,8159,8185,8185,8175,8212,8185,8133,8176,8172,8143,27.65211772918701,sil,False
6,8176,8132,8164,8160,8155,8173,8180,8170,8205,8185,8149,8166,8188,8147,27.65211772918701,sil,False
7,8169,8131,8173,8171,8142,8152,8160,8175,8189,8173,8159,8170,8188,8139,27.668233633041385,sil,False
8,8170,8151,8187,8180,8152,8159,8163,8181,8191,8184,8163,8187,8194,8142,27.668233633041385,sil,False
9,8191,8166,8182,8174,8165,8160,8167,8164,8182,8184,8164,8189,8196,8138,27.683363676071167,sil,False
10,8194,8166,8204,8167,8164,8164,8155,8155,8159,8146,8162,8185,8170,8120,27.683363676071167,sil,False
11,8172,8164,8186,8202,8179,8177,8167,8161,8173,8158,8190,8164,8177,8114,27.698721885681152,sil,False
12,8165,8173,8203,8216,8186,8172,8162,8160,8170,8168,8197,8170,8184,8118,27.698721885681152,sil,False
13,8167,8179,8204,8207,8175,8169,8151,8152,8155,8152,8163,8170,8168,8111,27.71428275108337,sil,False
14,8170,8163,8174,8206,8176,8187,8168,8158,8174,8171,8151,8157,8172,8120,27.71428275108337,sil,False
15,8181,8151,8197,8196,8185,8206,8182,8186,8204,8204,8172,8180,8191,8151,27.729716300964355,sil,False
16,8177,8145,8176,8187,8177,8189,8178,8187,8225,8215,8184,8182,8204,8150,27.729716300964355,sil,False
17,8175,8149,8175,8174,8161,8155,8148,8162,8200,8182,8178,8178,8194,8134,27.74559760093689,sil,False
18,8191,8168,8198,8176,8167,8155,8138,8157,8171,8161,8194,8194,8192,8141,27.74559760093689,sil,False
19,8199,8177,8198,8201,8181,8164,8155,8158,8177,8172,8218,8200,8202,8146,27.761104583740234,sil,False
20,8190,8177,8223,8210,8170,8165,8157,8163,8177,8168,8197,8195,8190,8141,27.761104583740234,sil,False
21,8175,8163,8191,8210,8159,8169,8161,8160,8185,8176,8170,8168,8179,8134,27.776233673095703,sil,False
22,8173,8144,8180,8197,8158,8167,8161,8155,8188,8190,8169,8173,8179,8136,27.776233673095703,sil,False
23,8177,8147,8193,8182,8155,8162,8160,8167,8192,8196,8188,8191,8198,8146,27.79223370552063,sil,False
24,8186,8151,8165,8174,8153,8159,8159,8165,8200,8186,8204,8186,8214,8144,27.79223370552063,sil,False
25,8191,8158,8191,8176,8157,8161,8145,8162,8182,8161,8197,8199,8200,8130,27.80782413482666,sil,False
26,8177,8169,8187,8204,8172,8166,8151,8161,8169,8167,8192,8187,8187,8116,27.80782413482666,sil,False
27,8161,8165,8178,8201,8168,8170,8156,8156,8152,8174,8185,8172,8181,8116,27.82334804534912,sil,False
28,8153,8156,8189,8189,8160,8191,8166,8164,8153,8172,8172,8174,8184,8132,27.82334804534912,sil,False
29,8158,8145,8164,8202,8162,8190,8181,8166,8181,8187,8163,8160,8197,8139,27.838498830795288,sil,False
30,8171,8137,8185,8181,8145,8159,8161,8162,8178,8183,8153,8174,8197,8136,27.838498830795288,sil,False
31,8176,8136,8181,8166,8137,8140,8139,8156,8164,8174,8170,8195,8206,8135,27.85405421257019,sil,False
32,8186,8145,8183,8183,8154,8135,8131,8148,8159,8170,8192,8210,8219,8143,27.85405421257019,sil,False
33,8194,8157,8208,8200,8167,8150,8140,8154,8165,8169,8190,8215,8226,8140,27.869585514068604,sil,False
34,8185,8152,8179,8196,8155,8160,8149,8153,8167,8162,8179,8190,8220,8114,27.869585514068604,sil,False
35,8182,8169,8202,8185,8148,8160,8137,8156,8150,8144,8170,8191,8199,8114,27.885124683380127,sil,False
36,8183,8188,8205,8213,8164,8170,8146,8163,8160,8157,8173,8192,8195,8128,27.885124683380127,sil,False
37,8173,8168,8188,8231,8173,8175,8153,8161,8169,8168,8171,8185,8195,8121,27.900524854660038,sil,False
38,8170,8164,8207,8226,8173,8187,8151,8166,8157,8160,8167,8189,8187,8116,27.900524854660038,sil,False
39,8174,8186,8191,8246,8176,8189,8163,8156,8151,8156,8154,8175,8178,8110,27.916105031967163,sil,False
40,8176,8186,8214,8261,8173,8176,8161,8148,8139,8143,8138,8193,8168,8113,27.916105031967163,sil,False
41,8181,8179,8217,8280,8168,8182,8168,8157,8154,8158,8173,8216,8187,8129,27.931310415267944,sil,False
42,8192,8176,8203,8287,8155,8181,8174,8158,8154,8169,8212,8220,8200,8144,27.931310415267944,sil,False
43,8200,8177,8236,8287,8147,8173,8171,8167,8114,8159,8212,8245,8200,8154,27.94744682312012,sil,False
44,8215,8183,8233,8320,8159,8170,8175,8174,8114,8193,8240,8278,8240,8171,27.94744682312012,sil,False
45,8237,8196,8248,8321,8153,8157,8160,8168,8123,8206,8263,8309,8258,8184,27.96346426010132,sil,False
46,8238,8191,8240,8300,8139,8152,8151,8162,8115,8175,8244,8297,8238,8168,27.96346426010132,sil,False
47,8232,8179,8223,8300,8147,8146,8149,8159,8096,8151,8236,8283,8230,8149,27.97900390625,sil,False
48,8224,8184,8252,8300,8151,8137,8129,8157,8074,8139,8249,8301,8219,8147,27.994792461395264,sil,False
49,8216,8190,8238,8306,8144,8133,8130,8148,8076,8140,8252,8289,8209,8137,27.994792461395264,sil,False
50,8233,8203,8267,8309,8149,8145,8136,8153,8071,8131,8239,8296,8211,8142,27.994792461395264,sil,False
51,8231,8203,8267,8306,8159,8163,8140,8158,8066,8132,8229,8295,8213,8148,28.010409593582157,sil,False
52,8192,8172,8205,8276,8156,8155,8140,8145,8061,8141,8211,8254,8198,8127,28.010409593582157,sil,False
53,8186,8173,8226,8255,8148,8156,8143,8154,8066,8149,8192,8247,8186,8126,28.02651810646057,sil,False
54,8199,8184,8222,8278,8149,8168,8158,8167,8092,8174,8192,8232,8199,8145,28.02651810646057,sil,False
55,8184,8163,8201,8267,8150,8174,8161,8168,8098,8186,8182,8214,8199,8153,28.04207015037537,sil,False
56,8171,8150,8190,8230,8153,8190,8176,8174,8128,8191,8170,8216,8195,8146,28.04207015037537,sil,False
57,8173,8139,8163,8208,8155,8181,8183,8166,8177,8182,8163,8207,8183,8133,28.0572509765625,sil,False
58,8175,8125,8174,8185,8145,8162,8168,8165,8195,8169,8154,8210,8179,8132,28.0572509765625,sil,False
59,8169,8130,8154,8184,8145,8164,8172,8168,8213,8190,8166,8208,8204,8128,28.073432445526123,sil,False
60,8164,8134,8153,8175,8149,8156,8155,8163,8206,8182,8168,8202,8202,8111,28.08939743041992,sil,False
61,8156,8129,8156,8152,8145,8147,8126,8163,8179,8150,8153,8191,8172,8091,28.08939743041992,sil,False
62,8153,8127,8134,8155,8146,8146,8119,8159,8174,8144,8157,8182,8165,8086,28.08939743041992,sil,False
