COUNTER,F3, FC5,AF3,F7,T7,P7,O1,O2,P8,T8,F8,AF4,FC6,F4,Timestamp
88, 8244, 8189, 8131, 8285, 8145, 8145, 8175, 8152, 8166, 8202, 8176, 8211, 8213, 8338,0.005755424499511719
89, 8257, 8203, 8162, 8289, 8189, 8145, 8167, 8163, 8161, 8202, 8182, 8209, 8225, 8353,0.013868331909179688
90, 8244, 8198, 8138, 8287, 8187, 8148, 8181, 8175, 8170, 8193, 8173, 8192, 8218, 8350,0.021747112274169922
91, 8240, 8212, 8239, 8265, 8270, 8157, 8194, 8205, 8162, 8178, 8116, 8181, 8171, 8318,0.029734373092651367
92, 8219, 8192, 8243, 8241, 8228, 8141, 8189, 8202, 8142, 8171, 8076, 8170, 8128, 8288,0.03786492347717285
93, 8170, 8160, 8030, 8248, 8090, 8125, 8196, 8149, 8153, 8180, 8102, 8144, 8153, 8296,0.04475259780883789
94, 8180, 8189, 8064, 8258, 8165, 8147, 8187, 8147, 8153, 8181, 8118, 8152, 8178, 8298,0.05278372764587402
95, 8220, 8207, 8175, 8266, 8232, 8163, 8158, 8155, 8138, 8178, 8113, 8171, 8181, 8294,0.06080746650695801
96, 8238, 8224, 8186, 8284, 8222, 8149, 8126, 8143, 8131, 8180, 8122, 8177, 8187, 8310,0.06875324249267578
97, 8228, 8229, 8147, 8270, 8184, 8138, 8112, 8136, 8133, 8179, 8131, 8182, 8190, 8325,0.0767977237701416
98, 8207, 8208, 8122, 8246, 8181, 8144, 8115, 8141, 8149, 8183, 8124, 8172, 8179, 8319,0.0857694149017334
99, 8218, 8219, 8204, 8256, 8245, 8153, 8123, 8179, 8173, 8194, 8119, 8178, 8169, 8316,0.09374713897705078
100, 8214, 8213, 8180, 8239, 8212, 8153, 8139, 8187, 8190, 8192, 8124, 8183, 8178, 8325,0.09971427917480469
101, 8195, 8189, 8133, 8199, 8179, 8154, 8146, 8164, 8167, 8172, 8112, 8167, 8171, 8311,0.10892987251281738
102, 8199, 8177, 8115, 8185, 8154, 8137, 8150, 8150, 8132, 8155, 8103, 8159, 8146, 8302,0.1157984733581543
103, 8199, 8183, 8105, 8183, 8154, 8110, 8146, 8143, 8111, 8148, 8101, 8152, 8122, 8296,0.12360787391662598
104, 8206, 8214, 8209, 8200, 8234, 8125, 8129, 8161, 8097, 8145, 8097, 8161, 8108, 8275,0.13168978691101074
105, 8211, 8204, 8181, 8214, 8199, 8150, 8143, 8161, 8106, 8147, 8118, 8173, 8125, 8281,0.13972973823547363
106, 8203, 8184, 8108, 8199, 8170, 8146, 8160, 8162, 8127, 8148, 8123, 8161, 8128, 8286,0.14783263206481934
107, 8182, 8184, 8124, 8188, 8198, 8147, 8150, 8192, 8160, 8154, 8105, 8146, 8113, 8270,0.15571904182434082
108, 8156, 8181, 8121, 8184, 8188, 8155, 8138, 8195, 8180, 8160, 8093, 8135, 8112, 8251,0.1639266014099121
109, 8156, 8187, 8159, 8176, 8202, 8161, 8151, 8187, 8167, 8152, 8089, 8140, 8106, 8238,0.17097067832946777
110, 8155, 8186, 8139, 8180, 8178, 8163, 8174, 8171, 8168, 8149, 8094, 8142, 8111, 8242,0.17890310287475586
111, 8157, 8199, 8144, 8194, 8187, 8166, 8163, 8157, 8167, 8149, 8091, 8146, 8116, 8253,0.18691587448120117
112, 8164, 8203, 8180, 8195, 8196, 8169, 8151, 8162, 8147, 8144, 8090, 8162, 8114, 8254,0.19494009017944336
113, 8145, 8179, 8139, 8175, 8167, 8163, 8166, 8166, 8152, 8141, 8096, 8148, 8109, 8237,0.20293593406677246
114, 8144, 8181, 8184, 8151, 8218, 8158, 8166, 8183, 8162, 8134, 8078, 8137, 8080, 8214,0.21092534065246582
115, 8134, 8164, 8124, 8140, 8173, 8149, 8166, 8165, 8161, 8130, 8065, 8136, 8061, 8213,0.2189631462097168
116, 8114, 8165, 8091, 8139, 8171, 8142, 8172, 8154, 8164, 8126, 8064, 8128, 8054, 8209,0.2269001007080078
117, 8128, 8195, 8210, 8136, 8235, 8157, 8172, 8192, 8167, 8120, 8068, 8139, 8050, 8199,0.23482680320739746
118, 8136, 8183, 8143, 8148, 8170, 8178, 8204, 8196, 8185, 8133, 8103, 8148, 8091, 8228,0.24196124076843262
119, 8149, 8191, 8133, 8169, 8184, 8180, 8219, 8208, 8204, 8147, 8129, 8157, 8122, 8260,0.25004005432128906
120, 8157, 8195, 8181, 8159, 8191, 8172, 8207, 8221, 8210, 8148, 8120, 8157, 8113, 8257,0.25778889656066895
121, 8138, 8177, 8132, 8142, 8165, 8180, 8213, 8198, 8214, 8146, 8110, 8142, 8099, 8241,0.26587581634521484
122, 8131, 8184, 8135, 8156, 8199, 8185, 8217, 8185, 8216, 8143, 8120, 8152, 8099, 8241,0.2740190029144287
123, 8134, 8186, 8129, 8160, 8195, 8174, 8207, 8179, 8213, 8140, 8111, 8155, 8099, 8254,0.2818739414215088
124, 8150, 8193, 8183, 8139, 8222, 8167, 8183, 8187, 8197, 8135, 8079, 8145, 8072, 8246,0.29002857208251953
125, 8154, 8192, 8151, 8143, 8184, 8158, 8167, 8166, 8184, 8140, 8106, 8151, 8077, 8245,0.29804229736328125
126, 8157, 8205, 8136, 8160, 8199, 8148, 8146, 8141, 8168, 8139, 8152, 8165, 8113, 8254,0.3049626350402832
127, 8171, 8218, 8252, 8149, 8273, 8154, 8127, 8166, 8154, 8131, 8141, 8179, 8114, 8249,0.31301331520080566
237, 8140, 8170, 8148, 8129, 8166, 8147, 8137, 8150, 8169, 8132, 8124, 8160, 8105, 8244,0.32100820541381836
0, 8131, 8167, 8092, 8133, 8150, 8127, 8135, 8135, 8162, 8129, 8124, 8142, 8093, 8238,0.3290431499481201
1, 8146, 8192, 8173, 8139, 8213, 8140, 8130, 8163, 8145, 8121, 8118, 8153, 8076, 8228,0.3368816375732422
2, 8117, 8170, 8127, 8128, 8182, 8157, 8144, 8167, 8164, 8118, 8115, 8149, 8076, 8222,0.344970703125
3, 8129, 8181, 8154, 8130, 8203, 8154, 8154, 8184, 8180, 8123, 8117, 8152, 8090, 8235,0.3529200553894043
4, 8187, 8209, 8199, 8158, 8216, 8160, 8170, 8211, 8187, 8139, 8131, 8169, 8114, 8265,0.36093688011169434
5, 8190, 8215, 8199, 8166, 8221, 8181, 8181, 8212, 8187, 8141, 8126, 8162, 8108, 8255,0.3689408302307129
6, 8146, 8192, 8143, 8140, 8178, 8186, 8184, 8185, 8172, 8124, 8122, 8144, 8089, 8232,0.37596702575683594
7, 8131, 8181, 8092, 8128, 8157, 8185, 8198, 8171, 8177, 8117, 8139, 8149, 8097, 8254,0.3837723731994629
8, 8151, 8194, 8159, 8137, 8214, 8209, 8215, 8198, 8192, 8125, 8146, 8171, 8111, 8276,0.3919351100921631
9, 8147, 8184, 8133, 8142, 8174, 8234, 8234, 8196, 8209, 8142, 8170, 8175, 8147, 8291,0.39995646476745605
10, 8152, 8207, 8169, 8149, 8204, 8240, 8227, 8188, 8203, 8152, 8188, 8184, 8172, 8298,0.40783023834228516
11, 8170, 8224, 8234, 8157, 8236, 8228, 8204, 8183, 8173, 8136, 8170, 8196, 8152, 8282,0.4159395694732666
12, 8163, 8196, 8140, 8158, 8162, 8215, 8194, 8138, 8158, 8119, 8155, 8171, 8126, 8264,0.42393970489501953
13, 8186, 8212, 8157, 8166, 8179, 8204, 8174, 8126, 8142, 8112, 8148, 8166, 8113, 8255,0.4317307472229004
14, 8198, 8220, 8149, 8163, 8179, 8177, 8152, 8129, 8137, 8110, 8140, 8174, 8112, 8261,0.4398961067199707
15, 8172, 8217, 8164, 8140, 8216, 8173, 8140, 8145, 8143, 8109, 8124, 8164, 8094, 8252,0.4469335079193115
16, 8154, 8221, 8214, 8138, 8229, 8200, 8159, 8186, 8158, 8112, 8133, 8166, 8096, 8239,0.4549417495727539
17, 8134, 8197, 8116, 8151, 8150, 8211, 8198, 8187, 8187, 8124, 8146, 8156, 8127, 8248,0.46284937858581543
18, 8134, 8206, 8122, 8162, 8184, 8204, 8199, 8186, 8197, 8137, 8131, 8146, 8125, 8248,0.4707953929901123
19, 8150, 8224, 8158, 8170, 8198, 8207, 8191, 8189, 8201, 8146, 8141, 8156, 8128, 8254,0.4786524772644043
20, 8171, 8228, 8167, 8169, 8197, 8219, 8207, 8197, 8218, 8153, 8161, 8169, 8152, 8274,0.48696351051330566
21, 8173, 8227, 8172, 8165, 8193, 8218, 8215, 8200, 8231, 8145, 8155, 8175, 8153, 8277,0.4948694705963135
22, 8155, 8220, 8136, 8160, 8174, 8208, 8201, 8175, 8217, 8127, 8144, 8160, 8133, 8261,0.5028493404388428
23, 8172, 8240, 8253, 8152, 8253, 8218, 8179, 8188, 8188, 8119, 8136, 8169, 8124, 8251,0.5097763538360596
24, 8168, 8217, 8197, 8143, 8173, 8216, 8194, 8189, 8214, 8140, 8160, 8180, 8160, 8279,0.5179400444030762
25, 8146, 8202, 8072, 8151, 8110, 8204, 8214, 8167, 8252, 8157, 8187, 8174, 8192, 8304,0.5259637832641602
26, 8186, 8244, 8219, 8167, 8217, 8217, 8203, 8190, 8246, 8157, 8186, 8195, 8190, 8302,0.5336995124816895
27, 8201, 8242, 8206, 8174, 8176, 8221, 8200, 8186, 8250, 8166, 8191, 8195, 8204, 8308,0.5418128967285156
28, 8168, 8222, 8103, 8162, 8133, 8195, 8189, 8156, 8238, 8153, 8174, 8168, 8190, 8289,0.5497677326202393
29, 8154, 8219, 8151, 8136, 8178, 8174, 8164, 8144, 8184, 8122, 8128, 8156, 8131, 8240,0.5577735900878906
30, 8151, 8218, 8173, 8121, 8193, 8168, 8154, 8149, 8151, 8109, 8103, 8142, 8099, 8211,0.5658764839172363
31, 8148, 8204, 8142, 8108, 8170, 8168, 8160, 8156, 8153, 8105, 8108, 8133, 8101, 8211,0.5728209018707275
32, 8139, 8184, 8099, 8089, 8143, 8169, 8170, 8141, 8161, 8110, 8122, 8138, 8104, 8221,0.5807549953460693
33, 8148, 8210, 8186, 8104, 8211, 8168, 8162, 8154, 8151, 8101, 8113, 8153, 8095, 8226,0.5889606475830078
34, 8156, 8222, 8167, 8145, 8172, 8174, 8173, 8171, 8173, 8093, 8130, 8154, 8119, 8247,0.5967848300933838
35, 8161, 8232, 8134, 8164, 8165, 8192, 8194, 8185, 8218, 8102, 8164, 8156, 8153, 8256,0.6048543453216553
36, 8186, 8269, 8301, 8165, 8274, 8203, 8178, 8219, 8209, 8099, 8167, 8182, 8150, 8246,0.6129226684570312
37, 8156, 8233, 8188, 8170, 8167, 8193, 8166, 8179, 8192, 8097, 8178, 8179, 8168, 8262,0.6207098960876465
38, 8128, 8212, 8036, 8187, 8107, 8195, 8170, 8131, 8201, 8110, 8189, 8160, 8190, 8275,0.6287531852722168
39, 8172, 8256, 8150, 8210, 8180, 8205, 8157, 8147, 8198, 8119, 8178, 8177, 8178, 8274,0.6357512474060059
40, 8204, 8274, 8194, 8222, 8169, 8199, 8140, 8149, 8188, 8118, 8181, 8188, 8181, 8289,0.643669605255127
41, 8201, 8281, 8182, 8229, 8175, 8207, 8140, 8143, 8177, 8111, 8189, 8190, 8188, 8290,0.651771068572998
42, 8186, 8278, 8158, 8219, 8186, 8217, 8158, 8146, 8174, 8095, 8173, 8173, 8168, 8269,0.6598339080810547
43, 8171, 8265, 8177, 8186, 8204, 8201, 8170, 8163, 8176, 8075, 8139, 8144, 8128, 8244,0.6677587032318115
44, 8153, 8243, 8160, 8160, 8170, 8185, 8189, 8177, 8185, 8071, 8128, 8135, 8108, 8226,0.6757664680480957
45, 8135, 8232, 8110, 8152, 8148, 8191, 8207, 8178, 8193, 8076, 8129, 8137, 8110, 8212,0.6836953163146973
46, 8143, 8251, 8183, 8150, 8208, 8205, 8208, 8198, 8189, 8077, 8120, 8145, 8105, 8204,0.6918635368347168
47, 8141, 8236, 8145, 8146, 8157, 8202, 8217, 8183, 8192, 8080, 8131, 8140, 8112, 8217,0.6998178958892822
48, 8146, 8238, 8144, 8151, 8169, 8194, 8200, 8162, 8173, 8070, 8133, 8139, 8103, 8216,0.7067408561706543
49, 8167, 8261, 8235, 8170, 8216, 8183, 8170, 8172, 8158, 8066, 8135, 8169, 8098, 8226,0.7158522605895996
50, 8167, 8257, 8155, 8186, 8166, 8183, 8172, 8163, 8193, 8089, 8167, 8176, 8139, 8271,0.722790002822876
51, 8185, 8280, 8159, 8201, 8199, 8198, 8163, 8172, 8209, 8109, 8189, 8173, 8158, 8284,0.7307708263397217
52, 8189, 8293, 8164, 8221, 8181, 8195, 8144, 8171, 8196, 8109, 8205, 8175, 8171, 8270,0.7387130260467529
53, 8178, 8301, 8174, 8228, 8196, 8180, 8124, 8152, 8180, 8094, 8198, 8172, 8182, 8254,0.7467384338378906
54, 8186, 8318, 8234, 8229, 8238, 8181, 8109, 8153, 8167, 8087, 8187, 8180, 8179, 8255,0.754713773727417
55, 8179, 8305, 8141, 8234, 8169, 8187, 8113, 8146, 8185, 8103, 8209, 8181, 8194, 8286,0.7628579139709473
56, 8194, 8310, 8150, 8236, 8185, 8195, 8115, 8155, 8207, 8112, 8222, 8185, 8207, 8301,0.769622802734375
57, 8209, 8306, 8177, 8219, 8187, 8198, 8131, 8155, 8208, 8107, 8197, 8184, 8200, 8295,0.7778933048248291
58, 8187, 8295, 8157, 8182, 8178, 8185, 8150, 8154, 8176, 8089, 8161, 8165, 8166, 8283,0.7857193946838379
59, 8170, 8283, 8178, 8155, 8182, 8175, 8148, 8162, 8140, 8069, 8160, 8159, 8137, 8260,0.7937760353088379
60, 8157, 8252, 8115, 8161, 8132, 8174, 8157, 8147, 8137, 8070, 8166, 8153, 8139, 8242,0.8017680644989014
61, 8170, 8271, 8197, 8168, 8203, 8173, 8164, 8175, 8139, 8070, 8137, 8165, 8125, 8237,0.8096990585327148
62, 8182, 8275, 8234, 8155, 8212, 8164, 8169, 8200, 8155, 8071, 8158, 8180, 8128, 8255,0.8178637027740479
63, 8163, 8246, 8116, 8150, 8137, 8163, 8184, 8178, 8186, 8082, 8212, 8167, 8160, 8265,0.8257808685302734
64, 8161, 8259, 8135, 8165, 8150, 8172, 8179, 8178, 8191, 8084, 8197, 8166, 8163, 8261,0.8335762023925781
65, 8168, 8277, 8171, 8169, 8157, 8167, 8163, 8184, 8187, 8083, 8174, 8174, 8154, 8279,0.8408172130584717
66, 8169, 8283, 8189, 8171, 8179, 8169, 8160, 8188, 8190, 8084, 8200, 8178, 8162, 8296,0.848740816116333
67, 8156, 8273, 8150, 8191, 8153, 8181, 8169, 8173, 8190, 8083, 8220, 8176, 8177, 8291,0.8567147254943848
68, 8151, 8293, 8147, 8205, 8161, 8181, 8162, 8151, 8168, 8077, 8204, 8172, 8169, 8277,0.8648698329925537
69, 8177, 8326, 8233, 8201, 8215, 8190, 8155, 8166, 8149, 8082, 8195, 8181, 8154, 8273,0.8727505207061768
70, 8181, 8302, 8160, 8206, 8164, 8203, 8178, 8179, 8175, 8099, 8220, 8177, 8182, 8295,0.8805811405181885
71, 8193, 8309, 8175, 8218, 8191, 8201, 8183, 8193, 8192, 8102, 8215, 8173, 8198, 8300,0.888840913772583
72, 8199, 8319, 8194, 8212, 8179, 8182, 8184, 8192, 8189, 8097, 8201, 8175, 8190, 8293,0.8967227935791016
73, 8172, 8298, 8124, 8184, 8143, 8176, 8194, 8176, 8197, 8095, 8195, 8161, 8182, 8286,0.9038329124450684
74, 8172, 8300, 8216, 8162, 8225, 8186, 8180, 8192, 8188, 8085, 8159, 8158, 8150, 8257,0.9117348194122314
75, 8160, 8278, 8172, 8159, 8169, 8187, 8183, 8172, 8179, 8081, 8151, 8155, 8133, 8233,0.9198513031005859
76, 8147, 8269, 8092, 8185, 8115, 8191, 8197, 8145, 8180, 8083, 8177, 8150, 8137, 8237,0.9277825355529785
77, 8175, 8292, 8169, 8203, 8162, 8205, 8183, 8165, 8179, 8088, 8194, 8168, 8152, 8266,0.9357335567474365
78, 8203, 8306, 8198, 8197, 8179, 8209, 8171, 8183, 8190, 8103, 8211, 8189, 8179, 8298,0.9437403678894043
79, 8218, 8323, 8197, 8217, 8177, 8199, 8169, 8181, 8188, 8104, 8216, 8197, 8188, 8313,0.9517946243286133
80, 8204, 8314, 8137, 8242, 8132, 8183, 8165, 8157, 8170, 8092, 8210, 8181, 8181, 8314,0.9596679210662842
81, 8199, 8318, 8184, 8229, 8186, 8175, 8152, 8166, 8165, 8090, 8208, 8184, 8178, 8306,0.9667527675628662
82, 8214, 8330, 8215, 8234, 8190, 8180, 8155, 8187, 8183, 8107, 8240, 8219, 8209, 8333,0.9747557640075684
83, 8224, 8338, 8141, 8267, 8140, 8184, 8162, 8161, 8191, 8116, 8268, 8218, 8233, 8356,0.9826340675354004
84, 8248, 8371, 8251, 8275, 8227, 8194, 8143, 8169, 8176, 8108, 8250, 8207, 8198, 8323,0.9906859397888184
85, 8239, 8355, 8215, 8265, 8187, 8203, 8147, 8174, 8198, 8115, 8255, 8210, 8204, 8324,0.998659610748291
86, 8206, 8336, 8108, 8262, 8144, 8185, 8152, 8151, 8216, 8122, 8267, 8194, 8235, 8348,1.0066800117492676
87, 8194, 8341, 8179, 8239, 8192, 8171, 8140, 8165, 8202, 8119, 8237, 8178, 8208, 8313,1.014817714691162
88, 8169, 8313, 8160, 8203, 8165, 8196, 8167, 8186, 8222, 8124, 8212, 8165, 8194, 8277,1.0226202011108398
89, 8154, 8308, 8142, 8199, 8178, 8215, 8196, 8202, 8233, 8125, 8224, 8159, 8207, 8283,1.0297415256500244
90, 8145, 8306, 8129, 8209, 8166, 8197, 8193, 8185, 8213, 8120, 8240, 8158, 8198, 8292,1.0377542972564697
91, 8152, 8309, 8176, 8207, 8200, 8192, 8183, 8177, 8196, 8112, 8216, 8161, 8170, 8281,1.0457642078399658
92, 8182, 8318, 8239, 8193, 8226, 8200, 8190, 8199, 8198, 8111, 8211, 8181, 8177, 8283,1.0540673732757568
93, 8178, 8307, 8138, 8185, 8145, 8194, 8201, 8180, 8208, 8117, 8240, 8178, 8205, 8302,1.0617351531982422
94, 8172, 8326, 8149, 8203, 8177, 8196, 8190, 8170, 8196, 8113, 8232, 8170, 8190, 8299,1.0699281692504883
95, 8178, 8332, 8152, 8221, 8165, 8197, 8190, 8169, 8190, 8113, 8230, 8173, 8188, 8310,1.0779054164886475
96, 8198, 8339, 8162, 8223, 8165, 8196, 8190, 8169, 8190, 8117, 8248, 8179, 8207, 8328,1.0858018398284912
97, 8222, 8360, 8284, 8221, 8239, 8212, 8178, 8196, 8182, 8110, 8240, 8197, 8199, 8320,1.0937550067901611
98, 8198, 8337, 8175, 8234, 8154, 8216, 8185, 8172, 8186, 8112, 8226, 8177, 8192, 8311,1.100956678390503
99, 8188, 8342, 8139, 8248, 8156, 8205, 8172, 8145, 8167, 8112, 8209, 8160, 8179, 8295,1.108783483505249
100, 8200, 8345, 8221, 8224, 8206, 8190, 8140, 8150, 8142, 8100, 8205, 8176, 8163, 8279,1.1168863773345947
101, 8184, 8315, 8163, 8192, 8164, 8174, 8137, 8144, 8150, 8096, 8217, 8165, 8159, 8274,1.124814510345459
102, 8171, 8313, 8130, 8188, 8154, 8177, 8155, 8149, 8160, 8097, 8215, 8151, 8151, 8262,1.1328043937683105
103, 8153, 8314, 8124, 8190, 8152, 8192, 8181, 8157, 8167, 8103, 8210, 8152, 8154, 8262,1.1408946514129639
104, 8149, 8311, 8157, 8183, 8177, 8202, 8199, 8182, 8176, 8109, 8204, 8160, 8166, 8275,1.1489503383636475
105, 8164, 8305, 8132, 8187, 8162, 8207, 8211, 8201, 8189, 8111, 8219, 8170, 8182, 8286,1.1568799018859863
106, 8181, 8323, 8158, 8205, 8190, 8212, 8211, 8202, 8211, 8113, 8247, 8181, 8195, 8291,1.1637091636657715
107, 8195, 8343, 8229, 8216, 8210, 8221, 8208, 8213, 8237, 8124, 8275, 8199, 8218, 8314,1.1718943119049072
108, 8186, 8325, 8130, 8212, 8138, 8217, 8219, 8194, 8252, 8138, 8289, 8185, 8246, 8335,1.1799094676971436
109, 8205, 8355, 8212, 8233, 8228, 8207, 8204, 8192, 8220, 8124, 8255, 8179, 8212, 8311,1.1877541542053223
110, 8221, 8372, 8267, 8264, 8235, 8202, 8190, 8187, 8186, 8105, 8243, 8195, 8177, 8307,1.196946620941162
111, 8194, 8341, 8124, 8251, 8142, 8189, 8195, 8145, 8178, 8107, 8256, 8177, 8193, 8321,1.2039456367492676
112, 8192, 8351, 8170, 8236, 8194, 8173, 8175, 8146, 8154, 8111, 8236, 8168, 8188, 8297,1.212731122970581
113, 8193, 8355, 8188, 8249, 8172, 8162, 8167, 8150, 8143, 8114, 8242, 8174, 8181, 8288,1.2197105884552002
114, 8195, 8350, 8143, 8246, 8145, 8164, 8175, 8142, 8146, 8118, 8273, 8173, 8196, 8302,1.2268402576446533
115, 8213, 8358, 8173, 8229, 8183, 8159, 8163, 8147, 8140, 8115, 8259, 8179, 8190, 8295,1.2347662448883057
116, 8208, 8361, 8183, 8213, 8187, 8144, 8148, 8146, 8136, 8107, 8226, 8172, 8157, 8272,1.2427806854248047
117, 8199, 8363, 8191, 8205, 8188, 8154, 8157, 8153, 8140, 8108, 8238, 8166, 8147, 8270,1.2508013248443604
118, 8184, 8344, 8127, 8212, 8163, 8177, 8200, 8163, 8173, 8123, 8266, 8170, 8181, 8291,1.2587904930114746
119, 8170, 8344, 8151, 8214, 8208, 8186, 8235, 8198, 8200, 8125, 8234, 8171, 8180, 8283,1.266850233078003
120, 8150, 8334, 8177, 8186, 8206, 8182, 8247, 8221, 8204, 8114, 8206, 8156, 8154, 8262,1.2747766971588135
121, 8114, 8304, 8098, 8156, 8164, 8185, 8251, 8202, 8208, 8116, 8226, 8135, 8156, 8252,1.2828099727630615
122, 8115, 8325, 8198, 8152, 8241, 8184, 8234, 8216, 8194, 8114, 8230, 8150, 8149, 8230,1.290816307067871
123, 8130, 8329, 8208, 8170, 8192, 8167, 8215, 8202, 8178, 8111, 8228, 8169, 8157, 8247,1.2977697849273682
124, 8145, 8325, 8115, 8196, 8131, 8156, 8192, 8153, 8165, 8115, 8235, 8161, 8175, 8288,1.3057036399841309
125, 8164, 8345, 8157, 8195, 8174, 8157, 8167, 8144, 8144, 8110, 8229, 8162, 8171, 8277,1.313706398010254
126, 8168, 8352, 8171, 8182, 8168, 8152, 8152, 8147, 8136, 8106, 8235, 8166, 8168, 8261,1.3216712474822998
127, 8198, 8383, 8209, 8209, 8196, 8157, 8142, 8160, 8142, 8108, 8256, 8183, 8177, 8287,1.3297796249389648
237, 8220, 8388, 8185, 8236, 8181, 8167, 8161, 8164, 8162, 8120, 8274, 8195, 8205, 8314,1.3378918170928955
0, 8208, 8376, 8163, 8216, 8189, 8169, 8173, 8163, 8165, 8118, 8256, 8185, 8211, 8296,1.3458068370819092
1, 8203, 8375, 8221, 8194, 8231, 8174, 8165, 8174, 8153, 8109, 8236, 8188, 8194, 8276,1.3539607524871826
2, 8194, 8358, 8163, 8200, 8184, 8171, 8176, 8161, 8167, 8117, 8245, 8182, 8195, 8289,1.3608670234680176
3, 8179, 8351, 8151, 8190, 8189, 8162, 8184, 8163, 8173, 8119, 8230, 8168, 8177, 8280,1.36895751953125
4, 8149, 8331, 8146, 8161, 8172, 8159, 8182, 8173, 8171, 8111, 8217, 8153, 8153, 8254,1.3769536018371582
5, 8137, 8323, 8143, 8151, 8175, 8164, 8185, 8187, 8186, 8111, 8223, 8147, 8165, 8255,1.3848628997802734
6, 8168, 8351, 8211, 8163, 8209, 8174, 8188, 8216, 8194, 8118, 8227, 8169, 8185, 8270,1.3928818702697754
7, 8164, 8348, 8144, 8167, 8147, 8176, 8194, 8200, 8193, 8118, 8238, 8167, 8191, 8268,1.4009385108947754
8, 8154, 8351, 8159, 8158, 8189, 8171, 8183, 8185, 8176, 8108, 8235, 8157, 8184, 8262,1.4088315963745117
9, 8185, 8368, 8214, 8170, 8227, 8172, 8174, 8182, 8161, 8106, 8232, 8174, 8194, 8294,1.4168457984924316
10, 8207, 8385, 8169, 8197, 8192, 8171, 8179, 8157, 8157, 8104, 8239, 8180, 8198, 8313,1.424931526184082
11, 8204, 8389, 8177, 8201, 8192, 8158, 8163, 8144, 8130, 8089, 8224, 8174, 8166, 8285,1.431889533996582
12, 8184, 8355, 8143, 8190, 8158, 8145, 8152, 8135, 8110, 8083, 8211, 8169, 8159, 8278,1.4397213459014893
13, 8190, 8351, 8177, 8184, 8193, 8149, 8149, 8146, 8102, 8083, 8211, 8172, 8167, 8280,1.447880506515503
14, 8208, 8360, 8197, 8191, 8185, 8145, 8154, 8147, 8098, 8081, 8227, 8185, 8164, 8275,1.4559593200683594
15, 8219, 8367, 8162, 8206, 8156, 8136, 8170, 8137, 8107, 8096, 8248, 8193, 8173, 8299,1.4637870788574219
16, 8230, 8381, 8220, 8205, 8194, 8138, 8175, 8165, 8118, 8105, 8241, 8193, 8182, 8322,1.4719688892364502
17, 8208, 8355, 8161, 8185, 8143, 8139, 8186, 8177, 8145, 8108, 8239, 8175, 8193, 8313,1.4799492359161377
18, 8214, 8371, 8187, 8196, 8185, 8148, 8192, 8197, 8167, 8121, 8263, 8186, 8207, 8306,1.4879181385040283
19, 8241, 8395, 8241, 8225, 8207, 8154, 8195, 8219, 8176, 8135, 8287, 8216, 8231, 8332,1.4948713779449463
20, 8211, 8357, 8132, 8203, 8130, 8131, 8200, 8191, 8176, 8130, 8268, 8191, 8234, 8340,1.5028433799743652
21, 8182, 8347, 8162, 8168, 8175, 8121, 8195, 8190, 8165, 8115, 8232, 8173, 8198, 8305,1.5109288692474365
22, 8176, 8345, 8171, 8169, 8176, 8139, 8213, 8194, 8171, 8123, 8240, 8177, 8204, 8294,1.518850326538086
23, 8166, 8336, 8131, 8169, 8158, 8149, 8235, 8176, 8171, 8123, 8234, 8163, 8211, 8288,1.5269567966461182
24, 8166, 8335, 8170, 8156, 8176, 8144, 8224, 8165, 8151, 8102, 8203, 8159, 8163, 8260,1.5349936485290527
25, 8171, 8330, 8176, 8149, 8175, 8142, 8199, 8153, 8143, 8101, 8209, 8161, 8156, 8260,1.542891502380371
26, 8178, 8340, 8191, 8148, 8187, 8147, 8185, 8153, 8142, 8112, 8224, 8173, 8190, 8285,1.5509898662567139
27, 8170, 8329, 8126, 8144, 8124, 8137, 8180, 8137, 8141, 8105, 8222, 8174, 8194, 8299,1.5589911937713623
28, 8185, 8347, 8177, 8149, 8172, 8134, 8152, 8139, 8123, 8087, 8202, 8161, 8162, 8273,1.565859079360962
29, 8206, 8372, 8265, 8166, 8230, 8143, 8136, 8152, 8108, 8083, 8194, 8168, 8154, 8252,1.5739507675170898
30, 8189, 8351, 8131, 8167, 8136, 8126, 8166, 8123, 8119, 8092, 8207, 8173, 8170, 8269,1.5819623470306396
31, 8217, 8367, 8164, 8163, 8159, 8117, 8173, 8136, 8117, 8095, 8212, 8187, 8167, 8294,1.5897769927978516
32, 8251, 8379, 8233, 8178, 8188, 8141, 8178, 8176, 8130, 8110, 8229, 8199, 8189, 8318,1.5979595184326172
33, 8224, 8364, 8157, 8192, 8164, 8157, 8202, 8183, 8170, 8133, 8248, 8189, 8230, 8326,1.6059203147888184
34, 8216, 8381, 8171, 8204, 8190, 8159, 8208, 8201, 8196, 8142, 8254, 8193, 8256, 8327,1.6139185428619385
35, 8239, 8401, 8213, 8232, 8206, 8171, 8211, 8216, 8212, 8151, 8260, 8201, 8269, 8336,1.6219146251678467
36, 8252, 8405, 8241, 8249, 8229, 8181, 8221, 8220, 8212, 8151, 8253, 8199, 8254, 8334,1.6289255619049072
37, 8217, 8376, 8153, 8216, 8163, 8176, 8233, 8197, 8204, 8139, 8242, 8180, 8228, 8323,1.6370248794555664
38, 8179, 8362, 8117, 8179, 8154, 8172, 8229, 8170, 8185, 8124, 8209, 8148, 8189, 8287,1.644899845123291
39, 8181, 8372, 8191, 8190, 8214, 8181, 8228, 8183, 8177, 8118, 8190, 8145, 8168, 8258,1.6529529094696045
40, 8185, 8374, 8141, 8221, 8190, 8195, 8251, 8186, 8201, 8131, 8219, 8158, 8200, 8276,1.6609394550323486
41, 8215, 8404, 8193, 8230, 8241, 8212, 8249, 8186, 8201, 8132, 8210, 8169, 8198, 8293,1.6688895225524902
42, 8250, 8411, 8224, 8232, 8223, 8207, 8225, 8178, 8192, 8127, 8201, 8176, 8194, 8310,1.6769206523895264
43, 8261, 8418, 8183, 8254, 8196, 8186, 8203, 8174, 8205, 8137, 8257, 8194, 8247, 8346,1.6849279403686523
44, 8273, 8443, 8240, 8267, 8249, 8185, 8197, 8196, 8210, 8161, 8301, 8222, 8288, 8364,1.6917760372161865
45, 8250, 8409, 8152, 8244, 8186, 8206, 8237, 8176, 8226, 8180, 8312, 8211, 8308, 8370,1.699941635131836
46, 8231, 8398, 8163, 8223, 8224, 8230, 8260, 8181, 8234, 8178, 8304, 8202, 8312, 8365,1.7079393863677979
47, 8234, 8405, 8257, 8218, 8265, 8234, 8246, 8207, 8220, 8172, 8291, 8214, 8306, 8350,1.7156774997711182
48, 8210, 8378, 8159, 8210, 8187, 8231, 8261, 8195, 8238, 8188, 8299, 8195, 8314, 8344,1.723935604095459
49, 8182, 8372, 8102, 8214, 8176, 8240, 8287, 8202, 8278, 8202, 8321, 8183, 8325, 8340,1.731924057006836
50, 8168, 8383, 8125, 8221, 8193, 8237, 8284, 8212, 8282, 8193, 8303, 8183, 8312, 8325,1.7407593727111816
51, 8192, 8412, 8198, 8224, 8240, 8225, 8258, 8216, 8249, 8179, 8250, 8179, 8275, 8304,1.7479248046875
52, 8220, 8426, 8196, 8238, 8222, 8223, 8258, 8217, 8253, 8184, 8260, 8190, 8279, 8317,1.7549543380737305
53, 8227, 8430, 8184, 8258, 8221, 8236, 8277, 8216, 8280, 8188, 8286, 8205, 8299, 8347,1.7629640102386475
54, 8241, 8441, 8270, 8262, 8276, 8236, 8275, 8233, 8268, 8181, 8253, 8212, 8275, 8348,1.770843505859375
55, 8218, 8402, 8153, 8237, 8184, 8215, 8289, 8210, 8265, 8177, 8245, 8187, 8271, 8345,1.7789452075958252
56, 8203, 8395, 8133, 8217, 8197, 8217, 8308, 8205, 8274, 8172, 8261, 8179, 8294, 8346,1.7869493961334229
57, 8228, 8414, 8238, 8222, 8247, 8234, 8309, 8229, 8269, 8174, 8264, 8209, 8301, 8356,1.7947986125946045
58, 8231, 8387, 8150, 8222, 8170, 8229, 8306, 8196, 8261, 8178, 8267, 8203, 8300, 8371,1.8029210567474365
59, 8240, 8396, 8168, 8222, 8210, 8226, 8286, 8174, 8240, 8173, 8267, 8191, 8294, 8360,1.8109819889068604
60, 8254, 8415, 8224, 8233, 8237, 8228, 8264, 8177, 8235, 8176, 8264, 8206, 8299, 8357,1.8187077045440674
61, 8245, 8406, 8180, 8239, 8196, 8221, 8246, 8169, 8247, 8182, 8256, 8208, 8305, 8378,1.8258116245269775
62, 8233, 8392, 8135, 8237, 8168, 8227, 8251, 8165, 8257, 8184, 8263, 8188, 8310, 8385,1.833815336227417
63, 8235, 8400, 8148, 8233, 8196, 8228, 8269, 8176, 8268, 8188, 8273, 8178, 8313, 8371,1.841752529144287
64, 8251, 8419, 8238, 8232, 8256, 8212, 8264, 8202, 8268, 8183, 8266, 8199, 8295, 8361,1.8499605655670166
65, 8235, 8389, 8148, 8230, 8182, 8202, 8267, 8184, 8271, 8185, 8264, 8188, 8286, 8370,1.857921838760376
66, 8237, 8407, 8204, 8233, 8246, 8210, 8254, 8194, 8258, 8187, 8245, 8174, 8272, 8355,1.8659539222717285
67, 8263, 8433, 8357, 8242, 8307, 8216, 8240, 8237, 8252, 8180, 8237, 8208, 8263, 8341,1.873920202255249
68, 8226, 8369, 8133, 8246, 8134, 8205, 8264, 8193, 8278, 8185, 8269, 8198, 8292, 8363,1.8819139003753662
69, 8205, 8357, 8028, 8248, 8126, 8194, 8260, 8154, 8270, 8187, 8275, 8165, 8294, 8357,1.8889479637145996
70, 8232, 8400, 8178, 8253, 8215, 8192, 8221, 8171, 8236, 8173, 8261, 8184, 8271, 8340,1.896911859512329
71, 8238, 8399, 8212, 8247, 8208, 8195, 8217, 8179, 8228, 8161, 8266, 8204, 8262, 8350,1.9049224853515625
72, 8225, 8378, 8176, 8230, 8199, 8195, 8239, 8179, 8230, 8164, 8281, 8193, 8265, 8353,1.912933588027954
73, 8217, 8371, 8168, 8224, 8210, 8188, 8240, 8175, 8230, 8171, 8298, 8185, 8276, 8344,1.9207148551940918
74, 8228, 8390, 8220, 8239, 8230, 8196, 8224, 8186, 8227, 8175, 8312, 8204, 8285, 8349,1.9289498329162598
75, 8232, 8382, 8173, 8250, 8172, 8207, 8237, 8179, 8240, 8182, 8325, 8213, 8298, 8359,1.9369513988494873
76, 8231, 8379, 8162, 8247, 8197, 8207, 8251, 8174, 8245, 8183, 8320, 8203, 8299, 8352,1.9447698593139648
77, 8246, 8395, 8249, 8247, 8261, 8211, 8244, 8193, 8227, 8175, 8308, 8214, 8291, 8355,1.9529550075531006
78, 8249, 8387, 8188, 8265, 8187, 8210, 8255, 8182, 8230, 8177, 8322, 8224, 8302, 8376,1.960953712463379
79, 8267, 8404, 8212, 8283, 8208, 8206, 8255, 8190, 8236, 8181, 8334, 8230, 8303, 8377,1.9677402973175049
80, 8282, 8408, 8246, 8278, 8224, 8211, 8244, 8210, 8239, 8188, 8333, 8236, 8315, 8381,1.9760351181030273
81, 8269, 8398, 8181, 8278, 8189, 8214, 8244, 8199, 8244, 8195, 8313, 8225, 8332, 8389,1.9839534759521484
82, 8267, 8407, 8204, 8289, 8200, 8210, 8232, 8188, 8225, 8184, 8291, 8227, 8312, 8367,1.9920878410339355
83, 8262, 8390, 8163, 8285, 8149, 8200, 8222, 8161, 8212, 8176, 8297, 8225, 8303, 8354,1.9999167919158936
84, 8273, 8407, 8245, 8285, 8232, 8210, 8219, 8176, 8212, 8176, 8280, 8229, 8301, 8363,2.00795316696167
85, 8284, 8429, 8296, 8311, 8262, 8227, 8231, 8197, 8222, 8176, 8264, 8243, 8305, 8391,2.015953540802002
86, 8272, 8415, 8137, 8321, 8158, 8226, 8247, 8163, 8243, 8185, 8283, 8228, 8333, 8414,2.0228867530822754
87, 8290, 8421, 8131, 8303, 8185, 8217, 8237, 8159, 8247, 8195, 8276, 8210, 8339, 8404,2.0309512615203857
88, 8296, 8425, 8175, 8295, 8226, 8216, 8221, 8171, 8237, 8202, 8246, 8195, 8323, 8395,2.038895606994629
89, 8278, 8431, 8201, 8287, 8247, 8227, 8216, 8182, 8232, 8201, 8225, 8189, 8306, 8386,2.046875476837158
90, 8261, 8412, 8181, 8258, 8219, 8231, 8233, 8195, 8253, 8196, 8221, 8194, 8304, 8377,2.0547568798065186
91, 8228, 8373, 8125, 8219, 8206, 8225, 8240, 8198, 8264, 8189, 8204, 8166, 8278, 8344,2.062681198120117
92, 8193, 8359, 8186, 8179, 8261, 8218, 8221, 8210, 8235, 8174, 8155, 8137, 8209, 8282,2.0707509517669678
93, 8155, 8331, 8147, 8163, 8203, 8212, 8231, 8198, 8231, 8174, 8141, 8137, 8198, 8269,2.078793525695801
94, 8164, 8328, 8116, 8183, 8184, 8221, 8247, 8187, 8244, 8180, 8168, 8151, 8235, 8298,2.085726022720337
95, 8209, 8356, 8180, 8197, 8225, 8233, 8239, 8195, 8244, 8179, 8185, 8165, 8244, 8316,2.0937485694885254
96, 8218, 8357, 8157, 8193, 8200, 8227, 8235, 8183, 8243, 8178, 8183, 8168, 8245, 8326,2.101731538772583
97, 8229, 8361, 8178, 8198, 8212, 8214, 8221, 8184, 8238, 8179, 8175, 8178, 8251, 8338,2.1097846031188965
98, 8245, 8361, 8194, 8195, 8207, 8211, 8209, 8185, 8244, 8182, 8180, 8187, 8251, 8356,2.117778778076172
99, 8235, 8366, 8194, 8187, 8220, 8223, 8209, 8180, 8247, 8178, 8165, 8182, 8230, 8344,2.1258585453033447
100, 8224, 8373, 8183, 8209, 8222, 8226, 8211, 8172, 8230, 8171, 8157, 8181, 8216, 8321,2.1339480876922607
101, 8233, 8382, 8150, 8245, 8203, 8215, 8204, 8163, 8234, 8184, 8187, 8183, 8239, 8333,2.141833782196045
102, 8271, 8426, 8261, 8266, 8277, 8216, 8183, 8194, 8256, 8197, 8200, 8202, 8256, 8351,2.1487505435943604
103, 8275, 8418, 8210, 8275, 8226, 8218, 8185, 8197, 8266, 8207, 8201, 8204, 8273, 8352,2.1567649841308594
104, 8252, 8400, 8139, 8265, 8216, 8211, 8194, 8180, 8247, 8203, 8178, 8176, 8262, 8327,2.165860891342163
105, 8244, 8410, 8253, 8237, 8286, 8212, 8201, 8204, 8227, 8181, 8147, 8173, 8219, 8292,2.1727070808410645
106, 8210, 8374, 8179, 8222, 8198, 8218, 8233, 8195, 8245, 8183, 8159, 8174, 8224, 8298,2.180938720703125
107, 8207, 8365, 8132, 8224, 8194, 8240, 8256, 8194, 8260, 8203, 8169, 8168, 8249, 8320,2.1889443397521973
108, 8223, 8355, 8162, 8202, 8217, 8261, 8267, 8204, 8260, 8196, 8155, 8159, 8240, 8315,2.1968648433685303
109, 8194, 8324, 8153, 8165, 8202, 8248, 8258, 8192, 8251, 8169, 8138, 8152, 8205, 8288,2.204936981201172
110, 8176, 8331, 8177, 8158, 8203, 8232, 8239, 8194, 8238, 8164, 8136, 8155, 8185, 8276,2.212888479232788
111, 8184, 8340, 8148, 8161, 8182, 8237, 8245, 8192, 8242, 8175, 8144, 8155, 8194, 8286,2.2197957038879395
112, 8194, 8342, 8185, 8160, 8223, 8242, 8248, 8193, 8231, 8171, 8145, 8163, 8191, 8279,2.227668285369873
113, 8178, 8333, 8147, 8170, 8176, 8229, 8248, 8173, 8219, 8168, 8156, 8164, 8190, 8276,2.235625982284546
114, 8195, 8361, 8168, 8189, 8204, 8222, 8244, 8173, 8219, 8169, 8166, 8175, 8198, 8297,2.243755340576172
115, 8255, 8398, 8307, 8216, 8298, 8232, 8232, 8206, 8210, 8168, 8167, 8208, 8204, 8323,2.251830816268921
116, 8244, 8368, 8191, 8230, 8191, 8229, 8236, 8171, 8205, 8175, 8175, 8197, 8224, 8336,2.2596399784088135
117, 8209, 8355, 8116, 8223, 8163, 8215, 8229, 8135, 8195, 8175, 8168, 8170, 8226, 8314,2.2677855491638184
118, 8201, 8362, 8172, 8217, 8219, 8214, 8217, 8156, 8194, 8174, 8168, 8176, 8226, 8287,2.275810718536377
119, 8194, 8363, 8164, 8219, 8216, 8224, 8225, 8170, 8211, 8180, 8176, 8171, 8235, 8278,2.2827706336975098
120, 8197, 8378, 8176, 8225, 8206, 8222, 8234, 8173, 8209, 8182, 8165, 8167, 8228, 8283,2.290821075439453
121, 8197, 8380, 8147, 8233, 8179, 8212, 8237, 8166, 8206, 8179, 8151, 8172, 8226, 8296,2.298894166946411
122, 8192, 8378, 8174, 8225, 8219, 8203, 8218, 8174, 8203, 8168, 8128, 8165, 8209, 8285,2.306947708129883
123, 8186, 8354, 8178, 8191, 8194, 8196, 8208, 8181, 8198, 8168, 8122, 8166, 8201, 8285,2.31492018699646
124, 8190, 8346, 8144, 8176, 8170, 8201, 8222, 8177, 8200, 8179, 8130, 8166, 8221, 8312,2.3226912021636963
125, 8222, 8387, 8233, 8209, 8243, 8212, 8219, 8194, 8199, 8180, 8126, 8173, 8223, 8320,2.331789016723633
126, 8217, 8375, 8182, 8227, 8185, 8209, 8216, 8181, 8210, 8177, 8125, 8167, 8218, 8311,2.3388636112213135
127, 8203, 8362, 8167, 8206, 8191, 8206, 8207, 8171, 8207, 8173, 8113, 8157, 8201, 8295,2.346768379211426
237, 8225, 8381, 8243, 8200, 8243, 8200, 8189, 8169, 8188, 8170, 8115, 8175, 8198, 8298,2.3538291454315186
0, 8230, 8378, 8147, 8220, 8170, 8189, 8183, 8132, 8187, 8175, 8142, 8173, 8226, 8326,2.361753225326538
1, 8226, 8387, 8143, 8227, 8184, 8198, 8178, 8133, 8187, 8173, 8132, 8169, 8226, 8326,2.3700499534606934
2, 8222, 8385, 8177, 8221, 8216, 8208, 8188, 8146, 8184, 8162, 8107, 8176, 8212, 8304,2.377873659133911
3, 8225, 8382, 8180, 8227, 8227, 8200, 8204, 8145, 8179, 8161, 8111, 8173, 8217, 8286,2.3858489990234375
4, 8226, 8374, 8198, 8221, 8211, 8189, 8207, 8157, 8183, 8171, 8126, 8176, 8222, 8281,2.393946409225464
5, 8210, 8349, 8162, 8195, 8183, 8177, 8204, 8165, 8190, 8172, 8126, 8177, 8218, 8288,2.401913642883301
6, 8213, 8350, 8195, 8185, 8223, 8171, 8192, 8184, 8184, 8169, 8114, 8187, 8214, 8302,2.4099080562591553
7, 8210, 8345, 8172, 8188, 8185, 8166, 8188, 8187, 8197, 8177, 8117, 8188, 8219, 8316,2.416729211807251
8, 8203, 8347, 8171, 8179, 8186, 8164, 8181, 8183, 8203, 8179, 8116, 8182, 8215, 8300,2.424679756164551
9, 8209, 8348, 8196, 8172, 8208, 8169, 8176, 8185, 8190, 8176, 8114, 8188, 8215, 8292,2.432912826538086
10, 8206, 8340, 8151, 8176, 8190, 8172, 8183, 8170, 8189, 8182, 8125, 8180, 8230, 8305,2.440824508666992
11, 8226, 8372, 8277, 8179, 8275, 8180, 8171, 8189, 8175, 8172, 8118, 8187, 8221, 8292,2.4487555027008057
12, 8222, 8352, 8238, 8178, 8208, 8186, 8173, 8186, 8172, 8168, 8127, 8195, 8230, 8301,2.4568655490875244
13, 8192, 8317, 8105, 8169, 8148, 8180, 8180, 8150, 8170, 8174, 8130, 8176, 8233, 8322,2.4648327827453613
14, 8201, 8344, 8207, 8162, 8224, 8169, 8160, 8153, 8145, 8158, 8100, 8178, 8193, 8297,2.472827672958374
15, 8199, 8347, 8183, 8165, 8179, 8167, 8164, 8152, 8156, 8151, 8103, 8179, 8201, 8281,2.479793071746826
16, 8200, 8345, 8140, 8178, 8176, 8186, 8178, 8161, 8183, 8171, 8132, 8176, 8233, 8296,2.487701177597046
17, 8200, 8338, 8153, 8178, 8186, 8199, 8177, 8162, 8182, 8182, 8135, 8174, 8226, 8302,2.495826005935669
18, 8168, 8327, 8163, 8150, 8199, 8200, 8173, 8157, 8169, 8166, 8097, 8148, 8197, 8264,2.5038251876831055
19, 8157, 8334, 8240, 8135, 8250, 8214, 8183, 8190, 8169, 8155, 8072, 8145, 8183, 8231,2.511889696121216
20, 8158, 8311, 8176, 8149, 8185, 8215, 8204, 8185, 8176, 8162, 8088, 8158, 8195, 8251,2.5197768211364746
21, 8157, 8307, 8138, 8155, 8168, 8203, 8207, 8166, 8164, 8151, 8086, 8154, 8180, 8263,2.527853488922119
22, 8141, 8313, 8146, 8143, 8176, 8207, 8217, 8168, 8176, 8150, 8082, 8149, 8177, 8251,2.5357813835144043
23, 8135, 8316, 8147, 8146, 8188, 8217, 8223, 8179, 8209, 8167, 8092, 8156, 8194, 8246,2.5437941551208496
24, 8165, 8335, 8227, 8165, 8241, 8218, 8198, 8200, 8203, 8163, 8084, 8174, 8177, 8251,2.5507652759552
25, 8176, 8329, 8193, 8168, 8198, 8200, 8185, 8180, 8182, 8140, 8081, 8168, 8165, 8269,2.558802604675293
26, 8181, 8333, 8156, 8172, 8171, 8185, 8190, 8169, 8181, 8142, 8098, 8171, 8186, 8279,2.5669338703155518
27, 8195, 8338, 8165, 8181, 8156, 8185, 8198, 8180, 8198, 8172, 8133, 8191, 8216, 8283,2.57487154006958
28, 8202, 8337, 8189, 8176, 8180, 8192, 8197, 8169, 8191, 8174, 8138, 8186, 8213, 8294,2.5829429626464844
29, 8213, 8353, 8249, 8182, 8231, 8191, 8190, 8163, 8161, 8152, 8113, 8186, 8189, 8290,2.5919222831726074
30, 8198, 8341, 8164, 8191, 8165, 8176, 8183, 8147, 8163, 8152, 8118, 8177, 8191, 8274,2.5986733436584473
31, 8181, 8334, 8153, 8180, 8178, 8173, 8160, 8147, 8175, 8163, 8133, 8167, 8199, 8267,2.606915235519409
32, 8182, 8339, 8198, 8171, 8217, 8165, 8132, 8158, 8175, 8165, 8131, 8176, 8203, 8273,2.613945960998535
33, 8177, 8333, 8146, 8176, 8188, 8149, 8118, 8150, 8176, 8169, 8125, 8170, 8203, 8268,2.6218464374542236
34, 8173, 8336, 8185, 8169, 8210, 8160, 8119, 8162, 8176, 8174, 8120, 8162, 8198, 8252,2.6299095153808594
35, 8154, 8322, 8184, 8148, 8195, 8172, 8143, 8167, 8175, 8173, 8120, 8160, 8206, 8244,2.6379573345184326
36, 8129, 8313, 8172, 8141, 8206, 8170, 8163, 8169, 8158, 8158, 8095, 8155, 8187, 8219,2.645928382873535
37, 8119, 8301, 8176, 8134, 8194, 8182, 8193, 8178, 8150, 8142, 8069, 8146, 8153, 8209,2.654864549636841
38, 8114, 8284, 8126, 8126, 8146, 8200, 8232, 8182, 8176, 8148, 8082, 8137, 8161, 8231,2.6619393825531006
39, 8138, 8307, 8189, 8141, 8209, 8210, 8229, 8209, 8192, 8154, 8105, 8158, 8179, 8242,2.6699113845825195
40, 8150, 8312, 8179, 8159, 8209, 8209, 8210, 8205, 8201, 8157, 8133, 8178, 8195, 8255,2.6779308319091797
41, 8149, 8313, 8151, 8164, 8195, 8190, 8187, 8182, 8200, 8162, 8150, 8166, 8196, 8259,2.684945821762085
42, 8179, 8326, 8207, 8173, 8199, 8171, 8160, 8183, 8181, 8156, 8148, 8173, 8187, 8260,2.694096565246582
43, 8203, 8327, 8184, 8195, 8168, 8163, 8160, 8174, 8178, 8151, 8159, 8199, 8207, 8304,2.700892448425293
44, 8201, 8338, 8202, 8195, 8209, 8160, 8151, 8169, 8171, 8149, 8148, 8206, 8208, 8328,2.7090725898742676
45, 8176, 8313, 8169, 8168, 8177, 8156, 8147, 8156, 8159, 8146, 8110, 8180, 8180, 8297,2.7169549465179443
46, 8168, 8299, 8170, 8155, 8180, 8171, 8164, 8159, 8161, 8139, 8083, 8164, 8160, 8269,2.7247228622436523
47, 8170, 8297, 8214, 8149, 8204, 8188, 8186, 8180, 8164, 8137, 8092, 8172, 8158, 8261,2.7319533824920654
48, 8134, 8259, 8119, 8129, 8141, 8192, 8209, 8156, 8172, 8147, 8103, 8149, 8156, 8241,2.739940881729126
49, 8135, 8272, 8164, 8125, 8194, 8199, 8196, 8155, 8166, 8143, 8088, 8150, 8137, 8219,2.747764825820923
50, 8160, 8294, 8202, 8143, 8200, 8189, 8162, 8164, 8153, 8129, 8099, 8178, 8141, 8239,2.7559831142425537
51, 8165, 8292, 8147, 8162, 8165, 8161, 8143, 8152, 8160, 8134, 8127, 8178, 8166, 8270,2.763941764831543
52, 8177, 8311, 8191, 8181, 8198, 8143, 8131, 8165, 8186, 8157, 8138, 8188, 8186, 8283,2.7719717025756836
53, 8172, 8321, 8175, 8190, 8185, 8146, 8124, 8178, 8212, 8176, 8153, 8198, 8210, 8290,2.77992582321167
54, 8167, 8330, 8180, 8197, 8211, 8169, 8134, 8200, 8227, 8180, 8153, 8190, 8219, 8279,2.787770986557007
55, 8169, 8323, 8180, 8212, 8203, 8184, 8168, 8207, 8239, 8183, 8149, 8176, 8221, 8276,2.7959535121917725
56, 8168, 8320, 8171, 8219, 8197, 8184, 8188, 8197, 8234, 8182, 8145, 8170, 8217, 8287,2.8037078380584717
57, 8185, 8330, 8212, 8219, 8215, 8190, 8192, 8202, 8221, 8175, 8138, 8187, 8206, 8293,2.810913324356079
58, 8188, 8311, 8140, 8225, 8162, 8187, 8202, 8181, 8231, 8175, 8148, 8190, 8221, 8304,2.818929433822632
59, 8210, 8328, 8214, 8230, 8233, 8178, 8192, 8191, 8217, 8171, 8146, 8196, 8219, 8313,2.8299124240875244
60, 8227, 8335, 8276, 8224, 8246, 8180, 8185, 8213, 8206, 8169, 8145, 8214, 8218, 8335,2.8347349166870117
61, 8211, 8310, 8157, 8223, 8159, 8176, 8200, 8191, 8225, 8178, 8154, 8205, 8239, 8358,2.842942476272583
62, 8213, 8318, 8175, 8230, 8190, 8157, 8189, 8184, 8215, 8175, 8142, 8198, 8228, 8348,2.8506734371185303
63, 8215, 8316, 8170, 8225, 8189, 8149, 8173, 8179, 8202, 8169, 8132, 8194, 8222, 8337,2.8579418659210205
64, 8208, 8320, 8164, 8217, 8204, 8161, 8165, 8173, 8203, 8169, 8124, 8182, 8224, 8327,2.8667261600494385
65, 8196, 8329, 8181, 8221, 8199, 8168, 8165, 8175, 8196, 8165, 8115, 8178, 8207, 8319,2.8736677169799805
66, 8176, 8316, 8152, 8217, 8177, 8160, 8167, 8172, 8190, 8157, 8100, 8168, 8182, 8305,2.88191556930542
67, 8168, 8307, 8191, 8197, 8210, 8154, 8160, 8173, 8176, 8150, 8080, 8164, 8161, 8272,2.8900232315063477
68, 8153, 8288, 8148, 8187, 8160, 8151, 8169, 8155, 8173, 8155, 8089, 8161, 8168, 8256,2.8977675437927246
69, 8157, 8297, 8156, 8190, 8180, 8162, 8177, 8166, 8189, 8157, 8101, 8164, 8173, 8259,2.906017303466797
70, 8174, 8305, 8190, 8188, 8209, 8173, 8176, 8190, 8208, 8156, 8110, 8175, 8185, 8275,2.913743734359741
71, 8177, 8304, 8147, 8203, 8178, 8171, 8177, 8176, 8212, 8169, 8127, 8171, 8212, 8286,2.9220130443573
72, 8200, 8343, 8220, 8227, 8223, 8170, 8174, 8179, 8195, 8173, 8132, 8176, 8205, 8274,2.929840087890625
73, 8211, 8345, 8192, 8227, 8193, 8166, 8190, 8179, 8196, 8169, 8148, 8183, 8207, 8285,2.9377639293670654
74, 8208, 8330, 8168, 8219, 8196, 8165, 8196, 8173, 8191, 8169, 8162, 8187, 8226, 8306,2.9449117183685303
75, 8224, 8332, 8244, 8231, 8226, 8178, 8185, 8184, 8174, 8174, 8155, 8195, 8227, 8310,2.952749252319336
76, 8223, 8323, 8187, 8234, 8176, 8173, 8192, 8170, 8179, 8168, 8138, 8186, 8223, 8322,2.9607274532318115
77, 8215, 8328, 8178, 8212, 8193, 8149, 8195, 8168, 8170, 8148, 8123, 8188, 8214, 8330,2.9687211513519287
78, 8202, 8314, 8170, 8192, 8168, 8136, 8191, 8166, 8157, 8144, 8129, 8192, 8216, 8324,2.9807209968566895
79, 8203, 8304, 8171, 8183, 8162, 8142, 8190, 8167, 8155, 8148, 8122, 8176, 8208, 8316,2.9849183559417725
80, 8205, 8305, 8204, 8170, 8192, 8135, 8185, 8181, 8157, 8151, 8108, 8173, 8187, 8315,2.992739677429199
81, 8169, 8287, 8141, 8156, 8163, 8118, 8186, 8178, 8166, 8153, 8108, 8163, 8179, 8304,3.000821352005005
82, 8160, 8297, 8178, 8159, 8200, 8125, 8197, 8199, 8161, 8145, 8097, 8164, 8161, 8280,3.007719039916992
83, 8166, 8282, 8152, 8159, 8171, 8143, 8231, 8207, 8167, 8144, 8102, 8173, 8158, 8288,3.015897274017334
84, 8147, 8271, 8143, 8142, 8179, 8156, 8244, 8196, 8176, 8151, 8108, 8161, 8162, 8286,3.0237889289855957
85, 8156, 8297, 8256, 8147, 8236, 8167, 8230, 8204, 8174, 8149, 8101, 8165, 8154, 8254,3.031702756881714
86, 8161, 8285, 8162, 8170, 8151, 8178, 8236, 8178, 8191, 8154, 8123, 8173, 8169, 8260,3.0397064685821533
87, 8166, 8291, 8139, 8185, 8162, 8178, 8224, 8157, 8186, 8157, 8139, 8182, 8174, 8273,3.0477468967437744
88, 8194, 8321, 8220, 8197, 8202, 8164, 8198, 8157, 8171, 8163, 8144, 8195, 8181, 8282,3.055696725845337
89, 8217, 8331, 8196, 8205, 8184, 8147, 8188, 8159, 8179, 8172, 8154, 8198, 8202, 8310,3.0635712146759033
90, 8222, 8320, 8186, 8196, 8191, 8140, 8169, 8172, 8169, 8161, 8148, 8197, 8195, 8316,3.070744037628174
91, 8202, 8295, 8149, 8186, 8163, 8136, 8159, 8167, 8156, 8153, 8138, 8182, 8184, 8297,3.07869291305542
92, 8193, 8309, 8184, 8195, 8193, 8141, 8172, 8184, 8169, 8160, 8133, 8179, 8192, 8289,3.0867397785186768
93, 8178, 8306, 8193, 8195, 8177, 8145, 8182, 8193, 8179, 8159, 8126, 8179, 8195, 8290,3.0946319103240967
94, 8152, 8286, 8154, 8179, 8158, 8142, 8171, 8170, 8159, 8145, 8113, 8162, 8172, 8271,3.102661371231079
95, 8181, 8309, 8213, 8194, 8211, 8158, 8167, 8175, 8150, 8148, 8116, 8178, 8174, 8283,3.1106841564178467
96, 8204, 8312, 8157, 8215, 8171, 8172, 8188, 8167, 8173, 8167, 8130, 8191, 8222, 8328,3.1186699867248535
97, 8202, 8317, 8188, 8202, 8205, 8169, 8188, 8168, 8178, 8169, 8122, 8184, 8226, 8327,3.126837730407715
98, 8188, 8321, 8245, 8189, 8217, 8171, 8190, 8188, 8182, 8169, 8134, 8184, 8208, 8310,3.134666919708252
99, 8163, 8301, 8141, 8194, 8155, 8175, 8209, 8185, 8202, 8173, 8152, 8174, 8220, 8313,3.141631603240967
100, 8181, 8309, 8166, 8203, 8184, 8171, 8208, 8201, 8202, 8170, 8136, 8175, 8223, 8308,3.1498565673828125
101, 8188, 8309, 8190, 8202, 8176, 8161, 8213, 8208, 8205, 8173, 8132, 8177, 8217, 8309,3.157661199569702
102, 8165, 8301, 8182, 8191, 8184, 8153, 8203, 8202, 8202, 8173, 8125, 8170, 8200, 8304,3.1656441688537598
103, 8159, 8289, 8172, 8177, 8179, 8146, 8174, 8185, 8176, 8162, 8119, 8169, 8194, 8289,3.1737475395202637
104, 8164, 8284, 8141, 8177, 8158, 8139, 8161, 8153, 8162, 8161, 8135, 8171, 8205, 8283,3.1817657947540283
105, 8175, 8309, 8210, 8190, 8205, 8146, 8159, 8153, 8163, 8165, 8140, 8182, 8197, 8275,3.1907308101654053
106, 8166, 8302, 8168, 8198, 8171, 8153, 8164, 8144, 8166, 8164, 8146, 8176, 8202, 8273,3.1976308822631836
107, 8162, 8303, 8170, 8186, 8199, 8153, 8160, 8140, 8152, 8161, 8144, 8165, 8206, 8266,3.2047364711761475
108, 8159, 8304, 8213, 8178, 8199, 8149, 8157, 8151, 8149, 8168, 8134, 8173, 8195, 8259,3.2125978469848633
109, 8151, 8295, 8142, 8201, 8136, 8146, 8169, 8149, 8179, 8178, 8145, 8173, 8208, 8283,3.2207512855529785
110, 8196, 8333, 8246, 8218, 8234, 8149, 8158, 8183, 8185, 8175, 8145, 8188, 8216, 8303,3.228687286376953
111, 8208, 8320, 8237, 8193, 8197, 8147, 8158, 8190, 8176, 8171, 8136, 8194, 8208, 8305,3.236750602722168
112, 8168, 8284, 8126, 8175, 8124, 8144, 8181, 8175, 8186, 8171, 8132, 8173, 8194, 8291,3.2445878982543945
113, 8175, 8303, 8183, 8188, 8179, 8152, 8190, 8191, 8192, 8162, 8131, 8176, 8188, 8285,3.2527964115142822
114, 8196, 8315, 8186, 8184, 8186, 8154, 8190, 8185, 8183, 8157, 8128, 8181, 8197, 8304,3.260795831680298
115, 8192, 8308, 8197, 8162, 8196, 8144, 8179, 8183, 8158, 8161, 8104, 8177, 8184, 8305,3.267852306365967
116, 8164, 8285, 8174, 8152, 8152, 8128, 8174, 8177, 8154, 8161, 8096, 8171, 8169, 8283,3.276015520095825
117, 8163, 8288, 8156, 8156, 8142, 8121, 8168, 8152, 8145, 8146, 8096, 8164, 8160, 8264,3.2838993072509766
118, 8191, 8305, 8170, 8173, 8170, 8129, 8159, 8140, 8122, 8139, 8102, 8173, 8163, 8278,3.2918105125427246
119, 8180, 8296, 8130, 8179, 8171, 8138, 8172, 8140, 8145, 8154, 8119, 8172, 8177, 8292,3.2999308109283447
120, 8172, 8312, 8209, 8174, 8229, 8144, 8174, 8165, 8174, 8162, 8119, 8175, 8167, 8271,3.307727575302124
121, 8181, 8311, 8183, 8178, 8178, 8145, 8164, 8166, 8181, 8163, 8131, 8184, 8187, 8277,3.3157453536987305
122, 8194, 8316, 8145, 8200, 8171, 8148, 8157, 8162, 8181, 8170, 8145, 8185, 8221, 8306,3.3237104415893555
123, 8200, 8330, 8245, 8206, 8247, 8152, 8163, 8192, 8175, 8177, 8144, 8196, 8218, 8307,3.3317995071411133
124, 8167, 8300, 8178, 8195, 8182, 8154, 8189, 8186, 8173, 8183, 8139, 8179, 8220, 8295,3.3390228748321533
125, 8163, 8297, 8154, 8198, 8159, 8150, 8193, 8169, 8159, 8171, 8115, 8160, 8211, 8284,3.3466992378234863
126, 8184, 8302, 8194, 8197, 8177, 8133, 8187, 8159, 8150, 8160, 8103, 8172, 8198, 8286,3.354768991470337
127, 8175, 8288, 8178, 8189, 8179, 8129, 8188, 8160, 8162, 8163, 8113, 8175, 8199, 8284,3.3627755641937256
237, 8161, 8289, 8184, 8190, 8183, 8155, 8194, 8189, 8185, 8170, 8127, 8173, 8197, 8272,3.3707499504089355
0, 8160, 8295, 8150, 8194, 8161, 8159, 8206, 8193, 8211, 8180, 8143, 8171, 8214, 8283,3.3787829875946045
1, 8190, 8316, 8209, 8191, 8217, 8143, 8192, 8197, 8209, 8181, 8138, 8183, 8226, 8299,3.386667251586914
2, 8187, 8295, 8184, 8174, 8193, 8142, 8180, 8195, 8203, 8179, 8135, 8191, 8223, 8301,3.3949639797210693
3, 8142, 8273, 8121, 8155, 8164, 8143, 8182, 8181, 8198, 8179, 8129, 8169, 8205, 8273,3.4017999172210693
4, 8161, 8308, 8235, 8162, 8225, 8142, 8176, 8196, 8175, 8178, 8119, 8173, 8192, 8252,3.4097368717193604
5, 8192, 8311, 8180, 8189, 8167, 8145, 8181, 8181, 8171, 8183, 8146, 8194, 8224, 8304,3.4176249504089355
6, 8186, 8304, 8138, 8198, 8176, 8147, 8167, 8158, 8171, 8181, 8166, 8199, 8238, 8345,3.4256274700164795
7, 8169, 8314, 8206, 8192, 8201, 8149, 8142, 8152, 8165, 8179, 8158, 8196, 8224, 8320,3.433675765991211
8, 8163, 8314, 8167, 8191, 8147, 8151, 8150, 8137, 8169, 8185, 8155, 8188, 8233, 8299,3.441615343093872
9, 8183, 8317, 8175, 8195, 8165, 8152, 8163, 8142, 8167, 8184, 8154, 8191, 8239, 8309,3.4496259689331055
10, 8179, 8300, 8158, 8197, 8150, 8156, 8172, 8143, 8166, 8182, 8157, 8178, 8232, 8321,3.4577715396881104
11, 8163, 8296, 8169, 8187, 8173, 8167, 8177, 8156, 8162, 8182, 8155, 8168, 8221, 8302,3.465665102005005
12, 8156, 8301, 8185, 8173, 8183, 8167, 8184, 8180, 8158, 8179, 8147, 8179, 8220, 8283,3.472750663757324
13, 8154, 8298, 8153, 8171, 8169, 8155, 8188, 8179, 8164, 8174, 8145, 8172, 8218, 8273,3.480724811553955
14, 8177, 8316, 8214, 8190, 8204, 8154, 8177, 8186, 8152, 8169, 8146, 8168, 8204, 8272,3.48874568939209
15, 8169, 8304, 8152, 8190, 8137, 8159, 8181, 8176, 8144, 8177, 8155, 8170, 8213, 8291,3.496584415435791
16, 8154, 8312, 8185, 8168, 8194, 8172, 8177, 8185, 8142, 8181, 8139, 8173, 8208, 8267,3.504704236984253
17, 8168, 8326, 8280, 8173, 8240, 8178, 8162, 8204, 8142, 8173, 8124, 8179, 8194, 8232,3.5126798152923584
18, 8167, 8296, 8133, 8188, 8116, 8157, 8165, 8164, 8161, 8186, 8144, 8165, 8221, 8261,3.520735025405884
19, 8188, 8317, 8169, 8195, 8183, 8149, 8162, 8159, 8164, 8202, 8147, 8177, 8226, 8285,3.528751850128174
20, 8194, 8337, 8237, 8207, 8223, 8154, 8163, 8173, 8168, 8195, 8141, 8197, 8207, 8274,3.5357325077056885
21, 8164, 8329, 8163, 8220, 8164, 8148, 8156, 8163, 8177, 8190, 8140, 8181, 8207, 8268,3.54360032081604
22, 8171, 8329, 8165, 8221, 8171, 8151, 8150, 8174, 8178, 8195, 8146, 8177, 8221, 8276,3.5517985820770264
23, 8189, 8325, 8155, 8222, 8183, 8161, 8171, 8175, 8189, 8202, 8166, 8184, 8239, 8295,3.5597400665283203
24, 8198, 8346, 8205, 8232, 8237, 8165, 8174, 8179, 8183, 8202, 8165, 8193, 8234, 8308,3.5677783489227295
25, 8190, 8343, 8199, 8232, 8206, 8161, 8168, 8174, 8171, 8202, 8160, 8197, 8234, 8310,3.5757572650909424
26, 8173, 8327, 8160, 8220, 8177, 8158, 8184, 8160, 8164, 8202, 8153, 8186, 8231, 8298,3.583763360977173
27, 8162, 8316, 8155, 8196, 8178, 8159, 8204, 8161, 8155, 8202, 8138, 8167, 8205, 8275,3.5917866230010986
28, 8154, 8303, 8116, 8183, 8161, 8155, 8212, 8163, 8154, 8205, 8136, 8149, 8194, 8259,3.598750591278076
29, 8174, 8336, 8243, 8192, 8241, 8154, 8195, 8202, 8160, 8201, 8141, 8166, 8190, 8254,3.606654644012451
30, 8175, 8332, 8254, 8194, 8203, 8150, 8181, 8210, 8188, 8206, 8165, 8189, 8213, 8275,3.614733934402466
31, 8168, 8302, 8130, 8187, 8132, 8147, 8180, 8183, 8216, 8223, 8188, 8187, 8243, 8304,3.622718572616577
32, 8190, 8312, 8170, 8192, 8172, 8153, 8165, 8188, 8214, 8225, 8179, 8182, 8235, 8300,3.630857467651367
33, 8184, 8321, 8194, 8209, 8169, 8156, 8155, 8177, 8209, 8214, 8166, 8172, 8216, 8277,3.638726234436035
34, 8179, 8326, 8193, 8217, 8177, 8152, 8162, 8162, 8200, 8205, 8165, 8176, 8207, 8276,3.6469767093658447
35, 8186, 8312, 8154, 8201, 8162, 8146, 8176, 8154, 8189, 8211, 8173, 8184, 8218, 8310,3.6547117233276367
36, 8185, 8301, 8153, 8187, 8179, 8152, 8181, 8144, 8177, 8212, 8170, 8176, 8223, 8326,3.662810802459717
37, 8194, 8310, 8224, 8193, 8207, 8156, 8168, 8142, 8161, 8198, 8158, 8183, 8214, 8302,3.669663906097412
38, 8188, 8297, 8151, 8194, 8145, 8147, 8166, 8138, 8168, 8197, 8159, 8179, 8211, 8292,3.677949905395508
39, 8179, 8302, 8165, 8188, 8177, 8148, 8162, 8167, 8176, 8198, 8141, 8161, 8192, 8276,3.685753107070923
40, 8165, 8296, 8178, 8186, 8166, 8153, 8171, 8180, 8176, 8193, 8125, 8155, 8175, 8249,3.6937263011932373
41, 8155, 8294, 8134, 8186, 8143, 8157, 8188, 8170, 8186, 8194, 8127, 8158, 8178, 8244,3.7018775939941406
42, 8184, 8329, 8261, 8207, 8242, 8173, 8177, 8203, 8182, 8189, 8122, 8186, 8173, 8257,3.709756851196289
43, 8183, 8304, 8216, 8213, 8187, 8168, 8175, 8197, 8185, 8184, 8124, 8189, 8181, 8272,3.717937707901001
44, 8172, 8282, 8131, 8198, 8141, 8157, 8175, 8170, 8186, 8178, 8121, 8168, 8185, 8268,3.725872039794922
45, 8191, 8306, 8186, 8212, 8184, 8169, 8169, 8176, 8171, 8176, 8111, 8179, 8174, 8267,3.7327311038970947
46, 8182, 8303, 8164, 8222, 8173, 8165, 8160, 8161, 8159, 8178, 8105, 8174, 8166, 8267,3.7407708168029785
47, 8161, 8284, 8158, 8194, 8177, 8150, 8138, 8149, 8151, 8176, 8094, 8157, 8147, 8249,3.748589277267456
48, 8151, 8266, 8141, 8176, 8165, 8157, 8142, 8146, 8159, 8174, 8090, 8156, 8143, 8238,3.756667375564575
49, 8164, 8283, 8183, 8186, 8202, 8177, 8162, 8157, 8162, 8171, 8096, 8163, 8152, 8232,3.7659189701080322
50, 8177, 8291, 8208, 8192, 8193, 8182, 8174, 8176, 8172, 8175, 8123, 8173, 8168, 8247,3.7726705074310303
51, 8165, 8267, 8139, 8188, 8141, 8170, 8177, 8171, 8181, 8179, 8131, 8169, 8166, 8267,3.7807366847991943
52, 8172, 8280, 8198, 8184, 8192, 8159, 8161, 8180, 8163, 8170, 8109, 8177, 8142, 8255,3.7889199256896973
53, 8180, 8290, 8193, 8207, 8181, 8151, 8152, 8175, 8164, 8174, 8140, 8194, 8163, 8263,3.7966995239257812
54, 8185, 8298, 8192, 8244, 8195, 8147, 8139, 8160, 8167, 8172, 8174, 8203, 8187, 8282,3.8038887977600098
55, 8217, 8306, 8261, 8254, 8203, 8145, 8128, 8164, 8151, 8167, 8174, 8224, 8183, 8301,3.8127005100250244
56, 8239, 8298, 8212, 8271, 8140, 8145, 8141, 8151, 8153, 8183, 8192, 8238, 8214, 8341,3.8197033405303955
57, 8231, 8316, 8229, 8295, 8198, 8152, 8143, 8139, 8151, 8190, 8196, 8236, 8231, 8334,3.8278892040252686
58, 8203, 8316, 8201, 8287, 8197, 8149, 8144, 8124, 8142, 8182, 8183, 8213, 8221, 8298,3.8358514308929443
59, 8203, 8316, 8190, 8280, 8197, 8145, 8146, 8142, 8143, 8181, 8167, 8202, 8218, 8299,3.8438498973846436
60, 8209, 8316, 8249, 8284, 8223, 8151, 8144, 8183, 8147, 8180, 8154, 8216, 8213, 8311,3.8517794609069824
61, 8174, 8284, 8158, 8252, 8147, 8147, 8160, 8166, 8154, 8176, 8152, 8197, 8207, 8299,3.859835386276245
62, 8177, 8286, 8156, 8224, 8167, 8139, 8168, 8161, 8141, 8166, 8125, 8179, 8192, 8273,3.866746425628662
63, 8193, 8277, 8157, 8220, 8171, 8143, 8167, 8174, 8130, 8164, 8107, 8178, 8187, 8263,3.874725580215454
64, 8175, 8262, 8140, 8203, 8161, 8151, 8154, 8166, 8127, 8165, 8105, 8166, 8180, 8256,3.8826792240142822
65, 8168, 8279, 8184, 8194, 8188, 8146, 8141, 8152, 8116, 8156, 8104, 8167, 8162, 8262,3.8908801078796387
66, 8156, 8274, 8131, 8187, 8169, 8134, 8146, 8124, 8111, 8155, 8095, 8165, 8157, 8271,3.8988840579986572
67, 8172, 8271, 8195, 8165, 8224, 8141, 8139, 8140, 8103, 8156, 8080, 8175, 8146, 8264,3.9068214893341064
68, 8187, 8251, 8210, 8153, 8205, 8151, 8140, 8166, 8112, 8161, 8101, 8191, 8160, 8282,3.9149301052093506
69, 8154, 8229, 8118, 8144, 8160, 8150, 8148, 8155, 8130, 8168, 8109, 8161, 8170, 8275,3.922868013381958
70, 8142, 8248, 8154, 8139, 8179, 8151, 8151, 8164, 8127, 8159, 8075, 8142, 8140, 8229,3.930743455886841
71, 8165, 8263, 8167, 8154, 8156, 8164, 8173, 8174, 8144, 8156, 8088, 8169, 8148, 8237,3.937697410583496
72, 8199, 8275, 8194, 8169, 8202, 8170, 8171, 8179, 8165, 8170, 8133, 8198, 8183, 8284,3.9458820819854736
73, 8207, 8273, 8189, 8174, 8205, 8145, 8127, 8163, 8157, 8183, 8139, 8194, 8202, 8309,3.953700065612793
74, 8205, 8281, 8175, 8193, 8183, 8125, 8097, 8143, 8132, 8176, 8132, 8186, 8209, 8314,3.9617927074432373
75, 8219, 8298, 8229, 8205, 8210, 8136, 8103, 8151, 8113, 8166, 8142, 8198, 8198, 8302,3.9697558879852295
76, 8189, 8261, 8153, 8180, 8159, 8138, 8119, 8133, 8108, 8156, 8128, 8177, 8177, 8280,3.977928876876831
77, 8160, 8249, 8160, 8154, 8186, 8128, 8116, 8136, 8094, 8140, 8090, 8152, 8139, 8258,3.9858460426330566
78, 8159, 8261, 8183, 8154, 8184, 8136, 8138, 8169, 8103, 8147, 8093, 8154, 8129, 8257,3.9928479194641113
79, 8150, 8263, 8128, 8165, 8159, 8162, 8183, 8184, 8149, 8160, 8113, 8150, 8149, 8262,4.000852346420288
80, 8144, 8271, 8219, 8163, 8249, 8179, 8181, 8203, 8166, 8151, 8089, 8162, 8132, 8238,4.008697271347046
81, 8130, 8241, 8183, 8148, 8208, 8167, 8160, 8181, 8158, 8152, 8079, 8168, 8111, 8223,4.0168540477752686
82, 8149, 8246, 8112, 8164, 8159, 8155, 8153, 8158, 8154, 8167, 8106, 8160, 8133, 8253,4.024904012680054
83, 8184, 8286, 8171, 8190, 8203, 8157, 8144, 8167, 8151, 8166, 8123, 8166, 8161, 8283,4.032736778259277
84, 8168, 8281, 8180, 8173, 8222, 8150, 8136, 8156, 8132, 8152, 8101, 8159, 8145, 8269,4.040939807891846
85, 8152, 8267, 8190, 8141, 8221, 8150, 8130, 8160, 8110, 8145, 8081, 8162, 8119, 8242,4.0487706661224365
86, 8148, 8251, 8144, 8135, 8153, 8152, 8143, 8168, 8123, 8156, 8108, 8175, 8149, 8256,4.0567097663879395
87, 8145, 8248, 8165, 8135, 8179, 8145, 8154, 8168, 8126, 8162, 8116, 8172, 8162, 8267,4.063708782196045
88, 8146, 8241, 8200, 8132, 8201, 8144, 8159, 8163, 8106, 8153, 8091, 8164, 8139, 8255,4.07180643081665
89, 8143, 8231, 8136, 8130, 8150, 8142, 8167, 8152, 8104, 8145, 8088, 8153, 8135, 8252,4.079829692840576
90, 8157, 8256, 8211, 8130, 8206, 8143, 8158, 8170, 8107, 8142, 8089, 8172, 8132, 8255,4.087872505187988
91, 8161, 8248, 8197, 8139, 8175, 8156, 8166, 8175, 8128, 8155, 8110, 8195, 8149, 8280,4.095592975616455
92, 8160, 8232, 8141, 8145, 8149, 8171, 8183, 8179, 8149, 8168, 8123, 8185, 8162, 8290,4.103759050369263
93, 8164, 8240, 8213, 8135, 8210, 8168, 8182, 8194, 8142, 8160, 8104, 8168, 8146, 8262,4.111694574356079
94, 8136, 8228, 8168, 8127, 8182, 8156, 8172, 8165, 8142, 8157, 8108, 8151, 8143, 8244,4.119866847991943
95, 8124, 8232, 8149, 8123, 8178, 8158, 8152, 8160, 8141, 8166, 8121, 8149, 8142, 8240,4.1277055740356445
96, 8140, 8236, 8166, 8122, 8169, 8157, 8149, 8172, 8141, 8173, 8117, 8160, 8144, 8249,4.134676456451416
97, 8156, 8236, 8186, 8129, 8176, 8148, 8153, 8170, 8144, 8167, 8108, 8163, 8158, 8257,4.142772912979126
98, 8163, 8238, 8203, 8134, 8173, 8148, 8154, 8178, 8143, 8161, 8110, 8165, 8163, 8252,4.150898456573486
99, 8144, 8228, 8123, 8131, 8131, 8146, 8169, 8170, 8154, 8167, 8113, 8160, 8164, 8247,4.1589648723602295
100, 8130, 8238, 8169, 8121, 8194, 8144, 8178, 8176, 8151, 8168, 8098, 8165, 8153, 8239,4.166929244995117
101, 8128, 8223, 8176, 8109, 8166, 8147, 8178, 8174, 8139, 8161, 8098, 8163, 8144, 8243,4.174846887588501
102, 8145, 8225, 8144, 8120, 8137, 8145, 8165, 8155, 8129, 8151, 8104, 8160, 8137, 8257,4.1828107833862305
103, 8179, 8264, 8225, 8142, 8193, 8134, 8141, 8163, 8123, 8144, 8093, 8178, 8127, 8261,4.189714193344116
104, 8160, 8244, 8165, 8134, 8140, 8130, 8145, 8161, 8133, 8151, 8086, 8172, 8133, 8259,4.197695255279541
105, 8144, 8238, 8157, 8126, 8166, 8147, 8158, 8176, 8144, 8156, 8089, 8167, 8137, 8257,4.2057178020477295
106, 8168, 8255, 8193, 8150, 8196, 8169, 8165, 8189, 8162, 8164, 8117, 8186, 8156, 8277,4.213746547698975
107, 8178, 8258, 8177, 8168, 8187, 8179, 8179, 8179, 8171, 8169, 8139, 8184, 8180, 8300,4.221787452697754
108, 8180, 8274, 8229, 8167, 8222, 8185, 8180, 8188, 8154, 8164, 8129, 8176, 8173, 8290,4.229928970336914
109, 8160, 8265, 8162, 8162, 8172, 8178, 8171, 8160, 8144, 8158, 8115, 8162, 8158, 8268,4.2377610206604
110, 8158, 8264, 8158, 8162, 8186, 8173, 8145, 8138, 8124, 8148, 8098, 8157, 8136, 8249,4.245916128158569
111, 8173, 8260, 8190, 8165, 8195, 8175, 8139, 8154, 8119, 8143, 8108, 8167, 8139, 8262,4.2529520988464355
112, 8160, 8248, 8141, 8150, 8176, 8163, 8151, 8162, 8139, 8149, 8123, 8159, 8162, 8283,4.260891914367676
113, 8160, 8257, 8184, 8135, 8207, 8154, 8139, 8171, 8136, 8150, 8103, 8164, 8151, 8268,4.269040822982788
114, 8163, 8243, 8141, 8134, 8138, 8149, 8140, 8156, 8136, 8148, 8101, 8170, 8153, 8261,4.277008771896362
115, 8178, 8263, 8192, 8142, 8187, 8150, 8138, 8172, 8145, 8145, 8108, 8171, 8164, 8261,4.284784317016602
116, 8187, 8273, 8260, 8150, 8233, 8157, 8139, 8200, 8157, 8149, 8103, 8188, 8164, 8270,4.293928146362305
117, 8159, 8241, 8129, 8147, 8146, 8158, 8160, 8178, 8169, 8154, 8105, 8177, 8165, 8280,4.301877975463867
118, 8163, 8257, 8164, 8147, 8185, 8161, 8161, 8176, 8154, 8147, 8100, 8166, 8152, 8262,4.308713436126709
119, 8166, 8262, 8203, 8150, 8199, 8159, 8155, 8169, 8143, 8145, 8094, 8169, 8148, 8251,4.3166890144348145
120, 8145, 8241, 8141, 8137, 8153, 8153, 8145, 8148, 8149, 8146, 8083, 8160, 8136, 8251,4.323901891708374
121, 8145, 8240, 8147, 8121, 8133, 8158, 8143, 8151, 8147, 8145, 8087, 8160, 8129, 8245,4.332176923751831
122, 8164, 8258, 8178, 8138, 8154, 8172, 8159, 8162, 8154, 8154, 8109, 8169, 8156, 8253,4.340912103652954
123, 8179, 8270, 8199, 8149, 8193, 8172, 8156, 8177, 8160, 8157, 8108, 8172, 8166, 8262,4.347933292388916
124, 8155, 8246, 8138, 8118, 8148, 8160, 8149, 8179, 8155, 8148, 8094, 8155, 8153, 8259,4.355898380279541
125, 8131, 8242, 8181, 8094, 8171, 8159, 8153, 8195, 8147, 8143, 8076, 8150, 8135, 8243,4.363847732543945
126, 8124, 8223, 8178, 8080, 8145, 8151, 8162, 8188, 8143, 8146, 8070, 8156, 8126, 8233,4.371926784515381
127, 8115, 8195, 8095, 8065, 8101, 8137, 8159, 8148, 8132, 8137, 8066, 8137, 8111, 8226,4.379726409912109
237, 8128, 8234, 8257, 8076, 8224, 8150, 8135, 8174, 8107, 8119, 8049, 8145, 8074, 8202,4.386667251586914
0, 8117, 8232, 8234, 8095, 8163, 8156, 8138, 8179, 8118, 8127, 8066, 8163, 8084, 8205,4.394833087921143
1, 8105, 8209, 8062, 8103, 8053, 8144, 8151, 8133, 8135, 8144, 8093, 8158, 8125, 8241,4.40291690826416
2, 8140, 8243, 8152, 8116, 8141, 8148, 8140, 8131, 8112, 8142, 8091, 8168, 8134, 8259,4.410672903060913
3, 8156, 8257, 8213, 8133, 8173, 8153, 8135, 8141, 8101, 8138, 8089, 8174, 8138, 8257,4.418933629989624
4, 8154, 8255, 8193, 8133, 8149, 8151, 8139, 8150, 8114, 8145, 8086, 8175, 8144, 8256,4.42671799659729
5, 8151, 8242, 8173, 8121, 8132, 8151, 8140, 8153, 8125, 8148, 8083, 8179, 8143, 8264,4.434796333312988
6, 8156, 8239, 8186, 8124, 8163, 8152, 8142, 8160, 8131, 8145, 8086, 8176, 8141, 8268,4.442732810974121
7, 8176, 8256, 8207, 8153, 8167, 8158, 8156, 8185, 8161, 8156, 8111, 8188, 8167, 8285,4.449926376342773
8, 8177, 8258, 8158, 8167, 8124, 8160, 8165, 8182, 8190, 8175, 8139, 8191, 8200, 8309,4.457963466644287
9, 8182, 8270, 8213, 8158, 8187, 8158, 8137, 8178, 8166, 8176, 8130, 8187, 8187, 8305,4.465888023376465
10, 8187, 8268, 8193, 8158, 8159, 8159, 8124, 8166, 8154, 8174, 8131, 8187, 8189, 8301,4.473869323730469
11, 8180, 8270, 8155, 8165, 8139, 8160, 8130, 8153, 8163, 8172, 8132, 8177, 8196, 8291,4.481929063796997
12, 8172, 8272, 8254, 8152, 8209, 8160, 8123, 8164, 8126, 8154, 8102, 8174, 8146, 8258,4.4897072315216064
13, 8132, 8225, 8156, 8126, 8133, 8168, 8147, 8145, 8115, 8140, 8093, 8168, 8121, 8255,4.4989378452301025
14, 8115, 8212, 8098, 8112, 8115, 8185, 8179, 8146, 8149, 8140, 8105, 8165, 8139, 8265,4.505828619003296
15, 8132, 8225, 8162, 8118, 8136, 8187, 8191, 8179, 8169, 8149, 8113, 8163, 8145, 8259,4.513844728469849
16, 8129, 8225, 8170, 8127, 8136, 8169, 8178, 8185, 8166, 8152, 8108, 8153, 8134, 8245,4.520933389663696
17, 8141, 8239, 8218, 8131, 8172, 8149, 8138, 8176, 8140, 8143, 8105, 8173, 8133, 8250,4.52893590927124
18, 8169, 8242, 8176, 8143, 8127, 8148, 8128, 8150, 8134, 8154, 8130, 8189, 8168, 8292,4.536790609359741
19, 8194, 8260, 8183, 8150, 8153, 8166, 8133, 8163, 8147, 8172, 8137, 8183, 8188, 8314,4.544960021972656
20, 8192, 8256, 8201, 8136, 8173, 8159, 8118, 8178, 8148, 8163, 8116, 8183, 8170, 8298,4.552733421325684
21, 8178, 8236, 8155, 8126, 8151, 8132, 8105, 8153, 8136, 8146, 8098, 8176, 8149, 8285,4.560734272003174
22, 8185, 8249, 8198, 8133, 8176, 8134, 8113, 8160, 8129, 8146, 8088, 8171, 8135, 8276,4.5687785148620605
23, 8154, 8230, 8140, 8125, 8126, 8138, 8129, 8158, 8141, 8154, 8096, 8158, 8141, 8263,4.57692813873291
24, 8122, 8221, 8154, 8106, 8150, 8125, 8111, 8152, 8125, 8138, 8088, 8150, 8122, 8236,4.583963871002197
25, 8129, 8227, 8214, 8101, 8161, 8124, 8099, 8166, 8105, 8126, 8071, 8156, 8096, 8219,4.591901540756226
26, 8121, 8206, 8132, 8101, 8106, 8134, 8120, 8157, 8121, 8140, 8082, 8143, 8118, 8228,4.599809646606445
27, 8133, 8229, 8178, 8109, 8169, 8146, 8133, 8168, 8134, 8149, 8103, 8158, 8146, 8241,4.608009338378906
28, 8161, 8250, 8197, 8127, 8162, 8148, 8140, 8176, 8145, 8150, 8125, 8188, 8160, 8268,4.615716457366943
29, 8163, 8243, 8150, 8130, 8129, 8144, 8132, 8170, 8151, 8150, 8122, 8176, 8155, 8276,4.623924493789673
30, 8160, 8243, 8180, 8125, 8157, 8149, 8119, 8181, 8159, 8153, 8117, 8176, 8157, 8268,4.631718635559082
31, 8170, 8255, 8196, 8144, 8175, 8157, 8124, 8191, 8175, 8166, 8146, 8203, 8179, 8289,4.63985538482666
32, 8191, 8272, 8221, 8166, 8181, 8157, 8123, 8195, 8178, 8179, 8164, 8217, 8191, 8310,4.647731304168701
33, 8195, 8249, 8157, 8164, 8112, 8146, 8136, 8172, 8195, 8182, 8166, 8198, 8210, 8325,4.654924154281616
34, 8208, 8251, 8202, 8153, 8172, 8151, 8143, 8179, 8201, 8181, 8163, 8199, 8216, 8327,4.662707328796387
35, 8211, 8256, 8257, 8145, 8207, 8162, 8136, 8197, 8186, 8183, 8157, 8212, 8198, 8319,4.670934438705444
36, 8179, 8228, 8130, 8129, 8117, 8149, 8141, 8164, 8180, 8174, 8134, 8178, 8184, 8314,4.678731679916382
37, 8192, 8249, 8209, 8116, 8202, 8137, 8127, 8172, 8152, 8150, 8090, 8163, 8151, 8292,4.687675952911377
38, 8187, 8245, 8227, 8114, 8190, 8136, 8109, 8177, 8123, 8143, 8088, 8167, 8136, 8268,4.69469690322876
39, 8134, 8212, 8085, 8109, 8091, 8134, 8111, 8143, 8126, 8149, 8106, 8145, 8142, 8251,4.702899932861328
40, 8143, 8227, 8131, 8119, 8143, 8135, 8113, 8147, 8128, 8143, 8092, 8147, 8128, 8241,4.710957050323486
41, 8172, 8241, 8178, 8138, 8174, 8143, 8118, 8154, 8127, 8142, 8094, 8157, 8121, 8240,4.719000339508057
42, 8162, 8244, 8181, 8155, 8171, 8157, 8129, 8161, 8140, 8143, 8111, 8153, 8131, 8234,4.725767612457275
43, 8132, 8230, 8151, 8158, 8146, 8163, 8149, 8171, 8158, 8141, 8112, 8151, 8136, 8226,4.733896493911743
44, 8128, 8220, 8171, 8140, 8168, 8158, 8150, 8174, 8149, 8139, 8093, 8150, 8115, 8214,4.7417027950286865
45, 8152, 8221, 8207, 8134, 8166, 8159, 8146, 8177, 8144, 8143, 8094, 8162, 8113, 8227,4.749898195266724
46, 8151, 8219, 8143, 8153, 8118, 8168, 8165, 8166, 8177, 8157, 8129, 8176, 8157, 8266,4.757730007171631
47, 8161, 8251, 8239, 8176, 8214, 8168, 8162, 8191, 8182, 8162, 8129, 8190, 8158, 8263,4.765662908554077
48, 8164, 8241, 8252, 8180, 8196, 8155, 8158, 8196, 8177, 8166, 8116, 8187, 8138, 8244,4.77386474609375
49, 8148, 8210, 8111, 8186, 8098, 8153, 8179, 8162, 8199, 8178, 8135, 8173, 8162, 8256,4.78191351890564
50, 8170, 8240, 8168, 8199, 8157, 8169, 8174, 8180, 8205, 8178, 8149, 8187, 8182, 8269,4.788814067840576
51, 8179, 8245, 8183, 8199, 8162, 8170, 8161, 8193, 8198, 8175, 8144, 8185, 8178, 8264,4.796894788742065
52, 8163, 8231, 8140, 8196, 8151, 8172, 8163, 8177, 8191, 8175, 8130, 8166, 8165, 8255,4.8047332763671875
53, 8161, 8232, 8151, 8197, 8165, 8191, 8163, 8158, 8177, 8169, 8122, 8167, 8154, 8260,4.812729120254517
54, 8165, 8228, 8166, 8191, 8171, 8197, 8150, 8141, 8147, 8151, 8086, 8150, 8114, 8239,4.820861101150513
55, 8143, 8208, 8193, 8162, 8173, 8185, 8141, 8154, 8123, 8137, 8047, 8131, 8068, 8190,4.828916788101196
56, 8096, 8172, 8115, 8124, 8118, 8184, 8169, 8163, 8147, 8151, 8079, 8132, 8086, 8198,4.836916208267212
57, 8099, 8182, 8136, 8120, 8150, 8203, 8185, 8176, 8170, 8154, 8098, 8146, 8104, 8231,4.844908714294434
58, 8129, 8191, 8174, 8147, 8138, 8205, 8181, 8177, 8168, 8141, 8079, 8156, 8091, 8233,4.851714134216309
59, 8121, 8185, 8131, 8151, 8105, 8187, 8175, 8166, 8171, 8141, 8081, 8146, 8090, 8223,4.859860181808472
60, 8114, 8210, 8215, 8139, 8185, 8188, 8161, 8187, 8166, 8143, 8089, 8151, 8094, 8215,4.867698431015015
61, 8109, 8205, 8180, 8153, 8143, 8189, 8162, 8180, 8172, 8148, 8107, 8160, 8119, 8229,4.8758704662323
62, 8131, 8222, 8142, 8191, 8127, 8180, 8154, 8163, 8178, 8151, 8132, 8174, 8143, 8250,4.883738994598389
63, 8173, 8264, 8207, 8217, 8168, 8176, 8138, 8174, 8171, 8153, 8136, 8186, 8150, 8257,4.891815662384033
64, 8177, 8267, 8184, 8223, 8149, 8180, 8142, 8173, 8176, 8158, 8134, 8178, 8167, 8258,4.899747133255005
65, 8182, 8275, 8227, 8231, 8192, 8190, 8138, 8175, 8179, 8159, 8141, 8191, 8179, 8259,4.907922267913818
66, 8173, 8261, 8200, 8227, 8166, 8185, 8130, 8151, 8165, 8152, 8140, 8194, 8169, 8248,4.915658712387085
67, 8160, 8243, 8160, 8215, 8142, 8169, 8135, 8134, 8148, 8140, 8109, 8170, 8133, 8224,4.9226953983306885
68, 8169, 8247, 8191, 8218, 8158, 8174, 8152, 8150, 8156, 8136, 8087, 8161, 8100, 8213,4.93078351020813
69, 8152, 8239, 8163, 8216, 8158, 8185, 8164, 8148, 8166, 8142, 8087, 8149, 8089, 8200,4.939666748046875
70, 8138, 8226, 8185, 8192, 8190, 8185, 8156, 8159, 8146, 8139, 8087, 8143, 8080, 8180,4.946840763092041
71, 8137, 8196, 8129, 8177, 8130, 8190, 8172, 8166, 8159, 8142, 8109, 8150, 8101, 8211,4.9548070430755615
72, 8151, 8223, 8190, 8188, 8183, 8202, 8188, 8183, 8185, 8141, 8105, 8158, 8106, 8233,4.9629645347595215
73, 8157, 8250, 8305, 8195, 8238, 8194, 8173, 8205, 8172, 8132, 8079, 8162, 8080, 8210,4.970992565155029
74, 8117, 8198, 8120, 8189, 8095, 8175, 8176, 8169, 8194, 8151, 8102, 8147, 8110, 8219,4.978774785995483
75, 8115, 8203, 8089, 8185, 8117, 8167, 8177, 8169, 8221, 8179, 8132, 8155, 8148, 8245,4.985876083374023
76, 8153, 8237, 8209, 8197, 8188, 8148, 8160, 8191, 8207, 8182, 8132, 8178, 8147, 8250,4.993814945220947
77, 8150, 8222, 8175, 8217, 8157, 8133, 8149, 8174, 8205, 8179, 8123, 8170, 8150, 8244,5.002734422683716
78, 8139, 8222, 8149, 8228, 8155, 8141, 8152, 8162, 8216, 8180, 8124, 8162, 8159, 8236,5.009703874588013
79, 8153, 8246, 8174, 8233, 8158, 8144, 8157, 8160, 8197, 8172, 8132, 8169, 8147, 8233,5.01760196685791
80, 8171, 8258, 8230, 8235, 8185, 8140, 8141, 8160, 8155, 8151, 8124, 8170, 8120, 8213,5.02570366859436
81, 8148, 8227, 8170, 8227, 8147, 8142, 8139, 8137, 8143, 8138, 8120, 8144, 8110, 8179,5.033719778060913
82, 8130, 8213, 8135, 8213, 8147, 8143, 8139, 8122, 8133, 8126, 8101, 8121, 8078, 8166,5.041679859161377
83, 8158, 8219, 8208, 8203, 8193, 8146, 8128, 8146, 8112, 8108, 8066, 8135, 8025, 8185,5.049711465835571
84, 8148, 8193, 8148, 8179, 8148, 8151, 8142, 8142, 8111, 8099, 8061, 8131, 8007, 8198,5.056579828262329
85, 8125, 8198, 8164, 8163, 8171, 8158, 8163, 8149, 8111, 8094, 8071, 8123, 8012, 8183,5.064686059951782
86, 8130, 8201, 8191, 8162, 8161, 8162, 8184, 8171, 8128, 8107, 8084, 8146, 8026, 8192,5.0726354122161865
87, 8128, 8185, 8133, 8147, 8130, 8166, 8195, 8171, 8163, 8133, 8103, 8150, 8048, 8214,5.0807204246521
88, 8133, 8195, 8180, 8145, 8166, 8172, 8193, 8195, 8187, 8153, 8134, 8164, 8081, 8227,5.0887064933776855
89, 8130, 8190, 8150, 8164, 8120, 8171, 8203, 8209, 8219, 8174, 8180, 8186, 8147, 8263,5.096923828125
90, 8149, 8204, 8183, 8178, 8161, 8168, 8193, 8218, 8239, 8194, 8208, 8203, 8185, 8287,5.104875087738037
91, 8166, 8214, 8234, 8177, 8192, 8161, 8178, 8218, 8237, 8206, 8228, 8215, 8199, 8289,5.11185622215271
92, 8141, 8195, 8151, 8174, 8132, 8141, 8180, 8188, 8231, 8204, 8223, 8188, 8209, 8283,5.119666814804077
93, 8139, 8215, 8200, 8176, 8171, 8132, 8160, 8180, 8206, 8185, 8180, 8173, 8178, 8259,5.127782821655273
94, 8157, 8227, 8214, 8184, 8164, 8141, 8145, 8164, 8189, 8178, 8171, 8187, 8166, 8257,5.135601282119751
95, 8163, 8232, 8188, 8194, 8164, 8156, 8147, 8151, 8182, 8177, 8185, 8190, 8181, 8265,5.143665075302124
96, 8163, 8232, 8185, 8195, 8164, 8163, 8145, 8152, 8161, 8167, 8187, 8186, 8183, 8268,5.151689529418945
97, 8167, 8225, 8152, 8187, 8152, 8158, 8146, 8138, 8141, 8157, 8182, 8184, 8179, 8274,5.159825086593628
98, 8175, 8237, 8207, 8179, 8196, 8152, 8142, 8147, 8123, 8147, 8161, 8188, 8159, 8260,5.167667388916016
99, 8144, 8205, 8149, 8161, 8138, 8154, 8150, 8148, 8125, 8146, 8150, 8166, 8143, 8239,5.17561674118042
100, 8117, 8188, 8119, 8140, 8139, 8171, 8174, 8160, 8130, 8146, 8138, 8136, 8123, 8219,5.183590888977051
101, 8116, 8197, 8171, 8129, 8163, 8191, 8213, 8194, 8134, 8135, 8118, 8133, 8101, 8204,5.190758466720581
102, 8098, 8177, 8127, 8115, 8128, 8199, 8249, 8203, 8158, 8138, 8115, 8131, 8098, 8198,5.198641061782837
103, 8089, 8171, 8170, 8098, 8176, 8210, 8241, 8208, 8169, 8144, 8111, 8131, 8086, 8178,5.206744909286499
104, 8083, 8166, 8155, 8108, 8151, 8214, 8225, 8194, 8173, 8144, 8110, 8132, 8087, 8180,5.214663982391357
105, 8083, 8171, 8124, 8121, 8131, 8201, 8209, 8181, 8172, 8141, 8113, 8138, 8101, 8194,5.222829341888428
106, 8099, 8176, 8165, 8111, 8142, 8183, 8185, 8181, 8160, 8143, 8122, 8156, 8103, 8200,5.2306458950042725
107, 8116, 8174, 8156, 8117, 8140, 8170, 8172, 8165, 8152, 8147, 8135, 8155, 8107, 8216,5.238664150238037
108, 8140, 8199, 8215, 8139, 8194, 8170, 8154, 8173, 8141, 8143, 8130, 8166, 8112, 8235,5.246727228164673
109, 8130, 8190, 8162, 8130, 8120, 8170, 8146, 8163, 8140, 8141, 8142, 8184, 8133, 8255,5.253647565841675
110, 8138, 8197, 8161, 8121, 8117, 8173, 8144, 8153, 8135, 8147, 8168, 8189, 8151, 8268,5.261606931686401
111, 8184, 8226, 8291, 8145, 8194, 8180, 8137, 8174, 8129, 8160, 8186, 8213, 8175, 8286,5.2697672843933105
112, 8163, 8191, 8170, 8148, 8098, 8169, 8143, 8153, 8147, 8177, 8202, 8203, 8216, 8308,5.277641296386719
113, 8140, 8190, 8147, 8138, 8115, 8160, 8133, 8152, 8148, 8181, 8196, 8181, 8213, 8289,5.285707712173462
114, 8168, 8220, 8260, 8155, 8184, 8167, 8125, 8187, 8146, 8178, 8186, 8192, 8195, 8276,5.293648719787598
115, 8167, 8210, 8197, 8169, 8130, 8175, 8149, 8196, 8174, 8182, 8181, 8189, 8205, 8299,5.301659345626831
116, 8147, 8195, 8105, 8152, 8088, 8174, 8174, 8195, 8200, 8191, 8172, 8172, 8218, 8307,5.309849977493286
117, 8129, 8190, 8097, 8130, 8112, 8169, 8183, 8183, 8204, 8190, 8165, 8150, 8207, 8275,5.3166351318359375
118, 8128, 8195, 8212, 8121, 8196, 8183, 8175, 8196, 8186, 8174, 8158, 8156, 8176, 8255,5.324696779251099
119, 8131, 8168, 8178, 8123, 8147, 8193, 8185, 8195, 8193, 8174, 8174, 8171, 8188, 8279,5.332916498184204
120, 8133, 8158, 8118, 8122, 8118, 8180, 8183, 8169, 8201, 8182, 8171, 8164, 8205, 8275,5.340674877166748
121, 8146, 8180, 8230, 8113, 8180, 8161, 8148, 8173, 8171, 8177, 8144, 8167, 8185, 8246,5.348923206329346
122, 8153, 8175, 8171, 8131, 8116, 8162, 8150, 8163, 8172, 8183, 8176, 8178, 8210, 8284,5.356734275817871
123, 8187, 8210, 8181, 8173, 8155, 8170, 8155, 8170, 8185, 8188, 8208, 8198, 8235, 8318,5.3649232387542725
124, 8198, 8219, 8246, 8163, 8180, 8158, 8138, 8181, 8181, 8181, 8193, 8201, 8216, 8307,5.372667551040649
125, 8165, 8185, 8155, 8128, 8110, 8144, 8136, 8157, 8189, 8184, 8190, 8181, 8222, 8315,5.379917860031128
126, 8169, 8198, 8153, 8132, 8137, 8154, 8142, 8156, 8187, 8186, 8198, 8187, 8235, 8321,5.387753009796143
127, 8170, 8202, 8156, 8135, 8137, 8164, 8147, 8158, 8173, 8179, 8183, 8189, 8217, 8305,5.395748138427734
237, 8158, 8196, 8173, 8130, 8145, 8171, 8162, 8174, 8174, 8176, 8159, 8179, 8200, 8300,5.403703212738037
0, 8159, 8189, 8168, 8132, 8141, 8186, 8197, 8198, 8196, 8182, 8161, 8179, 8218, 8308,5.411882162094116
1, 8155, 8179, 8154, 8120, 8145, 8186, 8210, 8204, 8206, 8183, 8161, 8174, 8220, 8298,5.419819116592407
2, 8160, 8187, 8217, 8119, 8175, 8176, 8196, 8213, 8197, 8179, 8153, 8179, 8200, 8291,5.4279162883758545
3, 8149, 8177, 8146, 8129, 8118, 8170, 8199, 8190, 8205, 8181, 8163, 8180, 8209, 8307,5.435861110687256
4, 8139, 8180, 8151, 8110, 8149, 8157, 8172, 8166, 8189, 8168, 8137, 8173, 8190, 8293,5.442695379257202
5, 8151, 8187, 8215, 8105, 8157, 8144, 8140, 8156, 8160, 8162, 8115, 8173, 8162, 8270,5.45066237449646
6, 8160, 8181, 8148, 8135, 8100, 8153, 8150, 8141, 8166, 8175, 8146, 8175, 8193, 8291,5.45890474319458
7, 8167, 8194, 8169, 8131, 8155, 8171, 8145, 8161, 8166, 8177, 8152, 8187, 8202, 8310,5.466655015945435
8, 8159, 8181, 8168, 8109, 8150, 8166, 8133, 8171, 8158, 8171, 8141, 8181, 8183, 8303,5.4749414920806885
9, 8160, 8183, 8160, 8126, 8139, 8170, 8143, 8172, 8167, 8175, 8152, 8167, 8190, 8295,5.482869625091553
10, 8164, 8202, 8187, 8142, 8158, 8192, 8165, 8177, 8178, 8178, 8147, 8176, 8199, 8299,5.490939140319824
11, 8149, 8196, 8149, 8128, 8146, 8188, 8175, 8166, 8183, 8179, 8132, 8169, 8193, 8302,5.498785734176636
12, 8166, 8216, 8208, 8134, 8182, 8180, 8166, 8181, 8181, 8185, 8152, 8177, 8200, 8302,5.505969524383545
13, 8173, 8217, 8190, 8153, 8135, 8180, 8165, 8174, 8181, 8192, 8181, 8193, 8221, 8321,5.513654470443726
14, 8149, 8205, 8152, 8145, 8130, 8175, 8163, 8155, 8172, 8186, 8156, 8178, 8207, 8313,5.521798849105835
15, 8151, 8205, 8190, 8129, 8158, 8179, 8161, 8170, 8165, 8181, 8136, 8168, 8189, 8288,5.529757261276245
16, 8156, 8195, 8138, 8134, 8113, 8184, 8175, 8174, 8183, 8188, 8158, 8170, 8212, 8303,5.537912130355835
17, 8155, 8210, 8202, 8139, 8176, 8179, 8171, 8189, 8184, 8183, 8148, 8185, 8205, 8317,5.545817852020264
18, 8138, 8200, 8198, 8127, 8155, 8166, 8167, 8185, 8178, 8176, 8126, 8183, 8179, 8295,5.553785800933838
19, 8126, 8185, 8123, 8119, 8107, 8167, 8174, 8167, 8179, 8173, 8107, 8155, 8167, 8264,5.561829566955566
20, 8147, 8199, 8184, 8127, 8174, 8184, 8174, 8185, 8177, 8175, 8098, 8157, 8170, 8260,5.568620204925537
21, 8151, 8189, 8165, 8126, 8169, 8184, 8171, 8170, 8164, 8172, 8120, 8169, 8180, 8270,5.576709985733032
22, 8146, 8191, 8207, 8124, 8184, 8170, 8143, 8148, 8122, 8151, 8110, 8171, 8151, 8259,5.584887742996216
23, 8143, 8196, 8234, 8145, 8172, 8169, 8129, 8157, 8123, 8154, 8101, 8180, 8151, 8276,5.592694044113159
24, 8139, 8193, 8151, 8159, 8130, 8184, 8147, 8160, 8168, 8183, 8126, 8184, 8202, 8309,5.600918292999268
25, 8155, 8198, 8133, 8157, 8131, 8183, 8159, 8159, 8179, 8191, 8138, 8185, 8218, 8311,5.608832597732544
26, 8160, 8196, 8136, 8160, 8137, 8180, 8159, 8154, 8168, 8186, 8135, 8178, 8210, 8310,5.616906404495239
27, 8164, 8212, 8216, 8159, 8202, 8198, 8147, 8163, 8157, 8179, 8128, 8178, 8194, 8290,5.623704195022583
28, 8152, 8196, 8158, 8145, 8149, 8196, 8157, 8153, 8160, 8176, 8134, 8171, 8195, 8281,5.632702827453613
29, 8146, 8192, 8132, 8139, 8161, 8182, 8160, 8157, 8157, 8177, 8124, 8163, 8198, 8295,5.639710426330566
30, 8174, 8232, 8323, 8140, 8280, 8194, 8131, 8206, 8145, 8176, 8109, 8190, 8185, 8296,5.647732973098755
31, 8140, 8196, 8190, 8133, 8145, 8198, 8144, 8181, 8164, 8186, 8128, 8179, 8203, 8301,5.65569543838501
32, 8096, 8164, 8025, 8132, 8074, 8194, 8171, 8138, 8178, 8190, 8127, 8144, 8208, 8291,5.663718223571777
33, 8128, 8194, 8159, 8135, 8176, 8203, 8161, 8158, 8167, 8173, 8111, 8159, 8179, 8271,5.672758102416992
34, 8157, 8206, 8214, 8130, 8190, 8207, 8152, 8178, 8175, 8175, 8137, 8180, 8189, 8290,5.679738283157349
35, 8154, 8198, 8176, 8131, 8166, 8196, 8158, 8179, 8186, 8194, 8163, 8183, 8217, 8317,5.687873363494873
36, 8136, 8187, 8131, 8137, 8135, 8181, 8156, 8156, 8181, 8192, 8140, 8167, 8199, 8292,5.695767641067505
37, 8136, 8205, 8183, 8141, 8181, 8183, 8144, 8165, 8163, 8176, 8114, 8159, 8169, 8261,5.702759027481079
38, 8151, 8208, 8208, 8146, 8193, 8196, 8159, 8194, 8168, 8186, 8133, 8176, 8197, 8293,5.71073842048645
39, 8159, 8198, 8151, 8159, 8157, 8191, 8181, 8183, 8196, 8208, 8154, 8185, 8235, 8329,5.7186455726623535
40, 8181, 8224, 8203, 8174, 8187, 8178, 8170, 8173, 8183, 8195, 8134, 8188, 8213, 8316,5.726875305175781
41, 8170, 8212, 8153, 8166, 8139, 8178, 8167, 8159, 8157, 8172, 8108, 8168, 8184, 8302,5.734737396240234
42, 8146, 8205, 8166, 8150, 8189, 8194, 8178, 8177, 8158, 8168, 8088, 8150, 8169, 8286,5.742783546447754
43, 8147, 8215, 8253, 8153, 8245, 8208, 8191, 8214, 8174, 8174, 8089, 8168, 8167, 8268,5.750827074050903
44, 8123, 8188, 8129, 8158, 8135, 8210, 8215, 8190, 8193, 8179, 8101, 8166, 8175, 8267,5.7586894035339355
45, 8105, 8191, 8107, 8164, 8132, 8211, 8211, 8170, 8185, 8173, 8081, 8152, 8156, 8259,5.7667155265808105
46, 8114, 8200, 8160, 8172, 8166, 8207, 8194, 8173, 8182, 8173, 8074, 8153, 8145, 8260,5.773799180984497
47, 8145, 8211, 8198, 8176, 8203, 8208, 8183, 8177, 8192, 8182, 8085, 8161, 8145, 8269,5.7818193435668945
48, 8161, 8215, 8206, 8182, 8188, 8211, 8166, 8166, 8176, 8178, 8087, 8166, 8141, 8267,5.789789915084839
49, 8133, 8192, 8129, 8178, 8129, 8193, 8147, 8135, 8154, 8171, 8080, 8157, 8143, 8255,5.797841310501099
50, 8136, 8205, 8201, 8164, 8191, 8176, 8137, 8151, 8139, 8167, 8070, 8168, 8132, 8245,5.805708885192871
51, 8160, 8211, 8206, 8174, 8172, 8177, 8161, 8167, 8146, 8171, 8093, 8180, 8148, 8272,5.81376838684082
52, 8165, 8213, 8166, 8188, 8160, 8188, 8178, 8165, 8152, 8176, 8109, 8179, 8174, 8304,5.821700096130371
53, 8159, 8211, 8199, 8171, 8184, 8188, 8168, 8172, 8149, 8176, 8101, 8187, 8170, 8299,5.829721689224243
54, 8137, 8191, 8142, 8155, 8138, 8171, 8163, 8154, 8155, 8177, 8105, 8177, 8173, 8294,5.837711334228516
55, 8157, 8215, 8214, 8171, 8199, 8166, 8155, 8168, 8145, 8176, 8102, 8178, 8180, 8301,5.84466290473938
56, 8172, 8221, 8232, 8184, 8187, 8177, 8164, 8183, 8140, 8180, 8110, 8190, 8187, 8306,5.852787971496582
57, 8141, 8199, 8121, 8186, 8123, 8175, 8178, 8160, 8146, 8183, 8120, 8173, 8189, 8291,5.860759496688843
58, 8139, 8208, 8142, 8189, 8157, 8177, 8169, 8156, 8146, 8182, 8100, 8161, 8177, 8274,5.868799686431885
59, 8155, 8215, 8166, 8189, 8172, 8195, 8171, 8161, 8144, 8185, 8077, 8157, 8174, 8273,5.876842260360718
60, 8157, 8219, 8200, 8189, 8195, 8207, 8178, 8176, 8145, 8178, 8081, 8164, 8176, 8269,5.884725570678711
61, 8149, 8218, 8175, 8187, 8154, 8205, 8183, 8178, 8166, 8176, 8109, 8182, 8193, 8284,5.892629623413086
62, 8160, 8231, 8165, 8187, 8153, 8214, 8176, 8170, 8165, 8177, 8104, 8183, 8184, 8292,5.900820016860962
63, 8180, 8229, 8215, 8192, 8194, 8224, 8162, 8177, 8141, 8166, 8085, 8175, 8153, 8277,5.907644033432007
64, 8166, 8197, 8134, 8182, 8151, 8218, 8166, 8166, 8154, 8175, 8104, 8170, 8169, 8287,5.915714979171753
65, 8166, 8216, 8209, 8172, 8218, 8217, 8171, 8182, 8158, 8180, 8102, 8179, 8174, 8287,5.92363977432251
66, 8150, 8211, 8228, 8176, 8195, 8216, 8184, 8188, 8146, 8168, 8081, 8174, 8154, 8266,5.931654214859009
67, 8123, 8185, 8099, 8179, 8110, 8207, 8205, 8175, 8164, 8176, 8088, 8157, 8166, 8272,5.939768075942993
68, 8162, 8224, 8204, 8184, 8196, 8212, 8201, 8210, 8187, 8191, 8104, 8183, 8182, 8291,5.9476940631866455
69, 8181, 8222, 8215, 8182, 8180, 8208, 8212, 8222, 8204, 8194, 8119, 8196, 8188, 8299,5.9557905197143555
70, 8147, 8191, 8115, 8165, 8122, 8201, 8235, 8207, 8205, 8193, 8112, 8170, 8177, 8287,5.963690519332886
71, 8137, 8195, 8130, 8157, 8144, 8208, 8234, 8197, 8189, 8186, 8092, 8156, 8157, 8269,5.97109842300415
72, 8144, 8201, 8173, 8149, 8174, 8203, 8208, 8176, 8167, 8170, 8083, 8152, 8150, 8258,5.978626012802124
73, 8151, 8203, 8203, 8143, 8169, 8185, 8174, 8172, 8143, 8168, 8090, 8164, 8151, 8266,5.986827850341797
74, 8150, 8199, 8141, 8162, 8111, 8175, 8164, 8159, 8145, 8179, 8116, 8176, 8173, 8293,5.995065212249756
75, 8169, 8221, 8189, 8177, 8179, 8174, 8142, 8158, 8153, 8175, 8111, 8182, 8179, 8294,6.002642631530762
76, 8184, 8213, 8195, 8163, 8163, 8168, 8131, 8169, 8160, 8172, 8100, 8188, 8172, 8286,6.010838270187378
77, 8175, 8194, 8132, 8162, 8113, 8165, 8148, 8171, 8170, 8180, 8115, 8175, 8171, 8288,6.01871919631958
78, 8199, 8238, 8284, 8180, 8231, 8175, 8145, 8197, 8154, 8175, 8116, 8184, 8156, 8275,6.0268731117248535
79, 8201, 8236, 8223, 8192, 8167, 8177, 8155, 8183, 8160, 8181, 8114, 8197, 8178, 8296,6.03458571434021
80, 8187, 8215, 8085, 8193, 8095, 8172, 8174, 8166, 8177, 8193, 8120, 8188, 8208, 8331,6.041701793670654
81, 8209, 8234, 8188, 8197, 8162, 8172, 8171, 8187, 8157, 8185, 8124, 8189, 8195, 8330,6.04982852935791
82, 8204, 8231, 8191, 8202, 8145, 8172, 8172, 8175, 8147, 8175, 8112, 8187, 8184, 8320,6.057770252227783
83, 8179, 8221, 8151, 8193, 8143, 8177, 8177, 8165, 8155, 8173, 8085, 8181, 8176, 8311,6.065764904022217
84, 8164, 8209, 8142, 8172, 8150, 8175, 8178, 8165, 8154, 8176, 8090, 8174, 8166, 8300,6.073654890060425
85, 8165, 8215, 8199, 8164, 8184, 8170, 8171, 8174, 8143, 8176, 8112, 8178, 8159, 8292,6.082800626754761
86, 8172, 8212, 8219, 8166, 8179, 8174, 8171, 8182, 8149, 8180, 8126, 8188, 8170, 8306,6.089744806289673
87, 8164, 8185, 8123, 8158, 8122, 8174, 8175, 8156, 8162, 8188, 8142, 8177, 8196, 8319,6.097741603851318
88, 8178, 8200, 8181, 8159, 8184, 8174, 8170, 8163, 8155, 8187, 8152, 8182, 8207, 8296,6.10480260848999
89, 8181, 8203, 8190, 8176, 8193, 8172, 8183, 8179, 8166, 8194, 8153, 8190, 8211, 8290,6.112759351730347
90, 8180, 8211, 8160, 8191, 8180, 8166, 8188, 8176, 8181, 8205, 8143, 8182, 8199, 8307,6.120938062667847
91, 8197, 8227, 8217, 8201, 8181, 8160, 8165, 8184, 8171, 8199, 8140, 8189, 8181, 8298,6.12880539894104
92, 8172, 8189, 8144, 8187, 8118, 8161, 8173, 8174, 8173, 8192, 8149, 8182, 8196, 8281,6.1367175579071045
93, 8153, 8182, 8152, 8163, 8167, 8173, 8193, 8178, 8177, 8193, 8134, 8176, 8201, 8282,6.144812107086182
94, 8162, 8194, 8183, 8159, 8173, 8178, 8195, 8184, 8182, 8198, 8126, 8184, 8192, 8290,6.152824878692627
95, 8172, 8193, 8154, 8175, 8138, 8182, 8193, 8179, 8194, 8205, 8130, 8176, 8187, 8282,6.160745143890381
96, 8189, 8194, 8182, 8192, 8173, 8183, 8200, 8189, 8191, 8197, 8123, 8180, 8176, 8287,6.168790817260742
97, 8187, 8180, 8149, 8187, 8157, 8182, 8221, 8182, 8177, 8185, 8122, 8186, 8178, 8308,6.175828218460083
98, 8186, 8192, 8194, 8170, 8180, 8194, 8219, 8190, 8161, 8184, 8117, 8186, 8173, 8296,6.183570623397827
99, 8167, 8190, 8189, 8159, 8157, 8198, 8218, 8188, 8165, 8188, 8115, 8180, 8166, 8282,6.191808700561523
100, 8127, 8166, 8120, 8152, 8141, 8181, 8222, 8159, 8161, 8176, 8117, 8162, 8163, 8279,6.199836254119873
101, 8129, 8166, 8174, 8147, 8180, 8179, 8204, 8162, 8148, 8170, 8113, 8164, 8156, 8266,6.207874774932861
102, 8146, 8166, 8148, 8144, 8127, 8178, 8185, 8158, 8161, 8180, 8116, 8162, 8165, 8265,6.215929269790649
103, 8163, 8195, 8205, 8140, 8179, 8171, 8156, 8173, 8160, 8178, 8106, 8161, 8152, 8252,6.223643064498901
104, 8156, 8186, 8231, 8131, 8190, 8168, 8139, 8192, 8162, 8190, 8103, 8173, 8152, 8246,6.230874061584473
105, 8120, 8145, 8106, 8123, 8113, 8166, 8142, 8167, 8188, 8208, 8123, 8165, 8175, 8265,6.238855600357056
106, 8134, 8178, 8164, 8146, 8165, 8173, 8139, 8168, 8187, 8199, 8138, 8173, 8181, 8284,6.24684739112854
107, 8161, 8207, 8199, 8182, 8173, 8183, 8149, 8172, 8180, 8195, 8162, 8191, 8206, 8308,6.254730939865112
108, 8163, 8200, 8165, 8186, 8162, 8182, 8149, 8156, 8177, 8204, 8166, 8190, 8217, 8311,6.262876510620117
109, 8165, 8193, 8170, 8173, 8162, 8180, 8143, 8150, 8164, 8197, 8147, 8184, 8197, 8293,6.270820617675781
110, 8169, 8204, 8176, 8174, 8157, 8186, 8146, 8151, 8153, 8182, 8146, 8177, 8188, 8291,6.278815746307373
111, 8174, 8217, 8212, 8173, 8180, 8191, 8139, 8159, 8139, 8176, 8145, 8179, 8181, 8290,6.286639928817749
112, 8158, 8195, 8148, 8163, 8144, 8187, 8141, 8159, 8139, 8181, 8142, 8174, 8182, 8283,6.294584035873413
113, 8164, 8203, 8175, 8163, 8177, 8189, 8147, 8179, 8152, 8185, 8140, 8170, 8187, 8274,6.302666425704956
114, 8178, 8207, 8200, 8158, 8153, 8189, 8148, 8183, 8158, 8181, 8135, 8175, 8181, 8272,6.309692621231079
115, 8159, 8188, 8126, 8154, 8111, 8189, 8154, 8160, 8158, 8175, 8119, 8164, 8159, 8263,6.317826509475708
116, 8160, 8209, 8231, 8161, 8216, 8201, 8147, 8183, 8145, 8171, 8106, 8170, 8131, 8240,6.325705528259277
117, 8163, 8199, 8216, 8157, 8167, 8200, 8144, 8174, 8144, 8179, 8132, 8179, 8145, 8257,6.3336803913116455
118, 8162, 8183, 8128, 8156, 8103, 8186, 8147, 8143, 8151, 8183, 8146, 8177, 8174, 8289,6.341635704040527
119, 8172, 8199, 8175, 8174, 8168, 8186, 8149, 8165, 8153, 8178, 8144, 8188, 8179, 8280,6.349690198898315
120, 8170, 8204, 8186, 8185, 8177, 8179, 8144, 8174, 8151, 8182, 8154, 8189, 8175, 8258,6.357692718505859
121, 8187, 8209, 8219, 8189, 8177, 8161, 8132, 8171, 8132, 8181, 8155, 8195, 8170, 8266,6.364853858947754
122, 8203, 8204, 8170, 8202, 8142, 8157, 8146, 8161, 8134, 8179, 8159, 8209, 8182, 8293,6.372697830200195
123, 8220, 8231, 8205, 8226, 8192, 8163, 8146, 8164, 8144, 8172, 8156, 8211, 8181, 8293,6.380821943283081
124, 8241, 8253, 8289, 8242, 8199, 8154, 8127, 8172, 8135, 8166, 8157, 8227, 8179, 8293,6.388775110244751
125, 8226, 8226, 8183, 8236, 8103, 8136, 8137, 8146, 8135, 8173, 8170, 8225, 8203, 8325,6.396824359893799
126, 8226, 8241, 8224, 8227, 8171, 8141, 8135, 8165, 8131, 8175, 8155, 8221, 8197, 8330,6.4048614501953125
127, 8223, 8242, 8225, 8227, 8149, 8148, 8135, 8178, 8125, 8174, 8146, 8223, 8197, 8319,6.412581205368042
237, 8202, 8223, 8142, 8224, 8100, 8146, 8147, 8160, 8125, 8178, 8151, 8212, 8217, 8316,6.420607805252075
0, 8199, 8226, 8211, 8207, 8184, 8147, 8139, 8176, 8126, 8180, 8127, 8204, 8195, 8309,6.4276652336120605
1, 8176, 8198, 8171, 8176, 8157, 8134, 8136, 8170, 8132, 8178, 8096, 8179, 8169, 8297,6.435569763183594
2, 8171, 8189, 8138, 8165, 8138, 8134, 8146, 8164, 8134, 8179, 8089, 8171, 8176, 8288,6.443606853485107
3, 8178, 8197, 8144, 8169, 8142, 8155, 8159, 8172, 8151, 8189, 8097, 8178, 8191, 8292,6.4516918659210205
4, 8148, 8191, 8141, 8153, 8160, 8172, 8161, 8170, 8172, 8192, 8090, 8168, 8179, 8273,6.45964241027832
5, 8122, 8189, 8173, 8141, 8185, 8178, 8162, 8182, 8183, 8191, 8094, 8170, 8170, 8249,6.467817544937134
6, 8125, 8185, 8130, 8159, 8147, 8176, 8173, 8189, 8205, 8205, 8131, 8173, 8199, 8265,6.475682973861694
7, 8148, 8202, 8163, 8170, 8176, 8177, 8174, 8198, 8208, 8214, 8133, 8175, 8203, 8276,6.483866453170776
8, 8153, 8199, 8172, 8158, 8175, 8187, 8177, 8186, 8192, 8207, 8122, 8180, 8194, 8274,6.491944074630737
9, 8156, 8197, 8153, 8156, 8172, 8194, 8176, 8168, 8187, 8201, 8131, 8178, 8198, 8279,6.498742580413818
10, 8175, 8213, 8208, 8173, 8205, 8188, 8165, 8172, 8181, 8202, 8132, 8184, 8192, 8282,6.506715297698975
11, 8164, 8199, 8141, 8188, 8138, 8167, 8159, 8137, 8168, 8205, 8132, 8176, 8200, 8285,6.514655351638794
12, 8173, 8220, 8200, 8184, 8192, 8151, 8138, 8134, 8141, 8200, 8115, 8176, 8196, 8282,6.522655963897705
13, 8191, 8230, 8264, 8164, 8216, 8147, 8140, 8164, 8135, 8201, 8111, 8198, 8191, 8296,6.530670404434204
14, 8166, 8193, 8125, 8153, 8132, 8156, 8170, 8148, 8163, 8207, 8132, 8188, 8211, 8313,6.538601636886597
15, 8163, 8201, 8156, 8151, 8176, 8171, 8167, 8155, 8167, 8201, 8111, 8169, 8196, 8279,6.546677589416504
16, 8165, 8202, 8191, 8141, 8175, 8167, 8164, 8183, 8173, 8198, 8082, 8164, 8164, 8255,6.554790019989014
17, 8144, 8179, 8139, 8129, 8148, 8165, 8180, 8203, 8206, 8202, 8091, 8163, 8164, 8272,6.561748504638672
18, 8140, 8173, 8130, 8124, 8161, 8180, 8192, 8212, 8232, 8205, 8106, 8164, 8189, 8279,6.5698466300964355
19, 8153, 8188, 8160, 8125, 8187, 8189, 8192, 8199, 8228, 8207, 8089, 8160, 8185, 8257,6.577835559844971
20, 8177, 8206, 8225, 8139, 8215, 8191, 8187, 8186, 8188, 8199, 8078, 8176, 8157, 8258,6.585835933685303
21, 8186, 8193, 8151, 8157, 8154, 8197, 8201, 8162, 8170, 8201, 8112, 8189, 8186, 8305,6.593839883804321
22, 8195, 8215, 8181, 8164, 8202, 8208, 8200, 8172, 8178, 8209, 8124, 8195, 8217, 8320,6.601691961288452
23, 8200, 8229, 8239, 8173, 8220, 8205, 8181, 8190, 8185, 8208, 8118, 8204, 8212, 8303,6.609714031219482
24, 8191, 8202, 8133, 8182, 8149, 8195, 8181, 8165, 8190, 8209, 8120, 8182, 8206, 8301,6.617746114730835
25, 8216, 8215, 8202, 8174, 8208, 8192, 8174, 8182, 8175, 8200, 8100, 8176, 8188, 8297,6.625595808029175
26, 8213, 8209, 8218, 8152, 8183, 8182, 8171, 8197, 8166, 8187, 8089, 8180, 8176, 8293,6.632782459259033
27, 8171, 8186, 8144, 8137, 8154, 8168, 8176, 8181, 8165, 8182, 8089, 8166, 8164, 8283,6.641791105270386
28, 8164, 8183, 8168, 8132, 8187, 8159, 8177, 8179, 8166, 8183, 8086, 8163, 8149, 8271,6.6488683223724365
29, 8168, 8171, 8132, 8122, 8145, 8153, 8189, 8176, 8176, 8180, 8079, 8162, 8160, 8277,6.656891107559204
30, 8173, 8180, 8147, 8117, 8158, 8159, 8191, 8186, 8171, 8177, 8064, 8166, 8167, 8279,6.664881944656372
31, 8172, 8188, 8161, 8122, 8165, 8160, 8179, 8179, 8158, 8177, 8060, 8169, 8158, 8272,6.672913074493408
32, 8165, 8187, 8172, 8127, 8183, 8146, 8170, 8168, 8145, 8174, 8053, 8162, 8135, 8252,6.680912971496582
33, 8163, 8181, 8182, 8125, 8179, 8150, 8181, 8178, 8147, 8171, 8055, 8165, 8134, 8246,6.688910722732544
34, 8156, 8172, 8135, 8128, 8149, 8171, 8198, 8169, 8174, 8184, 8080, 8168, 8169, 8269,6.695913791656494
35, 8173, 8203, 8238, 8136, 8231, 8173, 8182, 8181, 8180, 8193, 8083, 8181, 8171, 8270,6.703807592391968
36, 8164, 8194, 8219, 8147, 8181, 8153, 8172, 8177, 8177, 8191, 8087, 8180, 8161, 8253,6.711880922317505
37, 8141, 8174, 8104, 8160, 8102, 8147, 8175, 8147, 8185, 8197, 8107, 8165, 8176, 8252,6.719908952713013
38, 8165, 8200, 8172, 8167, 8152, 8155, 8164, 8160, 8181, 8198, 8112, 8180, 8190, 8267,6.727652549743652
39, 8186, 8205, 8180, 8175, 8138, 8150, 8163, 8175, 8177, 8195, 8102, 8184, 8199, 8281,6.735766887664795
40, 8181, 8207, 8170, 8187, 8158, 8154, 8169, 8177, 8174, 8193, 8086, 8173, 8187, 8275,6.7438390254974365
41, 8161, 8200, 8166, 8185, 8177, 8155, 8185, 8172, 8165, 8187, 8082, 8168, 8166, 8263,6.751648187637329
42, 8154, 8187, 8158, 8161, 8170, 8147, 8193, 8172, 8154, 8174, 8087, 8167, 8166, 8264,6.758915662765503
43, 8162, 8185, 8186, 8140, 8177, 8153, 8184, 8187, 8145, 8171, 8080, 8177, 8172, 8267,6.766895532608032
44, 8135, 8158, 8117, 8120, 8134, 8150, 8178, 8164, 8146, 8173, 8072, 8164, 8149, 8257,6.774827003479004
45, 8135, 8168, 8153, 8120, 8164, 8139, 8163, 8159, 8132, 8161, 8064, 8154, 8114, 8235,6.782948970794678
46, 8165, 8184, 8179, 8146, 8144, 8142, 8163, 8171, 8136, 8166, 8078, 8175, 8142, 8250,6.790902137756348
47, 8160, 8171, 8130, 8144, 8131, 8148, 8181, 8163, 8158, 8182, 8093, 8176, 8175, 8279,6.798936367034912
48, 8149, 8175, 8209, 8117, 8193, 8153, 8173, 8171, 8155, 8177, 8074, 8158, 8138, 8252,6.8068718910217285
49, 8142, 8179, 8170, 8137, 8128, 8163, 8159, 8157, 8164, 8181, 8080, 8152, 8135, 8228,6.814903259277344
50, 8152, 8209, 8154, 8189, 8151, 8175, 8150, 8159, 8176, 8191, 8104, 8173, 8176, 8255,6.821868896484375
51, 8158, 8212, 8178, 8190, 8179, 8173, 8144, 8176, 8171, 8184, 8094, 8183, 8181, 8280,6.829667806625366
52, 8141, 8179, 8131, 8161, 8136, 8169, 8145, 8165, 8162, 8174, 8061, 8154, 8155, 8253,6.837901592254639
53, 8153, 8204, 8232, 8165, 8213, 8176, 8146, 8181, 8145, 8170, 8046, 8155, 8134, 8215,6.845870494842529
54, 8142, 8206, 8216, 8168, 8195, 8169, 8163, 8179, 8146, 8175, 8076, 8168, 8141, 8228,6.8538079261779785
55, 8098, 8163, 8087, 8143, 8112, 8145, 8173, 8146, 8151, 8173, 8081, 8147, 8126, 8234,6.861903429031372
56, 8094, 8141, 8079, 8120, 8111, 8142, 8177, 8145, 8153, 8161, 8055, 8130, 8104, 8208,6.869902610778809
57, 8115, 8156, 8146, 8123, 8169, 8161, 8187, 8172, 8164, 8162, 8051, 8134, 8121, 8197,6.877726793289185
58, 8133, 8178, 8219, 8132, 8213, 8174, 8181, 8194, 8164, 8170, 8066, 8163, 8135, 8214,6.8857338428497314
59, 8142, 8165, 8129, 8138, 8144, 8170, 8189, 8170, 8169, 8174, 8083, 8175, 8141, 8260,6.8925621509552
60, 8165, 8185, 8162, 8154, 8186, 8173, 8198, 8180, 8179, 8172, 8085, 8170, 8149, 8271,6.9006147384643555
61, 8173, 8206, 8263, 8160, 8217, 8182, 8197, 8216, 8190, 8179, 8084, 8179, 8154, 8252,6.908865451812744
62, 8140, 8178, 8144, 8150, 8131, 8186, 8213, 8188, 8205, 8189, 8091, 8170, 8157, 8252,6.916898488998413
63, 8147, 8184, 8149, 8157, 8178, 8193, 8210, 8175, 8195, 8177, 8091, 8168, 8148, 8258,6.924905061721802
64, 8162, 8192, 8188, 8166, 8183, 8191, 8199, 8176, 8191, 8172, 8098, 8172, 8152, 8257,6.932803153991699
65, 8132, 8182, 8149, 8144, 8157, 8178, 8188, 8154, 8186, 8174, 8095, 8155, 8146, 8236,6.9408791065216064
66, 8117, 8178, 8182, 8127, 8190, 8167, 8168, 8153, 8158, 8163, 8083, 8159, 8124, 8220,6.948768138885498
67, 8124, 8168, 8174, 8140, 8171, 8163, 8165, 8166, 8161, 8161, 8092, 8167, 8136, 8233,6.955772876739502
68, 8133, 8175, 8175, 8155, 8176, 8168, 8176, 8182, 8188, 8168, 8097, 8162, 8144, 8234,6.964818000793457
69, 8118, 8163, 8119, 8160, 8138, 8174, 8189, 8172, 8196, 8171, 8102, 8153, 8144, 8230,6.971902847290039
70, 8119, 8171, 8151, 8156, 8168, 8182, 8176, 8170, 8180, 8168, 8092, 8157, 8142, 8230,6.979692459106445
71, 8143, 8192, 8251, 8144, 8207, 8185, 8163, 8187, 8172, 8162, 8080, 8167, 8121, 8224,6.987863302230835
72, 8134, 8171, 8142, 8148, 8126, 8175, 8184, 8161, 8187, 8163, 8098, 8147, 8120, 8222,6.995844841003418
73, 8151, 8194, 8184, 8165, 8185, 8181, 8182, 8173, 8175, 8162, 8097, 8153, 8126, 8226,7.003654479980469
74, 8173, 8202, 8241, 8160, 8192, 8187, 8172, 8198, 8170, 8164, 8101, 8182, 8138, 8249,7.011904239654541
75, 8158, 8166, 8140, 8149, 8131, 8173, 8181, 8171, 8186, 8174, 8114, 8169, 8147, 8262,7.019873857498169
76, 8156, 8173, 8158, 8161, 8181, 8176, 8173, 8167, 8180, 8172, 8094, 8156, 8138, 8241,7.02698826789856
77, 8155, 8176, 8158, 8161, 8168, 8173, 8154, 8161, 8161, 8159, 8076, 8161, 8134, 8238,7.03488826751709
78, 8160, 8174, 8177, 8136, 8167, 8150, 8138, 8150, 8138, 8145, 8068, 8168, 8119, 8239,7.042891979217529
79, 8164, 8173, 8174, 8134, 8152, 8147, 8149, 8152, 8131, 8148, 8058, 8162, 8113, 8231,7.050864934921265
80, 8156, 8179, 8152, 8150, 8151, 8162, 8165, 8159, 8145, 8157, 8053, 8157, 8132, 8238,7.058879137039185
81, 8167, 8187, 8202, 8155, 8194, 8166, 8158, 8176, 8150, 8155, 8067, 8178, 8142, 8252,7.066894769668579
82, 8178, 8171, 8158, 8149, 8158, 8161, 8153, 8160, 8148, 8155, 8088, 8182, 8145, 8263,7.074885606765747
83, 8187, 8183, 8175, 8158, 8169, 8163, 8151, 8155, 8141, 8158, 8087, 8177, 8149, 8262,7.0826520919799805
84, 8171, 8189, 8181, 8169, 8164, 8158, 8154, 8155, 8142, 8161, 8081, 8174, 8158, 8250,7.090854167938232
85, 8135, 8175, 8134, 8152, 8157, 8152, 8147, 8144, 8127, 8154, 8058, 8151, 8134, 8222,7.097903728485107
86, 8141, 8186, 8207, 8143, 8206, 8160, 8142, 8167, 8112, 8146, 8035, 8160, 8110, 8218,7.105818033218384
87, 8151, 8182, 8170, 8157, 8147, 8169, 8169, 8173, 8145, 8158, 8073, 8180, 8147, 8258,7.113893508911133
88, 8154, 8193, 8153, 8167, 8158, 8180, 8182, 8179, 8165, 8167, 8092, 8169, 8164, 8267,7.121878623962402
89, 8163, 8202, 8193, 8162, 8182, 8188, 8174, 8198, 8155, 8168, 8072, 8165, 8153, 8249,7.1298253536224365
90, 8161, 8186, 8151, 8157, 8145, 8179, 8183, 8191, 8165, 8172, 8084, 8176, 8174, 8256,7.137899398803711
91, 8173, 8195, 8209, 8145, 8203, 8167, 8186, 8198, 8164, 8167, 8087, 8193, 8174, 8272,7.145900726318359
92, 8183, 8188, 8200, 8140, 8189, 8171, 8188, 8195, 8160, 8166, 8064, 8188, 8163, 8288,7.153700351715088
93, 8187, 8184, 8150, 8159, 8158, 8179, 8191, 8173, 8166, 8168, 8065, 8169, 8178, 8282,7.160865068435669
94, 8180, 8183, 8138, 8168, 8156, 8175, 8175, 8148, 8159, 8169, 8093, 8171, 8195, 8265,7.168900489807129
95, 8165, 8185, 8136, 8158, 8176, 8170, 8158, 8139, 8152, 8177, 8093, 8173, 8190, 8261,7.176910161972046
96, 8184, 8220, 8237, 8164, 8231, 8175, 8143, 8168, 8149, 8169, 8080, 8180, 8171, 8264,7.1848437786102295
97, 8188, 8203, 8173, 8174, 8147, 8172, 8140, 8153, 8151, 8169, 8114, 8180, 8189, 8282,7.19289755821228
98, 8183, 8190, 8140, 8171, 8168, 8173, 8137, 8140, 8147, 8189, 8126, 8180, 8208, 8292,7.200876474380493
99, 8194, 8209, 8234, 8170, 8242, 8175, 8136, 8173, 8138, 8189, 8098, 8193, 8197, 8281,7.208862781524658
100, 8165, 8188, 8149, 8161, 8151, 8163, 8156, 8168, 8146, 8161, 8083, 8169, 8182, 8256,7.21689772605896
101, 8143, 8178, 8144, 8148, 8154, 8160, 8167, 8171, 8150, 8147, 8071, 8153, 8158, 8231,7.22390079498291
102, 8154, 8179, 8192, 8152, 8183, 8158, 8176, 8189, 8153, 8166, 8081, 8170, 8163, 8244,7.231807470321655
103, 8149, 8175, 8153, 8152, 8165, 8151, 8188, 8187, 8157, 8184, 8090, 8167, 8181, 8261,7.239897966384888
104, 8136, 8170, 8149, 8134, 8165, 8155, 8194, 8191, 8160, 8176, 8072, 8155, 8166, 8246,7.24889612197876
105, 8133, 8160, 8159, 8126, 8167, 8153, 8199, 8189, 8160, 8164, 8055, 8146, 8144, 8233,7.25562596321106
106, 8145, 8174, 8202, 8131, 8190, 8155, 8201, 8196, 8155, 8165, 8053, 8151, 8129, 8223,7.263898611068726
107, 8133, 8163, 8105, 8129, 8128, 8166, 8212, 8177, 8169, 8175, 8061, 8147, 8137, 8224,7.271895170211792
108, 8140, 8177, 8134, 8134, 8190, 8169, 8191, 8164, 8160, 8172, 8056, 8148, 8137, 8229,7.279670000076294
109, 8190, 8215, 8308, 8157, 8270, 8173, 8150, 8182, 8123, 8171, 8059, 8189, 8134, 8238,7.286863803863525
110, 8196, 8199, 8175, 8179, 8132, 8174, 8147, 8142, 8133, 8191, 8099, 8192, 8171, 8276,7.295895576477051
111, 8198, 8211, 8102, 8198, 8134, 8161, 8142, 8112, 8147, 8190, 8119, 8172, 8202, 8300,7.30286431312561
112, 8215, 8233, 8194, 8195, 8202, 8141, 8123, 8126, 8127, 8179, 8111, 8180, 8198, 8294,7.3108696937561035
113, 8202, 8216, 8179, 8169, 8172, 8141, 8118, 8137, 8121, 8193, 8110, 8183, 8189, 8290,7.318897247314453
114, 8184, 8205, 8171, 8154, 8179, 8156, 8119, 8155, 8129, 8201, 8108, 8175, 8185, 8286,7.3269007205963135
115, 8164, 8195, 8153, 8154, 8171, 8151, 8126, 8156, 8137, 8190, 8096, 8162, 8182, 8275,7.334823131561279
116, 8160, 8196, 8179, 8149, 8189, 8146, 8129, 8165, 8137, 8184, 8084, 8168, 8176, 8264,7.342875242233276
117, 8150, 8181, 8157, 8131, 8164, 8148, 8139, 8173, 8144, 8197, 8092, 8169, 8181, 8265,7.349690914154053
118, 8129, 8175, 8131, 8121, 8154, 8146, 8152, 8169, 8153, 8199, 8093, 8152, 8178, 8254,7.357774496078491
119, 8147, 8196, 8200, 8140, 8182, 8148, 8153, 8185, 8155, 8189, 8088, 8169, 8165, 8250,7.365691661834717
120, 8162, 8187, 8148, 8155, 8132, 8148, 8169, 8184, 8173, 8195, 8110, 8180, 8177, 8278,7.373638153076172
121, 8163, 8201, 8176, 8147, 8198, 8144, 8168, 8188, 8173, 8200, 8119, 8174, 8180, 8278,7.381699323654175
122, 8154, 8213, 8220, 8150, 8235, 8143, 8157, 8189, 8166, 8199, 8124, 8186, 8180, 8260,7.389712333679199
123, 8131, 8195, 8127, 8171, 8176, 8152, 8164, 8158, 8179, 8199, 8136, 8178, 8193, 8254,7.397634267807007
124, 8140, 8213, 8163, 8185, 8213, 8159, 8158, 8149, 8165, 8186, 8124, 8159, 8176, 8237,7.405665397644043
125, 8147, 8218, 8161, 8186, 8188, 8151, 8138, 8134, 8144, 8183, 8131, 8162, 8177, 8235,7.413752317428589
126, 8151, 8221, 8170, 8200, 8192, 8156, 8119, 8131, 8138, 8194, 8153, 8188, 8201, 8261,7.42088508605957
127, 8184, 8244, 8221, 8239, 8213, 8180, 8125, 8152, 8146, 8203, 8172, 8215, 8225, 8304,7.428870677947998
237, 8212, 8261, 8182, 8258, 8186, 8183, 8136, 8150, 8169, 8209, 8187, 8206, 8250, 8326,7.436868190765381
0, 8217, 8265, 8206, 8241, 8213, 8158, 8106, 8151, 8164, 8210, 8169, 8192, 8238, 8303,7.44586968421936
1, 8184, 8227, 8156, 8224, 8173, 8135, 8087, 8136, 8138, 8204, 8149, 8177, 8216, 8285,7.452869176864624
2, 8161, 8216, 8163, 8213, 8196, 8140, 8096, 8137, 8115, 8185, 8118, 8161, 8191, 8264,7.460812330245972
3, 8150, 8211, 8203, 8194, 8194, 8162, 8110, 8153, 8116, 8167, 8092, 8162, 8161, 8233,7.468871593475342
4, 8130, 8185, 8115, 8174, 8124, 8176, 8134, 8139, 8137, 8172, 8109, 8159, 8162, 8227,7.476878881454468
5, 8156, 8211, 8202, 8172, 8208, 8178, 8148, 8170, 8132, 8174, 8113, 8167, 8163, 8231,7.48381233215332
6, 8160, 8203, 8200, 8173, 8176, 8165, 8161, 8190, 8137, 8166, 8095, 8163, 8155, 8226,7.491861820220947
7, 8129, 8176, 8102, 8164, 8118, 8161, 8176, 8173, 8157, 8164, 8091, 8145, 8150, 8219,7.499846458435059
8, 8150, 8195, 8182, 8164, 8191, 8176, 8178, 8182, 8157, 8165, 8108, 8165, 8157, 8234,7.507633209228516
9, 8174, 8200, 8187, 8178, 8179, 8176, 8174, 8179, 8156, 8168, 8122, 8178, 8177, 8262,7.515646934509277
10, 8175, 8204, 8157, 8193, 8161, 8178, 8154, 8170, 8166, 8174, 8125, 8176, 8185, 8267,7.523825407028198
11, 8193, 8232, 8191, 8207, 8179, 8189, 8134, 8162, 8170, 8178, 8145, 8187, 8203, 8272,7.531675100326538
12, 8232, 8261, 8241, 8229, 8211, 8190, 8123, 8157, 8161, 8178, 8162, 8205, 8223, 8296,7.539639711380005
13, 8243, 8253, 8194, 8238, 8168, 8193, 8129, 8156, 8173, 8191, 8170, 8210, 8241, 8320,7.546815395355225
14, 8224, 8240, 8131, 8234, 8142, 8203, 8142, 8152, 8201, 8206, 8168, 8197, 8252, 8333,7.5547051429748535
15, 8233, 8268, 8233, 8237, 8231, 8214, 8141, 8170, 8183, 8194, 8147, 8196, 8233, 8327,7.562795639038086
16, 8212, 8230, 8153, 8208, 8157, 8206, 8156, 8157, 8160, 8185, 8141, 8183, 8230, 8311,7.570730924606323
17, 8173, 8190, 8119, 8147, 8149, 8186, 8156, 8155, 8149, 8180, 8121, 8162, 8205, 8273,7.578745126724243
18, 8170, 8198, 8287, 8117, 8247, 8176, 8143, 8196, 8133, 8155, 8073, 8162, 8133, 8225,7.58668851852417
19, 8143, 8161, 8150, 8130, 8122, 8188, 8181, 8182, 8160, 8153, 8082, 8157, 8132, 8218,7.594749689102173
20, 8125, 8152, 8040, 8133, 8087, 8210, 8209, 8171, 8196, 8171, 8118, 8161, 8185, 8236,7.602742910385132
21, 8141, 8178, 8151, 8127, 8184, 8214, 8194, 8193, 8198, 8175, 8110, 8169, 8190, 8248,7.61080265045166
22, 8161, 8196, 8197, 8149, 8201, 8212, 8189, 8196, 8196, 8175, 8099, 8164, 8172, 8255,7.617719650268555
23, 8191, 8218, 8194, 8174, 8180, 8211, 8187, 8191, 8203, 8182, 8123, 8175, 8184, 8262,7.6256701946258545
24, 8196, 8216, 8150, 8171, 8161, 8208, 8170, 8171, 8208, 8187, 8153, 8183, 8214, 8274,7.633573055267334
25, 8202, 8225, 8199, 8176, 8208, 8220, 8149, 8175, 8197, 8181, 8160, 8190, 8225, 8284,7.641608238220215
26, 8222, 8231, 8211, 8199, 8166, 8227, 8150, 8177, 8192, 8184, 8180, 8201, 8240, 8292,7.649686336517334
27, 8220, 8220, 8148, 8195, 8122, 8212, 8145, 8146, 8184, 8186, 8184, 8189, 8252, 8293,7.657717943191528
28, 8218, 8226, 8197, 8190, 8186, 8207, 8125, 8141, 8165, 8179, 8163, 8193, 8244, 8300,7.665800094604492
29, 8217, 8231, 8175, 8212, 8157, 8222, 8138, 8144, 8177, 8193, 8180, 8203, 8260, 8324,7.673715829849243
30, 8216, 8240, 8169, 8201, 8160, 8233, 8158, 8156, 8189, 8201, 8176, 8187, 8261, 8312,7.6809303760528564
31, 8212, 8229, 8192, 8168, 8173, 8226, 8169, 8173, 8183, 8184, 8147, 8182, 8240, 8291,7.6888744831085205
32, 8195, 8202, 8137, 8163, 8145, 8214, 8184, 8174, 8184, 8176, 8149, 8181, 8232, 8303,7.696831941604614
33, 8199, 8216, 8188, 8175, 8184, 8215, 8189, 8196, 8183, 8176, 8149, 8185, 8216, 8297,7.704890012741089
34, 8197, 8214, 8180, 8174, 8146, 8210, 8194, 8202, 8191, 8177, 8148, 8181, 8212, 8283,7.712668418884277
35, 8190, 8204, 8174, 8157, 8149, 8200, 8185, 8197, 8194, 8175, 8144, 8173, 8204, 8275,7.720859050750732
36, 8189, 8188, 8176, 8139, 8159, 8203, 8172, 8195, 8188, 8172, 8134, 8175, 8181, 8267,7.728888034820557
37, 8178, 8180, 8113, 8142, 8132, 8212, 8176, 8180, 8197, 8173, 8128, 8161, 8173, 8256,7.736749649047852
38, 8189, 8221, 8233, 8163, 8212, 8218, 8163, 8202, 8198, 8173, 8111, 8167, 8162, 8228,7.744897842407227
39, 8178, 8210, 8217, 8158, 8159, 8220, 8166, 8193, 8206, 8173, 8109, 8175, 8167, 8229,7.751723051071167
40, 8169, 8193, 8118, 8155, 8113, 8216, 8182, 8159, 8210, 8171, 8122, 8170, 8181, 8254,7.759753704071045
41, 8201, 8223, 8165, 8186, 8155, 8212, 8192, 8163, 8188, 8170, 8141, 8184, 8189, 8268,7.767750024795532
42, 8193, 8220, 8154, 8187, 8143, 8219, 8202, 8151, 8173, 8160, 8139, 8175, 8182, 8258,7.775797605514526
43, 8165, 8215, 8207, 8166, 8194, 8235, 8193, 8155, 8160, 8144, 8111, 8160, 8151, 8220,7.783707857131958
44, 8155, 8206, 8182, 8173, 8173, 8236, 8205, 8165, 8174, 8164, 8127, 8164, 8169, 8222,7.79186224937439
45, 8162, 8216, 8139, 8200, 8163, 8253, 8229, 8179, 8219, 8201, 8154, 8173, 8213, 8257,7.799865007400513
46, 8176, 8230, 8210, 8210, 8197, 8277, 8218, 8203, 8237, 8205, 8143, 8185, 8215, 8276,7.8080971240997314
47, 8170, 8207, 8175, 8198, 8160, 8264, 8206, 8180, 8234, 8193, 8131, 8181, 8212, 8287,7.814614295959473
48, 8161, 8207, 8141, 8181, 8169, 8251, 8205, 8157, 8230, 8192, 8120, 8176, 8209, 8283,7.822725296020508
49, 8137, 8193, 8121, 8158, 8148, 8252, 8196, 8151, 8215, 8185, 8100, 8162, 8181, 8254,7.830705881118774
50, 8111, 8165, 8139, 8131, 8154, 8236, 8174, 8156, 8183, 8167, 8070, 8142, 8145, 8217,7.838781118392944
51, 8101, 8157, 8171, 8112, 8174, 8224, 8176, 8168, 8178, 8158, 8050, 8145, 8133, 8203,7.846695899963379
52, 8084, 8147, 8113, 8103, 8129, 8230, 8200, 8169, 8206, 8164, 8059, 8140, 8138, 8212,7.8548359870910645
53, 8098, 8161, 8176, 8112, 8169, 8239, 8206, 8200, 8209, 8164, 8074, 8146, 8129, 8216,7.8628294467926025
54, 8113, 8159, 8183, 8126, 8155, 8235, 8218, 8205, 8206, 8169, 8092, 8161, 8138, 8227,7.870729207992554
55, 8109, 8159, 8135, 8128, 8143, 8222, 8217, 8176, 8204, 8173, 8094, 8153, 8157, 8229,7.878829002380371
56, 8128, 8179, 8216, 8124, 8191, 8216, 8192, 8184, 8190, 8164, 8088, 8163, 8151, 8222,7.88567852973938
57, 8135, 8174, 8164, 8142, 8123, 8212, 8188, 8176, 8194, 8172, 8117, 8180, 8165, 8244,7.893762588500977
58, 8145, 8191, 8161, 8166, 8143, 8211, 8188, 8160, 8184, 8172, 8141, 8185, 8179, 8260,7.901848554611206
59, 8161, 8206, 8201, 8165, 8180, 8212, 8188, 8157, 8168, 8163, 8136, 8184, 8179, 8260,7.90971040725708
60, 8158, 8207, 8196, 8164, 8187, 8208, 8188, 8164, 8173, 8164, 8124, 8176, 8177, 8267,7.917750358581543
61, 8166, 8216, 8263, 8171, 8220, 8207, 8182, 8188, 8171, 8167, 8126, 8188, 8176, 8268,7.925740957260132
62, 8141, 8181, 8145, 8162, 8130, 8206, 8194, 8163, 8176, 8167, 8145, 8175, 8189, 8257,7.933605432510376
63, 8114, 8171, 8082, 8157, 8117, 8209, 8194, 8145, 8180, 8165, 8137, 8147, 8177, 8241,7.941805601119995
64, 8125, 8186, 8152, 8161, 8143, 8211, 8179, 8157, 8180, 8170, 8128, 8154, 8162, 8239,7.948869943618774
65, 8136, 8189, 8177, 8145, 8156, 8209, 8173, 8159, 8173, 8168, 8123, 8165, 8155, 8231,7.956900119781494
66, 8141, 8201, 8238, 8139, 8209, 8212, 8167, 8181, 8159, 8154, 8113, 8173, 8141, 8217,7.964820384979248
67, 8131, 8180, 8163, 8157, 8138, 8214, 8177, 8176, 8177, 8161, 8131, 8168, 8162, 8237,7.972827434539795
68, 8136, 8178, 8130, 8161, 8134, 8208, 8175, 8161, 8174, 8168, 8124, 8156, 8169, 8234,7.980863571166992
69, 8140, 8193, 8184, 8142, 8176, 8189, 8156, 8158, 8137, 8150, 8097, 8154, 8136, 8196,7.988659620285034
70, 8137, 8191, 8160, 8153, 8138, 8187, 8157, 8148, 8138, 8141, 8115, 8161, 8135, 8201,7.996716260910034
71, 8160, 8201, 8173, 8188, 8146, 8208, 8171, 8158, 8157, 8157, 8134, 8183, 8157, 8244,8.004905939102173
72, 8162, 8194, 8153, 8175, 8154, 8204, 8172, 8154, 8153, 8158, 8121, 8182, 8164, 8263,8.012810945510864
73, 8150, 8200, 8172, 8150, 8186, 8195, 8156, 8155, 8144, 8147, 8113, 8174, 8159, 8252,8.019744873046875
74, 8164, 8220, 8211, 8172, 8188, 8211, 8162, 8175, 8153, 8157, 8140, 8190, 8172, 8262,8.027885437011719
75, 8174, 8223, 8166, 8199, 8158, 8216, 8184, 8176, 8164, 8174, 8153, 8189, 8193, 8276,8.035682916641235
76, 8178, 8223, 8195, 8193, 8190, 8204, 8188, 8193, 8165, 8177, 8129, 8183, 8185, 8267,8.04389214515686
77, 8163, 8202, 8159, 8175, 8143, 8205, 8202, 8200, 8177, 8172, 8132, 8179, 8187, 8282,8.051732063293457
78, 8153, 8206, 8178, 8167, 8170, 8213, 8216, 8196, 8178, 8156, 8127, 8174, 8179, 8278,8.059651851654053
79, 8160, 8204, 8242, 8163, 8208, 8203, 8200, 8193, 8169, 8145, 8089, 8175, 8154, 8244,8.067887306213379
80, 8151, 8166, 8125, 8154, 8110, 8180, 8191, 8164, 8171, 8153, 8090, 8166, 8157, 8256,8.07490348815918
81, 8171, 8183, 8145, 8155, 8135, 8173, 8181, 8171, 8157, 8153, 8118, 8176, 8165, 8288,8.082796096801758
82, 8193, 8202, 8194, 8168, 8161, 8176, 8173, 8181, 8150, 8154, 8134, 8190, 8174, 8291,8.0907883644104
83, 8180, 8195, 8167, 8167, 8159, 8176, 8173, 8170, 8156, 8155, 8121, 8175, 8163, 8270,8.098739624023438
84, 8183, 8203, 8214, 8165, 8180, 8173, 8164, 8182, 8145, 8144, 8107, 8173, 8139, 8264,8.106875658035278
85, 8200, 8206, 8189, 8180, 8142, 8180, 8173, 8180, 8152, 8149, 8127, 8183, 8159, 8290,8.114707469940186
86, 8218, 8220, 8173, 8193, 8150, 8198, 8182, 8167, 8169, 8158, 8143, 8192, 8189, 8309,8.122723817825317
87, 8224, 8225, 8154, 8209, 8128, 8192, 8170, 8143, 8170, 8161, 8149, 8202, 8209, 8316,8.130855798721313
88, 8229, 8241, 8184, 8223, 8155, 8171, 8144, 8140, 8149, 8164, 8148, 8202, 8210, 8307,8.13863492012024
89, 8236, 8243, 8218, 8212, 8172, 8163, 8128, 8153, 8127, 8162, 8149, 8199, 8201, 8299,8.14577841758728
90, 8220, 8216, 8136, 8200, 8116, 8163, 8138, 8135, 8138, 8153, 8148, 8193, 8209, 8321,8.15388536453247
91, 8238, 8249, 8258, 8206, 8228, 8177, 8141, 8169, 8140, 8149, 8123, 8211, 8201, 8330,8.161692142486572
92, 8243, 8247, 8269, 8201, 8219, 8192, 8171, 8206, 8142, 8164, 8131, 8218, 8203, 8328,8.16989016532898
93, 8195, 8196, 8079, 8182, 8096, 8179, 8215, 8181, 8166, 8170, 8155, 8183, 8221, 8324,8.177886962890625
94, 8183, 8211, 8138, 8172, 8153, 8170, 8223, 8197, 8178, 8163, 8151, 8177, 8219, 8312,8.185664176940918
95, 8191, 8224, 8188, 8177, 8185, 8189, 8237, 8229, 8197, 8175, 8148, 8188, 8219, 8315,8.19382929801941
96, 8172, 8215, 8143, 8187, 8173, 8207, 8257, 8227, 8213, 8182, 8129, 8173, 8206, 8301,8.201661348342896
97, 8137, 8215, 8135, 8185, 8162, 8203, 8260, 8205, 8214, 8171, 8108, 8154, 8178, 8254,8.208657026290894
98, 8141, 8231, 8171, 8188, 8179, 8204, 8247, 8192, 8211, 8174, 8115, 8151, 8175, 8233,8.216829299926758
99, 8182, 8250, 8214, 8214, 8205, 8225, 8241, 8209, 8206, 8184, 8129, 8180, 8198, 8271,8.224865198135376
100, 8185, 8244, 8122, 8232, 8157, 8239, 8254, 8194, 8221, 8185, 8152, 8194, 8233, 8323,8.233894348144531
100, 8185, 8244, 8122, 8232, 8157, 8239, 8254, 8194, 8221, 8185, 8152, 8194, 8233, 8323,8.242838382720947
101, 8207, 8274, 8174, 8245, 8206, 8236, 8247, 8187, 8225, 8187, 8169, 8204, 8243, 8336,8.248725891113281
102, 8248, 8293, 8242, 8265, 8200, 8229, 8236, 8199, 8217, 8197, 8169, 8222, 8243, 8336,8.256801843643188
103, 8246, 8285, 8161, 8281, 8150, 8229, 8250, 8191, 8235, 8210, 8177, 8216, 8265, 8356,8.264790773391724
104, 8260, 8313, 8249, 8295, 8250, 8235, 8250, 8204, 8247, 8209, 8190, 8224, 8273, 8378,8.272757291793823
105, 8267, 8306, 8244, 8297, 8224, 8220, 8234, 8192, 8246, 8213, 8192, 8227, 8278, 8389,8.279713153839111
106, 8254, 8288, 8146, 8287, 8161, 8209, 8223, 8171, 8246, 8224, 8183, 8209, 8282, 8382,8.288001775741577
107, 8273, 8302, 8173, 8281, 8184, 8218, 8225, 8185, 8251, 8219, 8174, 8216, 8284, 8381,8.29581332206726
108, 8282, 8298, 8183, 8266, 8190, 8215, 8237, 8201, 8251, 8213, 8155, 8213, 8278, 8382,8.303735971450806
109, 8258, 8286, 8203, 8231, 8198, 8196, 8235, 8209, 8229, 8202, 8123, 8187, 8240, 8349,8.311591625213623
110, 8228, 8267, 8157, 8216, 8146, 8185, 8238, 8192, 8221, 8188, 8124, 8171, 8219, 8328,8.319671869277954
111, 8222, 8270, 8161, 8225, 8163, 8192, 8242, 8197, 8227, 8186, 8132, 8182, 8223, 8329,8.327735900878906
112, 8223, 8270, 8194, 8221, 8171, 8191, 8242, 8215, 8233, 8194, 8129, 8191, 8217, 8327,8.33472990989685
113, 8212, 8251, 8140, 8217, 8128, 8182, 8250, 8201, 8245, 8195, 8134, 8175, 8213, 8330,8.342726230621338
114, 8225, 8273, 8203, 8222, 8189, 8189, 8247, 8210, 8243, 8193, 8130, 8180, 8211, 8332,8.350801944732666
115, 8223, 8281, 8188, 8223, 8160, 8194, 8253, 8200, 8237, 8200, 8134, 8183, 8218, 8333,8.358694314956665
116, 8212, 8283, 8158, 8229, 8156, 8189, 8255, 8176, 8226, 8192, 8125, 8168, 8210, 8321,8.366655111312866
117, 8221, 8291, 8233, 8233, 8213, 8193, 8244, 8186, 8213, 8178, 8100, 8175, 8198, 8310,8.374813795089722
118, 8202, 8262, 8161, 8220, 8155, 8199, 8249, 8173, 8222, 8185, 8108, 8175, 8214, 8320,8.382678985595703
119, 8192, 8266, 8153, 8223, 8155, 8201, 8246, 8171, 8225, 8198, 8127, 8172, 8225, 8319,8.38958215713501
120, 8207, 8274, 8181, 8241, 8156, 8210, 8252, 8178, 8229, 8206, 8129, 8180, 8234, 8309,8.39874792098999
121, 8216, 8270, 8173, 8237, 8157, 8214, 8262, 8176, 8243, 8207, 8115, 8184, 8245, 8309,8.40569519996643
122, 8218, 8270, 8197, 8226, 8176, 8210, 8262, 8180, 8248, 8204, 8111, 8188, 8245, 8325,8.413668394088745
123, 8206, 8252, 8146, 8216, 8141, 8200, 8275, 8178, 8253, 8195, 8119, 8177, 8236, 8326,8.42165756225586
124, 8207, 8256, 8193, 8210, 8182, 8201, 8273, 8199, 8242, 8181, 8101, 8171, 8205, 8296,8.42966628074646
125, 8191, 8251, 8181, 8220, 8166, 8201, 8254, 8192, 8240, 8180, 8088, 8166, 8194, 8280,8.437900304794312
126, 8165, 8246, 8145, 8208, 8172, 8181, 8230, 8169, 8239, 8182, 8083, 8157, 8189, 8273,8.445666551589966
127, 8182, 8244, 8226, 8168, 8209, 8167, 8215, 8195, 8225, 8172, 8074, 8174, 8169, 8267,8.453563928604126
237, 8174, 8212, 8137, 8160, 8104, 8167, 8228, 8193, 8236, 8169, 8078, 8169, 8168, 8285,8.460620403289795
0, 8157, 8227, 8153, 8184, 8148, 8178, 8226, 8186, 8229, 8164, 8059, 8150, 8147, 8272,8.46972918510437
1, 8166, 8238, 8233, 8182, 8217, 8174, 8221, 8199, 8214, 8163, 8049, 8160, 8128, 8249,8.476638793945312
2, 8174, 8216, 8146, 8175, 8150, 8167, 8242, 8195, 8232, 8173, 8078, 8169, 8156, 8277,8.48473334312439
3, 8185, 8239, 8142, 8198, 8134, 8185, 8257, 8191, 8244, 8183, 8105, 8178, 8186, 8301,8.492797613143921
4, 8182, 8263, 8159, 8219, 8155, 8185, 8247, 8171, 8236, 8188, 8121, 8179, 8203, 8292,8.50076937675476
5, 8192, 8271, 8215, 8217, 8216, 8165, 8212, 8165, 8219, 8179, 8118, 8181, 8205, 8278,8.508849859237671
6, 8216, 8259, 8199, 8227, 8157, 8171, 8215, 8168, 8229, 8190, 8138, 8200, 8228, 8306,8.51663088798523
7, 8225, 8264, 8148, 8249, 8122, 8186, 8236, 8155, 8236, 8211, 8159, 8206, 8263, 8344,8.52489972114563
8, 8223, 8288, 8238, 8239, 8220, 8173, 8210, 8160, 8199, 8193, 8122, 8198, 8236, 8319,8.53190279006958
9, 8189, 8252, 8170, 8207, 8161, 8153, 8203, 8155, 8191, 8182, 8105, 8179, 8216, 8290,8.539640188217163
10, 8181, 8243, 8159, 8189, 8157, 8166, 8225, 8178, 8212, 8194, 8109, 8175, 8221, 8291,8.547841787338257
11, 8184, 8246, 8213, 8174, 8194, 8178, 8234, 8205, 8210, 8191, 8095, 8180, 8212, 8290,8.555842638015747
12, 8141, 8204, 8117, 8150, 8138, 8164, 8235, 8186, 8208, 8183, 8085, 8156, 8203, 8282,8.563676118850708
13, 8136, 8202, 8153, 8150, 8162, 8167, 8231, 8195, 8208, 8182, 8075, 8156, 8187, 8272,8.57176661491394
14, 8161, 8222, 8182, 8179, 8158, 8192, 8240, 8201, 8214, 8182, 8072, 8170, 8176, 8270,8.579676628112793
15, 8162, 8232, 8152, 8192, 8156, 8198, 8244, 8191, 8217, 8178, 8073, 8161, 8167, 8264,8.5880446434021
16, 8151, 8222, 8140, 8177, 8150, 8181, 8243, 8194, 8214, 8173, 8067, 8153, 8162, 8254,8.595638275146484
17, 8153, 8212, 8132, 8180, 8141, 8175, 8254, 8195, 8219, 8174, 8063, 8153, 8163, 8246,8.602753400802612
18, 8181, 8242, 8210, 8201, 8200, 8194, 8252, 8202, 8220, 8179, 8081, 8164, 8164, 8247,8.610882997512817
19, 8186, 8249, 8186, 8194, 8170, 8198, 8241, 8178, 8210, 8182, 8102, 8168, 8172, 8271,8.618822574615479
20, 8184, 8250, 8170, 8193, 8175, 8186, 8220, 8158, 8197, 8175, 8101, 8169, 8174, 8282,8.626887798309326
21, 8203, 8267, 8205, 8236, 8201, 8182, 8204, 8170, 8204, 8183, 8120, 8181, 8202, 8290,8.634807348251343
22, 8207, 8267, 8164, 8257, 8168, 8179, 8205, 8162, 8208, 8193, 8141, 8178, 8239, 8310,8.642616510391235
23, 8217, 8279, 8233, 8234, 8219, 8169, 8201, 8173, 8176, 8182, 8126, 8183, 8220, 8313,8.650884628295898
24, 8218, 8263, 8210, 8218, 8191, 8166, 8212, 8187, 8175, 8184, 8127, 8190, 8208, 8311,8.658684968948364
25, 8193, 8237, 8128, 8196, 8150, 8178, 8230, 8188, 8193, 8191, 8133, 8171, 8215, 8291,8.665637254714966
26, 8166, 8226, 8166, 8161, 8176, 8174, 8239, 8204, 8186, 8180, 8112, 8156, 8193, 8262,8.673717737197876
27, 8139, 8210, 8148, 8149, 8166, 8155, 8247, 8197, 8188, 8174, 8097, 8148, 8170, 8256,8.68193769454956
28, 8140, 8221, 8175, 8151, 8188, 8154, 8234, 8187, 8178, 8169, 8084, 8152, 8141, 8238,8.68974232673645
29, 8140, 8209, 8156, 8142, 8137, 8155, 8214, 8166, 8162, 8149, 8087, 8152, 8121, 8220,8.697633981704712
30, 8145, 8207, 8142, 8142, 8136, 8147, 8202, 8147, 8155, 8139, 8110, 8156, 8131, 8235,8.705749273300171
31, 8183, 8244, 8210, 8176, 8190, 8145, 8181, 8147, 8140, 8147, 8122, 8184, 8148, 8263,8.713863372802734
32, 8198, 8253, 8160, 8202, 8142, 8142, 8160, 8133, 8146, 8155, 8131, 8188, 8166, 8284,8.721648693084717
33, 8205, 8263, 8193, 8203, 8174, 8149, 8144, 8154, 8164, 8160, 8144, 8187, 8177, 8291,8.72984790802002
34, 8204, 8257, 8198, 8214, 8168, 8156, 8152, 8167, 8178, 8176, 8163, 8200, 8197, 8298,8.73685908317566
35, 8189, 8254, 8152, 8235, 8153, 8151, 8155, 8144, 8181, 8185, 8158, 8191, 8203, 8293,8.744810342788696
36, 8202, 8278, 8228, 8250, 8213, 8157, 8132, 8162, 8177, 8181, 8144, 8189, 8199, 8283,8.752716302871704
37, 8197, 8262, 8187, 8250, 8179, 8160, 8128, 8165, 8183, 8187, 8147, 8190, 8217, 8301,8.760856628417969
38, 8187, 8254, 8177, 8242, 8191, 8149, 8135, 8158, 8179, 8183, 8130, 8185, 8204, 8306,8.772856712341309
39, 8185, 8255, 8196, 8223, 8189, 8150, 8159, 8170, 8178, 8174, 8124, 8185, 8185, 8292,8.77882432937622
40, 8164, 8245, 8153, 8215, 8155, 8154, 8188, 8174, 8180, 8172, 8126, 8173, 8188, 8272,8.784825325012207
41, 8154, 8240, 8167, 8218, 8172, 8147, 8188, 8172, 8154, 8162, 8096, 8169, 8163, 8252,8.792669773101807
42, 8154, 8221, 8134, 8206, 8149, 8138, 8180, 8152, 8135, 8153, 8074, 8159, 8129, 8246,8.799693584442139
43, 8163, 8224, 8177, 8196, 8186, 8142, 8174, 8153, 8121, 8142, 8063, 8154, 8108, 8226,8.807770729064941
44, 8148, 8220, 8174, 8189, 8169, 8139, 8160, 8147, 8102, 8132, 8057, 8156, 8099, 8206,8.81580114364624
45, 8131, 8211, 8114, 8181, 8137, 8121, 8135, 8128, 8098, 8136, 8062, 8147, 8099, 8204,8.823807001113892
46, 8163, 8232, 8211, 8186, 8195, 8119, 8125, 8167, 8117, 8147, 8082, 8167, 8115, 8214,8.831785678863525
47, 8170, 8224, 8175, 8194, 8148, 8121, 8152, 8176, 8141, 8148, 8116, 8182, 8151, 8236,8.839752197265625
48, 8161, 8226, 8154, 8188, 8163, 8116, 8154, 8153, 8119, 8133, 8097, 8168, 8138, 8237,8.84767460823059
49, 8173, 8242, 8210, 8188, 8195, 8109, 8141, 8155, 8101, 8132, 8074, 8168, 8118, 8243,8.855703592300415
50, 8166, 8233, 8152, 8204, 8132, 8098, 8153, 8150, 8127, 8151, 8113, 8169, 8154, 8263,8.863671779632568
51, 8154, 8236, 8173, 8203, 8163, 8096, 8148, 8153, 8129, 8151, 8127, 8171, 8162, 8245,8.870807647705078
52, 8146, 8224, 8171, 8190, 8171, 8101, 8142, 8152, 8114, 8146, 8106, 8173, 8148, 8234,8.878816366195679
53, 8170, 8237, 8177, 8196, 8177, 8107, 8151, 8170, 8129, 8158, 8108, 8180, 8164, 8268,8.886888980865479
54, 8192, 8246, 8205, 8200, 8183, 8111, 8153, 8197, 8163, 8173, 8137, 8197, 8194, 8290,8.895770788192749
55, 8154, 8214, 8146, 8180, 8154, 8109, 8154, 8186, 8176, 8179, 8142, 8183, 8202, 8269,8.902785301208496
56, 8124, 8210, 8187, 8164, 8197, 8107, 8150, 8187, 8157, 8173, 8110, 8166, 8174, 8247,8.910658597946167
57, 8123, 8202, 8162, 8158, 8167, 8111, 8160, 8178, 8165, 8166, 8100, 8162, 8167, 8257,8.918758869171143
58, 8137, 8212, 8149, 8158, 8168, 8125, 8161, 8171, 8178, 8164, 8110, 8161, 8168, 8253,8.926698684692383
59, 8147, 8236, 8214, 8170, 8187, 8129, 8163, 8182, 8164, 8165, 8118, 8173, 8150, 8236,8.933832883834839
60, 8126, 8215, 8146, 8172, 8124, 8122, 8184, 8164, 8166, 8171, 8130, 8174, 8156, 8241,8.94165849685669
61, 8127, 8209, 8171, 8169, 8166, 8126, 8183, 8162, 8165, 8164, 8129, 8180, 8165, 8247,8.949763774871826
62, 8134, 8201, 8188, 8170, 8163, 8123, 8173, 8168, 8163, 8154, 8134, 8179, 8161, 8245,8.957715272903442
63, 8132, 8201, 8159, 8180, 8140, 8115, 8177, 8170, 8173, 8161, 8151, 8170, 8153, 8233,8.965672492980957
64, 8169, 8236, 8220, 8216, 8154, 8120, 8174, 8181, 8177, 8177, 8178, 8194, 8167, 8244,8.97369647026062
65, 8209, 8266, 8215, 8276, 8131, 8118, 8161, 8168, 8184, 8187, 8222, 8216, 8224, 8295,8.981805801391602
66, 8218, 8286, 8234, 8301, 8184, 8115, 8134, 8171, 8189, 8185, 8238, 8224, 8249, 8316,8.989760637283325
67, 8191, 8259, 8206, 8271, 8165, 8119, 8128, 8173, 8187, 8182, 8223, 8222, 8230, 8304,8.99782109260559
68, 8171, 8232, 8171, 8244, 8134, 8115, 8139, 8165, 8172, 8174, 8192, 8202, 8204, 8289,9.004547834396362
69, 8178, 8224, 8215, 8232, 8164, 8102, 8151, 8178, 8155, 8158, 8168, 8189, 8191, 8276,9.012859344482422
70, 8162, 8188, 8158, 8214, 8132, 8106, 8185, 8180, 8170, 8162, 8183, 8188, 8213, 8284,9.020663261413574
71, 8157, 8184, 8186, 8198, 8180, 8130, 8205, 8196, 8179, 8164, 8177, 8203, 8210, 8283,9.028722047805786
72, 8164, 8191, 8190, 8192, 8161, 8132, 8200, 8193, 8168, 8151, 8136, 8194, 8176, 8263,9.036726236343384
73, 8162, 8194, 8139, 8191, 8121, 8116, 8190, 8169, 8157, 8151, 8121, 8165, 8161, 8250,9.044811487197876
74, 8181, 8211, 8226, 8204, 8191, 8123, 8177, 8191, 8150, 8162, 8150, 8188, 8181, 8269,9.05269479751587
75, 8184, 8198, 8177, 8216, 8157, 8136, 8180, 8185, 8164, 8178, 8184, 8207, 8225, 8307,9.060842990875244
76, 8191, 8210, 8147, 8208, 8160, 8129, 8163, 8156, 8168, 8189, 8179, 8194, 8238, 8313,9.067731380462646
77, 8216, 8227, 8202, 8209, 8190, 8114, 8128, 8143, 8162, 8189, 8166, 8199, 8237, 8313,9.075875282287598
78, 8213, 8213, 8175, 8210, 8168, 8112, 8117, 8135, 8165, 8180, 8160, 8200, 8246, 8333,9.083848714828491
79, 8203, 8212, 8177, 8208, 8167, 8119, 8130, 8157, 8177, 8187, 8154, 8191, 8249, 8340,9.09153699874878
80, 8188, 8214, 8137, 8214, 8139, 8125, 8151, 8165, 8199, 8205, 8158, 8176, 8248, 8324,9.099693298339844
81, 8182, 8223, 8170, 8209, 8186, 8135, 8151, 8180, 8199, 8197, 8144, 8174, 8231, 8302,9.107844591140747
82, 8179, 8209, 8181, 8180, 8178, 8137, 8159, 8203, 8194, 8192, 8137, 8183, 8227, 8312,9.115690231323242
83, 8159, 8183, 8127, 8160, 8147, 8131, 8186, 8194, 8212, 8198, 8140, 8170, 8234, 8321,9.123844146728516
84, 8152, 8189, 8205, 8163, 8209, 8134, 8188, 8190, 8200, 8184, 8118, 8160, 8203, 8284,9.13092565536499
85, 8127, 8161, 8150, 8147, 8146, 8115, 8179, 8154, 8165, 8169, 8108, 8147, 8179, 8250,9.138881206512451
86, 8105, 8150, 8114, 8123, 8133, 8092, 8158, 8119, 8139, 8165, 8116, 8137, 8177, 8240,9.146674633026123
87, 8121, 8169, 8187, 8127, 8166, 8101, 8129, 8119, 8125, 8162, 8130, 8157, 8179, 8246,9.154833316802979
88, 8138, 8171, 8143, 8147, 8113, 8103, 8122, 8112, 8120, 8153, 8141, 8165, 8184, 8261,9.162813663482666
89, 8165, 8196, 8178, 8163, 8157, 8088, 8122, 8135, 8111, 8146, 8134, 8168, 8173, 8268,9.17079782485962
90, 8176, 8215, 8200, 8181, 8177, 8083, 8128, 8170, 8129, 8163, 8142, 8177, 8185, 8282,9.17869257926941
91, 8170, 8227, 8191, 8192, 8172, 8093, 8125, 8185, 8156, 8179, 8145, 8176, 8203, 8293,9.186850547790527
92, 8178, 8225, 8187, 8187, 8158, 8090, 8117, 8178, 8166, 8170, 8131, 8172, 8196, 8286,9.193883895874023
93, 8176, 8207, 8135, 8189, 8130, 8089, 8124, 8154, 8177, 8170, 8122, 8162, 8181, 8275,9.20188307762146
94, 8176, 8226, 8193, 8199, 8183, 8114, 8132, 8162, 8182, 8181, 8125, 8171, 8178, 8271,9.209752559661865
95, 8174, 8222, 8153, 8194, 8161, 8126, 8149, 8162, 8195, 8184, 8153, 8176, 8211, 8292,9.217658042907715
96, 8184, 8226, 8180, 8181, 8212, 8120, 8142, 8169, 8179, 8171, 8151, 8166, 8200, 8288,9.225664854049683
97, 8181, 8235, 8283, 8175, 8247, 8106, 8119, 8188, 8141, 8159, 8121, 8162, 8147, 8249,9.233867645263672
98, 8117, 8178, 8111, 8138, 8104, 8082, 8133, 8158, 8155, 8161, 8124, 8134, 8146, 8239,9.24172067642212
99, 8096, 8166, 8071, 8107, 8114, 8074, 8147, 8163, 8170, 8157, 8125, 8126, 8151, 8242,9.24986481666565
100, 8123, 8197, 8180, 8133, 8169, 8082, 8141, 8187, 8158, 8148, 8124, 8152, 8135, 8237,9.257650136947632
101, 8118, 8202, 8177, 8156, 8161, 8083, 8131, 8175, 8149, 8146, 8125, 8149, 8122, 8225,9.26488995552063
102, 8104, 8192, 8157, 8145, 8157, 8086, 8130, 8175, 8143, 8145, 8111, 8140, 8114, 8216,9.272816181182861
103, 8104, 8187, 8131, 8143, 8137, 8090, 8144, 8174, 8144, 8145, 8108, 8142, 8122, 8225,9.280872106552124
104, 8124, 8214, 8188, 8166, 8184, 8097, 8148, 8186, 8154, 8150, 8125, 8153, 8133, 8233,9.288671255111694
105, 8138, 8216, 8183, 8178, 8162, 8109, 8153, 8186, 8175, 8165, 8155, 8164, 8153, 8247,9.296680927276611
106, 8140, 8211, 8151, 8175, 8141, 8110, 8161, 8175, 8185, 8175, 8169, 8168, 8167, 8262,9.304626703262329
107, 8141, 8219, 8192, 8161, 8174, 8107, 8161, 8191, 8184, 8174, 8166, 8173, 8161, 8268,9.312838077545166
108, 8137, 8207, 8152, 8156, 8151, 8114, 8167, 8193, 8199, 8181, 8170, 8166, 8165, 8273,9.320610523223877
109, 8155, 8224, 8211, 8170, 8202, 8129, 8159, 8197, 8207, 8180, 8159, 8171, 8159, 8260,9.327874422073364
110, 8146, 8220, 8208, 8165, 8169, 8124, 8154, 8198, 8211, 8177, 8157, 8169, 8155, 8249,9.335675239562988
111, 8121, 8201, 8109, 8159, 8102, 8108, 8169, 8193, 8222, 8182, 8156, 8150, 8167, 8257,9.34368109703064
112, 8141, 8219, 8184, 8158, 8173, 8108, 8183, 8213, 8222, 8174, 8129, 8158, 8159, 8256,9.351648807525635
113, 8123, 8198, 8162, 8131, 8164, 8116, 8200, 8195, 8221, 8164, 8117, 8141, 8135, 8226,9.35987639427185
114, 8072, 8173, 8127, 8101, 8152, 8119, 8197, 8173, 8205, 8160, 8110, 8109, 8099, 8176,9.36770749092102
115, 8061, 8178, 8164, 8100, 8153, 8103, 8173, 8166, 8182, 8157, 8110, 8127, 8085, 8166,9.37584137916565
116, 8081, 8186, 8146, 8124, 8133, 8086, 8154, 8131, 8169, 8153, 8133, 8150, 8105, 8193,9.383824586868286
117, 8118, 8212, 8179, 8151, 8163, 8095, 8132, 8125, 8161, 8151, 8161, 8164, 8129, 8209,9.390880107879639
118, 8131, 8214, 8165, 8159, 8150, 8108, 8115, 8131, 8171, 8161, 8174, 8178, 8150, 8225,9.398650884628296
119, 8138, 8228, 8201, 8157, 8178, 8115, 8102, 8146, 8177, 8170, 8161, 8184, 8151, 8243,9.406895875930786
120, 8146, 8240, 8188, 8177, 8150, 8121, 8119, 8155, 8190, 8178, 8164, 8178, 8168, 8259,9.414777994155884
121, 8140, 8232, 8137, 8181, 8134, 8120, 8136, 8149, 8203, 8187, 8170, 8166, 8193, 8263,9.422799348831177
122, 8160, 8240, 8274, 8159, 8237, 8115, 8121, 8179, 8178, 8172, 8137, 8185, 8166, 8249,9.43065619468689
123, 8149, 8209, 8211, 8149, 8154, 8111, 8139, 8174, 8171, 8158, 8126, 8181, 8148, 8254,9.438536882400513
124, 8115, 8190, 8073, 8150, 8086, 8105, 8167, 8153, 8191, 8161, 8140, 8148, 8157, 8264,9.4466073513031
125, 8133, 8215, 8154, 8146, 8159, 8096, 8150, 8169, 8184, 8161, 8135, 8152, 8143, 8264,9.454519271850586
126, 8164, 8226, 8192, 8157, 8164, 8092, 8143, 8169, 8177, 8157, 8131, 8168, 8141, 8269,9.461540937423706
127, 8165, 8228, 8190, 8166, 8167, 8098, 8147, 8160, 8181, 8155, 8131, 8164, 8147, 8253,9.46963620185852
237, 8139, 8210, 8166, 8136, 8155, 8089, 8129, 8140, 8174, 8154, 8124, 8145, 8131, 8225,9.481693506240845
0, 8119, 8197, 8175, 8113, 8170, 8074, 8104, 8120, 8149, 8147, 8111, 8138, 8106, 8206,9.485628128051758
1, 8123, 8200, 8181, 8143, 8156, 8080, 8108, 8107, 8146, 8141, 8120, 8158, 8110, 8214,9.49368953704834
2, 8131, 8210, 8141, 8165, 8134, 8091, 8123, 8089, 8168, 8146, 8133, 8160, 8121, 8229,9.501665592193604
3, 8142, 8227, 8208, 8145, 8204, 8098, 8115, 8110, 8162, 8142, 8119, 8155, 8096, 8216,9.509716987609863
4, 8123, 8196, 8161, 8139, 8155, 8101, 8136, 8123, 8167, 8147, 8133, 8158, 8108, 8215,9.517645120620728
5, 8114, 8201, 8151, 8156, 8159, 8109, 8156, 8133, 8195, 8162, 8150, 8163, 8144, 8239,9.52465271949768
6, 8132, 8237, 8247, 8157, 8209, 8112, 8134, 8157, 8186, 8167, 8131, 8175, 8143, 8249,9.532881259918213
7, 8108, 8200, 8123, 8144, 8115, 8104, 8141, 8147, 8186, 8167, 8137, 8167, 8160, 8260,9.54081106185913
8, 8115, 8195, 8145, 8146, 8173, 8121, 8165, 8178, 8208, 8173, 8156, 8169, 8181, 8261,9.548746824264526
9, 8134, 8199, 8206, 8145, 8201, 8131, 8171, 8194, 8211, 8172, 8134, 8160, 8157, 8240,9.556879043579102
10, 8110, 8175, 8136, 8132, 8149, 8107, 8165, 8160, 8185, 8156, 8098, 8129, 8113, 8220,9.564873218536377
11, 8107, 8179, 8166, 8130, 8173, 8101, 8161, 8159, 8168, 8151, 8115, 8145, 8118, 8226,9.572626113891602
12, 8104, 8177, 8146, 8125, 8161, 8108, 8156, 8140, 8167, 8160, 8152, 8161, 8151, 8224,9.580814361572266
13, 8109, 8184, 8211, 8107, 8213, 8098, 8127, 8126, 8133, 8145, 8145, 8163, 8127, 8190,9.587818145751953
14, 8126, 8167, 8213, 8102, 8171, 8096, 8120, 8129, 8121, 8140, 8157, 8181, 8130, 8220,9.595597743988037
15, 8143, 8166, 8119, 8124, 8110, 8118, 8134, 8123, 8155, 8166, 8195, 8191, 8184, 8286,9.603804111480713
16, 8155, 8208, 8168, 8138, 8174, 8131, 8131, 8134, 8169, 8178, 8193, 8195, 8198, 8284,9.611868381500244
17, 8131, 8195, 8162, 8120, 8173, 8119, 8130, 8130, 8172, 8177, 8189, 8185, 8203, 8264,9.619812488555908
18, 8145, 8199, 8209, 8125, 8201, 8117, 8121, 8148, 8171, 8186, 8204, 8192, 8218, 8283,9.627850770950317
19, 8189, 8228, 8219, 8159, 8179, 8119, 8126, 8170, 8186, 8204, 8214, 8202, 8237, 8320,9.635793209075928
20, 8184, 8219, 8153, 8150, 8151, 8119, 8143, 8171, 8215, 8209, 8200, 8182, 8247, 8318,9.643831968307495
21, 8158, 8192, 8201, 8111, 8199, 8127, 8144, 8200, 8224, 8199, 8179, 8177, 8227, 8281,9.651833534240723
22, 8127, 8153, 8157, 8089, 8144, 8123, 8159, 8204, 8216, 8187, 8167, 8161, 8194, 8262,9.658775568008423
23, 8091, 8133, 8081, 8070, 8109, 8118, 8187, 8182, 8202, 8171, 8121, 8121, 8141, 8234,9.666816473007202
24, 8070, 8122, 8105, 8050, 8154, 8136, 8202, 8178, 8198, 8161, 8080, 8105, 8106, 8191,9.674795866012573
25, 8072, 8127, 8164, 8061, 8197, 8152, 8200, 8188, 8201, 8166, 8102, 8129, 8120, 8193,9.682794332504272
26, 8095, 8142, 8181, 8076, 8173, 8141, 8199, 8196, 8198, 8169, 8141, 8159, 8140, 8231,9.6908597946167
27, 8105, 8131, 8100, 8066, 8100, 8130, 8205, 8174, 8202, 8159, 8143, 8148, 8133, 8248,9.698720932006836
28, 8110, 8148, 8180, 8067, 8175, 8139, 8184, 8169, 8176, 8138, 8115, 8138, 8095, 8217,9.70686650276184
29, 8106, 8150, 8231, 8078, 8178, 8134, 8155, 8161, 8142, 8135, 8126, 8156, 8097, 8208,9.714816093444824
30, 8104, 8139, 8124, 8087, 8096, 8112, 8140, 8133, 8151, 8147, 8159, 8161, 8141, 8251,9.721725225448608
31, 8137, 8183, 8194, 8100, 8173, 8111, 8119, 8152, 8159, 8147, 8156, 8163, 8145, 8265,9.730872631072998
32, 8143, 8193, 8208, 8113, 8177, 8113, 8118, 8150, 8150, 8151, 8163, 8165, 8142, 8243,9.738789081573486
33, 8131, 8178, 8136, 8131, 8134, 8110, 8130, 8133, 8158, 8161, 8184, 8162, 8166, 8243,9.74670696258545
34, 8162, 8202, 8179, 8158, 8175, 8119, 8128, 8160, 8185, 8169, 8188, 8174, 8186, 8280,9.753729820251465
35, 8180, 8218, 8188, 8176, 8190, 8121, 8131, 8173, 8194, 8176, 8182, 8178, 8181, 8295,9.761821985244751
36, 8159, 8212, 8180, 8163, 8189, 8115, 8149, 8182, 8182, 8174, 8163, 8164, 8163, 8268,9.769845724105835
37, 8134, 8188, 8139, 8136, 8150, 8115, 8173, 8191, 8194, 8174, 8162, 8158, 8167, 8267,9.77775526046753
38, 8134, 8178, 8167, 8119, 8185, 8120, 8170, 8184, 8184, 8170, 8152, 8160, 8160, 8271,9.784706592559814
39, 8115, 8161, 8182, 8103, 8183, 8119, 8155, 8161, 8152, 8155, 8120, 8143, 8131, 8242,9.792813539505005
40, 8090, 8142, 8112, 8098, 8128, 8120, 8167, 8154, 8166, 8156, 8114, 8132, 8130, 8236,9.800634384155273
41, 8138, 8184, 8225, 8124, 8218, 8133, 8169, 8204, 8190, 8171, 8138, 8173, 8146, 8270,9.808858871459961
42, 8158, 8187, 8225, 8138, 8196, 8139, 8169, 8207, 8199, 8176, 8168, 8194, 8171, 8295,9.816537618637085
43, 8112, 8159, 8103, 8124, 8132, 8136, 8179, 8168, 8198, 8172, 8162, 8154, 8181, 8278,9.827861309051514
44, 8128, 8182, 8158, 8138, 8177, 8130, 8174, 8179, 8189, 8177, 8133, 8154, 8168, 8266,9.832651138305664
45, 8171, 8206, 8183, 8171, 8161, 8131, 8168, 8176, 8196, 8185, 8139, 8187, 8178, 8294,9.840706586837769
46, 8174, 8215, 8190, 8178, 8184, 8133, 8160, 8163, 8191, 8178, 8147, 8192, 8188, 8295,9.848608255386353
47, 8158, 8199, 8158, 8177, 8193, 8121, 8158, 8164, 8180, 8174, 8155, 8179, 8192, 8289,9.855818510055542
48, 8171, 8203, 8150, 8187, 8194, 8117, 8160, 8167, 8187, 8183, 8171, 8178, 8201, 8312,9.863862991333008
49, 8195, 8227, 8228, 8198, 8216, 8131, 8154, 8172, 8193, 8192, 8180, 8204, 8209, 8329,9.871830701828003
50, 8184, 8212, 8167, 8205, 8173, 8133, 8158, 8152, 8189, 8195, 8188, 8193, 8219, 8327,9.879837274551392
51, 8192, 8216, 8174, 8202, 8203, 8120, 8156, 8161, 8169, 8181, 8174, 8171, 8205, 8309,9.887822151184082
52, 8199, 8211, 8181, 8181, 8178, 8107, 8160, 8169, 8159, 8173, 8161, 8175, 8190, 8312,9.895825147628784
53, 8176, 8192, 8138, 8163, 8164, 8093, 8166, 8158, 8162, 8178, 8152, 8169, 8184, 8320,9.903796434402466
54, 8179, 8199, 8239, 8159, 8246, 8092, 8151, 8182, 8144, 8166, 8135, 8175, 8160, 8300,9.911691904067993
55, 8162, 8171, 8181, 8143, 8170, 8092, 8159, 8176, 8141, 8157, 8145, 8168, 8158, 8297,9.918540477752686
56, 8142, 8169, 8118, 8134, 8139, 8086, 8170, 8168, 8150, 8159, 8147, 8148, 8165, 8303,9.92665433883667
57, 8158, 8193, 8171, 8148, 8171, 8081, 8163, 8178, 8142, 8154, 8137, 8157, 8155, 8290,9.934787273406982
58, 8163, 8175, 8153, 8148, 8156, 8075, 8161, 8165, 8130, 8151, 8151, 8161, 8150, 8276,9.942839860916138
59, 8160, 8168, 8169, 8144, 8189, 8083, 8168, 8172, 8130, 8162, 8171, 8165, 8161, 8278,9.950711965560913
60, 8146, 8178, 8155, 8149, 8184, 8090, 8178, 8176, 8148, 8171, 8171, 8165, 8175, 8279,9.958848476409912
61, 8145, 8196, 8185, 8145, 8195, 8087, 8168, 8177, 8152, 8165, 8151, 8167, 8161, 8263,9.967563390731812
62, 8155, 8191, 8191, 8148, 8175, 8088, 8163, 8176, 8149, 8166, 8152, 8175, 8166, 8266,9.974613428115845
63, 8164, 8197, 8158, 8176, 8178, 8092, 8167, 8169, 8158, 8180, 8176, 8177, 8197, 8283,9.982535362243652
64, 8195, 8227, 8220, 8199, 8222, 8097, 8159, 8181, 8166, 8182, 8198, 8196, 8206, 8295,9.98950481414795
65, 8195, 8204, 8153, 8191, 8140, 8092, 8160, 8168, 8172, 8184, 8215, 8200, 8221, 8318,9.997690916061401
66, 8188, 8212, 8205, 8186, 8200, 8088, 8152, 8176, 8156, 8182, 8190, 8192, 8213, 8314,10.005744457244873
67, 8194, 8231, 8291, 8194, 8249, 8089, 8154, 8199, 8142, 8173, 8164, 8196, 8184, 8285,10.013598442077637
68, 8167, 8192, 8113, 8178, 8116, 8090, 8187, 8172, 8157, 8175, 8168, 8167, 8183, 8277,10.021589040756226
69, 8142, 8189, 8109, 8152, 8150, 8105, 8196, 8184, 8161, 8175, 8146, 8147, 8169, 8259,10.029727458953857
70, 8118, 8186, 8178, 8141, 8198, 8111, 8197, 8214, 8165, 8168, 8136, 8149, 8155, 8244,10.037545204162598
71, 8100, 8162, 8125, 8141, 8155, 8096, 8209, 8203, 8174, 8164, 8146, 8142, 8158, 8242,10.045692205429077
72, 8118, 8169, 8135, 8142, 8153, 8088, 8204, 8186, 8157, 8159, 8126, 8147, 8139, 8234,10.052815198898315
73, 8138, 8188, 8176, 8153, 8174, 8093, 8190, 8172, 8140, 8157, 8111, 8157, 8121, 8237,10.06070613861084
74, 8150, 8205, 8220, 8166, 8198, 8094, 8172, 8175, 8136, 8162, 8136, 8172, 8138, 8258,10.068698167800903
75, 8156, 8191, 8136, 8181, 8124, 8085, 8169, 8152, 8148, 8173, 8174, 8176, 8181, 8291,10.076768159866333
76, 8178, 8208, 8166, 8197, 8167, 8081, 8157, 8143, 8142, 8164, 8160, 8172, 8171, 8298,10.085706233978271
77, 8201, 8235, 8287, 8195, 8232, 8079, 8138, 8170, 8126, 8155, 8143, 8189, 8148, 8289,10.09274411201477
78, 8182, 8220, 8162, 8200, 8139, 8088, 8157, 8155, 8152, 8174, 8177, 8192, 8190, 8311,10.10059666633606
79, 8196, 8234, 8173, 8225, 8188, 8110, 8164, 8152, 8159, 8178, 8192, 8197, 8212, 8323,10.108640193939209
80, 8229, 8236, 8235, 8237, 8212, 8101, 8155, 8161, 8153, 8180, 8190, 8206, 8206, 8324,10.116842031478882
81, 8216, 8209, 8141, 8221, 8149, 8073, 8151, 8145, 8166, 8191, 8193, 8197, 8223, 8339,10.123640775680542
82, 8192, 8208, 8125, 8199, 8156, 8076, 8145, 8144, 8166, 8186, 8172, 8185, 8214, 8341,10.13185453414917
83, 8181, 8215, 8149, 8195, 8160, 8092, 8162, 8155, 8161, 8178, 8156, 8171, 8188, 8314,10.140832901000977
84, 8191, 8224, 8208, 8202, 8187, 8100, 8184, 8181, 8172, 8180, 8160, 8170, 8186, 8293,10.147870302200317
85, 8188, 8199, 8169, 8196, 8156, 8106, 8198, 8185, 8198, 8185, 8163, 8175, 8200, 8310,10.15583086013794
86, 8180, 8194, 8141, 8190, 8182, 8113, 8197, 8181, 8199, 8184, 8158, 8171, 8194, 8315,10.163837432861328
87, 8191, 8228, 8225, 8194, 8232, 8114, 8190, 8199, 8189, 8180, 8162, 8181, 8190, 8297,10.171874523162842
88, 8183, 8214, 8176, 8193, 8161, 8110, 8200, 8183, 8205, 8184, 8176, 8183, 8211, 8313,10.178809642791748
89, 8196, 8204, 8159, 8190, 8178, 8111, 8201, 8170, 8200, 8182, 8168, 8182, 8203, 8333,10.186823606491089
90, 8210, 8209, 8171, 8189, 8200, 8104, 8189, 8159, 8167, 8169, 8155, 8178, 8177, 8317,10.19483757019043
91, 8198, 8212, 8167, 8198, 8185, 8097, 8177, 8141, 8147, 8159, 8152, 8166, 8171, 8289,10.202765226364136
92, 8214, 8234, 8241, 8222, 8220, 8108, 8169, 8150, 8145, 8162, 8162, 8191, 8186, 8300,10.210845947265625
93, 8216, 8222, 8179, 8219, 8175, 8113, 8176, 8137, 8160, 8178, 8187, 8203, 8216, 8350,10.218843936920166
94, 8209, 8228, 8156, 8207, 8181, 8114, 8174, 8130, 8165, 8183, 8188, 8188, 8220, 8359,10.226614475250244
95, 8218, 8237, 8196, 8214, 8209, 8106, 8159, 8134, 8149, 8173, 8172, 8191, 8210, 8332,10.234869718551636
96, 8218, 8216, 8161, 8205, 8188, 8082, 8145, 8121, 8139, 8171, 8167, 8194, 8211, 8333,10.242871284484863
97, 8216, 8220, 8191, 8192, 8192, 8084, 8142, 8139, 8150, 8178, 8166, 8190, 8210, 8344,10.249709844589233
98, 8199, 8219, 8164, 8198, 8158, 8105, 8162, 8153, 8171, 8179, 8164, 8179, 8208, 8333,10.257821559906006
99, 8181, 8209, 8172, 8181, 8197, 8106, 8163, 8163, 8165, 8168, 8148, 8171, 8184, 8295,10.265804290771484
100, 8169, 8189, 8183, 8161, 8196, 8099, 8156, 8166, 8152, 8166, 8140, 8164, 8169, 8283,10.273879289627075
101, 8157, 8179, 8139, 8176, 8160, 8104, 8165, 8159, 8173, 8171, 8141, 8151, 8177, 8291,10.281835079193115
102, 8176, 8202, 8206, 8192, 8217, 8117, 8162, 8191, 8191, 8165, 8133, 8168, 8176, 8285,10.289894580841064
103, 8176, 8194, 8162, 8186, 8161, 8117, 8163, 8190, 8168, 8170, 8151, 8178, 8189, 8297,10.29786729812622
104, 8164, 8204, 8169, 8185, 8173, 8105, 8156, 8166, 8104, 8172, 8156, 8164, 8182, 8298,10.305784702301025
105, 8177, 8223, 8245, 8194, 8233, 8110, 8151, 8178, 8067, 8166, 8147, 8168, 8163, 8280,10.31278920173645
106, 8177, 8199, 8130, 8190, 8159, 8120, 8171, 8163, 8083, 8163, 8162, 8161, 8178, 8275,10.320948600769043
107, 8174, 8197, 8132, 8188, 8166, 8120, 8168, 8142, 8060, 8154, 8165, 8159, 8175, 8273,10.328786134719849
108, 8179, 8206, 8197, 8203, 8176, 8108, 8146, 8129, 8019, 8150, 8166, 8177, 8166, 8288,10.336832046508789
109, 8196, 8216, 8187, 8213, 8162, 8099, 8132, 8126, 8029, 8156, 8181, 8190, 8192, 8318,10.344943284988403
110, 8216, 8219, 8175, 8214, 8171, 8106, 8131, 8139, 8059, 8163, 8191, 8194, 8220, 8344,10.352875232696533
111, 8211, 8205, 8157, 8219, 8172, 8113, 8141, 8147, 8075, 8173, 8194, 8179, 8225, 8352,10.360806703567505
112, 8208, 8213, 8228, 8220, 8210, 8112, 8138, 8172, 8071, 8168, 8186, 8178, 8209, 8334,10.368698835372925
113, 8176, 8186, 8156, 8192, 8147, 8109, 8145, 8162, 8072, 8156, 8189, 8176, 8202, 8312,10.376652717590332
114, 8141, 8160, 8124, 8159, 8167, 8118, 8158, 8152, 8065, 8152, 8174, 8160, 8184, 8288,10.383743047714233
115, 8152, 8169, 8239, 8155, 8226, 8130, 8161, 8181, 8063, 8150, 8164, 8175, 8168, 8292,10.391846656799316
116, 8139, 8149, 8140, 8154, 8124, 8135, 8171, 8179, 8109, 8161, 8190, 8177, 8192, 8320,10.399869680404663
117, 8129, 8154, 8125, 8153, 8154, 8145, 8169, 8185, 8135, 8178, 8187, 8164, 8199, 8311,10.407784223556519
118, 8146, 8170, 8202, 8175, 8198, 8141, 8160, 8187, 8125, 8184, 8174, 8170, 8189, 8294,10.415824174880981
119, 8144, 8171, 8156, 8195, 8149, 8130, 8154, 8153, 8122, 8168, 8180, 8169, 8183, 8293,10.423845767974854
120, 8160, 8185, 8167, 8198, 8159, 8141, 8153, 8146, 8114, 8150, 8171, 8161, 8166, 8278,10.431843757629395
121, 8184, 8185, 8178, 8205, 8157, 8152, 8162, 8150, 8098, 8150, 8164, 8160, 8159, 8270,10.439676761627197
122, 8191, 8196, 8207, 8211, 8185, 8148, 8154, 8155, 8081, 8145, 8166, 8175, 8151, 8275,10.446847200393677
123, 8186, 8206, 8180, 8217, 8171, 8148, 8154, 8150, 8088, 8144, 8185, 8186, 8167, 8293,10.454628944396973
124, 8194, 8221, 8158, 8241, 8178, 8151, 8156, 8148, 8107, 8163, 8209, 8184, 8203, 8312,10.462794780731201
125, 8213, 8230, 8238, 8243, 8216, 8139, 8134, 8168, 8110, 8169, 8208, 8187, 8197, 8306,10.470850944519043
126, 8187, 8187, 8154, 8208, 8150, 8124, 8131, 8147, 8117, 8166, 8197, 8165, 8184, 8290,10.478697538375854
127, 8164, 8184, 8140, 8197, 8179, 8130, 8150, 8141, 8105, 8163, 8182, 8148, 8175, 8275,10.486797332763672
237, 8152, 8188, 8192, 8201, 8184, 8139, 8169, 8155, 8089, 8148, 8173, 8154, 8151, 8262,10.494697093963623
0, 8117, 8154, 8123, 8179, 8126, 8142, 8180, 8141, 8097, 8134, 8164, 8139, 8130, 8247,10.502620220184326
1, 8116, 8154, 8151, 8159, 8173, 8153, 8184, 8165, 8105, 8143, 8161, 8142, 8130, 8238,10.513794422149658
2, 8128, 8145, 8140, 8156, 8161, 8162, 8206, 8193, 8128, 8161, 8181, 8159, 8156, 8260,10.517494201660156
3, 8124, 8133, 8142, 8153, 8156, 8169, 8212, 8203, 8141, 8157, 8178, 8156, 8152, 8265,10.525634527206421
4, 8119, 8130, 8159, 8138, 8151, 8160, 8198, 8199, 8144, 8150, 8160, 8151, 8135, 8249,10.53366470336914
5, 8131, 8152, 8142, 8143, 8157, 8144, 8197, 8193, 8177, 8158, 8177, 8159, 8157, 8269,10.541509866714478
6, 8170, 8197, 8222, 8184, 8217, 8150, 8191, 8213, 8208, 8171, 8199, 8190, 8191, 8302,10.549670934677124
7, 8169, 8181, 8180, 8188, 8162, 8148, 8176, 8190, 8209, 8175, 8205, 8188, 8202, 8308,10.55762505531311
8, 8167, 8164, 8169, 8157, 8161, 8138, 8158, 8165, 8190, 8164, 8200, 8171, 8187, 8300,10.565667629241943
9, 8192, 8184, 8205, 8180, 8171, 8150, 8164, 8163, 8185, 8167, 8214, 8184, 8194, 8317,10.573713779449463
10, 8206, 8200, 8163, 8222, 8155, 8157, 8170, 8150, 8193, 8183, 8230, 8187, 8230, 8336,10.58072304725647
11, 8226, 8223, 8266, 8213, 8245, 8149, 8130, 8170, 8170, 8176, 8219, 8203, 8230, 8327,10.588712453842163
12, 8203, 8190, 8222, 8178, 8186, 8147, 8131, 8175, 8173, 8173, 8219, 8203, 8231, 8331,10.596670389175415
13, 8153, 8159, 8104, 8167, 8114, 8155, 8171, 8157, 8204, 8186, 8219, 8171, 8240, 8320,10.604601621627808
14, 8138, 8164, 8135, 8169, 8125, 8150, 8173, 8158, 8198, 8174, 8198, 8157, 8215, 8282,10.618820667266846
15, 8121, 8154, 8135, 8147, 8109, 8135, 8163, 8153, 8177, 8148, 8172, 8144, 8173, 8252,10.620683193206787
16, 8122, 8162, 8206, 8112, 8178, 8138, 8167, 8178, 8165, 8141, 8151, 8147, 8143, 8237,10.628628015518188
17, 8124, 8146, 8173, 8106, 8157, 8139, 8181, 8188, 8175, 8153, 8167, 8162, 8162, 8258,10.636723279953003
18, 8120, 8138, 8124, 8127, 8141, 8125, 8176, 8183, 8182, 8163, 8180, 8155, 8183, 8275,10.6438307762146
19, 8131, 8160, 8186, 8133, 8178, 8116, 8169, 8191, 8174, 8163, 8171, 8147, 8176, 8262,10.651779174804688
20, 8122, 8156, 8148, 8129, 8152, 8119, 8171, 8172, 8170, 8156, 8174, 8146, 8182, 8260,10.659773349761963
21, 8126, 8162, 8186, 8138, 8189, 8130, 8148, 8173, 8146, 8145, 8168, 8158, 8171, 8263,10.667851448059082
22, 8150, 8155, 8162, 8146, 8137, 8126, 8143, 8163, 8128, 8142, 8164, 8161, 8156, 8269,10.67585277557373
23, 8170, 8171, 8144, 8152, 8131, 8121, 8156, 8145, 8118, 8141, 8171, 8166, 8155, 8272,10.683798789978027
24, 8184, 8207, 8257, 8161, 8204, 8136, 8148, 8172, 8116, 8146, 8186, 8193, 8168, 8280,10.691838502883911
25, 8180, 8191, 8190, 8166, 8133, 8152, 8149, 8167, 8149, 8165, 8212, 8196, 8208, 8308,10.699879169464111
26, 8192, 8180, 8147, 8169, 8122, 8159, 8152, 8148, 8176, 8173, 8209, 8187, 8219, 8322,10.70674467086792
27, 8200, 8179, 8189, 8166, 8156, 8153, 8145, 8158, 8188, 8176, 8198, 8186, 8211, 8318,10.714820384979248
28, 8185, 8172, 8179, 8149, 8151, 8146, 8142, 8171, 8189, 8181, 8193, 8175, 8213, 8308,10.723784923553467
29, 8187, 8175, 8165, 8145, 8150, 8147, 8150, 8176, 8188, 8178, 8180, 8174, 8207, 8299,10.730686902999878
30, 8180, 8169, 8126, 8149, 8146, 8144, 8160, 8174, 8208, 8182, 8187, 8171, 8214, 8301,10.738801717758179
31, 8171, 8167, 8184, 8138, 8190, 8139, 8145, 8194, 8200, 8180, 8179, 8165, 8207, 8289,10.74667501449585
32, 8158, 8146, 8180, 8131, 8136, 8142, 8148, 8192, 8164, 8166, 8159, 8165, 8180, 8275,10.754605531692505
33, 8152, 8142, 8135, 8146, 8107, 8160, 8167, 8172, 8151, 8163, 8172, 8164, 8175, 8277,10.762779951095581
34, 8168, 8173, 8194, 8157, 8164, 8177, 8159, 8182, 8161, 8163, 8191, 8171, 8194, 8282,10.770713090896606
35, 8167, 8165, 8147, 8161, 8117, 8173, 8152, 8166, 8160, 8158, 8183, 8164, 8196, 8296,10.77762222290039
36, 8182, 8172, 8179, 8173, 8150, 8163, 8145, 8153, 8131, 8153, 8163, 8172, 8172, 8307,10.785752296447754
37, 8205, 8184, 8241, 8115, 8181, 8155, 8137, 8164, 8118, 8162, 8177, 8196, 8187, 8314,10.793700695037842
38, 8185, 8164, 8161, 7985, 8125, 8139, 8125, 8150, 8126, 8161, 8182, 8174, 8201, 8307,10.801843404769897
39, 8169, 8159, 8148, 7931, 8141, 8138, 8117, 8139, 8117, 8143, 8159, 8160, 8174, 8288,10.809858798980713
40, 8157, 8163, 8139, 7963, 8148, 8162, 8125, 8127, 8120, 8144, 8151, 8166, 8169, 8279,10.817784547805786
41, 8154, 8184, 8201, 7969, 8193, 8175, 8117, 8136, 8136, 8153, 8135, 8162, 8163, 8253,10.825857162475586
42, 8160, 8177, 8217, 7972, 8179, 8175, 8116, 8155, 8168, 8162, 8152, 8171, 8174, 8264,10.833762407302856
43, 8167, 8157, 8137, 8018, 8122, 8180, 8138, 8157, 8203, 8174, 8197, 8186, 8223, 8314,10.84080982208252
44, 8183, 8178, 8192, 8046, 8167, 8176, 8131, 8178, 8199, 8171, 8186, 8188, 8218, 8306,10.848864555358887
45, 8171, 8170, 8169, 8045, 8154, 8159, 8117, 8174, 8185, 8162, 8153, 8167, 8180, 8265,10.856616497039795
46, 8156, 8163, 8158, 8061, 8171, 8165, 8120, 8171, 8182, 8163, 8149, 8165, 8178, 8267,10.864720582962036
47, 8164, 8168, 8188, 8083, 8162, 8184, 8134, 8180, 8179, 8165, 8162, 8182, 8196, 8290,10.872859001159668
48, 8166, 8165, 8140, 8096, 8121, 8180, 8154, 8157, 8178, 8160, 8158, 8170, 8181, 8278,10.880632162094116
49, 8163, 8182, 8209, 8118, 8197, 8171, 8160, 8176, 8177, 8148, 8145, 8164, 8142, 8240,10.888654708862305
50, 8131, 8167, 8184, 8151, 8161, 8169, 8169, 8193, 8189, 8152, 8173, 8174, 8156, 8250,10.896860599517822
51, 8145, 8168, 8127, 8195, 8121, 8172, 8178, 8188, 8200, 8171, 8206, 8180, 8198, 8297,10.904645919799805
52, 8204, 8200, 8188, 8230, 8159, 8169, 8176, 8199, 8191, 8175, 8203, 8182, 8200, 8306,10.911736965179443
53, 8180, 8189, 8167, 8228, 8141, 8154, 8164, 8185, 8171, 8161, 8192, 8164, 8182, 8272,10.919699668884277
54, 8144, 8182, 8175, 8219, 8161, 8151, 8141, 8163, 8144, 8151, 8181, 8165, 8179, 8266,10.927826881408691
55, 8170, 8183, 8177, 8221, 8146, 8154, 8135, 8141, 8138, 8154, 8175, 8178, 8187, 8301,10.93582558631897
56, 8200, 8192, 8191, 8228, 8153, 8155, 8125, 8133, 8141, 8152, 8173, 8167, 8177, 8290,10.943830490112305
57, 8185, 8197, 8196, 8224, 8168, 8159, 8115, 8139, 8139, 8153, 8184, 8159, 8165, 8243,10.952831029891968
58, 8136, 8169, 8110, 8200, 8136, 8154, 8127, 8136, 8151, 8159, 8197, 8153, 8181, 8245,10.959792613983154
59, 8132, 8170, 8198, 8197, 8195, 8149, 8127, 8171, 8150, 8155, 8182, 8167, 8179, 8270,10.967846870422363
60, 8159, 8176, 8209, 8231, 8153, 8143, 8133, 8184, 8155, 8166, 8184, 8183, 8184, 8288,10.974849462509155
61, 8173, 8185, 8130, 8248, 8121, 8141, 8149, 8174, 8172, 8187, 8206, 8173, 8209, 8286,10.982765913009644
62, 8183, 8200, 8207, 8239, 8195, 8159, 8155, 8201, 8182, 8191, 8211, 8172, 8216, 8278,10.990663290023804
63, 8175, 8183, 8176, 8248, 8158, 8175, 8174, 8203, 8208, 8196, 8203, 8172, 8219, 8299,10.998872518539429
64, 8184, 8198, 8146, 8261, 8155, 8176, 8182, 8201, 8229, 8198, 8188, 8175, 8210, 8312,11.00666856765747
65, 8195, 8204, 8169, 8233, 8166, 8169, 8180, 8202, 8222, 8191, 8185, 8168, 8195, 8293,11.014764785766602
66, 8170, 8178, 8164, 8196, 8166, 8168, 8187, 8185, 8205, 8181, 8180, 8142, 8181, 8261,11.022858619689941
67, 8147, 8170, 8177, 8198, 8182, 8175, 8187, 8189, 8193, 8174, 8168, 8141, 8168, 8244,11.030658721923828
68, 8144, 8171, 8125, 8217, 8150, 8172, 8185, 8182, 8184, 8168, 8176, 8153, 8169, 8252,11.037815809249878
69, 8177, 8209, 8189, 8242, 8192, 8163, 8184, 8180, 8160, 8153, 8180, 8168, 8157, 8255,11.045863389968872
70, 8199, 8226, 8206, 8268, 8160, 8156, 8196, 8177, 8144, 8155, 8190, 8183, 8171, 8270,11.053826332092285
71, 8201, 8219, 8156, 8272, 8129, 8149, 8194, 8168, 8137, 8163, 8190, 8178, 8192, 8293,11.06185507774353
72, 8214, 8224, 8252, 8258, 8209, 8146, 8175, 8194, 8130, 8150, 8157, 8186, 8172, 8293,11.069779396057129
73, 8181, 8183, 8177, 8240, 8141, 8152, 8192, 8189, 8163, 8156, 8154, 8175, 8171, 8283,11.077863931655884
74, 8130, 8161, 8084, 8224, 8112, 8166, 8203, 8177, 8192, 8179, 8165, 8141, 8182, 8261,11.085782766342163
75, 8126, 8175, 8139, 8222, 8173, 8171, 8186, 8188, 8193, 8189, 8167, 8143, 8187, 8256,11.092831134796143
76, 8149, 8180, 8161, 8242, 8176, 8167, 8173, 8183, 8205, 8193, 8183, 8165, 8210, 8290,11.10189938545227
77, 8175, 8194, 8191, 8257, 8170, 8157, 8150, 8180, 8193, 8191, 8190, 8180, 8225, 8309,11.108755588531494
78, 8165, 8186, 8145, 8246, 8132, 8150, 8144, 8175, 8173, 8183, 8187, 8168, 8220, 8305,11.116862773895264
79, 8151, 8183, 8162, 8232, 8177, 8160, 8150, 8189, 8176, 8180, 8171, 8161, 8202, 8295,11.124900817871094
80, 8162, 8174, 8191, 8221, 8170, 8166, 8146, 8195, 8179, 8178, 8163, 8171, 8194, 8288,11.132639408111572
81, 8153, 8154, 8131, 8211, 8115, 8166, 8150, 8172, 8173, 8178, 8163, 8156, 8193, 8273,11.140776634216309
82, 8139, 8165, 8180, 8208, 8175, 8177, 8158, 8183, 8170, 8178, 8159, 8148, 8179, 8257,11.148859739303589
83, 8136, 8167, 8165, 8220, 8155, 8176, 8168, 8186, 8182, 8178, 8171, 8154, 8185, 8263,11.156620740890503
84, 8155, 8181, 8168, 8233, 8168, 8169, 8169, 8180, 8178, 8169, 8174, 8154, 8187, 8256,11.164851665496826
85, 8173, 8198, 8216, 8228, 8207, 8176, 8170, 8183, 8169, 8165, 8176, 8161, 8177, 8243,11.171854257583618
86, 8160, 8195, 8151, 8226, 8176, 8169, 8169, 8167, 8180, 8176, 8191, 8163, 8195, 8269,11.179814577102661
87, 8184, 8216, 8214, 8241, 8220, 8160, 8154, 8182, 8166, 8170, 8172, 8172, 8187, 8275,11.18782639503479
88, 8184, 8206, 8209, 8237, 8177, 8164, 8165, 8183, 8156, 8149, 8144, 8161, 8154, 8242,11.195658922195435
89, 8125, 8178, 8127, 8208, 8134, 8166, 8182, 8165, 8163, 8140, 8146, 8134, 8143, 8217,11.203944206237793
90, 8105, 8170, 8156, 8187, 8161, 8164, 8184, 8180, 8166, 8149, 8159, 8143, 8147, 8225,11.211759567260742
91, 8131, 8159, 8149, 8182, 8146, 8162, 8194, 8185, 8184, 8156, 8158, 8147, 8147, 8242,11.219851732254028
92, 8149, 8164, 8179, 8177, 8175, 8162, 8180, 8192, 8184, 8148, 8138, 8140, 8134, 8227,11.227882862091064
93, 8119, 8141, 8144, 8165, 8143, 8157, 8156, 8175, 8169, 8152, 8138, 8137, 8146, 8213,11.234811305999756
94, 8093, 8124, 8126, 8141, 8143, 8159, 8142, 8152, 8156, 8156, 8134, 8135, 8147, 8213,11.242893695831299
95, 8102, 8135, 8171, 8135, 8170, 8161, 8144, 8161, 8148, 8153, 8132, 8141, 8133, 8208,11.250938177108765
96, 8092, 8132, 8114, 8153, 8140, 8156, 8156, 8155, 8151, 8161, 8147, 8136, 8141, 8201,11.258785247802734
97, 8100, 8162, 8231, 8154, 8240, 8165, 8144, 8175, 8137, 8151, 8126, 8147, 8120, 8189,11.266800165176392
98, 8113, 8160, 8244, 8141, 8200, 8173, 8143, 8177, 8131, 8137, 8126, 8155, 8117, 8202,11.274786233901978
99, 8111, 8135, 8067, 8152, 8073, 8162, 8157, 8137, 8150, 8148, 8167, 8138, 8158, 8224,11.282684087753296
100, 8146, 8168, 8133, 8182, 8149, 8155, 8146, 8147, 8165, 8159, 8185, 8152, 8180, 8228,11.29077959060669
101, 8167, 8179, 8195, 8189, 8186, 8144, 8138, 8166, 8169, 8158, 8184, 8171, 8183, 8241,11.297673463821411
102, 8168, 8165, 8175, 8175, 8161, 8124, 8135, 8166, 8152, 8149, 8172, 8170, 8181, 8262,11.305738687515259
103, 8183, 8159, 8171, 8180, 8151, 8131, 8139, 8160, 8146, 8148, 8163, 8168, 8187, 8280,11.313823699951172
104, 8191, 8169, 8180, 8191, 8188, 8156, 8159, 8165, 8158, 8160, 8167, 8170, 8204, 8290,11.321603775024414
105, 8186, 8182, 8214, 8183, 8194, 8148, 8158, 8188, 8161, 8170, 8176, 8187, 8218, 8300,11.329819917678833
106, 8169, 8155, 8151, 8161, 8102, 8118, 8152, 8188, 8169, 8170, 8182, 8186, 8230, 8316,11.33771276473999
107, 8178, 8147, 8177, 8151, 8140, 8122, 8164, 8201, 8179, 8169, 8177, 8177, 8231, 8312,11.345675706863403
108, 8182, 8142, 8189, 8145, 8164, 8137, 8186, 8214, 8194, 8173, 8181, 8183, 8234, 8310,11.3537118434906
109, 8150, 8139, 8135, 8139, 8144, 8130, 8190, 8202, 8209, 8180, 8185, 8171, 8232, 8302,11.36174488067627
110, 8129, 8163, 8211, 8140, 8200, 8129, 8177, 8211, 8204, 8174, 8168, 8158, 8201, 8259,11.368482828140259
111, 8104, 8143, 8154, 8133, 8142, 8135, 8194, 8191, 8206, 8168, 8159, 8146, 8185, 8231,11.376697540283203
112, 8091, 8134, 8098, 8132, 8127, 8136, 8203, 8175, 8210, 8162, 8152, 8140, 8183, 8233,11.38462495803833
113, 8110, 8148, 8148, 8143, 8149, 8140, 8198, 8170, 8195, 8153, 8150, 8148, 8178, 8233,11.392627000808716
114, 8121, 8151, 8147, 8148, 8133, 8142, 8194, 8141, 8172, 8145, 8148, 8147, 8169, 8229,11.400710582733154
115, 8119, 8164, 8196, 8150, 8180, 8144, 8172, 8146, 8151, 8139, 8137, 8157, 8155, 8225,11.40861964225769
116, 8091, 8142, 8151, 8147, 8144, 8132, 8153, 8141, 8149, 8138, 8144, 8156, 8163, 8238,11.416741609573364
117, 8097, 8138, 8146, 8149, 8140, 8120, 8143, 8135, 8144, 8132, 8145, 8149, 8165, 8245,11.424837589263916
118, 8133, 8161, 8202, 8159, 8165, 8120, 8140, 8157, 8138, 8132, 8140, 8160, 8158, 8237,11.43180513381958
119, 8121, 8154, 8147, 8157, 8142, 8117, 8142, 8160, 8151, 8147, 8154, 8157, 8169, 8235,11.439810752868652
120, 8118, 8156, 8189, 8154, 8183, 8118, 8140, 8177, 8164, 8152, 8162, 8157, 8176, 8243,11.447741508483887
121, 8130, 8148, 8167, 8158, 8154, 8121, 8158, 8187, 8193, 8156, 8171, 8162, 8197, 8266,11.45569658279419
122, 8139, 8157, 8153, 8165, 8171, 8135, 8163, 8192, 8212, 8158, 8165, 8166, 8201, 8271,11.46373462677002
123, 8157, 8175, 8232, 8164, 8210, 8153, 8150, 8200, 8196, 8158, 8157, 8183, 8183, 8267,11.47168517112732
124, 8153, 8153, 8156, 8163, 8135, 8142, 8149, 8173, 8188, 8161, 8169, 8171, 8190, 8276,11.479518413543701
125, 8158, 8153, 8139, 8164, 8150, 8124, 8138, 8156, 8177, 8151, 8163, 8155, 8181, 8264,11.487626552581787
126, 8168, 8161, 8160, 8158, 8172, 8121, 8126, 8153, 8164, 8140, 8148, 8157, 8165, 8255,11.495737075805664
127, 8166, 8162, 8182, 8148, 8188, 8125, 8126, 8154, 8150, 8137, 8146, 8158, 8165, 8257,11.502692937850952
237, 8171, 8162, 8214, 8147, 8189, 8122, 8132, 8167, 8141, 8141, 8155, 8168, 8168, 8261,11.510730743408203
0, 8171, 8153, 8143, 8153, 8137, 8120, 8146, 8158, 8157, 8150, 8170, 8171, 8190, 8277,11.519677639007568
1, 8179, 8168, 8163, 8146, 8174, 8123, 8144, 8163, 8161, 8152, 8176, 8174, 8206, 8290,11.526744604110718
2, 8172, 8158, 8156, 8141, 8160, 8126, 8132, 8163, 8165, 8149, 8184, 8175, 8206, 8289,11.534599781036377
3, 8165, 8155, 8150, 8159, 8164, 8125, 8124, 8160, 8166, 8151, 8184, 8164, 8199, 8276,11.542734622955322
4, 8170, 8169, 8200, 8168, 8200, 8123, 8118, 8164, 8152, 8153, 8175, 8163, 8194, 8261,11.550683498382568
5, 8148, 8145, 8122, 8155, 8162, 8130, 8126, 8144, 8159, 8153, 8183, 8153, 8196, 8260,11.558554649353027
6, 8155, 8163, 8204, 8154, 8234, 8140, 8128, 8162, 8162, 8145, 8185, 8159, 8175, 8254,11.565737009048462
7, 8173, 8177, 8240, 8164, 8204, 8140, 8142, 8181, 8158, 8144, 8189, 8166, 8169, 8251,11.57371473312378
8, 8150, 8146, 8110, 8160, 8113, 8133, 8161, 8157, 8161, 8149, 8191, 8147, 8182, 8253,11.58159852027893
9, 8145, 8141, 8143, 8146, 8171, 8126, 8150, 8164, 8148, 8139, 8176, 8147, 8161, 8243,11.589672327041626
10, 8148, 8141, 8174, 8133, 8183, 8117, 8139, 8167, 8136, 8135, 8169, 8148, 8143, 8234,11.597686529159546
11, 8138, 8147, 8166, 8130, 8161, 8117, 8136, 8163, 8141, 8140, 8169, 8144, 8147, 8232,11.605679035186768
12, 8136, 8140, 8127, 8138, 8114, 8118, 8138, 8157, 8151, 8137, 8176, 8151, 8157, 8257,11.613603830337524
13, 8166, 8147, 8147, 8141, 8137, 8118, 8131, 8152, 8150, 8136, 8171, 8153, 8150, 8266,11.623668193817139
14, 8195, 8171, 8231, 8149, 8197, 8124, 8114, 8166, 8144, 8148, 8171, 8167, 8152, 8245,11.629668474197388
15, 8167, 8147, 8133, 8146, 8132, 8121, 8120, 8151, 8151, 8154, 8191, 8172, 8182, 8259,11.636744260787964
16, 8172, 8152, 8149, 8139, 8162, 8127, 8120, 8156, 8150, 8144, 8178, 8171, 8177, 8286,11.645748615264893
17, 8195, 8179, 8209, 8165, 8171, 8133, 8113, 8171, 8153, 8147, 8174, 8177, 8175, 8285,11.653768539428711
18, 8168, 8177, 8142, 8193, 8123, 8118, 8112, 8156, 8162, 8156, 8193, 8166, 8191, 8262,11.660583257675171
19, 8170, 8199, 8203, 8204, 8197, 8124, 8115, 8172, 8155, 8149, 8176, 8160, 8176, 8251,11.668756008148193
20, 8191, 8210, 8196, 8209, 8188, 8147, 8143, 8174, 8168, 8150, 8159, 8154, 8170, 8269,11.676676034927368
21, 8180, 8201, 8154, 8202, 8166, 8146, 8146, 8168, 8176, 8153, 8163, 8146, 8166, 8257,11.684570789337158
22, 8159, 8178, 8171, 8181, 8180, 8140, 8124, 8176, 8163, 8147, 8168, 8154, 8158, 8234,11.692757606506348
23, 8166, 8174, 8157, 8185, 8181, 8143, 8126, 8171, 8166, 8149, 8168, 8162, 8167, 8260,11.699916362762451
24, 8201, 8204, 8220, 8201, 8216, 8147, 8136, 8189, 8174, 8150, 8163, 8175, 8161, 8273,11.7078115940094
25, 8191, 8185, 8157, 8187, 8142, 8140, 8147, 8184, 8187, 8153, 8176, 8168, 8167, 8256,11.715853691101074
26, 8168, 8176, 8135, 8185, 8156, 8142, 8157, 8178, 8197, 8162, 8188, 8164, 8195, 8267,11.723809003829956
27, 8184, 8184, 8204, 8189, 8197, 8160, 8180, 8203, 8202, 8169, 8186, 8178, 8208, 8307,11.731807708740234
28, 8182, 8162, 8146, 8170, 8138, 8170, 8205, 8193, 8207, 8163, 8172, 8160, 8194, 8302,11.739676237106323
29, 8172, 8169, 8197, 8161, 8191, 8169, 8188, 8196, 8186, 8145, 8145, 8155, 8163, 8249,11.74770474433899
30, 8156, 8161, 8188, 8157, 8174, 8167, 8183, 8201, 8178, 8151, 8158, 8169, 8176, 8251,11.755813360214233
31, 8147, 8148, 8117, 8139, 8132, 8166, 8195, 8178, 8183, 8157, 8174, 8158, 8196, 8289,11.762580394744873
32, 8150, 8152, 8150, 8126, 8162, 8154, 8177, 8151, 8160, 8141, 8141, 8142, 8160, 8270,11.77071499824524
33, 8128, 8144, 8146, 8131, 8173, 8146, 8163, 8137, 8149, 8139, 8135, 8138, 8141, 8225,11.778803825378418
34, 8121, 8147, 8176, 8140, 8193, 8163, 8165, 8161, 8156, 8154, 8171, 8153, 8167, 8221,11.790778636932373
35, 8135, 8141, 8157, 8140, 8142, 8159, 8156, 8158, 8152, 8147, 8180, 8156, 8178, 8257,11.794635534286499
36, 8152, 8148, 8156, 8143, 8143, 8145, 8135, 8142, 8139, 8129, 8152, 8144, 8146, 8264,11.802824974060059
37, 8158, 8160, 8183, 8153, 8159, 8153, 8134, 8159, 8152, 8134, 8150, 8149, 8135, 8239,11.81063175201416
38, 8145, 8142, 8133, 8157, 8126, 8152, 8146, 8167, 8173, 8148, 8169, 8150, 8160, 8243,11.818812131881714
39, 8165, 8151, 8193, 8154, 8185, 8144, 8141, 8183, 8165, 8145, 8162, 8157, 8161, 8269,11.82571268081665
40, 8178, 8157, 8173, 8157, 8157, 8141, 8153, 8186, 8171, 8138, 8155, 8168, 8159, 8293,11.833806276321411
41, 8162, 8156, 8137, 8168, 8139, 8129, 8156, 8177, 8173, 8132, 8148, 8159, 8153, 8285,11.841795206069946
42, 8168, 8171, 8243, 8170, 8211, 8119, 8134, 8192, 8149, 8129, 8152, 8163, 8137, 8260,11.849737405776978
43, 8163, 8152, 8167, 8163, 8158, 8120, 8145, 8175, 8152, 8140, 8181, 8160, 8154, 8261,11.857699155807495
44, 8165, 8162, 8125, 8172, 8158, 8126, 8155, 8155, 8157, 8145, 8181, 8152, 8166, 8265,11.865589618682861
45, 8183, 8187, 8189, 8192, 8180, 8131, 8144, 8157, 8152, 8141, 8178, 8164, 8161, 8274,11.873782396316528
46, 8190, 8181, 8180, 8200, 8161, 8138, 8136, 8154, 8156, 8150, 8206, 8175, 8186, 8301,11.88178563117981
47, 8209, 8181, 8191, 8206, 8186, 8142, 8129, 8158, 8156, 8167, 8228, 8189, 8222, 8320,11.892852544784546
48, 8216, 8186, 8168, 8213, 8170, 8137, 8130, 8149, 8168, 8175, 8239, 8197, 8235, 8330,11.896763324737549
49, 8201, 8194, 8184, 8209, 8179, 8139, 8130, 8155, 8170, 8159, 8219, 8191, 8206, 8317,11.904751539230347
50, 8164, 8156, 8145, 8182, 8160, 8138, 8136, 8157, 8159, 8139, 8176, 8157, 8170, 8288,11.912641763687134
51, 8129, 8121, 8100, 8146, 8166, 8134, 8141, 8153, 8154, 8137, 8149, 8124, 8145, 8252,11.92073655128479
52, 8129, 8142, 8177, 8142, 8202, 8147, 8142, 8176, 8146, 8137, 8153, 8137, 8130, 8223,11.928850650787354
53, 8124, 8142, 8137, 8163, 8141, 8160, 8159, 8166, 8151, 8141, 8175, 8141, 8146, 8225,11.936637878417969
54, 8136, 8155, 8179, 8169, 8202, 8165, 8155, 8172, 8149, 8142, 8177, 8141, 8151, 8224,11.944813251495361
55, 8160, 8157, 8219, 8159, 8214, 8162, 8140, 8194, 8148, 8143, 8183, 8163, 8163, 8239,11.95285940170288
56, 8166, 8140, 8112, 8171, 8119, 8161, 8157, 8175, 8169, 8156, 8201, 8172, 8204, 8287,11.95981216430664
57, 8187, 8159, 8161, 8199, 8178, 8166, 8167, 8175, 8175, 8162, 8200, 8183, 8213, 8307,11.967828273773193
58, 8186, 8158, 8184, 8204, 8205, 8156, 8150, 8167, 8162, 8154, 8195, 8181, 8203, 8301,11.975840091705322
59, 8184, 8161, 8166, 8196, 8194, 8139, 8124, 8157, 8151, 8148, 8187, 8168, 8195, 8298,11.98377013206482
60, 8205, 8182, 8186, 8215, 8183, 8136, 8120, 8164, 8153, 8154, 8191, 8182, 8204, 8314,11.991578340530396
61, 8203, 8187, 8170, 8233, 8177, 8139, 8125, 8149, 8149, 8152, 8196, 8182, 8213, 8319,11.999665021896362
62, 8194, 8188, 8219, 8212, 8220, 8137, 8106, 8151, 8126, 8138, 8185, 8174, 8187, 8301,12.00768494606018
63, 8173, 8163, 8149, 8202, 8153, 8129, 8110, 8143, 8126, 8138, 8199, 8170, 8185, 8302,12.015777826309204
64, 8168, 8172, 8148, 8224, 8176, 8131, 8131, 8142, 8133, 8143, 8212, 8166, 8199, 8303,12.023649215698242
65, 8192, 8189, 8231, 8233, 8214, 8148, 8144, 8164, 8137, 8157, 8218, 8178, 8207, 8302,12.030809164047241
66, 8183, 8155, 8128, 8222, 8132, 8148, 8161, 8156, 8159, 8178, 8230, 8175, 8227, 8315,12.038632154464722
67, 8176, 8162, 8168, 8220, 8196, 8150, 8162, 8165, 8166, 8178, 8215, 8173, 8225, 8318,12.046775341033936
68, 8188, 8173, 8221, 8221, 8218, 8165, 8174, 8181, 8171, 8180, 8199, 8177, 8220, 8317,12.05467963218689
69, 8178, 8152, 8144, 8211, 8155, 8163, 8182, 8180, 8184, 8185, 8195, 8166, 8220, 8300,12.062609195709229
70, 8151, 8138, 8129, 8193, 8146, 8147, 8160, 8175, 8181, 8172, 8180, 8157, 8195, 8267,12.070716142654419
71, 8135, 8144, 8145, 8188, 8163, 8143, 8150, 8161, 8174, 8160, 8163, 8147, 8172, 8259,12.079572677612305
72, 8159, 8171, 8231, 8200, 8228, 8156, 8146, 8173, 8156, 8154, 8153, 8160, 8159, 8263,12.086629867553711
73, 8163, 8153, 8186, 8199, 8182, 8151, 8141, 8168, 8143, 8150, 8150, 8163, 8151, 8260,12.097754955291748
74, 8148, 8137, 8113, 8189, 8142, 8144, 8142, 8147, 8139, 8147, 8140, 8141, 8138, 8264,12.101623296737671
75, 8172, 8163, 8176, 8203, 8176, 8162, 8142, 8155, 8137, 8151, 8156, 8161, 8153, 8283,12.10948920249939
76, 8198, 8175, 8179, 8216, 8164, 8178, 8136, 8156, 8156, 8165, 8210, 8192, 8208, 8310,12.117664813995361
77, 8220, 8187, 8215, 8204, 8199, 8172, 8112, 8163, 8155, 8173, 8220, 8200, 8223, 8322,12.125679016113281
78, 8221, 8165, 8180, 8193, 8166, 8154, 8097, 8150, 8133, 8172, 8209, 8191, 8217, 8334,12.133529424667358
79, 8210, 8150, 8139, 8192, 8165, 8152, 8096, 8142, 8132, 8170, 8209, 8183, 8228, 8334,12.141760110855103
80, 8214, 8161, 8222, 8173, 8223, 8166, 8109, 8181, 8146, 8171, 8194, 8185, 8229, 8316,12.149582386016846
81, 8167, 8121, 8142, 8135, 8152, 8174, 8145, 8172, 8153, 8175, 8185, 8153, 8214, 8296,12.156694650650024
82, 8106, 8102, 8109, 8112, 8151, 8176, 8168, 8162, 8144, 8168, 8177, 8131, 8182, 8261,12.164631366729736
83, 8085, 8096, 8125, 8103, 8153, 8181, 8189, 8181, 8153, 8163, 8179, 8143, 8174, 8244,12.17269515991211
84, 8083, 8084, 8113, 8101, 8152, 8190, 8205, 8184, 8163, 8162, 8180, 8139, 8177, 8230,12.18067979812622
85, 8090, 8104, 8211, 8109, 8226, 8196, 8195, 8205, 8155, 8159, 8170, 8137, 8157, 8197,12.188826322555542
86, 8064, 8094, 8148, 8109, 8165, 8196, 8216, 8208, 8186, 8174, 8185, 8131, 8169, 8202,12.196800708770752
87, 8064, 8093, 8123, 8114, 8160, 8204, 8238, 8217, 8208, 8184, 8196, 8134, 8186, 8223,12.204707622528076
88, 8101, 8119, 8188, 8140, 8184, 8203, 8227, 8231, 8194, 8179, 8198, 8156, 8185, 8229,12.212830543518066
89, 8114, 8136, 8164, 8155, 8160, 8186, 8208, 8213, 8195, 8177, 8203, 8160, 8187, 8235,12.220733165740967
90, 8120, 8144, 8180, 8149, 8182, 8178, 8187, 8190, 8188, 8166, 8201, 8160, 8176, 8232,12.227850675582886
91, 8116, 8122, 8128, 8153, 8138, 8182, 8181, 8149, 8156, 8156, 8205, 8151, 8172, 8232,12.235847234725952
92, 8118, 8126, 8137, 8158, 8163, 8194, 8178, 8131, 8123, 8150, 8201, 8146, 8171, 8232,12.24379563331604
93, 8130, 8139, 8190, 8153, 8202, 8199, 8165, 8136, 8111, 8137, 8188, 8156, 8157, 8225,12.251847505569458
94, 8126, 8130, 8147, 8155, 8174, 8188, 8150, 8122, 8110, 8134, 8189, 8153, 8152, 8225,12.259838819503784
95, 8131, 8132, 8158, 8157, 8177, 8175, 8125, 8124, 8100, 8139, 8196, 8153, 8151, 8221,12.26775074005127
96, 8152, 8136, 8165, 8155, 8156, 8165, 8115, 8142, 8113, 8141, 8203, 8166, 8161, 8231,12.27582311630249
97, 8173, 8155, 8193, 8166, 8175, 8168, 8123, 8181, 8147, 8158, 8207, 8182, 8185, 8261,12.283823728561401
98, 8169, 8162, 8186, 8175, 8167, 8176, 8131, 8192, 8177, 8185, 8213, 8185, 8207, 8277,12.290587663650513
99, 8148, 8148, 8137, 8163, 8144, 8170, 8127, 8165, 8180, 8174, 8205, 8167, 8205, 8266,12.298817873001099
100, 8152, 8158, 8207, 8151, 8183, 8164, 8130, 8184, 8164, 8149, 8189, 8171, 8183, 8254,12.306843519210815
101, 8148, 8150, 8164, 8151, 8124, 8171, 8163, 8191, 8173, 8162, 8203, 8176, 8187, 8262,12.314680576324463
102, 8145, 8148, 8153, 8142, 8156, 8177, 8161, 8175, 8175, 8171, 8196, 8161, 8180, 8256,12.322831392288208
103, 8142, 8147, 8225, 8128, 8223, 8181, 8139, 8188, 8155, 8159, 8165, 8155, 8148, 8244,12.330835103988647
104, 8112, 8120, 8125, 8124, 8140, 8177, 8160, 8175, 8161, 8158, 8177, 8145, 8153, 8245,12.338915586471558
105, 8125, 8135, 8134, 8135, 8150, 8171, 8172, 8163, 8159, 8152, 8195, 8150, 8160, 8246,12.346883773803711
106, 8160, 8149, 8190, 8142, 8177, 8170, 8171, 8161, 8143, 8145, 8188, 8165, 8159, 8262,12.354961395263672
107, 8168, 8150, 8177, 8136, 8179, 8176, 8165, 8158, 8135, 8148, 8181, 8162, 8161, 8270,12.361863374710083
108, 8170, 8156, 8191, 8145, 8192, 8178, 8157, 8169, 8139, 8148, 8189, 8164, 8169, 8267,12.369772911071777
109, 8158, 8135, 8157, 8148, 8159, 8171, 8157, 8162, 8148, 8148, 8197, 8169, 8178, 8273,12.377856254577637
110, 8162, 8139, 8199, 8141, 8188, 8174, 8149, 8172, 8143, 8155, 8196, 8177, 8176, 8275,12.38585376739502
111, 8178, 8152, 8188, 8156, 8174, 8184, 8149, 8179, 8151, 8169, 8216, 8177, 8204, 8292,12.393621444702148
112, 8185, 8160, 8155, 8176, 8173, 8194, 8152, 8169, 8162, 8176, 8222, 8173, 8224, 8306,12.401883602142334
113, 8197, 8161, 8202, 8170, 8194, 8200, 8142, 8169, 8150, 8171, 8206, 8186, 8206, 8299,12.409841060638428
114, 8181, 8141, 8154, 8154, 8137, 8185, 8142, 8160, 8144, 8174, 8210, 8175, 8202, 8291,12.416618824005127
115, 8174, 8157, 8185, 8145, 8170, 8170, 8146, 8181, 8141, 8174, 8204, 8165, 8202, 8290,12.424814939498901
116, 8178, 8161, 8175, 8141, 8152, 8171, 8158, 8189, 8149, 8172, 8203, 8175, 8206, 8306,12.432846069335938
117, 8176, 8158, 8144, 8158, 8146, 8186, 8162, 8180, 8157, 8172, 8207, 8164, 8209, 8303,12.440613508224487
118, 8185, 8177, 8230, 8169, 8202, 8194, 8147, 8197, 8148, 8166, 8187, 8166, 8188, 8263,12.448585987091064
119, 8173, 8154, 8151, 8155, 8132, 8176, 8157, 8178, 8156, 8162, 8186, 8175, 8187, 8262,12.456543922424316
120, 8187, 8164, 8179, 8159, 8187, 8170, 8163, 8179, 8154, 8160, 8191, 8178, 8193, 8288,12.464561462402344
121, 8208, 8184, 8260, 8179, 8220, 8189, 8161, 8201, 8147, 8159, 8189, 8179, 8188, 8289,12.472569465637207
122, 8181, 8166, 8133, 8191, 8111, 8191, 8172, 8172, 8160, 8156, 8194, 8168, 8192, 8284,12.47950792312622
123, 8180, 8175, 8104, 8202, 8119, 8173, 8163, 8147, 8162, 8150, 8201, 8171, 8198, 8291,12.487553596496582
124, 8209, 8199, 8166, 8222, 8174, 8175, 8142, 8146, 8157, 8158, 8212, 8174, 8215, 8299,12.495796918869019
125, 8225, 8226, 8230, 8237, 8212, 8191, 8132, 8168, 8151, 8169, 8212, 8180, 8219, 8297,12.507848501205444
126, 8209, 8215, 8166, 8233, 8141, 8187, 8139, 8163, 8160, 8176, 8223, 8189, 8224, 8307,12.51188850402832
127, 8190, 8203, 8147, 8215, 8161, 8183, 8140, 8151, 8171, 8176, 8212, 8175, 8219, 8294,12.520819187164307
237, 8197, 8217, 8300, 8191, 8278, 8213, 8144, 8198, 8168, 8162, 8177, 8163, 8184, 8247,12.531836032867432
0, 8161, 8163, 8162, 8159, 8148, 8228, 8185, 8192, 8183, 8160, 8184, 8146, 8186, 8242,12.535808563232422
1, 8136, 8132, 8076, 8142, 8119, 8216, 8199, 8175, 8190, 8167, 8190, 8146, 8198, 8260,12.542650938034058
2, 8163, 8163, 8212, 8156, 8208, 8205, 8186, 8202, 8184, 8171, 8175, 8163, 8193, 8260,12.550840616226196
3, 8148, 8156, 8148, 8162, 8141, 8190, 8194, 8182, 8196, 8175, 8181, 8147, 8196, 8252,12.558839321136475
4, 8124, 8150, 8114, 8139, 8142, 8180, 8190, 8167, 8187, 8172, 8184, 8144, 8185, 8240,12.566586971282959
5, 8132, 8151, 8147, 8123, 8167, 8179, 8178, 8180, 8166, 8165, 8173, 8156, 8176, 8245,12.574856281280518
6, 8148, 8159, 8164, 8138, 8171, 8188, 8176, 8184, 8168, 8164, 8173, 8156, 8179, 8259,12.588809251785278
7, 8159, 8167, 8186, 8161, 8162, 8205, 8188, 8178, 8180, 8171, 8191, 8174, 8195, 8271,12.590764045715332
8, 8170, 8172, 8162, 8177, 8149, 8224, 8204, 8174, 8188, 8180, 8212, 8189, 8220, 8300,12.598869562149048
9, 8209, 8200, 8189, 8195, 8184, 8236, 8200, 8190, 8190, 8191, 8224, 8197, 8246, 8328,12.60878872871399
10, 8226, 8209, 8187, 8211, 8182, 8238, 8198, 8188, 8201, 8204, 8231, 8199, 8272, 8334,12.614864110946655
11, 8221, 8212, 8215, 8215, 8215, 8251, 8190, 8181, 8202, 8207, 8232, 8203, 8279, 8324,12.621821165084839
12, 8217, 8210, 8227, 8206, 8208, 8265, 8174, 8183, 8192, 8204, 8238, 8205, 8275, 8321,12.629842042922974
13, 8201, 8196, 8137, 8195, 8143, 8265, 8179, 8173, 8206, 8211, 8243, 8183, 8284, 8325,12.6377112865448
14, 8191, 8209, 8163, 8195, 8191, 8267, 8182, 8178, 8208, 8211, 8223, 8175, 8265, 8309,12.645682096481323
15, 8168, 8191, 8147, 8195, 8190, 8268, 8170, 8163, 8188, 8194, 8200, 8173, 8231, 8284,12.653630495071411
16, 8160, 8184, 8153, 8179, 8197, 8265, 8167, 8167, 8174, 8176, 8182, 8154, 8200, 8258,12.661591529846191
17, 8178, 8206, 8243, 8177, 8221, 8279, 8192, 8214, 8191, 8178, 8181, 8165, 8191, 8261,12.669682025909424
18, 8172, 8190, 8148, 8192, 8150, 8285, 8222, 8210, 8226, 8193, 8207, 8179, 8223, 8299,12.677567481994629
19, 8184, 8187, 8129, 8196, 8179, 8273, 8210, 8205, 8222, 8182, 8205, 8172, 8234, 8311,12.684606075286865
20, 8205, 8199, 8181, 8190, 8196, 8265, 8198, 8212, 8218, 8176, 8200, 8164, 8234, 8308,12.692702770233154
21, 8192, 8199, 8167, 8183, 8173, 8265, 8205, 8197, 8230, 8191, 8207, 8171, 8245, 8313,12.700868844985962
22, 8189, 8196, 8192, 8177, 8190, 8266, 8199, 8201, 8211, 8191, 8206, 8186, 8239, 8313,12.712817192077637
23, 8206, 8188, 8166, 8178, 8166, 8265, 8195, 8195, 8197, 8181, 8221, 8185, 8245, 8323,12.71656608581543
24, 8235, 8211, 8220, 8196, 8207, 8265, 8187, 8190, 8199, 8179, 8233, 8195, 8251, 8332,12.724835634231567
25, 8239, 8211, 8220, 8201, 8179, 8251, 8183, 8179, 8191, 8179, 8228, 8207, 8243, 8336,12.73274278640747
26, 8232, 8196, 8146, 8187, 8134, 8236, 8183, 8157, 8179, 8176, 8220, 8194, 8235, 8342,12.740890502929688
27, 8257, 8217, 8195, 8204, 8188, 8238, 8182, 8165, 8180, 8182, 8226, 8198, 8250, 8352,12.747840642929077
28, 8256, 8209, 8160, 8222, 8161, 8238, 8199, 8165, 8199, 8200, 8246, 8203, 8280, 8362,12.756794214248657
29, 8244, 8203, 8184, 8203, 8192, 8236, 8201, 8178, 8198, 8202, 8235, 8202, 8268, 8352,12.763805389404297
30, 8239, 8203, 8217, 8175, 8202, 8238, 8196, 8195, 8198, 8193, 8228, 8205, 8256, 8351,12.771754741668701
31, 8198, 8176, 8126, 8163, 8140, 8239, 8208, 8183, 8203, 8187, 8218, 8176, 8256, 8340,12.779746532440186
32, 8165, 8163, 8151, 8154, 8166, 8238, 8210, 8192, 8180, 8179, 8169, 8156, 8214, 8295,12.787839412689209
33, 8165, 8155, 8148, 8153, 8154, 8234, 8204, 8196, 8186, 8178, 8159, 8164, 8199, 8293,12.795615434646606
34, 8178, 8177, 8161, 8165, 8171, 8238, 8185, 8203, 8208, 8182, 8175, 8169, 8213, 8313,12.803841829299927
35, 8155, 8167, 8139, 8160, 8152, 8239, 8172, 8186, 8199, 8179, 8163, 8153, 8200, 8298,12.810970306396484
36, 8136, 8147, 8125, 8144, 8159, 8224, 8168, 8163, 8180, 8176, 8149, 8141, 8182, 8275,12.818750858306885
37, 8181, 8190, 8273, 8162, 8254, 8225, 8158, 8199, 8166, 8167, 8155, 8172, 8179, 8278,12.826653003692627
38, 8172, 8179, 8182, 8180, 8151, 8227, 8178, 8192, 8178, 8170, 8177, 8177, 8192, 8299,12.834847211837769
39, 8134, 8155, 8056, 8175, 8090, 8214, 8202, 8157, 8188, 8174, 8180, 8150, 8192, 8295,12.842620611190796
40, 8164, 8174, 8161, 8180, 8168, 8205, 8194, 8165, 8169, 8163, 8168, 8160, 8185, 8277,12.85083293914795
41, 8189, 8179, 8201, 8196, 8173, 8206, 8184, 8168, 8149, 8155, 8170, 8169, 8183, 8281,12.858656167984009
42, 8183, 8172, 8164, 8193, 8152, 8218, 8186, 8169, 8157, 8164, 8186, 8172, 8188, 8300,12.868598222732544
43, 8182, 8163, 8124, 8186, 8137, 8227, 8187, 8167, 8176, 8176, 8199, 8178, 8205, 8303,12.87464952468872
44, 8197, 8181, 8186, 8188, 8203, 8234, 8171, 8167, 8166, 8168, 8184, 8175, 8199, 8281,12.881837844848633
45, 8192, 8179, 8200, 8176, 8192, 8229, 8170, 8170, 8163, 8165, 8164, 8176, 8188, 8288,12.889679908752441
46, 8170, 8152, 8118, 8163, 8129, 8224, 8188, 8169, 8187, 8172, 8159, 8167, 8182, 8308,12.897632122039795
47, 8173, 8166, 8205, 8166, 8205, 8232, 8184, 8201, 8188, 8166, 8152, 8159, 8151, 8267,12.905656576156616
48, 8165, 8156, 8194, 8162, 8184, 8229, 8188, 8212, 8192, 8168, 8160, 8156, 8149, 8249,12.913835287094116
49, 8155, 8142, 8104, 8160, 8142, 8226, 8200, 8195, 8217, 8180, 8172, 8159, 8182, 8293,12.921739339828491
50, 8172, 8158, 8170, 8167, 8184, 8229, 8199, 8202, 8216, 8178, 8175, 8173, 8183, 8299,12.929800748825073
51, 8172, 8159, 8171, 8176, 8159, 8224, 8198, 8189, 8195, 8174, 8184, 8165, 8171, 8263,12.937686204910278
52, 8181, 8174, 8180, 8184, 8184, 8225, 8197, 8185, 8180, 8177, 8189, 8165, 8173, 8266,12.945785760879517
53, 8191, 8173, 8180, 8183, 8194, 8236, 8212, 8189, 8186, 8180, 8202, 8172, 8186, 8298,12.952669382095337
54, 8166, 8160, 8164, 8167, 8193, 8239, 8220, 8185, 8190, 8173, 8197, 8158, 8183, 8281,12.960842370986938
55, 8156, 8165, 8188, 8164, 8196, 8236, 8207, 8188, 8178, 8166, 8183, 8157, 8170, 8250,12.968598365783691
56, 8174, 8163, 8134, 8183, 8146, 8231, 8208, 8173, 8177, 8171, 8201, 8161, 8178, 8270,12.976779460906982
57, 8198, 8177, 8176, 8195, 8182, 8228, 8202, 8179, 8175, 8171, 8201, 8166, 8171, 8279,12.98458743095398
58, 8186, 8173, 8176, 8185, 8162, 8230, 8192, 8176, 8175, 8168, 8189, 8161, 8162, 8266,12.992906332015991
59, 8182, 8174, 8144, 8185, 8159, 8226, 8181, 8159, 8181, 8171, 8190, 8157, 8174, 8265,13.000755310058594
60, 8217, 8203, 8232, 8203, 8230, 8212, 8164, 8181, 8180, 8176, 8198, 8185, 8193, 8278,13.008806228637695
61, 8198, 8180, 8161, 8181, 8164, 8199, 8166, 8175, 8190, 8180, 8202, 8179, 8206, 8291,13.020621061325073
62, 8175, 8162, 8157, 8150, 8166, 8202, 8161, 8168, 8184, 8173, 8182, 8159, 8171, 8276,13.023537874221802
63, 8193, 8168, 8199, 8171, 8184, 8198, 8162, 8175, 8174, 8171, 8182, 8172, 8151, 8266,13.031675815582275
64, 8194, 8174, 8151, 8187, 8167, 8182, 8175, 8170, 8174, 8173, 8197, 8168, 8170, 8277,13.039836168289185
65, 8189, 8185, 8203, 8165, 8200, 8188, 8175, 8184, 8159, 8163, 8191, 8166, 8167, 8277,13.048791408538818
66, 8180, 8163, 8172, 8169, 8150, 8199, 8191, 8181, 8169, 8169, 8205, 8177, 8178, 8284,13.055866479873657
67, 8183, 8160, 8144, 8194, 8154, 8195, 8204, 8177, 8183, 8182, 8232, 8182, 8202, 8295,13.063631296157837
68, 8205, 8174, 8171, 8194, 8175, 8190, 8200, 8178, 8175, 8184, 8240, 8182, 8213, 8305,13.071617841720581
69, 8202, 8170, 8170, 8185, 8163, 8189, 8190, 8173, 8168, 8180, 8238, 8179, 8214, 8307,13.079566717147827
70, 8188, 8173, 8199, 8197, 8174, 8186, 8173, 8182, 8162, 8170, 8233, 8181, 8197, 8286,13.0868399143219
71, 8177, 8170, 8146, 8216, 8140, 8187, 8175, 8162, 8163, 8168, 8247, 8174, 8198, 8278,13.094638586044312
72, 8184, 8191, 8192, 8214, 8212, 8197, 8172, 8161, 8149, 8168, 8243, 8177, 8196, 8284,13.102824211120605
73, 8186, 8186, 8229, 8201, 8223, 8192, 8165, 8176, 8140, 8163, 8228, 8189, 8186, 8288,13.110718488693237
74, 8162, 8153, 8123, 8197, 8138, 8178, 8176, 8161, 8157, 8167, 8226, 8169, 8188, 8280,13.121616840362549
75, 8170, 8166, 8177, 8194, 8192, 8185, 8179, 8175, 8163, 8174, 8218, 8166, 8183, 8272,13.126763820648193
76, 8181, 8169, 8184, 8182, 8194, 8197, 8181, 8180, 8172, 8178, 8225, 8178, 8193, 8296,13.134836196899414
77, 8168, 8166, 8139, 8184, 8180, 8192, 8183, 8168, 8183, 8174, 8219, 8171, 8192, 8297,13.141652345657349
78, 8163, 8178, 8186, 8195, 8201, 8184, 8188, 8181, 8185, 8171, 8196, 8171, 8176, 8269,13.149771451950073
79, 8169, 8176, 8170, 8198, 8172, 8188, 8198, 8184, 8193, 8176, 8200, 8176, 8186, 8274,13.15756893157959
80, 8180, 8181, 8166, 8203, 8175, 8195, 8196, 8182, 8195, 8179, 8209, 8177, 8194, 8282,13.165807723999023
81, 8149, 8162, 8122, 8187, 8140, 8177, 8189, 8158, 8178, 8176, 8199, 8160, 8177, 8264,13.173609018325806
82, 8133, 8158, 8153, 8161, 8168, 8162, 8173, 8152, 8149, 8163, 8182, 8162, 8152, 8253,13.181822538375854
83, 8166, 8165, 8201, 8162, 8181, 8174, 8166, 8177, 8148, 8159, 8193, 8189, 8164, 8276,13.189638614654541
84, 8176, 8165, 8124, 8181, 8134, 8190, 8185, 8174, 8181, 8172, 8219, 8177, 8200, 8306,13.1975839138031
85, 8201, 8212, 8225, 8200, 8224, 8204, 8187, 8192, 8187, 8178, 8227, 8186, 8206, 8316,13.205771446228027
86, 8214, 8210, 8250, 8203, 8205, 8199, 8175, 8190, 8177, 8180, 8234, 8208, 8210, 8319,13.213845252990723
87, 8190, 8174, 8129, 8193, 8128, 8176, 8166, 8156, 8174, 8180, 8230, 8189, 8220, 8313,13.225849151611328
88, 8186, 8185, 8146, 8192, 8165, 8169, 8161, 8154, 8162, 8174, 8216, 8182, 8216, 8309,13.228819131851196
89, 8185, 8186, 8167, 8187, 8178, 8170, 8166, 8157, 8168, 8174, 8218, 8191, 8211, 8319,13.236740112304688
90, 8187, 8179, 8203, 8167, 8202, 8172, 8161, 8168, 8179, 8176, 8212, 8198, 8197, 8309,13.24485993385315
91, 8185, 8172, 8175, 8167, 8173, 8179, 8160, 8169, 8182, 8172, 8203, 8188, 8191, 8289,13.252583503723145
92, 8174, 8181, 8149, 8182, 8167, 8181, 8164, 8166, 8182, 8173, 8201, 8170, 8190, 8279,13.26071286201477
93, 8176, 8190, 8204, 8182, 8193, 8175, 8164, 8181, 8184, 8180, 8203, 8182, 8182, 8276,13.268757581710815
94, 8181, 8176, 8157, 8181, 8149, 8181, 8177, 8176, 8200, 8183, 8214, 8185, 8189, 8286,13.275809049606323
95, 8198, 8196, 8182, 8190, 8189, 8199, 8179, 8188, 8204, 8187, 8210, 8177, 8196, 8290,13.283614158630371
96, 8200, 8205, 8183, 8191, 8185, 8209, 8183, 8194, 8207, 8203, 8216, 8180, 8214, 8305,13.291836023330688
97, 8184, 8196, 8142, 8190, 8172, 8215, 8185, 8175, 8202, 8199, 8225, 8174, 8217, 8309,13.299612522125244
98, 8201, 8216, 8225, 8200, 8235, 8229, 8162, 8181, 8177, 8178, 8214, 8174, 8192, 8289,13.307826280593872
99, 8218, 8214, 8182, 8215, 8185, 8233, 8163, 8173, 8188, 8184, 8220, 8178, 8198, 8306,13.315711736679077
100, 8217, 8215, 8140, 8222, 8169, 8231, 8176, 8165, 8204, 8189, 8219, 8178, 8208, 8325,13.326826572418213
101, 8201, 8215, 8149, 8207, 8173, 8231, 8175, 8169, 8194, 8179, 8205, 8171, 8196, 8303,13.33176589012146
102, 8190, 8208, 8144, 8192, 8174, 8233, 8176, 8165, 8189, 8187, 8206, 8162, 8192, 8284,13.339799880981445
103, 8200, 8220, 8203, 8198, 8208, 8233, 8177, 8182, 8193, 8194, 8217, 8181, 8203, 8296,13.346604585647583
104, 8187, 8204, 8152, 8201, 8152, 8223, 8188, 8186, 8204, 8192, 8222, 8186, 8218, 8310,13.354836702346802
105, 8188, 8197, 8152, 8186, 8171, 8219, 8193, 8198, 8210, 8195, 8211, 8176, 8207, 8300,13.3627347946167
106, 8208, 8196, 8187, 8178, 8183, 8218, 8194, 8212, 8221, 8196, 8204, 8183, 8199, 8303,13.370960474014282
107, 8198, 8186, 8149, 8177, 8155, 8219, 8196, 8196, 8227, 8188, 8207, 8185, 8208, 8318,13.378604888916016
108, 8192, 8194, 8200, 8171, 8199, 8230, 8188, 8199, 8208, 8181, 8202, 8190, 8203, 8303,13.386805772781372
109, 8185, 8177, 8163, 8167, 8154, 8234, 8184, 8188, 8202, 8186, 8204, 8179, 8202, 8283,13.394753217697144
110, 8198, 8193, 8180, 8185, 8171, 8247, 8183, 8176, 8203, 8185, 8202, 8177, 8196, 8280,13.402804613113403
111, 8218, 8222, 8237, 8216, 8209, 8273, 8198, 8185, 8202, 8192, 8213, 8196, 8200, 8300,13.409637689590454
112, 8196, 8196, 8134, 8215, 8152, 8275, 8210, 8169, 8217, 8208, 8230, 8179, 8217, 8304,13.417881965637207
113, 8190, 8188, 8152, 8197, 8177, 8261, 8195, 8170, 8212, 8200, 8211, 8162, 8197, 8272,13.429806470870972
114, 8188, 8184, 8178, 8193, 8179, 8258, 8196, 8168, 8192, 8185, 8191, 8165, 8168, 8269,13.433801412582397
115, 8180, 8182, 8164, 8190, 8186, 8263, 8197, 8158, 8180, 8178, 8191, 8162, 8167, 8286,13.44173526763916
116, 8191, 8191, 8189, 8178, 8196, 8257, 8178, 8165, 8177, 8176, 8200, 8168, 8180, 8281,13.449615716934204
117, 8184, 8184, 8164, 8174, 8166, 8246, 8178, 8159, 8176, 8179, 8210, 8169, 8185, 8280,13.457775592803955
118, 8176, 8188, 8189, 8189, 8201, 8262, 8190, 8174, 8178, 8184, 8216, 8176, 8183, 8291,13.465789556503296
119, 8172, 8184, 8138, 8196, 8168, 8276, 8208, 8176, 8205, 8195, 8235, 8184, 8205, 8304,13.472593545913696
120, 8194, 8209, 8180, 8198, 8207, 8266, 8205, 8182, 8215, 8201, 8232, 8194, 8212, 8301,13.480796575546265
121, 8210, 8217, 8264, 8200, 8243, 8264, 8189, 8203, 8204, 8198, 8221, 8210, 8204, 8306,13.488640785217285
122, 8164, 8163, 8116, 8179, 8137, 8261, 8195, 8179, 8217, 8194, 8222, 8181, 8208, 8305,13.496900081634521
123, 8140, 8159, 8128, 8159, 8172, 8243, 8186, 8179, 8203, 8180, 8188, 8157, 8175, 8258,13.50464677810669
124, 8173, 8176, 8208, 8174, 8197, 8236, 8176, 8190, 8178, 8172, 8174, 8169, 8158, 8250,13.513833045959473
125, 8200, 8172, 8151, 8191, 8153, 8248, 8184, 8173, 8188, 8179, 8196, 8173, 8183, 8291,13.520633220672607
126, 8187, 8172, 8146, 8171, 8169, 8256, 8178, 8168, 8191, 8176, 8184, 8164, 8168, 8280,13.531754732131958
127, 8156, 8170, 8158, 8153, 8172, 8259, 8170, 8165, 8180, 8162, 8164, 8147, 8137, 8235,13.536739587783813
237, 8176, 8185, 8196, 8169, 8184, 8267, 8177, 8173, 8173, 8161, 8180, 8156, 8148, 8247,13.543808698654175
0, 8197, 8181, 8158, 8180, 8140, 8256, 8192, 8159, 8168, 8171, 8198, 8172, 8170, 8288,13.551605701446533
1, 8182, 8183, 8157, 8172, 8164, 8241, 8188, 8145, 8149, 8165, 8185, 8164, 8162, 8274,13.559805154800415
2, 8173, 8191, 8206, 8171, 8193, 8242, 8191, 8161, 8143, 8158, 8197, 8168, 8162, 8247,13.567489385604858
3, 8167, 8164, 8119, 8165, 8132, 8251, 8226, 8159, 8168, 8178, 8241, 8172, 8197, 8267,13.575801849365234
4, 8181, 8180, 8229, 8148, 8236, 8266, 8230, 8201, 8175, 8187, 8242, 8190, 8202, 8280,13.583521842956543
5, 8185, 8174, 8277, 8142, 8228, 8253, 8216, 8223, 8178, 8181, 8231, 8201, 8195, 8286,13.591792106628418
6, 8162, 8132, 8088, 8141, 8094, 8221, 8217, 8169, 8198, 8186, 8238, 8173, 8203, 8295,13.599684715270996
7, 8175, 8155, 8126, 8142, 8151, 8226, 8211, 8173, 8205, 8192, 8236, 8175, 8207, 8295,13.606595039367676
8, 8179, 8167, 8196, 8151, 8179, 8237, 8208, 8195, 8205, 8190, 8236, 8197, 8222, 8313,13.614652156829834
9, 8166, 8153, 8164, 8153, 8160, 8213, 8196, 8175, 8192, 8178, 8222, 8188, 8210, 8313,13.622841358184814
10, 8175, 8158, 8150, 8144, 8172, 8200, 8191, 8164, 8181, 8173, 8211, 8179, 8188, 8294,13.63482117652893
11, 8184, 8176, 8163, 8150, 8199, 8219, 8207, 8182, 8191, 8183, 8220, 8185, 8207, 8305,13.638799667358398
12, 8198, 8184, 8211, 8167, 8212, 8233, 8221, 8207, 8196, 8190, 8218, 8194, 8216, 8316,13.646751403808594
13, 8206, 8171, 8165, 8167, 8154, 8233, 8233, 8202, 8199, 8195, 8216, 8193, 8210, 8321,13.65467357635498
14, 8204, 8178, 8165, 8160, 8173, 8227, 8227, 8202, 8194, 8196, 8214, 8195, 8210, 8332,13.662795066833496
15, 8195, 8179, 8197, 8159, 8190, 8223, 8220, 8197, 8182, 8192, 8213, 8196, 8215, 8332,13.669686317443848
16, 8186, 8171, 8156, 8164, 8161, 8227, 8230, 8176, 8172, 8185, 8209, 8173, 8205, 8306,13.681760787963867
17, 8184, 8181, 8182, 8151, 8197, 8235, 8222, 8172, 8159, 8171, 8187, 8165, 8170, 8277,13.685806035995483
18, 8158, 8158, 8141, 8122, 8169, 8230, 8211, 8149, 8166, 8172, 8185, 8166, 8165, 8283,13.693726062774658
19, 8166, 8158, 8154, 8137, 8190, 8229, 8207, 8149, 8180, 8190, 8201, 8170, 8181, 8298,13.701721906661987
20, 8198, 8176, 8220, 8168, 8227, 8233, 8200, 8181, 8184, 8195, 8204, 8182, 8184, 8295,13.709568977355957
21, 8183, 8160, 8151, 8152, 8180, 8226, 8200, 8179, 8204, 8192, 8213, 8176, 8187, 8289,13.717639923095703
22, 8192, 8171, 8177, 8142, 8196, 8225, 8204, 8192, 8217, 8197, 8226, 8180, 8191, 8307,13.725574731826782
23, 8211, 8174, 8184, 8167, 8175, 8219, 8205, 8196, 8215, 8200, 8229, 8186, 8193, 8330,13.736695766448975
24, 8197, 8168, 8172, 8161, 8189, 8213, 8201, 8185, 8202, 8190, 8209, 8176, 8178, 8305,13.740687370300293
25, 8190, 8173, 8185, 8140, 8204, 8223, 8212, 8198, 8198, 8186, 8205, 8180, 8180, 8296,13.748549938201904
26, 8191, 8170, 8133, 8156, 8160, 8223, 8226, 8195, 8208, 8187, 8211, 8183, 8209, 8334,13.756666898727417
27, 8186, 8178, 8180, 8157, 8198, 8209, 8202, 8192, 8191, 8180, 8182, 8174, 8193, 8316,13.764662742614746
28, 8156, 8157, 8153, 8125, 8159, 8204, 8194, 8174, 8172, 8183, 8170, 8155, 8162, 8261,13.772669553756714
29, 8148, 8145, 8137, 8115, 8153, 8216, 8207, 8173, 8177, 8182, 8190, 8159, 8169, 8264,13.780732154846191
30, 8175, 8163, 8202, 8133, 8205, 8222, 8209, 8206, 8200, 8180, 8210, 8192, 8200, 8307,13.788497686386108
31, 8164, 8162, 8142, 8150, 8175, 8213, 8214, 8188, 8217, 8188, 8209, 8180, 8205, 8308,13.796810626983643
32, 8149, 8175, 8178, 8156, 8215, 8211, 8203, 8174, 8187, 8183, 8189, 8155, 8168, 8266,13.803602933883667
33, 8161, 8174, 8186, 8158, 8187, 8215, 8195, 8180, 8169, 8185, 8218, 8170, 8186, 8274,13.811829566955566
34, 8175, 8177, 8139, 8163, 8158, 8204, 8188, 8173, 8187, 8202, 8250, 8184, 8229, 8303,13.820594310760498
35, 8180, 8191, 8215, 8169, 8214, 8193, 8178, 8177, 8185, 8203, 8215, 8183, 8200, 8285,13.832829236984253
36, 8158, 8161, 8180, 8166, 8183, 8192, 8188, 8163, 8179, 8190, 8186, 8162, 8164, 8264,13.837795972824097
37, 8157, 8161, 8169, 8158, 8194, 8202, 8191, 8167, 8184, 8188, 8199, 8159, 8164, 8260,13.843804121017456
38, 8181, 8170, 8167, 8163, 8162, 8210, 8196, 8175, 8196, 8200, 8234, 8178, 8184, 8282,13.850673198699951
39, 8195, 8172, 8135, 8177, 8143, 8205, 8212, 8168, 8202, 8202, 8241, 8176, 8190, 8300,13.859696865081787
40, 8205, 8186, 8198, 8180, 8199, 8204, 8208, 8181, 8192, 8189, 8209, 8171, 8165, 8283,13.86680269241333
41, 8192, 8169, 8150, 8180, 8156, 8205, 8211, 8172, 8198, 8180, 8201, 8163, 8162, 8279,13.874665021896362
42, 8204, 8183, 8183, 8191, 8196, 8208, 8216, 8175, 8198, 8179, 8215, 8179, 8174, 8298,13.882558584213257
43, 8235, 8202, 8239, 8196, 8215, 8205, 8208, 8186, 8194, 8192, 8232, 8209, 8185, 8317,13.893503904342651
44, 8227, 8183, 8167, 8194, 8153, 8199, 8217, 8178, 8213, 8207, 8243, 8194, 8202, 8319,13.89865779876709
45, 8204, 8174, 8161, 8191, 8177, 8200, 8226, 8179, 8220, 8200, 8233, 8179, 8197, 8297,13.906736612319946
46, 8169, 8158, 8133, 8165, 8180, 8198, 8218, 8169, 8210, 8189, 8222, 8168, 8176, 8271,13.916616439819336
47, 8161, 8158, 8160, 8148, 8191, 8187, 8201, 8170, 8193, 8184, 8218, 8158, 8158, 8251,13.92265272140503
48, 8175, 8166, 8183, 8160, 8170, 8176, 8202, 8176, 8192, 8177, 8222, 8161, 8157, 8249,13.9307382106781
49, 8170, 8164, 8139, 8161, 8158, 8183, 8211, 8170, 8203, 8172, 8229, 8166, 8167, 8265,13.944496393203735
50, 8182, 8182, 8201, 8166, 8216, 8205, 8207, 8188, 8199, 8179, 8243, 8182, 8177, 8275,13.945662260055542
51, 8190, 8185, 8183, 8189, 8180, 8210, 8220, 8182, 8209, 8191, 8264, 8177, 8204, 8285,13.953806161880493
52, 8188, 8189, 8161, 8193, 8176, 8201, 8221, 8176, 8222, 8196, 8254, 8168, 8211, 8288,13.961755990982056
53, 8194, 8187, 8179, 8185, 8184, 8199, 8211, 8181, 8222, 8200, 8240, 8190, 8199, 8292,13.969783306121826
54, 8196, 8184, 8147, 8187, 8168, 8209, 8209, 8162, 8225, 8201, 8250, 8186, 8199, 8301,13.97757625579834
55, 8212, 8211, 8213, 8186, 8212, 8209, 8197, 8169, 8218, 8186, 8237, 8169, 8189, 8288,13.985789060592651
56, 8214, 8202, 8178, 8176, 8155, 8192, 8201, 8172, 8215, 8182, 8238, 8174, 8203, 8292,13.992783784866333
57, 8213, 8196, 8166, 8164, 8179, 8191, 8204, 8182, 8213, 8192, 8249, 8189, 8215, 8310,14.003612756729126
58, 8216, 8198, 8229, 8165, 8227, 8200, 8198, 8209, 8213, 8201, 8248, 8193, 8208, 8306,14.009704828262329
59, 8198, 8178, 8142, 8179, 8146, 8195, 8202, 8185, 8214, 8200, 8248, 8168, 8215, 8297,14.016752481460571
60, 8212, 8193, 8145, 8177, 8160, 8193, 8194, 8164, 8196, 8185, 8234, 8166, 8203, 8293,14.024794340133667
61, 8212, 8190, 8160, 8155, 8167, 8185, 8190, 8166, 8189, 8173, 8220, 8176, 8179, 8293,14.03275728225708
62, 8176, 8178, 8151, 8148, 8167, 8172, 8188, 8174, 8192, 8175, 8217, 8165, 8174, 8280,14.043782711029053
63, 8168, 8184, 8178, 8162, 8182, 8183, 8186, 8175, 8184, 8179, 8228, 8170, 8186, 8273,14.04881501197815
64, 8172, 8172, 8142, 8158, 8167, 8207, 8193, 8157, 8184, 8182, 8230, 8173, 8193, 8276,14.056787252426147
65, 8186, 8183, 8199, 8156, 8218, 8224, 8186, 8179, 8190, 8180, 8214, 8174, 8184, 8271,14.064799547195435
66, 8197, 8187, 8174, 8171, 8188, 8226, 8179, 8182, 8199, 8183, 8228, 8179, 8202, 8288,14.07174038887024
67, 8196, 8195, 8145, 8173, 8191, 8224, 8178, 8161, 8197, 8185, 8237, 8177, 8211, 8295,14.079720735549927
68, 8188, 8207, 8229, 8160, 8240, 8221, 8172, 8180, 8188, 8175, 8219, 8181, 8183, 8273,14.087602138519287
69, 8168, 8174, 8157, 8150, 8166, 8206, 8174, 8172, 8192, 8175, 8218, 8166, 8180, 8268,14.099833965301514
70, 8188, 8172, 8157, 8158, 8186, 8206, 8179, 8167, 8186, 8177, 8225, 8161, 8183, 8275,14.103559255599976
71, 8210, 8187, 8228, 8166, 8222, 8215, 8177, 8180, 8179, 8172, 8220, 8172, 8170, 8275,14.111827850341797
72, 8185, 8168, 8179, 8155, 8177, 8197, 8167, 8161, 8171, 8166, 8206, 8159, 8160, 8257,14.119792461395264
73, 8172, 8154, 8139, 8154, 8150, 8179, 8154, 8134, 8146, 8156, 8204, 8154, 8151, 8242,14.127677202224731
74, 8180, 8166, 8138, 8172, 8144, 8174, 8146, 8127, 8138, 8147, 8217, 8161, 8143, 8250,14.134799480438232
75, 8203, 8208, 8237, 8202, 8206, 8165, 8132, 8158, 8139, 8147, 8227, 8184, 8152, 8257,14.146833658218384
76, 8224, 8219, 8228, 8249, 8182, 8160, 8146, 8163, 8150, 8164, 8274, 8222, 8212, 8294,14.150775909423828
77, 8249, 8233, 8192, 8290, 8180, 8178, 8166, 8155, 8164, 8180, 8317, 8251, 8258, 8344,14.15876054763794
78, 8277, 8261, 8285, 8297, 8240, 8184, 8153, 8178, 8147, 8174, 8298, 8257, 8239, 8342,14.166797161102295
79, 8255, 8236, 8206, 8297, 8164, 8161, 8149, 8163, 8136, 8173, 8298, 8233, 8243, 8334,14.17483401298523
80, 8248, 8240, 8181, 8301, 8173, 8158, 8153, 8161, 8142, 8183, 8317, 8232, 8263, 8358,14.182732582092285
81, 8274, 8257, 8242, 8293, 8199, 8176, 8160, 8184, 8156, 8185, 8302, 8251, 8262, 8380,14.19082522392273
82, 8266, 8232, 8180, 8287, 8151, 8176, 8166, 8172, 8169, 8182, 8280, 8236, 8257, 8371,14.198805809020996
83, 8248, 8224, 8186, 8273, 8190, 8177, 8165, 8179, 8169, 8188, 8286, 8228, 8259, 8353,14.205804109573364
84, 8242, 8222, 8194, 8242, 8203, 8192, 8188, 8199, 8180, 8200, 8303, 8235, 8272, 8372,14.214825630187988
85, 8257, 8228, 8209, 8247, 8213, 8204, 8196, 8212, 8195, 8201, 8284, 8231, 8271, 8385,14.221791505813599
86, 8261, 8222, 8179, 8259, 8183, 8202, 8191, 8200, 8199, 8199, 8263, 8218, 8260, 8367,14.229652166366577
87, 8238, 8203, 8114, 8217, 8156, 8193, 8198, 8166, 8188, 8202, 8262, 8195, 8254, 8344,14.237824201583862
88, 8230, 8205, 8174, 8185, 8201, 8181, 8171, 8164, 8170, 8193, 8247, 8185, 8240, 8342,14.248825550079346
89, 8216, 8189, 8132, 8185, 8155, 8176, 8143, 8150, 8172, 8184, 8224, 8171, 8230, 8350,14.25358533859253
90, 8214, 8197, 8161, 8159, 8189, 8192, 8147, 8150, 8157, 8181, 8198, 8165, 8204, 8318,14.261797904968262
91, 8219, 8201, 8230, 8135, 8214, 8203, 8173, 8172, 8152, 8180, 8190, 8177, 8190, 8291,14.268814325332642
92, 8192, 8171, 8115, 8154, 8132, 8199, 8207, 8170, 8193, 8190, 8202, 8167, 8212, 8315,14.27682876586914
93, 8192, 8186, 8135, 8176, 8181, 8213, 8219, 8192, 8212, 8198, 8205, 8174, 8217, 8337,14.284760236740112
94, 8200, 8188, 8162, 8158, 8191, 8214, 8210, 8192, 8201, 8198, 8203, 8183, 8214, 8339,14.293820142745972
95, 8195, 8177, 8154, 8134, 8183, 8189, 8186, 8171, 8189, 8193, 8180, 8170, 8202, 8328,14.300852537155151
96, 8204, 8182, 8189, 8134, 8190, 8180, 8171, 8173, 8177, 8192, 8175, 8170, 8194, 8314,14.308806896209717
97, 8184, 8166, 8125, 8135, 8145, 8175, 8155, 8151, 8170, 8194, 8204, 8166, 8208, 8304,14.316822528839111
98, 8155, 8157, 8141, 8114, 8178, 8158, 8119, 8144, 8147, 8182, 8196, 8167, 8191, 8292,14.32482647895813
99, 8153, 8145, 8161, 8091, 8170, 8160, 8131, 8150, 8139, 8178, 8191, 8178, 8185, 8302,14.331663846969604
100, 8174, 8145, 8153, 8099, 8167, 8191, 8181, 8156, 8163, 8190, 8226, 8181, 8217, 8317,14.33974838256836
101, 8180, 8147, 8155, 8122, 8174, 8214, 8202, 8176, 8191, 8206, 8235, 8176, 8228, 8308,14.35188889503479
102, 8162, 8142, 8134, 8122, 8169, 8217, 8206, 8196, 8207, 8212, 8208, 8158, 8211, 8292,14.355602264404297
103, 8181, 8172, 8264, 8110, 8261, 8228, 8203, 8243, 8214, 8206, 8199, 8176, 8201, 8283,14.364821434020996
104, 8187, 8160, 8220, 8114, 8184, 8235, 8216, 8244, 8245, 8222, 8237, 8209, 8237, 8306,14.37174391746521
105, 8167, 8143, 8064, 8138, 8089, 8232, 8226, 8203, 8268, 8242, 8255, 8190, 8266, 8327,14.379745244979858
106, 8170, 8169, 8143, 8140, 8182, 8237, 8207, 8196, 8239, 8227, 8225, 8168, 8231, 8301,14.38780927658081
107, 8158, 8159, 8170, 8124, 8203, 8238, 8204, 8181, 8211, 8208, 8209, 8164, 8196, 8271,14.394823789596558
108, 8156, 8170, 8164, 8134, 8201, 8236, 8217, 8169, 8199, 8204, 8214, 8171, 8189, 8265,14.402873516082764
109, 8185, 8195, 8187, 8148, 8191, 8230, 8209, 8164, 8184, 8199, 8214, 8177, 8185, 8274,14.410806655883789
110, 8198, 8194, 8181, 8144, 8178, 8220, 8185, 8157, 8174, 8191, 8206, 8174, 8180, 8284,14.41882038116455
111, 8190, 8193, 8174, 8149, 8185, 8215, 8171, 8165, 8184, 8191, 8220, 8181, 8191, 8290,14.426778793334961
112, 8166, 8194, 8131, 8161, 8169, 8214, 8171, 8167, 8211, 8209, 8235, 8176, 8212, 8292,14.434856653213501
113, 8164, 8210, 8196, 8165, 8218, 8214, 8165, 8195, 8213, 8222, 8216, 8181, 8211, 8290,14.44279956817627
114, 8155, 8184, 8126, 8162, 8151, 8204, 8185, 8192, 8215, 8222, 8227, 8185, 8231, 8310,14.453592538833618
115, 8148, 8184, 8103, 8149, 8177, 8201, 8196, 8172, 8217, 8214, 8236, 8176, 8245, 8314,14.457712411880493
116, 8190, 8233, 8342, 8143, 8318, 8211, 8178, 8213, 8188, 8203, 8195, 8194, 8209, 8285,14.465794086456299
117, 8191, 8200, 8224, 8157, 8163, 8210, 8205, 8201, 8203, 8210, 8201, 8181, 8212, 8281,14.473796844482422
118, 8166, 8166, 8023, 8160, 8070, 8206, 8236, 8164, 8239, 8217, 8230, 8141, 8229, 8270,14.481733798980713
119, 8177, 8186, 8131, 8146, 8178, 8211, 8222, 8183, 8237, 8210, 8206, 8139, 8194, 8235,14.489799976348877
120, 8175, 8182, 8202, 8134, 8202, 8220, 8208, 8198, 8224, 8202, 8176, 8145, 8159, 8214,14.497812747955322
121, 8168, 8171, 8193, 8127, 8188, 8232, 8208, 8206, 8223, 8200, 8176, 8152, 8161, 8213,14.505661249160767
122, 8174, 8178, 8157, 8141, 8167, 8235, 8211, 8197, 8238, 8209, 8203, 8170, 8189, 8239,14.513806343078613
123, 8193, 8206, 8196, 8167, 8206, 8233, 8194, 8187, 8239, 8217, 8219, 8185, 8200, 8265,14.521833896636963
124, 8190, 8196, 8185, 8166, 8204, 8239, 8185, 8178, 8219, 8212, 8216, 8182, 8197, 8268,14.52876901626587
125, 8172, 8178, 8119, 8149, 8177, 8245, 8194, 8161, 8196, 8196, 8195, 8161, 8180, 8247,14.5368173122406
126, 8199, 8206, 8209, 8151, 8222, 8240, 8198, 8181, 8191, 8189, 8174, 8165, 8156, 8232,14.544818878173828
127, 8216, 8192, 8210, 8157, 8186, 8231, 8214, 8195, 8217, 8201, 8189, 8172, 8166, 8254,14.555724859237671
237, 8198, 8174, 8160, 8157, 8181, 8231, 8226, 8197, 8231, 8207, 8200, 8161, 8171, 8262,14.560820579528809
0, 8191, 8187, 8188, 8163, 8200, 8229, 8219, 8196, 8227, 8204, 8192, 8165, 8166, 8247,14.578815698623657
1, 8184, 8172, 8150, 8154, 8149, 8204, 8205, 8166, 8226, 8205, 8189, 8163, 8181, 8249,14.584726095199585
2, 8186, 8172, 8160, 8137, 8172, 8193, 8190, 8159, 8204, 8196, 8175, 8160, 8168, 8245,14.592827558517456
3, 8170, 8174, 8139, 8139, 8165, 8215, 8195, 8154, 8189, 8188, 8166, 8156, 8145, 8230,14.599820375442505
4, 8156, 8182, 8175, 8142, 8203, 8233, 8194, 8157, 8189, 8193, 8170, 8160, 8145, 8219,14.6076180934906
5, 8167, 8187, 8243, 8138, 8232, 8223, 8171, 8174, 8177, 8190, 8184, 8180, 8162, 8226,14.615840196609497
6, 8169, 8171, 8145, 8146, 8158, 8209, 8167, 8158, 8175, 8188, 8202, 8179, 8189, 8262,14.623796463012695
7, 8195, 8190, 8152, 8165, 8188, 8213, 8169, 8161, 8182, 8194, 8211, 8179, 8200, 8290,14.631580829620361
8, 8219, 8200, 8184, 8171, 8197, 8218, 8169, 8175, 8194, 8207, 8232, 8186, 8217, 8300,14.639783382415771
9, 8209, 8200, 8182, 8171, 8199, 8212, 8168, 8186, 8201, 8208, 8226, 8180, 8216, 8287,14.647825479507446
10, 8182, 8196, 8197, 8164, 8211, 8213, 8180, 8195, 8200, 8193, 8199, 8177, 8189, 8258,14.655639171600342
11, 8151, 8173, 8142, 8144, 8175, 8226, 8208, 8177, 8195, 8188, 8193, 8164, 8188, 8240,14.662842988967896
12, 8145, 8177, 8205, 8132, 8221, 8237, 8210, 8185, 8180, 8193, 8182, 8163, 8177, 8221,14.67075514793396
13, 8122, 8154, 8163, 8127, 8168, 8221, 8205, 8175, 8184, 8198, 8184, 8162, 8161, 8219,14.678817510604858
14, 8114, 8135, 8098, 8124, 8144, 8207, 8200, 8148, 8191, 8189, 8186, 8156, 8161, 8239,14.686821937561035
15, 8172, 8171, 8240, 8131, 8234, 8218, 8187, 8177, 8171, 8176, 8181, 8182, 8163, 8255,14.694823265075684
16, 8195, 8179, 8209, 8149, 8179, 8226, 8198, 8180, 8178, 8185, 8206, 8194, 8176, 8270,14.702725887298584
17, 8162, 8169, 8110, 8155, 8148, 8229, 8204, 8154, 8199, 8197, 8214, 8182, 8188, 8267,14.710788011550903
18, 8137, 8165, 8124, 8150, 8182, 8230, 8195, 8152, 8196, 8197, 8196, 8174, 8186, 8258,14.718823194503784
19, 8160, 8185, 8191, 8164, 8218, 8232, 8193, 8173, 8193, 8193, 8203, 8175, 8174, 8267,14.725821495056152
20, 8210, 8205, 8226, 8178, 8226, 8235, 8195, 8193, 8208, 8201, 8228, 8187, 8178, 8285,14.73356008529663
21, 8200, 8172, 8128, 8151, 8178, 8222, 8184, 8168, 8214, 8202, 8229, 8172, 8189, 8279,14.74181580543518
22, 8179, 8178, 8188, 8124, 8241, 8204, 8155, 8172, 8191, 8183, 8203, 8163, 8158, 8241,14.749789714813232
23, 8189, 8195, 8229, 8146, 8224, 8202, 8158, 8193, 8195, 8186, 8202, 8176, 8146, 8238,14.758639335632324
24, 8187, 8175, 8129, 8153, 8162, 8210, 8191, 8183, 8220, 8203, 8209, 8170, 8167, 8267,14.765552997589111
25, 8178, 8168, 8178, 8115, 8227, 8220, 8197, 8188, 8213, 8190, 8173, 8171, 8148, 8256,14.773582935333252
26, 8145, 8140, 8162, 8087, 8191, 8215, 8198, 8172, 8196, 8176, 8156, 8159, 8127, 8223,14.781633853912354
27, 8123, 8129, 8107, 8109, 8157, 8220, 8205, 8156, 8191, 8178, 8170, 8139, 8130, 8200,14.788590431213379
28, 8148, 8151, 8165, 8130, 8199, 8239, 8199, 8167, 8185, 8176, 8165, 8151, 8127, 8204,14.796626806259155
29, 8166, 8159, 8185, 8124, 8207, 8235, 8190, 8164, 8180, 8172, 8159, 8166, 8128, 8224,14.804612398147583
30, 8170, 8164, 8180, 8135, 8204, 8224, 8187, 8157, 8174, 8174, 8178, 8174, 8141, 8229,14.812634944915771
31, 8171, 8155, 8136, 8151, 8173, 8226, 8191, 8143, 8183, 8180, 8192, 8171, 8153, 8231,14.82088017463684
32, 8183, 8172, 8196, 8159, 8224, 8229, 8175, 8146, 8177, 8178, 8170, 8173, 8141, 8233,14.828821182250977
33, 8202, 8198, 8216, 8194, 8209, 8225, 8170, 8145, 8171, 8177, 8190, 8192, 8155, 8250,14.836809635162354
34, 8222, 8225, 8160, 8243, 8183, 8219, 8178, 8132, 8183, 8188, 8234, 8193, 8201, 8269,14.844874858856201
35, 8263, 8266, 8300, 8264, 8295, 8224, 8149, 8169, 8163, 8187, 8219, 8201, 8197, 8266,14.852819442749023
36, 8260, 8243, 8245, 8263, 8220, 8229, 8148, 8172, 8153, 8186, 8217, 8201, 8190, 8284,14.859675168991089
37, 8224, 8217, 8090, 8247, 8148, 8226, 8173, 8145, 8165, 8188, 8231, 8179, 8196, 8296,14.867817163467407
38, 8201, 8217, 8141, 8205, 8213, 8211, 8159, 8159, 8154, 8178, 8203, 8158, 8170, 8267,14.875843048095703
39, 8169, 8190, 8152, 8173, 8209, 8203, 8153, 8171, 8149, 8163, 8167, 8134, 8135, 8240,14.883589029312134
40, 8169, 8183, 8199, 8173, 8239, 8218, 8173, 8194, 8155, 8156, 8154, 8140, 8108, 8229,14.891807556152344
41, 8161, 8157, 8163, 8159, 8200, 8222, 8200, 8192, 8169, 8164, 8172, 8149, 8107, 8219,14.900760650634766
42, 8117, 8124, 8103, 8124, 8170, 8222, 8207, 8167, 8169, 8157, 8167, 8125, 8094, 8179,14.907576084136963
43, 8097, 8120, 8154, 8100, 8204, 8232, 8202, 8176, 8159, 8147, 8144, 8122, 8072, 8159,14.91580867767334
44, 8105, 8116, 8138, 8097, 8184, 8232, 8214, 8189, 8172, 8152, 8168, 8136, 8096, 8198,14.922790765762329
45, 8129, 8124, 8165, 8103, 8201, 8221, 8212, 8202, 8182, 8154, 8192, 8146, 8112, 8216,14.93079423904419
46, 8127, 8120, 8156, 8113, 8173, 8209, 8196, 8182, 8177, 8162, 8189, 8154, 8112, 8207,14.93877124786377
47, 8129, 8139, 8152, 8141, 8170, 8202, 8180, 8158, 8163, 8175, 8198, 8170, 8132, 8228,14.946805953979492
48, 8168, 8175, 8208, 8169, 8202, 8204, 8177, 8158, 8155, 8171, 8218, 8191, 8153, 8261,14.954805850982666
49, 8185, 8168, 8164, 8174, 8173, 8202, 8175, 8136, 8159, 8165, 8219, 8181, 8155, 8266,14.962755918502808
50, 8193, 8180, 8197, 8175, 8211, 8201, 8150, 8134, 8148, 8164, 8209, 8180, 8144, 8249,14.970809698104858
51, 8199, 8190, 8189, 8184, 8175, 8201, 8146, 8135, 8146, 8164, 8218, 8184, 8152, 8253,14.978822469711304
52, 8205, 8194, 8160, 8199, 8173, 8202, 8162, 8141, 8163, 8167, 8207, 8167, 8157, 8260,14.986709833145142
53, 8213, 8198, 8235, 8204, 8250, 8203, 8162, 8177, 8164, 8162, 8179, 8167, 8135, 8248,14.993760347366333
54, 8189, 8161, 8164, 8178, 8190, 8202, 8165, 8172, 8162, 8158, 8182, 8162, 8128, 8244,15.001804828643799
55, 8167, 8154, 8120, 8146, 8168, 8204, 8170, 8164, 8166, 8164, 8181, 8146, 8126, 8243,15.009720087051392
56, 8153, 8162, 8150, 8146, 8192, 8208, 8181, 8174, 8171, 8168, 8170, 8143, 8115, 8234,15.01777195930481
57, 8142, 8150, 8150, 8145, 8203, 8204, 8189, 8176, 8177, 8166, 8164, 8140, 8110, 8217,15.025828838348389
58, 8160, 8151, 8174, 8130, 8207, 8194, 8180, 8184, 8173, 8159, 8164, 8149, 8108, 8214,15.033634424209595
59, 8170, 8154, 8133, 8140, 8162, 8190, 8183, 8179, 8179, 8163, 8172, 8154, 8117, 8236,15.041828155517578
60, 8182, 8173, 8208, 8153, 8227, 8204, 8186, 8194, 8173, 8165, 8159, 8156, 8111, 8225,15.049822807312012
61, 8181, 8150, 8223, 8128, 8204, 8204, 8177, 8198, 8160, 8161, 8162, 8160, 8109, 8207,15.056824445724487
62, 8167, 8129, 8119, 8122, 8134, 8191, 8161, 8164, 8160, 8153, 8199, 8163, 8139, 8237,15.06479263305664
63, 8206, 8187, 8218, 8168, 8228, 8207, 8146, 8177, 8158, 8154, 8218, 8193, 8159, 8281,15.07282018661499
64, 8226, 8202, 8218, 8197, 8208, 8220, 8161, 8185, 8174, 8175, 8227, 8197, 8174, 8304,15.080760478973389
65, 8198, 8177, 8124, 8189, 8158, 8207, 8166, 8165, 8188, 8188, 8233, 8174, 8182, 8295,15.088743925094604
66, 8199, 8187, 8167, 8191, 8201, 8204, 8158, 8177, 8192, 8195, 8243, 8181, 8192, 8284,15.096816301345825
67, 8216, 8205, 8209, 8211, 8234, 8215, 8171, 8197, 8208, 8207, 8255, 8193, 8208, 8301,15.104814529418945
68, 8209, 8202, 8212, 8204, 8233, 8219, 8187, 8202, 8205, 8199, 8237, 8194, 8195, 8308,15.112787961959839
69, 8172, 8167, 8124, 8164, 8151, 8210, 8198, 8184, 8194, 8183, 8213, 8169, 8177, 8281,15.11989426612854
70, 8147, 8161, 8140, 8138, 8178, 8205, 8194, 8189, 8179, 8177, 8197, 8144, 8150, 8233,15.127817630767822
71, 8139, 8151, 8189, 8131, 8224, 8207, 8189, 8192, 8162, 8173, 8183, 8145, 8125, 8214,15.135627031326294
72, 8136, 8121, 8130, 8126, 8186, 8212, 8196, 8167, 8158, 8165, 8172, 8148, 8117, 8227,15.143815279006958
73, 8161, 8139, 8209, 8129, 8225, 8217, 8197, 8194, 8156, 8162, 8169, 8159, 8104, 8233,15.151784181594849
74, 8155, 8132, 8193, 8127, 8191, 8219, 8218, 8211, 8175, 8174, 8192, 8153, 8116, 8239,15.159595012664795
75, 8129, 8106, 8115, 8116, 8166, 8227, 8231, 8185, 8188, 8184, 8200, 8141, 8131, 8235,15.167812824249268
76, 8151, 8122, 8159, 8131, 8193, 8229, 8209, 8177, 8179, 8181, 8199, 8165, 8133, 8236,15.175816297531128
77, 8180, 8142, 8151, 8153, 8180, 8224, 8199, 8162, 8184, 8180, 8210, 8177, 8152, 8268,15.18359923362732
78, 8197, 8160, 8204, 8161, 8224, 8229, 8192, 8161, 8175, 8180, 8203, 8178, 8163, 8284,15.190819025039673
79, 8200, 8153, 8198, 8170, 8196, 8225, 8177, 8157, 8158, 8179, 8209, 8187, 8178, 8289,15.198816537857056
80, 8196, 8148, 8153, 8177, 8175, 8207, 8165, 8147, 8156, 8175, 8224, 8186, 8195, 8298,15.206820726394653
81, 8188, 8151, 8184, 8167, 8192, 8201, 8163, 8159, 8164, 8176, 8223, 8182, 8189, 8300,15.214765310287476
82, 8160, 8133, 8146, 8157, 8157, 8204, 8172, 8164, 8184, 8184, 8222, 8166, 8192, 8298,15.222816705703735
83, 8158, 8149, 8182, 8167, 8204, 8205, 8181, 8191, 8198, 8185, 8222, 8171, 8200, 8291,15.230819940567017
84, 8163, 8152, 8182, 8178, 8193, 8200, 8192, 8189, 8201, 8185, 8225, 8181, 8196, 8284,15.237741231918335
85, 8141, 8128, 8150, 8154, 8177, 8188, 8175, 8164, 8186, 8177, 8200, 8161, 8164, 8263,15.245781183242798
86, 8134, 8119, 8201, 8112, 8214, 8176, 8151, 8180, 8172, 8166, 8169, 8155, 8137, 8242,15.253779172897339
87, 8135, 8118, 8144, 8122, 8158, 8182, 8181, 8183, 8192, 8175, 8195, 8159, 8159, 8252,15.261566638946533
88, 8153, 8142, 8146, 8166, 8174, 8201, 8201, 8184, 8203, 8183, 8212, 8161, 8167, 8252,15.269826650619507
89, 8160, 8140, 8169, 8167, 8189, 8190, 8179, 8179, 8194, 8179, 8178, 8161, 8145, 8237,15.277794361114502
90, 8159, 8131, 8142, 8146, 8162, 8170, 8169, 8170, 8189, 8179, 8174, 8158, 8144, 8242,15.286722898483276
91, 8189, 8160, 8194, 8162, 8180, 8179, 8176, 8180, 8185, 8182, 8209, 8168, 8158, 8258,15.293659448623657
92, 8191, 8164, 8170, 8189, 8167, 8177, 8180, 8165, 8185, 8188, 8214, 8166, 8165, 8259,15.30175256729126
93, 8185, 8169, 8188, 8189, 8199, 8167, 8163, 8162, 8175, 8183, 8194, 8168, 8162, 8252,15.30884075164795
94, 8195, 8172, 8191, 8184, 8175, 8178, 8161, 8174, 8181, 8177, 8209, 8178, 8176, 8269,15.316801071166992
95, 8194, 8167, 8153, 8180, 8161, 8182, 8175, 8175, 8194, 8180, 8225, 8172, 8183, 8277,15.324790954589844
96, 8192, 8173, 8213, 8171, 8221, 8177, 8176, 8188, 8177, 8178, 8208, 8177, 8172, 8263,15.332730293273926
97, 8159, 8143, 8138, 8148, 8156, 8182, 8181, 8172, 8171, 8175, 8191, 8165, 8175, 8269,15.340787649154663
98, 8137, 8145, 8142, 8130, 8178, 8182, 8182, 8168, 8172, 8168, 8165, 8146, 8151, 8252,15.348788261413574
99, 8153, 8163, 8206, 8140, 8217, 8178, 8194, 8184, 8178, 8170, 8174, 8158, 8143, 8237,15.35680079460144
100, 8157, 8149, 8134, 8147, 8169, 8187, 8207, 8174, 8198, 8186, 8201, 8167, 8175, 8268,15.364777088165283
101, 8165, 8159, 8190, 8151, 8210, 8193, 8179, 8183, 8191, 8183, 8180, 8173, 8164, 8284,15.3727867603302
102, 8170, 8156, 8205, 8146, 8186, 8173, 8166, 8184, 8181, 8173, 8176, 8170, 8149, 8278,15.380815029144287
103, 8173, 8150, 8147, 8140, 8149, 8164, 8176, 8177, 8188, 8178, 8200, 8164, 8165, 8280,15.387720108032227
104, 8183, 8164, 8144, 8150, 8153, 8175, 8176, 8177, 8189, 8183, 8206, 8173, 8176, 8289,15.395768404006958
105, 8186, 8182, 8164, 8163, 8166, 8181, 8161, 8162, 8175, 8173, 8199, 8167, 8170, 8285,15.40379548072815
106, 8200, 8198, 8228, 8165, 8205, 8186, 8151, 8171, 8157, 8164, 8202, 8171, 8160, 8281,15.411635160446167
107, 8197, 8184, 8156, 8167, 8159, 8197, 8168, 8170, 8173, 8176, 8228, 8184, 8188, 8310,15.419808626174927
108, 8195, 8204, 8173, 8176, 8208, 8213, 8165, 8176, 8187, 8183, 8226, 8189, 8210, 8321,15.427814483642578
109, 8199, 8208, 8246, 8165, 8225, 8214, 8146, 8184, 8169, 8177, 8205, 8188, 8192, 8294,15.435535430908203
110, 8170, 8164, 8128, 8159, 8120, 8188, 8158, 8146, 8157, 8174, 8206, 8170, 8173, 8285,15.443813562393188
111, 8157, 8171, 8150, 8163, 8172, 8171, 8162, 8149, 8152, 8166, 8190, 8167, 8152, 8278,15.45078706741333
112, 8149, 8167, 8189, 8139, 8186, 8173, 8167, 8174, 8160, 8165, 8187, 8169, 8149, 8256,15.458592891693115
113, 8134, 8139, 8120, 8108, 8127, 8174, 8184, 8168, 8172, 8172, 8198, 8149, 8163, 8245,15.466562509536743
114, 8142, 8149, 8140, 8111, 8149, 8174, 8188, 8171, 8168, 8165, 8180, 8143, 8145, 8247,15.47451901435852
115, 8143, 8168, 8171, 8129, 8165, 8177, 8186, 8177, 8164, 8155, 8170, 8144, 8120, 8248,15.482476472854614
116, 8153, 8172, 8196, 8132, 8173, 8177, 8185, 8184, 8170, 8160, 8177, 8154, 8125, 8253,15.49057126045227
117, 8162, 8149, 8136, 8138, 8138, 8167, 8183, 8174, 8189, 8176, 8188, 8167, 8153, 8274,15.498486757278442
118, 8167, 8161, 8143, 8148, 8176, 8163, 8171, 8178, 8189, 8182, 8201, 8168, 8158, 8279,15.506516218185425
119, 8178, 8201, 8217, 8160, 8202, 8171, 8168, 8184, 8171, 8178, 8212, 8168, 8147, 8269,15.513620853424072
120, 8173, 8192, 8153, 8159, 8136, 8173, 8181, 8150, 8170, 8178, 8208, 8162, 8155, 8284,15.521814346313477
121, 8184, 8189, 8211, 8155, 8189, 8176, 8170, 8160, 8160, 8172, 8201, 8177, 8156, 8293,15.529817581176758
122, 8190, 8186, 8221, 8169, 8170, 8178, 8164, 8184, 8160, 8175, 8229, 8191, 8174, 8301,15.541725397109985
123, 8175, 8183, 8128, 8177, 8131, 8175, 8171, 8169, 8174, 8182, 8237, 8176, 8189, 8303,15.545777320861816
124, 8180, 8206, 8176, 8172, 8181, 8179, 8167, 8169, 8163, 8175, 8211, 8177, 8161, 8284,15.553809881210327
125, 8167, 8186, 8148, 8150, 8141, 8174, 8168, 8160, 8157, 8163, 8200, 8163, 8143, 8270,15.561688661575317
126, 8147, 8170, 8179, 8118, 8185, 8170, 8168, 8174, 8150, 8153, 8187, 8155, 8130, 8248,15.56981086730957
127, 8153, 8167, 8201, 8109, 8188, 8177, 8180, 8193, 8149, 8160, 8196, 8177, 8135, 8253,15.576807260513306
237, 8167, 8172, 8131, 8132, 8134, 8184, 8201, 8179, 8172, 8175, 8214, 8176, 8163, 8283,15.584785461425781
0, 8176, 8188, 8186, 8140, 8180, 8185, 8194, 8183, 8173, 8174, 8205, 8167, 8161, 8278,15.592757940292358
1, 8160, 8166, 8166, 8123, 8156, 8192, 8179, 8178, 8163, 8171, 8207, 8161, 8157, 8266,15.600816488265991
2, 8173, 8175, 8177, 8126, 8175, 8213, 8167, 8180, 8158, 8171, 8203, 8172, 8162, 8271,15.609814643859863
3, 8190, 8193, 8195, 8146, 8169, 8222, 8171, 8174, 8155, 8172, 8190, 8181, 8164, 8282,15.61678147315979
4, 8173, 8185, 8142, 8161, 8134, 8217, 8172, 8152, 8143, 8173, 8190, 8166, 8160, 8277,15.624813079833984
5, 8180, 8196, 8212, 8164, 8206, 8220, 8152, 8173, 8123, 8171, 8185, 8172, 8151, 8264,15.632787704467773
6, 8183, 8192, 8188, 8158, 8187, 8217, 8156, 8172, 8145, 8177, 8206, 8176, 8170, 8277,15.640575408935547
7, 8174, 8196, 8145, 8158, 8155, 8212, 8157, 8156, 8171, 8187, 8231, 8168, 8193, 8291,15.647759675979614
8, 8181, 8211, 8178, 8166, 8158, 8212, 8138, 8160, 8157, 8184, 8230, 8177, 8197, 8287,15.655606508255005
9, 8181, 8207, 8173, 8165, 8152, 8200, 8131, 8150, 8134, 8171, 8220, 8179, 8189, 8281,15.663612842559814
10, 8174, 8192, 8180, 8149, 8167, 8184, 8129, 8155, 8123, 8157, 8207, 8168, 8171, 8271,15.671761989593506
11, 8158, 8160, 8140, 8133, 8129, 8180, 8144, 8164, 8122, 8149, 8192, 8153, 8157, 8255,15.67976999282837
12, 8158, 8157, 8172, 8121, 8147, 8186, 8164, 8181, 8120, 8144, 8179, 8157, 8136, 8245,15.687617301940918
13, 8160, 8157, 8194, 8104, 8147, 8189, 8175, 8195, 8137, 8153, 8186, 8163, 8132, 8253,15.695809125900269
14, 8138, 8137, 8134, 8087, 8117, 8183, 8175, 8182, 8156, 8160, 8193, 8151, 8143, 8255,15.70373249053955
15, 8146, 8151, 8190, 8097, 8159, 8180, 8163, 8178, 8140, 8148, 8187, 8163, 8136, 8249,15.710805892944336
16, 8157, 8156, 8158, 8118, 8122, 8176, 8162, 8151, 8138, 8151, 8206, 8176, 8154, 8268,15.71875262260437
17, 8156, 8173, 8157, 8126, 8157, 8175, 8145, 8144, 8139, 8163, 8220, 8168, 8174, 8271,15.72661828994751
18, 8170, 8192, 8249, 8128, 8215, 8180, 8119, 8170, 8128, 8168, 8224, 8174, 8174, 8254,15.734782934188843
19, 8171, 8170, 8164, 8127, 8138, 8177, 8127, 8149, 8141, 8178, 8245, 8172, 8190, 8273,15.74272346496582
20, 8175, 8184, 8140, 8139, 8149, 8171, 8132, 8144, 8154, 8185, 8251, 8173, 8200, 8292,15.750767230987549
21, 8165, 8199, 8154, 8158, 8152, 8170, 8138, 8164, 8158, 8184, 8243, 8174, 8206, 8280,15.7588369846344
22, 8157, 8200, 8161, 8162, 8154, 8168, 8144, 8173, 8151, 8180, 8224, 8168, 8198, 8266,15.766698598861694
23, 8182, 8203, 8207, 8159, 8184, 8163, 8138, 8179, 8136, 8174, 8212, 8173, 8187, 8275,15.774750232696533
24, 8183, 8189, 8148, 8154, 8147, 8153, 8145, 8169, 8144, 8173, 8230, 8171, 8203, 8283,15.781617164611816
25, 8168, 8194, 8175, 8147, 8176, 8150, 8153, 8180, 8144, 8165, 8225, 8164, 8188, 8258,15.789566993713379
26, 8153, 8174, 8174, 8131, 8150, 8152, 8159, 8179, 8140, 8149, 8193, 8152, 8151, 8235,15.797649145126343
27, 8135, 8152, 8129, 8109, 8127, 8147, 8162, 8168, 8141, 8141, 8164, 8136, 8129, 8218,15.805699110031128
28, 8123, 8161, 8171, 8102, 8162, 8141, 8161, 8180, 8131, 8143, 8156, 8142, 8109, 8203,15.813560485839844
29, 8114, 8149, 8136, 8114, 8133, 8143, 8163, 8171, 8133, 8151, 8171, 8147, 8111, 8214,15.821595668792725
30, 8134, 8158, 8174, 8124, 8175, 8151, 8153, 8173, 8132, 8150, 8169, 8154, 8124, 8229,15.829537153244019
31, 8158, 8171, 8200, 8132, 8170, 8146, 8134, 8168, 8126, 8150, 8179, 8165, 8142, 8242,15.837685585021973
32, 8167, 8172, 8155, 8162, 8132, 8143, 8118, 8147, 8134, 8163, 8224, 8171, 8175, 8253,15.844617128372192
33, 8189, 8191, 8180, 8197, 8145, 8157, 8115, 8150, 8146, 8172, 8253, 8189, 8203, 8268,15.852567434310913
34, 8196, 8193, 8148, 8196, 8109, 8154, 8117, 8136, 8140, 8171, 8244, 8192, 8210, 8296,15.860535144805908
35, 8202, 8200, 8196, 8180, 8161, 8141, 8098, 8135, 8116, 8164, 8226, 8185, 8189, 8296,15.868653535842896
36, 8196, 8197, 8212, 8188, 8176, 8148, 8103, 8156, 8123, 8170, 8243, 8191, 8197, 8284,15.876758337020874
37, 8174, 8194, 8143, 8196, 8140, 8169, 8136, 8174, 8151, 8185, 8255, 8184, 8220, 8294,15.884827613830566
38, 8182, 8198, 8186, 8177, 8169, 8174, 8135, 8195, 8140, 8181, 8225, 8179, 8198, 8290,15.892751455307007
39, 8168, 8159, 8137, 8154, 8145, 8147, 8131, 8174, 8119, 8171, 8208, 8163, 8177, 8271,15.900722980499268
40, 8148, 8161, 8172, 8148, 8210, 8134, 8140, 8179, 8116, 8165, 8190, 8149, 8154, 8234,15.90778660774231
41, 8137, 8160, 8218, 8133, 8203, 8143, 8147, 8195, 8125, 8158, 8171, 8148, 8119, 8200,15.915701627731323
42, 8104, 8113, 8095, 8109, 8098, 8142, 8156, 8165, 8142, 8158, 8177, 8130, 8111, 8201,15.923553705215454
43, 8103, 8119, 8133, 8111, 8145, 8144, 8156, 8177, 8155, 8165, 8186, 8141, 8119, 8216,15.931814193725586
44, 8113, 8126, 8160, 8128, 8143, 8149, 8161, 8191, 8170, 8173, 8204, 8161, 8142, 8224,15.939661264419556
45, 8120, 8131, 8166, 8134, 8139, 8144, 8150, 8183, 8165, 8169, 8211, 8159, 8150, 8215,15.947583436965942
46, 8141, 8150, 8210, 8146, 8146, 8139, 8131, 8180, 8148, 8168, 8214, 8166, 8143, 8223,15.955535173416138
47, 8153, 8153, 8161, 8169, 8113, 8145, 8133, 8159, 8152, 8176, 8226, 8168, 8153, 8245,15.963576078414917
48, 8169, 8172, 8199, 8188, 8160, 8156, 8131, 8161, 8151, 8175, 8229, 8183, 8166, 8240,15.971685886383057
49, 8179, 8185, 8205, 8210, 8146, 8167, 8131, 8156, 8148, 8172, 8245, 8196, 8188, 8251,15.978621244430542
50, 8183, 8194, 8194, 8228, 8144, 8175, 8122, 8140, 8137, 8171, 8259, 8200, 8191, 8278,15.986577272415161
51, 8187, 8190, 8196, 8231, 8147, 8166, 8109, 8138, 8116, 8168, 8263, 8211, 8190, 8292,15.994712829589844
52, 8201, 8185, 8179, 8251, 8135, 8151, 8113, 8138, 8111, 8167, 8268, 8215, 8213, 8304,16.002628803253174
53, 8230, 8205, 8273, 8264, 8179, 8155, 8114, 8157, 8104, 8165, 8259, 8225, 8213, 8299,16.010680675506592
54, 8196, 8169, 8213, 8231, 8107, 8149, 8126, 8148, 8105, 8168, 8243, 8210, 8192, 8268,16.01858687400818
55, 8153, 8139, 8125, 8211, 8084, 8141, 8142, 8138, 8116, 8167, 8232, 8181, 8187, 8247,16.02678346633911
56, 8189, 8170, 8200, 8239, 8144, 8154, 8150, 8171, 8137, 8164, 8247, 8199, 8208, 8278,16.03477644920349
57, 8194, 8165, 8181, 8228, 8118, 8156, 8151, 8186, 8159, 8174, 8255, 8203, 8221, 8299,16.041548252105713
58, 8156, 8143, 8158, 8183, 8130, 8152, 8148, 8188, 8153, 8176, 8219, 8172, 8192, 8263,16.04975724220276
59, 8155, 8143, 8151, 8195, 8137, 8163, 8160, 8194, 8167, 8176, 8197, 8162, 8186, 8248,16.05764889717102
60, 8174, 8156, 8181, 8212, 8161, 8164, 8159, 8207, 8194, 8183, 8196, 8175, 8200, 8260,16.0655357837677
61, 8161, 8143, 8194, 8181, 8149, 8147, 8145, 8203, 8186, 8184, 8180, 8178, 8187, 8260,16.073697328567505
62, 8139, 8127, 8120, 8166, 8100, 8141, 8141, 8161, 8169, 8181, 8173, 8157, 8178, 8266,16.081804752349854
63, 8180, 8177, 8243, 8203, 8198, 8148, 8120, 8167, 8152, 8176, 8181, 8172, 8174, 8270,16.089858293533325
64, 8187, 8170, 8217, 8215, 8156, 8143, 8112, 8160, 8155, 8178, 8201, 8189, 8178, 8267,16.097771883010864
65, 8151, 8139, 8098, 8181, 8111, 8142, 8118, 8137, 8162, 8180, 8187, 8165, 8171, 8256,16.105785608291626
66, 8172, 8165, 8223, 8181, 8205, 8158, 8116, 8175, 8150, 8174, 8159, 8169, 8158, 8257,16.112805128097534
67, 8165, 8142, 8170, 8200, 8121, 8153, 8145, 8170, 8155, 8177, 8172, 8175, 8180, 8283,16.120721578598022
68, 8125, 8114, 8073, 8186, 8083, 8145, 8165, 8148, 8161, 8180, 8174, 8159, 8184, 8280,16.1287739276886
69, 8118, 8115, 8131, 8146, 8161, 8148, 8147, 8160, 8143, 8176, 8148, 8151, 8157, 8243,16.136807918548584
70, 8121, 8110, 8164, 8125, 8172, 8141, 8135, 8158, 8122, 8168, 8126, 8145, 8139, 8223,16.144758701324463
71, 8115, 8104, 8156, 8128, 8131, 8144, 8154, 8155, 8119, 8159, 8126, 8149, 8130, 8228,16.152875423431396
72, 8098, 8098, 8113, 8128, 8097, 8161, 8178, 8164, 8141, 8164, 8138, 8147, 8133, 8236,16.160802364349365
73, 8100, 8110, 8164, 8121, 8153, 8171, 8174, 8188, 8157, 8170, 8124, 8143, 8129, 8223,16.16878604888916
74, 8121, 8112, 8189, 8132, 8153, 8171, 8181, 8196, 8166, 8175, 8127, 8151, 8135, 8226,16.175890922546387
75, 8135, 8111, 8148, 8157, 8125, 8176, 8194, 8200, 8180, 8182, 8157, 8162, 8156, 8252,16.18378186225891
76, 8145, 8128, 8183, 8166, 8159, 8194, 8185, 8222, 8189, 8187, 8172, 8173, 8162, 8254,16.191549062728882
77, 8147, 8133, 8165, 8177, 8137, 8208, 8190, 8204, 8189, 8188, 8181, 8168, 8159, 8230,16.199851274490356
78, 8151, 8141, 8186, 8197, 8159, 8208, 8196, 8179, 8168, 8176, 8171, 8162, 8143, 8203,16.207809925079346
79, 8149, 8129, 8196, 8198, 8166, 8205, 8193, 8171, 8160, 8169, 8157, 8174, 8146, 8213,16.215739965438843
80, 8146, 8127, 8139, 8187, 8140, 8204, 8189, 8154, 8181, 8179, 8176, 8175, 8177, 8251,16.22387385368347
81, 8167, 8163, 8217, 8186, 8195, 8197, 8169, 8152, 8169, 8181, 8182, 8177, 8171, 8263,16.231765508651733
82, 8160, 8145, 8189, 8182, 8153, 8177, 8158, 8134, 8142, 8172, 8174, 8172, 8159, 8270,16.238787174224854
83, 8149, 8123, 8147, 8175, 8141, 8165, 8156, 8134, 8136, 8167, 8172, 8166, 8157, 8278,16.246747493743896
84, 8167, 8134, 8201, 8168, 8165, 8167, 8159, 8168, 8140, 8162, 8167, 8171, 8150, 8266,16.25479245185852
85, 8148, 8116, 8156, 8138, 8122, 8170, 8177, 8177, 8154, 8157, 8155, 8158, 8145, 8248,16.26279330253601
86, 8127, 8105, 8154, 8122, 8135, 8177, 8191, 8190, 8167, 8166, 8158, 8160, 8142, 8242,16.270874500274658
87, 8126, 8103, 8136, 8136, 8119, 8177, 8203, 8197, 8181, 8174, 8179, 8166, 8149, 8257,16.27880048751831
88, 8137, 8118, 8169, 8139, 8148, 8173, 8202, 8208, 8184, 8167, 8172, 8162, 8148, 8259,16.2868492603302
89, 8150, 8125, 8189, 8137, 8137, 8160, 8197, 8211, 8179, 8166, 8160, 8171, 8148, 8257,16.294681310653687
90, 8152, 8123, 8146, 8149, 8113, 8143, 8200, 8184, 8180, 8175, 8167, 8175, 8150, 8263,16.302810430526733
91, 8184, 8168, 8297, 8165, 8234, 8155, 8192, 8216, 8177, 8173, 8161, 8196, 8136, 8258,16.309807062149048
92, 8181, 8154, 8229, 8167, 8158, 8170, 8203, 8214, 8197, 8175, 8174, 8199, 8159, 8281,16.317586183547974
93, 8160, 8130, 8084, 8165, 8090, 8172, 8207, 8166, 8206, 8179, 8182, 8174, 8184, 8292,16.325807809829712
94, 8193, 8165, 8214, 8170, 8194, 8179, 8179, 8175, 8182, 8175, 8168, 8179, 8170, 8266,16.333943843841553
95, 8204, 8169, 8198, 8182, 8158, 8181, 8172, 8170, 8186, 8187, 8188, 8185, 8185, 8281,16.341604709625244
96, 8184, 8161, 8109, 8183, 8113, 8178, 8176, 8152, 8201, 8201, 8210, 8183, 8223, 8313,16.349811792373657
97, 8170, 8150, 8143, 8161, 8134, 8177, 8169, 8151, 8189, 8200, 8198, 8179, 8219, 8304,16.357805013656616
98, 8165, 8139, 8198, 8150, 8167, 8168, 8161, 8150, 8155, 8186, 8176, 8166, 8182, 8270,16.365539073944092
99, 8158, 8139, 8174, 8146, 8147, 8154, 8169, 8151, 8132, 8170, 8165, 8160, 8165, 8259,16.372925758361816
100, 8135, 8128, 8103, 8129, 8099, 8144, 8182, 8154, 8146, 8170, 8160, 8154, 8174, 8268,16.38080596923828
101, 8135, 8128, 8175, 8120, 8156, 8145, 8173, 8175, 8154, 8172, 8144, 8159, 8158, 8261,16.388808727264404
102, 8142, 8123, 8166, 8133, 8131, 8157, 8182, 8178, 8160, 8174, 8145, 8158, 8146, 8253,16.396849870681763
103, 8148, 8143, 8143, 8148, 8123, 8174, 8203, 8190, 8182, 8185, 8154, 8152, 8160, 8255,16.404801845550537
104, 8177, 8166, 8255, 8149, 8197, 8170, 8186, 8221, 8198, 8193, 8163, 8182, 8174, 8271,16.41279935836792
105, 8169, 8131, 8178, 8148, 8134, 8153, 8175, 8191, 8206, 8189, 8176, 8181, 8181, 8293,16.420734882354736
106, 8149, 8139, 8122, 8163, 8120, 8162, 8184, 8162, 8186, 8177, 8160, 8149, 8161, 8268,16.428602695465088
107, 8158, 8168, 8161, 8172, 8148, 8171, 8184, 8157, 8167, 8174, 8152, 8161, 8153, 8243,16.436821222305298
108, 8171, 8168, 8165, 8163, 8165, 8159, 8161, 8140, 8157, 8173, 8156, 8183, 8159, 8255,16.443717002868652
109, 8184, 8184, 8240, 8170, 8201, 8162, 8137, 8152, 8133, 8165, 8147, 8186, 8143, 8263,16.451775312423706
110, 8177, 8176, 8177, 8194, 8128, 8175, 8161, 8156, 8142, 8176, 8166, 8177, 8168, 8286,16.45976161956787
111, 8175, 8171, 8129, 8193, 8128, 8175, 8179, 8157, 8165, 8186, 8182, 8182, 8204, 8306,16.467629194259644
112, 8176, 8174, 8170, 8163, 8165, 8164, 8163, 8160, 8153, 8182, 8167, 8188, 8197, 8298,16.47577929496765
113, 8161, 8167, 8163, 8159, 8156, 8159, 8164, 8153, 8139, 8182, 8151, 8166, 8184, 8290,16.48380208015442
114, 8158, 8165, 8182, 8167, 8179, 8165, 8181, 8176, 8151, 8182, 8144, 8159, 8182, 8289,16.492535829544067
115, 8144, 8142, 8129, 8137, 8147, 8161, 8186, 8182, 8183, 8187, 8145, 8159, 8189, 8278,16.49870991706848
116, 8141, 8147, 8157, 8121, 8176, 8160, 8176, 8192, 8203, 8194, 8146, 8164, 8191, 8266,16.506813287734985
117, 8158, 8171, 8213, 8154, 8180, 8176, 8188, 8215, 8223, 8205, 8153, 8177, 8193, 8276,16.51485300064087
118, 8156, 8170, 8145, 8169, 8120, 8168, 8203, 8204, 8245, 8216, 8156, 8165, 8202, 8292,16.52275276184082
119, 8174, 8179, 8189, 8171, 8159, 8148, 8178, 8199, 8232, 8207, 8151, 8171, 8195, 8296,16.530802488327026
120, 8190, 8174, 8190, 8186, 8141, 8143, 8162, 8183, 8209, 8193, 8161, 8185, 8190, 8298,16.538546562194824
121, 8177, 8179, 8154, 8179, 8136, 8138, 8163, 8165, 8195, 8183, 8154, 8176, 8176, 8276,16.546799182891846
122, 8162, 8185, 8191, 8161, 8179, 8122, 8148, 8160, 8181, 8171, 8128, 8164, 8149, 8235,16.554609060287476
123, 8149, 8162, 8169, 8146, 8159, 8112, 8136, 8140, 8163, 8154, 8119, 8153, 8130, 8222,16.56180477142334
124, 8167, 8166, 8175, 8135, 8152, 8120, 8145, 8140, 8148, 8148, 8131, 8169, 8136, 8259,16.570563554763794
125, 8168, 8167, 8123, 8146, 8110, 8131, 8165, 8136, 8158, 8161, 8148, 8174, 8166, 8293,16.57780385017395
126, 8162, 8181, 8175, 8159, 8165, 8139, 8151, 8145, 8151, 8155, 8127, 8154, 8148, 8258,16.58574604988098
127, 8176, 8187, 8243, 8145, 8183, 8143, 8137, 8160, 8129, 8150, 8119, 8166, 8130, 8243,16.593518257141113
237, 8153, 8161, 8113, 8128, 8099, 8133, 8164, 8137, 8141, 8174, 8166, 8183, 8187, 8296,16.60161256790161
0, 8142, 8182, 8183, 8145, 8188, 8127, 8167, 8161, 8147, 8188, 8172, 8187, 8213, 8295,16.60977864265442
1, 8162, 8187, 8229, 8171, 8176, 8127, 8162, 8192, 8160, 8187, 8161, 8181, 8203, 8277,16.617616891860962
2, 8179, 8171, 8125, 8173, 8090, 8127, 8182, 8177, 8190, 8198, 8186, 8184, 8228, 8314,16.625746726989746
3, 8195, 8193, 8177, 8168, 8160, 8125, 8178, 8192, 8202, 8212, 8203, 8211, 8251, 8336,16.63265872001648
4, 8197, 8198, 8201, 8180, 8185, 8122, 8157, 8207, 8218, 8217, 8199, 8214, 8253, 8334,16.64188838005066
5, 8196, 8190, 8163, 8186, 8159, 8120, 8144, 8191, 8231, 8213, 8190, 8188, 8237, 8325,16.648568630218506
6, 8183, 8184, 8131, 8164, 8136, 8119, 8153, 8165, 8230, 8208, 8178, 8164, 8221, 8293,16.656803607940674
7, 8175, 8194, 8173, 8162, 8176, 8125, 8159, 8173, 8223, 8207, 8152, 8157, 8205, 8263,16.664702892303467
8, 8167, 8191, 8198, 8173, 8166, 8130, 8162, 8188, 8217, 8200, 8138, 8163, 8196, 8267,16.672741413116455
9, 8147, 8168, 8112, 8151, 8098, 8122, 8174, 8158, 8215, 8193, 8150, 8158, 8205, 8282,16.680599212646484
10, 8176, 8193, 8216, 8135, 8187, 8117, 8156, 8172, 8185, 8178, 8150, 8176, 8193, 8272,16.688795804977417
11, 8201, 8190, 8248, 8148, 8181, 8119, 8144, 8190, 8166, 8171, 8152, 8199, 8188, 8285,16.695702075958252
12, 8176, 8163, 8122, 8166, 8109, 8121, 8156, 8160, 8181, 8183, 8158, 8181, 8203, 8312,16.70378875732422
13, 8182, 8192, 8182, 8171, 8158, 8125, 8150, 8164, 8184, 8190, 8158, 8183, 8199, 8309,16.711778163909912
14, 8191, 8198, 8183, 8162, 8130, 8125, 8147, 8171, 8174, 8191, 8171, 8189, 8207, 8302,16.719566822052002
15, 8183, 8187, 8145, 8157, 8132, 8128, 8153, 8171, 8175, 8194, 8172, 8181, 8224, 8307,16.728745698928833
16, 8170, 8180, 8150, 8163, 8143, 8141, 8163, 8176, 8189, 8203, 8161, 8176, 8221, 8316,16.735806465148926
17, 8145, 8171, 8143, 8157, 8136, 8148, 8176, 8176, 8194, 8202, 8141, 8156, 8197, 8284,16.743622303009033
18, 8147, 8179, 8196, 8136, 8184, 8146, 8180, 8193, 8186, 8192, 8123, 8149, 8174, 8233,16.751786947250366
19, 8159, 8169, 8161, 8125, 8151, 8133, 8184, 8178, 8192, 8190, 8136, 8160, 8189, 8251,16.759656190872192
20, 8172, 8165, 8162, 8126, 8147, 8124, 8172, 8169, 8190, 8189, 8143, 8172, 8191, 8289,16.766775846481323
21, 8174, 8156, 8173, 8126, 8155, 8136, 8171, 8176, 8183, 8190, 8132, 8168, 8176, 8284,16.77457046508789
22, 8159, 8155, 8146, 8128, 8162, 8145, 8192, 8166, 8192, 8190, 8137, 8157, 8181, 8264,16.78280282020569
23, 8167, 8186, 8227, 8136, 8207, 8134, 8174, 8168, 8186, 8184, 8142, 8182, 8183, 8262,16.790586233139038
24, 8156, 8165, 8164, 8137, 8131, 8108, 8143, 8144, 8164, 8182, 8141, 8178, 8177, 8276,16.798550605773926
25, 8138, 8156, 8119, 8130, 8135, 8103, 8134, 8134, 8146, 8175, 8127, 8142, 8150, 8266,16.806718826293945
26, 8145, 8177, 8179, 8139, 8177, 8117, 8132, 8153, 8143, 8173, 8133, 8148, 8146, 8244,16.814809799194336
27, 8157, 8170, 8152, 8160, 8147, 8116, 8118, 8148, 8153, 8182, 8161, 8162, 8188, 8257,16.822623014450073
28, 8169, 8184, 8225, 8164, 8214, 8109, 8105, 8173, 8144, 8182, 8150, 8166, 8187, 8269,16.829633474349976
29, 8143, 8173, 8202, 8152, 8180, 8107, 8133, 8183, 8147, 8184, 8148, 8166, 8174, 8261,16.837610960006714
30, 8124, 8151, 8097, 8145, 8105, 8112, 8163, 8158, 8161, 8195, 8157, 8162, 8188, 8254,16.845617055892944
31, 8149, 8164, 8135, 8150, 8139, 8116, 8176, 8161, 8160, 8193, 8133, 8164, 8182, 8266,16.853657245635986
32, 8132, 8165, 8165, 8147, 8172, 8123, 8188, 8174, 8165, 8184, 8097, 8147, 8144, 8250,16.861795663833618
33, 8100, 8154, 8176, 8140, 8182, 8142, 8193, 8182, 8164, 8179, 8095, 8144, 8122, 8201,16.869760274887085
34, 8132, 8156, 8131, 8160, 8126, 8149, 8206, 8169, 8175, 8185, 8140, 8175, 8161, 8229,16.8775634765625
35, 8193, 8197, 8179, 8197, 8175, 8143, 8200, 8179, 8193, 8188, 8154, 8205, 8190, 8300,16.885605096817017
36, 8190, 8207, 8249, 8196, 8223, 8133, 8169, 8199, 8200, 8184, 8136, 8199, 8178, 8300,16.892526388168335
37, 8145, 8178, 8142, 8180, 8142, 8114, 8154, 8159, 8200, 8182, 8144, 8167, 8177, 8265,16.9006404876709
38, 8179, 8220, 8173, 8217, 8175, 8111, 8142, 8149, 8183, 8182, 8164, 8187, 8185, 8278,16.908524990081787
39, 8217, 8245, 8211, 8245, 8182, 8128, 8136, 8170, 8177, 8185, 8175, 8211, 8198, 8319,16.91669726371765
40, 8171, 8205, 8140, 8208, 8147, 8134, 8135, 8159, 8184, 8183, 8161, 8174, 8192, 8308,16.924649477005005
41, 8140, 8193, 8179, 8180, 8185, 8125, 8129, 8155, 8173, 8181, 8151, 8163, 8162, 8267,16.93264365196228
42, 8163, 8200, 8196, 8194, 8179, 8129, 8145, 8162, 8167, 8182, 8167, 8181, 8164, 8270,16.940799474716187
43, 8197, 8213, 8197, 8205, 8186, 8142, 8170, 8181, 8176, 8181, 8174, 8180, 8180, 8287,16.94851541519165
44, 8185, 8201, 8139, 8192, 8151, 8129, 8178, 8176, 8184, 8186, 8176, 8165, 8187, 8293,16.95679235458374
45, 8154, 8190, 8137, 8176, 8151, 8112, 8154, 8160, 8166, 8187, 8182, 8170, 8187, 8291,16.96372103691101
46, 8162, 8188, 8224, 8164, 8180, 8125, 8127, 8166, 8149, 8181, 8179, 8197, 8183, 8290,16.97154951095581
47, 8154, 8161, 8136, 8164, 8125, 8133, 8144, 8154, 8167, 8185, 8179, 8182, 8185, 8297,16.979698657989502
48, 8151, 8185, 8181, 8179, 8195, 8145, 8154, 8176, 8168, 8184, 8166, 8164, 8165, 8279,16.98779821395874
49, 8152, 8198, 8236, 8191, 8187, 8169, 8163, 8191, 8164, 8174, 8170, 8179, 8163, 8268,16.995595693588257
50, 8140, 8171, 8121, 8184, 8105, 8178, 8192, 8163, 8184, 8176, 8195, 8178, 8193, 8290,17.0038001537323
51, 8150, 8177, 8166, 8172, 8167, 8183, 8198, 8183, 8194, 8184, 8194, 8173, 8193, 8287,17.011751174926758
52, 8151, 8173, 8167, 8171, 8134, 8179, 8185, 8188, 8199, 8190, 8188, 8174, 8188, 8279,17.019797801971436
53, 8165, 8191, 8169, 8189, 8116, 8165, 8160, 8167, 8183, 8178, 8194, 8193, 8191, 8297,17.02671480178833
54, 8201, 8210, 8220, 8209, 8143, 8164, 8148, 8171, 8165, 8168, 8213, 8214, 8202, 8323,17.03481698036194
55, 8201, 8191, 8169, 8211, 8127, 8178, 8170, 8167, 8181, 8186, 8222, 8194, 8217, 8324,17.04271411895752
56, 8186, 8195, 8173, 8212, 8143, 8186, 8184, 8163, 8193, 8197, 8205, 8181, 8208, 8294,17.050660133361816
57, 8187, 8207, 8170, 8221, 8119, 8179, 8179, 8154, 8192, 8185, 8194, 8181, 8196, 8288,17.058748245239258
58, 8199, 8223, 8180, 8214, 8147, 8180, 8179, 8161, 8188, 8175, 8183, 8168, 8182, 8288,17.0667724609375
59, 8179, 8215, 8173, 8194, 8164, 8181, 8196, 8172, 8181, 8173, 8182, 8157, 8170, 8258,17.074698448181152
60, 8147, 8194, 8142, 8186, 8144, 8183, 8208, 8167, 8183, 8177, 8203, 8166, 8177, 8249,17.08279585838318
61, 8178, 8204, 8212, 8189, 8176, 8189, 8198, 8187, 8188, 8181, 8211, 8194, 8192, 8290,17.09068250656128
62, 8200, 8191, 8164, 8182, 8134, 8183, 8205, 8195, 8204, 8187, 8210, 8187, 8212, 8329,17.097644805908203
63, 8164, 8176, 8119, 8165, 8138, 8175, 8217, 8198, 8215, 8191, 8205, 8161, 8211, 8308,17.10575032234192
64, 8130, 8177, 8153, 8157, 8155, 8182, 8225, 8207, 8218, 8192, 8199, 8166, 8189, 8279,17.113770484924316
65, 8135, 8179, 8139, 8162, 8126, 8196, 8235, 8196, 8231, 8192, 8190, 8164, 8174, 8281,17.121726512908936
66, 8164, 8204, 8215, 8173, 8181, 8209, 8231, 8216, 8237, 8191, 8181, 8167, 8166, 8273,17.129770278930664
67, 8144, 8191, 8180, 8172, 8154, 8204, 8235, 8214, 8243, 8193, 8199, 8172, 8175, 8262,17.13775396347046
68, 8118, 8172, 8118, 8167, 8126, 8184, 8226, 8184, 8244, 8191, 8208, 8161, 8183, 8262,17.145801305770874
69, 8159, 8183, 8170, 8176, 8141, 8179, 8192, 8176, 8225, 8185, 8196, 8168, 8182, 8280,17.153751373291016
70, 8188, 8193, 8162, 8191, 8127, 8171, 8167, 8159, 8205, 8179, 8189, 8170, 8183, 8289,17.161784887313843
71, 8174, 8205, 8196, 8199, 8170, 8153, 8144, 8152, 8184, 8174, 8184, 8169, 8166, 8265,17.16874051094055
72, 8141, 8185, 8142, 8194, 8133, 8137, 8134, 8133, 8176, 8179, 8202, 8169, 8177, 8267,17.17660927772522
73, 8158, 8196, 8164, 8186, 8160, 8137, 8128, 8133, 8159, 8178, 8200, 8180, 8193, 8293,17.1847562789917
74, 8212, 8227, 8289, 8191, 8221, 8157, 8132, 8168, 8150, 8173, 8182, 8203, 8182, 8304,17.192800045013428
75, 8185, 8190, 8153, 8191, 8121, 8170, 8167, 8157, 8184, 8181, 8201, 8182, 8195, 8296,17.20056700706482
76, 8134, 8172, 8094, 8175, 8126, 8172, 8183, 8156, 8191, 8181, 8203, 8157, 8203, 8270,17.208794116973877
77, 8140, 8188, 8177, 8157, 8174, 8183, 8189, 8181, 8182, 8184, 8178, 8165, 8196, 8270,17.216782569885254
78, 8162, 8186, 8163, 8159, 8152, 8209, 8208, 8187, 8199, 8189, 8167, 8164, 8184, 8286,17.22459053993225
79, 8157, 8175, 8137, 8161, 8134, 8208, 8208, 8180, 8202, 8178, 8157, 8154, 8161, 8260,17.23169732093811
80, 8116, 8165, 8130, 8152, 8130, 8183, 8194, 8163, 8188, 8169, 8154, 8144, 8152, 8216,17.239784479141235
81, 8117, 8188, 8208, 8150, 8184, 8183, 8183, 8171, 8179, 8174, 8162, 8155, 8153, 8213,17.247832775115967
82, 8156, 8188, 8155, 8160, 8118, 8186, 8194, 8171, 8192, 8179, 8168, 8166, 8157, 8257,17.255796432495117
83, 8155, 8185, 8125, 8166, 8120, 8187, 8196, 8172, 8201, 8178, 8159, 8159, 8148, 8268,17.263741970062256
84, 8124, 8199, 8272, 8158, 8232, 8190, 8174, 8206, 8187, 8176, 8163, 8168, 8141, 8226,17.271825313568115
85, 8107, 8177, 8182, 8165, 8126, 8185, 8177, 8174, 8190, 8183, 8192, 8168, 8168, 8228,17.27975058555603
86, 8157, 8192, 8096, 8194, 8085, 8191, 8183, 8138, 8187, 8182, 8195, 8170, 8182, 8268,17.287797451019287
87, 8195, 8217, 8170, 8203, 8172, 8199, 8163, 8155, 8168, 8169, 8193, 8180, 8171, 8270,17.29474425315857
88, 8144, 8195, 8160, 8188, 8170, 8186, 8147, 8141, 8152, 8155, 8199, 8162, 8162, 8244,17.302730321884155
89, 8131, 8200, 8172, 8192, 8158, 8182, 8146, 8123, 8134, 8146, 8190, 8164, 8150, 8242,17.310758590698242
90, 8183, 8210, 8174, 8204, 8146, 8196, 8158, 8130, 8136, 8149, 8202, 8186, 8158, 8275,17.318796634674072
91, 8192, 8199, 8201, 8177, 8186, 8188, 8162, 8161, 8144, 8156, 8206, 8178, 8163, 8280,17.326557636260986
92, 8134, 8175, 8174, 8150, 8156, 8173, 8181, 8171, 8154, 8161, 8192, 8157, 8159, 8258,17.334639072418213
93, 8113, 8173, 8103, 8153, 8100, 8177, 8200, 8157, 8170, 8167, 8185, 8150, 8164, 8254,17.342724084854126
94, 8166, 8196, 8177, 8148, 8166, 8176, 8181, 8178, 8168, 8169, 8178, 8161, 8154, 8261,17.350696563720703
95, 8163, 8170, 8156, 8128, 8162, 8163, 8172, 8182, 8176, 8174, 8175, 8153, 8147, 8269,17.357762336730957
96, 8111, 8155, 8117, 8129, 8154, 8168, 8180, 8178, 8190, 8180, 8178, 8139, 8148, 8250,17.365790843963623
97, 8108, 8172, 8168, 8149, 8154, 8179, 8175, 8176, 8185, 8179, 8182, 8142, 8148, 8224,17.373734951019287
98, 8143, 8173, 8161, 8160, 8118, 8163, 8165, 8155, 8174, 8171, 8182, 8133, 8144, 8227,17.381762266159058
99, 8164, 8185, 8194, 8160, 8163, 8160, 8165, 8172, 8176, 8168, 8186, 8148, 8135, 8239,17.389769792556763
100, 8123, 8172, 8153, 8153, 8160, 8179, 8185, 8187, 8199, 8185, 8220, 8171, 8164, 8263,17.397795915603638
101, 8099, 8178, 8159, 8162, 8172, 8182, 8183, 8184, 8200, 8187, 8223, 8163, 8179, 8267,17.405757904052734
102, 8150, 8201, 8222, 8186, 8168, 8163, 8167, 8182, 8182, 8171, 8195, 8157, 8152, 8246,17.413766384124756
103, 8173, 8189, 8152, 8187, 8112, 8151, 8174, 8159, 8188, 8172, 8206, 8164, 8156, 8251,17.42182946205139
104, 8151, 8187, 8166, 8164, 8171, 8159, 8169, 8167, 8191, 8179, 8227, 8183, 8178, 8275,17.428722858428955
105, 8127, 8186, 8177, 8168, 8166, 8152, 8159, 8170, 8182, 8177, 8218, 8179, 8187, 8280,17.43677568435669
106, 8157, 8202, 8177, 8204, 8143, 8141, 8163, 8154, 8175, 8170, 8192, 8162, 8175, 8264,17.444765090942383
107, 8213, 8219, 8224, 8208, 8160, 8150, 8169, 8165, 8173, 8172, 8182, 8177, 8169, 8273,17.45256495475769
108, 8184, 8188, 8150, 8168, 8137, 8160, 8183, 8172, 8173, 8177, 8187, 8174, 8174, 8292,17.460755586624146
109, 8126, 8180, 8152, 8147, 8179, 8165, 8181, 8180, 8161, 8168, 8171, 8161, 8154, 8262,17.46875810623169
110, 8138, 8190, 8169, 8169, 8140, 8167, 8179, 8175, 8168, 8171, 8172, 8164, 8158, 8245,17.47653579711914
111, 8197, 8200, 8173, 8196, 8120, 8160, 8178, 8174, 8189, 8184, 8182, 8164, 8178, 8272,17.484709978103638
112, 8205, 8196, 8205, 8178, 8172, 8151, 8165, 8191, 8181, 8180, 8173, 8160, 8164, 8280,17.491786003112793
113, 8139, 8163, 8110, 8127, 8134, 8142, 8165, 8176, 8173, 8172, 8165, 8146, 8159, 8258,17.499691009521484
114, 8126, 8177, 8154, 8124, 8165, 8143, 8169, 8177, 8178, 8176, 8162, 8154, 8161, 8240,17.507699489593506
115, 8171, 8198, 8225, 8170, 8168, 8142, 8164, 8174, 8180, 8177, 8174, 8174, 8163, 8250,17.51574945449829
116, 8171, 8187, 8162, 8178, 8138, 8124, 8149, 8144, 8162, 8161, 8177, 8163, 8155, 8258,17.52360963821411
117, 8135, 8175, 8141, 8154, 8155, 8117, 8135, 8141, 8137, 8144, 8160, 8153, 8138, 8240,17.53165888786316
118, 8130, 8174, 8130, 8169, 8134, 8131, 8140, 8143, 8151, 8156, 8179, 8161, 8160, 8245,17.5396249294281
119, 8190, 8215, 8227, 8204, 8183, 8146, 8135, 8162, 8166, 8173, 8206, 8185, 8193, 8273,17.54769539833069
120, 8201, 8209, 8193, 8208, 8151, 8136, 8126, 8162, 8168, 8176, 8210, 8185, 8200, 8290,17.554605960845947
121, 8146, 8179, 8110, 8181, 8139, 8129, 8126, 8153, 8168, 8171, 8193, 8153, 8185, 8269,17.5626323223114
122, 8147, 8195, 8249, 8162, 8232, 8139, 8136, 8192, 8157, 8171, 8168, 8162, 8168, 8244,17.570443630218506
123, 8155, 8166, 8192, 8162, 8138, 8127, 8168, 8187, 8167, 8179, 8168, 8171, 8174, 8259,17.57869577407837
124, 8132, 8135, 8077, 8154, 8088, 8108, 8178, 8163, 8181, 8175, 8168, 8151, 8169, 8265,17.586602687835693
125, 8123, 8145, 8132, 8144, 8163, 8119, 8172, 8188, 8187, 8170, 8165, 8148, 8158, 8252,17.59459161758423
126, 8127, 8161, 8173, 8150, 8187, 8145, 8188, 8204, 8196, 8176, 8163, 8153, 8154, 8254,17.60266923904419
127, 8141, 8172, 8193, 8154, 8170, 8147, 8188, 8195, 8183, 8162, 8145, 8144, 8132, 8242,17.610729932785034
237, 8122, 8144, 8122, 8134, 8106, 8129, 8169, 8169, 8178, 8152, 8147, 8121, 8121, 8222,17.618478775024414
0, 8109, 8150, 8154, 8123, 8162, 8125, 8150, 8170, 8175, 8161, 8156, 8117, 8112, 8219,17.625628232955933
1, 8146, 8185, 8222, 8145, 8194, 8125, 8138, 8166, 8157, 8165, 8168, 8134, 8114, 8237,17.633779764175415
2, 8176, 8187, 8166, 8175, 8131, 8119, 8139, 8136, 8150, 8165, 8195, 8138, 8151, 8263,17.641549348831177
3, 8189, 8203, 8191, 8198, 8168, 8134, 8140, 8149, 8164, 8176, 8219, 8156, 8191, 8285,17.64946222305298
4, 8192, 8214, 8175, 8209, 8175, 8147, 8140, 8151, 8186, 8191, 8236, 8169, 8217, 8305,17.657649993896484
5, 8215, 8230, 8183, 8219, 8191, 8139, 8116, 8140, 8185, 8192, 8239, 8169, 8218, 8309,17.665581226348877
6, 8240, 8241, 8239, 8227, 8213, 8142, 8103, 8156, 8170, 8189, 8245, 8180, 8225, 8313,17.67374014854431
7, 8199, 8210, 8169, 8218, 8177, 8147, 8128, 8153, 8162, 8184, 8234, 8158, 8217, 8306,17.681669235229492
8, 8156, 8184, 8164, 8199, 8190, 8141, 8133, 8158, 8149, 8171, 8188, 8132, 8168, 8263,17.688638925552368
9, 8149, 8163, 8153, 8185, 8145, 8138, 8136, 8164, 8150, 8171, 8175, 8133, 8157, 8248,17.696747303009033
10, 8149, 8167, 8146, 8176, 8152, 8150, 8148, 8173, 8153, 8170, 8179, 8129, 8162, 8249,17.704699516296387
11, 8121, 8157, 8166, 8159, 8176, 8153, 8144, 8184, 8141, 8157, 8157, 8116, 8126, 8225,17.71282148361206
12, 8092, 8119, 8115, 8142, 8132, 8141, 8135, 8168, 8146, 8154, 8154, 8107, 8120, 8223,17.720786809921265
13, 8130, 8138, 8174, 8155, 8174, 8142, 8137, 8177, 8157, 8163, 8178, 8130, 8150, 8249,17.728614330291748
14, 8154, 8153, 8164, 8179, 8146, 8150, 8152, 8176, 8169, 8171, 8189, 8140, 8155, 8261,17.736744165420532
15, 8138, 8152, 8142, 8183, 8145, 8152, 8151, 8170, 8172, 8163, 8170, 8125, 8139, 8242,17.744762420654297
16, 8165, 8172, 8217, 8198, 8191, 8150, 8151, 8185, 8167, 8162, 8177, 8144, 8151, 8256,17.75149393081665
17, 8202, 8194, 8175, 8237, 8160, 8152, 8172, 8169, 8176, 8180, 8221, 8166, 8201, 8308,17.759793519973755
18, 8232, 8233, 8261, 8267, 8231, 8163, 8152, 8181, 8171, 8180, 8218, 8182, 8202, 8304,17.767709255218506
19, 8226, 8214, 8241, 8274, 8184, 8156, 8137, 8183, 8183, 8184, 8227, 8183, 8210, 8297,17.776569366455078
20, 8211, 8202, 8158, 8277, 8148, 8142, 8146, 8159, 8196, 8202, 8256, 8168, 8240, 8315,17.783691883087158
21, 8223, 8238, 8280, 8275, 8239, 8148, 8127, 8171, 8164, 8196, 8230, 8173, 8220, 8298,17.791767835617065
22, 8177, 8192, 8170, 8250, 8137, 8143, 8123, 8135, 8147, 8182, 8204, 8150, 8204, 8275,17.79985737800598
23, 8112, 8142, 8013, 8221, 8067, 8137, 8131, 8093, 8143, 8179, 8202, 8118, 8204, 8259,17.80777382850647
24, 8116, 8152, 8094, 8212, 8150, 8154, 8127, 8124, 8130, 8174, 8193, 8123, 8189, 8242,17.81544041633606
25, 8144, 8163, 8191, 8219, 8198, 8171, 8132, 8169, 8135, 8168, 8178, 8129, 8172, 8241,17.82242465019226
26, 8147, 8156, 8179, 8223, 8158, 8178, 8152, 8187, 8165, 8172, 8189, 8137, 8178, 8258,17.83048963546753
27, 8147, 8159, 8124, 8229, 8125, 8186, 8170, 8180, 8188, 8184, 8208, 8146, 8198, 8273,17.838662147521973
28, 8179, 8187, 8209, 8244, 8200, 8186, 8162, 8186, 8174, 8181, 8202, 8156, 8189, 8276,17.846511602401733
29, 8189, 8172, 8201, 8253, 8171, 8169, 8162, 8183, 8174, 8178, 8207, 8158, 8187, 8285,17.854509115219116
30, 8174, 8159, 8130, 8253, 8142, 8165, 8177, 8181, 8195, 8184, 8211, 8149, 8195, 8288,17.862732887268066
31, 8191, 8196, 8238, 8264, 8231, 8180, 8174, 8197, 8182, 8184, 8193, 8162, 8182, 8278,17.87160301208496
32, 8187, 8184, 8218, 8271, 8180, 8173, 8173, 8171, 8161, 8178, 8190, 8164, 8173, 8275,17.878678798675537
33, 8171, 8160, 8112, 8267, 8113, 8164, 8179, 8153, 8168, 8178, 8194, 8141, 8176, 8276,17.885483026504517
34, 8187, 8182, 8147, 8271, 8146, 8170, 8171, 8173, 8174, 8177, 8186, 8145, 8178, 8283,17.89347243309021
35, 8177, 8189, 8185, 8265, 8169, 8169, 8165, 8176, 8166, 8177, 8178, 8153, 8174, 8278,17.90161395072937
36, 8137, 8167, 8184, 8249, 8173, 8167, 8177, 8179, 8162, 8182, 8169, 8144, 8167, 8245,17.90964651107788
37, 8110, 8135, 8097, 8247, 8111, 8161, 8195, 8157, 8174, 8183, 8175, 8120, 8172, 8224,17.917795419692993
38, 8123, 8158, 8166, 8247, 8171, 8151, 8175, 8144, 8153, 8167, 8166, 8121, 8150, 8213,17.92572283744812
39, 8137, 8168, 8246, 8229, 8204, 8154, 8157, 8151, 8125, 8161, 8148, 8144, 8125, 8214,17.93375039100647
40, 8119, 8135, 8117, 8219, 8122, 8169, 8169, 8140, 8149, 8175, 8150, 8132, 8140, 8234,17.94149923324585
41, 8124, 8148, 8147, 8227, 8156, 8176, 8159, 8161, 8164, 8175, 8155, 8128, 8142, 8232,17.9484760761261
42, 8125, 8149, 8177, 8226, 8137, 8161, 8155, 8173, 8161, 8170, 8171, 8139, 8145, 8228,17.956562995910645
43, 8118, 8143, 8142, 8219, 8119, 8147, 8164, 8165, 8165, 8168, 8180, 8139, 8150, 8237,17.964474201202393
44, 8139, 8158, 8177, 8223, 8163, 8149, 8159, 8180, 8163, 8162, 8174, 8146, 8144, 8249,17.972633361816406
45, 8160, 8160, 8165, 8237, 8152, 8144, 8156, 8179, 8159, 8164, 8187, 8154, 8156, 8269,17.980515003204346
46, 8179, 8166, 8183, 8251, 8162, 8140, 8141, 8167, 8149, 8164, 8196, 8170, 8165, 8285,17.988527059555054
47, 8173, 8158, 8157, 8256, 8150, 8137, 8129, 8142, 8143, 8160, 8185, 8170, 8162, 8289,17.996622800827026
48, 8166, 8167, 8167, 8240, 8180, 8129, 8120, 8135, 8131, 8155, 8174, 8156, 8150, 8270,18.00355577468872
49, 8188, 8180, 8209, 8221, 8180, 8120, 8115, 8145, 8117, 8152, 8179, 8163, 8143, 8254,18.012737274169922
50, 8186, 8168, 8150, 8213, 8126, 8109, 8122, 8126, 8124, 8150, 8176, 8160, 8141, 8260,18.019673824310303
51, 8162, 8165, 8182, 8203, 8170, 8104, 8118, 8134, 8122, 8145, 8148, 8144, 8120, 8245,18.027657985687256
52, 8139, 8146, 8169, 8183, 8143, 8105, 8121, 8145, 8123, 8149, 8142, 8132, 8122, 8225,18.035667896270752
53, 8140, 8145, 8153, 8184, 8137, 8111, 8123, 8149, 8124, 8151, 8147, 8134, 8137, 8224,18.043772220611572
54, 8147, 8166, 8224, 8205, 8173, 8112, 8114, 8174, 8107, 8144, 8143, 8156, 8130, 8215,18.051799058914185
55, 8129, 8154, 8147, 8215, 8106, 8103, 8132, 8169, 8118, 8147, 8165, 8158, 8144, 8214,18.05968403816223
56, 8175, 8189, 8208, 8241, 8167, 8109, 8144, 8182, 8144, 8163, 8202, 8182, 8175, 8245,18.066792964935303
57, 8235, 8213, 8276, 8275, 8175, 8106, 8130, 8189, 8146, 8172, 8232, 8218, 8201, 8285,18.074790477752686
58, 8220, 8192, 8177, 8275, 8103, 8088, 8116, 8153, 8128, 8161, 8229, 8212, 8209, 8295,18.08271098136902
59, 8212, 8204, 8206, 8272, 8162, 8092, 8119, 8150, 8113, 8147, 8205, 8212, 8190, 8293,18.090765237808228
60, 8218, 8199, 8209, 8279, 8167, 8108, 8135, 8152, 8116, 8151, 8206, 8207, 8184, 8304,18.0987651348114
61, 8213, 8185, 8183, 8271, 8147, 8108, 8128, 8152, 8110, 8153, 8212, 8193, 8187, 8301,18.106534957885742
62, 8200, 8180, 8161, 8256, 8123, 8096, 8123, 8157, 8108, 8147, 8213, 8196, 8195, 8307,18.114710330963135
63, 8194, 8173, 8169, 8245, 8142, 8094, 8129, 8165, 8118, 8148, 8199, 8195, 8193, 8321,18.12286114692688
64, 8188, 8161, 8205, 8233, 8165, 8094, 8131, 8175, 8117, 8152, 8178, 8180, 8172, 8303,18.130659341812134
65, 8153, 8140, 8125, 8215, 8114, 8090, 8149, 8159, 8128, 8157, 8177, 8150, 8161, 8273,18.138864040374756
66, 8139, 8153, 8176, 8191, 8189, 8102, 8152, 8177, 8132, 8154, 8166, 8145, 8147, 8252,18.14678168296814
67, 8137, 8141, 8200, 8163, 8199, 8112, 8143, 8187, 8132, 8151, 8157, 8156, 8140, 8251,18.15380883216858
68, 8120, 8116, 8091, 8163, 8117, 8098, 8144, 8145, 8138, 8154, 8150, 8134, 8140, 8248,18.16178870201111
69, 8134, 8142, 8139, 8183, 8163, 8093, 8137, 8143, 8134, 8153, 8141, 8132, 8131, 8241,18.169787168502808
70, 8158, 8158, 8168, 8195, 8176, 8104, 8129, 8159, 8141, 8161, 8171, 8162, 8159, 8277,18.17770552635193
71, 8171, 8169, 8148, 8201, 8175, 8116, 8127, 8158, 8155, 8170, 8188, 8173, 8183, 8295,18.185753107070923
72, 8172, 8180, 8168, 8199, 8197, 8124, 8126, 8154, 8155, 8166, 8156, 8157, 8158, 8256,18.193811178207397
73, 8160, 8170, 8165, 8193, 8187, 8117, 8116, 8148, 8139, 8157, 8138, 8143, 8139, 8247,18.201786994934082
74, 8167, 8169, 8191, 8191, 8187, 8101, 8095, 8146, 8119, 8152, 8151, 8162, 8150, 8292,18.20870590209961
75, 8164, 8154, 8132, 8180, 8146, 8095, 8101, 8123, 8126, 8151, 8154, 8163, 8153, 8303,18.21678590774536
76, 8154, 8159, 8136, 8165, 8187, 8110, 8108, 8128, 8129, 8143, 8128, 8136, 8116, 8255,18.22477912902832
77, 8158, 8169, 8180, 8162, 8199, 8120, 8105, 8138, 8114, 8141, 8140, 8147, 8114, 8258,18.232537508010864
78, 8157, 8158, 8133, 8161, 8149, 8115, 8123, 8116, 8112, 8151, 8183, 8166, 8161, 8309,18.240784883499146
79, 8171, 8171, 8206, 8157, 8212, 8129, 8144, 8151, 8127, 8147, 8167, 8157, 8151, 8289,18.24978518486023
80, 8153, 8156, 8181, 8157, 8172, 8150, 8169, 8195, 8169, 8152, 8135, 8140, 8124, 8247,18.256690740585327
81, 8116, 8137, 8111, 8143, 8135, 8153, 8177, 8202, 8196, 8169, 8145, 8147, 8135, 8243,18.264784336090088
82, 8123, 8147, 8149, 8133, 8163, 8146, 8157, 8211, 8187, 8164, 8166, 8163, 8152, 8248,18.27278208732605
83, 8140, 8149, 8136, 8149, 8157, 8146, 8146, 8192, 8182, 8155, 8154, 8143, 8144, 8237,18.28061866760254
84, 8155, 8173, 8228, 8168, 8233, 8152, 8137, 8183, 8173, 8156, 8118, 8148, 8111, 8217,18.287694215774536
85, 8151, 8170, 8213, 8160, 8189, 8137, 8135, 8162, 8159, 8156, 8129, 8169, 8127, 8240,18.295780658721924
86, 8150, 8153, 8111, 8136, 8122, 8120, 8132, 8124, 8140, 8150, 8163, 8163, 8171, 8283,18.303781747817993
87, 8167, 8160, 8160, 8135, 8172, 8132, 8128, 8126, 8120, 8142, 8150, 8156, 8159, 8274,18.311712741851807
88, 8148, 8152, 8144, 8152, 8171, 8146, 8141, 8131, 8111, 8128, 8122, 8139, 8114, 8231,18.319753408432007
89, 8138, 8153, 8149, 8145, 8174, 8145, 8148, 8143, 8100, 8116, 8109, 8142, 8094, 8225,18.327764749526978
90, 8157, 8146, 8157, 8121, 8161, 8147, 8158, 8153, 8111, 8131, 8119, 8162, 8117, 8268,18.33575749397278
91, 8151, 8149, 8169, 8118, 8193, 8151, 8155, 8161, 8127, 8135, 8114, 8149, 8115, 8255,18.343785285949707
92, 8130, 8165, 8224, 8131, 8220, 8143, 8131, 8178, 8125, 8125, 8100, 8143, 8087, 8197,18.35078763961792
93, 8119, 8149, 8139, 8135, 8127, 8143, 8138, 8166, 8153, 8145, 8129, 8159, 8120, 8224,18.358551263809204
94, 8148, 8158, 8147, 8130, 8150, 8167, 8154, 8179, 8181, 8159, 8149, 8174, 8155, 8284,18.366730213165283
95, 8157, 8162, 8175, 8124, 8176, 8172, 8152, 8187, 8171, 8148, 8131, 8159, 8142, 8271,18.374779224395752
96, 8128, 8149, 8121, 8125, 8149, 8156, 8142, 8159, 8159, 8145, 8112, 8132, 8125, 8225,18.382535696029663
97, 8141, 8173, 8186, 8133, 8184, 8164, 8143, 8167, 8164, 8154, 8118, 8155, 8132, 8231,18.39075517654419
98, 8149, 8170, 8177, 8137, 8156, 8177, 8163, 8170, 8174, 8161, 8128, 8166, 8147, 8263,18.39876914024353
99, 8111, 8145, 8133, 8130, 8159, 8175, 8164, 8159, 8163, 8155, 8100, 8136, 8124, 8241,18.40685248374939
100, 8090, 8141, 8125, 8126, 8155, 8167, 8153, 8154, 8145, 8144, 8096, 8130, 8101, 8212,18.41374945640564
101, 8120, 8162, 8156, 8131, 8156, 8167, 8154, 8152, 8140, 8145, 8130, 8159, 8126, 8229,18.421768188476562
102, 8154, 8167, 8227, 8132, 8198, 8180, 8166, 8171, 8139, 8149, 8148, 8186, 8147, 8251,18.429762601852417
103, 8131, 8130, 8135, 8125, 8134, 8192, 8186, 8167, 8150, 8148, 8146, 8163, 8138, 8262,18.437784671783447
104, 8112, 8140, 8124, 8115, 8151, 8197, 8182, 8167, 8141, 8147, 8137, 8135, 8117, 8245,18.445762634277344
105, 8110, 8154, 8187, 8104, 8191, 8196, 8170, 8186, 8128, 8147, 8148, 8155, 8122, 8212,18.453738927841187
106, 8107, 8134, 8135, 8102, 8153, 8200, 8176, 8187, 8154, 8148, 8171, 8170, 8139, 8216,18.461682081222534
107, 8126, 8153, 8164, 8121, 8181, 8205, 8166, 8187, 8165, 8151, 8161, 8164, 8126, 8239,18.469792366027832
108, 8119, 8157, 8161, 8123, 8180, 8191, 8143, 8171, 8152, 8153, 8158, 8155, 8131, 8247,18.476459741592407
109, 8114, 8147, 8165, 8118, 8187, 8173, 8132, 8173, 8145, 8151, 8174, 8162, 8161, 8249,18.48454737663269
110, 8145, 8155, 8199, 8143, 8174, 8179, 8146, 8185, 8153, 8165, 8186, 8180, 8180, 8280,18.492520809173584
111, 8150, 8157, 8159, 8153, 8151, 8190, 8161, 8169, 8163, 8177, 8175, 8168, 8170, 8288,18.500451803207397
112, 8139, 8156, 8178, 8125, 8185, 8176, 8141, 8174, 8145, 8152, 8143, 8156, 8144, 8246,18.508573293685913
113, 8129, 8144, 8122, 8126, 8126, 8170, 8142, 8161, 8139, 8141, 8149, 8164, 8164, 8262,18.516434907913208
114, 8143, 8180, 8182, 8160, 8188, 8192, 8151, 8165, 8146, 8158, 8167, 8178, 8184, 8297,18.524475812911987
115, 8162, 8200, 8293, 8168, 8254, 8197, 8144, 8202, 8148, 8168, 8161, 8182, 8171, 8269,18.532630443572998
116, 8135, 8156, 8134, 8162, 8127, 8185, 8161, 8180, 8165, 8172, 8167, 8156, 8186, 8256,18.53979229927063
117, 8115, 8162, 8100, 8158, 8127, 8198, 8173, 8173, 8180, 8177, 8167, 8160, 8202, 8276,18.54778480529785
118, 8115, 8167, 8168, 8133, 8164, 8203, 8171, 8196, 8191, 8175, 8149, 8171, 8175, 8261,18.555794954299927
119, 8119, 8144, 8162, 8112, 8153, 8184, 8172, 8188, 8185, 8164, 8128, 8152, 8136, 8231,18.563748121261597
120, 8135, 8145, 8170, 8111, 8154, 8181, 8170, 8170, 8162, 8158, 8131, 8167, 8136, 8252,18.5717875957489
121, 8135, 8140, 8147, 8102, 8142, 8181, 8157, 8156, 8156, 8156, 8152, 8186, 8156, 8288,18.57977318763733
122, 8145, 8151, 8201, 8108, 8194, 8181, 8135, 8159, 8147, 8150, 8145, 8178, 8144, 8277,18.587730646133423
123, 8155, 8161, 8180, 8138, 8158, 8189, 8144, 8140, 8146, 8161, 8139, 8166, 8153, 8276,18.595614433288574
124, 8158, 8180, 8158, 8149, 8149, 8191, 8160, 8144, 8156, 8175, 8144, 8171, 8181, 8295,18.603779554367065
125, 8164, 8187, 8220, 8130, 8200, 8188, 8161, 8186, 8140, 8162, 8133, 8178, 8170, 8290,18.610697746276855
126, 8139, 8139, 8127, 8098, 8132, 8183, 8166, 8164, 8125, 8145, 8116, 8145, 8151, 8264,18.618789196014404
127, 8128, 8141, 8138, 8095, 8149, 8186, 8158, 8151, 8126, 8144, 8124, 8136, 8152, 8233,18.626853227615356
237, 8141, 8163, 8196, 8114, 8161, 8187, 8151, 8175, 8136, 8155, 8155, 8168, 8178, 8253,18.634587049484253
0, 8143, 8151, 8151, 8113, 8127, 8181, 8154, 8175, 8144, 8169, 8162, 8169, 8194, 8288,18.64281439781189
1, 8137, 8155, 8175, 8115, 8158, 8182, 8161, 8175, 8157, 8170, 8154, 8160, 8177, 8269,18.650776624679565
2, 8124, 8168, 8156, 8139, 8152, 8182, 8177, 8157, 8177, 8172, 8167, 8156, 8176, 8243,18.658577919006348
3, 8141, 8185, 8198, 8133, 8182, 8183, 8166, 8153, 8157, 8172, 8159, 8166, 8164, 8251,18.666780710220337
4, 8152, 8171, 8216, 8108, 8165, 8184, 8153, 8159, 8128, 8160, 8146, 8175, 8151, 8268,18.673779249191284
5, 8123, 8150, 8132, 8110, 8130, 8179, 8163, 8143, 8127, 8151, 8152, 8155, 8168, 8265,18.681853532791138
6, 8119, 8158, 8130, 8119, 8145, 8176, 8157, 8141, 8124, 8150, 8148, 8146, 8169, 8253,18.68978261947632
7, 8135, 8158, 8136, 8122, 8125, 8169, 8143, 8146, 8127, 8153, 8144, 8152, 8161, 8264,18.697784423828125
8, 8141, 8172, 8183, 8123, 8168, 8167, 8137, 8167, 8134, 8155, 8138, 8156, 8163, 8266,18.705835342407227
9, 8134, 8162, 8159, 8106, 8156, 8173, 8154, 8173, 8147, 8168, 8138, 8152, 8175, 8263,18.713671684265137
10, 8132, 8150, 8128, 8091, 8134, 8173, 8164, 8160, 8158, 8174, 8148, 8149, 8176, 8275,18.721784114837646
11, 8147, 8166, 8224, 8086, 8182, 8171, 8143, 8167, 8143, 8157, 8140, 8164, 8150, 8274,18.729782342910767
12, 8123, 8136, 8143, 8074, 8117, 8166, 8145, 8149, 8137, 8149, 8132, 8152, 8138, 8250,18.73667883872986
13, 8112, 8136, 8127, 8085, 8149, 8169, 8158, 8159, 8145, 8150, 8131, 8145, 8130, 8226,18.744780778884888
14, 8156, 8173, 8237, 8116, 8206, 8180, 8164, 8193, 8155, 8151, 8145, 8180, 8135, 8245,18.7528018951416
15, 8158, 8155, 8151, 8110, 8116, 8178, 8172, 8164, 8161, 8155, 8150, 8178, 8158, 8273,18.76054620742798
16, 8121, 8145, 8122, 8092, 8121, 8176, 8155, 8141, 8142, 8151, 8120, 8148, 8146, 8242,18.76875138282776
17, 8104, 8165, 8180, 8109, 8176, 8179, 8133, 8146, 8126, 8148, 8115, 8144, 8120, 8204,18.776779651641846
18, 8137, 8187, 8208, 8135, 8188, 8177, 8123, 8149, 8122, 8150, 8147, 8167, 8125, 8218,18.784552574157715
19, 8174, 8179, 8166, 8138, 8128, 8170, 8124, 8142, 8120, 8155, 8174, 8185, 8161, 8271,18.79278302192688
20, 8151, 8160, 8116, 8129, 8107, 8169, 8136, 8138, 8127, 8161, 8175, 8166, 8185, 8290,18.800875902175903
21, 8126, 8165, 8197, 8124, 8197, 8177, 8146, 8177, 8134, 8155, 8161, 8160, 8168, 8267,18.807775497436523
22, 8124, 8140, 8149, 8116, 8153, 8179, 8167, 8186, 8152, 8155, 8160, 8165, 8162, 8272,18.815756797790527
23, 8148, 8145, 8156, 8109, 8166, 8182, 8178, 8182, 8160, 8164, 8149, 8169, 8157, 8292,18.823757648468018
24, 8158, 8167, 8260, 8101, 8221, 8186, 8175, 8204, 8148, 8162, 8139, 8179, 8150, 8285,18.831788301467896
25, 8120, 8129, 8133, 8090, 8127, 8180, 8184, 8177, 8157, 8161, 8152, 8163, 8161, 8275,18.83975315093994
26, 8135, 8139, 8108, 8102, 8136, 8189, 8183, 8158, 8167, 8163, 8149, 8161, 8159, 8277,18.84780979156494
27, 8183, 8172, 8184, 8126, 8168, 8202, 8169, 8164, 8161, 8165, 8146, 8181, 8163, 8292,18.8557231426239
28, 8184, 8170, 8187, 8131, 8167, 8189, 8153, 8157, 8147, 8161, 8154, 8177, 8180, 8299,18.863723754882812
29, 8176, 8167, 8187, 8127, 8167, 8169, 8137, 8151, 8129, 8157, 8147, 8173, 8175, 8292,18.870771169662476
30, 8181, 8171, 8146, 8141, 8137, 8168, 8144, 8133, 8123, 8156, 8134, 8169, 8164, 8290,18.878811836242676
31, 8185, 8189, 8197, 8156, 8189, 8182, 8159, 8144, 8111, 8153, 8125, 8172, 8152, 8277,18.886601209640503
32, 8149, 8169, 8182, 8133, 8159, 8174, 8176, 8152, 8108, 8154, 8126, 8168, 8147, 8260,18.89477252960205
33, 8101, 8144, 8113, 8099, 8112, 8158, 8182, 8145, 8121, 8154, 8113, 8147, 8135, 8251,18.902772426605225
34, 8116, 8156, 8166, 8114, 8157, 8158, 8175, 8164, 8122, 8153, 8092, 8148, 8120, 8241,18.91062617301941
35, 8123, 8153, 8160, 8132, 8149, 8151, 8175, 8170, 8130, 8155, 8093, 8149, 8123, 8228,18.918741941452026
36, 8096, 8153, 8188, 8113, 8175, 8128, 8159, 8179, 8131, 8142, 8089, 8146, 8111, 8206,18.9265775680542
37, 8091, 8142, 8175, 8105, 8153, 8122, 8151, 8177, 8134, 8139, 8102, 8160, 8118, 8229,18.93463444709778
38, 8129, 8153, 8120, 8128, 8121, 8144, 8157, 8154, 8147, 8160, 8128, 8160, 8153, 8273,18.941769123077393
39, 8161, 8191, 8180, 8150, 8167, 8159, 8146, 8157, 8145, 8167, 8131, 8161, 8151, 8262,18.94977593421936
40, 8147, 8187, 8150, 8159, 8146, 8149, 8141, 8141, 8134, 8163, 8147, 8169, 8157, 8256,18.95758032798767
41, 8171, 8205, 8197, 8173, 8190, 8151, 8133, 8142, 8107, 8164, 8155, 8188, 8177, 8292,18.96576714515686
42, 8210, 8212, 8248, 8176, 8197, 8162, 8131, 8162, 8091, 8166, 8137, 8196, 8178, 8322,18.97357964515686
43, 8173, 8167, 8137, 8157, 8126, 8165, 8150, 8150, 8098, 8164, 8136, 8173, 8179, 8302,18.981783390045166
44, 8131, 8149, 8127, 8142, 8135, 8174, 8161, 8147, 8099, 8156, 8147, 8173, 8184, 8263,18.98955464363098
45, 8125, 8151, 8145, 8144, 8138, 8174, 8170, 8147, 8107, 8158, 8136, 8174, 8175, 8261,18.997605562210083
46, 8128, 8160, 8185, 8145, 8186, 8173, 8178, 8166, 8115, 8163, 8105, 8156, 8144, 8250,19.00451970100403
47, 8103, 8138, 8155, 8126, 8154, 8180, 8188, 8173, 8136, 8165, 8111, 8143, 8145, 8221,19.012556791305542
48, 8081, 8130, 8112, 8125, 8118, 8173, 8186, 8160, 8166, 8167, 8132, 8148, 8170, 8218,19.020678281784058
49, 8131, 8180, 8257, 8151, 8216, 8164, 8154, 8196, 8170, 8167, 8117, 8181, 8155, 8240,19.028454303741455
50, 8154, 8171, 8205, 8166, 8157, 8164, 8148, 8190, 8171, 8170, 8118, 8177, 8156, 8267,19.0366268157959
51, 8123, 8150, 8088, 8166, 8100, 8162, 8150, 8149, 8167, 8176, 8140, 8157, 8181, 8266,19.04455304145813
52, 8127, 8178, 8166, 8176, 8154, 8150, 8134, 8155, 8148, 8180, 8150, 8181, 8192, 8261,19.052573680877686
53, 8160, 8185, 8189, 8178, 8156, 8153, 8142, 8157, 8125, 8171, 8138, 8191, 8189, 8280,19.06052541732788
54, 8177, 8171, 8164, 8150, 8158, 8174, 8164, 8139, 8089, 8151, 8110, 8172, 8167, 8292,19.068567991256714
55, 8149, 8153, 8129, 8138, 8138, 8182, 8178, 8130, 8086, 8152, 8112, 8160, 8162, 8279,19.07583737373352
56, 8127, 8165, 8183, 8152, 8171, 8180, 8175, 8160, 8120, 8165, 8130, 8163, 8168, 8245,19.08372139930725
57, 8140, 8168, 8198, 8153, 8156, 8183, 8180, 8183, 8146, 8172, 8140, 8171, 8165, 8237,19.091721057891846
58, 8144, 8144, 8110, 8147, 8110, 8184, 8189, 8171, 8158, 8167, 8143, 8160, 8159, 8269,19.099682331085205
59, 8163, 8165, 8216, 8153, 8208, 8187, 8169, 8183, 8148, 8152, 8137, 8162, 8144, 8275,19.1087749004364
60, 8162, 8169, 8204, 8162, 8174, 8182, 8160, 8160, 8141, 8150, 8156, 8168, 8156, 8263,19.115557432174683
61, 8147, 8163, 8130, 8166, 8142, 8170, 8151, 8131, 8133, 8152, 8164, 8167, 8167, 8264,19.123785495758057
62, 8164, 8172, 8224, 8165, 8216, 8170, 8135, 8168, 8123, 8148, 8149, 8187, 8160, 8286,19.131548404693604
63, 8161, 8153, 8161, 8159, 8159, 8189, 8162, 8175, 8151, 8166, 8172, 8183, 8180, 8311,19.138715505599976
64, 8159, 8166, 8139, 8175, 8159, 8206, 8191, 8177, 8177, 8181, 8190, 8179, 8191, 8299,19.14656710624695
65, 8181, 8180, 8198, 8195, 8186, 8205, 8197, 8191, 8179, 8179, 8184, 8200, 8197, 8286,19.15477728843689
66, 8196, 8174, 8178, 8195, 8168, 8203, 8201, 8190, 8184, 8180, 8176, 8196, 8206, 8305,19.162574768066406
67, 8190, 8169, 8152, 8190, 8170, 8197, 8199, 8190, 8189, 8180, 8178, 8177, 8201, 8315,19.17177152633667
68, 8158, 8156, 8130, 8183, 8164, 8184, 8192, 8174, 8178, 8173, 8180, 8164, 8193, 8299,19.178661108016968
69, 8151, 8174, 8198, 8187, 8192, 8186, 8186, 8177, 8156, 8169, 8165, 8171, 8183, 8272,19.186564683914185
70, 8162, 8181, 8181, 8206, 8165, 8193, 8195, 8173, 8160, 8174, 8157, 8170, 8184, 8267,19.194507598876953
71, 8173, 8179, 8150, 8206, 8182, 8179, 8187, 8165, 8166, 8170, 8145, 8165, 8179, 8277,19.20173478126526
72, 8179, 8185, 8210, 8193, 8217, 8166, 8173, 8186, 8151, 8164, 8146, 8187, 8180, 8295,19.2096107006073
73, 8160, 8170, 8148, 8204, 8144, 8166, 8189, 8174, 8148, 8175, 8173, 8187, 8207, 8312,19.2177095413208
74, 8168, 8182, 8168, 8211, 8171, 8169, 8187, 8167, 8134, 8176, 8162, 8172, 8202, 8292,19.225568532943726
75, 8196, 8188, 8199, 8195, 8181, 8174, 8184, 8175, 8137, 8173, 8149, 8174, 8195, 8281,19.233744621276855
76, 8195, 8179, 8155, 8192, 8163, 8182, 8196, 8170, 8171, 8181, 8178, 8178, 8223, 8299,19.241586923599243
77, 8192, 8200, 8218, 8209, 8211, 8195, 8187, 8178, 8181, 8185, 8188, 8190, 8229, 8313,19.249777793884277
78, 8183, 8201, 8177, 8220, 8152, 8189, 8186, 8169, 8185, 8189, 8178, 8183, 8224, 8323,19.25758695602417
79, 8193, 8206, 8156, 8231, 8155, 8173, 8178, 8165, 8189, 8188, 8173, 8173, 8221, 8312,19.26563787460327
80, 8206, 8207, 8203, 8225, 8188, 8171, 8157, 8175, 8175, 8175, 8174, 8181, 8203, 8294,19.272618055343628
81, 8180, 8178, 8157, 8183, 8158, 8177, 8170, 8162, 8163, 8159, 8158, 8168, 8181, 8294,19.28066349029541
82, 8160, 8165, 8148, 8161, 8157, 8185, 8198, 8153, 8161, 8150, 8136, 8156, 8154, 8282,19.28857946395874
83, 8152, 8162, 8122, 8172, 8135, 8183, 8206, 8143, 8171, 8157, 8142, 8157, 8154, 8266,19.296867609024048
84, 8167, 8180, 8208, 8167, 8206, 8177, 8193, 8175, 8172, 8165, 8149, 8170, 8169, 8271,19.30457615852356
85, 8185, 8176, 8235, 8154, 8191, 8162, 8192, 8196, 8169, 8166, 8151, 8182, 8183, 8302,19.313678979873657
86, 8179, 8163, 8111, 8161, 8113, 8149, 8199, 8156, 8170, 8172, 8160, 8165, 8198, 8321,19.320574522018433
87, 8186, 8195, 8184, 8175, 8195, 8169, 8184, 8167, 8158, 8177, 8163, 8169, 8196, 8305,19.32878088951111
88, 8165, 8179, 8198, 8174, 8173, 8179, 8181, 8181, 8158, 8175, 8172, 8175, 8196, 8292,19.335551500320435
89, 8145, 8157, 8119, 8169, 8124, 8161, 8183, 8163, 8162, 8169, 8176, 8162, 8195, 8299,19.343740940093994
90, 8177, 8185, 8180, 8172, 8186, 8151, 8161, 8168, 8152, 8168, 8169, 8178, 8198, 8308,19.35155963897705
91, 8182, 8191, 8199, 8175, 8187, 8152, 8145, 8163, 8151, 8172, 8169, 8183, 8209, 8298,19.359771728515625
92, 8158, 8177, 8155, 8174, 8150, 8152, 8156, 8152, 8159, 8172, 8164, 8161, 8202, 8275,19.36761784553528
93, 8147, 8164, 8109, 8166, 8125, 8156, 8174, 8148, 8173, 8171, 8156, 8148, 8199, 8271,19.375734090805054
94, 8160, 8172, 8177, 8162, 8185, 8164, 8173, 8161, 8169, 8169, 8144, 8158, 8189, 8270,19.383748769760132
95, 8170, 8170, 8187, 8170, 8171, 8172, 8178, 8163, 8162, 8169, 8155, 8174, 8191, 8274,19.391692876815796
96, 8159, 8170, 8109, 8187, 8128, 8176, 8197, 8153, 8166, 8176, 8175, 8169, 8219, 8290,19.399675607681274
97, 8184, 8211, 8252, 8196, 8243, 8177, 8175, 8187, 8148, 8176, 8157, 8182, 8207, 8286,19.40659523010254
98, 8198, 8188, 8237, 8193, 8191, 8166, 8156, 8182, 8147, 8174, 8152, 8185, 8191, 8287,19.41478943824768
99, 8172, 8152, 8072, 8188, 8093, 8151, 8157, 8142, 8165, 8168, 8160, 8156, 8196, 8283,19.42276406288147
100, 8168, 8185, 8141, 8185, 8162, 8151, 8154, 8159, 8164, 8161, 8154, 8154, 8187, 8264,19.43057632446289
101, 8178, 8195, 8179, 8189, 8172, 8163, 8156, 8167, 8165, 8157, 8154, 8158, 8176, 8266,19.438611268997192
102, 8178, 8173, 8168, 8175, 8179, 8170, 8162, 8163, 8166, 8149, 8142, 8150, 8160, 8261,19.446513891220093
103, 8160, 8160, 8157, 8156, 8181, 8172, 8191, 8179, 8182, 8159, 8144, 8151, 8167, 8255,19.454669952392578
104, 8158, 8175, 8163, 8176, 8188, 8183, 8208, 8190, 8200, 8178, 8166, 8167, 8198, 8281,19.46162247657776
105, 8191, 8187, 8193, 8193, 8197, 8191, 8191, 8179, 8186, 8176, 8170, 8185, 8208, 8310,19.469669580459595
106, 8184, 8163, 8130, 8168, 8154, 8180, 8189, 8153, 8178, 8169, 8165, 8176, 8204, 8314,19.47756052017212
107, 8149, 8162, 8154, 8154, 8193, 8177, 8189, 8165, 8177, 8164, 8150, 8162, 8192, 8284,19.485776901245117
108, 8148, 8168, 8166, 8181, 8178, 8185, 8185, 8169, 8172, 8166, 8152, 8163, 8196, 8278,19.493550300598145
109, 8187, 8177, 8155, 8188, 8162, 8184, 8185, 8158, 8173, 8170, 8175, 8177, 8216, 8318,19.50170087814331
110, 8203, 8186, 8239, 8171, 8222, 8178, 8169, 8182, 8164, 8163, 8173, 8187, 8213, 8320,19.50947332382202
111, 8152, 8150, 8161, 8174, 8155, 8168, 8162, 8164, 8155, 8159, 8158, 8159, 8202, 8266,19.517667770385742
112, 8143, 8156, 8134, 8195, 8137, 8164, 8164, 8142, 8154, 8168, 8160, 8153, 8196, 8250,19.52442169189453
113, 8184, 8186, 8178, 8200, 8154, 8160, 8169, 8161, 8171, 8176, 8173, 8182, 8214, 8305,19.532544374465942
114, 8186, 8176, 8163, 8177, 8171, 8160, 8172, 8178, 8183, 8177, 8163, 8176, 8229, 8333,19.540549278259277
115, 8176, 8171, 8216, 8160, 8224, 8175, 8177, 8197, 8169, 8175, 8143, 8165, 8203, 8296,19.548765182495117
116, 8160, 8153, 8157, 8161, 8145, 8173, 8189, 8181, 8172, 8173, 8151, 8164, 8196, 8274,19.556626796722412
117, 8148, 8153, 8123, 8165, 8128, 8162, 8184, 8171, 8184, 8169, 8145, 8160, 8201, 8273,19.56453776359558
118, 8139, 8154, 8152, 8162, 8168, 8167, 8181, 8176, 8186, 8173, 8129, 8154, 8186, 8272,19.572604656219482
119, 8131, 8138, 8128, 8156, 8159, 8173, 8179, 8160, 8183, 8167, 8126, 8140, 8168, 8262,19.580734252929688
120, 8148, 8146, 8175, 8164, 8175, 8177, 8163, 8162, 8167, 8154, 8131, 8157, 8164, 8252,19.58867835998535
121, 8167, 8159, 8165, 8179, 8156, 8179, 8163, 8151, 8152, 8153, 8150, 8179, 8183, 8271,19.595767498016357
122, 8191, 8193, 8215, 8190, 8216, 8182, 8156, 8155, 8135, 8154, 8147, 8181, 8187, 8291,19.603618383407593
123, 8199, 8193, 8237, 8194, 8191, 8178, 8148, 8166, 8135, 8156, 8149, 8185, 8191, 8305,19.611799240112305
124, 8164, 8151, 8111, 8181, 8089, 8165, 8155, 8134, 8140, 8159, 8158, 8173, 8200, 8305,19.619494915008545
125, 8176, 8168, 8182, 8168, 8175, 8169, 8143, 8143, 8119, 8148, 8135, 8176, 8178, 8281,19.627622842788696
126, 8188, 8164, 8204, 8171, 8172, 8175, 8147, 8161, 8134, 8150, 8138, 8177, 8173, 8278,19.635400533676147
127, 8147, 8134, 8105, 8173, 8114, 8173, 8167, 8149, 8174, 8171, 8161, 8153, 8187, 8275,19.643840312957764
237, 8143, 8158, 8157, 8174, 8167, 8185, 8170, 8174, 8190, 8181, 8160, 8163, 8193, 8262,19.651779651641846
0, 8172, 8178, 8190, 8181, 8186, 8206, 8186, 8200, 8199, 8179, 8160, 8176, 8203, 8285,19.658764600753784
1, 8177, 8174, 8174, 8193, 8181, 8213, 8216, 8201, 8194, 8179, 8167, 8171, 8200, 8302,19.66655397415161
2, 8149, 8155, 8121, 8187, 8144, 8200, 8222, 8178, 8180, 8169, 8155, 8157, 8183, 8272,19.67452836036682
3, 8132, 8163, 8164, 8170, 8179, 8190, 8193, 8176, 8162, 8154, 8120, 8147, 8154, 8228,19.6828191280365
4, 8137, 8175, 8221, 8171, 8202, 8187, 8185, 8185, 8158, 8154, 8114, 8160, 8146, 8227,19.690541744232178
5, 8141, 8155, 8119, 8183, 8135, 8188, 8203, 8151, 8181, 8162, 8137, 8163, 8169, 8270,19.6985604763031
6, 8170, 8169, 8158, 8193, 8182, 8195, 8179, 8150, 8188, 8165, 8137, 8167, 8170, 8290,19.706653833389282
7, 8183, 8180, 8204, 8191, 8202, 8188, 8148, 8157, 8174, 8169, 8140, 8181, 8172, 8287,19.714641332626343
8, 8169, 8166, 8146, 8189, 8168, 8172, 8149, 8133, 8158, 8161, 8145, 8187, 8179, 8290,19.72271490097046
9, 8172, 8163, 8162, 8190, 8173, 8170, 8151, 8129, 8145, 8147, 8127, 8180, 8164, 8293,19.729692697525024
10, 8173, 8161, 8160, 8193, 8157, 8175, 8157, 8140, 8150, 8151, 8120, 8164, 8157, 8292,19.737714052200317
11, 8167, 8167, 8193, 8187, 8185, 8187, 8170, 8164, 8156, 8153, 8118, 8170, 8147, 8272,19.74568819999695
12, 8143, 8141, 8153, 8163, 8147, 8189, 8186, 8160, 8156, 8144, 8117, 8160, 8131, 8247,19.75372862815857
13, 8130, 8131, 8124, 8147, 8147, 8180, 8186, 8161, 8160, 8144, 8112, 8135, 8127, 8237,19.76167058944702
14, 8166, 8155, 8206, 8151, 8201, 8183, 8181, 8189, 8161, 8146, 8108, 8159, 8128, 8250,19.769692182540894
15, 8159, 8137, 8136, 8160, 8139, 8196, 8199, 8162, 8166, 8151, 8119, 8161, 8135, 8256,19.7777316570282
16, 8135, 8147, 8181, 8166, 8200, 8200, 8191, 8162, 8161, 8153, 8118, 8146, 8130, 8229,19.785773038864136
17, 8146, 8160, 8244, 8163, 8214, 8189, 8173, 8191, 8173, 8156, 8132, 8170, 8141, 8239,19.792611598968506
18, 8149, 8135, 8128, 8154, 8119, 8187, 8180, 8168, 8200, 8160, 8147, 8172, 8160, 8273,19.800639152526855
19, 8157, 8143, 8153, 8156, 8154, 8205, 8171, 8163, 8193, 8155, 8126, 8160, 8143, 8264,19.808717489242554
20, 8155, 8145, 8170, 8152, 8159, 8206, 8161, 8171, 8188, 8154, 8118, 8164, 8136, 8253,19.816539764404297
21, 8140, 8139, 8155, 8139, 8161, 8196, 8166, 8174, 8194, 8151, 8122, 8167, 8141, 8253,19.824745416641235
22, 8136, 8132, 8156, 8137, 8153, 8203, 8179, 8170, 8186, 8145, 8121, 8160, 8140, 8248,19.832775115966797
23, 8149, 8133, 8146, 8141, 8139, 8206, 8188, 8156, 8175, 8150, 8123, 8154, 8146, 8253,19.840782165527344
24, 8177, 8158, 8201, 8154, 8178, 8198, 8175, 8159, 8163, 8149, 8123, 8172, 8144, 8262,19.848754167556763
25, 8174, 8155, 8164, 8173, 8147, 8201, 8166, 8148, 8157, 8139, 8129, 8174, 8149, 8268,19.856746673583984
26, 8168, 8155, 8161, 8176, 8155, 8214, 8169, 8153, 8159, 8144, 8135, 8168, 8154, 8265,19.863828897476196
27, 8172, 8160, 8177, 8172, 8170, 8214, 8176, 8169, 8175, 8157, 8146, 8178, 8166, 8267,19.871711015701294
28, 8165, 8156, 8147, 8182, 8166, 8206, 8171, 8158, 8186, 8155, 8151, 8173, 8183, 8268,19.87976884841919
29, 8174, 8166, 8211, 8184, 8203, 8206, 8163, 8162, 8168, 8147, 8140, 8175, 8175, 8269,19.887736558914185
30, 8167, 8147, 8168, 8161, 8156, 8207, 8188, 8168, 8177, 8163, 8142, 8171, 8173, 8283,19.895543098449707
31, 8154, 8142, 8159, 8152, 8181, 8208, 8207, 8184, 8197, 8165, 8135, 8157, 8168, 8275,19.903708696365356
32, 8154, 8144, 8213, 8160, 8196, 8208, 8204, 8198, 8195, 8152, 8125, 8159, 8154, 8253,19.91177272796631
33, 8129, 8127, 8126, 8164, 8114, 8201, 8208, 8175, 8207, 8158, 8133, 8154, 8154, 8250,19.919502019882202
34, 8121, 8145, 8169, 8172, 8175, 8206, 8198, 8181, 8209, 8153, 8116, 8153, 8135, 8229,19.92663049697876
35, 8139, 8156, 8222, 8185, 8201, 8211, 8190, 8180, 8195, 8143, 8107, 8164, 8122, 8221,19.934762001037598
36, 8159, 8154, 8157, 8207, 8151, 8207, 8192, 8152, 8181, 8146, 8135, 8181, 8142, 8256,19.942732095718384
37, 8182, 8174, 8154, 8237, 8148, 8195, 8181, 8142, 8162, 8144, 8153, 8200, 8162, 8284,19.95069694519043
38, 8204, 8192, 8190, 8255, 8170, 8182, 8162, 8134, 8146, 8142, 8155, 8204, 8173, 8290,19.95876932144165
39, 8222, 8203, 8250, 8264, 8211, 8182, 8146, 8145, 8138, 8143, 8170, 8218, 8172, 8293,19.966675281524658
40, 8213, 8182, 8175, 8269, 8144, 8179, 8153, 8135, 8137, 8138, 8190, 8214, 8176, 8294,19.974732160568237
41, 8221, 8199, 8182, 8281, 8175, 8178, 8158, 8121, 8123, 8129, 8179, 8200, 8177, 8282,19.982690572738647
42, 8245, 8236, 8286, 8286, 8240, 8187, 8148, 8140, 8116, 8133, 8184, 8217, 8189, 8292,19.989775896072388
43, 8219, 8202, 8167, 8261, 8137, 8185, 8158, 8140, 8140, 8154, 8214, 8211, 8221, 8332,19.99769139289856
44, 8210, 8194, 8159, 8242, 8164, 8182, 8159, 8158, 8148, 8162, 8201, 8197, 8224, 8334,20.00576949119568
45, 8211, 8201, 8217, 8237, 8211, 8185, 8156, 8167, 8146, 8157, 8174, 8200, 8217, 8309,20.01352286338806
46, 8186, 8183, 8143, 8228, 8155, 8185, 8167, 8144, 8155, 8154, 8164, 8185, 8213, 8294,20.021589756011963
47, 8197, 8195, 8170, 8235, 8171, 8197, 8165, 8158, 8152, 8156, 8149, 8180, 8194, 8292,20.02974224090576
48, 8215, 8200, 8203, 8246, 8194, 8208, 8148, 8170, 8144, 8152, 8139, 8185, 8183, 8302,20.03776717185974
49, 8200, 8186, 8190, 8232, 8194, 8196, 8129, 8161, 8148, 8143, 8134, 8182, 8177, 8302,20.045684099197388
50, 8174, 8165, 8121, 8217, 8142, 8183, 8146, 8151, 8170, 8148, 8144, 8175, 8188, 8294,20.053601503372192
51, 8160, 8171, 8122, 8223, 8162, 8187, 8162, 8162, 8174, 8153, 8142, 8164, 8189, 8272,20.060569524765015
52, 8180, 8185, 8214, 8220, 8213, 8189, 8155, 8186, 8162, 8154, 8134, 8177, 8174, 8276,20.068665981292725
53, 8193, 8170, 8148, 8216, 8154, 8189, 8176, 8169, 8183, 8157, 8150, 8183, 8198, 8325,20.077588081359863
54, 8197, 8197, 8188, 8227, 8216, 8201, 8190, 8174, 8183, 8153, 8141, 8181, 8204, 8324,20.084498167037964
55, 8192, 8199, 8228, 8223, 8225, 8195, 8177, 8181, 8163, 8156, 8133, 8195, 8198, 8311,20.092556715011597
56, 8179, 8159, 8114, 8210, 8142, 8176, 8169, 8146, 8165, 8169, 8157, 8192, 8225, 8334,20.10058283805847
57, 8188, 8171, 8148, 8213, 8188, 8195, 8162, 8146, 8154, 8161, 8152, 8171, 8221, 8310,20.108609199523926
58, 8172, 8176, 8148, 8218, 8175, 8208, 8158, 8142, 8139, 8151, 8127, 8150, 8188, 8269,20.116589546203613
59, 8160, 8176, 8145, 8218, 8173, 8196, 8146, 8133, 8133, 8156, 8131, 8161, 8189, 8288,20.12362003326416
60, 8184, 8186, 8174, 8221, 8173, 8201, 8151, 8151, 8143, 8167, 8158, 8185, 8220, 8332,20.131597995758057
61, 8189, 8188, 8144, 8223, 8152, 8209, 8175, 8166, 8163, 8173, 8157, 8159, 8213, 8325,20.13959574699402
62, 8172, 8193, 8184, 8220, 8200, 8202, 8183, 8191, 8164, 8161, 8123, 8143, 8167, 8272,20.147587537765503
63, 8148, 8169, 8140, 8216, 8172, 8205, 8200, 8198, 8170, 8152, 8122, 8157, 8166, 8258,20.155697107315063
64, 8150, 8163, 8155, 8204, 8190, 8217, 8213, 8210, 8179, 8151, 8128, 8165, 8169, 8275,20.163708925247192
65, 8155, 8155, 8189, 8180, 8187, 8210, 8205, 8218, 8173, 8148, 8114, 8165, 8139, 8276,20.171560764312744
66, 8146, 8142, 8107, 8182, 8133, 8200, 8206, 8191, 8172, 8149, 8115, 8157, 8136, 8261,20.179736375808716
67, 8198, 8192, 8224, 8216, 8224, 8205, 8193, 8202, 8160, 8148, 8117, 8178, 8148, 8252,20.18770956993103
68, 8228, 8196, 8242, 8237, 8202, 8184, 8177, 8183, 8149, 8142, 8126, 8193, 8162, 8278,20.194530725479126
69, 8191, 8160, 8120, 8218, 8138, 8160, 8169, 8129, 8144, 8137, 8122, 8170, 8158, 8297,20.202573537826538
70, 8182, 8162, 8153, 8193, 8169, 8174, 8163, 8131, 8134, 8138, 8108, 8159, 8141, 8286,20.210745811462402
71, 8200, 8167, 8172, 8195, 8162, 8199, 8184, 8150, 8141, 8144, 8125, 8168, 8157, 8287,20.21853756904602
72, 8191, 8172, 8171, 8209, 8176, 8208, 8213, 8165, 8155, 8146, 8138, 8177, 8169, 8293,20.2267484664917
73, 8141, 8158, 8138, 8197, 8162, 8201, 8223, 8164, 8153, 8142, 8117, 8152, 8149, 8281,20.234673976898193
74, 8126, 8154, 8154, 8173, 8182, 8198, 8211, 8181, 8150, 8144, 8102, 8135, 8134, 8267,20.242760181427002
75, 8137, 8150, 8174, 8163, 8191, 8194, 8215, 8216, 8178, 8151, 8130, 8159, 8158, 8275,20.250725507736206
76, 8116, 8128, 8120, 8161, 8157, 8189, 8235, 8223, 8211, 8161, 8156, 8162, 8190, 8289,20.25773572921753
77, 8118, 8132, 8185, 8162, 8195, 8199, 8231, 8233, 8203, 8167, 8132, 8158, 8177, 8282,20.265698671340942
78, 8108, 8114, 8136, 8152, 8148, 8196, 8230, 8211, 8204, 8163, 8110, 8150, 8150, 8262,20.273698091506958
79, 8087, 8116, 8132, 8134, 8185, 8190, 8228, 8197, 8215, 8151, 8093, 8134, 8123, 8231,20.281713724136353
80, 8114, 8153, 8273, 8146, 8265, 8205, 8223, 8224, 8205, 8150, 8094, 8154, 8118, 8223,20.289764165878296
81, 8118, 8138, 8146, 8164, 8141, 8210, 8246, 8185, 8208, 8161, 8117, 8156, 8141, 8241,20.297687292099
82, 8105, 8135, 8061, 8160, 8120, 8196, 8242, 8151, 8203, 8153, 8101, 8133, 8128, 8227,20.30573797225952
83, 8132, 8162, 8172, 8163, 8181, 8187, 8222, 8179, 8190, 8145, 8092, 8139, 8112, 8213,20.313711881637573
84, 8151, 8166, 8187, 8174, 8156, 8183, 8223, 8184, 8188, 8149, 8118, 8148, 8128, 8229,20.320603847503662
85, 8146, 8166, 8164, 8167, 8152, 8178, 8218, 8170, 8187, 8147, 8125, 8156, 8134, 8245,20.328567266464233
86, 8148, 8169, 8158, 8162, 8168, 8182, 8209, 8167, 8198, 8153, 8130, 8172, 8139, 8262,20.33678960800171
87, 8164, 8177, 8208, 8165, 8203, 8191, 8214, 8187, 8199, 8155, 8132, 8178, 8140, 8263,20.344517946243286
88, 8169, 8161, 8174, 8163, 8153, 8188, 8230, 8181, 8191, 8151, 8125, 8163, 8141, 8263,20.35273790359497
89, 8163, 8153, 8141, 8161, 8146, 8183, 8228, 8160, 8187, 8152, 8131, 8156, 8155, 8273,20.36072039604187
90, 8150, 8154, 8208, 8148, 8204, 8191, 8215, 8174, 8181, 8150, 8146, 8174, 8160, 8275,20.368773221969604
91, 8116, 8118, 8122, 8121, 8134, 8187, 8230, 8170, 8191, 8152, 8149, 8154, 8157, 8264,20.376683235168457
92, 8130, 8133, 8150, 8121, 8162, 8171, 8235, 8184, 8204, 8159, 8131, 8137, 8142, 8238,20.384756565093994
93, 8167, 8161, 8243, 8152, 8200, 8172, 8230, 8204, 8205, 8164, 8138, 8163, 8151, 8237,20.391584873199463
94, 8140, 8134, 8139, 8160, 8135, 8181, 8236, 8175, 8204, 8159, 8156, 8160, 8169, 8264,20.399778127670288
95, 8122, 8138, 8128, 8148, 8155, 8176, 8218, 8167, 8192, 8149, 8145, 8143, 8145, 8260,20.407569885253906
96, 8142, 8158, 8153, 8150, 8163, 8167, 8198, 8163, 8186, 8150, 8151, 8153, 8146, 8249,20.41576051712036
97, 8177, 8178, 8200, 8167, 8189, 8171, 8195, 8164, 8179, 8150, 8173, 8190, 8179, 8279,20.423680782318115
98, 8191, 8172, 8215, 8179, 8176, 8165, 8195, 8169, 8172, 8145, 8177, 8206, 8190, 8312,20.431766271591187
99, 8168, 8145, 8147, 8168, 8138, 8146, 8195, 8151, 8174, 8145, 8157, 8171, 8176, 8287,20.439718008041382
100, 8168, 8160, 8183, 8160, 8180, 8152, 8202, 8162, 8171, 8148, 8143, 8161, 8162, 8256,20.447511434555054
101, 8165, 8161, 8148, 8163, 8140, 8167, 8225, 8168, 8184, 8157, 8161, 8171, 8179, 8280,20.454540729522705
102, 8151, 8156, 8152, 8155, 8157, 8172, 8223, 8177, 8197, 8161, 8158, 8168, 8180, 8287,20.462762117385864
103, 8141, 8150, 8204, 8139, 8188, 8177, 8215, 8197, 8202, 8162, 8148, 8169, 8169, 8261,20.47054147720337
104, 8129, 8134, 8127, 8145, 8123, 8179, 8241, 8187, 8225, 8174, 8167, 8163, 8188, 8268,20.47873044013977
105, 8160, 8150, 8169, 8163, 8169, 8181, 8247, 8191, 8236, 8176, 8171, 8172, 8199, 8297,20.486606121063232
106, 8188, 8152, 8201, 8164, 8190, 8178, 8239, 8193, 8228, 8173, 8172, 8183, 8203, 8313,20.494795083999634
107, 8170, 8149, 8154, 8160, 8165, 8168, 8235, 8176, 8211, 8172, 8174, 8172, 8189, 8294,20.502713918685913
108, 8143, 8149, 8145, 8144, 8146, 8166, 8228, 8163, 8199, 8162, 8159, 8162, 8152, 8258,20.510711431503296
109, 8123, 8140, 8122, 8125, 8137, 8170, 8226, 8154, 8201, 8159, 8155, 8156, 8152, 8258,20.51880192756653
110, 8145, 8167, 8225, 8141, 8227, 8176, 8216, 8182, 8192, 8169, 8169, 8177, 8175, 8274,20.525630712509155
111, 8169, 8168, 8241, 8161, 8203, 8166, 8209, 8190, 8194, 8180, 8193, 8197, 8197, 8287,20.533716440200806
112, 8173, 8151, 8139, 8156, 8137, 8150, 8201, 8154, 8203, 8181, 8209, 8190, 8212, 8304,20.541709423065186
113, 8193, 8167, 8139, 8166, 8152, 8151, 8191, 8147, 8197, 8173, 8209, 8192, 8218, 8326,20.549668550491333
114, 8201, 8176, 8160, 8189, 8150, 8154, 8190, 8160, 8198, 8171, 8195, 8189, 8221, 8332,20.557804107666016
115, 8204, 8183, 8231, 8184, 8200, 8151, 8186, 8184, 8199, 8170, 8183, 8187, 8209, 8313,20.565689086914062
116, 8190, 8159, 8174, 8162, 8165, 8148, 8201, 8174, 8206, 8174, 8200, 8180, 8204, 8306,20.573630809783936
117, 8170, 8149, 8110, 8154, 8136, 8152, 8209, 8155, 8212, 8170, 8195, 8162, 8191, 8298,20.580679178237915
118, 8181, 8180, 8205, 8161, 8195, 8154, 8193, 8183, 8203, 8158, 8178, 8175, 8173, 8292,20.58873963356018
119, 8185, 8171, 8158, 8162, 8151, 8147, 8196, 8177, 8202, 8156, 8207, 8188, 8188, 8319,20.59658646583557
120, 8183, 8164, 8140, 8154, 8155, 8147, 8197, 8164, 8191, 8158, 8213, 8176, 8193, 8327,20.604748725891113
121, 8185, 8170, 8182, 8158, 8170, 8146, 8183, 8168, 8177, 8159, 8177, 8168, 8183, 8305,20.612427711486816
122, 8178, 8164, 8161, 8158, 8150, 8145, 8178, 8158, 8178, 8154, 8160, 8167, 8181, 8286,20.620868921279907
123, 8168, 8159, 8176, 8148, 8160, 8152, 8181, 8155, 8162, 8147, 8160, 8168, 8177, 8275,20.628706693649292
124, 8153, 8145, 8148, 8146, 8145, 8149, 8181, 8144, 8152, 8143, 8156, 8159, 8170, 8278,20.63673710823059
125, 8175, 8165, 8201, 8161, 8186, 8146, 8175, 8157, 8164, 8144, 8157, 8172, 8173, 8298,20.64352297782898
126, 8200, 8171, 8182, 8184, 8126, 8145, 8183, 8158, 8190, 8163, 8197, 8199, 8224, 8336,20.65163564682007
127, 8208, 8176, 8157, 8204, 8128, 8137, 8170, 8143, 8190, 8179, 8215, 8201, 8257, 8346,20.659706830978394
237, 8232, 8216, 8314, 8203, 8260, 8128, 8130, 8180, 8164, 8168, 8188, 8213, 8220, 8324,20.667768955230713
0, 8212, 8198, 8209, 8191, 8156, 8123, 8136, 8173, 8183, 8168, 8201, 8205, 8222, 8340,20.675720930099487
1, 8187, 8175, 8064, 8195, 8080, 8135, 8155, 8139, 8211, 8181, 8212, 8178, 8248, 8352,20.683773279190063
2, 8207, 8192, 8160, 8192, 8160, 8149, 8150, 8149, 8195, 8178, 8176, 8177, 8220, 8320,20.691733598709106
3, 8205, 8190, 8186, 8167, 8171, 8155, 8156, 8155, 8179, 8163, 8156, 8167, 8182, 8290,20.69955849647522
4, 8164, 8169, 8156, 8138, 8166, 8168, 8165, 8155, 8180, 8146, 8146, 8150, 8157, 8263,20.707761764526367
5, 8121, 8134, 8132, 8119, 8153, 8175, 8174, 8154, 8183, 8143, 8135, 8142, 8141, 8242,20.714767694473267
6, 8127, 8138, 8180, 8115, 8176, 8173, 8179, 8173, 8193, 8153, 8143, 8157, 8144, 8250,20.723575592041016
7, 8155, 8157, 8184, 8123, 8167, 8172, 8180, 8184, 8215, 8166, 8173, 8179, 8180, 8271,20.730761528015137
8, 8171, 8172, 8133, 8148, 8159, 8158, 8175, 8165, 8217, 8178, 8193, 8176, 8223, 8289,20.738723516464233
9, 8219, 8203, 8217, 8182, 8208, 8144, 8165, 8175, 8195, 8176, 8196, 8193, 8234, 8325,20.74766230583191
10, 8263, 8199, 8202, 8202, 8141, 8140, 8168, 8167, 8203, 8172, 8215, 8217, 8251, 8381,20.754716157913208
11, 8264, 8207, 8187, 8203, 8153, 8142, 8153, 8152, 8203, 8172, 8226, 8218, 8270, 8386,20.762774229049683
12, 8250, 8228, 8247, 8208, 8221, 8157, 8143, 8165, 8172, 8174, 8229, 8216, 8275, 8359,20.770720958709717
13, 8224, 8191, 8164, 8195, 8160, 8176, 8179, 8156, 8173, 8168, 8232, 8201, 8273, 8360,20.77871322631836
14, 8205, 8163, 8162, 8153, 8163, 8182, 8204, 8159, 8183, 8149, 8205, 8182, 8235, 8342,20.78570246696472
15, 8174, 8149, 8147, 8115, 8151, 8173, 8207, 8164, 8189, 8145, 8176, 8156, 8200, 8299,20.79483199119568
16, 8154, 8156, 8155, 8099, 8187, 8175, 8195, 8174, 8185, 8144, 8154, 8140, 8175, 8266,20.801681518554688
17, 8162, 8161, 8232, 8095, 8227, 8179, 8179, 8195, 8175, 8136, 8146, 8159, 8156, 8256,20.80972671508789
18, 8141, 8133, 8128, 8094, 8130, 8175, 8192, 8180, 8192, 8151, 8168, 8155, 8171, 8267,20.81781506538391
19, 8127, 8140, 8099, 8100, 8140, 8172, 8190, 8181, 8200, 8166, 8179, 8138, 8183, 8262,20.825526475906372
20, 8126, 8149, 8144, 8107, 8177, 8157, 8156, 8176, 8181, 8159, 8176, 8146, 8180, 8246,20.83270001411438
21, 8136, 8155, 8153, 8125, 8178, 8152, 8140, 8154, 8170, 8161, 8181, 8168, 8186, 8245,20.84076166152954
22, 8174, 8182, 8185, 8157, 8188, 8171, 8151, 8162, 8177, 8173, 8203, 8191, 8202, 8272,20.84862208366394
23, 8176, 8173, 8155, 8160, 8171, 8175, 8164, 8166, 8186, 8168, 8207, 8184, 8207, 8288,20.85676074028015
24, 8153, 8163, 8195, 8136, 8207, 8175, 8167, 8174, 8178, 8154, 8178, 8178, 8175, 8259,20.864681482315063
25, 8154, 8162, 8183, 8144, 8161, 8196, 8197, 8177, 8186, 8156, 8179, 8185, 8163, 8252,20.872798204421997
26, 8177, 8169, 8135, 8163, 8133, 8202, 8220, 8165, 8193, 8152, 8200, 8180, 8175, 8278,20.880757808685303
27, 8190, 8182, 8202, 8154, 8199, 8187, 8205, 8170, 8169, 8138, 8198, 8187, 8170, 8291,20.888757705688477
28, 8172, 8163, 8169, 8148, 8165, 8177, 8201, 8163, 8163, 8145, 8211, 8190, 8183, 8310,20.896819829940796
29, 8181, 8161, 8157, 8161, 8171, 8182, 8200, 8169, 8169, 8154, 8229, 8193, 8208, 8323,20.90481925010681
30, 8204, 8166, 8197, 8167, 8195, 8183, 8190, 8183, 8170, 8156, 8231, 8209, 8220, 8321,20.91272807121277
31, 8182, 8154, 8169, 8164, 8172, 8166, 8178, 8175, 8173, 8157, 8225, 8198, 8218, 8316,20.91982936859131
32, 8152, 8142, 8157, 8151, 8165, 8150, 8159, 8171, 8171, 8155, 8211, 8177, 8201, 8298,20.928733825683594
33, 8134, 8119, 8109, 8126, 8128, 8145, 8150, 8154, 8175, 8157, 8198, 8159, 8186, 8269,20.93576407432556
34, 8134, 8137, 8166, 8124, 8180, 8149, 8143, 8163, 8169, 8161, 8173, 8154, 8162, 8235,20.94382619857788
35, 8133, 8146, 8183, 8148, 8169, 8148, 8152, 8171, 8166, 8168, 8163, 8161, 8161, 8235,20.951648712158203
36, 8134, 8130, 8115, 8152, 8131, 8148, 8164, 8155, 8178, 8165, 8172, 8157, 8179, 8257,20.95976233482361
37, 8163, 8160, 8213, 8150, 8213, 8159, 8156, 8179, 8170, 8152, 8174, 8171, 8167, 8252,20.967761754989624
38, 8173, 8172, 8198, 8183, 8173, 8153, 8156, 8177, 8173, 8158, 8196, 8184, 8173, 8255,20.975515365600586
39, 8189, 8183, 8147, 8217, 8144, 8145, 8163, 8160, 8194, 8170, 8214, 8190, 8202, 8281,20.982717037200928
40, 8229, 8201, 8202, 8216, 8190, 8160, 8171, 8176, 8206, 8173, 8215, 8206, 8214, 8312,20.990717887878418
41, 8232, 8196, 8193, 8204, 8182, 8178, 8187, 8179, 8204, 8178, 8226, 8209, 8215, 8329,20.998764514923096
42, 8224, 8192, 8204, 8202, 8171, 8173, 8194, 8181, 8186, 8173, 8225, 8211, 8213, 8325,21.006734132766724
43, 8220, 8177, 8163, 8203, 8138, 8165, 8204, 8171, 8176, 8164, 8217, 8204, 8229, 8319,21.014732599258423
44, 8216, 8181, 8174, 8195, 8183, 8172, 8204, 8168, 8164, 8158, 8207, 8188, 8225, 8307,21.022660970687866
45, 8195, 8175, 8191, 8165, 8177, 8166, 8191, 8169, 8158, 8151, 8202, 8177, 8197, 8289,21.030668258666992
46, 8155, 8144, 8112, 8146, 8118, 8152, 8188, 8151, 8172, 8151, 8195, 8159, 8186, 8279,21.03874182701111
47, 8162, 8170, 8185, 8182, 8193, 8168, 8174, 8169, 8177, 8151, 8186, 8168, 8183, 8266,21.045754432678223
48, 8174, 8174, 8182, 8193, 8173, 8176, 8169, 8175, 8175, 8155, 8199, 8176, 8191, 8270,21.05368995666504
49, 8158, 8153, 8135, 8156, 8150, 8165, 8167, 8163, 8162, 8156, 8198, 8162, 8189, 8276,21.06173276901245
50, 8165, 8166, 8205, 8161, 8193, 8169, 8156, 8178, 8145, 8153, 8182, 8169, 8178, 8266,21.06973433494568
51, 8170, 8167, 8164, 8203, 8146, 8181, 8164, 8164, 8144, 8156, 8187, 8170, 8191, 8266,21.077683687210083
52, 8176, 8163, 8154, 8198, 8159, 8174, 8164, 8149, 8133, 8154, 8185, 8170, 8185, 8269,21.08566403388977
53, 8177, 8150, 8158, 8159, 8164, 8152, 8158, 8147, 8127, 8150, 8174, 8171, 8170, 8268,21.093735694885254
54, 8182, 8154, 8162, 8153, 8164, 8154, 8168, 8159, 8141, 8148, 8179, 8171, 8173, 8272,21.10166025161743
55, 8213, 8173, 8201, 8178, 8164, 8181, 8191, 8182, 8149, 8149, 8198, 8188, 8182, 8294,21.10883593559265
56, 8217, 8171, 8150, 8190, 8115, 8185, 8203, 8168, 8145, 8151, 8206, 8190, 8199, 8314,21.116443395614624
57, 8202, 8177, 8177, 8173, 8164, 8160, 8178, 8159, 8126, 8146, 8185, 8180, 8197, 8295,21.12447953224182
58, 8184, 8163, 8163, 8159, 8156, 8143, 8161, 8152, 8116, 8138, 8175, 8172, 8184, 8283,21.132705211639404
59, 8182, 8160, 8137, 8178, 8137, 8157, 8161, 8151, 8122, 8139, 8179, 8168, 8181, 8287,21.14049744606018
60, 8193, 8177, 8195, 8198, 8175, 8176, 8157, 8174, 8140, 8146, 8176, 8172, 8182, 8271,21.14856195449829
61, 8162, 8156, 8134, 8181, 8156, 8172, 8170, 8179, 8174, 8154, 8173, 8151, 8181, 8251,21.156618118286133
62, 8144, 8158, 8184, 8154, 8212, 8180, 8176, 8204, 8178, 8152, 8154, 8149, 8162, 8240,21.164496660232544
63, 8144, 8155, 8196, 8152, 8168, 8197, 8190, 8206, 8182, 8152, 8152, 8164, 8166, 8249,21.171579360961914
64, 8131, 8147, 8113, 8166, 8120, 8193, 8216, 8176, 8199, 8156, 8160, 8148, 8175, 8251,21.179657697677612
65, 8150, 8170, 8219, 8164, 8220, 8191, 8210, 8191, 8176, 8148, 8145, 8157, 8146, 8229,21.187567710876465
66, 8159, 8151, 8203, 8155, 8174, 8179, 8196, 8180, 8153, 8144, 8152, 8180, 8148, 8243,21.195576667785645
67, 8160, 8144, 8116, 8167, 8129, 8166, 8195, 8161, 8165, 8156, 8173, 8183, 8178, 8280,21.203623294830322
68, 8175, 8162, 8134, 8196, 8164, 8177, 8202, 8173, 8187, 8169, 8194, 8190, 8196, 8293,21.211761236190796
69, 8178, 8171, 8182, 8204, 8200, 8187, 8200, 8180, 8196, 8172, 8207, 8190, 8205, 8290,21.219757556915283
70, 8190, 8182, 8244, 8199, 8238, 8184, 8188, 8181, 8185, 8174, 8202, 8198, 8212, 8297,21.227534294128418
71, 8190, 8166, 8155, 8203, 8170, 8179, 8191, 8153, 8180, 8178, 8202, 8192, 8226, 8315,21.235758781433105
72, 8192, 8175, 8180, 8197, 8196, 8166, 8181, 8156, 8167, 8165, 8183, 8181, 8203, 8303,21.243786811828613
73, 8190, 8178, 8240, 8185, 8217, 8150, 8173, 8187, 8160, 8163, 8164, 8188, 8188, 8293,21.250574588775635
74, 8163, 8146, 8122, 8175, 8153, 8152, 8179, 8168, 8168, 8175, 8168, 8177, 8205, 8299,21.258836030960083
75, 8166, 8163, 8160, 8169, 8197, 8158, 8157, 8164, 8151, 8158, 8147, 8167, 8186, 8276,21.266762733459473
76, 8170, 8174, 8204, 8173, 8192, 8141, 8142, 8170, 8138, 8146, 8130, 8164, 8168, 8253,21.274786949157715
77, 8150, 8156, 8128, 8175, 8151, 8136, 8148, 8153, 8155, 8159, 8136, 8158, 8181, 8252,21.282757997512817
78, 8146, 8153, 8107, 8165, 8144, 8149, 8147, 8150, 8173, 8158, 8138, 8161, 8186, 8256,21.290757656097412
79, 8149, 8157, 8150, 8153, 8170, 8128, 8139, 8163, 8165, 8143, 8125, 8159, 8166, 8249,21.29876208305359
80, 8157, 8163, 8203, 8165, 8212, 8122, 8145, 8181, 8164, 8150, 8127, 8168, 8165, 8243,21.30571699142456
81, 8159, 8154, 8134, 8179, 8153, 8171, 8171, 8169, 8193, 8165, 8154, 8172, 8199, 8262,21.313795566558838
82, 8177, 8173, 8167, 8193, 8179, 8209, 8183, 8168, 8191, 8154, 8156, 8181, 8201, 8271,21.321727752685547
83, 8182, 8184, 8211, 8207, 8191, 8192, 8185, 8174, 8180, 8144, 8155, 8196, 8187, 8271,21.32969355583191
84, 8161, 8177, 8142, 8202, 8160, 8174, 8184, 8154, 8190, 8152, 8160, 8178, 8194, 8264,21.337523698806763
85, 8186, 8219, 8254, 8201, 8260, 8194, 8167, 8181, 8171, 8147, 8141, 8178, 8180, 8248,21.345758199691772
86, 8193, 8214, 8227, 8201, 8206, 8200, 8174, 8185, 8152, 8140, 8139, 8184, 8168, 8260,21.353529930114746
87, 8154, 8174, 8075, 8182, 8119, 8179, 8197, 8144, 8160, 8135, 8138, 8152, 8162, 8261,21.361735582351685
88, 8139, 8178, 8130, 8165, 8194, 8173, 8196, 8148, 8153, 8129, 8101, 8136, 8135, 8227,21.369755744934082
89, 8125, 8168, 8162, 8148, 8211, 8170, 8191, 8158, 8145, 8134, 8076, 8136, 8124, 8213,21.37650203704834
90, 8108, 8149, 8162, 8116, 8192, 8149, 8175, 8168, 8158, 8139, 8082, 8143, 8136, 8225,21.384718418121338
91, 8107, 8137, 8145, 8107, 8167, 8142, 8167, 8173, 8184, 8150, 8105, 8158, 8160, 8244,21.392751455307007
92, 8128, 8154, 8151, 8131, 8185, 8167, 8176, 8177, 8196, 8164, 8112, 8168, 8174, 8261,21.400770664215088
93, 8159, 8172, 8192, 8134, 8208, 8181, 8176, 8194, 8198, 8169, 8112, 8179, 8173, 8279,21.4086971282959
94, 8166, 8160, 8144, 8134, 8171, 8174, 8182, 8188, 8221, 8178, 8129, 8181, 8185, 8292,21.416749000549316
95, 8178, 8175, 8188, 8156, 8200, 8179, 8186, 8194, 8232, 8181, 8134, 8184, 8184, 8285,21.425755500793457
96, 8202, 8198, 8205, 8186, 8173, 8197, 8193, 8194, 8237, 8182, 8153, 8194, 8199, 8309,21.432731866836548
97, 8236, 8227, 8185, 8223, 8177, 8215, 8200, 8187, 8257, 8186, 8173, 8205, 8234, 8359,21.439704656600952
98, 8260, 8247, 8262, 8243, 8254, 8225, 8187, 8197, 8247, 8184, 8156, 8209, 8225, 8350,21.447725772857666
99, 8221, 8210, 8180, 8222, 8175, 8213, 8172, 8163, 8225, 8175, 8144, 8179, 8200, 8299,21.455713510513306
100, 8196, 8208, 8138, 8204, 8164, 8197, 8155, 8146, 8208, 8167, 8132, 8167, 8184, 8273,21.463730096817017
101, 8204, 8228, 8173, 8212, 8205, 8180, 8154, 8156, 8196, 8169, 8121, 8178, 8181, 8280,21.471750259399414
102, 8187, 8216, 8154, 8201, 8199, 8167, 8154, 8146, 8184, 8165, 8115, 8157, 8176, 8265,21.479538202285767
103, 8169, 8207, 8192, 8179, 8211, 8166, 8141, 8148, 8166, 8149, 8102, 8147, 8159, 8230,21.48770499229431
104, 8151, 8183, 8144, 8173, 8157, 8168, 8150, 8147, 8176, 8150, 8109, 8152, 8166, 8235,21.495545148849487
105, 8143, 8179, 8141, 8171, 8176, 8172, 8163, 8163, 8196, 8163, 8126, 8152, 8175, 8248,21.503472566604614
106, 8146, 8176, 8169, 8158, 8187, 8175, 8165, 8184, 8202, 8164, 8127, 8157, 8164, 8243,21.510473012924194
107, 8149, 8160, 8150, 8148, 8170, 8183, 8167, 8187, 8203, 8160, 8121, 8162, 8150, 8244,21.518413543701172
108, 8174, 8176, 8203, 8162, 8192, 8200, 8168, 8195, 8208, 8164, 8134, 8183, 8157, 8257,21.526429891586304
109, 8189, 8184, 8157, 8182, 8141, 8201, 8177, 8172, 8218, 8172, 8160, 8190, 8183, 8274,21.53449320793152
110, 8212, 8210, 8218, 8195, 8211, 8201, 8170, 8176, 8210, 8169, 8152, 8190, 8172, 8267,21.542409658432007
111, 8227, 8213, 8269, 8208, 8226, 8214, 8167, 8191, 8213, 8165, 8152, 8197, 8163, 8263,21.55055022239685
112, 8201, 8187, 8126, 8207, 8132, 8215, 8176, 8154, 8238, 8173, 8189, 8185, 8192, 8282,21.55864143371582
113, 8203, 8212, 8174, 8204, 8195, 8208, 8157, 8159, 8227, 8179, 8197, 8186, 8195, 8282,21.566563606262207
114, 8202, 8207, 8203, 8209, 8190, 8196, 8147, 8174, 8206, 8177, 8182, 8184, 8185, 8266,21.573628187179565
115, 8166, 8174, 8113, 8196, 8143, 8181, 8160, 8160, 8196, 8162, 8159, 8159, 8176, 8255,21.581626415252686
116, 8153, 8168, 8135, 8166, 8176, 8173, 8157, 8166, 8177, 8146, 8133, 8154, 8150, 8247,21.589746713638306
117, 8147, 8164, 8164, 8149, 8172, 8170, 8145, 8173, 8167, 8145, 8128, 8156, 8137, 8242,21.597604274749756
118, 8128, 8151, 8167, 8143, 8168, 8169, 8145, 8179, 8173, 8147, 8130, 8156, 8138, 8227,21.605486631393433
119, 8099, 8118, 8094, 8115, 8162, 8166, 8156, 8161, 8186, 8148, 8127, 8141, 8144, 8213,21.61360216140747
120, 8105, 8133, 8143, 8090, 8248, 8157, 8140, 8161, 8178, 8141, 8111, 8138, 8126, 8214,21.621681451797485
121, 8137, 8155, 8224, 8102, 8274, 8146, 8117, 8172, 8169, 8133, 8111, 8167, 8109, 8233,21.629483461380005
122, 8138, 8132, 8120, 8120, 8193, 8140, 8120, 8143, 8187, 8142, 8139, 8171, 8138, 8256,21.636634826660156
123, 8165, 8157, 8186, 8131, 8271, 8151, 8119, 8157, 8177, 8149, 8151, 8178, 8159, 8270,21.644713640213013
124, 8204, 8178, 8253, 8155, 8278, 8157, 8127, 8176, 8160, 8150, 8163, 8202, 8167, 8292,21.652672052383423
125, 8207, 8167, 8157, 8186, 8197, 8154, 8138, 8143, 8173, 8150, 8175, 8199, 8178, 8305,21.660726070404053
126, 8206, 8182, 8149, 8200, 8230, 8163, 8125, 8128, 8180, 8153, 8177, 8190, 8187, 8306,21.668731212615967
127, 8216, 8206, 8184, 8206, 8271, 8172, 8117, 8139, 8179, 8164, 8192, 8193, 8212, 8319,21.67670702934265
237, 8240, 8225, 8236, 8215, 8290, 8170, 8118, 8156, 8179, 8174, 8196, 8200, 8223, 8322,21.684618949890137
0, 8220, 8201, 8178, 8201, 8246, 8163, 8128, 8151, 8179, 8176, 8178, 8179, 8212, 8300,21.692495107650757
1, 8160, 8169, 8135, 8162, 8255, 8158, 8129, 8154, 8162, 8163, 8143, 8146, 8185, 8253,21.700544357299805
2, 8122, 8152, 8169, 8134, 8274, 8161, 8132, 8176, 8152, 8151, 8124, 8143, 8163, 8215,21.70759606361389
3, 8091, 8128, 8097, 8123, 8217, 8160, 8143, 8162, 8169, 8155, 8130, 8132, 8157, 8209,21.715541124343872
4, 8097, 8145, 8153, 8119, 8272, 8154, 8125, 8168, 8158, 8151, 8118, 8133, 8140, 8193,21.72351908683777
5, 8123, 8151, 8187, 8115, 8262, 8144, 8114, 8173, 8147, 8143, 8122, 8150, 8142, 8202,21.731512546539307
6, 8118, 8131, 8110, 8109, 8212, 8138, 8120, 8144, 8155, 8145, 8125, 8141, 8150, 8231,21.739495754241943
7, 8115, 8135, 8165, 8096, 8267, 8140, 8115, 8149, 8140, 8137, 8101, 8144, 8122, 8228,21.7476863861084
8, 8115, 8126, 8161, 8094, 8241, 8148, 8126, 8162, 8144, 8130, 8105, 8153, 8116, 8231,21.75562047958374
9, 8123, 8125, 8148, 8105, 8232, 8167, 8146, 8175, 8173, 8131, 8121, 8156, 8127, 8257,21.76369333267212
10, 8142, 8126, 8156, 8099, 8226, 8172, 8160, 8180, 8180, 8126, 8131, 8168, 8131, 8273,21.77057957649231
11, 8172, 8135, 8161, 8103, 8235, 8160, 8165, 8170, 8169, 8127, 8147, 8176, 8139, 8274,21.778717279434204
12, 8204, 8170, 8241, 8130, 8287, 8154, 8148, 8177, 8162, 8136, 8156, 8191, 8138, 8273,21.786701679229736
13, 8190, 8168, 8185, 8153, 8223, 8155, 8138, 8156, 8175, 8152, 8164, 8186, 8164, 8286,21.794718027114868
14, 8186, 8181, 8160, 8176, 8236, 8159, 8129, 8147, 8180, 8165, 8177, 8181, 8207, 8308,21.802722692489624
15, 8211, 8200, 8192, 8194, 8250, 8142, 8103, 8148, 8157, 8161, 8194, 8198, 8225, 8327,21.810662508010864
16, 8208, 8193, 8161, 8193, 8208, 8121, 8087, 8127, 8126, 8145, 8178, 8189, 8203, 8315,21.818581581115723
17, 8193, 8190, 8215, 8188, 8273, 8129, 8088, 8144, 8112, 8137, 8136, 8175, 8160, 8269,21.82670497894287
18, 8163, 8165, 8168, 8190, 8258, 8143, 8108, 8153, 8134, 8143, 8145, 8168, 8150, 8240,21.833696126937866
19, 8161, 8168, 8162, 8191, 8240, 8143, 8124, 8153, 8141, 8143, 8175, 8174, 8149, 8234,21.84165644645691
20, 8192, 8182, 8240, 8200, 8249, 8133, 8131, 8162, 8127, 8135, 8175, 8194, 8135, 8241,21.849615335464478
21, 8197, 8157, 8180, 8202, 8210, 8119, 8137, 8148, 8130, 8129, 8170, 8196, 8135, 8247,21.859351873397827
22, 8205, 8160, 8206, 8196, 8238, 8117, 8129, 8164, 8133, 8129, 8173, 8209, 8141, 8246,21.86540126800537
23, 8220, 8170, 8227, 8201, 8223, 8127, 8141, 8185, 8136, 8139, 8184, 8226, 8164, 8278,21.873600721359253
24, 8230, 8174, 8181, 8215, 8204, 8129, 8155, 8175, 8141, 8139, 8189, 8225, 8180, 8305,21.881500244140625
25, 8240, 8190, 8183, 8241, 8215, 8127, 8148, 8169, 8148, 8135, 8191, 8219, 8183, 8300,21.88959765434265
26, 8232, 8208, 8198, 8260, 8227, 8133, 8147, 8182, 8172, 8148, 8196, 8211, 8202, 8306,21.897595643997192
27, 8224, 8217, 8235, 8244, 8264, 8136, 8149, 8197, 8171, 8156, 8187, 8210, 8206, 8308,21.904720306396484
28, 8200, 8178, 8123, 8219, 8193, 8126, 8151, 8150, 8144, 8152, 8164, 8187, 8193, 8296,21.91265344619751
29, 8193, 8178, 8158, 8211, 8252, 8124, 8126, 8142, 8116, 8144, 8125, 8163, 8164, 8281,21.920595169067383
30, 8195, 8188, 8278, 8188, 8313, 8127, 8106, 8191, 8102, 8143, 8114, 8174, 8155, 8274,21.92959976196289
31, 8136, 8129, 8099, 8142, 8185, 8119, 8128, 8159, 8116, 8155, 8136, 8152, 8183, 8274,21.936814308166504
32, 8113, 8134, 8107, 8135, 8230, 8132, 8128, 8141, 8121, 8162, 8121, 8134, 8176, 8254,21.944817781448364
33, 8134, 8160, 8202, 8156, 8260, 8145, 8117, 8172, 8138, 8168, 8106, 8143, 8155, 8236,21.95275568962097
34, 8118, 8137, 8088, 8155, 8184, 8132, 8136, 8168, 8172, 8173, 8117, 8130, 8162, 8235,21.96066689491272
35, 8106, 8134, 8083, 8144, 8220, 8147, 8157, 8180, 8186, 8172, 8111, 8127, 8157, 8239,21.967674016952515
36, 8116, 8143, 8159, 8134, 8260, 8173, 8162, 8205, 8192, 8172, 8094, 8133, 8136, 8236,21.97547197341919
37, 8133, 8158, 8220, 8132, 8288, 8178, 8156, 8214, 8185, 8166, 8085, 8136, 8119, 8213,21.98344135284424
38, 8130, 8152, 8153, 8150, 8237, 8176, 8175, 8183, 8184, 8165, 8108, 8143, 8140, 8218,21.99154758453369
39, 8131, 8149, 8101, 8166, 8220, 8177, 8189, 8150, 8182, 8162, 8130, 8154, 8154, 8253,21.999555110931396
40, 8167, 8164, 8189, 8160, 8276, 8175, 8166, 8147, 8158, 8150, 8126, 8170, 8126, 8264,22.00767731666565
41, 8185, 8164, 8168, 8170, 8254, 8170, 8154, 8120, 8141, 8147, 8131, 8161, 8121, 8256,22.015392780303955
42, 8186, 8185, 8180, 8196, 8280, 8166, 8151, 8121, 8132, 8145, 8135, 8158, 8127, 8250,22.023825883865356
43, 8173, 8191, 8209, 8199, 8278, 8158, 8142, 8148, 8127, 8144, 8133, 8175, 8131, 8254,22.030841827392578
44, 8153, 8162, 8152, 8184, 8228, 8158, 8143, 8155, 8126, 8158, 8131, 8165, 8141, 8261,22.03873896598816
45, 8154, 8150, 8150, 8167, 8222, 8165, 8150, 8172, 8131, 8163, 8119, 8155, 8142, 8260,22.04675030708313
46, 8130, 8135, 8119, 8141, 8190, 8158, 8161, 8177, 8143, 8160, 8111, 8146, 8144, 8245,22.05475091934204
47, 8096, 8129, 8170, 8117, 8232, 8162, 8156, 8187, 8134, 8158, 8087, 8131, 8129, 8196,22.062726974487305
48, 8073, 8105, 8171, 8107, 8217, 8174, 8164, 8179, 8129, 8151, 8076, 8119, 8115, 8168,22.070739269256592
49, 8057, 8087, 8085, 8097, 8160, 8165, 8179, 8151, 8139, 8147, 8097, 8112, 8122, 8190,22.07872748374939
50, 8069, 8113, 8143, 8097, 8195, 8158, 8181, 8177, 8137, 8152, 8106, 8128, 8130, 8211,22.08658218383789
51, 8080, 8118, 8148, 8113, 8170, 8160, 8196, 8201, 8152, 8161, 8104, 8137, 8137, 8219,22.09474277496338
52, 8099, 8126, 8150, 8125, 8181, 8154, 8200, 8207, 8176, 8171, 8113, 8139, 8141, 8245,22.101746797561646
53, 8143, 8147, 8188, 8138, 8194, 8148, 8199, 8218, 8196, 8185, 8146, 8163, 8168, 8294,22.109684228897095
54, 8178, 8162, 8182, 8168, 8168, 8156, 8215, 8213, 8216, 8192, 8174, 8186, 8201, 8315,22.117748975753784
55, 8196, 8195, 8238, 8200, 8204, 8174, 8218, 8205, 8207, 8179, 8162, 8193, 8182, 8281,22.125730514526367
56, 8199, 8196, 8197, 8204, 8177, 8175, 8209, 8168, 8174, 8162, 8140, 8174, 8145, 8262,22.13351559638977
57, 8206, 8189, 8167, 8198, 8182, 8170, 8198, 8146, 8132, 8140, 8113, 8154, 8117, 8264,22.141744136810303
58, 8204, 8194, 8200, 8211, 8188, 8175, 8188, 8153, 8111, 8125, 8106, 8162, 8105, 8251,22.14976406097412
59, 8183, 8188, 8152, 8221, 8141, 8182, 8177, 8150, 8130, 8133, 8124, 8168, 8120, 8253,22.157469034194946
60, 8188, 8201, 8201, 8207, 8189, 8182, 8156, 8170, 8145, 8142, 8118, 8177, 8126, 8259,22.164710521697998
61, 8182, 8193, 8204, 8188, 8174, 8178, 8158, 8176, 8153, 8152, 8110, 8174, 8129, 8258,22.172610998153687
62, 8164, 8189, 8150, 8194, 8147, 8176, 8172, 8165, 8170, 8164, 8118, 8160, 8144, 8261,22.180457592010498
63, 8176, 8188, 8159, 8196, 8162, 8172, 8168, 8171, 8173, 8171, 8125, 8168, 8153, 8270,22.188727140426636
64, 8159, 8160, 8134, 8165, 8145, 8167, 8159, 8162, 8162, 8174, 8120, 8165, 8156, 8272,22.19645619392395
65, 8130, 8165, 8190, 8154, 8174, 8168, 8152, 8176, 8160, 8174, 8120, 8165, 8156, 8260,22.204542636871338
66, 8135, 8168, 8157, 8181, 8114, 8162, 8165, 8191, 8184, 8188, 8148, 8170, 8180, 8282,22.212557792663574
67, 8159, 8164, 8124, 8187, 8107, 8155, 8169, 8195, 8197, 8199, 8148, 8171, 8194, 8308,22.220587253570557
68, 8168, 8167, 8214, 8168, 8181, 8163, 8158, 8211, 8190, 8192, 8122, 8186, 8182, 8312,22.228737354278564
69, 8147, 8152, 8162, 8164, 8136, 8169, 8177, 8194, 8208, 8193, 8128, 8177, 8185, 8324,22.235705614089966
70, 8163, 8170, 8152, 8175, 8145, 8181, 8194, 8188, 8220, 8198, 8139, 8170, 8193, 8329,22.243775844573975
71, 8187, 8178, 8164, 8184, 8152, 8198, 8193, 8181, 8214, 8195, 8146, 8178, 8201, 8317,22.251747608184814
72, 8168, 8164, 8145, 8177, 8135, 8191, 8182, 8158, 8193, 8179, 8128, 8162, 8178, 8277,22.259507417678833
73, 8149, 8165, 8189, 8165, 8134, 8166, 8169, 8167, 8158, 8158, 8099, 8151, 8126, 8239,22.267745971679688
74, 8138, 8156, 8134, 8160, 8079, 8147, 8171, 8154, 8141, 8149, 8114, 8146, 8118, 8245,22.27577543258667
75, 8154, 8169, 8177, 8153, 8134, 8145, 8158, 8153, 8118, 8143, 8127, 8153, 8125, 8249,22.283591270446777
76, 8162, 8166, 8195, 8145, 8120, 8147, 8160, 8162, 8113, 8150, 8129, 8159, 8135, 8239,22.290741443634033
77, 8133, 8157, 8126, 8156, 8078, 8157, 8179, 8155, 8130, 8166, 8150, 8146, 8162, 8236,22.29871368408203
78, 8113, 8173, 8182, 8168, 8140, 8174, 8168, 8169, 8121, 8167, 8164, 8154, 8173, 8234,22.30674648284912
79, 8089, 8141, 8129, 8147, 8088, 8166, 8155, 8155, 8119, 8162, 8159, 8152, 8170, 8234,22.314707040786743
80, 8099, 8135, 8146, 8129, 8098, 8150, 8148, 8158, 8128, 8160, 8132, 8141, 8144, 8222,22.32272171974182
81, 8131, 8151, 8217, 8125, 8129, 8152, 8149, 8186, 8140, 8168, 8123, 8148, 8132, 8222,22.330841064453125
82, 8133, 8136, 8135, 8124, 8076, 8153, 8157, 8176, 8165, 8180, 8145, 8155, 8162, 8251,22.338653087615967
83, 8141, 8142, 8126, 8137, 8076, 8152, 8159, 8167, 8174, 8181, 8151, 8159, 8172, 8265,22.34671950340271
84, 8143, 8158, 8149, 8149, 8084, 8159, 8171, 8161, 8170, 8174, 8146, 8147, 8164, 8253,22.354743003845215
85, 8159, 8187, 8195, 8169, 8122, 8174, 8181, 8177, 8177, 8180, 8159, 8161, 8179, 8255,22.36269974708557
86, 8203, 8207, 8200, 8205, 8106, 8187, 8187, 8179, 8201, 8204, 8191, 8203, 8222, 8304,22.369812965393066
87, 8231, 8209, 8169, 8229, 8096, 8185, 8187, 8155, 8204, 8212, 8198, 8205, 8238, 8346,22.37772297859192
88, 8241, 8223, 8219, 8229, 8147, 8182, 8181, 8164, 8186, 8202, 8184, 8198, 8226, 8337,22.38548183441162
89, 8223, 8220, 8177, 8224, 8103, 8186, 8198, 8176, 8197, 8206, 8194, 8200, 8240, 8328,22.393742561340332
90, 8212, 8224, 8177, 8224, 8107, 8189, 8213, 8188, 8213, 8214, 8195, 8196, 8248, 8332,22.40172004699707
91, 8217, 8212, 8193, 8218, 8105, 8172, 8210, 8189, 8210, 8206, 8171, 8184, 8229, 8329,22.40956163406372
92, 8180, 8171, 8126, 8180, 8073, 8146, 8196, 8167, 8189, 8188, 8128, 8148, 8194, 8294,22.417731761932373
93, 8131, 8161, 8191, 8132, 8142, 8138, 8168, 8174, 8151, 8167, 8086, 8133, 8138, 8231,22.424734115600586
94, 8108, 8143, 8158, 8132, 8095, 8139, 8160, 8155, 8151, 8160, 8097, 8137, 8128, 8220,22.43273425102234
95, 8131, 8147, 8130, 8151, 8077, 8143, 8155, 8137, 8162, 8163, 8119, 8146, 8151, 8251,22.440715551376343
96, 8176, 8170, 8226, 8148, 8130, 8149, 8140, 8167, 8145, 8164, 8124, 8168, 8162, 8272,22.44873809814453
97, 8164, 8152, 8155, 8145, 8074, 8148, 8152, 8166, 8156, 8175, 8149, 8169, 8188, 8282,22.456714630126953
98, 8125, 8150, 8113, 8158, 8071, 8145, 8157, 8156, 8183, 8182, 8166, 8162, 8206, 8276,22.464734315872192
99, 8117, 8167, 8149, 8176, 8086, 8141, 8145, 8161, 8194, 8185, 8174, 8167, 8203, 8269,22.47274422645569
100, 8169, 8206, 8209, 8205, 8116, 8150, 8144, 8180, 8204, 8197, 8196, 8192, 8210, 8284,22.48074173927307
101, 8234, 8228, 8209, 8247, 8100, 8170, 8158, 8180, 8214, 8213, 8218, 8213, 8237, 8322,22.488648414611816
102, 8245, 8221, 8147, 8270, 8072, 8171, 8162, 8144, 8193, 8200, 8217, 8206, 8263, 8352,22.49574327468872
103, 8256, 8261, 8291, 8276, 8177, 8175, 8147, 8166, 8149, 8179, 8193, 8217, 8245, 8333,22.50374960899353
104, 8239, 8247, 8249, 8267, 8104, 8184, 8165, 8171, 8155, 8194, 8190, 8208, 8234, 8300,22.511481285095215
105, 8194, 8197, 8080, 8237, 8022, 8178, 8180, 8133, 8169, 8200, 8185, 8165, 8233, 8283,22.51975393295288
106, 8200, 8207, 8178, 8218, 8110, 8166, 8148, 8149, 8135, 8177, 8156, 8167, 8210, 8277,22.527745008468628
107, 8204, 8206, 8192, 8218, 8066, 8149, 8137, 8153, 8123, 8175, 8151, 8174, 8196, 8277,22.535487413406372
108, 8187, 8194, 8124, 8211, 8024, 8141, 8143, 8140, 8133, 8185, 8160, 8160, 8189, 8272,22.543716192245483
109, 8179, 8195, 8156, 8192, 8072, 8139, 8129, 8153, 8130, 8184, 8161, 8166, 8185, 8277,22.551742792129517
110, 8180, 8196, 8194, 8182, 8096, 8143, 8120, 8170, 8138, 8188, 8161, 8171, 8188, 8284,22.558741569519043
111, 8172, 8193, 8158, 8178, 8062, 8149, 8138, 8167, 8155, 8200, 8160, 8163, 8185, 8271,22.566755771636963
112, 8147, 8179, 8081, 8167, 8029, 8151, 8158, 8148, 8163, 8195, 8154, 8151, 8179, 8260,22.574746131896973
113, 8149, 8192, 8168, 8164, 8108, 8161, 8151, 8164, 8156, 8182, 8135, 8159, 8172, 8260,22.582743644714355
114, 8157, 8185, 8167, 8176, 8084, 8175, 8166, 8175, 8182, 8193, 8151, 8171, 8190, 8286,22.59068512916565
115, 8166, 8190, 8137, 8186, 8075, 8191, 8190, 8184, 8209, 8199, 8170, 8168, 8203, 8299,22.598743200302124
116, 8213, 8241, 8296, 8198, 8160, 8207, 8187, 8225, 8197, 8183, 8170, 8195, 8198, 8295,22.60662317276001
117, 8233, 8233, 8223, 8222, 8061, 8208, 8204, 8210, 8219, 8196, 8219, 8218, 8245, 8336,22.61468529701233
118, 8231, 8217, 8113, 8239, 8018, 8201, 8215, 8180, 8239, 8215, 8250, 8212, 8280, 8372,22.622767448425293
119, 8231, 8225, 8182, 8232, 8086, 8191, 8203, 8187, 8205, 8202, 8229, 8212, 8259, 8359,22.629719257354736
120, 8215, 8215, 8195, 8215, 8097, 8185, 8195, 8187, 8184, 8199, 8213, 8204, 8249, 8347,22.63762593269348
121, 8223, 8210, 8199, 8211, 8098, 8184, 8182, 8194, 8187, 8199, 8205, 8200, 8248, 8347,22.645742654800415
122, 8230, 8196, 8158, 8210, 8068, 8178, 8183, 8181, 8185, 8189, 8185, 8185, 8240, 8345,22.65374207496643
123, 8209, 8190, 8166, 8190, 8098, 8169, 8181, 8170, 8168, 8186, 8153, 8163, 8206, 8316,22.66156268119812
124, 8191, 8180, 8177, 8157, 8092, 8158, 8170, 8178, 8159, 8183, 8144, 8162, 8169, 8287,22.66974186897278
125, 8182, 8171, 8125, 8145, 8043, 8155, 8177, 8177, 8173, 8182, 8156, 8158, 8176, 8285,22.677743911743164
126, 8177, 8183, 8163, 8160, 8080, 8168, 8192, 8193, 8187, 8186, 8159, 8151, 8188, 8271,22.685523748397827
127, 8157, 8171, 8145, 8169, 8078, 8182, 8198, 8190, 8196, 8191, 8161, 8135, 8183, 8244,22.692736387252808
237, 8154, 8179, 8167, 8149, 8116, 8181, 8184, 8185, 8175, 8184, 8151, 8137, 8161, 8232,22.70074439048767
0, 8167, 8180, 8204, 8121, 8103, 8164, 8177, 8190, 8152, 8173, 8151, 8163, 8156, 8255,22.708688259124756
1, 8175, 8162, 8117, 8140, 8022, 8155, 8187, 8165, 8167, 8177, 8175, 8167, 8173, 8291,22.716652870178223
2, 8210, 8198, 8177, 8189, 8087, 8167, 8181, 8167, 8173, 8180, 8180, 8181, 8178, 8295,22.7247097492218
3, 8208, 8210, 8200, 8196, 8085, 8171, 8170, 8164, 8170, 8191, 8184, 8191, 8194, 8292,22.732686042785645
4, 8199, 8213, 8190, 8198, 8079, 8156, 8156, 8158, 8174, 8196, 8204, 8188, 8210, 8304,22.740670442581177
5, 8250, 8244, 8254, 8233, 8125, 8154, 8154, 8180, 8172, 8194, 8216, 8208, 8219, 8337,22.74874496459961
6, 8271, 8231, 8176, 8233, 8079, 8155, 8182, 8169, 8174, 8202, 8219, 8205, 8243, 8363,22.75568723678589
7, 8250, 8212, 8140, 8197, 8081, 8150, 8185, 8161, 8176, 8204, 8212, 8188, 8240, 8345,22.763527631759644
8, 8217, 8199, 8145, 8184, 8070, 8143, 8161, 8164, 8168, 8188, 8201, 8176, 8218, 8314,22.771743059158325
9, 8198, 8198, 8171, 8176, 8077, 8141, 8140, 8171, 8143, 8171, 8173, 8159, 8189, 8294,22.779810905456543
10, 8191, 8182, 8179, 8150, 8076, 8152, 8150, 8182, 8143, 8174, 8165, 8152, 8174, 8286,22.78852915763855
11, 8147, 8138, 8088, 8119, 8037, 8154, 8175, 8172, 8177, 8184, 8177, 8139, 8182, 8268,22.79568362236023
12, 8118, 8142, 8183, 8092, 8115, 8149, 8161, 8199, 8165, 8179, 8151, 8141, 8157, 8224,22.803730010986328
13, 8120, 8141, 8203, 8095, 8072, 8148, 8151, 8199, 8152, 8175, 8143, 8142, 8145, 8217,22.8114914894104
14, 8125, 8133, 8089, 8113, 7994, 8149, 8177, 8157, 8179, 8180, 8171, 8129, 8168, 8241,22.81974220275879
15, 8141, 8159, 8148, 8116, 8064, 8154, 8197, 8167, 8182, 8182, 8174, 8143, 8165, 8240,22.82673716545105
16, 8141, 8160, 8165, 8115, 8068, 8148, 8200, 8173, 8167, 8176, 8163, 8155, 8146, 8237,22.834737539291382
17, 8143, 8156, 8144, 8124, 8049, 8144, 8199, 8165, 8162, 8169, 8163, 8153, 8141, 8246,22.84270215034485
18, 8155, 8160, 8148, 8148, 8050, 8157, 8208, 8169, 8179, 8177, 8182, 8158, 8155, 8248,22.85074210166931
19, 8174, 8175, 8180, 8174, 8085, 8171, 8211, 8178, 8194, 8186, 8201, 8170, 8171, 8254,22.858718395233154
20, 8189, 8192, 8227, 8176, 8111, 8164, 8192, 8181, 8184, 8189, 8205, 8183, 8180, 8274,22.86665391921997
21, 8166, 8174, 8154, 8170, 8057, 8149, 8186, 8153, 8186, 8199, 8208, 8174, 8196, 8290,22.874579668045044
22, 8177, 8182, 8187, 8186, 8099, 8147, 8175, 8160, 8191, 8208, 8210, 8178, 8200, 8296,22.88272762298584
23, 8224, 8195, 8219, 8207, 8101, 8137, 8150, 8172, 8185, 8211, 8228, 8196, 8215, 8318,22.88947606086731
24, 8224, 8194, 8148, 8214, 8070, 8117, 8124, 8141, 8166, 8205, 8229, 8183, 8222, 8322,22.897737503051758
25, 8211, 8206, 8205, 8211, 8120, 8116, 8107, 8142, 8138, 8191, 8197, 8175, 8183, 8285,22.9057400226593
26, 8186, 8177, 8172, 8184, 8061, 8119, 8126, 8158, 8142, 8193, 8194, 8162, 8167, 8273,22.9136905670166
27, 8155, 8149, 8118, 8162, 8040, 8123, 8141, 8169, 8153, 8193, 8195, 8143, 8168, 8267,22.921742916107178
28, 8144, 8147, 8138, 8161, 8064, 8128, 8140, 8165, 8142, 8180, 8171, 8143, 8140, 8229,22.929717540740967
29, 8147, 8145, 8143, 8148, 8061, 8121, 8146, 8153, 8128, 8168, 8149, 8135, 8109, 8202,22.937520265579224
30, 8159, 8148, 8205, 8135, 8106, 8122, 8154, 8172, 8119, 8158, 8148, 8143, 8101, 8212,22.94574522972107
31, 8143, 8124, 8147, 8140, 8058, 8134, 8168, 8167, 8122, 8153, 8172, 8159, 8113, 8237,22.95384407043457
32, 8140, 8130, 8131, 8152, 8045, 8137, 8168, 8165, 8122, 8158, 8185, 8168, 8115, 8243,22.960748195648193
33, 8167, 8163, 8195, 8170, 8081, 8143, 8168, 8182, 8135, 8173, 8201, 8177, 8140, 8256,22.96865153312683
34, 8167, 8169, 8164, 8185, 8079, 8148, 8174, 8167, 8156, 8180, 8226, 8167, 8183, 8272,22.976739406585693
35, 8178, 8181, 8204, 8195, 8118, 8151, 8155, 8173, 8153, 8176, 8233, 8179, 8190, 8279,22.984861135482788
36, 8205, 8185, 8180, 8208, 8086, 8156, 8152, 8183, 8172, 8196, 8256, 8206, 8221, 8322,22.99279236793518
37, 8227, 8209, 8167, 8226, 8088, 8156, 8155, 8174, 8193, 8226, 8273, 8214, 8263, 8350,23.00083327293396
38, 8231, 8224, 8216, 8238, 8111, 8149, 8133, 8162, 8177, 8221, 8256, 8208, 8259, 8325,23.008756637573242
39, 8212, 8204, 8163, 8242, 8084, 8144, 8122, 8153, 8169, 8209, 8244, 8185, 8253, 8305,23.016709804534912
40, 8191, 8211, 8186, 8241, 8125, 8154, 8120, 8171, 8170, 8208, 8234, 8174, 8242, 8280,23.02375602722168
41, 8142, 8188, 8149, 8221, 8077, 8153, 8115, 8156, 8151, 8201, 8212, 8153, 8208, 8242,23.031754732131958
42, 8119, 8171, 8122, 8198, 8074, 8147, 8107, 8149, 8136, 8192, 8182, 8128, 8175, 8218,23.039510488510132
43, 8145, 8196, 8213, 8196, 8151, 8166, 8114, 8192, 8154, 8195, 8179, 8148, 8169, 8223,23.047818422317505
44, 8129, 8180, 8161, 8184, 8103, 8183, 8145, 8188, 8179, 8195, 8202, 8162, 8182, 8234,23.05573844909668
45, 8107, 8156, 8121, 8167, 8074, 8182, 8158, 8170, 8163, 8182, 8196, 8147, 8168, 8221,23.06361174583435
46, 8113, 8147, 8116, 8168, 8053, 8173, 8159, 8163, 8147, 8174, 8179, 8136, 8151, 8212,23.071823835372925
47, 8148, 8177, 8177, 8188, 8103, 8183, 8160, 8169, 8148, 8173, 8181, 8155, 8146, 8232,23.07963752746582
48, 8205, 8215, 8270, 8209, 8159, 8200, 8166, 8195, 8145, 8176, 8207, 8189, 8159, 8271,23.086737871170044
49, 8211, 8198, 8161, 8223, 8076, 8196, 8184, 8188, 8165, 8188, 8239, 8186, 8198, 8301,23.094738721847534
50, 8201, 8200, 8147, 8228, 8087, 8190, 8176, 8181, 8176, 8190, 8233, 8179, 8205, 8300,23.102738857269287
51, 8217, 8223, 8213, 8230, 8118, 8184, 8156, 8178, 8165, 8197, 8224, 8187, 8201, 8303,23.110780000686646
52, 8227, 8233, 8182, 8249, 8104, 8172, 8145, 8168, 8160, 8207, 8243, 8191, 8222, 8317,23.11864972114563
53, 8226, 8246, 8192, 8262, 8129, 8160, 8134, 8182, 8146, 8204, 8249, 8203, 8224, 8316,23.12683081626892
54, 8208, 8233, 8184, 8243, 8112, 8144, 8127, 8180, 8138, 8199, 8233, 8198, 8213, 8307,23.134739637374878
55, 8186, 8213, 8179, 8218, 8111, 8135, 8124, 8169, 8142, 8198, 8218, 8178, 8208, 8295,23.142706155776978
56, 8163, 8193, 8127, 8207, 8080, 8139, 8133, 8158, 8149, 8205, 8223, 8166, 8208, 8281,23.149731397628784
57, 8157, 8183, 8126, 8203, 8094, 8145, 8129, 8155, 8146, 8204, 8218, 8162, 8199, 8263,23.15775728225708
58, 8171, 8188, 8208, 8209, 8140, 8156, 8117, 8179, 8142, 8195, 8213, 8180, 8193, 8268,23.165642023086548
59, 8166, 8179, 8132, 8211, 8085, 8169, 8137, 8169, 8157, 8197, 8230, 8177, 8203, 8290,23.173747301101685
60, 8177, 8197, 8184, 8204, 8155, 8180, 8142, 8168, 8155, 8199, 8220, 8172, 8185, 8271,23.181739330291748
61, 8192, 8192, 8256, 8198, 8177, 8189, 8132, 8182, 8152, 8188, 8207, 8188, 8167, 8258,23.189498901367188
62, 8177, 8165, 8130, 8203, 8079, 8204, 8161, 8163, 8165, 8182, 8217, 8177, 8185, 8293,23.197733402252197
63, 8191, 8192, 8145, 8227, 8120, 8218, 8180, 8165, 8158, 8185, 8218, 8169, 8196, 8299,23.205543518066406
64, 8208, 8209, 8180, 8258, 8146, 8213, 8163, 8155, 8149, 8180, 8213, 8176, 8182, 8282,23.213753938674927
65, 8211, 8216, 8182, 8273, 8150, 8213, 8155, 8146, 8141, 8172, 8216, 8183, 8162, 8286,23.221537113189697
66, 8212, 8215, 8188, 8256, 8150, 8220, 8172, 8161, 8139, 8189, 8244, 8191, 8183, 8299,23.228516817092896
67, 8188, 8202, 8154, 8232, 8140, 8207, 8178, 8164, 8147, 8212, 8266, 8181, 8225, 8288,23.23641085624695
68, 8187, 8220, 8207, 8237, 8169, 8195, 8163, 8170, 8142, 8209, 8250, 8177, 8222, 8277,23.244555950164795
69, 8191, 8210, 8173, 8244, 8118, 8183, 8166, 8156, 8143, 8204, 8236, 8171, 8210, 8289,23.252527952194214
70, 8169, 8194, 8139, 8219, 8121, 8162, 8154, 8143, 8146, 8198, 8222, 8157, 8198, 8268,23.260493993759155
71, 8143, 8189, 8169, 8190, 8143, 8144, 8123, 8148, 8144, 8194, 8212, 8159, 8192, 8240,23.26853609085083
72, 8138, 8181, 8138, 8191, 8121, 8140, 8128, 8156, 8164, 8210, 8225, 8163, 8217, 8264,23.276466369628906
73, 8168, 8194, 8197, 8197, 8172, 8155, 8153, 8194, 8191, 8217, 8221, 8172, 8223, 8291,23.283780097961426
74, 8175, 8188, 8186, 8191, 8135, 8161, 8167, 8201, 8208, 8216, 8213, 8173, 8209, 8294,23.291526079177856
75, 8159, 8177, 8159, 8184, 8110, 8151, 8159, 8191, 8195, 8211, 8201, 8167, 8189, 8279,23.29960799217224
76, 8160, 8169, 8181, 8174, 8115, 8146, 8168, 8209, 8183, 8198, 8183, 8176, 8175, 8268,23.307739973068237
77, 8169, 8157, 8127, 8177, 8091, 8156, 8210, 8209, 8206, 8202, 8188, 8172, 8185, 8285,23.315518140792847
78, 8192, 8186, 8222, 8191, 8188, 8173, 8215, 8210, 8197, 8206, 8194, 8179, 8177, 8280,23.32371759414673
79, 8187, 8180, 8219, 8191, 8149, 8173, 8203, 8174, 8168, 8187, 8208, 8181, 8174, 8262,23.331610679626465
80, 8184, 8171, 8134, 8188, 8086, 8163, 8192, 8131, 8156, 8167, 8225, 8173, 8189, 8274,23.339773654937744
81, 8220, 8197, 8200, 8197, 8153, 8157, 8168, 8150, 8144, 8172, 8227, 8190, 8192, 8300,23.34753108024597
82, 8201, 8180, 8165, 8192, 8137, 8149, 8151, 8148, 8131, 8175, 8218, 8179, 8187, 8296,23.35473132133484
83, 8158, 8170, 8172, 8164, 8145, 8147, 8130, 8148, 8107, 8159, 8189, 8158, 8166, 8257,23.36277985572815
84, 8145, 8164, 8163, 8154, 8116, 8142, 8119, 8157, 8103, 8164, 8182, 8160, 8157, 8243,23.370716094970703
85, 8145, 8159, 8126, 8162, 8109, 8142, 8123, 8160, 8125, 8186, 8196, 8156, 8168, 8251,23.378501653671265
86, 8145, 8169, 8195, 8147, 8171, 8152, 8122, 8182, 8135, 8189, 8189, 8163, 8172, 8248,23.386713981628418
87, 8110, 8145, 8144, 8124, 8129, 8154, 8134, 8169, 8140, 8190, 8185, 8161, 8180, 8247,23.39550495147705
88, 8087, 8143, 8109, 8127, 8121, 8149, 8137, 8159, 8139, 8197, 8181, 8145, 8171, 8236,23.401738166809082
89, 8103, 8155, 8138, 8141, 8136, 8145, 8128, 8172, 8145, 8195, 8177, 8142, 8157, 8233,23.409849643707275
90, 8133, 8153, 8153, 8147, 8135, 8155, 8131, 8178, 8161, 8192, 8193, 8156, 8172, 8253,23.417486667633057
91, 8161, 8171, 8190, 8157, 8146, 8172, 8141, 8191, 8165, 8197, 8216, 8181, 8196, 8264,23.425787210464478
92, 8165, 8186, 8179, 8162, 8141, 8171, 8148, 8188, 8175, 8200, 8222, 8182, 8208, 8266,23.433743238449097
93, 8192, 8203, 8217, 8177, 8184, 8174, 8154, 8195, 8195, 8197, 8221, 8184, 8205, 8290,23.441558361053467
94, 8229, 8198, 8193, 8203, 8158, 8195, 8174, 8193, 8207, 8202, 8248, 8199, 8221, 8324,23.449738025665283
95, 8234, 8206, 8163, 8220, 8154, 8203, 8174, 8174, 8196, 8197, 8270, 8200, 8234, 8323,23.45752501487732
96, 8244, 8242, 8258, 8240, 8210, 8200, 8160, 8180, 8174, 8181, 8266, 8215, 8225, 8322,23.465890407562256
97, 8251, 8236, 8203, 8262, 8147, 8210, 8177, 8164, 8178, 8187, 8269, 8215, 8237, 8354,23.473514795303345
98, 8251, 8239, 8182, 8259, 8166, 8213, 8170, 8150, 8163, 8182, 8245, 8194, 8213, 8336,23.480767011642456
99, 8232, 8232, 8216, 8221, 8195, 8193, 8140, 8145, 8129, 8161, 8201, 8181, 8162, 8275,23.48863434791565
100, 8193, 8190, 8133, 8190, 8133, 8174, 8134, 8124, 8122, 8159, 8189, 8162, 8165, 8251,23.496700525283813
101, 8185, 8183, 8149, 8192, 8163, 8173, 8124, 8138, 8125, 8172, 8196, 8163, 8173, 8251,23.50548553466797
102, 8167, 8178, 8146, 8186, 8164, 8169, 8113, 8149, 8140, 8179, 8202, 8160, 8167, 8255,23.512762784957886
103, 8138, 8167, 8138, 8156, 8163, 8167, 8111, 8155, 8153, 8179, 8192, 8148, 8165, 8246,23.520517110824585
104, 8143, 8159, 8159, 8149, 8162, 8167, 8115, 8164, 8157, 8187, 8194, 8158, 8170, 8234,23.52873420715332
105, 8161, 8168, 8136, 8171, 8154, 8166, 8130, 8165, 8177, 8205, 8219, 8165, 8189, 8244,23.536548852920532
106, 8185, 8200, 8202, 8176, 8203, 8180, 8141, 8192, 8195, 8213, 8232, 8179, 8204, 8275,23.54463791847229
107, 8182, 8185, 8167, 8162, 8154, 8185, 8154, 8185, 8198, 8210, 8234, 8188, 8209, 8300,23.55152153968811
108, 8178, 8175, 8139, 8161, 8152, 8177, 8155, 8166, 8184, 8205, 8219, 8182, 8190, 8288,23.559651136398315
109, 8213, 8198, 8214, 8180, 8195, 8187, 8156, 8181, 8180, 8206, 8220, 8196, 8195, 8294,23.56754732131958
110, 8229, 8188, 8190, 8183, 8164, 8193, 8180, 8180, 8186, 8204, 8232, 8194, 8224, 8319,23.575694799423218
111, 8211, 8177, 8213, 8158, 8194, 8186, 8184, 8185, 8155, 8180, 8192, 8176, 8188, 8292,23.583552598953247
112, 8186, 8163, 8182, 8153, 8162, 8186, 8181, 8185, 8143, 8169, 8169, 8166, 8158, 8269,23.591808795928955
113, 8196, 8172, 8131, 8187, 8143, 8196, 8188, 8178, 8175, 8190, 8203, 8171, 8198, 8298,23.598756074905396
114, 8217, 8198, 8176, 8194, 8175, 8196, 8178, 8181, 8179, 8196, 8221, 8186, 8223, 8325,23.606624603271484
115, 8190, 8185, 8149, 8164, 8152, 8181, 8163, 8170, 8172, 8192, 8203, 8170, 8206, 8315,23.6146981716156
116, 8177, 8176, 8182, 8154, 8181, 8171, 8154, 8179, 8174, 8197, 8190, 8162, 8193, 8275,23.622607469558716
117, 8176, 8172, 8167, 8162, 8146, 8163, 8161, 8183, 8175, 8207, 8202, 8169, 8215, 8260,23.63050103187561
118, 8156, 8180, 8134, 8157, 8145, 8166, 8175, 8185, 8183, 8209, 8197, 8166, 8233, 8283,23.638728618621826
119, 8158, 8186, 8193, 8141, 8204, 8178, 8189, 8206, 8199, 8208, 8177, 8165, 8226, 8296,23.646489143371582
120, 8163, 8156, 8143, 8126, 8150, 8174, 8197, 8191, 8212, 8208, 8180, 8162, 8224, 8288,23.65457844734192
121, 8163, 8161, 8158, 8125, 8161, 8168, 8189, 8183, 8209, 8208, 8186, 8174, 8219, 8267,23.662408113479614
122, 8151, 8165, 8172, 8131, 8174, 8173, 8194, 8182, 8212, 8210, 8192, 8172, 8213, 8261,23.670729160308838
123, 8159, 8159, 8148, 8133, 8176, 8182, 8197, 8165, 8209, 8199, 8184, 8160, 8199, 8270,23.677443742752075
124, 8191, 8177, 8210, 8143, 8202, 8175, 8178, 8163, 8184, 8180, 8166, 8176, 8175, 8273,23.68546962738037
125, 8185, 8172, 8178, 8160, 8150, 8166, 8164, 8143, 8174, 8180, 8191, 8190, 8185, 8279,23.693572998046875
126, 8193, 8185, 8176, 8168, 8172, 8171, 8156, 8139, 8166, 8181, 8228, 8200, 8207, 8295,23.70170283317566
127, 8220, 8193, 8180, 8171, 8197, 8164, 8160, 8141, 8150, 8172, 8218, 8198, 8211, 8312,23.7095730304718
237, 8196, 8174, 8155, 8160, 8191, 8153, 8161, 8140, 8138, 8166, 8176, 8171, 8187, 8300,23.717641830444336
0, 8157, 8163, 8183, 8137, 8205, 8162, 8156, 8172, 8139, 8171, 8168, 8169, 8170, 8280,23.725646495819092
1, 8147, 8150, 8125, 8127, 8163, 8167, 8170, 8177, 8165, 8189, 8198, 8174, 8194, 8283,23.733741521835327
2, 8169, 8159, 8160, 8123, 8202, 8167, 8169, 8173, 8170, 8202, 8202, 8172, 8204, 8276,23.740578651428223
3, 8156, 8150, 8177, 8106, 8194, 8171, 8159, 8172, 8170, 8203, 8203, 8174, 8212, 8274,23.748543977737427
4, 8118, 8136, 8121, 8088, 8162, 8160, 8150, 8161, 8175, 8202, 8201, 8154, 8214, 8266,23.756550788879395
5, 8154, 8172, 8233, 8097, 8226, 8152, 8126, 8188, 8161, 8198, 8177, 8154, 8175, 8236,23.764739751815796
6, 8184, 8167, 8194, 8116, 8164, 8152, 8138, 8186, 8173, 8203, 8201, 8173, 8183, 8258,23.772563934326172
7, 8170, 8151, 8116, 8117, 8149, 8147, 8159, 8164, 8186, 8203, 8228, 8179, 8204, 8298,23.78072214126587
8, 8185, 8173, 8194, 8125, 8211, 8155, 8151, 8173, 8169, 8190, 8218, 8186, 8175, 8292,23.788483381271362
9, 8213, 8189, 8180, 8164, 8180, 8174, 8163, 8169, 8170, 8187, 8230, 8181, 8176, 8287,23.79659628868103
10, 8228, 8199, 8170, 8194, 8187, 8179, 8180, 8171, 8176, 8187, 8244, 8189, 8201, 8291,23.803513050079346
11, 8233, 8200, 8200, 8199, 8202, 8170, 8167, 8171, 8166, 8174, 8242, 8208, 8201, 8297,23.811400175094604
12, 8254, 8218, 8234, 8229, 8212, 8164, 8148, 8162, 8148, 8162, 8262, 8220, 8209, 8326,23.819467782974243
13, 8264, 8226, 8214, 8265, 8182, 8157, 8152, 8145, 8126, 8169, 8297, 8236, 8238, 8364,23.827731132507324
14, 8242, 8216, 8160, 8266, 8164, 8148, 8154, 8129, 8111, 8179, 8309, 8239, 8245, 8366,23.8356831073761
15, 8237, 8231, 8237, 8261, 8228, 8154, 8141, 8157, 8116, 8180, 8301, 8245, 8241, 8344,23.843470335006714
16, 8215, 8203, 8193, 8248, 8174, 8154, 8147, 8153, 8131, 8183, 8289, 8221, 8250, 8332,23.85148596763611
17, 8178, 8165, 8156, 8206, 8171, 8133, 8145, 8135, 8115, 8179, 8243, 8185, 8220, 8306,23.85966396331787
18, 8177, 8168, 8227, 8180, 8221, 8114, 8136, 8164, 8103, 8180, 8223, 8205, 8195, 8295,23.867539167404175
19, 8174, 8169, 8152, 8191, 8166, 8122, 8157, 8171, 8134, 8190, 8252, 8214, 8227, 8312,23.874566316604614
20, 8171, 8172, 8163, 8193, 8190, 8139, 8164, 8183, 8143, 8187, 8233, 8193, 8220, 8299,23.88249135017395
21, 8169, 8153, 8167, 8179, 8171, 8132, 8158, 8188, 8135, 8191, 8191, 8170, 8183, 8277,23.890751361846924
22, 8184, 8168, 8158, 8183, 8171, 8126, 8165, 8194, 8150, 8202, 8189, 8165, 8179, 8272,23.89864754676819
23, 8218, 8211, 8233, 8205, 8224, 8142, 8175, 8216, 8169, 8201, 8215, 8191, 8197, 8285,23.906594276428223
24, 8225, 8199, 8165, 8223, 8163, 8154, 8187, 8191, 8175, 8205, 8227, 8190, 8219, 8324,23.914604902267456
25, 8246, 8211, 8159, 8249, 8185, 8168, 8181, 8180, 8163, 8204, 8212, 8185, 8215, 8350,23.922815084457397
26, 8265, 8235, 8184, 8271, 8227, 8177, 8180, 8185, 8166, 8191, 8219, 8197, 8210, 8351,23.930498361587524
27, 8238, 8223, 8154, 8238, 8229, 8171, 8178, 8162, 8150, 8181, 8221, 8183, 8198, 8319,23.93856406211853
28, 8209, 8194, 8169, 8192, 8223, 8172, 8163, 8147, 8115, 8172, 8190, 8165, 8167, 8284,23.94550395011902
29, 8175, 8158, 8108, 8183, 8169, 8176, 8166, 8146, 8128, 8172, 8179, 8152, 8167, 8293,23.953726053237915
30, 8161, 8173, 8178, 8170, 8251, 8180, 8168, 8179, 8137, 8173, 8178, 8156, 8168, 8291,23.961647748947144
31, 8157, 8168, 8240, 8128, 8275, 8180, 8169, 8195, 8120, 8170, 8178, 8165, 8159, 8260,23.96948504447937
32, 8125, 8121, 8121, 8113, 8169, 8169, 8178, 8170, 8134, 8180, 8186, 8150, 8168, 8259,23.977638006210327
33, 8118, 8119, 8083, 8134, 8157, 8162, 8183, 8172, 8158, 8190, 8196, 8148, 8182, 8277,23.98662519454956
34, 8116, 8126, 8094, 8122, 8181, 8153, 8186, 8174, 8167, 8193, 8201, 8145, 8180, 8271,23.993705987930298
35, 8112, 8135, 8162, 8108, 8225, 8140, 8165, 8177, 8164, 8192, 8191, 8144, 8160, 8248,24.001662492752075
36, 8129, 8144, 8180, 8139, 8195, 8132, 8149, 8178, 8171, 8202, 8202, 8167, 8170, 8253,24.008503675460815
37, 8151, 8148, 8135, 8167, 8174, 8125, 8150, 8168, 8178, 8211, 8220, 8176, 8188, 8263,24.01655650138855
38, 8164, 8158, 8172, 8163, 8214, 8109, 8137, 8172, 8167, 8207, 8207, 8169, 8165, 8254,24.024630069732666
39, 8161, 8155, 8135, 8154, 8170, 8096, 8133, 8160, 8162, 8197, 8196, 8160, 8146, 8250,24.032729387283325
40, 8182, 8181, 8181, 8166, 8210, 8110, 8145, 8173, 8153, 8185, 8191, 8169, 8133, 8238,24.040708780288696
41, 8191, 8184, 8196, 8188, 8211, 8124, 8163, 8175, 8143, 8182, 8208, 8175, 8138, 8243,24.048585891723633
42, 8181, 8166, 8131, 8196, 8187, 8127, 8169, 8133, 8136, 8178, 8224, 8165, 8150, 8256,24.056782007217407
43, 8200, 8196, 8246, 8196, 8281, 8149, 8160, 8147, 8108, 8170, 8216, 8182, 8135, 8241,24.064724445343018
44, 8196, 8182, 8216, 8191, 8231, 8167, 8177, 8154, 8104, 8175, 8227, 8184, 8144, 8248,24.07163906097412
45, 8177, 8153, 8103, 8175, 8166, 8164, 8194, 8133, 8121, 8181, 8235, 8166, 8172, 8272,24.07967495918274
46, 8172, 8165, 8135, 8172, 8192, 8159, 8189, 8145, 8120, 8186, 8222, 8166, 8175, 8264,24.087645292282104
47, 8159, 8171, 8158, 8185, 8205, 8157, 8185, 8161, 8120, 8189, 8225, 8166, 8182, 8256,24.095526456832886
48, 8149, 8154, 8171, 8163, 8217, 8141, 8172, 8169, 8123, 8184, 8231, 8171, 8185, 8267,24.103690147399902
49, 8133, 8128, 8122, 8126, 8167, 8117, 8159, 8164, 8135, 8187, 8228, 8167, 8178, 8276,24.11170196533203
50, 8131, 8147, 8155, 8131, 8197, 8125, 8153, 8178, 8145, 8195, 8216, 8160, 8173, 8274,24.119703769683838
51, 8139, 8153, 8195, 8139, 8218, 8132, 8155, 8190, 8145, 8196, 8213, 8168, 8181, 8284,24.127686977386475
52, 8126, 8115, 8114, 8121, 8163, 8107, 8161, 8169, 8150, 8200, 8229, 8164, 8192, 8294,24.13571834564209
53, 8134, 8125, 8174, 8125, 8205, 8105, 8155, 8181, 8151, 8206, 8244, 8171, 8189, 8285,24.142699718475342
54, 8135, 8127, 8176, 8133, 8181, 8130, 8169, 8176, 8156, 8202, 8245, 8173, 8189, 8281,24.15068006515503
55, 8125, 8119, 8140, 8123, 8173, 8130, 8182, 8158, 8148, 8188, 8233, 8160, 8173, 8275,24.158720016479492
56, 8148, 8140, 8222, 8139, 8226, 8127, 8180, 8184, 8142, 8177, 8238, 8174, 8159, 8279,24.166486740112305
57, 8160, 8147, 8179, 8172, 8185, 8138, 8198, 8188, 8165, 8186, 8270, 8181, 8185, 8307,24.1744601726532
58, 8165, 8164, 8158, 8188, 8184, 8155, 8213, 8180, 8170, 8197, 8281, 8185, 8200, 8318,24.18254280090332
59, 8178, 8167, 8163, 8181, 8182, 8156, 8213, 8171, 8158, 8198, 8265, 8189, 8190, 8319,24.19068193435669
60, 8185, 8175, 8179, 8167, 8211, 8148, 8206, 8170, 8145, 8188, 8243, 8184, 8173, 8314,24.19851779937744
61, 8196, 8196, 8230, 8176, 8237, 8151, 8199, 8174, 8129, 8183, 8251, 8193, 8173, 8300,24.205693006515503
62, 8187, 8176, 8149, 8187, 8162, 8149, 8200, 8141, 8126, 8185, 8283, 8190, 8192, 8294,24.213693618774414
63, 8184, 8165, 8147, 8164, 8177, 8132, 8177, 8138, 8126, 8178, 8271, 8182, 8181, 8295,24.22147011756897
64, 8179, 8154, 8172, 8132, 8183, 8113, 8160, 8157, 8141, 8185, 8263, 8192, 8185, 8310,24.229656457901
65, 8171, 8148, 8171, 8131, 8193, 8122, 8169, 8169, 8161, 8208, 8288, 8200, 8214, 8322,24.237722396850586
66, 8171, 8157, 8207, 8135, 8224, 8146, 8174, 8190, 8164, 8206, 8285, 8188, 8202, 8299,24.245799779891968
67, 8135, 8139, 8121, 8123, 8158, 8145, 8182, 8170, 8172, 8198, 8269, 8155, 8187, 8263,24.253714561462402
68, 8125, 8153, 8157, 8123, 8197, 8132, 8175, 8162, 8160, 8198, 8256, 8157, 8180, 8235,24.261736631393433
69, 8147, 8160, 8195, 8136, 8194, 8131, 8167, 8168, 8139, 8197, 8256, 8176, 8177, 8245,24.26872706413269
70, 8152, 8150, 8145, 8146, 8154, 8139, 8174, 8161, 8146, 8193, 8261, 8168, 8186, 8275,24.276692867279053
71, 8167, 8169, 8229, 8144, 8224, 8144, 8182, 8184, 8156, 8192, 8256, 8179, 8191, 8290,24.285505533218384
72, 8169, 8150, 8182, 8139, 8181, 8136, 8198, 8177, 8173, 8202, 8259, 8186, 8207, 8311,24.292476892471313
73, 8152, 8124, 8094, 8134, 8133, 8129, 8203, 8154, 8178, 8211, 8251, 8167, 8212, 8320,24.30061626434326
74, 8139, 8131, 8127, 8128, 8161, 8138, 8203, 8163, 8166, 8202, 8240, 8158, 8199, 8288,24.308541774749756
75, 8135, 8145, 8171, 8130, 8197, 8149, 8209, 8175, 8160, 8186, 8228, 8155, 8180, 8252,24.31648540496826
76, 8142, 8146, 8190, 8122, 8199, 8141, 8201, 8171, 8150, 8181, 8216, 8165, 8161, 8264,24.324631929397583
77, 8127, 8121, 8109, 8104, 8139, 8132, 8194, 8141, 8144, 8185, 8220, 8166, 8169, 8289,24.33247399330139
78, 8127, 8131, 8175, 8096, 8214, 8142, 8176, 8151, 8131, 8180, 8208, 8161, 8167, 8265,24.339591026306152
79, 8144, 8137, 8236, 8098, 8230, 8138, 8153, 8168, 8121, 8177, 8206, 8171, 8162, 8257,24.347543716430664
80, 8140, 8122, 8121, 8114, 8139, 8117, 8148, 8143, 8139, 8189, 8227, 8172, 8188, 8291,24.35572052001953
81, 8148, 8146, 8166, 8133, 8201, 8124, 8148, 8159, 8156, 8192, 8231, 8176, 8193, 8286,24.36372423171997
82, 8151, 8144, 8196, 8130, 8212, 8128, 8155, 8176, 8161, 8187, 8222, 8172, 8185, 8264,24.371828079223633
83, 8147, 8133, 8138, 8118, 8168, 8114, 8157, 8158, 8152, 8181, 8211, 8163, 8184, 8267,24.379690408706665
84, 8172, 8153, 8170, 8129, 8179, 8116, 8150, 8159, 8145, 8180, 8218, 8180, 8182, 8278,24.387722730636597
85, 8179, 8164, 8189, 8137, 8190, 8128, 8152, 8168, 8151, 8187, 8239, 8181, 8186, 8286,24.39572262763977
86, 8172, 8172, 8229, 8133, 8223, 8137, 8158, 8186, 8154, 8189, 8241, 8181, 8191, 8284,24.402665376663208
87, 8168, 8144, 8163, 8129, 8152, 8143, 8176, 8174, 8166, 8190, 8248, 8186, 8211, 8297,24.41071891784668
88, 8170, 8134, 8141, 8127, 8153, 8147, 8180, 8164, 8167, 8186, 8247, 8179, 8209, 8305,24.418681144714355
89, 8178, 8155, 8206, 8144, 8217, 8148, 8176, 8180, 8154, 8180, 8225, 8178, 8183, 8300,24.426682472229004
90, 8178, 8150, 8142, 8154, 8183, 8145, 8187, 8169, 8162, 8186, 8221, 8166, 8192, 8305,24.43472123146057
91, 8195, 8166, 8193, 8144, 8224, 8145, 8170, 8176, 8159, 8184, 8221, 8173, 8195, 8300,24.44272518157959
92, 8179, 8158, 8205, 8129, 8210, 8143, 8155, 8176, 8150, 8177, 8219, 8182, 8186, 8292,24.450467348098755
93, 8129, 8126, 8112, 8111, 8158, 8144, 8174, 8159, 8158, 8187, 8217, 8159, 8188, 8282,24.45872187614441
94, 8125, 8125, 8120, 8097, 8166, 8154, 8179, 8168, 8173, 8207, 8215, 8152, 8193, 8275,24.466723918914795
95, 8141, 8133, 8136, 8093, 8180, 8157, 8167, 8167, 8176, 8201, 8214, 8160, 8195, 8278,24.47350239753723
96, 8155, 8148, 8208, 8096, 8226, 8157, 8156, 8171, 8154, 8182, 8208, 8172, 8182, 8268,24.481637954711914
97, 8155, 8140, 8188, 8106, 8174, 8159, 8160, 8169, 8160, 8192, 8220, 8175, 8191, 8271,24.489664316177368
98, 8160, 8145, 8141, 8129, 8148, 8167, 8162, 8169, 8181, 8206, 8235, 8169, 8214, 8283,24.497692108154297
99, 8177, 8169, 8189, 8150, 8186, 8181, 8164, 8179, 8173, 8201, 8236, 8184, 8221, 8290,24.505688667297363
100, 8164, 8158, 8160, 8148, 8157, 8180, 8173, 8165, 8167, 8197, 8236, 8186, 8220, 8302,24.513501167297363
101, 8152, 8148, 8170, 8131, 8179, 8173, 8169, 8167, 8170, 8193, 8229, 8176, 8205, 8294,24.5213942527771
102, 8150, 8143, 8167, 8124, 8186, 8179, 8178, 8172, 8183, 8195, 8229, 8175, 8204, 8273,24.529481887817383
103, 8155, 8151, 8150, 8134, 8189, 8195, 8191, 8168, 8196, 8205, 8230, 8179, 8211, 8275,24.5363872051239
104, 8173, 8167, 8214, 8143, 8221, 8197, 8182, 8177, 8187, 8199, 8213, 8183, 8197, 8289,24.544403791427612
105, 8157, 8140, 8154, 8133, 8168, 8174, 8175, 8160, 8183, 8187, 8196, 8153, 8184, 8280,24.552456617355347
106, 8143, 8135, 8157, 8115, 8194, 8160, 8160, 8169, 8184, 8190, 8188, 8143, 8174, 8254,24.560433626174927
107, 8140, 8131, 8168, 8100, 8183, 8158, 8152, 8174, 8178, 8190, 8197, 8165, 8176, 8261,24.56869626045227
108, 8122, 8122, 8127, 8098, 8163, 8155, 8156, 8148, 8168, 8182, 8193, 8157, 8175, 8265,24.57662796974182
109, 8125, 8140, 8237, 8100, 8253, 8154, 8145, 8174, 8152, 8176, 8168, 8148, 8143, 8227,24.584686040878296
110, 8117, 8115, 8187, 8095, 8187, 8151, 8152, 8171, 8152, 8175, 8179, 8149, 8143, 8220,24.59266448020935
111, 8104, 8097, 8087, 8096, 8123, 8160, 8165, 8138, 8154, 8167, 8198, 8159, 8165, 8251,24.60061502456665
112, 8115, 8119, 8128, 8107, 8163, 8177, 8175, 8155, 8149, 8166, 8198, 8171, 8168, 8262,24.607675552368164
113, 8128, 8141, 8168, 8121, 8199, 8193, 8192, 8175, 8165, 8182, 8211, 8166, 8177, 8259,24.61569309234619
114, 8149, 8166, 8211, 8139, 8229, 8208, 8197, 8179, 8189, 8199, 8234, 8185, 8200, 8274,24.623844861984253
115, 8149, 8153, 8146, 8138, 8179, 8207, 8192, 8168, 8202, 8210, 8252, 8200, 8229, 8309,24.631680250167847
116, 8138, 8150, 8178, 8113, 8224, 8205, 8174, 8181, 8190, 8206, 8231, 8185, 8216, 8302,24.639747381210327
117, 8127, 8155, 8227, 8107, 8230, 8209, 8166, 8190, 8183, 8195, 8207, 8169, 8189, 8258,24.647732257843018
118, 8095, 8138, 8107, 8122, 8143, 8198, 8176, 8157, 8198, 8204, 8209, 8157, 8196, 8240,24.65568709373474
119, 8092, 8150, 8146, 8121, 8201, 8187, 8168, 8163, 8188, 8204, 8195, 8156, 8184, 8238,24.662731170654297
120, 8095, 8151, 8184, 8110, 8201, 8181, 8157, 8168, 8172, 8191, 8185, 8144, 8171, 8229,24.670731782913208
121, 8091, 8149, 8137, 8132, 8163, 8177, 8153, 8152, 8178, 8192, 8195, 8138, 8176, 8216,24.678667783737183
122, 8111, 8162, 8158, 8161, 8191, 8184, 8155, 8163, 8186, 8205, 8205, 8166, 8184, 8228,24.686726331710815
123, 8124, 8158, 8156, 8139, 8196, 8192, 8162, 8164, 8185, 8209, 8204, 8172, 8193, 8253,24.694705486297607
124, 8128, 8166, 8182, 8117, 8204, 8193, 8155, 8166, 8170, 8206, 8200, 8164, 8196, 8249,24.702622652053833
125, 8126, 8170, 8152, 8145, 8163, 8201, 8155, 8163, 8175, 8212, 8219, 8167, 8210, 8247,24.710731267929077
126, 8152, 8194, 8181, 8171, 8204, 8226, 8167, 8168, 8185, 8211, 8230, 8177, 8216, 8260,24.718719005584717
127, 8177, 8207, 8225, 8169, 8227, 8229, 8178, 8176, 8178, 8200, 8223, 8185, 8215, 8269,24.726484537124634
237, 8151, 8186, 8144, 8170, 8170, 8216, 8185, 8163, 8183, 8207, 8218, 8168, 8220, 8262,24.733685731887817
0, 8156, 8211, 8218, 8177, 8241, 8226, 8171, 8193, 8183, 8208, 8210, 8173, 8202, 8246,24.74172067642212
1, 8178, 8208, 8229, 8169, 8228, 8228, 8173, 8203, 8186, 8197, 8215, 8190, 8189, 8261,24.74972152709961
2, 8154, 8166, 8122, 8151, 8160, 8210, 8185, 8168, 8186, 8190, 8213, 8168, 8181, 8270,24.757683992385864
3, 8138, 8160, 8145, 8141, 8195, 8204, 8177, 8167, 8168, 8185, 8200, 8156, 8171, 8250,24.76572275161743
4, 8152, 8164, 8156, 8143, 8215, 8205, 8174, 8171, 8171, 8186, 8203, 8162, 8187, 8254,24.77371883392334
5, 8170, 8175, 8190, 8148, 8235, 8200, 8178, 8181, 8184, 8182, 8194, 8170, 8183, 8263,24.78170418739319
6, 8163, 8162, 8177, 8137, 8188, 8198, 8177, 8175, 8187, 8180, 8186, 8169, 8169, 8259,24.789716720581055
7, 8150, 8150, 8141, 8126, 8177, 8197, 8165, 8157, 8180, 8187, 8184, 8165, 8172, 8258,24.79673457145691
8, 8165, 8168, 8200, 8141, 8230, 8195, 8154, 8168, 8174, 8194, 8170, 8179, 8170, 8271,24.80461621284485
9, 8182, 8174, 8172, 8163, 8196, 8192, 8160, 8162, 8181, 8195, 8176, 8180, 8171, 8296,24.812691688537598
10, 8208, 8188, 8187, 8171, 8211, 8189, 8151, 8165, 8182, 8193, 8184, 8179, 8163, 8301,24.820788145065308
11, 8227, 8192, 8208, 8183, 8208, 8192, 8148, 8174, 8186, 8197, 8189, 8194, 8169, 8307,24.82845687866211
12, 8225, 8190, 8181, 8212, 8204, 8207, 8175, 8173, 8202, 8201, 8206, 8199, 8197, 8327,24.8367178440094
13, 8225, 8197, 8222, 8218, 8241, 8216, 8187, 8190, 8207, 8199, 8204, 8203, 8198, 8336,24.844721794128418
14, 8199, 8174, 8153, 8193, 8170, 8196, 8183, 8173, 8207, 8198, 8186, 8182, 8182, 8317,24.852452039718628
15, 8178, 8171, 8139, 8186, 8182, 8189, 8176, 8155, 8193, 8187, 8174, 8163, 8172, 8284,24.86068344116211
16, 8181, 8178, 8186, 8201, 8225, 8211, 8181, 8160, 8186, 8180, 8184, 8171, 8176, 8277,24.867717027664185
17, 8158, 8164, 8145, 8192, 8194, 8203, 8181, 8140, 8178, 8176, 8178, 8155, 8161, 8272,24.875638723373413
18, 8145, 8163, 8172, 8164, 8213, 8172, 8152, 8136, 8144, 8163, 8146, 8146, 8123, 8247,24.883720874786377
19, 8149, 8155, 8158, 8161, 8189, 8163, 8146, 8144, 8148, 8166, 8153, 8154, 8129, 8251,24.89168667793274
20, 8153, 8158, 8150, 8169, 8184, 8171, 8158, 8160, 8183, 8178, 8169, 8154, 8147, 8264,24.899720191955566
21, 8147, 8154, 8145, 8159, 8182, 8180, 8165, 8163, 8183, 8179, 8158, 8148, 8140, 8251,24.907674551010132
22, 8145, 8147, 8128, 8150, 8182, 8186, 8167, 8152, 8171, 8178, 8154, 8149, 8142, 8251,24.91569757461548
23, 8180, 8171, 8221, 8173, 8225, 8188, 8164, 8177, 8176, 8188, 8179, 8177, 8168, 8279,24.92371392250061
24, 8194, 8165, 8167, 8194, 8157, 8179, 8178, 8172, 8192, 8203, 8205, 8188, 8203, 8315,24.930646896362305
25, 8196, 8170, 8171, 8182, 8194, 8185, 8174, 8172, 8187, 8202, 8188, 8188, 8199, 8324,24.93871760368347
26, 8197, 8187, 8258, 8174, 8249, 8201, 8166, 8192, 8188, 8196, 8171, 8197, 8179, 8309,24.946664094924927
27, 8167, 8165, 8145, 8187, 8164, 8196, 8193, 8169, 8208, 8209, 8190, 8174, 8196, 8302,24.95462703704834
28, 8179, 8179, 8168, 8198, 8206, 8192, 8200, 8173, 8203, 8213, 8196, 8171, 8198, 8295,24.962695360183716
29, 8201, 8195, 8227, 8193, 8228, 8186, 8179, 8181, 8191, 8202, 8192, 8192, 8180, 8292,24.970781803131104
30, 8191, 8189, 8157, 8191, 8175, 8177, 8174, 8162, 8197, 8200, 8201, 8187, 8190, 8298,24.978667497634888
31, 8178, 8180, 8126, 8192, 8165, 8177, 8177, 8154, 8202, 8206, 8205, 8177, 8209, 8302,24.986713647842407
32, 8157, 8160, 8139, 8171, 8187, 8172, 8164, 8155, 8195, 8206, 8194, 8170, 8205, 8300,24.993661642074585
33, 8161, 8166, 8201, 8156, 8229, 8170, 8148, 8171, 8182, 8204, 8182, 8173, 8179, 8286,25.001508951187134
34, 8169, 8157, 8128, 8162, 8159, 8172, 8162, 8155, 8194, 8207, 8198, 8170, 8188, 8288,25.009696006774902
35, 8169, 8161, 8154, 8157, 8204, 8170, 8154, 8149, 8193, 8202, 8191, 8168, 8185, 8282,25.01769208908081
36, 8174, 8171, 8276, 8136, 8276, 8168, 8132, 8180, 8159, 8189, 8166, 8182, 8152, 8264,25.025707483291626
37, 8145, 8135, 8133, 8130, 8155, 8165, 8157, 8164, 8167, 8192, 8180, 8169, 8161, 8273,25.03362798690796
38, 8145, 8144, 8101, 8155, 8162, 8168, 8163, 8161, 8186, 8196, 8186, 8167, 8169, 8289,25.04153847694397
39, 8179, 8163, 8188, 8159, 8210, 8173, 8144, 8180, 8179, 8194, 8186, 8189, 8167, 8302,25.049718856811523
40, 8186, 8155, 8164, 8136, 8189, 8174, 8147, 8174, 8175, 8194, 8195, 8184, 8174, 8305,25.05769920349121
41, 8186, 8161, 8174, 8138, 8205, 8162, 8156, 8173, 8176, 8192, 8195, 8180, 8175, 8305,25.064708471298218
42, 8190, 8168, 8166, 8159, 8198, 8148, 8157, 8168, 8181, 8188, 8191, 8174, 8177, 8305,25.07271909713745
43, 8194, 8175, 8190, 8159, 8218, 8150, 8153, 8174, 8178, 8184, 8180, 8172, 8172, 8291,25.0805606842041
44, 8193, 8162, 8171, 8165, 8201, 8155, 8166, 8180, 8185, 8197, 8189, 8180, 8183, 8297,25.088523387908936
45, 8190, 8162, 8133, 8186, 8202, 8158, 8173, 8173, 8189, 8202, 8194, 8168, 8191, 8299,25.096710443496704
46, 8190, 8180, 8180, 8177, 8227, 8161, 8156, 8173, 8175, 8197, 8181, 8165, 8178, 8276,25.104445457458496
47, 8183, 8168, 8159, 8157, 8189, 8154, 8155, 8162, 8179, 8197, 8173, 8164, 8177, 8270,25.11271381378174
48, 8182, 8178, 8193, 8165, 8233, 8155, 8155, 8176, 8173, 8180, 8152, 8157, 8162, 8266,25.120721578598022
49, 8171, 8182, 8187, 8179, 8217, 8163, 8148, 8187, 8166, 8178, 8156, 8161, 8162, 8266,25.127504587173462
50, 8156, 8171, 8116, 8185, 8163, 8159, 8157, 8172, 8187, 8201, 8186, 8168, 8191, 8282,25.13571524620056
51, 8172, 8190, 8198, 8196, 8225, 8159, 8166, 8189, 8198, 8202, 8177, 8179, 8183, 8278,25.14372968673706
52, 8170, 8177, 8183, 8196, 8194, 8161, 8167, 8183, 8190, 8185, 8160, 8173, 8162, 8267,25.151694297790527
53, 8157, 8165, 8155, 8176, 8183, 8152, 8151, 8165, 8171, 8176, 8157, 8170, 8154, 8263,25.15973210334778
54, 8149, 8174, 8189, 8161, 8215, 8144, 8137, 8167, 8151, 8173, 8145, 8170, 8138, 8251,25.16772961616516
55, 8137, 8166, 8146, 8156, 8196, 8153, 8144, 8159, 8156, 8172, 8146, 8157, 8134, 8249,25.175727128982544
56, 8163, 8179, 8166, 8176, 8208, 8175, 8157, 8170, 8177, 8183, 8177, 8178, 8165, 8279,25.18365478515625
57, 8198, 8191, 8172, 8206, 8196, 8184, 8172, 8180, 8203, 8199, 8208, 8201, 8206, 8328,25.1917142868042
58, 8220, 8192, 8207, 8199, 8230, 8193, 8177, 8197, 8209, 8203, 8201, 8204, 8213, 8350,25.198719024658203
59, 8217, 8184, 8200, 8179, 8212, 8207, 8187, 8204, 8214, 8206, 8191, 8198, 8209, 8339,25.20661425590515
60, 8190, 8189, 8146, 8181, 8194, 8206, 8185, 8177, 8215, 8203, 8177, 8176, 8199, 8308,25.21471858024597
61, 8190, 8210, 8257, 8185, 8289, 8198, 8154, 8188, 8187, 8181, 8141, 8174, 8160, 8267,25.222715854644775
62, 8170, 8171, 8183, 8175, 8201, 8196, 8170, 8175, 8186, 8176, 8143, 8173, 8163, 8274,25.230477333068848
63, 8149, 8161, 8074, 8171, 8141, 8201, 8194, 8145, 8203, 8192, 8160, 8160, 8191, 8288,25.23871612548828
64, 8170, 8190, 8177, 8170, 8233, 8197, 8167, 8159, 8188, 8190, 8154, 8167, 8177, 8266,25.246716260910034
65, 8176, 8167, 8169, 8154, 8213, 8188, 8151, 8162, 8176, 8177, 8155, 8165, 8165, 8260,25.25453281402588
66, 8186, 8168, 8171, 8157, 8203, 8199, 8167, 8174, 8180, 8179, 8161, 8173, 8179, 8279,25.26168465614319
67, 8208, 8182, 8204, 8181, 8217, 8211, 8181, 8190, 8197, 8190, 8180, 8191, 8201, 8296,25.26971673965454
68, 8215, 8181, 8190, 8189, 8221, 8208, 8176, 8190, 8206, 8195, 8190, 8193, 8206, 8303,25.2777419090271
69, 8219, 8183, 8178, 8170, 8208, 8201, 8177, 8188, 8208, 8201, 8182, 8192, 8203, 8310,25.285680770874023
70, 8220, 8186, 8159, 8157, 8195, 8195, 8185, 8176, 8207, 8204, 8175, 8179, 8195, 8309,25.293745279312134
71, 8227, 8202, 8216, 8168, 8247, 8198, 8173, 8191, 8187, 8181, 8161, 8175, 8172, 8291,25.301717281341553
72, 8204, 8182, 8154, 8173, 8199, 8201, 8187, 8192, 8186, 8169, 8152, 8171, 8179, 8285,25.309685230255127
73, 8182, 8177, 8128, 8167, 8207, 8198, 8211, 8186, 8203, 8188, 8149, 8166, 8190, 8284,25.317716598510742
74, 8206, 8206, 8245, 8163, 8273, 8195, 8192, 8203, 8205, 8196, 8158, 8183, 8173, 8277,25.32476782798767
75, 8200, 8181, 8164, 8160, 8195, 8180, 8173, 8173, 8203, 8184, 8170, 8174, 8182, 8279,25.332457065582275
76, 8184, 8170, 8118, 8160, 8196, 8169, 8170, 8141, 8184, 8174, 8154, 8162, 8186, 8273,25.340708017349243
77, 8194, 8180, 8156, 8162, 8216, 8175, 8171, 8137, 8165, 8174, 8155, 8174, 8184, 8284,25.348522424697876
78, 8200, 8183, 8168, 8160, 8219, 8182, 8170, 8147, 8161, 8171, 8171, 8175, 8190, 8303,25.35649275779724
79, 8197, 8192, 8214, 8166, 8258, 8188, 8171, 8177, 8159, 8162, 8161, 8175, 8183, 8295,25.36459445953369
80, 8189, 8183, 8151, 8176, 8214, 8196, 8180, 8175, 8174, 8168, 8165, 8175, 8192, 8299,25.372440099716187
81, 8204, 8194, 8169, 8175, 8225, 8203, 8176, 8183, 8183, 8179, 8178, 8181, 8200, 8317,25.380512714385986
82, 8214, 8195, 8194, 8179, 8219, 8208, 8174, 8190, 8185, 8181, 8173, 8181, 8199, 8326,25.387587308883667
83, 8205, 8192, 8156, 8188, 8220, 8203, 8169, 8179, 8190, 8181, 8159, 8170, 8202, 8315,25.395479202270508
84, 8221, 8206, 8214, 8174, 8265, 8183, 8147, 8189, 8182, 8176, 8157, 8180, 8192, 8290,25.403751373291016
85, 8227, 8188, 8166, 8165, 8195, 8169, 8154, 8174, 8184, 8176, 8165, 8179, 8193, 8293,25.411651134490967
86, 8238, 8194, 8164, 8186, 8214, 8180, 8170, 8165, 8182, 8180, 8157, 8177, 8198, 8308,25.419740915298462
87, 8243, 8193, 8199, 8170, 8248, 8178, 8162, 8167, 8164, 8168, 8154, 8185, 8194, 8299,25.42767071723938
88, 8217, 8163, 8142, 8127, 8202, 8166, 8158, 8149, 8158, 8153, 8161, 8163, 8176, 8270,25.435678720474243
89, 8223, 8171, 8166, 8145, 8208, 8181, 8164, 8160, 8164, 8162, 8170, 8163, 8168, 8268,25.443690061569214
90, 8235, 8174, 8139, 8174, 8181, 8184, 8168, 8162, 8166, 8175, 8189, 8176, 8187, 8301,25.451719284057617
91, 8235, 8185, 8187, 8164, 8237, 8177, 8153, 8166, 8149, 8160, 8183, 8174, 8175, 8294,25.458638668060303
92, 8230, 8193, 8236, 8157, 8258, 8182, 8153, 8181, 8148, 8159, 8175, 8179, 8164, 8271,25.466689348220825
93, 8202, 8175, 8125, 8165, 8188, 8183, 8180, 8164, 8172, 8178, 8197, 8176, 8190, 8283,25.474692344665527
94, 8196, 8182, 8153, 8163, 8222, 8183, 8186, 8167, 8168, 8178, 8196, 8178, 8192, 8286,25.482422351837158
95, 8199, 8176, 8170, 8151, 8206, 8182, 8181, 8173, 8173, 8180, 8181, 8171, 8186, 8285,25.490715742111206
96, 8215, 8178, 8171, 8157, 8217, 8177, 8167, 8176, 8192, 8188, 8174, 8161, 8187, 8285,25.498687028884888
97, 8231, 8189, 8195, 8171, 8236, 8174, 8155, 8180, 8187, 8182, 8163, 8169, 8179, 8264,25.506612062454224
98, 8205, 8174, 8133, 8163, 8192, 8173, 8164, 8162, 8179, 8181, 8153, 8156, 8173, 8246,25.51472306251526
99, 8195, 8173, 8183, 8143, 8233, 8171, 8163, 8178, 8169, 8179, 8138, 8153, 8164, 8246,25.52175235748291
100, 8209, 8163, 8192, 8146, 8217, 8167, 8163, 8183, 8173, 8173, 8144, 8165, 8169, 8257,25.529833555221558
101, 8207, 8161, 8146, 8155, 8193, 8159, 8162, 8158, 8178, 8171, 8149, 8161, 8169, 8254,25.5376455783844
102, 8207, 8183, 8171, 8162, 8220, 8152, 8151, 8154, 8162, 8162, 8136, 8161, 8152, 8246,25.545721530914307
103, 8220, 8193, 8168, 8175, 8207, 8160, 8158, 8153, 8152, 8151, 8140, 8167, 8151, 8253,25.553717613220215
104, 8218, 8192, 8180, 8176, 8213, 8172, 8166, 8164, 8153, 8145, 8142, 8170, 8149, 8249,25.561680555343628
105, 8186, 8177, 8146, 8174, 8200, 8170, 8167, 8164, 8168, 8156, 8145, 8164, 8160, 8243,25.569710969924927
106, 8186, 8188, 8169, 8179, 8238, 8176, 8170, 8169, 8174, 8169, 8152, 8169, 8187, 8246,25.57772922515869
107, 8204, 8193, 8192, 8175, 8236, 8194, 8190, 8179, 8173, 8170, 8163, 8183, 8200, 8261,25.585552215576172
108, 8177, 8161, 8105, 8157, 8187, 8201, 8208, 8167, 8182, 8171, 8163, 8164, 8192, 8268,25.59270429611206
109, 8173, 8168, 8217, 8140, 8278, 8206, 8200, 8203, 8179, 8174, 8144, 8163, 8175, 8249,25.60072374343872
110, 8181, 8158, 8235, 8139, 8241, 8213, 8213, 8222, 8195, 8181, 8153, 8177, 8189, 8253,25.60867714881897
111, 8161, 8134, 8093, 8145, 8163, 8222, 8230, 8182, 8217, 8183, 8158, 8159, 8193, 8261,25.616732597351074
112, 8176, 8166, 8158, 8155, 8238, 8228, 8205, 8175, 8207, 8182, 8138, 8163, 8162, 8248,25.624696016311646
113, 8195, 8178, 8176, 8158, 8222, 8214, 8192, 8173, 8196, 8187, 8147, 8172, 8158, 8256,25.632506132125854
114, 8192, 8170, 8134, 8159, 8201, 8204, 8197, 8166, 8190, 8182, 8157, 8163, 8166, 8265,25.640804052352905
115, 8194, 8172, 8153, 8171, 8217, 8209, 8195, 8171, 8181, 8172, 8149, 8167, 8166, 8264,25.64870810508728
116, 8209, 8187, 8192, 8182, 8233, 8193, 8178, 8178, 8170, 8170, 8142, 8179, 8165, 8269,25.65572166442871
117, 8227, 8203, 8217, 8191, 8234, 8171, 8158, 8178, 8160, 8174, 8150, 8189, 8173, 8282,25.66371750831604
118, 8229, 8196, 8150, 8202, 8190, 8178, 8159, 8155, 8172, 8185, 8179, 8189, 8208, 8312,25.671707153320312
119, 8248, 8206, 8188, 8212, 8237, 8199, 8154, 8171, 8185, 8186, 8191, 8199, 8232, 8335,25.679678678512573
120, 8244, 8191, 8174, 8199, 8209, 8194, 8153, 8181, 8186, 8180, 8180, 8196, 8226, 8326,25.687837600708008
121, 8204, 8175, 8128, 8167, 8192, 8176, 8153, 8157, 8166, 8173, 8152, 8167, 8194, 8296,25.69576406478882
122, 8205, 8187, 8255, 8148, 8289, 8188, 8152, 8180, 8145, 8163, 8131, 8173, 8167, 8275,25.703721284866333
123, 8186, 8147, 8180, 8137, 8210, 8209, 8186, 8178, 8170, 8169, 8141, 8166, 8177, 8270,25.711625814437866
124, 8141, 8124, 8072, 8125, 8154, 8209, 8204, 8157, 8189, 8176, 8144, 8137, 8166, 8244,25.71870517730713
125, 8135, 8134, 8123, 8113, 8200, 8198, 8191, 8176, 8186, 8170, 8147, 8142, 8151, 8227,25.726704359054565
126, 8147, 8134, 8147, 8118, 8214, 8197, 8196, 8191, 8197, 8170, 8164, 8157, 8176, 8245,25.734501838684082
127, 8169, 8151, 8202, 8142, 8242, 8202, 8198, 8195, 8201, 8180, 8175, 8171, 8190, 8251,25.742704153060913
237, 8184, 8151, 8169, 8161, 8196, 8197, 8194, 8180, 8216, 8196, 8202, 8175, 8210, 8264,25.750691175460815
0, 8193, 8164, 8160, 8170, 8207, 8199, 8192, 8179, 8231, 8206, 8210, 8176, 8227, 8284,25.758445262908936
1, 8194, 8181, 8203, 8184, 8242, 8191, 8173, 8175, 8212, 8195, 8188, 8178, 8218, 8277,25.766624927520752
2, 8188, 8176, 8161, 8199, 8218, 8163, 8146, 8137, 8183, 8176, 8173, 8163, 8207, 8261,25.774709701538086
3, 8202, 8194, 8174, 8210, 8228, 8162, 8141, 8137, 8172, 8173, 8160, 8167, 8198, 8257,25.7824809551239
4, 8202, 8202, 8160, 8213, 8204, 8173, 8163, 8145, 8190, 8180, 8159, 8173, 8202, 8277,25.78962278366089
5, 8196, 8205, 8186, 8202, 8244, 8158, 8155, 8148, 8187, 8168, 8145, 8167, 8190, 8283,25.797670602798462
6, 8191, 8186, 8208, 8176, 8247, 8140, 8139, 8155, 8153, 8151, 8110, 8170, 8162, 8269,25.80564260482788
7, 8160, 8147, 8109, 8158, 8162, 8141, 8162, 8136, 8141, 8151, 8102, 8152, 8151, 8257,25.813681840896606
8, 8151, 8159, 8171, 8162, 8224, 8144, 8170, 8160, 8136, 8148, 8114, 8149, 8139, 8237,25.821626663208008
9, 8135, 8147, 8187, 8152, 8237, 8141, 8172, 8182, 8140, 8155, 8131, 8164, 8145, 8230,25.82969355583191
10, 8105, 8117, 8102, 8136, 8190, 8143, 8187, 8165, 8156, 8171, 8130, 8160, 8159, 8230,25.837563514709473
11, 8120, 8133, 8151, 8144, 8213, 8139, 8183, 8166, 8155, 8166, 8120, 8159, 8141, 8218,25.845545530319214
12, 8133, 8135, 8173, 8151, 8212, 8125, 8163, 8171, 8142, 8146, 8123, 8163, 8121, 8208,25.85268759727478
13, 8131, 8128, 8166, 8146, 8212, 8124, 8154, 8173, 8145, 8146, 8126, 8171, 8130, 8213,25.8606960773468
14, 8136, 8134, 8133, 8158, 8174, 8139, 8171, 8162, 8170, 8167, 8141, 8174, 8158, 8235,25.868682861328125
15, 8161, 8164, 8163, 8185, 8202, 8150, 8181, 8172, 8186, 8178, 8162, 8180, 8167, 8249,25.87654757499695
16, 8187, 8188, 8222, 8202, 8243, 8158, 8172, 8194, 8191, 8179, 8178, 8200, 8170, 8259,25.884447813034058
17, 8175, 8183, 8148, 8206, 8195, 8154, 8169, 8164, 8198, 8185, 8184, 8198, 8188, 8269,25.89252471923828
18, 8172, 8204, 8207, 8208, 8261, 8147, 8145, 8159, 8177, 8179, 8166, 8194, 8172, 8252,25.90054678916931
19, 8172, 8203, 8227, 8218, 8261, 8143, 8129, 8164, 8158, 8168, 8158, 8189, 8156, 8231,25.90855360031128
20, 8148, 8178, 8112, 8219, 8197, 8139, 8136, 8131, 8157, 8160, 8161, 8167, 8165, 8221,25.91561198234558
21, 8135, 8178, 8129, 8199, 8232, 8142, 8138, 8130, 8145, 8156, 8157, 8163, 8163, 8218,25.92349672317505
22, 8134, 8166, 8137, 8181, 8223, 8148, 8153, 8147, 8149, 8169, 8174, 8175, 8178, 8247,25.93155550956726
23, 8143, 8166, 8160, 8180, 8235, 8156, 8163, 8170, 8167, 8179, 8180, 8181, 8193, 8265,25.93970274925232
24, 8130, 8147, 8154, 8163, 8213, 8150, 8156, 8170, 8176, 8174, 8153, 8166, 8181, 8247,25.947495222091675
25, 8110, 8120, 8126, 8129, 8193, 8129, 8142, 8155, 8165, 8170, 8122, 8148, 8152, 8235,25.956647157669067
26, 8136, 8136, 8197, 8129, 8234, 8133, 8147, 8183, 8164, 8171, 8128, 8167, 8144, 8249,25.964498043060303
27, 8163, 8140, 8166, 8152, 8209, 8160, 8179, 8194, 8200, 8180, 8154, 8172, 8175, 8273,25.97135353088379
28, 8179, 8150, 8174, 8165, 8235, 8173, 8186, 8192, 8215, 8174, 8133, 8159, 8170, 8268,25.978533506393433
29, 8187, 8156, 8189, 8178, 8236, 8170, 8191, 8181, 8197, 8155, 8108, 8161, 8136, 8252,25.986485481262207
30, 8189, 8168, 8161, 8199, 8227, 8179, 8211, 8161, 8176, 8138, 8103, 8160, 8123, 8252,25.99468207359314
31, 8207, 8196, 8252, 8202, 8291, 8191, 8206, 8188, 8148, 8123, 8089, 8174, 8110, 8247,26.00262188911438
32, 8191, 8170, 8193, 8187, 8212, 8178, 8199, 8171, 8137, 8118, 8096, 8173, 8102, 8237,26.010449409484863
33, 8166, 8163, 8134, 8186, 8193, 8166, 8180, 8133, 8127, 8109, 8108, 8164, 8099, 8219,26.01854681968689
34, 8172, 8186, 8182, 8198, 8258, 8164, 8147, 8142, 8115, 8106, 8122, 8183, 8120, 8220,26.026721239089966
35, 8177, 8189, 8162, 8209, 8258, 8153, 8131, 8149, 8125, 8127, 8146, 8189, 8161, 8244,26.03447198867798
36, 8188, 8199, 8235, 8209, 8296, 8140, 8123, 8163, 8127, 8141, 8141, 8196, 8173, 8258,26.042670965194702
37, 8163, 8169, 8196, 8181, 8245, 8137, 8129, 8156, 8121, 8140, 8123, 8187, 8176, 8261,26.049566984176636
38, 8119, 8136, 8099, 8147, 8207, 8132, 8135, 8141, 8116, 8142, 8100, 8154, 8168, 8248,26.05766725540161
39, 8120, 8144, 8123, 8145, 8212, 8125, 8137, 8143, 8124, 8151, 8089, 8155, 8156, 8245,26.06553339958191
40, 8124, 8149, 8138, 8156, 8203, 8128, 8146, 8148, 8146, 8161, 8097, 8168, 8167, 8262,26.0735023021698
41, 8139, 8153, 8204, 8151, 8247, 8140, 8144, 8176, 8151, 8168, 8107, 8182, 8170, 8264,26.081525325775146
42, 8167, 8143, 8177, 8164, 8188, 8139, 8148, 8180, 8162, 8173, 8137, 8194, 8179, 8284,26.089438915252686
43, 8204, 8166, 8180, 8207, 8186, 8142, 8160, 8180, 8179, 8177, 8175, 8213, 8206, 8317,26.097569227218628
44, 8236, 8193, 8273, 8234, 8247, 8160, 8167, 8198, 8182, 8186, 8192, 8246, 8224, 8325,26.10556936264038
45, 8218, 8172, 8207, 8246, 8196, 8157, 8178, 8172, 8181, 8179, 8180, 8232, 8215, 8307,26.112499237060547
46, 8211, 8179, 8177, 8274, 8190, 8150, 8182, 8156, 8159, 8148, 8155, 8208, 8178, 8282,26.12053418159485
47, 8240, 8202, 8207, 8298, 8199, 8161, 8196, 8172, 8151, 8141, 8160, 8222, 8173, 8288,26.12946367263794
48, 8254, 8208, 8225, 8292, 8214, 8172, 8212, 8177, 8157, 8152, 8172, 8231, 8190, 8297,26.13659143447876
49, 8223, 8194, 8213, 8256, 8216, 8156, 8192, 8157, 8124, 8137, 8148, 8205, 8166, 8266,26.14456796646118
50, 8176, 8162, 8143, 8220, 8187, 8123, 8154, 8129, 8084, 8120, 8118, 8168, 8135, 8224,26.152702808380127
51, 8163, 8156, 8189, 8208, 8225, 8121, 8134, 8151, 8079, 8130, 8112, 8166, 8132, 8208,26.16052746772766
52, 8134, 8129, 8144, 8186, 8178, 8134, 8147, 8159, 8101, 8144, 8117, 8153, 8146, 8211,26.16764259338379
53, 8115, 8117, 8120, 8141, 8187, 8138, 8148, 8152, 8107, 8140, 8093, 8135, 8134, 8204,26.176479816436768
54, 8141, 8142, 8232, 8128, 8246, 8144, 8134, 8189, 8111, 8140, 8089, 8165, 8130, 8212,26.183587789535522
55, 8129, 8125, 8124, 8152, 8152, 8143, 8154, 8181, 8147, 8161, 8132, 8169, 8181, 8257,26.191489219665527
56, 8140, 8146, 8140, 8174, 8199, 8145, 8155, 8172, 8167, 8169, 8132, 8169, 8202, 8286,26.199522733688354
57, 8198, 8181, 8275, 8180, 8264, 8155, 8145, 8198, 8174, 8165, 8121, 8209, 8200, 8313,26.207454442977905
58, 8207, 8164, 8175, 8176, 8178, 8167, 8167, 8196, 8198, 8180, 8154, 8215, 8227, 8354,26.2154643535614
59, 8196, 8160, 8112, 8185, 8165, 8179, 8192, 8194, 8212, 8188, 8159, 8195, 8231, 8359,26.223533868789673
60, 8199, 8166, 8163, 8186, 8206, 8188, 8208, 8196, 8202, 8177, 8130, 8184, 8203, 8331,26.231659650802612
61, 8197, 8163, 8198, 8157, 8224, 8182, 8210, 8197, 8188, 8166, 8111, 8180, 8175, 8305,26.239593267440796
62, 8178, 8143, 8119, 8140, 8154, 8168, 8204, 8172, 8185, 8164, 8105, 8169, 8158, 8304,26.246705770492554
63, 8184, 8150, 8116, 8148, 8165, 8176, 8190, 8157, 8182, 8150, 8091, 8153, 8134, 8300,26.254506587982178
64, 8209, 8168, 8225, 8145, 8234, 8184, 8167, 8175, 8160, 8129, 8063, 8154, 8099, 8268,26.262473344802856
65, 8162, 8128, 8131, 8119, 8159, 8152, 8155, 8140, 8137, 8125, 8046, 8135, 8088, 8241,26.2706298828125
66, 8100, 8111, 8118, 8088, 8185, 8130, 8130, 8122, 8111, 8123, 8030, 8110, 8070, 8204,26.27868676185608
67, 8089, 8108, 8168, 8065, 8205, 8143, 8121, 8141, 8099, 8120, 8028, 8110, 8061, 8169,26.28648567199707
68, 8079, 8086, 8086, 8064, 8143, 8149, 8141, 8138, 8120, 8122, 8046, 8117, 8087, 8174,26.294692993164062
69, 8073, 8101, 8144, 8080, 8201, 8142, 8139, 8167, 8126, 8121, 8051, 8129, 8090, 8182,26.302603721618652
70, 8073, 8105, 8165, 8084, 8186, 8148, 8150, 8193, 8142, 8130, 8063, 8126, 8083, 8184,26.310517072677612
71, 8103, 8107, 8138, 8090, 8155, 8170, 8185, 8198, 8178, 8141, 8087, 8136, 8103, 8207,26.3175528049469
72, 8138, 8116, 8164, 8111, 8185, 8193, 8216, 8207, 8203, 8161, 8125, 8177, 8143, 8264,26.325679779052734
73, 8128, 8125, 8165, 8138, 8205, 8198, 8229, 8205, 8219, 8179, 8153, 8189, 8174, 8293,26.333516597747803
74, 8130, 8159, 8229, 8163, 8231, 8200, 8230, 8209, 8214, 8167, 8149, 8195, 8178, 8270,26.341641902923584
75, 8168, 8166, 8203, 8184, 8177, 8209, 8241, 8189, 8212, 8160, 8167, 8216, 8199, 8292,26.349668741226196
76, 8222, 8166, 8192, 8197, 8188, 8204, 8231, 8175, 8207, 8174, 8189, 8229, 8218, 8354,26.35669732093811
77, 8247, 8171, 8222, 8195, 8225, 8187, 8202, 8177, 8195, 8166, 8179, 8224, 8210, 8369,26.365623235702515
78, 8217, 8161, 8150, 8184, 8184, 8178, 8187, 8159, 8186, 8147, 8158, 8193, 8201, 8334,26.372661352157593
79, 8210, 8177, 8191, 8181, 8221, 8177, 8171, 8178, 8177, 8157, 8141, 8183, 8199, 8319,26.38053250312805
80, 8221, 8162, 8192, 8164, 8214, 8173, 8172, 8196, 8198, 8176, 8145, 8187, 8214, 8343,26.388452291488647
81, 8215, 8132, 8155, 8139, 8205, 8168, 8184, 8192, 8209, 8174, 8129, 8177, 8209, 8339,26.397610425949097
82, 8193, 8127, 8186, 8134, 8210, 8162, 8182, 8191, 8189, 8168, 8105, 8171, 8184, 8307,26.404462814331055
83, 8142, 8106, 8130, 8116, 8161, 8150, 8177, 8165, 8179, 8165, 8107, 8151, 8176, 8287,26.412489891052246
84, 8130, 8104, 8168, 8084, 8206, 8153, 8174, 8163, 8179, 8153, 8097, 8149, 8164, 8266,26.421459197998047
85, 8140, 8103, 8182, 8082, 8188, 8158, 8184, 8174, 8194, 8158, 8098, 8159, 8165, 8254,26.42844319343567
86, 8127, 8099, 8119, 8104, 8145, 8169, 8196, 8171, 8219, 8184, 8130, 8153, 8183, 8261,26.43650484085083
87, 8138, 8111, 8143, 8121, 8179, 8185, 8191, 8179, 8228, 8200, 8153, 8168, 8201, 8277,26.443515300750732
88, 8161, 8119, 8156, 8140, 8185, 8180, 8177, 8175, 8228, 8206, 8154, 8182, 8212, 8291,26.45148205757141
89, 8176, 8144, 8211, 8162, 8218, 8181, 8162, 8182, 8214, 8198, 8147, 8189, 8192, 8289,26.459617376327515
90, 8164, 8131, 8160, 8166, 8160, 8190, 8175, 8167, 8207, 8193, 8155, 8186, 8187, 8299,26.468674898147583
91, 8168, 8130, 8157, 8164, 8180, 8194, 8191, 8166, 8215, 8199, 8162, 8186, 8215, 8321,26.475688219070435
92, 8212, 8164, 8292, 8168, 8270, 8195, 8192, 8215, 8218, 8197, 8171, 8211, 8237, 8329,26.483712196350098
93, 8201, 8133, 8171, 8171, 8159, 8186, 8213, 8197, 8220, 8190, 8178, 8196, 8242, 8330,26.49161672592163
94, 8178, 8125, 8109, 8167, 8145, 8177, 8215, 8165, 8199, 8179, 8148, 8164, 8212, 8312,26.49971294403076
95, 8190, 8153, 8190, 8165, 8200, 8163, 8188, 8172, 8177, 8173, 8136, 8170, 8200, 8311,26.506489276885986
96, 8190, 8148, 8159, 8162, 8173, 8140, 8168, 8166, 8170, 8176, 8143, 8167, 8210, 8319,26.514551401138306
97, 8177, 8139, 8179, 8140, 8189, 8134, 8148, 8168, 8154, 8177, 8117, 8158, 8181, 8296,26.522475004196167
98, 8153, 8119, 8161, 8120, 8165, 8146, 8141, 8160, 8155, 8182, 8122, 8162, 8179, 8281,26.530688047409058
99, 8146, 8118, 8157, 8124, 8172, 8149, 8139, 8157, 8167, 8183, 8147, 8173, 8205, 8276,26.53844714164734
100, 8157, 8124, 8163, 8129, 8174, 8137, 8140, 8165, 8170, 8188, 8139, 8177, 8203, 8275,26.546698570251465
101, 8167, 8131, 8140, 8125, 8170, 8138, 8135, 8161, 8171, 8202, 8125, 8171, 8198, 8297,26.554590225219727
102, 8183, 8147, 8198, 8127, 8210, 8150, 8123, 8167, 8169, 8198, 8125, 8182, 8196, 8310,26.56249237060547
103, 8174, 8125, 8150, 8129, 8160, 8153, 8135, 8148, 8167, 8184, 8135, 8173, 8196, 8293,26.570669889450073
104, 8163, 8125, 8150, 8121, 8178, 8160, 8142, 8140, 8153, 8178, 8139, 8163, 8188, 8265,26.577672243118286
105, 8168, 8140, 8213, 8127, 8202, 8177, 8143, 8161, 8149, 8180, 8148, 8178, 8192, 8269,26.585732460021973
106, 8164, 8129, 8149, 8143, 8148, 8169, 8159, 8143, 8149, 8180, 8159, 8173, 8195, 8283,26.593726634979248
107, 8173, 8128, 8141, 8147, 8155, 8150, 8163, 8126, 8123, 8173, 8153, 8163, 8171, 8271,26.601632833480835
108, 8181, 8132, 8148, 8155, 8147, 8155, 8179, 8145, 8131, 8170, 8160, 8167, 8174, 8271,26.609705209732056
109, 8192, 8151, 8195, 8172, 8193, 8173, 8204, 8194, 8172, 8176, 8172, 8177, 8194, 8285,26.617624044418335
110, 8189, 8146, 8211, 8161, 8206, 8164, 8217, 8216, 8194, 8182, 8170, 8177, 8192, 8284,26.625701904296875
111, 8153, 8114, 8122, 8133, 8141, 8148, 8220, 8190, 8198, 8182, 8155, 8148, 8181, 8269,26.63358473777771
112, 8144, 8124, 8159, 8136, 8174, 8148, 8208, 8186, 8186, 8176, 8134, 8139, 8160, 8246,26.64054226875305
113, 8136, 8126, 8158, 8130, 8175, 8133, 8184, 8161, 8173, 8170, 8125, 8142, 8135, 8222,26.648390769958496
114, 8112, 8120, 8134, 8100, 8167, 8109, 8146, 8132, 8160, 8154, 8109, 8132, 8108, 8199,26.656646013259888
115, 8113, 8116, 8172, 8095, 8178, 8120, 8125, 8147, 8163, 8149, 8106, 8138, 8102, 8196,26.664608240127563
116, 8113, 8096, 8131, 8095, 8155, 8139, 8134, 8151, 8189, 8162, 8127, 8140, 8118, 8208,26.672702074050903
117, 8102, 8105, 8165, 8077, 8193, 8141, 8140, 8165, 8189, 8160, 8123, 8143, 8110, 8198,26.680678844451904
118, 8099, 8105, 8163, 8080, 8156, 8138, 8151, 8169, 8178, 8152, 8116, 8155, 8106, 8198,26.688560962677002
119, 8133, 8104, 8140, 8098, 8133, 8145, 8161, 8156, 8185, 8157, 8127, 8164, 8119, 8228,26.696642637252808
120, 8178, 8122, 8194, 8102, 8170, 8156, 8153, 8154, 8178, 8166, 8141, 8170, 8132, 8250,26.70466709136963
121, 8176, 8126, 8166, 8115, 8146, 8152, 8142, 8136, 8159, 8172, 8152, 8160, 8148, 8256,26.711645126342773
122, 8180, 8151, 8201, 8146, 8183, 8150, 8129, 8147, 8158, 8172, 8158, 8179, 8162, 8269,26.71967625617981
123, 8193, 8158, 8199, 8168, 8175, 8163, 8141, 8167, 8186, 8182, 8173, 8206, 8196, 8307,26.727617740631104
124, 8177, 8140, 8150, 8167, 8155, 8172, 8160, 8171, 8208, 8202, 8171, 8197, 8224, 8326,26.735676765441895
125, 8164, 8142, 8186, 8163, 8173, 8167, 8164, 8198, 8211, 8203, 8161, 8196, 8223, 8326,26.74365472793579
126, 8164, 8142, 8155, 8180, 8136, 8162, 8176, 8201, 8231, 8201, 8170, 8196, 8237, 8344,26.751683712005615
127, 8188, 8155, 8189, 8193, 8179, 8170, 8174, 8204, 8233, 8203, 8161, 8195, 8240, 8350,26.759681224822998
237, 8187, 8138, 8167, 8169, 8163, 8160, 8164, 8191, 8209, 8195, 8141, 8185, 8221, 8328,26.76660180091858
0, 8150, 8117, 8128, 8142, 8154, 8143, 8153, 8161, 8178, 8168, 8112, 8158, 8178, 8280,26.774607181549072
1, 8143, 8137, 8233, 8153, 8219, 8151, 8131, 8167, 8151, 8147, 8077, 8157, 8123, 8234,26.782691717147827
2, 8122, 8117, 8151, 8150, 8133, 8150, 8130, 8150, 8154, 8149, 8084, 8153, 8115, 8229,26.79051899909973
3, 8100, 8101, 8084, 8129, 8107, 8140, 8130, 8134, 8156, 8144, 8101, 8133, 8123, 8226,26.798566341400146
4, 8118, 8115, 8170, 8142, 8165, 8161, 8133, 8156, 8161, 8142, 8094, 8133, 8111, 8215,26.8066623210907
5, 8125, 8119, 8173, 8151, 8155, 8185, 8152, 8165, 8169, 8146, 8092, 8140, 8108, 8213,26.81450653076172
6, 8127, 8124, 8167, 8143, 8146, 8181, 8147, 8162, 8151, 8140, 8104, 8155, 8105, 8214,26.822664976119995
7, 8146, 8126, 8164, 8165, 8141, 8174, 8142, 8150, 8149, 8143, 8125, 8171, 8123, 8242,26.830655574798584
8, 8188, 8159, 8219, 8202, 8198, 8185, 8160, 8162, 8168, 8156, 8145, 8193, 8152, 8287,26.837621450424194
9, 8209, 8171, 8193, 8212, 8166, 8183, 8174, 8165, 8170, 8158, 8156, 8205, 8170, 8316,26.84566903114319
10, 8201, 8164, 8147, 8216, 8141, 8174, 8164, 8158, 8162, 8156, 8154, 8191, 8170, 8312,26.853652477264404
11, 8217, 8193, 8272, 8227, 8236, 8185, 8165, 8203, 8161, 8168, 8153, 8197, 8168, 8306,26.861695289611816
12, 8203, 8174, 8201, 8223, 8177, 8187, 8200, 8208, 8185, 8188, 8171, 8189, 8193, 8320,26.86960244178772
13, 8166, 8152, 8112, 8218, 8140, 8169, 8195, 8180, 8192, 8187, 8150, 8158, 8194, 8299,26.877732515335083
14, 8156, 8160, 8187, 8204, 8181, 8154, 8156, 8179, 8162, 8171, 8120, 8153, 8170, 8268,26.885646104812622
15, 8140, 8145, 8149, 8178, 8148, 8147, 8157, 8165, 8151, 8169, 8132, 8149, 8167, 8272,26.893620491027832
16, 8123, 8135, 8138, 8171, 8167, 8144, 8155, 8165, 8159, 8165, 8133, 8145, 8147, 8250,26.900654554367065
17, 8107, 8122, 8144, 8158, 8159, 8138, 8139, 8166, 8165, 8148, 8113, 8137, 8114, 8210,26.908711194992065
18, 8101, 8116, 8163, 8119, 8166, 8139, 8136, 8167, 8155, 8135, 8090, 8132, 8089, 8203,26.916436910629272
19, 8108, 8112, 8182, 8107, 8169, 8147, 8147, 8174, 8157, 8138, 8093, 8145, 8083, 8212,26.924708366394043
20, 8103, 8098, 8120, 8124, 8131, 8154, 8158, 8152, 8177, 8141, 8122, 8140, 8097, 8209,26.932682275772095
21, 8107, 8100, 8149, 8115, 8159, 8157, 8140, 8136, 8154, 8120, 8130, 8133, 8086, 8189,26.94055414199829
22, 8106, 8086, 8142, 8096, 8126, 8154, 8128, 8124, 8127, 8111, 8130, 8144, 8079, 8198,26.94866108894348
23, 8132, 8103, 8161, 8119, 8135, 8163, 8146, 8146, 8153, 8132, 8144, 8170, 8104, 8244,26.956701517105103
24, 8190, 8138, 8239, 8157, 8181, 8180, 8166, 8192, 8187, 8145, 8169, 8200, 8139, 8285,26.964817762374878
25, 8196, 8125, 8173, 8171, 8131, 8173, 8166, 8174, 8181, 8140, 8188, 8194, 8167, 8303,26.971668481826782
26, 8197, 8137, 8194, 8187, 8152, 8165, 8153, 8169, 8152, 8143, 8179, 8194, 8165, 8309,26.97966957092285
27, 8204, 8141, 8202, 8194, 8144, 8163, 8165, 8185, 8155, 8150, 8174, 8202, 8168, 8317,26.987666130065918
28, 8190, 8123, 8163, 8177, 8144, 8159, 8167, 8185, 8159, 8147, 8165, 8181, 8175, 8301,26.99565291404724
29, 8173, 8129, 8202, 8161, 8182, 8154, 8143, 8189, 8149, 8151, 8143, 8174, 8168, 8280,27.003697633743286
30, 8133, 8129, 8135, 8152, 8125, 8144, 8136, 8168, 8161, 8161, 8130, 8162, 8157, 8265,27.011693000793457
31, 8093, 8128, 8124, 8135, 8141, 8142, 8131, 8158, 8154, 8155, 8112, 8135, 8130, 8218,27.01953887939453
32, 8072, 8108, 8138, 8115, 8161, 8142, 8122, 8154, 8138, 8148, 8097, 8127, 8114, 8183,27.027618646621704
33, 8072, 8091, 8128, 8109, 8155, 8138, 8119, 8151, 8148, 8151, 8103, 8135, 8114, 8198,27.034701347351074
34, 8089, 8096, 8175, 8103, 8161, 8144, 8124, 8165, 8151, 8156, 8119, 8151, 8116, 8219,27.042617797851562
35, 8083, 8083, 8141, 8091, 8129, 8158, 8145, 8156, 8147, 8157, 8131, 8149, 8125, 8220,27.050699472427368
36, 8100, 8103, 8209, 8106, 8191, 8169, 8156, 8171, 8144, 8150, 8127, 8166, 8115, 8213,27.05863857269287
37, 8139, 8120, 8212, 8146, 8151, 8173, 8171, 8180, 8154, 8161, 8154, 8186, 8132, 8248,27.06651544570923
38, 8164, 8129, 8138, 8179, 8110, 8178, 8190, 8166, 8167, 8179, 8191, 8182, 8173, 8295,27.074684143066406
39, 8207, 8168, 8250, 8192, 8211, 8180, 8179, 8189, 8153, 8165, 8178, 8204, 8172, 8305,27.082722663879395
40, 8224, 8161, 8211, 8199, 8154, 8160, 8177, 8172, 8144, 8148, 8169, 8209, 8169, 8309,27.090542554855347
41, 8215, 8143, 8131, 8196, 8106, 8143, 8179, 8147, 8136, 8150, 8171, 8188, 8175, 8309,27.098571300506592
42, 8218, 8154, 8203, 8174, 8162, 8138, 8174, 8176, 8132, 8161, 8164, 8189, 8176, 8310,27.105530500411987
43, 8216, 8153, 8203, 8159, 8156, 8132, 8172, 8186, 8143, 8164, 8157, 8185, 8181, 8317,27.113522052764893
44, 8199, 8141, 8153, 8160, 8120, 8118, 8159, 8164, 8139, 8150, 8143, 8167, 8168, 8301,27.121614694595337
45, 8158, 8125, 8107, 8153, 8106, 8116, 8164, 8146, 8138, 8151, 8138, 8153, 8159, 8283,27.129737854003906
46, 8139, 8138, 8175, 8136, 8186, 8135, 8171, 8170, 8144, 8166, 8133, 8156, 8156, 8267,27.137664318084717
47, 8131, 8129, 8159, 8128, 8152, 8140, 8170, 8181, 8148, 8164, 8128, 8155, 8155, 8255,27.14565682411194
48, 8114, 8114, 8103, 8118, 8105, 8125, 8167, 8166, 8148, 8148, 8125, 8143, 8154, 8251,27.15366530418396
49, 8130, 8139, 8261, 8113, 8216, 8130, 8159, 8195, 8149, 8149, 8127, 8168, 8148, 8254,27.161739587783813
50, 8126, 8112, 8211, 8118, 8155, 8141, 8172, 8184, 8169, 8172, 8150, 8181, 8172, 8269,27.168451070785522
51, 8111, 8092, 8071, 8113, 8083, 8146, 8186, 8153, 8178, 8179, 8152, 8162, 8185, 8277,27.176698923110962
52, 8118, 8122, 8147, 8114, 8160, 8157, 8184, 8169, 8168, 8162, 8128, 8161, 8168, 8271,27.184611797332764
53, 8106, 8123, 8161, 8132, 8165, 8162, 8170, 8159, 8159, 8156, 8120, 8152, 8159, 8257,27.192471504211426
54, 8104, 8124, 8149, 8142, 8149, 8160, 8160, 8149, 8145, 8152, 8112, 8149, 8149, 8232,27.200649976730347
55, 8121, 8135, 8156, 8143, 8136, 8157, 8168, 8158, 8138, 8140, 8119, 8156, 8151, 8230,27.208673238754272
56, 8146, 8157, 8190, 8164, 8161, 8150, 8167, 8167, 8137, 8137, 8133, 8165, 8161, 8256,27.21670126914978
57, 8159, 8161, 8193, 8183, 8148, 8152, 8166, 8176, 8140, 8148, 8133, 8176, 8161, 8266,27.224668979644775
58, 8131, 8128, 8123, 8150, 8102, 8146, 8176, 8168, 8152, 8155, 8119, 8162, 8158, 8242,27.231646299362183
59, 8110, 8120, 8175, 8110, 8153, 8129, 8159, 8172, 8149, 8149, 8094, 8147, 8141, 8212,27.239670515060425
60, 8098, 8103, 8168, 8100, 8134, 8118, 8145, 8165, 8146, 8152, 8091, 8141, 8128, 8209,27.247658491134644
61, 8093, 8096, 8153, 8101, 8142, 8125, 8150, 8166, 8160, 8163, 8097, 8141, 8125, 8211,27.25669550895691
62, 8118, 8111, 8219, 8105, 8173, 8141, 8150, 8193, 8172, 8170, 8113, 8160, 8138, 8226,27.26366639137268
63, 8124, 8105, 8135, 8119, 8084, 8143, 8157, 8178, 8180, 8175, 8123, 8156, 8163, 8253,27.27173662185669
64, 8116, 8114, 8133, 8130, 8107, 8141, 8157, 8173, 8163, 8163, 8096, 8146, 8144, 8235,27.279641151428223
65, 8114, 8110, 8146, 8139, 8131, 8143, 8156, 8167, 8151, 8151, 8090, 8146, 8126, 8208,27.287684679031372
66, 8134, 8123, 8164, 8152, 8147, 8150, 8147, 8149, 8152, 8151, 8104, 8154, 8125, 8212,27.295609712600708
67, 8178, 8167, 8275, 8167, 8195, 8158, 8129, 8163, 8148, 8153, 8112, 8183, 8123, 8235,27.30269193649292
68, 8175, 8156, 8182, 8182, 8113, 8151, 8135, 8147, 8160, 8154, 8138, 8181, 8155, 8263,27.31067991256714
69, 8147, 8138, 8109, 8180, 8096, 8144, 8137, 8130, 8155, 8151, 8145, 8163, 8165, 8253,27.318530559539795
70, 8139, 8135, 8154, 8158, 8133, 8141, 8144, 8135, 8137, 8143, 8124, 8167, 8134, 8235,27.326670169830322
71, 8151, 8145, 8183, 8157, 8150, 8139, 8158, 8156, 8136, 8143, 8114, 8166, 8124, 8244,27.334699392318726
72, 8163, 8156, 8195, 8174, 8145, 8143, 8158, 8192, 8149, 8153, 8119, 8161, 8135, 8243,27.342630624771118
73, 8135, 8129, 8122, 8165, 8089, 8140, 8163, 8186, 8158, 8159, 8117, 8142, 8135, 8231,27.350703477859497
74, 8123, 8126, 8183, 8140, 8163, 8133, 8155, 8193, 8141, 8155, 8099, 8144, 8115, 8221,27.35868000984192
75, 8126, 8122, 8204, 8133, 8160, 8133, 8145, 8197, 8139, 8163, 8112, 8162, 8127, 8228,27.36570644378662
76, 8112, 8106, 8105, 8133, 8088, 8137, 8153, 8171, 8160, 8174, 8142, 8156, 8159, 8245,27.373669385910034
77, 8130, 8122, 8176, 8129, 8154, 8143, 8149, 8183, 8162, 8171, 8139, 8165, 8153, 8251,27.381659507751465
78, 8135, 8109, 8184, 8126, 8135, 8143, 8144, 8178, 8157, 8175, 8131, 8173, 8143, 8261,27.389654874801636
79, 8111, 8099, 8121, 8125, 8094, 8140, 8144, 8149, 8151, 8177, 8140, 8163, 8148, 8263,27.397682189941406
80, 8122, 8128, 8142, 8143, 8127, 8144, 8144, 8154, 8149, 8173, 8158, 8166, 8157, 8264,27.40569496154785
81, 8161, 8158, 8183, 8184, 8170, 8162, 8153, 8172, 8165, 8179, 8166, 8177, 8164, 8269,27.41372275352478
82, 8175, 8160, 8212, 8201, 8181, 8174, 8162, 8177, 8165, 8180, 8150, 8179, 8158, 8262,27.421579599380493
83, 8144, 8125, 8129, 8170, 8116, 8161, 8162, 8150, 8152, 8176, 8142, 8159, 8156, 8256,27.42970299720764
84, 8153, 8145, 8183, 8153, 8171, 8153, 8146, 8161, 8142, 8173, 8134, 8162, 8146, 8255,27.436683893203735
85, 8180, 8169, 8233, 8169, 8175, 8157, 8144, 8176, 8149, 8173, 8135, 8179, 8142, 8263,27.444435119628906
86, 8147, 8136, 8116, 8159, 8110, 8147, 8145, 8141, 8152, 8176, 8134, 8150, 8140, 8253,27.45269012451172
87, 8130, 8139, 8198, 8131, 8189, 8138, 8115, 8152, 8121, 8169, 8108, 8142, 8105, 8214,27.460525035858154
88, 8132, 8139, 8210, 8136, 8141, 8144, 8115, 8163, 8124, 8169, 8118, 8160, 8111, 8224,27.468419551849365
89, 8117, 8117, 8078, 8146, 8060, 8152, 8149, 8141, 8159, 8183, 8152, 8148, 8145, 8247,27.476567029953003
90, 8116, 8120, 8122, 8129, 8134, 8166, 8153, 8155, 8162, 8190, 8144, 8141, 8139, 8225,27.484485149383545
91, 8129, 8127, 8192, 8119, 8175, 8168, 8134, 8172, 8157, 8181, 8131, 8152, 8136, 8220,27.49242329597473
92, 8141, 8131, 8197, 8131, 8158, 8161, 8124, 8173, 8163, 8181, 8146, 8167, 8149, 8249,27.4995596408844
93, 8132, 8127, 8138, 8142, 8120, 8163, 8132, 8162, 8172, 8200, 8160, 8165, 8156, 8268,27.507432222366333
94, 8136, 8144, 8174, 8144, 8162, 8164, 8120, 8164, 8159, 8194, 8134, 8161, 8144, 8259,27.515384197235107
95, 8159, 8148, 8213, 8152, 8158, 8154, 8109, 8167, 8143, 8175, 8118, 8173, 8139, 8260,27.523439407348633
96, 8166, 8134, 8142, 8172, 8108, 8160, 8135, 8153, 8160, 8184, 8150, 8170, 8162, 8277,27.531412839889526
97, 8190, 8165, 8242, 8176, 8204, 8182, 8140, 8183, 8159, 8187, 8163, 8176, 8158, 8273,27.53935980796814
98, 8188, 8152, 8238, 8158, 8164, 8174, 8135, 8189, 8144, 8179, 8152, 8176, 8142, 8269,27.547415733337402
99, 8156, 8122, 8110, 8154, 8075, 8162, 8145, 8155, 8147, 8187, 8148, 8158, 8147, 8276,27.55535125732422
100, 8165, 8144, 8159, 8163, 8135, 8176, 8147, 8162, 8149, 8194, 8148, 8168, 8152, 8271,27.562381744384766
101, 8170, 8147, 8151, 8160, 8126, 8180, 8148, 8166, 8156, 8195, 8152, 8170, 8150, 8260,27.570581436157227
102, 8160, 8155, 8179, 8151, 8148, 8173, 8137, 8174, 8159, 8199, 8134, 8164, 8134, 8255,27.578663110733032
103, 8148, 8146, 8183, 8141, 8136, 8161, 8130, 8175, 8162, 8208, 8121, 8169, 8140, 8272,27.586693048477173
104, 8131, 8123, 8129, 8128, 8106, 8150, 8136, 8167, 8168, 8214, 8117, 8164, 8155, 8277,27.59454083442688
105, 8139, 8135, 8191, 8122, 8136, 8155, 8139, 8191, 8170, 8214, 8114, 8168, 8152, 8268,27.602753400802612
106, 8151, 8143, 8170, 8131, 8109, 8163, 8156, 8186, 8181, 8222, 8131, 8169, 8164, 8282,27.610668420791626
107, 8176, 8168, 8180, 8153, 8147, 8168, 8163, 8181, 8181, 8227, 8137, 8174, 8164, 8288,27.618722438812256
108, 8191, 8171, 8178, 8168, 8135, 8159, 8148, 8178, 8174, 8228, 8135, 8175, 8160, 8281,27.625658750534058
109, 8182, 8164, 8142, 8171, 8118, 8146, 8129, 8160, 8167, 8227, 8138, 8165, 8163, 8282,27.63376522064209
110, 8200, 8187, 8226, 8173, 8180, 8148, 8113, 8182, 8153, 8219, 8143, 8181, 8156, 8291,27.64162850379944
111, 8194, 8162, 8173, 8164, 8112, 8146, 8123, 8182, 8158, 8215, 8148, 8171, 8162, 8293,27.6494779586792
112, 8180, 8150, 8153, 8162, 8119, 8154, 8139, 8176, 8169, 8218, 8131, 8149, 8160, 8273,27.65759038925171
113, 8189, 8168, 8200, 8171, 8170, 8171, 8161, 8181, 8171, 8224, 8119, 8158, 8148, 8265,27.66569185256958
114, 8169, 8153, 8145, 8155, 8143, 8168, 8178, 8161, 8166, 8224, 8114, 8148, 8134, 8260,27.673671007156372
115, 8141, 8143, 8164, 8151, 8150, 8157, 8171, 8158, 8144, 8215, 8112, 8136, 8108, 8231,27.681690216064453
116, 8136, 8149, 8164, 8174, 8124, 8152, 8163, 8154, 8136, 8213, 8124, 8137, 8108, 8225,27.68869423866272
117, 8148, 8155, 8143, 8172, 8113, 8141, 8155, 8154, 8147, 8221, 8118, 8139, 8122, 8244,27.696483850479126
118, 8155, 8151, 8142, 8170, 8110, 8134, 8151, 8166, 8163, 8229, 8120, 8149, 8134, 8262,27.7046480178833
119, 8167, 8175, 8178, 8202, 8142, 8146, 8148, 8176, 8170, 8235, 8142, 8166, 8151, 8274,27.71268129348755
120, 8185, 8199, 8227, 8225, 8175, 8163, 8135, 8185, 8169, 8236, 8156, 8180, 8163, 8274,27.720417976379395
121, 8158, 8169, 8117, 8218, 8106, 8156, 8134, 8157, 8182, 8243, 8171, 8166, 8178, 8275,27.728679656982422
122, 8167, 8196, 8219, 8225, 8207, 8158, 8121, 8172, 8166, 8237, 8165, 8173, 8168, 8268,27.736692428588867
123, 8192, 8213, 8341, 8236, 8243, 8179, 8115, 8200, 8146, 8230, 8161, 8203, 8163, 8274,27.744688034057617
124, 8140, 8148, 8104, 8217, 8065, 8167, 8141, 8152, 8161, 8240, 8172, 8164, 8184, 8280,27.75269603729248
125, 8121, 8142, 8045, 8193, 8070, 8143, 8145, 8136, 8155, 8231, 8150, 8130, 8164, 8251,27.759726524353027
126, 8153, 8169, 8176, 8183, 8142, 8151, 8143, 8164, 8132, 8212, 8134, 8151, 8136, 8235,27.767674922943115
127, 8152, 8165, 8177, 8184, 8135, 8178, 8177, 8175, 8138, 8215, 8141, 8158, 8138, 8246,27.775462865829468
236, 8142, 8168, 8140, 8191, 8142, 8189, 8204, 8180, 8156, 8224, 8129, 8144, 8139, 8242,27.783690214157104
0, 8146, 8173, 8147, 8193, 8155, 8181, 8196, 8170, 8156, 8216, 8121, 8142, 8132, 8233,27.791698455810547
1, 8153, 8175, 8202, 8190, 8164, 8187, 8179, 8169, 8149, 8214, 8138, 8164, 8135, 8247,27.79950475692749
2, 8152, 8173, 8159, 8204, 8128, 8198, 8177, 8164, 8164, 8230, 8160, 8167, 8156, 8264,27.807697534561157
3, 8159, 8193, 8170, 8228, 8165, 8196, 8167, 8164, 8171, 8229, 8165, 8161, 8158, 8254,27.81563448905945
4, 8164, 8193, 8220, 8225, 8186, 8182, 8159, 8172, 8157, 8221, 8168, 8177, 8153, 8252,27.822444915771484
5, 8156, 8167, 8138, 8216, 8133, 8186, 8172, 8161, 8163, 8236, 8178, 8174, 8179, 8274,27.83066487312317
6, 8183, 8201, 8204, 8241, 8203, 8200, 8158, 8182, 8163, 8244, 8180, 8177, 8186, 8271,27.838687419891357
7, 8201, 8215, 8239, 8260, 8194, 8191, 8150, 8190, 8163, 8237, 8179, 8185, 8180, 8265,27.846503019332886
8, 8179, 8184, 8141, 8247, 8130, 8181, 8163, 8162, 8176, 8235, 8167, 8161, 8184, 8265,27.854698419570923
9, 8168, 8185, 8156, 8243, 8144, 8185, 8161, 8160, 8172, 8236, 8158, 8154, 8178, 8264,27.862685680389404
10, 8173, 8184, 8155, 8238, 8119, 8188, 8171, 8161, 8164, 8232, 8169, 8165, 8184, 8286,27.87068247795105
11, 8195, 8192, 8217, 8219, 8176, 8199, 8179, 8179, 8157, 8226, 8153, 8179, 8180, 8303,27.87865662574768
12, 8202, 8185, 8227, 8231, 8181, 8212, 8183, 8183, 8163, 8226, 8160, 8188, 8185, 8306,27.886688470840454
13, 8183, 8174, 8133, 8252, 8127, 8208, 8192, 8165, 8175, 8235, 8193, 8176, 8211, 8308,27.89358139038086
14, 8183, 8186, 8155, 8233, 8149, 8200, 8190, 8175, 8164, 8236, 8180, 8169, 8206, 8296,27.901504278182983
15, 8184, 8176, 8150, 8213, 8128, 8189, 8182, 8165, 8156, 8227, 8158, 8163, 8184, 8289,27.90954828262329
16, 8200, 8178, 8173, 8225, 8143, 8174, 8162, 8164, 8161, 8221, 8159, 8174, 8175, 8298,27.917336225509644
17, 8213, 8182, 8186, 8227, 8146, 8168, 8146, 8177, 8169, 8227, 8164, 8189, 8187, 8315,27.925605535507202
18, 8205, 8190, 8159, 8220, 8142, 8166, 8144, 8168, 8167, 8226, 8154, 8174, 8188, 8318,27.93365168571472
19, 8218, 8218, 8220, 8235, 8180, 8168, 8146, 8174, 8145, 8207, 8137, 8171, 8171, 8303,27.941455125808716
20, 8205, 8202, 8168, 8243, 8127, 8167, 8168, 8156, 8136, 8204, 8136, 8163, 8169, 8287,27.949548721313477
21, 8181, 8194, 8158, 8240, 8150, 8171, 8185, 8148, 8138, 8207, 8136, 8152, 8158, 8276,27.95660662651062
22, 8188, 8196, 8189, 8249, 8168, 8183, 8199, 8166, 8150, 8206, 8147, 8163, 8162, 8282,27.96459674835205
23, 8182, 8181, 8139, 8249, 8133, 8186, 8219, 8166, 8173, 8214, 8168, 8162, 8187, 8279,27.97246479988098
24, 8173, 8197, 8209, 8232, 8200, 8194, 8220, 8184, 8177, 8220, 8163, 8161, 8175, 8255,27.98052144050598
25, 8153, 8186, 8189, 8223, 8166, 8199, 8220, 8186, 8179, 8217, 8153, 8156, 8159, 8257,27.98862338066101
26, 8134, 8157, 8114, 8212, 8106, 8187, 8214, 8173, 8178, 8209, 8146, 8145, 8165, 8264,27.99669599533081
27, 8147, 8165, 8133, 8204, 8114, 8175, 8198, 8169, 8171, 8207, 8153, 8148, 8167, 8252,28.004615306854248
28, 8174, 8199, 8162, 8227, 8142, 8178, 8181, 8158, 8175, 8211, 8171, 8163, 8167, 8259,28.012651205062866
29, 8201, 8222, 8232, 8254, 8189, 8187, 8163, 8166, 8167, 8212, 8181, 8187, 8171, 8282,28.020638704299927
30, 8199, 8196, 8178, 8248, 8128, 8180, 8162, 8152, 8167, 8217, 8197, 8184, 8183, 8301,28.027655601501465
31, 8194, 8200, 8159, 8234, 8133, 8176, 8155, 8143, 8170, 8218, 8195, 8174, 8185, 8296,28.035533905029297
32, 8196, 8214, 8206, 8232, 8186, 8181, 8147, 8163, 8163, 8216, 8178, 8182, 8181, 8286,28.04345941543579
33, 8175, 8187, 8143, 8229, 8142, 8179, 8160, 8151, 8161, 8215, 8175, 8170, 8183, 8282,28.05141019821167
34, 8165, 8182, 8156, 8225, 8150, 8180, 8160, 8148, 8154, 8209, 8172, 8162, 8167, 8254,28.05937910079956
35, 8165, 8180, 8160, 8221, 8153, 8184, 8166, 8169, 8168, 8215, 8188, 8172, 8173, 8260,28.067463397979736
36, 8170, 8172, 8162, 8213, 8170, 8191, 8190, 8192, 8187, 8222, 8204, 8176, 8194, 8297,28.075461864471436
37, 8164, 8169, 8192, 8196, 8159, 8194, 8198, 8190, 8181, 8213, 8195, 8173, 8186, 8294,28.083547830581665
38, 8138, 8156, 8132, 8176, 8099, 8182, 8189, 8156, 8165, 8207, 8184, 8158, 8176, 8269,28.090498685836792
39, 8161, 8171, 8177, 8178, 8148, 8177, 8175, 8167, 8148, 8210, 8178, 8166, 8174, 8282,28.098464012145996
40, 8193, 8171, 8172, 8186, 8139, 8182, 8183, 8175, 8150, 8211, 8193, 8176, 8194, 8326,28.106603145599365
41, 8194, 8170, 8149, 8172, 8138, 8179, 8183, 8169, 8155, 8211, 8193, 8166, 8206, 8329,28.114513635635376
42, 8205, 8184, 8224, 8166, 8170, 8175, 8162, 8189, 8154, 8217, 8179, 8177, 8200, 8320,28.122483015060425
43, 8207, 8174, 8148, 8187, 8106, 8186, 8175, 8180, 8185, 8229, 8199, 8175, 8215, 8346,28.13057541847229
44, 8208, 8196, 8151, 8207, 8144, 8205, 8192, 8187, 8212, 8234, 8208, 8168, 8215, 8344,28.138521909713745
45, 8207, 8203, 8196, 8217, 8156, 8212, 8191, 8193, 8209, 8235, 8199, 8178, 8203, 8317,28.146673679351807
46, 8193, 8186, 8153, 8214, 8131, 8206, 8189, 8161, 8199, 8238, 8205, 8173, 8205, 8302,28.153654098510742
47, 8197, 8198, 8191, 8205, 8178, 8205, 8189, 8161, 8189, 8230, 8206, 8174, 8202, 8291,28.16146183013916
48, 8194, 8191, 8174, 8202, 8150, 8210, 8197, 8162, 8193, 8223, 8192, 8164, 8205, 8287,28.169673681259155
49, 8187, 8185, 8184, 8189, 8151, 8207, 8181, 8161, 8189, 8222, 8176, 8160, 8196, 8288,28.17765998840332
50, 8180, 8169, 8183, 8167, 8135, 8190, 8160, 8152, 8170, 8218, 8182, 8168, 8185, 8283,28.185580015182495
51, 8160, 8158, 8135, 8171, 8124, 8185, 8160, 8137, 8158, 8212, 8182, 8151, 8177, 8263,28.19352650642395
52, 8159, 8176, 8169, 8190, 8157, 8204, 8166, 8154, 8153, 8214, 8164, 8147, 8163, 8241,28.20158290863037
53, 8151, 8167, 8134, 8188, 8105, 8207, 8180, 8149, 8168, 8219, 8165, 8151, 8165, 8241,28.21066427230835
54, 8159, 8175, 8181, 8188, 8152, 8201, 8185, 8154, 8181, 8211, 8170, 8161, 8167, 8253,28.2177574634552
55, 8178, 8184, 8226, 8210, 8186, 8206, 8191, 8172, 8195, 8219, 8192, 8185, 8184, 8273,28.224427938461304
56, 8182, 8179, 8161, 8233, 8129, 8212, 8202, 8167, 8219, 8245, 8233, 8198, 8228, 8300,28.232433795928955
57, 8225, 8214, 8227, 8269, 8164, 8222, 8200, 8189, 8234, 8261, 8272, 8232, 8270, 8324,28.24055504798889
58, 8260, 8228, 8229, 8291, 8161, 8224, 8203, 8200, 8252, 8265, 8298, 8251, 8298, 8360,28.248592853546143
59, 8252, 8213, 8192, 8263, 8156, 8210, 8195, 8188, 8236, 8251, 8267, 8233, 8276, 8374,28.25658392906189
60, 8230, 8194, 8201, 8223, 8157, 8196, 8194, 8173, 8201, 8235, 8227, 8210, 8235, 8346,28.26461911201477
61, 8205, 8177, 8167, 8211, 8144, 8186, 8204, 8155, 8185, 8231, 8224, 8189, 8223, 8305,28.272663593292236
62, 8197, 8187, 8213, 8207, 8181, 8175, 8193, 8165, 8168, 8227, 8208, 8190, 8205, 8284,28.28060221672058
63, 8181, 8178, 8177, 8190, 8139, 8167, 8190, 8162, 8172, 8223, 8192, 8183, 8191, 8288,28.287590503692627
64, 8163, 8173, 8137, 8187, 8139, 8175, 8208, 8164, 8195, 8229, 8186, 8165, 8187, 8274,28.295734405517578
65, 8165, 8171, 8161, 8199, 8164, 8186, 8220, 8181, 8200, 8234, 8183, 8165, 8184, 8261,28.303609371185303
66, 8173, 8166, 8150, 8188, 8149, 8181, 8218, 8179, 8192, 8233, 8174, 8168, 8187, 8284,28.311587810516357
67, 8189, 8192, 8228, 8171, 8198, 8186, 8200, 8184, 8181, 8228, 8166, 8180, 8182, 8291,28.319568872451782
68, 8181, 8186, 8160, 8193, 8134, 8201, 8195, 8154, 8193, 8238, 8195, 8178, 8204, 8295,28.3274245262146
69, 8183, 8190, 8116, 8225, 8133, 8213, 8189, 8144, 8216, 8255, 8223, 8173, 8227, 8315,28.335686445236206
70, 8203, 8222, 8260, 8211, 8236, 8222, 8180, 8207, 8226, 8261, 8218, 8193, 8219, 8317,28.343594551086426
71, 8167, 8195, 8193, 8188, 8165, 8218, 8205, 8217, 8243, 8260, 8215, 8179, 8229, 8305,28.35046911239624
72, 8137, 8167, 8087, 8192, 8111, 8214, 8220, 8186, 8252, 8249, 8207, 8149, 8224, 8292,28.358629941940308
73, 8153, 8169, 8127, 8181, 8153, 8214, 8213, 8180, 8235, 8239, 8182, 8144, 8187, 8282,28.36653709411621
74, 8151, 8180, 8185, 8162, 8198, 8202, 8201, 8184, 8200, 8236, 8155, 8149, 8161, 8256,28.374841451644897
75, 8123, 8176, 8137, 8164, 8157, 8184, 8197, 8162, 8178, 8226, 8147, 8149, 8162, 8238,28.38266086578369
76, 8122, 8161, 8065, 8153, 8120, 8185, 8202, 8133, 8180, 8219, 8154, 8140, 8172, 8260,28.39068627357483
77, 8168, 8184, 8196, 8133, 8219, 8205, 8185, 8159, 8172, 8221, 8154, 8157, 8174, 8286,28.39864730834961
78, 8171, 8173, 8185, 8128, 8173, 8203, 8172, 8151, 8167, 8231, 8162, 8167, 8184, 8295,28.406635999679565
79, 8140, 8154, 8111, 8117, 8133, 8192, 8169, 8119, 8161, 8235, 8152, 8146, 8167, 8270,28.414684534072876
80, 8142, 8165, 8209, 8099, 8205, 8200, 8161, 8143, 8136, 8220, 8127, 8144, 8131, 8233,28.42168688774109
81, 8139, 8143, 8155, 8109, 8154, 8204, 8171, 8140, 8139, 8218, 8140, 8146, 8147, 8243,28.429623126983643
82, 8150, 8153, 8134, 8138, 8159, 8207, 8181, 8138, 8156, 8229, 8154, 8158, 8170, 8272,28.437722206115723
83, 8167, 8180, 8183, 8155, 8182, 8214, 8184, 8162, 8168, 8236, 8160, 8176, 8177, 8291,28.4466335773468
84, 8173, 8184, 8171, 8153, 8175, 8216, 8175, 8167, 8182, 8234, 8178, 8172, 8186, 8305,28.453425884246826
85, 8201, 8186, 8197, 8150, 8191, 8212, 8159, 8170, 8178, 8224, 8176, 8175, 8178, 8304,28.461671590805054
86, 8198, 8172, 8159, 8145, 8152, 8200, 8160, 8155, 8167, 8218, 8155, 8164, 8163, 8283,28.469645023345947
87, 8169, 8170, 8182, 8134, 8177, 8194, 8157, 8160, 8151, 8209, 8136, 8150, 8142, 8254,28.47758936882019
88, 8149, 8150, 8166, 8123, 8161, 8189, 8154, 8165, 8150, 8206, 8140, 8152, 8132, 8250,28.484658241271973
89, 8133, 8135, 8106, 8117, 8136, 8178, 8148, 8154, 8154, 8210, 8145, 8142, 8123, 8250,28.492661714553833
90, 8124, 8152, 8180, 8116, 8178, 8167, 8135, 8174, 8143, 8205, 8136, 8142, 8111, 8234,28.500696182250977
91, 8111, 8142, 8146, 8115, 8129, 8160, 8158, 8176, 8154, 8204, 8151, 8148, 8134, 8245,28.508713483810425
92, 8140, 8162, 8160, 8136, 8160, 8170, 8177, 8178, 8166, 8208, 8168, 8163, 8144, 8267,28.51682162284851
93, 8192, 8192, 8229, 8174, 8190, 8177, 8162, 8187, 8174, 8221, 8178, 8178, 8146, 8279,28.52442955970764
94, 8201, 8183, 8169, 8186, 8135, 8181, 8171, 8177, 8204, 8235, 8208, 8185, 8193, 8310,28.532490491867065
95, 8220, 8194, 8190, 8184, 8163, 8203, 8197, 8195, 8225, 8238, 8237, 8217, 8234, 8360,28.54059886932373
96, 8248, 8202, 8187, 8207, 8147, 8213, 8214, 8186, 8227, 8239, 8242, 8224, 8234, 8384,28.548382997512817
97, 8262, 8217, 8229, 8223, 8183, 8211, 8219, 8189, 8215, 8235, 8218, 8209, 8212, 8360,28.555485725402832
98, 8247, 8202, 8260, 8191, 8200, 8224, 8236, 8225, 8219, 8236, 8211, 8213, 8209, 8350,28.56341290473938
99, 8194, 8152, 8121, 8146, 8115, 8230, 8264, 8209, 8241, 8240, 8218, 8187, 8213, 8352,28.571480989456177
100, 8167, 8146, 8108, 8135, 8141, 8221, 8259, 8190, 8232, 8226, 8195, 8161, 8179, 8314,28.580551147460938
101, 8152, 8137, 8133, 8121, 8165, 8213, 8240, 8190, 8215, 8207, 8167, 8149, 8149, 8273,28.587617874145508
102, 8121, 8119, 8143, 8081, 8167, 8200, 8218, 8186, 8202, 8192, 8137, 8131, 8118, 8245,28.595508337020874
103, 8101, 8111, 8142, 8063, 8140, 8182, 8191, 8170, 8188, 8183, 8134, 8127, 8091, 8231,28.603377103805542
104, 8096, 8107, 8102, 8081, 8123, 8176, 8171, 8148, 8193, 8190, 8156, 8130, 8102, 8235,28.611522436141968
105, 8115, 8135, 8202, 8097, 8216, 8182, 8153, 8166, 8193, 8194, 8153, 8145, 8114, 8229,28.61854124069214
106, 8126, 8140, 8179, 8105, 8172, 8184, 8170, 8166, 8199, 8205, 8175, 8162, 8145, 8256,28.626426458358765
107, 8140, 8147, 8119, 8127, 8136, 8191, 8187, 8155, 8208, 8223, 8213, 8169, 8180, 8298,28.63461470603943
108, 8189, 8177, 8216, 8162, 8199, 8204, 8179, 8172, 8198, 8223, 8216, 8182, 8182, 8306,28.642653942108154
109, 8214, 8179, 8189, 8194, 8173, 8204, 8188, 8164, 8199, 8223, 8223, 8180, 8202, 8321,28.650686740875244
110, 8206, 8184, 8183, 8200, 8196, 8200, 8193, 8173, 8207, 8227, 8223, 8179, 8210, 8329,28.65868306159973
111, 8171, 8167, 8179, 8180, 8183, 8204, 8196, 8183, 8208, 8224, 8213, 8174, 8188, 8304,28.666646003723145
112, 8150, 8151, 8142, 8173, 8159, 8214, 8209, 8179, 8216, 8226, 8217, 8155, 8187, 8288,28.674685955047607
113, 8165, 8167, 8185, 8188, 8184, 8221, 8217, 8195, 8228, 8231, 8217, 8162, 8200, 8299,28.682655334472656
114, 8150, 8158, 8151, 8181, 8153, 8199, 8212, 8186, 8229, 8222, 8208, 8160, 8195, 8295,28.68975305557251
115, 8138, 8158, 8165, 8163, 8177, 8178, 8194, 8185, 8212, 8213, 8196, 8152, 8171, 8268,28.697681427001953
116, 8151, 8162, 8166, 8175, 8161, 8184, 8196, 8185, 8218, 8229, 8201, 8162, 8181, 8275,28.705565690994263
117, 8170, 8178, 8166, 8205, 8170, 8201, 8204, 8183, 8230, 8242, 8209, 8175, 8208, 8302,28.713672637939453
118, 8197, 8205, 8247, 8215, 8231, 8200, 8192, 8206, 8219, 8236, 8213, 8197, 8215, 8319,28.72171902656555
119, 8196, 8188, 8185, 8215, 8178, 8185, 8184, 8184, 8217, 8237, 8222, 8200, 8225, 8337,28.729581117630005
120, 8180, 8178, 8145, 8227, 8157, 8197, 8182, 8154, 8218, 8233, 8214, 8186, 8210, 8320,28.73768186569214
121, 8168, 8173, 8164, 8222, 8163, 8219, 8193, 8158, 8220, 8223, 8197, 8170, 8182, 8282,28.744750261306763
122, 8157, 8158, 8163, 8191, 8171, 8218, 8209, 8173, 8221, 8215, 8170, 8155, 8168, 8272,28.75249981880188
123, 8153, 8152, 8176, 8170, 8180, 8208, 8207, 8178, 8205, 8200, 8146, 8155, 8151, 8280,28.760677337646484
124, 8141, 8149, 8125, 8181, 8150, 8204, 8208, 8164, 8201, 8191, 8153, 8146, 8145, 8280,28.76864743232727
125, 8158, 8179, 8187, 8196, 8216, 8209, 8208, 8181, 8205, 8200, 8182, 8162, 8158, 8280,28.776679039001465
126, 8177, 8173, 8197, 8189, 8197, 8203, 8196, 8192, 8209, 8214, 8220, 8191, 8189, 8306,28.784680366516113
127, 8170, 8154, 8132, 8191, 8148, 8180, 8170, 8167, 8196, 8213, 8225, 8181, 8204, 8325,28.792680740356445
236, 8194, 8195, 8238, 8229, 8220, 8168, 8146, 8175, 8173, 8204, 8210, 8188, 8198, 8333,28.800761699676514
0, 8200, 8195, 8195, 8251, 8173, 8172, 8167, 8172, 8198, 8216, 8234, 8199, 8224, 8366,28.808645248413086
1, 8177, 8165, 8119, 8220, 8145, 8177, 8185, 8172, 8225, 8227, 8229, 8177, 8226, 8359,28.815674304962158
2, 8151, 8156, 8170, 8184, 8169, 8179, 8181, 8193, 8214, 8215, 8188, 8155, 8182, 8296,28.823681592941284
3, 8113, 8143, 8140, 8181, 8135, 8186, 8197, 8189, 8220, 8204, 8180, 8141, 8158, 8261,28.83164143562317
4, 8112, 8143, 8151, 8191, 8157, 8202, 8217, 8188, 8235, 8209, 8184, 8148, 8159, 8263,28.839679956436157
5, 8132, 8149, 8156, 8187, 8161, 8200, 8212, 8166, 8225, 8212, 8180, 8152, 8160, 8263,28.847675323486328
6, 8149, 8177, 8173, 8188, 8182, 8179, 8168, 8142, 8194, 8199, 8166, 8146, 8136, 8245,28.855538845062256
7, 8165, 8189, 8190, 8212, 8179, 8172, 8140, 8142, 8173, 8196, 8161, 8159, 8123, 8242,28.863677978515625
8, 8177, 8172, 8149, 8224, 8144, 8179, 8151, 8135, 8169, 8205, 8180, 8167, 8147, 8258,28.871676683425903
9, 8192, 8182, 8200, 8209, 8189, 8175, 8149, 8149, 8163, 8199, 8185, 8175, 8156, 8265,28.878480195999146
10, 8176, 8169, 8162, 8188, 8164, 8171, 8156, 8157, 8172, 8196, 8174, 8166, 8150, 8268,28.886735200881958
11, 8158, 8152, 8144, 8170, 8170, 8190, 8176, 8170, 8180, 8194, 8151, 8142, 8133, 8252,28.894672870635986
12, 8161, 8143, 8205, 8153, 8198, 8209, 8194, 8200, 8192, 8194, 8148, 8152, 8138, 8245,28.902624368667603
13, 8152, 8126, 8144, 8153, 8154, 8207, 8216, 8187, 8230, 8208, 8176, 8165, 8176, 8276,28.91065812110901
14, 8170, 8157, 8196, 8178, 8204, 8213, 8217, 8193, 8238, 8213, 8179, 8176, 8179, 8291,28.918680667877197
15, 8199, 8173, 8207, 8202, 8180, 8223, 8217, 8208, 8234, 8215, 8182, 8188, 8183, 8309,28.926673650741577
16, 8201, 8164, 8146, 8214, 8154, 8224, 8220, 8196, 8244, 8223, 8192, 8190, 8212, 8335,28.93457055091858
17, 8200, 8178, 8200, 8225, 8211, 8224, 8211, 8194, 8235, 8220, 8191, 8190, 8217, 8314,28.942660570144653
18, 8183, 8173, 8175, 8225, 8185, 8215, 8203, 8176, 8215, 8216, 8197, 8173, 8211, 8286,28.950721263885498
19, 8168, 8153, 8144, 8198, 8185, 8207, 8185, 8162, 8197, 8211, 8189, 8166, 8194, 8284,28.957595586776733
20, 8156, 8131, 8127, 8161, 8176, 8203, 8162, 8150, 8179, 8192, 8171, 8160, 8173, 8274,28.965651750564575
21, 8138, 8143, 8156, 8155, 8188, 8193, 8152, 8147, 8160, 8175, 8155, 8150, 8146, 8241,28.973663330078125
22, 8133, 8152, 8191, 8161, 8188, 8181, 8152, 8151, 8153, 8173, 8149, 8158, 8126, 8233,28.981424808502197
23, 8130, 8133, 8112, 8156, 8144, 8178, 8162, 8136, 8166, 8177, 8152, 8145, 8140, 8251,28.98953914642334
24, 8146, 8171, 8219, 8162, 8245, 8188, 8155, 8176, 8163, 8176, 8141, 8145, 8148, 8239,28.99767279624939
25, 8139, 8176, 8247, 8167, 8222, 8179, 8151, 8191, 8173, 8182, 8155, 8161, 8155, 8232,29.00557780265808
26, 8123, 8136, 8095, 8160, 8107, 8159, 8151, 8147, 8193, 8188, 8179, 8155, 8177, 8254,29.0136661529541
27, 8170, 8166, 8146, 8184, 8160, 8163, 8138, 8160, 8183, 8189, 8178, 8169, 8186, 8280,29.020650148391724
28, 8192, 8188, 8185, 8216, 8176, 8168, 8147, 8175, 8182, 8193, 8184, 8177, 8191, 8296,29.028640031814575
29, 8157, 8172, 8156, 8211, 8166, 8165, 8165, 8169, 8190, 8188, 8191, 8167, 8189, 8285,29.03666090965271
30, 8136, 8168, 8153, 8199, 8172, 8184, 8186, 8177, 8188, 8186, 8188, 8170, 8177, 8262,29.044665575027466
31, 8143, 8170, 8162, 8201, 8181, 8213, 8208, 8191, 8195, 8189, 8188, 8169, 8167, 8253,29.052645683288574
32, 8162, 8156, 8200, 8193, 8188, 8206, 8213, 8209, 8204, 8184, 8195, 8171, 8172, 8272,29.060612201690674
33, 8162, 8134, 8149, 8185, 8147, 8180, 8212, 8191, 8204, 8179, 8204, 8174, 8187, 8302,29.068674325942993
34, 8165, 8164, 8171, 8193, 8188, 8186, 8193, 8177, 8189, 8178, 8194, 8179, 8171, 8297,29.075678825378418
35, 8161, 8171, 8175, 8194, 8179, 8206, 8188, 8183, 8193, 8187, 8194, 8182, 8172, 8291,29.08358907699585
36, 8141, 8153, 8123, 8189, 8154, 8200, 8197, 8182, 8219, 8204, 8203, 8171, 8211, 8314,29.09167981147766
37, 8154, 8184, 8229, 8192, 8235, 8187, 8176, 8193, 8210, 8207, 8195, 8178, 8216, 8315,29.09974455833435
38, 8155, 8176, 8192, 8189, 8177, 8183, 8171, 8170, 8203, 8207, 8203, 8180, 8222, 8302,29.107580423355103
39, 8155, 8164, 8122, 8190, 8132, 8187, 8192, 8159, 8219, 8208, 8212, 8178, 8236, 8304,29.115688800811768
40, 8182, 8173, 8162, 8209, 8142, 8184, 8202, 8178, 8220, 8198, 8204, 8190, 8231, 8325,29.123689889907837
41, 8198, 8170, 8176, 8223, 8141, 8170, 8191, 8176, 8205, 8193, 8206, 8204, 8225, 8348,29.13149380683899
42, 8241, 8197, 8295, 8236, 8227, 8166, 8177, 8195, 8193, 8197, 8223, 8242, 8231, 8362,29.13968300819397
43, 8274, 8203, 8262, 8269, 8172, 8168, 8193, 8187, 8206, 8202, 8251, 8255, 8268, 8384,29.146678686141968
44, 8264, 8198, 8156, 8289, 8117, 8166, 8202, 8160, 8199, 8194, 8255, 8225, 8285, 8382,29.154759645462036
45, 8268, 8219, 8199, 8290, 8180, 8171, 8189, 8172, 8188, 8195, 8242, 8225, 8273, 8369,29.16265869140625
46, 8275, 8220, 8204, 8290, 8195, 8177, 8188, 8181, 8205, 8212, 8233, 8228, 8274, 8369,29.170674085617065
47, 8258, 8208, 8199, 8266, 8192, 8174, 8179, 8180, 8201, 8202, 8207, 8205, 8254, 8341,29.178662061691284
48, 8217, 8187, 8146, 8226, 8154, 8161, 8166, 8163, 8181, 8179, 8184, 8176, 8225, 8301,29.186673402786255
49, 8195, 8191, 8145, 8209, 8189, 8162, 8155, 8169, 8179, 8176, 8163, 8169, 8205, 8291,29.1946759223938
50, 8188, 8194, 8197, 8201, 8229, 8184, 8164, 8192, 8175, 8186, 8154, 8181, 8199, 8301,29.202677488327026
51, 8158, 8162, 8131, 8184, 8181, 8204, 8187, 8170, 8182, 8189, 8171, 8166, 8217, 8303,29.209592819213867
52, 8146, 8160, 8151, 8174, 8202, 8214, 8182, 8165, 8192, 8182, 8163, 8152, 8212, 8284,29.21767568588257
53, 8132, 8152, 8137, 8159, 8163, 8209, 8169, 8161, 8188, 8179, 8137, 8139, 8179, 8253,29.22567582130432
54, 8109, 8146, 8111, 8148, 8157, 8202, 8167, 8142, 8171, 8175, 8110, 8122, 8156, 8218,29.23340678215027
55, 8133, 8182, 8214, 8156, 8232, 8197, 8164, 8164, 8165, 8171, 8098, 8148, 8157, 8218,29.241723775863647
56, 8159, 8185, 8181, 8158, 8186, 8181, 8163, 8169, 8187, 8175, 8125, 8166, 8180, 8263,29.249677896499634
57, 8161, 8179, 8135, 8161, 8165, 8169, 8151, 8165, 8189, 8183, 8152, 8159, 8194, 8283,29.257457733154297
58, 8162, 8186, 8128, 8182, 8160, 8164, 8141, 8166, 8171, 8185, 8158, 8162, 8203, 8286,29.265676736831665
59, 8180, 8204, 8152, 8186, 8178, 8156, 8132, 8165, 8154, 8181, 8145, 8166, 8201, 8297,29.272677898406982
60, 8191, 8208, 8201, 8171, 8209, 8153, 8122, 8174, 8148, 8178, 8138, 8168, 8195, 8291,29.28079581260681
61, 8162, 8179, 8131, 8163, 8162, 8160, 8137, 8159, 8171, 8189, 8156, 8158, 8214, 8288,29.288676023483276
62, 8172, 8187, 8185, 8164, 8201, 8174, 8154, 8172, 8180, 8198, 8160, 8174, 8219, 8309,29.296672582626343
63, 8214, 8186, 8227, 8175, 8203, 8179, 8162, 8191, 8180, 8206, 8169, 8208, 8226, 8351,29.304670572280884
64, 8225, 8171, 8145, 8187, 8164, 8163, 8165, 8179, 8207, 8210, 8191, 8208, 8248, 8378,29.31261897087097
65, 8217, 8189, 8180, 8178, 8202, 8161, 8158, 8180, 8221, 8204, 8176, 8195, 8231, 8359,29.320675373077393
66, 8185, 8181, 8168, 8158, 8173, 8169, 8155, 8166, 8202, 8196, 8142, 8175, 8200, 8324,29.32867455482483
67, 8167, 8176, 8139, 8156, 8166, 8172, 8144, 8152, 8175, 8184, 8130, 8157, 8181, 8291,29.335572004318237
68, 8166, 8175, 8146, 8162, 8178, 8189, 8153, 8150, 8173, 8173, 8138, 8153, 8173, 8281,29.343746185302734
69, 8161, 8169, 8155, 8148, 8186, 8212, 8180, 8152, 8182, 8173, 8129, 8158, 8168, 8301,29.351712226867676
70, 8187, 8179, 8204, 8143, 8200, 8218, 8186, 8173, 8177, 8173, 8119, 8182, 8165, 8319,29.359577894210815
71, 8198, 8175, 8130, 8160, 8138, 8205, 8189, 8166, 8181, 8174, 8140, 8169, 8182, 8321,29.367643356323242
72, 8196, 8198, 8179, 8180, 8212, 8205, 8181, 8174, 8177, 8168, 8146, 8161, 8190, 8299,29.375651597976685
73, 8216, 8218, 8266, 8188, 8246, 8212, 8173, 8203, 8177, 8168, 8151, 8196, 8203, 8307,29.383442163467407
74, 8219, 8204, 8141, 8193, 8135, 8209, 8186, 8185, 8193, 8181, 8180, 8193, 8235, 8354,29.391628980636597
75, 8212, 8217, 8140, 8203, 8166, 8211, 8189, 8183, 8191, 8189, 8187, 8175, 8239, 8357,29.39977765083313
76, 8199, 8214, 8180, 8203, 8198, 8208, 8185, 8178, 8181, 8185, 8172, 8184, 8234, 8327,29.406686544418335
77, 8195, 8204, 8170, 8207, 8194, 8204, 8181, 8154, 8163, 8175, 8147, 8182, 8213, 8311,29.41468095779419
78, 8183, 8194, 8165, 8191, 8185, 8205, 8184, 8158, 8152, 8167, 8117, 8158, 8171, 8296,29.42264461517334
79, 8155, 8172, 8142, 8153, 8166, 8204, 8205, 8171, 8171, 8170, 8111, 8142, 8160, 8266,29.43064832687378
80, 8168, 8189, 8198, 8160, 8203, 8201, 8210, 8188, 8183, 8175, 8121, 8163, 8172, 8261,29.438652515411377
81, 8175, 8195, 8155, 8193, 8169, 8199, 8206, 8181, 8197, 8183, 8135, 8173, 8191, 8295,29.446704387664795
82, 8160, 8188, 8134, 8185, 8177, 8207, 8205, 8187, 8214, 8190, 8133, 8161, 8186, 8294,29.454630374908447
83, 8172, 8183, 8183, 8158, 8189, 8213, 8193, 8192, 8211, 8192, 8139, 8162, 8176, 8270,29.46262836456299
84, 8182, 8174, 8139, 8167, 8149, 8208, 8184, 8164, 8214, 8189, 8160, 8164, 8195, 8292,29.469668865203857
85, 8174, 8191, 8186, 8172, 8209, 8217, 8186, 8182, 8218, 8183, 8160, 8173, 8201, 8297,29.477673530578613
86, 8150, 8183, 8163, 8162, 8179, 8221, 8209, 8192, 8220, 8186, 8166, 8165, 8194, 8261,29.48551058769226
87, 8165, 8181, 8141, 8179, 8164, 8208, 8212, 8175, 8210, 8184, 8172, 8158, 8193, 8273,29.493664026260376
88, 8205, 8206, 8215, 8201, 8204, 8203, 8197, 8182, 8190, 8176, 8178, 8199, 8211, 8342,29.50164294242859
89, 8189, 8195, 8144, 8193, 8152, 8207, 8203, 8170, 8196, 8181, 8194, 8200, 8236, 8349,29.509441375732422
90, 8184, 8205, 8187, 8191, 8208, 8216, 8208, 8187, 8202, 8182, 8179, 8166, 8207, 8270,29.517645359039307
91, 8199, 8205, 8232, 8194, 8213, 8224, 8225, 8201, 8202, 8177, 8161, 8164, 8181, 8262,29.525749444961548
92, 8177, 8169, 8116, 8163, 8123, 8228, 8252, 8174, 8210, 8177, 8165, 8167, 8196, 8327,29.533533096313477
93, 8164, 8158, 8114, 8130, 8139, 8236, 8261, 8180, 8219, 8173, 8165, 8166, 8190, 8325,29.54067349433899
94, 8163, 8150, 8159, 8116, 8175, 8244, 8273, 8200, 8235, 8176, 8156, 8153, 8169, 8272,29.54870629310608
95, 8154, 8144, 8188, 8104, 8195, 8248, 8273, 8207, 8244, 8181, 8153, 8154, 8171, 8257,29.557665824890137
96, 8150, 8141, 8140, 8114, 8143, 8239, 8255, 8177, 8239, 8182, 8174, 8171, 8194, 8291,29.564680814743042
97, 8173, 8172, 8165, 8152, 8174, 8224, 8222, 8152, 8212, 8181, 8169, 8173, 8193, 8294,29.57279109954834
98, 8188, 8196, 8268, 8167, 8237, 8211, 8191, 8169, 8179, 8172, 8133, 8171, 8166, 8263,29.58050537109375
99, 8161, 8158, 8135, 8153, 8128, 8200, 8195, 8152, 8187, 8169, 8140, 8156, 8168, 8269,29.58873462677002
100, 8169, 8165, 8111, 8162, 8145, 8202, 8199, 8144, 8194, 8167, 8152, 8155, 8171, 8281,29.596506595611572
101, 8187, 8185, 8200, 8181, 8200, 8201, 8195, 8162, 8184, 8165, 8140, 8164, 8167, 8267,29.603415966033936
102, 8155, 8168, 8150, 8166, 8156, 8195, 8190, 8156, 8186, 8165, 8140, 8149, 8171, 8257,29.611526489257812
103, 8163, 8176, 8176, 8158, 8178, 8196, 8173, 8166, 8182, 8162, 8138, 8164, 8163, 8263,29.619457960128784
104, 8202, 8183, 8182, 8181, 8166, 8192, 8167, 8166, 8175, 8162, 8144, 8179, 8164, 8282,29.627552032470703
105, 8198, 8183, 8168, 8183, 8161, 8179, 8162, 8156, 8171, 8160, 8153, 8165, 8165, 8277,29.635453462600708
106, 8159, 8178, 8147, 8177, 8148, 8182, 8177, 8159, 8184, 8169, 8164, 8158, 8173, 8258,29.643762826919556
107, 8135, 8176, 8135, 8185, 8155, 8205, 8211, 8170, 8204, 8183, 8160, 8157, 8180, 8258,29.651679277420044
108, 8156, 8191, 8206, 8179, 8197, 8219, 8219, 8187, 8203, 8178, 8149, 8169, 8164, 8266,29.659483909606934
109, 8162, 8179, 8149, 8172, 8140, 8214, 8215, 8159, 8203, 8175, 8163, 8169, 8174, 8276,29.66772961616516
110, 8173, 8191, 8198, 8189, 8195, 8218, 8208, 8166, 8188, 8178, 8162, 8174, 8180, 8270,29.67467999458313
111, 8179, 8195, 8262, 8196, 8221, 8229, 8213, 8204, 8184, 8177, 8155, 8188, 8169, 8263,29.68268084526062
112, 8136, 8154, 8112, 8178, 8114, 8226, 8232, 8174, 8208, 8174, 8156, 8162, 8172, 8267,29.690624713897705
113, 8140, 8166, 8133, 8171, 8149, 8224, 8225, 8166, 8202, 8169, 8148, 8153, 8163, 8267,29.69879913330078
114, 8184, 8184, 8188, 8176, 8169, 8218, 8217, 8172, 8191, 8170, 8160, 8171, 8166, 8282,29.706621646881104
115, 8197, 8188, 8177, 8175, 8167, 8205, 8212, 8156, 8189, 8166, 8159, 8176, 8160, 8284,29.71479368209839
116, 8188, 8192, 8204, 8171, 8180, 8201, 8195, 8153, 8162, 8154, 8139, 8182, 8135, 8278,29.722640991210938
117, 8177, 8171, 8148, 8164, 8139, 8208, 8200, 8152, 8157, 8159, 8156, 8178, 8154, 8296,29.730722904205322
118, 8185, 8163, 8163, 8141, 8159, 8222, 8210, 8174, 8182, 8171, 8177, 8180, 8182, 8300,29.73741340637207
119, 8183, 8154, 8170, 8123, 8137, 8218, 8206, 8183, 8191, 8172, 8168, 8181, 8175, 8284,29.74565577507019
120, 8181, 8165, 8159, 8150, 8129, 8211, 8197, 8180, 8187, 8171, 8168, 8185, 8170, 8292,29.75363326072693
121, 8203, 8184, 8178, 8181, 8150, 8212, 8197, 8189, 8197, 8176, 8182, 8190, 8189, 8321,29.761443614959717
122, 8200, 8176, 8149, 8166, 8131, 8209, 8199, 8178, 8206, 8178, 8176, 8172, 8190, 8320,29.769672632217407
123, 8180, 8185, 8204, 8152, 8175, 8198, 8175, 8180, 8181, 8169, 8155, 8168, 8159, 8275,29.77761173248291
124, 8162, 8180, 8175, 8169, 8145, 8185, 8160, 8167, 8168, 8163, 8167, 8169, 8157, 8251,29.785410165786743
125, 8159, 8179, 8118, 8189, 8122, 8191, 8164, 8150, 8175, 8163, 8186, 8156, 8170, 8253,29.793464183807373
126, 8167, 8199, 8171, 8189, 8169, 8199, 8165, 8160, 8175, 8161, 8181, 8163, 8165, 8247,29.80163812637329
127, 8160, 8199, 8164, 8187, 8159, 8187, 8172, 8155, 8175, 8161, 8188, 8173, 8172, 8257,29.808645725250244
236, 8188, 8211, 8202, 8215, 8192, 8192, 8179, 8175, 8178, 8167, 8201, 8199, 8182, 8295,29.816667556762695
0, 8213, 8209, 8197, 8239, 8182, 8207, 8200, 8194, 8187, 8175, 8200, 8215, 8188, 8323,29.824695587158203
1, 8183, 8191, 8141, 8212, 8158, 8199, 8212, 8181, 8189, 8164, 8172, 8181, 8171, 8298,29.832669973373413
2, 8162, 8186, 8174, 8170, 8180, 8195, 8203, 8186, 8183, 8153, 8143, 8153, 8139, 8258,29.84068274497986
3, 8154, 8165, 8155, 8143, 8156, 8204, 8205, 8182, 8198, 8160, 8143, 8146, 8131, 8247,29.84967017173767
4, 8146, 8165, 8180, 8135, 8173, 8198, 8202, 8186, 8202, 8163, 8138, 8145, 8127, 8234,29.85657548904419
5, 8141, 8162, 8147, 8143, 8125, 8187, 8198, 8179, 8200, 8163, 8136, 8148, 8137, 8238,29.863555669784546
6, 8151, 8172, 8135, 8157, 8139, 8192, 8190, 8172, 8206, 8167, 8140, 8160, 8147, 8262,29.871675491333008
7, 8176, 8202, 8266, 8167, 8219, 8202, 8175, 8197, 8203, 8172, 8146, 8192, 8140, 8263,29.87967300415039
8, 8158, 8169, 8165, 8166, 8113, 8191, 8183, 8169, 8206, 8176, 8174, 8190, 8160, 8260,29.88745427131653
9, 8151, 8166, 8110, 8169, 8115, 8173, 8181, 8144, 8191, 8164, 8172, 8171, 8163, 8260,29.89565896987915
10, 8192, 8200, 8216, 8181, 8186, 8175, 8177, 8170, 8171, 8154, 8152, 8183, 8145, 8267,29.903557062149048
11, 8208, 8194, 8165, 8193, 8134, 8184, 8199, 8176, 8192, 8167, 8164, 8187, 8168, 8292,29.911563396453857
12, 8197, 8190, 8133, 8196, 8138, 8190, 8206, 8174, 8205, 8170, 8181, 8180, 8193, 8306,29.91953134536743
13, 8186, 8192, 8166, 8193, 8164, 8180, 8188, 8170, 8190, 8157, 8179, 8174, 8183, 8298,29.927656888961792
14, 8200, 8197, 8208, 8189, 8183, 8171, 8175, 8177, 8180, 8155, 8176, 8179, 8167, 8288,29.934689044952393
15, 8198, 8182, 8155, 8176, 8133, 8176, 8190, 8178, 8207, 8173, 8197, 8177, 8182, 8293,29.9426531791687
16, 8160, 8166, 8121, 8159, 8132, 8179, 8199, 8173, 8229, 8177, 8187, 8152, 8182, 8282,29.950698614120483
17, 8146, 8174, 8219, 8141, 8207, 8174, 8176, 8193, 8207, 8156, 8149, 8155, 8147, 8247,29.958635807037354
18, 8132, 8150, 8129, 8127, 8131, 8168, 8176, 8173, 8198, 8158, 8165, 8160, 8161, 8245,29.966447114944458
19, 8129, 8161, 8133, 8134, 8156, 8175, 8186, 8168, 8198, 8169, 8187, 8162, 8181, 8252,29.974664211273193
20, 8146, 8192, 8255, 8156, 8211, 8183, 8178, 8188, 8185, 8167, 8182, 8180, 8167, 8249,29.982571601867676
21, 8146, 8176, 8126, 8165, 8096, 8174, 8177, 8148, 8194, 8171, 8195, 8170, 8187, 8269,29.990678310394287
22, 8158, 8180, 8093, 8165, 8105, 8169, 8182, 8141, 8202, 8179, 8205, 8171, 8215, 8285,29.998502254486084
23, 8170, 8192, 8180, 8178, 8169, 8176, 8193, 8178, 8205, 8179, 8209, 8188, 8218, 8282,30.005677223205566
