COUNTER,F3,FC5,AF3,F7,T7,P7,O1,O2,P8,T8,F8,AF4,FC6,F4,Timestamp,word_label,yes_event
73,8153,8180,8188,8171,8206,8281,8179,8186,8226,8155,7923,8185,8168,8104,0.0059995651245117,sil,False
74,8130,8160,8177,8153,8224,8293,8191,8184,8140,8165,7948,8147,8164,8099,0.0137825012207031,sil,False
75,8157,8192,8207,8170,8220,8284,8178,8202,8248,8166,7942,8193,8173,8113,0.0247848033905029,sil,False
76,8158,8163,8192,8163,8215,8263,8183,8189,8180,8174,7928,8165,8161,8110,0.0299441814422607,sil,False
77,8153,8164,8188,8160,8199,8263,8180,8186,8176,8160,7929,8174,8165,8119,0.0379559993743896,sil,False
78,8142,8177,8205,8161,8188,8254,8167,8201,8252,8163,7943,8197,8172,8111,0.0460035800933837,sil,False
79,8157,8155,8193,8160,8210,8250,8179,8194,8158,8196,7951,8155,8159,8098,0.0540030002593994,sil,False
80,8175,8176,8190,8163,8197,8259,8173,8185,8214,8159,7927,8185,8159,8100,0.0620026588439941,sil,False
81,8134,8151,8171,8146,8190,8249,8170,8174,8135,8138,7927,8155,8151,8087,0.0700018405914306,sil,False
82,8139,8157,8176,8152,8185,8239,8159,8178,8115,8143,7926,8157,8154,8087,0.0770022869110107,sil,False
83,8154,8176,8179,8161,8180,8237,8157,8189,8205,8151,7916,8180,8164,8081,0.0850028991699218,sil,False
84,8159,8158,8166,8162,8209,8250,8193,8190,8141,8192,7939,8140,8159,8086,0.0924892425537109,sil,False
85,8175,8181,8188,8172,8197,8267,8190,8195,8238,8183,7940,8182,8168,8100,0.1005070209503173,sil,False
86,8137,8153,8174,8149,8182,8256,8179,8190,8187,8176,7948,8160,8165,8076,0.1085038185119628,sil,False
87,8135,8153,8171,8158,8188,8248,8176,8190,8148,8181,7960,8152,8163,8077,0.1169548034667968,sil,False
88,8149,8179,8191,8177,8172,8246,8169,8198,8242,8172,7953,8185,8167,8079,0.1243031024932861,sil,False
88,8149,8179,8191,8177,8172,8246,8169,8198,8242,8172,7953,8185,8167,8079,0.125370979309082,sil,False
89,8158,8159,8184,8170,8176,8246,8189,8202,8162,8199,7967,8148,8164,8078,0.1330077648162841,sil,False
90,8198,8187,8204,8184,8180,8255,8191,8213,8257,8201,7973,8188,8173,8105,0.1409916877746582,sil,False
91,8174,8168,8188,8166,8183,8243,8186,8188,8209,8181,7961,8165,8157,8088,0.1482017040252685,sil,False
92,8151,8150,8166,8147,8170,8237,8175,8164,8101,8159,7939,8137,8152,8060,0.1562013626098632,sil,False
93,8141,8165,8177,8152,8146,8236,8161,8178,8190,8142,7933,8182,8170,8050,0.163886547088623,sil,False
94,8129,8146,8181,8158,8165,8233,8170,8181,8119,8167,7962,8155,8163,8055,0.1721458435058593,sil,False
95,8168,8178,8211,8174,8169,8235,8155,8184,8190,8166,7958,8179,8165,8078,0.1801457405090332,sil,False
96,8171,8173,8205,8157,8170,8230,8157,8181,8201,8174,7954,8173,8170,8078,0.1879875659942627,sil,False
97,8161,8157,8190,8156,8181,8239,8175,8182,8151,8189,7968,8161,8164,8087,0.1961722373962402,sil,False
98,8145,8174,8194,8171,8160,8245,8165,8197,8241,8162,7949,8186,8164,8076,0.2029879093170166,sil,False
99,8146,8150,8183,8160,8170,8240,8185,8199,8159,8182,7947,8141,8161,8062,0.2110283374786377,sil,False
100,8193,8176,8208,8169,8180,8247,8193,8201,8239,8188,7961,8180,8175,8093,0.2189893722534179,sil,False
101,8155,8169,8206,8161,8169,8242,8183,8196,8256,8170,7973,8180,8167,8080,0.2271299362182617,sil,False
102,8144,8154,8192,8160,8166,8236,8192,8192,8169,8184,7971,8146,8154,8063,0.2351865768432617,sil,False
103,8171,8175,8199,8164,8153,8231,8183,8189,8258,8171,7947,8191,8165,8068,0.2429914474487304,sil,False
104,8127,8140,8171,8139,8162,8229,8172,8173,8143,8158,7952,8149,8157,8052,0.2509913444519043,sil,False
105,8136,8160,8181,8154,8157,8245,8157,8180,8159,8144,7952,8160,8159,8056,0.2593090534210205,sil,False
106,8159,8172,8197,8159,8151,8241,8155,8178,8196,8143,7953,8179,8165,8065,0.2663319110870361,sil,False
106,8159,8172,8197,8159,8151,8241,8155,8178,8196,8143,7953,8179,8165,8065,0.2673399448394775,sil,False
107,8160,8155,8191,8154,8164,8242,8167,8170,8110,8153,7964,8150,8163,8074,0.2742969989776611,sil,False
108,8165,8185,8193,8163,8151,8255,8161,8187,8215,8141,7947,8177,8165,8070,0.2814974784851074,sil,False
109,8148,8161,8169,8147,8168,8257,8178,8188,8152,8165,7952,8141,8155,8056,0.2904071807861328,sil,False
110,8150,8158,8172,8155,8171,8268,8170,8189,8161,8164,7954,8158,8167,8068,0.2979874610900879,sil,False
111,8137,8162,8180,8157,8146,8265,8150,8185,8185,8146,7938,8172,8169,8049,0.3060157299041748,sil,False
112,8139,8149,8173,8147,8157,8261,8152,8166,8078,8158,7949,8137,8158,8042,0.3140349388122558,sil,False
113,8150,8179,8187,8158,8166,8274,8141,8174,8188,8145,7958,8182,8171,8066,0.3220734596252441,sil,False
114,8135,8159,8170,8158,8185,8282,8164,8185,8147,8163,7962,8149,8165,8060,0.3299903869628906,sil,False
115,8157,8166,8176,8160,8186,8275,8169,8182,8139,8163,7951,8149,8161,8068,0.3369526863098144,sil,False
116,8144,8174,8188,8152,8162,8262,8148,8177,8195,8140,7951,8172,8165,8071,0.34499192237854,sil,False
117,8143,8158,8178,8163,8173,8277,8173,8184,8129,8170,7966,8138,8163,8079,0.3529901504516601,sil,False
118,8177,8191,8202,8187,8185,8290,8183,8196,8256,8174,7955,8184,8175,8104,0.3612205982208252,sil,False
119,8156,8167,8197,8164,8197,8273,8176,8188,8220,8183,7974,8162,8171,8103,0.3692216873168945,sil,False
120,8167,8176,8196,8164,8189,8275,8174,8191,8199,8197,7988,8162,8169,8113,0.3772358894348144,sil,False
121,8157,8187,8198,8167,8170,8275,8172,8191,8262,8180,7974,8187,8173,8103,0.3843288421630859,sil,False
121,8157,8187,8198,8167,8170,8275,8172,8191,8262,8180,7974,8187,8173,8103,0.3853342533111572,sil,False
122,8131,8149,8181,8158,8192,8265,8181,8184,8156,8185,7984,8136,8165,8086,0.3929860591888428,sil,False
123,8170,8182,8206,8174,8189,8269,8164,8191,8242,8172,7982,8172,8174,8100,0.3996062278747558,sil,False
124,8164,8168,8204,8159,8176,8267,8160,8185,8207,8175,7988,8163,8171,8091,0.4075319766998291,sil,False
125,8161,8161,8196,8163,8168,8262,8167,8184,8170,8192,7996,8160,8166,8091,0.4159872531890869,sil,False
126,8163,8179,8192,8167,8156,8250,8165,8189,8248,8179,7988,8182,8173,8087,0.423985481262207,sil,False
127,8144,8152,8175,8146,8174,8241,8176,8179,8139,8175,8001,8136,8165,8082,0.4319849014282226,sil,False
240,8162,8181,8204,8164,8166,8240,8164,8192,8225,8164,7998,8179,8166,8097,0.4399647712707519,sil,False
0,8160,8174,8201,8167,8169,8228,8168,8192,8215,8180,7994,8170,8158,8084,0.4479761123657226,sil,False
1,8161,8166,8194,8164,8185,8233,8177,8180,8147,8184,7998,8156,8161,8089,0.455979585647583,sil,False
2,8167,8194,8215,8171,8175,8238,8171,8194,8258,8159,7996,8200,8175,8103,0.4640159606933594,sil,False
3,8174,8172,8203,8169,8187,8235,8200,8203,8196,8185,8009,8160,8168,8106,0.4704184532165527,sil,False
3,8174,8172,8203,8169,8187,8235,8200,8203,8196,8185,8009,8160,8168,8106,0.4713637828826904,sil,False
4,8184,8182,8207,8175,8185,8245,8191,8202,8245,8174,8003,8183,8176,8112,0.4783720970153808,sil,False
4,8184,8182,8207,8175,8185,8245,8191,8202,8245,8174,8003,8183,8176,8112,0.4793639183044433,sil,False
5,8152,8174,8194,8163,8179,8246,8178,8199,8234,8161,7997,8177,8172,8099,0.4869494438171386,sil,False
6,8175,8173,8186,8175,8191,8244,8194,8201,8194,8185,8003,8156,8162,8114,0.4950559139251709,sil,False
7,8190,8189,8200,8181,8176,8234,8173,8195,8291,8174,7998,8191,8171,8117,0.5029857158660889,sil,False
8,8151,8161,8183,8158,8180,8223,8167,8182,8177,8180,8011,8156,8165,8099,0.5111074447631836,sil,False
9,8187,8194,8199,8181,8191,8226,8174,8192,8230,8180,8009,8188,8171,8126,0.5185840129852295,sil,False
10,8197,8189,8209,8186,8198,8222,8178,8189,8263,8178,8011,8190,8171,8136,0.5265724658966064,sil,False
11,8180,8168,8211,8180,8200,8226,8178,8184,8176,8185,8027,8161,8166,8134,0.5342211723327637,sil,False
12,8193,8203,8226,8191,8181,8228,8168,8203,8271,8166,8011,8197,8176,8135,0.5422093868255615,sil,False
13,8197,8177,8200,8176,8199,8218,8182,8195,8186,8176,8008,8157,8162,8125,0.5502078533172607,sil,False
14,8205,8182,8205,8179,8205,8224,8176,8186,8203,8167,8014,8183,8165,8140,0.558215856552124,sil,False
15,8177,8184,8212,8180,8197,8227,8172,8199,8245,8159,8016,8196,8170,8137,0.5659868717193604,sil,False
16,8190,8175,8204,8184,8213,8228,8196,8209,8185,8189,8018,8161,8162,8137,0.5741517543792725,sil,False
17,8224,8206,8214,8198,8204,8229,8191,8208,8299,8182,8002,8210,8167,8153,0.5819873809814453,sil,False
18,8185,8177,8200,8181,8206,8224,8186,8191,8212,8178,8014,8179,8162,8149,0.589611291885376,sil,False
19,8183,8184,8216,8187,8198,8223,8172,8198,8211,8166,8018,8179,8165,8152,0.5976095199584961,sil,False
20,8189,8191,8222,8195,8181,8210,8169,8199,8260,8155,8004,8193,8167,8140,0.6046116352081299,sil,False
21,8200,8172,8203,8196,8195,8210,8193,8189,8161,8176,8015,8167,8165,8145,0.612985372543335,sil,False
22,8210,8199,8223,8202,8193,8221,8179,8195,8259,8162,8018,8207,8175,8156,0.6208240985870361,sil,False
23,8162,8174,8214,8180,8204,8219,8178,8188,8211,8167,8025,8164,8163,8128,0.6283571720123291,sil,False
23,8162,8174,8214,8180,8204,8219,8178,8188,8211,8167,8025,8164,8163,8128,0.6293671131134033,sil,False
24,8176,8174,8207,8194,8207,8219,8186,8198,8215,8175,8013,8160,8164,8134,0.636366605758667,sil,False
25,8198,8183,8206,8204,8193,8211,8181,8209,8288,8167,7999,8189,8173,8145,0.644986629486084,sil,False
26,8176,8157,8197,8188,8207,8214,8184,8196,8184,8181,8021,8156,8164,8139,0.6529858112335205,sil,False
27,8167,8182,8209,8187,8190,8224,8159,8197,8255,8160,8010,8183,8166,8129,0.6614460945129395,sil,False
28,8165,8167,8193,8177,8185,8208,8159,8192,8207,8164,7996,8154,8159,8111,0.6679842472076416,sil,False
29,8189,8170,8195,8185,8201,8204,8162,8182,8186,8175,7999,8162,8160,8133,0.6759378910064697,sil,False
30,8151,8181,8199,8177,8192,8204,8145,8185,8245,8150,7998,8189,8167,8122,0.6839385032653809,sil,False
31,8134,8158,8178,8167,8202,8205,8174,8200,8155,8165,8007,8145,8159,8102,0.6919379234313965,sil,False
31,8134,8158,8178,8167,8202,8205,8174,8200,8155,8165,8007,8145,8159,8102,0.6923143863677979,sil,False
32,8196,8189,8197,8188,8206,8226,8198,8218,8278,8175,7999,8188,8171,8133,0.6993215084075928,sil,False
32,8196,8189,8197,8188,8206,8226,8198,8218,8278,8175,7999,8188,8171,8133,0.7003204822540283,sil,False
33,8168,8163,8183,8160,8198,8231,8190,8207,8246,8171,8004,8169,8170,8125,0.7073202133178711,sil,False
33,8168,8163,8183,8160,8198,8231,8190,8207,8246,8171,8004,8169,8170,8125,0.708280086517334,sil,False
34,8141,8152,8173,8152,8191,8228,8168,8199,8169,8167,8006,8150,8161,8110,0.7152912616729736,sil,False
34,8141,8152,8173,8152,8191,8228,8168,8199,8169,8167,8006,8150,8161,8110,0.7162904739379883,sil,False
35,8163,8182,8191,8173,8191,8217,8164,8200,8262,8166,7999,8191,8170,8122,0.723334789276123,sil,False
35,8163,8182,8191,8173,8191,8217,8164,8200,8262,8166,7999,8191,8170,8122,0.7242908477783203,sil,False
36,8160,8162,8184,8165,8212,8206,8179,8182,8177,8185,8020,8159,8173,8130,0.7317965030670166,sil,False
37,8160,8181,8201,8172,8199,8210,8148,8183,8231,8164,8019,8187,8180,8129,0.7387969493865967,sil,False
38,8149,8170,8196,8180,8201,8199,8140,8189,8214,8169,8019,8176,8167,8119,0.746795654296875,sil,False
39,8179,8168,8191,8202,8221,8197,8167,8192,8180,8197,8027,8161,8165,8143,0.7550644874572754,sil,False
40,8203,8189,8210,8212,8209,8201,8177,8202,8299,8187,8019,8200,8177,8150,0.7630636692047119,sil,False
41,8190,8161,8197,8194,8213,8203,8190,8195,8204,8193,8027,8162,8161,8134,0.7709860801696777,sil,False
42,8187,8179,8196,8198,8202,8208,8172,8187,8228,8167,8020,8183,8161,8134,0.778986930847168,sil,False
43,8141,8163,8182,8178,8195,8197,8160,8173,8201,8141,8008,8168,8162,8107,0.7873103618621826,sil,False
44,8138,8151,8181,8176,8209,8194,8172,8174,8132,8149,8016,8148,8160,8109,0.7943100929260254,sil,False
45,8172,8187,8203,8205,8204,8189,8161,8191,8251,8147,8023,8208,8173,8128,0.8019850254058838,sil,False
46,8165,8167,8190,8203,8219,8182,8169,8192,8174,8172,8031,8174,8170,8123,0.8099868297576904,sil,False
47,8174,8189,8196,8204,8215,8191,8171,8203,8218,8170,8007,8181,8175,8132,0.8179848194122314,sil,False
48,8161,8182,8179,8198,8204,8197,8175,8210,8256,8173,7996,8183,8171,8130,0.8260018825531006,sil,False
49,8173,8156,8165,8197,8213,8204,8192,8200,8191,8203,8009,8162,8164,8141,0.8335471153259277,sil,False
50,8178,8178,8184,8191,8192,8197,8172,8191,8266,8170,7989,8195,8171,8141,0.8419857025146484,sil,False
51,8128,8146,8155,8159,8188,8184,8153,8175,8140,8150,7984,8150,8157,8103,0.8499796390533447,sil,False
52,8146,8161,8157,8175,8190,8191,8144,8186,8163,8156,7991,8175,8158,8110,0.8579683303833008,sil,False
53,8164,8175,8175,8187,8189,8193,8156,8191,8229,8162,7999,8191,8163,8123,0.8649652004241943,sil,False
54,8150,8152,8159,8171,8193,8191,8166,8172,8123,8160,8000,8148,8156,8117,0.8729889392852783,sil,False
55,8144,8167,8151,8168,8177,8195,8139,8169,8195,8128,7978,8188,8161,8106,0.8809847831726074,sil,False
56,8130,8148,8135,8162,8185,8200,8152,8164,8135,8146,7986,8159,8159,8090,0.8884212970733643,sil,False
56,8130,8148,8135,8162,8185,8200,8152,8164,8135,8146,7986,8159,8159,8090,0.8894150257110596,sil,False
57,8148,8168,8150,8174,8179,8208,8162,8167,8152,8157,7996,8170,8164,8108,0.8974182605743408,sil,False
58,8130,8170,8148,8168,8160,8204,8144,8172,8205,8148,7997,8190,8163,8105,0.9046614170074464,sil,False
59,8128,8142,8125,8164,8180,8205,8155,8170,8115,8168,8003,8150,8157,8096,0.9129855632781982,yes,True
60,8161,8171,8150,8179,8174,8206,8154,8174,8210,8147,7996,8190,8167,8112,0.9209268093109132,yes,True
61,8127,8151,8143,8165,8172,8186,8151,8164,8148,8144,8015,8170,8160,8107,0.926948308944702,yes,True
62,8128,8160,8134,8177,8167,8184,8142,8167,8136,8155,8008,8167,8161,8104,0.9354674816131592,yes,True
63,8141,8179,8134,8174,8144,8186,8135,8169,8192,8142,7978,8185,8165,8085,0.9439852237701416,yes,True
64,8129,8152,8127,8157,8161,8193,8155,8164,8083,8149,8002,8158,8162,8081,0.9519860744476318,yes,True
65,8130,8170,8146,8178,8164,8202,8147,8175,8178,8142,8011,8196,8174,8089,0.9599850177764891,yes,True
66,8107,8145,8122,8163,8149,8181,8145,8164,8117,8145,7989,8158,8154,8056,0.968125820159912,yes,True
67,8121,8145,8116,8152,8147,8176,8146,8156,8065,8148,7983,8160,8151,8066,0.9761276245117188,yes,True
68,8128,8168,8144,8169,8153,8188,8141,8171,8175,8145,7995,8205,8171,8085,0.9839849472045898,yes,True
69,8127,8147,8134,8172,8162,8181,8153,8166,8095,8162,8006,8151,8160,8072,0.99098539352417,yes,True
70,8148,8169,8137,8173,8136,8165,8139,8152,8136,8132,7985,8171,8162,8066,0.9989850521087646,yes,True
71,8106,8147,8125,8154,8134,8158,8134,8145,8089,8121,7994,8169,8167,8057,1.006948709487915,yes,True
72,8110,8151,8128,8167,8145,8169,8145,8167,8078,8144,8013,8170,8166,8071,1.0149855613708496,yes,True
73,8145,8183,8146,8180,8129,8167,8147,8179,8199,8149,8007,8197,8171,8077,1.0229597091674805,yes,True
74,8141,8160,8142,8168,8146,8167,8166,8165,8113,8172,8033,8159,8167,8084,1.0314607620239258,yes,True
75,8159,8190,8163,8189,8150,8174,8159,8178,8199,8170,8044,8205,8173,8111,1.0389854907989502,yes,True
76,8151,8178,8146,8182,8144,8158,8156,8180,8191,8174,8026,8190,8161,8085,1.0469491481781006,yes,True
77,8143,8158,8128,8165,8151,8158,8155,8159,8093,8164,8016,8155,8153,8065,1.0549638271331787,yes,True
78,8137,8176,8147,8174,8143,8164,8140,8165,8183,8132,8018,8194,8168,8075,1.0619637966156006,yes,True
79,8138,8156,8138,8179,8156,8160,8163,8174,8130,8169,8037,8158,8164,8080,1.0699846744537354,yes,True
80,8160,8182,8143,8186,8154,8173,8164,8177,8201,8181,8033,8182,8167,8089,1.077338457107544,yes,True
81,8130,8170,8145,8168,8146,8190,8159,8175,8204,8170,8034,8180,8168,8071,1.0853464603424072,yes,True
82,8139,8150,8159,8169,8151,8198,8176,8179,8127,8175,8028,8155,8161,8075,1.0939862728118896,yes,True
83,8157,8177,8181,8175,8142,8193,8166,8177,8213,8149,8001,8196,8162,8089,1.1019856929779053,yes,True
84,8122,8152,8159,8157,8157,8194,8170,8166,8134,8162,8026,8168,8165,8086,1.1100029945373535,yes,True
85,8140,8167,8166,8175,8156,8212,8169,8186,8199,8173,8037,8191,8178,8097,1.1180119514465332,yes,True
86,8146,8163,8157,8171,8148,8203,8159,8181,8206,8157,8008,8184,8160,8084,1.125010967254639,yes,True
87,8138,8141,8141,8154,8160,8199,8156,8150,8073,8149,7996,8149,8144,8083,1.1325173377990725,yes,True
88,8131,8167,8158,8153,8143,8207,8138,8154,8158,8122,7990,8194,8161,8080,1.140709400177002,yes,True
89,8096,8140,8125,8136,8144,8198,8144,8155,8054,8112,7978,8148,8150,8041,1.1489858627319336,yes,True
90,8113,8148,8114,8144,8148,8205,8144,8154,8037,8099,7954,8154,8147,8047,1.157012939453125,yes,True
91,8111,8157,8130,8144,8148,8211,8142,8162,8115,8107,7972,8186,8166,8067,1.1650104522705078,yes,True
92,8117,8151,8135,8152,8173,8209,8161,8173,8077,8148,8011,8164,8171,8084,1.1729862689971924,yes,True
93,8149,8180,8154,8176,8168,8214,8157,8179,8179,8143,8001,8200,8171,8099,1.1809861660003662,yes,True
94,8121,8154,8131,8155,8174,8215,8170,8168,8107,8151,8001,8162,8162,8088,1.1879851818084717,yes,True
95,8111,8162,8127,8150,8172,8217,8163,8170,8110,8148,8010,8172,8169,8087,1.196272850036621,yes,True
96,8105,8170,8144,8155,8151,8204,8145,8175,8171,8136,8012,8201,8170,8081,1.2032768726348877,yes,True
96,8105,8170,8144,8155,8151,8204,8145,8175,8171,8136,8012,8201,8170,8081,1.204270601272583,yes,True
97,8124,8153,8153,8164,8160,8207,8169,8184,8100,8172,8028,8169,8161,8101,1.2119855880737305,yes,True
98,8160,8184,8172,8174,8152,8218,8178,8196,8212,8164,8010,8210,8170,8124,1.2199864387512207,yes,True
99,8123,8153,8152,8141,8148,8210,8175,8178,8144,8151,8008,8182,8163,8097,1.2269508838653564,yes,True
99,8123,8153,8152,8141,8148,8210,8175,8178,8144,8151,8008,8182,8163,8097,1.2284700870513916,yes,True
100,8120,8154,8151,8149,8149,8218,8160,8173,8112,8149,8018,8173,8165,8091,1.2355871200561523,yes,True
101,8132,8173,8151,8164,8141,8220,8158,8173,8169,8139,7999,8188,8166,8083,1.2435870170593262,yes,True
102,8126,8144,8130,8148,8160,8214,8179,8161,8057,8158,8004,8155,8153,8081,1.2509853839874268,yes,True
103,8132,8166,8151,8158,8156,8218,8160,8173,8155,8143,8007,8199,8165,8098,1.2591679096221924,yes,True
104,8111,8148,8138,8149,8152,8219,8160,8173,8124,8142,8004,8171,8160,8085,1.266944408416748,yes,True
105,8126,8150,8137,8143,8152,8221,8174,8163,8089,8154,8012,8170,8164,8097,1.275141716003418,yes,True
106,8132,8178,8161,8149,8140,8215,8158,8167,8202,8150,8024,8213,8180,8106,1.2833659648895264,yes,True
107,8135,8162,8150,8155,8165,8217,8169,8173,8137,8172,8031,8171,8169,8102,1.2913668155670166,yes,True
108,8167,8181,8162,8170,8165,8221,8170,8185,8214,8167,8013,8206,8167,8128,1.2989847660064695,yes,True
109,8137,8159,8153,8153,8154,8216,8162,8180,8186,8172,8026,8195,8166,8127,1.306947946548462,yes,True
110,8138,8158,8148,8161,8162,8222,8163,8174,8138,8185,8036,8171,8167,8126,1.3146610260009766,yes,True
110,8138,8158,8148,8161,8162,8222,8163,8174,8138,8185,8036,8171,8167,8126,1.3156821727752686,yes,True
111,8155,8182,8164,8176,8159,8220,8160,8172,8224,8167,8018,8202,8170,8123,1.321671962738037,yes,True
112,8141,8157,8159,8164,8170,8226,8168,8171,8124,8175,8033,8174,8162,8116,1.329676866531372,yes,True
113,8169,8184,8172,8173,8161,8241,8169,8194,8190,8165,8029,8205,8170,8130,1.3376729488372805,yes,True
114,8153,8167,8148,8151,8161,8226,8177,8184,8169,8154,8013,8184,8161,8117,1.3459854125976562,yes,True
115,8122,8142,8122,8136,8164,8214,8162,8156,8063,8136,7999,8159,8145,8096,1.3540067672729492,yes,True
116,8129,8168,8131,8150,8141,8218,8132,8167,8133,8107,7973,8197,8156,8082,1.3620052337646484,yes,True
117,8137,8152,8117,8140,8156,8218,8162,8174,8057,8144,7991,8156,8160,8089,1.3702771663665771,yes,True
118,8144,8167,8122,8136,8157,8231,8169,8178,8140,8156,8001,8182,8168,8114,1.3779850006103516,yes,True
119,8127,8159,8117,8131,8146,8244,8170,8186,8176,8154,7993,8187,8163,8102,1.3849985599517822,yes,True
120,8156,8156,8121,8148,8163,8255,8197,8188,8110,8174,8007,8166,8159,8120,1.3926644325256348,yes,True
121,8163,8179,8143,8156,8155,8257,8186,8185,8217,8167,8020,8211,8172,8146,1.4006638526916504,yes,True
122,8124,8141,8119,8131,8151,8242,8179,8181,8129,8178,8024,8165,8165,8120,1.4089851379394531,yes,True
123,8160,8167,8131,8150,8156,8237,8178,8192,8157,8172,8011,8187,8168,8128,1.4173972606658936,yes,True
124,8158,8176,8146,8162,8174,8237,8183,8194,8198,8165,8016,8207,8167,8134,1.4254016876220703,yes,True
125,8147,8158,8132,8161,8180,8238,8188,8186,8116,8182,8022,8164,8157,8124,1.4335784912109375,yes,True
126,8176,8192,8142,8161,8146,8227,8169,8186,8207,8170,7997,8195,8170,8129,1.4405834674835205,yes,True
127,8159,8166,8139,8142,8158,8217,8177,8177,8133,8178,8007,8174,8164,8134,1.4489870071411133,sil,False
240,8169,8173,8156,8165,8173,8232,8184,8186,8160,8178,8015,8190,8163,8152,1.4559853076934814,sil,False
0,8169,8179,8153,8169,8162,8225,8182,8189,8195,8160,8005,8192,8165,8140,1.464137077331543,sil,False
1,8145,8155,8129,8151,8171,8217,8182,8170,8081,8172,8008,8153,8158,8120,1.471984624862671,sil,False
2,8141,8175,8139,8159,8163,8221,8156,8172,8175,8166,7996,8195,8167,8115,1.4799888134002686,sil,False
3,8132,8149,8130,8147,8170,8215,8169,8170,8115,8172,7999,8163,8161,8111,1.4880554676055908,sil,False
4,8154,8160,8144,8151,8178,8221,8191,8178,8121,8163,7999,8169,8160,8133,1.4960551261901855,sil,False
5,8148,8174,8144,8147,8165,8213,8195,8185,8187,8150,7982,8186,8163,8125,1.50398588180542,sil,False
6,8146,8148,8124,8138,8166,8200,8205,8175,8079,8173,7990,8145,8160,8127,1.5108354091644287,sil,False
7,8170,8175,8161,8163,8159,8206,8178,8179,8172,8160,7998,8196,8171,8153,1.5188686847686768,sil,False
8,8157,8168,8170,8166,8173,8204,8174,8177,8146,8167,8010,8179,8161,8147,1.5268640518188477,sil,False
9,8180,8172,8158,8163,8180,8205,8180,8173,8131,8174,8008,8176,8161,8158,1.5349867343902588,sil,False
10,8163,8171,8145,8152,8161,8205,8163,8170,8192,8157,8005,8199,8170,8152,1.5432078838348389,sil,False
11,8138,8145,8132,8148,8168,8209,8171,8173,8097,8178,8020,8157,8163,8138,1.5512723922729492,sil,False
12,8181,8178,8165,8168,8163,8219,8182,8192,8197,8179,8010,8200,8171,8165,1.559272527694702,sil,False
13,8159,8157,8153,8150,8162,8212,8186,8186,8170,8177,8011,8184,8165,8162,1.5672845840454102,sil,False
14,8147,8159,8132,8154,8165,8213,8174,8182,8126,8177,8005,8170,8157,8148,1.574986457824707,sil,False
15,8162,8186,8138,8162,8156,8213,8167,8188,8199,8169,7987,8199,8162,8142,1.5830090045928955,sil,False
16,8146,8152,8131,8145,8176,8211,8180,8170,8083,8183,8003,8154,8161,8138,1.590008020401001,sil,False
17,8140,8174,8148,8164,8172,8220,8163,8170,8157,8165,7997,8186,8170,8139,1.5979852676391602,sil,False
18,8141,8173,8142,8168,8171,8220,8171,8178,8166,8173,7993,8179,8163,8131,1.6070451736450195,sil,False
19,8172,8165,8142,8165,8178,8218,8189,8172,8115,8187,8001,8166,8161,8157,1.613389492034912,sil,False
20,8149,8175,8158,8163,8152,8203,8159,8164,8179,8152,7988,8200,8171,8159,1.621396780014038,sil,False
20,8149,8175,8158,8163,8152,8203,8159,8164,8179,8152,7988,8200,8171,8159,1.6223962306976318,sil,False
21,8115,8144,8141,8158,8159,8191,8157,8167,8086,8162,7989,8162,8162,8136,1.6299855709075928,sil,False
22,8169,8173,8164,8183,8165,8202,8170,8185,8188,8175,7991,8199,8171,8158,1.6379845142364502,sil,False
23,8174,8177,8176,8176,8175,8209,8182,8183,8214,8179,8007,8198,8173,8167,1.6460058689117432,sil,False
24,8172,8180,8184,8179,8204,8225,8191,8193,8172,8200,8030,8176,8166,8170,1.653005838394165,sil,False
25,8195,8205,8198,8197,8196,8230,8184,8213,8296,8199,8019,8210,8170,8174,1.660985231399536,sil,False
26,8190,8169,8179,8181,8188,8225,8202,8196,8199,8206,8021,8175,8166,8177,1.6687309741973877,sil,False
26,8190,8169,8179,8181,8188,8225,8202,8196,8199,8206,8021,8175,8166,8177,1.669731855392456,sil,False
27,8190,8184,8181,8182,8177,8229,8196,8193,8226,8185,8018,8203,8173,8191,1.6769795417785645,sil,False
28,8170,8181,8170,8176,8173,8211,8191,8201,8235,8175,8010,8190,8165,8167,1.6849830150604248,sil,False
29,8177,8160,8161,8169,8175,8203,8205,8191,8148,8188,8011,8158,8156,8162,1.692986011505127,sil,False
30,8168,8175,8166,8160,8146,8211,8178,8180,8231,8159,8006,8210,8168,8169,1.7009859085083008,sil,False
31,8125,8149,8137,8136,8148,8202,8171,8165,8139,8163,8015,8175,8163,8142,1.7089848518371582,sil,False
32,8158,8172,8148,8150,8152,8199,8182,8166,8165,8163,7995,8178,8162,8145,1.7155799865722656,sil,False
33,8151,8175,8150,8152,8143,8203,8185,8167,8185,8146,7979,8179,8158,8135,1.7235772609710691,sil,False
33,8151,8175,8150,8152,8143,8203,8185,8167,8185,8146,7979,8179,8158,8135,1.7245721817016602,sil,False
34,8137,8159,8135,8155,8146,8212,8186,8174,8093,8161,8000,8152,8156,8123,1.731980562210083,sil,False
35,8174,8189,8163,8171,8130,8204,8176,8189,8209,8162,8002,8201,8172,8141,1.7396361827850342,sil,False
36,8162,8160,8157,8153,8133,8184,8180,8171,8146,8170,8011,8171,8161,8140,1.7476651668548584,sil,False
37,8167,8169,8160,8167,8133,8193,8168,8166,8158,8162,8010,8181,8163,8144,1.755986213684082,sil,False
38,8168,8179,8161,8175,8133,8197,8164,8168,8216,8157,8002,8197,8164,8133,1.7657034397125244,sil,False
39,8150,8152,8144,8160,8147,8189,8179,8159,8114,8174,8012,8161,8150,8121,1.771697998046875,sil,False
40,8149,8177,8158,8166,8120,8187,8164,8170,8198,8160,8008,8195,8161,8118,1.7786993980407717,sil,False
41,8146,8161,8149,8155,8117,8187,8173,8172,8152,8178,8014,8163,8165,8116,1.7866981029510498,sil,False
42,8166,8169,8160,8165,8132,8197,8180,8177,8168,8194,8023,8174,8170,8146,1.7946994304656982,sil,False
42,8166,8169,8160,8165,8132,8197,8180,8177,8168,8194,8023,8174,8170,8146,1.795330047607422,sil,False
43,8159,8187,8176,8177,8130,8192,8170,8192,8251,8185,8026,8204,8169,8144,1.802335500717163,sil,False
43,8159,8187,8176,8177,8130,8192,8170,8192,8251,8185,8026,8204,8169,8144,1.803340196609497,sil,False
44,8163,8171,8165,8174,8146,8187,8189,8191,8162,8200,8036,8166,8160,8139,1.81038236618042,sil,False
44,8163,8171,8165,8174,8146,8187,8189,8191,8162,8200,8036,8166,8160,8139,1.8113369941711424,sil,False
45,8172,8187,8171,8179,8135,8186,8180,8180,8234,8175,8025,8196,8170,8145,1.8183417320251465,sil,False
45,8172,8187,8171,8179,8135,8186,8180,8180,8234,8175,8025,8196,8170,8145,1.819340705871582,sil,False
46,8134,8158,8153,8165,8126,8172,8168,8168,8164,8165,8020,8161,8163,8115,1.8263819217681885,sil,False
46,8134,8158,8153,8165,8126,8172,8168,8168,8164,8165,8020,8161,8163,8115,1.8273403644561768,sil,False
47,8154,8165,8153,8180,8128,8169,8166,8170,8134,8174,8017,8161,8158,8122,1.8348467350006104,sil,False
48,8149,8178,8154,8172,8122,8168,8165,8164,8196,8157,8012,8195,8160,8132,1.8428480625152588,sil,False
49,8109,8144,8136,8143,8134,8164,8184,8164,8084,8162,8027,8148,8151,8121,1.8499796390533447,sil,False
50,8130,8171,8159,8164,8117,8157,8157,8184,8167,8143,8014,8186,8161,8122,1.8579907417297363,sil,False
51,8128,8161,8155,8169,8112,8144,8137,8161,8126,8139,8005,8174,8155,8103,1.866034746170044,sil,False
52,8148,8163,8152,8171,8128,8160,8154,8146,8084,8163,8011,8160,8151,8110,1.8740339279174805,sil,False
53,8166,8189,8169,8176,8139,8177,8171,8175,8216,8181,8015,8199,8170,8123,1.8819859027862549,sil,False
54,8160,8168,8162,8181,8166,8174,8191,8183,8165,8213,8041,8170,8168,8126,1.889985084533692,sil,False
55,8175,8189,8177,8190,8152,8170,8171,8175,8225,8194,8034,8198,8165,8139,1.8980636596679688,sil,False
56,8138,8166,8165,8155,8137,8157,8155,8163,8179,8176,8026,8178,8161,8125,1.9058315753936768,sil,False
57,8124,8155,8153,8152,8151,8158,8162,8167,8120,8183,8046,8165,8167,8128,1.9128868579864504,sil,False
58,8135,8182,8164,8173,8138,8156,8160,8178,8226,8170,8039,8206,8171,8135,1.9208958148956297,sil,False
59,8129,8151,8143,8155,8136,8134,8163,8163,8118,8183,8023,8162,8151,8131,1.9278976917266848,sil,False
59,8129,8151,8143,8155,8136,8134,8163,8163,8118,8183,8023,8162,8151,8131,1.929404735565185,sil,False
60,8138,8163,8151,8157,8129,8127,8140,8157,8148,8162,8014,8191,8163,8149,1.93695068359375,sil,False
61,8119,8153,8154,8156,8124,8126,8133,8158,8155,8144,8031,8189,8167,8142,1.9449858665466309,sil,False
62,8148,8148,8154,8158,8127,8133,8146,8160,8098,8158,8036,8166,8159,8146,1.9529623985290527,sil,False
62,8148,8148,8154,8158,8127,8133,8146,8160,8098,8158,8036,8166,8159,8146,1.953959465026856,sil,False
63,8180,8186,8179,8166,8121,8137,8141,8173,8209,8155,8025,8217,8171,8166,1.9606342315673828,sil,False
64,8164,8170,8183,8172,8147,8137,8160,8180,8152,8180,8056,8184,8170,8167,1.968644380569458,sil,False
64,8164,8170,8183,8172,8147,8137,8160,8180,8152,8180,8056,8184,8170,8167,1.969637155532837,sil,False
65,8199,8191,8205,8197,8151,8144,8168,8188,8212,8177,8056,8194,8171,8177,1.975985765457153,sil,False
66,8184,8183,8199,8180,8147,8134,8166,8176,8214,8159,8042,8193,8159,8160,1.9839847087860107,sil,False
67,8152,8158,8180,8170,8158,8126,8164,8163,8109,8165,8050,8171,8150,8149,1.9919853210449217,sil,False
68,8179,8187,8202,8193,8141,8120,8147,8170,8211,8158,8037,8212,8167,8158,1.9995365142822263,sil,False
68,8179,8187,8202,8193,8141,8120,8147,8170,8211,8158,8037,8212,8167,8158,2.000548839569092,sil,False
69,8186,8171,8194,8185,8155,8111,8170,8164,8151,8180,8050,8174,8165,8159,2.0075528621673584,sil,False
70,8182,8176,8191,8189,8159,8113,8171,8170,8179,8173,8056,8190,8164,8167,2.0159852504730225,sil,False
70,8182,8176,8191,8189,8159,8113,8171,8170,8179,8173,8056,8190,8164,8167,2.01650071144104,sil,False
71,8154,8165,8172,8184,8137,8108,8154,8172,8197,8156,8039,8196,8159,8149,2.0239853858947754,sil,False
72,8148,8146,8155,8177,8145,8114,8169,8163,8098,8174,8044,8156,8154,8144,2.0315046310424805,sil,False
72,8148,8146,8155,8177,8145,8114,8169,8163,8098,8174,8044,8156,8154,8144,2.0324931144714355,sil,False
73,8155,8172,8181,8189,8142,8113,8164,8171,8212,8169,8044,8196,8169,8151,2.039565086364746,sil,False
74,8144,8148,8167,8181,8147,8092,8177,8173,8159,8184,8050,8167,8163,8146,2.0465657711029053,sil,False
75,8159,8166,8165,8185,8146,8094,8178,8171,8167,8178,8049,8180,8163,8166,2.054985761642456,sil,False
76,8130,8172,8164,8180,8128,8084,8154,8163,8203,8149,8043,8194,8162,8147,2.06260347366333,sil,False
77,8134,8141,8151,8174,8136,8066,8163,8156,8089,8164,8045,8153,8156,8134,2.070603132247925,sil,False
78,8171,8174,8174,8182,8137,8066,8168,8164,8190,8157,8041,8197,8170,8159,2.0785186290740967,sil,False
79,8138,8162,8168,8169,8151,8064,8165,8159,8148,8155,8059,8173,8164,8152,2.086949110031128,sil,False
80,8165,8176,8178,8191,8160,8064,8161,8166,8150,8157,8057,8176,8165,8163,2.094622611999512,sil,False
81,8183,8188,8190,8198,8149,8058,8169,8172,8226,8155,8042,8203,8170,8167,2.1029744148254395,sil,False
82,8151,8156,8179,8182,8165,8058,8191,8169,8136,8178,8069,8166,8163,8165,2.1099674701690674,sil,False
83,8174,8191,8203,8204,8166,8062,8177,8184,8243,8176,8074,8199,8174,8179,2.117987155914306,sil,False
84,8181,8184,8191,8199,8171,8060,8172,8172,8201,8180,8059,8168,8162,8161,2.1262316703796387,sil,False
85,8166,8173,8169,8185,8168,8070,8163,8148,8128,8161,8042,8156,8148,8147,2.1337687969207764,sil,False
86,8135,8172,8155,8174,8146,8065,8140,8147,8168,8121,8032,8185,8153,8132,2.141763925552368,sil,False
87,8130,8148,8137,8167,8154,8061,8150,8146,8064,8140,8038,8145,8155,8126,2.1497604846954346,sil,False
88,8153,8177,8155,8186,8157,8081,8147,8146,8143,8134,8022,8177,8164,8135,2.157763719558716,sil,False
89,8116,8156,8148,8180,8170,8087,8155,8149,8125,8134,8037,8169,8157,8126,2.165761709213257,sil,False
90,8135,8152,8158,8190,8177,8087,8167,8164,8108,8158,8059,8170,8163,8150,2.17399001121521,sil,False
91,8174,8179,8182,8193,8160,8082,8151,8163,8214,8151,8049,8199,8174,8165,2.1809871196746826,sil,False
92,8145,8153,8160,8174,8170,8073,8150,8145,8099,8153,8061,8148,8161,8146,2.1888394355773926,sil,False
93,8144,8171,8164,8192,8160,8065,8141,8156,8141,8134,8052,8183,8164,8143,2.196944236755371,sil,False
94,8152,8166,8165,8188,8160,8059,8150,8155,8145,8141,8043,8184,8166,8145,2.2049808502197266,sil,False
95,8168,8162,8172,8182,8182,8082,8171,8157,8119,8169,8069,8169,8165,8167,2.213000774383545,sil,False
96,8169,8187,8191,8197,8174,8094,8166,8175,8232,8161,8081,8207,8172,8173,2.22100567817688,sil,False
97,8167,8164,8177,8198,8183,8084,8168,8161,8140,8175,8084,8167,8169,8166,2.228988647460937,sil,False
98,8203,8185,8188,8207,8179,8092,8157,8152,8182,8172,8068,8191,8177,8185,2.2356739044189453,sil,False
99,8168,8172,8173,8185,8166,8097,8160,8154,8173,8154,8053,8177,8164,8168,2.24367356300354,sil,False
100,8129,8149,8146,8168,8172,8095,8164,8148,8066,8138,8032,8144,8147,8140,2.2516770362854004,sil,False
101,8135,8175,8162,8178,8164,8096,8154,8156,8157,8123,8015,8190,8162,8135,2.259985446929932,sil,False
102,8137,8156,8155,8177,8180,8101,8185,8158,8102,8157,8050,8155,8166,8147,2.2675328254699707,sil,False
102,8137,8156,8155,8177,8180,8101,8185,8158,8102,8157,8050,8155,8166,8147,2.268531560897827,sil,False
103,8160,8174,8168,8188,8188,8105,8183,8162,8156,8156,8066,8181,8171,8174,2.2759859561920166,sil,False
104,8156,8176,8174,8184,8186,8090,8170,8167,8188,8150,8059,8197,8168,8164,2.284290313720703,sil,False
105,8173,8164,8162,8187,8195,8091,8190,8164,8111,8173,8068,8164,8162,8168,2.292290687561035,sil,False
106,8176,8190,8171,8194,8180,8101,8179,8161,8202,8150,8069,8203,8173,8179,2.3003039360046387,sil,False
107,8141,8162,8163,8185,8194,8099,8179,8160,8123,8154,8079,8174,8166,8155,2.308316469192505,sil,False
108,8183,8179,8187,8207,8198,8104,8184,8174,8163,8170,8079,8188,8167,8172,2.3147101402282715,sil,False
109,8175,8182,8191,8195,8182,8104,8174,8168,8221,8172,8080,8197,8168,8185,2.322721481323242,sil,False
110,8138,8155,8172,8178,8199,8118,8178,8163,8142,8195,8096,8163,8164,8177,2.330561876296997,sil,False
111,8164,8182,8188,8205,8201,8134,8179,8180,8260,8191,8082,8198,8173,8178,2.3385610580444336,sil,False
111,8164,8182,8188,8205,8201,8134,8179,8180,8260,8191,8082,8198,8173,8178,2.3395557403564453,sil,False
112,8150,8154,8167,8187,8196,8127,8183,8169,8183,8184,8075,8158,8161,8163,2.3469483852386475,sil,False
113,8147,8160,8166,8175,8184,8131,8178,8168,8166,8166,8070,8166,8160,8165,2.354985237121582,sil,False
114,8158,8182,8174,8184,8181,8135,8192,8180,8243,8168,8058,8188,8163,8162,2.3629846572875977,sil,False
115,8158,8160,8154,8174,8197,8133,8213,8166,8149,8184,8060,8148,8152,8154,2.369984865188598,sil,False
116,8144,8172,8156,8164,8173,8140,8183,8168,8217,8149,8050,8191,8163,8152,2.377972364425659,sil,False
117,8129,8153,8149,8163,8178,8151,8192,8180,8178,8164,8060,8168,8166,8149,2.3859851360321045,sil,False
118,8169,8165,8166,8189,8201,8166,8210,8178,8186,8187,8064,8167,8164,8177,2.394007682800293,sil,False
119,8148,8171,8173,8181,8185,8163,8185,8164,8243,8161,8045,8191,8159,8163,2.4020071029663086,sil,False
120,8127,8147,8150,8161,8186,8162,8186,8159,8127,8161,8046,8152,8152,8141,2.409985065460205,sil,False
121,8169,8184,8169,8177,8185,8169,8180,8165,8212,8139,8044,8189,8169,8169,2.418506383895874,sil,False
122,8149,8164,8171,8170,8187,8160,8177,8154,8175,8137,8059,8170,8166,8173,2.4257259368896484,sil,False
123,8161,8164,8177,8180,8188,8168,8191,8168,8158,8170,8072,8169,8168,8187,2.433685302734375,sil,False
124,8175,8183,8184,8175,8177,8176,8197,8184,8255,8174,8069,8201,8177,8190,2.4406850337982178,sil,False
125,8143,8152,8163,8156,8186,8170,8206,8174,8149,8181,8080,8151,8162,8174,2.4489870071411133,sil,False
126,8163,8176,8177,8175,8178,8177,8197,8184,8224,8173,8067,8181,8167,8177,2.456950426101685,sil,False
127,8159,8160,8167,8159,8175,8178,8197,8177,8201,8174,8063,8173,8164,8164,2.464739322662353,sil,False
240,8143,8149,8159,8148,8168,8174,8191,8162,8133,8165,8068,8160,8159,8160,2.472742319107056,sil,False
0,8135,8169,8161,8155,8140,8161,8172,8162,8209,8142,8046,8187,8165,8146,2.4809865951538086,sil,False
1,8130,8142,8136,8133,8147,8155,8190,8152,8092,8160,8051,8141,8157,8135,2.488980770111084,sil,False
2,8147,8164,8155,8139,8147,8166,8186,8159,8136,8145,8065,8177,8166,8153,2.4969496726989746,sil,False
3,8132,8161,8152,8142,8142,8153,8178,8163,8138,8140,8067,8173,8163,8142,2.5039854049682617,sil,False
4,8143,8153,8135,8145,8146,8137,8176,8156,8067,8159,8055,8150,8156,8140,2.511985540390014,sil,False
5,8152,8177,8153,8155,8135,8137,8157,8159,8158,8151,8051,8196,8167,8144,2.519592523574829,sil,False
6,8139,8153,8151,8152,8147,8145,8172,8152,8084,8166,8072,8157,8158,8137,2.527589797973633,sil,False
7,8158,8168,8160,8151,8144,8145,8175,8150,8124,8153,8061,8172,8158,8145,2.535655975341797,sil,False
8,8130,8162,8152,8135,8146,8131,8176,8156,8133,8152,8066,8174,8165,8132,2.5439724922180176,sil,False
9,8130,8151,8151,8152,8165,8140,8193,8171,8098,8198,8096,8160,8169,8138,2.551973581314087,sil,False
10,8154,8175,8173,8170,8146,8149,8184,8182,8232,8194,8089,8201,8172,8160,2.5599782466888428,sil,False
11,8123,8149,8154,8140,8144,8136,8181,8172,8147,8186,8093,8158,8161,8157,2.5668532848358154,sil,False
12,8135,8173,8156,8148,8147,8140,8177,8178,8174,8187,8087,8171,8169,8160,2.574859142303467,sil,False
13,8136,8176,8145,8144,8134,8136,8180,8171,8184,8179,8064,8167,8164,8139,2.582958459854126,sil,False
14,8117,8147,8126,8127,8141,8124,8184,8153,8056,8164,8060,8129,8149,8125,2.591209888458252,sil,False
15,8119,8172,8145,8144,8139,8125,8164,8159,8137,8133,8042,8175,8157,8126,2.599209785461426,sil,False
16,8119,8150,8133,8141,8145,8122,8174,8147,8066,8149,8033,8144,8153,8115,2.6072468757629395,sil,False
17,8140,8157,8133,8133,8139,8118,8169,8140,8077,8148,8030,8156,8160,8129,2.6149795055389404,sil,False
18,8111,8161,8134,8117,8127,8106,8146,8147,8114,8121,8030,8170,8159,8122,2.6232025623321533,sil,False
19,8114,8151,8142,8138,8142,8110,8161,8157,8046,8136,8049,8143,8151,8119,2.629726886749268,sil,False
20,8179,8194,8181,8180,8147,8129,8182,8176,8205,8152,8058,8199,8170,8149,2.638387441635132,sil,False
21,8171,8178,8174,8165,8172,8131,8202,8173,8173,8173,8081,8176,8169,8150,2.646947860717773,sil,False
22,8151,8177,8174,8163,8178,8131,8188,8167,8145,8157,8083,8169,8161,8137,2.653754949569702,sil,False
23,8142,8182,8173,8170,8156,8131,8181,8174,8194,8145,8066,8183,8164,8119,2.6619222164154053,sil,False
24,8152,8164,8156,8162,8178,8149,8211,8183,8123,8186,8074,8146,8164,8135,2.6699252128601074,sil,False
24,8152,8164,8156,8162,8178,8149,8211,8183,8123,8186,8074,8146,8164,8135,2.6709232330322266,sil,False
25,8158,8192,8174,8169,8182,8160,8190,8187,8228,8173,8073,8182,8171,8158,2.677985191345215,sil,False
26,8127,8169,8162,8163,8181,8135,8179,8176,8177,8172,8080,8157,8164,8136,2.685741186141968,sil,False
27,8162,8169,8158,8165,8182,8129,8199,8184,8152,8187,8076,8154,8164,8150,2.692744493484497,sil,False
28,8154,8181,8160,8149,8172,8126,8194,8186,8218,8164,8063,8178,8167,8152,2.700744152069092,sil,False
29,8116,8155,8143,8139,8184,8117,8194,8168,8112,8169,8071,8139,8157,8129,2.7089853286743164,sil,False
30,8158,8185,8163,8166,8175,8119,8185,8174,8192,8163,8054,8177,8167,8138,2.716949224472046,sil,False
30,8158,8185,8163,8166,8175,8119,8185,8174,8192,8163,8054,8177,8167,8138,2.7177650928497314,sil,False
31,8154,8164,8162,8154,8173,8126,8187,8171,8151,8156,8051,8161,8165,8137,2.72498106956482,sil,False
32,8155,8161,8168,8158,8179,8140,8191,8164,8109,8155,8061,8155,8164,8145,2.732611179351806,sil,False
32,8155,8161,8168,8158,8179,8140,8191,8164,8109,8155,8061,8155,8164,8145,2.733607292175293,sil,False
33,8173,8189,8182,8175,8170,8131,8182,8168,8192,8140,8050,8187,8166,8144,2.7406210899353027,sil,False
33,8173,8189,8182,8175,8170,8131,8182,8168,8192,8140,8050,8187,8166,8144,2.7416133880615234,sil,False
34,8164,8165,8173,8162,8180,8113,8180,8158,8076,8147,8059,8147,8155,8135,2.748617172241211,sil,False
35,8169,8184,8195,8168,8164,8111,8158,8155,8125,8125,8056,8179,8164,8139,2.755986452102661,sil,False
36,8161,8166,8183,8160,8158,8106,8159,8151,8102,8119,8048,8159,8157,8117,2.76397967338562,sil,False
37,8159,8153,8161,8154,8173,8124,8167,8149,8047,8135,8049,8141,8153,8116,2.7716009616851807,sil,False
38,8136,8174,8170,8159,8169,8146,8152,8162,8159,8136,8055,8184,8170,8128,2.7795867919921875,sil,False
39,8135,8156,8162,8163,8184,8151,8173,8169,8114,8173,8082,8147,8169,8150,2.787986516952514,sil,False
40,8174,8180,8178,8177,8184,8153,8181,8175,8201,8172,8080,8177,8176,8178,2.7958250045776367,sil,False
41,8138,8168,8167,8161,8184,8146,8177,8173,8190,8163,8071,8167,8170,8154,2.803975820541382,sil,False
42,8136,8159,8148,8162,8188,8146,8177,8166,8100,8166,8066,8134,8158,8143,2.8119750022888184,sil,False
43,8156,8180,8158,8166,8164,8143,8153,8155,8181,8135,8050,8178,8169,8158,2.8199849128723145,sil,False
44,8127,8150,8148,8143,8169,8142,8158,8147,8098,8141,8064,8148,8166,8158,2.8279850482940674,sil,False
45,8153,8177,8167,8163,8167,8154,8168,8166,8162,8143,8053,8166,8161,8169,2.8349857330322266,sil,False
46,8161,8177,8166,8163,8157,8151,8174,8158,8175,8138,8036,8160,8157,8154,2.84303879737854,sil,False
47,8148,8156,8165,8155,8172,8151,8168,8143,8086,8148,8049,8138,8160,8148,2.8510444164276123,sil,False
48,8166,8186,8196,8173,8170,8146,8147,8159,8203,8141,8042,8186,8170,8162,2.8590779304504395,sil,False
49,8169,8162,8181,8162,8176,8133,8166,8153,8122,8150,8050,8152,8162,8161,2.867076873779297,sil,False
50,8176,8171,8186,8166,8174,8143,8157,8147,8129,8139,8062,8175,8171,8172,2.8750767707824707,sil,False
51,8160,8174,8193,8165,8170,8146,8142,8151,8174,8142,8057,8180,8168,8157,2.8830771446228027,sil,False
52,8159,8155,8175,8158,8180,8144,8160,8147,8086,8160,8048,8138,8155,8146,2.8910765647888184,sil,False
53,8155,8181,8180,8164,8167,8145,8147,8147,8160,8128,8043,8181,8170,8150,2.898077249526977,sil,False
54,8132,8161,8167,8161,8180,8138,8150,8144,8096,8145,8066,8148,8168,8141,2.906076192855835,sil,False
55,8158,8170,8167,8171,8186,8148,8162,8151,8119,8162,8060,8150,8167,8152,2.913516998291016,sil,False
56,8133,8168,8158,8156,8171,8149,8154,8153,8161,8139,8042,8169,8167,8141,2.9215636253356934,sil,False
57,8116,8143,8142,8145,8178,8139,8153,8151,8067,8147,8051,8144,8159,8139,2.930025339126587,sil,False
58,8151,8171,8156,8156,8164,8141,8146,8157,8174,8140,8040,8183,8166,8156,2.937979221343994,sil,False
59,8119,8146,8133,8129,8157,8140,8143,8139,8093,8133,8039,8144,8155,8144,2.946106672286988,sil,False
60,8119,8158,8143,8130,8161,8139,8135,8139,8068,8123,8047,8154,8161,8158,2.954098701477051,sil,False
61,8150,8180,8175,8144,8166,8129,8138,8155,8171,8120,8050,8194,8173,8168,2.9611895084381104,sil,False
62,8167,8158,8170,8145,8183,8131,8156,8154,8096,8143,8053,8154,8158,8163,2.969204902648926,sil,False
63,8186,8184,8180,8157,8165,8145,8148,8161,8170,8128,8030,8179,8159,8172,2.9770967960357666,sil,False
64,8165,8163,8165,8141,8167,8137,8165,8163,8128,8129,8032,8153,8159,8163,2.9850962162017822,sil,False
65,8166,8158,8165,8143,8188,8137,8170,8160,8121,8129,8051,8157,8165,8166,2.992473125457764,sil,False
66,8148,8174,8179,8149,8175,8139,8137,8154,8193,8112,8056,8195,8174,8156,3.0004727840423584,sil,False
67,8133,8155,8166,8148,8178,8143,8136,8148,8083,8136,8070,8153,8168,8144,3.008985042572021,sil,False
67,8133,8155,8166,8148,8178,8143,8136,8148,8083,8136,8070,8153,8168,8144,3.0094685554504395,sil,False
68,8166,8184,8173,8172,8182,8154,8149,8165,8187,8141,8063,8179,8172,8163,3.0170063972473145,sil,False
69,8148,8166,8157,8153,8194,8145,8170,8169,8187,8155,8070,8159,8165,8169,3.024986505508423,sil,False
70,8146,8163,8159,8141,8197,8138,8174,8169,8150,8169,8081,8153,8166,8177,3.031554698944092,sil,False
71,8151,8180,8169,8146,8176,8134,8158,8162,8220,8152,8061,8182,8171,8158,3.039548635482788,sil,False
72,8127,8145,8141,8134,8192,8128,8167,8142,8102,8162,8061,8138,8155,8141,3.0479848384857178,sil,False
73,8138,8171,8152,8151,8186,8124,8155,8150,8179,8151,8064,8182,8164,8165,3.055645704269409,sil,False
74,8143,8167,8154,8152,8178,8113,8161,8158,8190,8152,8067,8182,8168,8162,3.063645839691162,sil,False
75,8162,8158,8164,8151,8194,8122,8180,8156,8141,8170,8073,8166,8163,8169,3.071650266647339,sil,False
76,8163,8181,8188,8157,8185,8128,8164,8156,8242,8150,8076,8203,8170,8176,3.0796587467193604,sil,False
77,8155,8161,8176,8158,8193,8125,8176,8148,8161,8162,8089,8161,8164,8168,3.087576150894165,sil,False
78,8187,8187,8197,8176,8198,8125,8182,8159,8224,8165,8082,8193,8171,8187,3.094593048095703,sil,False
79,8161,8177,8195,8162,8194,8113,8167,8167,8228,8156,8082,8194,8170,8173,3.102590084075928,sil,False
80,8160,8162,8182,8163,8193,8116,8164,8160,8142,8157,8084,8162,8162,8160,3.110985279083252,sil,False
81,8180,8184,8202,8179,8185,8119,8161,8159,8235,8138,8071,8199,8171,8162,3.1189849376678467,sil,False
82,8146,8155,8193,8173,8207,8117,8173,8162,8163,8151,8094,8163,8165,8152,3.127211809158325,sil,False
83,8162,8176,8195,8191,8197,8132,8163,8176,8204,8155,8087,8181,8165,8162,3.134758472442627,sil,False
84,8171,8180,8189,8176,8178,8131,8167,8170,8216,8157,8064,8188,8164,8162,3.142986297607422,sil,False
85,8151,8160,8178,8155,8196,8123,8180,8154,8122,8161,8075,8158,8160,8167,3.151411533355713,sil,False
86,8134,8181,8188,8164,8189,8115,8150,8158,8211,8137,8067,8189,8159,8161,3.1584131717681885,sil,False
87,8129,8160,8171,8155,8194,8111,8161,8160,8142,8164,8069,8155,8149,8141,3.1659865379333496,sil,False
88,8164,8176,8187,8163,8192,8127,8179,8172,8190,8180,8078,8184,8167,8169,3.173985004425049,sil,False
89,8151,8179,8197,8166,8181,8118,8167,8176,8242,8177,8078,8202,8175,8178,3.181985855102539,sil,False
90,8152,8159,8178,8161,8190,8104,8169,8165,8142,8185,8081,8162,8161,8173,3.189705848693848,sil,False
91,8168,8176,8179,8153,8170,8108,8153,8159,8208,8143,8067,8190,8164,8169,3.197706699371338,sil,False
92,8123,8144,8157,8133,8159,8104,8145,8146,8097,8131,8059,8145,8152,8136,3.2057101726531982,sil,False
93,8145,8162,8168,8159,8162,8101,8147,8154,8101,8144,8049,8163,8155,8135,3.21370530128479,sil,False
94,8166,8183,8189,8171,8172,8098,8152,8160,8188,8144,8064,8198,8170,8139,3.2209858894348145,sil,False
95,8155,8161,8184,8164,8194,8103,8162,8153,8104,8156,8095,8160,8164,8140,3.228985071182251,sil,False
96,8166,8184,8191,8179,8171,8104,8149,8162,8190,8141,8081,8191,8168,8148,3.23659348487854,sil,False
97,8147,8161,8171,8163,8162,8098,8156,8164,8139,8149,8082,8162,8165,8133,3.244593381881714,sil,False
98,8159,8175,8179,8165,8170,8105,8163,8171,8149,8164,8088,8166,8172,8144,3.253105401992798,sil,False
99,8155,8186,8178,8165,8156,8096,8158,8169,8228,8155,8069,8185,8175,8150,3.260986566543579,sil,False
100,8136,8148,8144,8147,8164,8092,8172,8156,8116,8163,8075,8144,8165,8150,3.268759250640869,sil,False
101,8150,8179,8166,8160,8160,8103,8167,8171,8203,8143,8082,8195,8179,8168,3.27676010131836,sil,False
102,8138,8173,8173,8160,8160,8097,8170,8173,8187,8152,8088,8182,8172,8161,3.28498649597168,sil,False
103,8160,8169,8173,8171,8159,8099,8172,8165,8158,8171,8081,8167,8162,8165,3.2919864654541016,sil,False
103,8160,8169,8173,8171,8159,8099,8172,8165,8158,8171,8081,8167,8162,8165,3.2924611568450928,sil,False
104,8171,8181,8178,8177,8146,8105,8157,8165,8227,8155,8072,8193,8169,8163,3.29998517036438,sil,False
105,8152,8149,8165,8161,8156,8107,8163,8153,8126,8159,8091,8162,8166,8156,3.307752847671509,sil,False
106,8163,8170,8180,8168,8145,8111,8153,8150,8194,8146,8086,8200,8168,8164,3.3157613277435303,sil,False
107,8153,8163,8163,8160,8143,8100,8157,8147,8164,8149,8077,8176,8157,8145,3.3237578868865967,sil,False
108,8152,8163,8154,8164,8151,8101,8160,8146,8112,8152,8078,8155,8155,8139,3.33198618888855,sil,False
109,8148,8182,8174,8176,8140,8109,8147,8154,8215,8139,8073,8191,8170,8137,3.339984655380249,sil,False
110,8152,8161,8169,8177,8162,8112,8161,8151,8142,8167,8088,8155,8164,8136,3.347984552383423,sil,False
111,8177,8187,8186,8192,8163,8118,8149,8154,8199,8157,8093,8185,8167,8154,3.3550610542297363,sil,False
112,8144,8176,8178,8180,8155,8121,8145,8158,8201,8161,8107,8181,8169,8146,3.363067865371704,yes,True
113,8149,8165,8161,8176,8157,8133,8161,8161,8164,8190,8108,8162,8170,8150,3.371107339859009,yes,True
114,8148,8172,8156,8164,8131,8130,8142,8150,8227,8155,8074,8180,8166,8141,3.378985643386841,yes,True
115,8107,8140,8130,8137,8132,8126,8145,8137,8093,8145,8071,8129,8150,8118,3.3869497776031494,yes,True
116,8142,8177,8150,8159,8138,8131,8153,8155,8166,8157,8075,8175,8167,8146,3.39495062828064,yes,True
117,8147,8173,8157,8157,8138,8118,8143,8152,8191,8154,8084,8187,8176,8156,3.4029507637023926,yes,True
118,8148,8155,8156,8151,8149,8119,8136,8142,8095,8148,8096,8159,8169,8158,3.410984992980957,yes,True
119,8170,8190,8179,8172,8142,8132,8130,8151,8184,8131,8085,8205,8174,8168,3.4190104007720947,yes,True
120,8149,8162,8168,8165,8151,8135,8144,8139,8096,8135,8095,8171,8162,8160,3.426015853881836,yes,True
121,8173,8174,8183,8170,8158,8153,8151,8148,8154,8133,8097,8189,8167,8176,3.4340453147888184,yes,True
122,8182,8185,8189,8168,8172,8157,8164,8167,8225,8146,8096,8199,8170,8173,3.441985607147217,yes,True
123,8172,8169,8184,8174,8186,8151,8166,8162,8149,8167,8111,8165,8163,8161,3.449986696243286,yes,True
124,8177,8195,8199,8192,8169,8150,8141,8161,8238,8153,8112,8200,8170,8155,3.4579858779907227,yes,True
125,8163,8172,8174,8176,8185,8147,8151,8146,8145,8162,8126,8167,8160,8140,3.4660086631774902,yes,True
126,8163,8181,8167,8180,8184,8152,8143,8138,8125,8139,8119,8175,8162,8137,3.474008083343506,yes,True
127,8144,8178,8158,8170,8156,8147,8136,8144,8158,8126,8103,8174,8164,8123,3.4820573329925537,yes,True
240,8141,8156,8137,8150,8164,8146,8161,8145,8094,8163,8111,8136,8154,8135,3.488960027694702,yes,True
0,8140,8187,8147,8159,8164,8153,8144,8151,8211,8144,8105,8185,8168,8144,3.4969594478607178,yes,True
1,8123,8165,8134,8159,8174,8154,8143,8148,8151,8147,8109,8155,8167,8127,3.5049853324890137,yes,True
2,8152,8167,8140,8166,8169,8163,8148,8142,8139,8155,8112,8164,8162,8148,3.513278722763061,yes,True
3,8136,8171,8150,8154,8153,8160,8132,8135,8169,8124,8110,8187,8160,8146,3.5213189125061035,yes,True
4,8135,8155,8141,8149,8168,8165,8144,8144,8063,8130,8112,8149,8160,8135,3.5289855003356934,yes,True
4,8135,8155,8141,8149,8168,8165,8144,8144,8063,8130,8112,8149,8160,8135,3.5295088291168213,yes,True
5,8175,8185,8162,8174,8155,8184,8151,8158,8168,8130,8102,8191,8171,8159,3.53651762008667,yes,True
5,8175,8185,8162,8174,8155,8184,8151,8158,8168,8130,8102,8191,8171,8159,3.537548780441284,yes,True
6,8142,8164,8154,8163,8151,8190,8156,8143,8131,8135,8125,8169,8159,8156,3.545052051544189,yes,True
7,8143,8172,8160,8160,8151,8195,8149,8145,8129,8146,8135,8168,8164,8154,3.552073240280152,yes,True
8,8160,8182,8183,8169,8146,8196,8141,8151,8208,8158,8122,8199,8178,8156,3.559985637664795,yes,True
9,8146,8155,8184,8172,8176,8203,8153,8137,8113,8169,8145,8171,8169,8158,3.5679850578308105,yes,True
10,8155,8192,8206,8184,8171,8196,8135,8143,8199,8140,8144,8203,8170,8153,3.5754969120025635,yes,True
11,8157,8189,8196,8175,8163,8176,8138,8140,8153,8156,8127,8171,8162,8135,3.5834970474243164,yes,True
12,8172,8190,8191,8199,8183,8195,8149,8134,8111,8158,8124,8171,8169,8162,3.5919852256774902,yes,True
13,8150,8199,8193,8198,8179,8198,8128,8143,8188,8109,8119,8203,8175,8157,3.5999984741210938,yes,True
14,8133,8159,8173,8148,8164,8166,8118,8128,8047,8127,8119,8148,8151,8122,3.607753753662109,yes,True
15,8164,8175,8185,8152,8143,8159,8100,8108,8082,8133,8104,8185,8158,8135,3.615756511688232,yes,True
16,8132,8163,8164,8170,8152,8158,8101,8101,8068,8118,8102,8180,8164,8138,3.62298583984375,yes,True
17,8134,8165,8160,8178,8162,8158,8115,8118,8037,8128,8101,8161,8158,8146,3.6311988830566406,yes,True
18,8171,8184,8192,8168,8143,8162,8110,8126,8133,8130,8087,8191,8164,8157,3.6389856338500977,yes,True
19,8153,8145,8177,8146,8154,8163,8119,8111,8029,8134,8101,8148,8163,8151,3.647005558013916,yes,True
20,8148,8172,8183,8168,8162,8177,8121,8138,8116,8122,8108,8184,8173,8160,3.654999256134033,yes,True
21,8148,8178,8193,8175,8174,8189,8144,8163,8177,8153,8117,8191,8176,8154,3.662985801696777,yes,True
22,8178,8168,8196,8182,8191,8194,8166,8155,8140,8188,8132,8170,8175,8164,3.670820951461792,yes,True
23,8173,8192,8203,8186,8174,8183,8140,8150,8221,8161,8135,8206,8176,8167,3.678643703460693,yes,True
24,8140,8169,8189,8176,8184,8182,8146,8161,8142,8185,8156,8176,8169,8162,3.685636997222901,yes,True
25,8179,8185,8198,8201,8190,8200,8161,8177,8207,8198,8141,8194,8173,8176,3.6939857006073,yes,True
26,8162,8178,8175,8191,8184,8190,8152,8158,8199,8162,8117,8173,8158,8152,3.701986074447632,yes,True
27,8135,8165,8154,8173,8193,8189,8148,8148,8110,8159,8126,8145,8157,8144,3.709970474243164,yes,True
28,8153,8186,8174,8177,8180,8194,8148,8167,8227,8177,8117,8191,8177,8158,3.7181224822998047,yes,True
29,8138,8151,8156,8153,8182,8184,8158,8156,8132,8193,8113,8147,8166,8148,3.726212739944458,yes,True
30,8146,8169,8163,8159,8177,8187,8141,8152,8138,8162,8115,8166,8164,8160,3.734391450881958,yes,True
31,8150,8177,8168,8166,8167,8184,8142,8155,8181,8153,8118,8182,8169,8169,3.741421461105346,yes,True
32,8159,8158,8158,8160,8177,8178,8165,8149,8099,8180,8125,8148,8164,8179,3.75030517578125,yes,True
33,8170,8189,8177,8169,8168,8176,8144,8159,8192,8162,8123,8190,8172,8179,3.757317066192627,yes,True
34,8171,8176,8171,8174,8176,8170,8156,8162,8145,8176,8144,8163,8171,8173,3.765320301055908,yes,True
35,8203,8190,8184,8193,8179,8174,8167,8161,8180,8191,8146,8178,8174,8199,3.772892951965332,yes,True
36,8170,8185,8178,8181,8173,8178,8147,8159,8225,8183,8132,8193,8170,8186,3.780916452407837,yes,True
37,8144,8153,8149,8168,8185,8187,8147,8159,8120,8197,8140,8150,8160,8165,3.788939952850342,yes,True
38,8168,8177,8167,8178,8175,8188,8144,8160,8210,8181,8135,8186,8170,8179,3.796951055526733,yes,True
39,8142,8157,8161,8163,8179,8183,8157,8144,8146,8185,8139,8156,8166,8168,3.804986476898194,yes,True
40,8147,8167,8157,8166,8181,8203,8159,8150,8136,8192,8126,8156,8163,8158,3.81198525428772,yes,True
41,8137,8172,8145,8152,8165,8204,8149,8156,8179,8172,8108,8171,8163,8141,3.819984674453736,yes,True
42,8105,8146,8121,8134,8173,8192,8164,8152,8076,8180,8128,8129,8158,8134,3.828023672103882,yes,True
43,8127,8183,8142,8155,8161,8197,8164,8175,8206,8188,8123,8171,8169,8149,3.835622787475586,yes,True
44,8128,8167,8140,8142,8160,8187,8164,8169,8168,8196,8110,8144,8160,8148,3.843629360198975,yes,True
45,8132,8164,8137,8143,8158,8172,8148,8147,8105,8173,8103,8135,8152,8156,3.851985931396485,sil,False
45,8132,8164,8137,8143,8158,8172,8148,8147,8105,8173,8103,8135,8152,8156,3.852405786514282,sil,False
46,8136,8178,8141,8150,8136,8161,8138,8153,8175,8149,8095,8169,8157,8145,3.859986066818237,sil,False
47,8134,8147,8126,8131,8143,8161,8158,8155,8080,8168,8095,8129,8149,8130,3.868009090423584,sil,False
48,8132,8166,8139,8132,8127,8158,8144,8152,8131,8131,8069,8153,8156,8132,3.876008987426758,sil,False
49,8106,8152,8128,8125,8110,8149,8146,8142,8083,8109,8062,8140,8153,8111,3.8829853534698486,sil,False
50,8127,8154,8128,8131,8114,8165,8156,8142,8056,8129,8077,8147,8157,8118,3.890982389450073,sil,False
51,8134,8173,8143,8131,8110,8167,8141,8149,8152,8133,8085,8177,8168,8126,3.898987054824829,sil,False
52,8126,8155,8133,8124,8126,8158,8150,8144,8066,8162,8112,8138,8162,8125,3.906944274902344,sil,False
53,8150,8188,8158,8148,8122,8169,8148,8153,8161,8164,8127,8189,8178,8152,3.9149863719940186,sil,False
54,8124,8176,8156,8143,8122,8171,8151,8161,8172,8174,8138,8173,8177,8149,3.923205137252808,sil,False
55,8128,8162,8140,8143,8122,8165,8161,8158,8117,8187,8131,8140,8164,8149,3.9307432174682617,sil,False
56,8130,8174,8140,8147,8099,8167,8153,8154,8190,8163,8119,8180,8171,8146,3.938981294631958,sil,False
57,8102,8140,8128,8134,8110,8179,8168,8153,8089,8177,8138,8140,8165,8134,3.9459853172302246,sil,False
58,8138,8166,8149,8146,8111,8175,8156,8154,8134,8169,8118,8162,8164,8141,3.954244136810303,sil,False
59,8128,8169,8144,8140,8108,8152,8142,8136,8116,8144,8106,8160,8162,8129,3.962236642837525,sil,False
60,8126,8160,8155,8145,8114,8160,8153,8138,8064,8150,8126,8143,8168,8143,3.970237970352173,sil,False
61,8161,8185,8189,8160,8093,8162,8143,8147,8182,8148,8120,8181,8177,8156,3.9772369861602783,sil,False
61,8161,8185,8189,8160,8093,8162,8143,8147,8182,8148,8120,8181,8177,8156,3.97823715209961,sil,False
62,8150,8165,8164,8156,8107,8141,8144,8135,8092,8168,8134,8140,8163,8139,3.986236572265625,sil,False
63,8156,8187,8165,8167,8108,8148,8142,8150,8139,8161,8140,8165,8170,8148,3.993236541748047,sil,False
64,8140,8171,8163,8140,8087,8151,8141,8150,8145,8143,8125,8169,8168,8132,4.001236438751221,sil,False
64,8140,8171,8163,8140,8087,8151,8141,8150,8145,8143,8125,8169,8168,8132,4.002237558364868,sil,False
65,8130,8148,8149,8132,8101,8150,8147,8132,8049,8154,8129,8144,8156,8122,4.009238958358765,sil,False
66,8146,8197,8178,8170,8118,8164,8141,8150,8193,8160,8150,8198,8175,8147,4.016245126724243,sil,False
66,8146,8197,8178,8170,8118,8164,8141,8150,8193,8160,8150,8198,8175,8147,4.017243385314941,sil,False
67,8154,8184,8192,8177,8137,8172,8160,8159,8168,8190,8187,8173,8182,8161,4.024245023727417,sil,False
67,8154,8184,8192,8177,8137,8172,8160,8159,8168,8190,8187,8173,8182,8161,4.025243282318115,sil,False
68,8180,8189,8211,8189,8137,8179,8153,8154,8193,8186,8188,8190,8182,8175,4.032989263534546,sil,False
69,8157,8194,8200,8187,8140,8174,8142,8149,8218,8168,8170,8187,8172,8159,4.040986061096191,sil,False
70,8147,8183,8177,8179,8153,8167,8152,8146,8121,8175,8161,8142,8162,8145,4.049176454544067,sil,False
71,8162,8201,8187,8182,8124,8167,8135,8146,8196,8149,8137,8187,8170,8149,4.057194471359253,sil,False
72,8141,8161,8172,8157,8119,8171,8137,8132,8107,8146,8140,8161,8156,8140,4.0646514892578125,sil,False
73,8150,8170,8181,8165,8130,8179,8143,8141,8116,8139,8144,8169,8155,8155,4.073168992996216,sil,False
74,8134,8185,8188,8171,8124,8159,8139,8149,8176,8122,8141,8184,8161,8146,4.080167770385742,sil,False
75,8131,8168,8175,8163,8128,8148,8148,8138,8078,8136,8150,8150,8158,8139,4.087985038757324,sil,False
76,8177,8197,8204,8180,8120,8154,8145,8145,8183,8129,8136,8197,8173,8163,4.095986604690552,sil,False
77,8176,8176,8200,8174,8126,8137,8160,8140,8133,8137,8139,8172,8169,8162,4.103973627090454,sil,False
78,8172,8180,8189,8171,8127,8128,8146,8131,8099,8120,8151,8171,8166,8158,4.111982822418213,sil,False
79,8155,8193,8192,8175,8120,8127,8120,8136,8157,8100,8149,8195,8168,8147,4.119985103607178,sil,False
80,8164,8176,8194,8188,8148,8132,8149,8145,8079,8136,8158,8161,8164,8154,4.127005577087402,sil,False
81,8200,8208,8223,8207,8154,8136,8158,8152,8188,8138,8163,8205,8178,8176,4.135985374450684,sil,False
82,8162,8184,8204,8186,8163,8130,8148,8137,8157,8138,8178,8181,8171,8162,4.142688035964966,sil,False
83,8149,8178,8182,8189,8160,8146,8140,8141,8123,8139,8164,8161,8162,8154,4.150609731674194,sil,False
83,8149,8178,8182,8189,8160,8146,8140,8141,8123,8139,8164,8161,8162,8154,4.1516029834747314,sil,False
84,8153,8192,8174,8193,8136,8155,8143,8150,8183,8121,8130,8174,8165,8139,4.1586012840271,sil,False
85,8138,8164,8153,8168,8150,8149,8163,8134,8071,8132,8131,8134,8156,8126,4.167198181152344,sil,False
86,8139,8185,8160,8165,8141,8144,8135,8138,8126,8113,8119,8177,8162,8133,4.17519736289978,sil,False
87,8123,8165,8148,8160,8130,8136,8124,8142,8081,8105,8112,8160,8161,8118,4.183212518692017,sil,False
88,8140,8159,8146,8164,8138,8138,8137,8137,8049,8115,8115,8149,8163,8127,4.190986156463623,sil,False
89,8136,8179,8157,8164,8131,8125,8124,8141,8152,8109,8110,8186,8171,8129,4.198875188827515,sil,False
90,8125,8158,8148,8166,8138,8112,8133,8143,8064,8133,8121,8147,8162,8126,4.205985069274902,sil,False
91,8174,8191,8182,8196,8141,8127,8142,8154,8152,8131,8127,8191,8174,8159,4.213984727859497,sil,False
92,8168,8184,8186,8188,8158,8132,8149,8155,8167,8142,8137,8189,8177,8161,4.221721887588501,sil,False
93,8170,8178,8177,8189,8175,8137,8161,8162,8127,8173,8144,8167,8174,8166,4.229721546173096,sil,False
94,8183,8206,8195,8203,8158,8147,8156,8174,8235,8167,8137,8205,8176,8177,4.23798131942749,sil,False
95,8162,8177,8182,8194,8168,8148,8165,8171,8144,8176,8156,8167,8160,8167,4.245981693267822,sil,False
96,8184,8189,8186,8206,8170,8147,8167,8177,8192,8163,8142,8181,8168,8170,4.253985643386841,sil,False
97,8165,8176,8168,8187,8159,8140,8172,8170,8188,8151,8123,8170,8170,8158,4.262015581130981,sil,False
98,8145,8165,8152,8177,8161,8143,8177,8167,8126,8176,8138,8152,8164,8160,4.270014762878418,sil,False
99,8164,8194,8170,8191,8152,8146,8165,8187,8255,8184,8131,8194,8171,8170,4.276948690414429,sil,False
100,8154,8162,8143,8166,8169,8138,8172,8167,8151,8184,8117,8145,8157,8152,4.284634828567505,sil,False
101,8148,8170,8137,8165,8170,8137,8157,8147,8141,8152,8093,8162,8154,8145,4.292634725570679,sil,False
102,8133,8170,8136,8166,8156,8123,8146,8153,8160,8145,8081,8168,8159,8131,4.300557613372803,sil,False
103,8159,8161,8133,8169,8168,8114,8162,8163,8089,8175,8096,8142,8166,8145,4.309316158294678,sil,False
104,8190,8191,8162,8181,8168,8116,8160,8170,8199,8171,8107,8193,8176,8179,4.317318916320801,sil,False
105,8165,8169,8163,8166,8181,8119,8174,8164,8147,8185,8130,8164,8162,8178,4.324984788894653,sil,False
106,8166,8179,8171,8175,8180,8128,8167,8172,8174,8177,8121,8175,8165,8169,4.332986116409302,sil,False
107,8162,8175,8159,8176,8171,8121,8162,8174,8207,8169,8102,8178,8169,8147,4.340986251831055,sil,False
108,8169,8156,8144,8167,8190,8124,8182,8169,8133,8196,8120,8143,8164,8157,4.348265171051025,sil,False
109,8166,8184,8161,8172,8175,8131,8157,8172,8235,8174,8122,8189,8175,8165,4.356265068054199,sil,False
110,8134,8159,8140,8167,8170,8114,8149,8159,8147,8173,8115,8154,8168,8138,4.363264560699463,sil,False
110,8134,8159,8140,8167,8170,8114,8149,8159,8147,8173,8115,8154,8168,8138,4.364264965057373,sil,False
111,8168,8172,8144,8178,8180,8116,8166,8159,8153,8188,8106,8162,8172,8162,4.372267007827759,sil,False
112,8159,8179,8151,8169,8184,8124,8166,8161,8229,8184,8118,8180,8173,8167,4.379985570907593,sil,False
113,8137,8150,8140,8164,8190,8120,8167,8162,8138,8203,8140,8136,8164,8148,4.388006448745728,sil,False
114,8173,8180,8159,8178,8173,8112,8163,8176,8242,8200,8119,8173,8172,8163,4.396005630493164,sil,False
115,8156,8161,8143,8167,8184,8106,8177,8169,8196,8201,8123,8154,8164,8160,4.404253244400024,sil,False
116,8158,8162,8145,8179,8191,8125,8169,8159,8160,8196,8134,8155,8165,8159,4.411212682723999,sil,False
117,8170,8180,8161,8175,8187,8136,8154,8158,8212,8181,8127,8181,8177,8158,4.41875433921814,sil,False
118,8165,8157,8149,8164,8218,8135,8172,8162,8123,8196,8145,8149,8170,8163,4.426752328872681,sil,False
119,8164,8182,8154,8186,8208,8132,8162,8178,8226,8187,8148,8188,8170,8167,4.434826612472534,sil,False
120,8132,8167,8135,8170,8196,8119,8154,8167,8188,8190,8144,8161,8163,8142,4.443087577819824,sil,False
121,8152,8165,8133,8165,8197,8116,8155,8153,8133,8185,8131,8147,8162,8143,4.451087951660156,sil,False
122,8168,8178,8141,8168,8182,8102,8145,8148,8183,8153,8115,8172,8169,8144,4.458985328674316,sil,False
123,8142,8149,8121,8157,8188,8097,8149,8136,8061,8155,8130,8133,8158,8135,4.466915845870972,sil,False
124,8147,8169,8137,8173,8177,8116,8137,8140,8126,8135,8116,8169,8162,8129,4.4744157791137695,sil,False
125,8136,8156,8128,8163,8169,8111,8139,8137,8098,8133,8098,8154,8162,8111,4.481415748596191,sil,False
125,8136,8156,8128,8163,8169,8111,8139,8137,8098,8133,8098,8154,8162,8111,4.482414722442627,sil,False
126,8144,8164,8131,8159,8179,8107,8137,8143,8059,8151,8111,8145,8165,8132,4.48941707611084,sil,False
126,8144,8164,8131,8159,8179,8107,8137,8143,8059,8151,8111,8145,8165,8132,4.490414619445801,sil,False
127,8154,8192,8161,8179,8169,8114,8124,8165,8182,8146,8117,8183,8171,8142,4.497395038604736,sil,False
127,8154,8192,8161,8179,8169,8114,8124,8165,8182,8146,8117,8183,8171,8142,4.498395204544067,sil,False
240,8155,8160,8151,8182,8174,8129,8151,8162,8118,8164,8125,8143,8165,8139,4.506395101547241,sil,False
0,8185,8186,8168,8196,8172,8143,8153,8163,8201,8161,8128,8181,8176,8169,4.514495611190796,sil,False
1,8172,8184,8169,8190,8171,8129,8155,8168,8202,8169,8132,8170,8166,8163,4.521985530853272,sil,False
2,8178,8171,8160,8185,8176,8130,8174,8170,8129,8174,8123,8143,8154,8156,4.530057430267334,sil,False
3,8179,8191,8164,8182,8162,8143,8157,8165,8211,8136,8119,8186,8168,8156,4.537225008010864,sil,False
4,8163,8169,8149,8174,8176,8149,8165,8156,8127,8158,8146,8149,8169,8147,4.545244455337524,sil,False
5,8192,8187,8164,8187,8169,8159,8174,8166,8186,8172,8139,8171,8178,8169,4.55275297164917,sil,False
6,8162,8175,8154,8172,8147,8158,8162,8167,8194,8153,8135,8166,8176,8159,4.560316324234009,sil,False
6,8162,8175,8154,8172,8147,8158,8162,8167,8194,8153,8135,8166,8176,8159,4.56130838394165,sil,False
7,8157,8167,8142,8173,8148,8169,8167,8174,8138,8167,8165,8142,8173,8158,4.568855047225952,sil,False
8,8179,8192,8159,8185,8137,8180,8170,8186,8265,8172,8173,8188,8177,8177,4.57684850692749,sil,False
9,8138,8148,8132,8158,8140,8172,8172,8173,8165,8176,8173,8151,8160,8161,4.584988117218018,sil,False
10,8148,8163,8129,8166,8131,8173,8154,8174,8169,8158,8161,8165,8165,8158,4.592820167541504,sil,False
11,8160,8177,8136,8168,8130,8175,8154,8171,8207,8159,8161,8171,8169,8153,4.599819660186768,sil,False
12,8164,8162,8144,8162,8151,8177,8168,8158,8129,8176,8174,8149,8161,8153,4.607979536056519,sil,False
13,8189,8189,8169,8181,8138,8172,8153,8167,8226,8156,8160,8201,8174,8160,4.615985155105591,sil,False
14,8179,8170,8151,8174,8146,8161,8167,8168,8163,8171,8168,8168,8173,8156,4.623861074447632,sil,False
15,8180,8181,8154,8178,8156,8166,8169,8166,8190,8177,8175,8172,8176,8171,4.631398439407349,sil,False
15,8180,8181,8154,8178,8156,8166,8169,8166,8190,8177,8175,8172,8176,8171,4.63239312171936,sil,False
16,8177,8181,8164,8178,8147,8170,8163,8170,8245,8172,8166,8183,8177,8168,4.639991283416748,sil,False
17,8192,8161,8150,8174,8158,8170,8185,8171,8157,8190,8163,8148,8169,8174,4.648022890090942,sil,False
18,8186,8186,8151,8173,8152,8163,8175,8171,8240,8170,8150,8184,8173,8177,4.656450033187866,sil,False
19,8135,8158,8129,8155,8155,8148,8170,8169,8175,8174,8161,8154,8166,8150,4.663991212844849,sil,False
20,8171,8170,8137,8176,8152,8145,8176,8186,8193,8183,8155,8160,8169,8164,4.671020269393921,sil,False
21,8189,8183,8144,8176,8143,8137,8177,8183,8247,8172,8140,8179,8171,8174,4.6789870262146,sil,False
22,8172,8159,8136,8162,8162,8145,8183,8169,8138,8187,8161,8142,8158,8170,4.686901807785034,sil,False
23,8197,8194,8162,8183,8156,8160,8173,8182,8244,8177,8153,8182,8163,8176,4.694896936416626,sil,False
24,8185,8177,8149,8169,8157,8140,8180,8175,8190,8172,8137,8156,8162,8161,4.702988624572754,sil,False
25,8184,8174,8148,8170,8167,8135,8180,8173,8160,8170,8145,8161,8169,8165,4.710983037948608,sil,False
26,8192,8190,8162,8180,8167,8150,8184,8186,8255,8170,8153,8197,8177,8165,4.718989849090576,sil,False
27,8181,8165,8140,8164,8180,8156,8204,8175,8160,8190,8155,8148,8167,8157,4.726952314376831,sil,False
28,8181,8184,8148,8168,8169,8148,8178,8173,8220,8169,8143,8175,8172,8159,4.734071731567383,sil,False
29,8182,8170,8150,8173,8173,8137,8171,8176,8197,8175,8156,8167,8169,8152,4.742067337036133,sil,False
30,8207,8179,8162,8185,8181,8152,8180,8176,8180,8190,8163,8169,8169,8167,4.7499823570251465,sil,False
31,8187,8198,8170,8186,8168,8162,8169,8171,8252,8162,8138,8190,8174,8160,4.757987976074219,sil,False
32,8167,8166,8151,8172,8181,8155,8184,8164,8140,8164,8141,8137,8163,8143,4.765700817108154,sil,False
33,8189,8179,8165,8178,8172,8149,8168,8168,8199,8152,8139,8173,8170,8152,4.773707389831543,sil,False
34,8158,8167,8151,8166,8169,8135,8152,8166,8173,8155,8137,8156,8168,8128,4.78199028968811,sil,False
35,8155,8163,8130,8163,8173,8128,8164,8164,8121,8170,8137,8132,8160,8128,4.78998613357544,sil,False
36,8151,8172,8131,8158,8153,8124,8157,8169,8219,8152,8142,8174,8167,8137,4.796950340270996,sil,False
37,8127,8142,8117,8153,8169,8126,8165,8169,8136,8174,8173,8143,8162,8131,4.804987192153931,sil,False
38,8158,8172,8132,8172,8171,8133,8160,8172,8185,8171,8159,8168,8169,8141,4.812699794769287,sil,False
39,8141,8160,8126,8155,8152,8123,8147,8157,8160,8145,8134,8153,8166,8121,4.8207173347473145,sil,False
40,8148,8148,8133,8162,8162,8129,8150,8158,8106,8154,8142,8139,8162,8123,4.8287224769592285,sil,False
41,8186,8186,8171,8184,8173,8128,8151,8173,8234,8160,8152,8192,8176,8147,4.83677077293396,sil,False
42,8164,8167,8166,8170,8190,8114,8158,8158,8146,8175,8172,8156,8168,8139,4.84598708152771,sil,False
43,8175,8181,8171,8185,8175,8127,8141,8155,8183,8160,8156,8171,8165,8129,4.852986097335815,sil,False
44,8169,8168,8144,8171,8158,8126,8136,8148,8174,8142,8129,8160,8156,8108,4.861073732376099,sil,False
45,8149,8150,8112,8146,8164,8115,8146,8141,8062,8144,8128,8134,8156,8107,4.868075609207153,sil,False
46,8154,8180,8142,8161,8156,8123,8142,8172,8185,8142,8132,8189,8176,8127,4.875986576080322,sil,False
47,8155,8157,8153,8162,8180,8140,8176,8190,8142,8181,8164,8150,8176,8140,4.883959054946899,sil,False
47,8155,8157,8153,8162,8180,8140,8176,8190,8142,8181,8164,8150,8176,8140,4.884433269500732,sil,False
48,8171,8176,8163,8167,8184,8158,8183,8188,8189,8182,8170,8166,8177,8156,4.891546726226807,sil,False
49,8149,8176,8149,8155,8166,8149,8164,8171,8218,8159,8144,8176,8166,8133,4.899937629699707,sil,False
50,8150,8149,8138,8149,8174,8146,8162,8158,8112,8162,8144,8138,8159,8124,4.907873153686523,sil,False
51,8173,8177,8170,8164,8164,8151,8154,8168,8214,8145,8147,8177,8173,8135,4.915987491607666,sil,False
52,8154,8149,8160,8144,8169,8136,8163,8164,8154,8157,8152,8146,8164,8125,4.923986196517944,sil,False
53,8162,8150,8160,8142,8163,8131,8143,8162,8163,8153,8145,8159,8166,8137,4.931038856506348,sil,False
54,8156,8167,8167,8151,8157,8133,8126,8162,8215,8151,8150,8176,8170,8134,4.93907904624939,sil,False
55,8171,8169,8174,8168,8199,8145,8162,8159,8149,8187,8174,8143,8165,8133,4.947065591812134,sil,False
56,8193,8200,8197,8187,8214,8152,8166,8169,8271,8169,8163,8185,8173,8142,4.955073595046997,sil,False
57,8158,8168,8170,8166,8205,8141,8157,8167,8206,8161,8155,8149,8162,8126,4.962800741195679,sil,False
58,8167,8171,8164,8162,8191,8140,8157,8170,8189,8168,8151,8149,8164,8135,4.970799446105957,sil,False
59,8162,8176,8163,8156,8187,8135,8163,8180,8241,8161,8137,8168,8172,8131,4.978984832763672,sil,False
60,8142,8140,8137,8141,8200,8134,8182,8175,8124,8167,8125,8125,8160,8116,4.986948728561401,sil,False
61,8154,8166,8148,8150,8178,8135,8166,8173,8202,8142,8108,8166,8162,8118,4.993985176086426,sil,False
62,8139,8157,8143,8147,8176,8120,8159,8165,8162,8147,8126,8145,8159,8110,5.002279996871948,sil,False
63,8161,8159,8151,8159,8182,8115,8155,8161,8131,8157,8133,8144,8165,8127,5.01033616065979,sil,False
64,8165,8170,8159,8163,8167,8110,8137,8158,8190,8139,8118,8175,8172,8132,5.018406629562378,sil,False
65,8158,8150,8151,8164,8194,8113,8157,8154,8100,8154,8125,8140,8161,8132,5.025411605834961,sil,False
65,8158,8150,8151,8164,8194,8113,8157,8154,8100,8154,8125,8140,8161,8132,5.026410102844238,sil,False
66,8184,8184,8186,8184,8215,8128,8170,8170,8214,8151,8120,8182,8169,8154,5.033986568450928,sil,False
67,8162,8164,8183,8165,8216,8121,8173,8177,8208,8158,8127,8168,8169,8142,5.0419862270355225,sil,False
68,8175,8163,8176,8173,8211,8121,8175,8184,8175,8170,8141,8154,8166,8140,5.049575805664063,sil,False
69,8200,8195,8196,8196,8209,8127,8172,8189,8273,8170,8137,8186,8176,8142,5.057572841644287,sil,False
69,8200,8195,8196,8196,8209,8127,8172,8189,8273,8170,8137,8186,8176,8142,5.058574199676514,sil,False
70,8181,8171,8180,8185,8232,8124,8183,8173,8182,8193,8151,8147,8165,8130,5.064573764801025,sil,False
70,8181,8171,8180,8185,8232,8124,8183,8173,8182,8193,8151,8147,8165,8130,5.065574645996094,sil,False
71,8179,8185,8174,8185,8218,8123,8164,8172,8225,8172,8146,8174,8165,8129,5.072623252868652,sil,False
71,8179,8185,8174,8185,8218,8123,8164,8172,8225,8172,8146,8174,8165,8129,5.073574066162109,sil,False
72,8156,8169,8161,8173,8208,8116,8159,8165,8186,8162,8137,8158,8162,8111,5.080574035644531,sil,False
73,8160,8158,8152,8168,8216,8117,8164,8153,8125,8169,8128,8137,8160,8112,5.088572978973389,sil,False
74,8156,8174,8149,8162,8197,8112,8144,8152,8192,8135,8104,8162,8162,8105,5.0965735912323,sil,False
75,8133,8150,8128,8141,8201,8109,8156,8146,8074,8138,8116,8124,8155,8099,5.104573249816895,sil,False
76,8159,8174,8147,8158,8200,8120,8164,8166,8154,8152,8134,8169,8173,8136,5.112574577331543,sil,False
77,8149,8165,8148,8158,8202,8117,8170,8176,8190,8169,8150,8170,8179,8146,5.120581388473511,sil,False
78,8161,8157,8152,8161,8219,8114,8180,8177,8139,8194,8160,8154,8172,8155,5.127979278564453,sil,False
79,8197,8192,8174,8170,8202,8105,8164,8178,8240,8184,8136,8201,8175,8167,5.135986089706421,sil,False
80,8187,8163,8159,8151,8198,8096,8160,8158,8127,8177,8138,8154,8166,8154,5.144023180007935,sil,False
81,8192,8173,8177,8161,8196,8100,8144,8159,8145,8159,8143,8170,8171,8151,5.152017831802368,sil,False
82,8171,8171,8186,8165,8193,8089,8139,8162,8175,8155,8141,8177,8166,8134,5.159985065460205,sil,False
83,8178,8161,8180,8175,8203,8093,8154,8158,8123,8177,8149,8150,8163,8134,5.1679847240448,sil,False
84,8207,8190,8199,8192,8200,8108,8148,8163,8258,8174,8148,8190,8177,8148,5.176199436187744,sil,False
85,8180,8163,8180,8171,8220,8109,8158,8153,8206,8186,8163,8152,8165,8135,5.1842005252838135,sil,False
86,8160,8172,8174,8172,8223,8118,8152,8158,8245,8172,8163,8163,8167,8132,5.191985607147217,sil,False
87,8139,8171,8166,8173,8209,8117,8150,8176,8313,8175,8154,8172,8168,8122,5.198986053466797,sil,False
88,8154,8158,8148,8169,8220,8113,8176,8180,8265,8216,8155,8137,8162,8135,5.206949234008789,sil,False
89,8167,8187,8160,8171,8202,8112,8172,8177,8380,8195,8144,8177,8175,8151,5.214986324310303,sil,False
90,8133,8156,8153,8159,8192,8108,8173,8169,8311,8186,8147,8143,8166,8131,5.222987174987793,sil,False
91,8162,8165,8159,8172,8185,8113,8172,8175,8307,8179,8134,8146,8154,8130,5.231602907180786,sil,False
92,8157,8169,8149,8154,8169,8111,8153,8167,8336,8142,8117,8161,8152,8111,5.23859715461731,sil,False
93,8132,8141,8132,8136,8172,8117,8143,8150,8228,8139,8124,8130,8152,8099,5.246614694595337,sil,False
94,8164,8171,8156,8165,8164,8144,8132,8159,8343,8136,8120,8178,8164,8124,5.254610300064087,sil,False
95,8158,8152,8152,8154,8174,8162,8149,8165,8329,8153,8145,8154,8161,8129,5.2616071701049805,sil,False
96,8171,8159,8174,8164,8182,8173,8162,8180,8370,8179,8171,8168,8174,8147,5.269606828689575,sil,False
97,8193,8182,8208,8191,8181,8183,8170,8195,8493,8199,8176,8201,8188,8162,5.277607202529907,sil,False
98,8195,8163,8203,8191,8196,8203,8195,8190,8425,8217,8192,8157,8171,8163,5.285985231399536,sil,False
99,8203,8187,8211,8192,8175,8204,8182,8192,8509,8188,8184,8192,8166,8159,5.293638944625855,sil,False
100,8179,8166,8185,8173,8178,8177,8174,8179,8457,8192,8184,8169,8165,8130,5.301640510559082,sil,False
101,8174,8163,8173,8174,8196,8180,8173,8170,8419,8203,8183,8156,8168,8127,5.30998682975769,sil,False
102,8165,8179,8174,8176,8177,8182,8164,8168,8490,8183,8161,8177,8167,8118,5.31798529624939,sil,False
103,8152,8151,8147,8159,8180,8169,8182,8159,8370,8188,8156,8136,8155,8100,5.325985670089722,sil,False
104,8153,8162,8146,8156,8168,8167,8171,8170,8407,8162,8143,8165,8161,8091,5.332986116409302,sil,False
105,8120,8143,8130,8147,8151,8157,8157,8171,8360,8150,8142,8146,8155,8072,5.3409857749938965,sil,False
106,8152,8154,8137,8167,8154,8159,8164,8171,8339,8174,8152,8143,8159,8101,5.348985195159912,sil,False
107,8180,8181,8163,8174,8156,8164,8165,8178,8455,8177,8152,8181,8175,8128,5.357412576675415,sil,False
108,8162,8153,8158,8171,8174,8169,8180,8180,8370,8192,8172,8150,8169,8126,5.364417314529419,sil,False
109,8197,8185,8187,8217,8170,8181,8174,8197,8436,8185,8170,8190,8170,8148,5.3724212646484375,sil,False
110,8200,8173,8184,8223,8171,8175,8172,8189,8418,8181,8164,8174,8168,8142,5.381234407424927,sil,False
111,8194,8155,8172,8210,8175,8175,8179,8181,8358,8184,8172,8153,8170,8134,5.388232946395874,sil,False
112,8206,8180,8193,8218,8154,8185,8180,8201,8469,8177,8172,8196,8179,8140,5.395986080169678,sil,False
113,8207,8162,8191,8219,8170,8192,8201,8198,8397,8207,8186,8155,8170,8149,5.403986215591431,sil,False
114,8209,8182,8194,8228,8176,8198,8180,8190,8440,8194,8179,8171,8171,8149,5.412069320678711,sil,False
115,8167,8169,8161,8205,8165,8178,8158,8184,8400,8169,8158,8157,8162,8103,5.420340538024902,sil,False
116,8154,8151,8132,8185,8174,8165,8165,8175,8273,8167,8143,8127,8153,8088,5.428349494934082,sil,False
117,8148,8168,8143,8193,8162,8167,8151,8170,8338,8141,8128,8172,8166,8097,5.435893058776856,sil,False
118,8133,8143,8131,8190,8162,8170,8159,8167,8260,8159,8143,8140,8164,8093,5.443986654281616,sil,False
119,8164,8169,8141,8196,8163,8178,8159,8179,8307,8163,8148,8160,8166,8114,5.45198655128479,sil,False
120,8144,8172,8140,8188,8164,8178,8154,8187,8334,8153,8145,8170,8158,8105,5.458895683288574,sil,False
121,8144,8154,8131,8188,8177,8188,8171,8189,8254,8170,8150,8143,8154,8106,5.466894626617432,sil,False
122,8172,8178,8151,8195,8172,8192,8164,8185,8344,8152,8139,8178,8175,8122,5.47442102432251,sil,False
122,8172,8178,8151,8195,8172,8192,8164,8185,8344,8152,8139,8178,8175,8122,5.475431680679321,sil,False
123,8152,8157,8144,8183,8186,8175,8161,8168,8253,8146,8143,8136,8165,8107,5.482960224151611,sil,False
124,8175,8172,8155,8197,8178,8177,8149,8166,8250,8138,8133,8147,8156,8113,5.49094820022583,sil,False
125,8169,8174,8163,8196,8156,8175,8140,8160,8277,8133,8126,8169,8160,8108,5.499209880828857,sil,False
126,8166,8154,8163,8194,8171,8176,8157,8160,8192,8159,8138,8138,8159,8106,5.5069499015808105,sil,False
127,8193,8182,8177,8203,8170,8182,8156,8173,8287,8145,8118,8167,8166,8113,5.515536785125732,sil,False
240,8150,8149,8145,8169,8162,8179,8156,8157,8197,8132,8112,8132,8158,8089,5.521985292434692,sil,False
240,8150,8149,8145,8169,8162,8179,8156,8157,8197,8132,8112,8132,8158,8089,5.5225443840026855,sil,False
0,8138,8147,8142,8168,8158,8179,8151,8157,8185,8136,8118,8143,8168,8089,5.530376672744751,sil,False
1,8149,8163,8164,8183,8170,8174,8150,8168,8262,8149,8126,8165,8180,8113,5.5376365184783936,sil,False
1,8149,8163,8164,8183,8170,8174,8150,8168,8262,8149,8126,8165,8180,8113,5.538631916046143,sil,False
2,8149,8151,8159,8183,8192,8171,8162,8167,8186,8170,8150,8134,8172,8140,5.545653820037842,sil,False
2,8149,8151,8159,8183,8192,8171,8162,8167,8186,8170,8150,8134,8172,8140,5.546681880950928,sil,False
3,8160,8177,8166,8193,8168,8167,8152,8185,8282,8156,8142,8174,8173,8149,5.553987503051758,sil,False
4,8142,8148,8137,8169,8162,8154,8157,8177,8204,8156,8120,8129,8159,8118,5.562034606933594,sil,False
5,8139,8145,8122,8162,8161,8157,8149,8161,8142,8147,8106,8123,8157,8111,5.569705247879028,sil,False
6,8131,8156,8130,8167,8147,8153,8145,8175,8211,8141,8116,8165,8167,8114,5.577697992324829,sil,False
7,8135,8137,8132,8163,8170,8152,8177,8189,8138,8177,8147,8137,8170,8129,5.584989547729492,sil,False
8,8166,8172,8164,8176,8165,8161,8169,8193,8226,8165,8141,8177,8180,8152,5.59250283241272,sil,False
9,8161,8155,8157,8169,8155,8144,8161,8172,8169,8156,8128,8156,8164,8141,5.600985288619995,sil,False
10,8173,8153,8158,8177,8160,8135,8161,8162,8113,8153,8126,8142,8160,8148,5.608520030975342,sil,False
11,8171,8177,8186,8192,8152,8152,8158,8178,8200,8141,8129,8172,8175,8148,5.616599082946777,sil,False
12,8167,8154,8176,8192,8166,8172,8185,8179,8117,8167,8139,8129,8168,8136,5.624590873718262,sil,False
13,8176,8170,8172,8190,8159,8167,8168,8164,8152,8140,8119,8151,8167,8130,5.632986545562744,sil,False
14,8130,8153,8155,8166,8153,8148,8145,8154,8088,8116,8118,8138,8160,8101,5.6409666538238525,sil,False
15,8145,8148,8155,8181,8164,8163,8164,8169,8052,8147,8133,8134,8163,8111,5.648837089538574,sil,False
16,8161,8165,8159,8189,8164,8168,8166,8170,8148,8145,8120,8164,8171,8128,5.65582799911499,sil,False
17,8119,8137,8138,8163,8182,8160,8165,8152,8036,8141,8134,8119,8159,8121,5.663987398147583,sil,False
18,8143,8167,8164,8180,8174,8173,8168,8180,8130,8139,8140,8159,8167,8139,5.671979665756226,sil,False
19,8150,8160,8162,8177,8164,8169,8179,8187,8157,8152,8132,8150,8170,8139,5.679361343383789,sil,False
19,8150,8160,8162,8177,8164,8169,8179,8187,8157,8152,8132,8150,8170,8139,5.680355310440064,sil,False
20,8139,8140,8150,8169,8173,8165,8167,8163,8072,8156,8138,8123,8168,8139,5.687355279922485,sil,False
20,8139,8140,8150,8169,8173,8165,8167,8163,8072,8156,8138,8123,8168,8139,5.688356637954712,sil,False
21,8143,8176,8176,8187,8165,8168,8141,8170,8188,8150,8147,8173,8180,8149,5.6963725090026855,sil,False
22,8157,8166,8173,8189,8174,8157,8165,8176,8141,8180,8159,8143,8169,8154,5.704208135604858,sil,False
23,8180,8172,8178,8187,8163,8147,8162,8166,8155,8158,8135,8161,8163,8164,5.712303400039673,sil,False
24,8141,8147,8164,8161,8149,8140,8144,8156,8124,8133,8123,8159,8158,8138,5.718449354171753,sil,False
24,8141,8147,8164,8161,8149,8140,8144,8156,8124,8133,8123,8159,8158,8138,5.719461679458618,sil,False
25,8148,8134,8152,8164,8160,8144,8154,8166,8059,8156,8132,8133,8159,8136,5.727460861206055,sil,False
26,8175,8168,8169,8184,8152,8146,8148,8169,8167,8147,8122,8178,8177,8151,5.734988689422607,sil,False
27,8141,8145,8156,8167,8158,8143,8151,8145,8063,8148,8139,8144,8172,8134,5.743302345275879,sil,False
28,8161,8166,8168,8180,8159,8149,8145,8150,8091,8144,8138,8162,8166,8136,5.750595569610596,sil,False
29,8159,8161,8166,8182,8165,8149,8136,8158,8135,8140,8127,8166,8160,8120,5.758756160736084,sil,False
30,8132,8133,8142,8168,8186,8148,8141,8152,8048,8157,8136,8127,8157,8109,5.766749143600464,sil,False
31,8139,8161,8146,8168,8172,8140,8135,8154,8141,8145,8123,8164,8165,8114,5.7749857902526855,sil,False
32,8128,8143,8127,8153,8180,8133,8148,8148,8073,8157,8126,8133,8156,8107,5.782985210418701,sil,False
33,8141,8159,8134,8164,8191,8149,8143,8157,8105,8163,8136,8152,8161,8124,5.789984464645386,sil,False
34,8138,8162,8141,8164,8184,8144,8140,8165,8162,8157,8134,8166,8165,8126,5.797907829284668,sil,False
35,8133,8142,8140,8158,8191,8133,8159,8157,8068,8181,8137,8127,8164,8130,5.805986404418945,sil,False
36,8152,8178,8161,8173,8176,8137,8145,8165,8175,8176,8133,8172,8177,8145,5.813766956329346,sil,False
37,8148,8155,8140,8159,8180,8135,8152,8158,8113,8177,8143,8142,8161,8138,5.821769237518311,sil,False
38,8154,8153,8140,8161,8188,8135,8154,8151,8080,8157,8137,8144,8157,8140,5.830330848693848,sil,False
39,8133,8164,8144,8157,8176,8129,8142,8156,8118,8132,8113,8162,8163,8118,5.837984800338745,sil,False
40,8137,8150,8127,8146,8185,8128,8159,8154,8012,8154,8117,8123,8156,8111,5.846247434616089,sil,False
41,8166,8178,8158,8161,8176,8133,8158,8162,8104,8144,8122,8168,8168,8126,5.852658033370972,sil,False
42,8144,8156,8159,8158,8179,8123,8161,8159,8061,8150,8125,8145,8159,8099,5.860652446746826,sil,False
43,8154,8153,8151,8162,8185,8119,8150,8144,8005,8149,8108,8136,8153,8087,5.868985652923584,sil,False
44,8144,8164,8161,8162,8168,8115,8131,8139,8053,8129,8099,8166,8165,8084,5.876949310302734,sil,False
45,8124,8140,8160,8151,8174,8124,8150,8145,7980,8156,8120,8129,8162,8085,5.884968519210815,sil,False
46,8143,8165,8176,8159,8174,8139,8151,8159,8085,8146,8113,8154,8170,8102,5.892979621887207,sil,False
47,8126,8149,8170,8151,8179,8139,8160,8166,8072,8148,8129,8138,8172,8103,5.90099310874939,sil,False
48,8147,8153,8174,8155,8173,8141,8168,8172,8057,8177,8143,8140,8167,8126,5.908984184265137,sil,False
49,8150,8172,8180,8145,8143,8125,8148,8158,8122,8155,8111,8165,8160,8123,5.916949033737183,yes,True
50,8122,8138,8163,8133,8147,8120,8155,8149,7991,8154,8118,8116,8157,8106,5.923986911773682,yes,True
51,8168,8171,8195,8168,8154,8144,8164,8176,8086,8168,8139,8167,8177,8138,5.932358980178833,yes,True
52,8177,8175,8201,8160,8164,8142,8166,8169,8116,8181,8156,8170,8175,8152,5.940358877182007,yes,True
53,8172,8168,8194,8151,8164,8136,8168,8159,8074,8184,8170,8147,8171,8155,5.947371244430542,yes,True
53,8172,8168,8194,8151,8164,8136,8168,8159,8074,8184,8170,8147,8171,8155,5.948376417160034,yes,True
54,8179,8176,8198,8157,8141,8135,8167,8176,8160,8175,8162,8176,8176,8153,5.955457925796509,yes,True
55,8161,8142,8176,8141,8152,8132,8175,8165,8056,8190,8170,8141,8165,8144,5.963446855545044,yes,True
56,8171,8173,8196,8159,8150,8143,8161,8169,8128,8180,8176,8179,8176,8150,5.971986532211304,yes,True
57,8169,8172,8193,8160,8149,8154,8171,8185,8160,8195,8180,8170,8172,8137,5.979187726974487,yes,True
58,8170,8152,8171,8147,8169,8163,8185,8174,8087,8218,8182,8136,8163,8136,5.987195014953613,yes,True
59,8157,8173,8179,8147,8150,8148,8156,8166,8160,8191,8173,8176,8172,8132,5.995195150375366,yes,True
60,8142,8155,8158,8141,8145,8121,8160,8162,8056,8186,8180,8140,8165,8115,6.002986192703247,yes,True
61,8165,8170,8156,8145,8140,8115,8155,8160,8079,8171,8172,8162,8172,8124,6.010985851287842,yes,True
62,8137,8162,8151,8135,8133,8111,8138,8159,8089,8174,8175,8163,8172,8116,6.018985271453857,yes,True
63,8142,8155,8150,8148,8142,8124,8157,8165,8032,8205,8183,8135,8160,8119,6.02701210975647,yes,True
64,8164,8187,8167,8159,8130,8131,8160,8167,8146,8186,8166,8183,8168,8131,6.034534931182861,yes,True
65,8130,8147,8150,8132,8129,8108,8150,8154,8046,8181,8175,8155,8169,8121,6.043227195739746,yes,True
66,8155,8154,8159,8142,8120,8107,8138,8165,8057,8179,8173,8161,8172,8135,6.050226926803589,yes,True
67,8157,8163,8159,8141,8119,8119,8149,8169,8103,8177,8165,8158,8168,8131,6.058241367340088,yes,True
68,8134,8145,8144,8127,8145,8122,8161,8166,8021,8187,8174,8135,8166,8126,6.066551923751831,yes,True
69,8154,8170,8158,8138,8131,8118,8140,8170,8112,8160,8159,8185,8174,8130,6.07402777671814,yes,True
70,8157,8152,8155,8135,8130,8115,8151,8154,8040,8164,8166,8148,8160,8114,6.082032680511475,yes,True
71,8165,8166,8170,8152,8136,8124,8153,8154,8056,8170,8175,8157,8164,8114,6.089985609054565,yes,True
72,8146,8163,8158,8146,8129,8114,8143,8155,8100,8156,8164,8176,8169,8101,6.097986221313477,yes,True
73,8127,8129,8128,8121,8133,8108,8157,8140,7989,8165,8165,8138,8159,8102,6.105984926223755,yes,True
74,8127,8153,8145,8132,8115,8116,8141,8149,8083,8150,8162,8177,8166,8115,6.11267614364624,yes,True
75,8125,8135,8137,8133,8124,8108,8147,8155,8042,8164,8173,8150,8163,8107,6.120696067810059,yes,True
76,8162,8144,8149,8140,8136,8108,8160,8151,8049,8175,8170,8156,8170,8132,6.12898588180542,yes,True
77,8141,8153,8159,8132,8122,8106,8143,8148,8117,8169,8162,8178,8173,8134,6.136942625045776,yes,True
78,8125,8132,8136,8127,8128,8101,8145,8150,8016,8193,8177,8137,8155,8118,6.144981145858765,yes,True
78,8125,8132,8136,8127,8128,8101,8145,8150,8016,8193,8177,8137,8155,8118,6.145286798477173,yes,True
79,8178,8169,8157,8150,8129,8102,8146,8163,8113,8182,8173,8183,8164,8136,6.152291536331177,yes,True
79,8178,8169,8157,8150,8129,8102,8146,8163,8113,8182,8173,8183,8164,8136,6.153292179107666,yes,True
80,8162,8155,8170,8133,8144,8108,8163,8161,8091,8182,8184,8168,8169,8145,6.160292863845825,yes,True
80,8162,8155,8170,8133,8144,8108,8163,8161,8091,8182,8184,8168,8169,8145,6.16129469871521,yes,True
81,8163,8163,8179,8140,8148,8133,8172,8167,8085,8190,8196,8162,8169,8157,6.169293880462647,yes,True
82,8182,8181,8175,8162,8133,8139,8168,8172,8157,8172,8175,8181,8167,8150,6.176293611526489,yes,True
83,8162,8143,8153,8143,8155,8140,8180,8156,8032,8181,8175,8139,8156,8140,6.184295415878296,yes,True
84,8162,8167,8178,8144,8164,8152,8170,8171,8128,8186,8185,8182,8170,8154,6.191529035568237,yes,True
84,8162,8167,8178,8144,8164,8152,8170,8171,8128,8186,8185,8182,8170,8154,6.192270278930664,yes,True
85,8163,8167,8177,8158,8177,8147,8180,8180,8149,8206,8200,8166,8171,8141,6.199275732040405,yes,True
85,8163,8167,8177,8158,8177,8147,8180,8180,8149,8206,8200,8166,8171,8141,6.200278282165527,yes,True
86,8179,8164,8173,8169,8188,8146,8192,8170,8116,8213,8201,8159,8167,8148,6.207275867462158,yes,True
86,8179,8164,8173,8169,8188,8146,8192,8170,8116,8213,8201,8159,8167,8148,6.20827579498291,yes,True
87,8156,8177,8181,8151,8162,8136,8162,8168,8179,8184,8189,8195,8174,8148,6.215276002883911,yes,True
88,8129,8145,8155,8132,8152,8119,8150,8163,8058,8192,8191,8145,8163,8128,6.224291324615479,yes,True
89,8162,8164,8158,8156,8138,8119,8144,8162,8109,8186,8171,8170,8163,8136,6.231986999511719,yes,True
90,8146,8153,8143,8139,8140,8110,8154,8151,8088,8180,8167,8160,8165,8132,6.239985466003418,yes,True
91,8150,8142,8133,8124,8160,8115,8166,8154,8040,8187,8178,8144,8168,8140,6.246336221694946,yes,True
91,8150,8142,8133,8124,8160,8115,8166,8154,8040,8187,8178,8144,8168,8140,6.247342586517334,yes,True
92,8166,8156,8148,8136,8150,8122,8149,8162,8147,8171,8165,8185,8170,8146,6.254353046417236,yes,True
92,8166,8156,8148,8136,8150,8122,8149,8162,8147,8171,8165,8185,8170,8146,6.255341529846191,yes,True
93,8144,8130,8139,8131,8151,8107,8145,8142,8042,8175,8174,8148,8162,8138,6.262986183166504,yes,True
94,8157,8164,8160,8143,8146,8100,8136,8142,8083,8156,8173,8174,8175,8150,6.27086353302002,yes,True
95,8155,8163,8157,8145,8146,8101,8138,8155,8099,8157,8167,8171,8169,8145,6.278863430023193,yes,True
96,8187,8157,8149,8163,8162,8112,8156,8165,8060,8194,8176,8149,8162,8166,6.286854982376099,yes,True
97,8211,8187,8171,8171,8157,8116,8159,8171,8184,8189,8175,8190,8172,8186,6.294859170913696,yes,True
98,8172,8149,8153,8138,8159,8110,8175,8156,8082,8177,8177,8150,8156,8162,6.302855014801025,yes,True
99,8172,8159,8144,8143,8147,8107,8157,8157,8093,8145,8156,8169,8158,8145,6.309854745864868,yes,True
100,8159,8158,8126,8133,8152,8103,8140,8160,8111,8141,8147,8169,8166,8120,6.317986726760864,yes,True
101,8145,8144,8115,8126,8182,8119,8163,8156,8046,8177,8177,8140,8165,8124,6.325985431671143,yes,True
102,8152,8175,8142,8152,8169,8117,8161,8166,8169,8173,8187,8186,8172,8143,6.333985328674316,yes,True
103,8143,8152,8127,8147,8173,8095,8165,8161,8094,8178,8178,8147,8166,8132,6.341511964797974,yes,True
104,8151,8158,8117,8136,8173,8102,8157,8154,8090,8166,8152,8151,8169,8137,6.349511623382568,yes,True
105,8124,8157,8112,8123,8154,8102,8147,8157,8123,8159,8145,8164,8169,8133,6.357968091964722,yes,True
106,8135,8145,8110,8136,8164,8098,8169,8171,8066,8192,8162,8138,8165,8138,6.36598539352417,yes,True
107,8186,8180,8139,8162,8167,8109,8179,8185,8208,8189,8153,8182,8177,8158,6.373002052307129,yes,True
108,8169,8162,8129,8149,8189,8109,8193,8178,8177,8197,8165,8151,8174,8158,6.381250381469727,yes,True
109,8168,8170,8134,8153,8193,8106,8178,8179,8191,8192,8174,8158,8173,8163,6.38898515701294,yes,True
110,8171,8173,8141,8154,8170,8105,8166,8177,8233,8175,8166,8170,8166,8153,6.396949768066406,sil,False
111,8170,8149,8132,8141,8180,8113,8189,8167,8119,8184,8169,8130,8153,8155,6.405187368392944,sil,False
112,8169,8172,8145,8141,8172,8118,8173,8176,8197,8154,8147,8165,8159,8162,6.413215398788452,sil,False
113,8151,8148,8128,8133,8164,8112,8172,8175,8143,8153,8134,8131,8152,8145,6.421232223510742,sil,False
114,8197,8162,8142,8149,8170,8116,8189,8175,8147,8169,8142,8144,8163,8168,6.428985595703125,sil,False
115,8200,8181,8164,8152,8177,8113,8186,8186,8242,8166,8161,8183,8179,8178,6.437253713607788,sil,False
116,8180,8158,8153,8149,8199,8120,8188,8191,8158,8188,8180,8136,8164,8160,6.4439857006073,sil,False
117,8208,8190,8167,8169,8195,8127,8180,8187,8231,8178,8157,8170,8165,8160,6.451985120773315,sil,False
118,8166,8165,8143,8148,8197,8105,8175,8162,8152,8169,8151,8149,8160,8139,6.459994316101074,sil,False
119,8143,8155,8127,8147,8198,8105,8170,8163,8106,8170,8155,8134,8160,8138,6.467989921569824,sil,False
120,8146,8178,8133,8151,8184,8122,8173,8178,8205,8161,8147,8166,8170,8144,6.475986003875732,sil,False
121,8129,8148,8114,8132,8199,8125,8189,8170,8095,8172,8151,8126,8162,8137,6.484189987182617,sil,False
122,8137,8165,8119,8141,8185,8122,8169,8171,8140,8156,8126,8149,8161,8136,6.491986989974976,sil,False
123,8131,8154,8113,8132,8176,8115,8169,8169,8123,8164,8118,8144,8160,8129,6.499958276748657,sil,False
124,8157,8160,8127,8146,8189,8123,8182,8177,8111,8180,8140,8148,8170,8148,6.506958484649658,sil,False
125,8175,8184,8144,8159,8176,8121,8166,8183,8206,8157,8141,8175,8181,8151,6.514985799789429,sil,False
126,8164,8152,8121,8128,8172,8106,8157,8161,8076,8158,8142,8127,8164,8147,6.523012399673462,sil,False
127,8193,8179,8152,8141,8162,8107,8145,8162,8134,8154,8137,8171,8168,8176,6.531184911727905,sil,False
240,8203,8180,8171,8169,8179,8118,8170,8173,8167,8171,8151,8170,8176,8178,6.538920402526856,sil,False
0,8200,8165,8159,8174,8198,8128,8191,8174,8115,8180,8157,8142,8172,8175,6.546920537948608,sil,False
1,8174,8175,8148,8160,8166,8109,8157,8167,8171,8144,8130,8172,8165,8154,6.554985761642456,sil,False
2,8160,8147,8123,8149,8166,8089,8161,8154,8053,8152,8133,8130,8155,8121,6.5629799365997314,sil,False
3,8188,8171,8144,8165,8174,8107,8171,8171,8120,8158,8137,8160,8173,8133,6.569988965988159,sil,False
4,8159,8164,8140,8151,8173,8106,8169,8181,8154,8169,8133,8151,8173,8125,6.577418804168701,sil,False
5,8149,8145,8114,8140,8178,8098,8177,8168,8063,8181,8127,8116,8158,8113,6.585414409637451,sil,False
6,8158,8165,8121,8143,8162,8111,8174,8177,8150,8146,8109,8164,8165,8114,6.593661069869995,sil,False
7,8133,8143,8110,8133,8169,8114,8193,8187,8092,8161,8112,8131,8160,8113,6.601773023605347,sil,False
8,8149,8160,8110,8138,8167,8108,8187,8186,8130,8170,8100,8142,8163,8130,6.609786987304688,sil,False
9,8131,8146,8093,8117,8146,8105,8165,8170,8125,8149,8088,8144,8162,8118,6.617979288101196,sil,False
10,8129,8128,8090,8114,8138,8117,8172,8170,8037,8155,8102,8124,8163,8123,6.625985622406006,sil,False
11,8165,8168,8129,8138,8128,8122,8177,8184,8164,8150,8104,8172,8174,8140,6.633496999740601,sil,False
12,8143,8142,8118,8116,8142,8116,8182,8166,8086,8149,8111,8129,8155,8115,6.640496969223023,sil,False
13,8158,8159,8129,8132,8138,8122,8168,8168,8099,8139,8109,8140,8158,8119,6.648985385894775,sil,False
14,8194,8185,8160,8163,8129,8119,8175,8182,8176,8144,8109,8170,8173,8134,6.656949520111084,sil,False
15,8208,8166,8162,8157,8147,8120,8198,8169,8094,8159,8124,8141,8167,8139,6.66498589515686,sil,False
16,8199,8179,8165,8155,8139,8120,8174,8168,8175,8141,8120,8173,8171,8140,6.672560214996338,sil,False
17,8173,8158,8146,8152,8150,8111,8174,8176,8126,8170,8135,8142,8169,8130,6.68055534362793,sil,False
18,8204,8176,8158,8167,8159,8120,8190,8183,8152,8192,8139,8153,8173,8149,6.688991785049439,sil,False
19,8187,8186,8162,8158,8150,8120,8187,8177,8205,8172,8131,8171,8172,8145,6.696944713592529,sil,False
20,8155,8157,8131,8144,8157,8125,8190,8169,8086,8169,8138,8119,8155,8126,6.703953504562378,sil,False
21,8169,8176,8121,8147,8136,8131,8176,8172,8152,8144,8111,8140,8157,8118,6.711958885192871,sil,False
22,8137,8144,8098,8115,8128,8118,8177,8158,8075,8142,8098,8114,8154,8095,6.719990491867065,sil,False
23,8140,8150,8112,8132,8136,8127,8174,8163,8060,8147,8111,8133,8162,8110,6.727989673614502,sil,False
24,8161,8180,8130,8159,8132,8122,8161,8169,8143,8126,8112,8165,8168,8122,6.736086368560791,sil,False
25,8162,8160,8117,8143,8146,8102,8172,8162,8037,8140,8117,8122,8161,8120,6.744084596633911,sil,False
26,8179,8181,8142,8146,8135,8105,8165,8181,8143,8145,8084,8165,8174,8136,6.751084327697754,sil,False
27,8164,8163,8137,8141,8131,8109,8173,8179,8129,8154,8042,8147,8165,8132,6.759989976882935,sil,False
28,8169,8160,8131,8142,8133,8109,8173,8163,8078,8150,8020,8138,8159,8132,6.76814341545105,sil,False
29,8166,8174,8140,8144,8114,8091,8154,8169,8158,8134,8000,8169,8167,8121,6.775142669677734,sil,False
30,8162,8148,8128,8141,8128,8078,8170,8167,8067,8155,7986,8127,8158,8117,6.782980680465698,sil,False
31,8179,8175,8138,8148,8135,8087,8159,8162,8114,8134,7964,8162,8159,8124,6.79124641418457,sil,False
32,8154,8162,8127,8140,8146,8087,8149,8161,8086,8129,7969,8149,8161,8105,6.79919958114624,sil,False
33,8183,8161,8140,8159,8157,8092,8170,8169,8065,8155,7982,8138,8171,8133,6.806953191757202,sil,False
34,8199,8186,8168,8164,8142,8094,8167,8174,8165,8141,7973,8180,8181,8156,6.814997911453247,sil,False
35,8160,8155,8143,8142,8154,8093,8171,8175,8066,8158,7979,8134,8169,8140,6.823071479797363,sil,False
36,8172,8174,8134,8155,8151,8097,8174,8192,8139,8166,7964,8153,8173,8151,6.8302552700042725,sil,False
37,8155,8162,8122,8142,8148,8087,8180,8186,8139,8158,7958,8152,8172,8144,6.837481021881104,sil,False
38,8157,8161,8130,8146,8162,8092,8179,8172,8068,8164,7965,8139,8169,8142,6.845483303070068,sil,False
38,8157,8161,8130,8146,8162,8092,8179,8172,8068,8164,7965,8139,8169,8142,6.8464765548706055,sil,False
39,8200,8202,8158,8175,8154,8105,8172,8176,8179,8159,7955,8177,8177,8155,6.853989362716675,sil,False
40,8188,8170,8133,8163,8165,8106,8184,8168,8089,8164,7962,8128,8165,8151,6.861987829208374,sil,False
41,8178,8175,8138,8161,8147,8111,8160,8169,8099,8131,7940,8145,8164,8141,6.870052337646484,sil,False
42,8178,8176,8148,8159,8132,8116,8158,8171,8112,8125,7921,8155,8161,8125,6.877624034881592,sil,False
43,8200,8171,8152,8172,8163,8125,8187,8176,8073,8159,7938,8139,8162,8144,6.884631872177124,sil,False
44,8205,8200,8176,8190,8162,8126,8175,8189,8191,8148,7935,8180,8175,8159,6.8939855098724365,sil,False
45,8187,8173,8162,8170,8156,8116,8175,8180,8101,8155,7932,8143,8165,8145,6.9009857177734375,sil,False
46,8197,8181,8162,8175,8160,8119,8172,8181,8134,8159,7931,8166,8169,8157,6.9089860916137695,sil,False
47,8175,8179,8166,8183,8175,8115,8169,8191,8185,8167,7939,8173,8169,8156,6.91694974899292,sil,False
48,8182,8163,8160,8182,8187,8122,8187,8191,8103,8187,7947,8133,8159,8155,6.925200939178467,sil,False
49,8196,8185,8163,8183,8164,8128,8178,8190,8191,8158,7929,8175,8171,8158,6.932490825653076,sil,False
50,8165,8158,8139,8163,8167,8115,8175,8178,8106,8158,7926,8147,8167,8141,6.940491437911987,sil,False
51,8192,8171,8148,8168,8166,8113,8168,8176,8112,8162,7917,8157,8165,8150,6.94898533821106,sil,False
52,8178,8170,8151,8162,8148,8114,8161,8178,8162,8149,7906,8166,8163,8139,6.956948757171631,sil,False
53,8162,8147,8136,8158,8166,8125,8173,8184,8087,8168,7919,8129,8160,8140,6.96398663520813,sil,False
54,8203,8188,8159,8178,8167,8133,8168,8194,8207,8165,7917,8181,8175,8169,6.971424102783203,sil,False
54,8203,8188,8159,8178,8167,8133,8168,8194,8207,8165,7917,8181,8175,8169,6.972414255142212,sil,False
55,8185,8170,8155,8168,8165,8112,8174,8183,8153,8169,7925,8158,8172,8161,6.980413675308228,sil,False
56,8192,8169,8171,8175,8162,8106,8176,8189,8145,8167,7925,8161,8169,8171,6.987984895706177,sil,False
57,8199,8183,8185,8176,8167,8113,8171,8191,8210,8161,7920,8183,8169,8181,6.996002912521362,sil,False
58,8188,8169,8172,8173,8190,8125,8184,8181,8118,8188,7936,8144,8162,8173,7.003963470458984,sil,False
59,8212,8197,8193,8198,8179,8128,8176,8195,8231,8190,7928,8183,8177,8175,7.0119616985321045,sil,False
60,8205,8179,8187,8189,8187,8104,8175,8187,8204,8201,7938,8163,8174,8168,7.0198376178741455,sil,False
61,8212,8190,8189,8195,8203,8101,8167,8176,8174,8205,7948,8160,8169,8170,7.026951551437378,sil,False
62,8208,8201,8190,8195,8188,8102,8151,8175,8218,8181,7922,8180,8166,8151,7.03498649597168,sil,False
63,8185,8160,8159,8171,8191,8098,8162,8160,8088,8177,7917,8140,8156,8141,7.042434453964233,sil,False
64,8197,8187,8175,8184,8188,8107,8160,8173,8182,8163,7923,8181,8173,8164,7.0507752895355225,sil,False
65,8186,8175,8168,8175,8178,8103,8170,8187,8183,8175,7926,8162,8175,8159,7.058981418609619,sil,False
66,8173,8154,8144,8157,8167,8094,8167,8180,8131,8179,7914,8144,8168,8159,7.067090034484863,sil,False
67,8147,8165,8134,8150,8156,8083,8144,8175,8184,8158,7900,8171,8166,8153,7.074493169784546,sil,False
67,8147,8165,8134,8150,8156,8083,8144,8175,8184,8158,7900,8171,8166,8153,7.075490951538086,sil,False
68,8147,8154,8125,8148,8176,8094,8162,8173,8076,8173,7914,8136,8152,8142,7.082493305206299,sil,False
69,8183,8180,8155,8164,8166,8109,8155,8180,8146,8165,7912,8178,8162,8155,7.090986013412476,sil,False
70,8173,8165,8161,8160,8163,8096,8146,8180,8157,8174,7928,8172,8169,8156,7.097448110580444,sil,False
71,8200,8170,8171,8178,8191,8099,8169,8185,8152,8203,7956,8160,8173,8179,7.105457305908203,sil,False
71,8200,8170,8171,8178,8191,8099,8169,8185,8152,8203,7956,8160,8173,8179,7.106448411941528,sil,False
72,8210,8199,8188,8197,8196,8113,8173,8190,8263,8188,7948,8195,8176,8179,7.113448858261108,sil,False
73,8178,8166,8163,8183,8207,8115,8179,8182,8146,8189,7944,8147,8160,8144,7.122237682342529,sil,False
74,8196,8186,8171,8189,8198,8120,8171,8187,8185,8179,7937,8175,8167,8147,7.129538059234619,sil,False
75,8175,8180,8178,8181,8192,8115,8164,8184,8191,8191,7950,8177,8173,8139,7.137565851211548,sil,False
76,8182,8174,8185,8196,8207,8117,8174,8183,8142,8225,7972,8157,8172,8142,7.145985841751099,sil,False
76,8182,8174,8185,8196,8207,8117,8174,8183,8142,8225,7972,8157,8172,8142,7.14639687538147,sil,False
77,8213,8204,8198,8209,8205,8118,8174,8188,8243,8203,7960,8193,8177,8150,7.153985500335693,sil,False
78,8178,8163,8164,8174,8217,8106,8175,8171,8113,8187,7954,8141,8159,8126,7.160813093185425,sil,False
79,8171,8170,8159,8176,8199,8098,8156,8170,8112,8168,7936,8154,8158,8120,7.168804168701172,sil,False
80,8171,8174,8159,8180,8180,8087,8162,8167,8131,8161,7931,8166,8164,8122,7.176837682723999,sil,False
81,8179,8163,8160,8177,8203,8094,8178,8159,8062,8174,7956,8148,8167,8142,7.184990406036377,sil,False
82,8180,8186,8178,8180,8195,8105,8153,8173,8174,8162,7958,8186,8175,8150,7.192927837371826,sil,False
83,8161,8158,8158,8168,8193,8100,8160,8180,8110,8181,7960,8145,8162,8134,7.200927257537842,sil,False
84,8195,8177,8171,8184,8197,8107,8173,8185,8148,8193,7964,8169,8171,8157,7.208991765975952,sil,False
85,8193,8193,8187,8189,8202,8105,8177,8189,8217,8192,7974,8187,8184,8165,7.216953039169311,sil,False
86,8196,8179,8182,8189,8215,8101,8187,8193,8159,8209,7987,8154,8177,8171,7.224989175796509,sil,False
87,8226,8200,8209,8201,8200,8106,8178,8202,8264,8199,7977,8197,8176,8189,7.231988430023193,sil,False
88,8206,8176,8213,8196,8204,8107,8191,8195,8209,8214,7995,8166,8167,8180,7.239692687988281,sil,False
89,8209,8190,8218,8214,8200,8112,8183,8199,8216,8209,7995,8169,8169,8178,7.247694730758667,sil,False
90,8200,8197,8207,8208,8193,8111,8164,8195,8245,8185,7981,8184,8169,8164,7.255692720413208,sil,False
91,8187,8169,8190,8192,8216,8116,8186,8186,8148,8209,7997,8148,8165,8162,7.263693809509277,sil,False
92,8194,8190,8194,8195,8199,8117,8184,8191,8238,8198,7984,8175,8172,8168,7.271692037582397,sil,False
93,8154,8159,8156,8168,8189,8101,8172,8168,8128,8168,7964,8132,8152,8132,7.27969217300415,sil,False
94,8148,8160,8155,8176,8192,8107,8165,8160,8076,8151,7958,8138,8147,8118,7.287693738937378,sil,False
95,8153,8175,8176,8189,8184,8115,8169,8178,8166,8164,7959,8171,8163,8120,7.294692516326904,sil,False
96,8149,8153,8158,8174,8194,8121,8189,8182,8093,8197,7975,8127,8164,8133,7.302695035934448,sil,False
97,8162,8180,8166,8181,8181,8127,8171,8187,8181,8179,7975,8166,8166,8150,7.310695886611938,sil,False
98,8155,8164,8164,8172,8177,8115,8168,8178,8147,8178,7980,8152,8156,8135,7.318696975708008,sil,False
99,8190,8168,8173,8173,8178,8116,8170,8173,8128,8183,7974,8150,8162,8148,7.326696872711182,sil,False
100,8191,8183,8185,8170,8163,8123,8156,8174,8200,8172,7967,8179,8177,8156,7.334776639938354,sil,False
101,8164,8152,8178,8165,8175,8129,8170,8170,8096,8190,7989,8142,8168,8148,7.342826843261719,sil,False
102,8192,8183,8202,8204,8171,8127,8168,8185,8191,8174,7986,8180,8172,8155,7.350781440734863,sil,False
103,8194,8185,8197,8216,8168,8115,8169,8194,8195,8185,7991,8167,8172,8141,7.359225988388061,sil,False
104,8211,8185,8203,8225,8174,8131,8186,8201,8173,8222,8012,8156,8175,8151,7.3652262687683105,sil,False
104,8211,8185,8203,8225,8174,8131,8186,8201,8173,8222,8012,8156,8175,8151,7.366226434707642,sil,False
105,8217,8198,8225,8240,8171,8145,8195,8210,8294,8227,8024,8192,8185,8165,7.373986721038818,sil,False
106,8191,8175,8207,8233,8197,8139,8213,8204,8230,8251,8052,8152,8179,8166,7.381986856460571,sil,False
107,8188,8196,8211,8234,8199,8144,8198,8204,8290,8239,8051,8180,8186,8176,7.389984846115112,sil,False
108,8170,8178,8203,8221,8191,8146,8194,8205,8275,8236,8043,8167,8177,8154,7.397872686386108,sil,False
109,8192,8176,8195,8228,8191,8146,8208,8212,8231,8261,8044,8149,8167,8148,7.405893325805664,sil,False
110,8199,8199,8186,8224,8166,8136,8193,8203,8305,8233,8022,8178,8172,8144,7.413986206054687,sil,False
111,8149,8150,8142,8192,8166,8127,8182,8170,8148,8197,8007,8123,8155,8115,7.42098593711853,sil,False
112,8148,8163,8150,8199,8152,8137,8166,8174,8168,8168,7995,8146,8156,8103,7.429166078567505,sil,False
113,8157,8174,8162,8201,8143,8130,8178,8179,8197,8177,7998,8155,8161,8102,7.437126159667969,sil,False
114,8178,8162,8167,8199,8163,8124,8186,8167,8135,8192,8014,8144,8159,8130,7.444975137710571,sil,False
115,8179,8183,8191,8203,8153,8132,8163,8179,8242,8170,8014,8182,8169,8141,7.452987670898437,sil,False
116,8163,8167,8181,8203,8160,8141,8198,8188,8195,8190,8029,8138,8164,8129,7.461005687713623,sil,False
117,8205,8197,8200,8232,8174,8148,8210,8196,8273,8205,8044,8173,8176,8160,7.469043493270874,sil,False
118,8198,8193,8209,8228,8174,8122,8163,8192,8291,8208,8049,8185,8180,8153,7.47694993019104,sil,False
119,8182,8161,8190,8212,8167,8105,8142,8177,8161,8206,8041,8143,8167,8124,7.4849865436553955,sil,False
120,8192,8183,8195,8213,8155,8120,8151,8178,8246,8166,8033,8184,8172,8123,7.4927451610565186,sil,False
121,8162,8163,8177,8198,8176,8134,8175,8185,8187,8178,8049,8150,8168,8113,7.499744892120361,sil,False
122,8169,8169,8165,8199,8169,8140,8169,8189,8188,8189,8030,8149,8163,8111,7.507985115051269,sil,False
123,8153,8161,8148,8188,8145,8129,8164,8174,8198,8169,8013,8157,8156,8100,7.515832185745239,sil,False
124,8145,8149,8144,8189,8169,8135,8190,8183,8140,8193,8046,8135,8162,8112,7.52384090423584,sil,False
125,8181,8187,8177,8214,8183,8149,8193,8211,8295,8208,8049,8183,8180,8143,7.5319859981536865,sil,False
126,8157,8154,8156,8191,8184,8138,8186,8182,8210,8201,8041,8143,8164,8128,7.539985179901123,sil,False
127,8151,8158,8147,8186,8170,8135,8170,8163,8163,8173,8025,8143,8164,8121,7.54800534248352,sil,False
240,8166,8177,8158,8190,8169,8135,8169,8180,8228,8168,8020,8167,8176,8129,7.555005788803101,sil,False
0,8176,8158,8159,8186,8189,8133,8184,8181,8149,8194,8050,8133,8167,8146,7.562986373901367,sil,False
1,8185,8188,8179,8201,8168,8130,8167,8180,8226,8175,8045,8173,8169,8141,7.570985555648804,sil,False
2,8173,8170,8166,8195,8178,8128,8184,8181,8180,8192,8042,8154,8166,8119,7.578732490539551,sil,False
3,8190,8168,8170,8196,8198,8140,8191,8191,8189,8209,8053,8162,8171,8141,7.586731433868408,sil,False
4,8178,8179,8183,8197,8179,8135,8163,8188,8253,8177,8051,8184,8174,8136,7.594979763031006,sil,False
5,8183,8166,8177,8208,8191,8136,8183,8179,8152,8190,8067,8142,8168,8127,7.602986812591553,sil,False
6,8211,8199,8198,8228,8201,8152,8200,8197,8269,8202,8079,8187,8187,8157,7.610501527786255,sil,False
7,8169,8171,8178,8197,8203,8141,8202,8201,8241,8208,8082,8166,8177,8146,7.618509292602539,sil,False
8,8176,8164,8164,8190,8197,8139,8197,8197,8181,8203,8070,8150,8159,8141,7.625986099243164,sil,False
9,8179,8181,8171,8198,8182,8150,8181,8191,8259,8181,8061,8176,8168,8150,7.634032964706421,sil,False
10,8145,8153,8149,8189,8192,8149,8182,8177,8175,8200,8075,8140,8166,8151,7.641988754272461,sil,False
11,8175,8172,8161,8201,8185,8141,8169,8184,8239,8196,8062,8179,8170,8160,7.649985551834106,sil,False
12,8173,8154,8162,8189,8186,8137,8171,8180,8205,8191,8065,8163,8164,8151,7.657985687255859,sil,False
13,8163,8153,8160,8192,8190,8146,8173,8181,8169,8191,8081,8143,8162,8157,7.666198492050171,sil,False
14,8178,8182,8170,8206,8171,8148,8167,8201,8280,8180,8070,8179,8171,8164,7.674199104309082,sil,False
15,8185,8151,8163,8193,8176,8148,8191,8195,8186,8196,8068,8144,8161,8167,7.682210206985474,sil,False
16,8176,8162,8176,8189,8159,8146,8169,8180,8212,8166,8055,8171,8161,8166,7.689218521118164,sil,False
17,8136,8159,8158,8171,8153,8138,8151,8173,8173,8152,8055,8156,8160,8127,7.6973230838775635,sil,False
18,8176,8162,8154,8184,8179,8158,8178,8180,8128,8189,8070,8144,8165,8132,7.705302476882935,sil,False
19,8198,8181,8182,8204,8185,8170,8177,8189,8260,8191,8072,8196,8173,8149,7.712987661361694,sil,False
20,8157,8155,8172,8190,8201,8167,8177,8184,8183,8202,8099,8155,8164,8132,7.721285104751587,sil,False
21,8193,8188,8186,8203,8194,8178,8174,8191,8238,8203,8102,8177,8175,8148,7.728985548019409,sil,False
22,8193,8177,8177,8192,8183,8170,8167,8178,8237,8188,8082,8174,8166,8148,7.736891031265259,sil,False
23,8160,8144,8153,8175,8192,8166,8154,8164,8129,8179,8073,8135,8152,8133,7.7448930740356445,sil,False
24,8169,8172,8157,8188,8175,8177,8144,8181,8223,8168,8060,8171,8167,8136,7.751899242401123,sil,False
25,8164,8147,8140,8175,8179,8176,8167,8178,8142,8182,8069,8145,8162,8145,7.759985446929932,sil,False
26,8168,8152,8152,8173,8182,8185,8164,8181,8173,8169,8074,8168,8164,8163,7.767984867095947,sil,False
27,8171,8165,8160,8181,8181,8190,8171,8196,8240,8183,8081,8176,8171,8159,7.77600622177124,sil,False
28,8194,8164,8158,8192,8196,8194,8195,8197,8183,8214,8101,8151,8172,8173,7.784005880355835,sil,False
29,8198,8184,8178,8196,8184,8190,8173,8188,8262,8180,8097,8192,8174,8185,7.791986227035522,sil,False
30,8179,8159,8164,8185,8195,8181,8176,8178,8189,8191,8101,8155,8164,8169,7.799984931945801,sil,False
31,8209,8181,8168,8201,8211,8192,8183,8189,8227,8210,8097,8173,8178,8181,7.807475805282593,sil,False
32,8182,8177,8162,8184,8194,8194,8168,8183,8249,8187,8077,8183,8171,8152,7.815479278564453,sil,False
32,8182,8177,8162,8184,8194,8194,8168,8183,8249,8187,8077,8183,8171,8152,7.816489219665527,sil,False
33,8157,8144,8145,8170,8191,8197,8169,8166,8118,8183,8071,8136,8147,8125,7.822493076324463,sil,False
33,8157,8144,8145,8170,8191,8197,8169,8166,8118,8183,8071,8136,8147,8125,7.82349967956543,sil,False
34,8188,8185,8177,8200,8197,8219,8168,8178,8239,8181,8082,8188,8170,8153,7.830645561218262,sil,False
35,8183,8175,8178,8199,8219,8231,8182,8187,8226,8213,8116,8178,8178,8163,7.8386616706848145,sil,False
36,8196,8176,8177,8200,8213,8229,8181,8186,8210,8219,8100,8174,8163,8157,7.846949100494385,sil,False
37,8169,8168,8169,8190,8194,8214,8163,8174,8225,8180,8073,8174,8156,8131,7.854986906051636,sil,False
38,8143,8140,8147,8184,8210,8213,8176,8174,8122,8189,8096,8137,8158,8118,7.862771987915039,sil,False
38,8143,8140,8147,8184,8210,8213,8176,8174,8122,8189,8096,8137,8158,8118,7.863768100738525,sil,False
39,8176,8175,8158,8196,8205,8213,8177,8191,8226,8193,8089,8186,8173,8136,7.870774269104004,sil,False
40,8152,8153,8132,8174,8210,8199,8182,8181,8161,8189,8079,8155,8162,8129,7.87898588180542,sil,False
41,8146,8146,8122,8175,8211,8207,8185,8179,8119,8176,8074,8142,8155,8121,7.885986566543579,sil,False
42,8153,8154,8132,8172,8187,8200,8174,8181,8178,8150,8055,8166,8159,8113,7.894427537918091,sil,False
43,8137,8125,8122,8151,8188,8174,8168,8162,8054,8155,8068,8132,8157,8117,7.901920557022095,sil,False
44,8159,8156,8148,8173,8176,8173,8148,8167,8138,8156,8075,8177,8169,8136,7.909920454025267,sil,False
45,8166,8153,8158,8179,8183,8170,8159,8170,8139,8180,8081,8164,8168,8130,7.91797947883606,sil,False
46,8176,8159,8162,8180,8195,8165,8164,8164,8105,8186,8090,8154,8167,8140,7.926018476486206,sil,False
47,8162,8173,8155,8182,8175,8153,8153,8172,8168,8165,8082,8180,8171,8136,7.934062480926514,sil,False
48,8148,8143,8134,8174,8193,8149,8170,8171,8075,8186,8086,8140,8164,8121,7.942055463790893,sil,False
49,8166,8171,8159,8185,8202,8162,8154,8174,8170,8176,8088,8177,8172,8128,7.94898533821106,sil,False
50,8140,8155,8148,8173,8190,8165,8165,8167,8148,8166,8094,8156,8163,8110,7.957013845443726,sil,False
51,8144,8146,8136,8175,8191,8162,8197,8161,8086,8178,8096,8137,8163,8113,7.965007781982422,sil,False
51,8144,8146,8136,8175,8191,8162,8197,8161,8086,8178,8096,8137,8163,8113,7.965439558029175,sil,False
52,8156,8174,8152,8187,8191,8146,8167,8171,8190,8170,8089,8183,8176,8121,7.9734320640563965,sil,False
53,8143,8149,8135,8172,8212,8140,8150,8175,8103,8190,8101,8143,8164,8122,7.981436491012573,sil,False
54,8157,8162,8137,8172,8209,8152,8150,8184,8163,8187,8095,8166,8167,8139,7.989453077316284,sil,False
55,8136,8157,8124,8165,8200,8146,8158,8184,8159,8181,8087,8161,8169,8121,7.996944904327393,sil,False
56,8150,8156,8123,8169,8202,8153,8177,8187,8098,8190,8093,8140,8166,8127,8.005127429962158,sil,False
56,8150,8156,8123,8169,8202,8153,8177,8187,8098,8190,8093,8140,8166,8127,8.005637168884277,sil,False
57,8177,8182,8155,8179,8193,8166,8181,8203,8234,8182,8096,8188,8173,8151,8.013186693191528,sil,False
58,8162,8155,8151,8171,8208,8164,8190,8193,8165,8202,8114,8157,8167,8150,8.020154476165771,sil,False
59,8175,8171,8159,8184,8209,8170,8177,8178,8175,8183,8106,8170,8173,8151,8.027984857559204,sil,False
60,8165,8167,8163,8178,8208,8172,8182,8174,8182,8164,8108,8165,8172,8135,8.036333084106445,sil,False
61,8179,8156,8170,8184,8219,8171,8196,8181,8132,8186,8129,8151,8166,8144,8.044333219528198,sil,False
62,8191,8190,8191,8199,8205,8166,8177,8189,8229,8170,8126,8198,8173,8160,8.052375316619873,sil,False
63,8163,8169,8174,8189,8219,8170,8191,8184,8131,8177,8138,8153,8166,8145,8.06036639213562,sil,False
64,8185,8184,8181,8205,8228,8177,8205,8187,8151,8182,8136,8165,8170,8150,8.067985773086548,sil,False
65,8173,8181,8179,8201,8218,8153,8183,8181,8174,8180,8128,8176,8167,8141,8.076009273529053,sil,False
66,8161,8158,8163,8189,8221,8142,8171,8175,8068,8187,8133,8139,8163,8135,8.083008050918579,sil,False
67,8183,8188,8179,8197,8201,8149,8172,8190,8169,8172,8124,8180,8178,8153,8.091092824935913,sil,False
68,8167,8168,8168,8186,8208,8139,8198,8193,8135,8201,8143,8151,8170,8155,8.099088430404663,sil,False
69,8188,8185,8174,8198,8210,8145,8202,8203,8171,8218,8147,8159,8172,8161,8.10708475112915,sil,False
70,8183,8186,8179,8191,8189,8149,8189,8205,8204,8197,8132,8178,8182,8151,8.115107297897339,sil,False
71,8154,8148,8160,8175,8190,8140,8186,8188,8082,8199,8139,8147,8173,8146,8.122986316680908,sil,False
72,8171,8172,8166,8188,8172,8139,8170,8188,8166,8188,8127,8184,8170,8147,8.130635023117065,sil,False
73,8173,8164,8167,8180,8175,8148,8177,8182,8109,8200,8135,8157,8162,8128,8.138683795928955,sil,False
74,8185,8177,8188,8188,8177,8155,8172,8183,8110,8200,8146,8167,8170,8143,8.146691799163818,sil,False
75,8182,8183,8182,8185,8160,8137,8161,8187,8171,8180,8125,8185,8172,8138,8.153985738754272,sil,False
76,8181,8158,8162,8169,8175,8142,8186,8182,8054,8188,8123,8146,8158,8121,8.161752223968506,sil,False
77,8188,8187,8194,8185,8175,8167,8180,8190,8147,8168,8127,8192,8168,8124,8.169761657714844,sil,False
78,8159,8166,8174,8179,8174,8153,8171,8180,8109,8173,8126,8157,8161,8103,8.17778730392456,sil,False
79,8175,8158,8152,8168,8177,8143,8172,8167,8057,8181,8117,8145,8155,8105,8.185786008834839,sil,False
80,8169,8167,8167,8161,8163,8147,8161,8164,8114,8154,8114,8181,8162,8105,8.194170236587524,sil,False
81,8160,8149,8162,8171,8173,8150,8173,8167,8035,8165,8135,8144,8162,8104,8.201986074447632,sil,False
82,8193,8181,8174,8190,8171,8145,8170,8179,8137,8162,8130,8177,8175,8125,8.210209369659424,sil,False
83,8164,8159,8159,8165,8168,8126,8169,8177,8115,8168,8133,8156,8167,8117,8.216766357421875,sil,False
84,8175,8156,8157,8175,8170,8136,8181,8192,8103,8197,8148,8148,8165,8135,8.224782466888428,sil,False
85,8191,8178,8165,8187,8160,8149,8176,8197,8210,8200,8147,8186,8179,8145,8.232980012893677,sil,False
86,8154,8140,8140,8159,8165,8140,8172,8169,8072,8192,8151,8142,8166,8119,8.240985870361328,sil,False
87,8171,8164,8161,8173,8149,8139,8163,8178,8114,8165,8134,8174,8162,8122,8.249241590499878,sil,False
88,8182,8165,8171,8178,8157,8140,8181,8193,8137,8180,8137,8174,8164,8126,8.25724482536316,sil,False
89,8177,8155,8160,8175,8173,8143,8187,8192,8088,8190,8153,8154,8165,8125,8.265255451202393,sil,False
90,8173,8177,8162,8185,8156,8147,8172,8200,8154,8160,8143,8182,8167,8108,8.273016452789307,sil,False
91,8174,8159,8159,8185,8180,8159,8197,8195,8070,8183,8158,8152,8162,8100,8.279653787612915,sil,False
92,8186,8178,8177,8190,8187,8168,8184,8189,8145,8184,8167,8185,8176,8113,8.287343263626099,sil,False
92,8186,8178,8177,8190,8187,8168,8184,8189,8145,8184,8167,8185,8176,8113,8.288342475891113,sil,False
93,8158,8167,8158,8176,8173,8155,8162,8190,8145,8175,8162,8166,8171,8092,8.295757532119751,sil,False
94,8174,8156,8142,8170,8180,8160,8175,8187,8057,8187,8154,8134,8158,8091,8.303757190704346,sil,False
95,8172,8176,8150,8163,8172,8172,8169,8181,8137,8158,8131,8181,8166,8099,8.311985731124878,sil,False
96,8129,8144,8123,8150,8177,8165,8177,8180,8059,8167,8130,8140,8160,8090,8.319822549819946,sil,False
96,8129,8144,8123,8150,8177,8165,8177,8180,8059,8167,8130,8140,8160,8090,8.32082223892212,sil,False
97,8163,8165,8128,8166,8172,8160,8182,8194,8128,8182,8125,8159,8164,8119,8.327823162078857,sil,False
98,8161,8158,8131,8151,8158,8146,8174,8184,8150,8173,8134,8174,8166,8127,8.335337162017822,sil,False
98,8161,8158,8131,8151,8158,8146,8174,8184,8150,8173,8134,8174,8166,8127,8.336329221725464,sil,False
99,8153,8141,8133,8154,8164,8139,8169,8181,8059,8183,8154,8156,8170,8130,8.343330383300781,sil,False
100,8196,8185,8169,8188,8173,8140,8170,8207,8194,8190,8146,8201,8178,8148,8.350328922271729,sil,False
101,8191,8163,8164,8176,8196,8134,8193,8194,8143,8202,8154,8159,8159,8144,8.358327388763428,sil,False
101,8191,8163,8164,8176,8196,8134,8193,8194,8143,8202,8154,8159,8159,8144,8.359328031539917,sil,False
102,8187,8169,8168,8179,8187,8139,8181,8181,8148,8178,8156,8168,8163,8142,8.36732816696167,sil,False
103,8184,8177,8167,8181,8168,8135,8167,8186,8182,8172,8146,8181,8168,8134,8.375328779220581,sil,False
104,8193,8163,8164,8176,8179,8144,8182,8184,8110,8201,8153,8151,8160,8141,8.383329629898071,sil,False
105,8194,8192,8193,8196,8175,8162,8171,8190,8236,8189,8165,8197,8175,8146,8.390330076217651,sil,False
105,8194,8192,8193,8196,8175,8162,8171,8190,8236,8189,8165,8197,8175,8146,8.391329288482666,sil,False
106,8163,8164,8173,8186,8188,8151,8173,8186,8160,8196,8177,8159,8166,8111,8.399269580841064,sil,False
107,8177,8156,8152,8174,8179,8146,8166,8178,8115,8188,8149,8150,8156,8099,8.405986070632935,sil,False
108,8165,8156,8144,8155,8150,8147,8149,8165,8136,8161,8126,8163,8158,8087,8.414002180099487,sil,False
109,8150,8141,8132,8146,8170,8153,8164,8160,8038,8178,8142,8136,8157,8085,8.422024011611938,sil,False
110,8157,8164,8149,8163,8177,8159,8162,8176,8138,8175,8145,8182,8169,8103,8.429985284805298,sil,False
111,8127,8141,8140,8151,8175,8151,8162,8173,8101,8180,8159,8158,8166,8105,8.437817573547363,sil,False
112,8151,8158,8149,8158,8170,8145,8154,8177,8111,8190,8168,8162,8169,8126,8.445816278457642,sil,False
113,8173,8171,8164,8169,8168,8141,8149,8194,8189,8201,8172,8185,8178,8137,8.453883409500122,sil,False
114,8174,8150,8158,8172,8189,8152,8174,8202,8135,8230,8192,8155,8172,8147,8.461940288543701,sil,False
115,8191,8188,8172,8183,8176,8159,8170,8203,8238,8203,8172,8193,8168,8154,8.470009565353394,sil,False
116,8180,8166,8161,8169,8174,8145,8175,8184,8152,8185,8165,8164,8161,8137,8.47700810432434,sil,False
117,8200,8162,8175,8180,8183,8147,8178,8183,8117,8184,8184,8170,8175,8161,8.484986782073975,sil,False
118,8190,8183,8192,8185,8180,8151,8166,8191,8209,8168,8186,8198,8175,8168,8.492986917495728,sil,False
119,8163,8161,8175,8180,8201,8167,8187,8198,8120,8193,8196,8143,8156,8146,8.500985622406006,sil,False
120,8198,8187,8189,8199,8192,8179,8185,8216,8220,8200,8187,8183,8170,8151,8.509245872497559,sil,False
121,8200,8169,8184,8182,8190,8160,8175,8201,8206,8202,8186,8181,8171,8151,8.516927719116211,sil,False
122,8191,8165,8187,8182,8210,8159,8169,8183,8157,8192,8201,8166,8163,8156,8.524918794631958,sil,False
123,8179,8192,8204,8199,8206,8165,8160,8196,8247,8176,8200,8195,8172,8148,8.53335189819336,sil,False
124,8184,8168,8191,8193,8218,8161,8186,8201,8173,8218,8205,8160,8169,8148,8.540987014770508,sil,False
125,8208,8182,8198,8197,8210,8166,8185,8201,8246,8217,8202,8188,8172,8176,8.547985315322876,sil,False
126,8165,8166,8179,8183,8200,8165,8173,8193,8222,8198,8208,8171,8168,8157,8.556007146835327,sil,False
127,8167,8162,8168,8185,8202,8167,8182,8192,8144,8201,8185,8148,8158,8145,8.564006805419922,sil,False
240,8184,8183,8181,8183,8183,8161,8177,8191,8216,8176,8129,8178,8156,8149,8.572176456451416,sil,False
0,8137,8142,8150,8151,8180,8144,8165,8163,8093,8173,8144,8130,8147,8132,8.57998514175415,sil,False
1,8144,8163,8153,8163,8167,8142,8140,8164,8127,8163,8180,8166,8164,8136,8.588000774383545,sil,False
2,8180,8175,8183,8178,8175,8152,8160,8189,8187,8182,8198,8186,8171,8149,8.596006870269775,sil,False
3,8207,8166,8210,8189,8211,8175,8198,8198,8181,8224,8219,8173,8170,8178,8.603028297424316,sil,False
4,8200,8187,8221,8200,8210,8180,8179,8203,8291,8210,8229,8211,8177,8188,8.610446453094482,sil,False
4,8200,8187,8221,8200,8210,8180,8179,8203,8291,8210,8229,8211,8177,8188,8.61143946647644,sil,False
5,8183,8172,8200,8194,8219,8164,8173,8196,8194,8204,8233,8166,8167,8166,8.61845326423645,sil,False
6,8222,8196,8225,8212,8229,8163,8176,8193,8231,8201,8219,8186,8177,8177,8.626861095428467,sil,False
7,8198,8185,8224,8205,8228,8159,8178,8193,8265,8207,8226,8194,8176,8170,8.634560585021973,yes,True
8,8170,8161,8186,8192,8227,8153,8180,8195,8169,8221,8228,8153,8160,8151,8.642979383468628,yes,True
9,8185,8190,8183,8192,8200,8147,8165,8188,8240,8194,8190,8180,8164,8143,8.650991916656494,yes,True
10,8162,8158,8167,8166,8204,8140,8172,8167,8150,8194,8194,8152,8159,8134,8.658992052078247,yes,True
11,8161,8166,8173,8173,8208,8151,8161,8176,8177,8193,8211,8178,8164,8152,8.666942834854126,yes,True
12,8152,8175,8168,8181,8195,8154,8149,8184,8226,8180,8205,8185,8165,8144,8.673877239227295,yes,True
13,8166,8157,8158,8185,8204,8162,8173,8184,8137,8194,8214,8148,8159,8145,8.681877374649048,yes,True
14,8203,8183,8185,8201,8195,8167,8177,8196,8241,8186,8218,8196,8168,8170,8.689980030059814,yes,True
15,8175,8151,8169,8178,8193,8147,8170,8175,8156,8172,8227,8169,8164,8163,8.698400974273682,yes,True
16,8177,8161,8175,8179,8199,8147,8154,8172,8135,8153,8234,8176,8173,8166,8.705986022949219,yes,True
17,8192,8185,8193,8197,8206,8154,8159,8198,8221,8162,8237,8195,8175,8165,8.713973760604858,yes,True
18,8200,8162,8173,8201,8231,8164,8193,8200,8156,8199,8246,8157,8159,8167,8.721992015838623,yes,True
19,8209,8180,8188,8203,8227,8182,8187,8205,8267,8185,8250,8207,8175,8179,8.729986667633057,yes,True
20,8182,8164,8188,8181,8227,8175,8185,8213,8254,8202,8275,8191,8179,8169,8.736949682235718,yes,True
21,8196,8170,8178,8190,8218,8154,8180,8210,8233,8217,8259,8176,8169,8171,8.745004177093506,yes,True
22,8202,8183,8174,8196,8206,8140,8171,8193,8257,8182,8225,8190,8169,8158,8.753056526184082,yes,True
23,8188,8163,8171,8181,8228,8141,8189,8181,8143,8179,8245,8161,8171,8152,8.760762691497803,yes,True
24,8185,8182,8188,8186,8208,8139,8179,8193,8225,8173,8243,8197,8177,8166,8.768837928771973,yes,True
25,8163,8163,8162,8183,8190,8131,8187,8194,8183,8186,8223,8166,8159,8154,8.776850938796997,yes,True
26,8182,8164,8151,8185,8192,8141,8194,8191,8142,8191,8214,8156,8156,8159,8.784850835800171,yes,True
27,8167,8168,8163,8167,8177,8134,8168,8195,8224,8174,8211,8190,8173,8161,8.79298996925354,yes,True
28,8150,8142,8165,8164,8187,8128,8175,8196,8156,8195,8232,8151,8168,8163,8.800981044769287,yes,True
29,8206,8183,8198,8202,8184,8137,8177,8196,8240,8179,8225,8190,8167,8184,8.807868003845215,yes,True
30,8197,8170,8192,8187,8184,8131,8176,8184,8192,8162,8216,8179,8162,8175,8.815844058990479,yes,True
31,8180,8164,8194,8182,8197,8140,8187,8201,8148,8171,8225,8160,8163,8178,8.823861837387085,yes,True
32,8200,8201,8224,8209,8191,8148,8191,8222,8289,8173,8227,8201,8173,8182,8.831990242004395,yes,True
33,8210,8179,8211,8200,8200,8139,8194,8199,8197,8196,8233,8165,8162,8170,8.840250253677368,yes,True
34,8214,8190,8214,8195,8193,8144,8173,8191,8221,8182,8223,8189,8166,8177,8.84798789024353,yes,True
35,8170,8179,8202,8189,8180,8153,8174,8194,8214,8172,8226,8180,8166,8156,8.856245517730713,yes,True
36,8177,8173,8185,8200,8178,8166,8193,8191,8145,8176,8229,8158,8160,8144,8.86395812034607,yes,True
37,8200,8193,8190,8201,8168,8167,8191,8193,8214,8153,8212,8191,8165,8142,8.870963335037231,yes,True
38,8154,8157,8164,8170,8181,8155,8202,8193,8119,8168,8229,8148,8161,8127,8.878989696502686,yes,True
39,8147,8175,8165,8183,8171,8155,8194,8209,8184,8171,8226,8171,8173,8134,8.886951208114624,yes,True
40,8161,8172,8165,8183,8157,8144,8183,8200,8202,8170,8205,8169,8170,8128,8.894989490509033,yes,True
41,8178,8154,8159,8173,8168,8138,8186,8182,8119,8186,8216,8146,8165,8135,8.903400421142578,yes,True
42,8176,8180,8179,8188,8156,8137,8172,8196,8234,8170,8230,8197,8179,8149,8.910900115966797,yes,True
43,8162,8155,8175,8189,8159,8124,8183,8199,8163,8181,8235,8164,8170,8142,8.91891074180603,yes,True
44,8202,8171,8187,8194,8157,8124,8188,8194,8177,8180,8217,8178,8166,8152,8.92694902420044,yes,True
45,8180,8174,8184,8183,8160,8124,8179,8188,8201,8164,8220,8186,8162,8138,8.934985160827637,yes,True
46,8166,8159,8181,8192,8181,8123,8181,8189,8129,8178,8246,8162,8165,8137,8.941985607147217,yes,True
47,8211,8191,8204,8212,8161,8124,8178,8200,8246,8181,8245,8206,8182,8163,8.949635028839111,yes,True
48,8199,8170,8187,8185,8156,8124,8195,8196,8184,8187,8256,8172,8173,8163,8.957651853561401,yes,True
48,8199,8170,8187,8185,8156,8124,8195,8196,8184,8187,8256,8172,8173,8163,8.958645582199097,yes,True
49,8189,8178,8191,8187,8156,8126,8185,8196,8182,8174,8249,8180,8171,8160,8.965985774993896,yes,True
50,8184,8183,8192,8197,8146,8118,8173,8186,8203,8161,8220,8191,8170,8142,8.97398591041565,yes,True
51,8191,8166,8174,8191,8157,8128,8200,8177,8100,8168,8226,8153,8167,8142,8.981985807418823,yes,True
52,8184,8184,8175,8188,8152,8133,8193,8185,8192,8151,8235,8190,8175,8148,8.990008115768433,yes,True
53,8139,8154,8141,8170,8157,8114,8184,8179,8132,8167,8239,8161,8164,8117,8.997016906738281,yes,True
54,8167,8165,8139,8173,8153,8122,8191,8190,8148,8183,8232,8169,8169,8127,9.005046129226685,yes,True
55,8170,8171,8158,8168,8143,8127,8194,8206,8229,8178,8236,8194,8183,8149,9.013042211532593,yes,True
56,8149,8142,8154,8167,8158,8115,8196,8199,8136,8200,8259,8161,8173,8155,9.020987033843994,yes,True
57,8184,8179,8174,8192,8144,8114,8186,8208,8241,8198,8251,8204,8176,8167,9.028985500335692,yes,True
58,8188,8169,8172,8179,8151,8117,8203,8212,8220,8199,8264,8189,8175,8176,9.03706169128418,yes,True
59,8192,8169,8186,8187,8174,8121,8207,8212,8199,8194,8275,8193,8178,8196,9.044514179229736,yes,True
60,8199,8181,8199,8202,8167,8111,8193,8213,8263,8184,8260,8208,8178,8184,9.052529096603394,yes,True
61,8200,8156,8179,8184,8171,8113,8213,8202,8156,8207,8262,8153,8164,8170,9.060985803604126,yes,True
62,8194,8179,8187,8181,8156,8125,8199,8204,8213,8177,8252,8190,8170,8175,9.0689857006073,yes,True
63,8170,8162,8176,8177,8149,8111,8187,8207,8173,8166,8256,8180,8170,8159,9.07545781135559,yes,True
64,8210,8162,8176,8193,8164,8115,8207,8207,8155,8196,8265,8170,8170,8174,9.083452224731444,yes,True
64,8210,8162,8176,8193,8164,8115,8207,8207,8155,8196,8265,8170,8170,8174,9.084445238113403,yes,True
65,8197,8180,8183,8190,8168,8125,8204,8202,8243,8180,8256,8202,8171,8176,9.092446088790894,yes,True
66,8148,8150,8159,8171,8180,8122,8202,8200,8140,8179,8258,8162,8159,8158,9.100454092025757,sil,False
67,8185,8176,8165,8192,8170,8136,8200,8220,8230,8179,8249,8191,8168,8176,9.107988595962524,sil,False
68,8179,8166,8154,8184,8173,8144,8207,8212,8234,8183,8256,8184,8168,8172,9.11608362197876,sil,False
69,8163,8156,8147,8188,8184,8142,8212,8206,8187,8191,8273,8173,8169,8172,9.124096870422363,sil,False
70,8184,8183,8162,8210,8165,8144,8213,8226,8299,8189,8263,8204,8175,8179,9.130099058151243,sil,False
71,8185,8160,8155,8194,8177,8151,8225,8215,8206,8204,8264,8158,8162,8170,9.13860249519348,sil,False
72,8184,8176,8176,8198,8185,8160,8201,8201,8249,8193,8262,8187,8171,8170,9.146609783172607,sil,False
73,8177,8177,8179,8211,8196,8170,8213,8215,8290,8214,8272,8194,8175,8169,9.154609441757202,sil,False
74,8209,8177,8179,8224,8218,8198,8252,8234,8270,8243,8291,8178,8170,8190,9.162646770477297,sil,False
75,8203,8191,8188,8214,8201,8197,8228,8223,8336,8203,8277,8202,8170,8186,9.170954465866089,sil,False
76,8151,8154,8160,8191,8202,8179,8217,8196,8200,8200,8272,8153,8160,8158,9.178959369659424,sil,False
77,8191,8179,8171,8213,8200,8193,8221,8211,8250,8203,8266,8186,8174,8180,9.186963081359863,sil,False
78,8210,8175,8167,8201,8189,8185,8218,8217,8277,8193,8258,8189,8174,8188,9.194974184036257,sil,False
79,8182,8145,8140,8179,8190,8167,8213,8202,8176,8193,8252,8151,8158,8178,9.201974630355837,sil,False
80,8160,8170,8146,8187,8174,8163,8203,8211,8268,8178,8238,8193,8166,8169,9.209988594055176,sil,False
81,8159,8154,8136,8181,8178,8153,8224,8219,8203,8201,8245,8162,8168,8161,9.21798586845398,sil,False
82,8200,8171,8145,8189,8182,8157,8223,8217,8229,8204,8239,8179,8172,8184,9.226262092590332,sil,False
83,8166,8165,8143,8178,8183,8162,8204,8209,8255,8189,8232,8190,8167,8175,9.23415184020996,sil,False
84,8145,8145,8138,8173,8194,8166,8213,8212,8166,8211,8244,8158,8163,8166,9.242151498794556,sil,False
85,8189,8182,8160,8193,8183,8161,8212,8217,8265,8195,8238,8194,8176,8178,9.249984979629517,sil,False
86,8170,8154,8144,8181,8192,8149,8214,8195,8181,8185,8243,8159,8168,8163,9.257985830307009,sil,False
87,8162,8158,8147,8185,8190,8151,8197,8194,8174,8180,8245,8174,8169,8159,9.264568328857422,sil,False
88,8174,8169,8156,8192,8173,8148,8194,8202,8231,8179,8244,8196,8175,8160,9.272568225860596,sil,False
88,8174,8169,8156,8192,8173,8148,8194,8202,8231,8179,8244,8196,8175,8160,9.273564338684082,sil,False
89,8180,8148,8145,8189,8191,8156,8222,8198,8151,8198,8259,8160,8169,8170,9.28113293647766,sil,False
90,8177,8178,8164,8198,8193,8172,8221,8212,8257,8187,8258,8196,8181,8176,9.288986444473268,sil,False
91,8168,8162,8157,8191,8199,8178,8238,8219,8219,8205,8268,8165,8177,8162,9.29709267616272,sil,False
92,8197,8171,8165,8203,8210,8188,8247,8222,8228,8220,8268,8170,8170,8186,9.304982900619509,sil,False
93,8166,8178,8169,8197,8203,8178,8225,8220,8289,8201,8256,8195,8172,8186,9.312986373901367,sil,False
94,8151,8150,8145,8181,8203,8171,8228,8209,8173,8204,8257,8153,8167,8170,9.320974588394163,sil,False
95,8202,8180,8162,8195,8187,8172,8217,8209,8252,8190,8239,8190,8170,8183,9.327977895736694,sil,False
96,8180,8168,8157,8191,8202,8169,8219,8207,8231,8197,8248,8174,8167,8180,9.33598566055298,sil,False
97,8179,8174,8160,8205,8218,8192,8235,8220,8236,8210,8260,8171,8179,8190,9.34403133392334,sil,False
98,8201,8185,8167,8202,8200,8198,8228,8220,8306,8199,8239,8196,8179,8191,9.351985692977903,sil,False
99,8188,8152,8147,8180,8209,8183,8222,8198,8174,8203,8234,8155,8158,8176,9.35998511314392,sil,False
100,8177,8170,8153,8186,8197,8185,8205,8204,8243,8176,8221,8188,8171,8167,9.367985725402832,sil,False
101,8145,8152,8129,8169,8185,8180,8212,8207,8213,8170,8206,8160,8171,8140,9.375704050064089,sil,False
102,8162,8151,8125,8169,8197,8176,8222,8200,8150,8178,8203,8147,8165,8155,9.38370442390442,sil,False
103,8177,8172,8159,8177,8194,8177,8208,8203,8239,8165,8213,8196,8174,8176,9.391696214675903,sil,False
104,8166,8152,8160,8170,8194,8177,8217,8205,8169,8189,8241,8159,8172,8176,9.398697137832642,sil,False
105,8198,8178,8162,8181,8174,8179,8210,8206,8240,8179,8224,8179,8178,8190,9.406697273254396,sil,False
106,8181,8160,8149,8168,8180,8182,8210,8191,8214,8158,8218,8170,8169,8175,9.41469669342041,sil,False
107,8170,8152,8159,8174,8201,8194,8214,8187,8156,8164,8231,8158,8165,8165,9.422700881958008,sil,False
108,8195,8188,8179,8195,8189,8187,8202,8204,8267,8166,8210,8191,8177,8169,9.430525541305542,sil,False
109,8190,8165,8156,8180,8200,8178,8218,8200,8175,8182,8210,8151,8166,8169,9.43903923034668,sil,False
110,8174,8174,8161,8185,8199,8191,8207,8201,8203,8162,8213,8182,8169,8168,9.447030782699583,sil,False
111,8157,8173,8162,8193,8198,8200,8204,8206,8225,8174,8224,8185,8171,8158,9.455029726028442,sil,False
112,8194,8177,8170,8202,8219,8218,8229,8209,8198,8213,8245,8171,8171,8185,9.462030410766602,sil,False
113,8200,8204,8183,8203,8205,8226,8215,8209,8294,8187,8233,8211,8179,8199,9.470030069351196,sil,False
114,8159,8169,8156,8181,8201,8203,8204,8197,8169,8175,8221,8161,8166,8172,9.47803235054016,sil,False
115,8193,8188,8170,8191,8196,8195,8199,8203,8204,8172,8216,8176,8169,8178,9.485987901687622,sil,False
116,8201,8194,8180,8193,8193,8210,8210,8204,8249,8182,8223,8187,8172,8182,9.493850708007812,sil,False
117,8205,8178,8173,8191,8211,8229,8226,8197,8166,8201,8232,8163,8166,8184,9.501990795135498,sil,False
118,8219,8204,8193,8196,8208,8224,8210,8201,8259,8176,8223,8203,8170,8181,9.50899076461792,sil,False
119,8170,8168,8175,8174,8201,8207,8207,8192,8178,8177,8230,8165,8165,8156,9.517926454544067,sil,False
120,8159,8169,8176,8183,8183,8217,8205,8200,8196,8176,8228,8177,8170,8165,9.525986433029177,sil,False
121,8165,8176,8185,8190,8185,8213,8203,8204,8246,8172,8230,8193,8169,8168,9.532987594604492,sil,False
122,8181,8169,8176,8193,8207,8203,8205,8195,8157,8195,8237,8161,8165,8168,9.540986776351929,sil,False
123,8198,8197,8184,8210,8182,8212,8194,8208,8250,8188,8218,8195,8175,8172,9.548985242843628,sil,False
124,8187,8171,8172,8198,8184,8223,8218,8217,8203,8209,8234,8164,8170,8167,9.556950092315674,sil,False
124,8187,8171,8172,8198,8184,8223,8218,8217,8203,8209,8234,8164,8170,8167,9.558016777038574,sil,False
125,8209,8185,8181,8198,8189,8231,8222,8215,8227,8215,8247,8178,8176,8190,9.56513261795044,sil,False
126,8190,8192,8186,8192,8171,8215,8196,8200,8262,8190,8234,8193,8173,8171,9.573137521743774,sil,False
127,8183,8168,8173,8194,8181,8217,8207,8195,8152,8201,8236,8152,8157,8147,9.58098602294922,sil,False
240,8217,8203,8189,8204,8178,8232,8213,8208,8265,8196,8230,8199,8175,8172,9.587985515594482,sil,False
0,8178,8177,8170,8170,8176,8224,8214,8199,8220,8202,8234,8173,8178,8164,9.59598708152771,sil,False
1,8177,8171,8174,8181,8173,8231,8217,8206,8209,8208,8238,8163,8171,8163,9.603480339050291,sil,False
1,8177,8171,8174,8181,8173,8231,8217,8206,8209,8208,8238,8163,8171,8163,9.604472875595093,sil,False
2,8198,8192,8189,8198,8157,8239,8221,8221,8282,8200,8233,8183,8174,8166,9.611472606658936,sil,False
3,8179,8171,8161,8174,8158,8225,8227,8199,8152,8205,8233,8143,8166,8156,9.61949062347412,sil,False
3,8179,8171,8161,8174,8158,8225,8227,8199,8152,8205,8233,8143,8166,8156,9.62051248550415,sil,False
4,8182,8190,8170,8181,8148,8212,8204,8197,8215,8189,8222,8182,8175,8153,9.627514362335203,sil,False
4,8182,8190,8170,8181,8148,8212,8204,8197,8215,8189,8222,8182,8175,8153,9.62851357460022,sil,False
5,8187,8177,8175,8190,8160,8204,8216,8202,8203,8206,8240,8166,8174,8155,9.635608911514282,sil,False
6,8196,8176,8177,8191,8164,8199,8216,8190,8169,8212,8248,8159,8170,8168,9.642795085906982,sil,False
7,8169,8181,8180,8183,8133,8185,8179,8184,8208,8177,8218,8179,8165,8139,9.651987552642822,sil,False
8,8166,8162,8175,8184,8147,8191,8199,8191,8114,8194,8219,8140,8157,8124,9.65908169746399,sil,False
9,8201,8197,8197,8201,8157,8207,8215,8200,8225,8207,8230,8190,8178,8161,9.667076110839844,sil,False
10,8153,8168,8172,8169,8151,8189,8203,8183,8189,8199,8237,8177,8180,8148,9.674985885620115,sil,False
11,8130,8153,8153,8159,8143,8175,8186,8179,8104,8185,8231,8149,8168,8125,9.68302583694458,sil,False
12,8145,8177,8163,8174,8124,8167,8176,8191,8183,8167,8204,8177,8170,8113,9.690985441207886,sil,False
13,8157,8155,8153,8168,8136,8161,8198,8181,8087,8186,8204,8141,8166,8113,9.698956966400146,sil,False
14,8182,8180,8174,8177,8133,8165,8194,8182,8139,8166,8212,8176,8179,8138,9.706960201263428,sil,False
15,8150,8165,8172,8169,8127,8155,8190,8186,8136,8159,8231,8171,8176,8132,9.714985847473145,sil,False
16,8163,8156,8172,8180,8138,8161,8207,8189,8100,8193,8233,8158,8167,8137,9.721986532211304,sil,False
17,8180,8185,8184,8186,8128,8163,8194,8187,8197,8182,8205,8193,8171,8136,9.729985237121582,sil,False
18,8130,8146,8145,8153,8125,8138,8183,8171,8064,8166,8205,8138,8158,8101,9.738004684448242,sil,False
19,8138,8153,8144,8162,8111,8127,8169,8173,8084,8147,8192,8160,8162,8102,9.745985507965088,sil,False
20,8139,8165,8155,8162,8114,8127,8169,8168,8103,8147,8181,8173,8168,8107,9.753986120224,sil,False
21,8142,8164,8154,8161,8137,8138,8184,8168,8053,8171,8202,8157,8175,8117,9.761985778808594,sil,False
22,8163,8177,8169,8176,8132,8145,8189,8188,8177,8179,8212,8194,8183,8131,9.769497871398926,sil,False
23,8145,8143,8160,8163,8149,8145,8208,8188,8113,8207,8231,8156,8166,8131,9.77751398086548,sil,False
24,8153,8171,8173,8173,8152,8154,8198,8196,8162,8209,8234,8177,8173,8141,9.78551197052002,sil,False
24,8153,8171,8173,8173,8152,8154,8198,8196,8162,8209,8234,8177,8173,8141,9.786510467529297,sil,False
25,8166,8187,8181,8184,8155,8152,8197,8204,8208,8211,8225,8185,8181,8136,9.793516635894775,sil,False
26,8172,8170,8174,8191,8178,8161,8210,8192,8132,8224,8225,8153,8170,8130,9.8005268573761,sil,False
26,8172,8170,8174,8191,8178,8161,8210,8192,8132,8224,8225,8153,8170,8130,9.801538705825806,sil,False
27,8156,8186,8177,8189,8160,8173,8189,8184,8212,8190,8207,8186,8171,8121,9.809138774871826,sil,False
28,8122,8147,8143,8158,8154,8166,8190,8174,8114,8195,8212,8146,8167,8111,9.817158222198486,sil,False
29,8137,8150,8142,8160,8149,8158,8179,8175,8118,8190,8212,8160,8171,8128,9.825551986694336,sil,False
30,8130,8162,8141,8157,8138,8151,8170,8174,8163,8169,8201,8172,8166,8116,9.83298659324646,sil,False
31,8147,8155,8137,8155,8156,8164,8192,8174,8089,8191,8212,8139,8160,8122,9.84097671508789,sil,False
32,8176,8188,8168,8171,8153,8178,8178,8187,8207,8186,8214,8188,8172,8144,9.848985433578491,sil,False
33,8154,8165,8162,8167,8156,8174,8184,8183,8159,8196,8221,8161,8161,8129,9.85598087310791,sil,False
34,8179,8172,8171,8184,8159,8178,8195,8177,8164,8199,8212,8169,8164,8137,9.864000082015991,sil,False
35,8171,8173,8176,8178,8155,8171,8173,8170,8214,8175,8200,8191,8171,8127,9.87201762199402,sil,False
36,8151,8146,8160,8163,8177,8163,8180,8174,8123,8191,8215,8150,8164,8119,9.879986763000488,sil,False
37,8177,8178,8181,8176,8171,8177,8196,8198,8245,8200,8216,8197,8181,8150,9.888157606124878,sil,False
38,8153,8163,8175,8169,8164,8184,8203,8194,8213,8209,8230,8183,8177,8156,9.896226167678831,sil,False
39,8162,8177,8181,8181,8170,8191,8199,8196,8208,8215,8241,8176,8174,8166,9.90422797203064,sil,False
40,8177,8191,8193,8183,8175,8195,8201,8203,8296,8215,8234,8188,8181,8167,9.911980867385864,sil,False
41,8159,8159,8168,8168,8192,8196,8214,8193,8177,8226,8227,8144,8165,8152,9.91931962966919,sil,False
42,8172,8187,8168,8181,8180,8200,8198,8196,8237,8194,8197,8177,8160,8150,9.92694902420044,sil,False
43,8157,8165,8156,8161,8176,8199,8200,8184,8201,8182,8191,8155,8160,8140,9.93531847000122,sil,False
44,8149,8158,8155,8149,8168,8207,8201,8178,8156,8190,8194,8148,8167,8140,9.943318843841553,sil,False
45,8149,8183,8160,8156,8149,8202,8187,8186,8223,8180,8184,8180,8168,8128,9.950987339019775,sil,False
46,8151,8161,8159,8161,8173,8198,8198,8172,8118,8184,8195,8140,8160,8122,9.958985328674316,sil,False
47,8179,8193,8196,8193,8181,8208,8192,8180,8205,8170,8197,8181,8178,8148,9.967341184616089,sil,False
48,8184,8196,8199,8195,8187,8204,8209,8199,8231,8198,8211,8181,8182,8159,9.97536015510559,sil,False
49,8201,8179,8192,8186,8197,8204,8226,8202,8207,8222,8226,8169,8178,8171,9.98336100578308,sil,False
50,8178,8172,8189,8171,8173,8201,8199,8193,8267,8184,8203,8190,8175,8152,9.989372730255129,sil,False
51,8144,8143,8161,8151,8175,8202,8193,8178,8137,8187,8195,8140,8164,8130,9.998371124267578,sil,False
52,8168,8178,8176,8165,8174,8214,8187,8187,8206,8188,8201,8175,8179,8156,10.005977869033812,sil,False
53,8155,8172,8173,8166,8173,8204,8189,8192,8228,8199,8211,8171,8182,8151,10.01398539543152,sil,False
54,8164,8162,8168,8172,8186,8198,8198,8182,8170,8223,8210,8150,8172,8150,10.022101402282717,sil,False
55,8163,8183,8181,8175,8175,8200,8179,8173,8255,8197,8188,8189,8176,8151,10.030102014541626,sil,False
56,8124,8155,8152,8157,8179,8196,8178,8165,8148,8186,8187,8146,8165,8134,10.038116931915283,sil,False
57,8147,8170,8152,8157,8168,8196,8176,8173,8172,8174,8169,8167,8166,8145,10.046143054962158,sil,False
58,8130,8155,8145,8135,8159,8187,8176,8168,8170,8169,8163,8166,8165,8130,10.052985668182371,sil,False
59,8120,8141,8140,8137,8175,8198,8186,8173,8107,8180,8177,8139,8159,8124,10.061425685882568,sil,False
60,8151,8183,8169,8161,8164,8210,8178,8184,8213,8157,8163,8185,8169,8141,10.06898593902588,sil,False
61,8143,8164,8160,8147,8170,8197,8181,8169,8108,8158,8174,8153,8164,8139,10.07674527168274,sil,False
61,8143,8164,8160,8147,8170,8197,8181,8169,8108,8158,8174,8153,8164,8139,10.077775955200195,sil,False
62,8156,8177,8168,8162,8177,8190,8172,8174,8139,8159,8187,8173,8165,8147,10.084985733032228,sil,False
63,8156,8177,8179,8171,8171,8188,8169,8182,8193,8164,8187,8184,8167,8141,10.092856407165527,sil,False
64,8161,8162,8186,8167,8183,8195,8184,8179,8120,8186,8203,8153,8169,8146,10.100845336914062,sil,False
65,8185,8193,8208,8174,8178,8203,8179,8189,8236,8172,8202,8195,8179,8165,10.10893988609314,sil,False
66,8168,8169,8186,8158,8191,8211,8197,8186,8175,8180,8203,8163,8169,8162,10.116063594818115,sil,False
67,8160,8174,8177,8163,8190,8218,8194,8181,8165,8170,8180,8162,8165,8153,10.124082803726196,sil,False
68,8132,8167,8162,8152,8167,8190,8159,8160,8150,8133,8147,8162,8156,8114,10.131987810134888,sil,False
69,8125,8137,8140,8133,8164,8179,8155,8137,7996,8122,8150,8129,8152,8105,10.139986038208008,sil,False
70,8153,8172,8166,8152,8153,8195,8159,8156,8099,8112,8159,8178,8175,8134,10.14763045310974,sil,False
71,8153,8163,8173,8157,8177,8191,8182,8176,8099,8152,8174,8155,8171,8143,10.155627489089966,sil,False
72,8170,8167,8176,8160,8193,8190,8190,8178,8128,8168,8180,8165,8172,8161,10.163987398147585,sil,False
73,8151,8176,8174,8156,8171,8195,8183,8183,8201,8155,8186,8188,8181,8152,10.171979904174805,sil,False
74,8148,8159,8167,8159,8179,8198,8203,8192,8131,8189,8203,8146,8171,8150,10.178985357284546,sil,False
75,8182,8187,8193,8171,8182,8191,8193,8191,8229,8180,8189,8187,8176,8172,10.186954498291016,sil,False
76,8154,8165,8187,8153,8185,8170,8187,8176,8166,8167,8191,8170,8171,8159,10.194987535476685,sil,False
77,8175,8176,8198,8174,8186,8175,8197,8189,8159,8181,8197,8168,8172,8171,10.202988147735596,sil,False
78,8197,8198,8209,8185,8186,8181,8199,8197,8265,8190,8192,8192,8176,8182,10.21103286743164,sil,False
79,8160,8158,8175,8148,8197,8172,8193,8172,8135,8197,8201,8149,8158,8158,10.218718767166138,sil,False
80,8152,8171,8174,8147,8164,8170,8159,8169,8156,8158,8177,8183,8163,8140,10.226789951324465,sil,False
81,8153,8162,8176,8150,8159,8173,8162,8166,8122,8153,8175,8162,8164,8131,10.235306739807127,sil,False
82,8176,8172,8192,8161,8189,8188,8176,8165,8118,8172,8199,8159,8166,8157,10.24299168586731,sil,False
83,8168,8193,8200,8169,8191,8190,8169,8177,8213,8162,8196,8192,8171,8161,10.249991416931152,sil,False
84,8145,8156,8165,8157,8191,8186,8186,8177,8094,8171,8185,8136,8158,8140,10.257988214492798,sil,False
85,8150,8169,8166,8157,8167,8187,8174,8182,8156,8155,8167,8164,8164,8135,10.265712976455688,sil,False
86,8120,8158,8160,8143,8166,8182,8171,8185,8166,8159,8175,8162,8165,8114,10.273327350616457,sil,False
86,8120,8158,8160,8143,8166,8182,8171,8185,8166,8159,8175,8162,8165,8114,10.274333000183104,sil,False
87,8144,8160,8169,8157,8185,8194,8184,8188,8141,8187,8194,8153,8168,8126,10.28134036064148,sil,False
87,8144,8160,8169,8157,8185,8194,8184,8188,8141,8187,8194,8153,8168,8126,10.282333135604858,sil,False
88,8159,8175,8193,8161,8170,8195,8164,8185,8235,8171,8189,8187,8175,8141,10.289987087249756,sil,False
89,8127,8137,8170,8143,8160,8182,8151,8163,8113,8166,8189,8141,8160,8125,10.297987937927246,sil,False
90,8152,8169,8175,8165,8147,8195,8142,8160,8146,8154,8181,8167,8166,8133,10.306015491485596,sil,False
91,8138,8169,8173,8156,8150,8212,8150,8165,8149,8158,8193,8163,8169,8126,10.313016176223757,sil,False
92,8125,8150,8167,8144,8157,8224,8169,8174,8090,8177,8197,8134,8162,8119,10.320990800857544,sil,False
93,8141,8170,8179,8148,8138,8223,8161,8174,8180,8157,8176,8171,8165,8112,10.329009532928469,sil,False
94,8127,8151,8166,8129,8148,8217,8163,8161,8073,8155,8189,8143,8159,8097,10.337116241455078,sil,False
95,8148,8174,8178,8139,8149,8225,8154,8177,8111,8143,8182,8170,8163,8108,10.345117092132568,sil,False
96,8150,8167,8173,8135,8143,8227,8158,8181,8144,8138,8166,8169,8164,8104,10.35298752784729,sil,False
97,8142,8146,8169,8128,8153,8236,8170,8171,8091,8159,8188,8145,8169,8116,10.36098599433899,sil,False
98,8151,8181,8197,8146,8135,8235,8154,8187,8215,8161,8200,8197,8183,8137,10.368985176086426,sil,False
98,8151,8181,8197,8146,8135,8235,8154,8187,8215,8161,8200,8197,8183,8137,10.369706869125366,sil,False
99,8158,8163,8191,8149,8141,8222,8170,8187,8143,8189,8213,8164,8173,8140,10.376628637313845,sil,False
100,8176,8174,8195,8155,8144,8221,8166,8181,8160,8182,8215,8177,8173,8148,10.38362169265747,sil,False
101,8146,8176,8187,8151,8133,8215,8149,8182,8197,8170,8210,8181,8168,8123,10.391985654830933,sil,False
102,8154,8160,8184,8153,8151,8220,8170,8182,8119,8192,8219,8148,8161,8114,10.399986028671265,sil,False
103,8174,8186,8213,8158,8141,8224,8163,8187,8202,8160,8211,8192,8170,8119,10.4079852104187,sil,False
104,8134,8163,8182,8134,8126,8205,8152,8175,8103,8148,8195,8152,8156,8095,10.416054487228394,sil,False
105,8147,8170,8168,8133,8117,8201,8145,8165,8094,8151,8172,8153,8159,8109,10.424068927764893,sil,False
106,8145,8172,8181,8128,8114,8207,8142,8170,8157,8147,8180,8176,8170,8124,10.43198537826538,sil,False
107,8140,8159,8180,8135,8134,8209,8158,8186,8100,8176,8216,8154,8171,8126,10.440118551254272,sil,False
108,8175,8195,8193,8157,8126,8202,8156,8196,8222,8183,8211,8196,8184,8136,10.44711947441101,sil,False
109,8155,8161,8182,8132,8130,8192,8163,8172,8153,8190,8217,8160,8170,8125,10.455119371414185,sil,False
110,8152,8160,8186,8136,8129,8202,8157,8165,8129,8183,8215,8158,8160,8128,10.4631187915802,sil,False
111,8149,8177,8179,8138,8108,8195,8142,8165,8180,8158,8180,8175,8160,8103,10.470985889434814,sil,False
112,8123,8143,8151,8117,8113,8179,8147,8146,8041,8150,8165,8128,8150,8078,10.47898530960083,sil,False
113,8125,8159,8166,8130,8106,8180,8135,8158,8110,8125,8154,8165,8158,8092,10.48694944381714,sil,False
114,8129,8150,8160,8126,8114,8178,8148,8172,8101,8137,8160,8149,8162,8103,10.49500322341919,sil,False
115,8149,8156,8161,8124,8119,8177,8149,8172,8097,8150,8167,8148,8166,8117,10.50300908088684,sil,False
116,8131,8166,8168,8124,8103,8173,8125,8169,8160,8135,8165,8175,8171,8109,10.511008262634276,sil,False
117,8126,8141,8158,8125,8126,8185,8143,8168,8059,8163,8189,8142,8166,8109,10.518012762069702,sil,False
118,8173,8173,8182,8143,8132,8204,8150,8177,8149,8165,8186,8188,8173,8132,10.52601146697998,sil,False
119,8157,8157,8174,8128,8129,8196,8145,8161,8111,8150,8175,8168,8161,8115,10.533517837524414,sil,False
120,8140,8149,8165,8124,8129,8187,8130,8151,8037,8131,8173,8144,8155,8108,10.541517972946169,sil,False
121,8140,8172,8172,8132,8116,8181,8112,8160,8119,8112,8169,8179,8167,8110,10.549518585205078,sil,False
122,8143,8153,8161,8128,8133,8183,8134,8149,8042,8137,8182,8149,8160,8114,10.557519674301147,sil,False
123,8158,8172,8179,8133,8137,8197,8138,8153,8119,8128,8180,8183,8167,8131,10.565569639205933,sil,False
123,8158,8172,8179,8133,8137,8197,8138,8153,8119,8128,8180,8183,8167,8131,10.566266536712646,sil,False
124,8118,8149,8161,8112,8129,8194,8133,8159,8109,8125,8189,8164,8167,8112,10.573273420333862,sil,False
125,8128,8148,8149,8119,8126,8201,8138,8162,8054,8144,8192,8140,8162,8110,10.580986261367798,sil,False
126,8172,8187,8178,8140,8117,8210,8142,8167,8160,8136,8181,8190,8173,8124,10.588985204696655,sil,False
127,8157,8158,8167,8126,8128,8196,8156,8161,8076,8145,8197,8156,8168,8123,10.597140550613403,sil,False
240,8154,8174,8172,8140,8124,8194,8140,8170,8133,8137,8197,8176,8172,8139,10.60513997077942,sil,False
0,8134,8169,8171,8137,8123,8200,8133,8173,8144,8134,8192,8171,8170,8127,10.61319613456726,sil,False
1,8146,8159,8159,8133,8130,8209,8147,8170,8078,8146,8197,8150,8167,8121,10.621218919754028,sil,False
2,8166,8184,8167,8144,8114,8211,8136,8169,8188,8138,8188,8189,8173,8134,10.62924838066101,sil,False
3,8148,8155,8160,8133,8130,8206,8142,8154,8104,8155,8199,8146,8166,8132,10.636471033096312,sil,False
4,8169,8174,8186,8145,8143,8216,8142,8161,8151,8153,8211,8169,8175,8149,10.643471717834473,sil,False
5,8143,8172,8188,8136,8144,8217,8140,8169,8182,8143,8217,8174,8171,8141,10.651986598968506,sil,False
6,8124,8153,8162,8130,8156,8219,8147,8164,8090,8151,8214,8139,8159,8126,10.659985542297363,sil,False
7,8154,8180,8164,8146,8141,8214,8138,8164,8177,8138,8188,8178,8172,8122,10.667985200881958,sil,False
8,8145,8152,8157,8130,8144,8210,8152,8152,8094,8158,8201,8143,8167,8121,10.675503492355348,sil,False
9,8144,8160,8180,8132,8141,8226,8144,8153,8111,8156,8219,8159,8168,8146,10.68350887298584,sil,False
10,8135,8169,8182,8137,8138,8218,8135,8164,8156,8142,8213,8175,8170,8140,10.69197964668274,sil,False
11,8144,8151,8157,8132,8156,8198,8150,8155,8060,8161,8203,8140,8162,8127,10.699992179870604,sil,False
12,8145,8162,8166,8122,8135,8190,8125,8144,8129,8139,8193,8175,8171,8124,10.706990242004396,sil,False
13,8112,8138,8159,8107,8131,8193,8117,8142,8063,8143,8224,8143,8172,8113,10.715306043624878,sil,False
14,8147,8166,8164,8132,8142,8201,8132,8163,8087,8157,8227,8156,8171,8136,10.722980737686155,sil,False
15,8147,8173,8162,8128,8146,8187,8135,8165,8146,8149,8205,8174,8167,8135,10.731473922729492,sil,False
16,8122,8141,8158,8115,8166,8187,8149,8156,8065,8173,8227,8138,8168,8132,10.738768815994264,sil,False
17,8148,8171,8180,8137,8148,8192,8142,8167,8176,8169,8225,8181,8179,8151,10.746770858764648,sil,False
18,8140,8151,8153,8121,8147,8172,8141,8150,8106,8161,8217,8154,8161,8142,10.754986047744753,sil,False
19,8136,8150,8152,8115,8160,8174,8138,8143,8078,8156,8228,8158,8165,8144,10.762985944747925,sil,False
20,8131,8166,8166,8121,8147,8174,8126,8152,8150,8151,8228,8181,8174,8133,10.771294116973875,sil,False
21,8138,8149,8158,8125,8153,8158,8130,8140,8036,8161,8230,8133,8161,8129,10.777647972106934,sil,False
21,8138,8149,8158,8125,8153,8158,8130,8140,8036,8161,8230,8133,8161,8129,10.778645515441896,sil,False
22,8163,8182,8186,8145,8151,8168,8123,8148,8126,8144,8236,8177,8176,8150,10.786213159561155,sil,False
23,8147,8165,8179,8138,8157,8179,8142,8159,8123,8164,8247,8165,8175,8143,10.794214725494385,sil,False
24,8153,8158,8168,8136,8160,8181,8145,8152,8091,8174,8229,8146,8160,8143,10.801986694335938,sil,False
25,8142,8174,8174,8132,8147,8179,8121,8148,8150,8147,8208,8164,8164,8129,10.809985160827637,sil,False
26,8132,8152,8166,8126,8159,8181,8135,8155,8062,8170,8223,8131,8165,8121,10.81798505783081,sil,False
27,8157,8178,8185,8142,8153,8181,8137,8159,8154,8168,8221,8175,8176,8146,10.825823307037354,sil,False
28,8132,8168,8179,8139,8154,8171,8132,8151,8138,8165,8234,8164,8173,8147,10.834419012069702,sil,False
29,8147,8166,8177,8149,8164,8171,8134,8154,8093,8174,8243,8147,8170,8152,10.841418743133543,sil,False
30,8148,8173,8181,8141,8150,8157,8120,8138,8139,8139,8210,8167,8166,8135,10.849430561065674,sil,False
31,8094,8129,8148,8108,8151,8147,8116,8109,7976,8123,8197,8117,8147,8091,10.856485843658447,sil,False
31,8094,8129,8148,8108,8151,8147,8116,8109,7976,8123,8197,8117,8147,8091,10.857497692108154,sil,False
32,8123,8161,8161,8130,8142,8171,8114,8134,8038,8120,8195,8158,8162,8100,10.864981412887571,sil,False
33,8138,8165,8168,8129,8147,8177,8133,8147,8073,8128,8203,8162,8168,8117,10.872990846633911,sil,False
34,8129,8154,8162,8121,8166,8174,8135,8139,8022,8131,8219,8141,8164,8127,10.880995273590088,sil,False
35,8135,8175,8172,8136,8158,8176,8113,8147,8119,8125,8219,8178,8175,8132,10.888985872268677,sil,False
36,8128,8149,8157,8130,8164,8172,8131,8136,8023,8145,8228,8135,8165,8125,10.896950244903564,sil,False
37,8128,8166,8164,8134,8153,8168,8133,8138,8054,8119,8219,8150,8164,8123,10.904379606246948,sil,False
38,8109,8154,8151,8122,8143,8168,8126,8143,8055,8108,8212,8143,8161,8103,10.911439895629885,sil,False
39,8117,8140,8141,8116,8154,8192,8132,8134,7983,8135,8221,8124,8161,8116,10.9194495677948,sil,False
40,8127,8177,8168,8131,8143,8203,8115,8145,8110,8131,8213,8176,8173,8136,10.927984952926636,sil,False
41,8125,8159,8169,8130,8158,8188,8128,8157,8064,8154,8222,8144,8165,8137,10.93581771850586,sil,False
42,8153,8169,8179,8138,8162,8189,8131,8154,8096,8153,8223,8163,8167,8153,10.943817615509031,sil,False
43,8129,8164,8170,8129,8154,8190,8121,8141,8105,8137,8215,8163,8164,8131,10.951985836029053,sil,False
44,8128,8154,8158,8132,8173,8195,8131,8136,8021,8148,8206,8129,8159,8114,10.95998215675354,sil,False
45,8153,8188,8179,8147,8173,8200,8132,8141,8119,8126,8194,8174,8170,8125,10.967581748962402,sil,False
45,8153,8188,8179,8147,8173,8200,8132,8141,8119,8126,8194,8174,8170,8125,10.968581438064575,sil,False
46,8126,8162,8168,8137,8178,8195,8151,8143,8054,8141,8222,8145,8169,8130,10.974852323532104,sil,False
47,8148,8171,8175,8147,8168,8200,8154,8161,8097,8166,8226,8163,8178,8155,10.982849836349487,sil,False
48,8146,8173,8176,8140,8160,8197,8154,8166,8155,8162,8219,8176,8178,8158,10.990986347198486,sil,False
49,8122,8146,8162,8136,8187,8201,8174,8168,8087,8175,8243,8134,8165,8150,10.998916149139404,sil,False
50,8141,8172,8172,8156,8175,8212,8165,8178,8202,8170,8226,8170,8169,8147,11.006949186325071,sil,False
51,8130,8153,8150,8136,8173,8208,8162,8155,8110,8172,8211,8140,8160,8121,11.0151469707489,sil,False
52,8130,8158,8157,8132,8188,8211,8154,8150,8088,8161,8219,8152,8165,8125,11.023154973983765,sil,False
53,8122,8161,8172,8138,8172,8209,8143,8160,8154,8155,8218,8172,8169,8121,11.030165195465088,sil,False
54,8125,8143,8153,8133,8169,8205,8150,8142,8039,8174,8220,8128,8157,8117,11.037981986999512,sil,False
55,8135,8172,8158,8136,8158,8199,8123,8135,8102,8143,8211,8167,8167,8124,11.04598617553711,sil,False
56,8105,8153,8148,8126,8158,8189,8126,8141,8062,8147,8212,8146,8162,8112,11.053985834121704,sil,False
57,8135,8168,8158,8147,8158,8200,8152,8152,8066,8166,8206,8150,8160,8127,11.061981439590454,sil,False
58,8136,8180,8167,8148,8153,8199,8144,8151,8138,8144,8210,8173,8169,8126,11.06957507133484,sil,False
59,8119,8145,8154,8130,8166,8189,8151,8146,8038,8156,8233,8132,8168,8119,11.077576160430908,sil,False
59,8119,8145,8154,8130,8166,8189,8151,8146,8038,8156,8233,8132,8168,8119,11.07857060432434,sil,False
60,8160,8181,8180,8147,8150,8197,8155,8157,8153,8163,8226,8179,8178,8145,11.085986137390137,sil,False
61,8147,8173,8177,8143,8152,8203,8157,8156,8146,8172,8236,8161,8171,8141,11.094240665435793,sil,False
62,8150,8169,8176,8155,8161,8213,8150,8160,8109,8178,8241,8144,8167,8137,11.102240324020386,sil,False
63,8156,8179,8174,8158,8146,8214,8144,8163,8187,8161,8215,8174,8171,8126,11.109240055084229,sil,False
64,8123,8142,8142,8126,8154,8204,8158,8143,8069,8162,8216,8131,8158,8109,11.116949319839478,sil,False
65,8134,8170,8157,8140,8151,8206,8146,8150,8133,8155,8215,8162,8161,8117,11.12498903274536,sil,False
66,8144,8165,8156,8148,8146,8199,8145,8153,8128,8169,8218,8152,8160,8114,11.132732152938845,sil,False
67,8138,8146,8146,8141,8137,8179,8134,8135,8048,8162,8223,8136,8159,8116,11.140730381011965,sil,False
68,8120,8162,8151,8138,8116,8159,8108,8131,8095,8121,8209,8172,8169,8106,11.148985385894775,sil,False
69,8121,8146,8134,8130,8138,8163,8137,8134,8017,8147,8216,8138,8163,8096,11.156757831573486,sil,False
70,8137,8166,8143,8136,8135,8169,8139,8138,8094,8153,8221,8167,8168,8113,11.16475796699524,sil,False
71,8105,8152,8136,8123,8116,8143,8115,8132,8071,8141,8229,8159,8166,8099,11.171979427337646,sil,False
72,8134,8152,8139,8136,8133,8141,8126,8137,8022,8163,8241,8142,8165,8105,11.179985761642456,sil,False
73,8162,8178,8167,8150,8136,8151,8130,8145,8162,8161,8238,8188,8177,8124,11.188140153884888,sil,False
74,8116,8142,8151,8130,8140,8147,8132,8138,8077,8170,8248,8154,8171,8111,11.196138858795166,sil,False
75,8129,8158,8146,8137,8124,8152,8130,8154,8110,8162,8234,8172,8172,8117,11.203339576721191,sil,False
76,8137,8157,8137,8129,8118,8143,8138,8152,8115,8148,8215,8160,8167,8116,11.21198582649231,sil,False
77,8127,8147,8138,8124,8131,8146,8140,8136,8024,8145,8221,8136,8160,8111,11.219985485076904,sil,False
78,8131,8178,8158,8137,8112,8154,8120,8145,8126,8138,8215,8186,8169,8104,11.2279851436615,sil,False
79,8133,8151,8134,8125,8121,8136,8137,8141,8050,8163,8213,8147,8163,8100,11.235532760620115,sil,False
79,8133,8151,8134,8125,8121,8136,8137,8141,8050,8163,8213,8147,8163,8100,11.236529350280762,sil,False
80,8158,8162,8149,8135,8135,8126,8137,8134,8078,8148,8211,8165,8171,8124,11.24253249168396,sil,False
80,8158,8162,8149,8135,8135,8126,8137,8134,8078,8148,8211,8165,8171,8124,11.243529796600342,sil,False
81,8127,8165,8164,8135,8135,8125,8117,8127,8116,8132,8222,8176,8169,8107,11.250986099243164,sil,False
82,8125,8143,8143,8126,8133,8122,8120,8127,8031,8156,8223,8137,8155,8091,11.258554935455322,sil,False
83,8151,8167,8148,8130,8115,8111,8118,8140,8129,8144,8201,8177,8168,8108,11.266577959060667,sil,False
84,8122,8152,8152,8127,8135,8105,8135,8143,8084,8155,8227,8155,8171,8110,11.27458381652832,sil,False
85,8139,8172,8170,8151,8144,8117,8131,8151,8120,8165,8238,8171,8172,8121,11.282986879348757,sil,False
86,8142,8172,8156,8144,8128,8114,8127,8148,8161,8162,8223,8183,8168,8117,11.29098629951477,sil,False
87,8126,8148,8141,8132,8150,8122,8150,8139,8078,8181,8238,8146,8163,8121,11.297825574874878,sil,False
88,8135,8182,8166,8155,8149,8133,8138,8150,8194,8169,8225,8184,8167,8125,11.305851221084597,sil,False
89,8116,8154,8134,8136,8139,8129,8134,8141,8114,8166,8204,8148,8156,8096,11.31385087966919,sil,False
90,8118,8153,8118,8118,8132,8139,8136,8135,8077,8152,8199,8153,8163,8095,11.321986198425291,sil,False
91,8113,8166,8137,8124,8130,8135,8134,8145,8140,8141,8196,8180,8169,8090,11.329986810684204,sil,False
92,8127,8148,8140,8143,8148,8129,8147,8145,8065,8172,8200,8145,8160,8097,11.337985754013062,sil,False
93,8154,8174,8162,8155,8137,8133,8130,8147,8166,8153,8200,8185,8172,8122,11.346216678619385,sil,False
94,8123,8154,8157,8133,8141,8122,8132,8144,8115,8142,8223,8157,8171,8106,11.354217052459717,sil,False
95,8147,8162,8161,8149,8149,8115,8145,8152,8102,8161,8223,8150,8172,8111,11.360986709594728,sil,False
96,8166,8176,8170,8156,8141,8114,8145,8156,8203,8168,8214,8185,8174,8129,11.368985414505005,sil,False
97,8142,8146,8160,8141,8160,8118,8153,8146,8120,8180,8242,8151,8162,8135,11.37674856185913,sil,False
98,8154,8174,8178,8161,8154,8117,8139,8157,8203,8165,8231,8178,8171,8132,11.38507866859436,sil,False
99,8152,8164,8168,8154,8146,8104,8143,8153,8173,8174,8216,8157,8167,8113,11.39308738708496,sil,False
100,8162,8159,8171,8155,8154,8115,8148,8147,8137,8183,8234,8159,8164,8133,11.401094198226929,sil,False
101,8157,8182,8187,8177,8155,8119,8134,8154,8228,8167,8234,8195,8174,8138,11.40898609161377,sil,False
102,8152,8164,8165,8172,8173,8108,8147,8145,8132,8187,8227,8151,8168,8122,11.4169499874115,sil,False
103,8169,8182,8172,8163,8158,8106,8140,8145,8198,8177,8214,8181,8173,8136,11.424987077713013,sil,False
104,8135,8161,8165,8145,8150,8100,8138,8148,8185,8172,8215,8166,8166,8132,11.43198537826538,sil,False
105,8151,8158,8161,8159,8164,8112,8153,8153,8138,8188,8214,8148,8163,8142,11.440028190612791,sil,False
106,8168,8184,8171,8166,8155,8113,8143,8156,8227,8171,8212,8184,8175,8148,11.448027610778809,yes,True
107,8133,8158,8159,8149,8165,8092,8147,8145,8124,8180,8237,8144,8167,8132,11.455986499786375,yes,True
107,8133,8158,8159,8149,8165,8092,8147,8145,8124,8180,8237,8144,8167,8132,11.456464290618896,yes,True
108,8159,8184,8175,8172,8162,8091,8145,8149,8183,8179,8225,8179,8172,8137,11.463985681533812,yes,True
109,8158,8174,8165,8163,8154,8090,8142,8140,8174,8164,8206,8176,8168,8117,11.472002506256104,yes,True
110,8137,8153,8162,8149,8158,8094,8145,8137,8094,8163,8221,8150,8161,8110,11.480003356933594,yes,True
111,8155,8184,8187,8174,8153,8106,8148,8164,8241,8183,8235,8195,8176,8140,11.488003015518188,yes,True
112,8170,8168,8177,8175,8176,8112,8170,8167,8208,8228,8258,8160,8178,8160,11.495003700256348,yes,True
113,8172,8177,8180,8164,8175,8112,8149,8156,8222,8198,8244,8173,8172,8163,11.503252029418944,yes,True
114,8137,8161,8164,8144,8157,8095,8128,8139,8186,8158,8213,8166,8154,8127,11.511261224746704,yes,True
115,8149,8147,8158,8143,8163,8098,8143,8131,8090,8162,8207,8133,8153,8122,11.51927638053894,yes,True
116,8164,8178,8198,8150,8158,8123,8139,8146,8204,8143,8208,8179,8174,8139,11.526950597763062,yes,True
117,8129,8153,8192,8140,8167,8135,8152,8149,8142,8160,8226,8152,8164,8127,11.53498601913452,yes,True
118,8157,8169,8199,8160,8171,8143,8162,8155,8179,8179,8228,8174,8171,8139,11.542985200881958,yes,True
118,8157,8169,8199,8160,8171,8143,8162,8155,8179,8179,8228,8174,8171,8139,11.543468713760376,yes,True
119,8165,8180,8217,8161,8177,8148,8166,8164,8236,8178,8234,8186,8177,8144,11.550490617752075,yes,True
119,8165,8180,8217,8161,8177,8148,8166,8164,8236,8178,8234,8186,8177,8144,11.551497220993042,yes,True
120,8149,8163,8212,8156,8197,8156,8173,8161,8163,8184,8247,8147,8163,8143,11.558608770370483,yes,True
120,8149,8163,8212,8156,8197,8156,8173,8161,8163,8184,8247,8147,8163,8143,11.559513807296751,yes,True
121,8149,8185,8205,8170,8184,8152,8156,8161,8259,8172,8232,8185,8172,8151,11.566169500350952,yes,True
122,8146,8165,8167,8162,8187,8140,8167,8166,8209,8198,8234,8160,8172,8153,11.573395490646362,yes,True
122,8146,8165,8167,8162,8187,8140,8167,8166,8209,8198,8234,8160,8172,8153,11.574389219284058,yes,True
123,8185,8179,8166,8167,8188,8148,8171,8175,8234,8199,8226,8171,8170,8169,11.581386804580688,yes,True
123,8185,8179,8166,8167,8188,8148,8171,8175,8234,8199,8226,8171,8170,8169,11.582387924194336,yes,True
124,8162,8177,8169,8154,8175,8142,8146,8151,8245,8161,8215,8177,8168,8150,11.589386701583862,yes,True
124,8162,8177,8169,8154,8175,8142,8146,8151,8245,8161,8215,8177,8168,8150,11.590229749679564,yes,True
125,8137,8145,8153,8148,8177,8129,8135,8127,8107,8165,8223,8134,8159,8132,11.598235607147217,yes,True
126,8164,8171,8156,8160,8151,8123,8116,8132,8180,8144,8195,8174,8161,8129,11.60523557662964,yes,True
126,8164,8171,8156,8160,8151,8123,8116,8132,8180,8144,8195,8174,8161,8129,11.606236934661863,yes,True
127,8130,8146,8127,8130,8146,8122,8117,8120,8090,8123,8181,8139,8153,8100,11.614237546920776,yes,True
240,8125,8157,8135,8141,8152,8147,8129,8128,8078,8124,8182,8142,8155,8099,11.62223982810974,yes,True
240,8125,8157,8135,8141,8152,8147,8129,8128,8078,8124,8182,8142,8155,8099,11.622342824935911,yes,True
0,8146,8174,8154,8154,8146,8153,8145,8147,8171,8127,8176,8176,8163,8098,11.62835144996643,yes,True
0,8146,8174,8154,8154,8146,8153,8145,8147,8171,8127,8176,8176,8163,8098,11.629349946975708,yes,True
1,8142,8140,8136,8135,8162,8146,8165,8141,8073,8145,8202,8140,8165,8105,11.636857748031616,yes,True
2,8145,8171,8154,8154,8162,8157,8141,8146,8170,8136,8216,8173,8180,8134,11.64485764503479,yes,True
3,8141,8170,8156,8166,8174,8163,8136,8147,8169,8151,8215,8154,8172,8131,11.652857303619385,yes,True
4,8164,8167,8155,8165,8180,8169,8150,8144,8150,8158,8211,8151,8170,8135,11.660986423492432,yes,True
5,8150,8170,8154,8150,8164,8167,8147,8146,8206,8130,8204,8173,8174,8128,11.66893482208252,yes,True
6,8116,8144,8137,8142,8174,8166,8158,8141,8090,8131,8205,8131,8154,8105,11.676429271697998,yes,True
7,8123,8172,8150,8157,8163,8165,8146,8148,8156,8123,8188,8164,8159,8105,11.684446096420288,yes,True
8,8109,8161,8140,8147,8168,8156,8149,8147,8144,8143,8197,8146,8163,8098,11.691442728042604,yes,True
8,8109,8161,8140,8147,8168,8156,8149,8147,8144,8143,8197,8146,8163,8098,11.692435264587402,yes,True
9,8136,8161,8144,8164,8189,8172,8159,8145,8119,8159,8210,8141,8157,8105,11.69998574256897,yes,True
10,8152,8184,8164,8179,8176,8174,8135,8142,8188,8133,8196,8179,8160,8098,11.707456350326538,yes,True
10,8152,8184,8164,8179,8176,8174,8135,8142,8188,8133,8196,8179,8160,8098,11.708446979522703,yes,True
11,8140,8158,8152,8156,8185,8157,8140,8131,8085,8153,8214,8140,8165,8100,11.71545386314392,yes,True
11,8140,8158,8152,8156,8185,8157,8140,8131,8085,8153,8214,8140,8165,8100,11.716448307037354,yes,True
12,8156,8173,8161,8160,8185,8157,8137,8138,8174,8155,8224,8169,8176,8129,11.724466800689695,yes,True
13,8126,8155,8158,8152,8179,8152,8124,8133,8166,8142,8228,8164,8168,8117,11.73198652267456,yes,True
14,8138,8160,8164,8155,8184,8156,8124,8136,8120,8160,8242,8156,8176,8127,11.740187168121338,yes,True
15,8175,8186,8178,8162,8166,8166,8133,8151,8247,8170,8240,8186,8187,8148,11.748187780380247,yes,True
16,8150,8139,8146,8132,8164,8171,8159,8142,8144,8174,8239,8134,8163,8140,11.755985260009766,yes,True
17,8137,8156,8150,8137,8156,8172,8142,8139,8162,8135,8224,8163,8162,8135,11.762985706329346,yes,True
18,8130,8166,8156,8151,8151,8150,8133,8137,8162,8117,8213,8164,8162,8116,11.771238803863524,yes,True
19,8154,8153,8156,8153,8157,8140,8150,8131,8086,8136,8220,8139,8161,8120,11.779240846633911,yes,True
20,8164,8170,8170,8152,8148,8149,8141,8139,8188,8127,8225,8183,8176,8129,11.787241458892822,yes,True
21,8148,8145,8151,8147,8162,8145,8152,8136,8121,8143,8239,8148,8165,8119,11.7952778339386,yes,True
22,8168,8168,8160,8165,8168,8143,8155,8137,8157,8142,8233,8166,8167,8133,11.80298638343811,yes,True
23,8149,8177,8169,8163,8168,8145,8155,8142,8188,8144,8248,8177,8174,8130,11.810981035232544,yes,True
24,8161,8169,8174,8168,8180,8149,8175,8155,8149,8178,8286,8156,8171,8138,11.81890058517456,yes,True
25,8195,8196,8190,8183,8171,8149,8173,8165,8283,8176,8280,8196,8178,8159,11.825900077819824,yes,True
26,8162,8168,8160,8168,8182,8145,8178,8147,8197,8173,8264,8151,8167,8146,11.833985567092896,yes,True
27,8170,8184,8161,8177,8178,8152,8178,8147,8183,8154,8240,8164,8166,8144,11.84226393699646,yes,True
28,8164,8186,8161,8163,8164,8140,8171,8144,8202,8138,8222,8177,8165,8128,11.84998607635498,yes,True
29,8147,8160,8139,8150,8166,8131,8175,8134,8115,8158,8219,8136,8156,8122,11.858291625976562,yes,True
30,8160,8181,8146,8164,8142,8137,8168,8145,8226,8146,8200,8171,8165,8131,11.865618705749512,yes,True
31,8133,8150,8126,8138,8141,8130,8170,8137,8142,8136,8206,8136,8156,8110,11.873619079589844,yes,True
32,8146,8162,8124,8139,8141,8130,8164,8133,8125,8130,8204,8145,8157,8110,11.881985664367676,yes,True
33,8158,8169,8125,8145,8134,8129,8160,8136,8180,8132,8187,8166,8164,8111,11.88878059387207,yes,True
34,8150,8140,8118,8140,8157,8132,8169,8134,8083,8151,8198,8129,8160,8114,11.896789789199827,yes,True
35,8159,8173,8143,8157,8149,8142,8158,8148,8192,8142,8202,8174,8172,8129,11.904824018478394,sil,False
36,8142,8158,8138,8153,8150,8142,8172,8144,8150,8162,8216,8153,8168,8119,11.913280725479126,sil,False
37,8152,8163,8138,8160,8164,8147,8168,8136,8114,8159,8214,8152,8168,8111,11.921295642852783,sil,False
38,8160,8182,8150,8169,8160,8143,8147,8135,8167,8133,8203,8177,8173,8104,11.928985595703123,sil,False
39,8165,8162,8149,8165,8168,8139,8163,8127,8081,8162,8229,8144,8166,8120,11.93798542022705,sil,False
40,8176,8186,8162,8173,8153,8136,8145,8127,8159,8151,8224,8178,8168,8130,11.944986581802368,sil,False
41,8152,8163,8136,8157,8143,8125,8140,8121,8097,8136,8207,8151,8160,8103,11.95272445678711,sil,False
42,8167,8160,8134,8155,8146,8129,8155,8126,8064,8145,8209,8143,8168,8115,11.959736347198486,sil,False
42,8167,8160,8134,8155,8146,8129,8155,8126,8064,8145,8209,8143,8168,8115,11.96076488494873,sil,False
43,8168,8179,8152,8159,8137,8130,8151,8136,8164,8141,8209,8174,8180,8121,11.968228816986084,sil,False
44,8145,8150,8125,8146,8137,8127,8165,8134,8072,8158,8211,8134,8167,8106,11.976173877716064,sil,False
45,8137,8162,8117,8140,8122,8130,8161,8140,8127,8142,8189,8160,8163,8111,11.983979225158691,sil,False
46,8102,8146,8101,8124,8128,8122,8161,8134,8092,8133,8185,8146,8158,8093,11.992188215255736,sil,False
47,8135,8152,8112,8144,8150,8132,8174,8132,8059,8140,8191,8146,8165,8104,12.000186681747437,sil,False
48,8163,8177,8144,8157,8140,8134,8168,8139,8160,8129,8190,8187,8175,8119,12.007985353469849,sil,False
49,8144,8146,8130,8138,8148,8124,8171,8135,8060,8142,8203,8137,8162,8104,12.016289234161375,sil,False
50,8161,8169,8137,8152,8146,8135,8166,8141,8123,8134,8195,8156,8171,8114,12.022388458251951,sil,False
50,8161,8169,8137,8152,8146,8135,8166,8141,8123,8134,8195,8156,8171,8114,12.023348093032835,sil,False
51,8141,8160,8131,8145,8148,8138,8177,8149,8141,8143,8200,8153,8175,8121,12.031314611434937,sil,False
52,8149,8146,8124,8150,8158,8135,8186,8148,8096,8167,8207,8141,8168,8129,12.038986206054688,sil,False
53,8159,8173,8138,8167,8145,8142,8162,8140,8181,8142,8193,8178,8172,8128,12.04725432395935,sil,False
54,8128,8155,8123,8153,8164,8165,8167,8130,8084,8150,8209,8132,8166,8123,12.055253267288208,sil,False
55,8155,8174,8122,8164,8170,8188,8172,8144,8146,8161,8210,8155,8169,8143,12.063354969024658,sil,False
56,8156,8163,8114,8160,8160,8175,8170,8137,8155,8153,8199,8158,8160,8126,12.071287155151367,sil,False
57,8146,8157,8116,8161,8165,8171,8172,8131,8073,8148,8203,8134,8154,8112,12.079285621643066,sil,False
58,8164,8189,8127,8172,8153,8183,8167,8151,8187,8139,8191,8174,8170,8119,12.086949348449709,sil,False
59,8156,8155,8108,8147,8161,8175,8183,8148,8115,8156,8196,8140,8165,8120,12.09393310546875,sil,False
60,8154,8167,8125,8151,8156,8163,8167,8147,8147,8145,8198,8157,8167,8129,12.101985931396484,sil,False
61,8135,8159,8117,8147,8140,8151,8150,8140,8157,8134,8184,8159,8163,8113,12.110294342041016,sil,False
62,8134,8132,8091,8130,8145,8158,8158,8125,8048,8145,8181,8128,8155,8109,12.117311000823976,sil,False
63,8135,8159,8110,8137,8135,8156,8143,8134,8147,8130,8182,8171,8167,8122,12.126315116882324,sil,False
64,8120,8141,8107,8145,8144,8146,8159,8140,8095,8157,8204,8141,8170,8124,12.133451223373411,sil,False
65,8155,8155,8120,8155,8148,8162,8172,8144,8132,8163,8205,8158,8177,8145,12.14244508743286,sil,False
66,8145,8156,8126,8143,8141,8154,8152,8138,8168,8129,8192,8166,8167,8126,12.149985551834106,sil,False
67,8145,8140,8108,8149,8153,8142,8149,8123,8054,8132,8193,8123,8154,8111,12.156948804855348,sil,False
68,8175,8176,8126,8168,8147,8157,8149,8128,8145,8123,8185,8166,8169,8131,12.164544582366943,sil,False
69,8145,8155,8126,8152,8157,8162,8166,8134,8104,8136,8203,8142,8166,8125,12.172544240951538,sil,False
70,8158,8160,8138,8167,8160,8159,8170,8143,8123,8148,8206,8144,8168,8130,12.180986881256104,sil,False
71,8165,8167,8138,8163,8146,8147,8166,8140,8174,8140,8183,8156,8169,8126,12.188985347747805,sil,False
72,8136,8144,8113,8139,8159,8139,8176,8137,8064,8151,8187,8117,8159,8117,12.19694972038269,sil,False
73,8152,8179,8127,8161,8154,8144,8178,8163,8176,8153,8194,8166,8172,8130,12.20497727394104,sil,False
74,8168,8168,8122,8162,8163,8144,8200,8161,8159,8178,8207,8149,8175,8135,12.212995529174805,sil,False
75,8173,8167,8123,8153,8175,8149,8189,8140,8110,8155,8194,8139,8172,8135,12.22030258178711,sil,False
76,8148,8178,8131,8153,8167,8145,8161,8140,8143,8106,8176,8160,8170,8110,12.227985382080078,sil,False
77,8160,8159,8123,8165,8177,8142,8189,8152,8082,8146,8199,8135,8162,8116,12.23543405532837,sil,False
77,8160,8159,8123,8165,8177,8142,8189,8152,8082,8146,8199,8135,8162,8116,12.236426830291748,sil,False
78,8191,8184,8147,8180,8162,8146,8187,8160,8202,8163,8204,8175,8174,8150,12.243433713912964,sil,False
78,8191,8184,8147,8180,8162,8146,8187,8160,8202,8163,8204,8175,8174,8150,12.244426727294922,sil,False
79,8148,8163,8147,8156,8162,8134,8173,8145,8155,8152,8210,8147,8173,8134,12.251435995101929,sil,False
80,8166,8161,8151,8160,8170,8128,8180,8148,8121,8162,8219,8143,8167,8146,12.25998044013977,sil,False
81,8190,8175,8154,8162,8149,8117,8177,8151,8209,8163,8208,8183,8172,8162,12.266582489013672,sil,False
82,8154,8143,8132,8146,8157,8111,8180,8134,8100,8171,8212,8135,8164,8151,12.2755868434906,sil,False
83,8162,8170,8144,8161,8165,8122,8170,8136,8168,8153,8199,8161,8166,8157,12.282991409301758,sil,False
84,8156,8158,8125,8143,8167,8119,8169,8127,8140,8144,8187,8148,8162,8139,12.290985822677612,sil,False
85,8164,8157,8123,8140,8172,8128,8179,8131,8091,8154,8196,8136,8168,8135,12.298985242843628,sil,False
86,8184,8187,8153,8161,8171,8136,8182,8151,8214,8150,8199,8181,8180,8151,12.306949138641356,sil,False
87,8174,8152,8132,8143,8185,8125,8189,8134,8115,8159,8206,8142,8166,8148,12.315053939819336,sil,False
88,8174,8160,8128,8139,8166,8120,8166,8126,8143,8136,8186,8161,8169,8140,12.323228359222412,sil,False
89,8159,8155,8126,8139,8157,8122,8161,8132,8156,8145,8179,8156,8170,8130,12.330128192901611,sil,False
90,8169,8156,8127,8148,8177,8136,8176,8136,8117,8166,8193,8144,8166,8144,12.338644742965698,sil,False
91,8167,8176,8138,8153,8165,8130,8163,8140,8211,8145,8186,8180,8173,8147,12.346949577331545,sil,False
92,8143,8139,8116,8129,8169,8113,8170,8124,8109,8161,8190,8133,8163,8141,12.354113101959229,sil,False
93,8166,8163,8127,8132,8169,8124,8167,8128,8149,8150,8188,8156,8167,8151,12.361984729766846,sil,False
94,8160,8171,8129,8136,8168,8129,8176,8142,8182,8136,8182,8157,8162,8124,12.369784593582152,sil,False
94,8160,8171,8129,8136,8168,8129,8176,8142,8182,8136,8182,8157,8162,8124,12.370783567428589,sil,False
95,8164,8157,8121,8148,8186,8136,8197,8142,8121,8157,8183,8134,8157,8115,12.377790689468384,sil,False
96,8169,8175,8132,8152,8177,8136,8175,8135,8199,8140,8167,8176,8169,8124,12.385804891586304,sil,False
97,8144,8142,8108,8122,8183,8108,8172,8122,8085,8137,8160,8134,8157,8105,12.394320964813232,sil,False
98,8163,8153,8118,8131,8180,8101,8170,8126,8115,8135,8158,8152,8161,8122,12.401072263717651,sil,False
99,8156,8158,8128,8139,8167,8104,8164,8135,8182,8142,8173,8169,8170,8134,12.410476207733154,sil,False
100,8159,8148,8122,8141,8177,8106,8179,8142,8116,8165,8189,8138,8167,8139,12.416481971740724,sil,False
101,8171,8173,8135,8146,8169,8099,8176,8143,8195,8136,8168,8171,8172,8139,12.425496816635132,sil,False
102,8138,8143,8116,8133,8169,8092,8178,8126,8102,8133,8172,8134,8164,8117,12.432981491088867,sil,False
103,8160,8160,8125,8145,8167,8112,8169,8130,8117,8141,8175,8149,8168,8128,12.440985441207886,sil,False
104,8159,8174,8131,8140,8165,8114,8162,8134,8172,8139,8164,8170,8168,8121,12.44898533821106,sil,False
105,8150,8148,8120,8130,8185,8102,8175,8122,8083,8159,8176,8133,8164,8111,12.45694875717163,sil,False
106,8172,8168,8133,8135,8171,8095,8157,8127,8185,8145,8168,8169,8175,8114,12.466142416000366,sil,False
107,8148,8147,8119,8110,8162,8092,8157,8120,8119,8142,8169,8140,8159,8100,12.472115755081177,sil,False
108,8149,8156,8117,8119,8157,8096,8166,8119,8098,8140,8166,8142,8158,8112,12.480116367340088,sil,False
109,8138,8160,8116,8127,8145,8085,8159,8123,8154,8124,8162,8164,8170,8111,12.488110303878784,sil,False
110,8127,8134,8108,8118,8161,8089,8169,8121,8070,8138,8180,8132,8167,8110,12.495454788208008,sil,False
110,8127,8134,8108,8118,8161,8089,8169,8121,8070,8138,8180,8132,8167,8110,12.496452569961548,sil,False
111,8150,8174,8129,8137,8162,8105,8168,8133,8183,8140,8179,8178,8177,8131,12.503510475158691,sil,False
112,8129,8161,8113,8126,8169,8088,8180,8132,8147,8154,8185,8155,8163,8119,12.511532306671144,sil,False
113,8140,8156,8114,8121,8173,8079,8178,8135,8117,8152,8176,8142,8153,8112,12.519536018371582,sil,False
114,8156,8167,8140,8129,8169,8096,8172,8145,8204,8141,8165,8165,8166,8109,12.527536630630491,sil,False
115,8151,8151,8135,8136,8188,8117,8204,8142,8123,8165,8182,8131,8163,8107,12.536046504974363,sil,False
116,8169,8181,8147,8149,8176,8117,8199,8139,8194,8145,8175,8170,8165,8119,12.543980121612549,sil,False
117,8152,8164,8138,8132,8172,8103,8182,8134,8159,8131,8177,8154,8164,8112,12.550788164138794,sil,False
118,8157,8164,8133,8142,8175,8114,8177,8137,8130,8139,8186,8145,8168,8121,12.558833360671995,sil,False
119,8156,8182,8134,8149,8155,8117,8171,8134,8218,8135,8176,8179,8176,8126,12.56684684753418,sil,False
120,8133,8149,8122,8126,8164,8106,8186,8127,8120,8166,8187,8140,8168,8130,12.57498812675476,sil,False
121,8151,8167,8142,8134,8155,8112,8179,8149,8203,8165,8189,8168,8172,8150,12.58298635482788,sil,False
122,8147,8153,8126,8126,8145,8115,8184,8148,8194,8158,8190,8154,8168,8137,12.590970516204834,sil,False
123,8150,8145,8121,8123,8156,8122,8188,8130,8127,8159,8195,8139,8163,8135,12.59897255897522,sil,False
124,8142,8173,8139,8132,8147,8122,8169,8134,8218,8135,8180,8171,8169,8129,12.606008052825928,sil,False
125,8135,8156,8113,8130,8155,8114,8184,8141,8129,8153,8177,8127,8162,8112,12.614022016525269,sil,False
126,8179,8176,8120,8142,8147,8116,8188,8141,8173,8149,8169,8163,8168,8123,12.621633529663086,sil,False
127,8158,8160,8124,8129,8139,8118,8175,8123,8170,8135,8176,8166,8166,8113,12.629640102386476,sil,False
240,8145,8150,8116,8130,8149,8135,8175,8127,8123,8155,8191,8138,8166,8121,12.637749195098875,sil,False
0,8174,8186,8133,8146,8140,8146,8177,8150,8245,8162,8182,8176,8177,8142,12.645962953567505,sil,False
1,8159,8160,8125,8129,8152,8129,8188,8136,8150,8170,8192,8139,8167,8128,12.653955698013306,sil,False
2,8152,8170,8126,8131,8151,8125,8170,8136,8172,8150,8186,8157,8169,8118,12.662000894546509,sil,False
3,8151,8169,8113,8130,8142,8129,8169,8143,8194,8149,8173,8159,8165,8108,12.6702241897583,sil,False
4,8175,8161,8114,8139,8158,8143,8192,8138,8137,8171,8191,8139,8163,8123,12.677223443984984,sil,False
5,8178,8193,8143,8159,8153,8147,8183,8149,8266,8160,8199,8178,8176,8132,12.685225009918211,sil,False
6,8155,8163,8122,8146,8156,8142,8201,8151,8196,8179,8196,8135,8165,8119,12.692222833633425,sil,False
6,8155,8163,8122,8146,8156,8142,8201,8151,8196,8179,8196,8135,8165,8119,12.693224430084229,sil,False
7,8186,8167,8119,8145,8146,8157,8206,8148,8204,8170,8179,8156,8169,8143,12.701223373413086,sil,False
8,8166,8166,8121,8137,8128,8159,8190,8139,8220,8144,8178,8171,8171,8134,12.70922303199768,sil,False
9,8147,8155,8114,8138,8133,8151,8197,8136,8127,8162,8181,8131,8161,8117,12.717232704162598,sil,False
10,8172,8181,8126,8147,8128,8148,8190,8144,8230,8156,8154,8169,8169,8124,12.725229263305664,sil,False
11,8155,8153,8110,8130,8143,8150,8187,8131,8166,8165,8170,8142,8168,8121,12.732736349105837,sil,False
11,8155,8153,8110,8130,8143,8150,8187,8131,8166,8165,8170,8142,8168,8121,12.733219146728516,sil,False
12,8166,8176,8130,8150,8148,8157,8179,8133,8179,8169,8190,8152,8175,8140,12.740224838256836,sil,False
12,8166,8176,8130,8150,8148,8157,8179,8133,8179,8169,8190,8152,8175,8140,12.741225957870483,sil,False
13,8176,8197,8142,8161,8139,8144,8178,8136,8223,8157,8175,8171,8171,8136,12.748235940933228,sil,False
14,8185,8170,8123,8151,8155,8138,8192,8118,8109,8164,8172,8134,8158,8117,12.75598669052124,sil,False
15,8188,8188,8136,8151,8146,8143,8172,8112,8194,8143,8168,8172,8170,8116,12.763985872268677,sil,False
16,8146,8168,8130,8135,8145,8137,8169,8112,8147,8149,8180,8148,8168,8113,12.771427154541016,sil,False
17,8164,8174,8137,8151,8148,8145,8175,8139,8165,8166,8191,8153,8170,8130,12.77941918373108,sil,False
18,8179,8184,8145,8162,8141,8144,8180,8158,8267,8169,8190,8177,8174,8131,12.78798532485962,sil,False
19,8168,8157,8123,8148,8151,8137,8202,8143,8174,8190,8187,8132,8160,8128,12.795822858810425,sil,False
20,8174,8180,8123,8144,8133,8141,8192,8140,8237,8172,8165,8159,8162,8141,12.80383586883545,sil,False
21,8138,8154,8098,8119,8128,8128,8179,8126,8158,8149,8159,8130,8155,8119,12.81082844734192,sil,False
22,8128,8148,8094,8120,8138,8118,8164,8111,8089,8123,8151,8124,8150,8103,12.818986415863035,sil,False
23,8144,8178,8123,8145,8135,8115,8163,8123,8182,8119,8142,8163,8159,8099,12.82694935798645,sil,False
24,8183,8175,8146,8164,8169,8123,8206,8142,8156,8174,8181,8148,8165,8123,12.835205793380736,sil,False
25,8228,8206,8188,8187,8187,8149,8214,8155,8291,8182,8209,8198,8184,8161,12.843438863754272,sil,False
26,8205,8185,8180,8177,8186,8159,8213,8156,8289,8188,8213,8167,8177,8150,12.85098671913147,sil,False
27,8217,8179,8171,8179,8182,8159,8234,8165,8252,8214,8206,8147,8169,8164,12.858986377716064,sil,False
27,8217,8179,8171,8179,8182,8159,8234,8165,8252,8214,8206,8147,8169,8164,12.85945725440979,sil,False
28,8226,8201,8190,8185,8172,8149,8236,8165,8337,8199,8212,8196,8179,8186,12.867027759552002,sil,False
29,8200,8178,8186,8174,8188,8135,8229,8150,8236,8200,8244,8161,8171,8179,12.873888731002808,sil,False
30,8230,8209,8201,8192,8185,8134,8208,8158,8300,8197,8232,8180,8175,8192,12.882005214691162,sil,False
31,8224,8199,8191,8184,8187,8138,8210,8155,8284,8200,8225,8168,8176,8187,12.889915227890016,sil,False
32,8209,8183,8182,8177,8195,8149,8205,8146,8216,8197,8235,8152,8172,8178,12.897956848144531,sil,False
33,8214,8205,8190,8182,8186,8146,8180,8148,8311,8180,8214,8184,8170,8170,12.90596890449524,sil,False
34,8203,8178,8167,8173,8201,8147,8197,8139,8223,8196,8212,8139,8156,8161,12.914239406585692,sil,False
35,8206,8186,8170,8181,8179,8162,8196,8144,8259,8175,8201,8158,8164,8162,12.92198610305786,sil,False
36,8181,8170,8157,8164,8151,8145,8191,8143,8250,8165,8186,8157,8168,8145,12.929986715316772,sil,False
37,8187,8162,8161,8164,8169,8144,8205,8140,8202,8190,8200,8147,8171,8156,12.937709331512451,sil,False
38,8200,8192,8198,8188,8166,8158,8194,8157,8325,8181,8203,8189,8179,8163,12.944703578948976,sil,False
39,8179,8160,8171,8177,8172,8152,8202,8152,8225,8194,8207,8141,8168,8149,12.952703475952148,sil,False
40,8181,8171,8150,8179,8180,8159,8197,8145,8237,8188,8207,8162,8175,8161,12.960980892181396,sil,False
41,8157,8175,8150,8182,8181,8165,8184,8151,8262,8178,8214,8174,8173,8149,12.968990564346312,sil,False
42,8175,8167,8155,8190,8190,8176,8198,8155,8194,8195,8220,8144,8163,8152,12.976634740829468,sil,False
43,8200,8192,8172,8203,8180,8183,8183,8150,8287,8176,8201,8179,8168,8153,12.98462700843811,sil,False
44,8162,8159,8153,8189,8182,8172,8172,8130,8182,8174,8196,8140,8156,8116,12.992986679077148,sil,False
45,8176,8169,8155,8194,8170,8172,8162,8125,8174,8167,8187,8158,8160,8124,13.000986099243164,sil,False
46,8172,8168,8150,8185,8157,8171,8153,8119,8192,8146,8185,8172,8168,8128,13.007985830307009,sil,False
47,8158,8152,8143,8184,8175,8179,8168,8123,8102,8165,8201,8138,8165,8123,13.016352653503418,sil,False
48,8177,8185,8165,8199,8165,8194,8178,8145,8238,8171,8197,8184,8172,8143,13.024361848831177,sil,False
49,8146,8151,8136,8166,8161,8192,8184,8137,8183,8173,8203,8151,8163,8138,13.031986951828005,sil,False
50,8137,8149,8130,8166,8154,8184,8162,8135,8157,8155,8189,8149,8160,8130,13.03998589515686,sil,False
51,8160,8169,8154,8182,8146,8182,8160,8141,8213,8154,8170,8170,8162,8126,13.047985553741457,sil,False
52,8184,8160,8161,8181,8176,8201,8187,8132,8137,8181,8192,8143,8159,8136,13.056008577346802,sil,False
53,8180,8183,8166,8191,8166,8199,8155,8131,8214,8147,8182,8178,8172,8129,13.064008474349976,sil,False
54,8142,8153,8141,8182,8153,8180,8143,8119,8130,8139,8164,8143,8164,8099,13.07098627090454,sil,False
55,8166,8160,8149,8189,8164,8196,8157,8123,8115,8154,8167,8148,8166,8116,13.07899260520935,sil,False
56,8179,8185,8172,8196,8173,8198,8151,8133,8213,8156,8177,8179,8179,8133,13.086816549301147,sil,False
57,8174,8160,8160,8192,8184,8184,8156,8124,8130,8177,8196,8140,8171,8144,13.094815731048584,sil,False
58,8188,8180,8167,8195,8167,8193,8155,8132,8217,8163,8193,8181,8180,8159,13.102986812591553,sil,False
59,8165,8159,8152,8179,8176,8201,8174,8142,8194,8168,8192,8162,8171,8145,13.11098599433899,sil,False
60,8171,8152,8144,8180,8186,8211,8189,8143,8170,8168,8182,8144,8159,8148,13.118986129760742,sil,False
61,8153,8169,8141,8171,8165,8207,8172,8141,8238,8138,8165,8164,8166,8129,13.126991748809814,sil,False
62,8134,8153,8122,8164,8173,8184,8167,8133,8123,8151,8166,8125,8159,8105,13.1335289478302,sil,False
63,8180,8180,8148,8190,8166,8172,8148,8130,8181,8142,8148,8166,8162,8122,13.142522096633911,sil,False
64,8157,8163,8148,8175,8164,8168,8142,8121,8156,8138,8159,8163,8161,8118,13.149988174438477,sil,False
65,8151,8163,8146,8177,8180,8183,8156,8128,8134,8163,8179,8153,8167,8128,13.158282041549684,sil,False
66,8172,8183,8160,8191,8170,8187,8163,8135,8240,8157,8165,8176,8171,8138,13.166281461715698,sil,False
67,8138,8142,8138,8166,8172,8177,8170,8121,8121,8153,8167,8130,8150,8114,13.173989295959473,sil,False
68,8128,8157,8143,8164,8161,8175,8146,8125,8159,8135,8158,8161,8156,8099,13.181972980499268,sil,False
69,8123,8148,8133,8159,8153,8165,8141,8117,8140,8130,8153,8154,8165,8089,13.189973831176758,sil,False
70,8133,8140,8124,8160,8163,8166,8149,8107,8076,8141,8169,8141,8166,8110,13.198052167892456,sil,False
71,8133,8168,8144,8170,8156,8173,8133,8120,8191,8137,8167,8179,8170,8122,13.20498752593994,sil,False
72,8130,8147,8130,8161,8161,8175,8145,8118,8100,8149,8153,8132,8157,8098,13.21298599243164,sil,False
72,8130,8147,8130,8161,8161,8175,8145,8118,8100,8149,8153,8132,8157,8098,13.213567733764648,sil,False
73,8157,8163,8132,8164,8145,8181,8141,8116,8109,8122,8130,8156,8161,8097,13.220988750457764,sil,False
74,8124,8149,8128,8149,8135,8179,8133,8110,8101,8109,8141,8160,8163,8086,13.22895860671997,sil,False
75,8133,8143,8132,8160,8162,8190,8146,8113,8052,8135,8159,8136,8163,8097,13.237017154693604,sil,False
76,8164,8178,8155,8175,8160,8201,8141,8127,8177,8131,8150,8183,8174,8121,13.245296239852903,sil,False
77,8124,8142,8129,8145,8158,8195,8144,8122,8096,8146,8165,8151,8164,8106,13.253344774246216,sil,False
78,8126,8152,8130,8148,8149,8186,8139,8122,8119,8136,8154,8158,8165,8101,13.261346340179443,sil,False
79,8133,8160,8140,8151,8149,8181,8143,8122,8151,8122,8137,8160,8166,8104,13.267676830291748,sil,False
80,8136,8143,8142,8157,8164,8205,8168,8129,8092,8152,8162,8141,8167,8121,13.275980710983276,sil,False
81,8152,8168,8154,8176,8151,8217,8161,8144,8218,8157,8163,8185,8178,8129,13.283992528915403,sil,False
82,8135,8149,8138,8159,8167,8197,8157,8123,8139,8157,8158,8137,8165,8112,13.291992902755736,sil,False
83,8147,8166,8147,8163,8172,8189,8148,8117,8140,8141,8148,8147,8163,8118,13.300376892089844,sil,False
84,8145,8169,8142,8159,8151,8181,8143,8127,8188,8132,8134,8169,8161,8103,13.308430194854736,sil,False
85,8134,8143,8119,8146,8154,8183,8156,8120,8099,8152,8144,8122,8157,8092,13.315906524658203,sil,False
85,8134,8143,8119,8146,8154,8183,8156,8120,8099,8152,8144,8122,8157,8092,13.31691598892212,sil,False
86,8133,8172,8130,8155,8140,8189,8139,8121,8184,8134,8140,8150,8171,8099,13.323922157287598,sil,False
87,8119,8162,8127,8150,8144,8185,8143,8114,8121,8140,8146,8136,8164,8098,13.331335067749023,sil,False
88,8148,8179,8149,8165,8157,8194,8153,8122,8131,8143,8153,8153,8164,8125,13.338987827301024,sil,False
89,8143,8181,8146,8154,8142,8176,8143,8128,8174,8122,8143,8159,8168,8117,13.346949100494385,sil,False
90,8123,8142,8107,8130,8135,8164,8147,8117,8048,8137,8142,8119,8162,8099,13.354697942733765,sil,False
90,8123,8142,8107,8130,8135,8164,8147,8117,8048,8137,8142,8119,8162,8099,13.355714559555054,sil,False
91,8142,8170,8125,8149,8128,8182,8140,8127,8158,8135,8140,8177,8168,8112,13.362725019454956,sil,False
92,8142,8167,8138,8151,8147,8172,8159,8136,8157,8153,8156,8162,8164,8114,13.3709716796875,sil,False
93,8166,8170,8148,8149,8151,8156,8170,8140,8148,8161,8160,8155,8171,8132,13.379411697387695,sil,False
94,8164,8175,8151,8152,8130,8156,8156,8140,8199,8143,8153,8180,8177,8130,13.386410236358644,sil,False
94,8164,8175,8151,8152,8130,8156,8156,8140,8199,8143,8153,8180,8177,8130,13.387412548065186,sil,False
95,8156,8155,8143,8163,8149,8163,8173,8135,8107,8170,8180,8146,8170,8124,13.394986867904665,sil,False
96,8176,8189,8165,8186,8151,8170,8163,8145,8215,8172,8185,8180,8182,8141,13.401985883712769,sil,False
97,8156,8172,8151,8169,8151,8167,8156,8142,8184,8165,8181,8161,8171,8138,13.409985542297363,sil,False
98,8170,8173,8150,8168,8151,8173,8164,8134,8135,8158,8179,8162,8161,8150,13.41798448562622,sil,False
99,8178,8191,8165,8167,8126,8169,8159,8134,8209,8143,8165,8189,8169,8143,13.425976753234863,sil,False
100,8166,8160,8144,8150,8135,8163,8165,8128,8110,8162,8167,8137,8164,8130,13.43398141860962,sil,False
101,8182,8182,8151,8157,8133,8167,8148,8134,8190,8149,8164,8173,8172,8148,13.441986560821531,sil,False
102,8156,8166,8139,8143,8121,8162,8146,8132,8169,8144,8164,8163,8164,8132,13.449936866760254,sil,False
103,8164,8157,8132,8143,8123,8162,8157,8130,8107,8155,8158,8144,8154,8122,13.4579439163208,sil,False
104,8174,8186,8154,8160,8129,8162,8152,8141,8209,8148,8162,8187,8168,8131,13.46498727798462,sil,False
105,8156,8167,8152,8165,8157,8166,8170,8149,8151,8175,8199,8159,8174,8140,13.472986221313477,sil,False
106,8186,8189,8165,8180,8156,8166,8174,8154,8229,8174,8194,8188,8181,8155,13.480902433395386,sil,False
107,8168,8181,8158,8170,8153,8147,8170,8142,8216,8161,8180,8168,8169,8131,13.48891258239746,sil,False
108,8158,8170,8146,8170,8157,8150,8164,8140,8136,8165,8178,8133,8162,8122,13.496949195861816,sil,False
109,8173,8193,8149,8175,8138,8157,8150,8146,8224,8148,8162,8178,8175,8130,13.504987716674805,sil,False
110,8157,8162,8127,8164,8148,8140,8162,8131,8127,8155,8169,8147,8166,8122,13.512986660003662,sil,False
111,8166,8177,8145,8172,8140,8139,8149,8132,8152,8137,8153,8163,8162,8125,13.521249294281006,sil,False
112,8144,8170,8144,8149,8123,8138,8136,8129,8148,8115,8138,8159,8161,8110,13.528711318969728,sil,False
112,8144,8170,8144,8149,8123,8138,8136,8129,8148,8115,8138,8159,8161,8110,13.529706478118896,sil,False
113,8147,8157,8116,8142,8138,8136,8146,8123,8069,8128,8146,8133,8159,8116,13.535804271697998,sil,False
113,8147,8157,8116,8142,8138,8136,8146,8123,8069,8128,8146,8133,8159,8116,13.53680181503296,sil,False
114,8174,8182,8167,8158,8130,8148,8139,8134,8187,8121,8134,8173,8167,8124,13.543843507766724,sil,False
115,8146,8150,8278,8136,8129,8161,8146,8127,8112,8124,8140,8134,8156,8100,13.5519859790802,sil,False
116,8148,8167,8386,8147,8134,8165,8152,8137,8147,8119,8151,8158,8162,8112,13.559892892837524,sil,False
117,8146,8168,8391,8153,8139,8158,8157,8146,8214,8133,8161,8176,8170,8123,13.567891359329224,sil,False
118,8139,8139,8358,8132,8141,8166,8161,8134,8137,8157,8166,8134,8161,8111,13.575892210006714,sil,False
119,8146,8168,8384,8132,8113,8174,8142,8135,8214,8133,8141,8165,8159,8100,13.583894729614258,sil,False
120,8139,8159,8385,8136,8129,8169,8161,8139,8153,8150,8152,8144,8156,8107,13.591901063919067,sil,False
121,8170,8180,8401,8161,8147,8187,8177,8154,8207,8168,8172,8168,8172,8144,13.59850549697876,sil,False
122,8170,8182,8407,8162,8137,8191,8171,8151,8261,8158,8163,8177,8171,8137,13.606497287750244,sil,False
123,8149,8144,8379,8147,8147,8176,8164,8131,8116,8153,8153,8130,8155,8116,13.614987134933472,sil,False
124,8151,8165,8382,8157,8134,8173,8145,8132,8184,8122,8138,8173,8162,8115,13.622986316680908,sil,False
125,8142,8150,8367,8149,8133,8174,8162,8130,8140,8130,8141,8151,8157,8110,13.630987167358398,sil,False
126,8152,8157,8368,8148,8135,8173,8159,8131,8133,8134,8143,8152,8163,8127,13.638614177703856,sil,False
127,8126,8161,8371,8140,8125,8165,8134,8136,8188,8124,8142,8174,8171,8112,13.646612167358398,sil,False
240,8122,8141,8352,8144,8137,8171,8151,8139,8106,8150,8154,8143,8162,8101,13.654608726501465,sil,False
0,8169,8178,8361,8163,8125,8170,8149,8144,8197,8138,8140,8178,8170,8128,13.661611318588257,sil,False
1,8154,8160,8353,8140,8125,8156,8149,8132,8148,8140,8146,8152,8168,8130,13.669814586639404,sil,False
2,8152,8158,8362,8147,8140,8175,8158,8136,8143,8154,8161,8157,8168,8140,13.67741322517395,sil,False
3,8154,8164,8362,8154,8134,8174,8147,8142,8199,8131,8143,8181,8166,8129,13.685420513153076,sil,False
3,8154,8164,8362,8154,8134,8174,8147,8142,8199,8131,8143,8181,8166,8129,13.686412572860718,sil,False
4,8143,8135,8335,8133,8137,8160,8150,8123,8057,8118,8137,8130,8151,8109,13.694236993789673,sil,False
5,8162,8173,8364,8153,8131,8172,8149,8130,8161,8110,8145,8177,8165,8132,13.70198655128479,sil,False
6,8156,8171,8372,8167,8143,8175,8164,8145,8179,8141,8165,8170,8167,8139,13.70998740196228,sil,False
7,8166,8161,8358,8164,8147,8177,8168,8139,8122,8148,8161,8149,8163,8140,13.718029975891112,sil,False
8,8132,8166,8347,8146,8121,8172,8140,8127,8160,8103,8140,8178,8164,8124,13.725987195968628,sil,False
9,8102,8141,8326,8138,8132,8165,8148,8125,8060,8117,8148,8140,8156,8110,13.732486009597778,sil,False
10,8161,8176,8345,8166,8139,8176,8156,8139,8160,8129,8139,8167,8172,8131,13.740479469299316,sil,False
11,8152,8162,8336,8155,8143,8177,8149,8128,8160,8119,8134,8156,8172,8125,13.74917483329773,sil,False
12,8130,8150,8326,8149,8142,8175,8136,8126,8097,8115,8134,8138,8157,8118,13.757179021835327,sil,False
13,8143,8176,8339,8156,8117,8176,8133,8138,8184,8100,8116,8167,8159,8115,13.765176057815552,sil,False
14,8142,8150,8321,8144,8128,8192,8154,8122,8085,8105,8122,8126,8156,8111,13.773175239562988,sil,False
15,8160,8173,8340,8164,8136,8221,8143,8126,8149,8090,8130,8168,8167,8129,13.781176805496216,sil,False
16,8146,8173,8349,8168,8143,8229,8150,8142,8187,8099,8150,8174,8168,8126,13.788567781448364,sil,False
17,8137,8156,8334,8163,8154,8237,8168,8144,8139,8124,8167,8153,8166,8131,13.79556679725647,sil,False
18,8136,8172,8333,8165,8135,8242,8151,8146,8237,8113,8156,8187,8175,8136,13.803567171096802,sil,False
19,8132,8148,8311,8150,8144,8239,8160,8137,8143,8130,8158,8135,8165,8125,13.811566591262816,sil,False
20,8149,8169,8316,8157,8149,8244,8151,8135,8166,8115,8136,8152,8163,8125,13.8195698261261,sil,False
21,8123,8166,8308,8153,8139,8246,8136,8134,8177,8094,8122,8158,8160,8100,13.82757019996643,sil,False
22,8136,8154,8301,8159,8147,8261,8155,8134,8105,8112,8141,8127,8163,8110,13.836120128631592,sil,False
23,8164,8180,8324,8172,8148,8269,8154,8143,8218,8108,8146,8170,8177,8133,13.843987464904783,sil,False
24,8129,8153,8313,8157,8165,8256,8156,8145,8149,8124,8160,8141,8166,8117,13.85224437713623,sil,False
25,8150,8173,8325,8178,8161,8259,8151,8157,8186,8133,8160,8162,8172,8129,13.858986854553224,sil,False
26,8166,8184,8328,8190,8154,8271,8157,8161,8235,8141,8156,8177,8179,8135,13.867238283157349,sil,False
27,8162,8165,8313,8186,8174,8287,8181,8158,8158,8169,8167,8148,8167,8135,13.875235795974731,sil,False
28,8157,8185,8317,8185,8159,8291,8166,8156,8248,8143,8158,8186,8171,8133,13.88324761390686,sil,False
29,8119,8154,8291,8159,8157,8282,8161,8143,8160,8133,8168,8151,8167,8115,13.89096713066101,sil,False
30,8137,8166,8303,8170,8165,8290,8160,8151,8172,8137,8177,8166,8168,8127,13.89897346496582,sil,False
31,8152,8180,8316,8180,8153,8286,8152,8152,8228,8138,8159,8182,8166,8123,13.90695023536682,sil,False
32,8157,8161,8299,8166,8155,8283,8160,8131,8112,8143,8153,8144,8156,8119,13.914986848831177,sil,False
33,8167,8184,8318,8170,8149,8293,8143,8132,8198,8110,8153,8189,8165,8135,13.923359394073486,sil,False
34,8138,8154,8308,8163,8155,8289,8137,8133,8149,8120,8162,8161,8163,8122,13.929365634918211,sil,False
34,8138,8154,8308,8163,8155,8289,8137,8133,8149,8120,8162,8161,8163,8122,13.930359840393066,sil,False
35,8162,8163,8303,8167,8151,8293,8141,8138,8134,8142,8161,8159,8168,8130,13.93798565864563,sil,False
36,8164,8180,8313,8162,8135,8297,8144,8143,8202,8127,8166,8183,8167,8138,13.94614839553833,sil,False
37,8138,8150,8303,8157,8145,8298,8157,8145,8116,8138,8182,8148,8157,8130,13.954176664352415,sil,False
38,8161,8180,8310,8173,8140,8313,8150,8162,8215,8134,8157,8183,8173,8136,13.962176084518433,sil,False
39,8155,8169,8302,8160,8150,8326,8160,8159,8180,8136,8154,8158,8168,8134,13.969806909561155,sil,False
40,8154,8167,8309,8169,8153,8328,8158,8148,8147,8127,8162,8155,8161,8141,13.977822065353394,sil,False
41,8147,8175,8306,8167,8133,8312,8137,8144,8195,8103,8145,8184,8164,8123,13.985979795455933,sil,False
42,8134,8144,8281,8143,8144,8313,8148,8139,8070,8124,8148,8139,8156,8109,13.992986679077148,sil,False
43,8161,8176,8311,8168,8142,8330,8152,8159,8175,8132,8154,8175,8169,8132,14.000985383987429,sil,False
44,8160,8172,8314,8173,8144,8326,8167,8163,8186,8145,8168,8162,8167,8131,14.009237289428713,sil,False
45,8163,8162,8301,8168,8154,8326,8168,8152,8134,8153,8172,8142,8160,8137,14.017250776290894,sil,False
46,8157,8175,8305,8172,8144,8318,8145,8152,8210,8137,8162,8175,8168,8136,14.02498745918274,sil,False
47,8152,8160,8288,8166,8155,8303,8164,8150,8127,8159,8181,8148,8164,8140,14.032986164093018,sil,False
48,8165,8185,8297,8174,8141,8314,8166,8163,8208,8159,8185,8182,8174,8160,14.040933609008787,sil,False
49,8133,8163,8283,8171,8127,8314,8161,8165,8208,8165,8181,8163,8175,8144,14.048985958099363,sil,False
50,8148,8154,8273,8183,8140,8311,8162,8162,8151,8174,8181,8144,8167,8154,14.0563542842865,sil,False
51,8168,8188,8294,8187,8133,8315,8147,8167,8242,8149,8177,8193,8170,8171,14.064368724822998,sil,False
52,8155,8166,8288,8174,8139,8315,8163,8160,8156,8166,8196,8155,8166,8160,14.07148265838623,sil,False
52,8155,8166,8288,8174,8139,8315,8163,8160,8156,8166,8196,8155,8166,8160,14.07248306274414,sil,False
53,8184,8178,8294,8188,8135,8318,8169,8163,8205,8160,8187,8175,8173,8168,14.07949161529541,sil,False
54,8163,8166,8277,8173,8137,8309,8160,8157,8192,8139,8170,8169,8165,8150,14.087980031967165,sil,False
55,8164,8164,8275,8182,8155,8310,8164,8153,8124,8156,8172,8146,8160,8141,14.09598684310913,sil,False
56,8188,8194,8301,8200,8142,8307,8160,8158,8238,8158,8163,8194,8174,8151,14.104268312454224,sil,False
57,8160,8156,8284,8175,8150,8304,8171,8155,8156,8175,8180,8165,8171,8148,14.111975193023682,sil,False
58,8175,8179,8288,8188,8156,8318,8170,8164,8204,8180,8186,8187,8176,8157,14.119981527328491,sil,False
59,8171,8189,8278,8181,8146,8302,8152,8149,8201,8158,8170,8177,8162,8138,14.12698769569397,sil,False
60,8156,8161,8262,8169,8142,8286,8137,8133,8064,8142,8159,8136,8150,8123,14.134689331054688,sil,False
60,8156,8161,8262,8169,8142,8286,8137,8133,8064,8142,8159,8136,8150,8123,14.13568902015686,sil,False
61,8176,8189,8279,8196,8131,8292,8140,8154,8181,8141,8157,8188,8174,8138,14.142725944519045,sil,False
61,8176,8189,8279,8196,8131,8292,8140,8154,8181,8141,8157,8188,8174,8138,14.14330244064331,sil,False
62,8174,8175,8266,8193,8152,8294,8172,8157,8154,8182,8187,8163,8177,8151,14.15073537826538,sil,False
63,8172,8175,8271,8187,8145,8295,8153,8152,8169,8174,8186,8167,8169,8159,14.158765077590942,sil,False
64,8157,8172,8270,8183,8124,8291,8139,8150,8197,8154,8163,8172,8165,8134,14.16676115989685,sil,False
65,8157,8159,8251,8177,8138,8300,8167,8148,8110,8167,8164,8144,8166,8125,14.174776554107666,sil,False
66,8152,8179,8259,8172,8130,8308,8150,8158,8200,8145,8153,8184,8172,8128,14.18298625946045,sil,False
67,8131,8150,8246,8162,8142,8301,8151,8156,8139,8161,8160,8151,8159,8115,14.190008640289308,sil,False
68,8167,8172,8251,8180,8152,8304,8162,8149,8150,8167,8169,8161,8167,8134,14.198009490966797,sil,False
69,8152,8181,8251,8169,8134,8302,8148,8146,8188,8138,8161,8178,8172,8132,14.20598554611206,sil,False
70,8143,8158,8239,8167,8142,8314,8158,8153,8086,8157,8168,8143,8162,8130,14.213988304138184,sil,False
71,8189,8193,8263,8194,8148,8330,8162,8164,8211,8164,8177,8186,8179,8158,14.221986532211304,sil,False
72,8160,8164,8255,8171,8157,8325,8157,8146,8173,8171,8199,8160,8176,8155,14.229986190795898,sil,False
73,8153,8166,8261,8169,8159,8334,8141,8145,8153,8172,8195,8160,8170,8159,14.237933874130247,sil,False
74,8182,8190,8270,8183,8150,8334,8134,8156,8231,8170,8178,8187,8174,8157,14.246046543121338,sil,False
75,8180,8159,8245,8173,8167,8327,8153,8140,8122,8177,8185,8142,8163,8148,14.25407600402832,sil,False
76,8169,8177,8255,8178,8159,8327,8137,8141,8183,8142,8166,8174,8168,8151,14.261053562164308,sil,False
77,8149,8163,8243,8165,8150,8319,8141,8149,8153,8151,8164,8157,8168,8143,14.268986225128174,sil,False
78,8160,8156,8226,8156,8139,8319,8154,8153,8133,8171,8176,8144,8169,8150,14.2770037651062,sil,False
79,8138,8163,8220,8149,8119,8315,8138,8151,8194,8147,8165,8167,8169,8129,14.2850079536438,sil,False
80,8125,8144,8205,8144,8140,8313,8147,8145,8079,8162,8163,8129,8159,8108,14.292986631393433,sil,False
81,8157,8176,8224,8157,8142,8320,8145,8154,8169,8161,8157,8169,8170,8128,14.301084280014038,sil,False
82,8127,8160,8213,8139,8139,8317,8142,8150,8158,8161,8167,8151,8168,8120,14.309080362319946,sil,False
83,8138,8154,8213,8142,8152,8321,8150,8143,8107,8173,8174,8140,8164,8123,14.316080093383787,sil,False
84,8154,8178,8237,8163,8146,8323,8144,8148,8202,8157,8165,8187,8172,8128,14.323986291885376,sil,False
85,8127,8152,8227,8160,8148,8320,8149,8149,8109,8166,8177,8149,8162,8119,14.331981658935549,sil,False
86,8156,8180,8240,8167,8138,8326,8140,8153,8170,8167,8175,8182,8168,8140,14.339990854263306,sil,False
87,8149,8172,8236,8152,8140,8315,8136,8139,8166,8166,8182,8173,8171,8141,14.3479962348938,sil,False
88,8139,8161,8225,8155,8150,8314,8134,8140,8108,8165,8192,8146,8169,8140,14.35644817352295,sil,False
89,8163,8191,8230,8171,8137,8332,8132,8164,8210,8155,8168,8187,8174,8146,14.363986015319824,sil,False
90,8160,8168,8219,8161,8159,8336,8161,8160,8129,8179,8171,8152,8163,8146,14.372002601623535,sil,False
91,8172,8185,8242,8179,8167,8338,8161,8167,8199,8175,8181,8172,8171,8164,14.380006790161133,sil,False
92,8165,8178,8240,8174,8160,8334,8155,8172,8234,8172,8180,8168,8169,8157,14.387985467910768,sil,False
93,8164,8161,8223,8160,8167,8341,8164,8160,8162,8184,8174,8141,8158,8153,14.39500641822815,sil,False
94,8166,8186,8237,8168,8156,8340,8153,8158,8258,8167,8161,8178,8164,8151,14.403006553649902,sil,False
95,8152,8164,8226,8157,8170,8325,8161,8157,8178,8183,8179,8150,8161,8142,14.410985708236694,sil,False
96,8167,8181,8235,8171,8176,8335,8157,8165,8221,8190,8191,8180,8170,8160,14.41898226737976,sil,False
97,8145,8177,8231,8172,8176,8338,8159,8168,8267,8188,8184,8181,8170,8151,14.427085161209106,sil,False
98,8144,8155,8220,8164,8192,8334,8177,8165,8184,8205,8190,8146,8169,8148,14.435380220413208,sil,False
99,8166,8185,8235,8172,8179,8328,8160,8169,8271,8191,8184,8193,8181,8163,14.442986726760864,sil,False
99,8166,8185,8235,8172,8179,8328,8160,8169,8271,8191,8184,8193,8181,8163,14.443464994430542,sil,False
100,8149,8164,8218,8162,8186,8320,8160,8157,8182,8189,8175,8154,8159,8151,14.450108528137209,sil,False
101,8164,8176,8222,8172,8188,8328,8161,8155,8183,8172,8160,8162,8155,8158,14.45805287361145,sil,False
102,8154,8179,8224,8169,8174,8323,8155,8159,8227,8162,8164,8180,8167,8154,14.465980291366575,sil,False
103,8158,8164,8209,8166,8186,8317,8170,8162,8149,8191,8180,8147,8168,8157,14.474127769470217,sil,False
104,8184,8198,8229,8179,8187,8316,8159,8174,8264,8177,8168,8190,8175,8171,14.4821298122406,sil,False
105,8149,8170,8213,8163,8184,8305,8152,8162,8194,8175,8173,8155,8165,8151,14.489985942840576,sil,False
106,8148,8170,8209,8167,8171,8306,8151,8156,8171,8179,8177,8156,8169,8155,14.497985601425173,sil,False
107,8151,8181,8220,8169,8169,8307,8159,8169,8240,8178,8183,8185,8179,8159,14.506249904632568,sil,False
108,8154,8161,8211,8170,8198,8318,8186,8172,8164,8201,8192,8148,8164,8160,14.512775421142578,sil,False
109,8171,8184,8219,8179,8187,8327,8175,8172,8250,8178,8164,8177,8164,8164,14.520795822143556,sil,False
110,8149,8160,8211,8156,8175,8319,8171,8165,8200,8177,8176,8160,8171,8151,14.528985977172852,sil,False
111,8171,8167,8219,8163,8176,8315,8175,8168,8191,8195,8197,8170,8178,8159,14.53694462776184,yes,True
112,8168,8183,8229,8174,8185,8309,8166,8167,8253,8183,8184,8190,8173,8151,14.54495930671692,yes,True
113,8151,8167,8226,8182,8220,8311,8174,8163,8149,8186,8192,8151,8163,8144,14.55298662185669,yes,True
114,8194,8204,8252,8209,8209,8318,8160,8168,8237,8178,8187,8198,8176,8162,14.560986518859863,yes,True
115,8185,8177,8239,8189,8197,8300,8149,8151,8189,8186,8185,8176,8171,8154,14.568649291992188,yes,True
116,8174,8172,8231,8186,8210,8302,8153,8158,8143,8188,8187,8162,8169,8165,14.575576782226562,yes,True
117,8170,8193,8231,8194,8199,8309,8157,8174,8215,8167,8167,8192,8171,8167,14.583987474441528,yes,True
118,8150,8154,8205,8167,8196,8305,8165,8152,8098,8178,8175,8146,8157,8154,14.591594457626345,yes,True
119,8161,8170,8217,8172,8180,8302,8144,8153,8186,8173,8183,8178,8169,8165,14.59998631477356,yes,True
120,8158,8166,8207,8174,8183,8295,8155,8163,8188,8180,8179,8169,8171,8160,14.607516765594482,yes,True
121,8163,8163,8198,8170,8195,8301,8168,8158,8126,8184,8172,8155,8167,8157,14.615520238876345,yes,True
122,8154,8173,8200,8164,8170,8301,8136,8156,8199,8150,8157,8188,8172,8142,14.62352204322815,yes,True
123,8143,8144,8178,8155,8175,8292,8143,8151,8093,8163,8164,8146,8160,8128,14.632030725479126,yes,True
124,8159,8168,8198,8168,8182,8294,8149,8158,8149,8158,8162,8174,8165,8140,14.640082120895386,yes,True
125,8127,8159,8196,8159,8178,8288,8139,8159,8150,8143,8159,8168,8163,8114,14.647979736328123,yes,True
126,8141,8150,8182,8168,8181,8294,8149,8158,8091,8162,8159,8146,8162,8112,14.654900312423706,yes,True
127,8158,8180,8201,8178,8175,8294,8151,8163,8209,8168,8160,8193,8178,8136,14.662988185882568,yes,True
240,8129,8160,8196,8164,8196,8284,8161,8167,8152,8190,8187,8160,8174,8133,14.670989513397217,yes,True
0,8158,8174,8197,8177,8192,8298,8154,8179,8197,8177,8172,8174,8167,8138,14.679012298583984,yes,True
1,8144,8160,8175,8160,8180,8303,8151,8166,8179,8151,8152,8165,8156,8121,14.687007904052734,yes,True
2,8111,8139,8160,8145,8183,8297,8152,8148,8073,8146,8159,8144,8157,8110,14.69498610496521,yes,True
3,8126,8172,8179,8162,8160,8296,8135,8161,8179,8135,8154,8184,8176,8120,14.70305848121643,yes,True
4,8144,8153,8167,8159,8158,8292,8151,8167,8127,8169,8165,8128,8169,8134,14.710063457489014,yes,True
5,8171,8168,8184,8162,8156,8289,8154,8173,8174,8180,8170,8153,8171,8158,14.718080282211304,yes,True
6,8139,8168,8193,8155,8146,8274,8146,8177,8222,8170,8182,8193,8170,8143,14.726073503494264,yes,True
7,8129,8151,8177,8163,8155,8272,8162,8181,8154,8190,8196,8160,8162,8138,14.733985900878906,yes,True
8,8166,8182,8196,8180,8153,8281,8166,8190,8266,8186,8182,8187,8176,8156,14.741985321044922,yes,True
9,8148,8156,8197,8162,8170,8276,8177,8176,8187,8193,8194,8164,8172,8149,14.749985456466677,yes,True
10,8155,8170,8203,8182,8167,8274,8167,8173,8185,8183,8198,8183,8169,8150,14.757967948913574,yes,True
11,8162,8177,8193,8183,8144,8259,8151,8163,8206,8161,8177,8190,8165,8132,14.7661714553833,yes,True
12,8160,8150,8188,8163,8154,8261,8159,8151,8091,8167,8188,8156,8164,8122,14.774170875549316,yes,True
13,8170,8179,8221,8187,8154,8273,8151,8170,8212,8161,8192,8199,8176,8137,14.780986070632936,yes,True
14,8144,8161,8194,8181,8155,8256,8151,8164,8150,8170,8183,8157,8158,8123,14.789234399795532,yes,True
15,8153,8168,8182,8169,8153,8253,8150,8153,8104,8157,8179,8163,8156,8125,14.796949863433838,yes,True
16,8163,8180,8196,8170,8151,8260,8155,8163,8179,8140,8182,8200,8172,8136,14.804682970046995,yes,True
17,8160,8159,8188,8175,8166,8261,8184,8174,8110,8173,8189,8159,8169,8152,14.81298804283142,yes,True
18,8160,8184,8199,8180,8138,8254,8171,8185,8203,8174,8174,8190,8173,8166,14.820987939834597,yes,True
19,8135,8151,8172,8154,8124,8238,8155,8173,8154,8177,8173,8165,8165,8141,14.828986644744871,yes,True
20,8148,8142,8154,8152,8132,8236,8151,8170,8115,8173,8165,8159,8165,8135,14.837136507034302,yes,True
21,8142,8164,8164,8155,8120,8230,8153,8180,8180,8161,8151,8186,8171,8126,14.845135927200316,yes,True
22,8142,8145,8158,8151,8127,8227,8174,8175,8086,8183,8168,8146,8163,8118,14.855151653289797,yes,True
23,8176,8173,8176,8160,8118,8224,8155,8172,8150,8161,8166,8183,8174,8128,14.86014986038208,yes,True
24,8159,8161,8180,8152,8120,8210,8152,8169,8115,8162,8176,8175,8169,8118,14.868148803710938,yes,True
25,8178,8160,8196,8171,8132,8220,8167,8173,8108,8186,8189,8174,8163,8136,14.876148223876951,yes,True
26,8179,8175,8200,8176,8119,8224,8146,8171,8188,8161,8177,8199,8167,8134,14.884148836135864,yes,True
27,8144,8146,8163,8152,8129,8215,8154,8168,8067,8170,8187,8152,8162,8112,14.892148733139038,yes,True
28,8159,8164,8167,8160,8130,8224,8166,8184,8157,8178,8174,8186,8172,8127,14.900150060653688,yes,True
29,8140,8152,8159,8152,8140,8223,8166,8179,8163,8175,8163,8172,8169,8118,14.907150030136108,yes,True
30,8147,8158,8154,8154,8154,8217,8161,8173,8106,8177,8181,8154,8168,8122,14.915148496627808,yes,True
31,8165,8179,8164,8166,8136,8211,8156,8178,8203,8170,8202,8194,8177,8139,14.923153638839722,yes,True
32,8142,8141,8141,8157,8147,8213,8171,8169,8113,8186,8224,8151,8162,8137,14.931153774261476,yes,True
33,8149,8163,8141,8173,8139,8217,8152,8168,8155,8161,8200,8171,8162,8130,14.93906021118164,yes,True
34,8147,8162,8131,8174,8125,8203,8147,8162,8145,8142,8185,8163,8163,8105,14.947078227996826,yes,True
35,8171,8154,8140,8177,8151,8207,8171,8163,8094,8166,8208,8148,8165,8116,14.95491647720337,yes,True
36,8173,8186,8166,8185,8160,8207,8160,8174,8212,8159,8205,8197,8173,8128,14.96393060684204,yes,True
37,8133,8162,8147,8173,8157,8186,8153,8165,8111,8159,8204,8160,8163,8106,14.970986127853394,yes,True
38,8158,8174,8163,8195,8139,8182,8148,8173,8143,8150,8206,8185,8172,8112,14.977461099624634,yes,True
39,8172,8172,8171,8198,8143,8174,8156,8179,8174,8152,8204,8190,8171,8109,14.9855637550354,yes,True
40,8169,8155,8144,8182,8157,8162,8168,8158,8074,8151,8186,8152,8155,8107,14.993469476699827,yes,True
40,8169,8155,8144,8182,8157,8162,8168,8158,8074,8151,8186,8152,8155,8107,14.994468450546265,yes,True
41,8145,8168,8126,8167,8127,8148,8138,8141,8122,8100,8152,8183,8159,8099,15.001980066299438,yes,True
42,8100,8139,8108,8149,8131,8145,8129,8137,8023,8100,8152,8148,8153,8074,15.009539365768433,yes,True
43,8140,8166,8141,8180,8141,8164,8131,8153,8079,8118,8148,8166,8155,8087,15.017734289169312,sil,False
44,8153,8172,8146,8173,8133,8168,8139,8154,8140,8122,8147,8177,8160,8100,15.02466320991516,sil,False
45,8122,8138,8117,8147,8145,8171,8154,8150,8045,8134,8167,8146,8167,8108,15.03405261039734,sil,False
46,8130,8166,8130,8174,8139,8176,8144,8169,8154,8124,8151,8186,8174,8115,15.041269302368164,sil,False
47,8142,8156,8127,8182,8147,8172,8161,8168,8114,8144,8146,8151,8160,8113,15.048685312271118,sil,False
48,8163,8171,8142,8188,8158,8175,8165,8169,8133,8149,8164,8172,8172,8137,15.05668592453003,sil,False
49,8160,8176,8152,8188,8156,8161,8150,8175,8197,8144,8175,8202,8180,8141,15.065207242965698,sil,False
49,8160,8176,8152,8188,8156,8161,8150,8175,8197,8144,8175,8202,8180,8141,15.0654137134552,sil,False
50,8170,8148,8135,8185,8158,8154,8155,8165,8107,8160,8174,8155,8161,8138,15.072548389434814,sil,False
51,8182,8177,8148,8188,8143,8173,8148,8169,8189,8137,8156,8185,8168,8138,15.080554008483888,sil,False
52,8150,8164,8136,8176,8159,8180,8162,8171,8141,8142,8163,8164,8167,8115,15.088986158370972,sil,False
53,8175,8172,8134,8188,8167,8181,8169,8169,8143,8156,8165,8167,8164,8119,15.09665560722351,sil,False
54,8172,8177,8141,8184,8144,8175,8159,8165,8202,8143,8161,8186,8169,8113,15.10365629196167,sil,False
55,8142,8144,8127,8169,8149,8168,8164,8162,8097,8154,8176,8150,8160,8106,15.1119863986969,sil,False
56,8157,8166,8136,8184,8149,8171,8153,8170,8195,8152,8173,8195,8169,8125,15.119651794433594,sil,False
57,8133,8154,8127,8182,8157,8174,8163,8169,8172,8169,8192,8176,8171,8120,15.12798810005188,sil,False
58,8141,8162,8125,8194,8156,8177,8173,8175,8149,8178,8191,8164,8167,8127,15.135986328125,sil,False
59,8146,8170,8118,8188,8135,8159,8147,8168,8202,8150,8156,8183,8164,8121,15.144006967544556,sil,False
60,8131,8142,8107,8171,8154,8156,8151,8156,8096,8154,8167,8145,8158,8110,15.151002883911133,sil,False
61,8170,8184,8148,8200,8156,8175,8168,8182,8214,8165,8176,8193,8175,8134,15.15895676612854,sil,False
62,8175,8173,8146,8191,8160,8160,8181,8179,8211,8183,8172,8181,8169,8140,15.167949199676514,sil,False
63,8166,8155,8141,8181,8169,8149,8167,8164,8154,8179,8173,8163,8160,8145,15.174960613250732,sil,False
64,8162,8175,8162,8195,8148,8151,8154,8175,8245,8160,8168,8192,8170,8141,15.18294906616211,sil,False
65,8159,8159,8148,8189,8152,8146,8173,8166,8147,8180,8171,8150,8161,8130,15.190956830978394,sil,False
66,8169,8182,8156,8200,8155,8154,8153,8161,8190,8159,8164,8182,8162,8136,15.198986053466797,sil,False
67,8149,8166,8148,8202,8163,8163,8149,8165,8174,8150,8168,8176,8161,8121,15.206949710845947,sil,False
68,8156,8152,8138,8196,8174,8182,8169,8167,8128,8165,8168,8155,8162,8120,15.214986562728882,sil,False
69,8143,8163,8134,8176,8155,8192,8153,8170,8216,8139,8146,8181,8164,8102,15.222554206848145,sil,False
69,8143,8163,8134,8176,8155,8192,8153,8170,8216,8139,8146,8181,8164,8102,15.223535537719728,sil,False
70,8116,8140,8099,8162,8159,8185,8152,8166,8092,8144,8143,8132,8151,8075,15.22947382926941,sil,False
70,8116,8140,8099,8162,8159,8185,8152,8166,8092,8144,8143,8132,8151,8075,15.230472087860107,sil,False
71,8154,8175,8110,8189,8158,8183,8155,8165,8141,8144,8141,8170,8166,8103,15.237475633621216,sil,False
72,8142,8163,8123,8173,8156,8182,8156,8152,8177,8142,8161,8181,8172,8111,15.245986223220823,sil,False
73,8134,8136,8122,8161,8161,8193,8150,8148,8116,8156,8176,8157,8162,8107,15.25398588180542,sil,False
74,8163,8169,8136,8184,8140,8192,8139,8158,8208,8145,8148,8191,8168,8112,15.262014627456663,sil,False
75,8153,8151,8124,8177,8149,8176,8157,8148,8121,8149,8156,8149,8163,8102,15.269461393356323,sil,False
76,8148,8162,8131,8181,8152,8180,8148,8149,8151,8127,8155,8170,8162,8103,15.277462482452393,sil,False
77,8135,8162,8127,8186,8150,8173,8147,8154,8178,8131,8142,8185,8164,8103,15.285984992980955,sil,False
77,8135,8162,8127,8186,8150,8173,8147,8154,8178,8131,8142,8185,8164,8103,15.286464929580688,sil,False
78,8159,8156,8138,8198,8175,8169,8177,8164,8144,8179,8174,8172,8175,8136,15.29397988319397,sil,False
79,8185,8188,8167,8211,8162,8167,8165,8177,8279,8167,8189,8212,8181,8155,15.30099391937256,sil,False
80,8163,8157,8138,8191,8152,8156,8159,8157,8169,8150,8168,8162,8157,8119,15.308992862701416,sil,False
81,8178,8167,8143,8194,8153,8167,8161,8150,8152,8140,8147,8170,8163,8109,15.31695032119751,sil,False
82,8164,8175,8151,8191,8152,8175,8151,8156,8201,8140,8158,8183,8170,8096,15.324435472488403,sil,False
83,8162,8159,8135,8188,8157,8181,8155,8153,8116,8157,8175,8153,8158,8089,15.33296012878418,sil,False
84,8179,8180,8152,8195,8150,8183,8153,8152,8201,8134,8168,8202,8169,8107,15.340986013412476,sil,False
85,8149,8150,8142,8179,8163,8165,8165,8153,8144,8145,8180,8172,8169,8114,15.34897232055664,sil,False
86,8174,8166,8146,8197,8172,8169,8177,8177,8187,8181,8187,8176,8172,8141,15.357032775878906,sil,False
87,8176,8179,8155,8195,8172,8178,8180,8182,8273,8189,8192,8201,8175,8149,15.364023447036743,sil,False
88,8142,8151,8137,8174,8178,8175,8187,8162,8160,8188,8197,8155,8162,8130,15.3719801902771,sil,False
89,8160,8174,8136,8179,8151,8160,8168,8159,8212,8154,8158,8178,8164,8115,15.37998652458191,sil,False
90,8154,8151,8123,8160,8152,8141,8165,8152,8138,8149,8155,8155,8158,8099,15.387985706329346,sil,False
91,8162,8158,8135,8175,8162,8132,8159,8151,8122,8147,8176,8166,8160,8120,15.396008014678957,sil,False
92,8163,8176,8142,8189,8143,8111,8141,8147,8176,8129,8160,8185,8163,8121,15.404006958007812,sil,False
93,8160,8154,8129,8180,8157,8103,8155,8137,8052,8145,8159,8142,8157,8108,15.411986827850342,sil,False
94,8187,8193,8165,8204,8161,8119,8155,8156,8159,8145,8169,8194,8171,8122,15.419325590133669,sil,False
94,8187,8193,8165,8204,8161,8119,8155,8156,8159,8145,8169,8194,8171,8122,15.420314073562622,sil,False
95,8179,8184,8173,8203,8158,8120,8162,8162,8163,8159,8188,8181,8170,8121,15.428313732147217,sil,False
96,8182,8175,8164,8199,8155,8123,8160,8153,8136,8170,8192,8167,8170,8131,15.43532109260559,sil,False
97,8170,8187,8159,8201,8145,8123,8144,8151,8223,8163,8181,8192,8175,8122,15.442986011505129,sil,False
98,8155,8162,8138,8200,8157,8116,8161,8150,8143,8185,8190,8146,8161,8110,15.451202392578123,sil,False
99,8169,8182,8148,8208,8144,8116,8158,8164,8219,8171,8185,8177,8167,8130,15.45920181274414,sil,False
100,8151,8169,8132,8193,8144,8122,8168,8172,8208,8177,8188,8165,8172,8126,15.467212438583374,sil,False
101,8171,8171,8125,8198,8160,8139,8187,8172,8174,8200,8188,8147,8170,8128,15.47522473335266,sil,False
102,8172,8185,8134,8198,8142,8134,8171,8166,8241,8171,8166,8174,8167,8116,15.482986450195312,sil,False
103,8141,8148,8115,8180,8143,8120,8165,8155,8116,8169,8170,8133,8157,8097,15.490629434585571,sil,False
104,8182,8176,8137,8197,8140,8121,8158,8162,8187,8169,8164,8171,8172,8127,15.49763035774231,sil,False
105,8187,8173,8149,8188,8141,8119,8161,8159,8203,8169,8167,8169,8169,8135,15.50598669052124,sil,False
106,8183,8163,8151,8185,8149,8129,8169,8158,8152,8175,8175,8147,8161,8134,15.513986110687256,sil,False
107,8183,8186,8164,8199,8136,8136,8160,8167,8248,8167,8167,8189,8175,8131,15.522061109542848,sil,False
108,8154,8157,8149,8190,8147,8130,8171,8159,8145,8182,8185,8159,8166,8116,15.530056238174438,sil,False
109,8181,8184,8170,8208,8147,8143,8172,8169,8212,8176,8193,8185,8168,8128,15.537985563278198,sil,False
110,8191,8188,8171,8202,8145,8149,8174,8171,8247,8171,8187,8182,8165,8123,15.546170711517334,sil,False
111,8184,8164,8154,8187,8152,8149,8167,8157,8147,8172,8188,8152,8159,8114,15.554170608520508,sil,False
112,8180,8183,8157,8189,8126,8144,8143,8157,8216,8153,8177,8186,8169,8108,15.561986684799194,sil,False
113,8170,8164,8135,8177,8130,8135,8159,8153,8139,8179,8186,8150,8166,8107,15.56898593902588,sil,False
114,8189,8178,8148,8187,8143,8151,8156,8156,8179,8177,8182,8175,8169,8122,15.576732873916626,sil,False
115,8181,8175,8156,8193,8148,8163,8144,8161,8205,8165,8177,8180,8170,8111,15.58473300933838,sil,False
116,8183,8162,8144,8191,8159,8168,8165,8163,8135,8188,8190,8141,8165,8115,15.59298825263977,sil,False
116,8183,8162,8144,8191,8159,8168,8165,8163,8135,8188,8190,8141,8165,8115,15.593432903289797,sil,False
117,8175,8179,8145,8188,8140,8160,8156,8165,8230,8166,8170,8177,8161,8110,15.601078033447266,sil,False
118,8139,8143,8126,8176,8146,8151,8155,8156,8144,8169,8165,8149,8157,8085,15.608641147613524,sil,False
119,8164,8167,8149,8199,8160,8162,8164,8169,8187,8183,8179,8178,8175,8119,15.6166410446167,sil,False
120,8174,8184,8163,8200,8155,8159,8166,8175,8250,8173,8177,8198,8167,8127,15.624986171722412,sil,False
121,8180,8158,8146,8186,8165,8154,8168,8157,8119,8166,8167,8148,8151,8101,15.631904363632202,sil,False
122,8192,8184,8160,8195,8165,8154,8149,8154,8170,8136,8160,8181,8173,8094,15.63998532295227,sil,False
123,8163,8166,8147,8195,8173,8145,8158,8153,8107,8147,8174,8159,8168,8084,15.648003101348875,sil,False
124,8189,8177,8148,8208,8171,8149,8163,8152,8120,8164,8164,8169,8160,8098,15.656002044677734,sil,False
125,8185,8184,8153,8193,8162,8144,8145,8154,8184,8161,8161,8186,8172,8100,15.664000749588013,sil,False
126,8155,8153,8130,8179,8177,8142,8163,8163,8091,8185,8181,8143,8169,8102,15.672001600265505,sil,False
127,8173,8172,8129,8193,8166,8146,8168,8175,8177,8180,8161,8182,8166,8120,15.68000078201294,sil,False
240,8146,8148,8116,8166,8170,8138,8166,8158,8117,8176,8166,8164,8162,8111,15.68798565864563,sil,False
0,8145,8155,8130,8171,8175,8142,8166,8168,8113,8180,8189,8170,8174,8124,15.696178436279297,sil,False
1,8165,8175,8148,8190,8161,8146,8167,8187,8225,8187,8191,8196,8185,8141,15.703190088272097,sil,False
2,8172,8152,8141,8174,8175,8144,8175,8171,8136,8206,8202,8151,8172,8145,15.711202144622805,sil,False
3,8193,8178,8157,8181,8164,8144,8154,8168,8205,8180,8195,8189,8171,8152,15.71898603439331,sil,False
4,8184,8169,8142,8185,8158,8135,8162,8163,8159,8175,8189,8175,8160,8131,15.727005243301392,sil,False
5,8201,8171,8144,8192,8173,8140,8169,8154,8108,8177,8188,8167,8159,8130,15.734551668167114,sil,False
5,8201,8171,8144,8192,8173,8140,8169,8154,8108,8177,8188,8167,8159,8130,15.735549211502075,sil,False
6,8192,8179,8161,8183,8169,8136,8145,8152,8184,8154,8182,8197,8169,8122,15.743296146392822,sil,False
7,8165,8151,8143,8169,8180,8129,8155,8151,8088,8165,8189,8153,8160,8099,15.750956535339355,sil,False
8,8199,8190,8167,8205,8184,8141,8163,8169,8177,8167,8182,8183,8167,8105,15.757957696914673,sil,False
9,8194,8183,8174,8205,8192,8138,8175,8176,8191,8182,8187,8174,8167,8108,15.76598048210144,sil,False
10,8171,8157,8155,8185,8190,8136,8178,8175,8146,8197,8197,8160,8166,8126,15.774001836776732,sil,False
11,8170,8176,8152,8187,8171,8134,8173,8187,8234,8189,8191,8191,8177,8135,15.782134532928469,sil,False
12,8180,8164,8139,8185,8191,8136,8203,8192,8163,8216,8198,8150,8169,8130,15.790133237838743,sil,False
13,8187,8179,8145,8182,8187,8148,8196,8197,8239,8205,8191,8183,8173,8139,15.797985792160034,sil,False
14,8154,8157,8129,8160,8171,8142,8176,8187,8220,8194,8187,8177,8165,8119,15.805985927581789,sil,False
15,8190,8157,8133,8174,8189,8151,8190,8183,8155,8217,8193,8160,8163,8132,15.814186096191406,sil,False
16,8214,8196,8161,8192,8189,8156,8189,8193,8280,8200,8186,8204,8174,8152,15.821986198425291,sil,False
17,8176,8165,8141,8178,8197,8135,8191,8187,8186,8199,8193,8160,8164,8139,15.828914642333984,sil,False
18,8204,8177,8149,8183,8192,8127,8179,8181,8198,8193,8185,8183,8167,8146,15.837013006210327,sil,False
19,8194,8171,8155,8173,8183,8125,8172,8175,8202,8185,8183,8189,8169,8138,15.844980001449583,sil,False
20,8179,8159,8152,8183,8193,8127,8181,8179,8142,8203,8199,8161,8164,8142,15.852986097335815,sil,False
21,8197,8188,8163,8201,8191,8122,8172,8184,8245,8190,8191,8200,8170,8148,15.860987186431885,sil,False
22,8179,8158,8139,8177,8198,8116,8177,8172,8138,8189,8195,8161,8160,8125,15.868985891342165,sil,False
23,8199,8179,8153,8189,8185,8123,8171,8181,8164,8180,8188,8178,8168,8129,15.877072095870972,sil,False
24,8202,8189,8164,8196,8186,8113,8167,8180,8215,8178,8182,8192,8172,8132,15.885072231292725,sil,False
25,8197,8165,8144,8182,8211,8106,8180,8174,8127,8199,8196,8155,8160,8134,15.891985893249512,sil,False
26,8206,8181,8146,8179,8195,8110,8170,8191,8212,8189,8183,8185,8167,8137,15.899986028671265,sil,False
27,8179,8156,8126,8160,8202,8110,8178,8186,8153,8208,8188,8157,8164,8128,15.907985925674438,sil,False
28,8192,8175,8131,8174,8210,8109,8173,8186,8189,8215,8194,8171,8166,8144,15.916008472442629,sil,False
29,8193,8177,8132,8179,8195,8103,8168,8197,8242,8205,8182,8178,8169,8142,15.924030542373655,sil,False
30,8173,8147,8115,8164,8201,8110,8188,8191,8134,8215,8189,8141,8165,8146,15.932180166244509,sil,False
30,8173,8147,8115,8164,8201,8110,8188,8191,8134,8215,8189,8141,8165,8146,15.932686805725098,sil,False
31,8170,8177,8131,8169,8188,8109,8177,8192,8222,8193,8187,8189,8171,8155,15.939785480499268,sil,False
32,8166,8162,8122,8163,8183,8085,8176,8189,8158,8197,8183,8161,8156,8130,15.947386980056764,sil,False
33,8198,8167,8140,8178,8188,8085,8170,8188,8140,8199,8180,8164,8157,8130,15.954387187957764,sil,False
34,8191,8174,8155,8181,8187,8083,8153,8187,8197,8187,8171,8185,8161,8124,15.962387561798096,sil,False
35,8177,8149,8128,8169,8202,8073,8161,8176,8083,8198,8171,8141,8149,8111,15.970388650894163,sil,False
36,8196,8178,8144,8187,8191,8078,8150,8178,8163,8175,8171,8187,8161,8114,15.978387832641602,sil,False
36,8196,8178,8144,8187,8191,8078,8150,8178,8163,8175,8171,8187,8161,8114,15.97938871383667,sil,False
37,8191,8168,8155,8191,8194,8080,8156,8178,8142,8184,8195,8176,8165,8113,15.9863862991333,sil,False
37,8191,8168,8155,8191,8194,8080,8156,8178,8142,8184,8195,8176,8165,8113,15.987388134002686,sil,False
38,8210,8174,8160,8192,8208,8087,8162,8181,8124,8197,8198,8171,8166,8135,15.994386196136476,sil,False
39,8193,8183,8151,8183,8201,8085,8152,8181,8182,8173,8179,8188,8164,8123,16.00239372253418,sil,False
40,8170,8152,8128,8182,8212,8079,8172,8181,8090,8193,8190,8143,8152,8104,16.010438680648804,sil,False
40,8170,8152,8128,8182,8212,8079,8172,8181,8090,8193,8190,8143,8152,8104,16.011394262313843,sil,False
41,8184,8172,8139,8190,8203,8079,8171,8187,8170,8196,8172,8174,8164,8122,16.018397092819214,sil,False
42,8150,8156,8125,8163,8204,8070,8166,8175,8129,8191,8162,8154,8162,8112,16.025399446487427,sil,False
42,8150,8156,8125,8163,8204,8070,8166,8175,8129,8191,8162,8154,8162,8112,16.026398420333862,sil,False
43,8162,8158,8130,8173,8214,8078,8164,8183,8106,8194,8173,8154,8159,8113,16.033986806869507,sil,False
44,8192,8179,8147,8187,8187,8076,8149,8193,8197,8180,8158,8192,8166,8122,16.04151439666748,sil,False
45,8183,8149,8128,8170,8184,8062,8159,8172,8073,8190,8157,8146,8157,8124,16.050505876541138,sil,False
46,8196,8168,8139,8175,8185,8057,8148,8172,8132,8174,8154,8180,8164,8137,16.057549715042114,sil,False
47,8172,8155,8138,8162,8193,8055,8144,8178,8127,8166,8169,8174,8163,8129,16.06598663330078,sil,False
48,8175,8155,8147,8171,8204,8071,8162,8189,8083,8179,8185,8159,8164,8138,16.073984384536743,sil,False
49,8198,8189,8167,8193,8196,8074,8166,8201,8211,8183,8175,8199,8175,8149,16.081973791122437,sil,False
50,8193,8164,8149,8185,8208,8066,8180,8187,8139,8211,8184,8163,8162,8147,16.08898639678955,sil,False
51,8203,8183,8162,8193,8200,8070,8170,8184,8178,8193,8192,8187,8165,8160,16.097217082977295,sil,False
52,8172,8176,8156,8181,8191,8058,8161,8187,8174,8174,8194,8177,8169,8138,16.104987144470215,sil,False
53,8179,8160,8132,8172,8198,8062,8172,8189,8117,8193,8186,8150,8168,8136,16.11297059059143,sil,False
54,8193,8178,8136,8173,8181,8073,8163,8191,8209,8185,8172,8189,8171,8150,16.120984315872192,sil,False
55,8159,8152,8125,8154,8182,8059,8167,8179,8095,8181,8182,8144,8153,8128,16.128986358642578,sil,False
56,8175,8171,8130,8165,8174,8054,8156,8177,8118,8166,8162,8159,8161,8123,16.137091636657715,sil,False
57,8170,8168,8123,8163,8177,8067,8152,8178,8147,8165,8151,8169,8166,8121,16.144959449768066,sil,False
58,8161,8151,8118,8164,8191,8085,8166,8186,8087,8185,8174,8148,8154,8127,16.152987241744995,sil,False
59,8184,8177,8145,8179,8164,8090,8163,8202,8204,8179,8173,8185,8167,8138,16.159865379333496,sil,False
60,8179,8154,8139,8165,8167,8099,8175,8193,8147,8193,8186,8149,8174,8136,16.167866230010986,sil,False
61,8193,8172,8140,8174,8174,8108,8169,8192,8183,8182,8186,8166,8171,8143,16.175946712493896,sil,False
62,8193,8172,8138,8174,8164,8083,8159,8190,8214,8170,8172,8177,8163,8132,16.183961868286133,sil,False
63,8193,8145,8136,8164,8164,8076,8159,8180,8112,8190,8190,8145,8163,8130,16.191962003707886,sil,False
64,8192,8175,8144,8168,8143,8087,8143,8186,8204,8168,8189,8182,8166,8131,16.19998598098755,sil,False
65,8169,8156,8110,8162,8156,8085,8158,8184,8136,8176,8179,8145,8153,8113,16.207985639572144,sil,False
66,8189,8165,8124,8181,8176,8096,8167,8195,8162,8195,8177,8161,8171,8129,16.215986013412476,sil,False
67,8183,8181,8145,8184,8166,8094,8163,8208,8249,8193,8187,8185,8179,8128,16.22396755218506,sil,False
68,8180,8159,8121,8171,8161,8086,8178,8196,8146,8202,8185,8137,8157,8117,16.230972051620483,sil,False
69,8189,8170,8120,8171,8146,8090,8157,8179,8187,8170,8155,8170,8159,8116,16.238986492156982,sil,False
70,8137,8142,8105,8149,8147,8084,8144,8167,8100,8156,8162,8147,8158,8085,16.247012853622437,sil,False
71,8145,8156,8106,8158,8145,8088,8150,8180,8103,8165,8164,8151,8165,8087,16.255009174346924,sil,False
72,8168,8173,8110,8162,8133,8091,8156,8186,8192,8168,8149,8177,8168,8098,16.262985944747925,sil,False
73,8162,8150,8108,8149,8146,8088,8162,8177,8099,8185,8164,8140,8157,8104,16.270973920822144,sil,False
74,8186,8183,8137,8167,8133,8091,8145,8191,8197,8177,8167,8180,8168,8120,16.278974533081055,sil,False
75,8181,8163,8127,8163,8141,8083,8154,8188,8173,8186,8174,8164,8165,8115,16.287014484405518,sil,False
76,8185,8159,8136,8166,8161,8077,8156,8176,8141,8188,8184,8162,8165,8126,16.293981075286865,sil,False
77,8190,8184,8156,8185,8150,8071,8140,8183,8227,8178,8183,8190,8176,8126,16.302106857299805,sil,False
78,8192,8163,8141,8187,8163,8069,8161,8183,8150,8205,8190,8150,8166,8123,16.310113191604614,sil,False
79,8200,8181,8156,8189,8165,8078,8157,8186,8228,8197,8174,8183,8170,8131,16.31798005104065,sil,False
80,8169,8167,8143,8171,8161,8083,8154,8186,8191,8202,8167,8157,8167,8114,16.325986623764038,sil,False
81,8174,8155,8120,8162,8156,8090,8155,8178,8128,8200,8163,8138,8158,8111,16.33398199081421,sil,False
82,8166,8156,8118,8148,8136,8082,8133,8173,8195,8166,8150,8177,8165,8099,16.342109203338623,sil,False
83,8155,8139,8110,8148,8151,8089,8151,8181,8115,8201,8172,8140,8168,8097,16.349112033843994,sil,False
84,8196,8183,8138,8181,8152,8117,8168,8203,8223,8216,8175,8175,8174,8130,16.357111930847168,sil,False
85,8167,8165,8131,8158,8147,8108,8161,8192,8211,8193,8156,8160,8158,8115,16.364986658096313,sil,False
86,8157,8148,8108,8142,8152,8098,8153,8178,8114,8191,8147,8132,8153,8106,16.373199462890625,sil,False
87,8176,8179,8121,8160,8147,8103,8144,8182,8203,8186,8151,8181,8169,8115,16.381199598312378,sil,False
88,8161,8151,8123,8156,8166,8103,8158,8174,8123,8199,8176,8152,8161,8109,16.388986110687256,sil,False
89,8194,8173,8146,8171,8162,8106,8157,8182,8195,8197,8177,8178,8169,8134,16.397222995758057,sil,False
90,8192,8175,8147,8166,8155,8097,8154,8181,8225,8198,8182,8181,8170,8138,16.40530490875244,sil,False
91,8178,8157,8139,8165,8162,8100,8154,8173,8142,8205,8191,8160,8160,8128,16.413305044174194,sil,False
92,8195,8180,8154,8183,8149,8109,8150,8184,8236,8190,8178,8191,8171,8131,16.420987129211426,sil,False
93,8186,8160,8139,8171,8165,8109,8166,8176,8148,8198,8189,8145,8167,8132,16.427985906600952,sil,False
94,8190,8181,8149,8180,8167,8114,8147,8170,8156,8179,8190,8168,8165,8142,16.43545365333557,sil,False
94,8190,8181,8149,8180,8167,8114,8147,8170,8156,8179,8190,8168,8165,8142,16.43644618988037,sil,False
95,8179,8175,8140,8177,8154,8112,8132,8163,8149,8165,8167,8174,8162,8122,16.443453550338745,sil,False
96,8172,8149,8118,8158,8155,8112,8138,8150,8053,8183,8160,8137,8160,8115,16.45198655128479,sil,False
97,8160,8170,8128,8154,8138,8109,8112,8159,8161,8163,8154,8178,8168,8119,16.4594624042511,sil,False
97,8160,8170,8128,8154,8138,8109,8112,8159,8161,8163,8154,8178,8168,8119,16.460489511489868,sil,False
98,8139,8146,8109,8144,8145,8099,8121,8166,8098,8172,8153,8147,8157,8104,16.467487812042236,sil,False
98,8139,8146,8109,8144,8145,8099,8121,8166,8098,8172,8153,8147,8157,8104,16.468485832214355,sil,False
99,8165,8163,8116,8155,8149,8107,8130,8172,8119,8175,8143,8160,8161,8112,16.47598695755005,sil,False
100,8159,8168,8134,8156,8147,8112,8121,8173,8172,8171,8157,8177,8164,8106,16.483957290649414,sil,False
101,8177,8160,8141,8163,8171,8119,8143,8175,8109,8193,8182,8153,8162,8115,16.490957260131836,sil,False
102,8206,8199,8167,8177,8164,8119,8139,8171,8193,8163,8162,8194,8176,8132,16.49898600578308,sil,False
103,8166,8172,8163,8164,8167,8108,8135,8157,8099,8161,8172,8156,8170,8118,16.507166862487793,sil,False
104,8189,8178,8179,8184,8177,8125,8148,8170,8128,8188,8192,8171,8173,8136,16.515432357788086,sil,False
105,8205,8191,8186,8186,8177,8126,8153,8175,8225,8192,8190,8196,8175,8145,16.523427963256836,sil,False
106,8179,8164,8168,8174,8189,8108,8152,8171,8135,8195,8192,8153,8160,8133,16.530986785888672,sil,False
107,8182,8183,8169,8184,8168,8107,8138,8184,8219,8172,8169,8184,8164,8133,16.538981437683105,sil,False
108,8160,8156,8139,8154,8157,8105,8147,8172,8159,8175,8165,8153,8154,8118,16.54653549194336,sil,False
109,8165,8153,8134,8153,8168,8112,8150,8176,8143,8184,8176,8157,8156,8127,16.55353307723999,sil,False
109,8165,8153,8134,8153,8168,8112,8150,8176,8143,8184,8176,8157,8156,8127,16.55452847480774,sil,False
110,8168,8167,8144,8168,8168,8116,8149,8187,8222,8175,8164,8182,8170,8128,16.5619854927063,sil,False
111,8155,8148,8127,8158,8180,8110,8160,8159,8097,8171,8155,8136,8159,8113,16.569957733154297,sil,False
112,8169,8179,8141,8170,8177,8112,8136,8157,8159,8144,8151,8179,8162,8115,16.577924489974976,sil,False
113,8172,8169,8140,8166,8184,8123,8153,8180,8177,8167,8178,8173,8167,8118,16.585947275161743,sil,False
114,8187,8172,8147,8167,8184,8134,8178,8197,8201,8192,8188,8168,8171,8134,16.59374475479126,sil,False
115,8175,8185,8154,8173,8172,8117,8160,8193,8265,8168,8161,8189,8170,8129,16.601735830307007,sil,False
116,8173,8159,8143,8172,8191,8109,8167,8176,8143,8177,8163,8144,8163,8126,16.609986066818237,sil,False
117,8201,8189,8172,8180,8178,8117,8163,8179,8231,8171,8166,8182,8178,8150,16.61678957939148,sil,False
118,8172,8174,8160,8162,8169,8101,8160,8175,8212,8171,8163,8168,8169,8132,16.62498641014099,sil,False
119,8180,8163,8144,8162,8177,8102,8169,8167,8141,8175,8168,8153,8160,8131,16.632981777191162,sil,False
120,8195,8186,8170,8171,8163,8115,8161,8175,8241,8162,8172,8194,8170,8145,16.641167640686035,sil,False
121,8180,8158,8163,8161,8174,8117,8167,8178,8171,8188,8180,8149,8163,8141,16.64916682243347,sil,False
122,8197,8176,8161,8161,8170,8123,8156,8182,8227,8181,8167,8172,8170,8146,16.656949758529663,sil,False
123,8175,8168,8152,8149,8160,8124,8151,8179,8215,8170,8170,8174,8166,8141,16.664987087249756,sil,False
124,8178,8158,8149,8155,8172,8125,8160,8182,8162,8186,8169,8157,8160,8154,16.67326259613037,sil,False
125,8186,8178,8156,8155,8169,8115,8152,8187,8261,8172,8147,8184,8171,8154,16.680262804031372,sil,False
126,8162,8152,8147,8146,8176,8111,8163,8179,8164,8186,8169,8144,8163,8136,16.687978267669678,sil,False
127,8198,8175,8170,8178,8167,8123,8165,8189,8210,8189,8171,8179,8166,8155,16.695965051651,sil,False
240,8186,8167,8155,8163,8161,8110,8155,8181,8208,8167,8147,8179,8162,8141,16.70396900177002,sil,False
0,8169,8151,8133,8148,8173,8102,8157,8171,8112,8167,8144,8148,8153,8125,16.711965322494507,sil,False
1,8198,8184,8161,8169,8166,8115,8162,8183,8217,8172,8139,8192,8167,8136,16.720023155212402,sil,False
2,8186,8161,8160,8158,8178,8123,8173,8177,8143,8184,8154,8161,8165,8139,16.72798442840576,sil,False
3,8187,8174,8170,8168,8173,8130,8148,8182,8171,8167,8158,8177,8165,8146,16.73599410057068,sil,False
4,8191,8179,8170,8178,8164,8127,8140,8185,8200,8166,8148,8178,8161,8126,16.74399471282959,sil,False
5,8197,8163,8154,8169,8187,8128,8158,8167,8105,8180,8153,8149,8162,8120,16.750985860824585,sil,False
6,8191,8184,8172,8174,8184,8124,8140,8168,8194,8152,8156,8194,8173,8134,16.75898051261902,sil,False
7,8173,8160,8170,8178,8188,8120,8151,8181,8149,8177,8171,8162,8163,8133,16.766897201538086,sil,False
8,8203,8180,8169,8186,8187,8121,8158,8189,8185,8196,8160,8168,8164,8144,16.774821281433105,sil,False
9,8179,8178,8148,8151,8176,8097,8140,8171,8199,8173,8142,8171,8160,8131,16.782989263534546,sil,False
10,8141,8142,8125,8137,8188,8091,8144,8166,8083,8177,8156,8138,8157,8127,16.790985584259033,sil,False
11,8150,8171,8147,8170,8174,8100,8146,8196,8207,8178,8156,8181,8177,8140,16.798985719680786,sil,False
12,8158,8159,8138,8163,8173,8087,8171,8195,8178,8212,8161,8152,8168,8139,16.807069540023804,sil,False
13,8185,8167,8146,8161,8175,8084,8173,8178,8171,8214,8158,8164,8161,8159,16.814132690429688,sil,False
14,8157,8168,8153,8162,8154,8076,8142,8171,8193,8178,8150,8184,8167,8139,16.822145223617554,sil,False
15,8138,8136,8136,8155,8158,8064,8137,8164,8056,8182,8154,8132,8160,8112,16.829986095428467,sil,False
16,8170,8166,8150,8157,8159,8062,8125,8163,8135,8167,8137,8172,8161,8132,16.837997436523438,sil,False
17,8147,8157,8142,8147,8166,8055,8131,8156,8097,8164,8145,8159,8157,8124,16.846071004867554,sil,False
18,8165,8164,8155,8172,8169,8066,8145,8167,8087,8174,8157,8158,8168,8117,16.854067087173462,sil,False
19,8190,8176,8177,8184,8171,8077,8150,8175,8179,8177,8157,8188,8175,8127,16.862505674362183,sil,False
20,8182,8154,8168,8165,8193,8077,8162,8172,8104,8194,8177,8156,8165,8139,16.870262145996094,sil,False
21,8195,8184,8180,8177,8166,8074,8148,8179,8189,8171,8162,8192,8172,8140,16.877331495285034,sil,False
22,8173,8164,8161,8168,8156,8057,8148,8170,8140,8165,8150,8169,8163,8120,16.884986400604248,sil,False
23,8174,8156,8149,8166,8169,8060,8153,8170,8096,8179,8152,8154,8154,8124,16.892986059188843,sil,False
24,8167,8168,8149,8157,8144,8071,8144,8176,8179,8166,8125,8180,8162,8111,16.900986433029175,sil,False
25,8130,8130,8120,8128,8134,8070,8150,8162,8064,8172,8114,8134,8155,8094,16.90898561477661,sil,False
26,8142,8157,8134,8145,8128,8067,8139,8170,8131,8161,8122,8173,8161,8118,16.916887044906616,sil,False
27,8157,8158,8142,8155,8134,8059,8147,8174,8133,8168,8139,8171,8164,8125,16.924903631210327,sil,False
28,8178,8151,8142,8158,8141,8067,8152,8168,8082,8174,8138,8156,8166,8134,16.93329954147339,sil,False
29,8165,8168,8140,8155,8125,8073,8132,8167,8164,8147,8119,8186,8170,8127,16.941302061080933,sil,False
30,8141,8141,8114,8144,8137,8081,8151,8158,8063,8159,8133,8144,8163,8104,16.947986602783203,sil,False
31,8162,8162,8141,8163,8134,8096,8150,8163,8128,8160,8139,8181,8177,8118,16.955986976623535,sil,False
32,8158,8159,8155,8165,8128,8083,8141,8167,8147,8165,8139,8186,8171,8119,16.96395444869995,sil,False
33,8176,8157,8148,8169,8143,8080,8152,8165,8083,8176,8149,8164,8164,8134,16.97196054458618,sil,False
34,8189,8184,8160,8183,8139,8091,8142,8165,8177,8158,8146,8194,8176,8139,16.9799861907959,sil,False
35,8169,8151,8152,8179,8150,8090,8146,8161,8095,8175,8150,8148,8161,8122,16.988006353378296,sil,False
36,8188,8170,8160,8183,8153,8098,8152,8176,8146,8180,8150,8174,8167,8137,16.995985507965088,sil,False
37,8171,8172,8151,8168,8150,8111,8160,8185,8186,8182,8165,8181,8175,8135,17.003985166549683,sil,False
38,8177,8160,8145,8177,8165,8122,8179,8190,8152,8208,8174,8157,8164,8142,17.01087474822998,sil,False
39,8201,8188,8160,8194,8160,8116,8174,8198,8270,8193,8155,8201,8168,8148,17.01865577697754,sil,False
40,8168,8157,8137,8168,8160,8099,8168,8183,8155,8188,8157,8161,8164,8125,17.02664804458618,sil,False
41,8176,8161,8142,8167,8143,8098,8158,8180,8149,8182,8150,8172,8165,8131,17.03515887260437,sil,False
42,8167,8156,8148,8165,8139,8095,8163,8185,8185,8177,8157,8181,8164,8131,17.043159246444702,sil,False
43,8159,8144,8143,8162,8166,8099,8179,8179,8103,8188,8181,8149,8162,8131,17.051159143447876,sil,False
44,8179,8176,8158,8173,8151,8103,8161,8179,8185,8165,8157,8186,8170,8132,17.05915904045105,sil,False
45,8167,8149,8144,8161,8150,8098,8164,8175,8109,8173,8151,8156,8165,8120,17.067158699035645,sil,False
46,8189,8165,8157,8171,8154,8108,8164,8176,8128,8175,8154,8173,8172,8133,17.07416009902954,sil,False
47,8175,8171,8151,8157,8143,8105,8149,8164,8161,8152,8136,8183,8169,8121,17.082159757614136,sil,False
48,8149,8140,8123,8141,8157,8100,8156,8154,8053,8163,8137,8140,8160,8106,17.09015965461731,sil,False
49,8175,8172,8140,8164,8157,8099,8152,8173,8173,8158,8130,8188,8173,8114,17.09816026687622,sil,False
50,8168,8153,8132,8151,8164,8096,8172,8170,8132,8166,8120,8161,8159,8108,17.106160163879395,sil,False
51,8167,8147,8135,8147,8164,8110,8183,8164,8124,8166,8117,8155,8156,8116,17.113986015319824,sil,False
52,8157,8160,8147,8152,8154,8097,8167,8174,8206,8161,8123,8179,8170,8114,17.122020959854126,sil,False
53,8156,8146,8138,8150,8168,8081,8172,8182,8116,8184,8134,8144,8160,8110,17.130025386810303,sil,False
54,8186,8177,8159,8170,8161,8094,8167,8187,8205,8172,8123,8185,8162,8124,17.137985944747925,sil,False
55,8178,8158,8153,8166,8170,8092,8173,8170,8174,8176,8131,8160,8164,8117,17.145007133483887,sil,False
56,8185,8159,8145,8162,8178,8085,8167,8160,8131,8170,8128,8147,8161,8112,17.153003215789795,sil,False
57,8166,8169,8145,8152,8160,8091,8147,8157,8166,8136,8112,8173,8157,8098,17.160988330841064,sil,False
58,8140,8131,8127,8144,8169,8104,8158,8156,8065,8155,8136,8140,8156,8097,17.168737173080444,sil,False
59,8170,8155,8144,8168,8165,8106,8155,8180,8177,8170,8142,8181,8176,8117,17.17705726623535,sil,False
60,8175,8153,8145,8161,8164,8096,8163,8181,8162,8186,8139,8166,8170,8115,17.185048580169678,sil,False
61,8187,8152,8157,8162,8175,8113,8173,8175,8129,8196,8153,8165,8173,8144,17.19298005104065,sil,False
62,8183,8163,8173,8176,8175,8128,8166,8190,8250,8186,8155,8202,8184,8153,17.20098638534546,yes,True
63,8169,8137,8141,8165,8187,8121,8172,8176,8146,8195,8146,8149,8160,8118,17.20777416229248,yes,True
64,8185,8161,8145,8166,8175,8122,8152,8159,8171,8167,8134,8176,8164,8116,17.21577525138855,yes,True
65,8162,8151,8144,8163,8171,8119,8153,8169,8179,8165,8155,8174,8173,8123,17.223787784576416,yes,True
66,8178,8146,8138,8181,8182,8127,8173,8191,8165,8199,8168,8154,8166,8137,17.23198366165161,yes,True
67,8191,8159,8144,8179,8168,8129,8159,8186,8250,8192,8151,8184,8167,8135,17.239985942840576,yes,True
68,8150,8126,8125,8148,8176,8123,8156,8167,8135,8188,8163,8149,8161,8115,17.247985363006592,yes,True
69,8157,8153,8132,8164,8172,8127,8146,8178,8177,8165,8150,8175,8160,8115,17.255590677261353,yes,True
70,8166,8150,8127,8168,8167,8119,8148,8170,8167,8161,8133,8169,8157,8101,17.263586044311523,yes,True
71,8181,8145,8136,8166,8183,8120,8164,8153,8094,8174,8159,8156,8166,8117,17.27198600769043,yes,True
72,8179,8177,8164,8177,8177,8118,8147,8162,8200,8153,8168,8199,8179,8131,17.278985500335693,yes,True
73,8167,8146,8151,8174,8187,8108,8154,8166,8121,8175,8166,8155,8165,8123,17.28694462776184,yes,True
74,8206,8163,8163,8181,8190,8113,8157,8174,8173,8188,8156,8177,8169,8151,17.2946138381958,yes,True
75,8181,8162,8153,8164,8184,8110,8151,8180,8210,8181,8162,8181,8171,8144,17.30262780189514,yes,True
76,8168,8145,8131,8164,8191,8116,8168,8189,8144,8196,8176,8144,8168,8130,17.311243772506714,yes,True
77,8190,8166,8137,8166,8173,8122,8165,8194,8248,8179,8158,8182,8174,8137,17.319227695465088,yes,True
78,8153,8131,8109,8130,8167,8114,8157,8170,8147,8175,8148,8146,8155,8122,17.327240228652954,yes,True
79,8158,8147,8114,8144,8159,8119,8150,8166,8144,8169,8137,8159,8159,8125,17.335328817367554,yes,True
80,8166,8162,8128,8157,8166,8121,8159,8177,8187,8173,8147,8174,8170,8122,17.342336177825928,yes,True
81,8161,8141,8121,8150,8194,8125,8166,8184,8118,8200,8169,8145,8159,8122,17.34998607635498,yes,True
82,8176,8164,8137,8156,8173,8126,8145,8191,8229,8189,8152,8191,8166,8132,17.357982635498047,yes,True
83,8163,8144,8128,8142,8166,8116,8155,8174,8162,8192,8157,8162,8168,8127,17.365968227386475,yes,True
84,8174,8157,8129,8147,8170,8116,8154,8173,8162,8190,8166,8168,8168,8134,17.37398600578308,yes,True
85,8169,8164,8129,8149,8159,8115,8140,8172,8201,8178,8148,8182,8162,8123,17.381985664367676,yes,True
86,8165,8141,8129,8149,8177,8120,8147,8164,8099,8192,8163,8148,8163,8124,17.38999080657959,yes,True
87,8192,8171,8162,8170,8187,8135,8142,8187,8228,8188,8190,8196,8181,8151,17.3979811668396,yes,True
88,8177,8146,8145,8160,8198,8137,8155,8192,8199,8202,8206,8166,8164,8142,17.405994653701782,yes,True
89,8166,8139,8129,8155,8189,8135,8152,8179,8164,8194,8183,8156,8155,8131,17.412993669509888,yes,True
90,8149,8148,8119,8148,8171,8121,8142,8173,8213,8166,8149,8170,8164,8119,17.421019792556763,yes,True
91,8146,8127,8100,8133,8189,8111,8163,8166,8110,8174,8153,8130,8156,8116,17.428985834121704,yes,True
92,8166,8157,8129,8149,8181,8114,8147,8175,8192,8158,8160,8176,8165,8127,17.436872482299805,yes,True
93,8156,8149,8138,8153,8179,8108,8141,8177,8154,8161,8173,8163,8164,8117,17.444786071777344,yes,True
94,8177,8160,8146,8165,8191,8122,8147,8170,8131,8167,8186,8161,8165,8133,17.45336604118347,yes,True
95,8171,8181,8161,8167,8179,8125,8133,8169,8217,8151,8186,8191,8169,8136,17.460986137390137,yes,True
96,8161,8153,8148,8156,8187,8107,8142,8168,8110,8172,8191,8147,8157,8128,17.46848201751709,yes,True
97,8193,8172,8165,8173,8188,8109,8139,8174,8176,8161,8177,8181,8164,8145,17.47598624229431,yes,True
98,8180,8167,8168,8173,8198,8118,8149,8177,8184,8160,8192,8174,8166,8142,17.483964204788208,yes,True
99,8200,8174,8176,8183,8207,8124,8165,8182,8169,8174,8199,8166,8169,8154,17.49196171760559,yes,True
100,8198,8185,8182,8183,8188,8113,8143,8171,8226,8146,8172,8194,8167,8149,17.499985694885254,yes,True
101,8162,8154,8163,8170,8193,8111,8141,8155,8108,8154,8183,8148,8152,8122,17.50798535346985,yes,True
102,8194,8185,8183,8193,8182,8129,8145,8171,8195,8154,8187,8179,8165,8128,17.51603102684021,yes,True
103,8185,8166,8174,8182,8176,8131,8154,8171,8201,8151,8187,8175,8167,8130,17.524062633514404,yes,True
104,8181,8154,8158,8178,8193,8137,8161,8172,8157,8170,8197,8161,8160,8147,17.531085968017578,yes,True
105,8195,8187,8171,8184,8184,8134,8141,8171,8259,8156,8179,8194,8164,8153,17.53895854949951,yes,True
106,8172,8150,8161,8160,8177,8106,8136,8146,8136,8151,8173,8148,8158,8142,17.54695701599121,yes,True
107,8180,8157,8166,8172,8165,8100,8132,8159,8170,8141,8166,8177,8164,8149,17.554986000061035,yes,True
108,8175,8161,8156,8176,8168,8108,8144,8179,8197,8144,8164,8176,8161,8133,17.562987089157104,yes,True
109,8174,8158,8156,8177,8185,8115,8163,8176,8142,8161,8178,8150,8166,8142,17.570939779281616,yes,True
110,8181,8182,8173,8183,8168,8103,8151,8176,8256,8156,8171,8190,8178,8159,17.57890510559082,yes,True
111,8165,8143,8140,8157,8176,8092,8155,8170,8165,8170,8171,8150,8157,8138,17.58675765991211,yes,True
112,8172,8151,8139,8158,8180,8107,8143,8171,8173,8149,8166,8165,8154,8135,17.594757795333862,yes,True
113,8160,8158,8146,8162,8180,8106,8138,8171,8201,8143,8171,8170,8163,8131,17.601986408233643,yes,True
114,8164,8145,8142,8161,8202,8104,8160,8169,8132,8170,8187,8146,8161,8136,17.609780311584473,yes,True
115,8171,8166,8151,8166,8192,8114,8151,8172,8220,8144,8170,8187,8161,8137,17.61798644065857,yes,True
116,8145,8140,8126,8150,8180,8107,8144,8155,8109,8127,8156,8143,8148,8111,17.62562370300293,yes,True
117,8172,8162,8142,8168,8177,8109,8133,8153,8113,8118,8162,8155,8160,8124,17.63369655609131,yes,True
118,8188,8181,8165,8186,8189,8120,8140,8164,8209,8139,8190,8188,8173,8143,17.641987323760986,yes,True
119,8184,8153,8152,8173,8202,8136,8161,8163,8159,8178,8204,8166,8161,8149,17.649986267089844,yes,True
120,8176,8161,8152,8159,8173,8145,8140,8166,8223,8145,8171,8188,8159,8144,17.65798544883728,sil,False
121,8148,8143,8129,8149,8176,8148,8147,8165,8135,8134,8156,8145,8153,8129,17.665646076202393,sil,False
122,8173,8159,8131,8163,8182,8166,8166,8174,8169,8147,8155,8159,8161,8152,17.672640800476074,sil,False
123,8158,8154,8135,8144,8157,8159,8157,8177,8244,8140,8156,8179,8163,8144,17.680683374404907,sil,False
124,8142,8130,8120,8135,8158,8149,8154,8169,8124,8152,8164,8131,8149,8125,17.688681602478027,sil,False
125,8185,8171,8143,8168,8154,8152,8149,8173,8209,8139,8152,8177,8166,8143,17.69670343399048,sil,False
126,8167,8149,8138,8152,8164,8144,8157,8166,8165,8133,8167,8159,8168,8140,17.704986095428467,sil,False
127,8162,8148,8131,8147,8164,8147,8153,8170,8141,8136,8169,8153,8158,8134,17.712846994400024,sil,False
240,8166,8167,8129,8151,8149,8153,8146,8170,8200,8129,8137,8177,8156,8119,17.720853328704834,sil,False
0,8159,8145,8125,8148,8171,8160,8171,8167,8116,8147,8155,8147,8158,8126,17.728986263275146,sil,False
1,8187,8179,8159,8176,8169,8165,8172,8188,8247,8161,8187,8195,8179,8160,17.735361576080322,sil,False
2,8188,8168,8155,8169,8167,8161,8172,8182,8232,8192,8205,8179,8170,8155,17.74336004257202,sil,False
3,8186,8164,8147,8162,8172,8166,8164,8162,8161,8178,8193,8164,8158,8145,17.751360177993774,sil,False
4,8175,8180,8152,8172,8160,8157,8150,8168,8214,8136,8172,8191,8165,8134,17.759361028671265,sil,False
5,8189,8155,8138,8175,8175,8155,8175,8177,8132,8170,8183,8155,8158,8137,17.767986059188843,sil,False
6,8211,8172,8143,8172,8160,8165,8171,8179,8210,8167,8176,8190,8167,8159,17.775371551513672,sil,False
6,8211,8172,8143,8172,8160,8165,8171,8179,8210,8167,8176,8190,8167,8159,17.776363611221313,sil,False
7,8165,8158,8132,8153,8146,8149,8162,8178,8191,8157,8178,8175,8171,8153,17.782371759414673,sil,False
7,8165,8158,8132,8153,8146,8149,8162,8178,8191,8157,8178,8175,8171,8153,17.783363819122314,sil,False
8,8185,8164,8143,8174,8162,8150,8174,8185,8169,8183,8191,8166,8168,8170,17.791985988616943,sil,False
9,8210,8185,8162,8186,8158,8155,8158,8178,8260,8167,8179,8202,8166,8174,17.798985719680786,sil,False
10,8170,8150,8140,8156,8156,8139,8148,8156,8126,8149,8179,8155,8156,8149,17.80739402770996,sil,False
11,8187,8182,8151,8168,8143,8134,8140,8159,8164,8127,8162,8181,8166,8154,17.81433892250061,sil,False
11,8187,8182,8151,8168,8143,8134,8140,8159,8164,8127,8162,8181,8166,8154,17.815337896347046,sil,False
12,8204,8185,8149,8172,8146,8132,8151,8162,8171,8137,8157,8180,8161,8153,17.82330298423767,sil,False
13,8212,8169,8144,8168,8160,8133,8156,8159,8111,8151,8170,8159,8156,8158,17.831302642822266,sil,False
14,8194,8188,8159,8169,8151,8126,8132,8164,8202,8128,8168,8189,8165,8155,17.838985681533813,sil,False
15,8165,8167,8146,8159,8168,8110,8143,8168,8120,8146,8180,8149,8156,8134,17.847237586975098,sil,False
16,8205,8193,8165,8180,8174,8113,8150,8181,8186,8154,8174,8183,8162,8147,17.855265617370605,sil,False
17,8202,8184,8168,8170,8176,8117,8150,8175,8207,8151,8175,8187,8164,8136,17.8619225025177,sil,False
18,8184,8162,8148,8162,8185,8119,8152,8163,8113,8161,8182,8152,8157,8120,17.869919061660767,sil,False
19,8186,8191,8143,8168,8167,8121,8138,8168,8191,8137,8155,8180,8161,8112,17.87797975540161,sil,False
20,8158,8157,8116,8142,8167,8126,8152,8164,8097,8134,8153,8140,8153,8100,17.88598608970642,sil,False
21,8164,8159,8115,8151,8158,8144,8158,8174,8125,8136,8154,8154,8158,8116,17.89345359802246,sil,False
21,8164,8159,8115,8151,8158,8144,8158,8174,8125,8136,8154,8154,8158,8116,17.894447088241577,sil,False
22,8145,8160,8098,8139,8145,8143,8150,8169,8143,8123,8135,8153,8152,8098,17.902448415756226,sil,False
23,8126,8147,8078,8126,8155,8142,8154,8157,8043,8120,8134,8127,8148,8084,17.909985303878784,sil,False
24,8151,8173,8109,8151,8147,8154,8145,8173,8162,8119,8142,8186,8170,8115,17.917149782180786,sil,False
25,8155,8156,8112,8150,8162,8158,8154,8172,8111,8145,8163,8160,8167,8135,17.926154613494873,sil,False
26,8174,8179,8127,8156,8168,8168,8144,8174,8123,8141,8162,8171,8166,8147,17.933170795440674,sil,False
27,8172,8188,8139,8157,8159,8171,8136,8180,8183,8139,8161,8191,8168,8143,17.94098663330078,sil,False
28,8175,8160,8138,8155,8173,8181,8156,8170,8110,8168,8187,8161,8164,8153,17.948975563049316,sil,False
29,8191,8185,8165,8168,8160,8187,8142,8174,8211,8152,8184,8202,8175,8165,17.95697283744812,sil,False
30,8177,8171,8157,8161,8167,8174,8147,8173,8154,8164,8184,8170,8161,8146,17.964985132217407,sil,False
31,8189,8186,8153,8164,8183,8176,8156,8169,8146,8167,8184,8172,8156,8144,17.97298550605774,sil,False
32,8175,8194,8151,8160,8174,8171,8145,8167,8184,8143,8165,8189,8162,8130,17.980706691741943,sil,False
33,8165,8161,8130,8150,8185,8161,8155,8157,8056,8156,8164,8139,8156,8116,17.987702131271362,sil,False
34,8168,8185,8132,8155,8185,8165,8147,8159,8136,8144,8167,8176,8159,8117,17.995985746383667,sil,False
35,8128,8166,8103,8138,8184,8167,8148,8163,8107,8150,8165,8157,8153,8102,18.00400137901306,sil,False
36,8148,8165,8095,8140,8178,8174,8146,8164,8090,8159,8143,8145,8158,8115,18.012007236480713,sil,False
37,8145,8172,8103,8139,8165,8168,8129,8155,8142,8138,8135,8164,8163,8108,18.019986867904663,sil,False
38,8114,8145,8080,8129,8178,8164,8142,8143,8027,8145,8154,8127,8150,8090,18.0279860496521,sil,False
39,8144,8174,8098,8144,8173,8175,8140,8153,8120,8135,8146,8169,8162,8110,18.03632950782776,sil,False
40,8146,8159,8114,8138,8175,8169,8140,8155,8114,8143,8158,8164,8167,8111,18.044309377670288,sil,False
41,8175,8164,8127,8152,8177,8162,8143,8165,8107,8163,8169,8163,8166,8127,18.05125451087952,sil,False
42,8198,8193,8136,8160,8165,8155,8139,8172,8204,8144,8161,8191,8172,8144,18.058987379074097,sil,False
42,8198,8193,8136,8160,8165,8155,8139,8172,8204,8144,8161,8191,8172,8144,18.059507608413696,sil,False
43,8178,8169,8133,8147,8181,8150,8157,8165,8107,8149,8186,8152,8169,8151,18.06694960594177,sil,False
44,8195,8191,8160,8166,8182,8156,8161,8188,8198,8165,8191,8194,8176,8172,18.07498574256897,sil,False
45,8184,8177,8147,8159,8193,8152,8170,8190,8200,8189,8190,8180,8165,8162,18.083308696746823,sil,False
46,8171,8172,8131,8158,8209,8150,8164,8172,8134,8185,8196,8155,8154,8151,18.09130954742432,sil,False
47,8166,8197,8137,8168,8181,8137,8144,8172,8204,8158,8178,8191,8163,8133,18.099314212799072,sil,False
48,8154,8167,8116,8156,8183,8135,8163,8171,8105,8180,8182,8151,8158,8113,18.108448028564453,sil,False
49,8160,8184,8120,8160,8183,8153,8157,8178,8168,8173,8186,8175,8162,8124,18.114448070526123,sil,False
50,8128,8169,8100,8141,8172,8147,8152,8168,8151,8157,8174,8163,8156,8112,18.12145137786865,sil,False
51,8123,8151,8088,8138,8179,8145,8160,8162,8067,8166,8164,8141,8153,8118,18.129451513290405,sil,False
52,8141,8183,8118,8157,8178,8154,8153,8182,8202,8164,8167,8189,8171,8141,18.137959957122803,sil,False
53,8144,8165,8110,8143,8189,8152,8161,8181,8150,8192,8191,8152,8167,8149,18.14596271514893,sil,False
54,8158,8178,8111,8146,8173,8153,8147,8173,8173,8183,8180,8166,8168,8159,18.15395998954773,sil,False
55,8130,8163,8101,8137,8150,8135,8136,8168,8157,8157,8160,8162,8161,8130,18.1619610786438,sil,False
55,8130,8163,8101,8137,8150,8135,8136,8168,8157,8157,8160,8162,8161,8130,18.16232943534851,sil,False
56,8150,8153,8100,8132,8162,8128,8148,8163,8068,8157,8157,8138,8150,8122,18.169337511062626,sil,False
56,8150,8153,8100,8132,8162,8128,8148,8163,8068,8157,8157,8138,8150,8122,18.17033767700196,sil,False
57,8195,8197,8146,8147,8167,8143,8145,8173,8191,8145,8157,8194,8166,8151,18.17825102806092,sil,False
58,8179,8184,8159,8152,8182,8162,8169,8184,8161,8173,8194,8167,8167,8157,18.186251163482662,sil,False
59,8198,8197,8164,8174,8180,8178,8174,8195,8216,8180,8199,8175,8169,8161,18.19298815727234,sil,False
60,8193,8192,8150,8167,8177,8167,8156,8190,8243,8170,8181,8178,8163,8137,18.20069169998169,sil,False
61,8177,8172,8136,8157,8202,8167,8158,8177,8144,8191,8191,8153,8156,8131,18.208693504333496,sil,False
62,8169,8194,8140,8159,8192,8183,8152,8171,8230,8169,8179,8190,8166,8136,18.21670126914978,sil,False
63,8116,8157,8104,8128,8191,8180,8159,8162,8126,8150,8169,8138,8154,8099,18.22498035430908,sil,False
64,8110,8161,8104,8129,8187,8182,8160,8174,8104,8140,8151,8140,8154,8085,18.232993841171265,sil,False
65,8123,8177,8111,8144,8182,8183,8165,8181,8165,8143,8143,8168,8160,8090,18.241123914718628,sil,False
66,8143,8163,8107,8152,8210,8188,8187,8172,8110,8170,8169,8141,8158,8109,18.248987197875977,sil,False
67,8164,8190,8123,8153,8200,8195,8172,8178,8208,8148,8163,8177,8163,8113,18.255985736846924,sil,False
68,8138,8167,8104,8126,8189,8188,8171,8168,8124,8148,8158,8149,8154,8093,18.26398706436157,sil,False
69,8154,8174,8117,8140,8188,8186,8167,8167,8115,8148,8171,8160,8162,8115,18.27220749855041,sil,False
70,8160,8190,8142,8154,8177,8169,8151,8173,8196,8130,8174,8185,8170,8120,18.280207633972168,sil,False
71,8166,8173,8139,8152,8193,8163,8175,8175,8108,8161,8186,8153,8164,8127,18.28798604011536,sil,False
72,8202,8209,8169,8167,8202,8181,8183,8189,8231,8169,8194,8207,8181,8168,18.2960102558136,sil,False
73,8192,8196,8163,8164,8212,8177,8180,8185,8225,8173,8204,8185,8174,8166,18.30400896072388,sil,False
74,8216,8200,8159,8183,8214,8173,8173,8182,8200,8175,8199,8171,8167,8163,18.311748504638672,sil,False
75,8227,8216,8179,8190,8208,8183,8168,8182,8279,8167,8197,8205,8175,8164,18.31927299499512,sil,False
76,8205,8192,8168,8176,8235,8199,8188,8179,8206,8194,8221,8168,8169,8153,18.326951265335083,sil,False
77,8217,8215,8165,8187,8230,8198,8182,8187,8295,8187,8207,8193,8174,8151,18.33509111404419,sil,False
78,8186,8191,8149,8166,8218,8171,8174,8172,8241,8169,8192,8174,8166,8135,18.34309148788452,sil,False
79,8178,8188,8150,8163,8224,8176,8177,8167,8174,8164,8193,8160,8162,8141,18.35098600387573,sil,False
80,8183,8207,8144,8174,8214,8181,8177,8178,8258,8156,8178,8186,8169,8144,18.358985900878903,sil,False
81,8151,8164,8106,8147,8206,8164,8183,8163,8140,8165,8181,8141,8160,8133,18.367452383041385,sil,False
82,8146,8180,8117,8140,8177,8159,8160,8161,8188,8146,8182,8172,8165,8136,18.3751859664917,sil,False
83,8142,8177,8118,8133,8170,8152,8161,8165,8189,8150,8185,8164,8165,8122,18.38317036628723,sil,False
84,8163,8171,8120,8144,8187,8152,8168,8164,8129,8155,8184,8148,8162,8124,18.39018988609314,sil,False
85,8178,8202,8144,8165,8179,8157,8154,8168,8212,8128,8174,8189,8166,8129,18.398142337799072,sil,False
86,8185,8191,8144,8159,8193,8163,8182,8168,8142,8152,8187,8148,8163,8129,18.405986785888672,sil,False
87,8220,8211,8173,8167,8195,8175,8182,8181,8226,8161,8188,8180,8177,8151,18.41397500038147,sil,False
88,8205,8198,8181,8171,8188,8183,8179,8190,8261,8165,8200,8191,8177,8155,18.421983242034912,sil,False
89,8212,8192,8178,8179,8191,8212,8220,8195,8226,8190,8222,8169,8177,8177,18.429985761642456,sil,False
90,8232,8224,8203,8180,8176,8224,8221,8205,8354,8195,8222,8205,8190,8192,18.437986373901367,sil,False
91,8211,8195,8191,8166,8185,8206,8202,8199,8266,8215,8230,8164,8173,8174,18.44603204727173,sil,False
92,8217,8205,8187,8180,8183,8208,8190,8190,8263,8194,8208,8182,8169,8175,18.45295882225037,sil,False
93,8184,8199,8179,8170,8172,8211,8191,8180,8255,8165,8197,8184,8168,8159,18.46096348762512,sil,False
94,8178,8182,8164,8163,8177,8209,8199,8181,8174,8180,8211,8149,8162,8150,18.46898031234741,sil,False
95,8197,8204,8162,8166,8159,8203,8181,8185,8256,8156,8177,8183,8168,8140,18.47704720497132,sil,False
96,8153,8172,8134,8140,8161,8194,8178,8161,8136,8143,8161,8140,8158,8110,18.48504638671875,sil,False
97,8164,8193,8148,8158,8162,8199,8182,8168,8164,8155,8174,8153,8166,8130,18.49298667907715,sil,False
98,8181,8202,8162,8167,8163,8195,8186,8180,8241,8168,8183,8173,8175,8143,18.50098657608032,sil,False
99,8180,8177,8160,8155,8175,8181,8182,8169,8150,8176,8187,8143,8166,8140,18.50898027420044,sil,False
100,8194,8208,8183,8170,8158,8168,8166,8174,8240,8159,8174,8182,8170,8148,18.51598811149597,sil,False
101,8172,8179,8164,8158,8166,8161,8184,8169,8176,8170,8186,8152,8170,8143,18.52400135993957,sil,False
102,8176,8177,8165,8167,8178,8171,8180,8172,8185,8170,8199,8162,8180,8154,18.531986713409424,sil,False
103,8183,8199,8174,8179,8173,8160,8178,8182,8250,8166,8188,8178,8176,8145,18.53998613357544,sil,False
104,8186,8188,8159,8172,8181,8143,8198,8176,8139,8184,8184,8138,8154,8129,18.547986030578613,sil,False
105,8186,8201,8165,8170,8166,8146,8177,8181,8214,8164,8173,8174,8159,8125,18.55598783493042,sil,False
106,8163,8173,8149,8156,8171,8138,8185,8181,8172,8173,8173,8145,8160,8105,18.564079761505127,sil,False
107,8175,8185,8154,8162,8174,8133,8194,8178,8156,8181,8170,8154,8164,8116,18.572073459625244,sil,False
108,8157,8193,8156,8155,8145,8124,8167,8170,8194,8160,8172,8178,8166,8117,18.57986807823181,sil,False
109,8151,8157,8129,8144,8148,8125,8177,8165,8092,8179,8184,8130,8160,8110,18.58686804771424,sil,False
110,8176,8185,8148,8159,8159,8137,8181,8176,8199,8170,8170,8176,8175,8130,18.594975233078003,sil,False
111,8137,8176,8149,8149,8176,8132,8176,8170,8173,8171,8178,8164,8167,8131,18.602986574172974,sil,False
112,8146,8175,8147,8154,8177,8132,8180,8168,8143,8179,8185,8153,8163,8131,18.610991716384888,sil,False
113,8162,8192,8161,8167,8155,8131,8181,8178,8232,8166,8177,8187,8175,8123,18.6189866065979,sil,False
114,8156,8177,8166,8181,8178,8138,8199,8182,8164,8193,8197,8154,8170,8131,18.62661838531494,sil,False
115,8192,8214,8200,8210,8193,8151,8204,8189,8257,8194,8193,8187,8173,8149,18.63514852523804,sil,False
116,8175,8197,8194,8196,8195,8136,8204,8179,8222,8182,8196,8170,8165,8122,18.64298725128174,sil,False
116,8175,8197,8194,8196,8195,8136,8204,8179,8222,8182,8196,8170,8165,8122,18.64341974258423,sil,False
117,8180,8184,8181,8195,8196,8131,8197,8175,8163,8181,8199,8155,8161,8122,18.649987936019897,sil,False
118,8196,8207,8182,8195,8188,8142,8197,8182,8260,8169,8177,8190,8172,8136,18.657602548599243,sil,False
119,8163,8183,8160,8175,8207,8152,8226,8179,8171,8190,8188,8150,8165,8132,18.665596961975098,sil,False
119,8163,8183,8160,8175,8207,8152,8226,8179,8171,8190,8188,8150,8165,8132,18.66659188270569,sil,False
120,8163,8195,8167,8188,8188,8157,8212,8187,8230,8186,8190,8177,8166,8138,18.673986434936523,sil,False
121,8158,8174,8157,8165,8167,8153,8198,8182,8220,8186,8182,8169,8163,8129,18.681804418563843,sil,False
122,8153,8167,8154,8146,8176,8166,8200,8173,8154,8193,8194,8153,8162,8135,18.68979811668396,sil,False
123,8140,8193,8163,8162,8164,8171,8185,8181,8241,8174,8193,8185,8170,8130,18.697985887527462,sil,False
124,8134,8167,8131,8171,8179,8161,8203,8181,8148,8195,8189,8142,8162,8116,18.70598673820496,sil,False
125,8178,8186,8166,8163,8175,8161,8205,8190,8213,8194,8183,8180,8175,8140,18.71398496627808,sil,False
126,8181,8172,8204,8136,8148,8142,8190,8181,8212,8169,8190,8179,8169,8136,18.720988273620605,sil,False
127,8188,8165,8189,8155,8157,8131,8190,8166,8100,8160,8192,8143,8154,8140,18.728986024856567,sil,False
240,8180,8201,8171,8183,8164,8131,8174,8173,8195,8141,8178,8184,8167,8150,18.73694896697998,sil,False
0,8153,8174,8152,8174,8179,8132,8184,8179,8136,8168,8196,8153,8163,8136,18.74503350257873,sil,False
1,8208,8194,8189,8209,8181,8148,8200,8188,8195,8182,8205,8180,8168,8157,18.75298833847046,sil,False
2,8204,8189,8204,8205,8172,8148,8198,8178,8228,8168,8204,8183,8171,8157,18.760987520217896,sil,False
3,8167,8165,8185,8170,8179,8154,8198,8179,8149,8182,8216,8146,8169,8149,18.768985986709595,sil,False
4,8176,8205,8189,8192,8182,8168,8200,8199,8269,8183,8206,8191,8175,8161,18.777286767959595,sil,False
5,8151,8178,8154,8190,8200,8162,8214,8182,8178,8185,8207,8150,8161,8146,18.783291339874268,sil,False
5,8151,8178,8154,8190,8200,8162,8214,8182,8178,8185,8207,8150,8161,8146,18.78429269790649,sil,False
6,8140,8167,8143,8165,8193,8161,8198,8176,8157,8174,8206,8156,8166,8139,18.792292833328247,sil,False
7,8142,8178,8158,8155,8182,8160,8187,8183,8210,8175,8200,8173,8174,8133,18.800294399261475,sil,False
8,8153,8165,8156,8163,8190,8169,8189,8163,8117,8174,8193,8135,8162,8122,18.80829334259033,sil,False
9,8155,8178,8155,8174,8171,8183,8167,8159,8179,8135,8164,8173,8166,8113,18.81598734855652,sil,False
9,8155,8178,8155,8174,8171,8183,8167,8159,8179,8135,8164,8173,8166,8113,18.81633448600769,sil,False
10,8152,8161,8154,8164,8188,8191,8200,8178,8143,8169,8187,8154,8169,8123,18.82416129112244,sil,False
11,8194,8184,8186,8174,8206,8198,8217,8187,8192,8193,8220,8166,8173,8164,18.832162141799927,sil,False
12,8173,8190,8178,8168,8185,8185,8182,8174,8240,8164,8206,8179,8170,8152,18.839985609054565,sil,False
13,8154,8157,8142,8178,8191,8189,8198,8177,8140,8191,8210,8142,8165,8142,18.84798574447632,sil,False
14,8174,8190,8157,8200,8200,8205,8206,8192,8253,8198,8214,8184,8171,8164,18.85494899749756,sil,False
15,8133,8165,8155,8151,8205,8193,8190,8169,8183,8186,8204,8161,8157,8135,18.862950801849365,sil,False
16,8135,8151,8155,8139,8186,8194,8178,8164,8132,8174,8186,8161,8159,8114,18.87098383903504,sil,False
17,8142,8175,8149,8178,8167,8203,8176,8181,8209,8162,8187,8180,8169,8112,18.87895917892456,sil,False
18,8139,8172,8130,8190,8197,8202,8194,8177,8129,8187,8198,8140,8161,8124,18.88695740699768,sil,False
19,8172,8191,8159,8187,8197,8200,8185,8174,8219,8182,8179,8187,8169,8144,18.894986867904663,sil,False
20,8157,8160,8163,8167,8192,8194,8187,8170,8191,8189,8193,8169,8164,8131,18.90235137939453,sil,False
21,8168,8170,8162,8177,8205,8205,8202,8180,8171,8209,8213,8157,8165,8144,18.909565448760983,sil,False
22,8169,8187,8157,8177,8199,8208,8196,8182,8260,8200,8207,8190,8176,8148,18.91756629943848,sil,False
22,8169,8187,8157,8177,8199,8208,8196,8182,8260,8200,8207,8190,8176,8148,18.918578147888184,sil,False
23,8134,8142,8130,8158,8201,8197,8191,8165,8143,8198,8218,8141,8162,8122,18.92598581314087,sil,False
24,8151,8174,8159,8170,8192,8201,8177,8180,8213,8186,8205,8174,8165,8133,18.93398690223694,sil,False
25,8148,8165,8162,8169,8201,8205,8190,8185,8221,8200,8206,8173,8168,8141,18.942103385925293,sil,False
26,8146,8142,8140,8182,8209,8208,8198,8174,8170,8204,8224,8153,8165,8141,18.95010447502136,sil,False
27,8154,8160,8135,8175,8190,8205,8189,8179,8234,8173,8198,8175,8165,8134,18.95798182487488,sil,False
28,8132,8134,8103,8125,8194,8208,8205,8180,8119,8182,8174,8124,8152,8121,18.966227531433105,sil,False
29,8127,8147,8107,8130,8178,8219,8192,8184,8173,8170,8160,8148,8160,8117,18.97343373298645,sil,False
29,8127,8147,8107,8130,8178,8219,8192,8184,8173,8170,8160,8148,8160,8117,18.974427461624146,sil,False
30,8127,8139,8111,8140,8165,8211,8185,8180,8177,8168,8171,8150,8164,8105,18.9814293384552,sil,False
31,8152,8136,8111,8145,8176,8217,8193,8174,8112,8185,8192,8143,8164,8121,18.989442825317383,sil,False
32,8159,8162,8137,8157,8166,8226,8176,8179,8208,8161,8184,8182,8168,8126,18.99691367149353,sil,False
33,8154,8141,8138,8152,8179,8217,8184,8176,8128,8177,8184,8140,8160,8120,19.004987478256226,sil,False
34,8169,8166,8141,8171,8185,8221,8186,8184,8190,8189,8193,8173,8171,8148,19.012985706329346,sil,False
35,8134,8159,8124,8167,8180,8221,8189,8189,8219,8184,8203,8167,8167,8137,19.02090287208557,sil,False
36,8142,8135,8120,8151,8183,8221,8196,8182,8135,8180,8187,8129,8159,8121,19.02890038490296,sil,False
36,8142,8135,8120,8151,8183,8221,8196,8182,8135,8180,8187,8129,8159,8121,19.02989864349365,sil,False
37,8163,8151,8129,8151,8162,8220,8170,8172,8211,8154,8151,8177,8173,8122,19.03695034980774,sil,False
37,8163,8151,8129,8151,8162,8220,8170,8172,8211,8154,8151,8177,8173,8122,19.03740954399109,sil,False
38,8137,8129,8109,8152,8165,8210,8168,8167,8132,8172,8168,8146,8162,8108,19.043986797332764,sil,False
39,8174,8155,8136,8156,8171,8212,8174,8183,8186,8172,8185,8154,8163,8120,19.05200958251953,sil,False
40,8165,8148,8138,8135,8169,8206,8172,8177,8216,8149,8179,8153,8167,8112,19.060012102127075,sil,False
41,8144,8133,8113,8155,8184,8210,8179,8172,8127,8166,8180,8122,8162,8109,19.067985773086548,sil,False
42,8173,8180,8135,8185,8182,8218,8180,8189,8250,8172,8169,8174,8172,8120,19.07640171051025,sil,False
43,8148,8141,8120,8144,8188,8211,8192,8181,8178,8179,8174,8143,8165,8104,19.08346605300904,sil,False
43,8148,8141,8120,8144,8188,8211,8192,8181,8178,8179,8174,8143,8165,8104,19.084460020065308,sil,False
44,8142,8133,8122,8150,8180,8210,8184,8177,8170,8169,8174,8149,8162,8111,19.092461824417114,sil,False
45,8145,8154,8145,8174,8174,8206,8175,8182,8225,8161,8182,8173,8165,8125,19.09998655319214,sil,False
46,8148,8141,8140,8162,8194,8209,8186,8177,8152,8182,8207,8147,8167,8137,19.10657525062561,sil,False
46,8148,8141,8140,8162,8194,8209,8186,8177,8152,8182,8207,8147,8167,8137,19.10757279396057,sil,False
47,8172,8166,8149,8156,8181,8212,8181,8186,8261,8174,8188,8176,8172,8142,19.115376234054565,sil,False
48,8158,8150,8136,8150,8188,8203,8199,8184,8211,8182,8181,8137,8160,8122,19.12338900566101,sil,False
49,8161,8161,8136,8168,8193,8211,8202,8183,8216,8183,8188,8145,8168,8123,19.13098621368408,sil,False
50,8160,8164,8142,8156,8168,8211,8186,8182,8288,8169,8181,8168,8172,8112,19.138935565948486,sil,False
51,8158,8139,8139,8145,8187,8213,8202,8178,8199,8194,8202,8136,8161,8119,19.14693331718445,sil,False
52,8169,8178,8154,8195,8203,8221,8202,8198,8316,8200,8222,8188,8177,8146,19.15498208999633,sil,False
53,8153,8165,8133,8198,8205,8217,8213,8204,8287,8213,8228,8162,8172,8132,19.16298699378968,sil,False
54,8166,8158,8137,8173,8206,8231,8219,8195,8249,8210,8221,8155,8169,8142,19.17109251022339,sil,False
55,8146,8167,8149,8175,8197,8243,8199,8193,8314,8187,8221,8187,8177,8148,19.177401304244995,sil,False
55,8146,8167,8149,8175,8197,8243,8199,8193,8314,8187,8221,8187,8177,8148,19.178400993347168,sil,False
56,8140,8144,8133,8175,8196,8238,8207,8187,8204,8200,8225,8141,8161,8133,19.185402154922485,sil,False
56,8140,8144,8133,8175,8196,8238,8207,8187,8204,8200,8225,8141,8161,8133,19.18640208244324,sil,False
57,8170,8165,8137,8168,8175,8230,8199,8181,8257,8176,8201,8172,8162,8135,19.193986654281616,sil,False
58,8126,8132,8110,8151,8171,8221,8181,8164,8208,8165,8202,8155,8161,8114,19.201892375946045,sil,False
59,8145,8131,8126,8167,8176,8231,8184,8167,8167,8183,8208,8150,8158,8121,19.209889888763428,sil,False
60,8181,8170,8165,8177,8169,8242,8198,8189,8280,8187,8206,8192,8167,8144,19.217891693115234,sil,False
61,8156,8148,8142,8171,8194,8250,8220,8197,8223,8214,8231,8157,8165,8150,19.22589421272278,sil,False
62,8171,8163,8142,8189,8186,8253,8203,8197,8301,8212,8216,8189,8171,8156,19.233895540237427,sil,False
63,8172,8157,8147,8176,8175,8235,8200,8180,8269,8209,8200,8173,8165,8140,19.240984201431274,sil,False
64,8173,8165,8153,8179,8192,8236,8210,8186,8220,8222,8224,8152,8170,8150,19.24898362159729,sil,False
64,8173,8165,8153,8179,8192,8236,8210,8186,8220,8222,8224,8152,8170,8150,19.249288320541385,sil,False
65,8176,8189,8161,8194,8181,8241,8195,8208,8336,8215,8231,8191,8185,8166,19.25629448890686,sil,False
65,8176,8189,8161,8194,8181,8241,8195,8208,8336,8215,8231,8191,8185,8166,19.25729513168335,sil,False
66,8172,8154,8144,8172,8179,8233,8198,8189,8233,8226,8223,8150,8167,8163,19.26429533958435,sil,False
66,8172,8154,8144,8172,8179,8233,8198,8189,8233,8226,8223,8150,8167,8163,19.265294313430783,sil,False
67,8183,8174,8157,8166,8167,8236,8175,8173,8248,8200,8205,8169,8161,8163,19.27229404449463,sil,False
67,8183,8174,8157,8166,8167,8236,8175,8173,8248,8200,8205,8169,8161,8163,19.27329421043396,sil,False
68,8154,8168,8150,8157,8154,8228,8156,8168,8218,8183,8208,8165,8158,8140,19.28129410743713,sil,False
69,8164,8156,8142,8172,8167,8231,8175,8174,8158,8202,8211,8149,8161,8143,19.288986444473267,sil,False
70,8189,8179,8157,8189,8171,8241,8183,8188,8279,8197,8188,8186,8172,8153,19.29731059074402,sil,False
71,8177,8146,8138,8164,8175,8234,8185,8173,8174,8208,8190,8140,8159,8140,19.30498695373535,sil,False
72,8190,8155,8151,8165,8160,8231,8169,8166,8185,8191,8187,8166,8159,8148,19.311985969543457,sil,False
73,8160,8151,8157,8165,8170,8229,8173,8173,8229,8185,8194,8177,8163,8144,19.31999254226685,sil,False
74,8145,8146,8148,8168,8200,8235,8190,8183,8203,8223,8224,8151,8170,8158,19.3279812335968,sil,False
75,8164,8180,8162,8181,8177,8230,8169,8187,8312,8210,8209,8189,8176,8166,19.33598637580872,sil,False
76,8160,8150,8146,8173,8172,8214,8165,8168,8199,8200,8197,8146,8158,8136,19.343987464904785,sil,False
77,8191,8161,8150,8181,8173,8217,8167,8169,8209,8193,8196,8162,8166,8143,19.351986169815063,sil,False
78,8179,8163,8154,8164,8162,8212,8166,8171,8259,8187,8207,8182,8177,8154,19.359665632247925,sil,False
79,8164,8150,8163,8163,8177,8217,8178,8171,8185,8209,8225,8155,8169,8161,19.36760687828064,sil,False
80,8197,8184,8187,8198,8172,8223,8167,8188,8289,8203,8209,8190,8172,8164,19.37460446357727,sil,False
81,8191,8158,8164,8183,8173,8202,8170,8177,8206,8199,8206,8149,8159,8143,19.38298797607422,sil,False
82,8194,8165,8180,8186,8175,8203,8165,8167,8197,8184,8207,8156,8158,8144,19.39097547531128,sil,False
83,8196,8179,8204,8202,8175,8216,8164,8175,8261,8186,8202,8177,8167,8150,19.39833378791809,sil,False
83,8196,8179,8204,8202,8175,8216,8164,8175,8261,8186,8202,8177,8167,8150,19.39935851097107,sil,False
84,8199,8151,8182,8197,8188,8213,8186,8181,8183,8221,8217,8148,8168,8171,19.406341075897217,sil,False
84,8199,8151,8182,8197,8188,8213,8186,8181,8183,8221,8217,8148,8168,8171,19.40734052658081,sil,False
85,8187,8165,8180,8191,8171,8202,8168,8185,8275,8204,8214,8192,8175,8182,19.414987802505493,sil,False
86,8158,8147,8167,8178,8173,8200,8168,8177,8215,8206,8203,8153,8163,8163,19.422986268997192,sil,False
87,8196,8161,8169,8184,8175,8214,8177,8180,8212,8214,8196,8147,8168,8179,19.430460929870605,sil,False
87,8196,8161,8169,8184,8175,8214,8177,8180,8212,8214,8196,8147,8168,8179,19.431456327438354,sil,False
88,8182,8161,8165,8173,8160,8210,8161,8181,8280,8199,8215,8170,8174,8168,19.43898344039917,sil,False
89,8153,8130,8142,8167,8175,8202,8160,8169,8152,8202,8258,8128,8160,8142,19.44598960876465,sil,False
90,8185,8165,8163,8191,8164,8204,8147,8165,8206,8173,8277,8168,8167,8151,19.45398712158203,sil,False
91,8165,8147,8160,8170,8159,8197,8145,8156,8155,8165,8307,8147,8161,8135,19.46198558807373,sil,False
92,8171,8143,8156,8165,8171,8199,8151,8158,8133,8174,8332,8133,8158,8128,19.470011711120605,sil,False
93,8186,8158,8159,8169,8167,8200,8153,8169,8229,8175,8355,8164,8170,8139,19.478008031845093,sil,False
94,8158,8127,8146,8153,8174,8204,8168,8173,8156,8202,8409,8136,8170,8151,19.485986709594727,sil,False
95,8165,8156,8160,8168,8167,8211,8158,8183,8250,8193,8418,8172,8177,8160,19.494049072265625,sil,False
96,8171,8152,8144,8168,8175,8199,8163,8171,8228,8190,8425,8149,8167,8146,19.500869512557983,sil,False
97,8177,8149,8140,8172,8183,8203,8162,8161,8176,8187,8463,8138,8162,8162,19.50861358642578,sil,False
98,8163,8165,8154,8168,8162,8196,8139,8168,8252,8156,8474,8172,8168,8161,19.516622304916385,sil,False
99,8156,8134,8131,8150,8171,8177,8150,8159,8139,8163,8479,8126,8158,8139,19.524986505508423,sil,False
100,8176,8150,8145,8167,8166,8182,8137,8156,8194,8149,8495,8162,8163,8147,19.532986640930176,sil,False
101,8148,8143,8150,8167,8155,8181,8129,8157,8193,8137,8516,8153,8158,8129,19.54098558425904,sil,False
102,8166,8146,8146,8170,8166,8183,8151,8163,8145,8154,8516,8131,8155,8126,19.549179315567017,sil,False
103,8176,8165,8153,8179,8164,8183,8143,8172,8249,8148,8516,8176,8170,8141,19.557180881500244,sil,False
104,8135,8126,8133,8166,8168,8178,8139,8164,8163,8160,8543,8142,8163,8135,19.56518054008484,sil,False
105,8162,8147,8137,8167,8150,8177,8130,8160,8191,8144,8528,8164,8161,8134,19.57301664352417,sil,False
106,8158,8144,8132,8153,8140,8171,8122,8149,8169,8130,8529,8162,8157,8130,19.579987049102783,sil,False
107,8150,8128,8136,8157,8148,8177,8126,8148,8109,8151,8567,8142,8162,8148,19.587735414505005,sil,False
108,8174,8157,8164,8170,8138,8185,8133,8166,8248,8150,8568,8185,8177,8157,19.59573268890381,sil,False
109,8169,8135,8149,8152,8158,8184,8150,8159,8175,8154,8574,8153,8162,8143,19.603986024856567,sil,False
110,8183,8151,8162,8168,8152,8182,8132,8156,8199,8136,8573,8174,8157,8156,19.61198616027832,sil,False
111,8181,8150,8171,8172,8146,8173,8132,8160,8216,8133,8575,8171,8160,8146,19.619980096817017,sil,False
112,8186,8140,8165,8170,8179,8178,8155,8164,8149,8158,8603,8145,8165,8141,19.6280779838562,sil,False
113,8187,8164,8163,8178,8165,8178,8132,8167,8255,8138,8595,8186,8173,8143,19.63510131835937,sil,False
114,8156,8124,8132,8158,8153,8167,8137,8155,8157,8145,8581,8137,8155,8131,19.64298725128174,sil,False
115,8168,8135,8144,8170,8159,8184,8154,8160,8178,8146,8584,8153,8157,8146,19.6509861946106,sil,False
116,8162,8146,8143,8172,8154,8181,8149,8161,8221,8129,8596,8173,8164,8138,19.65898609161377,sil,False
117,8165,8132,8131,8161,8164,8170,8148,8151,8113,8143,8609,8141,8164,8143,19.66694951057434,sil,False
118,8184,8172,8165,8176,8165,8184,8139,8163,8231,8144,8606,8191,8177,8168,19.674986362457275,sil,False
119,8163,8154,8151,8167,8169,8187,8153,8163,8183,8151,8608,8152,8163,8153,19.68298649787903,sil,False
120,8180,8150,8143,8164,8156,8181,8153,8158,8151,8128,8594,8145,8156,8148,19.691004037857056,sil,False
121,8180,8162,8163,8171,8152,8180,8147,8165,8205,8119,8598,8177,8163,8136,19.698012113571167,sil,False
122,8181,8156,8168,8180,8180,8187,8170,8175,8150,8164,8631,8152,8164,8138,19.70606231689453,sil,False
123,8193,8175,8170,8176,8166,8176,8153,8177,8242,8154,8615,8182,8172,8163,19.71398663520813,sil,False
124,8151,8135,8134,8145,8155,8146,8132,8156,8157,8151,8603,8146,8155,8149,19.72156476974488,sil,False
125,8161,8139,8129,8152,8158,8142,8128,8151,8121,8153,8604,8147,8148,8142,19.729565382003784,sil,False
125,8161,8139,8129,8152,8158,8142,8128,8151,8121,8153,8604,8147,8148,8142,19.73055911064148,sil,False
126,8166,8155,8139,8153,8156,8143,8125,8152,8171,8123,8589,8168,8160,8133,19.7375717163086,sil,False
127,8160,8129,8128,8148,8175,8152,8141,8146,8065,8133,8587,8127,8162,8132,19.745986461639404,sil,False
240,8192,8165,8157,8175,8168,8170,8135,8155,8170,8137,8583,8177,8170,8157,19.7540180683136,sil,False
0,8178,8161,8163,8174,8170,8159,8138,8159,8164,8148,8603,8163,8164,8149,19.762017011642456,sil,False
1,8192,8166,8171,8184,8180,8155,8147,8173,8166,8160,8605,8152,8168,8150,19.76898670196533,sil,False
2,8200,8172,8175,8179,8170,8164,8148,8183,8259,8155,8584,8180,8175,8144,19.776949882507324,sil,False
3,8157,8126,8137,8149,8173,8170,8154,8170,8141,8161,8606,8132,8159,8125,19.785040140151978,sil,False
4,8154,8151,8143,8158,8153,8166,8131,8172,8203,8139,8606,8164,8165,8129,19.793049335479736,sil,False
5,8152,8148,8146,8148,8151,8143,8133,8162,8176,8141,8591,8157,8166,8129,19.800986766815186,sil,False
6,8152,8137,8138,8138,8163,8136,8139,8149,8100,8144,8584,8139,8160,8136,19.80898642539978,sil,False
7,8147,8148,8136,8140,8143,8133,8122,8157,8176,8125,8571,8167,8165,8129,19.81646418571472,sil,False
8,8150,8125,8127,8133,8145,8128,8141,8160,8106,8152,8582,8133,8162,8130,19.82446575164795,sil,False
9,8186,8162,8158,8156,8142,8129,8140,8165,8184,8150,8584,8169,8172,8160,19.831461668014526,sil,False
10,8185,8165,8161,8158,8138,8116,8138,8157,8164,8143,8576,8159,8162,8151,19.839967966079712,sil,False
11,8194,8152,8157,8154,8152,8111,8151,8149,8086,8146,8567,8140,8156,8148,19.847977876663208,sil,False
12,8185,8164,8168,8160,8151,8114,8138,8167,8194,8129,8567,8185,8172,8151,19.855828523635864,sil,False
13,8165,8144,8151,8161,8165,8118,8151,8181,8135,8167,8590,8150,8171,8155,19.863985300064087,sil,False
14,8198,8176,8167,8179,8161,8128,8166,8187,8213,8190,8591,8177,8178,8187,19.87200140953064,sil,False
15,8170,8165,8156,8164,8146,8116,8158,8176,8233,8178,8593,8171,8170,8177,19.88000750541687,sil,False
16,8160,8139,8127,8156,8143,8100,8143,8166,8132,8169,8584,8135,8156,8163,19.88741397857666,sil,False
16,8160,8139,8127,8156,8143,8100,8143,8166,8132,8169,8584,8135,8156,8163,19.88841438293457,sil,False
17,8195,8168,8142,8163,8140,8094,8132,8166,8201,8146,8548,8177,8163,8173,19.89442205429077,sil,False
17,8195,8168,8142,8163,8140,8094,8132,8166,8201,8146,8548,8177,8163,8173,19.89541506767273,sil,False
18,8172,8144,8142,8145,8156,8091,8144,8152,8096,8148,8555,8146,8159,8165,19.903427362442017,yes,True
19,8171,8157,8156,8159,8136,8095,8126,8157,8122,8135,8562,8166,8162,8165,19.91144061088562,yes,True
20,8179,8164,8157,8166,8123,8095,8125,8163,8171,8135,8546,8175,8160,8148,19.919458866119385,yes,True
21,8200,8155,8162,8173,8154,8107,8150,8156,8107,8163,8550,8150,8157,8151,19.9269495010376,yes,True
22,8210,8176,8191,8188,8142,8101,8128,8153,8206,8151,8553,8192,8169,8164,19.93498635292053,yes,True
23,8187,8144,8167,8171,8128,8075,8131,8144,8126,8159,8557,8152,8160,8147,19.94300842285156,yes,True
24,8208,8163,8159,8179,8134,8085,8148,8155,8151,8163,8544,8165,8165,8160,19.951007604599,yes,True
25,8181,8170,8160,8175,8138,8091,8139,8163,8204,8145,8538,8180,8168,8158,19.958985805511475,yes,True
26,8163,8147,8146,8166,8142,8088,8142,8160,8108,8150,8545,8137,8159,8148,19.966259479522705,yes,True
27,8200,8176,8158,8172,8119,8090,8140,8168,8198,8136,8522,8174,8164,8156,19.974342107772827,yes,True
28,8177,8148,8146,8155,8125,8081,8147,8161,8128,8145,8521,8151,8158,8152,19.98211121559143,yes,True
29,8189,8156,8163,8175,8143,8077,8143,8165,8131,8163,8525,8165,8166,8162,19.990111351013184,yes,True
30,8205,8175,8176,8188,8137,8066,8132,8163,8195,8154,8514,8182,8171,8148,19.9980628490448,yes,True
31,8188,8149,8155,8174,8140,8062,8137,8147,8080,8147,8525,8139,8158,8137,20.00598835945129,yes,True
32,8196,8177,8169,8181,8131,8076,8130,8157,8162,8132,8522,8186,8165,8155,20.01398801803589,yes,True
33,8188,8165,8160,8166,8145,8083,8147,8159,8133,8150,8528,8173,8166,8151,20.02162861824036,yes,True
34,8202,8166,8161,8172,8152,8095,8162,8168,8132,8157,8524,8173,8171,8163,20.02862930297852,yes,True
34,8202,8166,8161,8172,8152,8095,8162,8168,8132,8157,8524,8173,8171,8163,20.02962350845337,yes,True
35,8202,8175,8172,8178,8137,8093,8155,8180,8223,8145,8507,8199,8172,8172,20.036945819854736,yes,True
36,8181,8146,8154,8158,8151,8075,8151,8165,8122,8165,8514,8156,8159,8171,20.04498624801636,yes,True
37,8182,8167,8163,8164,8139,8080,8131,8166,8188,8155,8503,8182,8165,8171,20.052987098693848,yes,True
38,8174,8156,8158,8166,8140,8098,8151,8177,8174,8172,8489,8158,8161,8157,20.060937881469727,yes,True
39,8193,8160,8163,8172,8159,8108,8166,8176,8149,8174,8478,8150,8155,8155,20.069008588790894,yes,True
40,8187,8174,8171,8169,8149,8087,8143,8170,8197,8136,8463,8183,8161,8136,20.077009201049805,yes,True
41,8180,8148,8154,8161,8158,8083,8163,8168,8092,8162,8480,8145,8163,8135,20.085055351257324,yes,True
42,8204,8179,8174,8180,8162,8099,8168,8176,8199,8171,8487,8187,8177,8166,20.092182874679565,yes,True
43,8174,8167,8169,8170,8167,8090,8156,8176,8199,8170,8487,8177,8167,8154,20.09998607635498,yes,True
44,8176,8152,8161,8166,8171,8097,8160,8177,8134,8183,8479,8148,8157,8155,20.107582807540894,yes,True
45,8181,8172,8166,8169,8153,8108,8155,8173,8203,8160,8447,8170,8164,8151,20.11543798446656,yes,True
45,8181,8172,8166,8169,8153,8108,8155,8173,8203,8160,8447,8170,8164,8151,20.116431713104248,yes,True
46,8165,8150,8149,8160,8154,8110,8161,8164,8106,8161,8443,8138,8153,8132,20.12345242500305,yes,True
46,8165,8150,8149,8160,8154,8110,8161,8164,8106,8161,8443,8138,8153,8132,20.12444758415222,yes,True
47,8191,8165,8166,8168,8147,8125,8154,8173,8167,8163,8442,8173,8164,8154,20.13198685646057,yes,True
48,8163,8151,8157,8149,8140,8121,8142,8165,8150,8160,8441,8157,8164,8147,20.140475273132324,yes,True
49,8169,8152,8149,8159,8143,8108,8139,8161,8088,8158,8432,8141,8155,8137,20.14798164367676,yes,True
50,8207,8180,8170,8177,8139,8104,8139,8172,8196,8145,8409,8193,8166,8144,20.155928373336792,yes,True
51,8183,8145,8164,8156,8160,8109,8162,8167,8114,8161,8431,8157,8166,8150,20.162925958633423,yes,True
52,8193,8168,8190,8175,8154,8122,8162,8183,8186,8168,8450,8191,8173,8172,20.17098045349121,yes,True
53,8208,8172,8193,8180,8152,8114,8168,8187,8224,8179,8449,8195,8172,8174,20.178985834121704,yes,True
54,8203,8155,8177,8164,8172,8099,8177,8170,8136,8184,8448,8158,8164,8176,20.1869432926178,yes,True
55,8185,8182,8188,8170,8148,8090,8150,8173,8221,8152,8430,8191,8168,8162,20.194780826568604,yes,True
56,8177,8160,8175,8170,8147,8089,8162,8174,8148,8172,8421,8153,8161,8143,20.202783346176147,yes,True
56,8177,8160,8175,8170,8147,8089,8162,8174,8148,8172,8421,8153,8161,8143,20.20377445220948,yes,True
57,8213,8175,8190,8179,8162,8098,8174,8177,8190,8181,8417,8175,8168,8170,20.21091675758361,yes,True
57,8213,8175,8190,8179,8162,8098,8174,8177,8190,8181,8417,8175,8168,8170,20.211390495300293,yes,True
58,8180,8170,8191,8164,8150,8088,8155,8173,8219,8158,8425,8188,8163,8162,20.21890234947205,yes,True
59,8167,8144,8170,8155,8138,8081,8149,8161,8110,8157,8421,8150,8158,8147,20.22591733932495,yes,True
60,8198,8172,8180,8164,8126,8078,8143,8164,8194,8142,8401,8184,8175,8163,20.23420238494873,yes,True
61,8168,8151,8173,8151,8148,8068,8149,8164,8132,8153,8425,8157,8166,8159,20.2424533367157,yes,True
62,8176,8159,8186,8166,8156,8076,8142,8173,8146,8153,8421,8168,8163,8156,20.25046420097351,yes,True
63,8193,8165,8189,8168,8144,8084,8143,8170,8193,8139,8387,8177,8167,8146,20.258467435836792,yes,True
64,8195,8147,8177,8159,8156,8086,8161,8160,8105,8154,8395,8151,8164,8153,20.26648759841919,yes,True
65,8191,8173,8188,8165,8148,8080,8142,8166,8197,8140,8394,8199,8168,8165,20.27398633956909,yes,True
66,8159,8148,8173,8154,8157,8060,8140,8163,8129,8141,8386,8161,8155,8147,20.281985998153687,yes,True
67,8191,8157,8177,8167,8163,8069,8145,8172,8125,8148,8368,8152,8155,8147,20.28981328010559,yes,True
68,8202,8170,8166,8157,8150,8071,8140,8175,8183,8140,8343,8168,8160,8138,20.29776287078857,yes,True
69,8169,8138,8136,8132,8157,8066,8152,8161,8061,8144,8348,8130,8155,8130,20.3047194480896,yes,True
70,8167,8157,8157,8149,8146,8072,8142,8166,8128,8118,8344,8176,8163,8138,20.312719106674194,yes,True
71,8170,8149,8155,8154,8149,8076,8158,8170,8100,8136,8346,8159,8160,8138,20.32072281837464,yes,True
72,8190,8160,8149,8163,8154,8085,8179,8174,8097,8157,8347,8153,8161,8158,20.32872247695923,yes,True
73,8160,8168,8151,8159,8135,8089,8157,8175,8163,8128,8327,8176,8162,8142,20.33722877502441,yes,True
74,8144,8144,8138,8145,8149,8097,8153,8166,8047,8128,8317,8136,8149,8122,20.345228910446167,yes,True
75,8199,8181,8162,8165,8162,8106,8168,8179,8150,8131,8307,8181,8163,8154,20.35223126411438,yes,True
75,8199,8181,8162,8165,8162,8106,8168,8179,8150,8131,8307,8181,8163,8154,20.353230476379395,yes,True
76,8185,8167,8170,8165,8169,8095,8183,8185,8162,8144,8320,8169,8162,8155,20.360228776931763,yes,True
77,8174,8159,8166,8169,8180,8094,8172,8182,8117,8149,8322,8148,8154,8140,20.368228673934937,yes,True
78,8186,8180,8156,8174,8178,8090,8159,8183,8187,8134,8298,8177,8163,8131,20.375993967056274,yes,True
79,8183,8151,8132,8164,8180,8075,8179,8169,8081,8147,8299,8138,8157,8128,20.38403820991516,yes,True
80,8200,8167,8156,8172,8160,8075,8162,8162,8133,8124,8288,8173,8162,8146,20.391973733901978,sil,False
81,8172,8157,8150,8154,8159,8078,8148,8158,8121,8115,8288,8172,8156,8134,20.399986505508423,sil,False
82,8159,8147,8134,8149,8172,8086,8154,8160,8062,8129,8306,8155,8154,8127,20.407988786697388,sil,False
83,8162,8162,8147,8163,8160,8087,8145,8171,8147,8118,8302,8185,8170,8133,20.415990591049194,sil,False
84,8153,8141,8140,8162,8173,8080,8156,8169,8061,8136,8303,8148,8163,8135,20.423992156982425,sil,False
85,8182,8177,8153,8178,8177,8082,8147,8172,8124,8130,8290,8179,8164,8143,20.431068181991577,sil,False
86,8183,8177,8153,8171,8175,8084,8149,8173,8147,8130,8292,8180,8169,8130,20.43917989730835,sil,False
87,8196,8160,8153,8174,8188,8099,8177,8181,8109,8165,8311,8158,8173,8146,20.44717764854431,sil,False
88,8212,8185,8170,8188,8169,8101,8180,8188,8227,8162,8295,8193,8178,8169,20.45529127120972,sil,False
89,8188,8162,8152,8175,8170,8090,8184,8170,8135,8156,8289,8154,8166,8159,20.463090896606445,sil,False
90,8197,8177,8162,8186,8179,8095,8174,8180,8158,8144,8288,8183,8169,8162,20.471096754074097,sil,False
91,8191,8170,8159,8178,8176,8087,8172,8186,8174,8158,8281,8180,8163,8148,20.478986024856567,sil,False
92,8191,8155,8142,8159,8178,8091,8182,8167,8087,8172,8276,8143,8156,8149,20.487120389938354,sil,False
93,8188,8182,8157,8165,8164,8106,8154,8171,8180,8138,8269,8192,8172,8155,20.49412512779236,sil,False
94,8177,8156,8157,8171,8175,8101,8154,8180,8124,8162,8285,8160,8170,8146,20.501980781555176,sil,False
95,8219,8172,8178,8189,8174,8104,8173,8189,8168,8192,8276,8166,8176,8170,20.509994506835938,sil,False
96,8197,8177,8170,8170,8168,8106,8173,8183,8196,8179,8263,8177,8169,8164,20.51798820495605,sil,False
97,8163,8158,8138,8159,8180,8103,8173,8173,8083,8166,8267,8146,8155,8143,20.52598762512207,sil,False
98,8186,8188,8152,8178,8155,8106,8164,8176,8177,8147,8246,8181,8171,8149,20.53288221359253,sil,False
99,8173,8162,8153,8162,8154,8120,8178,8174,8123,8165,8255,8151,8172,8155,20.54140901565552,sil,False
100,8180,8167,8168,8168,8171,8137,8176,8189,8139,8180,8269,8165,8172,8169,20.550419569015503,sil,False
101,8187,8184,8166,8180,8163,8120,8176,8203,8215,8186,8255,8176,8174,8154,20.55742645263672,sil,False
102,8189,8165,8142,8171,8160,8107,8199,8195,8137,8209,8253,8136,8168,8146,20.564430236816406,sil,False
103,8182,8172,8153,8169,8146,8111,8178,8190,8208,8179,8242,8178,8169,8150,20.57249093055725,sil,False
104,8143,8144,8136,8153,8148,8100,8167,8177,8131,8173,8233,8145,8158,8121,20.58048367500305,sil,False
104,8143,8144,8136,8153,8148,8100,8167,8177,8131,8173,8233,8145,8158,8121,20.581483364105225,sil,False
105,8171,8160,8132,8165,8139,8102,8172,8174,8118,8180,8221,8135,8165,8122,20.588987112045288,sil,False
106,8167,8166,8138,8159,8113,8098,8161,8171,8168,8141,8214,8160,8170,8118,20.59695029258728,sil,False
107,8137,8127,8127,8145,8127,8092,8163,8163,8034,8139,8219,8127,8152,8106,20.60498714447021,sil,False
108,8172,8161,8147,8160,8127,8101,8165,8172,8118,8154,8211,8172,8165,8120,20.613078355789185,sil,False
109,8168,8157,8144,8147,8128,8101,8183,8169,8111,8168,8227,8158,8169,8125,20.61983370780945,sil,False
110,8168,8154,8146,8156,8129,8103,8172,8167,8087,8151,8233,8148,8162,8133,20.627849102020264,sil,False
111,8178,8166,8155,8167,8114,8102,8148,8169,8153,8131,8208,8174,8166,8125,20.635380029678345,sil,False
111,8178,8166,8155,8167,8114,8102,8148,8169,8153,8131,8208,8174,8166,8125,20.636371850967407,sil,False
112,8176,8149,8148,8153,8134,8117,8171,8166,8072,8166,8217,8141,8168,8134,20.64398646354676,sil,False
113,8187,8182,8165,8166,8139,8139,8169,8183,8174,8167,8221,8177,8178,8160,20.651986598968502,sil,False
114,8179,8169,8153,8169,8134,8130,8163,8183,8155,8160,8214,8160,8168,8139,20.6599862575531,sil,False
115,8196,8157,8157,8162,8134,8123,8167,8173,8099,8160,8212,8151,8164,8140,20.66695022583008,sil,False
116,8179,8173,8165,8151,8121,8120,8149,8173,8178,8148,8209,8180,8164,8136,20.67451119422913,sil,False
117,8157,8150,8133,8147,8131,8116,8159,8165,8071,8158,8210,8130,8150,8111,20.682514429092407,sil,False
118,8195,8172,8158,8171,8132,8127,8169,8168,8135,8136,8199,8166,8170,8128,20.690146923065186,sil,False
119,8179,8167,8173,8163,8140,8126,8183,8175,8166,8148,8216,8169,8181,8132,20.69897651672364,sil,False
120,8174,8164,8154,8161,8148,8120,8190,8181,8125,8182,8220,8147,8170,8124,20.706974267959595,sil,False
121,8188,8184,8156,8169,8125,8111,8169,8178,8185,8147,8192,8178,8163,8122,20.71498680114746,sil,False
122,8165,8149,8152,8159,8136,8109,8165,8167,8077,8138,8215,8143,8160,8126,20.72298622131348,sil,False
123,8181,8172,8167,8173,8140,8120,8153,8179,8145,8153,8214,8168,8175,8143,20.7310118675232,sil,False
124,8187,8174,8159,8161,8131,8118,8161,8177,8158,8164,8184,8163,8168,8129,20.73898720741272,sil,False
125,8180,8153,8149,8148,8137,8123,8180,8168,8075,8163,8198,8138,8159,8126,20.74622344970703,sil,False
126,8170,8168,8162,8159,8124,8123,8166,8181,8172,8143,8208,8178,8172,8128,20.753973484039307,sil,False
127,8171,8149,8153,8158,8133,8117,8180,8181,8090,8177,8204,8142,8167,8121,20.76197338104248,sil,False
240,8211,8178,8172,8174,8135,8126,8183,8182,8130,8188,8198,8167,8173,8145,20.76998615264893,sil,False
240,8211,8178,8172,8174,8135,8126,8183,8182,8130,8188,8198,8167,8173,8145,20.770411729812626,sil,False
0,8179,8177,8166,8164,8127,8114,8157,8180,8160,8163,8201,8175,8172,8138,20.777989625930783,sil,False
1,8167,8160,8157,8165,8135,8110,8156,8173,8070,8163,8197,8139,8161,8134,20.785988092422485,sil,False
2,8215,8196,8190,8184,8132,8132,8168,8177,8184,8160,8181,8182,8173,8157,20.793986082077023,sil,False
3,8197,8166,8170,8163,8148,8138,8181,8172,8132,8178,8203,8153,8172,8148,20.80198621749878,sil,False
4,8184,8167,8156,8166,8142,8135,8164,8180,8130,8171,8195,8160,8168,8135,20.80998611450196,sil,False
5,8174,8166,8153,8159,8118,8122,8162,8185,8144,8150,8162,8166,8161,8114,20.81701254844665,sil,False
6,8161,8131,8135,8135,8122,8111,8175,8172,8032,8153,8162,8125,8153,8107,20.825021982193,sil,False
7,8162,8153,8145,8149,8107,8108,8152,8170,8107,8132,8152,8165,8161,8104,20.83298635482788,sil,False
8,8161,8149,8144,8162,8112,8113,8165,8170,8062,8146,8155,8145,8161,8100,20.84098625183105,sil,False
9,8188,8160,8159,8171,8123,8126,8174,8167,8089,8155,8169,8157,8169,8123,20.848434448242188,sil,False
10,8156,8156,8159,8157,8117,8118,8150,8159,8136,8138,8166,8169,8167,8104,20.85643458366394,sil,False
11,8148,8140,8145,8150,8122,8119,8157,8167,8035,8159,8163,8130,8161,8094,20.86543130874633,sil,False
12,8191,8174,8165,8158,8112,8129,8159,8187,8137,8151,8150,8177,8173,8126,20.87243175506592,sil,False
13,8158,8148,8149,8140,8118,8113,8147,8170,8078,8136,8154,8149,8158,8110,20.88098669052124,sil,False
14,8160,8153,8142,8157,8119,8112,8138,8164,8050,8131,8141,8143,8155,8100,20.887985944747925,sil,False
15,8176,8169,8157,8164,8106,8128,8144,8171,8137,8128,8124,8172,8169,8110,20.895987033844,sil,False
16,8154,8141,8154,8143,8121,8142,8168,8159,8045,8145,8141,8127,8161,8109,20.90398645401001,sil,False
17,8161,8170,8164,8152,8108,8145,8160,8165,8115,8131,8129,8159,8165,8104,20.91183042526245,sil,False
18,8154,8151,8153,8145,8105,8136,8158,8163,8080,8139,8112,8148,8163,8093,20.91984605789185,sil,False
19,8160,8138,8164,8141,8120,8146,8155,8155,8043,8143,8117,8144,8160,8108,20.92798113822937,sil,False
20,8154,8162,8185,8145,8117,8154,8140,8164,8136,8124,8131,8174,8171,8112,20.935986518859863,sil,False
21,8152,8147,8174,8146,8135,8162,8162,8176,8083,8160,8147,8138,8169,8109,20.942986726760864,sil,False
22,8186,8173,8192,8165,8135,8182,8171,8189,8184,8172,8127,8171,8166,8120,20.951310873031616,sil,False
23,8168,8163,8185,8158,8131,8174,8173,8174,8152,8161,8120,8150,8156,8101,20.95831632614136,sil,False
24,8159,8158,8178,8153,8133,8166,8164,8167,8078,8148,8131,8133,8166,8103,20.96631908416748,sil,False
25,8160,8176,8187,8154,8115,8170,8150,8181,8173,8136,8131,8174,8180,8114,20.974847316741943,sil,False
26,8156,8147,8163,8144,8125,8175,8170,8173,8092,8164,8138,8139,8163,8117,20.982856035232544,sil,False
27,8169,8159,8171,8153,8123,8178,8158,8167,8145,8153,8125,8164,8167,8130,20.990986824035645,sil,False
28,8139,8149,8170,8138,8121,8165,8147,8171,8138,8142,8120,8154,8169,8105,20.99898624420166,sil,False
29,8157,8151,8169,8146,8140,8168,8169,8176,8073,8160,8125,8136,8166,8097,21.00695013999939,sil,False
30,8173,8174,8180,8151,8135,8175,8168,8173,8165,8146,8104,8174,8171,8106,21.013729095458984,sil,False
31,8127,8132,8155,8116,8135,8171,8168,8159,8069,8143,8100,8131,8158,8089,21.021809101104736,sil,False
32,8154,8152,8172,8139,8132,8176,8168,8170,8126,8140,8108,8161,8167,8108,21.029910564422607,sil,False
33,8186,8163,8185,8157,8139,8176,8178,8178,8179,8155,8129,8172,8179,8132,21.0379855632782,sil,False
34,8173,8148,8176,8145,8143,8179,8179,8170,8107,8163,8141,8138,8171,8138,21.046003341674805,sil,False
35,8155,8172,8178,8152,8116,8176,8156,8173,8189,8137,8115,8171,8169,8121,21.0540075302124,sil,False
35,8155,8172,8178,8152,8116,8176,8156,8173,8189,8137,8115,8171,8169,8121,21.05440092086792,sil,False
36,8155,8155,8157,8155,8132,8166,8180,8171,8113,8165,8113,8141,8163,8110,21.061986923217773,sil,False
37,8174,8167,8163,8157,8144,8172,8178,8170,8137,8166,8115,8157,8171,8129,21.06962943077088,sil,False
38,8132,8155,8159,8137,8126,8167,8144,8164,8146,8132,8117,8159,8170,8109,21.076629400253296,sil,False
39,8143,8143,8155,8145,8131,8173,8164,8167,8070,8153,8135,8134,8168,8116,21.08468270301819,sil,False
40,8184,8180,8184,8160,8131,8185,8177,8174,8192,8158,8130,8185,8181,8145,21.09298729896545,sil,False
41,8145,8152,8167,8135,8141,8177,8165,8155,8112,8160,8127,8145,8165,8112,21.101215600967407,sil,False
42,8153,8164,8160,8147,8137,8188,8151,8159,8108,8155,8119,8150,8161,8102,21.10921597480774,sil,False
43,8157,8171,8160,8147,8129,8196,8160,8169,8153,8138,8115,8171,8168,8108,21.1169502735138,sil,False
44,8139,8138,8149,8128,8145,8182,8165,8159,8049,8141,8122,8139,8163,8108,21.12498617172241,sil,False
45,8165,8166,8167,8146,8130,8174,8146,8156,8134,8130,8100,8180,8170,8113,21.132833003997803,sil,False
46,8160,8159,8164,8148,8130,8186,8168,8152,8087,8146,8098,8152,8165,8107,21.139889240264893,sil,False
47,8165,8171,8176,8157,8143,8210,8171,8164,8099,8153,8111,8161,8171,8118,21.14790964126587,sil,False
48,8166,8180,8183,8161,8138,8213,8153,8173,8171,8144,8114,8186,8175,8112,21.155987977981567,sil,False
49,8155,8148,8168,8146,8143,8218,8165,8159,8073,8153,8117,8144,8160,8104,21.163986206054688,sil,False
50,8156,8163,8182,8149,8135,8226,8153,8160,8148,8131,8101,8174,8168,8105,21.17198634147644,sil,False
51,8153,8151,8172,8145,8141,8217,8152,8156,8093,8139,8099,8151,8162,8095,21.179412841796875,sil,False
51,8153,8151,8172,8145,8141,8217,8152,8156,8093,8139,8099,8151,8162,8095,21.18040657043457,sil,False
52,8176,8163,8176,8160,8138,8222,8159,8154,8071,8144,8098,8153,8157,8114,21.18740582466125,sil,False
52,8176,8163,8176,8160,8138,8222,8159,8154,8071,8144,8098,8153,8157,8114,21.188406944274902,sil,False
53,8158,8169,8183,8165,8122,8221,8155,8167,8159,8130,8094,8181,8167,8110,21.19561123847961,sil,False
54,8137,8135,8162,8142,8138,8209,8169,8165,8058,8155,8104,8132,8163,8088,21.203699588775635,sil,False
55,8155,8160,8169,8137,8121,8204,8149,8156,8105,8132,8082,8161,8166,8095,21.21069884300232,sil,False
56,8138,8144,8157,8140,8108,8206,8144,8152,8072,8123,8072,8145,8158,8089,21.21898031234741,sil,False
57,8162,8147,8158,8159,8120,8224,8172,8167,8063,8148,8089,8138,8161,8100,21.22695016860962,sil,False
58,8165,8172,8172,8153,8107,8225,8167,8173,8168,8138,8090,8174,8172,8101,21.23527240753174,sil,False
59,8135,8143,8147,8134,8110,8220,8160,8163,8071,8146,8092,8134,8160,8087,21.242987155914307,sil,False
60,8157,8162,8156,8148,8105,8232,8157,8168,8115,8144,8077,8167,8164,8103,21.250961780548096,sil,False
61,8136,8150,8156,8125,8098,8228,8162,8163,8086,8140,8071,8159,8166,8100,21.258804082870483,sil,False
62,8142,8147,8150,8125,8109,8227,8162,8169,8051,8145,8074,8149,8165,8106,21.26752662658692,sil,False
63,8178,8173,8163,8148,8104,8231,8157,8178,8164,8144,8063,8188,8171,8116,21.27353811264038,sil,False
64,8159,8144,8156,8133,8107,8229,8175,8163,8057,8156,8081,8146,8164,8107,21.281545877456665,sil,False
65,8163,8168,8176,8150,8101,8233,8167,8174,8116,8145,8085,8173,8175,8112,21.28998613357544,sil,False
66,8170,8168,8168,8157,8108,8227,8171,8184,8153,8157,8077,8172,8174,8109,21.298088550567627,sil,False
67,8173,8153,8155,8147,8119,8231,8177,8172,8070,8170,8067,8148,8165,8112,21.30598759651184,sil,False
68,8162,8176,8172,8146,8105,8235,8150,8169,8129,8135,8040,8177,8170,8102,21.31453657150269,sil,False
69,8152,8153,8157,8140,8120,8229,8165,8161,8037,8146,8043,8138,8163,8084,21.322065114974976,sil,False
70,8177,8168,8162,8155,8114,8246,8172,8163,8086,8152,8043,8169,8171,8093,21.32977175712585,sil,False
71,8152,8167,8165,8154,8109,8252,8164,8171,8121,8150,8047,8179,8169,8084,21.33747720718384,sil,False
72,8159,8156,8167,8158,8131,8243,8174,8172,8052,8170,8063,8154,8165,8095,21.344990015029907,sil,False
73,8173,8173,8179,8153,8107,8231,8156,8163,8122,8145,8047,8188,8174,8109,21.35298776626587,sil,False
74,8129,8142,8150,8124,8094,8218,8150,8150,8008,8144,8034,8137,8158,8080,21.361060619354248,sil,False
75,8153,8161,8156,8145,8104,8228,8155,8162,8036,8152,8022,8152,8159,8083,21.36906623840332,sil,False
76,8166,8172,8171,8155,8117,8240,8163,8167,8102,8150,8031,8179,8168,8095,21.378231525421143,sil,False
77,8167,8161,8171,8151,8136,8250,8179,8169,8054,8176,8058,8172,8174,8111,21.385230541229248,sil,False
78,8198,8196,8188,8170,8126,8256,8174,8189,8190,8176,8051,8207,8182,8126,21.392471075057983,sil,False
78,8198,8196,8188,8170,8126,8256,8174,8189,8190,8176,8051,8207,8182,8126,21.39342832565308,sil,False
79,8182,8164,8172,8155,8131,8247,8182,8185,8125,8179,8055,8145,8167,8113,21.40042734146118,sil,False
80,8189,8166,8181,8162,8140,8241,8177,8176,8126,8172,8059,8195,8169,8119,21.407426118850708,sil,False
81,8201,8184,8195,8174,8142,8231,8173,8176,8176,8167,8054,8147,8175,8120,21.415425062179565,sil,False
82,8197,8166,8186,8168,8154,8241,8186,8176,8054,8181,8068,7842,8163,8119,21.423429489135746,sil,False
82,8197,8166,8186,8168,8154,8241,8186,8176,8054,8181,8068,7842,8163,8119,21.42443013191223,sil,False
83,8199,8184,8195,8172,8138,8258,8175,8187,8135,8167,8065,7786,8170,8123,21.4314284324646,sil,False
83,8199,8184,8195,8172,8138,8258,8175,8187,8135,8167,8065,7786,8170,8123,21.432429313659668,sil,False
84,8183,8161,8175,8156,8142,8249,8180,8175,8099,8179,8065,7937,8166,8111,21.439935207366943,sil,False
85,8196,8170,8174,8161,8149,8241,8173,8164,8089,8181,8060,8028,8165,8121,21.447935342788696,sil,False
86,8184,8183,8185,8169,8143,8234,8159,8176,8167,8168,8053,8017,8170,8114,21.45598673820496,sil,False
87,8191,8166,8185,8181,8163,8235,8189,8190,8118,8204,8079,8019,8165,8114,21.46398615837097,sil,False
88,8242,8203,8213,8207,8161,8245,8201,8208,8243,8208,8087,8101,8179,8148,21.471986055374146,sil,False
89,8223,8176,8199,8190,8154,8243,8202,8197,8208,8198,8082,8069,8175,8149,21.47900605201721,sil,False
90,8207,8164,8185,8184,8153,8252,8194,8184,8165,8185,8071,8063,8166,8149,21.487009286880493,sil,False
91,8188,8183,8189,8175,8146,8246,8175,8182,8222,8167,8057,8095,8166,8139,21.495019674301147,sil,False
92,8162,8158,8168,8155,8156,8230,8176,8174,8095,8173,8053,8058,8157,8118,21.502986907958984,sil,False
93,8179,8175,8168,8172,8141,8225,8154,8169,8138,8142,8024,8090,8164,8113,21.510986328125,sil,False
94,8168,8154,8147,8166,8134,8215,8146,8148,8086,8128,8012,8072,8157,8086,21.518985748291016,sil,False
95,8175,8150,8146,8154,8143,8212,8149,8144,8020,8135,8016,8062,8155,8088,21.527012825012207,sil,False
96,8170,8175,8170,8149,8130,8199,8131,8158,8109,8114,8012,8102,8166,8095,21.534523248672485,sil,False
96,8170,8175,8170,8149,8130,8199,8131,8158,8109,8114,8012,8102,8166,8095,21.535536527633667,sil,False
97,8156,8152,8153,8151,8148,8190,8149,8163,8048,8139,8027,8076,8159,8087,21.54198622703552,sil,False
98,8192,8175,8162,8179,8162,8205,8162,8185,8152,8158,8034,8119,8167,8111,21.55001711845398,sil,False
99,8170,8162,8164,8168,8161,8197,8160,8184,8149,8160,8044,8111,8167,8108,21.558062076568604,sil,False
100,8151,8153,8164,8159,8167,8180,8155,8166,8068,8150,8034,8082,8157,8091,21.56608510017395,sil,False
101,8167,8182,8173,8168,8159,8176,8143,8174,8157,8133,8015,8122,8163,8089,21.57409143447876,sil,False
102,8168,8161,8161,8165,8172,8183,8161,8184,8096,8170,8054,8098,8169,8100,21.581987380981445,sil,False
103,8188,8180,8184,8186,8168,8194,8159,8191,8168,8173,8065,8127,8175,8118,21.589985847473145,sil,False
104,8183,8171,8184,8176,8164,8181,8157,8178,8163,8152,8039,8120,8162,8101,21.59797239303589,sil,False
105,8184,8155,8168,8160,8177,8169,8159,8164,8070,8151,8042,8094,8161,8101,21.604986667633057,sil,False
106,8179,8177,8172,8168,8167,8168,8141,8172,8157,8134,8037,8136,8173,8106,21.61298370361328,sil,False
107,8162,8151,8159,8159,8173,8168,8157,8177,8080,8154,8035,8097,8163,8103,21.62101006507873,sil,False
108,8188,8174,8185,8173,8165,8178,8164,8192,8142,8163,8044,8124,8174,8131,21.62900996208191,sil,False
109,8179,8181,8191,8180,8162,8182,8166,8205,8201,8166,8057,8142,8179,8127,21.636950492858887,sil,False
110,8176,8160,8175,8176,8184,8195,8175,8199,8125,8185,8055,8115,8167,8125,21.64498710632324,sil,False
111,8177,8173,8183,8176,8171,8189,8142,8178,8184,8155,8027,8146,8165,8124,21.65298771858216,sil,False
112,8150,8149,8162,8160,8177,8163,8133,8154,8077,8144,8031,8107,8152,8094,21.66102933883667,sil,False
113,8176,8170,8170,8169,8181,8164,8144,8168,8108,8145,8038,8128,8162,8102,21.668043851852417,sil,False
114,8162,8174,8170,8161,8164,8161,8145,8176,8157,8140,8028,8136,8167,8093,21.676044940948486,sil,False
115,8146,8150,8140,8154,8169,8155,8150,8163,8038,8144,8012,8086,8148,8075,21.683985948562626,sil,False
116,8172,8174,8153,8158,8167,8159,8145,8166,8120,8123,7995,8130,8158,8089,21.69198608398437,sil,False
117,8144,8150,8153,8144,8179,8159,8154,8166,8074,8133,8020,8114,8164,8089,21.69997358322144,sil,False
118,8150,8159,8156,8160,8177,8166,8150,8172,8079,8141,8024,8120,8166,8096,21.70797801017761,sil,False
119,8149,8164,8150,8154,8158,8162,8143,8180,8136,8132,8004,8133,8164,8088,21.71598148345948,sil,False
120,8131,8135,8134,8141,8168,8162,8157,8183,8048,8151,8017,8093,8159,8086,21.7240002155304,sil,False
121,8147,8162,8148,8154,8163,8169,8150,8187,8135,8142,8010,8132,8171,8099,21.731999397277832,sil,False
122,8136,8145,8135,8134,8169,8157,8149,8166,8065,8143,8015,8115,8162,8087,21.73951292037964,sil,False
123,8153,8161,8149,8150,8180,8158,8147,8170,8059,8150,8035,8127,8163,8098,21.74673533439636,sil,False
124,8168,8188,8176,8173,8174,8160,8148,8192,8166,8150,8032,8158,8171,8114,21.7547504901886,sil,False
125,8162,8154,8162,8160,8182,8161,8170,8185,8076,8171,8040,8117,8161,8118,21.762680053710938,sil,False
126,8175,8170,8167,8167,8173,8167,8158,8189,8147,8156,8047,8154,8167,8120,21.770987272262573,sil,False
127,8167,8164,8157,8162,8181,8161,8160,8185,8122,8160,8053,8138,8167,8111,21.779162168502808,sil,False
240,8174,8169,8167,8164,8199,8169,8170,8175,8106,8175,8052,8134,8172,8132,21.78694558143616,sil,False
0,8156,8184,8177,8172,8188,8177,8155,8184,8205,8172,8054,8161,8176,8129,21.79496192932129,sil,False
1,8144,8161,8150,8170,8191,8170,8161,8192,8122,8196,8052,8119,8158,8107,21.80196213722229,sil,False
2,8167,8180,8158,8170,8183,8161,8152,8191,8177,8177,8019,8157,8164,8116,21.80998635292053,sil,False
3,8133,8161,8153,8147,8177,8154,8151,8182,8142,8157,8026,8150,8165,8105,21.818012714385983,sil,False
4,8135,8160,8150,8156,8170,8161,8159,8186,8110,8160,8042,8130,8161,8101,21.826027631759644,sil,False
5,8162,8177,8161,8162,8148,8148,8149,8186,8191,8144,8020,8161,8170,8105,21.83435559272766,sil,False
6,8141,8143,8149,8137,8174,8135,8155,8170,8070,8154,8029,8127,8162,8104,21.842386722564697,sil,False
7,8138,8169,8159,8153,8183,8154,8144,8181,8135,8154,8032,8156,8163,8104,21.84934115409851,sil,False
7,8138,8169,8159,8153,8183,8154,8144,8181,8135,8154,8032,8156,8163,8104,21.850340843200684,sil,False
8,8131,8170,8150,8160,8175,8162,8145,8185,8164,8164,8025,8151,8165,8084,21.8583402633667,sil,False
9,8154,8164,8155,8159,8187,8171,8156,8178,8110,8170,8038,8143,8169,8103,21.86598563194275,sil,False
10,8169,8191,8182,8167,8186,8185,8148,8182,8198,8150,8043,8187,8172,8126,21.873131275177,sil,False
11,8160,8165,8169,8164,8192,8190,8167,8178,8127,8181,8059,8144,8163,8119,21.881131172180176,sil,False
12,8185,8184,8180,8172,8182,8196,8169,8184,8191,8185,8059,8167,8170,8138,21.888986110687256,sil,False
13,8163,8183,8169,8164,8175,8194,8169,8192,8202,8168,8051,8170,8161,8137,21.89716148376465,sil,False
14,8157,8163,8150,8167,8184,8202,8185,8201,8122,8179,8052,8143,8156,8137,21.905161380767822,sil,False
15,8170,8188,8169,8175,8170,8204,8173,8205,8231,8168,8051,8187,8176,8141,21.913161277771,sil,False
16,8153,8168,8155,8162,8179,8198,8177,8182,8154,8179,8056,8151,8165,8120,21.921164751052856,sil,False
17,8171,8178,8153,8170,8174,8208,8169,8170,8165,8172,8041,8170,8165,8128,21.928985834121704,sil,False
18,8152,8173,8155,8159,8164,8207,8153,8170,8205,8160,8050,8189,8169,8126,21.93626070022583,sil,False
19,8140,8155,8150,8154,8174,8206,8166,8176,8147,8183,8075,8162,8163,8119,21.94426727294922,sil,False
20,8157,8181,8156,8172,8162,8217,8172,8185,8245,8170,8054,8195,8169,8120,21.95226740837097,sil,False
21,8128,8155,8136,8156,8167,8224,8178,8172,8157,8164,8051,8149,8156,8106,21.959980249404907,sil,False
22,8146,8167,8149,8160,8169,8228,8172,8170,8165,8166,8057,8160,8160,8114,21.967987060546875,sil,False
23,8173,8175,8163,8167,8159,8220,8173,8172,8226,8167,8050,8192,8168,8117,21.976003408432007,sil,False
24,8171,8157,8158,8160,8173,8216,8178,8157,8129,8170,8054,8155,8160,8118,21.98400855064392,sil,False
25,8156,8180,8167,8155,8160,8213,8140,8151,8194,8136,8045,8179,8167,8109,21.9919867515564,sil,False
26,8125,8151,8140,8139,8145,8198,8137,8150,8122,8143,8046,8155,8162,8081,21.998965740203857,sil,False
27,8152,8160,8137,8159,8141,8200,8158,8159,8125,8160,8043,8171,8163,8096,22.006887197494507,sil,False
28,8142,8176,8146,8161,8147,8196,8156,8157,8189,8152,8038,8189,8165,8097,22.01493692398072,sil,False
29,8116,8154,8142,8153,8171,8194,8154,8150,8085,8161,8052,8145,8157,8082,22.023029804229736,sil,False
30,8147,8178,8161,8171,8152,8200,8144,8159,8174,8146,8031,8184,8164,8085,22.0310697555542,sil,False
31,8136,8156,8136,8153,8142,8188,8156,8144,8130,8146,8021,8158,8157,8067,22.03865146636963,sil,False
32,8129,8162,8121,8150,8150,8184,8154,8139,8098,8136,8022,8151,8155,8063,22.046950101852417,sil,False
33,8125,8170,8123,8146,8139,8175,8140,8151,8152,8118,8010,8179,8162,8057,22.05498766899109,sil,False
33,8125,8170,8123,8146,8139,8175,8140,8151,8152,8118,8010,8179,8162,8057,22.05547046661377,sil,False
34,8113,8137,8111,8123,8153,8170,8156,8147,8052,8147,8032,8149,8163,8056,22.06198716163636,sil,False
35,8131,8175,8135,8145,8149,8181,8142,8156,8160,8148,8043,8191,8174,8072,22.069822788238525,sil,False
36,8127,8169,8134,8148,8137,8171,8140,8155,8145,8141,8038,8177,8164,8067,22.07781457901001,sil,False
37,8135,8154,8131,8137,8132,8163,8142,8148,8077,8132,8035,8170,8157,8075,22.085817337036133,sil,False
38,8126,8162,8132,8128,8119,8163,8121,8146,8140,8118,8036,8195,8165,8070,22.09398722648621,sil,False
39,8114,8136,8113,8120,8136,8161,8125,8137,8046,8144,8044,8147,8157,8058,22.10198736190796,sil,False
40,8138,8163,8140,8142,8138,8169,8126,8143,8121,8141,8031,8189,8165,8082,22.10998606681824,sil,False
41,8123,8157,8142,8144,8138,8183,8135,8142,8117,8141,8029,8184,8161,8077,22.11756086349488,sil,False
41,8123,8157,8142,8144,8138,8183,8135,8142,8117,8141,8029,8184,8161,8077,22.11855459213257,sil,False
42,8133,8153,8126,8138,8142,8204,8142,8138,8068,8146,8032,8160,8156,8072,22.126561641693115,sil,False
43,8127,8171,8128,8132,8119,8193,8122,8144,8157,8119,8016,8191,8164,8066,22.132986783981323,sil,False
43,8127,8171,8128,8132,8119,8193,8122,8144,8157,8119,8016,8191,8164,8066,22.13356757164001,sil,False
44,8098,8143,8108,8124,8120,8171,8122,8135,8049,8126,8018,8150,8156,8049,22.14102959632873,sil,False
45,8125,8165,8122,8141,8122,8183,8111,8131,8085,8125,8021,8178,8164,8060,22.1491219997406,sil,False
46,8110,8162,8132,8136,8134,8197,8112,8134,8092,8122,8040,8179,8164,8056,22.15712022781372,sil,False
46,8110,8162,8132,8136,8134,8197,8112,8134,8092,8122,8040,8179,8164,8056,22.158122062683105,sil,False
47,8116,8154,8129,8146,8143,8211,8133,8141,8039,8129,8049,8157,8155,8059,22.164987802505493,sil,False
48,8131,8165,8131,8150,8123,8224,8124,8142,8130,8103,8029,8192,8164,8058,22.17323327064514,sil,False
49,8100,8126,8116,8125,8132,8234,8129,8139,8058,8125,8046,8156,8165,8046,22.18123483657837,sil,False
50,8120,8154,8133,8148,8126,8245,8135,8154,8137,8147,8054,8185,8167,8066,22.18823909759521,sil,False
51,8113,8161,8125,8148,8112,8234,8129,8149,8153,8131,8037,8185,8156,8059,22.19627857208252,sil,False
52,8102,8138,8105,8136,8125,8233,8122,8128,8032,8120,8027,8145,8151,8050,22.20384931564331,sil,False
53,8115,8163,8118,8147,8116,8237,8109,8123,8108,8097,8018,8187,8165,8056,22.21183705329895,sil,False
54,8101,8144,8101,8136,8126,8236,8124,8116,8028,8099,8038,8161,8157,8048,22.219988107681274,sil,False
55,8117,8158,8108,8143,8133,8255,8121,8128,8050,8094,8038,8182,8157,8059,22.227988958358765,sil,False
56,8109,8158,8114,8133,8123,8263,8113,8134,8089,8100,8032,8199,8160,8058,22.23551082611084,sil,False
57,8101,8136,8110,8127,8135,8262,8124,8133,8026,8130,8052,8173,8161,8065,22.24351000785828,sil,False
58,8122,8155,8121,8145,8133,8268,8116,8148,8160,8120,8045,8211,8175,8080,22.25233745574951,sil,False
59,8106,8122,8092,8133,8129,8269,8126,8141,8100,8126,8038,8173,8164,8067,22.25898051261902,sil,False
60,8109,8140,8105,8145,8118,8283,8127,8140,8097,8120,8039,8186,8160,8068,22.26700735092163,sil,False
61,8118,8169,8130,8161,8116,8281,8127,8149,8157,8108,8037,8209,8162,8069,22.27499961853028,sil,False
62,8133,8151,8122,8159,8147,8274,8153,8139,8060,8118,8045,8166,8157,8083,22.282986640930176,sil,False
63,8137,8171,8133,8161,8145,8278,8137,8137,8139,8094,8042,8197,8166,8085,22.29098629951477,sil,False
64,8103,8149,8116,8153,8143,8280,8125,8134,8090,8108,8046,8162,8154,8047,22.29859709739685,sil,False
64,8103,8149,8116,8153,8143,8280,8125,8134,8090,8108,8046,8162,8154,8047,22.299593210220337,sil,False
65,8123,8152,8111,8158,8145,8288,8126,8136,8086,8127,8035,8161,8155,8052,22.307592391967773,sil,False
66,8116,8159,8116,8146,8140,8289,8126,8135,8157,8108,8029,8190,8165,8059,22.3146390914917,sil,False
66,8116,8159,8116,8146,8140,8289,8126,8135,8157,8108,8029,8190,8165,8059,22.315635442733765,sil,False
67,8102,8140,8105,8145,8150,8295,8146,8133,8082,8130,8049,8159,8157,8053,22.32298755645752,sil,False
68,8135,8171,8125,8165,8136,8300,8141,8144,8184,8138,8044,8205,8169,8077,22.33030939102173,sil,False
69,8115,8152,8124,8144,8145,8291,8143,8139,8148,8137,8047,8183,8170,8079,22.338440656661987,sil,False
70,8120,8153,8126,8148,8161,8304,8146,8146,8128,8137,8050,8172,8166,8078,22.34544253349304,sil,False
70,8120,8153,8126,8148,8161,8304,8146,8146,8128,8137,8050,8172,8166,8078,22.346438884735107,sil,False
71,8136,8168,8136,8159,8148,8314,8139,8150,8213,8127,8046,8200,8167,8068,22.3539879322052,sil,False
72,8125,8139,8124,8142,8157,8307,8145,8128,8103,8133,8060,8159,8153,8055,22.36199712753296,sil,False
73,8143,8164,8140,8148,8149,8305,8132,8131,8160,8111,8038,8192,8158,8063,22.36998081207276,sil,False
74,8128,8153,8138,8140,8150,8301,8140,8141,8137,8115,8036,8180,8160,8060,22.37799501419068,sil,False
75,8134,8146,8139,8138,8166,8299,8149,8139,8103,8131,8059,8174,8162,8074,22.38599300384521,sil,False
76,8131,8156,8137,8136,8146,8284,8134,8134,8174,8113,8048,8207,8165,8074,22.39324378967285,sil,False
77,8109,8129,8112,8120,8136,8274,8144,8134,8064,8128,8047,8166,8157,8067,22.40125703811645,sil,False
78,8132,8159,8135,8134,8129,8287,8139,8150,8147,8131,8044,8197,8171,8085,22.409255981445312,sil,False
79,8117,8150,8128,8129,8138,8286,8138,8137,8138,8131,8039,8187,8166,8061,22.41695094108581,sil,False
80,8119,8140,8114,8129,8154,8288,8151,8128,8069,8142,8051,8172,8154,8062,22.425262212753296,sil,False
81,8138,8166,8135,8136,8149,8286,8142,8144,8189,8144,8050,8219,8164,8084,22.43298649787903,sil,False
82,8124,8141,8124,8126,8165,8276,8144,8138,8104,8163,8053,8177,8159,8070,22.441267490386963,sil,False
83,8136,8168,8136,8148,8162,8282,8139,8141,8146,8147,8053,8198,8161,8066,22.448945999145508,sil,False
84,8139,8167,8142,8150,8154,8275,8142,8148,8178,8144,8059,8202,8158,8068,22.45693826675415,sil,False
85,8155,8152,8139,8146,8169,8271,8147,8143,8117,8160,8060,8181,8160,8087,22.463937520980835,sil,False
86,8153,8184,8145,8157,8170,8278,8138,8149,8205,8140,8048,8217,8173,8098,22.471937894821167,sil,False
87,8123,8161,8128,8148,8184,8278,8166,8151,8132,8160,8071,8181,8161,8092,22.47993803024292,sil,False
88,8141,8167,8147,8158,8185,8279,8166,8152,8173,8163,8078,8206,8164,8103,22.48793888092041,sil,False
89,8133,8160,8150,8151,8169,8269,8146,8141,8176,8141,8062,8207,8163,8088,22.49593997001648,sil,False
90,8134,8141,8133,8134,8160,8268,8142,8128,8070,8138,8051,8171,8157,8087,22.5039381980896,sil,False
91,8154,8166,8148,8137,8145,8268,8128,8136,8173,8125,8041,8214,8172,8097,22.511938095092773,sil,False
92,8137,8148,8139,8136,8168,8255,8146,8144,8116,8146,8051,8176,8163,8075,22.519941806793213,sil,False
93,8150,8167,8153,8151,8178,8251,8151,8152,8132,8145,8042,8186,8161,8072,22.52694129943848,sil,False
94,8139,8169,8166,8142,8171,8239,8133,8151,8177,8136,8047,8205,8167,8075,22.5344455242157,sil,False
95,8143,8155,8162,8140,8181,8228,8141,8154,8112,8172,8072,8180,8169,8096,22.5430166721344,sil,False
96,8181,8190,8187,8160,8160,8221,8150,8168,8229,8170,8066,8221,8178,8125,22.551205158233643,sil,False
97,8164,8163,8180,8144,8164,8218,8168,8160,8175,8167,8074,8185,8162,8114,22.559206247329712,sil,False
98,8153,8167,8172,8141,8174,8231,8157,8153,8165,8153,8066,8185,8157,8108,22.56694960594177,sil,False
99,8125,8176,8164,8134,8160,8221,8133,8150,8195,8132,8050,8206,8161,8090,22.5753231048584,sil,False
100,8131,8159,8162,8136,8176,8221,8156,8154,8107,8157,8070,8175,8157,8087,22.583330869674683,sil,False
101,8172,8193,8191,8161,8175,8241,8166,8167,8223,8149,8065,8218,8167,8109,22.5913314819336,sil,False
102,8136,8171,8178,8145,8172,8240,8166,8150,8167,8136,8058,8190,8159,8100,22.598084449768063,sil,False
103,8122,8164,8173,8148,8166,8237,8156,8147,8139,8120,8057,8182,8157,8102,22.606123685836792,sil,False
104,8127,8169,8165,8148,8142,8224,8135,8150,8204,8103,8041,8200,8160,8091,22.61398148536682,sil,False
105,8123,8143,8140,8123,8134,8213,8138,8130,8090,8125,8042,8164,8157,8080,22.62198090553284,sil,False
106,8130,8177,8165,8133,8125,8222,8132,8137,8184,8130,8050,8213,8174,8104,22.62979769706726,sil,False
107,8111,8167,8159,8143,8145,8222,8147,8158,8200,8154,8072,8195,8170,8110,22.63832426071167,sil,False
108,8133,8164,8150,8150,8160,8217,8160,8159,8182,8163,8077,8178,8165,8121,22.64598035812378,sil,False
109,8134,8179,8163,8140,8142,8212,8147,8151,8237,8136,8065,8205,8172,8118,22.6523494720459,sil,False
109,8134,8179,8163,8140,8142,8212,8147,8151,8237,8136,8065,8205,8172,8118,22.65334224700928,sil,False
110,8126,8159,8155,8136,8155,8224,8163,8153,8145,8163,8081,8169,8162,8108,22.66134452819824,sil,False
111,8163,8187,8170,8165,8153,8236,8162,8164,8238,8167,8079,8203,8165,8113,22.669363260269165,sil,False
112,8147,8174,8168,8157,8151,8213,8154,8153,8210,8155,8083,8186,8166,8099,22.67695021629333,sil,False
113,8165,8173,8173,8166,8172,8200,8163,8157,8168,8172,8096,8176,8171,8122,22.68498730659485,sil,False
114,8186,8190,8186,8177,8166,8203,8165,8176,8286,8178,8087,8213,8173,8138,22.69264554977417,sil,False
115,8149,8153,8163,8152,8162,8199,8178,8163,8186,8183,8085,8169,8158,8118,22.700660228729248,sil,False
116,8155,8177,8175,8160,8150,8202,8170,8163,8235,8167,8078,8207,8170,8123,22.70865249633789,sil,False
117,8148,8176,8183,8165,8160,8198,8170,8168,8249,8170,8079,8207,8169,8118,22.71666049957276,sil,False
118,8162,8178,8189,8177,8177,8201,8179,8165,8195,8184,8079,8178,8158,8117,22.72357439994812,sil,False
118,8162,8178,8189,8177,8177,8201,8179,8165,8195,8184,8079,8178,8158,8117,22.724576473236084,sil,False
119,8175,8200,8193,8182,8162,8198,8164,8157,8273,8164,8061,8208,8164,8108,22.73198699951172,sil,False
120,8141,8156,8163,8154,8168,8189,8158,8134,8153,8156,8059,8166,8154,8084,22.73954129219055,sil,False
121,8155,8174,8178,8161,8160,8204,8144,8142,8178,8139,8043,8187,8159,8086,22.74755048751831,sil,False
122,8157,8184,8184,8166,8153,8206,8149,8151,8202,8150,8048,8187,8159,8075,22.75574541091919,sil,False
123,8152,8166,8167,8164,8162,8201,8163,8149,8140,8168,8068,8164,8154,8083,22.76378631591797,sil,False
124,8155,8180,8172,8162,8145,8197,8146,8150,8218,8135,8046,8206,8163,8095,22.77194619178772,sil,False
125,8134,8159,8157,8140,8147,8193,8151,8140,8108,8142,8043,8170,8154,8072,22.780331134796143,sil,False
126,8142,8176,8179,8153,8154,8194,8146,8146,8149,8147,8051,8185,8160,8066,22.78633141517639,sil,False
126,8142,8176,8179,8153,8154,8194,8146,8146,8149,8147,8051,8185,8160,8066,22.787331342697144,sil,False
127,8138,8172,8191,8159,8155,8186,8143,8151,8207,8142,8053,8190,8166,8068,22.795330286026,sil,False
240,8138,8157,8179,8153,8172,8200,8158,8148,8126,8159,8063,8163,8163,8083,22.80298638343811,sil,False
0,8143,8184,8200,8156,8162,8218,8150,8161,8236,8149,8061,8212,8169,8095,22.81098675727844,sil,False
1,8139,8153,8192,8142,8158,8211,8162,8162,8177,8158,8062,8176,8154,8076,22.818986892700195,yes,True
2,8176,8168,8193,8156,8155,8210,8160,8156,8169,8143,8047,8177,8150,8075,22.827464818954468,yes,True
3,8159,8186,8199,8163,8162,8211,8144,8147,8199,8120,8048,8194,8159,8064,22.83476567268372,yes,True
3,8159,8186,8199,8163,8162,8211,8144,8147,8199,8120,8048,8194,8159,8064,22.83577799797058,yes,True
4,8149,8165,8196,8165,8190,8209,8153,8144,8120,8145,8068,8167,8163,8066,22.843250274658203,yes,True
5,8187,8188,8212,8180,8175,8205,8142,8146,8218,8144,8048,8210,8167,8086,22.850250244140625,yes,True
6,8162,8167,8191,8162,8174,8195,8144,8138,8155,8146,8060,8178,8159,8085,22.85825252532959,yes,True
7,8155,8172,8190,8159,8176,8192,8145,8149,8161,8148,8091,8182,8173,8110,22.865981817245483,yes,True
8,8154,8174,8188,8154,8151,8176,8140,8151,8220,8148,8087,8203,8177,8109,22.87370276451111,yes,True
9,8133,8148,8166,8145,8159,8170,8154,8135,8105,8165,8082,8157,8157,8079,22.88169527053833,yes,True
10,8134,8176,8174,8157,8159,8182,8144,8141,8177,8137,8060,8186,8156,8064,22.889716386795044,yes,True
11,8123,8156,8158,8139,8156,8177,8139,8135,8108,8113,8044,8159,8151,8045,22.897765159606934,yes,True
12,8140,8161,8166,8146,8159,8177,8138,8136,8075,8113,8042,8166,8160,8060,22.905986785888672,yes,True
13,8147,8176,8187,8164,8163,8174,8138,8151,8181,8131,8050,8201,8172,8073,22.913987398147583,yes,True
14,8143,8139,8172,8155,8171,8167,8147,8142,8102,8161,8067,8159,8160,8075,22.92102670669556,yes,True
15,8142,8153,8173,8149,8137,8155,8111,8130,8137,8119,8047,8191,8166,8075,22.929022789001465,yes,True
16,8107,8135,8153,8120,8118,8134,8099,8118,8060,8097,8037,8167,8156,8047,22.9365291595459,yes,True
17,8119,8130,8154,8120,8123,8143,8108,8113,8003,8105,8035,8154,8145,8043,22.94452810287476,yes,True
18,8104,8141,8162,8125,8104,8143,8080,8111,8047,8067,8003,8186,8148,8027,22.95252823829651,yes,True
19,8062,8104,8122,8094,8097,8111,8065,8094,7894,8050,7986,8137,8139,8002,22.96126961708069,yes,True
20,8073,8118,8106,8079,8077,8094,8043,8085,7934,8030,7971,8163,8149,8007,22.96934032440185,yes,True
21,8039,8098,8078,8059,8064,8088,8029,8080,7911,8032,7963,8153,8150,7988,22.97634696960449,yes,True
22,8028,8082,8050,8058,8058,8091,8034,8083,7850,8049,7960,8139,8150,7988,22.983353853225708,yes,True
22,8028,8082,8050,8058,8058,8091,8034,8083,7850,8049,7960,8139,8150,7988,22.98434591293335,yes,True
23,8033,8094,8041,8055,8032,8089,8021,8087,7917,8028,7956,8172,8159,7988,22.9919867515564,yes,True
24,8012,8068,8019,8034,8038,8086,8017,8074,7781,8028,7969,8128,8142,7963,22.99998593330384,yes,True
25,8038,8098,8040,8044,8041,8090,8010,8075,7830,8020,7959,8160,8147,7974,23.00834631919861,yes,True
26,8019,8087,8028,8021,8030,8075,8002,8056,7837,8000,7945,8152,8150,7967,23.015981912612915,yes,True
27,7982,8061,8000,8007,8020,8068,7984,8038,7726,7978,7936,8119,8137,7946,23.023982763290405,yes,True
28,7986,8086,8018,8027,7999,8068,7971,8061,7812,7971,7928,8164,8145,7940,23.031991958618164,yes,True
29,7990,8068,8027,8015,8005,8066,7995,8065,7765,8011,7948,8136,8149,7938,23.03998708724976,yes,True
30,7999,8084,8053,8021,7992,8068,7976,8051,7780,7984,7937,8153,8151,7939,23.047986268997192,yes,True
31,7973,8079,8049,8023,7981,8051,7953,8040,7750,7954,7921,8145,8141,7910,23.05500650405884,yes,True
32,7972,8060,8013,8010,7993,8043,7968,8038,7676,7979,7929,8113,8136,7903,23.06300663948059,yes,True
33,7974,8079,7997,7999,7969,8044,7958,8047,7784,7960,7913,8156,8149,7911,23.07090950012207,yes,True
34,7943,8054,7975,7991,7960,8036,7961,8046,7699,7953,7901,8115,8140,7899,23.07891702651977,yes,True
35,7955,8069,7981,8003,7958,8035,7955,8047,7710,7945,7893,8120,8141,7897,23.08694958686829,yes,True
36,7938,8069,7976,7989,7941,8021,7939,8042,7740,7929,7899,8134,8147,7882,23.095101833343502,yes,True
37,7939,8058,7973,7990,7947,8015,7946,8035,7661,7950,7913,8108,8149,7897,23.10298585891724,yes,True
38,7966,8096,8001,8006,7949,8020,7934,8041,7772,7951,7906,8150,8157,7923,23.11098551750183,yes,True
39,7939,8069,7994,7994,7964,8017,7936,8037,7715,7954,7923,8122,8142,7900,23.11800479888916,yes,True
40,7969,8087,8018,8019,7972,8032,7938,8041,7734,7955,7929,8132,8144,7904,23.126001119613647,yes,True
41,7978,8106,8035,8024,7976,8041,7935,8043,7799,7953,7913,8141,8153,7906,23.13400387763977,yes,True
42,7959,8075,8009,8003,7993,8042,7952,8042,7709,7969,7911,8104,8146,7901,23.141987323760983,yes,True
43,7982,8096,8015,8010,7976,8045,7955,8055,7805,7957,7899,8148,8153,7917,23.149986028671265,yes,True
44,7965,8078,8007,7999,7976,8045,7958,8048,7761,7966,7910,8119,8151,7916,23.15800142288208,yes,True
45,7967,8081,8008,8004,7972,8045,7947,8047,7749,7968,7913,8117,8151,7917,23.16600751876831,yes,True
46,7962,8091,8003,8000,7953,8030,7924,8042,7783,7939,7898,8140,8147,7899,23.173986673355103,yes,True
47,7949,8073,7988,7989,7975,8030,7934,8029,7671,7951,7913,8106,8136,7894,23.181325435638428,yes,True
48,7964,8101,8002,8005,7970,8044,7934,8040,7781,7947,7915,8145,8150,7914,23.1883327960968,yes,True
48,7964,8101,8002,8005,7970,8044,7934,8040,7781,7947,7915,8145,8150,7914,23.18932604789734,yes,True
49,7936,8075,7981,7993,7966,8035,7939,8030,7740,7941,7913,8117,8142,7887,23.196951389312744,sil,False
50,7942,8079,7988,8003,7978,8041,7942,8027,7708,7948,7913,8113,8145,7874,23.204986572265625,sil,False
51,7947,8102,8005,8009,7979,8049,7938,8042,7808,7958,7909,8145,8155,7880,23.21298694610596,sil,False
52,7922,8067,7965,7983,7985,8042,7952,8037,7701,7967,7925,8100,8141,7880,23.221102237701416,sil,False
53,7936,8083,7962,7989,7960,8039,7936,8033,7745,7932,7921,8131,8148,7883,23.229105472564697,sil,False
54,7933,8079,7971,7988,7950,8035,7938,8027,7727,7940,7923,8122,8157,7881,23.237111568450928,sil,False
55,7943,8087,7986,7996,7966,8044,7949,8033,7718,7969,7952,8122,8164,7907,23.245201110839844,sil,False
56,7951,8112,7995,8007,7962,8044,7940,8046,7833,7964,7968,8157,8161,7913,23.25220036506653,sil,False
57,7952,8083,7982,7991,7971,8031,7956,8045,7742,7984,7973,8108,8147,7905,23.2602014541626,sil,False
58,7970,8099,8008,7995,7967,8033,7954,8046,7794,7965,7955,8139,8159,7924,23.267986297607425,sil,False
59,7952,8090,7995,7994,7960,8022,7954,8036,7772,7953,7946,8125,8150,7903,23.27618837356568,sil,False
60,7956,8080,7965,7999,7961,8026,7960,8032,7692,7963,7939,8095,8138,7891,23.284188270568848,sil,False
61,7941,8095,7971,7998,7952,8039,7948,8040,7768,7931,7931,8133,8149,7885,23.292201280593872,sil,False
62,7927,8078,7962,7991,7971,8038,7968,8036,7687,7933,7945,8098,8145,7875,23.298985958099365,sil,False
63,7985,8115,7973,8014,7976,8037,7973,8038,7762,7945,7937,8123,8152,7900,23.30798649787903,sil,False
64,7964,8103,7965,7994,7968,8037,7962,8036,7797,7957,7946,8128,8158,7902,23.31501197814941,sil,False
65,7946,8081,7957,7979,7970,8041,7970,8042,7756,7980,7973,8108,8159,7905,23.32302474975586,sil,False
66,7984,8111,7970,8001,7962,8030,7968,8054,7871,7980,7964,8146,8163,7916,23.3309862613678,sil,False
67,7974,8092,7957,7999,7981,8023,7969,8040,7781,7986,7974,8111,8148,7910,23.33898615837097,sil,False
68,7986,8119,7984,8016,7979,8041,7958,8041,7820,7965,7988,8143,8156,7922,23.34695029258728,sil,False
69,8006,8125,7995,8024,7979,8042,7972,8055,7874,7971,7991,8152,8163,7930,23.3549439907074,sil,False
70,8017,8106,7979,8025,8012,8038,7998,8063,7812,8003,8001,8115,8149,7941,23.3629367351532,sil,False
71,8014,8132,7988,8031,7997,8042,7982,8069,7915,7984,7990,8150,8150,7941,23.371102571487427,sil,False
72,7990,8108,7968,8013,7985,8048,7991,8055,7833,7990,7987,8117,8148,7923,23.377286672592163,sil,False
72,7990,8108,7968,8013,7985,8048,7991,8055,7833,7990,7987,8117,8148,7923,23.378286600112915,sil,False
73,7995,8116,7963,8019,7989,8060,7989,8050,7832,7989,7983,8127,8153,7929,23.38628625869751,sil,False
74,7981,8119,7959,8016,7982,8054,7972,8046,7862,7974,7971,8133,8151,7916,23.39398670196533,sil,False
75,7994,8102,7957,8010,7984,8057,7982,8037,7775,7989,7975,8105,8144,7915,23.401986837387085,sil,False
76,8007,8129,7980,8017,7969,8072,7971,8040,7865,7976,7968,8150,8155,7923,23.40998673439026,sil,False
76,8007,8129,7980,8017,7969,8072,7971,8040,7865,7976,7968,8150,8155,7923,23.41034173965454,sil,False
77,7977,8109,7966,8019,7976,8076,7982,8042,7806,7988,7971,8114,8147,7908,23.418354511260983,sil,False
78,8017,8127,7984,8045,7984,8088,8003,8060,7848,8008,7979,8125,8152,7932,23.42536163330078,sil,False
79,8024,8136,8007,8043,7985,8090,8004,8073,7949,8011,7998,8154,8163,7943,23.43254518508911,sil,False
80,8005,8110,7997,8036,7994,8093,8008,8061,7865,8030,8012,8120,8152,7943,23.44106101989746,sil,False
81,8031,8141,8011,8055,7981,8100,8002,8064,7947,8016,7992,8165,8157,7966,23.44898676872253,sil,False
82,8015,8123,8006,8040,8005,8093,8015,8073,7913,8027,8006,8144,8155,7964,23.45713472366333,sil,False
83,8022,8123,8005,8043,8027,8088,8020,8079,7919,8044,8007,8135,8161,7961,23.46512794494629,sil,False
84,8019,8133,7997,8037,8003,8069,8007,8071,7970,8025,7981,8146,8164,7951,23.473140001297,sil,False
85,8001,8107,7981,8021,8003,8058,8017,8062,7848,8034,8000,8108,8153,7951,23.481022834777832,sil,False
86,8024,8134,8005,8037,7998,8070,8013,8076,7938,8031,7995,8160,8159,7967,23.48903727531433,sil,False
87,8010,8114,7993,8023,7995,8069,8020,8070,7913,8034,7986,8143,8152,7949,23.49703574180603,sil,False
88,8014,8104,7986,8018,7999,8064,8022,8067,7876,8033,7989,8120,8149,7949,23.50398731231689,sil,False
89,8025,8121,8004,8026,7993,8059,8009,8068,7951,8015,7966,8146,8152,7953,23.511987447738647,sil,False
90,8017,8104,7999,8022,8000,8047,8020,8059,7849,8032,7965,8115,8144,7951,23.51970362663269,sil,False
91,8036,8129,8014,8043,7996,8052,8016,8075,7942,8034,7983,8151,8157,7972,23.5277202129364,sil,False
92,8028,8113,8008,8043,8015,8066,8026,8079,7963,8049,8007,8139,8156,7978,23.53594017028809,sil,False
92,8028,8113,8008,8043,8015,8066,8026,8079,7963,8049,8007,8139,8156,7978,23.53693509101868,sil,False
93,8035,8118,8010,8041,8031,8077,8037,8074,7929,8060,8014,8128,8156,7987,23.54393148422241,sil,False
94,8041,8149,8028,8044,8014,8064,8026,8084,8023,8041,8001,8158,8169,7989,23.551931381225582,sil,False
95,8029,8117,8008,8038,8031,8061,8043,8084,7936,8052,8001,8113,8157,7980,23.55993175506592,sil,False
96,8038,8124,8012,8045,8029,8076,8032,8079,7974,8030,7984,8145,8153,7983,23.56793141365052,sil,False
97,8017,8112,7995,8030,8016,8053,8018,8065,7940,8018,7971,8134,8143,7958,23.574933290481567,sil,False
98,8032,8113,7992,8036,8026,8044,8035,8065,7882,8036,7969,8112,8134,7960,23.582931518554688,sil,False
99,8050,8144,8029,8047,8011,8060,8034,8080,7999,8024,7959,8164,8143,7978,23.59093117713928,sil,False
100,8029,8108,8018,8028,8012,8059,8035,8070,7896,8031,7968,8127,8145,7969,23.59893250465393,sil,False
101,8034,8124,8017,8039,8017,8066,8026,8070,7932,8025,7971,8143,8156,7982,23.60693097114563,sil,False
102,8008,8122,8012,8043,8025,8067,8034,8077,7971,8032,7981,8142,8151,7980,23.61493158340454,sil,False
103,8023,8104,8004,8048,8043,8062,8052,8075,7905,8057,7987,8115,8147,7986,23.622986793518063,sil,False
104,8055,8131,8019,8055,8030,8060,8044,8076,7996,8038,7972,8159,8159,7995,23.63098621368408,sil,False
105,8025,8109,8003,8032,8040,8065,8057,8079,7928,8048,7992,8125,8149,7984,23.637979984283447,sil,False
106,8043,8129,8014,8044,8050,8072,8056,8098,7986,8061,8002,8139,8154,7999,23.645992755889893,sil,False
107,8051,8135,8014,8051,8037,8055,8046,8090,8014,8058,7986,8141,8157,7995,23.653992414474487,sil,False
108,8051,8114,8007,8051,8035,8048,8051,8066,7902,8059,7981,8106,8144,7987,23.662018299102783,sil,False
109,8064,8138,8036,8061,8035,8056,8045,8075,7998,8038,7982,8147,8147,7993,23.66984963417053,sil,False
110,8041,8114,8030,8049,8058,8057,8060,8081,7949,8050,8005,8114,8147,7990,23.67798614501953,sil,False
111,8053,8126,8032,8071,8052,8071,8065,8093,7986,8059,8003,8126,8162,8008,23.68622183799744,sil,False
112,8058,8131,8036,8079,8035,8069,8062,8100,8049,8064,7994,8142,8166,8010,23.694223642349243,sil,False
113,8058,8111,8030,8062,8058,8069,8080,8091,7963,8088,8011,8112,8154,8017,23.70098662376404,sil,False
114,8067,8146,8049,8070,8064,8081,8071,8097,8069,8076,8003,8157,8162,8035,23.70928645133972,sil,False
115,8048,8124,8032,8064,8067,8066,8071,8093,8010,8084,7992,8122,8150,8017,23.71695065498352,sil,False
116,8060,8119,8025,8065,8062,8047,8070,8080,7962,8068,7971,8116,8141,8006,23.72497630119324,sil,False
117,8045,8130,8033,8060,8048,8044,8062,8075,7993,8032,7956,8136,8143,7987,23.73296856880188,sil,False
118,8053,8128,8040,8068,8067,8063,8083,8082,7932,8060,7981,8105,8142,7989,23.74194622039795,sil,False
119,8099,8165,8074,8096,8077,8075,8083,8099,8081,8078,7998,8159,8164,8030,23.74894642829895,sil,False
120,8071,8138,8063,8088,8089,8063,8086,8102,8074,8096,8016,8137,8164,8032,23.75694441795349,sil,False
121,8074,8135,8057,8090,8088,8061,8086,8107,8054,8103,8015,8121,8156,8036,23.76512670516968,sil,False
122,8073,8143,8053,8075,8068,8055,8074,8096,8106,8073,7989,8145,8153,8035,23.772132635116577,sil,False
123,8044,8112,8027,8051,8075,8051,8083,8078,7982,8063,7987,8103,8142,8024,23.780420303344727,sil,False
124,8065,8135,8038,8076,8063,8061,8077,8090,8050,8060,7977,8127,8151,8026,23.78743004798889,sil,False
124,8065,8135,8038,8076,8063,8061,8077,8090,8050,8060,7977,8127,8151,8026,23.788419246673584,sil,False
125,8055,8122,8034,8068,8062,8065,8077,8079,8021,8078,7980,8111,8146,8017,23.795991897583008,sil,False
126,8054,8128,8047,8065,8073,8075,8073,8072,7989,8073,7992,8114,8149,8030,23.80398988723755,sil,False
127,8086,8161,8078,8096,8068,8080,8069,8094,8103,8063,7992,8151,8161,8038,23.811989068984985,sil,False
240,8104,8141,8075,8105,8098,8079,8098,8095,8039,8100,8009,8108,8153,8041,23.81996369361877,sil,False
240,8104,8141,8075,8105,8098,8079,8098,8095,8039,8100,8009,8108,8153,8041,23.82098889350891,sil,False
0,8104,8159,8089,8101,8106,8085,8098,8100,8123,8094,8021,8144,8166,8058,23.82799434661865,sil,False
1,8077,8142,8074,8087,8093,8079,8099,8109,8136,8096,8025,8135,8170,8056,23.83557152748108,sil,False
2,8091,8131,8066,8097,8094,8082,8106,8105,8092,8113,8018,8116,8160,8069,23.8430278301239,sil,False
3,8087,8153,8087,8099,8095,8084,8089,8101,8168,8087,8018,8151,8160,8075,23.850989818573,sil,False
4,8069,8129,8081,8085,8107,8078,8105,8096,8075,8098,8039,8113,8155,8072,23.85898780822754,sil,False
5,8105,8149,8088,8099,8093,8079,8107,8101,8136,8091,8022,8142,8160,8088,23.86687421798706,sil,False
6,8080,8139,8071,8086,8095,8067,8093,8095,8136,8069,8012,8139,8150,8068,23.87499189376831,sil,False
7,8071,8130,8057,8088,8117,8070,8091,8089,8070,8078,8025,8110,8140,8054,23.882962942123413,sil,False
8,8092,8156,8074,8103,8096,8083,8089,8089,8161,8074,8009,8143,8146,8053,23.89096617698669,sil,False
9,8077,8126,8071,8086,8089,8084,8109,8090,8078,8082,8020,8111,8143,8046,23.89900016784668,sil,False
10,8098,8139,8083,8089,8084,8086,8108,8111,8145,8078,8034,8138,8163,8068,23.905991315841675,sil,False
11,8073,8132,8066,8079,8084,8073,8094,8108,8172,8084,8038,8136,8166,8058,23.91399073600769,sil,False
11,8073,8132,8066,8079,8084,8073,8094,8108,8172,8084,8038,8136,8166,8058,23.91455626487732,sil,False
12,8045,8119,8046,8076,8103,8065,8095,8094,8073,8102,8045,8100,8150,8049,23.92183256149292,sil,False
13,8062,8150,8072,8083,8089,8069,8085,8098,8169,8083,8029,8142,8154,8060,23.929832220077515,sil,False
14,8060,8127,8070,8072,8091,8070,8097,8092,8102,8086,8036,8117,8153,8061,23.93798804283142,sil,False
15,8086,8138,8079,8092,8096,8081,8103,8096,8132,8087,8041,8138,8157,8085,23.94621419906616,sil,False
16,8082,8140,8080,8089,8093,8081,8108,8100,8170,8085,8035,8140,8152,8087,23.953986167907715,sil,False
17,8067,8124,8068,8074,8097,8080,8123,8097,8072,8096,8040,8100,8142,8074,23.962278604507446,sil,False
18,8071,8146,8073,8083,8081,8067,8104,8098,8153,8074,8020,8139,8148,8060,23.969274759292603,sil,False
19,8059,8118,8054,8070,8087,8051,8105,8088,8083,8078,8012,8103,8142,8041,23.97727656364441,sil,False
20,8086,8138,8073,8088,8098,8072,8118,8112,8132,8104,8025,8119,8158,8067,23.98427724838257,sil,False
20,8086,8138,8073,8088,8098,8072,8118,8112,8132,8104,8025,8119,8158,8067,23.98527503013611,sil,False
21,8090,8158,8088,8104,8106,8088,8139,8143,8254,8132,8052,8153,8172,8086,23.992276906967163,sil,False
21,8090,8158,8088,8104,8106,8088,8139,8143,8254,8132,8052,8153,8172,8086,23.99327516555786,sil,False
22,8079,8131,8070,8096,8128,8095,8162,8136,8190,8158,8079,8116,8160,8090,24.00098705291748,sil,False
22,8079,8131,8070,8096,8128,8095,8162,8136,8190,8158,8079,8116,8160,8090,24.00135803222656,sil,False
23,8092,8156,8088,8111,8113,8103,8142,8132,8283,8136,8078,8147,8165,8102,24.009140253067017,sil,False
24,8092,8147,8088,8112,8107,8087,8138,8121,8230,8138,8077,8125,8157,8096,24.017138481140137,sil,False
25,8122,8155,8102,8121,8112,8073,8133,8112,8199,8132,8073,8140,8152,8111,24.02516841888428,sil,False
26,8122,8159,8115,8120,8100,8066,8116,8115,8248,8105,8070,8164,8157,8117,24.032986640930176,sil,False
27,8109,8126,8091,8104,8106,8067,8128,8111,8147,8127,8080,8110,8152,8106,24.039986848831177,sil,False
28,8112,8146,8094,8104,8095,8065,8121,8108,8217,8118,8062,8138,8153,8091,24.047986030578613,sil,False
29,8074,8125,8076,8088,8090,8054,8118,8107,8157,8095,8043,8114,8137,8054,24.055859088897705,sil,False
30,8091,8131,8068,8104,8093,8068,8123,8114,8118,8096,8031,8105,8138,8053,24.06385374069214,sil,False
31,8108,8152,8083,8117,8090,8081,8124,8114,8216,8106,8037,8139,8154,8066,24.07186889648437,sil,False
32,8094,8125,8077,8106,8108,8086,8139,8116,8160,8134,8073,8110,8154,8081,24.079987049102783,sil,False
33,8117,8157,8090,8115,8105,8098,8141,8144,8259,8130,8068,8147,8168,8103,24.08822178840637,sil,False
34,8106,8150,8086,8108,8116,8095,8162,8144,8242,8146,8068,8132,8166,8092,24.09498691558838,sil,False
35,8110,8140,8095,8118,8129,8098,8173,8132,8209,8159,8083,8126,8161,8103,24.102986335754395,sil,False
36,8120,8160,8106,8121,8107,8086,8149,8128,8292,8128,8070,8163,8165,8107,24.111200094223022,sil,False
37,8111,8139,8084,8107,8116,8059,8146,8110,8169,8135,8077,8121,8152,8095,24.119200468063354,sil,False
38,8140,8162,8104,8129,8115,8064,8136,8110,8224,8132,8080,8151,8157,8116,24.12694382667541,sil,False
39,8139,8158,8108,8134,8112,8080,8142,8121,8247,8144,8090,8146,8160,8120,24.134246110916138,sil,False
40,8143,8156,8113,8141,8131,8088,8166,8134,8216,8167,8104,8127,8158,8118,24.142906665802,sil,False
41,8142,8176,8130,8145,8128,8080,8153,8133,8303,8140,8083,8152,8156,8104,24.150906085968018,sil,False
42,8119,8143,8101,8124,8133,8077,8153,8107,8182,8139,8071,8101,8145,8082,24.15898633003235,sil,False
43,8140,8157,8100,8127,8129,8086,8152,8112,8220,8139,8066,8134,8159,8096,24.166821241378784,sil,False
44,8141,8157,8108,8123,8130,8079,8154,8124,8250,8139,8082,8146,8166,8109,24.173820972442627,sil,False
45,8151,8153,8121,8136,8147,8085,8163,8123,8201,8155,8102,8127,8161,8130,24.18183279037476,sil,False
46,8160,8173,8136,8158,8135,8093,8151,8128,8304,8147,8088,8166,8163,8135,24.18998670578003,sil,False
47,8144,8139,8101,8136,8132,8086,8158,8121,8214,8157,8084,8121,8148,8118,24.19786047935486,sil,False
47,8144,8139,8101,8136,8132,8086,8158,8121,8214,8157,8084,8121,8148,8118,24.19887399673462,sil,False
48,8154,8156,8103,8131,8125,8099,8149,8117,8227,8142,8081,8135,8154,8124,24.20585894584656,sil,False
49,8132,8154,8115,8133,8126,8112,8141,8116,8251,8130,8082,8149,8157,8107,24.21385884284973,sil,False
50,8144,8135,8117,8140,8145,8114,8161,8118,8181,8153,8085,8120,8151,8109,24.221988439559937,sil,False
51,8163,8166,8132,8147,8136,8106,8149,8118,8261,8134,8070,8155,8158,8120,24.229065895080566,sil,False
52,8126,8146,8110,8129,8136,8104,8144,8107,8165,8132,8078,8119,8147,8099,24.23715543746948,sil,False
53,8150,8151,8109,8134,8127,8126,8145,8111,8190,8135,8076,8135,8155,8116,24.24518918991089,sil,False
54,8148,8154,8111,8132,8120,8130,8149,8115,8246,8132,8067,8144,8164,8116,24.25287222862244,sil,False
55,8129,8142,8099,8131,8143,8130,8167,8119,8153,8147,8074,8102,8151,8104,24.26084041595459,sil,False
56,8144,8169,8111,8137,8138,8137,8158,8129,8243,8124,8067,8148,8158,8116,24.268749952316284,sil,False
57,8126,8142,8103,8119,8146,8136,8163,8119,8184,8123,8079,8129,8155,8112,24.27676796913147,sil,False
58,8149,8155,8118,8140,8158,8151,8172,8129,8207,8145,8086,8137,8155,8120,24.28498768806457,sil,False
59,8146,8163,8123,8145,8149,8154,8167,8136,8281,8151,8080,8153,8157,8116,24.29196047782898,sil,False
60,8112,8131,8104,8128,8152,8148,8162,8117,8172,8155,8093,8115,8154,8105,24.29940152168274,sil,False
60,8112,8131,8104,8128,8152,8148,8162,8117,8172,8155,8093,8115,8154,8105,24.30039429664612,sil,False
61,8140,8167,8129,8155,8141,8155,8152,8131,8271,8143,8087,8158,8166,8114,24.307396411895752,sil,False
61,8140,8167,8129,8155,8141,8155,8152,8131,8271,8143,8087,8158,8166,8114,24.308395624160767,sil,False
62,8157,8157,8127,8155,8142,8155,8171,8138,8237,8159,8084,8132,8156,8109,24.31598711013794,sil,False
63,8157,8149,8128,8147,8141,8149,8159,8124,8194,8150,8087,8130,8158,8115,24.32421374320984,sil,False
64,8145,8165,8148,8151,8137,8139,8138,8126,8270,8139,8090,8166,8169,8124,24.331988096237183,sil,False
65,8163,8155,8149,8153,8168,8151,8169,8133,8210,8180,8111,8133,8161,8148,24.339986324310303,sil,False
66,8186,8180,8163,8161,8164,8170,8165,8137,8296,8166,8113,8164,8169,8167,24.34824538230896,sil,False
67,8158,8163,8155,8157,8160,8163,8164,8140,8269,8160,8125,8143,8170,8148,24.35624647140503,sil,False
68,8192,8177,8174,8182,8187,8174,8193,8160,8276,8191,8143,8142,8171,8170,24.36334013938904,sil,False
69,8204,8200,8197,8186,8191,8189,8200,8174,8387,8203,8146,8176,8173,8183,24.37072730064392,sil,False
70,8167,8159,8167,8163,8191,8183,8203,8165,8279,8219,8149,8127,8160,8156,24.37872648239136,sil,False
71,8181,8175,8168,8169,8179,8173,8188,8165,8331,8197,8125,8150,8164,8150,24.38669276237488,sil,False
72,8167,8168,8161,8154,8182,8161,8180,8153,8307,8183,8116,8138,8156,8135,24.39498734474182,sil,False
73,8176,8163,8161,8156,8187,8161,8182,8145,8245,8192,8129,8126,8154,8142,24.402987241744995,sil,False
74,8181,8179,8172,8168,8172,8155,8168,8142,8314,8174,8141,8153,8163,8147,24.410865306854248,sil,False
75,8158,8157,8158,8164,8192,8155,8177,8138,8230,8190,8171,8113,8158,8133,24.418886184692383,sil,False
76,8193,8189,8179,8186,8191,8172,8179,8160,8327,8206,8173,8160,8172,8154,24.425901174545288,sil,False
77,8192,8176,8176,8176,8186,8168,8177,8152,8336,8210,8173,8156,8171,8166,24.43433403968811,sil,False
78,8188,8164,8175,8180,8209,8164,8184,8141,8270,8212,8195,8130,8166,8176,24.441434144973755,sil,False
78,8188,8164,8175,8180,8209,8164,8184,8141,8270,8212,8195,8130,8166,8176,24.44243431091309,sil,False
79,8219,8205,8205,8211,8211,8177,8192,8169,8411,8209,8202,8188,8186,8195,24.450435400009155,sil,False
80,8217,8184,8192,8196,8219,8181,8214,8170,8357,8243,8207,8156,8174,8201,24.4579861164093,sil,False
81,8205,8186,8181,8182,8205,8175,8198,8159,8371,8235,8181,8152,8159,8199,24.46647429466248,sil,False
82,8186,8178,8159,8173,8194,8162,8193,8157,8366,8220,8160,8140,8157,8176,24.473981618881226,sil,False
83,8199,8166,8147,8178,8209,8170,8210,8163,8300,8230,8167,8123,8162,8176,24.48198938369751,sil,False
84,8203,8187,8167,8190,8200,8174,8196,8168,8392,8210,8150,8165,8170,8180,24.489994287490845,sil,False
85,8177,8158,8151,8173,8203,8159,8196,8151,8291,8212,8150,8125,8158,8166,24.496950149536133,sil,False
86,8197,8174,8163,8180,8203,8166,8192,8156,8323,8207,8157,8149,8158,8183,24.50498628616333,sil,False
87,8201,8183,8183,8193,8207,8175,8205,8182,8403,8218,8161,8169,8157,8184,24.51269173622132,sil,False
87,8201,8183,8183,8193,8207,8175,8205,8182,8403,8218,8161,8169,8157,8184,24.513692140579224,sil,False
88,8207,8167,8182,8194,8227,8174,8227,8184,8337,8244,8189,8139,8152,8183,24.520986318588257,sil,False
89,8221,8191,8201,8197,8212,8169,8201,8170,8400,8215,8227,8176,8163,8187,24.528988122940063,sil,False
90,8208,8171,8200,8197,8212,8166,8201,8162,8327,8222,8267,8143,8160,8185,24.53654289245605,sil,False
90,8208,8171,8200,8197,8212,8166,8201,8162,8327,8222,8267,8143,8160,8185,24.537556648254395,sil,False
91,8227,8181,8205,8213,8218,8168,8199,8164,8345,8225,8251,8149,8163,8204,24.545554161071777,sil,False
92,8208,8176,8186,8196,8209,8157,8180,8147,8358,8188,8205,8150,8160,8181,24.552987813949585,sil,False
93,8200,8148,8165,8188,8216,8170,8196,8142,8244,8192,8189,8108,8152,8171,24.559987545013428,sil,False
94,8223,8184,8186,8213,8209,8187,8197,8168,8356,8200,8179,8157,8166,8201,24.568986654281616,sil,False
95,8202,8170,8172,8200,8210,8165,8193,8162,8302,8213,8172,8135,8157,8189,24.575703620910645,sil,False
96,8216,8170,8175,8198,8214,8155,8190,8151,8270,8203,8150,8138,8154,8186,24.58370995521545,sil,False
97,8209,8176,8191,8198,8212,8153,8186,8160,8326,8190,8142,8160,8163,8185,24.591980695724487,sil,False
98,8199,8158,8187,8191,8230,8148,8194,8161,8255,8224,8164,8122,8160,8186,24.59998631477356,sil,False
99,8225,8188,8200,8205,8218,8150,8186,8164,8364,8223,8149,8158,8165,8198,24.60800528526306,sil,False
100,8200,8166,8185,8192,8212,8142,8193,8160,8312,8213,8140,8132,8151,8183,24.615721225738525,sil,False
101,8218,8177,8203,8207,8224,8145,8203,8169,8287,8216,8158,8134,8154,8195,24.62372756004333,sil,False
102,8239,8202,8230,8218,8225,8145,8200,8176,8385,8214,8165,8170,8165,8209,24.63072752952576,sil,False
103,8223,8170,8205,8193,8237,8133,8207,8168,8299,8228,8166,8126,8154,8206,24.638951301574707,sil,False
104,8239,8190,8207,8194,8222,8119,8192,8170,8373,8209,8153,8153,8163,8213,24.64694857597351,sil,False
105,8215,8172,8195,8185,8220,8103,8189,8160,8343,8200,8166,8134,8159,8197,24.654949188232425,sil,False
106,8205,8157,8184,8187,8222,8107,8193,8159,8291,8202,8157,8120,8154,8193,24.662948846817017,sil,False
107,8208,8174,8194,8186,8200,8112,8179,8164,8362,8182,8123,8153,8161,8190,24.67095184326172,sil,False
108,8201,8159,8196,8186,8214,8117,8190,8158,8270,8196,8146,8119,8155,8185,24.678948879241943,sil,False
109,8222,8185,8218,8213,8213,8131,8190,8167,8348,8197,8158,8151,8162,8196,24.68694806098938,sil,False
110,8199,8167,8198,8191,8206,8129,8195,8165,8344,8205,8153,8139,8162,8190,24.69394898414612,sil,False
111,8183,8153,8179,8174,8211,8133,8197,8164,8288,8224,8165,8125,8161,8196,24.70195698738098,sil,False
112,8188,8174,8196,8188,8192,8136,8178,8177,8386,8209,8166,8163,8163,8191,24.709984302520752,sil,False
113,8198,8154,8193,8194,8197,8139,8193,8175,8300,8221,8175,8118,8152,8177,24.717554569244385,sil,False
114,8227,8178,8205,8206,8199,8153,8192,8178,8334,8211,8166,8139,8158,8190,24.72597861289978,sil,False
114,8227,8178,8205,8206,8199,8153,8192,8178,8334,8211,8166,8139,8158,8190,24.726333618164062,sil,False
115,8200,8162,8189,8180,8189,8143,8185,8165,8312,8190,8155,8138,8158,8172,24.73334765434265,sil,False
115,8200,8162,8189,8180,8189,8143,8185,8165,8312,8190,8155,8138,8158,8172,24.734339952468872,sil,False
116,8191,8146,8180,8175,8185,8141,8188,8146,8218,8186,8160,8117,8156,8167,24.74187684059143,sil,False
117,8200,8187,8204,8206,8177,8149,8171,8159,8321,8174,8154,8154,8167,8176,24.749977588653564,sil,False
118,8177,8154,8175,8195,8184,8136,8177,8164,8234,8194,8148,8104,8154,8161,24.756690979003903,sil,False
119,8192,8149,8158,8184,8167,8130,8176,8157,8226,8185,8126,8120,8155,8155,24.7646906375885,sil,False
120,8180,8153,8157,8180,8175,8133,8177,8151,8233,8176,8122,8132,8160,8137,24.772724390029907,sil,False
121,8170,8155,8159,8192,8212,8148,8190,8161,8192,8201,8139,8108,8156,8132,24.780981063842773,sil,False
122,8183,8184,8168,8205,8192,8150,8179,8174,8308,8190,8132,8148,8157,8131,24.78897428512573,sil,False
123,8175,8153,8148,8184,8189,8131,8192,8161,8207,8189,8136,8114,8149,8118,24.79697132110596,sil,False
124,8194,8165,8166,8190,8206,8131,8196,8167,8227,8184,8144,8132,8162,8138,24.80498623847961,sil,False
125,8187,8171,8171,8189,8195,8132,8192,8177,8306,8192,8169,8150,8166,8141,24.81337594985962,sil,False
126,8195,8156,8159,8185,8191,8135,8207,8170,8236,8218,8207,8123,8156,8147,24.819986581802368,sil,False
127,8211,8189,8181,8200,8184,8139,8196,8174,8330,8197,8209,8160,8167,8160,24.82762885093689,sil,False
240,8181,8164,8172,8197,8191,8130,8189,8173,8270,8205,8217,8124,8159,8138,24.83562994003296,sil,False
0,8204,8168,8177,8211,8189,8135,8189,8172,8274,8217,8222,8137,8155,8143,24.84398627281189,sil,False
1,8204,8177,8181,8208,8180,8144,8191,8167,8320,8204,8218,8158,8158,8142,24.851985931396484,sil,False
2,8193,8160,8171,8200,8198,8145,8208,8171,8225,8215,8227,8116,8158,8138,24.86007308959961,sil,False
3,8219,8188,8185,8210,8190,8133,8194,8182,8302,8195,8220,8155,8166,8156,24.86765599250793,sil,False
4,8196,8164,8167,8188,8188,8117,8191,8166,8227,8191,8228,8125,8154,8148,24.87566018104553,sil,False
5,8200,8165,8169,8199,8192,8122,8198,8171,8230,8199,8235,8123,8158,8150,24.88398027420044,sil,False
6,8197,8177,8181,8209,8186,8113,8194,8183,8320,8196,8229,8150,8167,8144,24.89099383354187,sil,False
7,8180,8151,8172,8194,8203,8108,8197,8169,8201,8213,8239,8112,8157,8140,24.89898657798767,sil,False
8,8205,8178,8195,8200,8200,8121,8186,8174,8280,8202,8228,8147,8166,8148,24.90702676773072,sil,False
9,8191,8159,8185,8182,8203,8117,8194,8175,8262,8208,8237,8127,8163,8135,24.915112018585205,sil,False
10,8190,8160,8172,8187,8211,8124,8195,8169,8230,8216,8254,8126,8162,8146,24.92312169075012,sil,False
11,8189,8178,8172,8195,8201,8124,8175,8166,8291,8194,8233,8159,8167,8151,24.931135177612305,sil,False
12,8173,8152,8155,8176,8210,8114,8184,8163,8188,8207,8233,8113,8162,8143,24.939155101776123,sil,False
13,8201,8181,8177,8202,8203,8118,8189,8185,8293,8220,8245,8150,8178,8163,24.946160078048703,sil,False
14,8207,8176,8184,8219,8216,8112,8208,8187,8313,8239,8256,8146,8176,8173,24.95417594909668,sil,False
15,8209,8170,8183,8208,8227,8106,8209,8175,8258,8230,8244,8126,8162,8176,24.961922883987427,sil,False
16,8199,8183,8192,8190,8202,8102,8184,8176,8322,8192,8222,8154,8166,8163,24.96992301940918,sil,False
17,8186,8153,8180,8190,8219,8101,8206,8176,8228,8210,8233,8121,8161,8153,24.97798609733581,sil,False
18,8205,8176,8193,8217,8224,8104,8207,8184,8278,8210,8225,8147,8164,8163,24.986008882522583,sil,False
19,8190,8174,8185,8202,8213,8095,8197,8179,8264,8202,8216,8130,8160,8148,24.99400806427002,sil,False
20,8192,8163,8178,8189,8219,8103,8206,8175,8218,8211,8226,8112,8161,8151,25.002243280410767,sil,False
21,8198,8183,8191,8200,8213,8113,8205,8184,8330,8206,8225,8155,8170,8154,25.010242462158203,sil,False
22,8182,8162,8167,8192,8217,8111,8208,8177,8228,8220,8226,8106,8155,8133,25.017242431640625,sil,False
23,8190,8177,8164,8192,8204,8114,8186,8175,8240,8195,8202,8125,8156,8132,25.025248765945435,sil,False
24,8176,8167,8162,8191,8206,8109,8184,8170,8246,8185,8199,8133,8156,8126,25.033060550689697,sil,False
24,8176,8167,8162,8191,8206,8109,8184,8170,8246,8185,8199,8133,8156,8126,25.033588647842407,sil,False
25,8187,8158,8170,8204,8224,8111,8195,8164,8192,8212,8226,8111,8157,8141,25.041078090667725,sil,False
26,8196,8185,8196,8209,8206,8115,8177,8178,8299,8198,8215,8149,8171,8147,25.049002408981323,sil,False
27,8175,8160,8185,8185,8207,8120,8192,8183,8221,8208,8213,8120,8161,8134,25.05703616142273,sil,False
28,8207,8180,8204,8197,8212,8131,8206,8191,8277,8219,8227,8151,8165,8167,25.064839601516724,sil,False
29,8201,8183,8210,8199,8210,8125,8200,8190,8321,8213,8233,8154,8168,8165,25.072954893112183,sil,False
30,8200,8162,8194,8196,8221,8131,8210,8180,8210,8211,8223,8107,8158,8145,25.0799572467804,sil,False
31,8216,8187,8206,8202,8217,8150,8203,8181,8281,8188,8208,8150,8164,8153,25.08798766136169,sil,False
32,8180,8159,8185,8185,8225,8146,8203,8175,8210,8201,8223,8127,8155,8145,25.09557056427002,sil,False
33,8200,8175,8183,8195,8222,8149,8202,8179,8223,8204,8209,8131,8157,8142,25.10415029525757,sil,False
34,8208,8182,8187,8189,8214,8155,8200,8183,8270,8195,8194,8140,8164,8137,25.112149238586422,sil,False
35,8191,8151,8176,8182,8227,8163,8211,8185,8190,8217,8217,8110,8159,8139,25.119981050491333,sil,False
36,8218,8178,8192,8201,8217,8176,8207,8189,8282,8211,8214,8148,8165,8153,25.127986192703247,sil,False
37,8215,8169,8183,8192,8230,8176,8213,8173,8226,8218,8217,8126,8164,8154,25.13600873947144,sil,False
38,8222,8186,8193,8197,8237,8171,8203,8174,8239,8220,8229,8142,8166,8170,25.143085718154907,sil,False
39,8213,8183,8190,8188,8210,8159,8189,8173,8277,8198,8217,8150,8157,8161,25.15098667144776,sil,False
40,8203,8144,8170,8173,8206,8162,8196,8159,8139,8197,8204,8103,8147,8155,25.15898633003235,sil,False
41,8213,8174,8188,8191,8201,8178,8179,8173,8227,8185,8189,8151,8161,8169,25.16694974899292,sil,False
42,8192,8161,8170,8174,8209,8170,8181,8176,8182,8190,8188,8126,8153,8152,25.17479538917541,sil,False
43,8199,8158,8168,8167,8208,8176,8182,8164,8137,8184,8191,8117,8153,8154,25.182981491088867,sil,False
44,8194,8172,8182,8171,8192,8185,8162,8162,8214,8172,8191,8146,8166,8154,25.19086241722107,sil,False
45,8196,8158,8175,8173,8218,8192,8180,8165,8141,8203,8201,8108,8160,8150,25.19857144355774,sil,False
46,8230,8191,8206,8199,8231,8207,8194,8189,8250,8208,8202,8153,8169,8168,25.20657205581665,sil,False
46,8230,8191,8206,8199,8231,8207,8194,8189,8250,8208,8202,8153,8169,8168,25.207566022872925,sil,False
47,8210,8177,8204,8198,8231,8205,8198,8192,8248,8217,8214,8140,8165,8169,25.21398687362671,sil,False
48,8215,8176,8190,8210,8230,8216,8192,8186,8216,8221,8214,8124,8163,8181,25.22216200828552,sil,False
49,8224,8195,8202,8221,8227,8231,8193,8193,8303,8209,8206,8156,8172,8185,25.230177879333496,sil,False
50,8210,8164,8195,8205,8247,8234,8218,8193,8226,8235,8225,8123,8161,8175,25.23795747756958,sil,False
51,8221,8180,8194,8211,8235,8227,8204,8188,8284,8220,8209,8148,8159,8172,25.24598693847656,sil,False
52,8199,8168,8172,8196,8228,8218,8190,8173,8231,8201,8191,8125,8151,8153,25.254011392593384,sil,False
53,8202,8164,8178,8188,8248,8234,8192,8176,8177,8209,8202,8114,8154,8161,25.262008905410767,sil,False
54,8217,8188,8203,8203,8241,8240,8190,8190,8298,8200,8205,8162,8169,8169,25.26997327804565,sil,False
55,8210,8162,8183,8207,8246,8238,8215,8184,8224,8222,8221,8125,8164,8160,25.27797555923462,sil,False
56,8224,8182,8184,8216,8239,8248,8213,8190,8284,8214,8216,8151,8166,8172,25.28498673439026,sil,False
57,8205,8180,8180,8208,8233,8245,8207,8192,8298,8206,8214,8152,8161,8168,25.29299283027649,sil,False
58,8212,8173,8178,8211,8240,8244,8214,8186,8239,8223,8220,8128,8159,8174,25.300997734069824,sil,False
59,8214,8186,8189,8211,8225,8242,8191,8184,8316,8203,8200,8155,8164,8169,25.30898690223694,sil,False
60,8191,8154,8174,8196,8235,8242,8200,8179,8228,8216,8202,8121,8150,8154,25.316744565963745,sil,False
61,8222,8178,8183,8205,8230,8259,8211,8184,8280,8216,8201,8148,8155,8178,25.324987411499023,sil,False
62,8190,8169,8175,8189,8213,8263,8196,8176,8282,8185,8194,8140,8160,8161,25.33298659324646,sil,False
63,8167,8150,8169,8197,8225,8258,8181,8171,8191,8193,8190,8108,8158,8140,25.340988159179688,sil,False
64,8202,8187,8184,8221,8221,8256,8172,8181,8299,8208,8180,8156,8165,8152,25.34782123565674,sil,False
65,8178,8156,8155,8199,8220,8256,8183,8169,8216,8218,8193,8118,8155,8134,25.35581469535828,sil,False
66,8168,8156,8162,8199,8216,8271,8177,8173,8226,8196,8183,8129,8157,8124,25.36385750770569,sil,False
67,8178,8170,8187,8206,8220,8273,8182,8188,8279,8202,8174,8147,8159,8128,25.37198638916016,sil,False
68,8193,8166,8193,8207,8239,8280,8211,8193,8227,8236,8206,8124,8158,8144,25.37988376617432,sil,False
69,8206,8192,8209,8215,8231,8292,8212,8207,8351,8228,8215,8166,8178,8159,25.38789892196656,sil,False
70,8195,8170,8192,8205,8247,8286,8220,8207,8305,8241,8219,8131,8172,8164,25.39689803123474,yes,True
71,8209,8180,8187,8218,8248,8293,8212,8204,8303,8238,8212,8134,8163,8177,25.403908729553223,yes,True
72,8188,8178,8177,8209,8219,8294,8197,8196,8319,8215,8190,8145,8156,8156,25.410897254943848,yes,True
73,8173,8145,8159,8183,8226,8292,8211,8186,8192,8214,8188,8104,8148,8144,25.418987035751343,yes,True
74,8192,8170,8183,8192,8224,8297,8195,8186,8273,8188,8180,8144,8159,8148,25.42671036720276,yes,True
74,8192,8170,8183,8192,8224,8297,8195,8186,8273,8188,8180,8144,8159,8148,25.4277081489563,yes,True
75,8181,8156,8182,8193,8220,8301,8193,8179,8232,8203,8194,8124,8161,8134,25.43443369865417,yes,True
76,8213,8170,8203,8217,8220,8324,8203,8193,8256,8231,8211,8139,8173,8165,25.442530155181885,yes,True
77,8227,8191,8232,8231,8227,8329,8203,8206,8357,8233,8218,8174,8175,8186,25.45098614692688,yes,True
78,8207,8165,8213,8213,8235,8317,8213,8193,8262,8248,8230,8128,8158,8182,25.458985805511475,yes,True
78,8207,8165,8213,8213,8235,8317,8213,8193,8262,8248,8230,8128,8158,8182,25.45954442024231,yes,True
79,8210,8182,8205,8208,8203,8312,8203,8198,8329,8234,8215,8158,8168,8188,25.46654772758484,yes,True
79,8210,8182,8205,8208,8203,8312,8203,8198,8329,8234,8215,8158,8168,8188,25.4675567150116,yes,True
80,8196,8165,8190,8201,8209,8311,8218,8208,8296,8242,8221,8143,8167,8180,25.47492408752441,yes,True
81,8224,8180,8209,8228,8231,8325,8241,8219,8294,8259,8239,8144,8168,8196,25.482019901275635,yes,True
82,8241,8202,8230,8239,8217,8325,8242,8221,8383,8248,8235,8173,8178,8199,25.49001717567444,yes,True
83,8223,8167,8201,8212,8222,8321,8251,8207,8262,8249,8231,8131,8165,8178,25.49798607826233,yes,True
84,8219,8181,8199,8205,8203,8323,8225,8208,8297,8228,8210,8159,8163,8169,25.50598669052124,yes,True
85,8195,8161,8186,8195,8191,8308,8213,8202,8253,8229,8205,8138,8160,8150,25.514100790023804,yes,True
86,8213,8159,8184,8208,8210,8315,8223,8199,8220,8241,8213,8131,8162,8156,25.52210307121277,yes,True
87,8208,8181,8196,8214,8207,8329,8219,8206,8316,8229,8212,8168,8169,8156,25.52986788749695,yes,True
88,8185,8155,8182,8193,8212,8323,8230,8199,8220,8247,8227,8129,8159,8152,25.536885976791385,yes,True
88,8185,8155,8182,8193,8212,8323,8230,8199,8220,8247,8227,8129,8159,8152,25.538392305374146,yes,True
89,8215,8179,8196,8205,8209,8326,8223,8201,8282,8245,8230,8163,8169,8180,25.545398473739624,yes,True
90,8197,8169,8184,8201,8205,8327,8219,8200,8272,8245,8229,8151,8166,8164,25.55298614501953,yes,True
91,8201,8164,8175,8195,8204,8329,8227,8199,8210,8254,8213,8128,8156,8155,25.560986280441284,yes,True
92,8224,8195,8199,8203,8198,8333,8224,8212,8315,8235,8199,8169,8163,8170,25.56920051574707,yes,True
93,8214,8170,8199,8204,8220,8338,8238,8218,8248,8255,8227,8131,8162,8171,25.576982021331787,yes,True
94,8239,8182,8213,8214,8205,8348,8234,8221,8297,8253,8222,8153,8174,8177,25.58497667312622,yes,True
95,8224,8174,8204,8198,8179,8336,8229,8211,8288,8243,8211,8156,8168,8156,25.59298586845398,yes,True
96,8218,8166,8193,8202,8195,8338,8238,8201,8212,8258,8222,8134,8155,8154,25.60098671913147,yes,True
97,8237,8195,8212,8216,8199,8354,8226,8202,8307,8237,8207,8173,8164,8171,25.608985900878903,yes,True
98,8212,8169,8199,8199,8208,8349,8226,8189,8215,8233,8202,8136,8161,8159,25.61573338508606,yes,True
99,8210,8179,8191,8203,8198,8338,8215,8189,8234,8221,8191,8149,8158,8151,25.62365245819092,yes,True
100,8193,8170,8174,8185,8182,8326,8209,8186,8240,8204,8183,8143,8153,8130,25.63164258003235,yes,True
101,8199,8155,8170,8182,8202,8337,8221,8188,8164,8228,8200,8115,8159,8133,25.63973617553711,yes,True
102,8215,8183,8190,8203,8200,8351,8207,8196,8266,8226,8197,8159,8169,8144,25.64798164367676,yes,True
103,8192,8153,8175,8181,8205,8350,8205,8179,8171,8219,8200,8128,8154,8130,25.655986785888672,yes,True
104,8219,8172,8202,8190,8210,8364,8209,8185,8200,8217,8211,8153,8165,8151,25.66395807266236,yes,True
105,8218,8184,8217,8200,8213,8373,8214,8197,8277,8231,8221,8168,8174,8157,25.670799016952515,yes,True
106,8202,8162,8198,8198,8229,8382,8222,8199,8192,8252,8230,8127,8165,8156,25.67880177497864,yes,True
107,8226,8193,8216,8218,8219,8391,8217,8212,8297,8241,8225,8173,8176,8171,25.686950206756592,yes,True
108,8212,8172,8211,8208,8221,8387,8229,8205,8256,8257,8238,8149,8170,8168,25.694987058639526,yes,True
109,8217,8177,8211,8205,8218,8388,8218,8201,8250,8257,8228,8156,8161,8177,25.70286440849304,yes,True
110,8224,8194,8214,8203,8207,8377,8206,8199,8299,8247,8206,8174,8164,8175,25.71180963516236,yes,True
111,8217,8167,8200,8192,8212,8370,8217,8185,8193,8254,8219,8125,8161,8162,25.71882200241089,yes,True
112,8217,8179,8210,8194,8196,8367,8199,8192,8259,8224,8215,8152,8169,8158,25.72678256034851,yes,True
113,8195,8164,8194,8181,8194,8350,8202,8189,8207,8233,8223,8132,8164,8146,25.734456539154053,yes,True
114,8198,8172,8197,8186,8192,8359,8202,8184,8195,8244,8236,8137,8164,8157,25.74301481246948,yes,True
115,8193,8186,8208,8196,8186,8378,8194,8193,8277,8230,8229,8157,8166,8158,25.749964714050293,yes,True
116,8190,8167,8193,8197,8217,8385,8221,8196,8207,8254,8241,8120,8159,8165,25.75796675682068,yes,True
117,8204,8187,8201,8201,8211,8384,8214,8198,8289,8244,8246,8166,8165,8183,25.76596689224243,yes,True
118,8183,8161,8190,8177,8193,8376,8204,8188,8226,8231,8250,8145,8155,8166,25.77396583557129,yes,True
119,8200,8169,8196,8185,8202,8387,8214,8189,8184,8230,8255,8135,8159,8175,25.78196501731873,yes,True
120,8207,8198,8214,8206,8210,8404,8218,8202,8306,8238,8257,8176,8176,8186,25.78996467590332,yes,True
121,8205,8171,8202,8202,8231,8418,8239,8206,8257,8286,8268,8142,8167,8176,25.797980070114136,yes,True
122,8239,8188,8213,8205,8216,8417,8228,8203,8312,8268,8252,8167,8168,8179,25.80498623847961,yes,True
123,8203,8170,8197,8185,8206,8403,8211,8185,8249,8228,8243,8145,8158,8156,25.813008546829224,yes,True
124,8189,8167,8196,8190,8217,8418,8211,8187,8207,8237,8245,8133,8155,8155,25.821001291275024,yes,True
125,8203,8191,8212,8203,8211,8423,8205,8208,8321,8253,8253,8173,8172,8167,25.82898640632629,yes,True
126,8190,8158,8186,8189,8215,8407,8214,8199,8211,8266,8279,8129,8165,8165,25.836950540542603,yes,True
127,8201,8177,8189,8192,8204,8410,8212,8191,8249,8239,8261,8148,8163,8171,25.8449866771698,yes,True
240,8174,8167,8179,8172,8205,8414,8215,8189,8246,8231,8246,8133,8155,8150,25.853180170059204,yes,True
0,8171,8156,8174,8175,8230,8423,8221,8195,8175,8234,8250,8111,8153,8139,25.861180543899536,yes,True
1,8201,8190,8202,8203,8228,8433,8219,8209,8280,8215,8236,8164,8170,8146,25.868181705474854,yes,True
2,8212,8173,8194,8191,8237,8437,8242,8203,8221,8246,8248,8140,8168,8160,25.87598657608032,yes,True
3,8226,8186,8195,8184,8230,8456,8240,8205,8281,8254,8260,8165,8171,8187,25.884028911590576,yes,True
4,8205,8181,8195,8187,8222,8466,8233,8210,8300,8248,8254,8163,8170,8174,25.89198589324951,yes,True
5,8227,8178,8203,8205,8241,8470,8245,8209,8241,8274,8248,8143,8170,8183,25.89960885047913,sil,False
6,8252,8209,8228,8215,8242,8475,8239,8216,8370,8270,8241,8187,8176,8200,25.9076030254364,sil,False
6,8252,8209,8228,8215,8242,8475,8239,8216,8370,8270,8241,8187,8176,8200,25.908596754074097,sil,False
7,8219,8187,8212,8205,8256,8482,8250,8214,8313,8279,8259,8149,8166,8180,25.915987014770508,sil,False
8,8231,8205,8217,8224,8259,8493,8247,8214,8322,8277,8261,8167,8172,8185,25.923985958099365,sil,False
9,8214,8201,8215,8215,8252,8470,8230,8198,8302,8248,8239,8172,8160,8166,25.932032585144043,sil,False
10,8193,8170,8195,8194,8259,8457,8227,8175,8177,8234,8225,8131,8148,8144,25.939053773880005,sil,False
11,8200,8186,8194,8190,8230,8468,8205,8172,8261,8211,8211,8170,8170,8153,25.94651484489441,sil,False
12,8177,8157,8170,8173,8218,8461,8209,8166,8182,8219,8212,8137,8163,8148,25.954528093338013,sil,False
13,8195,8171,8184,8186,8224,8462,8220,8182,8193,8217,8193,8145,8154,8154,25.96298909187317,sil,False
14,8192,8180,8191,8186,8220,8466,8220,8194,8259,8200,8185,8159,8161,8143,25.971338033676147,sil,False
15,8178,8156,8177,8182,8228,8467,8229,8188,8185,8214,8205,8122,8159,8138,25.978587865829468,sil,False
16,8197,8184,8194,8194,8229,8467,8220,8191,8273,8203,8195,8158,8163,8148,25.98750138282776,sil,False
17,8180,8160,8183,8173,8239,8457,8225,8181,8200,8204,8197,8134,8155,8137,25.994987726211548,sil,False
18,8197,8171,8190,8186,8228,8460,8224,8187,8199,8207,8207,8145,8161,8149,26.00222635269165,sil,False
19,8207,8186,8204,8194,8218,8455,8221,8199,8290,8209,8211,8171,8168,8160,26.009987354278564,sil,False
20,8189,8154,8191,8172,8236,8454,8238,8200,8215,8234,8230,8136,8162,8164,26.017985582351685,sil,False
21,8191,8176,8197,8186,8220,8464,8229,8218,8325,8237,8222,8170,8172,8165,26.02601456642151,sil,False
22,8184,8165,8186,8187,8233,8459,8235,8214,8307,8258,8223,8145,8168,8147,26.034013986587524,sil,False
23,8208,8179,8210,8195,8256,8462,8231,8199,8276,8255,8240,8148,8167,8150,26.04153943061829,sil,False
24,8210,8199,8234,8206,8241,8459,8202,8184,8326,8222,8231,8178,8165,8140,26.049535512924194,sil,False
25,8200,8171,8206,8202,8244,8463,8202,8165,8216,8235,8228,8132,8154,8135,26.056535720825195,sil,False
26,8210,8196,8215,8208,8242,8480,8201,8178,8297,8230,8225,8165,8173,8152,26.065537691116333,sil,False
27,8185,8182,8206,8192,8243,8470,8212,8190,8285,8237,8225,8147,8172,8140,26.0729877948761,sil,False
28,8199,8168,8172,8180,8238,8462,8216,8183,8249,8243,8212,8133,8160,8151,26.081244707107544,sil,False
29,8190,8172,8146,8172,8207,8462,8194,8178,8306,8205,8188,8162,8162,8157,26.08925461769104,sil,False
30,8162,8146,8131,8168,8213,8459,8204,8174,8182,8203,8193,8119,8155,8137,26.09725832939148,sil,False
31,8190,8171,8158,8185,8205,8452,8199,8177,8233,8195,8188,8156,8164,8150,26.10527014732361,sil,False
32,8179,8162,8159,8172,8199,8443,8194,8177,8232,8193,8199,8158,8168,8163,26.112982034683228,sil,False
33,8187,8160,8171,8183,8217,8455,8207,8191,8223,8219,8217,8146,8165,8184,26.12098693847656,sil,False
34,8222,8188,8201,8198,8210,8460,8212,8200,8348,8228,8211,8186,8167,8192,26.127986669540405,sil,False
35,8214,8162,8184,8172,8215,8455,8225,8181,8253,8242,8217,8144,8159,8177,26.13600492477417,sil,False
36,8206,8174,8189,8174,8216,8451,8212,8188,8298,8222,8216,8162,8166,8176,26.143547296524048,sil,False
37,8188,8170,8195,8185,8214,8435,8203,8198,8309,8221,8218,8157,8164,8162,26.151987314224243,sil,False
38,8209,8172,8204,8192,8223,8447,8209,8191,8233,8235,8225,8138,8162,8162,26.1599862575531,sil,False
39,8212,8200,8220,8194,8220,8456,8200,8188,8308,8204,8208,8175,8168,8156,26.16793775558472,sil,False
40,8177,8172,8192,8185,8235,8432,8215,8178,8203,8200,8200,8129,8153,8130,26.175987482070923,sil,False
41,8193,8184,8191,8196,8228,8431,8212,8175,8213,8190,8184,8143,8159,8135,26.18336319923401,sil,False
42,8173,8174,8186,8172,8211,8439,8209,8177,8218,8186,8184,8145,8161,8136,26.19037103652954,sil,False
42,8173,8174,8186,8172,8211,8439,8209,8177,8218,8186,8184,8145,8161,8136,26.19136333465576,sil,False
43,8168,8153,8173,8157,8213,8432,8225,8182,8151,8210,8185,8108,8151,8140,26.19898676872253,sil,False
44,8187,8175,8180,8168,8193,8419,8213,8187,8264,8195,8157,8143,8163,8143,26.206950187683105,sil,False
45,8158,8147,8166,8153,8192,8412,8220,8186,8200,8206,8163,8116,8166,8133,26.21498727798462,sil,False
46,8180,8168,8181,8164,8187,8420,8223,8206,8241,8216,8162,8141,8173,8156,26.22307825088501,sil,False
47,8191,8172,8189,8158,8174,8412,8208,8198,8278,8199,8156,8156,8165,8154,26.23068618774414,sil,False
48,8197,8153,8198,8160,8189,8419,8214,8181,8192,8213,8184,8136,8162,8164,26.23919153213501,sil,False
49,8237,8197,8239,8198,8190,8433,8223,8205,8326,8222,8193,8187,8187,8201,26.24695134162903,sil,False
50,8224,8180,8232,8194,8197,8423,8234,8207,8269,8236,8200,8152,8176,8191,26.25444912910461,sil,False
51,8231,8189,8243,8200,8203,8422,8230,8203,8258,8234,8212,8163,8169,8193,26.261980295181274,sil,False
52,8241,8199,8257,8211,8204,8416,8231,8207,8328,8233,8216,8183,8180,8199,26.26999258995056,sil,False
53,8232,8172,8236,8206,8213,8412,8242,8195,8242,8255,8222,8133,8173,8186,26.277985095977783,sil,False
54,8232,8196,8239,8211,8195,8418,8224,8198,8310,8239,8217,8168,8169,8169,26.285998106002808,sil,False
55,8207,8177,8218,8195,8203,8409,8227,8195,8244,8238,8227,8148,8166,8156,26.294015645980835,sil,False
56,8204,8175,8210,8197,8212,8411,8225,8193,8230,8234,8226,8144,8176,8174,26.30201458930969,sil,False
57,8189,8182,8204,8193,8188,8402,8207,8191,8289,8222,8200,8157,8169,8160,26.30995869636536,sil,False
58,8183,8152,8178,8171,8187,8380,8214,8173,8161,8229,8186,8116,8146,8143,26.31795310974121,sil,False
59,8188,8171,8193,8170,8181,8379,8202,8178,8222,8203,8177,8160,8159,8159,26.32598638534546,sil,False
60,8170,8171,8197,8172,8181,8391,8211,8199,8221,8219,8195,8152,8165,8160,26.333998918533325,sil,False
61,8213,8183,8205,8192,8180,8394,8231,8205,8216,8239,8197,8152,8164,8176,26.34112286567688,sil,False
62,8220,8187,8215,8188,8168,8380,8220,8190,8275,8215,8183,8177,8168,8175,26.349122524261475,sil,False
63,8194,8159,8200,8174,8181,8380,8222,8181,8176,8234,8197,8134,8157,8159,26.357469081878666,sil,False
64,8220,8186,8209,8192,8171,8388,8210,8192,8249,8231,8187,8170,8163,8169,26.365206241607662,sil,False
65,8201,8169,8199,8179,8170,8365,8211,8188,8209,8215,8182,8157,8163,8157,26.372894763946533,sil,False
66,8201,8171,8199,8187,8187,8358,8220,8195,8171,8223,8193,8141,8162,8157,26.380892992019653,sil,False
67,8213,8197,8207,8202,8182,8368,8207,8200,8272,8225,8188,8174,8168,8159,26.38898587226868,sil,False
68,8187,8165,8189,8191,8196,8370,8219,8190,8180,8242,8200,8138,8163,8152,26.396546363830566,sil,False
69,8198,8191,8202,8210,8196,8377,8226,8205,8260,8240,8202,8167,8170,8160,26.403558254241943,sil,False
69,8198,8191,8202,8210,8196,8377,8226,8205,8260,8240,8202,8167,8170,8160,26.40458536148072,sil,False
70,8181,8175,8185,8195,8190,8368,8224,8196,8255,8238,8193,8149,8163,8147,26.41198182106018,sil,False
71,8168,8149,8164,8171,8189,8363,8215,8175,8161,8237,8182,8125,8160,8145,26.41964030265808,sil,False
72,8174,8184,8181,8180,8172,8358,8206,8186,8254,8219,8171,8172,8168,8150,26.427659034729004,sil,False
73,8168,8169,8172,8179,8181,8351,8222,8185,8173,8228,8183,8136,8156,8144,26.43598818778992,sil,False
74,8180,8173,8186,8186,8178,8356,8203,8181,8199,8207,8175,8155,8162,8150,26.44398641586304,sil,False
75,8176,8165,8191,8181,8174,8341,8198,8177,8204,8205,8172,8158,8162,8144,26.451985836029053,sil,False
76,8197,8165,8196,8188,8183,8332,8214,8170,8136,8219,8183,8141,8157,8160,26.45895838737488,sil,False
76,8197,8165,8196,8188,8183,8332,8214,8170,8136,8219,8183,8141,8157,8160,26.459988117218018,sil,False
77,8215,8194,8227,8203,8178,8337,8197,8175,8237,8192,8170,8188,8169,8170,26.467410802841187,sil,False
78,8206,8167,8224,8196,8200,8339,8212,8182,8184,8214,8181,8150,8167,8164,26.47441673278809,sil,False
78,8206,8167,8224,8196,8200,8339,8212,8182,8184,8214,8181,8150,8167,8164,26.475409507751465,sil,False
79,8226,8187,8230,8212,8202,8342,8223,8195,8239,8231,8196,8166,8175,8191,26.48298740386963,sil,False
80,8217,8196,8225,8212,8190,8335,8217,8198,8274,8228,8197,8178,8175,8188,26.49098253250122,sil,False
81,8225,8183,8228,8210,8217,8345,8228,8198,8213,8261,8208,8153,8166,8180,26.49898600578308,sil,False
82,8232,8203,8251,8221,8218,8359,8227,8209,8322,8258,8205,8187,8170,8177,26.50701713562012,sil,False
83,8191,8174,8219,8198,8217,8346,8237,8208,8233,8250,8205,8150,8159,8152,26.515412092208862,sil,False
84,8207,8185,8213,8195,8214,8341,8238,8212,8236,8239,8194,8165,8163,8162,26.52241015434265,sil,False
85,8201,8188,8218,8196,8201,8343,8236,8206,8274,8234,8182,8173,8167,8165,26.529986143112183,sil,False
86,8181,8165,8204,8199,8211,8345,8243,8196,8178,8243,8193,8129,8162,8167,26.537516355514526,sil,False
87,8196,8190,8213,8213,8206,8333,8222,8208,8276,8225,8185,8175,8175,8178,26.54608702659607,sil,False
88,8182,8165,8202,8194,8208,8320,8224,8203,8216,8235,8174,8149,8165,8169,26.55408763885498,sil,False
89,8199,8172,8214,8196,8202,8332,8225,8199,8195,8229,8163,8152,8162,8188,26.561986923217773,sil,False
90,8210,8186,8228,8193,8188,8327,8212,8200,8242,8206,8166,8175,8169,8189,26.569993257522583,sil,False
91,8208,8163,8216,8185,8205,8318,8220,8193,8148,8222,8178,8138,8162,8178,26.57798194885254,sil,False
92,8209,8181,8230,8196,8196,8321,8214,8198,8240,8210,8164,8175,8167,8185,26.585994958877563,sil,False
93,8181,8161,8223,8188,8201,8315,8224,8199,8211,8214,8186,8154,8166,8174,26.592994213104248,sil,False
94,8213,8175,8228,8200,8214,8327,8231,8201,8200,8235,8200,8153,8171,8185,26.600900411605835,sil,False
94,8213,8175,8228,8200,8214,8327,8231,8201,8200,8235,8200,8153,8171,8185,26.60191512107849,sil,False
95,8212,8192,8233,8197,8208,8326,8213,8197,8254,8224,8183,8178,8167,8173,26.60884094238281,sil,False
96,8173,8163,8216,8189,8225,8305,8218,8189,8145,8228,8191,8140,8152,8150,26.616825819015503,sil,False
97,8191,8187,8229,8209,8222,8299,8222,8195,8215,8224,8182,8174,8164,8170,26.62498688697815,sil,False
98,8169,8166,8211,8189,8216,8296,8220,8181,8149,8218,8178,8150,8163,8163,26.63292670249939,sil,False
99,8167,8167,8204,8193,8218,8298,8215,8185,8104,8208,8187,8144,8158,8148,26.64098715782165,sil,False
100,8188,8194,8216,8208,8210,8293,8213,8204,8218,8201,8178,8179,8165,8148,26.648542642593384,sil,False
101,8180,8162,8199,8183,8215,8284,8221,8187,8115,8220,8183,8135,8162,8152,26.65584826469421,sil,False
102,8194,8184,8218,8195,8209,8289,8205,8188,8164,8204,8189,8169,8170,8164,26.66384696960449,sil,False
103,8195,8182,8222,8210,8212,8284,8211,8197,8176,8210,8192,8164,8163,8163,26.671987056732178,sil,False
104,8213,8172,8218,8208,8207,8279,8221,8193,8134,8225,8182,8147,8163,8183,26.6799864768982,sil,False
105,8208,8182,8232,8197,8191,8278,8204,8191,8214,8202,8179,8184,8176,8196,26.68798589706421,sil,False
106,8188,8162,8232,8201,8225,8281,8217,8198,8150,8221,8212,8160,8167,8190,26.695788621902462,sil,False
107,8221,8193,8252,8231,8231,8285,8220,8217,8244,8235,8209,8195,8173,8198,26.70344066619873,sil,False
107,8221,8193,8252,8231,8231,8285,8220,8217,8244,8235,8209,8195,8173,8198,26.70443964004517,sil,False
108,8220,8185,8248,8221,8219,8273,8221,8211,8261,8244,8211,8184,8175,8194,26.71144771575928,sil,False
108,8220,8185,8248,8221,8219,8273,8221,8211,8261,8244,8211,8184,8175,8194,26.712440490722656,sil,False
109,8225,8178,8254,8226,8236,8280,8235,8205,8209,8261,8248,8164,8177,8210,26.7199866771698,sil,False
110,8244,8209,8278,8252,8243,8287,8228,8219,8307,8250,8247,8201,8186,8209,26.72694969177246,sil,False
111,8240,8185,8253,8242,8258,8277,8240,8212,8204,8259,8234,8146,8167,8185,26.73498678207397,sil,False
112,8236,8197,8247,8234,8245,8276,8232,8200,8223,8241,8223,8159,8163,8188,26.742855072021484,sil,False
113,8173,8175,8223,8204,8222,8270,8224,8198,8220,8223,8210,8161,8161,8156,26.75086879730225,sil,False
114,8165,8148,8191,8189,8224,8275,8245,8216,8145,8248,8198,8130,8157,8141,26.75892996788025,sil,False
115,8192,8178,8202,8197,8215,8273,8238,8230,8264,8245,8195,8174,8171,8162,26.766950130462646,sil,False
116,8154,8153,8198,8185,8221,8260,8228,8209,8185,8239,8218,8146,8166,8159,26.774779796600345,sil,False
117,8171,8171,8214,8203,8219,8263,8216,8213,8193,8228,8206,8157,8161,8170,26.78277993202209,sil,False
118,8210,8191,8226,8211,8220,8260,8218,8224,8243,8237,8192,8170,8163,8184,26.78998017311096,sil,False
119,8224,8178,8237,8203,8240,8261,8229,8210,8183,8250,8217,8151,8168,8203,26.79745078086853,sil,False
120,8229,8195,8261,8207,8219,8261,8208,8206,8271,8208,8210,8192,8173,8210,26.805450201034542,sil,False
121,8226,8172,8244,8201,8213,8251,8214,8206,8195,8219,8205,8157,8156,8193,26.81345057487488,sil,False
122,8262,8185,8255,8213,8221,8257,8220,8211,8212,8241,8215,8172,8163,8211,26.821451425552368,sil,False
123,8242,8183,8264,8202,8214,8247,8202,8201,8249,8216,8216,8187,8172,8206,26.82945704460144,sil,False
124,8207,8158,8249,8201,8224,8228,8199,8187,8128,8210,8223,8148,8166,8187,26.83732008934021,sil,False
125,8226,8196,8263,8232,8221,8231,8194,8200,8213,8207,8217,8191,8175,8185,26.845827341079712,sil,False
126,8202,8171,8231,8212,8226,8226,8208,8192,8145,8214,8206,8151,8160,8164,26.85282731056213,sil,False
126,8202,8171,8231,8212,8226,8226,8208,8192,8145,8214,8206,8151,8160,8164,26.853275537490845,sil,False
127,8173,8157,8200,8190,8219,8224,8206,8179,8089,8192,8171,8131,8151,8147,26.86128306388855,sil,False
240,8142,8161,8191,8182,8203,8222,8192,8183,8128,8165,8145,8152,8160,8121,26.869282960891724,sil,False
0,8148,8143,8180,8179,8218,8223,8209,8187,8048,8191,8166,8130,8159,8128,26.87728476524353,sil,False
1,8189,8173,8198,8192,8205,8228,8206,8197,8155,8195,8175,8174,8171,8165,26.884836435318,sil,False
2,8172,8159,8194,8181,8202,8218,8206,8193,8130,8199,8182,8149,8166,8163,26.89315938949585,sil,False
3,8186,8167,8211,8187,8222,8214,8208,8196,8114,8206,8182,8148,8167,8177,26.901158809661865,sil,False
4,8197,8184,8240,8195,8223,8208,8203,8200,8205,8196,8177,8181,8174,8189,26.90898919105529,sil,False
5,8183,8157,8238,8191,8227,8208,8217,8193,8128,8210,8192,8145,8165,8190,26.916953086853027,sil,False
6,8201,8184,8255,8201,8210,8217,8207,8207,8211,8194,8182,8186,8173,8205,26.92398834228516,sil,False
7,8189,8169,8245,8193,8208,8207,8207,8211,8188,8201,8182,8173,8169,8193,26.93126654624939,sil,False
7,8189,8169,8245,8193,8208,8207,8207,8211,8188,8201,8182,8173,8169,8193,26.93226456642151,sil,False
8,8213,8167,8241,8206,8216,8197,8213,8209,8155,8224,8194,8154,8166,8199,26.93998980522156,sil,False
9,8231,8195,8252,8218,8199,8188,8203,8212,8237,8214,8180,8182,8174,8202,26.948018550872803,sil,False
10,8207,8174,8231,8202,8206,8183,8219,8200,8120,8218,8178,8141,8163,8180,26.95622658729553,sil,False
11,8207,8185,8228,8201,8205,8185,8212,8193,8172,8195,8170,8168,8161,8174,26.963987350463867,sil,False
12,8170,8161,8209,8183,8207,8179,8205,8193,8178,8187,8176,8163,8158,8158,26.971612691879272,sil,False
13,8162,8157,8202,8183,8209,8187,8217,8205,8143,8207,8184,8150,8164,8153,26.979612588882446,sil,False
14,8173,8184,8210,8185,8188,8187,8205,8203,8237,8199,8166,8177,8176,8151,26.986621856689453,sil,False
15,8147,8152,8190,8169,8197,8181,8204,8184,8141,8215,8174,8130,8163,8148,26.994982481002808,sil,False
16,8165,8175,8208,8196,8193,8192,8207,8202,8210,8215,8179,8164,8165,8167,27.002976894378666,sil,False
17,8184,8175,8212,8194,8183,8177,8219,8208,8230,8212,8179,8173,8166,8168,27.0109806060791,sil,False
18,8198,8157,8206,8177,8190,8162,8217,8186,8126,8207,8184,8147,8166,8182,27.018993139266968,sil,False
19,8197,8186,8226,8188,8178,8167,8185,8188,8200,8175,8177,8185,8174,8187,27.02701020240784,sil,False
20,8195,8168,8218,8191,8191,8164,8199,8196,8136,8184,8185,8152,8160,8171,27.034987211227417,sil,False
21,8227,8180,8229,8199,8194,8166,8210,8204,8174,8191,8180,8174,8163,8184,27.04300355911255,sil,False
22,8195,8178,8233,8190,8183,8167,8201,8204,8199,8193,8183,8176,8169,8170,27.050986528396606,sil,False
23,8200,8174,8233,8204,8202,8179,8212,8203,8140,8215,8201,8147,8167,8162,27.05801033973694,sil,False
24,8233,8207,8256,8225,8203,8183,8209,8204,8238,8202,8192,8195,8173,8169,27.06600856781006,sil,False
25,8187,8176,8235,8202,8209,8161,8204,8192,8139,8203,8201,8159,8168,8146,27.074224948883057,sil,False
26,8185,8181,8224,8206,8207,8160,8197,8201,8150,8206,8200,8162,8175,8150,27.081222772598267,sil,False
26,8185,8181,8224,8206,8207,8160,8197,8201,8150,8206,8200,8162,8175,8150,27.0822229385376,sil,False
27,8188,8185,8208,8197,8202,8167,8211,8202,8199,8204,8181,8165,8168,8151,27.09022307395935,sil,False
28,8160,8161,8179,8172,8203,8165,8217,8182,8091,8207,8171,8123,8149,8136,27.0972228050232,sil,False
28,8160,8161,8179,8172,8203,8165,8217,8182,8091,8207,8171,8123,8149,8136,27.098223209381104,sil,False
29,8155,8178,8187,8177,8172,8155,8176,8181,8145,8182,8151,8163,8157,8127,27.10598087310791,sil,False
30,8160,8152,8182,8175,8178,8155,8182,8180,8073,8196,8166,8141,8161,8132,27.11398410797119,sil,False
31,8186,8167,8196,8190,8199,8174,8199,8187,8096,8202,8189,8159,8176,8166,27.120968103408813,sil,False
32,8167,8179,8203,8189,8184,8165,8182,8183,8156,8179,8173,8181,8175,8160,27.128986120224,sil,False
33,8163,8149,8189,8173,8177,8156,8183,8169,8039,8195,8162,8139,8155,8152,27.136950254440308,sil,False
34,8196,8174,8220,8185,8173,8164,8183,8186,8145,8199,8169,8184,8172,8180,27.144986867904663,sil,False
35,8173,8167,8223,8181,8189,8160,8191,8192,8141,8211,8190,8162,8177,8170,27.15298748016357,sil,False
36,8184,8182,8229,8190,8194,8164,8194,8196,8128,8218,8182,8153,8167,8161,27.16141557693481,sil,False
37,8206,8200,8241,8205,8186,8165,8198,8204,8190,8208,8167,8178,8165,8158,27.168407201766968,sil,False
38,8205,8177,8229,8209,8207,8168,8211,8191,8101,8223,8186,8144,8162,8160,27.1769437789917,sil,False
39,8205,8196,8237,8205,8202,8181,8190,8187,8185,8204,8183,8184,8173,8167,27.18498730659485,sil,False
40,8169,8178,8208,8175,8199,8173,8192,8192,8144,8202,8173,8159,8166,8143,27.191986560821533,sil,False
41,8181,8175,8188,8183,8203,8167,8198,8190,8094,8209,8167,8140,8161,8147,27.19955825805664,sil,False
42,8174,8182,8192,8185,8186,8168,8175,8174,8153,8180,8160,8167,8163,8144,27.207568168640137,sil,False
42,8174,8182,8192,8185,8186,8168,8175,8174,8153,8180,8160,8167,8163,8144,27.208559274673465,sil,False
43,8133,8154,8183,8179,8197,8174,8178,8163,8046,8184,8171,8130,8154,8125,27.21598649024964,sil,False
44,8159,8184,8199,8204,8194,8180,8171,8172,8117,8184,8168,8166,8172,8138,27.22403383255005,sil,False
45,8163,8167,8196,8181,8189,8171,8169,8168,8107,8192,8185,8163,8177,8147,27.23198723793029,sil,False
46,8186,8168,8203,8172,8200,8170,8191,8181,8092,8213,8196,8154,8172,8172,27.23965859413147,sil,False
47,8208,8197,8219,8192,8194,8166,8196,8192,8209,8208,8177,8178,8174,8187,27.24665760993957,sil,False
48,8183,8157,8205,8178,8194,8157,8198,8181,8113,8210,8190,8141,8164,8180,27.254987955093384,sil,False
49,8199,8178,8234,8189,8186,8157,8196,8203,8197,8209,8193,8187,8171,8195,27.26430058479309,sil,False
50,8210,8187,8239,8198,8199,8148,8217,8216,8243,8235,8192,8175,8170,8197,27.271300315856934,sil,False
51,8203,8169,8220,8191,8215,8149,8215,8201,8170,8240,8192,8135,8163,8185,27.27831721305847,sil,False
51,8203,8169,8220,8191,8215,8149,8215,8201,8170,8240,8192,8135,8163,8185,27.279327869415283,sil,False
52,8179,8180,8218,8185,8188,8146,8182,8200,8220,8200,8158,8171,8163,8156,27.28729557991028,sil,False
53,8157,8163,8201,8180,8195,8137,8200,8192,8121,8214,8149,8139,8154,8135,27.29529571533203,sil,False
54,8166,8184,8203,8190,8206,8149,8196,8183,8160,8203,8162,8160,8166,8143,27.302987337112427,sil,False
55,8140,8172,8183,8171,8197,8146,8175,8175,8163,8181,8171,8157,8166,8122,27.31095814704895,sil,False
56,8145,8152,8161,8160,8193,8132,8182,8168,8069,8192,8157,8123,8155,8116,27.317959308624268,sil,False
57,8159,8172,8182,8165,8181,8131,8171,8167,8142,8172,8138,8160,8166,8128,27.32598614692688,sil,False
58,8141,8152,8187,8161,8197,8142,8178,8168,8081,8190,8170,8140,8163,8132,27.33399081230164,sil,False
59,8185,8176,8204,8183,8192,8146,8178,8179,8144,8203,8176,8167,8167,8166,27.34198236465454,sil,False
60,8188,8167,8196,8163,8170,8121,8170,8171,8163,8181,8150,8171,8166,8170,27.34998679161072,sil,False
61,8156,8139,8181,8139,8174,8127,8176,8164,8063,8181,8162,8139,8162,8160,27.35808491706848,sil,False
62,8162,8172,8205,8162,8168,8153,8178,8186,8189,8187,8187,8182,8176,8166,27.36609649658203,sil,False
63,8172,8154,8202,8171,8179,8138,8196,8185,8139,8212,8212,8152,8162,8163,27.37398743629456,sil,False
64,8207,8172,8224,8186,8183,8118,8188,8183,8147,8200,8219,8165,8161,8177,27.38098692893982,sil,False
65,8200,8189,8234,8190,8181,8113,8179,8192,8208,8180,8217,8174,8170,8164,27.38898658752441,sil,False
66,8192,8166,8206,8182,8206,8116,8197,8182,8109,8192,8215,8132,8164,8151,27.397536277771,sil,False
67,8190,8183,8204,8173,8197,8118,8177,8174,8164,8163,8196,8173,8163,8157,27.40453505516052,sil,False
67,8190,8183,8204,8173,8197,8118,8177,8174,8164,8163,8196,8173,8163,8157,27.40553569793701,sil,False
68,8147,8163,8183,8154,8197,8131,8175,8177,8107,8164,8198,8146,8158,8144,27.41305494308472,sil,False
69,8169,8175,8181,8176,8210,8163,8200,8191,8137,8189,8188,8149,8169,8157,27.42105770111084,sil,False
70,8167,8177,8182,8176,8206,8162,8195,8183,8199,8193,8174,8171,8176,8157,27.42906951904297,sil,False
71,8140,8144,8166,8154,8208,8150,8186,8173,8081,8209,8198,8135,8167,8152,27.43711948394776,sil,False
72,8171,8178,8189,8175,8198,8162,8180,8184,8177,8206,8194,8180,8174,8172,27.44464921951294,sil,False
73,8164,8165,8189,8172,8211,8164,8185,8167,8145,8199,8178,8161,8172,8175,27.452657222747803,sil,False
74,8161,8163,8186,8172,8213,8166,8164,8159,8111,8182,8176,8148,8173,8187,27.459662914276123,sil,False
75,8174,8181,8188,8177,8185,8166,8149,8168,8180,8172,8159,8163,8169,8178,27.46768474578857,sil,False
75,8174,8181,8188,8177,8185,8166,8149,8168,8180,8172,8159,8163,8169,8178,27.468679904937744,sil,False
76,8178,8156,8177,8163,8191,8164,8178,8158,8082,8185,8145,8126,8153,8159,27.47621178627014,sil,False
77,8186,8172,8200,8169,8191,8177,8180,8169,8166,8162,8133,8176,8165,8164,27.48422718048096,sil,False
78,8179,8158,8206,8172,8196,8179,8195,8186,8176,8175,8150,8166,8166,8161,27.49222207069397,sil,False
79,8217,8163,8231,8189,8209,8182,8207,8181,8168,8203,8166,8157,8166,8186,27.499956846237183,sil,False
80,8224,8191,8257,8203,8206,8180,8178,8173,8248,8190,8157,8193,8176,8190,27.507959842681885,sil,False
81,8197,8172,8226,8192,8218,8182,8181,8167,8141,8207,8156,8143,8162,8159,27.514968872070312,sil,False
82,8190,8182,8210,8191,8210,8199,8185,8179,8204,8197,8145,8159,8166,8152,27.52300071716309,sil,False
83,8128,8151,8180,8166,8206,8193,8180,8180,8182,8193,8148,8147,8168,8136,27.530986547470093,sil,False
84,8122,8145,8164,8166,8212,8187,8180,8177,8122,8219,8150,8135,8165,8141,27.538918018341064,sil,False
84,8122,8145,8164,8166,8212,8187,8180,8177,8122,8219,8150,8135,8165,8141,27.539925575256348,sil,False
85,8147,8168,8173,8165,8191,8181,8171,8172,8205,8198,8146,8175,8167,8152,27.54701280593872,sil,False
86,8128,8132,8160,8140,8198,8176,8181,8165,8101,8192,8175,8138,8157,8149,27.55500555038452,sil,False
87,8158,8168,8184,8165,8201,8185,8184,8183,8167,8195,8164,8166,8165,8166,27.562987089157104,sil,False
88,8171,8177,8187,8173,8203,8175,8191,8180,8192,8197,8144,8163,8166,8164,27.571191787719727,sil,False
89,8169,8158,8185,8171,8216,8169,8185,8168,8127,8194,8161,8147,8165,8172,27.577468395233154,sil,False
90,8195,8187,8220,8191,8197,8172,8163,8178,8226,8176,8158,8194,8177,8187,27.585479259490967,sil,False
90,8195,8187,8220,8191,8197,8172,8163,8178,8226,8176,8158,8194,8177,8187,27.58647608757019,sil,False
91,8212,8173,8222,8191,8203,8172,8185,8174,8150,8198,8154,8160,8170,8192,27.593474626541138,sil,False
92,8224,8184,8235,8197,8216,8178,8190,8180,8201,8201,8154,8186,8174,8205,27.60198998451233,sil,False
93,8208,8180,8249,8197,8220,8176,8181,8187,8241,8203,8160,8195,8172,8201,27.6098210811615,sil,False
94,8219,8166,8252,8200,8225,8182,8190,8175,8159,8221,8168,8165,8167,8207,27.61782193183899,sil,False
95,8213,8186,8255,8207,8210,8183,8175,8170,8224,8194,8151,8193,8175,8198,27.62588262557984,sil,False
96,8173,8161,8218,8194,8220,8170,8180,8172,8133,8194,8144,8145,8163,8164,27.63364839553833,sil,False
97,8194,8179,8210,8201,8225,8180,8187,8181,8180,8203,8141,8161,8170,8176,27.6421856880188,sil,False
98,8173,8180,8203,8186,8219,8192,8182,8178,8233,8204,8144,8172,8170,8169,27.64918684959412,sil,False
99,8156,8159,8186,8172,8220,8188,8178,8169,8114,8208,8142,8127,8151,8149,27.65694999694824,sil,False
100,8193,8193,8203,8188,8205,8176,8163,8173,8202,8185,8121,8173,8167,8162,27.66498708724976,sil,False
101,8169,8168,8189,8177,8222,8168,8181,8166,8169,8195,8146,8158,8173,8168,27.672526597976685,sil,False
102,8167,8167,8193,8186,8218,8180,8184,8173,8173,8193,8158,8164,8165,8174,27.68052768707276,sil,False
103,8173,8176,8191,8186,8183,8178,8172,8171,8199,8173,8130,8170,8156,8164,27.6889808177948,sil,False
104,8162,8157,8179,8174,8190,8174,8182,8151,8105,8184,8133,8139,8155,8167,27.69694972038269,sil,False
105,8170,8176,8208,8189,8187,8183,8170,8163,8213,8171,8133,8191,8167,8179,27.70397424697876,sil,False
106,8172,8149,8197,8180,8179,8185,8174,8168,8159,8176,8126,8163,8161,8169,27.711974143981934,sil,False
107,8206,8160,8205,8187,8176,8189,8180,8167,8158,8189,8132,8167,8170,8195,27.71998620033264,sil,False
108,8211,8180,8233,8204,8173,8181,8175,8177,8267,8185,8143,8201,8178,8201,27.72824168205261,sil,False
109,8215,8160,8223,8206,8192,8189,8190,8176,8186,8209,8146,8156,8164,8184,27.73624300956726,sil,False
110,8231,8183,8220,8201,8189,8205,8182,8177,8240,8199,8128,8177,8166,8179,27.7443950176239,sil,False
111,8183,8158,8194,8174,8189,8186,8177,8172,8184,8189,8132,8150,8159,8149,27.75198245048523,sil,False
112,8189,8164,8183,8189,8187,8181,8187,8179,8151,8188,8118,8137,8157,8142,27.7595853805542,sil,False
113,8190,8185,8181,8191,8174,8194,8181,8175,8220,8174,8093,8164,8165,8143,27.767984628677368,sil,False
114,8145,8146,8166,8171,8188,8189,8179,8157,8124,8187,8114,8136,8159,8129,27.774982929229736,sil,False
115,8151,8164,8176,8191,8173,8178,8167,8165,8193,8167,8104,8172,8164,8132,27.782997369766235,sil,False
115,8151,8164,8176,8191,8173,8178,8167,8165,8193,8167,8104,8172,8164,8132,27.78336763381958,sil,False
116,8140,8152,8145,8173,8163,8162,8166,8154,8135,8148,8089,8145,8160,8118,27.790460109710693,sil,False
117,8138,8147,8133,8154,8166,8167,8157,8143,8069,8151,8105,8134,8159,8116,27.798460960388184,sil,False
117,8138,8147,8133,8154,8166,8167,8157,8143,8069,8151,8105,8134,8159,8116,27.79945397377014,sil,False
118,8171,8178,8181,8178,8157,8173,8155,8160,8193,8155,8115,8187,8170,8138,27.80646538734436,sil,False
119,8206,8166,8203,8197,8181,8174,8190,8166,8143,8184,8136,8163,8167,8171,27.81498622894287,sil,False
120,8223,8186,8222,8207,8172,8175,8168,8162,8205,8165,8140,8199,8180,8192,27.822509050369263,sil,False
120,8223,8186,8222,8207,8172,8175,8168,8162,8205,8165,8140,8199,8180,8192,27.823506832122803,sil,False
121,8193,8170,8219,8196,8147,8154,8138,8152,8170,8147,8141,8189,8172,8164,27.83092379570008,sil,False
122,8217,8165,8230,8209,8161,8153,8154,8152,8105,8165,8154,8170,8165,8171,27.837918281555176,sil,False
123,8231,8191,8255,8219,8172,8169,8163,8159,8250,8180,8171,8218,8182,8193,27.84598731994629,sil,False
124,8186,8158,8236,8197,8193,8173,8176,8167,8217,8222,8199,8182,8180,8181,27.853986978530884,sil,False
125,8205,8177,8241,8211,8195,8177,8177,8191,8284,8229,8197,8201,8187,8188,27.86245632171631,sil,False
126,8210,8177,8236,8214,8190,8171,8183,8189,8292,8216,8189,8197,8174,8190,27.86946129798889,sil,False
126,8210,8177,8236,8214,8190,8171,8183,8189,8292,8216,8189,8197,8174,8190,27.870466947555546,sil,False
127,8202,8164,8220,8213,8191,8171,8188,8171,8190,8200,8180,8162,8154,8192,27.87832617759705,sil,False
240,8211,8189,8219,8215,8178,8166,8171,8168,8242,8157,8142,8190,8164,8182,27.886327266693115,sil,False
0,8197,8165,8198,8191,8190,8145,8177,8150,8129,8156,8130,8153,8160,8162,27.89398694038391,sil,False
1,8199,8176,8206,8192,8181,8138,8162,8141,8141,8145,8127,8171,8160,8174,27.90200448036194,sil,False
2,8185,8175,8199,8179,8162,8131,8148,8144,8157,8138,8126,8171,8160,8166,27.91000294685364,sil,False
3,8199,8161,8191,8171,8175,8126,8160,8147,8088,8162,8140,8143,8163,8171,27.917003870010376,sil,False
4,8220,8188,8221,8195,8172,8119,8152,8157,8210,8147,8142,8200,8180,8195,27.925007104873657,sil,False
5,8206,8168,8214,8197,8180,8106,8165,8154,8149,8160,8154,8175,8174,8193,27.93300747871399,sil,False
6,8226,8181,8228,8210,8179,8110,8169,8162,8169,8175,8159,8193,8173,8207,27.940513610839844,sil,False
7,8216,8186,8243,8214,8168,8105,8154,8163,8219,8166,8161,8210,8173,8201,27.9485137462616,sil,False
8,8215,8167,8226,8211,8184,8104,8159,8150,8125,8176,8174,8169,8168,8197,27.956515073776245,sil,False
9,8226,8185,8226,8205,8174,8112,8148,8155,8210,8167,8164,8207,8176,8204,27.964514017105103,sil,False
10,8182,8149,8194,8176,8168,8108,8154,8155,8147,8179,8164,8169,8164,8177,27.97151565551757,sil,False
11,8189,8154,8183,8180,8177,8107,8166,8165,8135,8185,8147,8156,8158,8164,27.9799919128418,sil,False
12,8188,8164,8174,8168,8177,8111,8166,8164,8165,8173,8112,8160,8155,8147,27.988035917282104,sil,False
13,8155,8130,8140,8145,8181,8111,8177,8150,8054,8179,8104,8114,8147,8132,27.99599266052246,yes,True
14,8144,8151,8139,8157,8164,8070,8158,8153,8137,8150,8087,8156,8155,8125,28.003986120224,yes,True
15,8119,8139,8124,8152,8169,8032,8148,8144,8072,8149,8084,8138,8148,8104,28.011986255645752,yes,True
16,8144,8145,8125,8159,8178,8077,8162,8149,8062,8170,8095,8142,8156,8125,28.01998925209045,yes,True
16,8144,8145,8125,8159,8178,8077,8162,8149,8062,8170,8095,8142,8156,8125,28.020405292510983,yes,True
17,8151,8158,8130,8156,8174,8123,8171,8160,8175,8166,8103,8171,8173,8140,28.027980089187626,yes,True
18,8134,8134,8123,8140,8188,8145,8174,8146,8074,8164,8118,8138,8164,8140,28.034991025924683,yes,True
19,8151,8163,8148,8152,8169,8179,8144,8141,8131,8137,8110,8180,8165,8153,28.042988777160645,yes,True
20,8127,8143,8132,8145,8160,8182,8140,8143,8105,8135,8106,8153,8152,8126,28.05106830596924,yes,True
21,8143,8143,8121,8152,8168,8180,8151,8143,8070,8139,8093,8134,8148,8113,28.0591037273407,yes,True
22,8171,8175,8149,8168,8161,8204,8153,8144,8157,8130,8090,8175,8164,8123,28.06709384918213,yes,True
23,8161,8154,8161,8174,8180,8218,8175,8151,8100,8169,8135,8150,8167,8139,28.074987411499023,yes,True
24,8177,8173,8172,8193,8181,8206,8173,8168,8202,8183,8139,8180,8174,8153,28.0829873085022,yes,True
25,8157,8153,8143,8166,8183,8191,8173,8159,8170,8174,8121,8160,8166,8127,28.09039258956909,yes,True
26,8142,8140,8125,8158,8192,8200,8176,8153,8099,8171,8113,8134,8159,8112,28.09838271141052,yes,True
27,8136,8162,8137,8173,8183,8194,8170,8164,8195,8168,8099,8157,8166,8105,28.10582184791565,yes,True
28,8120,8139,8124,8155,8199,8172,8182,8154,8106,8190,8106,8121,8156,8103,28.113725423812863,yes,True
29,8146,8164,8144,8164,8194,8175,8169,8155,8160,8168,8109,8169,8165,8132,28.122057676315308,yes,True
30,8146,8162,8146,8167,8185,8177,8172,8159,8166,8157,8117,8173,8171,8142,28.130083084106445,yes,True
31,8150,8152,8136,8161,8196,8177,8187,8159,8103,8178,8126,8147,8164,8152,28.138108253479004,yes,True
32,8158,8172,8144,8154,8186,8170,8170,8159,8191,8165,8111,8182,8168,8157,28.14561438560486,yes,True
33,8152,8150,8131,8138,8191,8159,8187,8153,8107,8173,8115,8142,8162,8147,28.153714895248413,yes,True
34,8176,8177,8156,8158,8193,8169,8202,8173,8178,8171,8121,8173,8172,8168,28.161912202835083,yes,True
35,8171,8173,8170,8163,8204,8162,8201,8181,8227,8172,8124,8180,8169,8173,28.168789386749268,yes,True
36,8187,8157,8165,8162,8221,8156,8203,8165,8142,8179,8132,8149,8164,8177,28.176851511001587,yes,True
37,8197,8188,8181,8172,8203,8165,8190,8165,8232,8154,8142,8201,8181,8187,28.18485188484192,yes,True
38,8168,8163,8173,8169,8214,8170,8203,8165,8189,8184,8169,8178,8174,8182,28.192987203598022,yes,True
39,8203,8178,8186,8181,8217,8165,8200,8165,8223,8205,8155,8180,8167,8191,28.20086240768433,yes,True
40,8200,8191,8181,8170,8200,8150,8185,8156,8215,8181,8128,8176,8159,8177,28.20886254310608,yes,True
41,8169,8174,8162,8163,8214,8154,8190,8156,8109,8177,8137,8144,8150,8167,28.216944932937626,yes,True
42,8168,8187,8171,8178,8209,8153,8184,8168,8208,8161,8118,8181,8160,8159,28.22497320175171,yes,True
43,8161,8157,8154,8172,8207,8135,8193,8163,8138,8163,8105,8146,8155,8140,28.23198652267456,yes,True
44,8186,8174,8172,8183,8205,8152,8193,8167,8159,8166,8124,8169,8166,8168,28.24046540260315,yes,True
45,8178,8180,8189,8181,8197,8162,8184,8177,8232,8174,8146,8196,8174,8176,28.24798607826233,yes,True
46,8182,8156,8177,8178,8207,8153,8208,8179,8154,8200,8157,8157,8165,8175,28.256511449813843,yes,True
47,8211,8182,8195,8193,8201,8159,8207,8178,8251,8178,8146,8194,8171,8192,28.26361632347107,yes,True
48,8168,8158,8187,8178,8203,8157,8189,8158,8180,8169,8160,8166,8164,8172,28.27160906791687,yes,True
48,8168,8158,8187,8178,8203,8157,8189,8158,8180,8169,8160,8166,8164,8172,28.27260422706604,yes,True
49,8175,8163,8185,8183,8206,8154,8180,8165,8159,8181,8160,8166,8160,8169,28.279836893081665,yes,True
50,8196,8175,8186,8183,8204,8151,8184,8177,8236,8184,8141,8184,8164,8173,28.287771701812744,yes,True
51,8181,8154,8178,8178,8217,8158,8198,8163,8151,8195,8154,8145,8166,8167,28.29579782485962,yes,True
52,8182,8183,8192,8190,8197,8160,8181,8169,8235,8179,8144,8184,8173,8159,28.30279016494751,yes,True
53,8155,8154,8161,8164,8187,8142,8179,8167,8166,8174,8127,8151,8154,8129,28.311336994171143,yes,True
54,8153,8143,8152,8157,8183,8144,8167,8155,8091,8156,8121,8139,8149,8123,28.31917643547058,yes,True
55,8154,8167,8170,8166,8165,8144,8152,8150,8147,8130,8111,8171,8160,8112,28.32713770866394,yes,True
56,8159,8145,8165,8159,8175,8133,8178,8142,8060,8152,8118,8136,8156,8109,28.33513879776001,yes,True
57,8172,8163,8184,8167,8165,8133,8170,8150,8145,8142,8124,8180,8169,8135,28.34339547157288,yes,True
58,8143,8156,8175,8167,8163,8135,8163,8160,8136,8146,8136,8171,8171,8131,28.35139536857605,yes,True
59,8172,8162,8168,8179,8179,8136,8181,8168,8117,8171,8132,8158,8166,8142,28.358986139297485,yes,True
60,8191,8174,8180,8172,8165,8120,8173,8163,8198,8151,8118,8187,8168,8148,28.36546778678894,yes,True
61,8159,8147,8168,8151,8164,8107,8170,8152,8086,8151,8133,8142,8159,8131,28.373470067977905,yes,True
62,8182,8183,8193,8184,8156,8126,8172,8171,8172,8160,8130,8174,8171,8141,28.38198685646057,yes,True
63,8193,8179,8198,8184,8158,8140,8196,8172,8211,8187,8135,8178,8170,8147,28.39007592201233,yes,True
64,8188,8163,8180,8165,8169,8142,8201,8163,8167,8198,8148,8163,8160,8147,28.398080825805664,yes,True
65,8167,8176,8172,8164,8152,8129,8171,8167,8221,8163,8128,8183,8164,8122,28.40598773956299,yes,True
66,8146,8145,8151,8153,8153,8117,8177,8154,8089,8167,8120,8131,8156,8096,28.41436505317688,yes,True
67,8173,8169,8169,8168,8154,8129,8180,8158,8145,8161,8126,8170,8166,8117,28.42236590385437,yes,True
68,8166,8174,8172,8174,8152,8125,8182,8177,8201,8165,8151,8184,8171,8124,28.42938041687012,yes,True
69,8176,8168,8167,8173,8155,8125,8197,8181,8151,8186,8162,8161,8166,8130,28.43695187568665,yes,True
70,8180,8193,8187,8174,8141,8119,8179,8171,8231,8158,8137,8194,8169,8123,28.44498872756958,yes,True
71,8149,8161,8174,8161,8152,8097,8170,8155,8134,8161,8139,8145,8157,8098,28.45302104949951,yes,True
72,8185,8177,8188,8173,8151,8094,8169,8166,8172,8175,8141,8172,8168,8119,28.461036443710327,sil,False
73,8184,8177,8200,8168,8144,8086,8171,8167,8204,8173,8162,8191,8169,8122,28.469030380249023,sil,False
74,8171,8157,8194,8176,8159,8083,8179,8158,8135,8181,8220,8155,8158,8118,28.477068185806274,sil,False
75,8192,8189,8209,8196,8153,8098,8175,8171,8260,8183,8255,8195,8172,8136,28.484987497329712,sil,False
76,8177,8175,8199,8184,8163,8105,8186,8171,8214,8213,8277,8166,8165,8139,28.49298667907715,sil,False
77,8189,8182,8201,8199,8161,8099,8173,8169,8235,8206,8269,8174,8163,8140,28.49998617172241,sil,False
78,8175,8172,8190,8195,8151,8088,8165,8164,8258,8180,8257,8177,8163,8120,28.50823664665222,sil,False
79,8156,8146,8168,8175,8164,8088,8183,8156,8137,8180,8261,8138,8152,8108,28.51598644256592,sil,False
80,8176,8173,8178,8175,8145,8072,8166,8160,8197,8156,8238,8177,8153,8105,28.52395915985108,sil,False
81,8171,8154,8170,8167,8151,8053,8174,8162,8137,8165,8248,8155,8155,8104,28.531970739364624,sil,False
82,8189,8170,8190,8191,8172,8077,8191,8180,8187,8181,8278,8171,8167,8134,28.53950500488281,sil,False
82,8189,8170,8190,8191,8172,8077,8191,8180,8187,8181,8278,8171,8167,8134,28.54051661491394,sil,False
83,8185,8176,8193,8192,8170,8083,8183,8179,8256,8172,8269,8181,8161,8126,28.548516511917114,sil,False
84,8167,8146,8167,8170,8176,8068,8177,8154,8128,8175,8252,8132,8147,8108,28.556516647338867,sil,False
85,8181,8179,8190,8188,8168,8076,8168,8165,8230,8170,8255,8180,8168,8129,28.562986850738525,sil,False
85,8181,8179,8190,8188,8168,8076,8168,8165,8230,8170,8255,8180,8168,8129,28.56352210044861,sil,False
86,8185,8168,8190,8186,8175,8085,8191,8181,8238,8192,8285,8174,8173,8142,28.571064949035645,sil,False
87,8199,8170,8192,8185,8182,8089,8195,8188,8237,8194,8288,8176,8171,8157,28.57844829559326,sil,False
87,8199,8170,8192,8185,8182,8089,8195,8188,8237,8194,8288,8176,8171,8157,28.57943367958069,sil,False
88,8181,8182,8184,8189,8173,8085,8179,8190,8286,8180,8264,8186,8168,8149,28.58743715286255,sil,False
89,8171,8155,8157,8177,8180,8090,8189,8177,8169,8195,8263,8139,8151,8138,28.59498691558838,sil,False
89,8171,8155,8157,8177,8180,8090,8189,8177,8169,8195,8263,8139,8151,8138,28.59554696083069,sil,False
90,8187,8173,8176,8176,8162,8096,8169,8171,8228,8165,8254,8175,8160,8147,28.60298800468445,sil,False
91,8164,8156,8162,8165,8155,8082,8161,8168,8183,8164,8250,8157,8162,8127,28.610987186431885,sil,False
92,8173,8156,8149,8168,8166,8084,8176,8178,8153,8187,8252,8159,8163,8132,28.61955761909485,sil,False
93,8170,8170,8165,8166,8162,8086,8176,8187,8233,8169,8250,8194,8170,8139,28.62657165527344,sil,False
94,8161,8145,8157,8160,8176,8075,8188,8183,8133,8178,8262,8145,8164,8137,28.63413643836975,sil,False
95,8188,8171,8168,8175,8169,8078,8180,8188,8210,8181,8253,8178,8171,8153,28.641986846923828,sil,False
96,8161,8157,8162,8168,8157,8082,8178,8191,8203,8188,8257,8167,8165,8140,28.64998579025269,sil,False
97,8173,8151,8159,8177,8160,8090,8187,8190,8162,8198,8260,8142,8161,8144,28.658005714416504,sil,False
98,8188,8173,8162,8175,8159,8087,8177,8185,8245,8175,8243,8175,8166,8146,28.666006565094,sil,False
99,8161,8146,8152,8155,8179,8081,8183,8175,8143,8182,8255,8147,8157,8135,28.673986673355103,sil,False
100,8186,8168,8172,8175,8167,8086,8177,8180,8205,8180,8253,8185,8167,8152,28.682013273239136,sil,False
101,8172,8158,8161,8166,8158,8074,8172,8171,8197,8181,8246,8176,8163,8147,28.690018892288208,sil,False
102,8168,8153,8158,8169,8172,8078,8175,8172,8123,8190,8241,8145,8158,8149,28.69694972038269,sil,False
103,8199,8181,8184,8187,8162,8086,8174,8190,8230,8179,8224,8183,8171,8157,28.704987049102783,sil,False
104,8189,8154,8172,8173,8170,8082,8190,8182,8157,8191,8239,8151,8167,8148,28.7129864692688,sil,False
105,8182,8174,8183,8182,8169,8090,8182,8189,8198,8179,8244,8177,8169,8157,28.72095990180969,sil,False
106,8172,8171,8185,8186,8173,8091,8182,8192,8210,8175,8243,8180,8165,8153,28.72897505760193,sil,False
107,8187,8155,8180,8196,8197,8096,8196,8182,8159,8203,8263,8160,8159,8162,28.73695015907288,sil,False
108,8206,8191,8202,8216,8194,8109,8193,8198,8298,8201,8268,8198,8169,8177,28.74498677253723,sil,False
109,8198,8174,8190,8199,8207,8114,8213,8201,8231,8215,8271,8151,8163,8173,28.75297474861145,sil,False
110,8209,8180,8189,8197,8210,8113,8208,8193,8232,8199,8257,8168,8171,8183,28.76096677780152,sil,False
111,8190,8182,8184,8199,8199,8095,8198,8193,8251,8184,8244,8184,8167,8175,28.76798701286316,sil,False
112,8198,8174,8182,8196,8206,8106,8216,8200,8189,8212,8251,8153,8157,8181,28.77601313591004,sil,False
113,8214,8200,8204,8197,8192,8125,8198,8198,8292,8200,8254,8193,8171,8188,28.78400754928589,sil,False
114,8188,8171,8187,8189,8198,8109,8189,8182,8208,8201,8272,8167,8170,8179,28.79198670387268,sil,False
115,8218,8186,8196,8215,8210,8104,8193,8189,8225,8210,8274,8186,8173,8204,28.799967050552368,sil,False
116,8215,8197,8203,8218,8205,8111,8189,8191,8277,8204,8259,8188,8170,8192,28.80696964263916,sil,False
117,8186,8170,8179,8195,8204,8116,8188,8180,8160,8205,8248,8139,8153,8170,28.81499671936035,sil,False
118,8197,8186,8179,8194,8178,8119,8174,8185,8230,8177,8225,8190,8163,8180,28.822986364364624,sil,False
119,8179,8161,8163,8183,8176,8114,8183,8181,8167,8174,8234,8167,8162,8161,28.83143615722656,sil,False
120,8199,8177,8173,8199,8185,8117,8185,8180,8152,8170,8234,8162,8158,8150,28.83938384056092,sil,False
121,8214,8192,8184,8200,8183,8114,8177,8176,8200,8157,8216,8181,8158,8151,28.84695053100586,sil,False
122,8192,8162,8169,8182,8198,8117,8187,8167,8096,8166,8228,8151,8156,8156,28.854756355285645,sil,False
123,8181,8183,8177,8190,8185,8124,8174,8178,8183,8142,8222,8191,8166,8156,28.862768173217773,sil,False
124,8171,8163,8163,8177,8179,8108,8173,8174,8147,8152,8211,8165,8161,8148,28.87076735496521,sil,False
125,8205,8168,8183,8188,8187,8104,8177,8178,8149,8184,8225,8169,8170,8177,28.87898659706116,sil,False
126,8204,8186,8208,8198,8185,8110,8171,8194,8261,8190,8244,8204,8183,8182,28.88598656654358,sil,False
127,8186,8164,8177,8182,8197,8120,8183,8185,8176,8202,8242,8157,8167,8169,28.89398717880249,sil,False
240,8202,8187,8175,8185,8186,8126,8172,8180,8233,8180,8214,8184,8169,8172,28.90230441093445,sil,False
0,8178,8167,8167,8176,8190,8120,8175,8175,8194,8185,8225,8171,8166,8154,28.9093029499054,sil,False
0,8178,8167,8167,8176,8190,8120,8175,8175,8194,8185,8225,8171,8166,8154,28.91030263900757,sil,False
1,8204,8172,8172,8183,8204,8134,8186,8174,8172,8202,8237,8164,8164,8163,28.918172121047974,sil,False
1,8204,8172,8172,8183,8204,8134,8186,8174,8172,8202,8237,8164,8164,8163,28.91828775405884,sil,False
2,8221,8198,8195,8195,8191,8137,8172,8179,8257,8174,8216,8194,8168,8166,28.925931692123413,sil,False
3,8192,8168,8186,8190,8200,8123,8180,8182,8146,8175,8226,8150,8158,8143,28.93384790420532,sil,False
4,8208,8190,8187,8195,8193,8121,8181,8186,8210,8166,8225,8181,8167,8152,28.94137525558472,sil,False
5,8187,8180,8171,8174,8191,8109,8178,8169,8205,8157,8220,8174,8164,8160,28.948986530303955,sil,False
6,8183,8168,8177,8181,8203,8108,8174,8166,8158,8169,8229,8164,8163,8168,28.956949710845947,sil,False
7,8198,8188,8198,8196,8191,8120,8164,8181,8256,8171,8233,8203,8171,8172,28.96498680114746,sil,False
8,8178,8162,8182,8174,8193,8126,8181,8176,8170,8189,8251,8160,8160,8168,28.97299575805664,sil,False
9,8187,8182,8193,8183,8180,8128,8172,8180,8224,8179,8241,8176,8168,8173,28.98082184791565,sil,False
10,8199,8184,8189,8188,8177,8124,8171,8176,8225,8175,8221,8170,8167,8161,28.988831758499146,sil,False
11,8217,8178,8189,8194,8194,8123,8178,8159,8153,8181,8228,8160,8162,8173,28.99682021141052,sil,False
12,8207,8195,8207,8197,8179,8113,8143,8156,8241,8157,8225,8202,8171,8171,29.00481915473938,sil,False
13,8182,8168,8186,8179,8186,8112,8145,8156,8149,8175,8232,8156,8162,8149,29.012819290161133,sil,False
14,8210,8190,8197,8192,8191,8133,8164,8171,8193,8182,8234,8179,8169,8173,29.019821405410767,sil,False
15,8187,8181,8197,8184,8171,8115,8166,8177,8222,8169,8232,8185,8171,8165,29.02782702445984,sil,False
16,8167,8154,8167,8164,8167,8097,8172,8181,8134,8176,8225,8145,8162,8150,29.03582644462585,sil,False
17,8177,8178,8167,8165,8155,8112,8174,8197,8239,8174,8215,8189,8168,8164,29.04423952102661,sil,False
18,8158,8153,8157,8160,8159,8119,8190,8189,8179,8191,8235,8160,8156,8162,29.052406072616577,sil,False
18,8158,8153,8157,8160,8159,8119,8190,8189,8179,8191,8235,8160,8156,8162,29.0533607006073,sil,False
19,8178,8164,8166,8172,8154,8121,8176,8174,8176,8174,8220,8165,8155,8155,29.05940866470337,sil,False
19,8178,8164,8166,8172,8154,8121,8176,8174,8176,8174,8220,8165,8155,8155,29.0603621006012,sil,False
20,8170,8168,8165,8160,8147,8112,8156,8163,8179,8150,8196,8171,8157,8131,29.06736183166504,sil,False
21,8151,8154,8161,8150,8154,8107,8157,8162,8090,8168,8211,8142,8157,8122,29.075987577438354,sil,False
22,8162,8189,8181,8169,8136,8109,8147,8180,8195,8161,8209,8186,8169,8122,29.083988904953003,sil,False
22,8162,8189,8181,8169,8136,8109,8147,8180,8195,8161,8209,8186,8169,8122,29.084376096725464,sil,False
23,8160,8165,8165,8163,8144,8108,8162,8178,8131,8176,8209,8158,8162,8102,29.09109115600586,sil,False
24,8195,8176,8183,8179,8158,8111,8174,8177,8149,8199,8216,8173,8169,8123,29.099095344543457,sil,False
25,8197,8196,8202,8187,8154,8096,8168,8173,8218,8201,8230,8199,8182,8138,29.106950283050537,sil,False
26,8184,8174,8188,8180,8165,8092,8169,8165,8134,8219,8261,8172,8180,8145,29.11511993408203,sil,False
27,8194,8194,8207,8193,8156,8099,8160,8185,8254,8221,8261,8212,8186,8161,29.122986793518063,sil,False
28,8169,8172,8196,8183,8158,8090,8170,8190,8218,8236,8246,8174,8171,8144,29.13096046447754,sil,False
29,8186,8176,8181,8185,8154,8094,8171,8187,8176,8225,8224,8166,8164,8135,29.139169931411743,sil,False
30,8190,8183,8170,8172,8133,8091,8157,8180,8206,8193,8212,8189,8165,8120,29.1475350856781,sil,False
31,8163,8155,8165,8149,8142,8083,8167,8170,8098,8203,8228,8147,8161,8110,29.15357708930969,sil,False
32,8178,8191,8200,8168,8140,8088,8164,8186,8197,8202,8226,8187,8174,8121,29.16153049468994,sil,False
33,8184,8185,8201,8168,8145,8084,8179,8185,8177,8221,8233,8172,8166,8113,29.169532299041748,sil,False
34,8185,8174,8198,8165,8149,8083,8178,8170,8131,8219,8237,8168,8157,8119,29.17752957344055,sil,False
35,8166,8181,8206,8168,8138,8081,8160,8174,8190,8190,8221,8199,8163,8116,29.18608903884888,sil,False
36,8167,8172,8199,8178,8158,8084,8184,8183,8121,8216,8229,8157,8163,8114,29.19408798217773,sil,False
37,8194,8206,8222,8191,8150,8080,8174,8185,8221,8211,8224,8186,8176,8131,29.20198631286621,sil,False
38,8175,8182,8220,8162,8148,8060,8163,8174,8193,8204,8225,8177,8171,8120,29.210379362106323,sil,False
39,8195,8174,8217,8169,8168,8078,8180,8172,8155,8219,8235,8173,8165,8127,29.21766757965088,sil,False
40,8195,8194,8226,8185,8156,8100,8172,8176,8261,8208,8229,8204,8169,8129,29.224672079086304,sil,False
41,8162,8162,8212,8166,8162,8101,8170,8174,8163,8214,8232,8155,8160,8114,29.232987642288208,sil,False
42,8190,8185,8221,8177,8159,8101,8165,8190,8210,8202,8213,8185,8168,8116,29.241209983825684,sil,False
43,8183,8182,8205,8173,8152,8088,8172,8186,8193,8196,8197,8178,8161,8100,29.2489869594574,sil,False
44,8179,8173,8200,8162,8153,8091,8175,8171,8116,8197,8198,8160,8153,8110,29.25725293159485,sil,False
45,8179,8189,8218,8165,8136,8097,8158,8173,8191,8168,8194,8200,8166,8119,29.264827489852905,sil,False
46,8156,8151,8195,8157,8145,8090,8172,8174,8101,8183,8201,8159,8164,8100,29.272820234298703,sil,False
47,8180,8168,8207,8160,8149,8095,8172,8179,8157,8194,8192,8182,8164,8105,29.28098773956299,sil,False
48,8166,8172,8212,8150,8148,8089,8159,8165,8163,8181,8187,8182,8156,8091,29.287986755371094,sil,False
49,8170,8162,8208,8164,8161,8093,8167,8161,8090,8181,8194,8159,8154,8088,29.295466899871823,sil,False
50,8203,8184,8231,8181,8158,8110,8172,8177,8212,8176,8189,8206,8173,8105,29.303480863571167,sil,False
51,8176,8163,8213,8159,8171,8105,8172,8166,8141,8196,8204,8173,8170,8104,29.31198620796204,sil,False
52,8180,8184,8214,8172,8162,8097,8155,8169,8168,8195,8202,8194,8173,8120,29.319960355758667,sil,False
53,8180,8182,8223,8179,8142,8098,8163,8179,8210,8193,8200,8203,8173,8127,29.3279812335968,sil,False
54,8180,8163,8223,8173,8145,8103,8183,8173,8142,8209,8215,8168,8165,8129,29.33598756790161,sil,False
55,8195,8191,8232,8178,8131,8092,8169,8179,8238,8194,8199,8204,8170,8124,29.34351372718811,sil,False
55,8195,8191,8232,8178,8131,8092,8169,8179,8238,8194,8199,8204,8170,8124,29.344507694244385,sil,False
56,8183,8164,8205,8161,8138,8082,8174,8175,8149,8195,8192,8164,8158,8110,29.35150718688965,sil,False
57,8184,8177,8212,8168,8153,8101,8173,8177,8149,8176,8195,8175,8162,8117,29.35927152633667,sil,False
58,8176,8189,8221,8177,8160,8107,8171,8180,8208,8171,8196,8194,8171,8103,29.36695146560669,sil,False
59,8192,8169,8208,8178,8176,8110,8193,8174,8130,8200,8206,8159,8165,8103,29.37455034255981,sil,False
60,8202,8193,8225,8182,8164,8118,8176,8171,8207,8176,8206,8199,8169,8123,29.38354539871216,sil,False
61,8172,8174,8218,8172,8161,8110,8167,8166,8156,8183,8219,8171,8164,8114,29.39098620414734,sil,False
62,8199,8183,8225,8189,8159,8110,8175,8177,8196,8209,8223,8174,8172,8131,29.39898705482483,sil,False
63,8192,8190,8228,8186,8159,8104,8170,8180,8272,8209,8221,8193,8178,8142,29.407469272613525,sil,False
64,8171,8161,8209,8175,8180,8093,8177,8172,8166,8225,8229,8157,8162,8131,29.413980960845947,sil,False
65,8192,8182,8221,8186,8160,8094,8170,8173,8237,8209,8213,8196,8164,8128,29.4219937324524,sil,False
66,8169,8163,8218,8174,8160,8098,8175,8166,8183,8204,8221,8171,8162,8112,29.43000602722168,sil,False
67,8188,8181,8238,8194,8183,8114,8177,8177,8186,8214,8230,8171,8170,8125,29.437986135482788,sil,False
68,8202,8197,8247,8198,8175,8106,8176,8190,8269,8203,8206,8193,8169,8127,29.445631980896,sil,False
69,8170,8156,8214,8168,8175,8095,8190,8175,8143,8203,8201,8145,8149,8106,29.453635454177856,sil,False
70,8179,8181,8223,8181,8161,8101,8170,8173,8208,8185,8195,8181,8162,8102,29.461609840393063,sil,False
71,8179,8179,8226,8187,8170,8093,8173,8177,8205,8198,8209,8174,8168,8108,29.46998691558838,sil,False
72,8193,8186,8241,8203,8191,8096,8188,8187,8200,8224,8234,8182,8174,8139,29.477986335754395,sil,False
73,8200,8207,8264,8216,8182,8103,8178,8189,8294,8222,8232,8216,8181,8139,29.48546242713928,sil,False
74,8189,8175,8254,8198,8187,8102,8185,8169,8192,8233,8234,8167,8169,8129,29.49346280097961,sil,False
75,8204,8191,8271,8206,8177,8102,8176,8176,8264,8223,8230,8197,8176,8151,29.50147008895874,sil,False
76,8193,8180,8254,8198,8177,8102,8178,8187,8261,8236,8226,8186,8172,8144,29.50898694992065,sil,False
77,8192,8173,8231,8186,8189,8117,8185,8184,8207,8247,8219,8166,8166,8141,29.516950368881226,sil,False
78,8185,8190,8237,8192,8169,8123,8179,8188,8293,8226,8211,8196,8172,8142,29.524987936019897,sil,False
79,8181,8165,8230,8190,8169,8125,8206,8191,8206,8245,8226,8155,8163,8145,29.53298711776733,sil,False
80,8204,8184,8244,8190,8169,8138,8216,8211,8271,8239,8218,8187,8170,8168,29.54150104522705,sil,False
81,8174,8173,8228,8172,8165,8128,8204,8206,8270,8221,8201,8181,8162,8147,29.54750657081604,sil,False
81,8174,8173,8228,8172,8165,8128,8204,8206,8270,8221,8201,8181,8162,8147,29.54850125312805,sil,False
82,8181,8162,8211,8180,8165,8113,8193,8179,8166,8220,8188,8153,8154,8135,29.55651307106018,sil,False
83,8205,8191,8236,8200,8165,8117,8177,8177,8246,8206,8186,8197,8174,8146,29.563503742218018,sil,False
84,8198,8180,8243,8203,8205,8129,8200,8184,8202,8232,8215,8168,8175,8144,29.571986198425293,sil,False
85,8233,8207,8254,8221,8209,8135,8207,8193,8266,8229,8210,8185,8172,8161,29.580008268356323,sil,False
86,8212,8195,8238,8203,8188,8117,8190,8187,8270,8212,8204,8184,8168,8159,29.5880069732666,sil,False
87,8203,8179,8231,8196,8199,8113,8196,8185,8205,8236,8226,8162,8170,8169,29.595987796783447,sil,False
88,8239,8217,8255,8212,8205,8122,8202,8196,8332,8242,8226,8209,8183,8186,29.60398650169373,sil,False
89,8221,8191,8236,8196,8220,8124,8211,8193,8263,8255,8241,8172,8172,8180,29.61098623275757,sil,False
90,8222,8200,8239,8211,8217,8131,8198,8200,8290,8263,8240,8184,8171,8186,29.61888885498047,sil,False
90,8222,8200,8239,8211,8217,8131,8198,8200,8290,8263,8240,8184,8171,8186,29.61988592147827,sil,False
91,8210,8200,8235,8207,8213,8125,8193,8198,8312,8257,8221,8188,8170,8172,29.626908779144287,sil,False
92,8191,8179,8219,8187,8226,8119,8203,8189,8202,8248,8221,8153,8167,8164,29.634986877441406,sil,False
93,8215,8214,8242,8210,8213,8119,8192,8200,8302,8229,8215,8201,8181,8183,29.64298725128174,sil,False
94,8221,8196,8243,8212,8219,8114,8205,8196,8248,8247,8221,8173,8170,8182,29.65133285522461,sil,False
95,8223,8197,8246,8207,8223,8115,8196,8190,8236,8235,8210,8177,8159,8179,29.658339738845825,sil,False
95,8223,8197,8246,8207,8223,8115,8196,8190,8236,8235,8210,8177,8159,8179,29.659331798553467,sil,False
96,8204,8198,8234,8196,8210,8101,8178,8182,8259,8210,8186,8189,8162,8160,29.66694951057434,sil,False
96,8204,8198,8234,8196,8210,8101,8178,8182,8259,8210,8186,8189,8162,8160,29.66734528541565,sil,False
97,8202,8175,8218,8190,8218,8096,8192,8174,8156,8224,8191,8150,8164,8152,29.675428867340088,sil,False
98,8208,8197,8237,8201,8204,8102,8177,8183,8243,8209,8188,8189,8174,8160,29.681414127349854,sil,False
98,8208,8197,8237,8201,8204,8102,8177,8183,8243,8209,8188,8189,8174,8160,29.682443141937256,sil,False
99,8187,8177,8220,8192,8202,8091,8176,8180,8192,8217,8190,8169,8166,8155,29.690495252609253,sil,False
100,8208,8192,8228,8199,8212,8096,8187,8182,8200,8224,8199,8177,8170,8174,29.69750142097473,sil,False
101,8201,8208,8251,8198,8208,8100,8188,8190,8287,8206,8203,8197,8173,8173,29.70598793029785,sil,False
102,8197,8175,8230,8190,8211,8101,8195,8180,8190,8226,8199,8155,8162,8172,29.713987350463867,sil,False
103,8220,8191,8231,8199,8189,8113,8182,8180,8260,8223,8185,8199,8178,8191,29.721986055374146,sil,False
104,8179,8171,8220,8187,8184,8111,8184,8180,8213,8217,8190,8176,8170,8168,29.73021531105041,sil,False
105,8187,8173,8220,8198,8185,8113,8186,8176,8175,8204,8174,8164,8158,8160,29.73823118209839,sil,False
106,8201,8192,8231,8195,8169,8117,8174,8172,8242,8188,8166,8194,8171,8163,29.74484610557556,sil,False
107,8186,8166,8219,8178,8180,8120,8184,8176,8161,8222,8198,8159,8174,8161,29.752851009368896,sil,False
108,8208,8188,8224,8194,8168,8122,8179,8187,8246,8219,8190,8191,8178,8173,29.760987758636475,sil,False
109,8188,8173,8207,8180,8162,8111,8177,8175,8205,8209,8179,8170,8166,8155,29.76898193359375,sil,False
110,8188,8171,8210,8184,8176,8112,8177,8180,8161,8225,8185,8159,8162,8152,29.777081727981567,sil,False
111,8203,8190,8221,8194,8165,8108,8168,8194,8257,8221,8178,8192,8167,8153,29.78507971763611,sil,False
112,8190,8162,8193,8172,8166,8103,8177,8177,8146,8224,8188,8151,8158,8143,29.7930748462677,sil,False
113,8201,8182,8200,8179,8154,8106,8168,8174,8184,8205,8174,8182,8168,8147,29.800987720489506,sil,False
114,8183,8177,8195,8180,8157,8093,8163,8169,8162,8199,8161,8172,8163,8135,29.80798625946045,sil,False
115,8191,8179,8199,8190,8175,8091,8167,8169,8108,8207,8177,8155,8160,8146,29.816007375717163,sil,False
116,8202,8201,8210,8196,8159,8090,8157,8177,8204,8196,8171,8194,8170,8148,29.824008226394653,sil,False
117,8180,8160,8183,8179,8161,8085,8167,8160,8096,8205,8163,8156,8157,8125,29.831987142562863,sil,False
118,8191,8178,8196,8194,8161,8090,8154,8157,8138,8183,8153,8182,8159,8128,29.83998680114746,sil,False
119,8182,8176,8194,8188,8159,8085,8153,8165,8157,8175,8148,8180,8162,8119,29.848045349121094,sil,False
120,8184,8155,8178,8176,8165,8089,8174,8170,8087,8198,8161,8156,8159,8128,29.856050491333008,sil,False
121,8186,8176,8196,8186,8150,8091,8160,8178,8188,8193,8164,8201,8167,8139,29.8639874458313,sil,False
122,8173,8157,8190,8189,8154,8090,8165,8172,8124,8209,8171,8165,8161,8129,29.871986150741577,sil,False
123,8198,8179,8196,8199,8153,8108,8169,8169,8166,8197,8168,8185,8165,8137,29.878976345062256,sil,False
124,8183,8179,8189,8189,8152,8103,8158,8165,8184,8181,8170,8189,8162,8126,29.886974573135376,sil,False
125,8176,8162,8178,8183,8166,8088,8162,8163,8094,8197,8170,8151,8158,8119,29.89498734474182,sil,False
126,8181,8184,8188,8188,8146,8086,8148,8159,8167,8170,8146,8185,8168,8113,29.902987241744995,sil,False
127,8154,8160,8165,8174,8144,8080,8154,8143,8070,8159,8150,8151,8156,8094,29.91098713874817,sil,False
240,8170,8176,8166,8182,8153,8081,8157,8152,8082,8156,8147,8164,8161,8105,29.918986558914185,sil,False
0,8158,8178,8171,8177,8147,8081,8151,8163,8130,8151,8134,8175,8165,8099,29.926949739456177,sil,False
1,8152,8164,8169,8177,8157,8088,8166,8158,8057,8166,8149,8146,8154,8100,29.93498682975769,sil,False
2,8173,8194,8185,8195,8154,8090,8164,8168,8161,8158,8153,8198,8166,8117,29.941987991333008,sil,False
3,8153,8166,8169,8185,8160,8076,8166,8169,8094,8166,8162,8163,8166,8103,29.949557304382324,sil,False
3,8153,8166,8169,8185,8160,8076,8166,8169,8094,8166,8162,8163,8166,8103,29.95055294036865,sil,False
4,8183,8176,8185,8201,8162,8086,8161,8170,8106,8176,8163,8166,8174,8120,29.957558631896973,sil,False
4,8183,8176,8185,8201,8162,8086,8161,8170,8106,8176,8163,8166,8174,8120,29.958552360534668,sil,False
5,8193,8189,8203,8204,8161,8102,8160,8173,8197,8187,8169,8197,8179,8135,29.96598601341248,sil,False
5,8193,8189,8203,8204,8161,8102,8160,8173,8197,8187,8169,8197,8179,8135,29.96655821800232,sil,False
6,8170,8165,8179,8181,8179,8109,8171,8171,8107,8208,8184,8155,8163,8125,29.973981618881226,sil,False
7,8191,8194,8189,8188,8163,8106,8154,8175,8181,8182,8168,8189,8171,8126,29.981990814208984,sil,False
8,8188,8181,8196,8188,8167,8097,8170,8167,8149,8185,8169,8175,8170,8130,29.989994525909424,sil,False
9,8197,8183,8208,8200,8178,8108,8183,8172,8155,8200,8169,8178,8169,8146,29.997981309890747,sil,False
10,8189,8192,8209,8198,8169,8106,8168,8174,8227,8193,8163,8193,8176,8138,30.004987478256226,sil,False
