COUNTER,F3,FC5,AF3,F7,T7,P7,O1,O2,P8,T8,F8,AF4,FC6,F4,Timestamp
85,8201,8191,8189,8175,8172,8162,8195,8188,8246,8192,8149,8194,8171,8134,0.0029993057250976
86,8194,8174,8189,8171,8176,8147,8203,8192,8219,8202,8144,8179,8163,8126,0.0112767219543457
87,8201,8176,8179,8177,8166,8149,8199,8177,8187,8198,8130,8166,8164,8121,0.0192763805389404
88,8187,8182,8172,8171,8148,8145,8178,8165,8220,8175,8116,8178,8171,8112,0.0272762775421142
89,8176,8155,8168,8156,8164,8135,8195,8169,8135,8191,8130,8143,8161,8116,0.0353598594665527
90,8193,8178,8183,8164,8150,8148,8190,8180,8210,8176,8118,8186,8168,8132,0.0424456596374511
91,8156,8159,8151,8150,8130,8135,8174,8162,8158,8160,8103,8157,8155,8095,0.049452781677246
91,8156,8159,8151,8150,8130,8135,8174,8162,8158,8160,8103,8157,8155,8095,0.0504529476165771
92,8171,8160,8153,8156,8148,8141,8179,8156,8129,8171,8109,8147,8157,8086,0.0574541091918945
92,8171,8160,8153,8156,8148,8141,8179,8156,8129,8171,8109,8147,8157,8086,0.0584545135498046
93,8191,8185,8186,8166,8160,8149,8184,8173,8225,8175,8117,8186,8174,8102,0.0662271976470947
94,8175,8159,8168,8157,8158,8139,8193,8166,8144,8183,8127,8147,8160,8105,0.0742278099060058
95,8192,8174,8170,8167,8136,8148,8177,8161,8193,8159,8118,8181,8163,8118,0.0822272300720214
96,8170,8165,8167,8156,8137,8134,8174,8158,8169,8156,8115,8164,8160,8095,0.0900521278381347
97,8178,8167,8161,8162,8151,8133,8184,8161,8127,8174,8111,8141,8154,8086,0.0975475311279296
97,8178,8167,8161,8162,8151,8133,8184,8161,8127,8174,8111,8141,8154,8086,0.0985333919525146
98,8180,8179,8164,8163,8140,8143,8170,8160,8197,8164,8100,8181,8165,8093,0.1060583591461181
99,8139,8152,8155,8143,8151,8147,8172,8151,8109,8172,8127,8149,8168,8091,0.1130781173706054
100,8177,8184,8183,8172,8156,8165,8183,8178,8190,8172,8138,8181,8186,8112,0.1210489273071289
101,8196,8176,8176,8174,8153,8148,8197,8180,8212,8182,8122,8172,8175,8114,0.1289262771606445
102,8182,8157,8155,8153,8156,8148,8190,8154,8145,8192,8115,8147,8161,8112,0.1367852687835693
103,8159,8174,8169,8152,8147,8160,8161,8153,8214,8167,8115,8185,8170,8093,0.1447834968566894
104,8139,8151,8164,8154,8152,8141,8169,8153,8120,8170,8120,8145,8152,8059,0.1530523300170898
105,8196,8183,8175,8174,8156,8156,8180,8161,8147,8165,8107,8173,8155,8085,0.1610517501831054
106,8192,8188,8173,8164,8160,8156,8175,8157,8168,8146,8104,8181,8166,8103,0.1690478324890136
106,8192,8188,8173,8164,8160,8156,8175,8157,8168,8146,8104,8181,8166,8103,0.1695599555969238
107,8167,8167,8169,8155,8164,8148,8172,8155,8115,8150,8116,8149,8164,8099,0.1765704154968261
108,8183,8177,8179,8160,8145,8148,8166,8164,8199,8160,8106,8182,8165,8090,0.1845700740814209
109,8160,8146,8157,8149,8154,8130,8173,8147,8112,8176,8105,8143,8151,8065,0.1924104690551757
110,8164,8171,8174,8175,8158,8144,8157,8142,8129,8160,8107,8163,8163,8066,0.2003600597381591
111,8168,8177,8181,8184,8143,8143,8141,8144,8165,8151,8108,8174,8164,8067,0.2080490589141845
112,8172,8148,8161,8173,8157,8139,8152,8142,8101,8162,8120,8144,8158,8083,0.2160511016845703
113,8181,8177,8178,8186,8159,8150,8144,8153,8199,8138,8117,8191,8179,8110,0.2233924865722656
113,8181,8177,8178,8186,8159,8150,8144,8153,8199,8138,8117,8191,8179,8110,0.2243998050689697
114,8165,8168,8177,8185,8151,8132,8151,8151,8146,8140,8117,8161,8171,8110,0.2313988208770752
115,8193,8175,8184,8192,8147,8134,8157,8156,8166,8154,8129,8181,8173,8131,0.2403991222381591
116,8210,8183,8199,8194,8160,8134,8171,8177,8246,8179,8157,8203,8180,8139,0.2464165687561035
116,8210,8183,8199,8194,8160,8134,8171,8177,8246,8179,8157,8203,8180,8139,0.2474448680877685
117,8214,8176,8197,8193,8179,8128,8198,8185,8196,8214,8168,8156,8171,8133,0.2550501823425293
118,8209,8192,8190,8190,8150,8132,8185,8177,8253,8175,8125,8184,8169,8119,0.2630505561828613
119,8166,8152,8156,8165,8144,8123,8178,8157,8155,8142,8111,8148,8153,8085,0.2710528373718261
120,8180,8157,8162,8177,8156,8133,8171,8160,8131,8142,8122,8151,8160,8093,0.2790811061859131
121,8190,8178,8182,8187,8155,8130,8165,8169,8208,8148,8128,8189,8172,8110,0.2873735427856445
121,8190,8178,8182,8187,8155,8130,8165,8169,8208,8148,8128,8189,8172,8110,0.2876358032226562
122,8193,8165,8185,8185,8178,8131,8197,8177,8174,8186,8159,8169,8169,8129,0.2950527667999267
123,8225,8195,8215,8204,8179,8156,8204,8203,8291,8195,8168,8209,8181,8160,0.3024868965148926
124,8202,8177,8207,8193,8181,8144,8196,8197,8257,8199,8166,8176,8172,8151,0.3105804920196533
124,8202,8177,8207,8193,8181,8144,8196,8197,8257,8199,8166,8176,8172,8151,0.3115739822387695
125,8216,8177,8203,8200,8182,8153,8193,8192,8236,8202,8165,8171,8168,8153,0.318002700805664
126,8225,8185,8205,8200,8175,8157,8194,8198,8292,8189,8155,8198,8173,8148,0.3260159492492676
127,8198,8153,8183,8179,8191,8134,8203,8181,8174,8190,8157,8142,8166,8132,0.3340494632720947
239,8217,8180,8198,8195,8181,8134,8186,8173,8236,8171,8162,8169,8179,8150,0.3420491218566894
0,8200,8166,8202,8191,8176,8125,8187,8173,8230,8177,8179,8161,8172,8155,0.3505704402923584
1,8207,8161,8206,8193,8190,8135,8210,8188,8205,8195,8177,8159,8168,8161,0.358583927154541
2,8214,8178,8208,8197,8179,8137,8205,8197,8274,8182,8158,8187,8174,8154,0.3654916286468506
2,8214,8178,8208,8197,8179,8137,8205,8197,8274,8182,8158,8187,8174,8154,0.3664906024932861
3,8186,8150,8183,8184,8181,8121,8199,8182,8178,8186,8160,8129,8154,8133,0.3734989166259765
3,8186,8150,8183,8184,8181,8121,8199,8182,8178,8186,8160,8129,8154,8133,0.374492883682251
4,8202,8180,8193,8192,8188,8130,8188,8182,8229,8173,8149,8154,8161,8142,0.3810474872589111
5,8184,8171,8180,8181,8192,8114,8182,8172,8202,8159,8137,8151,8167,8123,0.3890459537506103
6,8190,8158,8169,8182,8197,8112,8184,8162,8140,8161,8138,8150,8166,8122,0.3971881866455078
7,8199,8184,8196,8188,8188,8117,8172,8165,8223,8145,8140,8193,8167,8138,0.4051885604858398
8,8173,8162,8189,8177,8192,8095,8171,8151,8123,8146,8144,8140,8152,8122,0.4130468368530273
9,8205,8181,8200,8189,8188,8104,8169,8153,8155,8147,8138,8169,8169,8129,0.4210093021392822
10,8206,8174,8204,8183,8189,8112,8175,8161,8182,8164,8146,8178,8174,8128,0.4290177822113037
11,8196,8161,8193,8182,8201,8120,8181,8157,8138,8174,8158,8149,8165,8135,0.4370102882385254
12,8195,8179,8191,8187,8183,8126,8169,8161,8214,8150,8140,8182,8174,8138,0.4450461864471435
13,8181,8152,8174,8168,8180,8109,8178,8156,8127,8159,8134,8142,8162,8120,0.4520480632781982
14,8201,8167,8195,8173,8180,8115,8172,8158,8159,8149,8129,8167,8164,8131,0.4603853225708008
15,8189,8169,8193,8167,8177,8112,8173,8167,8193,8142,8132,8175,8167,8128,0.4683876037597656
16,8185,8157,8179,8161,8183,8122,8193,8174,8136,8164,8142,8144,8167,8124,0.4763936996459961
17,8194,8177,8192,8172,8168,8129,8173,8173,8203,8151,8127,8184,8172,8124,0.4844124317169189
18,8172,8146,8177,8159,8177,8103,8167,8156,8119,8157,8130,8146,8158,8117,0.4921131134033203
19,8185,8159,8182,8163,8183,8122,8163,8164,8151,8164,8137,8159,8172,8130,0.4994375705718994
20,8169,8166,8179,8160,8167,8123,8153,8159,8182,8156,8121,8166,8172,8116,0.5074150562286377
21,8160,8145,8165,8155,8165,8105,8158,8138,8083,8160,8118,8125,8154,8111,0.5149319171905518
22,8180,8166,8181,8166,8159,8123,8145,8147,8174,8143,8120,8170,8168,8116,0.5228602886199951
23,8164,8153,8173,8158,8172,8125,8152,8149,8138,8152,8129,8146,8165,8100,0.5310461521148682
24,8191,8178,8193,8181,8184,8134,8167,8163,8167,8164,8131,8163,8172,8127,0.5388669967651367
25,8197,8181,8205,8183,8184,8130,8176,8174,8233,8167,8135,8181,8173,8138,0.5465919971466064
26,8173,8143,8180,8164,8191,8125,8179,8158,8140,8187,8146,8133,8159,8116,0.5551908016204834
27,8188,8175,8195,8182,8184,8138,8161,8166,8222,8188,8144,8182,8177,8124,0.5631818771362305
28,8177,8167,8198,8181,8197,8131,8172,8178,8207,8206,8165,8167,8176,8129,0.5710463523864746
29,8194,8169,8202,8184,8204,8149,8185,8183,8209,8209,8170,8161,8171,8142,0.5777544975280762
30,8182,8174,8202,8175,8179,8151,8170,8170,8239,8175,8153,8180,8175,8137,0.5860464572906494
31,8154,8150,8184,8160,8177,8135,8162,8150,8124,8174,8156,8137,8161,8119,0.5942702293395996
32,8179,8173,8192,8167,8171,8150,8155,8156,8192,8166,8145,8170,8162,8114,0.6020731925964355
33,8151,8151,8172,8149,8170,8148,8165,8161,8159,8166,8143,8154,8157,8096,0.6101975440979004
34,8156,8156,8173,8162,8177,8151,8163,8167,8139,8172,8150,8160,8164,8106,0.6180458068847656
35,8184,8178,8196,8181,8178,8156,8155,8171,8222,8164,8145,8188,8176,8119,0.6262404918670654
36,8170,8147,8181,8165,8192,8159,8173,8156,8130,8170,8146,8133,8162,8108,0.6342155933380127
37,8169,8165,8176,8164,8173,8167,8161,8156,8171,8154,8135,8167,8165,8111,0.6412231922149658
38,8138,8151,8167,8153,8158,8144,8148,8153,8130,8148,8138,8161,8159,8097,0.6492214202880859
39,8156,8150,8185,8166,8174,8163,8161,8154,8097,8160,8154,8152,8164,8106,0.6570312976837158
40,8186,8180,8212,8187,8174,8191,8164,8167,8205,8155,8150,8191,8178,8125,0.6650471687316895
41,8170,8161,8185,8176,8170,8174,8173,8155,8124,8161,8150,8140,8163,8119,0.6730465888977051
42,8174,8176,8181,8175,8150,8177,8160,8148,8163,8145,8146,8164,8174,8119,0.6810462474822998
42,8174,8176,8181,8175,8150,8177,8160,8148,8163,8145,8146,8164,8174,8119,0.6816449165344238
43,8156,8166,8176,8169,8153,8172,8153,8151,8180,8155,8150,8169,8173,8103,0.6889684200286865
44,8175,8162,8177,8173,8172,8184,8167,8159,8156,8183,8158,8152,8167,8115,0.6973559856414795
45,8190,8185,8188,8176,8165,8197,8169,8170,8239,8172,8153,8188,8180,8130,0.7043569087982178
46,8163,8161,8169,8164,8171,8175,8184,8171,8162,8187,8169,8153,8172,8112,0.7123627662658691
47,8177,8177,8176,8179,8170,8179,8179,8181,8213,8186,8169,8179,8174,8111,0.720221996307373
48,8155,8171,8167,8171,8165,8183,8172,8174,8220,8170,8154,8171,8169,8087,0.7282211780548096
49,8163,8162,8165,8169,8172,8185,8189,8163,8142,8179,8157,8145,8165,8083,0.7362339496612549
50,8191,8189,8188,8179,8159,8174,8178,8167,8223,8169,8157,8198,8176,8103,0.7440464496612549
51,8164,8165,8171,8161,8161,8153,8172,8155,8148,8169,8159,8157,8163,8093,0.7520525455474854
51,8164,8165,8171,8161,8161,8153,8172,8155,8148,8169,8159,8157,8163,8093,0.7524192333221436
52,8175,8181,8177,8171,8156,8173,8165,8153,8156,8151,8145,8168,8165,8092,0.7592778205871582
52,8175,8181,8177,8171,8156,8173,8165,8153,8156,8151,8145,8168,8165,8092,0.7602701187133789
53,8169,8178,8188,8171,8149,8168,8161,8160,8173,8148,8142,8180,8166,8091,0.7682697772979736
54,8171,8157,8185,8168,8164,8167,8172,8171,8134,8180,8165,8154,8169,8113,0.7753510475158691
55,8189,8181,8192,8176,8157,8191,8165,8176,8241,8178,8160,8192,8183,8117,0.7830731868743896
56,8163,8149,8167,8155,8153,8172,8166,8152,8150,8178,8150,8150,8161,8080,0.7910721302032471
57,8163,8159,8178,8162,8152,8173,8163,8154,8148,8167,8152,8164,8162,8097,0.7990765571594238
58,8158,8176,8189,8178,8147,8182,8168,8168,8198,8163,8158,8182,8173,8109,0.8060767650604248
59,8173,8161,8174,8185,8158,8179,8187,8157,8116,8183,8158,8140,8167,8096,0.814401388168335
60,8195,8182,8189,8192,8159,8185,8174,8163,8205,8170,8147,8180,8174,8097,0.8228256702423096
61,8165,8162,8180,8184,8170,8180,8179,8174,8171,8176,8154,8156,8162,8091,0.8308186531066895
62,8190,8180,8194,8205,8176,8194,8192,8183,8184,8181,8155,8167,8165,8109,0.8379030227661133
63,8211,8198,8214,8215,8169,8191,8198,8181,8250,8176,8156,8189,8175,8118,0.8461494445800781
64,8194,8169,8195,8204,8178,8177,8198,8165,8155,8182,8163,8148,8161,8115,0.8541488647460938
65,8199,8183,8195,8212,8159,8175,8168,8163,8211,8155,8145,8188,8165,8115,0.8621494770050049
66,8185,8172,8189,8204,8154,8161,8171,8160,8190,8169,8160,8172,8163,8105,0.8701491355895996
67,8201,8189,8206,8226,8169,8183,8181,8167,8209,8194,8185,8180,8171,8126,0.8781514167785645
68,8203,8199,8216,8241,8165,8193,8172,8171,8269,8180,8170,8207,8176,8132,0.8861615657806396
69,8196,8170,8203,8229,8179,8182,8188,8160,8174,8187,8168,8163,8165,8125,0.8934745788574219
69,8196,8170,8203,8229,8179,8182,8188,8160,8174,8187,8168,8163,8165,8125,0.8944742679595947
70,8217,8196,8222,8241,8181,8197,8184,8173,8267,8185,8171,8203,8178,8132,0.9014732837677002
71,8186,8178,8209,8235,8180,8187,8175,8172,8238,8178,8166,8175,8168,8102,0.9089236259460448
72,8194,8179,8207,8244,8185,8190,8180,8165,8195,8168,8162,8157,8162,8105,0.9169249534606934
73,8208,8202,8219,8249,8178,8192,8176,8167,8273,8159,8156,8200,8168,8121,0.925048828125
74,8182,8168,8191,8231,8177,8170,8174,8153,8164,8173,8148,8155,8152,8102,0.9326827526092528
75,8188,8179,8191,8235,8163,8173,8159,8153,8197,8154,8129,8174,8163,8102,0.940680742263794
76,8159,8163,8181,8220,8158,8161,8159,8152,8185,8151,8136,8162,8165,8091,0.949047327041626
77,8174,8159,8176,8214,8164,8162,8174,8152,8142,8174,8140,8148,8162,8090,0.95701003074646
78,8201,8178,8194,8203,8155,8169,8171,8154,8217,8163,8131,8192,8175,8104,0.9653184413909912
78,8201,8178,8194,8203,8155,8169,8171,8154,8217,8163,8131,8192,8175,8104,0.9655280113220216
79,8166,8144,8179,8174,8162,8153,8167,8149,8134,8161,8148,8151,8167,8097,0.9718379974365234
80,8180,8171,8186,8203,8156,8164,8163,8166,8186,8155,8138,8173,8168,8097,0.9798381328582764
81,8183,8176,8186,8216,8156,8157,8180,8161,8184,8152,8130,8174,8164,8089,0.988046407699585
82,8171,8155,8181,8207,8154,8159,8179,8147,8119,8157,8144,8153,8159,8096,0.9960474967956544
83,8179,8174,8189,8224,8133,8167,8154,8165,8210,8150,8128,8186,8166,8097,1.0042731761932373
84,8172,8155,8168,8233,8159,8153,8174,8163,8141,8163,8124,8147,8155,8087,1.0123331546783447
85,8176,8171,8180,8243,8174,8171,8183,8163,8179,8157,8131,8173,8167,8098,1.0203349590301514
86,8153,8166,8184,8230,8155,8169,8172,8170,8207,8165,8126,8172,8170,8081,1.0280461311340332
87,8164,8156,8177,8231,8162,8158,8175,8171,8142,8184,8123,8141,8157,8083,1.0360438823699951
88,8178,8180,8181,8236,8165,8163,8165,8167,8215,8157,8120,8185,8165,8096,1.0430383682250977
89,8132,8146,8148,8188,8163,8156,8168,8149,8129,8162,8119,8138,8160,8070,1.05104660987854
90,8142,8154,8153,8168,8155,8170,8169,8159,8145,8164,8104,8148,8168,8066,1.0590460300445557
91,8147,8166,8169,8159,8156,8163,8178,8170,8186,8154,8097,8160,8170,8066,1.0665245056152344
92,8153,8160,8168,8153,8173,8160,8199,8169,8129,8177,8118,8132,8164,8078,1.0745322704315186
92,8153,8160,8168,8153,8173,8160,8199,8169,8129,8177,8118,8132,8164,8078,1.0755245685577393
93,8171,8187,8184,8154,8171,8170,8189,8180,8233,8173,8127,8185,8175,8106,1.0830469131469729
94,8133,8158,8164,8126,8181,8153,8189,8175,8157,8157,8120,8151,8162,8098,1.091048240661621
95,8150,8164,8162,8134,8185,8166,8192,8175,8139,8145,8098,8155,8163,8093,1.0990464687347412
96,8158,8171,8166,8128,8177,8162,8187,8174,8187,8144,8095,8172,8167,8084,1.1060466766357422
97,8143,8159,8167,8108,8194,8154,8197,8179,8123,8168,8122,8138,8166,8089,1.1141984462738037
98,8174,8192,8199,8122,8192,8174,8195,8195,8224,8162,8125,8188,8180,8115,1.1222002506256104
99,8170,8163,8184,8116,8196,8163,8195,8178,8174,8164,8130,8160,8163,8108,1.130046844482422
100,8171,8161,8174,8116,8199,8163,8188,8172,8151,8165,8129,8153,8163,8105,1.138044834136963
101,8148,8178,8173,8107,8184,8163,8174,8179,8208,8157,8119,8176,8169,8091,1.146036148071289
102,8136,8154,8155,8099,8190,8156,8187,8169,8119,8170,8124,8133,8150,8089,1.154036283493042
103,8158,8169,8166,8112,8182,8167,8183,8172,8182,8155,8115,8170,8159,8109,1.1620945930480957
104,8120,8146,8153,8093,8171,8158,8178,8167,8130,8149,8112,8148,8156,8087,1.169084548950195
105,8120,8150,8148,8092,8169,8161,8171,8156,8092,8151,8108,8138,8155,8081,1.177083969116211
106,8124,8174,8150,8096,8170,8156,8161,8159,8158,8144,8101,8167,8166,8079,1.1851694583892822
107,8119,8158,8142,8093,8191,8146,8178,8165,8095,8170,8127,8135,8161,8074,1.1931989192962646
108,8158,8180,8167,8111,8193,8161,8173,8172,8187,8173,8134,8173,8169,8098,1.2012619972229004
109,8138,8159,8155,8098,8195,8151,8163,8158,8161,8168,8124,8148,8158,8086,1.2088055610656738
110,8133,8152,8147,8091,8200,8151,8163,8152,8096,8152,8108,8131,8152,8072,1.2170097827911377
111,8139,8175,8164,8091,8188,8152,8160,8161,8156,8123,8100,8172,8162,8069,1.2250473499298096
112,8127,8152,8151,8085,8196,8139,8175,8158,8083,8145,8122,8135,8149,8073,1.232046127319336
113,8148,8175,8167,8102,8191,8156,8161,8162,8146,8142,8129,8164,8163,8096,1.23956036567688
113,8148,8175,8167,8102,8191,8156,8161,8162,8146,8142,8129,8164,8163,8096,1.240553617477417
114,8133,8170,8164,8089,8190,8146,8148,8155,8134,8134,8131,8159,8166,8086,1.2485554218292236
114,8133,8170,8164,8089,8190,8146,8148,8155,8134,8134,8131,8159,8166,8086,1.2486748695373535
115,8136,8164,8158,8088,8200,8137,8150,8145,8080,8149,8140,8149,8161,8094,1.2557826042175293
116,8153,8189,8176,8108,8193,8142,8144,8157,8171,8139,8141,8185,8174,8111,1.263768434524536
117,8130,8161,8158,8098,8199,8135,8154,8152,8092,8142,8140,8130,8165,8097,1.272115707397461
118,8136,8174,8154,8097,8192,8146,8153,8153,8130,8140,8122,8154,8168,8093,1.280116319656372
119,8135,8177,8154,8094,8192,8139,8165,8158,8147,8156,8129,8162,8166,8087,1.2881247997283936
120,8140,8164,8157,8099,8210,8144,8176,8161,8101,8169,8153,8142,8162,8095,1.296115159988403
120,8140,8164,8157,8099,8210,8144,8176,8161,8101,8169,8153,8142,8162,8095,1.2971158027648926
121,8139,8176,8164,8099,8203,8148,8157,8167,8195,8148,8143,8185,8176,8096,1.3030412197113037
122,8120,8158,8151,8085,8213,8125,8172,8160,8129,8171,8150,8147,8169,8091,1.3110418319702148
123,8151,8187,8179,8107,8215,8142,8177,8164,8177,8186,8165,8170,8178,8120,1.3190538883209229
124,8140,8175,8178,8105,8199,8141,8161,8163,8204,8179,8157,8180,8177,8116,1.3270525932312012
125,8131,8150,8156,8092,8201,8132,8167,8157,8118,8183,8147,8148,8161,8108,1.335047483444214
126,8149,8182,8163,8095,8188,8138,8162,8158,8187,8158,8132,8186,8162,8118,1.3430469036102295
127,8127,8154,8149,8079,8184,8129,8170,8147,8109,8158,8135,8152,8156,8109,1.3510987758636477
239,8161,8169,8171,8098,8188,8153,8177,8160,8146,8170,8144,8176,8172,8127,1.359103441238403
0,8168,8186,8184,8103,8189,8157,8170,8165,8197,8163,8148,8189,8167,8124,1.366046667098999
1,8151,8166,8169,8096,8199,8142,8170,8157,8098,8164,8153,8143,8153,8109,1.3740456104278564
2,8167,8187,8182,8108,8188,8150,8167,8164,8180,8152,8143,8188,8173,8126,1.3820462226867676
3,8152,8163,8173,8093,8191,8142,8175,8163,8146,8164,8147,8162,8166,8125,1.3904106616973877
4,8163,8172,8172,8092,8184,8147,8167,8169,8147,8161,8144,8164,8162,8130,1.3984262943267822
5,8150,8180,8172,8092,8160,8144,8155,8170,8187,8146,8141,8184,8167,8129,1.4064412117004397
6,8139,8154,8161,8089,8167,8134,8166,8156,8104,8165,8162,8144,8165,8128,1.4144816398620603
7,8164,8177,8168,8094,8162,8145,8155,8160,8175,8148,8150,8176,8170,8131,1.4220421314239502
8,8146,8163,8149,8073,8160,8145,8157,8158,8121,8141,8138,8146,8154,8111,1.4290692806243896
9,8158,8167,8157,8086,8166,8165,8168,8166,8132,8160,8154,8153,8163,8127,1.437075138092041
10,8156,8171,8158,8087,8151,8161,8165,8174,8210,8158,8152,8183,8170,8124,1.4450461864471436
11,8134,8141,8125,8060,8144,8147,8170,8160,8086,8146,8132,8133,8146,8096,1.4531426429748535
12,8153,8164,8143,8073,8139,8167,8164,8167,8144,8134,8124,8173,8163,8106,1.4611427783966064
13,8139,8144,8146,8072,8149,8155,8177,8176,8147,8161,8151,8162,8169,8108,1.4693169593811035
14,8147,8147,8143,8074,8153,8157,8181,8170,8122,8169,8157,8149,8160,8116,1.4770095348358154
15,8150,8171,8149,8076,8141,8168,8159,8168,8180,8148,8146,8177,8166,8114,1.4848649501800537
15,8150,8171,8149,8076,8141,8168,8159,8168,8180,8148,8146,8177,8166,8114,1.4858639240264893
16,8122,8136,8125,8059,8146,8156,8158,8161,8094,8167,8165,8138,8163,8100,1.4920332431793213
17,8139,8152,8131,8070,8137,8166,8152,8166,8160,8163,8165,8178,8173,8107,1.5000431537628174
18,8122,8145,8129,8063,8139,8166,8154,8162,8138,8156,8154,8161,8161,8081,1.5080413818359375
19,8121,8140,8123,8065,8146,8170,8155,8156,8077,8158,8142,8135,8152,8062,1.5168232917785645
20,8133,8161,8132,8074,8130,8167,8143,8164,8151,8142,8134,8173,8168,8062,1.5238301753997805
21,8135,8140,8134,8068,8146,8155,8161,8169,8092,8165,8161,8145,8164,8075,1.531826734542847
22,8177,8167,8161,8084,8157,8177,8168,8187,8185,8175,8175,8180,8171,8110,1.5396459102630615
23,8156,8169,8148,8079,8154,8173,8163,8180,8193,8165,8167,8168,8163,8095,1.5476784706115725
24,8136,8160,8133,8076,8158,8174,8168,8172,8116,8170,8153,8135,8155,8086,1.5546655654907229
25,8142,8173,8149,8078,8147,8184,8168,8193,8206,8165,8141,8179,8166,8099,1.5630464553833008
26,8125,8146,8130,8065,8147,8173,8181,8187,8141,8174,8160,8148,8157,8093,1.5710458755493164
27,8137,8167,8130,8080,8140,8185,8169,8181,8172,8161,8163,8170,8169,8105,1.5785832405090332
28,8123,8165,8122,8076,8137,8183,8157,8176,8166,8149,8140,8162,8166,8091,1.5865964889526367
28,8123,8165,8122,8076,8137,8183,8157,8176,8166,8149,8140,8162,8166,8091,1.5875909328460691
29,8126,8150,8110,8069,8145,8187,8163,8175,8087,8149,8129,8129,8149,8069,1.594611644744873
30,8140,8171,8122,8074,8132,8191,8149,8181,8163,8129,8123,8171,8156,8065,1.603046417236328
31,8122,8151,8111,8059,8142,8169,8155,8174,8093,8145,8133,8137,8156,8060,1.6112804412841797
32,8151,8174,8132,8083,8153,8190,8168,8188,8149,8158,8141,8162,8173,8080,1.6192810535430908
33,8149,8166,8139,8087,8147,8193,8175,8187,8194,8153,8139,8174,8173,8090,1.626335382461548
34,8133,8137,8124,8072,8149,8183,8169,8166,8105,8157,8143,8143,8162,8096,1.6336140632629397
35,8145,8168,8142,8084,8137,8195,8149,8172,8196,8149,8145,8189,8174,8099,1.6416139602661133
36,8123,8139,8135,8080,8143,8185,8167,8175,8143,8161,8153,8149,8164,8086,1.649616241455078
36,8123,8139,8135,8080,8143,8185,8167,8175,8143,8161,8153,8149,8164,8086,1.6506483554840088
37,8135,8144,8141,8083,8146,8187,8167,8174,8145,8160,8141,8153,8165,8096,1.6573359966278076
37,8135,8144,8141,8083,8146,8187,8167,8174,8145,8160,8141,8153,8165,8096,1.6583380699157717
38,8131,8163,8138,8075,8142,8174,8151,8168,8186,8155,8134,8177,8171,8082,1.666337490081787
39,8126,8145,8119,8070,8151,8164,8166,8162,8106,8164,8146,8142,8164,8076,1.6740195751190186
40,8150,8166,8140,8077,8136,8186,8162,8169,8184,8143,8135,8176,8173,8098,1.6820478439331057
41,8134,8153,8142,8069,8142,8183,8163,8162,8140,8152,8142,8150,8163,8089,1.6900475025177002
42,8163,8169,8152,8095,8159,8189,8170,8166,8148,8163,8149,8161,8169,8101,1.6970515251159668
43,8160,8172,8149,8094,8150,8182,8164,8168,8191,8146,8138,8178,8177,8105,1.7050464153289795
44,8129,8140,8133,8072,8152,8165,8166,8157,8087,8158,8145,8129,8159,8092,1.7130470275878906
45,8155,8172,8157,8090,8149,8174,8169,8169,8175,8151,8137,8175,8164,8104,1.721053123474121
46,8141,8158,8146,8083,8153,8167,8187,8169,8140,8147,8130,8158,8158,8095,1.7290465831756592
47,8150,8157,8148,8087,8155,8173,8192,8166,8113,8158,8137,8152,8164,8102,1.7370095252990725
48,8167,8182,8173,8101,8157,8171,8182,8174,8210,8162,8149,8192,8177,8120,1.745046854019165
49,8169,8164,8160,8099,8171,8156,8193,8171,8146,8174,8157,8157,8163,8123,1.753046989440918
50,8176,8173,8150,8093,8152,8161,8179,8170,8174,8150,8133,8176,8165,8117,1.760040044784546
51,8132,8149,8130,8068,8147,8148,8170,8163,8127,8146,8124,8149,8156,8092,1.7680439949035645
52,8149,8157,8140,8085,8161,8162,8183,8169,8125,8160,8137,8147,8158,8108,1.7760465145111084
53,8170,8186,8161,8107,8155,8170,8183,8182,8217,8154,8145,8191,8176,8119,1.7842187881469729
54,8144,8159,8144,8092,8166,8152,8187,8169,8110,8166,8156,8146,8165,8103,1.792219638824463
55,8154,8177,8153,8095,8162,8170,8176,8164,8154,8153,8147,8173,8169,8116,1.800046443939209
56,8142,8165,8145,8083,8155,8170,8180,8169,8163,8152,8147,8167,8166,8112,1.8084282875061035
57,8142,8154,8134,8078,8157,8165,8187,8174,8119,8161,8151,8150,8163,8115,1.8164856433868408
58,8137,8173,8141,8076,8142,8171,8165,8173,8172,8133,8130,8178,8168,8101,1.8234872817993164
59,8118,8152,8126,8062,8150,8174,8170,8155,8080,8137,8124,8129,8152,8072,1.8304874897003172
60,8140,8175,8138,8080,8155,8198,8172,8156,8139,8136,8128,8164,8160,8085,1.8384897708892824
61,8127,8161,8133,8077,8163,8188,8170,8158,8143,8135,8131,8166,8162,8082,1.8464889526367188
62,8123,8143,8127,8070,8176,8185,8169,8158,8074,8146,8136,8138,8157,8086,1.854534387588501
63,8124,8169,8143,8076,8153,8191,8157,8162,8164,8132,8132,8180,8168,8094,1.8630475997924805
64,8107,8143,8126,8063,8147,8173,8162,8150,8079,8142,8134,8141,8163,8082,1.8710472583770752
65,8142,8164,8147,8080,8157,8188,8160,8159,8113,8142,8131,8161,8175,8103,1.8787879943847656
66,8147,8176,8166,8089,8163,8184,8160,8163,8151,8140,8141,8169,8173,8114,1.8870041370391848
67,8140,8165,8158,8092,8162,8168,8158,8144,8065,8138,8150,8144,8157,8102,1.894028663635254
68,8145,8178,8164,8094,8140,8168,8135,8141,8118,8112,8121,8186,8161,8094,1.902024745941162
69,8121,8144,8150,8066,8146,8162,8149,8140,8047,8125,8115,8145,8153,8093,1.9100456237792969
70,8139,8157,8163,8073,8153,8185,8159,8149,8085,8130,8130,8161,8167,8113,1.9180612564086916
71,8133,8164,8169,8083,8149,8191,8148,8151,8128,8121,8133,8179,8169,8100,1.9260671138763428
72,8141,8152,8169,8090,8157,8192,8157,8152,8069,8146,8142,8148,8164,8103,1.9350392818450928
73,8179,8188,8202,8105,8144,8201,8152,8164,8186,8153,8157,8199,8184,8145,1.9420382976531985
74,8142,8163,8195,8095,8141,8183,8149,8153,8130,8157,8180,8169,8171,8137,1.9500412940979004
75,8150,8165,8194,8105,8146,8190,8155,8157,8124,8157,8172,8169,8171,8134,1.9570391178131104
76,8167,8174,8194,8096,8146,8188,8164,8173,8184,8157,8155,8186,8180,8136,1.965037822723389
77,8156,8153,8181,8090,8163,8183,8177,8176,8122,8175,8162,8147,8164,8134,1.9730377197265625
78,8164,8176,8193,8111,8153,8194,8169,8184,8202,8162,8146,8176,8163,8139,1.9810380935668943
79,8142,8153,8175,8097,8143,8169,8166,8166,8122,8150,8133,8142,8157,8118,1.9890377521514893
80,8153,8159,8178,8099,8141,8169,8157,8151,8080,8141,8140,8152,8165,8123,1.997042655944824
81,8157,8177,8194,8110,8148,8176,8159,8160,8166,8138,8157,8190,8174,8133,2.0050578117370605
82,8147,8156,8180,8108,8177,8167,8183,8165,8118,8161,8171,8145,8164,8141,2.012596845626831
83,8159,8173,8182,8111,8167,8176,8163,8176,8184,8154,8155,8182,8173,8151,2.0200464725494385
84,8143,8156,8167,8099,8155,8163,8159,8169,8144,8164,8151,8165,8166,8132,2.0280356407165527
85,8163,8164,8173,8115,8164,8162,8175,8164,8134,8177,8159,8157,8164,8142,2.0361125469207764
86,8154,8178,8185,8114,8158,8159,8160,8165,8197,8155,8155,8189,8171,8146,2.0441195964813232
87,8128,8148,8171,8098,8155,8144,8153,8156,8091,8161,8163,8146,8159,8134,2.0521240234375
88,8169,8175,8183,8120,8148,8146,8149,8160,8165,8160,8159,8177,8168,8148,2.0601627826690674
89,8151,8165,8170,8107,8153,8127,8155,8156,8154,8157,8158,8163,8163,8142,2.0680465698242188
90,8136,8158,8166,8099,8158,8140,8157,8162,8111,8158,8161,8150,8161,8143,2.076202392578125
91,8155,8178,8174,8113,8151,8153,8154,8172,8194,8149,8146,8180,8172,8147,2.083035945892334
92,8142,8150,8153,8096,8166,8132,8171,8154,8107,8161,8149,8139,8160,8137,2.091036081314087
93,8131,8158,8157,8089,8149,8141,8154,8162,8140,8146,8141,8176,8163,8135,2.099034547805786
94,8113,8146,8144,8085,8137,8144,8149,8170,8130,8145,8133,8162,8160,8118,2.106034755706787
95,8144,8149,8143,8099,8165,8153,8169,8167,8106,8171,8144,8138,8162,8128,2.114889621734619
96,8155,8172,8159,8103,8163,8148,8152,8167,8204,8160,8135,8183,8168,8130,2.1229214668273926
97,8117,8137,8129,8080,8153,8120,8144,8149,8086,8152,8119,8138,8152,8100,2.131019830703736
98,8138,8160,8141,8096,8152,8138,8148,8153,8103,8138,8114,8154,8168,8112,2.139040470123291
99,8141,8164,8158,8100,8160,8144,8157,8162,8140,8144,8123,8159,8172,8110,2.1470091342926025
100,8137,8144,8144,8096,8164,8139,8163,8158,8079,8149,8117,8133,8159,8099,2.1540472507476807
101,8143,8166,8143,8105,8141,8141,8158,8162,8147,8127,8098,8169,8170,8105,2.1620688438415527
102,8130,8149,8136,8098,8148,8137,8182,8168,8092,8152,8124,8139,8166,8112,2.17007064819336
103,8160,8172,8157,8111,8161,8165,8191,8183,8152,8170,8150,8169,8173,8143,2.178046703338623
104,8153,8172,8154,8106,8154,8163,8183,8178,8190,8166,8152,8175,8168,8146,2.1860499382019043
105,8131,8148,8130,8095,8149,8148,8179,8168,8109,8168,8150,8130,8157,8123,2.19396710395813
106,8133,8170,8136,8096,8128,8158,8164,8174,8182,8149,8128,8167,8170,8104,2.201977014541626
107,8113,8147,8122,8080,8130,8143,8170,8163,8116,8168,8125,8144,8163,8097,2.2099125385284424
108,8145,8157,8132,8098,8136,8146,8175,8171,8143,8181,8146,8160,8170,8122,2.2163963317871094
108,8145,8157,8132,8098,8136,8146,8175,8171,8143,8181,8146,8160,8170,8122,2.2174251079559326
109,8138,8163,8139,8100,8132,8146,8173,8174,8178,8158,8140,8175,8175,8112,2.225275993347168
110,8115,8141,8127,8090,8134,8139,8176,8156,8065,8162,8096,8139,8163,8092,2.233278751373291
111,8142,8172,8139,8108,8120,8148,8160,8160,8143,8160,8096,8176,8168,8100,2.241046667098999
112,8128,8160,8128,8097,8130,8139,8161,8162,8109,8159,8166,8142,8158,8084,2.2493197917938232
113,8138,8165,8136,8094,8135,8153,8165,8160,8109,8157,8162,8151,8166,8089,2.257010698318481
114,8132,8166,8143,8092,8120,8159,8164,8163,8157,8155,8115,8178,8171,8092,2.26504898071289
115,8117,8144,8121,8083,8132,8156,8178,8162,8073,8171,8136,8134,8161,8091,2.2730712890625
116,8135,8174,8133,8090,8130,8168,8162,8162,8141,8162,8147,8172,8178,8101,2.2800698280334477
117,8115,8151,8132,8087,8132,8151,8160,8158,8098,8169,8142,8147,8174,8085,2.288082838058472
118,8133,8152,8145,8100,8143,8157,8180,8165,8104,8176,8158,8147,8171,8099,2.296111583709717
119,8140,8174,8151,8099,8141,8156,8180,8170,8197,8178,8158,8184,8178,8106,2.3039066791534424
120,8120,8148,8125,8092,8143,8141,8175,8158,8103,8193,8154,8138,8165,8088,2.3114304542541504
120,8120,8148,8125,8092,8143,8141,8175,8158,8103,8193,8154,8138,8165,8088,2.312422275543213
121,8133,8164,8136,8103,8126,8154,8160,8159,8144,8163,8144,8166,8173,8095,2.320046186447144
122,8118,8147,8129,8088,8126,8140,8169,8156,8115,8163,8152,8157,8167,8087,2.32761287689209
123,8118,8143,8122,8092,8132,8136,8167,8157,8090,8178,8155,8150,8161,8092,2.336048126220703
124,8113,8159,8120,8094,8111,8132,8140,8157,8144,8151,8135,8172,8167,8090,2.344048023223877
125,8100,8142,8103,8078,8121,8120,8153,8141,8040,8149,8131,8128,8159,8075,2.3511605262756348
126,8131,8175,8130,8099,8133,8140,8164,8157,8115,8151,8132,8175,8171,8092,2.359160184860229
127,8129,8172,8141,8106,8134,8132,8165,8161,8124,8159,8151,8179,8171,8099,2.367010593414306
239,8144,8165,8149,8113,8135,8131,8163,8148,8077,8161,8167,8160,8163,8109,2.375190019607544
0,8147,8176,8160,8113,8127,8140,8150,8146,8151,8142,8159,8188,8171,8106,2.383291244506836
1,8119,8154,8143,8097,8138,8124,8154,8141,8069,8157,8169,8146,8165,8088,2.391122817993164
1,8119,8154,8143,8097,8138,8124,8154,8141,8069,8157,8169,8146,8165,8088,2.391657829284668
2,8152,8188,8160,8122,8135,8132,8149,8149,8128,8159,8167,8178,8173,8105,2.3986761569976807
3,8141,8180,8161,8126,8140,8127,8152,8147,8143,8154,8167,8177,8168,8102,2.406670093536377
4,8136,8161,8152,8121,8161,8129,8163,8144,8089,8163,8172,8149,8160,8106,2.414041042327881
5,8155,8184,8160,8128,8148,8137,8147,8150,8162,8148,8154,8187,8171,8108,2.4220492839813232
6,8133,8159,8145,8123,8150,8125,8151,8141,8078,8157,8159,8150,8160,8090,2.4299123287200928
7,8150,8174,8160,8145,8156,8140,8155,8151,8128,8165,8172,8169,8169,8108,2.4379148483276367
8,8140,8173,8157,8138,8152,8146,8153,8156,8153,8164,8169,8164,8169,8108,2.4460456371307373
9,8133,8153,8137,8121,8151,8155,8160,8150,8083,8168,8167,8138,8159,8096,2.454046726226806
10,8149,8179,8152,8134,8145,8163,8154,8161,8190,8161,8162,8189,8172,8099,2.4621593952178955
11,8143,8162,8153,8133,8164,8147,8166,8157,8151,8184,8173,8153,8167,8108,2.4701623916625977
12,8164,8171,8172,8142,8161,8165,8162,8151,8169,8176,8173,8165,8174,8128,2.47804594039917
13,8152,8174,8176,8130,8148,8156,8149,8147,8179,8157,8170,8179,8171,8113,2.4850471019744877
14,8150,8167,8169,8126,8166,8138,8159,8151,8108,8179,8193,8148,8167,8113,2.493046283721924
15,8181,8204,8194,8152,8168,8155,8165,8177,8235,8185,8210,8192,8182,8142,2.50122594833374
16,8166,8179,8182,8140,8172,8150,8182,8177,8205,8195,8218,8159,8164,8136,2.5087571144104004
17,8173,8175,8172,8139,8169,8151,8178,8167,8200,8189,8202,8160,8164,8133,2.516757011413574
17,8173,8175,8172,8139,8169,8151,8178,8167,8200,8189,8202,8160,8164,8133,2.517749786376953
18,8158,8172,8168,8137,8157,8149,8162,8159,8223,8167,8192,8174,8174,8118,2.5247528553009038
19,8146,8156,8161,8136,8168,8157,8172,8152,8140,8181,8209,8141,8165,8116,2.533018112182617
20,8177,8190,8181,8146,8162,8172,8164,8161,8231,8179,8204,8189,8175,8139,2.5410802364349365
21,8154,8160,8164,8131,8159,8156,8159,8154,8174,8180,8196,8162,8169,8124,2.5480847358703613
22,8162,8163,8165,8142,8165,8166,8159,8158,8161,8182,8192,8164,8171,8126,2.5560498237609863
23,8170,8188,8182,8149,8170,8177,8159,8168,8246,8189,8195,8187,8175,8130,2.564047574996948
24,8166,8168,8176,8147,8190,8180,8184,8161,8173,8209,8207,8144,8164,8120,2.572016954421997
25,8189,8188,8191,8161,8185,8195,8184,8168,8237,8185,8194,8181,8170,8134,2.58001708984375
26,8169,8174,8177,8148,8180,8181,8169,8161,8192,8177,8189,8158,8161,8133,2.588047504425049
27,8175,8175,8178,8151,8182,8187,8163,8151,8156,8181,8197,8147,8167,8142,2.595888376235962
28,8180,8187,8189,8162,8179,8189,8163,8158,8221,8169,8191,8172,8174,8130,2.6039068698883057
29,8165,8159,8163,8154,8186,8174,8169,8154,8123,8172,8180,8122,8156,8107,2.611701726913452
30,8170,8177,8164,8154,8169,8195,8148,8159,8178,8153,8172,8160,8171,8119,2.6190481185913086
31,8151,8166,8162,8143,8176,8190,8162,8165,8178,8168,8194,8160,8175,8125,2.6270129680633545
32,8168,8167,8168,8153,8192,8187,8187,8170,8165,8194,8207,8149,8170,8141,2.63504958152771
33,8174,8184,8180,8159,8169,8192,8172,8172,8250,8182,8193,8182,8175,8142,2.6430835723876958
34,8152,8155,8164,8145,8170,8189,8180,8169,8176,8200,8204,8140,8167,8136,2.651050567626953
35,8174,8182,8180,8160,8176,8214,8184,8179,8239,8206,8210,8169,8180,8153,2.659114360809326
36,8160,8179,8174,8152,8174,8210,8183,8169,8223,8201,8205,8159,8174,8138,2.667104959487915
37,8154,8163,8156,8146,8175,8201,8176,8155,8147,8198,8200,8134,8164,8128,2.674050807952881
38,8164,8176,8159,8153,8168,8199,8165,8164,8219,8181,8188,8177,8176,8137,2.682051181793213
39,8152,8152,8152,8142,8178,8189,8186,8166,8153,8198,8200,8150,8168,8142,2.689631462097168
39,8152,8152,8152,8142,8178,8189,8186,8166,8153,8198,8200,8150,8168,8142,2.6906235218048096
40,8170,8179,8172,8161,8178,8202,8191,8176,8212,8202,8206,8177,8174,8156,2.69763731956482
41,8157,8178,8171,8161,8175,8193,8189,8175,8235,8205,8202,8162,8170,8142,2.7057535648345947
42,8161,8164,8166,8154,8178,8192,8198,8170,8188,8218,8202,8132,8162,8146,2.714050531387329
43,8178,8183,8182,8160,8168,8196,8188,8178,8278,8203,8189,8181,8173,8161,2.7220489978790283
44,8154,8161,8166,8154,8185,8182,8194,8172,8203,8217,8195,8150,8167,8148,2.7300236225128174
45,8170,8182,8171,8166,8183,8197,8188,8169,8236,8220,8194,8165,8172,8156,2.738049268722534
46,8153,8177,8165,8156,8166,8192,8180,8163,8245,8203,8182,8163,8164,8144,2.745079040527344
47,8141,8157,8151,8149,8177,8186,8193,8162,8154,8208,8182,8135,8150,8134,2.75307846069336
48,8166,8186,8169,8159,8171,8200,8193,8176,8246,8195,8175,8182,8163,8141,2.7611141204833984
49,8147,8161,8160,8143,8174,8193,8195,8170,8178,8182,8175,8143,8156,8123,2.769040822982788
50,8169,8174,8168,8154,8180,8202,8194,8171,8176,8168,8165,8152,8162,8133,2.7770533561706543
51,8168,8178,8168,8152,8175,8190,8188,8166,8211,8164,8164,8168,8170,8138,2.7850542068481445
52,8155,8157,8161,8152,8178,8186,8192,8160,8141,8183,8183,8131,8163,8140,2.793046474456787
53,8183,8193,8186,8173,8172,8209,8186,8180,8242,8182,8185,8178,8171,8157,2.8010475635528564
54,8167,8172,8172,8153,8178,8193,8190,8167,8192,8189,8190,8153,8162,8146,2.807960271835327
55,8167,8166,8171,8149,8175,8196,8177,8146,8166,8179,8184,8153,8161,8143,2.8159780502319336
56,8152,8170,8179,8151,8167,8202,8162,8153,8196,8167,8177,8173,8159,8133,2.824041843414306
57,8145,8151,8164,8146,8181,8195,8177,8160,8119,8187,8190,8133,8149,8125,2.832146644592285
58,8166,8176,8173,8152,8175,8201,8167,8162,8200,8170,8179,8170,8168,8135,2.8400466442108154
59,8137,8155,8164,8141,8180,8186,8164,8152,8145,8167,8166,8146,8164,8122,2.848046064376831
60,8152,8164,8171,8150,8187,8194,8175,8158,8130,8171,8169,8147,8162,8130,2.856045961380005
61,8166,8190,8188,8155,8175,8203,8171,8163,8207,8158,8172,8177,8164,8137,2.8630635738372803
62,8155,8170,8180,8155,8185,8195,8183,8159,8132,8179,8183,8138,8161,8139,2.8710620403289795
63,8177,8193,8199,8181,8188,8202,8179,8177,8230,8181,8189,8184,8185,8159,2.879063129425049
64,8170,8176,8194,8170,8186,8189,8174,8169,8210,8179,8189,8168,8171,8148,2.8870644569396973
65,8173,8173,8192,8160,8183,8191,8167,8155,8149,8174,8176,8149,8155,8148,2.89484977722168
66,8170,8191,8203,8165,8179,8197,8163,8166,8219,8162,8169,8180,8172,8148,2.9028565883636475
67,8156,8164,8183,8154,8192,8191,8175,8165,8141,8175,8182,8143,8165,8137,2.911046028137207
68,8174,8179,8184,8154,8173,8205,8155,8161,8180,8154,8164,8167,8163,8141,2.919046401977539
69,8152,8165,8174,8144,8159,8195,8147,8152,8155,8144,8155,8151,8157,8132,2.927010536193848
70,8161,8165,8180,8160,8178,8202,8159,8158,8133,8161,8176,8143,8157,8145,2.9350528717041016
71,8182,8184,8198,8172,8179,8215,8164,8177,8231,8160,8181,8179,8167,8157,2.9421699047088623
72,8154,8148,8172,8145,8178,8201,8180,8166,8136,8167,8181,8133,8159,8142,2.950162410736084
73,8167,8166,8172,8154,8166,8217,8170,8161,8173,8153,8170,8165,8168,8147,2.958045959472656
74,8152,8164,8172,8152,8171,8210,8162,8159,8168,8150,8172,8163,8162,8139,2.9660465717315674
75,8146,8154,8177,8148,8181,8199,8174,8166,8120,8171,8192,8142,8160,8151,2.9740469455718994
76,8170,8182,8193,8163,8150,8202,8174,8186,8234,8175,8189,8188,8177,8168,2.982046365737915
77,8175,8166,8175,8165,8150,8202,8180,8178,8175,8193,8198,8146,8162,8159,2.988741159439087
78,8193,8177,8184,8176,8159,8220,8172,8167,8196,8187,8204,8165,8165,8158,2.997732162475586
79,8159,8160,8170,8159,8145,8202,8163,8151,8178,8169,8190,8168,8162,8127,3.005047082901001
80,8148,8144,8145,8148,8140,8198,8165,8146,8076,8163,8170,8128,8148,8102,3.013046979904175
81,8164,8175,8161,8157,8139,8216,8157,8158,8153,8142,8161,8165,8161,8105,3.021082162857056
82,8140,8156,8161,8150,8158,8208,8173,8156,8113,8164,8180,8140,8166,8104,3.0290818214416504
83,8159,8170,8169,8161,8158,8218,8176,8164,8160,8176,8174,8162,8172,8124,3.037082433700561
84,8144,8161,8154,8150,8144,8209,8160,8165,8175,8160,8160,8169,8162,8112,3.0450809001922607
85,8136,8141,8140,8142,8153,8202,8159,8154,8083,8167,8168,8135,8153,8100,3.053081750869751
86,8167,8187,8172,8163,8154,8222,8165,8167,8194,8169,8173,8186,8171,8119,3.061082124710083
87,8149,8170,8163,8160,8160,8216,8184,8170,8150,8177,8186,8157,8161,8118,3.069082260131836
88,8162,8170,8160,8162,8152,8224,8176,8164,8137,8160,8181,8167,8163,8123,3.0760819911956787
89,8167,8183,8169,8158,8144,8225,8162,8163,8177,8150,8177,8187,8172,8117,3.0840814113616943
90,8171,8168,8162,8160,8164,8216,8180,8162,8112,8175,8195,8150,8165,8123,3.092082500457764
91,8188,8184,8173,8170,8159,8223,8175,8166,8200,8163,8191,8191,8171,8140,3.100046396255493
92,8157,8157,8175,8151,8153,8216,8174,8163,8156,8169,8189,8162,8155,8115,3.1075618267059326
93,8169,8166,8192,8159,8155,8226,8178,8168,8159,8181,8194,8165,8158,8124,3.116046190261841
94,8164,8175,8190,8158,8149,8213,8170,8168,8211,8171,8196,8189,8173,8133,3.124068260192871
95,8146,8150,8169,8151,8156,8202,8179,8168,8125,8187,8205,8143,8166,8118,3.1320688724517822
96,8183,8180,8190,8173,8152,8232,8178,8184,8217,8183,8191,8180,8171,8124,3.1390459537506104
97,8166,8164,8181,8158,8168,8227,8182,8174,8191,8188,8190,8163,8161,8118,3.147010564804077
98,8152,8163,8184,8161,8176,8228,8179,8171,8173,8201,8206,8167,8167,8125,3.1550471782684326
99,8172,8185,8197,8180,8157,8224,8173,8177,8249,8198,8203,8201,8176,8133,3.163046836853028
99,8172,8185,8197,8180,8157,8224,8173,8177,8249,8198,8203,8201,8176,8133,3.164074182510376
100,8183,8164,8180,8174,8176,8204,8190,8160,8155,8207,8202,8155,8159,8140,3.1710805892944336
101,8182,8181,8195,8179,8178,8215,8177,8166,8206,8184,8199,8191,8168,8151,3.1787068843841557
102,8152,8170,8181,8166,8165,8212,8178,8173,8184,8184,8201,8182,8162,8129,3.18661904335022
102,8152,8170,8181,8166,8165,8212,8178,8173,8184,8184,8201,8182,8162,8129,3.187612771987915
103,8183,8177,8171,8170,8177,8221,8195,8175,8162,8206,8209,8170,8154,8138,3.195039987564087
104,8195,8194,8189,8178,8181,8221,8186,8181,8254,8200,8212,8203,8165,8151,3.2031986713409424
105,8160,8159,8182,8168,8188,8206,8183,8172,8176,8208,8230,8159,8163,8143,3.209730625152588
106,8187,8188,8196,8183,8187,8223,8174,8175,8225,8195,8227,8187,8168,8155,3.2180464267730717
107,8184,8187,8183,8175,8194,8214,8177,8164,8191,8183,8216,8172,8160,8134,3.2258899211883545
108,8178,8175,8164,8165,8199,8208,8185,8158,8126,8185,8213,8147,8158,8122,3.233461856842041
108,8178,8175,8164,8165,8199,8208,8185,8158,8126,8185,8213,8147,8158,8122,3.234461545944214
109,8178,8189,8176,8166,8175,8206,8177,8175,8229,8186,8209,8196,8171,8134,3.2414684295654297
109,8178,8189,8176,8166,8175,8206,8177,8175,8229,8186,8209,8196,8171,8134,3.2424612045288086
110,8161,8162,8171,8162,8176,8184,8190,8171,8165,8208,8222,8167,8159,8136,3.250047206878662
111,8187,8177,8177,8172,8176,8189,8189,8166,8193,8192,8211,8184,8166,8140,3.2580461502075195
112,8160,8160,8156,8150,8171,8180,8171,8155,8170,8171,8199,8172,8161,8116,3.2650468349456787
113,8152,8144,8152,8143,8173,8184,8166,8153,8104,8185,8204,8156,8154,8118,3.2725307941436768
113,8152,8144,8152,8143,8173,8184,8166,8153,8104,8185,8204,8156,8154,8118,3.2735254764556885
114,8178,8171,8178,8159,8163,8195,8161,8166,8200,8176,8196,8207,8170,8142,3.2805309295654297
114,8178,8171,8178,8159,8163,8195,8161,8166,8200,8176,8196,8207,8170,8142,3.2815256118774414
115,8151,8148,8154,8147,8170,8181,8170,8162,8110,8169,8198,8162,8157,8128,3.2895407676696777
116,8166,8168,8153,8161,8172,8197,8173,8166,8143,8164,8191,8180,8160,8129,3.2974207401275635
117,8170,8173,8169,8163,8178,8199,8175,8169,8202,8177,8189,8192,8165,8131,3.3050403594970703
118,8169,8160,8169,8164,8195,8195,8175,8163,8142,8193,8201,8159,8159,8133,3.312915802001953
119,8177,8185,8175,8182,8191,8208,8158,8166,8212,8171,8195,8196,8165,8136,3.320915937423706
120,8152,8155,8161,8175,8194,8193,8168,8165,8147,8178,8199,8160,8158,8127,3.3290460109710693
121,8175,8167,8178,8188,8183,8195,8171,8176,8176,8185,8201,8176,8170,8143,3.3360471725463867
122,8173,8183,8181,8188,8172,8188,8173,8181,8214,8181,8202,8193,8172,8135,3.343630313873291
122,8173,8183,8181,8188,8172,8188,8173,8181,8214,8181,8202,8193,8172,8135,3.3446617126464844
123,8167,8172,8168,8180,8192,8177,8199,8177,8142,8192,8210,8159,8159,8132,3.352046489715576
124,8189,8191,8180,8186,8178,8191,8189,8178,8215,8167,8192,8194,8165,8138,3.36065411567688
125,8171,8165,8168,8180,8166,8230,8178,8159,8128,8159,8184,8155,8154,8115,3.367920398712158
126,8187,8178,8183,8193,8173,8324,8175,8161,8133,8157,8196,8168,8164,8134,3.375919342041016
127,8185,8182,8191,8184,8177,8369,8173,8171,8198,8144,8203,8192,8170,8144,3.384047508239746
239,8172,8155,8173,8171,8188,8369,8175,8156,8100,8149,8202,8144,8152,8130,3.3923428058624268
0,8193,8188,8197,8192,8183,8391,8160,8161,8183,8144,8193,8189,8165,8144,3.399186134338379
1,8188,8173,8191,8189,8187,8378,8175,8170,8171,8172,8211,8175,8167,8157,3.40718674659729
2,8209,8172,8191,8197,8189,8378,8188,8179,8181,8191,8228,8176,8172,8175,3.415047168731689
3,8197,8179,8201,8196,8173,8383,8175,8175,8242,8168,8218,8202,8175,8163,3.423046588897705
4,8165,8153,8179,8183,8179,8367,8174,8153,8127,8162,8210,8154,8156,8135,3.431046962738037
4,8165,8153,8179,8183,8179,8367,8174,8153,8127,8162,8210,8154,8156,8135,3.4316372871398926
5,8181,8174,8176,8190,8168,8372,8159,8159,8183,8150,8201,8185,8166,8138,3.439047336578369
6,8155,8146,8153,8167,8164,8364,8155,8153,8158,8158,8204,8160,8161,8129,3.4470736980438232
7,8152,8139,8145,8163,8162,8364,8157,8146,8118,8161,8192,8145,8152,8126,3.455067873001098
7,8152,8139,8145,8163,8162,8364,8157,8146,8118,8161,8192,8145,8152,8126,3.456066608428955
8,8160,8168,8166,8180,8153,8364,8152,8162,8189,8147,8180,8183,8162,8127,3.4620461463928223
9,8165,8160,8179,8190,8186,8366,8177,8171,8148,8179,8216,8159,8164,8146,3.47005033493042
10,8206,8185,8206,8207,8199,8386,8183,8169,8242,8186,8223,8196,8174,8178,3.478069305419922
11,8174,8164,8183,8184,8179,8367,8167,8151,8195,8166,8193,8171,8159,8147,3.4860715866088867
12,8153,8153,8164,8174,8167,8360,8164,8143,8118,8151,8179,8149,8150,8133,3.4940474033355717
13,8157,8168,8167,8171,8162,8360,8164,8154,8188,8135,8174,8182,8159,8134,3.5022146701812744
14,8145,8143,8149,8162,8176,8344,8184,8153,8110,8153,8179,8138,8151,8121,3.510302782058716
15,8177,8180,8179,8194,8178,8356,8184,8163,8183,8147,8183,8182,8171,8150,3.5183029174804688
16,8182,8187,8200,8203,8185,8347,8181,8165,8210,8155,8204,8191,8176,8167,3.5260465145111084
17,8183,8166,8187,8197,8185,8342,8174,8152,8148,8175,8206,8157,8166,8156,3.5333495140075684
18,8179,8174,8183,8196,8160,8349,8155,8147,8197,8150,8183,8185,8174,8138,3.5410473346710205
19,8167,8157,8181,8195,8176,8342,8178,8150,8125,8163,8201,8157,8168,8139,3.5490643978118896
20,8193,8183,8200,8216,8193,8355,8186,8170,8203,8183,8215,8185,8177,8159,3.557070016860962
21,8164,8171,8182,8196,8184,8344,8178,8164,8229,8183,8212,8177,8172,8140,3.564775228500366
22,8157,8149,8169,8185,8184,8339,8184,8155,8152,8181,8215,8154,8157,8141,3.5729031562805176
23,8178,8178,8194,8204,8182,8345,8176,8173,8235,8164,8206,8200,8169,8154,3.580894947052002
24,8151,8157,8174,8186,8191,8323,8180,8164,8163,8177,8202,8150,8163,8129,3.5890491008758545
25,8159,8163,8163,8176,8180,8326,8173,8152,8165,8163,8175,8161,8157,8130,3.5960404872894287
26,8144,8157,8162,8172,8171,8320,8162,8144,8160,8139,8149,8173,8153,8125,3.604034185409546
27,8143,8152,8168,8178,8185,8317,8170,8139,8079,8151,8163,8143,8158,8121,3.6115529537200928
28,8175,8187,8193,8192,8171,8325,8164,8147,8172,8144,8158,8187,8174,8129,3.620046377182007
29,8155,8157,8173,8182,8178,8312,8173,8146,8112,8150,8143,8153,8157,8114,3.6280460357666016
30,8164,8164,8178,8194,8193,8327,8181,8165,8149,8160,8152,8169,8168,8133,3.636075735092163
30,8164,8164,8178,8194,8193,8327,8181,8165,8149,8160,8152,8169,8168,8133,3.636573553085327
31,8167,8174,8191,8195,8177,8322,8181,8170,8220,8171,8166,8191,8179,8144,3.6440987586975098
32,8163,8152,8177,8187,8178,8320,8186,8148,8119,8180,8153,8150,8160,8130,3.652108192443848
33,8174,8179,8184,8197,8191,8348,8178,8157,8189,8153,8129,8189,8166,8129,3.659670829772949
34,8155,8161,8173,8186,8203,8332,8188,8162,8148,8156,8141,8159,8162,8126,3.666675567626953
35,8174,8166,8182,8194,8188,8329,8186,8158,8132,8161,8139,8161,8172,8148,3.674671173095703
35,8174,8166,8182,8194,8188,8329,8186,8158,8132,8161,8139,8161,8172,8148,3.675672769546509
36,8169,8176,8185,8193,8160,8332,8175,8162,8186,8157,8119,8186,8177,8147,3.68304705619812
37,8143,8148,8153,8176,8162,8325,8179,8166,8112,8174,8122,8139,8155,8130,3.691047191619873
37,8143,8148,8153,8176,8162,8325,8179,8166,8112,8174,8122,8139,8155,8130,3.691685914993286
38,8153,8171,8160,8183,8152,8339,8172,8173,8188,8161,8115,8177,8163,8133,3.6990466117858887
39,8143,8159,8164,8178,8163,8323,8181,8169,8157,8165,8123,8159,8163,8132,3.70706844329834
40,8161,8162,8176,8195,8178,8318,8182,8173,8158,8178,8143,8157,8169,8156,3.7146034240722656
40,8161,8162,8176,8195,8178,8318,8182,8173,8158,8178,8143,8157,8169,8156,3.715598821640015
41,8161,8171,8185,8202,8163,8325,8172,8172,8226,8168,8147,8192,8175,8156,3.723031044006348
42,8141,8150,8175,8189,8164,8324,8187,8159,8128,8177,8160,8157,8159,8140,3.730045557022095
43,8172,8183,8194,8203,8160,8332,8186,8170,8195,8166,8157,8195,8172,8152,3.738393545150757
44,8159,8167,8183,8192,8158,8317,8189,8167,8163,8158,8146,8172,8170,8141,3.7463977336883545
45,8164,8168,8184,8202,8161,8322,8200,8169,8144,8176,8150,8157,8162,8147,3.7604944705963135
46,8186,8202,8212,8224,8159,8321,8198,8188,8264,8192,8166,8199,8168,8163,3.762047290802002
47,8183,8182,8207,8213,8175,8299,8202,8182,8184,8207,8184,8162,8166,8157,3.7699391841888423
48,8200,8200,8212,8217,8167,8309,8183,8178,8215,8188,8160,8189,8179,8163,3.7779576778411865
49,8169,8186,8197,8204,8163,8302,8177,8174,8195,8182,8154,8176,8169,8150,3.785952091217041
50,8174,8175,8198,8196,8167,8298,8196,8175,8149,8186,8157,8158,8165,8154,3.79364275932312
51,8201,8200,8230,8209,8151,8301,8201,8189,8245,8181,8117,8195,8181,8168,3.800658226013184
52,8178,8174,8221,8207,8166,8297,8210,8177,8166,8201,8100,8150,8164,8155,3.808657169342041
53,8183,8174,8213,8202,8165,8301,8190,8165,8175,8176,8111,8170,8160,8143,3.81700587272644
54,8178,8166,8197,8185,8146,8272,8181,8163,8163,8162,8129,8171,8165,8130,3.82504677772522
55,8189,8173,8197,8201,8160,8266,8204,8178,8142,8194,8146,8162,8172,8156,3.833173990249634
56,8194,8195,8208,8222,8170,8277,8207,8191,8254,8189,8148,8201,8178,8172,3.840735673904419
57,8169,8155,8177,8207,8172,8258,8209,8169,8155,8185,8146,8148,8159,8138,3.848735809326172
57,8169,8155,8177,8207,8172,8258,8209,8169,8155,8185,8146,8148,8159,8138,3.8497331142425537
58,8188,8173,8188,8210,8148,8269,8197,8170,8162,8170,8131,8173,8167,8139,3.856047153472901
59,8170,8176,8188,8195,8132,8266,8193,8180,8172,8159,8125,8183,8167,8139,3.864047050476074
60,8169,8164,8175,8201,8150,8266,8212,8181,8114,8182,8141,8156,8161,8146,3.8717617988586426
61,8198,8193,8200,8226,8152,8273,8209,8193,8223,8179,8154,8207,8180,8164,3.879863739013672
61,8198,8193,8200,8226,8152,8273,8209,8193,8223,8179,8154,8207,8180,8164,3.880862236022949
62,8168,8161,8187,8201,8150,8239,8202,8182,8140,8171,8152,8162,8169,8148,3.887872457504273
63,8172,8170,8183,8201,8132,8235,8187,8178,8143,8164,8131,8164,8167,8147,3.8959572315216064
64,8169,8174,8180,8202,8124,8232,8171,8171,8175,8160,8126,8180,8168,8137,3.903952598571777
65,8156,8153,8170,8200,8141,8219,8164,8158,8077,8165,8136,8149,8159,8127,3.911464214324951
66,8164,8178,8182,8216,8134,8221,8150,8168,8158,8153,8127,8191,8169,8131,3.919459819793701
66,8164,8178,8182,8216,8134,8221,8150,8168,8158,8153,8127,8191,8169,8131,3.9204602241516113
67,8145,8155,8169,8199,8135,8218,8163,8174,8125,8173,8139,8161,8166,8129,3.928086042404175
68,8177,8164,8180,8201,8143,8240,8169,8181,8150,8186,8150,8171,8175,8156,3.935082912445069
69,8174,8176,8183,8205,8142,8237,8167,8178,8194,8172,8143,8189,8174,8154,3.943104505538941
70,8151,8158,8162,8198,8154,8227,8185,8175,8098,8173,8151,8148,8157,8136,3.95113754272461
71,8177,8185,8170,8203,8151,8246,8179,8183,8172,8157,8149,8193,8168,8143,3.959139585494995
72,8168,8161,8159,8192,8152,8234,8178,8174,8134,8168,8155,8165,8163,8133,3.967085123062134
72,8168,8161,8159,8192,8152,8234,8178,8174,8134,8168,8155,8165,8163,8133,3.967414140701294
73,8175,8163,8173,8201,8156,8236,8183,8180,8131,8175,8159,8161,8167,8148,3.975421667098999
74,8178,8185,8195,8203,8156,8239,8186,8197,8209,8173,8161,8190,8177,8163,3.9824280738830566
74,8178,8185,8195,8203,8156,8239,8186,8197,8209,8173,8161,8190,8177,8163,3.983421087265015
75,8189,8171,8185,8197,8174,8232,8206,8197,8151,8204,8179,8153,8169,8167,3.989436149597168
76,8207,8192,8203,8218,8164,8245,8191,8198,8228,8187,8173,8192,8178,8175,3.998046875
77,8172,8172,8190,8211,8161,8234,8182,8192,8183,8180,8162,8168,8170,8159,4.005534648895264
78,8198,8173,8179,8209,8169,8234,8189,8195,8156,8195,8161,8162,8166,8177,4.014101028442383
79,8203,8187,8191,8210,8152,8235,8177,8197,8225,8184,8162,8197,8172,8182,4.022100925445557
80,8157,8156,8179,8200,8147,8223,8174,8183,8131,8189,8175,8152,8163,8154,4.030046463012695
81,8169,8174,8180,8202,8139,8226,8167,8187,8184,8176,8155,8182,8170,8157,4.038046360015869
82,8173,8163,8170,8187,8147,8216,8185,8193,8172,8180,8144,8171,8163,8157,4.046041488647461
83,8186,8169,8180,8200,8166,8226,8206,8202,8153,8200,8161,8162,8164,8172,4.0540266036987305
84,8191,8189,8190,8207,8158,8219,8189,8204,8227,8188,8157,8189,8171,8166,4.061036825180054
85,8168,8155,8164,8190,8161,8189,8179,8181,8123,8187,8143,8140,8155,8143,4.069040536880493
86,8187,8181,8179,8204,8164,8207,8176,8188,8191,8181,8133,8176,8170,8159,4.076667785644531
87,8174,8179,8176,8191,8168,8202,8187,8195,8209,8188,8141,8171,8173,8158,4.084667682647705
88,8167,8164,8163,8183,8169,8189,8191,8187,8141,8190,8145,8148,8167,8154,4.093047142028809
89,8167,8176,8168,8198,8150,8189,8176,8186,8204,8163,8124,8183,8174,8145,4.1040472984313965
90,8150,8146,8149,8190,8157,8180,8186,8178,8109,8161,8116,8139,8157,8122,4.109203100204468
90,8150,8146,8149,8190,8157,8180,8186,8178,8109,8161,8116,8139,8157,8122,4.109384775161743
91,8171,8168,8161,8196,8164,8196,8186,8189,8146,8154,8115,8168,8168,8133,4.117391586303711
92,8165,8168,8170,8195,8176,8194,8189,8195,8180,8165,8128,8178,8177,8139,4.123391628265381
93,8173,8162,8168,8207,8192,8200,8199,8185,8138,8192,8144,8148,8169,8146,4.131390571594238
93,8173,8162,8168,8207,8192,8200,8199,8185,8138,8192,8144,8148,8169,8146,4.132391929626465
94,8199,8197,8187,8222,8180,8212,8191,8188,8232,8183,8143,8190,8178,8161,4.139390707015991
95,8184,8175,8188,8209,8196,8191,8207,8188,8171,8197,8165,8163,8174,8166,4.147390842437744
96,8208,8185,8208,8228,8202,8199,8205,8200,8220,8207,8180,8186,8177,8179,4.155390739440918
97,8211,8186,8205,8231,8185,8196,8192,8197,8253,8201,8173,8190,8171,8172,4.1633923053741455
97,8211,8186,8205,8231,8185,8196,8192,8197,8253,8201,8173,8190,8171,8172,4.164391279220581
98,8199,8167,8191,8222,8192,8189,8198,8185,8162,8198,8174,8155,8166,8176,4.171391010284424
99,8204,8190,8211,8236,8189,8200,8189,8195,8232,8182,8168,8201,8183,8186,4.183393239974976
100,8187,8165,8194,8226,8188,8190,8191,8187,8160,8193,8163,8165,8167,8163,4.186391353607178
100,8187,8165,8194,8226,8188,8190,8191,8187,8160,8193,8163,8165,8167,8163,4.18739128112793
101,8202,8175,8186,8224,8177,8199,8184,8177,8163,8181,8143,8166,8161,8159,4.195040464401245
102,8181,8173,8180,8216,8172,8189,8180,8179,8195,8162,8136,8178,8169,8153,4.20295262336731
103,8164,8147,8167,8202,8185,8177,8192,8174,8102,8173,8147,8139,8163,8147,4.2104880809783936
104,8175,8172,8173,8203,8171,8190,8172,8171,8160,8148,8123,8173,8164,8140,4.218488931655884
105,8145,8147,8150,8191,8167,8180,8174,8169,8103,8151,8116,8140,8151,8111,4.227010250091553
106,8173,8154,8160,8204,8175,8186,8190,8182,8122,8177,8128,8154,8162,8132,4.235046863555908
107,8171,8166,8175,8197,8171,8183,8180,8181,8182,8174,8132,8188,8174,8144,4.243046760559082
108,8146,8147,8155,8178,8170,8170,8172,8166,8087,8173,8132,8142,8162,8130,4.250046968460083
109,8171,8172,8161,8191,8152,8170,8157,8165,8151,8156,8119,8178,8169,8143,4.25806736946106
110,8149,8150,8156,8179,8157,8166,8161,8155,8106,8162,8137,8166,8164,8137,4.266045808792114
111,8161,8159,8166,8189,8171,8192,8171,8170,8122,8180,8153,8171,8169,8146,4.274066925048828
112,8178,8177,8170,8196,8166,8184,8169,8182,8202,8175,8130,8186,8177,8150,4.282063484191895
113,8160,8147,8155,8184,8178,8164,8174,8162,8086,8172,8127,8134,8161,8136,4.290633678436279
114,8174,8172,8178,8200,8172,8193,8167,8168,8157,8159,8130,8179,8168,8139,4.298046827316284
115,8159,8166,8165,8192,8166,8184,8171,8173,8148,8166,8125,8163,8165,8126,4.306069612503052
116,8163,8162,8154,8192,8169,8173,8174,8172,8107,8166,8121,8148,8167,8136,4.312592506408691
117,8170,8168,8169,8193,8158,8183,8163,8177,8182,8155,8131,8187,8172,8149,4.321108102798462
118,8155,8149,8160,8180,8168,8189,8168,8172,8114,8185,8148,8151,8157,8145,4.329221725463867
119,8171,8180,8176,8198,8171,8204,8159,8178,8178,8186,8136,8179,8177,8154,4.33711314201355
120,8145,8151,8161,8186,8166,8180,8150,8167,8144,8168,8129,8159,8175,8137,4.345047235488892
121,8135,8129,8137,8171,8158,8166,8146,8153,8058,8156,8117,8137,8155,8123,4.353040218353272
122,8133,8159,8138,8168,8135,8170,8132,8155,8116,8135,8100,8171,8163,8113,4.361052513122559
123,8119,8140,8127,8159,8148,8157,8142,8148,8040,8146,8117,8134,8161,8109,4.369051933288574
124,8153,8158,8141,8172,8155,8177,8138,8154,8099,8141,8119,8170,8169,8134,4.377009868621826
125,8143,8155,8135,8166,8148,8182,8132,8163,8105,8140,8107,8161,8163,8119,4.384067535400391
126,8140,8144,8131,8164,8158,8175,8139,8164,8044,8151,8107,8134,8155,8121,4.392033815383911
127,8148,8163,8147,8169,8155,8168,8126,8164,8128,8134,8109,8185,8167,8137,4.40003514289856
239,8128,8138,8132,8160,8153,8150,8125,8151,8056,8143,8119,8144,8160,8121,4.408045768737793
0,8153,8157,8145,8176,8145,8168,8128,8156,8101,8141,8110,8161,8168,8129,4.420460939407349
1,8142,8153,8138,8165,8140,8171,8143,8162,8117,8132,8096,8170,8163,8121,4.42446231842041
2,8128,8138,8118,8149,8142,8167,8155,8159,8032,8136,8102,8137,8156,8102,4.432047605514526
3,8151,8173,8143,8166,8139,8177,8151,8171,8130,8133,8102,8175,8170,8103,4.44035792350769
4,8147,8162,8145,8173,8161,8170,8175,8171,8097,8158,8115,8150,8160,8109,4.4470038414001465
5,8161,8169,8151,8189,8160,8181,8175,8177,8130,8159,8117,8168,8164,8127,4.455384016036987
6,8150,8163,8146,8183,8145,8178,8171,8181,8164,8158,8116,8175,8172,8121,4.463382959365845
7,8154,8159,8146,8179,8157,8178,8200,8184,8117,8187,8133,8151,8168,8127,4.471046209335327
8,8173,8188,8161,8186,8147,8181,8187,8193,8213,8173,8128,8194,8173,8139,4.4790403842926025
9,8138,8149,8138,8169,8151,8152,8165,8176,8132,8169,8134,8153,8164,8117,4.486894845962524
10,8161,8157,8151,8185,8156,8166,8169,8178,8139,8180,8141,8166,8175,8129,4.495046854019165
11,8169,8178,8172,8189,8148,8178,8176,8189,8200,8180,8141,8188,8178,8143,4.5027756690979
12,8159,8156,8157,8180,8152,8169,8180,8178,8114,8184,8148,8139,8163,8133,4.511301040649414
13,8178,8169,8154,8186,8134,8167,8161,8169,8167,8152,8130,8173,8167,8117,4.518303155899048
14,8143,8143,8130,8161,8127,8145,8158,8154,8081,8141,8115,8148,8158,8082,4.525627613067627
14,8143,8143,8130,8161,8127,8145,8158,8154,8081,8141,8115,8148,8158,8082,4.526621580123901
15,8147,8153,8136,8164,8138,8159,8165,8159,8072,8151,8123,8151,8172,8102,4.53362512588501
15,8147,8153,8136,8164,8138,8159,8165,8159,8072,8151,8123,8151,8172,8102,4.534619331359863
16,8168,8176,8160,8182,8143,8169,8169,8178,8176,8159,8142,8182,8182,8125,4.542046785354614
17,8171,8157,8157,8181,8158,8154,8181,8175,8112,8179,8146,8144,8159,8118,4.550046920776367
18,8178,8177,8161,8185,8147,8158,8163,8176,8173,8159,8124,8180,8169,8116,4.557642698287964
19,8155,8158,8143,8177,8142,8152,8167,8174,8142,8159,8129,8157,8171,8106,4.565730810165405
20,8166,8161,8147,8187,8141,8163,8179,8180,8131,8172,8140,8158,8164,8119,4.573723316192627
21,8160,8174,8157,8183,8124,8155,8169,8182,8192,8163,8128,8189,8163,8115,4.581040859222412
22,8141,8149,8137,8169,8133,8142,8171,8167,8090,8170,8131,8140,8152,8101,4.589091062545776
23,8169,8182,8159,8191,8136,8169,8165,8176,8160,8161,8135,8178,8169,8120,4.597249746322632
24,8159,8172,8158,8183,8141,8163,8167,8170,8146,8164,8133,8163,8169,8114,4.605251312255859
25,8168,8166,8148,8183,8150,8154,8168,8162,8100,8169,8130,8145,8162,8115,4.613047361373901
26,8183,8185,8163,8193,8147,8153,8156,8173,8185,8156,8133,8194,8171,8128,4.621305465698242
27,8165,8158,8155,8183,8159,8154,8171,8175,8126,8180,8156,8163,8168,8133,4.629347085952759
28,8177,8177,8156,8188,8149,8173,8167,8180,8182,8176,8141,8177,8169,8143,4.637099504470825
29,8148,8156,8137,8173,8136,8154,8157,8165,8143,8155,8124,8160,8155,8114,4.645021200180054
30,8154,8148,8146,8183,8150,8149,8163,8164,8096,8167,8142,8154,8161,8117,4.652322053909302
31,8190,8194,8176,8204,8161,8158,8171,8188,8231,8182,8154,8201,8180,8151,4.660046339035034
32,8170,8177,8160,8189,8172,8146,8190,8187,8166,8192,8160,8151,8161,8143,4.667604684829712
33,8177,8181,8173,8199,8157,8166,8178,8188,8182,8176,8138,8172,8165,8134,4.675619125366211
33,8177,8181,8173,8199,8157,8166,8178,8188,8182,8176,8138,8172,8165,8134,4.676616907119751
34,8170,8170,8172,8196,8143,8161,8162,8177,8174,8166,8120,8176,8164,8123,4.684616088867188
35,8176,8161,8156,8189,8156,8143,8161,8164,8104,8167,8132,8149,8156,8127,4.692041397094727
36,8184,8186,8172,8195,8162,8151,8151,8175,8188,8151,8142,8182,8167,8135,4.700063467025757
37,8160,8165,8158,8184,8172,8160,8163,8171,8113,8162,8145,8138,8153,8122,4.708067178726196
38,8173,8169,8152,8189,8156,8177,8160,8163,8121,8144,8119,8159,8149,8124,4.7150492668151855
39,8149,8157,8144,8178,8139,8161,8148,8158,8125,8127,8105,8167,8154,8106,4.723046779632568
40,8151,8155,8144,8179,8155,8162,8157,8163,8074,8161,8125,8133,8160,8114,4.730902194976807
41,8184,8195,8171,8200,8157,8185,8162,8183,8196,8172,8132,8182,8177,8143,4.73890233039856
42,8164,8171,8165,8193,8164,8168,8179,8182,8149,8185,8140,8155,8167,8132,4.746901512145996
43,8176,8180,8170,8197,8161,8163,8177,8182,8160,8178,8138,8166,8170,8138,4.755046367645264
44,8163,8183,8167,8192,8152,8160,8163,8186,8191,8162,8122,8177,8170,8130,4.763134717941284
45,8153,8159,8158,8196,8170,8161,8171,8181,8114,8173,8124,8141,8162,8126,4.771125316619873
46,8172,8180,8171,8210,8166,8173,8166,8179,8193,8157,8122,8178,8173,8135,4.778139591217041
47,8153,8157,8149,8189,8166,8160,8178,8174,8130,8157,8123,8148,8160,8120,4.786217927932739
48,8161,8165,8158,8193,8172,8172,8178,8178,8122,8149,8114,8159,8160,8127,4.794046401977539
49,8160,8176,8174,8195,8166,8168,8162,8171,8163,8129,8109,8181,8171,8129,4.802353382110596
50,8156,8154,8167,8185,8178,8160,8171,8163,8072,8141,8132,8144,8167,8128,4.809866905212402
51,8176,8181,8188,8201,8176,8192,8167,8182,8166,8141,8142,8187,8175,8142,4.8180460929870605
52,8162,8170,8179,8200,8184,8185,8173,8181,8152,8159,8146,8162,8166,8138,4.82603907585144
53,8183,8177,8180,8212,8198,8175,8177,8178,8150,8172,8148,8161,8168,8149,4.83404278755188
54,8190,8189,8200,8223,8194,8179,8170,8190,8229,8168,8154,8196,8179,8152,4.841048002243042
55,8178,8170,8192,8220,8204,8180,8185,8194,8177,8193,8177,8164,8171,8155,4.849046468734741
56,8204,8198,8201,8232,8194,8182,8184,8200,8274,8195,8169,8196,8180,8170,4.857298851013184
57,8173,8174,8186,8215,8194,8164,8185,8183,8222,8188,8159,8163,8169,8145,4.865338325500488
58,8168,8170,8179,8216,8204,8184,8191,8180,8168,8178,8159,8153,8161,8139,4.873012065887451
59,8177,8193,8186,8220,8192,8190,8192,8200,8251,8160,8156,8194,8167,8145,4.88101863861084
60,8156,8162,8168,8200,8189,8161,8191,8185,8153,8167,8155,8145,8151,8130,4.889046669006348
61,8168,8179,8171,8202,8186,8168,8161,8162,8173,8144,8135,8169,8161,8132,4.896569728851318
62,8152,8175,8170,8200,8198,8164,8157,8156,8152,8143,8142,8167,8165,8127,4.905562877655029
63,8172,8182,8187,8217,8206,8170,8180,8178,8143,8177,8169,8162,8171,8147,4.912097215652466
64,8193,8205,8205,8226,8191,8177,8181,8201,8252,8181,8173,8200,8181,8165,4.920113801956177
65,8170,8173,8181,8213,8200,8161,8182,8188,8175,8191,8179,8159,8160,8155,4.928130149841309
66,8183,8186,8180,8214,8192,8170,8169,8184,8218,8179,8164,8182,8163,8165,4.936122179031372
67,8156,8171,8156,8183,8170,8166,8157,8183,8200,8166,8147,8166,8160,8149,4.944121599197388
68,8140,8150,8136,8165,8167,8169,8157,8175,8120,8163,8141,8137,8155,8140,4.952121257781982
69,8145,8169,8159,8177,8161,8166,8143,8169,8189,8144,8129,8181,8166,8140,4.96037745475769
70,8138,8151,8156,8176,8172,8147,8151,8156,8104,8152,8134,8142,8163,8124,4.968045949935913
71,8174,8176,8166,8186,8171,8171,8152,8165,8146,8146,8141,8167,8175,8141,4.974554538726807
72,8175,8179,8172,8186,8170,8170,8159,8174,8192,8156,8164,8181,8178,8151,4.9825544357299805
73,8171,8164,8174,8194,8184,8160,8173,8169,8148,8187,8186,8154,8174,8156,4.990642786026001
74,8173,8181,8183,8201,8172,8174,8153,8165,8218,8163,8158,8186,8176,8149,4.99869441986084
75,8145,8148,8155,8178,8169,8168,8149,8150,8126,8150,8140,8146,8157,8123,5.007596254348755
76,8165,8167,8163,8190,8167,8180,8153,8163,8149,8159,8147,8170,8167,8131,5.015111446380615
77,8165,8177,8167,8193,8168,8182,8157,8171,8184,8166,8157,8186,8175,8135,5.023120880126953
78,8157,8154,8155,8191,8188,8180,8168,8164,8115,8172,8165,8147,8163,8144,5.031132936477661
79,8176,8179,8173,8210,8183,8191,8168,8181,8216,8161,8154,8180,8171,8155,5.038140535354614
80,8161,8165,8157,8196,8178,8185,8183,8179,8161,8177,8152,8145,8162,8141,5.046041965484619
81,8165,8172,8152,8191,8174,8194,8174,8165,8157,8174,8150,8158,8166,8150,5.054047584533691
82,8150,8168,8150,8186,8167,8182,8157,8165,8193,8160,8146,8175,8171,8137,5.061780691146851
83,8144,8146,8141,8181,8176,8172,8168,8170,8104,8173,8146,8135,8159,8115,5.069793939590454
84,8165,8177,8162,8188,8164,8188,8161,8176,8186,8161,8134,8180,8170,8130,5.078040599822998
85,8138,8156,8152,8175,8166,8175,8162,8164,8139,8157,8136,8151,8169,8126,5.086240530014038
86,8146,8156,8150,8182,8176,8185,8160,8167,8117,8146,8133,8144,8165,8123,5.094239473342896
87,8148,8166,8157,8181,8172,8187,8153,8175,8171,8138,8130,8172,8163,8119,5.1022820472717285
88,8136,8152,8147,8176,8183,8177,8170,8172,8106,8161,8143,8141,8162,8118,5.108850717544556
89,8161,8185,8168,8198,8176,8190,8165,8176,8183,8145,8140,8180,8176,8130,5.116943359375
90,8144,8164,8171,8189,8177,8182,8161,8168,8140,8146,8149,8164,8159,8122,5.125041246414185
91,8163,8167,8179,8190,8187,8196,8172,8177,8143,8173,8157,8166,8161,8144,5.133143663406372
92,8176,8192,8187,8198,8185,8211,8182,8195,8247,8179,8157,8193,8179,8155,5.141046524047852
93,8161,8167,8166,8190,8193,8211,8196,8190,8171,8196,8172,8145,8166,8146,5.150033473968506
94,8177,8178,8173,8194,8173,8223,8185,8188,8225,8189,8166,8178,8175,8155,5.157039642333984
95,8147,8157,8161,8178,8162,8198,8177,8170,8190,8180,8164,8163,8172,8139,5.164632797241211
96,8157,8157,8162,8186,8166,8195,8177,8164,8155,8179,8169,8157,8168,8146,5.171632528305054
97,8179,8180,8179,8202,8150,8210,8171,8177,8236,8170,8164,8187,8174,8155,5.180046081542969
98,8164,8158,8161,8192,8159,8204,8184,8175,8145,8179,8169,8143,8159,8139,5.188045978546143
99,8180,8183,8165,8203,8161,8211,8175,8175,8193,8168,8164,8199,8169,8139,5.199706554412842
100,8158,8168,8154,8192,8160,8204,8166,8167,8181,8173,8161,8194,8166,8118,5.20370364189148
101,8162,8156,8149,8188,8173,8213,8176,8167,8133,8190,8169,8149,8155,8127,5.212215662002564
102,8180,8185,8167,8198,8170,8217,8179,8176,8216,8169,8162,8185,8167,8147,5.22021484375
103,8163,8167,8158,8189,8174,8198,8192,8166,8125,8167,8164,8156,8163,8135,5.228214740753174
104,8178,8181,8167,8199,8174,8210,8188,8176,8173,8173,8165,8175,8172,8142,5.236215353012085
105,8163,8173,8150,8181,8170,8203,8185,8181,8197,8186,8163,8166,8173,8136,5.243346214294434
106,8153,8161,8134,8168,8169,8208,8189,8171,8128,8196,8160,8141,8168,8130,5.250343561172485
106,8153,8161,8134,8168,8169,8208,8189,8171,8128,8196,8160,8141,8168,8130,5.25134539604187
107,8155,8173,8145,8173,8148,8226,8166,8168,8187,8164,8139,8177,8171,8122,5.258343458175659
107,8155,8173,8145,8173,8148,8226,8166,8168,8187,8164,8139,8177,8171,8122,5.25935959815979
108,8134,8141,8128,8156,8141,8203,8168,8159,8092,8157,8134,8139,8157,8103,5.2663514614105225
108,8134,8141,8128,8156,8141,8203,8168,8159,8092,8157,8134,8139,8157,8103,5.267352104187012
109,8159,8169,8149,8173,8136,8212,8174,8171,8127,8158,8136,8167,8168,8119,5.275355815887451
110,8154,8180,8157,8184,8141,8216,8171,8175,8163,8159,8144,8177,8171,8119,5.2830541133880615
111,8159,8167,8151,8191,8162,8208,8172,8168,8104,8178,8154,8143,8160,8115,5.290982961654663
112,8190,8200,8180,8210,8166,8209,8169,8181,8210,8179,8151,8189,8171,8128,5.299047470092773
113,8157,8171,8166,8193,8181,8197,8179,8171,8146,8187,8162,8156,8163,8113,5.306040525436401
114,8145,8168,8155,8189,8174,8216,8165,8165,8148,8175,8151,8162,8166,8098,5.314046621322632
115,8153,8175,8154,8188,8160,8218,8162,8173,8195,8178,8137,8174,8164,8091,5.322046041488648
116,8162,8162,8147,8188,8169,8207,8189,8165,8127,8199,8155,8143,8156,8102,5.330044269561768
117,8168,8190,8162,8199,8160,8217,8176,8159,8197,8170,8156,8185,8172,8110,5.338035106658936
117,8168,8190,8162,8199,8160,8217,8176,8159,8197,8170,8156,8185,8172,8110,5.339035272598267
118,8156,8174,8153,8192,8171,8215,8176,8163,8139,8174,8154,8156,8168,8099,5.346047639846802
119,8181,8179,8156,8196,8178,8229,8181,8176,8143,8180,8149,8162,8172,8118,5.354070663452148
120,8157,8174,8157,8186,8169,8227,8174,8173,8190,8165,8149,8183,8171,8115,5.362069606781006
121,8147,8154,8151,8179,8186,8225,8189,8172,8129,8192,8171,8147,8162,8115,5.370346546173096
122,8187,8193,8173,8197,8187,8239,8183,8188,8224,8190,8165,8185,8177,8143,5.377010583877564
123,8156,8176,8157,8187,8185,8222,8171,8168,8158,8170,8152,8155,8165,8124,5.38540506362915
124,8151,8166,8154,8191,8180,8224,8163,8152,8116,8158,8152,8155,8161,8110,5.393487453460693
125,8155,8173,8164,8192,8164,8223,8157,8156,8171,8149,8154,8184,8169,8106,5.40065336227417
126,8153,8158,8164,8195,8184,8212,8169,8157,8104,8167,8168,8153,8161,8119,5.40864372253418
127,8196,8192,8194,8225,8196,8231,8172,8177,8218,8175,8165,8203,8174,8148,5.417010307312012
239,8181,8174,8185,8206,8194,8220,8172,8175,8202,8178,8157,8175,8160,8121,5.425046443939209
0,8169,8164,8175,8194,8189,8210,8156,8158,8132,8155,8147,8146,8146,8101,5.431673765182495
0,8169,8164,8175,8194,8189,8210,8156,8158,8132,8155,8147,8146,8146,8101,5.432700872421265
1,8164,8172,8174,8194,8178,8202,8142,8154,8167,8127,8138,8175,8162,8101,5.440046310424805
2,8146,8138,8149,8176,8181,8191,8159,8146,8076,8146,8143,8140,8163,8095,5.448699712753296
3,8163,8158,8158,8181,8164,8204,8152,8153,8144,8142,8130,8177,8167,8103,5.456046581268311
4,8134,8148,8148,8166,8160,8188,8150,8153,8131,8141,8133,8169,8161,8099,5.464066982269287
5,8134,8145,8139,8164,8176,8187,8158,8158,8097,8160,8145,8152,8166,8112,5.4720680713653564
6,8148,8168,8152,8173,8166,8198,8142,8160,8185,8159,8143,8183,8175,8115,5.480046033859253
7,8134,8150,8149,8173,8179,8193,8147,8150,8108,8171,8154,8145,8156,8099,5.488045930862427
8,8157,8173,8161,8191,8191,8208,8150,8160,8159,8154,8149,8180,8163,8108,5.495067596435547
9,8136,8153,8140,8173,8184,8194,8150,8153,8139,8138,8142,8170,8165,8095,5.503080129623413
10,8132,8139,8127,8164,8175,8189,8153,8137,8066,8140,8146,8144,8160,8088,5.511249780654907
11,8149,8172,8147,8174,8166,8197,8151,8147,8155,8128,8135,8185,8164,8092,5.519046306610107
12,8136,8149,8138,8162,8180,8184,8161,8157,8094,8144,8133,8143,8151,8085,5.527083396911621
13,8160,8165,8159,8173,8176,8194,8148,8165,8147,8149,8135,8172,8169,8104,5.535047054290772
14,8149,8169,8165,8176,8168,8188,8144,8161,8176,8155,8138,8180,8174,8103,5.543047666549683
15,8146,8161,8152,8182,8186,8189,8161,8165,8124,8182,8145,8148,8167,8107,5.551045894622803
16,8166,8186,8172,8196,8194,8202,8164,8182,8225,8176,8139,8191,8177,8124,5.557859182357788
17,8152,8160,8164,8185,8199,8189,8176,8168,8150,8173,8141,8158,8162,8112,5.565870046615601
18,8166,8175,8162,8192,8186,8195,8170,8164,8163,8162,8137,8172,8166,8115,5.5742011070251465
19,8150,8174,8157,8183,8172,8180,8155,8158,8181,8153,8124,8176,8166,8107,5.582277059555054
20,8143,8152,8153,8175,8184,8167,8157,8143,8088,8156,8118,8133,8150,8095,5.590277671813965
21,8166,8183,8177,8192,8185,8183,8147,8156,8185,8151,8121,8179,8168,8104,5.598046064376831
22,8148,8170,8172,8185,8198,8173,8164,8163,8157,8177,8154,8165,8172,8107,5.606046915054321
23,8168,8181,8179,8185,8199,8177,8174,8160,8166,8168,8161,8178,8168,8119,5.614516496658325
24,8166,8182,8178,8179,8185,8171,8164,8159,8190,8140,8149,8184,8166,8105,5.62053370475769
25,8159,8160,8168,8180,8203,8161,8177,8167,8120,8165,8162,8152,8170,8107,5.628530025482178
26,8176,8184,8180,8194,8210,8168,8172,8176,8218,8168,8162,8199,8178,8128,5.637010335922241
27,8151,8164,8160,8170,8214,8156,8169,8163,8173,8177,8172,8159,8162,8113,5.645046710968018
28,8162,8170,8161,8168,8208,8168,8168,8161,8173,8181,8182,8149,8170,8118,5.65304708480835
29,8152,8172,8162,8167,8191,8164,8156,8161,8214,8164,8171,8167,8172,8115,5.661046743392944
30,8138,8146,8139,8161,8203,8154,8174,8157,8120,8174,8168,8123,8153,8109,5.668417692184448
30,8138,8146,8139,8161,8203,8154,8174,8157,8120,8174,8168,8123,8153,8109,5.669410705566406
31,8169,8185,8159,8173,8202,8174,8182,8178,8220,8171,8166,8167,8170,8132,5.677411317825317
32,8160,8176,8166,8163,8202,8162,8188,8187,8216,8182,8179,8162,8170,8138,5.685047388076782
33,8181,8173,8179,8179,8208,8164,8191,8189,8224,8200,8192,8167,8171,8159,5.693447828292847
34,8191,8184,8185,8189,8206,8164,8188,8194,8299,8198,8187,8183,8176,8157,5.70016360282898
35,8156,8155,8150,8160,8206,8140,8192,8180,8177,8192,8179,8123,8159,8131,5.7081615924835205
36,8154,8172,8151,8160,8178,8149,8178,8179,8211,8161,8163,8162,8170,8135,5.716040372848511
37,8154,8161,8152,8160,8176,8142,8187,8173,8194,8169,8169,8159,8170,8134,5.724407196044922
38,8169,8166,8164,8171,8196,8139,8187,8170,8169,8186,8176,8149,8165,8141,5.732035398483276
39,8163,8184,8175,8176,8188,8145,8169,8173,8242,8170,8161,8181,8174,8137,5.74003005027771
40,8152,8159,8156,8166,8199,8140,8182,8166,8158,8181,8165,8140,8162,8127,5.747033596038818
41,8188,8190,8174,8189,8203,8149,8184,8179,8237,8188,8170,8180,8168,8147,5.755702495574951
42,8165,8172,8171,8177,8205,8138,8182,8175,8234,8191,8177,8170,8171,8139,5.763017654418945
43,8159,8157,8159,8168,8217,8148,8189,8169,8182,8198,8187,8149,8173,8143,5.771017074584961
44,8183,8195,8176,8183,8214,8156,8187,8183,8282,8191,8184,8194,8180,8158,5.779045820236206
45,8176,8178,8176,8179,8219,8138,8196,8177,8210,8203,8189,8156,8166,8151,5.786936044692993
46,8197,8187,8191,8186,8213,8154,8187,8172,8242,8192,8177,8181,8173,8164,5.79504656791687
47,8173,8173,8180,8176,8205,8149,8179,8159,8230,8181,8171,8176,8169,8147,5.803086519241333
48,8162,8167,8170,8182,8211,8155,8180,8153,8162,8192,8180,8148,8162,8133,5.811265230178833
49,8176,8195,8188,8196,8206,8175,8171,8170,8259,8182,8174,8189,8176,8144,5.8192667961120605
50,8155,8169,8179,8186,8218,8161,8182,8174,8203,8196,8181,8148,8168,8142,5.827010154724121
51,8182,8184,8196,8199,8219,8169,8180,8175,8231,8192,8179,8169,8176,8154,5.834046363830566
52,8176,8185,8201,8200,8207,8176,8172,8168,8241,8182,8177,8181,8174,8148,5.842046499252319
53,8158,8171,8182,8192,8212,8178,8177,8164,8177,8197,8180,8147,8157,8145,5.85004734992981
54,8160,8191,8182,8192,8199,8177,8164,8172,8249,8178,8159,8179,8164,8135,5.858049392700195
55,8140,8165,8162,8173,8194,8160,8172,8161,8154,8166,8152,8142,8158,8111,5.8656957149505615
56,8154,8178,8170,8179,8186,8167,8167,8158,8156,8150,8145,8156,8165,8130,5.873691320419312
56,8154,8178,8170,8179,8186,8167,8167,8158,8156,8150,8145,8156,8165,8130,5.874686002731323
57,8146,8181,8170,8177,8176,8155,8157,8161,8182,8136,8141,8169,8165,8134,5.882046699523926
58,8140,8156,8149,8169,8176,8146,8171,8153,8085,8142,8148,8135,8158,8119,5.890046119689941
59,8145,8172,8152,8170,8157,8147,8158,8145,8141,8120,8133,8174,8166,8113,5.897003889083862
60,8119,8151,8143,8160,8166,8129,8155,8137,8076,8131,8140,8144,8162,8102,5.905163049697876
61,8151,8171,8161,8183,8171,8154,8167,8159,8113,8149,8150,8161,8173,8122,5.913247585296631
62,8148,8177,8159,8178,8150,8155,8167,8164,8175,8138,8137,8180,8171,8113,5.921041965484619
63,8120,8151,8128,8157,8145,8130,8161,8141,8058,8134,8131,8128,8152,8092,5.929046392440796
64,8142,8177,8138,8171,8132,8134,8146,8142,8117,8116,8119,8165,8162,8103,5.937009811401367
64,8142,8177,8138,8171,8132,8134,8146,8142,8117,8116,8119,8165,8162,8103,5.937619209289551
65,8123,8149,8128,8152,8130,8122,8152,8137,8066,8114,8121,8146,8157,8086,5.944639205932617
65,8123,8149,8128,8152,8130,8122,8152,8137,8066,8114,8121,8146,8157,8086,5.945633172988892
66,8130,8153,8133,8151,8132,8127,8155,8138,8046,8114,8130,8151,8163,8085,5.9530346393585205
67,8140,8178,8151,8165,8127,8127,8147,8148,8123,8114,8133,8177,8172,8095,5.961034536361694
68,8128,8152,8134,8161,8144,8122,8158,8141,8058,8133,8142,8135,8158,8096,5.968046426773071
69,8144,8169,8135,8165,8143,8136,8151,8144,8127,8119,8135,8177,8171,8102,5.976089715957642
70,8135,8161,8131,8159,8142,8122,8159,8146,8103,8130,8142,8166,8171,8102,5.984088182449341
71,8154,8165,8143,8173,8144,8134,8170,8156,8109,8146,8155,8161,8167,8128,5.992090463638306
72,8153,8173,8146,8168,8135,8153,8163,8164,8186,8135,8155,8181,8168,8126,6.000097274780273
73,8131,8146,8121,8150,8143,8152,8175,8154,8082,8145,8161,8130,8157,8102,6.008235454559326
74,8158,8182,8146,8173,8143,8170,8171,8163,8157,8141,8162,8172,8176,8115,6.016048192977905
75,8152,8177,8153,8169,8147,8162,8176,8166,8166,8154,8167,8168,8171,8113,6.023035764694214
76,8159,8167,8147,8163,8153,8165,8184,8165,8127,8164,8166,8150,8155,8120,6.031052350997925
77,8155,8179,8152,8169,8149,8176,8168,8166,8197,8143,8155,8184,8164,8126,6.039043188095093
78,8131,8155,8145,8164,8166,8170,8169,8155,8114,8157,8168,8147,8163,8118,6.047009706497192
79,8162,8181,8161,8173,8158,8191,8163,8162,8166,8153,8162,8173,8170,8120,6.055033922195435
80,8144,8169,8147,8152,8143,8181,8159,8158,8150,8135,8148,8161,8161,8097,6.06305456161499
81,8139,8157,8139,8150,8148,8166,8161,8149,8092,8140,8156,8144,8161,8099,6.071110725402832
82,8156,8182,8157,8156,8141,8161,8145,8150,8175,8132,8154,8187,8173,8114,6.079115629196167
83,8130,8152,8137,8131,8146,8150,8142,8137,8087,8138,8157,8144,8160,8102,6.08611273765564
84,8142,8173,8153,8143,8149,8165,8142,8154,8158,8152,8170,8175,8176,8120,6.094181537628174
85,8146,8182,8164,8158,8158,8153,8155,8174,8220,8173,8182,8180,8181,8128,6.102196455001831
86,8152,8167,8157,8159,8175,8147,8167,8166,8153,8175,8175,8146,8162,8122,6.110029458999634
87,8151,8179,8163,8152,8157,8160,8155,8157,8201,8142,8156,8182,8165,8117,6.118270635604858
88,8122,8156,8141,8134,8150,8147,8163,8149,8115,8149,8167,8142,8158,8104,6.1262736320495605
89,8141,8173,8143,8151,8143,8150,8154,8151,8140,8150,8160,8161,8164,8111,6.133972406387329
90,8130,8170,8147,8150,8135,8134,8140,8140,8153,8136,8147,8172,8167,8100,6.1419103145599365
91,8129,8157,8149,8146,8148,8131,8151,8134,8074,8139,8150,8139,8162,8098,6.149903774261475
92,8150,8184,8164,8166,8142,8150,8142,8151,8164,8123,8136,8177,8168,8102,6.157005071640015
93,8118,8154,8136,8157,8145,8134,8142,8144,8088,8123,8133,8135,8154,8076,6.1650474071502686
94,8135,8164,8144,8164,8156,8139,8149,8144,8100,8122,8137,8148,8164,8090,6.173047304153442
95,8151,8174,8165,8170,8157,8138,8157,8162,8174,8132,8142,8176,8174,8113,6.180578470230103
95,8151,8174,8165,8170,8157,8138,8157,8162,8174,8132,8142,8176,8174,8113,6.181581258773804
96,8140,8149,8150,8165,8158,8129,8163,8160,8106,8153,8154,8139,8164,8117,6.189222812652588
97,8143,8172,8157,8164,8146,8139,8148,8159,8178,8132,8153,8177,8171,8117,6.197242498397827
98,8132,8160,8154,8151,8153,8130,8160,8158,8141,8145,8165,8157,8165,8111,6.204998970031738
99,8163,8173,8171,8168,8155,8134,8161,8160,8154,8159,8166,8167,8174,8134,6.213047504425049
100,8157,8178,8171,8158,8142,8121,8147,8147,8182,8132,8158,8180,8178,8128,6.220057010650635
101,8138,8155,8151,8144,8153,8109,8159,8137,8080,8134,8168,8137,8160,8109,6.228034973144531
102,8166,8188,8175,8169,8149,8128,8157,8151,8177,8141,8168,8188,8173,8129,6.23604679107666
103,8147,8168,8175,8165,8154,8121,8159,8144,8145,8149,8171,8163,8169,8122,6.2440345287323
104,8163,8177,8186,8178,8169,8128,8163,8148,8134,8149,8173,8154,8167,8128,6.252034187316895
105,8171,8201,8201,8194,8160,8132,8153,8163,8222,8145,8162,8185,8173,8136,6.260047912597656
106,8142,8170,8175,8180,8159,8123,8163,8154,8127,8157,8155,8138,8155,8126,6.268064498901367
107,8157,8189,8173,8181,8151,8138,8165,8162,8173,8135,8147,8169,8162,8128,6.2756829261779785
108,8135,8169,8163,8167,8158,8130,8166,8165,8149,8133,8154,8156,8164,8109,6.28404688835144
109,8142,8163,8171,8174,8165,8130,8165,8156,8125,8145,8152,8149,8161,8119,6.290716171264648
110,8158,8193,8179,8181,8144,8121,8147,8144,8189,8123,8133,8178,8163,8122,6.298718214035034
111,8136,8173,8155,8138,8134,8100,8141,8121,8060,8118,8122,8133,8155,8095,6.306718349456787
112,8151,8182,8179,8132,8132,8118,8134,8127,8100,8114,8115,8169,8174,8107,6.315226316452026
113,8155,8156,8189,8165,8152,8117,8152,8146,8129,8130,8140,8163,8170,8118,6.323226690292358
114,8172,8150,8182,8191,8162,8116,8165,8159,8118,8147,8163,8150,8166,8130,6.331226110458374
115,8155,8179,8183,8174,8141,8122,8145,8159,8191,8136,8147,8189,8175,8125,6.33922553062439
116,8131,8155,8172,8169,8155,8113,8155,8148,8115,8162,8152,8144,8160,8118,6.347225666046143
117,8176,8179,8201,8212,8163,8125,8166,8163,8196,8173,8165,8176,8168,8141,6.354226589202881
118,8168,8186,8205,8194,8162,8122,8167,8163,8201,8165,8166,8183,8167,8138,6.362225770950317
119,8165,8181,8194,8184,8173,8125,8167,8149,8120,8161,8169,8155,8166,8143,6.370047092437744
120,8183,8189,8202,8195,8162,8127,8158,8151,8198,8137,8158,8186,8179,8155,6.378242254257202
121,8157,8160,8186,8168,8169,8116,8180,8160,8147,8161,8161,8147,8168,8152,6.386040449142456
122,8169,8181,8189,8171,8184,8138,8192,8186,8220,8188,8162,8174,8174,8164,6.394046068191528
123,8167,8176,8180,8171,8178,8129,8191,8182,8240,8188,8154,8178,8170,8150,6.402056455612183
124,8153,8159,8167,8166,8170,8120,8189,8162,8148,8181,8165,8145,8159,8143,6.410042762756348
125,8158,8190,8187,8179,8158,8139,8177,8174,8236,8165,8169,8189,8170,8152,6.4170777797698975
126,8161,8178,8183,8185,8176,8129,8199,8180,8192,8189,8173,8156,8167,8149,6.425164699554443
127,8179,8190,8184,8192,8181,8123,8197,8174,8201,8180,8167,8172,8173,8164,6.433157444000244
239,8136,8179,8176,8173,8164,8108,8167,8168,8208,8158,8171,8181,8169,8147,6.441170930862427
0,8134,8160,8167,8166,8175,8102,8177,8169,8138,8188,8178,8142,8157,8133,6.448849678039551
1,8171,8189,8184,8178,8180,8113,8186,8175,8230,8180,8164,8181,8170,8146,6.457149982452393
2,8127,8153,8161,8157,8180,8102,8179,8155,8144,8163,8175,8147,8163,8121,6.465039491653442
3,8132,8159,8160,8164,8168,8116,8161,8146,8131,8161,8178,8163,8164,8119,6.473048210144043
4,8144,8176,8169,8172,8156,8109,8156,8155,8187,8162,8175,8185,8171,8123,6.481046676635742
5,8138,8157,8164,8168,8173,8097,8175,8157,8112,8180,8192,8139,8166,8121,6.488045930862427
6,8169,8192,8190,8188,8183,8113,8174,8169,8214,8187,8192,8180,8176,8138,6.496046304702759
7,8161,8182,8189,8181,8191,8104,8186,8170,8194,8199,8194,8161,8164,8136,6.50341796875
7,8161,8182,8189,8181,8191,8104,8186,8170,8194,8199,8194,8161,8164,8136,6.504411935806274
8,8165,8182,8191,8181,8182,8108,8185,8172,8182,8187,8194,8161,8167,8144,6.51154375076294
9,8154,8187,8186,8180,8169,8103,8169,8172,8226,8176,8184,8177,8174,8138,6.520047426223755
10,8136,8163,8167,8167,8187,8093,8180,8166,8139,8193,8188,8137,8160,8126,6.528045892715454
11,8156,8186,8185,8173,8179,8108,8168,8176,8211,8175,8179,8177,8166,8135,6.536045789718628
12,8155,8172,8182,8168,8182,8093,8165,8164,8172,8176,8181,8156,8160,8141,6.544462442398071
13,8179,8177,8195,8180,8199,8097,8176,8159,8154,8185,8198,8158,8167,8166,6.552464485168457
14,8178,8190,8210,8179,8186,8102,8174,8167,8220,8166,8189,8190,8172,8155,6.5591020584106445
15,8159,8158,8188,8163,8187,8081,8188,8162,8128,8181,8187,8141,8154,8128,6.566556453704834
16,8190,8178,8201,8183,8178,8087,8182,8171,8201,8184,8189,8172,8172,8148,6.574557542800903
17,8174,8172,8195,8173,8166,8084,8174,8164,8182,8177,8187,8160,8173,8149,6.583047151565552
18,8176,8174,8187,8170,8165,8083,8171,8159,8139,8171,8179,8149,8159,8156,6.590655088424683
19,8191,8185,8201,8181,8158,8082,8171,8175,8230,8171,8183,8190,8170,8170,6.598660469055176
20,8171,8157,8195,8178,8164,8087,8194,8181,8166,8205,8209,8151,8172,8165,6.607436895370483
21,8178,8186,8201,8196,8156,8106,8190,8181,8218,8203,8200,8178,8179,8168,6.6135413646698
22,8155,8172,8183,8181,8150,8084,8176,8170,8203,8195,8190,8171,8168,8155,6.621544599533081
23,8167,8157,8185,8174,8151,8089,8177,8174,8165,8212,8202,8154,8167,8165,6.630046367645264
24,8183,8183,8202,8184,8136,8110,8171,8186,8253,8201,8200,8191,8179,8169,6.637571334838867
24,8183,8183,8202,8184,8136,8110,8171,8186,8253,8201,8200,8191,8179,8169,6.638570547103882
25,8158,8154,8174,8173,8142,8094,8177,8172,8148,8194,8199,8147,8166,8144,6.6460466384887695
26,8174,8167,8184,8187,8137,8106,8166,8169,8170,8181,8184,8170,8176,8152,6.654034852981567
27,8156,8164,8192,8188,8135,8110,8164,8170,8187,8186,8184,8171,8174,8146,6.662034749984741
28,8164,8149,8179,8188,8154,8105,8180,8166,8130,8204,8193,8149,8163,8146,6.670045852661133
29,8183,8171,8183,8179,8143,8098,8168,8162,8207,8180,8180,8188,8174,8147,6.678042411804199
30,8148,8154,8167,8142,8137,8079,8167,8149,8123,8178,8182,8147,8165,8128,6.685057640075684
31,8165,8175,8172,8162,8141,8099,8169,8158,8149,8183,8182,8169,8167,8142,6.693055152893066
32,8168,8175,8183,8185,8152,8099,8176,8170,8196,8195,8193,8178,8170,8149,6.7010767459869385
33,8161,8156,8187,8184,8157,8098,8185,8172,8146,8212,8213,8146,8164,8146,6.709047079086304
34,8175,8176,8190,8172,8128,8114,8172,8174,8219,8184,8195,8191,8172,8142,6.717012882232666
35,8161,8155,8167,8159,8132,8098,8176,8158,8140,8189,8188,8160,8165,8132,6.725047111511231
36,8178,8169,8188,8181,8142,8104,8167,8161,8159,8196,8192,8175,8173,8150,6.733030796051025
37,8162,8159,8195,8165,8121,8104,8158,8166,8182,8174,8183,8185,8166,8137,6.741039037704468
38,8155,8144,8175,8151,8122,8097,8172,8156,8080,8176,8182,8147,8154,8128,6.748049259185791
39,8191,8195,8201,8187,8125,8103,8166,8168,8196,8182,8195,8200,8172,8154,6.756046533584595
39,8191,8195,8201,8187,8125,8103,8166,8168,8196,8182,8195,8200,8172,8154,6.756431818008423
40,8176,8174,8199,8190,8132,8082,8160,8167,8169,8196,8215,8166,8165,8143,6.76402473449707
41,8180,8170,8202,8182,8144,8086,8154,8159,8143,8180,8211,8159,8168,8139,6.772024631500244
42,8191,8189,8211,8186,8149,8091,8165,8166,8203,8176,8208,8185,8172,8143,6.780045986175537
43,8188,8167,8195,8192,8158,8091,8186,8171,8143,8209,8223,8144,8157,8134,6.7884392738342285
44,8181,8178,8195,8193,8143,8106,8161,8173,8199,8187,8213,8175,8167,8132,6.796459674835205
45,8156,8162,8184,8173,8145,8093,8165,8167,8156,8190,8213,8159,8162,8129,6.803457498550415
45,8156,8162,8184,8173,8145,8093,8165,8167,8156,8190,8213,8159,8162,8129,6.804491758346558
46,8187,8173,8198,8188,8159,8104,8190,8177,8181,8219,8221,8166,8162,8150,6.811046838760376
47,8184,8183,8202,8197,8161,8113,8182,8178,8245,8209,8205,8183,8171,8144,6.819046258926392
48,8156,8158,8174,8185,8171,8106,8180,8160,8129,8201,8199,8135,8162,8124,6.826740503311157
48,8156,8158,8174,8185,8171,8106,8180,8160,8129,8201,8199,8135,8162,8124,6.827754497528076
49,8181,8181,8185,8193,8154,8121,8174,8169,8199,8184,8190,8176,8169,8128,6.834758758544922
50,8161,8165,8175,8177,8155,8115,8176,8165,8164,8178,8179,8158,8159,8108,6.842768907546997
51,8173,8171,8177,8184,8177,8121,8185,8164,8127,8178,8174,8147,8155,8114,6.850776433944702
52,8184,8190,8195,8189,8166,8117,8178,8174,8213,8171,8178,8177,8164,8118,6.8593361377716064
53,8148,8152,8168,8166,8153,8100,8172,8155,8110,8176,8185,8130,8154,8097,6.867337226867676
54,8159,8175,8169,8175,8138,8110,8165,8152,8151,8160,8170,8166,8169,8111,6.87433934211731
55,8157,8170,8174,8177,8143,8100,8181,8166,8162,8171,8178,8161,8170,8116,6.882047176361084
56,8164,8160,8175,8180,8147,8105,8189,8168,8137,8184,8187,8141,8158,8118,6.8900465965271
57,8159,8172,8166,8173,8125,8114,8167,8156,8189,8159,8162,8170,8162,8109,6.898072719573975
58,8131,8144,8135,8158,8130,8099,8167,8143,8078,8162,8155,8122,8155,8084,6.906072854995728
59,8151,8165,8155,8183,8144,8108,8163,8156,8138,8164,8157,8153,8170,8097,6.914042472839356
60,8152,8164,8168,8188,8166,8108,8173,8157,8160,8169,8165,8162,8167,8107,6.922184944152832
61,8161,8159,8170,8185,8186,8123,8183,8154,8115,8182,8180,8142,8160,8117,6.930185794830322
62,8170,8185,8184,8190,8168,8134,8164,8166,8207,8175,8181,8181,8177,8120,6.938046216964722
63,8156,8162,8170,8184,8173,8112,8174,8156,8132,8183,8184,8142,8169,8114,6.945046186447144
64,8178,8179,8181,8198,8178,8124,8181,8156,8167,8170,8174,8165,8169,8129,6.953047275543213
65,8162,8177,8175,8188,8166,8123,8172,8156,8188,8171,8175,8167,8167,8120,6.961046457290649
66,8162,8167,8167,8185,8170,8120,8175,8158,8139,8200,8198,8143,8168,8125,6.969223976135254
67,8175,8191,8187,8201,8166,8124,8165,8170,8232,8186,8192,8187,8176,8140,6.97707724571228
68,8142,8157,8169,8185,8170,8108,8170,8160,8145,8173,8189,8142,8158,8120,6.985111236572266
69,8174,8174,8174,8194,8165,8124,8172,8158,8156,8159,8183,8161,8167,8127,6.993104934692383
70,8178,8181,8185,8193,8163,8125,8166,8155,8187,8155,8182,8179,8168,8131,7.000461578369141
70,8178,8181,8185,8193,8163,8125,8166,8155,8187,8155,8182,8179,8168,8131,7.001451015472412
71,8159,8152,8177,8184,8175,8124,8166,8149,8104,8175,8195,8143,8155,8125,7.007449626922607
71,8159,8152,8177,8184,8175,8124,8166,8149,8104,8175,8195,8143,8155,8125,7.00845193862915
72,8172,8173,8180,8193,8159,8141,8160,8163,8199,8164,8188,8186,8175,8123,7.015674591064453
73,8156,8155,8161,8181,8162,8125,8175,8162,8146,8165,8193,8151,8170,8108,7.023674011230469
74,8181,8171,8188,8195,8167,8132,8178,8163,8156,8159,8197,8158,8165,8132,7.031675100326538
75,8189,8183,8209,8202,8159,8137,8175,8166,8214,8152,8189,8181,8168,8134,7.039674520492554
76,8176,8161,8185,8192,8171,8133,8186,8158,8133,8173,8195,8146,8166,8121,7.048046112060547
77,8181,8187,8194,8200,8170,8148,8175,8165,8209,8164,8194,8182,8179,8138,7.056046962738037
78,8167,8171,8196,8196,8181,8135,8183,8163,8165,8171,8200,8150,8169,8138,7.064046621322632
79,8189,8174,8197,8199,8185,8135,8175,8154,8147,8172,8194,8154,8165,8136,7.070789813995361
80,8172,8172,8183,8180,8169,8130,8146,8144,8171,8147,8173,8174,8164,8118,7.078783750534058
81,8147,8148,8163,8166,8177,8121,8157,8142,8081,8160,8172,8128,8154,8111,7.086866855621338
82,8174,8173,8174,8178,8174,8141,8163,8166,8181,8162,8166,8168,8168,8128,7.09480881690979
83,8150,8150,8156,8157,8180,8139,8172,8168,8165,8167,8174,8154,8163,8116,7.102821826934815
84,8158,8159,8168,8171,8191,8148,8188,8173,8160,8181,8188,8157,8165,8127,7.111047267913818
85,8180,8186,8189,8193,8190,8141,8182,8174,8233,8178,8191,8186,8172,8140,7.119066715240479
86,8164,8160,8174,8181,8204,8120,8172,8154,8142,8177,8199,8147,8163,8134,7.127070188522339
87,8179,8182,8191,8191,8205,8134,8158,8161,8218,8170,8196,8190,8179,8144,7.135197639465332
88,8178,8172,8190,8187,8208,8131,8166,8160,8203,8184,8200,8170,8169,8130,7.142192125320435
89,8190,8172,8186,8194,8217,8148,8188,8158,8169,8188,8204,8147,8161,8123,7.150041103363037
90,8182,8186,8192,8200,8210,8162,8188,8168,8243,8168,8197,8181,8178,8117,7.15804648399353
91,8160,8154,8174,8185,8209,8144,8186,8157,8140,8178,8204,8143,8163,8108,7.166069507598877
92,8188,8171,8191,8192,8195,8141,8172,8153,8182,8167,8196,8176,8162,8127,7.174069404602051
92,8188,8171,8191,8192,8195,8141,8172,8153,8182,8167,8196,8176,8162,8127,7.174464702606201
93,8164,8156,8177,8174,8188,8122,8168,8147,8163,8155,8187,8165,8161,8117,7.1820478439331055
93,8164,8156,8177,8174,8188,8122,8168,8147,8163,8155,8187,8165,8161,8117,7.1824352741241455
94,8148,8146,8157,8161,8188,8119,8158,8143,8095,8150,8182,8141,8161,8108,7.190045833587647
94,8148,8146,8157,8161,8188,8119,8158,8143,8095,8150,8182,8141,8161,8108,7.190564632415772
95,8160,8170,8175,8166,8176,8130,8144,8154,8190,8145,8174,8182,8171,8119,7.198029279708862
96,8151,8147,8174,8162,8193,8134,8172,8163,8161,8187,8200,8147,8166,8129,7.205190896987915
97,8163,8164,8179,8178,8200,8160,8169,8169,8223,8194,8204,8172,8179,8138,7.212728500366211
98,8137,8158,8166,8167,8191,8154,8152,8161,8201,8169,8183,8163,8170,8108,7.2210471630096436
99,8154,8156,8172,8164,8196,8151,8162,8162,8129,8174,8184,8137,8163,8109,7.229046821594238
100,8183,8185,8197,8179,8189,8163,8162,8176,8237,8174,8196,8183,8180,8133,7.237010717391968
101,8148,8152,8166,8166,8199,8156,8167,8165,8169,8188,8203,8142,8167,8114,7.2450478076934814
102,8156,8160,8136,8170,8202,8170,8161,8164,8178,8171,8188,8157,8166,8108,7.253232955932617
103,8154,8161,8132,8166,8190,8162,8157,8162,8188,8152,8184,8167,8163,8088,7.261234521865845
104,8159,8147,8187,8164,8196,8159,8165,8147,8110,8163,8192,8141,8154,8081,7.26923394203186
105,8174,8174,8146,8174,8190,8181,8154,8153,8179,8148,8173,8184,8168,8103,7.276047229766846
106,8151,8151,8143,8159,8195,8171,8168,8157,8113,8151,8172,8148,8167,8101,7.2840471267700195
107,8167,8162,8715,8161,8186,8174,8172,8163,8182,8147,8191,8161,8169,8101,7.292046546936035
108,8158,8166,9417,8160,8176,8172,8160,8161,8308,8148,8200,8178,8168,8092,7.29979133605957
109,8147,8142,9549,8163,8196,8182,8174,8166,8285,8182,8205,8145,8166,8103,7.307793140411377
110,8166,8167,9456,8175,8181,8208,8176,8183,8387,8180,8208,8192,8177,8124,7.315851926803589
111,8152,8149,9512,8157,8174,8197,8188,8174,8360,8190,8229,8168,8167,8120,7.323901891708374
112,8172,8161,9544,8164,8178,8204,8187,8176,8383,8203,8229,8171,8174,8140,7.3320465087890625
113,8164,8163,9469,8154,8155,8205,8162,8174,8402,8179,8207,8179,8171,8131,7.33947229385376
114,8138,8131,9429,8131,8142,8190,8168,8158,8275,8166,8208,8135,8153,8108,7.347046852111816
115,8164,8160,9437,8148,8141,8197,8177,8171,8364,8173,8211,8182,8173,8126,7.354956388473511
116,8159,8150,9423,8151,8148,8184,8177,8171,8331,8195,8216,8165,8168,8123,7.363046884536743
116,8159,8150,9423,8151,8148,8184,8177,8171,8331,8195,8216,8165,8168,8123,7.363430023193359
117,8174,8154,9412,8155,8137,8181,8159,8157,8279,8169,8202,8166,8157,8115,7.373672723770142
118,8177,8162,9388,8149,8129,8175,8154,8156,8310,8140,8188,8188,8166,8095,7.378672122955322
119,8157,8140,9346,8141,8150,8168,8177,8161,8230,8165,8204,8140,8161,8082,7.386672735214233
120,8167,8170,9340,8160,8146,8180,8172,8174,8306,8158,8194,8176,8168,8097,7.394673585891724
121,8149,8151,9314,8146,8140,8170,8174,8171,8275,8159,8180,8157,8162,8091,7.402681827545166
122,8158,8139,9290,8143,8136,8184,8178,8173,8250,8173,8188,8146,8168,8108,7.4096763134002686
123,8157,8156,9285,8151,8126,8184,8166,8183,8331,8168,8195,8181,8180,8119,7.418184995651245
124,8136,8140,9266,8147,8142,8159,8179,8182,8257,8188,8197,8146,8165,8106,7.426184177398682
125,8157,8162,9269,8162,8142,8179,8181,8194,8320,8181,8183,8180,8173,8115,7.434185743331909
126,8146,8141,9245,8154,8143,8176,8180,8188,8295,8179,8190,8170,8173,8115,7.442184209823608
127,8150,8138,9224,8156,8148,8171,8176,8181,8256,8197,8205,8157,8171,8121,7.450185060501099
239,8158,8169,9217,8163,8130,8178,8166,8190,8342,8193,8191,8190,8177,8112,7.458046197891235
0,8146,8147,9184,8151,8137,8167,8175,8184,8246,8197,8189,8148,8163,8097,7.466046571731567
1,8171,8164,9186,8165,8135,8167,8164,8185,8279,8178,8188,8183,8173,8112,7.473034620285034
2,8164,8158,9169,8161,8131,8151,8171,8182,8271,8172,8195,8180,8174,8108,7.481034994125366
3,8171,8155,9137,8158,8141,8150,8189,8178,8221,8188,8215,8156,8170,8117,7.489046812057495
4,8163,8170,9129,8159,8130,8152,8162,8183,8304,8170,8209,8189,8172,8118,7.497459411621094
5,8124,8133,9092,8141,8130,8135,8153,8172,8201,8173,8197,8140,8152,8086,7.505047082901001
6,8154,8151,9075,8147,8130,8147,8163,8172,8228,8179,8187,8162,8166,8100,7.513047218322754
7,8133,8144,9051,8135,8130,8142,8163,8175,8253,8180,8191,8164,8171,8105,7.5210466384887695
8,8116,8131,9030,8139,8136,8142,8167,8180,8198,8191,8193,8133,8159,8095,7.528528928756714
9,8158,8170,9038,8163,8132,8153,8178,8195,8302,8191,8192,8182,8173,8114,7.536500453948975
10,8154,8153,9021,8150,8151,8141,8193,8186,8255,8211,8217,8152,8175,8121,7.54450249671936
11,8149,8156,9005,8147,8152,8150,8174,8182,8268,8197,8205,8164,8175,8110,7.5525062084198
12,8118,8148,8966,8133,8134,8139,8161,8182,8257,8177,8179,8165,8165,8083,7.560047149658203
13,8112,8135,8940,8136,8138,8132,8169,8174,8169,8189,8185,8128,8161,8089,7.568071126937866
14,8143,8166,8959,8159,8129,8146,8159,8175,8257,8173,8183,8178,8179,8109,7.576065063476562
15,8129,8141,8935,8148,8133,8134,8166,8171,8198,8178,8184,8153,8163,8094,7.584047555923462
16,8146,8149,8920,8159,8136,8147,8160,8179,8211,8184,8182,8161,8163,8097,7.591601848602295
17,8144,8159,8914,8160,8126,8153,8152,8177,8247,8178,8188,8176,8173,8099,7.59861946105957
18,8134,8147,8892,8148,8141,8153,8172,8161,8158,8191,8203,8139,8169,8105,7.606619596481323
19,8154,8177,8889,8160,8143,8161,8173,8171,8242,8179,8189,8179,8174,8123,7.615041017532349
20,8141,8154,8855,8155,8150,8139,8183,8174,8199,8178,8185,8151,8160,8108,7.623046636581421
21,8148,8152,8840,8159,8155,8147,8190,8182,8191,8177,8183,8153,8161,8109,7.631046295166016
22,8129,8157,8828,8155,8143,8152,8178,8187,8237,8164,8173,8169,8168,8102,7.638657093048096
23,8114,8140,8796,8146,8146,8142,8189,8179,8152,8177,8185,8131,8159,8094,7.646672010421753
24,8149,8178,8801,8169,8145,8159,8196,8196,8259,8183,8189,8177,8172,8114,7.654671669006348
25,8140,8163,8776,8169,8152,8149,8198,8195,8232,8195,8188,8153,8165,8104,7.662674427032471
26,8144,8159,8763,8170,8157,8148,8189,8184,8181,8191,8199,8149,8171,8108,7.670321941375732
27,8138,8171,8757,8171,8153,8149,8172,8185,8228,8174,8200,8176,8178,8107,7.678324699401855
28,8128,8146,8715,8161,8161,8139,8179,8175,8133,8186,8192,8127,8156,8097,7.686321020126343
29,8158,8175,8721,8173,8155,8157,8180,8177,8202,8176,8197,8169,8166,8114,7.693517684936523
30,8141,8169,8725,8173,8167,8159,8193,8184,8209,8186,8222,8169,8174,8120,7.701546192169189
30,8141,8169,8725,8173,8167,8159,8193,8184,8209,8186,8222,8169,8174,8120,7.7025392055511475
31,8150,8167,8713,8193,8187,8164,8211,8199,8203,8202,8220,8159,8171,8137,7.709546089172363
32,8164,8185,8699,8214,8178,8161,8208,8208,8272,8189,8199,8183,8172,8136,7.71804666519165
33,8153,8162,8668,8212,8185,8154,8212,8198,8172,8199,8209,8142,8165,8122,7.726080894470215
34,8172,8185,8670,8232,8191,8175,8199,8205,8232,8198,8209,8179,8178,8139,7.73301887512207
35,8161,8180,8659,8231,8194,8163,8203,8197,8227,8204,8205,8168,8172,8132,7.741171836853027
36,8178,8182,8654,8239,8201,8164,8214,8187,8185,8207,8217,8154,8167,8140,7.749166250228882
37,8192,8201,8654,8249,8194,8174,8201,8197,8273,8186,8218,8196,8175,8156,7.757010459899902
38,8162,8164,8617,8229,8202,8162,8203,8190,8187,8200,8221,8146,8166,8146,7.7650465965271
39,8175,8179,8607,8233,8195,8170,8190,8183,8217,8197,8212,8170,8175,8144,7.773047208786011
40,8167,8175,8590,8228,8190,8151,8184,8171,8210,8184,8212,8177,8168,8130,7.781047105789185
40,8167,8175,8590,8228,8190,8151,8184,8171,8210,8184,8212,8177,8168,8130,7.781835079193115
41,8158,8156,8571,8218,8190,8153,8188,8159,8126,8179,8215,8149,8155,8126,7.789074659347534
42,8158,8168,8558,8212,8161,8173,8165,8163,8174,8147,8189,8176,8166,8116,7.795636177062988
43,8134,8144,8516,8199,8159,8161,8160,8159,8085,8145,8179,8138,8155,8097,7.803648233413696
44,8149,8167,8515,8209,8160,8172,8160,8166,8118,8150,8172,8164,8157,8112,7.812046766281128
45,8140,8162,8505,8189,8158,8174,8162,8161,8127,8147,8170,8168,8162,8102,7.820034503936768
46,8137,8137,8485,8189,8173,8178,8170,8155,8050,8152,8180,8141,8160,8094,7.828036069869995
47,8154,8165,8490,8216,8167,8195,8165,8171,8148,8142,8171,8184,8171,8106,7.8360466957092285
48,8130,8147,8464,8205,8178,8189,8184,8171,8102,8161,8184,8144,8165,8102,7.844037294387817
49,8154,8167,8470,8219,8198,8208,8190,8179,8150,8179,8202,8166,8174,8123,7.852046728134155
50,8161,8180,8481,8232,8206,8209,8177,8180,8203,8178,8210,8190,8178,8133,7.860046148300171
51,8166,8165,8468,8237,8212,8201,8175,8168,8113,8177,8220,8154,8166,8132,7.867037057876587
52,8195,8195,8465,8247,8199,8218,8170,8173,8194,8156,8208,8190,8175,8142,7.8750386238098145
53,8162,8170,8428,8221,8201,8212,8183,8171,8145,8170,8207,8151,8166,8128,7.883046627044678
54,8168,8172,8422,8228,8202,8216,8188,8182,8159,8185,8210,8151,8172,8135,7.891046524047852
55,8177,8182,8432,8237,8193,8218,8184,8191,8234,8184,8207,8179,8176,8136,7.899046659469604
56,8168,8161,8415,8226,8201,8224,8191,8185,8154,8198,8213,8147,8165,8131,7.907005310058594
57,8178,8185,8410,8230,8196,8233,8178,8180,8205,8184,8209,8181,8177,8142,7.915544986724853
58,8153,8174,8390,8224,8205,8214,8179,8166,8143,8183,8213,8159,8168,8133,7.922543048858643
59,8176,8188,8396,8237,8212,8225,8187,8169,8114,8174,8208,8170,8164,8141,7.930048704147339
60,8181,8191,8390,8236,8190,8223,8175,8171,8155,8148,8189,8192,8166,8131,7.938046455383301
61,8162,8155,8356,8222,8190,8211,8179,8162,8090,8172,8191,8138,8158,8118,7.946047067642212
62,8178,8179,8364,8229,8190,8224,8175,8176,8199,8184,8187,8175,8173,8138,7.954046726226807
63,8156,8164,8343,8211,8191,8204,8175,8175,8160,8190,8180,8158,8163,8128,7.962074995040893
64,8169,8158,8328,8216,8187,8202,8173,8161,8104,8188,8174,8153,8161,8127,7.970454692840576
65,8180,8172,8340,8223,8175,8216,8165,8159,8161,8168,8172,8184,8174,8130,7.978455781936645
66,8160,8151,8328,8211,8188,8211,8183,8159,8073,8175,8179,8139,8162,8122,7.98604679107666
67,8171,8175,8327,8222,8182,8218,8173,8167,8138,8164,8172,8178,8167,8129,7.994047164916992
68,8158,8159,8309,8213,8184,8205,8168,8169,8128,8172,8172,8156,8163,8119,8.00096607208252
69,8165,8150,8297,8208,8199,8217,8182,8183,8109,8195,8176,8102,8158,8128,8.008960962295532
70,8158,8164,8282,8198,8179,8225,8177,8191,8195,8186,8163,8116,8167,8130,8.017475605010986
70,8158,8164,8282,8198,8179,8225,8177,8191,8195,8186,8163,8116,8167,8130,8.018477201461792
71,8128,8131,8237,8172,8163,8198,8176,8167,8074,8181,8160,8086,8157,8103,8.024488687515259
72,8140,8151,8241,8183,8151,8201,8159,8162,8089,8160,8148,8121,8166,8102,8.032625198364258
73,8122,8142,8231,8177,8140,8189,8154,8157,8082,8153,8141,8112,8160,8093,8.04062294960022
74,8122,8127,8208,8173,8132,8184,8155,8154,8024,8158,8147,8092,8154,8092,8.049046277999878
75,8133,8152,8212,8183,8123,8200,8154,8172,8105,8151,8143,8135,8173,8098,8.056639671325684
75,8133,8152,8212,8183,8123,8200,8154,8172,8105,8151,8143,8135,8173,8098,8.057666778564453
76,8117,8135,8205,8182,8148,8199,8180,8167,8043,8175,8160,8102,8167,8094,8.063665390014648
77,8150,8159,8224,8199,8159,8207,8173,8170,8105,8178,8171,8139,8165,8111,8.071661233901978
78,8146,8157,8220,8193,8150,8196,8158,8176,8126,8175,8172,8145,8160,8109,8.079663038253784
79,8144,8148,8204,8194,8155,8202,8176,8170,8056,8189,8174,8115,8164,8112,8.08766222000122
80,8165,8175,8212,8205,8152,8214,8179,8175,8150,8180,8163,8158,8176,8118,8.096040487289429
81,8147,8151,8195,8196,8163,8207,8190,8181,8110,8194,8172,8124,8165,8112,8.104027271270752
82,8166,8170,8201,8211,8164,8241,8199,8191,8158,8199,8175,8139,8172,8132,8.111550569534302
83,8160,8172,8188,8206,8158,8256,8201,8188,8182,8197,8177,8142,8168,8121,8.12026596069336
84,8152,8152,8164,8198,8171,8263,8204,8176,8105,8209,8189,8114,8158,8117,8.127260208129883
85,8166,8172,8171,8207,8159,8284,8191,8179,8192,8192,8177,8163,8172,8128,8.135262250900269
86,8144,8142,8149,8194,8153,8273,8194,8171,8119,8192,8176,8124,8159,8101,8.14330005645752
87,8152,8150,8148,8201,8154,8284,8193,8173,8118,8187,8173,8130,8160,8097,8.15104055404663
88,8142,8159,8142,8199,8154,8290,8194,8175,8159,8179,8163,8143,8164,8093,8.159045934677124
89,8139,8138,8112,8191,8156,8282,8202,8166,8067,8188,8159,8105,8154,8083,8.167052507400513
90,8159,8159,8122,8197,8139,8285,8177,8165,8132,8163,8156,8153,8169,8090,8.17504620552063
91,8137,8149,8134,8192,8161,8276,8177,8159,8097,8170,8181,8136,8165,8089,8.182531356811523
91,8137,8149,8134,8192,8161,8276,8177,8159,8097,8170,8181,8136,8165,8089,8.183530330657959
92,8176,8176,8155,8220,8178,8289,8192,8174,8130,8194,8193,8145,8168,8113,8.190045833587646
92,8176,8176,8155,8220,8178,8289,8192,8174,8130,8194,8193,8145,8168,8113,8.19053840637207
93,8194,8185,8146,8217,8155,8277,8186,8176,8181,8180,8176,8168,8172,8122,8.198031902313232
93,8194,8185,8146,8217,8155,8277,8186,8176,8181,8180,8176,8168,8172,8122,8.19903302192688
94,8158,8142,8111,8186,8152,8252,8183,8152,8055,8168,8168,8122,8157,8103,8.206045150756836
95,8163,8163,8118,8201,8155,8267,8179,8161,8131,8161,8166,8153,8169,8108,8.213439226150513
95,8163,8163,8118,8201,8155,8267,8179,8161,8131,8161,8166,8153,8169,8108,8.21443772315979
96,8158,8159,8108,8201,8168,8265,8192,8173,8128,8186,8177,8135,8168,8113,8.222198247909546
97,8180,8166,8109,8204,8179,8268,8200,8178,8128,8198,8179,8140,8168,8129,8.230188846588135
98,8171,8169,8113,8202,8169,8258,8193,8179,8180,8172,8168,8167,8170,8123,8.238046407699585
99,8142,8137,8084,8185,8166,8244,8199,8171,8069,8175,8173,8122,8159,8107,8.246159315109253
100,8174,8164,8092,8196,8154,8261,8188,8176,8136,8173,8167,8161,8169,8119,8.253046989440918
101,8168,8155,8083,8190,8166,8252,8193,8172,8125,8176,8164,8149,8166,8110,8.260573148727417
102,8168,8157,8073,8192,8181,8256,8204,8174,8095,8173,8166,8139,8170,8120,8.268583536148071
102,8168,8157,8073,8192,8181,8256,8204,8174,8095,8173,8166,8139,8170,8120,8.269575357437134
103,8163,8175,8080,8194,8167,8252,8188,8177,8156,8157,8159,8173,8175,8123,8.277011632919312
104,8153,8154,8068,8188,8184,8235,8193,8161,8066,8175,8171,8130,8159,8115,8.285047769546509
105,8181,8181,8077,8205,8190,8259,8195,8167,8129,8166,8171,8159,8174,8129,8.292991638183594
106,8161,8164,8063,8193,8177,8247,8193,8172,8123,8163,8166,8145,8166,8110,8.300623655319214
107,8160,8151,8056,8190,8175,8223,8191,8166,8084,8174,8168,8127,8151,8109,8.308624029159546
108,8161,8174,8060,8191,8163,8223,8177,8169,8158,8156,8159,8165,8164,8115,8.317010164260864
109,8138,8142,8027,8169,8162,8226,8181,8163,8052,8161,8155,8116,8156,8093,8.324046611785889
110,8170,8160,8037,8180,8152,8244,8180,8171,8110,8165,8149,8150,8163,8103,8.332046747207642
111,8181,8171,8049,8188,8163,8239,8198,8182,8160,8183,8165,8168,8172,8116,8.339791536331177
112,8188,8166,8052,8195,8193,8244,8220,8182,8115,8200,8183,8146,8172,8130,8.347788333892822
113,8190,8177,8053,8197,8181,8250,8201,8181,8180,8176,8171,8174,8175,8129,8.356081247329712
114,8162,8150,8018,8179,8173,8229,8196,8171,8095,8176,8168,8128,8161,8107,8.364104747772217
115,8174,8171,8024,8195,8172,8242,8188,8179,8134,8179,8162,8151,8167,8115,8.371578693389893
115,8174,8171,8024,8195,8172,8242,8188,8179,8134,8179,8162,8151,8167,8115,8.372598648071289
116,8171,8173,8028,8196,8177,8240,8189,8182,8172,8187,8166,8163,8165,8121,8.378591299057007
116,8171,8173,8028,8196,8177,8240,8189,8182,8172,8187,8166,8163,8165,8121,8.37960147857666
117,8173,8155,8004,8185,8186,8235,8190,8168,8102,8193,8180,8134,8159,8131,8.386601686477661
117,8173,8155,8004,8185,8186,8235,8190,8168,8102,8193,8180,8134,8159,8131,8.387597560882568
118,8172,8168,7990,8181,8160,8239,8163,8153,8148,8151,8160,8167,8168,8121,8.395046710968018
119,8139,8140,7960,8161,8149,8223,8176,8139,8042,8149,8152,8125,8152,8089,8.403047323226929
120,8162,8162,7968,8172,8149,8243,8190,8160,8080,8164,8164,8147,8161,8108,8.41148328781128
121,8163,8167,7972,8170,8149,8247,8186,8172,8140,8160,8170,8170,8172,8120,8.419046640396118
122,8158,8150,7964,8168,8169,8234,8197,8167,8062,8167,8181,8138,8166,8120,8.427124261856079
123,8189,8193,7984,8190,8173,8247,8201,8184,8157,8168,8175,8176,8174,8129,8.434895515441895
124,8177,8175,7966,8184,8183,8239,8211,8176,8115,8186,8179,8142,8162,8120,8.442859649658203
125,8186,8165,7961,8188,8181,8248,8211,8176,8137,8196,8187,8152,8170,8137,8.450859308242798
126,8176,8168,7961,8182,8165,8240,8207,8189,8203,8195,8185,8171,8178,8141,8.458047151565552
127,8167,8157,7940,8176,8163,8220,8213,8181,8119,8209,8190,8130,8164,8132,8.465892553329468
239,8191,8183,7945,8185,8151,8224,8204,8178,8190,8192,8185,8171,8171,8135,8.473891496658325
0,8157,8150,7922,8158,8149,8218,8202,8163,8119,8184,8182,8142,8163,8114,8.481893062591553
1,8167,8156,7914,8161,8149,8232,8200,8154,8076,8176,8167,8138,8158,8120,8.489892482757568
2,8172,8174,7917,8161,8142,8228,8190,8161,8124,8150,8150,8165,8159,8120,8.497941732406616
3,8146,8146,7897,8142,8155,8216,8194,8157,8032,8155,8151,8119,8147,8099,8.505353689193726
4,8163,8171,7910,8158,8153,8229,8184,8159,8101,8151,8141,8155,8161,8106,8.512868642807007
4,8163,8171,7910,8158,8153,8229,8184,8159,8101,8151,8141,8155,8161,8106,8.513452291488647
5,8151,8162,7914,8162,8159,8221,8189,8161,8090,8165,8156,8150,8164,8108,8.520650863647461
6,8166,8159,7921,8166,8170,8236,8201,8164,8086,8182,8170,8150,8168,8131,8.528647899627686
7,8170,8164,7921,8164,8157,8232,8187,8164,8151,8170,8165,8170,8174,8143,8.536649942398071
8,8159,8145,7904,8160,8163,8211,8192,8168,8080,8187,8178,8128,8164,8134,8.544711351394653
9,8188,8180,7920,8174,8153,8231,8185,8182,8170,8185,8171,8173,8180,8142,8.553047180175781
10,8160,8155,7901,8150,8145,8227,8176,8159,8125,8170,8149,8148,8169,8118,8.56104850769043
11,8148,8135,7875,8133,8147,8219,8183,8145,8027,8144,8129,8116,8150,8098,8.568867206573486
12,8149,8155,7869,8126,8131,8221,8187,8151,8077,8109,8114,8155,8152,8090,8.57686734199524
13,8120,8131,7853,8112,8139,8216,8192,8140,7998,8126,8130,8124,8152,8084,8.585049152374268
14,8136,8160,7882,8144,8141,8236,8176,8153,8072,8136,8148,8163,8171,8099,8.591646909713745
15,8150,8166,7890,8152,8145,8231,8185,8161,8095,8147,8158,8159,8169,8101,8.6000337600708
16,8164,8154,7889,8137,8153,8229,8194,8150,8052,8158,8162,8135,8163,8118,8.608026266098022
17,8149,8167,7898,8134,8139,8229,8174,8162,8137,8141,8154,8173,8175,8125,8.616040706634521
18,8130,8147,7871,8132,8145,8214,8191,8169,8071,8160,8157,8134,8162,8111,8.624053716659546
19,8178,8172,7887,8146,8154,8233,8200,8173,8127,8165,8159,8163,8173,8133,8.632051944732666
20,8162,8169,7901,8140,8162,8231,8193,8167,8144,8156,8174,8165,8177,8129,8.64004635810852
21,8147,8158,7894,8148,8175,8230,8196,8170,8089,8166,8187,8138,8168,8125,8.648046255111694
22,8172,8181,7898,8163,8162,8241,8189,8181,8194,8169,8174,8184,8176,8136,8.655046701431274
23,8160,8153,7882,8146,8165,8228,8205,8169,8131,8184,8179,8150,8162,8123,8.663017988204956
24,8176,8172,7896,8153,8170,8238,8216,8170,8150,8173,8178,8165,8167,8128,8.671016216278076
25,8159,8175,7896,8149,8167,8232,8211,8175,8168,8161,8172,8168,8174,8119,8.679046630859375
26,8150,8154,7879,8145,8165,8222,8211,8169,8103,8174,8179,8140,8169,8118,8.687009572982788
27,8170,8175,7891,8152,8147,8219,8199,8166,8187,8162,8180,8194,8173,8135,8.695384979248047
28,8151,8153,7885,8143,8156,8198,8198,8164,8115,8169,8187,8160,8168,8120,8.703420162200928
29,8166,8170,7892,8154,8164,8204,8189,8175,8126,8168,8172,8156,8175,8118,8.71142029762268
30,8158,8177,7887,8146,8154,8197,8187,8172,8160,8158,8155,8181,8169,8116,8.718425273895264
31,8161,8162,7879,8150,8169,8195,8211,8174,8096,8180,8173,8182,8161,8122,8.725435495376587
31,8161,8162,7879,8150,8169,8195,8211,8174,8096,8180,8173,8182,8161,8122,8.726465225219727
32,8190,8194,7907,8178,8173,8213,8212,8196,8212,8186,8180,8236,8179,8136,8.73350191116333
32,8190,8194,7907,8178,8173,8213,8212,8196,8212,8186,8180,8236,8179,8136,8.734493732452393
33,8164,8172,7899,8165,8180,8195,8214,8186,8165,8191,8182,8192,8160,8127,8.742494583129883
34,8168,8169,7894,8162,8171,8191,8205,8173,8140,8174,8172,8189,8157,8130,8.749568462371826
35,8159,8171,7889,8160,8151,8188,8191,8176,8169,8154,8157,8206,8167,8116,8.757554292678833
36,8145,8148,7873,8148,8159,8184,8201,8173,8078,8173,8164,8160,8153,8114,8.76604700088501
37,8162,8176,7887,8161,8150,8196,8199,8185,8165,8163,8153,8204,8160,8128,8.774569511413574
38,8145,8156,7876,8155,8151,8172,8208,8178,8121,8159,8145,8181,8160,8108,8.781047821044922
39,8160,8156,7879,8155,8160,8166,8203,8163,8066,8149,8152,8171,8163,8114,8.788631200790405
40,8179,8176,7896,8155,8144,8168,8193,8166,8117,8137,8158,8205,8173,8131,8.796651124954224
41,8179,8158,7886,8140,8143,8155,8217,8168,8059,8168,8170,8170,8167,8131,8.805336713790894
42,8187,8182,7892,8151,8136,8162,8210,8176,8150,8167,8165,8202,8175,8131,8.813047170639038
43,8163,8166,7877,8146,8141,8145,8199,8171,8122,8162,8167,8180,8168,8117,8.821047067642212
44,8171,8163,7882,8157,8148,8141,8203,8174,8091,8166,8178,8170,8169,8128,8.829046964645386
45,8176,8177,7895,8162,8136,8142,8201,8179,8165,8155,8174,8204,8175,8132,8.837078332901001
46,8155,8146,7871,8143,8139,8132,8208,8157,8064,8162,8177,8159,8161,8111,8.844059228897095
47,8174,8168,7878,8157,8133,8144,8198,8160,8118,8152,8165,8189,8171,8109,8.852047204971313
48,8165,8160,7872,8154,8140,8130,8201,8159,8109,8149,8154,8177,8168,8099,8.8599534034729
49,8175,8163,7871,8154,8155,8137,8211,8156,8074,8155,8166,8168,8167,8111,8.867968797683716
50,8187,8182,7888,8158,8136,8150,8209,8169,8176,8153,8179,8211,8179,8125,8.876047134399414
51,8161,8140,7859,8139,8129,8132,8216,8163,8094,8169,8183,8157,8167,8112,8.884047508239746
52,8175,8162,7854,8146,8126,8137,8209,8167,8134,8164,8167,8184,8174,8124,8.892048835754395
53,8160,8164,7859,8135,8133,8131,8214,8165,8140,8170,8175,8191,8172,8126,8.89993929862976
54,8155,8145,7859,8139,8141,8129,8211,8153,8068,8170,8181,8162,8161,8121,8.907949686050415
55,8167,8162,7863,8155,8128,8124,8185,8151,8122,8129,8154,8192,8167,8111,8.915047883987427
56,8153,8151,7852,8152,8143,8103,8203,8154,8054,8143,8164,8157,8162,8104,8.923047542572021
57,8186,8183,7881,8168,8152,8119,8221,8172,8127,8162,8177,8184,8174,8132,8.931047677993774
58,8170,8173,7872,8152,8137,8112,8206,8167,8133,8145,8163,8182,8173,8109,8.939046859741211
59,8156,8152,7849,8146,8136,8102,8200,8158,8037,8148,8161,8153,8161,8083,8.94701075553894
60,8173,8181,7870,8164,8130,8112,8191,8168,8140,8153,8169,8204,8170,8104,8.95467734336853
61,8142,8156,7857,8146,8137,8096,8192,8162,8091,8164,8175,8164,8163,8106,8.96268105506897
62,8161,8171,7863,8152,8143,8102,8193,8168,8112,8160,8164,8171,8170,8111,8.971047401428223
63,8162,8180,7872,8153,8148,8107,8198,8172,8147,8158,8164,8184,8166,8101,8.978046655654907
64,8154,8157,7859,8138,8159,8106,8215,8163,8065,8168,8169,8151,8152,8094,8.985776424407959
65,8175,8180,7876,8142,8151,8114,8210,8167,8142,8149,8158,8195,8175,8104,8.99379587173462
66,8172,8178,7885,8152,8164,8109,8221,8174,8114,8170,8185,8167,8176,8110,9.00204086303711
67,8197,8192,7904,8169,8171,8125,8226,8180,8158,8193,8206,8182,8175,8142,9.01004695892334
67,8197,8192,7904,8169,8171,8125,8226,8180,8158,8193,8206,8182,8175,8142,9.010499477386476
68,8187,8185,7900,8160,8163,8116,8211,8168,8193,8180,8184,8198,8172,8139,9.018041372299194
69,8177,8166,7882,8162,8174,8111,8209,8156,8080,8176,8172,8150,8162,8121,9.025780200958252
69,8177,8166,7882,8162,8174,8111,8209,8156,8080,8176,8172,8150,8162,8121,9.026690483093262
70,8191,8195,7897,8181,8166,8138,8204,8176,8164,8160,8172,8193,8174,8124,9.033688068389893
71,8150,8160,7870,8156,8162,8125,8225,8180,8135,8177,8179,8170,8165,8106,9.042047500610352
72,8145,8152,7856,8149,8161,8131,8231,8179,8131,8188,8173,8163,8171,8104,9.049047231674194
73,8143,8166,7852,8146,8150,8138,8206,8185,8182,8166,8147,8177,8173,8088,9.057010889053345
74,8130,8143,7832,8130,8154,8127,8205,8172,8081,8167,8143,8138,8150,8072,9.06504774093628
75,8159,8173,7860,8147,8158,8135,8208,8171,8162,8170,8158,8193,8172,8097,9.072762250900269
76,8158,8170,7870,8154,8183,8132,8219,8173,8164,8191,8184,8186,8182,8109,9.081047534942629
77,8173,8173,7876,8167,8190,8147,8219,8180,8153,8194,8184,8177,8168,8119,9.089070320129396
78,8180,8182,7886,8167,8161,8145,8211,8180,8194,8166,8167,8197,8163,8112,9.097075700759888
79,8164,8156,7874,8153,8162,8135,8226,8168,8110,8177,8181,8162,8165,8103,9.104361534118652
79,8164,8156,7874,8153,8162,8135,8226,8168,8110,8177,8181,8162,8165,8103,9.105387449264526
80,8186,8180,7891,8169,8160,8161,8220,8187,8213,8186,8183,8207,8180,8128,9.111888885498049
81,8176,8161,7888,8160,8167,8153,8219,8186,8205,8189,8180,8184,8166,8131,9.119891881942747
82,8187,8160,7886,8162,8180,8144,8220,8172,8144,8182,8174,8162,8161,8136,9.12789225578308
83,8187,8180,7886,8159,8163,8145,8205,8177,8200,8163,8159,8200,8172,8132,9.135892152786257
84,8154,8145,7858,8131,8160,8145,8215,8181,8116,8173,8159,8154,8155,8108,9.144047021865845
85,8167,8163,7861,8137,8153,8162,8210,8183,8157,8154,8136,8178,8154,8103,9.152048826217651
86,8146,8153,7850,8132,8142,8144,8202,8171,8127,8147,8124,8175,8149,8085,9.159713745117188
87,8150,8145,7848,8134,8145,8136,8208,8170,8079,8166,8138,8161,8154,8093,9.167625904083252
88,8166,8172,7869,8147,8148,8141,8194,8178,8178,8154,8144,8201,8171,8108,9.17504906654358
89,8152,8155,7865,8146,8169,8125,8190,8169,8104,8162,8154,8161,8162,8106,9.1830472946167
90,8169,8169,7876,8153,8169,8135,8186,8169,8138,8157,8151,8184,8166,8124,9.190764665603638
91,8143,8160,7863,8135,8160,8134,8192,8170,8143,8149,8151,8180,8161,8114,9.19877576828003
92,8160,8160,7853,8137,8166,8137,8208,8169,8082,8163,8157,8156,8159,8118,9.207011222839355
93,8190,8189,7875,8152,8157,8135,8196,8161,8150,8144,8145,8197,8176,8133,9.214374303817747
93,8190,8189,7875,8152,8157,8135,8196,8161,8150,8144,8145,8197,8176,8133,9.21538472175598
94,8149,8153,7861,8131,8154,8115,8192,8143,8050,8132,8144,8153,8156,8111,9.22301459312439
95,8156,8162,7859,8140,8148,8137,8187,8158,8086,8127,8131,8173,8150,8109,9.231014966964722
96,8162,8172,7861,8147,8152,8136,8190,8171,8140,8138,8122,8186,8160,8108,9.238040208816528
97,8162,8160,7865,8147,8171,8122,8202,8167,8095,8165,8147,8158,8166,8124,9.246046781539915
97,8162,8160,7865,8147,8171,8122,8202,8167,8095,8165,8147,8158,8166,8124,9.246602773666382
98,8173,8176,7884,8148,8156,8130,8192,8180,8202,8162,8153,8202,8176,8141,9.253607988357544
98,8173,8176,7884,8148,8156,8130,8192,8180,8202,8162,8153,8202,8176,8141,9.254608869552612
99,8151,8143,7856,8131,8151,8118,8196,8171,8125,8164,8145,8168,8162,8119,9.26161813735962
99,8151,8143,7856,8131,8151,8118,8196,8171,8125,8164,8145,8168,8162,8119,9.262612104415894
100,8168,8158,7860,8146,8158,8134,8203,8167,8109,8147,8149,8181,8166,8126,9.270047426223757
101,8172,8177,7881,8158,8164,8146,8220,8179,8155,8143,8157,8198,8168,8133,9.277636528015137
101,8172,8177,7881,8158,8164,8146,8220,8179,8155,8143,8157,8198,8168,8133,9.27863311767578
102,8165,8159,7870,8152,8172,8142,8234,8182,8093,8170,8154,8159,8159,8125,9.28628945350647
102,8165,8159,7870,8152,8172,8142,8234,8182,8093,8170,8154,8159,8159,8125,9.286434650421144
103,8172,8176,7872,8152,8150,8140,8203,8179,8167,8154,8142,8193,8172,8126,9.293649435043337
104,8159,8156,7865,8144,8158,8121,8199,8167,8119,8160,8158,8163,8163,8122,9.301665306091309
105,8179,8174,7881,8166,8180,8131,8202,8176,8142,8175,8169,8179,8168,8139,9.310047388076782
106,8169,8186,7883,8169,8175,8127,8190,8173,8190,8166,8153,8201,8172,8130,9.317010879516602
107,8158,8161,7870,8159,8177,8126,8203,8158,8091,8168,8155,8154,8161,8118,9.324745178222656
108,8180,8185,7893,8175,8164,8154,8199,8173,8168,8159,8163,8202,8171,8131,9.332483291625977
108,8180,8185,7893,8175,8164,8154,8199,8173,8168,8159,8163,8202,8171,8131,9.333482503890991
109,8148,8166,7873,8154,8159,8143,8192,8165,8112,8163,8169,8177,8162,8120,9.34049105644226
109,8148,8166,7873,8154,8159,8143,8192,8165,8112,8163,8169,8177,8162,8120,9.341482877731323
110,8153,8166,7862,8148,8161,8148,8193,8149,8073,8151,8155,8163,8162,8120,9.34904646873474
111,8158,8171,7871,8153,8161,8162,8190,8161,8135,8134,8146,8191,8172,8118,9.357511281967165
112,8146,8148,7858,8144,8171,8153,8194,8159,8054,8156,8164,8155,8162,8114,9.365549802780151
113,8175,8186,7879,8163,8168,8159,8184,8164,8141,8155,8164,8194,8171,8133,9.372052192687988
114,8160,8177,7883,8165,8188,8165,8197,8181,8155,8175,8174,8182,8170,8131,9.380046606063845
115,8166,8169,7878,8167,8200,8190,8211,8192,8156,8197,8183,8176,8169,8138,9.387534141540527
115,8166,8169,7878,8167,8200,8190,8211,8192,8156,8197,8183,8176,8169,8138,9.388545036315918
116,8173,8184,7879,8166,8168,8193,8202,8183,8219,8176,8166,8204,8173,8135,9.39554500579834
117,8162,8164,7882,8161,8169,8179,8205,8169,8122,8181,8172,8169,8168,8135,9.404046773910522
118,8183,8183,7906,8171,8176,8191,8189,8173,8184,8178,8177,8209,8179,8160,9.412046432495115
119,8162,8162,7881,8153,8166,8174,8182,8156,8159,8168,8169,8182,8164,8137,9.420688390731812
120,8159,8154,7861,8152,8170,8181,8189,8151,8088,8163,8155,8151,8157,8116,9.427902698516846
121,8156,8173,7873,8151,8165,8197,8184,8169,8147,8143,8137,8190,8166,8109,9.435909271240234
122,8142,8145,7865,8138,8171,8184,8201,8165,8076,8155,8148,8163,8156,8103,9.443046808242798
123,8175,8175,7886,8160,8176,8191,8204,8172,8154,8158,8156,8201,8172,8128,9.451045989990234
124,8160,8176,7877,8151,8178,8179,8201,8171,8159,8159,8149,8185,8173,8127,9.459046363830566
125,8144,8159,7857,8137,8175,8175,8199,8166,8091,8168,8138,8146,8161,8117,9.46737575531006
126,8151,8171,7866,8144,8149,8179,8194,8176,8181,8157,8125,8186,8167,8115,9.475048065185549
126,8151,8171,7866,8144,8149,8179,8194,8176,8181,8157,8125,8186,8167,8115,9.47576093673706
127,8136,8142,7850,8137,8153,8160,8211,8175,8105,8167,8137,8149,8156,8111,9.482764720916748
239,8154,8165,7857,8154,8158,8171,8202,8177,8125,8158,8137,8171,8162,8123,9.491046905517578
0,8133,8159,7849,8144,8157,8169,8186,8163,8121,8140,8122,8178,8160,8103,9.499082565307615
1,8123,8137,7839,8134,8160,8169,8199,8155,8046,8146,8115,8146,8152,8099,9.506086826324465
2,8151,8163,7858,8151,8142,8186,8200,8168,8141,8137,8112,8185,8168,8117,9.513642311096191
3,8135,8138,7843,8142,8148,8175,8204,8163,8075,8145,8133,8158,8160,8103,9.52204728126526
4,8150,8151,7847,8145,8153,8174,8203,8169,8092,8143,8129,8173,8158,8105,9.530046939849854
5,8150,8161,7851,8142,8151,8162,8200,8170,8136,8134,8115,8175,8162,8100,9.538045406341553
6,8151,8148,7849,8140,8159,8160,8209,8165,8081,8146,8128,8150,8163,8104,9.546127080917358
7,8166,8171,7874,8149,8142,8179,8203,8181,8173,8144,8137,8202,8176,8122,9.554123401641846
8,8137,8150,7860,8139,8138,8168,8209,8180,8119,8162,8146,8157,8162,8114,9.56212043762207
8,8137,8150,7860,8139,8138,8168,8209,8180,8119,8162,8146,8157,8162,8114,9.56312084197998
9,8155,8161,7861,8157,8143,8169,8206,8176,8138,8163,8138,8162,8168,8130,9.569120407104492
10,8163,8175,7876,8162,8141,8162,8204,8181,8191,8158,8129,8191,8177,8130,9.57711935043335
11,8159,8161,7876,8154,8155,8151,8214,8172,8097,8169,8138,8152,8163,8119,9.58512043952942
12,8174,8185,7883,8160,8151,8157,8191,8162,8146,8135,8122,8185,8170,8116,9.593120098114014
13,8154,8160,7863,8140,8149,8143,8191,8159,8093,8137,8118,8159,8163,8103,9.601124048233032
14,8173,8165,7874,8145,8152,8155,8211,8175,8118,8163,8132,8170,8169,8123,9.609126091003418
15,8181,8182,7896,8159,8151,8153,8215,8183,8199,8168,8141,8202,8179,8134,9.616630792617798
16,8172,8166,7892,8165,8165,8140,8217,8175,8116,8185,8155,8163,8169,8129,9.625347375869753
17,8187,8190,7900,8175,8156,8150,8195,8177,8185,8172,8150,8191,8175,8131,9.63235354423523
17,8187,8190,7900,8175,8156,8150,8195,8177,8185,8172,8150,8191,8175,8131,9.633355140686035
18,8154,8162,7872,8148,8150,8125,8189,8158,8131,8162,8146,8160,8164,8109,9.639355182647703
18,8154,8162,7872,8148,8150,8125,8189,8158,8131,8162,8146,8160,8164,8109,9.640353918075562
19,8157,8159,7872,8154,8152,8131,8197,8159,8106,8166,8151,8164,8166,8117,9.648046016693115
20,8180,8185,7895,8181,8149,8154,8209,8186,8206,8175,8151,8204,8175,8137,9.656369686126707
21,8178,8164,7882,8171,8155,8145,8230,8181,8137,8201,8163,8157,8165,8141,9.664385080337524
22,8182,8174,7883,8161,8133,8146,8206,8171,8185,8180,8158,8184,8171,8146,9.671384572982788
22,8182,8174,7883,8161,8133,8146,8206,8171,8185,8180,8158,8184,8171,8146,9.672384977340698
23,8158,8149,7869,8148,8127,8143,8191,8160,8145,8162,8153,8171,8159,8127,9.680049180984495
24,8182,8157,7877,8167,8151,8161,8210,8160,8107,8175,8155,8160,8159,8138,9.6880464553833
25,8189,8190,7901,8179,8162,8162,8210,8172,8198,8178,8167,8193,8175,8154,9.696308135986328
26,8148,8161,7881,8167,8168,8148,8201,8169,8122,8183,8181,8148,8164,8136,9.703317880630491
27,8163,8173,7878,8179,8148,8168,8186,8173,8153,8161,8150,8173,8167,8125,9.710326194763184
28,8171,8166,7871,8172,8149,8160,8199,8171,8132,8167,8138,8171,8166,8124,9.719032526016235
29,8190,8165,7872,8170,8169,8157,8217,8169,8106,8190,8158,8164,8167,8154,9.72676682472229
30,8172,8183,7879,8163,8158,8164,8202,8172,8204,8173,8162,8200,8177,8150,9.734675645828249
31,8131,8155,7863,8149,8168,8154,8208,8171,8129,8185,8167,8152,8160,8121,9.74267578125
32,8179,8182,7877,8174,8173,8158,8218,8186,8190,8189,8162,8184,8166,8151,9.751046657562256
33,8183,8184,7878,8168,8163,8140,8220,8183,8208,8174,8160,8190,8169,8156,9.759046792984009
34,8172,8170,7879,8164,8169,8139,8221,8172,8136,8171,8159,8162,8157,8145,9.76604700088501
35,8190,8184,7897,8175,8165,8149,8207,8173,8211,8160,8145,8203,8165,8146,9.77449083328247
36,8170,8153,7885,8159,8169,8132,8207,8163,8139,8174,8159,8174,8166,8143,9.782042264938354
37,8188,8173,7907,8175,8161,8148,8207,8172,8181,8176,8169,8200,8176,8166,9.79005527496338
38,8176,8172,7910,8180,8154,8154,8203,8169,8195,8167,8162,8199,8165,8158,9.798069715499878
39,8161,8159,7887,8174,8167,8153,8206,8158,8103,8169,8162,8161,8152,8140,9.806046724319458
40,8184,8186,7901,8181,8164,8161,8200,8169,8199,8162,8161,8207,8172,8150,9.814046621322632
41,8171,8155,7896,8168,8171,8146,8212,8169,8158,8179,8174,8175,8166,8151,9.82203483581543
42,8177,8164,7897,8170,8167,8155,8206,8167,8161,8166,8164,8179,8162,8149,9.829035520553589
43,8169,8173,7890,8163,8150,8153,8196,8163,8163,8138,8142,8181,8162,8126,9.837033748626707
44,8167,8155,7884,8160,8163,8157,8219,8169,8096,8155,8154,8153,8164,8130,9.844568967819214
44,8167,8155,7884,8160,8163,8157,8219,8169,8096,8155,8154,8153,8164,8130,9.845584392547607
45,8188,8179,7911,8175,8171,8177,8225,8198,8230,8167,8170,8211,8181,8161,9.853047609329224
46,8175,8160,7899,8161,8178,8152,8223,8192,8185,8186,8177,8183,8162,8152,9.861047267913818
47,8186,8168,7896,8162,8172,8154,8205,8174,8154,8183,8160,8182,8165,8149,9.869047164916992
48,8166,8177,7900,8157,8162,8170,8200,8175,8201,8170,8155,8199,8178,8148,9.877010583877563
49,8157,8159,7887,8154,8175,8177,8227,8186,8150,8195,8173,8161,8167,8150,9.885133981704712
49,8157,8159,7887,8154,8175,8177,8227,8186,8150,8195,8173,8161,8167,8150,9.88615083694458
50,8187,8183,7901,8174,8158,8187,8216,8192,8233,8186,8153,8201,8174,8159,9.89306640625
51,8166,8164,7901,8163,8155,8171,8203,8167,8173,8181,8132,8174,8166,8143,9.900185346603394
52,8181,8174,7915,8168,8173,8180,8209,8168,8162,8188,8135,8172,8162,8151,9.90804648399353
53,8184,8186,7912,8167,8170,8180,8213,8192,8229,8176,8132,8201,8169,8154,9.916046142578123
54,8158,8148,7885,8147,8169,8159,8220,8184,8127,8179,8130,8158,8163,8144,9.923856019973757
55,8178,8171,7903,8160,8159,8165,8214,8180,8199,8173,8127,8189,8172,8149,9.931856155395508
56,8168,8169,7903,8156,8167,8158,8221,8180,8192,8180,8134,8172,8161,8138,9.940047025680542
57,8176,8170,7904,8163,8182,8161,8221,8186,8162,8182,8134,8166,8158,8148,9.947884559631348
58,8191,8189,7922,8173,8182,8168,8224,8202,8248,8187,8134,8203,8171,8163,9.956047773361206
59,8185,8169,7909,8164,8193,8171,8249,8201,8200,8219,8153,8162,8168,8159,9.963046789169312
60,8190,8183,7909,8160,8179,8181,8228,8192,8243,8193,8146,8192,8173,8158,9.971068620681764
61,8164,8164,7897,8149,8174,8158,8210,8180,8191,8173,8139,8181,8162,8137,9.979068040847778
62,8189,8172,7908,8166,8194,8165,8225,8182,8158,8191,8141,8164,8162,8145,9.98701000213623
63,8204,8195,7926,8172,8191,8176,8227,8184,8245,8180,8127,8199,8176,8152,9.99504828453064
64,8167,8154,7899,8148,8193,8153,8229,8168,8145,8182,8124,8158,8159,8132,10.003127813339232
65,8189,8175,7914,8163,8192,8158,8216,8178,8208,8180,8130,8194,8166,8146,10.010128498077393
66,8186,8180,7935,8172,8202,8156,8213,8187,8235,8184,8140,8198,8172,8149,10.019158124923706
67,8200,8177,7938,8183,8212,8153,8223,8181,8178,8197,8144,8175,8172,8157,10.027010202407835
68,8220,8200,7943,8188,8189,8144,8211,8180,8256,8188,8136,8212,8181,8171,10.033546924591064
69,8194,8174,7927,8169,8193,8129,8215,8178,8188,8198,8150,8170,8167,8166,10.041554689407349
70,8206,8189,7934,8175,8201,8160,8217,8191,8232,8194,8149,8191,8170,8175,10.050046443939207
70,8206,8189,7934,8175,8201,8160,8217,8191,8232,8194,8149,8191,8170,8175,10.05054759979248
71,8183,8182,7917,8165,8194,8161,8206,8184,8224,8181,8132,8185,8166,8146,10.058046340942385
71,8183,8182,7917,8165,8194,8161,8206,8184,8224,8181,8132,8185,8166,8146,10.058580160140991
72,8172,8164,7904,8158,8194,8152,8206,8166,8123,8175,8128,8154,8157,8124,10.065637588500977
72,8172,8164,7904,8158,8194,8152,8206,8166,8123,8175,8128,8154,8157,8124,10.06666111946106
73,8191,8196,7934,8169,8194,8166,8207,8174,8221,8167,8134,8203,8169,8143,10.074025630950928
74,8188,8180,7935,8169,8211,8161,8223,8180,8194,8205,8164,8173,8168,8157,10.08202314376831
75,8211,8190,7951,8188,8210,8166,8220,8194,8236,8216,8182,8194,8179,8178,10.090047359466553
76,8196,8186,7951,8189,8201,8163,8216,8197,8267,8209,8177,8203,8173,8168,10.096616744995115
77,8181,8167,7934,8180,8208,8172,8229,8183,8197,8226,8172,8164,8159,8159,10.105047702789308
78,8187,8190,7950,8186,8185,8182,8217,8187,8270,8206,8162,8200,8170,8160,10.11267113685608
79,8170,8166,7933,8173,8174,8155,8215,8179,8183,8194,8158,8165,8160,8140,10.120670557022097
80,8188,8171,7935,8170,8177,8161,8213,8173,8175,8180,8144,8180,8167,8149,10.128662824630736
81,8187,8178,7954,8163,8173,8160,8212,8183,8225,8172,8145,8201,8176,8155,10.13703966140747
82,8177,8163,7946,8157,8174,8145,8224,8186,8151,8185,8161,8159,8161,8156,10.145035982131958
83,8182,8176,7941,8156,8156,8155,8208,8184,8217,8165,8139,8192,8165,8153,10.153038024902344
84,8153,8148,7918,8136,8157,8147,8204,8171,8153,8168,8127,8163,8161,8127,10.161035776138306
85,8167,8167,7934,8161,8173,8158,8207,8180,8157,8182,8132,8171,8168,8139,10.168052911758425
86,8178,8190,7958,8181,8178,8157,8205,8185,8224,8176,8132,8196,8173,8151,10.176048278808594
87,8162,8161,7945,8164,8185,8143,8208,8169,8122,8178,8137,8145,8158,8138,10.18408179283142
88,8166,8176,7947,8167,8169,8157,8193,8177,8177,8169,8120,8178,8165,8126,10.192047119140623
89,8151,8159,7929,8156,8159,8149,8202,8176,8139,8182,8109,8159,8162,8107,10.20009994506836
90,8164,8163,7930,8157,8152,8157,8201,8167,8108,8177,8115,8152,8167,8114,10.208046197891235
91,8160,8179,7946,8156,8148,8156,8186,8169,8167,8160,8119,8182,8174,8111,10.216595888137816
92,8157,8156,7947,8157,8171,8145,8212,8172,8112,8196,8132,8151,8162,8113,10.222599267959597
93,8198,8182,7973,8181,8167,8158,8222,8188,8219,8202,8141,8198,8175,8148,10.23086667060852
94,8174,8172,7968,8170,8162,8145,8223,8197,8215,8201,8160,8189,8172,8146,10.239046335220335
95,8185,8172,7970,8170,8169,8151,8238,8210,8191,8223,8160,8177,8169,8154,10.247005939483644
96,8189,8177,7975,8165,8152,8155,8222,8200,8242,8199,8127,8197,8170,8157,10.25502347946167
97,8136,8138,7940,8139,8148,8135,8200,8162,8104,8171,8116,8142,8150,8120,10.263022184371948
97,8136,8138,7940,8139,8148,8135,8200,8162,8104,8171,8116,8142,8150,8120,10.264020681381226
98,8161,8168,7953,8153,8140,8145,8182,8166,8148,8159,8107,8177,8159,8118,10.271047830581663
99,8173,8160,7962,8147,8137,8133,8186,8174,8151,8166,8106,8172,8164,8124,10.279047012329102
100,8174,8150,7961,8147,8149,8122,8196,8170,8104,8166,8110,8152,8163,8132,10.287009954452516
101,8178,8185,7978,8168,8151,8127,8194,8180,8199,8159,8115,8196,8172,8135,10.294048070907593
102,8176,8167,7985,8178,8169,8130,8208,8184,8152,8196,8152,8169,8166,8138,10.302142143249512
103,8213,8186,8010,8193,8168,8149,8204,8191,8217,8201,8167,8202,8177,8165,10.310344457626345
104,8190,8182,8003,8171,8159,8134,8196,8181,8210,8184,8157,8197,8170,8148,10.31804084777832
105,8174,8164,7989,8158,8161,8124,8195,8170,8123,8185,8151,8161,8160,8128,10.326052904129028
106,8178,8176,7999,8170,8145,8131,8182,8177,8188,8166,8141,8190,8172,8124,10.334052801132202
107,8154,8157,7986,8157,8150,8131,8196,8170,8114,8175,8143,8152,8159,8114,10.342046976089478
108,8175,8180,7998,8160,8152,8154,8199,8174,8166,8184,8141,8177,8163,8139,10.350043535232544
109,8164,8174,7995,8157,8157,8141,8194,8183,8211,8190,8144,8183,8172,8140,10.35701060295105
110,8159,8160,7988,8163,8178,8134,8213,8188,8147,8202,8154,8152,8167,8135,10.365041017532349
111,8177,8192,8004,8170,8163,8152,8212,8200,8223,8184,8137,8192,8167,8145,10.373225688934326
112,8158,8165,7982,8151,8156,8140,8212,8190,8158,8191,8134,8157,8156,8132,10.381031036376951
113,8173,8169,7995,8165,8166,8151,8203,8186,8187,8189,8143,8180,8171,8141,10.388962030410768
114,8174,8180,8013,8172,8164,8152,8184,8182,8216,8175,8143,8196,8177,8138,10.397010803222656
115,8172,8166,8002,8164,8163,8139,8184,8164,8111,8175,8138,8151,8161,8130,10.405047178268433
116,8178,8176,8008,8165,8157,8143,8181,8165,8173,8150,8121,8187,8167,8124,10.41282844543457
117,8155,8155,7998,8153,8169,8136,8195,8168,8122,8155,8121,8162,8160,8099,10.41982364654541
118,8181,8180,8013,8167,8170,8153,8194,8173,8132,8160,8125,8172,8170,8113,10.42804217338562
119,8186,8195,8024,8174,8168,8162,8194,8182,8202,8158,8139,8195,8179,8130,10.436046600341797
120,8175,8168,8010,8174,8192,8166,8216,8187,8162,8187,8160,8162,8170,8139,10.444066762924194
121,8190,8189,8021,8184,8184,8188,8209,8199,8259,8184,8150,8196,8181,8148,10.452068328857422
122,8169,8169,8014,8163,8179,8175,8216,8200,8212,8186,8154,8163,8165,8138,10.460047245025637
123,8182,8174,8019,8164,8186,8174,8225,8203,8205,8191,8165,8171,8162,8153,10.468047142028809
124,8175,8181,8019,8173,8179,8174,8210,8195,8262,8178,8149,8197,8171,8146,10.47586226463318
125,8152,8151,8005,8162,8181,8163,8203,8170,8146,8171,8140,8141,8157,8124,10.484046697616575
126,8182,8184,8034,8168,8171,8173,8187,8176,8207,8155,8136,8182,8169,8136,10.491123914718628
127,8184,8177,8038,8168,8174,8160,8196,8178,8199,8175,8147,8173,8168,8139,10.498897790908812
239,8191,8169,8037,8173,8187,8160,8206,8180,8169,8185,8147,8162,8165,8147,10.507206439971924
0,8192,8189,8058,8174,8180,8165,8195,8189,8238,8162,8144,8202,8174,8149,10.515048742294312
1,8197,8181,8074,8182,8194,8161,8206,8190,8186,8179,8169,8175,8172,8156,10.523048162460327
2,8229,8205,8102,8211,8199,8174,8204,8199,8266,8185,8171,8202,8181,8180,10.531028032302856
3,8202,8185,8085,8193,8201,8159,8207,8191,8242,8194,8168,8182,8176,8163,10.53902792930603
4,8203,8181,8074,8191,8205,8158,8215,8185,8202,8211,8176,8169,8173,8162,10.547107219696043
5,8211,8204,8088,8204,8189,8151,8195,8190,8276,8190,8162,8203,8173,8164,10.554047584533691
6,8181,8170,8068,8184,8189,8127,8189,8179,8163,8178,8151,8155,8157,8137,10.562047243118286
7,8195,8183,8068,8184,8190,8147,8190,8182,8201,8170,8134,8178,8170,8139,10.570117235183716
8,8179,8173,8053,8173,8188,8143,8194,8182,8202,8178,8121,8166,8168,8132,10.577665090560911
9,8170,8157,8047,8166,8182,8133,8187,8177,8134,8177,8124,8143,8155,8132,10.585662126541138
9,8170,8157,8047,8166,8182,8133,8187,8177,8134,8177,8124,8143,8155,8132,10.58665895462036
10,8184,8175,8065,8177,8167,8134,8170,8180,8206,8155,8121,8188,8161,8140,10.593662977218628
11,8173,8153,8050,8174,8182,8123,8179,8161,8115,8163,8121,8152,8150,8130,10.602036237716677
12,8185,8179,8061,8187,8184,8141,8173,8162,8142,8150,8114,8173,8156,8132,10.610045433044434
13,8166,8175,8058,8174,8174,8134,8168,8167,8159,8139,8114,8173,8158,8114,10.618045091629028
14,8152,8148,8035,8162,8172,8129,8171,8158,8082,8148,8115,8146,8152,8105,10.625035047531128
15,8161,8167,8045,8172,8160,8140,8163,8159,8153,8134,8103,8186,8162,8107,10.63305640220642
16,8140,8145,8035,8161,8172,8122,8174,8158,8094,8141,8107,8143,8154,8099,10.641048192977903
17,8154,8157,8041,8164,8164,8127,8162,8165,8127,8144,8103,8163,8163,8121,10.6485276222229
17,8154,8157,8041,8164,8164,8127,8162,8165,8127,8144,8103,8163,8163,8121,10.649521350860596
18,8154,8159,8044,8161,8150,8129,8154,8168,8163,8147,8107,8181,8168,8134,10.656519889831545
19,8152,8149,8037,8160,8173,8127,8173,8168,8110,8167,8127,8148,8161,8134,10.664519548416138
20,8157,8180,8047,8164,8174,8127,8160,8173,8191,8153,8118,8183,8168,8123,10.672519445419312
21,8130,8156,8032,8141,8173,8106,8158,8157,8108,8152,8111,8148,8157,8100,10.68052101135254
21,8130,8156,8032,8141,8173,8106,8158,8157,8108,8152,8111,8148,8157,8100,10.681321382522585
22,8154,8162,8040,8161,8173,8119,8162,8161,8122,8155,8110,8162,8168,8115,10.688328504562378
23,8156,8166,8046,8168,8170,8117,8158,8164,8170,8149,8117,8185,8175,8120,10.696327447891235
24,8140,8146,8043,8151,8182,8101,8159,8153,8081,8157,8146,8152,8163,8121,10.704333066940308
25,8161,8176,8068,8169,8180,8115,8156,8172,8183,8161,8148,8196,8173,8133,10.711333274841309
25,8161,8176,8068,8169,8180,8115,8156,8172,8183,8161,8148,8196,8173,8133,10.712332248687744
26,8154,8160,8061,8169,8187,8111,8167,8174,8153,8181,8137,8165,8163,8116,10.719708919525146
27,8170,8170,8069,8168,8195,8116,8159,8158,8125,8164,8131,8161,8158,8119,10.727662324905396
28,8167,8184,8078,8165,8189,8114,8143,8149,8160,8137,8128,8178,8159,8116,10.73604702949524
29,8162,8164,8069,8165,8189,8112,8158,8148,8077,8160,8136,8142,8156,8111,10.744035482406616
30,8180,8186,8085,8174,8175,8128,8151,8162,8150,8149,8129,8190,8172,8132,10.75203537940979
31,8139,8161,8061,8151,8173,8113,8146,8163,8113,8140,8122,8158,8162,8119,10.759047031402588
32,8158,8165,8057,8154,8185,8122,8168,8168,8114,8157,8122,8148,8165,8127,10.767012119293211
33,8178,8186,8084,8159,8182,8126,8171,8174,8200,8157,8142,8194,8181,8143,10.775040864944458
34,8149,8158,8080,8154,8184,8110,8155,8160,8106,8161,8154,8158,8164,8127,10.78248906135559
34,8149,8158,8080,8154,8184,8110,8155,8160,8106,8161,8154,8158,8164,8127,10.783480644226074
35,8178,8184,8090,8177,8179,8121,8139,8157,8166,8156,8138,8184,8167,8131,10.790488719940186
36,8178,8175,8092,8173,8196,8117,8155,8156,8175,8180,8164,8180,8170,8145,10.799047470092772
37,8172,8173,8105,8176,8210,8130,8164,8168,8170,8200,8187,8175,8172,8161,10.807011365890505
38,8179,8193,8111,8184,8190,8132,8152,8171,8231,8179,8153,8189,8171,8145,10.81404709815979
39,8173,8169,8091,8170,8200,8120,8167,8160,8135,8185,8151,8139,8157,8130,10.822046756744385
40,8189,8189,8111,8173,8205,8137,8158,8177,8206,8176,8159,8180,8169,8144,10.8299298286438
41,8175,8183,8108,8164,8199,8129,8153,8179,8202,8169,8148,8179,8165,8122,10.837934017181396
42,8180,8176,8095,8164,8200,8126,8160,8168,8145,8176,8142,8161,8158,8116,10.846047401428224
43,8172,8186,8092,8157,8189,8135,8144,8172,8213,8158,8132,8189,8167,8121,10.85421633720398
44,8145,8157,8076,8141,8195,8139,8155,8165,8127,8161,8140,8139,8162,8116,10.862046718597412
45,8165,8179,8097,8162,8191,8170,8158,8170,8189,8162,8144,8171,8173,8137,10.870019674301147
45,8165,8179,8097,8162,8191,8170,8158,8170,8189,8162,8144,8171,8173,8137,10.871052980422974
46,8158,8177,8095,8167,8195,8175,8158,8175,8228,8173,8145,8179,8168,8134,10.878064632415771
47,8173,8171,8092,8170,8216,8191,8172,8180,8197,8189,8159,8154,8162,8143,10.886042356491089
48,8181,8189,8120,8174,8206,8215,8163,8188,8290,8173,8160,8191,8169,8154,10.89305305480957
49,8144,8151,8095,8153,8191,8202,8150,8164,8187,8169,8151,8147,8150,8127,10.901070594787598
50,8165,8164,8086,8161,8182,8211,8140,8156,8189,8145,8132,8163,8158,8129,10.909037351608276
51,8161,8171,8094,8158,8188,8207,8148,8162,8208,8129,8136,8168,8166,8124,10.91656494140625
51,8161,8171,8094,8158,8188,8207,8148,8162,8208,8129,8136,8168,8166,8124,10.917559623718262
52,8154,8163,8100,8155,8195,8200,8153,8153,8125,8141,8144,8138,8154,8111,10.925046682357788
53,8171,8184,8114,8171,8171,8211,8130,8154,8197,8129,8125,8184,8164,8115,10.932610273361206
54,8148,8147,8092,8154,8176,8211,8137,8156,8145,8143,8130,8152,8163,8113,10.94064474105835
54,8148,8147,8092,8154,8176,8211,8137,8156,8145,8143,8130,8152,8163,8113,10.941673278808594
55,8162,8160,8098,8156,8187,8236,8147,8166,8181,8159,8145,8170,8171,8128,10.947657823562622
55,8162,8160,8098,8156,8187,8236,8147,8166,8181,8159,8145,8170,8171,8128,10.948670148849487
56,8168,8183,8113,8161,8184,8238,8150,8173,8233,8166,8153,8190,8176,8130,10.956047534942629
57,8166,8166,8108,8160,8192,8228,8162,8178,8174,8185,8162,8153,8169,8134,10.963756799697876
58,8191,8186,8120,8173,8183,8237,8159,8190,8261,8178,8157,8195,8181,8151,10.971756219863892
59,8173,8169,8110,8160,8180,8224,8163,8178,8199,8180,8169,8176,8173,8144,10.980047941207886
60,8175,8178,8118,8163,8175,8222,8154,8174,8202,8175,8174,8181,8172,8150,10.988046884536743
61,8172,8183,8121,8165,8171,8213,8140,8172,8252,8172,8173,8191,8174,8151,10.996216535568236
62,8158,8155,8100,8155,8174,8200,8142,8158,8149,8182,8190,8149,8163,8140,11.003986597061155
63,8166,8170,8103,8157,8146,8200,8123,8160,8200,8154,8177,8187,8172,8132,11.010984420776367
63,8166,8170,8103,8157,8146,8200,8123,8160,8200,8154,8177,8187,8172,8132,11.01249098777771
64,8154,8161,8099,8148,8145,8191,8126,8158,8159,8159,8174,8168,8164,8123,11.0191171169281
65,8192,8183,8122,8168,8164,8208,8142,8171,8178,8182,8183,8179,8168,8151,11.027098417282104
66,8191,8186,8129,8170,8159,8197,8134,8180,8242,8164,8174,8198,8172,8151,11.035101175308228
67,8163,8145,8108,8153,8168,8174,8134,8168,8134,8156,8171,8144,8159,8124,11.043046712875366
68,8193,8183,8129,8161,8169,8192,8134,8173,8205,8153,8171,8188,8172,8132,11.05104684829712
69,8168,8175,8122,8147,8162,8175,8134,8164,8174,8165,8178,8173,8162,8122,11.059619188308716
70,8169,8165,8120,8161,8157,8166,8125,8160,8142,8177,8180,8162,8163,8134,11.066789150238035
71,8188,8180,8137,8171,8157,8165,8120,8172,8227,8176,8184,8198,8182,8150,11.073789358139038
72,8167,8157,8116,8151,8168,8154,8137,8161,8148,8189,8191,8150,8168,8133,11.08204746246338
73,8165,8175,8108,8154,8143,8162,8112,8152,8186,8162,8162,8170,8166,8130,11.089889287948608
74,8142,8162,8098,8149,8136,8137,8100,8155,8161,8155,8161,8163,8158,8117,11.097891807556152
75,8166,8168,8111,8162,8164,8133,8126,8167,8150,8184,8190,8165,8162,8134,11.105884790420532
76,8187,8196,8137,8171,8166,8149,8127,8172,8244,8179,8186,8198,8176,8148,11.114047765731812
77,8161,8169,8122,8157,8163,8135,8117,8159,8134,8168,8178,8147,8159,8124,11.12233853340149
78,8167,8184,8125,8167,8154,8140,8098,8157,8147,8142,8166,8175,8161,8118,11.130009651184082
79,8152,8171,8120,8155,8155,8134,8095,8149,8138,8146,8166,8171,8164,8105,11.137022018432615
80,8155,8160,8118,8151,8161,8130,8096,8145,8096,8167,8174,8147,8162,8111,11.14504885673523
81,8157,8178,8120,8152,8141,8134,8085,8149,8170,8145,8162,8185,8167,8106,11.153088092803957
82,8137,8144,8096,8134,8150,8130,8099,8141,8080,8153,8162,8145,8157,8093,11.16105842590332
83,8158,8161,8111,8145,8152,8144,8095,8149,8128,8161,8161,8171,8169,8119,11.169059038162231
84,8141,8164,8108,8144,8138,8129,8087,8149,8137,8155,8153,8176,8165,8116,11.177072763442991
85,8137,8154,8098,8146,8147,8132,8099,8151,8069,8158,8165,8147,8160,8113,11.185109853744509
86,8163,8176,8121,8162,8155,8156,8093,8171,8188,8160,8176,8189,8176,8132,11.193110942840576
87,8146,8152,8110,8151,8170,8137,8090,8160,8129,8181,8190,8152,8166,8128,11.201114892959597
88,8156,8176,8123,8163,8170,8141,8087,8160,8145,8183,8194,8177,8173,8135,11.209114074707031
89,8159,8178,8131,8164,8162,8137,8095,8167,8194,8187,8194,8189,8176,8136,11.21604824066162
89,8159,8178,8131,8164,8162,8137,8095,8167,8194,8187,8194,8189,8176,8136,11.216405868530272
90,8155,8148,8113,8151,8171,8124,8096,8151,8112,8188,8189,8146,8164,8134,11.224047660827637
91,8158,8174,8121,8159,8165,8129,8070,8145,8159,8150,8174,8186,8171,8131,11.23210334777832
92,8140,8162,8113,8155,8169,8115,8079,8143,8105,8161,8187,8162,8162,8120,11.240094184875488
93,8163,8174,8125,8163,8167,8117,8082,8147,8130,8172,8191,8173,8165,8132,11.247942209243774
94,8158,8183,8133,8160,8162,8112,8068,8148,8149,8155,8183,8186,8170,8119,11.25604796409607
95,8152,8164,8122,8155,8175,8105,8076,8146,8058,8163,8185,8154,8163,8112,11.264047622680664
96,8181,8184,8144,8169,8165,8113,8069,8152,8163,8159,8179,8207,8177,8134,11.27204704284668
97,8164,8166,8138,8163,8170,8106,8074,8144,8124,8166,8187,8178,8172,8128,11.279025316238403
98,8179,8186,8137,8174,8183,8126,8081,8148,8122,8176,8195,8173,8176,8143,11.287020683288574
99,8179,8198,8144,8174,8180,8132,8079,8162,8208,8184,8194,8198,8177,8156,11.295016050338743
100,8169,8165,8130,8162,8184,8128,8098,8167,8149,8204,8193,8160,8163,8152,11.303043365478516
100,8169,8165,8130,8162,8184,8128,8098,8167,8149,8204,8193,8160,8163,8152,11.303304195404053
101,8188,8182,8134,8167,8173,8140,8099,8176,8218,8189,8180,8191,8178,8159,11.311049222946169
102,8156,8165,8124,8151,8182,8130,8097,8167,8182,8187,8189,8166,8176,8144,11.318690299987791
103,8162,8168,8132,8159,8193,8141,8095,8166,8172,8184,8194,8163,8173,8148,11.32669186592102
104,8160,8176,8135,8161,8176,8141,8079,8164,8202,8155,8170,8181,8168,8134,11.335047960281372
105,8133,8146,8113,8145,8175,8132,8081,8144,8063,8156,8159,8131,8151,8108,11.343047142028809
106,8157,8176,8129,8159,8172,8155,8080,8151,8124,8148,8143,8173,8162,8117,11.349915742874146
107,8143,8167,8120,8155,8175,8143,8080,8152,8114,8149,8142,8159,8158,8104,11.357911109924316
108,8149,8162,8119,8164,8186,8145,8076,8141,8072,8150,8151,8147,8158,8105,11.366047143936155
109,8164,8179,8140,8174,8180,8161,8066,8141,8143,8135,8150,8187,8170,8117,11.374047756195068
110,8153,8156,8128,8163,8186,8147,8078,8142,8071,8154,8168,8151,8163,8118,11.381953716278076
111,8163,8180,8134,8166,8169,8144,8066,8154,8134,8147,8171,8178,8173,8129,11.389954090118408
112,8140,8168,8126,8149,8157,8134,8061,8153,8126,8142,8166,8165,8169,8119,11.398029327392578
113,8151,8157,8127,8148,8166,8141,8069,8155,8095,8158,8170,8149,8167,8125,11.40504765510559
114,8168,8186,8144,8154,8163,8147,8059,8160,8188,8152,8167,8188,8179,8132,11.412445068359377
114,8168,8186,8144,8154,8163,8147,8059,8160,8188,8152,8167,8188,8179,8132,11.41347360610962
115,8149,8169,8134,8139,8173,8139,8066,8149,8100,8163,8176,8150,8165,8126,11.421115398406982
116,8163,8178,8145,8154,8172,8161,8063,8153,8137,8155,8172,8182,8168,8135,11.429110527038574
117,8153,8167,8136,8156,8170,8151,8061,8142,8133,8148,8169,8177,8168,8119,11.437010288238524
118,8164,8174,8139,8164,8190,8149,8073,8135,8089,8158,8183,8150,8170,8130,11.445041179656982
119,8184,8208,8165,8177,8191,8162,8072,8155,8206,8154,8186,8201,8183,8153,11.45305323600769
120,8158,8167,8144,8159,8192,8147,8073,8144,8119,8157,8181,8160,8159,8132,11.461052894592283
121,8164,8167,8144,8162,8182,8159,8056,8138,8116,8138,8159,8167,8157,8117,11.469054460525513
122,8154,8167,8139,8158,8172,8161,8058,8147,8132,8129,8151,8172,8163,8105,11.476058721542358
123,8146,8154,8124,8154,8176,8161,8077,8150,8073,8142,8156,8148,8158,8114,11.48405647277832
124,8146,8171,8130,8153,8162,8166,8060,8158,8155,8132,8144,8181,8166,8121,11.492048025131226
125,8125,8140,8111,8134,8162,8150,8057,8150,8081,8147,8146,8139,8159,8098,11.500046491622925
126,8160,8163,8128,8153,8165,8165,8061,8148,8115,8156,8157,8169,8173,8120,11.508069276809692
127,8169,8181,8146,8165,8171,8171,8064,8157,8189,8161,8172,8196,8181,8137,11.515579462051392
239,8160,8164,8138,8161,8185,8166,8072,8160,8126,8178,8184,8153,8171,8131,11.524322271347046
0,8174,8188,8153,8168,8168,8175,8059,8163,8188,8158,8167,8189,8176,8132,11.531320571899414
0,8174,8188,8153,8168,8168,8175,8059,8163,8188,8158,8167,8189,8176,8132,11.532321214675903
1,8152,8167,8137,8155,8172,8162,8064,8152,8124,8161,8167,8164,8165,8119,11.539328575134276
2,8159,8174,8134,8159,8181,8172,8064,8157,8132,8163,8170,8169,8169,8126,11.547330617904665
3,8148,8178,8131,8149,8168,8176,8050,8158,8157,8139,8154,8177,8169,8120,11.555046796798706
4,8134,8154,8109,8137,8166,8167,8051,8139,8045,8136,8145,8137,8157,8110,11.56304693222046
5,8159,8181,8126,8155,8160,8171,8039,8137,8120,8124,8139,8183,8172,8118,11.571046113967896
6,8144,8166,8124,8146,8167,8158,8043,8134,8085,8129,8154,8160,8166,8113,11.578839302062988
7,8159,8173,8128,8156,8173,8177,8052,8140,8090,8138,8167,8165,8168,8126,11.586832284927368
8,8174,8184,8135,8160,8169,8189,8057,8148,8169,8140,8153,8192,8179,8129,11.59504747390747
9,8164,8157,8127,8146,8180,8179,8070,8145,8084,8148,8152,8148,8173,8124,11.602046728134155
10,8169,8181,8141,8156,8165,8184,8053,8156,8156,8129,8156,8188,8181,8129,11.61025094985962
11,8137,8165,8121,8149,8162,8167,8048,8150,8128,8140,8159,8163,8168,8106,11.618354558944702
12,8153,8160,8114,8155,8176,8176,8057,8141,8094,8152,8145,8153,8163,8112,11.626354455947876
13,8157,8168,8132,8155,8169,8184,8048,8144,8158,8132,8142,8193,8173,8121,11.634373426437378
14,8133,8151,8128,8150,8171,8171,8049,8146,8082,8147,8170,8156,8162,8111,11.642395257949827
15,8163,8181,8139,8167,8161,8184,8052,8160,8159,8145,8170,8190,8173,8122,11.650226593017578
16,8141,8153,8117,8147,8155,8177,8060,8151,8127,8133,8161,8168,8169,8104,11.65822720527649
17,8140,8141,8114,8142,8161,8181,8060,8141,8078,8140,8168,8152,8166,8101,11.666239500045776
18,8155,8174,8138,8153,8151,8187,8050,8147,8174,8144,8176,8200,8181,8116,11.6730477809906
19,8137,8157,8118,8142,8154,8173,8058,8141,8089,8155,8186,8163,8168,8110,11.680983543395996
20,8158,8177,8124,8149,8145,8182,8045,8148,8127,8140,8172,8182,8170,8120,11.688998460769652
21,8153,8169,8133,8146,8148,8186,8049,8155,8157,8149,8181,8173,8172,8126,11.696992874145508
22,8158,8158,8127,8147,8163,8192,8067,8153,8131,8166,8193,8154,8167,8134,11.704774379730225
23,8157,8172,8116,8144,8146,8184,8052,8149,8176,8134,8167,8187,8167,8121,11.71273112297058
24,8130,8145,8095,8130,8142,8164,8060,8147,8085,8144,8166,8147,8157,8101,11.7210533618927
25,8159,8167,8109,8149,8134,8188,8064,8161,8152,8152,8168,8176,8169,8117,11.72904348373413
26,8148,8166,8104,8142,8131,8189,8058,8158,8167,8148,8177,8183,8171,8110,11.736042022705078
27,8138,8157,8103,8143,8149,8187,8070,8156,8109,8162,8200,8161,8171,8109,11.745043754577637
28,8154,8179,8116,8161,8141,8200,8066,8162,8192,8144,8184,8193,8171,8109,11.752044677734377
29,8127,8145,8086,8137,8137,8189,8062,8138,8080,8132,8163,8146,8147,8079,11.760043382644652
30,8141,8161,8095,8139,8137,8201,8051,8138,8092,8131,8167,8171,8164,8090,11.768042087554932
30,8141,8161,8095,8139,8137,8201,8051,8138,8092,8131,8167,8171,8164,8090,11.76838755607605
31,8142,8171,8106,8144,8135,8196,8047,8143,8137,8135,8181,8182,8174,8097,11.775398254394531
31,8142,8171,8106,8144,8135,8196,8047,8143,8137,8135,8181,8182,8174,8097,11.776394367218018
32,8141,8157,8091,8138,8143,8191,8058,8135,8066,8144,8188,8143,8156,8098,11.783393144607544
33,8151,8178,8097,8141,8137,8204,8058,8147,8152,8134,8177,8188,8166,8103,11.791565895080566
34,8134,8151,8091,8130,8137,8193,8069,8152,8103,8149,8179,8158,8168,8092,11.798575639724731
35,8165,8163,8112,8142,8133,8207,8071,8162,8136,8159,8182,8167,8175,8116,11.806575775146484
36,8155,8163,8107,8134,8124,8200,8066,8162,8176,8147,8175,8180,8170,8111,11.815085411071776
37,8128,8142,8081,8122,8130,8183,8080,8149,8075,8149,8172,8140,8157,8088,11.82308578491211
38,8154,8173,8099,8138,8122,8194,8078,8158,8164,8147,8170,8188,8170,8104,11.831047296524048
39,8148,8149,8089,8127,8134,8185,8079,8149,8125,8160,8185,8166,8159,8105,11.839048147201538
40,8139,8153,8086,8132,8138,8192,8068,8137,8103,8141,8180,8162,8157,8100,11.847304582595823
41,8124,8169,8093,8142,8120,8193,8057,8144,8146,8124,8156,8180,8162,8082,11.854955434799194
42,8140,8146,8081,8138,8140,8187,8079,8147,8070,8153,8157,8144,8156,8086,11.862949132919312
43,8171,8170,8096,8140,8145,8203,8079,8147,8154,8144,8166,8191,8176,8114,11.869949102401732
44,8136,8158,8097,8132,8141,8188,8071,8139,8122,8139,8183,8167,8173,8105,11.87803053855896
45,8153,8166,8111,8156,8145,8188,8071,8152,8115,8142,8179,8159,8166,8110,11.88604474067688
46,8178,8186,8117,8159,8145,8193,8075,8159,8187,8134,8162,8187,8169,8118,11.894344568252563
47,8149,8154,8088,8127,8143,8187,8076,8135,8086,8148,8179,8144,8167,8110,11.902222633361816
48,8141,8163,8092,8132,8115,8193,8050,8133,8134,8128,8170,8176,8178,8101,11.910222053527832
49,8131,8147,8075,8135,8113,8178,8058,8141,8110,8130,8149,8156,8159,8075,11.918046951293944
50,8142,8143,8063,8136,8130,8184,8070,8141,8081,8145,8155,8146,8157,8081,11.926047325134276
51,8135,8157,8071,8127,8130,8186,8056,8138,8144,8129,8161,8182,8177,8083,11.933048248291016
52,8123,8136,8059,8113,8137,8169,8067,8132,8059,8135,8167,8144,8161,8077,11.940937519073486
53,8148,8161,8075,8132,8133,8183,8063,8145,8127,8130,8170,8175,8164,8101,11.949041604995728
54,8131,8156,8077,8137,8142,8177,8062,8145,8115,8135,8176,8161,8169,8094,11.95705270767212
55,8147,8156,8079,8143,8161,8182,8073,8137,8072,8145,8174,8147,8168,8092,11.965054273605348
55,8147,8156,8079,8143,8161,8182,8073,8137,8072,8145,8174,8147,8168,8092,11.965521574020386
56,8169,8180,8093,8147,8148,8190,8066,8144,8172,8139,8175,8192,8173,8103,11.973047971725464
57,8151,8161,8088,8141,8150,8185,8074,8148,8115,8170,8205,8158,8167,8108,11.981036901474
58,8177,8182,8120,8173,8153,8209,8075,8158,8171,8176,8208,8193,8178,8124,11.989037036895752
59,8169,8164,8122,8167,8149,8189,8077,8154,8166,8165,8198,8186,8168,8111,11.996047019958496
60,8157,8150,8100,8140,8143,8161,8082,8149,8103,8170,8203,8153,8158,8111,12.00429892539978
61,8165,8184,8110,8141,8124,8174,8074,8163,8205,8172,8207,8199,8175,8122,12.011308670043944
62,8149,8158,8102,8140,8144,8182,8090,8162,8142,8183,8213,8158,8165,8105,12.020046949386597
63,8175,8174,8111,8161,8162,8188,8096,8172,8180,8170,8205,8175,8167,8115,12.028046369552612
64,8173,8180,8114,8162,8163,8163,8097,8176,8209,8172,8209,8188,8171,8123,12.036046743392944
65,8157,8161,8109,8154,8165,8161,8105,8167,8139,8182,8220,8157,8163,8119,12.04398798942566
66,8161,8179,8117,8154,8148,8185,8093,8174,8217,8165,8205,8186,8169,8115,12.051988363265991
67,8147,8160,8104,8148,8165,8172,8103,8169,8168,8187,8218,8150,8166,8112,12.060047388076782
68,8176,8173,8127,8169,8179,8179,8109,8178,8219,8199,8235,8174,8176,8138,12.06701111793518
69,8174,8168,8138,8156,8162,8174,8098,8178,8246,8186,8227,8185,8170,8133,12.075047492980955
70,8170,8157,8131,8150,8165,8172,8106,8167,8161,8201,8233,8153,8160,8130,12.08304762840271
71,8189,8195,8142,8172,8171,8189,8105,8172,8250,8190,8229,8195,8174,8139,12.09141492843628
72,8144,8160,8109,8143,8166,8165,8098,8148,8147,8169,8215,8148,8156,8109,12.098426342010498
72,8144,8160,8109,8143,8166,8165,8098,8148,8147,8169,8215,8148,8156,8109,12.09941816329956
73,8146,8154,8111,8138,8151,8161,8083,8140,8116,8156,8205,8158,8159,8113,12.107010841369627
73,8146,8154,8111,8138,8151,8161,8083,8140,8116,8156,8205,8158,8159,8113,12.10758900642395
74,8161,8170,8134,8151,8151,8166,8088,8157,8195,8157,8209,8192,8175,8129,12.115617752075195
75,8164,8162,8128,8154,8175,8170,8106,8161,8138,8182,8225,8155,8167,8131,12.122731924057009
76,8190,8196,8145,8168,8174,8185,8097,8170,8225,8182,8230,8197,8177,8146,12.129738330841064
77,8176,8181,8147,8162,8179,8172,8116,8169,8203,8193,8250,8177,8171,8147,12.137805223464966
78,8195,8182,8156,8171,8179,8172,8127,8171,8194,8187,8246,8174,8168,8157,12.145811080932615
79,8185,8177,8147,8163,8157,8164,8101,8162,8223,8156,8216,8187,8170,8140,12.154047966003418
80,8161,8149,8121,8147,8158,8153,8096,8147,8130,8167,8219,8143,8162,8118,12.162208318710327
81,8197,8188,8146,8167,8161,8160,8094,8161,8222,8172,8230,8190,8177,8138,12.170300006866457
82,8183,8170,8150,8161,8168,8147,8101,8168,8207,8179,8237,8178,8168,8142,12.178304433822632
83,8182,8160,8146,8163,8170,8162,8103,8169,8196,8186,8233,8168,8167,8147,12.186047792434692
84,8186,8178,8145,8167,8161,8161,8094,8162,8266,8176,8228,8194,8178,8145,12.194291353225708
85,8166,8156,8124,8147,8172,8141,8102,8141,8172,8174,8241,8157,8164,8136,12.20059585571289
86,8170,8175,8128,8146,8153,8162,8092,8146,8230,8145,8228,8190,8169,8143,12.208611488342283
87,8145,8163,8114,8138,8139,8152,8096,8153,8207,8146,8229,8167,8171,8125,12.217130422592165
88,8163,8168,8123,8152,8158,8148,8110,8166,8190,8172,8256,8160,8175,8135,12.225088119506836
89,8190,8195,8150,8175,8165,8169,8107,8182,8307,8175,8256,8208,8180,8154,12.233085870742798
90,8186,8167,8140,8168,8174,8174,8116,8172,8236,8194,8253,8164,8165,8152,12.241085767745972
91,8194,8179,8148,8166,8160,8182,8103,8165,8274,8179,8249,8192,8175,8156,12.249084949493408
92,8165,8173,8145,8160,8155,8177,8094,8156,8257,8166,8249,8187,8170,8138,12.257014513015749
92,8165,8173,8145,8160,8155,8177,8094,8156,8257,8166,8249,8187,8170,8138,12.257423639297484
93,8178,8172,8148,8175,8173,8193,8102,8152,8205,8180,8252,8163,8167,8146,12.264051914215088
93,8178,8172,8148,8175,8173,8193,8102,8152,8205,8180,8252,8163,8167,8146,12.264389276504517
94,8195,8188,8154,8175,8159,8195,8086,8160,8277,8169,8247,8200,8181,8155,12.271403074264526
95,8160,8152,8123,8148,8153,8163,8079,8154,8185,8172,8252,8161,8165,8139,12.27940320968628
95,8160,8152,8123,8148,8153,8163,8079,8154,8185,8172,8252,8161,8165,8139,12.280395030975342
96,8174,8168,8136,8159,8157,8177,8080,8158,8236,8170,8252,8191,8171,8161,12.28840184211731
97,8183,8169,8147,8156,8167,8183,8098,8166,8271,8175,8256,8195,8174,8167,12.295860528945925
98,8191,8160,8139,8154,8177,8180,8116,8173,8215,8190,8258,8160,8164,8159,12.303873777389526
99,8188,8185,8151,8170,8162,8183,8106,8180,8303,8185,8244,8195,8174,8154,12.312050580978394
100,8167,8162,8141,8165,8165,8173,8111,8173,8250,8209,8251,8164,8169,8144,12.319899797439575
101,8179,8167,8136,8163,8159,8185,8102,8170,8259,8185,8237,8174,8169,8141,12.32646918296814
101,8179,8167,8136,8163,8159,8185,8102,8170,8259,8185,8237,8174,8169,8141,12.32746124267578
102,8136,8158,8121,8145,8148,8183,8089,8158,8242,8147,8220,8166,8164,8105,12.335461616516112
103,8142,8153,8125,8151,8169,8191,8108,8161,8178,8178,8236,8150,8162,8107,12.343474626541138
104,8199,8188,8156,8171,8175,8205,8106,8174,8295,8185,8243,8209,8180,8149,12.35104274749756
105,8161,8158,8133,8143,8177,8187,8097,8156,8216,8175,8244,8165,8170,8136,12.359046697616575
106,8164,8165,8133,8148,8170,8201,8095,8157,8213,8178,8236,8174,8171,8140,12.366549015045166
106,8164,8165,8133,8148,8170,8201,8095,8157,8213,8178,8236,8174,8171,8140,12.367548942565918
107,8176,8167,8147,8152,8163,8203,8101,8167,8261,8186,8236,8195,8173,8150,12.375138998031616
108,8159,8145,8132,8136,8173,8201,8111,8158,8164,8183,8235,8152,8157,8138,12.383141040802002
109,8169,8174,8136,8141,8163,8217,8096,8161,8224,8154,8217,8189,8162,8133,12.39004683494568
110,8156,8155,8133,8138,8166,8200,8097,8153,8178,8162,8227,8163,8157,8127,12.398046731948853
111,8172,8165,8141,8149,8164,8210,8110,8155,8184,8164,8220,8161,8161,8134,12.406195878982544
112,8151,8168,8127,8134,8142,8220,8110,8164,8218,8142,8184,8170,8160,8109,12.414247274398804
113,8117,8131,8090,8116,8142,8205,8112,8157,8103,8144,8176,8124,8148,8085,12.421491861343384
114,8134,8150,8100,8131,8134,8208,8092,8152,8161,8132,8172,8166,8163,8098,12.42949914932251
114,8134,8150,8100,8131,8134,8208,8092,8152,8161,8132,8172,8166,8163,8098,12.430492639541626
115,8121,8138,8095,8125,8136,8207,8093,8142,8114,8134,8172,8151,8155,8091,12.438046216964722
116,8135,8151,8098,8138,8141,8216,8110,8154,8110,8140,8179,8151,8160,8105,12.446046590805054
117,8134,8164,8099,8140,8127,8200,8104,8161,8180,8136,8181,8176,8170,8103,12.454047679901125
118,8115,8133,8079,8127,8136,8187,8101,8137,8066,8138,8177,8130,8149,8074,12.46133017539978
119,8138,8159,8102,8151,8141,8220,8098,8144,8126,8119,8164,8167,8156,8083,12.468499898910522
120,8128,8150,8105,8147,8146,8210,8110,8156,8135,8136,8180,8161,8159,8092,12.476510047912598
120,8128,8150,8105,8147,8146,8210,8110,8156,8135,8136,8180,8161,8159,8092,12.477502822875977
121,8131,8148,8103,8138,8148,8198,8107,8146,8112,8155,8201,8157,8162,8102,12.485047578811646
122,8136,8172,8115,8151,8148,8210,8099,8151,8178,8142,8191,8186,8170,8102,12.493047714233398
123,8133,8158,8112,8161,8170,8219,8128,8173,8126,8164,8198,8147,8162,8108,12.501047134399414
124,8153,8174,8130,8168,8162,8234,8124,8189,8219,8172,8209,8188,8172,8125,12.508992195129396
125,8135,8158,8115,8152,8156,8222,8125,8173,8209,8179,8212,8170,8167,8107,12.517378807067873
126,8138,8155,8105,8156,8167,8233,8138,8166,8157,8180,8214,8142,8159,8107,12.52438187599182
127,8152,8174,8125,8163,8157,8240,8123,8174,8233,8156,8206,8180,8165,8117,12.532047510147097
239,8143,8148,8114,8151,8160,8212,8132,8162,8144,8165,8205,8141,8157,8103,12.540122747421265
0,8157,8171,8116,8159,8154,8213,8138,8169,8190,8159,8192,8167,8165,8102,12.547696352005005
1,8130,8163,8105,8143,8148,8206,8135,8173,8192,8148,8182,8165,8159,8084,12.555688381195068
2,8135,8146,8105,8146,8161,8205,8136,8169,8128,8160,8190,8146,8156,8087,12.56404709815979
3,8171,8178,8137,8174,8160,8205,8130,8180,8228,8165,8201,8195,8177,8112,12.572046756744385
4,8169,8171,8145,8174,8168,8188,8135,8177,8193,8197,8231,8164,8174,8131,12.580028772354126
5,8195,8194,8163,8187,8169,8201,8129,8180,8245,8198,8232,8184,8177,8155,12.587028980255129
5,8195,8194,8163,8187,8169,8201,8129,8180,8245,8198,8232,8184,8177,8155,12.588029623031616
6,8181,8182,8141,8174,8161,8189,8131,8172,8222,8168,8209,8176,8166,8125,12.595047950744627
7,8160,8154,8110,8154,8161,8180,8143,8161,8106,8153,8200,8136,8150,8099,12.60238528251648
7,8160,8154,8110,8154,8161,8180,8143,8161,8106,8153,8200,8136,8150,8099,12.60339379310608
8,8163,8173,8127,8154,8145,8189,8132,8166,8180,8130,8180,8172,8159,8103,12.61139178276062
9,8141,8147,8115,8141,8150,8171,8133,8151,8104,8130,8177,8135,8151,8086,12.619041442871094
10,8158,8161,8112,8152,8152,8189,8131,8154,8132,8136,8180,8160,8163,8096,12.627010822296144
11,8151,8166,8115,8149,8146,8194,8130,8171,8193,8144,8185,8179,8170,8101,12.635197639465332
12,8148,8152,8126,8148,8162,8176,8142,8180,8141,8170,8200,8148,8162,8104,12.6431884765625
13,8172,8188,8154,8166,8165,8183,8136,8188,8245,8168,8199,8198,8175,8123,12.650551319122314
14,8152,8164,8136,8156,8177,8177,8146,8172,8191,8175,8205,8165,8167,8119,12.658046245574951
15,8175,8169,8144,8168,8183,8186,8148,8163,8177,8169,8203,8163,8168,8125,12.665772199630736
16,8175,8185,8156,8170,8178,8181,8137,8167,8215,8157,8204,8185,8171,8121,12.673773527145386
17,8159,8168,8138,8162,8187,8173,8146,8173,8143,8178,8219,8153,8161,8125,12.682046890258787
18,8181,8178,8140,8165,8174,8177,8132,8174,8213,8167,8201,8183,8166,8140,12.690047025680542
19,8150,8150,8125,8141,8171,8159,8118,8152,8133,8158,8191,8152,8151,8120,12.698079586029053
20,8147,8166,8135,8152,8175,8166,8122,8154,8118,8157,8194,8162,8155,8121,12.70622944831848
21,8153,8179,8141,8160,8166,8167,8131,8167,8190,8152,8189,8186,8168,8124,12.713742017745972
22,8131,8144,8118,8141,8169,8159,8141,8162,8100,8162,8193,8137,8159,8117,12.721047163009644
23,8139,8170,8131,8155,8160,8174,8135,8173,8175,8152,8194,8179,8168,8129,12.729047298431396
24,8138,8162,8125,8161,8170,8163,8148,8179,8165,8163,8202,8166,8159,8126,12.737010478973389
25,8161,8163,8126,8164,8187,8171,8151,8176,8144,8168,8200,8159,8154,8135,12.745047330856323
26,8152,8180,8141,8162,8178,8178,8142,8177,8213,8154,8196,8193,8170,8137,12.753019332885742
27,8138,8159,8131,8162,8185,8166,8158,8178,8146,8179,8211,8157,8167,8133,12.761011600494385
28,8167,8180,8142,8171,8179,8184,8149,8188,8210,8176,8202,8189,8168,8145,12.769047260284424
29,8145,8165,8137,8144,8174,8181,8144,8179,8179,8167,8199,8171,8162,8131,12.777010679244995
30,8164,8167,8143,8151,8180,8179,8149,8171,8148,8178,8210,8164,8169,8147,12.785375833511353
31,8186,8190,8167,8172,8179,8178,8139,8177,8239,8174,8209,8204,8176,8168,12.79232096672058
32,8156,8161,8158,8162,8186,8166,8142,8176,8160,8180,8220,8158,8158,8162,12.80004906654358
33,8172,8182,8164,8171,8170,8173,8130,8180,8204,8164,8216,8184,8168,8170,12.808046340942385
34,8166,8182,8158,8169,8166,8157,8130,8175,8196,8165,8210,8180,8169,8161,12.81608533859253
35,8169,8171,8159,8175,8186,8166,8151,8177,8159,8182,8211,8156,8162,8168,12.824100732803345
36,8172,8178,8171,8182,8175,8173,8148,8189,8246,8168,8200,8191,8170,8180,12.832099676132202
37,8142,8148,8144,8164,8169,8144,8143,8176,8154,8175,8197,8153,8161,8165,12.84009575843811
38,8162,8177,8151,8170,8171,8154,8140,8179,8197,8174,8192,8181,8174,8179,12.848093509674072
39,8159,8176,8163,8164,8177,8163,8155,8187,8221,8174,8202,8182,8173,8192,12.855093240737917
40,8166,8162,8161,8166,8184,8171,8169,8184,8165,8191,8217,8154,8164,8204,12.863093137741089
41,8182,8187,8166,8175,8172,8169,8149,8184,8248,8180,8206,8195,8180,8208,12.87109375
42,8152,8159,8140,8155,8175,8139,8143,8171,8152,8172,8202,8152,8165,8190,12.879093885421751
43,8168,8172,8153,8163,8167,8150,8135,8175,8163,8156,8197,8169,8159,8211,12.887094020843506
44,8167,8176,8165,8160,8164,8156,8132,8168,8194,8155,8201,8184,8163,8219,12.895095348358154
45,8158,8158,8154,8144,8177,8153,8137,8146,8109,8162,8207,8152,8159,8214,12.903099298477173
46,8162,8171,8156,8147,8162,8156,8123,8156,8172,8142,8179,8183,8165,8216,12.9111008644104
47,8141,8146,8138,8143,8168,8148,8132,8172,8122,8159,8176,8146,8158,8208,12.919034719467165
48,8168,8169,8156,8162,8176,8166,8146,8182,8165,8169,8193,8166,8170,8232,12.926034212112429
49,8163,8176,8158,8154,8158,8159,8143,8175,8199,8150,8188,8178,8167,8229,12.9340341091156
50,8140,8142,8137,8126,8155,8153,8143,8160,8092,8142,8174,8136,8154,8213,12.942046880722046
51,8145,8159,8156,8137,8154,8171,8129,8171,8177,8124,8164,8183,8170,8217,12.95006775856018
52,8143,8151,8156,8147,8169,8152,8139,8170,8146,8141,8173,8156,8164,8207,12.958063840866089
53,8186,8169,8172,8158,8178,8149,8145,8164,8146,8147,8181,8167,8170,8222,12.966042757034302
54,8173,8182,8196,8157,8177,8153,8130,8163,8206,8125,8197,8206,8178,8231,12.974048137664797
55,8152,8168,8200,8177,8191,8156,8131,8161,8155,8148,8227,8174,8168,8239,12.981187582015991
56,8201,8206,8232,8209,8193,8170,8130,8172,8260,8169,8236,8213,8180,8261,12.98918628692627
57,8198,8186,8236,8189,8208,8156,8147,8174,8245,8192,8252,8194,8177,8271,12.997004747390749
58,8184,8178,8233,8186,8207,8165,8151,8179,8242,8193,8255,8187,8171,8301,13.00504732131958
59,8181,8191,8225,8189,8174,8159,8139,8181,8284,8171,8241,8205,8169,8312,13.01304817199707
59,8181,8191,8225,8189,8174,8159,8139,8181,8284,8171,8241,8205,8169,8312,13.013433694839478
60,8192,8175,8219,8178,8178,8131,8154,8169,8180,8183,8259,8172,8167,8318,13.021047353744509
61,8215,8206,8253,8193,8186,8139,8148,8176,8264,8175,8272,8225,8187,8342,13.02864694595337
62,8189,8188,8238,8188,8187,8129,8135,8168,8232,8169,8269,8203,8173,8327,13.036646604537964
63,8202,8178,8225,8185,8192,8125,8132,8158,8174,8168,8264,8179,8163,8324,13.045679330825806
64,8209,8195,8243,8180,8184,8124,8124,8167,8252,8158,8260,8210,8179,8327,13.052692890167236
65,8185,8172,8227,8171,8188,8124,8139,8171,8195,8181,8272,8171,8173,8323,13.06004762649536
66,8195,8187,8229,8186,8173,8147,8142,8182,8268,8188,8280,8204,8183,8346,13.068043947219849
67,8171,8170,8227,8173,8163,8131,8138,8170,8249,8184,8287,8191,8182,8347,13.076035976409912
68,8176,8165,8229,8175,8172,8128,8126,8160,8184,8178,8280,8171,8174,8350,13.084047079086304
69,8201,8188,8232,8185,8174,8136,8113,8170,8255,8165,8255,8204,8175,8354,13.09204602241516
70,8185,8164,8206,8167,8190,8125,8133,8167,8180,8177,8245,8159,8160,8333,13.1000554561615
71,8190,8184,8207,8167,8182,8141,8132,8172,8222,8162,8223,8181,8164,8332,13.108049154281616
72,8167,8172,8190,8151,8165,8130,8129,8169,8210,8154,8215,8175,8159,8317,13.114583492279053
73,8169,8157,8177,8149,8170,8118,8133,8163,8137,8160,8219,8150,8156,8309,13.12241792678833
73,8169,8157,8177,8149,8170,8118,8133,8163,8137,8160,8219,8150,8156,8309,13.12341809272766
74,8182,8183,8197,8164,8162,8132,8125,8171,8215,8140,8204,8191,8171,8313,13.131046772003174
75,8163,8162,8190,8158,8166,8130,8145,8169,8163,8163,8220,8162,8169,8319,13.138572931289673
76,8188,8175,8196,8171,8153,8143,8151,8178,8228,8182,8236,8194,8178,8347,13.14656376838684
77,8166,8161,8171,8148,8128,8142,8136,8165,8222,8163,8210,8184,8165,8323,13.155051708221436
78,8138,8140,8138,8125,8124,8144,8127,8150,8099,8142,8177,8134,8148,8287,13.162578344345093
78,8138,8140,8138,8125,8124,8144,8127,8150,8099,8142,8177,8134,8148,8287,13.163607835769652
79,8159,8173,8151,8146,8127,8151,8126,8170,8185,8129,8170,8179,8163,8292,13.171047687530518
80,8156,8156,8149,8146,8152,8139,8151,8178,8153,8161,8200,8154,8160,8294,13.178072452545166
81,8175,8175,8165,8150,8150,8156,8158,8182,8185,8170,8211,8171,8170,8301,13.186070203781128
82,8178,8181,8172,8149,8133,8146,8151,8177,8210,8159,8208,8185,8174,8287,13.194048166275024
83,8173,8159,8154,8153,8145,8129,8155,8165,8122,8166,8216,8152,8162,8276,13.202048063278198
84,8168,8178,8153,8156,8135,8142,8141,8179,8201,8157,8208,8181,8168,8273,13.210046768188477
85,8141,8157,8135,8142,8134,8139,8157,8184,8160,8177,8207,8145,8163,8257,13.2179856300354
86,8167,8166,8146,8153,8145,8149,8172,8187,8183,8181,8203,8163,8174,8274,13.225972414016724
87,8148,8170,8141,8144,8138,8146,8159,8185,8215,8157,8192,8178,8172,8259,13.234047412872314
88,8129,8150,8113,8139,8139,8146,8166,8183,8125,8178,8185,8129,8158,8233,13.242046594619753
89,8164,8174,8128,8158,8140,8166,8174,8201,8237,8195,8179,8173,8180,8244,13.24904727935791
90,8145,8153,8123,8142,8148,8146,8184,8202,8213,8204,8193,8155,8174,8232,13.257010459899902
91,8155,8156,8126,8146,8147,8135,8181,8196,8181,8195,8190,8155,8167,8233,13.26447606086731
92,8166,8168,8142,8156,8145,8133,8171,8187,8212,8178,8178,8178,8172,8228,13.272475242614746
93,8162,8154,8136,8152,8154,8131,8181,8182,8126,8186,8191,8140,8164,8214,13.280475616455078
93,8162,8154,8136,8152,8154,8131,8181,8182,8126,8186,8191,8140,8164,8214,13.28147792816162
94,8175,8181,8144,8152,8139,8140,8175,8198,8204,8174,8182,8179,8175,8222,13.288477420806885
95,8144,8157,8127,8132,8144,8125,8171,8196,8177,8185,8178,8151,8174,8217,13.29716968536377
96,8159,8152,8126,8136,8156,8141,8168,8187,8167,8199,8181,8139,8172,8226,13.30519723892212
97,8166,8166,8130,8137,8138,8148,8157,8188,8229,8177,8169,8174,8173,8221,13.312197923660278
98,8141,8144,8114,8124,8136,8130,8166,8180,8124,8176,8169,8134,8161,8200,13.320046663284302
99,8164,8175,8129,8151,8136,8142,8157,8182,8185,8171,8158,8169,8172,8203,13.328046321868896
100,8151,8163,8122,8147,8146,8135,8153,8176,8166,8174,8154,8157,8164,8193,13.336047172546388
101,8160,8161,8127,8145,8161,8141,8174,8182,8130,8183,8171,8151,8160,8204,13.34408688545227
102,8182,8188,8156,8163,8162,8160,8185,8198,8235,8184,8188,8194,8177,8216,13.352046966552734
103,8164,8158,8139,8162,8175,8158,8188,8189,8165,8202,8197,8146,8166,8204,13.36007046699524
104,8172,8171,8137,8164,8167,8166,8171,8183,8191,8185,8174,8161,8167,8202,13.368070125579834
105,8154,8165,8136,8149,8165,8154,8170,8175,8166,8173,8169,8158,8162,8190,13.37604808807373
106,8152,8160,8137,8156,8174,8159,8172,8178,8130,8187,8183,8147,8162,8197,13.383046865463257
107,8162,8177,8140,8162,8157,8157,8155,8185,8208,8180,8164,8176,8173,8198,13.391046524047852
108,8152,8150,8122,8144,8168,8135,8164,8168,8107,8182,8161,8133,8164,8179,13.399478435516356
109,8178,8181,8151,8172,8183,8157,8164,8181,8169,8173,8175,8175,8175,8199,13.407477378845217
110,8172,8187,8163,8187,8177,8149,8160,8185,8197,8173,8176,8175,8173,8198,13.415047883987429
111,8170,8169,8151,8179,8176,8131,8163,8164,8111,8183,8168,8138,8168,8186,13.422878742218018
112,8173,8188,8159,8174,8165,8146,8144,8166,8176,8160,8157,8182,8178,8174,13.43141746520996
113,8141,8163,8134,8160,8168,8139,8139,8167,8100,8157,8157,8144,8161,8148,13.439046859741213
114,8162,8177,8136,8174,8168,8145,8139,8168,8125,8156,8143,8151,8165,8154,13.446047067642212
115,8157,8178,8138,8168,8168,8141,8146,8161,8144,8155,8143,8160,8171,8147,13.454155445098875
116,8145,8161,8128,8157,8174,8141,8153,8154,8068,8162,8156,8135,8165,8140,13.462155103683472
117,8159,8182,8139,8168,8163,8148,8133,8166,8158,8145,8143,8177,8174,8148,13.470046997070312
118,8150,8163,8138,8167,8175,8143,8150,8173,8107,8162,8150,8146,8167,8143,13.478046417236328
119,8182,8184,8157,8180,8181,8165,8167,8180,8122,8168,8159,8161,8168,8167,13.48603653907776
120,8175,8186,8155,8177,8174,8157,8157,8175,8164,8156,8158,8179,8171,8167,13.494045495986938
121,8157,8154,8140,8168,8183,8148,8162,8167,8087,8171,8160,8139,8168,8151,13.502046585083008
122,8174,8179,8158,8176,8178,8178,8161,8172,8159,8158,8147,8175,8175,8159,13.510293006896973
123,8154,8167,8146,8167,8187,8177,8166,8169,8122,8160,8152,8150,8164,8149,13.51738142967224
124,8169,8171,8148,8177,8190,8180,8163,8176,8139,8166,8152,8160,8173,8147,13.525394201278688
125,8160,8170,8152,8176,8171,8185,8156,8178,8177,8156,8141,8179,8178,8135,13.533047437667848
126,8137,8147,8135,8169,8181,8189,8169,8166,8079,8169,8145,8131,8162,8125,13.541046619415283
126,8137,8147,8135,8169,8181,8189,8169,8166,8079,8169,8145,8131,8162,8125,13.541599988937378
127,8153,8181,8146,8179,8187,8202,8156,8170,8156,8162,8141,8168,8173,8124,13.549046516418455
239,8140,8170,8134,8170,8192,8192,8156,8167,8116,8163,8140,8153,8170,8101,13.557010412216188
239,8140,8170,8134,8170,8192,8192,8156,8167,8116,8163,8140,8153,8170,8101,13.557650327682495
0,8158,8175,8143,8182,8198,8213,8170,8173,8111,8170,8146,8155,8168,8120,13.565047025680542
0,8158,8175,8143,8182,8198,8213,8170,8173,8111,8170,8146,8155,8168,8120,13.565671443939207
1,8157,8180,8153,8180,8189,8219,8164,8180,8185,8162,8139,8167,8167,8128,13.572217226028442
2,8139,8147,8128,8161,8191,8194,8156,8161,8074,8165,8133,8121,8151,8111,13.580233335494995
3,8165,8177,8146,8182,8187,8201,8135,8156,8129,8149,8132,8175,8166,8118,13.58824896812439
4,8158,8175,8159,8188,8197,8199,8135,8155,8131,8165,8146,8160,8167,8112,13.596257448196411
5,8164,8174,8164,8191,8204,8206,8140,8161,8118,8178,8151,8144,8164,8116,13.604272842407228
6,8161,8179,8156,8185,8186,8209,8136,8170,8174,8151,8133,8176,8171,8111,13.612046718597412
7,8135,8143,8125,8161,8182,8196,8145,8153,8065,8155,8132,8128,8158,8088,13.62005090713501
8,8143,8163,8139,8168,8167,8212,8129,8154,8123,8153,8130,8161,8169,8094,13.628082752227783
9,8134,8158,8141,8167,8168,8212,8129,8154,8124,8158,8140,8163,8167,8100,13.636094093322754
10,8153,8157,8139,8177,8188,8225,8141,8150,8089,8172,8156,8150,8161,8109,13.643091917037964
11,8168,8181,8153,8182,8185,8233,8133,8158,8174,8164,8154,8182,8171,8107,13.65114712715149
12,8149,8156,8143,8162,8195,8216,8144,8155,8097,8171,8157,8141,8156,8092,13.659131288528442
13,8171,8173,8152,8170,8191,8223,8136,8155,8130,8162,8136,8166,8158,8094,13.666857719421388
14,8151,8160,8141,8159,8177,8208,8123,8144,8102,8154,8124,8157,8161,8074,13.675084590911863
15,8148,8151,8132,8156,8186,8220,8142,8147,8048,8164,8139,8137,8163,8082,13.683080673217772
16,8161,8172,8144,8168,8181,8244,8151,8167,8157,8156,8139,8179,8173,8102,13.690314531326294
16,8161,8172,8144,8168,8181,8244,8151,8167,8157,8156,8139,8179,8173,8102,13.691307783126833
17,8134,8146,8131,8156,8186,8233,8153,8156,8081,8169,8148,8137,8163,8089,13.69930934906006
18,8168,8181,8154,8173,8190,8249,8149,8156,8116,8172,8153,8166,8172,8104,13.706047296524048
19,8172,8188,8166,8177,8194,8242,8151,8160,8154,8166,8153,8180,8171,8106,13.713714838027954
20,8155,8152,8145,8165,8200,8223,8156,8150,8076,8168,8144,8144,8161,8101,13.72199296951294
21,8157,8165,8142,8164,8186,8236,8143,8147,8133,8150,8129,8179,8169,8107,13.729993104934692
22,8141,8157,8133,8161,8195,8232,8156,8151,8085,8164,8145,8152,8160,8101,13.738046646118164
23,8161,8172,8147,8172,8195,8239,8154,8157,8130,8159,8146,8170,8169,8111,13.746070623397827
24,8148,8160,8143,8157,8177,8234,8141,8145,8144,8144,8134,8177,8169,8097,13.754066944122314
25,8148,8145,8136,8160,8185,8231,8154,8140,8059,8162,8150,8146,8160,8092,13.762243509292604
26,8182,8180,8160,8188,8191,8241,8160,8163,8177,8166,8162,8192,8174,8112,13.769263505935667
27,8166,8155,8146,8170,8204,8232,8167,8159,8152,8182,8168,8158,8168,8106,13.777268886566162
28,8169,8158,8146,8167,8203,8239,8158,8156,8155,8187,8161,8161,8172,8116,13.785051345825195
29,8155,8168,8147,8167,8193,8228,8154,8167,8195,8181,8164,8181,8175,8117,13.793050527572632
30,8153,8152,8130,8159,8203,8217,8173,8161,8119,8199,8176,8149,8164,8118,13.801053047180176
31,8182,8178,8151,8168,8188,8229,8165,8153,8193,8188,8159,8193,8171,8134,13.808937072753906
32,8162,8159,8144,8161,8183,8206,8165,8140,8125,8177,8158,8165,8160,8122,13.8166241645813
33,8170,8161,8137,8169,8188,8201,8169,8143,8098,8160,8162,8161,8163,8120,13.824615478515623
34,8172,8169,8139,8171,8177,8197,8170,8155,8159,8149,8150,8183,8168,8111,13.832050085067747
35,8162,8147,8135,8170,8185,8187,8187,8151,8088,8172,8151,8143,8152,8111,13.84005069732666
36,8185,8180,8160,8184,8189,8201,8186,8160,8171,8162,8150,8187,8166,8134,13.84804892539978
37,8174,8172,8151,8172,8198,8192,8189,8159,8142,8166,8159,8170,8171,8122,13.856049299240112
38,8184,8169,8144,8177,8195,8195,8182,8156,8128,8177,8166,8159,8173,8123,13.864050149917604
39,8177,8176,8149,8175,8176,8189,8170,8154,8202,8165,8154,8185,8173,8125,13.872036933898926
40,8151,8145,8122,8154,8182,8178,8185,8145,8094,8168,8146,8134,8152,8113,13.880050420761108
41,8161,8164,8124,8161,8167,8201,8176,8152,8131,8140,8125,8165,8157,8110,13.888048648834229
42,8149,8156,8127,8157,8157,8194,8174,8146,8109,8130,8114,8160,8155,8096,13.89479374885559
43,8166,8163,8139,8165,8169,8197,8192,8141,8078,8148,8122,8153,8158,8111,13.902817249298096
44,8184,8186,8152,8180,8169,8203,8193,8157,8172,8154,8132,8188,8176,8123,13.91104221343994
45,8178,8158,8142,8172,8175,8179,8200,8164,8111,8170,8150,8147,8169,8119,13.91894555091858
46,8204,8182,8161,8183,8158,8183,8191,8173,8171,8157,8138,8180,8170,8135,13.92694616317749
47,8182,8170,8143,8173,8147,8179,8191,8160,8155,8151,8123,8165,8157,8119,13.934946060180664
48,8169,8152,8121,8167,8151,8178,8197,8153,8087,8151,8122,8142,8153,8106,13.94294548034668
49,8178,8169,8139,8179,8136,8173,8188,8166,8166,8136,8119,8194,8169,8107,13.949947357177734
50,8172,8149,8138,8177,8146,8162,8204,8162,8101,8161,8139,8161,8166,8105,13.958945751190186
51,8202,8183,8155,8200,8159,8192,8205,8171,8171,8172,8153,8180,8178,8128,13.96594738960266
52,8186,8185,8146,8188,8158,8189,8191,8169,8177,8162,8158,8177,8173,8120,13.97394561767578
53,8186,8169,8139,8179,8166,8180,8198,8164,8100,8169,8165,8157,8163,8116,13.981947422027588
54,8222,8199,8169,8200,8168,8194,8208,8179,8210,8171,8159,8197,8176,8132,13.989946603775024
55,8193,8171,8154,8188,8175,8185,8219,8168,8147,8178,8161,8149,8171,8122,13.997987031936646
56,8189,8170,8149,8186,8165,8191,8198,8163,8153,8170,8157,8169,8175,8119,14.006047248840332
57,8194,8172,8153,8187,8164,8181,8192,8171,8186,8180,8163,8182,8170,8111,14.014047145843506
58,8197,8169,8158,8189,8191,8183,8217,8175,8141,8202,8183,8147,8165,8119,14.021753549575806
59,8192,8186,8169,8191,8181,8193,8207,8175,8214,8178,8173,8185,8180,8123,14.029754161834717
60,8169,8153,8142,8182,8171,8172,8203,8160,8125,8175,8162,8149,8163,8092,14.037010669708252
61,8204,8174,8148,8191,8180,8179,8211,8160,8140,8180,8159,8157,8160,8097,14.0448899269104
62,8182,8178,8155,8172,8176,8176,8208,8165,8183,8172,8168,8174,8171,8097,14.05304765701294
63,8161,8158,8148,8173,8170,8173,8212,8172,8119,8191,8180,8143,8169,8088,14.060790538787842
64,8209,8193,8166,8200,8158,8191,8206,8183,8218,8189,8168,8183,8175,8106,14.068806409835815
65,8194,8167,8149,8174,8171,8172,8208,8170,8149,8189,8173,8154,8162,8104,14.077357769012451
66,8183,8168,8158,8171,8172,8171,8197,8169,8140,8186,8185,8168,8168,8107,14.085503339767456
67,8193,8189,8178,8188,8158,8174,8188,8177,8218,8183,8181,8192,8178,8103,14.09287714958191
68,8203,8167,8163,8186,8176,8168,8204,8164,8139,8199,8178,8148,8164,8104,14.099883317947388
69,8206,8177,8169,8184,8174,8177,8195,8165,8199,8180,8169,8187,8170,8109,14.107918739318848
70,8175,8160,8160,8159,8168,8164,8191,8161,8155,8175,8170,8160,8163,8085,14.116047859191896
71,8192,8164,8155,8162,8166,8167,8191,8159,8131,8173,8163,8155,8163,8089,14.124018669128418
72,8189,8171,8157,8172,8160,8167,8181,8164,8183,8160,8153,8183,8166,8086,14.132018566131592
73,8167,8149,8151,8161,8178,8163,8187,8157,8105,8176,8169,8144,8155,8069,14.13978672027588
74,8187,8175,8166,8160,8170,8184,8178,8160,8171,8161,8168,8183,8172,8075,14.148046970367432
75,8174,8160,8155,8147,8160,8177,8187,8160,8132,8161,8162,8164,8167,8073,14.156126022338867
76,8190,8165,8165,8164,8170,8185,8202,8169,8118,8178,8173,8154,8166,8094,14.16312551498413
77,8202,8185,8185,8181,8171,8186,8194,8172,8215,8173,8179,8191,8177,8099,14.17104721069336
78,8186,8155,8167,8164,8171,8176,8196,8154,8123,8176,8186,8152,8160,8081,14.179047107696531
79,8200,8179,8175,8165,8154,8199,8189,8161,8180,8160,8174,8185,8168,8088,14.186510801315308
80,8178,8168,8165,8158,8162,8191,8189,8163,8186,8172,8171,8175,8166,8075,14.194523811340332
81,8186,8155,8165,8167,8182,8192,8189,8158,8158,8195,8177,8159,8160,8079,14.203047037124634
82,8201,8172,8182,8176,8167,8203,8170,8162,8235,8177,8164,8194,8172,8085,14.210885763168337
83,8181,8151,8166,8160,8172,8192,8178,8155,8146,8179,8164,8158,8168,8067,14.219097375869753
84,8206,8183,8182,8178,8178,8209,8183,8165,8207,8179,8172,8196,8175,8082,14.227009773254396
85,8211,8183,8190,8182,8185,8210,8190,8170,8233,8193,8187,8194,8174,8094,14.234046936035156
86,8216,8163,8189,8178,8195,8209,8199,8167,8184,8212,8197,8171,8174,8101,14.242046356201172
87,8215,8178,8197,8185,8181,8215,8185,8172,8257,8192,8186,8209,8176,8092,14.24950647354126
88,8193,8159,8182,8183,8186,8211,8191,8162,8169,8195,8189,8162,8157,8073,14.258513927459717
89,8225,8180,8200,8196,8188,8228,8196,8164,8207,8196,8189,8187,8170,8094,14.26604676246643
90,8203,8167,8190,8173,8172,8210,8187,8161,8216,8182,8178,8194,8171,8075,14.274527788162231
91,8181,8146,8167,8158,8168,8203,8180,8157,8121,8179,8173,8153,8158,8053,14.282047271728516
92,8203,8181,8197,8180,8169,8225,8178,8174,8216,8181,8178,8192,8180,8077,14.290046691894531
93,8196,8162,8199,8185,8184,8209,8192,8168,8174,8197,8187,8164,8174,8084,14.297081470489502
94,8211,8171,8191,8192,8175,8208,8176,8159,8179,8173,8159,8174,8162,8083,14.305086612701416
95,8189,8168,8180,8178,8161,8208,8159,8157,8183,8150,8139,8180,8161,8063,14.313088178634644
96,8170,8153,8173,8168,8167,8202,8173,8154,8102,8163,8156,8148,8158,8052,14.320691108703612
97,8190,8181,8182,8175,8156,8197,8161,8159,8180,8149,8150,8190,8168,8061,14.329046487808228
98,8177,8156,8168,8164,8163,8179,8159,8151,8120,8159,8152,8161,8162,8057,14.33687138557434
99,8201,8168,8191,8176,8171,8198,8163,8155,8142,8166,8164,8175,8174,8070,14.34504771232605
100,8200,8181,8197,8175,8169,8205,8160,8161,8195,8156,8163,8191,8172,8065,14.353047609329224
101,8181,8160,8170,8173,8182,8201,8169,8157,8113,8171,8161,8146,8155,8061,14.360047578811646
102,8190,8181,8186,8184,8162,8204,8148,8159,8197,8155,8150,8185,8168,8076,14.368046760559082
103,8167,8159,8179,8161,8145,8179,8140,8147,8139,8150,8155,8161,8165,8064,14.376047372817991
104,8180,8164,8179,8166,8156,8193,8149,8148,8124,8162,8165,8170,8170,8075,14.384035110473633
105,8186,8178,8191,8177,8171,8213,8150,8159,8206,8162,8169,8197,8176,8083,14.392035007476808
106,8195,8167,8196,8183,8192,8219,8171,8158,8156,8180,8177,8156,8164,8091,14.400213479995728
107,8236,8200,8223,8202,8187,8236,8181,8169,8249,8181,8167,8200,8176,8117,14.4082190990448
108,8193,8169,8199,8173,8192,8218,8182,8169,8212,8180,8175,8179,8167,8095,14.415985345840454
109,8181,8163,8183,8167,8193,8216,8176,8175,8174,8170,8173,8157,8160,8079,14.42296576499939
110,8194,8188,8199,8184,8182,8221,8182,8179,8235,8152,8150,8181,8168,8076,14.431047201156616
111,8183,8170,8201,8188,8211,8219,8207,8174,8172,8180,8174,8150,8164,8081,14.439046859741213
112,8209,8200,8222,8206,8217,8229,8196,8189,8262,8193,8190,8193,8179,8108,14.447010278701782
113,8200,8183,8209,8187,8193,8206,8180,8175,8226,8184,8182,8171,8170,8093,14.45500373840332
114,8191,8162,8192,8175,8185,8207,8178,8156,8152,8164,8171,8152,8161,8083,14.463047742843628
115,8184,8178,8203,8185,8181,8213,8168,8168,8215,8147,8163,8190,8172,8086,14.47106909751892
116,8177,8160,8199,8181,8187,8192,8169,8166,8141,8170,8176,8152,8167,8085,14.4790678024292
117,8210,8179,8211,8189,8181,8207,8165,8169,8215,8173,8181,8185,8178,8106,14.487010955810549
118,8197,8176,8209,8187,8188,8207,8175,8170,8219,8179,8178,8183,8170,8107,14.49404764175415
119,8193,8168,8207,8189,8197,8197,8173,8160,8153,8181,8164,8155,8159,8101,14.50219702720642
120,8191,8173,8210,8184,8176,8199,8154,8161,8215,8154,8137,8182,8165,8086,14.510198831558228
121,8168,8144,8197,8168,8185,8196,8175,8160,8128,8161,8131,8149,8154,8070,14.518212795257568
122,8194,8179,8219,8185,8189,8212,8179,8165,8180,8159,8126,8183,8165,8091,14.52592706680298
123,8194,8185,8223,8194,8192,8207,8185,8173,8220,8168,8133,8179,8171,8097,14.533604145050049
123,8194,8185,8223,8194,8192,8207,8185,8173,8220,8168,8133,8179,8171,8097,14.534598350524902
124,8200,8176,8227,8205,8201,8211,8208,8184,8184,8192,8150,8158,8169,8106,14.54160451889038
124,8200,8176,8227,8205,8201,8211,8208,8184,8184,8192,8150,8158,8169,8106,14.542598247528076
125,8212,8198,8243,8203,8176,8212,8190,8179,8259,8169,8130,8202,8173,8104,14.550046920776367
126,8183,8163,8212,8173,8173,8184,8182,8153,8154,8164,8120,8156,8154,8082,14.557010889053345
127,8185,8170,8214,8182,8181,8194,8180,8163,8170,8165,8129,8171,8162,8091,14.56504774093628
239,8169,8163,8212,8173,8173,8189,8172,8162,8186,8158,8120,8174,8164,8075,14.573242664337158
239,8169,8163,8212,8173,8173,8189,8172,8162,8186,8158,8120,8174,8164,8075,14.57364559173584
0,8174,8149,8204,8168,8180,8184,8176,8154,8112,8168,8114,8143,8157,8072,14.580665588378906
1,8204,8191,8237,8196,8188,8197,8173,8172,8220,8166,8115,8191,8175,8099,14.58866047859192
1,8204,8191,8237,8196,8188,8197,8173,8172,8220,8166,8115,8191,8175,8099,14.58965516090393
2,8181,8177,8223,8184,8200,8177,8177,8163,8168,8176,8128,8154,8168,8090,14.597010374069214
3,8192,8185,8211,8186,8198,8184,8172,8164,8184,8180,8125,8161,8168,8091,14.605051517486572
4,8193,8189,8219,8193,8194,8185,8181,8187,8241,8186,8125,8178,8169,8095,14.613051891326904
5,8183,8170,8214,8194,8195,8183,8203,8193,8172,8198,8129,8141,8161,8092,14.62104868888855
6,8194,8184,8217,8197,8170,8192,8189,8186,8229,8167,8108,8179,8169,8093,14.62805962562561
7,8171,8160,8200,8176,8168,8174,8187,8174,8157,8169,8115,8154,8158,8079,14.63611626625061
8,8189,8179,8210,8183,8167,8178,8191,8178,8158,8174,8118,8159,8162,8084,14.644198894500732
9,8175,8181,8208,8179,8149,8171,8180,8173,8195,8149,8101,8173,8167,8067,14.652199029922484
10,8154,8146,8188,8163,8161,8158,8180,8157,8093,8158,8110,8132,8157,8053,14.660046815872192
11,8179,8176,8207,8173,8159,8171,8168,8165,8177,8157,8111,8179,8168,8071,14.667638301849363
12,8159,8166,8207,8164,8154,8168,8174,8164,8153,8164,8116,8163,8162,8057,14.6756329536438
13,8179,8171,8217,8176,8159,8175,8184,8162,8148,8173,8122,8163,8166,8065,14.683632850646973
14,8191,8187,8224,8185,8153,8165,8166,8161,8207,8160,8117,8186,8172,8072,14.69064164161682
15,8169,8160,8202,8167,8153,8152,8155,8147,8099,8162,8113,8138,8152,8058,14.698635816574097
16,8190,8184,8222,8173,8152,8178,8156,8160,8176,8162,8113,8183,8167,8074,14.707010746002195
17,8190,8180,8232,8179,8170,8178,8183,8178,8208,8189,8134,8170,8174,8087,14.71491837501526
18,8208,8184,8241,8196,8176,8182,8191,8179,8209,8198,8139,8158,8171,8102,14.722944498062134
19,8211,8202,8248,8197,8163,8191,8171,8169,8252,8177,8128,8191,8173,8093,14.730944395065308
20,8196,8178,8234,8188,8180,8185,8181,8160,8151,8195,8139,8149,8162,8079,14.73895502090454
21,8217,8198,8243,8196,8172,8190,8186,8178,8231,8192,8138,8183,8171,8097,14.747005939483644
22,8187,8176,8223,8173,8159,8174,8186,8170,8207,8173,8130,8170,8167,8082,14.754042863845823
23,8176,8164,8208,8170,8164,8181,8179,8150,8128,8165,8121,8144,8164,8074,14.762027978897097
23,8176,8164,8208,8170,8164,8181,8179,8150,8128,8165,8121,8144,8164,8074,14.762327909469604
24,8197,8195,8226,8183,8159,8187,8166,8157,8201,8159,8122,8182,8177,8088,14.770335674285889
25,8201,8180,8231,8182,8173,8176,8181,8161,8156,8189,8157,8155,8169,8096,14.778336763381958
26,8220,8204,8246,8202,8167,8197,8171,8168,8227,8188,8155,8179,8176,8108,14.78604817390442
27,8181,8189,8221,8188,8157,8185,8153,8158,8200,8170,8134,8163,8168,8088,14.793838500976562
28,8165,8165,8204,8174,8162,8178,8154,8144,8105,8164,8136,8144,8153,8083,14.801870346069336
29,8176,8184,8221,8182,8143,8190,8149,8147,8175,8146,8129,8186,8166,8082,14.810040950775146
29,8176,8184,8221,8182,8143,8190,8149,8147,8175,8146,8129,8186,8166,8082,14.810348510742188
30,8154,8161,8201,8168,8140,8174,8161,8140,8102,8158,8126,8138,8160,8063,14.818118333816528
31,8164,8173,8204,8167,8149,8182,8163,8146,8132,8157,8125,8162,8165,8072,14.82511305809021
32,8154,8168,8211,8171,8156,8179,8163,8151,8147,8152,8129,8177,8165,8071,14.833111763000488
33,8165,8161,8214,8180,8158,8173,8174,8154,8097,8163,8138,8148,8163,8082,14.841048955917358
34,8190,8193,8236,8186,8152,8180,8172,8172,8210,8163,8140,8185,8177,8099,14.84904670715332
35,8168,8169,8217,8175,8167,8172,8179,8170,8149,8184,8153,8151,8160,8092,14.857088327407835
36,8175,8173,8213,8187,8155,8176,8170,8164,8146,8171,8147,8167,8160,8095,14.865042209625244
37,8165,8171,8212,8181,8136,8161,8158,8157,8161,8155,8136,8174,8159,8072,14.87313461303711
38,8169,8161,8209,8172,8160,8160,8170,8155,8095,8176,8147,8144,8157,8076,14.880723476409912
39,8191,8190,8227,8182,8158,8178,8165,8169,8192,8161,8147,8192,8175,8110,14.887726306915283
40,8167,8157,8205,8167,8151,8157,8171,8159,8123,8155,8143,8155,8154,8093,14.896047115325928
41,8185,8164,8213,8179,8162,8164,8178,8157,8129,8159,8141,8160,8155,8092,14.904112100601196
42,8192,8182,8227,8183,8170,8179,8176,8167,8194,8162,8140,8183,8174,8096,14.91211199760437
43,8173,8161,8204,8167,8167,8174,8175,8157,8101,8160,8136,8139,8164,8075,14.920116186141968
44,8174,8181,8210,8177,8151,8175,8159,8156,8153,8126,8115,8172,8160,8068,14.928048133850098
45,8161,8162,8206,8167,8165,8160,8171,8152,8109,8136,8122,8152,8151,8062,14.936047315597534
46,8171,8166,8205,8169,8168,8168,8168,8151,8112,8150,8133,8158,8161,8065,14.944125890731812
47,8159,8172,8199,8167,8147,8156,8147,8151,8163,8139,8131,8172,8167,8056,14.951960563659668
48,8141,8143,8181,8152,8162,8145,8163,8149,8074,8152,8135,8128,8155,8055,14.95896029472351
49,8154,8168,8188,8160,8163,8172,8165,8160,8156,8151,8120,8171,8166,8060,14.967522859573364
50,8125,8152,8165,8147,8152,8162,8160,8148,8114,8152,8122,8148,8159,8039,14.97562336921692
51,8131,8157,8163,8153,8154,8162,8155,8148,8083,8153,8137,8144,8163,8049,14.983041763305664
52,8146,8177,8180,8164,8165,8172,8155,8164,8172,8146,8135,8178,8175,8059,14.991055011749268
53,8140,8154,8170,8160,8182,8170,8174,8155,8103,8161,8137,8136,8162,8054,14.999048709869385
54,8157,8174,8183,8174,8161,8180,8157,8155,8159,8140,8130,8173,8164,8062,15.007256507873535
54,8157,8174,8183,8174,8161,8180,8157,8155,8159,8140,8130,8173,8164,8062,15.010261058807371
55,8134,8157,8184,8160,8157,8162,8147,8151,8130,8132,8136,8165,8159,8048,15.014261484146118
56,8149,8161,8210,8168,8179,8171,8169,8155,8121,8157,8149,8156,8162,8059,15.02176833152771
57,8166,8186,8240,8180,8171,8180,8175,8163,8212,8157,8140,8184,8174,8068,15.029768466949465
58,8137,8156,8215,8163,8170,8159,8170,8155,8106,8160,8139,8140,8161,8047,15.037768602371216
59,8158,8176,8224,8172,8166,8161,8156,8164,8153,8152,8138,8176,8169,8060,15.045769691467283
60,8154,8175,8232,8164,8161,8148,8167,8163,8161,8156,8142,8162,8165,8066,15.05376958847046
61,8155,8172,8227,8162,8171,8149,8181,8154,8118,8165,8145,8134,8161,8065,15.061768054962158
62,8165,8189,8233,8169,8173,8157,8166,8158,8199,8148,8142,8179,8176,8064,15.06976842880249
63,8156,8161,8231,8161,8181,8147,8174,8157,8135,8168,8166,8147,8169,8069,15.077770471572876
64,8184,8181,8248,8171,8169,8161,8177,8167,8189,8168,8166,8170,8170,8094,15.084768056869509
65,8161,8177,8236,8164,8167,8152,8164,8155,8177,8139,8147,8163,8165,8080,15.093047142028809
66,8166,8173,8239,8178,8181,8147,8161,8148,8115,8147,8160,8143,8168,8082,15.101041316986084
67,8197,8197,8262,8188,8169,8147,8154,8158,8217,8159,8168,8190,8175,8099,15.109047412872314
68,8161,8158,8235,8162,8177,8126,8163,8143,8124,8160,8163,8143,8151,8073,15.117010593414308
69,8152,8168,8234,8167,8184,8148,8166,8150,8150,8138,8153,8159,8163,8070,15.124848365783691
70,8143,8173,8234,8167,8171,8155,8167,8167,8198,8139,8146,8173,8169,8067,15.132771015167236
71,8168,8165,8235,8172,8179,8145,8177,8157,8127,8160,8151,8146,8154,8074,15.141048431396484
72,8193,8194,8267,8195,8186,8158,8171,8148,8214,8145,8161,8190,8167,8092,15.148046970367432
73,8151,8167,8258,8189,8191,8153,8176,8143,8169,8153,8184,8155,8166,8078,15.155785322189333
74,8163,8175,8250,8192,8178,8159,8167,8150,8172,8152,8172,8157,8168,8077,15.16377878189087
75,8176,8181,8256,8186,8172,8149,8158,8141,8189,8141,8152,8167,8168,8075,15.17204737663269
76,8165,8163,8259,8182,8186,8146,8172,8134,8122,8158,8167,8138,8160,8084,15.180248975753784
77,8169,8192,8272,8203,8178,8165,8165,8157,8226,8157,8165,8184,8169,8097,15.187570095062256
78,8160,8179,8256,8197,8190,8159,8165,8161,8189,8173,8170,8157,8166,8090,15.195568323135376
79,8179,8184,8263,8204,8198,8168,8162,8160,8200,8181,8184,8163,8174,8105,15.204047679901125
80,8170,8180,8267,8195,8186,8168,8157,8164,8248,8175,8180,8179,8173,8098,15.211046934127808
81,8162,8151,8250,8178,8191,8160,8166,8156,8154,8187,8175,8134,8163,8079,15.21904230117798
82,8182,8183,8264,8199,8185,8166,8161,8159,8220,8167,8164,8172,8177,8083,15.227010726928713
83,8157,8169,8247,8192,8187,8153,8177,8156,8177,8164,8170,8150,8161,8075,15.234751224517822
84,8168,8164,8243,8188,8184,8166,8186,8162,8169,8178,8178,8153,8157,8090,15.24274969100952
85,8179,8180,8260,8194,8172,8161,8185,8175,8249,8181,8181,8181,8173,8099,15.251047372817991
86,8172,8172,8254,8194,8191,8144,8199,8173,8180,8194,8191,8137,8166,8093,15.259021997451782
87,8196,8195,8274,8208,8194,8166,8189,8180,8263,8187,8184,8181,8174,8110,15.267084121704102
88,8180,8167,8267,8199,8192,8164,8196,8176,8241,8194,8194,8170,8167,8105,15.275092363357544
89,8186,8169,8258,8201,8199,8168,8201,8170,8203,8196,8198,8157,8166,8103,15.28210949897766
90,8186,8195,8262,8200,8197,8173,8177,8170,8259,8179,8171,8183,8176,8099,15.28968334197998
91,8169,8164,8247,8190,8199,8158,8178,8160,8161,8183,8163,8141,8159,8089,15.29768419265747
92,8190,8180,8255,8198,8181,8167,8176,8163,8211,8161,8160,8176,8163,8099,15.306041479110718
93,8170,8169,8242,8179,8171,8159,8180,8163,8196,8164,8164,8164,8165,8086,15.314046621322632
94,8164,8162,8235,8173,8174,8159,8189,8169,8158,8185,8167,8150,8166,8086,15.322049140930176
94,8164,8162,8235,8173,8174,8159,8189,8169,8158,8185,8167,8150,8166,8086,15.323048830032349
95,8171,8177,8245,8181,8159,8163,8177,8174,8233,8168,8157,8185,8174,8092,15.329976320266724
96,8166,8149,8234,8173,8167,8154,8181,8158,8150,8175,8167,8143,8167,8098,15.337976217269896
97,8192,8171,8246,8181,8162,8162,8183,8170,8215,8179,8165,8171,8178,8118,15.344972848892212
98,8160,8165,8229,8170,8151,8141,8190,8180,8219,8176,8152,8162,8167,8094,15.352976322174072
99,8148,8157,8220,8172,8161,8141,8197,8174,8146,8178,8150,8138,8161,8081,15.360977411270142
100,8176,8182,8250,8185,8161,8152,8185,8174,8236,8170,8155,8186,8177,8095,15.369138717651367
101,8155,8152,8231,8165,8165,8132,8183,8155,8158,8176,8157,8142,8155,8083,15.37708830833435
102,8152,8162,8217,8162,8146,8143,8168,8148,8152,8153,8128,8151,8152,8071,15.384832859039308
103,8148,8166,8221,8159,8136,8149,8172,8157,8158,8150,8125,8160,8163,8060,15.393122911453249
104,8167,8163,8231,8167,8158,8148,8194,8167,8138,8190,8153,8139,8168,8078,15.401056051254272
105,8188,8189,8244,8182,8154,8146,8183,8172,8249,8186,8149,8176,8177,8096,15.409254550933838
106,8168,8174,8239,8175,8165,8132,8192,8169,8184,8194,8162,8146,8169,8093,15.41576647758484
107,8203,8203,8268,8203,8188,8161,8217,8195,8248,8218,8188,8175,8178,8123,15.42404055595398
108,8200,8202,8262,8203,8194,8161,8221,8202,8299,8220,8188,8186,8175,8125,15.432048082351685
109,8175,8169,8234,8180,8184,8139,8207,8178,8187,8209,8177,8145,8163,8109,15.440046548843384
110,8192,8194,8257,8195,8158,8146,8195,8182,8263,8200,8171,8188,8174,8116,15.447798013687134
111,8187,8179,8250,8198,8171,8139,8212,8182,8225,8226,8180,8157,8160,8103,15.45581316947937
112,8201,8190,8249,8197,8185,8148,8210,8176,8220,8216,8171,8163,8162,8104,15.463810682296751
113,8180,8187,8254,8185,8172,8142,8185,8172,8239,8188,8162,8179,8168,8094,15.471047639846802
114,8160,8159,8242,8182,8174,8129,8184,8168,8152,8198,8170,8142,8159,8086,15.479047298431396
115,8176,8190,8248,8189,8169,8139,8187,8175,8228,8189,8159,8175,8169,8096,15.487011909484863
116,8159,8173,8235,8172,8177,8131,8197,8169,8182,8197,8171,8141,8166,8086,15.495342254638672
117,8180,8172,8243,8184,8180,8136,8184,8172,8186,8205,8179,8149,8171,8102,15.503308773040771
118,8180,8181,8254,8190,8166,8117,8162,8176,8250,8200,8170,8180,8176,8110,15.51131010055542
119,8166,8165,8240,8180,8174,8105,8179,8174,8173,8224,8184,8141,8170,8111,15.519047260284424
120,8188,8193,8248,8186,8170,8131,8180,8184,8245,8210,8182,8180,8182,8125,15.527010440826416
121,8164,8174,8234,8169,8168,8112,8181,8173,8189,8191,8172,8155,8163,8102,15.53504753112793
122,8171,8174,8245,8185,8175,8107,8185,8174,8155,8188,8171,8148,8156,8092,15.543048858642578
123,8184,8192,8261,8197,8173,8124,8182,8186,8227,8184,8166,8179,8169,8092,15.550017833709717
124,8166,8165,8241,8180,8188,8131,8195,8178,8145,8196,8172,8135,8158,8089,15.558011531829834
125,8181,8182,8250,8192,8181,8143,8193,8185,8218,8188,8168,8167,8165,8098,15.566015481948853
126,8165,8160,8240,8181,8172,8127,8192,8179,8204,8191,8168,8154,8162,8089,15.574047327041626
126,8165,8160,8240,8181,8172,8127,8192,8179,8204,8191,8168,8154,8162,8089,15.574553966522217
127,8173,8153,8234,8180,8170,8138,8180,8171,8159,8195,8170,8148,8159,8098,15.582565546035768
239,8185,8178,8248,8193,8165,8158,8163,8176,8229,8178,8168,8186,8173,8110,15.58956527709961
0,8167,8161,8242,8181,8183,8156,8183,8173,8159,8192,8181,8143,8169,8107,15.598041296005247
1,8181,8179,8256,8187,8177,8177,8184,8183,8230,8197,8170,8173,8170,8114,15.6060471534729
2,8167,8170,8244,8184,8166,8183,8170,8173,8210,8190,8156,8165,8156,8088,15.612473726272585
2,8167,8170,8244,8184,8166,8183,8170,8173,8210,8190,8156,8165,8156,8088,15.613465785980225
3,8180,8177,8248,8195,8180,8200,8173,8156,8146,8187,8161,8147,8156,8081,15.620980978012083
4,8194,8200,8267,8203,8179,8210,8168,8160,8233,8174,8153,8183,8176,8093,15.629048585891724
5,8160,8155,8243,8182,8179,8197,8170,8158,8145,8178,8147,8139,8160,8083,15.637012004852297
6,8184,8175,8260,8199,8181,8218,8173,8172,8192,8174,8147,8166,8166,8102,15.64504861831665
7,8189,8179,8273,8211,8191,8221,8187,8180,8241,8191,8160,8175,8174,8117,15.653138875961304
8,8187,8157,8263,8209,8191,8221,8200,8180,8201,8211,8163,8150,8169,8122,15.661149501800535
9,8194,8180,8276,8208,8162,8223,8183,8186,8268,8183,8150,8186,8174,8125,15.669036149978638
10,8172,8169,8265,8199,8166,8210,8183,8171,8175,8179,8161,8150,8160,8115,15.6760356426239
11,8194,8184,8270,8213,8164,8230,8178,8166,8191,8174,8157,8168,8166,8118,15.68402910232544
12,8188,8184,8280,8211,8157,8231,8170,8169,8216,8167,8157,8178,8166,8099,15.692047595977783
13,8185,8174,8280,8214,8174,8232,8177,8168,8160,8183,8178,8152,8161,8100,15.69979739189148
14,8203,8194,8289,8220,8170,8242,8168,8170,8234,8164,8168,8189,8174,8118,15.7078115940094
15,8180,8168,8274,8194,8172,8225,8171,8160,8151,8163,8167,8156,8165,8114,15.716041326522827
16,8205,8186,8288,8203,8175,8240,8171,8172,8195,8175,8177,8180,8168,8135,15.724047660827637
17,8200,8185,8285,8203,8168,8244,8168,8190,8262,8172,8180,8192,8170,8134,15.732049703598022
18,8178,8160,8262,8194,8177,8238,8181,8194,8176,8175,8180,8143,8160,8123,15.739047050476074
19,8194,8192,8280,8202,8173,8247,8182,8195,8253,8167,8167,8187,8168,8128,15.747161149978638
20,8182,8173,8270,8191,8171,8232,8188,8176,8192,8180,8172,8162,8158,8116,15.755154609680176
21,8186,8177,8266,8205,8173,8238,8177,8169,8166,8171,8172,8159,8164,8119,15.763046979904177
22,8178,8187,8263,8200,8173,8245,8167,8171,8210,8157,8159,8176,8167,8110,15.771047592163086
23,8182,8172,8253,8183,8190,8241,8183,8167,8148,8186,8173,8142,8160,8112,15.779047012329102
24,8202,8198,8268,8194,8181,8243,8173,8175,8231,8180,8178,8182,8176,8138,15.787011623382568
25,8173,8168,8250,8176,8170,8218,8174,8165,8169,8166,8168,8152,8164,8125,15.795085430145264
26,8188,8170,8258,8177,8175,8220,8186,8171,8166,8167,8173,8152,8164,8136,15.80211305618286
27,8196,8199,8271,8191,8181,8222,8191,8195,8280,8185,8196,8190,8181,8159,15.810118436813354
28,8173,8173,8245,8187,8189,8210,8197,8193,8212,8218,8203,8149,8171,8158,15.818047046661375
29,8181,8179,8251,8181,8172,8217,8177,8180,8245,8193,8171,8176,8172,8153,15.826067447662354
30,8169,8167,8243,8167,8177,8207,8179,8170,8190,8177,8164,8157,8162,8131,15.83406686782837
31,8189,8172,8242,8177,8198,8221,8197,8181,8163,8186,8172,8154,8161,8136,15.842047214508057
32,8188,8175,8250,8178,8191,8223,8193,8189,8240,8182,8160,8180,8172,8132,15.850499391555786
33,8152,8140,8224,8153,8185,8196,8185,8167,8136,8180,8161,8130,8164,8112,15.858060598373411
34,8169,8165,8227,8162,8165,8192,8156,8161,8165,8155,8158,8165,8170,8119,15.866063356399536
35,8162,8163,8229,8163,8167,8180,8156,8158,8154,8165,8164,8165,8162,8115,15.873048782348633
36,8167,8160,8233,8168,8184,8192,8173,8163,8140,8187,8169,8150,8158,8117,15.881486654281616
37,8178,8174,8234,8168,8177,8199,8164,8177,8225,8171,8154,8181,8169,8116,15.889113664627075
38,8162,8148,8211,8152,8187,8180,8172,8168,8142,8184,8163,8139,8162,8114,15.8971107006073
39,8174,8177,8232,8166,8178,8200,8167,8163,8187,8176,8162,8172,8169,8130,15.905046939849854
40,8151,8170,8228,8161,8168,8202,8153,8151,8154,8143,8145,8167,8158,8104,15.913123607635498
41,8152,8153,8213,8158,8183,8193,8153,8147,8079,8145,8145,8141,8150,8090,15.92104721069336
42,8161,8178,8224,8165,8181,8188,8149,8162,8172,8148,8147,8175,8165,8097,15.929046630859377
43,8129,8158,8203,8149,8180,8175,8155,8155,8094,8153,8151,8132,8155,8085,15.936048030853271
44,8156,8178,8208,8159,8169,8194,8150,8161,8134,8156,8157,8167,8167,8106,15.94403624534607
45,8156,8177,8220,8161,8171,8189,8153,8180,8184,8180,8185,8190,8179,8127,15.952035903930664
46,8157,8162,8228,8167,8195,8177,8172,8189,8157,8208,8203,8163,8174,8141,15.960046529769896
47,8169,8182,8235,8171,8190,8183,8166,8187,8246,8192,8185,8197,8173,8139,15.967934608459473
48,8134,8155,8209,8148,8189,8175,8165,8172,8147,8192,8186,8157,8156,8107,15.97602128982544
49,8155,8173,8216,8160,8191,8196,8165,8175,8160,8186,8183,8174,8164,8113,15.9837965965271
50,8153,8172,8222,8153,8189,8195,8169,8178,8210,8188,8176,8186,8171,8112,15.991786479949951
51,8132,8144,8207,8130,8186,8190,8174,8174,8123,8195,8168,8141,8161,8100,16.000047206878662
52,8142,8168,8212,8138,8168,8201,8154,8177,8179,8158,8145,8169,8164,8098,16.00673198699951
53,8131,8155,8203,8146,8182,8188,8164,8173,8144,8174,8165,8149,8159,8093,16.015162467956543
54,8152,8168,8214,8159,8186,8200,8173,8180,8180,8199,8177,8166,8171,8120,16.023115158081055
55,8142,8169,8210,8145,8168,8204,8168,8182,8209,8184,8166,8173,8172,8119,16.031153678894043
56,8136,8147,8196,8145,8183,8204,8192,8180,8135,8200,8183,8138,8156,8118,16.03934645652771
57,8160,8175,8218,8168,8177,8214,8191,8189,8239,8202,8185,8184,8171,8136,16.04707646369934
58,8136,8159,8199,8149,8158,8186,8181,8177,8173,8193,8167,8140,8168,8116,16.055193185806274
59,8140,8157,8191,8151,8152,8179,8179,8176,8134,8176,8156,8137,8168,8117,16.0634286403656
60,8134,8160,8198,8157,8149,8182,8183,8185,8188,8166,8147,8171,8170,8114,16.071442365646362
61,8134,8145,8187,8150,8160,8182,8200,8179,8117,8191,8152,8129,8163,8103,16.077438831329346
62,8161,8179,8204,8160,8157,8192,8192,8185,8202,8191,8158,8166,8177,8115,16.08847141265869
63,8127,8155,8185,8138,8155,8167,8189,8180,8160,8186,8161,8144,8162,8100,16.093472957611084
63,8127,8155,8185,8138,8155,8167,8189,8180,8160,8186,8161,8144,8162,8100,16.09436535835266
64,8136,8153,8177,8138,8157,8166,8185,8177,8129,8183,8156,8140,8156,8103,16.101923942565918
65,8154,8177,8198,8155,8152,8177,8172,8177,8205,8183,8161,8179,8173,8112,16.109923362731934
66,8137,8152,8194,8146,8161,8163,8173,8163,8111,8199,8176,8143,8170,8107,16.117430925369263
67,8153,8168,8203,8149,8156,8164,8160,8173,8162,8180,8167,8180,8176,8114,16.1254301071167
68,8151,8162,8197,8151,8162,8162,8169,8181,8167,8184,8184,8169,8167,8114,16.13343119621277
69,8157,8163,8201,8166,8170,8166,8182,8179,8152,8201,8196,8152,8163,8124,16.140430450439453
70,8146,8168,8202,8160,8147,8149,8165,8172,8194,8177,8163,8178,8167,8107,16.149430513381958
71,8134,8133,8189,8140,8145,8136,8166,8160,8083,8172,8158,8138,8153,8083,16.156432390213013
71,8134,8133,8189,8140,8145,8136,8166,8160,8083,8172,8158,8138,8153,8083,16.157433032989502
72,8171,8165,8223,8165,8147,8168,8167,8180,8168,8169,8179,8175,8163,8105,16.165431022644043
73,8154,8157,8213,8158,8151,8157,8169,8184,8173,8174,8181,8161,8160,8098,16.173047304153442
74,8145,8140,8183,8145,8149,8149,8170,8164,8089,8173,8162,8134,8156,8091,16.181048154830933
75,8152,8167,8203,8156,8134,8160,8160,8168,8165,8153,8165,8176,8174,8102,16.189070463180542
76,8137,8157,8211,8162,8158,8148,8169,8173,8121,8177,8192,8144,8170,8104,16.196070909500122
77,8168,8178,8213,8179,8160,8150,8157,8173,8169,8179,8172,8172,8172,8119,16.204046964645386
78,8166,8170,8201,8164,8148,8134,8151,8159,8157,8162,8159,8171,8166,8115,16.21205425262451
79,8159,8160,8208,8156,8165,8145,8163,8163,8102,8172,8187,8153,8166,8117,16.220264196395874
80,8180,8194,8231,8179,8165,8171,8163,8190,8212,8184,8187,8201,8181,8124,16.22826623916626
81,8178,8178,8217,8177,8165,8152,8180,8180,8151,8206,8186,8162,8165,8122,16.236047506332397
82,8191,8189,8232,8175,8159,8155,8176,8173,8176,8194,8190,8176,8166,8136,16.244299173355103
83,8171,8182,8236,8163,8153,8155,8161,8181,8197,8179,8190,8183,8170,8121,16.252313137054443
84,8177,8166,8218,8164,8156,8147,8166,8177,8124,8193,8187,8148,8160,8115,16.26031231880188
85,8186,8188,8218,8166,8140,8147,8152,8169,8186,8171,8172,8179,8167,8126,16.267320156097412
86,8144,8164,8208,8149,8148,8131,8153,8162,8115,8173,8189,8148,8166,8116,16.27504825592041
87,8182,8183,8232,8176,8159,8143,8168,8181,8163,8192,8202,8172,8178,8138,16.283047676086426
88,8195,8182,8230,8176,8155,8140,8170,8183,8213,8189,8189,8180,8174,8142,16.29100275039673
89,8162,8154,8203,8154,8161,8131,8172,8171,8113,8184,8182,8131,8157,8125,16.29900336265564
90,8174,8189,8218,8168,8158,8140,8168,8181,8186,8162,8173,8173,8162,8126,16.30702018737793
91,8172,8175,8213,8167,8169,8131,8179,8174,8129,8167,8179,8152,8158,8121,16.31512188911438
92,8189,8181,8219,8177,8170,8145,8175,8172,8125,8168,8179,8160,8167,8129,16.3230082988739
93,8172,8185,8226,8172,8150,8141,8157,8170,8175,8157,8173,8179,8167,8120,16.330019235610962
94,8154,8156,8209,8158,8153,8128,8158,8160,8077,8162,8177,8140,8154,8111,16.338047742843628
95,8185,8180,8227,8170,8151,8143,8152,8168,8145,8147,8163,8182,8170,8126,16.346423864364624
96,8164,8160,8226,8160,8155,8128,8159,8159,8101,8149,8154,8154,8161,8111,16.354439735412598
97,8163,8158,8218,8159,8156,8133,8156,8157,8079,8149,8159,8151,8161,8115,16.361441373825073
97,8163,8158,8218,8159,8156,8133,8156,8157,8079,8149,8159,8151,8161,8115,16.36243462562561
98,8173,8177,8220,8163,8154,8139,8157,8176,8169,8153,8174,8187,8174,8130,16.370046854019165
99,8173,8163,8218,8162,8170,8130,8177,8173,8120,8179,8185,8148,8162,8132,16.378045082092285
100,8182,8181,8233,8169,8163,8145,8162,8171,8182,8156,8169,8179,8165,8133,16.386046648025513
101,8169,8163,8220,8166,8166,8134,8168,8178,8151,8164,8176,8160,8162,8115,16.393045902252197
102,8200,8176,8240,8188,8182,8138,8188,8185,8157,8196,8200,8163,8172,8136,16.401047706604004
102,8200,8176,8240,8188,8182,8138,8188,8185,8157,8196,8200,8163,8172,8136,16.401399612426758
103,8203,8201,8261,8190,8169,8148,8170,8182,8243,8186,8196,8201,8181,8149,16.408557176589966
104,8171,8166,8226,8162,8168,8133,8166,8166,8134,8180,8185,8148,8161,8126,16.417072057724
105,8184,8176,8224,8170,8162,8130,8163,8174,8177,8166,8174,8176,8167,8126,16.425048351287842
106,8168,8166,8225,8165,8157,8118,8174,8180,8171,8171,8179,8173,8166,8122,16.4330472946167
107,8173,8168,8230,8169,8168,8134,8190,8191,8156,8190,8191,8161,8169,8136,16.441081047058105
108,8184,8183,8237,8176,8168,8143,8181,8191,8244,8182,8182,8185,8175,8136,16.44879174232483
108,8184,8183,8237,8176,8168,8143,8181,8191,8244,8182,8182,8185,8175,8136,16.449790239334106
109,8166,8153,8219,8162,8170,8113,8176,8166,8128,8182,8181,8138,8154,8115,16.457087993621826
110,8181,8181,8240,8173,8154,8112,8160,8171,8163,8167,8177,8182,8165,8127,16.464563608169556
111,8175,8176,8243,8172,8156,8108,8159,8175,8183,8164,8178,8184,8173,8130,16.471579790115356
111,8175,8176,8243,8172,8156,8108,8159,8175,8183,8164,8178,8184,8173,8130,16.472574949264526
112,8195,8160,8236,8171,8177,8108,8178,8173,8135,8181,8186,8157,8167,8142,16.48057770729065
113,8202,8181,8246,8171,8168,8104,8164,8174,8206,8166,8180,8194,8172,8145,16.48760437965393
113,8202,8181,8246,8171,8168,8104,8164,8174,8206,8166,8180,8194,8172,8145,16.488581657409668
114,8158,8157,8229,8156,8170,8088,8152,8157,8125,8165,8178,8154,8160,8125,16.496596336364746
115,8182,8176,8236,8172,8166,8102,8153,8167,8171,8161,8164,8182,8169,8140,16.50404715538025
116,8182,8172,8231,8171,8162,8094,8166,8177,8188,8159,8163,8193,8172,8141,16.512069702148438
117,8176,8161,8223,8169,8169,8090,8176,8169,8121,8172,8177,8156,8159,8140,16.520150184631348
117,8176,8161,8223,8169,8169,8090,8176,8169,8121,8172,8177,8156,8159,8140,16.52062177658081
118,8197,8190,8245,8179,8159,8094,8161,8169,8209,8164,8171,8188,8167,8147,16.527013540267944
119,8185,8170,8233,8165,8176,8076,8169,8169,8145,8168,8181,8162,8166,8138,16.53504753112793
120,8203,8186,8238,8172,8189,8092,8172,8175,8172,8162,8185,8181,8175,8151,16.54252052307129
121,8188,8190,8236,8166,8180,8093,8171,8175,8205,8160,8177,8182,8169,8144,16.550534963607788
121,8188,8190,8236,8166,8180,8093,8171,8175,8205,8160,8177,8182,8169,8144,16.551528930664062
122,8171,8171,8220,8159,8182,8085,8174,8170,8133,8178,8176,8148,8159,8133,16.558536052703857
123,8184,8193,8233,8169,8171,8098,8163,8182,8229,8171,8168,8195,8177,8143,16.56701159477234
123,8184,8193,8233,8169,8171,8098,8163,8182,8229,8171,8168,8195,8177,8143,16.56755042076111
124,8172,8168,8216,8155,8172,8090,8181,8182,8186,8181,8175,8161,8172,8138,16.574873208999634
125,8185,8175,8212,8165,8174,8104,8183,8179,8185,8171,8169,8170,8174,8141,16.582796096801758
126,8174,8178,8212,8167,8160,8107,8164,8172,8199,8149,8150,8186,8170,8130,16.590047121047974
127,8168,8155,8207,8153,8168,8090,8168,8165,8116,8168,8162,8150,8168,8131,16.598047018051147
239,8194,8188,8232,8163,8175,8093,8165,8174,8221,8176,8178,8202,8189,8154,16.606083869934082
0,8173,8173,8217,8153,8184,8089,8171,8167,8179,8189,8184,8170,8172,8147,16.614086389541626
1,8176,8172,8211,8159,8182,8105,8167,8169,8162,8179,8176,8160,8170,8150,16.622047424316406
2,8179,8183,8227,8164,8175,8100,8156,8173,8216,8159,8166,8192,8182,8150,16.630046844482422
3,8173,8166,8222,8162,8190,8087,8165,8165,8134,8176,8172,8164,8166,8152,16.638307571411133
4,8194,8188,8232,8175,8184,8102,8156,8175,8214,8168,8167,8194,8169,8165,16.64630937576294
5,8179,8167,8224,8165,8181,8092,8159,8168,8180,8169,8172,8161,8170,8148,16.653308868408203
6,8194,8176,8232,8178,8187,8110,8172,8167,8163,8179,8181,8165,8173,8149,16.660447359085083
6,8194,8176,8232,8178,8187,8110,8172,8167,8163,8179,8181,8165,8173,8149,16.661454439163208
7,8197,8189,8236,8180,8182,8118,8170,8174,8230,8161,8172,8203,8172,8150,16.668460607528687
7,8197,8189,8236,8180,8182,8118,8170,8174,8230,8161,8172,8203,8172,8150,16.669452905654907
8,8174,8154,8218,8160,8192,8100,8177,8163,8132,8170,8174,8155,8161,8140,16.6764874458313
8,8174,8154,8218,8160,8192,8100,8177,8163,8132,8170,8174,8155,8161,8140,16.677505254745483
9,8194,8180,8238,8176,8190,8117,8176,8172,8204,8178,8170,8185,8174,8156,16.6845281124115
9,8194,8180,8238,8176,8190,8117,8176,8172,8204,8178,8170,8185,8174,8156,16.685528993606567
10,8174,8172,8227,8170,8194,8108,8180,8175,8193,8183,8176,8174,8169,8154,16.692597150802612
11,8176,8166,8215,8168,8192,8107,8180,8172,8155,8184,8180,8164,8170,8158,16.70060443878174
12,8187,8184,8228,8175,8178,8114,8169,8171,8233,8178,8171,8197,8177,8154,16.708046436309814
13,8167,8160,8217,8170,8185,8103,8179,8160,8149,8186,8177,8158,8157,8142,16.71701145172119
14,8189,8177,8221,8178,8168,8109,8170,8167,8195,8170,8166,8187,8166,8156,16.725056171417236
15,8177,8172,8214,8162,8157,8102,8161,8164,8189,8172,8167,8175,8170,8143,16.731959342956543
16,8178,8171,8215,8166,8167,8112,8162,8159,8143,8180,8172,8152,8164,8139,16.739954233169556
17,8179,8176,8220,8169,8158,8120,8151,8164,8213,8156,8157,8189,8169,8143,16.74804663658142
18,8154,8143,8197,8148,8169,8109,8163,8166,8139,8172,8170,8155,8165,8139,16.756048440933228
19,8186,8179,8215,8171,8175,8125,8164,8179,8204,8183,8180,8187,8180,8162,16.763770580291748
20,8174,8177,8213,8169,8166,8110,8158,8173,8203,8176,8173,8188,8174,8154,16.771770238876343
21,8163,8156,8205,8165,8169,8107,8166,8168,8144,8178,8178,8160,8164,8146,16.780046939849854
22,8184,8187,8232,8182,8163,8121,8167,8187,8261,8174,8180,8197,8178,8156,16.786612272262573
23,8170,8161,8218,8167,8158,8109,8175,8179,8182,8188,8177,8156,8165,8146,16.794611930847168
24,8177,8168,8216,8167,8148,8128,8164,8168,8180,8170,8167,8179,8164,8153,16.80304765701294
25,8163,8173,8217,8172,8152,8129,8162,8168,8212,8159,8171,8187,8163,8149,16.811046838760376
26,8167,8166,8214,8180,8167,8125,8173,8170,8157,8179,8175,8155,8160,8144,16.819047212600708
27,8185,8187,8233,8183,8143,8143,8156,8177,8228,8164,8166,8201,8176,8144,16.826499223709106
27,8185,8187,8233,8183,8143,8143,8156,8177,8228,8164,8166,8201,8176,8144,16.827492237091064
28,8164,8160,8220,8166,8134,8135,8163,8172,8165,8174,8181,8170,8166,8140,16.83449959754944
28,8164,8160,8220,8166,8134,8135,8163,8172,8165,8174,8181,8170,8166,8140,16.835493087768555
29,8177,8174,8222,8181,8140,8137,8167,8175,8192,8185,8183,8180,8169,8155,16.84351134300232
30,8162,8178,8216,8181,8138,8129,8156,8170,8214,8170,8171,8192,8170,8136,16.85152530670166
31,8156,8163,8205,8173,8147,8127,8166,8161,8125,8173,8181,8154,8161,8123,16.85804271697998
32,8188,8193,8225,8183,8141,8138,8167,8175,8212,8172,8176,8195,8175,8144,16.866047859191895
33,8169,8173,8213,8175,8151,8121,8173,8177,8156,8183,8175,8170,8168,8138,16.874221324920654
34,8182,8181,8221,8186,8157,8121,8168,8177,8156,8176,8171,8177,8164,8136,16.88222074508667
35,8185,8186,8227,8184,8141,8113,8151,8169,8195,8158,8156,8186,8160,8121,16.89004683494568
36,8172,8160,8210,8176,8142,8104,8160,8159,8110,8173,8163,8146,8158,8117,16.897855043411255
37,8181,8180,8224,8184,8132,8120,8161,8178,8206,8168,8170,8194,8177,8137,16.90604567527771
38,8155,8155,8209,8167,8131,8109,8159,8176,8159,8166,8172,8169,8166,8117,16.91404914855957
39,8172,8164,8202,8176,8134,8112,8152,8163,8123,8160,8160,8164,8162,8117,16.92104721069336
40,8181,8190,8214,8181,8131,8113,8144,8161,8189,8151,8158,8199,8169,8127,16.929068326950073
41,8170,8167,8211,8170,8145,8114,8157,8157,8120,8178,8177,8170,8159,8126,16.9370756149292
42,8186,8184,8224,8183,8141,8137,8153,8165,8186,8165,8163,8201,8171,8133,16.94504714012146
43,8163,8170,8213,8181,8144,8122,8160,8163,8150,8155,8157,8172,8165,8119,16.953047275543213
44,8179,8169,8208,8180,8149,8118,8157,8157,8115,8158,8169,8164,8158,8125,16.961244106292725
45,8177,8179,8207,8172,8132,8122,8136,8159,8166,8135,8165,8197,8166,8118,16.969042778015137
46,8150,8151,8194,8162,8144,8120,8155,8162,8089,8149,8169,8160,8161,8111,16.977296829223633
47,8192,8185,8224,8188,8153,8142,8168,8177,8192,8158,8174,8206,8174,8145,16.984729051589966
48,8186,8181,8222,8184,8156,8135,8162,8170,8191,8165,8173,8192,8166,8138,16.991729021072388
49,8175,8167,8210,8177,8161,8133,8157,8161,8129,8172,8164,8164,8163,8127,17.000046491622925
50,8182,8179,8218,8179,8152,8137,8150,8168,8212,8165,8165,8206,8181,8135,17.008185863494873
51,8170,8154,8204,8171,8167,8126,8163,8164,8142,8181,8186,8172,8170,8138,17.01598811149597
52,8180,8176,8217,8183,8172,8135,8158,8167,8184,8172,8176,8195,8173,8147,17.023979663848877
53,8162,8164,8207,8172,8165,8127,8159,8162,8178,8167,8160,8180,8171,8126,17.032047986984253
54,8165,8147,8192,8165,8169,8130,8163,8153,8115,8171,8162,8152,8163,8116,17.04059624671936
55,8171,8170,8208,8174,8165,8138,8150,8162,8195,8152,8158,8198,8171,8119,17.047614574432373
55,8171,8170,8208,8174,8165,8138,8150,8162,8195,8152,8158,8198,8171,8119,17.048609972000122
56,8156,8151,8200,8169,8178,8127,8167,8167,8134,8174,8174,8168,8167,8118,17.055609464645386
57,8183,8176,8218,8187,8174,8146,8171,8181,8192,8182,8183,8194,8178,8141,17.063227891921997
58,8178,8175,8220,8184,8165,8139,8168,8179,8217,8177,8177,8193,8174,8141,17.0712308883667
59,8165,8156,8202,8175,8169,8128,8180,8171,8146,8187,8178,8157,8166,8137,17.079047203063965
60,8170,8183,8211,8181,8157,8139,8174,8178,8226,8177,8171,8196,8179,8140,17.08684492111206
60,8170,8183,8211,8181,8157,8139,8174,8178,8226,8177,8171,8196,8179,8140,17.0878427028656
61,8159,8165,8208,8169,8163,8128,8175,8171,8160,8185,8172,8163,8169,8130,17.094947576522827
62,8183,8177,8218,8173,8157,8132,8155,8162,8173,8169,8169,8178,8172,8137,17.10296368598938
63,8174,8180,8216,8168,8148,8122,8136,8152,8186,8153,8176,8186,8173,8130,17.11122727394104
64,8173,8172,8217,8174,8169,8121,8157,8159,8141,8185,8195,8159,8169,8136,17.118321180343628
65,8199,8200,8244,8190,8166,8137,8168,8187,8273,8203,8191,8203,8186,8155,17.126320838928223
66,8168,8168,8224,8174,8166,8120,8176,8179,8215,8215,8197,8166,8172,8142,17.134047508239746
67,8177,8179,8226,8191,8176,8143,8183,8181,8220,8214,8195,8174,8171,8151,17.142340421676636
68,8184,8189,8239,8193,8174,8157,8183,8195,8280,8206,8194,8195,8180,8159,17.15027141571045
69,8176,8158,8220,8169,8166,8141,8178,8176,8176,8207,8207,8160,8165,8153,17.158041954040527
70,8182,8175,8214,8169,8147,8145,8159,8167,8218,8186,8193,8201,8165,8147,17.166049003601074
71,8154,8160,8201,8167,8163,8136,8166,8171,8172,8198,8195,8170,8162,8125,17.174055337905884
72,8185,8173,8214,8183,8179,8144,8178,8181,8189,8215,8205,8175,8176,8146,17.181058168411255
73,8181,8174,8213,8171,8162,8136,8167,8174,8220,8191,8189,8192,8172,8147,17.189056873321533
74,8143,8143,8180,8145,8154,8122,8151,8146,8073,8160,8170,8138,8145,8120,17.197057962417603
75,8165,8177,8191,8164,8138,8130,8132,8139,8123,8132,8158,8188,8160,8123,17.205063104629517
76,8150,8166,8193,8169,8136,8123,8144,8138,8108,8154,8168,8184,8166,8117,17.213062047958374
77,8148,8159,8189,8173,8146,8137,8150,8149,8101,8170,8172,8177,8167,8124,17.220568418502808
78,8154,8167,8182,8171,8144,8139,8140,8164,8175,8154,8165,8199,8170,8122,17.22856855392456
79,8148,8149,8169,8165,8144,8126,8156,8157,8104,8171,8174,8156,8159,8113,17.236568212509155
80,8165,8183,8194,8178,8130,8145,8152,8158,8175,8170,8175,8195,8172,8126,17.244568824768066
81,8156,8170,8188,8170,8138,8139,8155,8153,8148,8171,8179,8182,8169,8119,17.2515709400177
82,8167,8161,8177,8168,8154,8140,8157,8144,8101,8165,8176,8164,8162,8121,17.259570837020874
82,8167,8161,8177,8168,8154,8140,8157,8144,8101,8165,8176,8164,8162,8121,17.260570287704468
83,8157,8175,8178,8162,8138,8142,8137,8140,8145,8135,8158,8188,8161,8107,17.2681143283844
84,8145,8163,8170,8166,8147,8143,8150,8137,8061,8149,8164,8149,8152,8095,17.27613639831543
85,8191,8195,8195,8195,8158,8169,8162,8152,8157,8159,8164,8186,8172,8132,17.284132719039917
86,8169,8170,8180,8164,8153,8157,8159,8148,8159,8157,8160,8173,8168,8133,17.292047023773193
87,8143,8150,8166,8145,8146,8151,8148,8145,8096,8152,8166,8152,8158,8116,17.30001735687256
88,8159,8180,8186,8164,8133,8157,8138,8153,8176,8142,8171,8193,8169,8116,17.308033227920532
89,8161,8159,8175,8153,8146,8145,8157,8142,8101,8160,8186,8154,8164,8120,17.3153817653656
90,8175,8171,8186,8156,8149,8166,8155,8155,8156,8156,8185,8181,8174,8134,17.323042154312134
91,8159,8173,8192,8162,8152,8174,8150,8170,8182,8163,8185,8182,8169,8127,17.331047296524048
92,8180,8179,8189,8167,8163,8174,8157,8165,8140,8186,8192,8157,8160,8140,17.339070558547974
93,8191,8196,8193,8165,8157,8173,8143,8160,8221,8167,8185,8197,8174,8156,17.34706997871399
93,8191,8196,8193,8165,8157,8173,8143,8160,8221,8167,8185,8197,8174,8156,17.347495079040527
94,8139,8157,8173,8148,8163,8159,8143,8148,8130,8160,8192,8160,8166,8135,17.355048894882202
95,8153,8169,8180,8159,8145,8176,8142,8147,8150,8154,8187,8177,8166,8132,17.363048553466797
96,8158,8167,8177,8152,8138,8175,8151,8150,8184,8158,8185,8185,8166,8122,17.3707754611969
97,8150,8155,8170,8158,8169,8174,8169,8163,8139,8182,8200,8158,8167,8119,17.377790689468384
98,8161,8179,8183,8171,8160,8182,8155,8169,8216,8167,8185,8189,8177,8127,17.385873794555664
99,8147,8149,8165,8150,8153,8163,8159,8146,8131,8165,8182,8150,8161,8121,17.393691539764404
100,8178,8171,8186,8169,8168,8179,8179,8164,8181,8176,8200,8182,8168,8150,17.40195655822754
101,8182,8188,8204,8182,8178,8183,8190,8185,8253,8185,8213,8204,8173,8160,17.410046577453613
102,8174,8172,8187,8170,8185,8172,8197,8171,8166,8196,8208,8153,8160,8150,17.417484283447266
103,8190,8194,8201,8173,8174,8183,8183,8174,8246,8180,8194,8187,8170,8150,17.425485372543335
104,8171,8174,8198,8170,8183,8182,8181,8175,8205,8186,8204,8165,8161,8139,17.43348526954651
104,8171,8174,8198,8170,8183,8182,8181,8175,8205,8186,8204,8165,8161,8139,17.434481859207153
105,8191,8184,8210,8189,8187,8196,8188,8180,8217,8195,8209,8178,8169,8160,17.441481590270996
106,8187,8190,8215,8183,8172,8185,8200,8194,8277,8193,8201,8197,8177,8162,17.4490487575531
107,8160,8152,8180,8152,8167,8170,8213,8181,8174,8186,8190,8151,8159,8137,17.457011699676514
108,8166,8170,8178,8152,8149,8188,8192,8168,8213,8150,8173,8191,8162,8136,17.465237379074097
109,8160,8168,8178,8155,8153,8173,8189,8169,8180,8167,8188,8168,8159,8138,17.47323775291443
110,8181,8177,8183,8164,8160,8171,8192,8181,8186,8190,8192,8163,8165,8153,17.48104691505432
111,8163,8171,8169,8150,8139,8170,8179,8181,8228,8169,8171,8182,8168,8142,17.489262104034424
112,8139,8138,8147,8141,8140,8159,8184,8172,8132,8177,8180,8142,8159,8135,17.497283697128296
113,8167,8169,8172,8156,8139,8175,8171,8181,8226,8182,8193,8194,8172,8157,17.504690647125244
114,8164,8162,8171,8141,8140,8174,8177,8178,8219,8190,8203,8184,8167,8148,17.511690616607666
115,8179,8161,8170,8145,8140,8179,8189,8174,8179,8188,8206,8167,8169,8151,17.520047903060913
116,8167,8168,8172,8151,8131,8177,8175,8172,8221,8161,8197,8193,8177,8147,17.52804708480835
117,8139,8143,8157,8144,8146,8175,8181,8169,8142,8177,8207,8157,8165,8131,17.536048412322998
118,8184,8183,8186,8170,8144,8188,8188,8191,8239,8193,8207,8192,8175,8157,17.544047594070435
119,8176,8170,8178,8160,8137,8164,8188,8180,8222,8186,8200,8172,8169,8155,17.552299737930298
120,8160,8146,8159,8154,8139,8164,8183,8169,8152,8171,8195,8155,8161,8139,17.560298442840576
121,8171,8165,8171,8160,8130,8170,8175,8182,8215,8159,8177,8187,8171,8130,17.56811499595642
122,8155,8145,8154,8135,8131,8150,8178,8161,8106,8160,8168,8141,8157,8119,17.576311826705933
123,8169,8166,8162,8145,8115,8162,8163,8151,8138,8134,8165,8174,8161,8129,17.583312511444092
124,8162,8159,8168,8152,8108,8152,8171,8159,8152,8137,8176,8174,8164,8125,17.591047286987305
125,8172,8154,8164,8150,8127,8149,8193,8167,8112,8160,8184,8153,8163,8129,17.599047422409058
126,8180,8175,8165,8149,8125,8155,8181,8170,8190,8146,8172,8190,8170,8134,17.60736393928528
127,8156,8140,8147,8135,8124,8142,8182,8156,8099,8155,8178,8146,8160,8124,17.614368438720703
239,8178,8157,8161,8146,8122,8160,8180,8162,8131,8155,8173,8171,8173,8129,17.62329912185669
0,8156,8158,8153,8141,8126,8154,8168,8168,8149,8147,8165,8177,8174,8105,17.631298542022705
1,8150,8144,8147,8143,8141,8152,8172,8164,8091,8163,8172,8146,8169,8107,17.639046907424927
2,8185,8174,8175,8162,8133,8170,8177,8178,8203,8165,8174,8188,8179,8136,17.646048069000244
3,8176,8154,8165,8156,8130,8155,8190,8180,8156,8180,8184,8158,8159,8129,17.654048442840576
4,8178,8160,8168,8158,8122,8153,8169,8168,8157,8165,8176,8173,8163,8134,17.662100791931152
4,8178,8160,8168,8158,8122,8153,8169,8168,8157,8165,8176,8173,8163,8134,17.66312026977539
5,8161,8162,8171,8153,8123,8150,8153,8163,8181,8156,8177,8180,8171,8135,17.670226097106934
6,8166,8154,8159,8155,8141,8148,8178,8169,8130,8183,8191,8149,8166,8138,17.67822527885437
7,8182,8177,8162,8158,8128,8155,8172,8168,8195,8159,8176,8192,8175,8141,17.686050176620483
8,8159,8152,8152,8140,8131,8138,8165,8152,8114,8156,8178,8161,8169,8127,17.69346046447754
8,8159,8152,8152,8140,8131,8138,8165,8152,8114,8156,8178,8161,8169,8127,17.694515466690063
9,8184,8166,8171,8154,8134,8148,8168,8161,8149,8172,8188,8170,8175,8142,17.701491594314575
10,8183,8176,8173,8157,8121,8145,8172,8171,8215,8172,8187,8181,8175,8138,17.709484577178955
11,8163,8155,8153,8151,8135,8136,8183,8166,8130,8187,8195,8149,8166,8137,17.71702551841736
12,8176,8173,8165,8162,8138,8151,8174,8174,8209,8183,8189,8193,8179,8150,17.725027799606323
13,8158,8148,8149,8149,8136,8138,8177,8168,8155,8183,8184,8156,8169,8128,17.733034133911133
14,8165,8157,8147,8156,8136,8147,8175,8170,8143,8181,8187,8155,8171,8131,17.741048097610474
15,8161,8170,8152,8155,8135,8155,8168,8175,8201,8179,8183,8182,8175,8129,17.749046802520752
16,8144,8137,8138,8135,8144,8144,8176,8162,8108,8180,8177,8137,8159,8112,17.757331132888794
17,8155,8159,8151,8148,8135,8159,8164,8177,8178,8163,8170,8174,8170,8118,17.765331745147705
18,8149,8152,8150,8156,8146,8156,8177,8187,8162,8186,8182,8165,8169,8123,17.772332668304443
19,8174,8159,8157,8157,8157,8149,8187,8178,8147,8195,8183,8164,8171,8136,17.780346393585205
20,8163,8170,8155,8141,8136,8136,8161,8169,8190,8163,8171,8181,8173,8124,17.788430213928223
21,8141,8150,8130,8135,8139,8132,8161,8166,8101,8174,8176,8133,8158,8110,17.796048164367676
22,8178,8179,8154,8161,8144,8144,8164,8180,8189,8177,8175,8177,8170,8138,17.80408263206482
23,8160,8163,8153,8149,8143,8126,8164,8176,8177,8177,8189,8169,8171,8143,17.812085151672363
23,8160,8163,8153,8149,8143,8126,8164,8176,8177,8177,8189,8169,8171,8143,17.812421083450317
24,8168,8158,8147,8149,8135,8144,8163,8171,8141,8178,8196,8153,8166,8148,17.8200466632843
25,8191,8184,8167,8162,8127,8164,8156,8172,8219,8165,8186,8185,8168,8149,17.82806658744812
26,8172,8163,8163,8156,8155,8146,8166,8167,8145,8181,8204,8147,8157,8139,17.836066961288452
27,8183,8176,8176,8173,8159,8158,8165,8182,8205,8182,8202,8182,8170,8150,17.843047380447388
28,8173,8167,8168,8171,8156,8152,8173,8182,8192,8182,8189,8170,8169,8137,17.85132098197937
29,8181,8171,8163,8173,8166,8157,8184,8179,8138,8192,8197,8149,8164,8148,17.859047412872314
30,8192,8199,8181,8183,8158,8171,8179,8188,8228,8184,8201,8189,8176,8169,17.867340087890625
31,8173,8169,8164,8175,8166,8162,8195,8179,8151,8194,8200,8150,8166,8153,17.87467670440674
32,8189,8182,8161,8179,8171,8173,8190,8185,8185,8184,8189,8179,8172,8149,17.88267683982849
33,8186,8178,8154,8168,8170,8161,8182,8184,8192,8179,8188,8184,8170,8146,17.89104723930359
34,8191,8173,8157,8170,8168,8154,8186,8172,8129,8189,8197,8161,8168,8159,17.899056434631348
35,8196,8199,8171,8178,8160,8160,8179,8181,8212,8189,8197,8201,8179,8170,17.905910968780518
36,8178,8173,8148,8162,8184,8154,8194,8182,8151,8208,8208,8163,8166,8157,17.914231300354004
37,8204,8195,8164,8187,8192,8175,8195,8187,8198,8196,8207,8184,8174,8167,17.922318696975708
38,8195,8195,8174,8194,8179,8166,8187,8184,8225,8186,8209,8190,8176,8165,17.9300479888916
39,8181,8170,8160,8180,8175,8155,8182,8169,8150,8203,8223,8157,8167,8166,17.93803858757019
40,8197,8193,8163,8183,8157,8161,8162,8170,8218,8180,8202,8194,8175,8171,17.946319103240967
41,8174,8172,8146,8166,8164,8146,8164,8163,8136,8176,8192,8156,8164,8143,17.9543240070343
42,8181,8180,8149,8168,8169,8158,8164,8168,8156,8180,8196,8169,8166,8138,17.962042331695557
43,8174,8177,8145,8169,8162,8156,8159,8164,8185,8169,8187,8183,8170,8127,17.97005009651184
44,8169,8160,8138,8169,8178,8154,8169,8155,8093,8168,8184,8146,8163,8124,17.976763248443604
45,8186,8189,8157,8178,8177,8173,8161,8171,8185,8161,8179,8191,8173,8141,17.9844172000885
45,8186,8189,8157,8178,8177,8173,8161,8171,8185,8161,8179,8191,8173,8141,17.985411643981934
46,8151,8159,8134,8160,8170,8166,8156,8165,8131,8168,8184,8163,8165,8125,17.993412017822266
47,8165,8162,8129,8170,8165,8172,8152,8163,8120,8165,8174,8164,8167,8123,18.001047611236572
48,8170,8178,8139,8177,8168,8168,8157,8173,8183,8165,8164,8189,8173,8125,18.008894681930542
49,8161,8159,8135,8173,8185,8170,8176,8175,8132,8194,8190,8162,8166,8126,18.01749992370605
50,8179,8177,8143,8180,8171,8184,8166,8177,8202,8177,8185,8199,8173,8128,18.02504825592041
51,8146,8153,8117,8159,8168,8157,8162,8166,8128,8161,8166,8158,8160,8105,18.03304696083069
52,8159,8156,8116,8163,8172,8163,8167,8174,8117,8167,8162,8158,8162,8126,18.039775848388672
52,8159,8156,8116,8163,8172,8163,8167,8174,8117,8167,8162,8158,8162,8126,18.040770292282104
53,8166,8170,8127,8173,8164,8176,8160,8179,8189,8163,8163,8190,8170,8132,18.04804754257202
54,8144,8151,8109,8166,8180,8160,8166,8159,8085,8166,8161,8142,8155,8112,18.056048154830933
55,8164,8175,8122,8170,8177,8174,8162,8159,8146,8151,8155,8175,8172,8125,18.064035654067997
56,8165,8164,8121,8166,8174,8184,8176,8170,8148,8167,8173,8163,8178,8130,18.072035789489743
57,8175,8165,8121,8178,8184,8187,8183,8176,8143,8188,8178,8161,8172,8142,18.08007311820984
58,8164,8169,8128,8172,8179,8176,8164,8167,8209,8173,8165,8196,8170,8143,18.08808708190918
59,8154,8149,8119,8162,8177,8169,8175,8161,8127,8187,8177,8154,8164,8139,18.096047163009644
60,8181,8181,8134,8188,8175,8191,8183,8184,8204,8189,8186,8187,8181,8155,18.103078603744507
61,8157,8158,8121,8174,8181,8182,8186,8182,8188,8186,8183,8172,8166,8135,18.111079931259155
62,8157,8149,8118,8167,8176,8187,8179,8167,8126,8184,8170,8155,8154,8127,18.119047164916992
63,8172,8184,8138,8188,8158,8188,8168,8173,8200,8175,8157,8191,8173,8140,18.12701177597046
64,8153,8157,8121,8177,8170,8163,8184,8172,8129,8190,8167,8151,8166,8141,18.1349356174469
65,8169,8165,8130,8173,8166,8161,8170,8177,8183,8175,8162,8186,8169,8150,18.142940998077396
66,8163,8162,8131,8170,8155,8143,8154,8169,8180,8175,8157,8179,8169,8144,18.151047945022583
67,8163,8156,8128,8174,8167,8150,8157,8161,8123,8188,8158,8149,8166,8144,18.15904712677002
68,8173,8172,8137,8176,8167,8166,8156,8175,8204,8171,8143,8189,8173,8142,18.167011260986328
69,8160,8152,8122,8169,8181,8153,8175,8175,8134,8188,8163,8160,8167,8140,18.17370891571045
70,8187,8182,8141,8198,8190,8172,8185,8185,8198,8198,8183,8183,8180,8169,18.181708812713623
71,8175,8175,8133,8191,8188,8173,8187,8185,8218,8191,8173,8173,8174,8160,18.19004726409912
72,8170,8158,8114,8180,8188,8166,8191,8180,8147,8197,8171,8145,8164,8148,18.197726726531982
73,8196,8197,8139,8200,8175,8167,8182,8196,8253,8191,8174,8198,8179,8157,18.20604109764099
74,8181,8175,8131,8192,8180,8153,8187,8189,8188,8197,8174,8158,8167,8144,18.21404504776001
75,8194,8177,8124,8194,8171,8169,8188,8185,8191,8187,8157,8167,8169,8152,18.221587657928467
76,8177,8174,8115,8185,8162,8168,8188,8183,8216,8182,8149,8179,8172,8152,18.2290472984314
77,8165,8151,8106,8173,8177,8162,8193,8175,8143,8196,8157,8144,8159,8148,18.237011432647705
78,8178,8172,8117,8173,8159,8174,8179,8177,8213,8179,8146,8180,8164,8142,18.24504852294922
79,8153,8154,8101,8166,8160,8165,8188,8175,8154,8182,8147,8154,8162,8122,18.25303602218628
80,8176,8168,8112,8194,8176,8185,8197,8188,8184,8191,8152,8176,8174,8143,18.26103925704956
81,8185,8173,8122,8196,8169,8188,8193,8191,8231,8195,8154,8190,8175,8153,18.269047737121586
82,8182,8155,8116,8182,8169,8172,8200,8178,8146,8209,8167,8152,8165,8152,18.27706527709961
83,8207,8183,8134,8193,8169,8180,8195,8189,8244,8199,8168,8204,8182,8169,18.28506374359131
84,8183,8159,8112,8181,8175,8171,8200,8186,8210,8207,8172,8171,8168,8161,18.29306364059448
85,8178,8160,8099,8184,8170,8177,8196,8178,8191,8205,8163,8159,8161,8156,18.30106472969055
86,8179,8172,8110,8189,8158,8178,8189,8185,8240,8197,8148,8185,8171,8143,18.308070182800293
87,8192,8161,8115,8188,8169,8166,8202,8188,8169,8214,8153,8154,8157,8141,18.315070152282715
88,8215,8192,8134,8203,8170,8176,8190,8186,8241,8192,8147,8193,8164,8155,18.32358026504517
89,8178,8168,8111,8194,8180,8168,8189,8174,8186,8180,8144,8166,8161,8129,18.33157706260681
90,8178,8161,8094,8193,8183,8172,8192,8176,8148,8185,8138,8158,8164,8125,18.3395791053772
91,8182,8171,8089,8189,8170,8167,8186,8184,8212,8183,8139,8186,8173,8138,18.34757709503174
92,8163,8146,8068,8180,8188,8154,8211,8184,8149,8209,8169,8154,8167,8142,18.35604739189148
93,8184,8169,8089,8192,8185,8167,8213,8196,8238,8210,8175,8196,8177,8150,18.36304783821106
94,8187,8159,8103,8183,8171,8156,8208,8192,8224,8215,8175,8175,8169,8139,18.37060832977295
94,8187,8159,8103,8183,8171,8156,8208,8192,8224,8215,8175,8175,8169,8139,18.371599674224854
95,8213,8166,8117,8185,8178,8153,8208,8185,8195,8225,8180,8157,8167,8157,18.378599405288696
96,8198,8185,8120,8182,8179,8143,8188,8179,8252,8197,8166,8192,8174,8152,18.38701128959656
97,8154,8159,8094,8175,8191,8131,8186,8169,8135,8189,8153,8144,8155,8112,18.395047903060917
98,8192,8190,8095,8202,8187,8156,8188,8185,8180,8184,8138,8167,8159,8115,18.403047561645508
99,8184,8178,8071,8187,8177,8138,8198,8183,8185,8188,8152,8167,8160,8125,18.411328315734863
100,8161,8159,8060,8174,8175,8128,8200,8176,8152,8198,8172,8157,8163,8142,18.418856143951416
101,8175,8181,8085,8193,8163,8141,8188,8192,8238,8195,8158,8187,8174,8148,18.426860332489014
102,8192,8163,8085,8192,8183,8138,8207,8192,8170,8220,8158,8148,8164,8146,18.4338641166687
103,8217,8180,8107,8190,8190,8149,8207,8192,8231,8210,8165,8187,8171,8171,18.44211459159851
104,8181,8173,8101,8173,8175,8140,8188,8186,8227,8189,8161,8189,8168,8155,18.44994330406189
105,8179,8159,8083,8175,8172,8137,8182,8176,8136,8193,8151,8162,8160,8140,18.4579393863678
106,8198,8180,8097,8179,8160,8144,8174,8173,8208,8177,8142,8204,8174,8147,18.46593451499939
107,8174,8160,8080,8165,8171,8133,8189,8168,8145,8188,8159,8165,8165,8142,18.47392988204956
108,8195,8175,8075,8185,8177,8150,8192,8184,8179,8199,8164,8181,8168,8153,18.48192977905273
109,8182,8173,8069,8179,8170,8145,8183,8187,8197,8199,8165,8184,8167,8150,18.489930629730225
110,8174,8163,8061,8164,8175,8139,8193,8176,8128,8206,8180,8157,8163,8154,18.49714493751526
111,8193,8186,8073,8175,8170,8158,8192,8184,8215,8196,8173,8207,8175,8166,18.50454092025757
112,8164,8150,8062,8164,8175,8141,8187,8176,8141,8203,8167,8167,8162,8149,18.51254105567932
113,8176,8162,8077,8171,8169,8139,8175,8170,8144,8194,8161,8172,8168,8152,18.52104902267456
114,8179,8174,8082,8173,8166,8140,8183,8178,8182,8189,8157,8190,8175,8147,18.5290470123291
115,8178,8161,8079,8175,8184,8142,8204,8187,8133,8218,8174,8168,8169,8146,18.53701090812683
116,8200,8192,8107,8196,8174,8149,8194,8191,8234,8214,8185,8213,8178,8159,18.545101165771484
117,8182,8164,8091,8177,8168,8130,8195,8173,8152,8203,8176,8173,8161,8133,18.552794218063354
118,8187,8159,8079,8167,8168,8136,8192,8170,8121,8191,8148,8171,8161,8126,18.560566186904907
119,8164,8161,8073,8156,8164,8129,8183,8166,8170,8180,8144,8190,8170,8125,18.567567586898804
120,8138,8143,8050,8142,8171,8128,8197,8158,8089,8192,8165,8151,8160,8118,18.576047897338867
121,8170,8173,8059,8157,8159,8152,8195,8178,8162,8184,8153,8192,8168,8128,18.58404779434204
121,8170,8173,8059,8157,8159,8152,8195,8178,8162,8184,8153,8192,8168,8128,18.58457088470459
122,8162,8152,8052,8153,8166,8138,8200,8172,8122,8187,8150,8173,8163,8126,18.59204745292664
123,8166,8156,8060,8161,8176,8147,8203,8169,8119,8188,8155,8175,8166,8132,18.60003423690796
124,8169,8174,8072,8157,8164,8145,8197,8180,8182,8180,8146,8201,8173,8129,18.608047008514404
125,8158,8148,8056,8139,8171,8126,8197,8165,8081,8187,8152,8160,8161,8125,18.616039037704468
126,8181,8170,8070,8153,8168,8143,8182,8164,8144,8168,8150,8197,8171,8128,18.624046802520752
127,8168,8165,8063,8149,8173,8138,8192,8171,8136,8178,8156,8178,8171,8114,18.63104748725891
127,8168,8165,8063,8149,8173,8138,8192,8171,8136,8178,8156,8178,8171,8114,18.631621837615967
239,8173,8165,8058,8153,8179,8145,8209,8175,8123,8192,8157,8163,8171,8126,18.639046907424927
0,8176,8172,8065,8154,8166,8152,8200,8176,8187,8168,8139,8188,8171,8132,18.647119522094727
0,8176,8172,8065,8154,8166,8152,8200,8176,8187,8168,8139,8188,8171,8132,18.64813208580017
1,8168,8150,8066,8148,8175,8142,8209,8174,8116,8179,8143,8154,8163,8136,18.65493083000183
2,8188,8181,8083,8164,8178,8155,8205,8185,8200,8189,8149,8202,8181,8160,18.662923574447632
3,8164,8165,8057,8154,8177,8143,8195,8170,8177,8190,8153,8184,8176,8143,18.670907258987427
4,8177,8158,8050,8164,8185,8148,8199,8165,8144,8200,8162,8159,8173,8145,18.678383588790894
4,8177,8158,8050,8164,8185,8148,8199,8165,8144,8200,8162,8159,8173,8145,18.67937922477722
5,8192,8192,8077,8181,8191,8160,8205,8184,8250,8203,8169,8194,8184,8158,18.687379598617557
6,8168,8178,8063,8172,8211,8150,8217,8180,8159,8209,8170,8148,8164,8127,18.69344210624695
6,8168,8178,8063,8172,8211,8150,8217,8180,8159,8209,8170,8148,8164,8127,18.6944682598114
7,8195,8195,8070,8186,8203,8158,8205,8178,8180,8179,8148,8176,8165,8125,18.70204734802246
8,8189,8180,8071,8175,8195,8146,8211,8175,8183,8162,8152,8184,8170,8140,18.70948958396912
9,8185,8162,8067,8162,8210,8154,8230,8177,8150,8178,8177,8168,8171,8162,18.718011379241943
10,8183,8177,8068,8162,8199,8169,8223,8190,8238,8176,8171,8198,8177,8163,18.726046085357662
11,8164,8152,8050,8153,8191,8155,8232,8186,8165,8191,8174,8155,8164,8147,18.734047651290894
12,8199,8171,8070,8170,8190,8157,8227,8182,8205,8187,8182,8185,8173,8168,18.74203109741211
13,8189,8167,8071,8169,8202,8144,8212,8172,8211,8179,8190,8191,8175,8167,18.75014853477478
14,8181,8161,8053,8164,8214,8145,8210,8166,8141,8189,8191,8157,8167,8161,18.75815153121948
15,8195,8185,8060,8169,8192,8157,8201,8167,8211,8167,8164,8187,8169,8149,18.76504874229431
16,8159,8148,8042,8153,8189,8135,8200,8153,8110,8159,8152,8146,8152,8112,18.773042678833008
17,8163,8158,8040,8157,8189,8142,8189,8163,8130,8154,8157,8168,8167,8122,18.78117799758911
18,8172,8167,8033,8151,8185,8146,8194,8179,8190,8166,8170,8183,8178,8132,18.789194345474243
19,8164,8149,8021,8144,8191,8144,8204,8167,8115,8180,8171,8141,8161,8124,18.797244787216187
20,8154,8162,8029,8154,8171,8153,8177,8152,8157,8141,8145,8172,8164,8119,18.805260181427
21,8138,8134,8010,8141,8171,8139,8179,8139,8076,8137,8147,8141,8157,8112,18.813048124313354
22,8167,8153,8017,8146,8187,8147,8189,8159,8111,8153,8162,8164,8167,8134,18.82104730606079
23,8165,8174,8027,8150,8193,8148,8192,8179,8194,8161,8172,8190,8174,8135,18.828047037124637
24,8159,8158,8025,8153,8203,8145,8208,8170,8125,8178,8183,8149,8165,8124,18.835965156555176
25,8170,8176,8038,8156,8192,8159,8198,8170,8188,8159,8163,8181,8170,8123,18.843721389770508
26,8131,8142,8000,8129,8191,8144,8189,8152,8117,8152,8145,8144,8156,8101,18.851725339889526
27,8133,8146,7986,8138,8191,8151,8182,8150,8103,8144,8142,8148,8166,8105,18.86004900932312
28,8136,8166,7997,8141,8178,8153,8179,8161,8154,8132,8143,8174,8178,8105,18.868431568145752
29,8121,8142,7980,8121,8184,8143,8184,8150,8058,8142,8149,8128,8161,8099,18.875471591949463
29,8121,8142,7980,8121,8184,8143,8184,8150,8058,8142,8149,8128,8161,8099,18.87646508216858
30,8134,8159,7985,8132,8178,8151,8161,8157,8127,8128,8139,8169,8167,8111,18.88446807861328
31,8127,8138,7982,8131,8179,8134,8164,8164,8095,8129,8144,8156,8163,8105,18.89250326156616
32,8145,8144,7989,8136,8178,8140,8167,8158,8072,8127,8147,8152,8158,8113,18.898924350738525
33,8142,8166,7991,8141,8168,8143,8144,8152,8128,8108,8133,8168,8160,8105,18.90700626373291
34,8129,8139,7971,8134,8182,8133,8152,8149,8042,8124,8133,8124,8153,8089,18.915510654449463
35,8156,8155,7985,8142,8172,8146,8157,8156,8118,8122,8135,8169,8168,8104,18.922617197036743
35,8156,8155,7985,8142,8172,8146,8157,8156,8118,8122,8135,8169,8168,8104,18.92361283302307
36,8140,8152,7981,8140,8167,8137,8164,8156,8103,8125,8142,8153,8166,8099,18.93061232566833
36,8140,8152,7981,8140,8167,8137,8164,8156,8103,8125,8142,8153,8166,8099,18.931612014770508
37,8157,8162,7986,8152,8183,8142,8175,8157,8070,8137,8141,8144,8164,8112,18.938755989074707
38,8159,8168,7996,8145,8178,8152,8168,8155,8144,8125,8138,8185,8171,8118,18.9467556476593
39,8130,8135,7969,8134,8175,8145,8178,8161,8072,8141,8154,8139,8159,8105,18.955043077468872
40,8168,8165,7975,8157,8164,8153,8189,8186,8156,8157,8156,8169,8173,8131,18.962044715881348
41,8157,8160,7978,8142,8172,8142,8197,8181,8177,8170,8167,8172,8174,8139,18.970046758651733
42,8151,8154,7962,8141,8182,8146,8195,8174,8128,8172,8174,8152,8165,8132,18.977660655975345
42,8151,8154,7962,8141,8182,8146,8195,8174,8128,8172,8174,8152,8165,8132,18.97866177558899
43,8164,8176,7950,8149,8158,8145,8179,8174,8180,8156,8154,8180,8168,8123,18.9856641292572
43,8164,8176,7950,8149,8158,8145,8179,8174,8180,8156,8154,8180,8168,8123,18.986660480499268
44,8129,8147,7924,8123,8161,8127,8185,8159,8094,8173,8159,8140,8159,8110,18.99405026435852
45,8134,8165,7923,8134,8165,8147,8182,8169,8157,8174,8161,8166,8170,8118,19.002047300338745
46,8139,8159,7902,8134,8162,8135,8183,8173,8167,8173,8152,8163,8169,8110,19.0100417137146
47,8146,8150,7891,8128,8172,8126,8192,8172,8113,8184,8164,8144,8165,8112,19.017542839050293
47,8146,8150,7891,8128,8172,8126,8192,8172,8113,8184,8164,8144,8165,8112,19.01855158805847
48,8151,8179,7898,8142,8167,8137,8185,8182,8206,8171,8157,8184,8172,8115,19.024553060531616
49,8135,8154,7865,8135,8170,8128,8194,8168,8119,8184,8148,8141,8158,8105,19.033047437667847
50,8155,8166,7873,8141,8174,8157,8191,8172,8151,8186,8159,8168,8167,8125,19.04104804992676
51,8147,8168,7876,8143,8169,8162,8176,8178,8181,8173,8163,8179,8169,8116,19.04904699325561
52,8150,8155,7858,8142,8165,8149,8177,8159,8093,8172,8158,8148,8160,8107,19.05701065063477
53,8169,8182,7868,8151,8160,8167,8184,8169,8187,8168,8166,8196,8174,8121,19.065033674240112
54,8165,8163,7853,8149,8184,8176,8221,8196,8177,8206,8194,8164,8172,8123,19.073029279708862
55,8199,8174,7858,8167,8190,8190,8234,8212,8232,8220,8191,8176,8180,8150,19.080501556396484
56,8178,8177,7859,8167,8169,8181,8210,8199,8263,8198,8181,8190,8175,8149,19.087491512298584
57,8165,8163,7836,8165,8173,8174,8210,8188,8174,8202,8185,8152,8163,8134,19.096047163009644
58,8194,8180,7830,8163,8170,8184,8214,8201,8252,8197,8184,8192,8181,8154,19.104047536849976
59,8157,8147,7805,8137,8171,8170,8217,8198,8195,8201,8195,8162,8172,8148,19.112047910690308
60,8166,8163,7803,8150,8174,8174,8207,8191,8188,8190,8172,8161,8170,8135,19.119803428649902
61,8171,8181,7795,8148,8170,8165,8199,8177,8212,8172,8147,8174,8171,8116,19.127804040908813
61,8171,8181,7795,8148,8170,8165,8199,8177,8212,8172,8147,8174,8171,8116,19.12880039215088
62,8155,8151,7774,8141,8185,8167,8215,8173,8127,8195,8176,8144,8161,8114,19.13604712486267
63,8182,8175,7794,8171,8185,8191,8213,8189,8230,8195,8179,8192,8172,8133,19.144047021865845
64,8165,8159,7779,8159,8190,8171,8211,8172,8180,8184,8171,8162,8165,8124,19.15213274955749
65,8167,8161,7773,8158,8186,8171,8197,8164,8148,8178,8173,8162,8165,8131,19.15912795066833
66,8180,8176,7784,8169,8172,8181,8189,8175,8218,8178,8169,8187,8171,8139,19.16701030731201
67,8165,8148,7766,8154,8183,8175,8198,8162,8132,8188,8174,8139,8163,8131,19.175047636032104
68,8167,8168,7770,8158,8173,8184,8177,8164,8185,8165,8168,8176,8176,8133,19.18278956413269
69,8171,8166,7771,8166,8180,8175,8183,8173,8172,8176,8169,8167,8170,8132,19.190798044204712
70,8200,8179,7788,8180,8196,8188,8198,8176,8175,8193,8185,8163,8167,8153,19.19879961013794
71,8182,8189,7785,8172,8179,8195,8188,8172,8242,8179,8190,8191,8177,8149,19.20690083503723
72,8157,8152,7749,8156,8172,8182,8193,8154,8124,8188,8185,8147,8164,8126,19.214895963668823
73,8184,8173,7762,8177,8170,8198,8181,8158,8174,8178,8185,8182,8170,8145,19.222046852111816
74,8167,8168,7759,8179,8176,8195,8179,8170,8185,8181,8203,8170,8166,8136,19.23004722595215
75,8177,8166,7753,8178,8180,8197,8192,8171,8155,8188,8196,8150,8166,8129,19.238046884536743
76,8189,8186,7770,8176,8170,8206,8189,8170,8230,8171,8184,8191,8180,8138,19.24622774124145
77,8180,8168,7761,8173,8190,8204,8194,8165,8165,8190,8207,8158,8163,8139,19.254229307174683
78,8204,8185,7763,8184,8191,8208,8181,8166,8208,8176,8193,8183,8161,8139,19.26204800605774
79,8165,8166,7750,8162,8183,8182,8171,8152,8179,8152,8176,8172,8163,8112,19.27023768424988
80,8163,8164,7745,8167,8190,8188,8186,8157,8144,8175,8196,8154,8167,8121,19.27804684638977
81,8197,8185,7750,8176,8175,8198,8181,8171,8236,8176,8190,8194,8177,8139,19.285303831100464
82,8154,8142,7715,8137,8172,8175,8167,8153,8118,8158,8174,8145,8159,8117,19.292583227157596
82,8154,8142,7715,8137,8172,8175,8167,8153,8118,8158,8174,8145,8159,8117,19.293487071990967
83,8148,8166,7724,8149,8169,8188,8155,8163,8151,8143,8167,8171,8164,8124,19.30118012428284
84,8166,8179,7732,8167,8165,8185,8164,8175,8194,8162,8171,8181,8165,8131,19.308709621429443
85,8168,8157,7719,8153,8170,8176,8167,8157,8125,8174,8178,8153,8161,8130,19.316734313964844
86,8159,8177,7734,8151,8161,8182,8147,8158,8194,8151,8172,8190,8173,8123,19.325047969818115
87,8146,8162,7723,8148,8171,8172,8160,8157,8125,8167,8172,8152,8159,8112,19.3327374458313
87,8146,8162,7723,8148,8171,8172,8160,8157,8125,8167,8172,8152,8159,8112,19.333739280700684
88,8172,8174,7725,8155,8173,8189,8165,8155,8155,8173,8175,8169,8165,8128,19.34074354171753
89,8150,8169,7721,8151,8164,8188,8155,8156,8193,8168,8182,8178,8169,8113,19.34774422645569
90,8150,8152,7711,8157,8180,8175,8166,8158,8123,8181,8183,8144,8160,8111,19.35604739189148
91,8178,8177,7726,8159,8180,8183,8163,8162,8201,8161,8172,8190,8172,8135,19.36682510375977
92,8150,8155,7719,8138,8177,8185,8169,8162,8146,8166,8188,8165,8160,8127,19.37182641029358
93,8172,8166,7734,8158,8169,8202,8169,8172,8172,8180,8189,8173,8166,8132,19.379825115203857
94,8175,8173,7744,8160,8167,8190,8160,8164,8213,8170,8181,8187,8175,8133,19.38782787322998
95,8160,8158,7738,8154,8192,8181,8170,8155,8134,8176,8192,8157,8162,8134,19.395824909210205
96,8187,8187,7753,8176,8186,8199,8168,8173,8229,8178,8177,8199,8167,8148,19.403827905654907
97,8168,8159,7736,8160,8180,8184,8175,8167,8181,8187,8171,8168,8167,8136,19.41082763671875
98,8172,8166,7743,8159,8184,8187,8180,8171,8182,8182,8172,8166,8175,8139,19.418330430984497
98,8172,8166,7743,8159,8184,8187,8180,8171,8182,8182,8172,8166,8175,8139,19.419334650039676
99,8176,8178,7745,8162,8185,8186,8179,8177,8243,8169,8162,8177,8173,8136,19.42733383178711
100,8153,8145,7715,8142,8189,8172,8188,8160,8137,8177,8166,8130,8154,8128,19.4353346824646
101,8160,8169,7723,8139,8178,8178,8173,8170,8198,8166,8162,8184,8164,8135,19.44233703613281
101,8160,8169,7723,8139,8178,8178,8173,8170,8198,8166,8162,8184,8164,8135,19.443334817886356
102,8157,8162,7727,8134,8189,8165,8176,8173,8183,8181,8166,8173,8166,8126,19.451047897338867
103,8175,8162,7742,8148,8196,8170,8180,8164,8169,8188,8176,8160,8169,8133,19.459022521972656
104,8170,8168,7748,8154,8182,8173,8168,8165,8214,8162,8172,8184,8168,8130,19.46701121330261
105,8172,8154,7738,8153,8206,8172,8185,8166,8135,8175,8176,8148,8161,8129,19.474425554275516
106,8214,8190,7774,8175,8218,8195,8193,8181,8236,8188,8184,8195,8179,8156,19.48243737220764
107,8188,8174,7778,8165,8213,8179,8194,8185,8233,8204,8207,8183,8171,8153,19.490455389022827
108,8181,8170,7765,8165,8207,8178,8190,8185,8205,8213,8214,8163,8168,8159,19.498281240463257
109,8185,8190,7762,8165,8185,8183,8172,8184,8270,8197,8186,8185,8176,8154,19.50628662109375
110,8179,8163,7749,8149,8192,8170,8184,8173,8173,8208,8185,8147,8158,8143,19.514284133911133
111,8211,8183,7773,8161,8208,8188,8192,8180,8245,8205,8193,8192,8170,8169,19.52180004119873
112,8176,8169,7766,8149,8214,8171,8186,8172,8237,8199,8192,8179,8172,8152,19.528798818588257
113,8162,8158,7760,8147,8205,8165,8177,8167,8156,8197,8183,8149,8158,8131,19.53779935836792
114,8188,8190,7776,8165,8197,8172,8170,8174,8222,8181,8146,8188,8159,8137,19.5452573299408
115,8170,8169,7762,8151,8217,8156,8180,8158,8138,8185,8089,8150,8156,8127,19.553256511688232
116,8168,8173,7767,8144,8198,8156,8164,8155,8159,8168,8001,8169,8164,8123,19.561347246170044
117,8151,8152,7755,8128,8165,8142,8157,8150,8134,8157,7927,8163,8156,8108,19.56936836242676
118,8152,8147,7746,8128,8168,8147,8168,8141,8054,8168,7884,8145,8155,8116,19.57742977142334
119,8164,8180,7776,8142,8169,8157,8161,8153,8137,8162,7843,8193,8174,8135,19.58543038368225
120,8148,8152,7774,8128,8177,8141,8166,8158,8075,8176,7822,8150,8159,8129,19.59343385696411
121,8173,8171,7784,8135,8178,8163,8167,8161,8118,8177,7796,8166,8166,8133,19.60104775428772
122,8179,8185,7798,8142,8187,8163,8179,8164,8158,8182,7783,8186,8175,8135,19.60908555984497
123,8197,8176,7807,8149,8205,8144,8197,8168,8103,8194,7783,8160,8165,8148,19.61608576774597
124,8198,8187,7819,8143,8188,8145,8177,8172,8174,8166,7766,8187,8173,8148,19.624048948287964
125,8147,8153,7800,8121,8184,8138,8181,8172,8108,8186,7768,8151,8169,8130,19.632667541503903
126,8179,8173,7815,8149,8188,8149,8200,8195,8166,8221,7770,8177,8178,8160,19.64001941680908
127,8193,8187,7823,8155,8182,8151,8197,8198,8221,8218,7761,8189,8179,8168,19.64802050590515
239,8179,8164,7806,8139,8183,8150,8197,8178,8116,8212,7755,8148,8161,8151,19.656017541885376
0,8194,8189,7821,8151,8172,8151,8187,8175,8171,8193,7735,8193,8161,8151,19.66404747962952
1,8179,8177,7812,8146,8179,8133,8183,8162,8108,8195,7731,8163,8160,8136,19.672070503234863
2,8195,8185,7814,8148,8180,8150,8172,8157,8101,8188,7726,8164,8175,8142,19.67906641960144
3,8184,8187,7821,8148,8163,8145,8167,8165,8144,8177,7718,8185,8174,8136,19.687011003494263
4,8173,8171,7815,8150,8174,8126,8184,8160,8064,8194,7722,8151,8159,8119,19.69502687454224
5,8199,8200,7830,8161,8174,8136,8175,8163,8138,8182,7705,8186,8170,8118,19.7030348777771
6,8168,8170,7810,8137,8169,8120,8173,8155,8084,8176,7697,8148,8158,8105,19.711126565933228
7,8170,8167,7802,8142,8168,8127,8174,8157,8067,8177,7701,8152,8163,8119,19.7186291217804
8,8187,8192,7820,8155,8171,8140,8174,8171,8150,8177,7709,8191,8182,8129,19.72704029083252
9,8186,8173,7818,8146,8182,8133,8194,8168,8086,8195,7718,8147,8169,8125,19.73462986946106
10,8191,8180,7818,8143,8157,8131,8176,8163,8127,8172,7698,8172,8169,8128,19.742629289627075
11,8160,8167,7800,8137,8153,8113,8177,8158,8083,8181,7704,8163,8168,8117,19.750047206878666
12,8178,8179,7814,8153,8169,8123,8194,8169,8086,8202,7725,8171,8175,8134,19.75805163383484
13,8182,8179,7824,8147,8143,8118,8173,8169,8139,8169,7712,8186,8170,8122,19.76607871055603
14,8159,8141,7804,8129,8132,8100,8170,8151,8015,8165,7711,8131,8149,8087,19.774069786071777
15,8182,8178,7824,8149,8135,8122,8184,8161,8104,8181,7730,8179,8176,8108,19.78204751014709
16,8159,8168,7818,8140,8142,8120,8190,8168,8124,8196,7753,8175,8180,8118,19.79004716873169
17,8167,8163,7817,8145,8146,8121,8180,8173,8085,8197,7758,8153,8168,8122,19.798041343688965
18,8192,8192,7840,8163,8135,8121,8172,8176,8161,8183,7748,8190,8174,8128,19.80570697784424
19,8168,8159,7821,8147,8143,8097,8179,8155,8068,8184,7751,8151,8164,8116,19.81270694732666
20,8170,8171,7823,8148,8141,8109,8160,8152,8099,8163,7742,8177,8171,8114,19.821048259735107
21,8151,8165,7821,8142,8141,8104,8151,8143,8074,8153,7739,8163,8165,8095,19.82923698425293
22,8150,8157,7817,8147,8148,8101,8152,8134,8004,8153,7736,8134,8153,8092,19.83723855018616
23,8166,8184,7832,8157,8137,8109,8139,8146,8100,8138,7720,8177,8160,8099,19.845048189163208
24,8159,8169,7828,8144,8152,8099,8152,8145,8042,8161,7730,8147,8154,8095,19.85268831253052
25,8179,8189,7848,8162,8162,8112,8152,8150,8091,8164,7736,8178,8168,8106,19.86068844795227
25,8179,8189,7848,8162,8162,8112,8152,8150,8091,8164,7736,8178,8168,8106,19.86168360710144
26,8162,8181,7848,8159,8163,8107,8146,8149,8102,8153,7734,8175,8171,8104,19.869046926498413
27,8167,8172,7845,8155,8164,8116,8158,8150,8043,8164,7742,8145,8164,8113,19.876047372817997
28,8186,8204,7865,8171,8152,8135,8160,8162,8153,8162,7744,8195,8174,8123,19.884130477905277
29,8157,8181,7851,8163,8168,8121,8171,8151,8096,8166,7744,8155,8166,8104,19.892131328582764
30,8178,8192,7861,8169,8172,8132,8166,8148,8102,8149,7729,8159,8170,8111,19.900150060653687
31,8172,8183,7856,8156,8155,8121,8158,8146,8104,8133,7717,8163,8165,8105,19.90804648399353
32,8150,8154,7831,8142,8151,8111,8160,8138,8028,8144,7723,8130,8154,8095,19.916030645370483
33,8163,8179,7845,8157,8145,8127,8155,8151,8125,8141,7723,8174,8165,8099,19.923561096191406
34,8152,8162,7847,8160,8162,8117,8176,8153,8077,8156,7741,8147,8159,8090,19.93204689025879
35,8165,8177,7865,8177,8171,8127,8184,8165,8114,8163,7757,8162,8168,8112,19.93904733657837
36,8167,8189,7878,8177,8164,8122,8180,8172,8177,8165,7760,8177,8172,8125,19.94709801673889
37,8171,8174,7876,8170,8182,8112,8196,8157,8093,8179,7770,8140,8161,8126,19.95504331588745
38,8186,8199,7895,8181,8177,8133,8190,8165,8170,8163,7769,8179,8174,8126,19.96305751800537
39,8165,8170,7878,8166,8162,8124,8182,8158,8111,8164,7768,8143,8161,8099,19.971057415008545
40,8181,8172,7878,8170,8160,8120,8175,8149,8087,8154,7759,8149,8160,8104,19.979047060012817
41,8171,8188,7889,8174,8162,8118,8172,8157,8139,8135,7758,8178,8169,8106,19.98701119422913
42,8148,8165,7879,8159,8167,8118,8182,8160,8070,8160,7779,8136,8159,8094,19.99504780769348
43,8171,8185,7898,8163,8148,8123,8170,8164,8155,8162,7783,8178,8171,8103,20.00312304496765
44,8169,8169,7902,8160,8158,8108,8183,8166,8133,8170,7798,8164,8169,8114,20.010130167007446
45,8185,8174,7912,8174,8173,8124,8197,8173,8139,8180,7811,8159,8167,8141,20.017136812210083
46,8174,8183,7911,8170,8166,8128,8187,8170,8208,8165,7800,8183,8166,8127,20.02604818344116
46,8174,8183,7911,8170,8166,8128,8187,8170,8208,8165,7800,8183,8166,8127,20.0265793800354
47,8153,8154,7887,8152,8184,8119,8196,8160,8116,8173,7807,8144,8158,8104,20.033597469329838
47,8153,8154,7887,8152,8184,8119,8196,8160,8116,8173,7807,8144,8158,8104,20.034591913223267
48,8179,8178,7905,8164,8180,8136,8188,8170,8183,8169,7810,8179,8168,8122,20.041597604751587
49,8161,8165,7895,8157,8169,8125,8185,8162,8158,8176,7816,8166,8158,8117,20.050046920776367
50,8166,8163,7891,8158,8173,8129,8189,8157,8120,8180,7833,8161,8159,8120,20.0580472946167
51,8167,8177,7903,8151,8165,8132,8171,8163,8178,8160,7825,8182,8169,8113,20.06607985496521
52,8145,8153,7886,8135,8165,8118,8172,8152,8081,8171,7812,8132,8150,8088,20.072550535202023
53,8160,8174,7897,8154,8151,8141,8169,8151,8132,8157,7811,8170,8161,8090,20.08104777336121
54,8134,8155,7891,8140,8144,8144,8164,8147,8106,8146,7833,8163,8169,8082,20.089115142822266
55,8134,8150,7891,8131,8152,8149,8162,8145,8050,8159,7842,8145,8163,8095,20.096773147583008
56,8162,8184,7916,8148,8156,8165,8158,8152,8153,8155,7831,8187,8168,8112,20.1047956943512
57,8157,8164,7909,8152,8172,8161,8170,8148,8098,8169,7846,8148,8163,8103,20.1130473613739
58,8168,8175,7908,8161,8164,8173,8159,8157,8139,8165,7849,8168,8172,8104,20.121371507644653
59,8146,8162,7903,8151,8160,8170,8155,8158,8142,8165,7845,8162,8166,8088,20.12938618659973
60,8151,8153,7913,8157,8179,8185,8174,8157,8106,8184,7858,8145,8162,8091,20.136385679244995
61,8165,8178,7931,8168,8174,8202,8172,8166,8203,8175,7863,8189,8176,8103,20.144384384155277
62,8138,8149,7905,8145,8175,8190,8180,8160,8119,8180,7869,8143,8160,8087,20.1520471572876
63,8149,8157,7910,8144,8169,8202,8179,8163,8146,8171,7861,8157,8160,8091,20.160067319869995
64,8125,8146,7909,8130,8153,8191,8167,8154,8141,8147,7858,8157,8158,8077,20.168067932128903
65,8112,8132,7898,8125,8154,8184,8164,8138,8025,8138,7862,8118,8153,8061,20.17604804039001
66,8135,8164,7920,8141,8149,8196,8150,8141,8099,8123,7852,8167,8164,8073,20.183770418167114
67,8109,8133,7911,8121,8150,8174,8144,8134,8045,8125,7865,8145,8156,8076,20.1917724609375
68,8127,8142,7924,8122,8142,8180,8139,8145,8070,8128,7879,8165,8171,8098,20.199777841567997
69,8145,8162,7943,8132,8144,8180,8151,8155,8129,8146,7887,8180,8179,8106,20.207010984420776
70,8138,8148,7942,8132,8161,8168,8162,8146,8075,8164,7898,8143,8156,8097,20.21503591537476
71,8139,8166,7954,8137,8146,8174,8144,8154,8152,8132,7887,8178,8154,8085,20.222551822662357
72,8113,8147,7941,8128,8154,8165,8158,8155,8083,8141,7888,8144,8153,8059,20.23104763031006
73,8127,8160,7952,8140,8169,8172,8166,8157,8093,8160,7901,8149,8168,8069,20.2385995388031
73,8127,8160,7952,8140,8169,8172,8166,8157,8093,8160,7901,8149,8168,8069,20.23959469795227
74,8126,8163,7963,8135,8155,8165,8152,8157,8139,8140,7902,8166,8166,8072,20.246596574783325
74,8126,8163,7963,8135,8155,8165,8152,8157,8139,8140,7902,8166,8166,8072,20.24759268760681
75,8119,8140,7967,8128,8152,8156,8155,8142,8030,8129,7901,8131,8149,8073,20.254616260528564
76,8139,8168,8000,8144,8146,8166,8144,8138,8102,8120,7893,8178,8166,8096,20.26303434371948
77,8115,8149,7991,8127,8147,8155,8148,8135,8070,8137,7900,8156,8166,8093,20.270034313201904
78,8127,8155,8004,8135,8157,8178,8160,8151,8069,8146,7916,8154,8168,8109,20.27804279327393
79,8131,8172,8031,8149,8161,8190,8161,8167,8148,8142,7921,8173,8174,8113,20.286407947540283
80,8121,8148,8019,8139,8167,8172,8167,8151,8067,8150,7918,8129,8158,8097,20.2944118976593
81,8138,8166,8030,8135,8154,8183,8152,8144,8115,8126,7908,8168,8163,8100,20.30175280570984
82,8113,8155,8034,8122,8159,8183,8156,8149,8083,8130,7920,8146,8159,8084,20.30976915359497
83,8128,8159,8046,8133,8165,8195,8164,8159,8089,8146,7920,8137,8159,8085,20.31777834892273
84,8138,8170,8057,8134,8148,8189,8152,8166,8161,8138,7917,8170,8167,8089,20.326047658920288
85,8124,8145,8046,8125,8154,8167,8157,8157,8063,8150,7942,8128,8160,8085,20.33377337455749
86,8137,8167,8055,8136,8144,8182,8152,8154,8122,8131,7932,8155,8169,8092,20.34077286720276
87,8095,8142,8028,8112,8128,8174,8137,8136,8074,8109,7907,8129,8157,8059,20.349047899246216
88,8084,8130,8011,8106,8128,8169,8128,8129,8000,8107,7909,8117,8155,8047,20.356786727905277
89,8107,8162,8035,8122,8120,8172,8127,8141,8090,8105,7925,8169,8172,8065,20.36504817008972
90,8112,8149,8047,8126,8133,8174,8154,8141,8052,8142,7953,8142,8165,8085,20.372924327850345
91,8133,8167,8064,8139,8129,8195,8150,8154,8131,8146,7959,8171,8173,8106,20.380915880203247
92,8106,8147,8045,8117,8118,8182,8138,8152,8113,8130,7956,8155,8164,8083,20.3890483379364
93,8109,8137,8040,8110,8129,8189,8149,8146,8056,8141,7967,8136,8158,8083,20.397011041641235
94,8129,8168,8067,8123,8128,8204,8157,8163,8172,8148,7975,8184,8176,8098,20.40404725074768
95,8114,8138,8053,8110,8130,8186,8172,8163,8115,8166,7987,8141,8166,8086,20.412358045578003
96,8138,8157,8065,8126,8125,8198,8166,8166,8149,8160,7984,8157,8169,8097,20.419884204864506
97,8131,8166,8076,8133,8130,8195,8161,8165,8160,8158,7989,8161,8172,8096,20.428041696548465
98,8134,8157,8080,8132,8140,8191,8166,8161,8098,8170,8006,8146,8172,8098,20.436047554016117
99,8150,8177,8096,8138,8123,8193,8161,8163,8178,8154,7994,8185,8176,8101,20.44448924064636
100,8121,8153,8073,8120,8131,8170,8174,8149,8092,8158,7988,8134,8151,8077,20.452048301696777
101,8125,8165,8072,8119,8129,8173,8159,8147,8094,8143,7983,8151,8153,8072,20.46004581451416
102,8120,8164,8078,8112,8114,8169,8135,8140,8109,8123,7982,8169,8168,8068,20.467045068740845
103,8130,8156,8092,8119,8130,8172,8148,8133,8059,8141,8000,8139,8166,8082,20.47504448890686
104,8159,8188,8124,8139,8131,8187,8153,8150,8169,8146,8002,8181,8172,8101,20.48304533958435
105,8142,8162,8111,8128,8131,8171,8163,8153,8118,8167,8018,8147,8165,8090,20.491045475006104
106,8157,8173,8113,8141,8136,8182,8167,8162,8147,8178,8029,8153,8175,8099,20.499045610427856
107,8152,8179,8117,8142,8144,8182,8168,8170,8200,8171,8026,8168,8175,8103,20.507050037384037
108,8136,8158,8104,8131,8155,8171,8172,8166,8115,8178,8030,8131,8164,8095,20.51504945755005
109,8156,8177,8115,8138,8133,8185,8158,8166,8177,8164,8019,8172,8174,8088,20.52315855026245
110,8140,8158,8107,8132,8133,8175,8166,8146,8106,8165,8029,8149,8160,8071,20.530158042907715
111,8154,8177,8125,8148,8148,8182,8168,8146,8109,8163,8041,8158,8164,8087,20.538167715072632
112,8157,8189,8137,8150,8151,8176,8160,8163,8186,8157,8036,8179,8177,8086,20.54604840278625
113,8142,8155,8116,8129,8157,8160,8167,8151,8107,8170,8036,8139,8162,8074,20.554044485092163
114,8144,8168,8128,8130,8136,8176,8150,8145,8164,8156,8032,8176,8161,8079,20.56204462051392
115,8116,8151,8121,8126,8127,8176,8153,8150,8124,8164,8038,8141,8156,8062,20.57004690170288
116,8156,8167,8128,8146,8138,8182,8174,8161,8128,8176,8040,8140,8172,8082,20.578086853027344
117,8176,8186,8149,8149,8143,8178,8174,8158,8207,8165,8042,8190,8184,8105,20.58623218536377
118,8136,8159,8141,8130,8157,8177,8179,8151,8126,8179,8062,8153,8166,8098,20.594047784805294
119,8149,8186,8152,8150,8152,8196,8174,8173,8203,8175,8056,8176,8173,8102,20.6010639667511
120,8150,8170,8149,8149,8147,8172,8172,8169,8175,8173,8048,8153,8163,8092,20.609084129333496
121,8155,8154,8148,8138,8148,8169,8164,8147,8120,8165,8050,8143,8157,8096,20.617004871368408
121,8155,8154,8148,8138,8148,8169,8164,8147,8120,8165,8050,8143,8157,8096,20.61739826202393
122,8132,8165,8147,8132,8132,8172,8140,8140,8169,8132,8046,8174,8168,8086,20.62494397163391
123,8111,8144,8132,8130,8134,8157,8145,8137,8074,8138,8045,8129,8156,8063,20.63321256637573
124,8154,8171,8154,8146,8135,8168,8148,8146,8135,8137,8027,8161,8164,8073,20.64104723930359
125,8129,8163,8144,8123,8133,8158,8149,8137,8118,8129,8025,8145,8166,8063,20.64840412139893
125,8129,8163,8144,8123,8133,8158,8149,8137,8118,8129,8025,8145,8166,8063,20.64940571784973
126,8109,8149,8131,8116,8127,8156,8146,8136,8058,8137,8033,8121,8158,8065,20.65701127052307
127,8136,8170,8150,8127,8117,8155,8141,8150,8146,8148,8026,8164,8161,8083,20.664448499679565
239,8142,8158,8154,8129,8138,8139,8166,8146,8100,8168,8047,8134,8165,8087,20.67151403427124
239,8142,8158,8154,8129,8138,8139,8166,8146,8100,8168,8047,8134,8165,8087,20.6725070476532
0,8152,8183,8178,8154,8138,8157,8163,8161,8179,8156,8060,8166,8182,8099,20.68050742149353
1,8131,8165,8170,8143,8129,8147,8152,8163,8181,8152,8048,8160,8166,8087,20.68804717063904
2,8130,8148,8152,8129,8141,8138,8152,8146,8087,8149,8042,8129,8155,8085,20.695551872253414
3,8130,8178,8169,8144,8138,8147,8137,8147,8151,8118,8040,8166,8173,8082,20.704047679901123
4,8114,8154,8160,8138,8144,8133,8141,8142,8079,8124,8043,8127,8156,8052,20.712104320526123
5,8148,8167,8175,8137,8151,8142,8146,8146,8115,8128,8042,8152,8160,8065,20.72020196914673
6,8144,8180,8191,8144,8167,8144,8159,8158,8170,8142,8070,8165,8172,8085,20.728048086166385
7,8133,8171,8184,8155,8185,8146,8165,8155,8132,8165,8089,8136,8167,8096,20.735047817230225
8,8140,8183,8179,8148,8158,8157,8142,8152,8197,8140,8066,8172,8172,8094,20.74318790435791
9,8120,8151,8166,8131,8158,8148,8153,8159,8129,8153,8072,8138,8167,8085,20.751177310943604
10,8148,8173,8196,8164,8174,8169,8166,8180,8194,8175,8097,8162,8177,8117,20.759047031402588
11,8144,8175,8199,8163,8171,8173,8161,8170,8242,8164,8103,8173,8175,8115,20.76718378067017
12,8132,8149,8176,8146,8176,8168,8167,8157,8139,8161,8101,8132,8160,8093,20.77515292167664
13,8155,8179,8203,8166,8165,8176,8157,8170,8219,8151,8085,8174,8171,8094,20.78314757347107
14,8135,8160,8204,8154,8162,8157,8160,8157,8170,8153,8089,8146,8165,8085,20.791359186172485
15,8142,8166,8208,8154,8166,8167,8172,8162,8181,8151,8102,8152,8171,8101,20.798359155654907
16,8143,8174,8212,8160,8170,8174,8177,8182,8240,8154,8105,8166,8173,8103,20.80636548995972
17,8145,8160,8200,8156,8183,8174,8184,8177,8168,8175,8115,8128,8165,8102,20.81404733657837
18,8163,8183,8215,8168,8168,8177,8167,8174,8241,8152,8112,8176,8177,8120,20.822396516799927
19,8128,8158,8201,8155,8149,8149,8155,8163,8171,8137,8109,8150,8165,8104,20.830042600631717
20,8133,8161,8198,8149,8129,8157,8152,8160,8141,8135,8108,8143,8164,8104,20.838356971740723
21,8139,8167,8204,8148,8122,8165,8159,8171,8209,8136,8111,8168,8169,8103,20.846357822418213
22,8139,8146,8205,8150,8141,8157,8174,8172,8150,8161,8126,8135,8157,8108,20.85404109954834
23,8164,8178,8227,8163,8123,8170,8152,8169,8227,8144,8115,8176,8169,8125,20.86128115653992
24,8138,8165,8214,8150,8117,8156,8148,8155,8174,8131,8110,8154,8158,8103,20.869282245635983
25,8152,8165,8218,8163,8136,8158,8158,8159,8154,8137,8119,8143,8156,8107,20.877010822296143
26,8159,8172,8226,8169,8124,8162,8145,8168,8243,8133,8117,8168,8174,8117,20.885295152664185
27,8124,8137,8197,8148,8122,8153,8144,8154,8145,8142,8119,8127,8162,8100,20.893311738967896
28,8129,8162,8204,8158,8122,8165,8133,8153,8190,8126,8108,8162,8162,8095,20.900938510894772
29,8121,8158,8203,8156,8129,8156,8136,8154,8183,8129,8109,8147,8158,8088,20.9089674949646
30,8136,8152,8203,8155,8128,8163,8143,8149,8150,8140,8115,8135,8162,8099,20.91701054573059
31,8141,8167,8216,8148,8109,8166,8130,8142,8201,8118,8103,8171,8170,8100,20.925046682357788
32,8115,8140,8206,8133,8119,8143,8132,8133,8096,8124,8112,8129,8153,8086,20.93219804763794
33,8138,8167,8226,8157,8122,8152,8135,8153,8161,8126,8116,8163,8160,8101,20.940192461013797
34,8142,8165,8233,8154,8122,8149,8150,8164,8185,8131,8113,8157,8163,8097,20.94819521903992
35,8145,8157,8235,8146,8133,8144,8155,8160,8140,8135,8116,8129,8161,8094,20.95604777336121
36,8150,8177,8246,8151,8122,8139,8133,8156,8217,8122,8117,8170,8173,8095,20.964070796966556
37,8135,8151,8228,8145,8135,8127,8146,8141,8136,8136,8134,8140,8165,8091,20.97206926345825
38,8155,8177,8243,8162,8144,8147,8157,8154,8184,8133,8139,8167,8171,8105,20.98004674911499
39,8144,8180,8250,8154,8138,8135,8157,8164,8215,8137,8143,8168,8170,8104,20.986809730529785
39,8144,8180,8250,8154,8138,8135,8157,8164,8215,8137,8143,8168,8170,8104,20.98773956298828
40,8141,8165,8241,8144,8148,8129,8160,8154,8159,8156,8154,8138,8165,8117,20.9947407245636
41,8151,8184,8249,8153,8149,8147,8151,8159,8228,8136,8139,8170,8173,8121,21.00275301933289
42,8136,8161,8244,8153,8158,8136,8163,8161,8160,8136,8135,8133,8160,8092,21.01104760169983
43,8165,8182,8266,8170,8160,8148,8165,8173,8218,8140,8142,8161,8168,8107,21.019291400909424
44,8156,8182,8263,8157,8166,8153,8161,8172,8254,8142,8148,8165,8173,8111,21.02729868888855
45,8140,8156,8242,8141,8175,8149,8166,8159,8158,8145,8148,8122,8162,8097,21.03504753112793
46,8154,8174,8258,8158,8158,8150,8153,8168,8233,8125,8137,8170,8169,8100,21.043050527572632
47,8137,8158,8252,8157,8165,8132,8162,8169,8185,8137,8148,8145,8160,8093,21.05133700370789
48,8152,8169,8264,8165,8164,8138,8158,8163,8197,8138,8147,8150,8164,8100,21.05834364891052
48,8152,8169,8264,8165,8164,8138,8158,8163,8197,8138,8147,8150,8164,8100,21.059338092803955
49,8135,8158,8260,8150,8147,8126,8129,8151,8206,8113,8134,8154,8165,8085,21.06603217124939
50,8119,8137,8240,8135,8148,8121,8137,8148,8122,8124,8148,8120,8160,8083,21.074047327041622
50,8119,8137,8240,8135,8148,8121,8137,8148,8122,8124,8148,8120,8160,8083,21.074567794799805
51,8147,8178,8266,8161,8143,8148,8155,8169,8237,8132,8154,8173,8176,8106,21.08158493041992
51,8147,8178,8266,8161,8143,8148,8155,8169,8237,8132,8154,8173,8176,8106,21.08258032798767
52,8126,8153,8260,8153,8155,8135,8160,8158,8180,8130,8149,8135,8157,8082,21.089577436447144
53,8130,8149,8261,8142,8160,8124,8141,8143,8138,8110,8137,8128,8149,8073,21.098047494888306
53,8130,8149,8261,8142,8160,8124,8141,8143,8138,8110,8137,8128,8149,8073,21.098456859588623
54,8135,8165,8271,8140,8148,8118,8136,8150,8187,8103,8144,8158,8163,8080,21.106046676635746
55,8133,8150,8265,8144,8157,8120,8159,8160,8132,8132,8165,8129,8166,8087,21.11460828781128
56,8156,8175,8286,8162,8158,8143,8156,8175,8234,8129,8162,8175,8176,8110,21.121113300323486
57,8141,8152,8288,8156,8159,8126,8160,8168,8201,8139,8174,8156,8163,8113,21.12913489341736
58,8160,8155,8287,8164,8151,8124,8165,8164,8179,8152,8179,8148,8162,8121,21.13701200485229
59,8156,8174,8280,8158,8133,8133,8158,8166,8239,8131,8157,8169,8169,8110,21.145047903060917
60,8132,8151,8267,8147,8144,8128,8172,8162,8148,8131,8154,8130,8156,8099,21.15304732322693
61,8159,8168,8287,8163,8138,8134,8168,8171,8211,8123,8149,8165,8165,8115,21.161036252975464
62,8147,8148,8273,8145,8129,8122,8168,8163,8186,8124,8147,8145,8158,8101,21.16903614997864
63,8157,8147,8269,8149,8137,8136,8175,8160,8158,8131,8147,8140,8155,8100,21.17704057693481
64,8156,8163,8281,8161,8129,8138,8163,8165,8222,8124,8143,8169,8164,8097,21.184041500091556
65,8125,8139,8261,8144,8128,8111,8170,8155,8127,8139,8160,8123,8156,8086,21.19203090667725
66,8157,8166,8278,8156,8125,8121,8168,8165,8202,8135,8170,8167,8169,8107,21.20003890991211
67,8158,8163,8285,8154,8130,8123,8163,8169,8213,8143,8183,8170,8168,8109,21.20804786682129
68,8157,8157,8285,8152,8128,8126,8161,8156,8157,8146,8189,8145,8164,8107,21.21632218360901
69,8158,8175,8294,8160,8119,8131,8155,8154,8220,8123,8182,8173,8174,8104,21.22357439994812
70,8143,8152,8285,8156,8139,8127,8168,8155,8146,8138,8196,8136,8163,8096,21.23157572746277
71,8167,8173,8298,8170,8134,8142,8159,8164,8194,8133,8192,8167,8164,8106,21.239681243896484
72,8157,8164,8291,8168,8125,8122,8149,8156,8185,8124,8181,8159,8161,8090,21.247575998306274
73,8160,8155,8289,8173,8142,8121,8159,8151,8132,8138,8189,8132,8160,8085,21.25456976890564
74,8175,8185,8306,8179,8138,8140,8163,8170,8237,8140,8198,8179,8171,8092,21.263047456741333
75,8160,8163,8287,8159,8145,8127,8173,8171,8187,8163,8214,8148,8164,8093,21.271049737930294
75,8160,8163,8287,8159,8145,8127,8173,8171,8187,8163,8214,8148,8164,8093,21.27162218093872
76,8174,8179,8296,8165,8141,8141,8164,8172,8233,8160,8218,8169,8179,8121,21.278817415237427
77,8152,8172,8303,8159,8128,8148,8161,8167,8240,8148,8224,8173,8176,8110,21.286818742752075
78,8154,8151,8288,8152,8138,8150,8172,8165,8161,8158,8220,8142,8157,8091,21.29465913772583
79,8175,8175,8292,8156,8139,8160,8157,8163,8237,8142,8194,8173,8164,8095,21.30304741859436
80,8129,8149,8277,8141,8136,8142,8151,8142,8156,8145,8203,8130,8160,8082,21.311047554016117
81,8137,8163,8290,8159,8125,8152,8151,8161,8194,8158,8215,8155,8172,8090,21.318047046661377
82,8154,8170,8301,8160,8131,8148,8157,8174,8246,8157,8213,8173,8174,8092,21.32616901397705
83,8156,8152,8302,8157,8154,8133,8160,8150,8142,8146,8218,8133,8158,8086,21.33416962623596
84,8169,8183,8322,8177,8139,8134,8138,8147,8204,8122,8205,8174,8166,8091,21.34204745292664
85,8143,8162,8301,8164,8141,8123,8150,8142,8160,8133,8206,8149,8160,8085,21.35018849372864
86,8149,8163,8299,8163,8150,8134,8159,8144,8171,8135,8204,8155,8164,8091,21.358200311660767
87,8140,8167,8305,8156,8139,8124,8151,8152,8214,8127,8194,8172,8170,8083,21.366113901138306
88,8143,8150,8308,8154,8150,8117,8168,8164,8161,8163,8213,8142,8169,8101,21.374048233032227
89,8174,8175,8328,8174,8155,8135,8165,8177,8263,8172,8220,8184,8179,8134,21.38204789161682
90,8147,8152,8305,8156,8153,8113,8152,8158,8200,8159,8214,8155,8167,8109,21.389539003372192
91,8148,8152,8296,8150,8148,8110,8146,8156,8167,8143,8206,8152,8168,8099,21.397088289260864
92,8142,8162,8303,8151,8139,8119,8155,8172,8217,8136,8203,8165,8166,8095,21.404622793197632
93,8133,8156,8294,8152,8146,8122,8172,8160,8135,8142,8205,8126,8150,8076,21.412622213363647
94,8154,8180,8305,8155,8129,8133,8147,8147,8180,8111,8187,8171,8163,8072,21.421154260635376
95,8125,8148,8288,8130,8123,8115,8133,8139,8119,8108,8186,8149,8155,8065,21.429047346115112
96,8135,8160,8292,8147,8137,8128,8146,8156,8126,8134,8204,8145,8161,8087,21.43701148033142
97,8150,8194,8320,8175,8142,8141,8152,8174,8244,8144,8215,8190,8180,8099,21.44447922706604
97,8150,8194,8320,8175,8142,8141,8152,8174,8244,8144,8215,8190,8180,8099,21.4454562664032
98,8140,8159,8312,8159,8158,8124,8161,8160,8164,8152,8214,8151,8163,8093,21.452406406402588
99,8148,8169,8305,8153,8153,8133,8149,8155,8192,8123,8196,8172,8163,8103,21.46004819869995
100,8129,8168,8296,8161,8155,8136,8158,8166,8183,8128,8209,8162,8169,8095,21.46816611289978
101,8158,8178,8316,8188,8170,8154,8176,8177,8186,8158,8232,8161,8174,8115,21.47619938850403
102,8178,8196,8333,8188,8165,8164,8160,8174,8257,8144,8225,8189,8173,8125,21.48428201675415
103,8144,8159,8298,8160,8170,8142,8154,8156,8143,8139,8224,8135,8153,8093,21.492291688919067
104,8142,8176,8299,8168,8163,8143,8147,8163,8188,8126,8219,8166,8164,8087,21.50028944015503
105,8139,8174,8304,8169,8165,8132,8150,8164,8192,8129,8211,8166,8164,8086,21.50804710388184
106,8157,8165,8312,8168,8180,8135,8152,8154,8139,8140,8209,8144,8161,8096,21.515047788619995
107,8164,8183,8327,8172,8170,8144,8145,8161,8219,8120,8203,8182,8173,8098,21.523047924041748
108,8142,8155,8304,8159,8169,8129,8158,8158,8145,8125,8208,8144,8162,8085,21.531015157699585
109,8158,8173,8305,8170,8162,8143,8150,8160,8183,8124,8203,8172,8170,8105,21.54307270050049
110,8150,8173,8303,8164,8158,8140,8147,8153,8179,8122,8202,8175,8172,8104,21.547027587890625
111,8148,8157,8296,8162,8170,8141,8156,8148,8105,8126,8209,8146,8164,8093,21.5550274848938
111,8148,8157,8296,8162,8170,8141,8156,8148,8105,8126,8209,8146,8164,8093,21.555370330810547
112,8156,8174,8308,8176,8163,8153,8146,8159,8201,8111,8198,8184,8172,8094,21.56242275238037
112,8156,8174,8308,8176,8163,8153,8146,8159,8201,8111,8198,8184,8172,8094,21.563377141952515
113,8145,8159,8299,8172,8171,8148,8164,8160,8155,8132,8209,8152,8166,8098,21.57037591934204
114,8181,8186,8321,8188,8180,8169,8173,8176,8213,8151,8221,8174,8176,8125,21.57837677001953
114,8181,8186,8321,8188,8180,8169,8173,8176,8213,8151,8221,8174,8176,8125,21.57937741279602
115,8172,8179,8324,8177,8180,8161,8159,8170,8250,8151,8225,8180,8174,8118,21.58537650108337
116,8163,8155,8313,8175,8180,8152,8162,8155,8176,8156,8230,8150,8165,8116,21.594377279281616
117,8193,8181,8339,8194,8163,8163,8158,8168,8257,8141,8222,8200,8176,8135,21.601377964019772
117,8193,8181,8339,8194,8163,8163,8158,8168,8257,8141,8222,8200,8176,8135,21.602378606796265
118,8170,8153,8327,8171,8171,8146,8158,8161,8179,8147,8235,8161,8163,8122,21.60938405990601
118,8170,8153,8327,8171,8171,8146,8158,8161,8179,8147,8235,8161,8163,8122,21.61038327217102
119,8170,8162,8318,8171,8177,8152,8146,8148,8176,8144,8232,8161,8164,8121,21.617384910583496
120,8158,8170,8314,8176,8169,8149,8132,8149,8205,8129,8212,8174,8170,8105,21.626123428344727
121,8155,8150,8314,8179,8183,8138,8141,8152,8125,8146,8222,8141,8161,8096,21.63410973548889
122,8183,8179,8344,8194,8185,8154,8144,8163,8228,8156,8239,8187,8169,8117,21.64201831817627
123,8155,8161,8331,8182,8185,8147,8151,8158,8195,8167,8247,8161,8164,8110,21.650036573410038
124,8158,8166,8322,8187,8180,8153,8143,8162,8187,8163,8235,8158,8170,8107,21.657029390335083
125,8167,8167,8317,8179,8165,8140,8132,8162,8224,8154,8223,8171,8171,8102,21.665047645568848
126,8148,8139,8296,8154,8172,8125,8139,8144,8127,8159,8232,8140,8160,8098,21.673036336898804
127,8143,8164,8303,8164,8170,8146,8134,8152,8211,8142,8235,8187,8175,8106,21.681036233901978
239,8133,8147,8295,8174,8180,8148,8153,8165,8195,8160,8231,8159,8165,8098,21.68904709815979
0,8167,8150,8298,8178,8192,8159,8165,8172,8177,8172,8216,8154,8160,8112,21.69701147079468
1,8153,8171,8301,8163,8184,8160,8151,8174,8236,8152,8215,8181,8172,8109,21.70524740219116
2,8117,8149,8289,8154,8186,8153,8156,8168,8161,8170,8232,8139,8165,8090,21.712177515029907
3,8149,8165,8303,8177,8179,8160,8145,8170,8221,8165,8211,8177,8166,8102,21.72023034095764
4,8143,8155,8290,8167,8187,8137,8140,8156,8182,8149,8201,8160,8157,8098,21.7280216217041
5,8146,8166,8294,8168,8190,8139,8146,8157,8155,8149,8214,8143,8159,8102,21.73601770401001
6,8152,8178,8312,8170,8168,8145,8140,8167,8226,8146,8215,8171,8170,8104,21.744046688079838
7,8140,8147,8293,8152,8184,8132,8150,8156,8143,8167,8231,8132,8161,8107,21.752047300338745
8,8168,8179,8308,8167,8195,8144,8154,8163,8219,8164,8236,8169,8178,8128,21.760060787200928
9,8149,8173,8308,8162,8192,8149,8154,8162,8212,8158,8225,8161,8170,8110,21.76806926727295
10,8136,8153,8292,8152,8193,8161,8152,8150,8150,8158,8216,8137,8155,8097,21.776082277297974
11,8142,8176,8299,8159,8189,8165,8146,8158,8223,8150,8217,8172,8170,8099,21.783048152923584
12,8139,8168,8298,8166,8205,8156,8160,8163,8167,8180,8238,8139,8167,8099,21.79124116897583
13,8153,8176,8314,8175,8206,8178,8150,8163,8226,8173,8232,8167,8168,8108,21.799238443374637
14,8119,8149,8299,8152,8197,8166,8149,8154,8209,8149,8225,8155,8159,8081,21.807011127471924
15,8133,8145,8294,8156,8200,8159,8156,8153,8143,8161,8236,8132,8160,8086,21.8153133392334
16,8158,8181,8317,8169,8197,8173,8135,8158,8241,8157,8238,8180,8177,8107,21.823355436325077
17,8122,8152,8296,8148,8203,8163,8138,8143,8157,8150,8237,8137,8161,8078,21.83065414428711
18,8137,8165,8293,8155,8197,8178,8137,8149,8162,8130,8223,8153,8163,8067,21.838653564453125
19,8138,8162,8296,8153,8195,8172,8132,8154,8173,8123,8226,8162,8168,8073,21.846047401428223
20,8129,8148,8298,8148,8205,8163,8149,8151,8123,8134,8243,8139,8165,8089,21.854035139083862
21,8137,8174,8309,8159,8189,8176,8148,8158,8219,8129,8233,8178,8170,8093,21.86203503608704
22,8130,8149,8293,8144,8197,8169,8159,8156,8159,8155,8241,8139,8161,8088,21.870296716690063
23,8161,8164,8321,8159,8215,8179,8173,8173,8214,8168,8264,8162,8177,8124,21.87831258773804
24,8159,8174,8334,8174,8219,8178,8176,8184,8273,8165,8267,8177,8176,8126,21.88633155822754
25,8147,8153,8304,8170,8221,8170,8167,8160,8163,8157,8248,8128,8151,8102,21.893906593322757
26,8149,8169,8308,8168,8200,8169,8143,8152,8203,8122,8230,8163,8158,8100,21.90192055702209
27,8125,8146,8307,8158,8201,8151,8151,8153,8150,8132,8246,8143,8160,8091,21.90893530845642
28,8144,8160,8318,8179,8209,8172,8149,8153,8161,8142,8245,8153,8164,8087,21.91723728179932
29,8151,8177,8329,8195,8197,8179,8140,8147,8193,8129,8228,8166,8161,8073,21.925047874450684
30,8145,8160,8323,8190,8196,8169,8155,8143,8108,8140,8243,8127,8152,8079,21.933798789978027
31,8150,8181,8328,8183,8180,8183,8150,8159,8196,8132,8245,8168,8169,8095,21.940491437911987
31,8150,8181,8328,8183,8180,8183,8150,8159,8196,8132,8245,8168,8169,8095,21.94148874282837
32,8118,8163,8313,8166,8175,8173,8157,8157,8160,8139,8247,8142,8167,8080,21.94849729537964
32,8118,8163,8313,8166,8175,8173,8157,8157,8160,8139,8247,8142,8167,8080,21.94948983192444
33,8136,8174,8322,8190,8177,8177,8156,8152,8150,8142,8252,8144,8166,8087,21.957011222839355
34,8147,8187,8334,8195,8170,8174,8138,8151,8200,8128,8246,8170,8163,8086,21.96504783630371
35,8141,8170,8356,8181,8176,8161,8152,8149,8124,8147,8259,8137,8160,8082,21.973047733306885
36,8180,8203,8421,8205,8173,8175,8160,8166,8234,8155,8273,8188,8183,8111,21.980050563812256
37,8172,8184,8422,8197,8182,8163,8167,8170,8227,8164,8287,8172,8171,8118,21.98804759979248
38,8169,8181,8398,8190,8190,8162,8172,8177,8195,8165,8284,8157,8161,8121,21.99661612510681
39,8172,8204,8397,8193,8185,8160,8170,8177,8256,8157,8272,8180,8171,8115,22.004047632217407
40,8168,8183,8395,8194,8206,8151,8179,8165,8183,8179,8288,8148,8163,8113,22.01198482513428
41,8196,8207,8414,8216,8206,8171,8174,8182,8266,8179,8295,8191,8175,8138,22.020219564437863
42,8190,8196,8397,8208,8205,8167,8190,8191,8261,8186,8304,8171,8175,8134,22.028220176696777
43,8209,8198,8391,8213,8218,8177,8205,8202,8247,8210,8312,8160,8171,8145,22.03604745864868
44,8207,8210,8392,8211,8211,8185,8184,8202,8331,8200,8302,8197,8174,8149,22.042521715164185
44,8207,8210,8392,8211,8211,8185,8184,8202,8331,8200,8302,8197,8174,8149,22.043516874313354
45,8169,8169,8350,8180,8211,8177,8182,8179,8212,8197,8295,8142,8161,8123,22.05052137374878
45,8169,8169,8350,8180,8211,8177,8182,8179,8212,8197,8295,8142,8161,8123,22.051517724990845
46,8194,8198,8351,8190,8200,8198,8175,8180,8250,8188,8282,8166,8174,8129,22.05903267860413
47,8183,8198,8349,8191,8201,8181,8166,8179,8258,8185,8279,8166,8171,8123,22.06701111793518
48,8172,8178,8329,8181,8212,8175,8172,8172,8192,8190,8277,8145,8159,8115,22.075047969818115
49,8172,8194,8329,8181,8200,8185,8168,8177,8245,8178,8262,8179,8168,8107,22.083070278167725
50,8149,8181,8319,8179,8210,8176,8173,8172,8166,8190,8266,8138,8160,8089,22.0910701751709
51,8174,8206,8337,8194,8205,8190,8176,8180,8233,8184,8266,8166,8169,8112,22.0990469455719
52,8163,8188,8331,8179,8181,8189,8177,8180,8242,8177,8260,8168,8167,8110,22.1060471534729
53,8153,8170,8318,8174,8180,8196,8178,8167,8151,8182,8261,8140,8158,8100,22.11457300186157
54,8164,8202,8342,8188,8188,8207,8171,8178,8244,8173,8263,8183,8175,8110,22.12210583686829
55,8156,8179,8338,8174,8206,8192,8179,8185,8202,8195,8273,8149,8166,8113,22.13004803657532
56,8178,8191,8341,8186,8201,8204,8161,8183,8233,8193,8270,8172,8171,8132,22.13804697990417
57,8164,8187,8330,8189,8195,8197,8155,8172,8244,8180,8264,8173,8173,8125,22.146048069000244
58,8152,8166,8311,8181,8204,8189,8170,8165,8150,8179,8264,8126,8157,8110,22.15404772758484
59,8163,8195,8319,8179,8188,8202,8153,8169,8206,8150,8251,8171,8158,8106,22.16204714775085
60,8141,8176,8298,8157,8186,8193,8158,8152,8126,8155,8258,8148,8152,8096,22.168747901916504
61,8159,8182,8312,8172,8189,8206,8169,8157,8159,8163,8268,8165,8169,8111,22.176743745803837
62,8164,8184,8325,8182,8183,8202,8169,8175,8222,8169,8270,8179,8176,8110,22.18504786491394
63,8153,8163,8302,8164,8183,8191,8174,8172,8141,8183,8276,8140,8161,8109,22.193047761917114
64,8174,8193,8320,8172,8172,8201,8168,8177,8232,8168,8271,8183,8171,8128,22.201154708862305
65,8172,8184,8334,8186,8188,8182,8182,8177,8204,8182,8286,8163,8168,8130,22.20904779434204
66,8189,8192,8345,8201,8195,8185,8183,8184,8206,8192,8294,8166,8174,8140,22.21690773963928
67,8175,8192,8336,8183,8176,8185,8172,8182,8241,8178,8283,8179,8176,8129,22.22442364692688
68,8153,8166,8312,8173,8179,8173,8181,8166,8142,8188,8281,8138,8159,8116,22.232423305511475
69,8172,8194,8330,8197,8176,8183,8173,8176,8211,8178,8273,8179,8167,8125,22.23942756652832
69,8172,8194,8330,8197,8176,8183,8173,8176,8211,8178,8273,8179,8167,8125,22.24043226242065
70,8149,8176,8322,8180,8181,8172,8170,8173,8167,8172,8277,8150,8161,8108,22.247710704803467
71,8159,8175,8312,8177,8181,8171,8169,8165,8141,8163,8273,8145,8158,8107,22.25570821762085
72,8159,8186,8313,8176,8163,8158,8161,8169,8192,8147,8268,8177,8165,8112,22.263555765151978
73,8143,8167,8308,8170,8169,8151,8171,8167,8124,8168,8286,8139,8161,8114,22.271555185317997
73,8143,8167,8308,8170,8169,8151,8171,8167,8124,8168,8286,8139,8161,8114,22.2725510597229
74,8163,8190,8319,8182,8164,8171,8164,8166,8207,8165,8276,8172,8174,8124,22.280046939849854
74,8163,8190,8319,8182,8164,8171,8164,8166,8207,8165,8276,8172,8174,8124,22.28056526184082
75,8132,8169,8302,8169,8161,8158,8160,8156,8167,8158,8272,8151,8165,8105,22.28876638412476
76,8145,8168,8306,8176,8168,8158,8159,8158,8135,8163,8278,8145,8162,8114,22.29604816436768
77,8155,8182,8312,8175,8160,8157,8144,8157,8198,8148,8265,8176,8170,8114,22.30303311347961
78,8128,8158,8288,8156,8164,8147,8155,8151,8109,8154,8270,8135,8161,8100,22.31103277206421
79,8148,8189,8305,8172,8163,8164,8162,8170,8187,8158,8272,8176,8172,8120,22.31931471824646
80,8132,8173,8300,8166,8163,8141,8160,8163,8167,8157,8263,8159,8162,8109,22.327009916305546
81,8138,8167,8297,8172,8171,8132,8160,8157,8117,8159,8258,8135,8161,8108,22.335047721862797
82,8160,8202,8312,8190,8172,8147,8157,8178,8238,8166,8265,8182,8182,8131,22.343021869659424
82,8160,8202,8312,8190,8172,8147,8157,8178,8238,8166,8265,8182,8182,8131,22.344017505645752
83,8152,8178,8299,8182,8188,8137,8173,8175,8184,8191,8281,8152,8169,8134,22.351017236709595
84,8174,8191,8309,8182,8181,8145,8166,8170,8212,8172,8264,8172,8164,8137,22.359047412872314
85,8161,8185,8301,8168,8175,8142,8158,8172,8197,8165,8255,8165,8159,8126,22.36701083183289
86,8159,8181,8299,8174,8185,8154,8165,8178,8155,8185,8271,8143,8165,8133,22.37404775619507
87,8168,8204,8318,8187,8174,8176,8166,8182,8250,8179,8274,8182,8179,8139,22.382513761520386
88,8150,8172,8298,8168,8185,8172,8182,8175,8168,8194,8283,8148,8161,8131,22.390047073364254
89,8172,8185,8303,8175,8186,8185,8174,8183,8203,8195,8280,8176,8167,8153,22.398075342178345
89,8172,8185,8303,8175,8186,8185,8174,8183,8203,8195,8280,8176,8167,8153,22.399076461791992
90,8153,8179,8305,8167,8167,8178,8161,8174,8226,8189,8274,8178,8169,8146,22.405726432800293
91,8138,8157,8291,8161,8175,8177,8173,8171,8169,8203,8288,8148,8161,8140,22.414300441741943
92,8157,8185,8301,8180,8182,8187,8175,8192,8269,8195,8291,8192,8170,8148,22.422386646270752
93,8150,8169,8291,8175,8190,8174,8180,8183,8192,8200,8284,8152,8158,8135,22.430047750473022
94,8166,8180,8297,8177,8184,8194,8175,8179,8196,8192,8268,8166,8162,8143,22.43701267242432
95,8152,8179,8294,8168,8180,8195,8179,8187,8228,8181,8261,8176,8163,8135,22.4450523853302
96,8141,8162,8277,8160,8193,8176,8192,8177,8147,8182,8252,8135,8157,8115,22.45304822921753
97,8154,8183,8288,8170,8178,8177,8173,8177,8211,8158,8226,8176,8170,8109,22.46146059036255
98,8145,8160,8285,8170,8180,8174,8177,8180,8169,8174,8243,8156,8164,8112,22.46904325485229
99,8177,8179,8303,8191,8191,8191,8184,8183,8205,8192,8271,8176,8176,8148,22.47705745697021
100,8173,8192,8316,8189,8195,8186,8183,8182,8248,8188,8269,8187,8181,8151,22.485056400299072
101,8162,8169,8308,8180,8205,8170,8188,8176,8158,8196,8267,8144,8161,8143,22.49308490753174
102,8184,8191,8321,8196,8191,8181,8172,8179,8239,8183,8261,8191,8170,8155,22.50104761123657
102,8184,8191,8321,8196,8191,8181,8172,8179,8239,8183,8261,8191,8170,8155,22.501456260681152
103,8165,8174,8301,8183,8193,8178,8184,8173,8189,8198,8266,8159,8162,8140,22.508047580718998
104,8166,8179,8301,8180,8198,8190,8187,8173,8164,8192,8252,8149,8157,8132,22.516069889068604
105,8159,8185,8306,8176,8189,8192,8174,8172,8202,8166,8233,8171,8162,8112,22.52359914779663
106,8146,8165,8292,8171,8204,8189,8186,8167,8118,8188,8246,8136,8159,8099,22.532047748565677
107,8160,8191,8308,8184,8205,8201,8171,8182,8197,8189,8246,8179,8170,8114,22.53963327407837
108,8134,8160,8288,8163,8196,8182,8160,8172,8152,8181,8241,8157,8161,8103,22.54804730415344
109,8135,8159,8284,8165,8187,8196,8165,8166,8129,8184,8246,8149,8169,8107,22.55604767799377
110,8142,8182,8302,8174,8181,8211,8165,8180,8209,8186,8251,8181,8182,8124,22.56302285194397
111,8139,8156,8294,8168,8194,8199,8177,8178,8125,8201,8257,8149,8162,8124,22.571022272109985
112,8169,8182,8310,8184,8188,8211,8171,8183,8192,8188,8244,8185,8166,8133,22.57903480529785
113,8137,8171,8298,8169,8184,8192,8164,8173,8161,8178,8239,8159,8163,8117,22.58700489997864
114,8134,8166,8287,8162,8188,8189,8171,8162,8109,8181,8242,8145,8159,8109,22.59528636932373
115,8155,8189,8304,8173,8181,8197,8167,8167,8187,8179,8239,8188,8169,8112,22.603230714797974
116,8151,8168,8306,8180,8192,8184,8169,8167,8123,8195,8255,8152,8166,8118,22.611247301101685
117,8175,8185,8320,8198,8187,8190,8171,8176,8193,8183,8257,8184,8176,8142,22.61904764175415
117,8175,8185,8320,8198,8187,8190,8171,8176,8193,8183,8257,8184,8176,8142,22.619442462921143
118,8148,8174,8301,8180,8181,8179,8180,8175,8178,8175,8251,8168,8166,8126,22.62701153755188
119,8153,8175,8291,8180,8187,8185,8187,8179,8122,8183,8248,8139,8162,8129,22.63426089286804
120,8175,8201,8306,8195,8169,8191,8183,8190,8219,8175,8240,8182,8179,8144,22.6422598361969
121,8148,8171,8287,8179,8170,8172,8194,8180,8145,8193,8246,8143,8167,8130,22.65025997161865
122,8160,8185,8293,8181,8165,8188,8182,8174,8167,8185,8236,8156,8166,8133,22.65826201438904
123,8155,8184,8296,8183,8159,8188,8181,8167,8157,8170,8227,8152,8159,8116,22.666260957717896
124,8157,8176,8294,8187,8167,8185,8195,8166,8097,8177,8236,8137,8157,8118,22.674259424209595
125,8162,8192,8300,8187,8143,8193,8179,8176,8185,8167,8233,8179,8176,8131,22.682260751724243
126,8139,8158,8272,8171,8131,8177,8174,8162,8109,8182,8233,8137,8167,8120,22.69025945663452
127,8151,8170,8276,8179,8129,8181,8160,8158,8136,8175,8225,8161,8167,8129,22.69725966453552
239,8141,8172,8282,8176,8126,8176,8149,8166,8157,8162,8223,8168,8164,8118,22.70528817176819
0,8149,8162,8284,8181,8133,8178,8164,8168,8092,8183,8241,8140,8161,8120,22.713298082351685
1,8171,8190,8304,8196,8123,8191,8159,8172,8180,8171,8238,8189,8178,8134,22.72133564949036
2,8142,8157,8279,8178,8126,8171,8164,8155,8090,8161,8226,8142,8162,8105,22.729336261749268
3,8156,8163,8277,8182,8128,8171,8167,8153,8076,8151,8214,8140,8156,8096,22.73701119422913
4,8148,8171,8286,8179,8131,8165,8162,8157,8113,8145,8221,8158,8163,8097,22.74504780769348
5,8126,8153,8275,8170,8142,8159,8164,8156,8045,8155,8240,8128,8164,8094,22.75313234329224
6,8151,8177,8272,8180,8125,8167,8160,8175,8141,8151,8227,8164,8172,8100,22.75973320007324
7,8150,8155,8255,8164,8136,8150,8181,8172,8106,8171,8226,8139,8162,8102,22.767738819122314
8,8150,8161,8272,8170,8142,8162,8179,8167,8106,8167,8231,8150,8170,8116,22.776047468185425
9,8129,8171,8283,8177,8121,8167,8158,8172,8152,8153,8237,8169,8175,8104,22.784035444259644
10,8145,8159,8271,8178,8133,8159,8169,8170,8089,8183,8256,8136,8160,8109,22.792035818099976
11,8192,8188,8292,8192,8140,8161,8166,8166,8169,8172,8245,8182,8169,8146,22.800048112869263
12,8151,8167,8285,8176,8137,8143,8160,8156,8100,8155,8245,8153,8168,8132,22.80751037597656
13,8151,8177,8291,8191,8139,8161,8168,8176,8098,8171,8255,8152,8172,8122,22.81550121307373
13,8151,8177,8291,8191,8139,8161,8168,8176,8098,8171,8255,8152,8172,8122,22.81649708747864
14,8171,8193,8300,8204,8142,8157,8176,8183,8181,8172,8236,8179,8167,8117,22.824048042297363
14,8171,8193,8300,8204,8142,8157,8176,8183,8181,8172,8236,8179,8167,8117,22.824392795562744
15,8149,8152,8275,8183,8146,8126,8172,8154,8068,8160,8223,8129,8149,8101,22.83104968070984
16,8152,8165,8281,8182,8126,8147,8152,8163,8124,8149,8226,8165,8171,8106,22.83902049064636
17,8147,8161,8278,8180,8134,8148,8175,8177,8127,8177,8244,8151,8173,8111,22.84701871871948
18,8169,8170,8288,8194,8158,8151,8192,8177,8133,8194,8257,8148,8173,8135,22.85504722595215
19,8175,8182,8300,8201,8150,8157,8183,8184,8212,8183,8257,8186,8183,8144,22.86304759979248
20,8159,8155,8283,8191,8153,8153,8202,8184,8134,8203,8266,8142,8172,8137,22.871036767959595
21,8178,8180,8298,8207,8150,8171,8193,8188,8212,8192,8255,8171,8179,8147,22.879048347473145
22,8164,8166,8297,8199,8151,8165,8169,8169,8186,8175,8243,8163,8171,8126,22.8870108127594
23,8169,8161,8292,8199,8159,8167,8157,8152,8117,8173,8239,8146,8159,8123,22.894047498703003
24,8177,8183,8295,8199,8154,8176,8153,8162,8193,8165,8232,8177,8167,8136,22.901615142822266
25,8161,8156,8280,8184,8164,8177,8184,8175,8138,8192,8249,8139,8169,8138,22.909643411636356
26,8185,8177,8301,8201,8161,8197,8198,8198,8213,8195,8255,8171,8181,8158,22.918041706085205
27,8168,8169,8301,8193,8157,8186,8193,8195,8217,8189,8248,8165,8168,8144,22.92604780197144
27,8168,8169,8301,8193,8157,8186,8193,8195,8217,8189,8248,8165,8168,8144,22.92657804489136
28,8165,8154,8286,8190,8155,8178,8184,8178,8140,8186,8236,8141,8158,8130,22.93358373641968
29,8171,8170,8293,8202,8141,8184,8165,8174,8185,8159,8224,8179,8174,8132,22.942047357559204
30,8147,8149,8287,8196,8154,8180,8169,8166,8093,8162,8237,8141,8163,8122,22.95029711723328
31,8173,8171,8305,8208,8156,8199,8168,8166,8129,8150,8231,8165,8161,8122,22.958309173583984
32,8155,8168,8296,8195,8151,8198,8169,8161,8135,8134,8215,8164,8157,8099,22.96530818939209
33,8144,8155,8277,8192,8161,8203,8180,8162,8077,8152,8213,8134,8159,8100,22.973048448562626
34,8172,8182,8300,8208,8154,8212,8170,8179,8198,8161,8216,8182,8179,8132,22.98104953765869
35,8159,8159,8296,8199,8159,8197,8167,8175,8157,8178,8232,8147,8170,8129,22.9893319606781
36,8172,8177,8299,8206,8169,8207,8166,8173,8178,8175,8234,8164,8173,8134,22.99733853340149
37,8158,8180,8301,8202,8177,8195,8171,8177,8202,8173,8243,8181,8174,8126,23.00535750389099
38,8160,8161,8301,8200,8189,8192,8190,8179,8127,8185,8253,8145,8166,8123,23.013047218322757
39,8182,8187,8310,8209,8173,8207,8185,8179,8189,8157,8227,8180,8176,8124,23.02060484886169
40,8146,8160,8276,8189,8175,8180,8183,8159,8094,8147,8215,8141,8157,8098,23.02760648727417
41,8139,8158,8268,8185,8173,8180,8171,8154,8073,8134,8206,8140,8154,8093,23.03604817390442
41,8139,8158,8268,8185,8173,8180,8171,8154,8073,8134,8206,8140,8154,8093,23.03651523590088
42,8134,8159,8278,8181,8153,8179,8154,8157,8104,8121,8192,8152,8165,8083,23.04404830932617
42,8134,8159,8278,8181,8153,8179,8154,8157,8104,8121,8192,8152,8165,8083,23.044533491134644
43,8142,8139,8277,8177,8162,8171,8165,8159,8045,8145,8210,8127,8167,8096,23.05153226852417
43,8142,8139,8277,8177,8162,8171,8165,8159,8045,8145,8210,8127,8167,8096,23.052561044692997
44,8162,8158,8292,8187,8159,8184,8160,8177,8160,8150,8219,8177,8180,8125,23.060049533843998
45,8132,8139,8274,8176,8153,8168,8155,8168,8116,8155,8214,8147,8165,8112,23.06808495521545
46,8141,8155,8274,8185,8152,8162,8142,8158,8090,8148,8217,8147,8163,8115,23.07608675956726
47,8155,8171,8291,8194,8164,8162,8146,8167,8154,8146,8233,8172,8170,8123,23.084115505218502
48,8154,8144,8285,8187,8182,8161,8168,8164,8083,8164,8236,8138,8160,8120,23.092119216918945
49,8158,8159,8291,8188,8159,8162,8140,8155,8125,8133,8209,8170,8166,8112,23.09928607940674
50,8134,8144,8279,8173,8156,8145,8136,8136,8065,8127,8209,8138,8162,8091,23.107304096221924
51,8157,8155,8287,8189,8174,8163,8157,8145,8068,8150,8224,8141,8168,8108,23.11504817008972
52,8151,8164,8284,8192,8164,8158,8147,8160,8148,8142,8211,8174,8173,8108,23.122567415237427
52,8151,8164,8284,8192,8164,8158,8147,8160,8148,8142,8211,8174,8173,8108,23.123563051223755
53,8117,8130,8256,8173,8165,8133,8146,8156,8049,8145,8205,8122,8162,8084,23.13156247138977
54,8143,8166,8276,8188,8160,8157,8152,8170,8125,8144,8204,8158,8175,8098,23.139047384262085
55,8137,8158,8271,8181,8166,8155,8164,8171,8126,8154,8217,8154,8169,8104,23.14733386039734
56,8141,8151,8272,8186,8183,8155,8167,8166,8108,8165,8230,8143,8165,8114,23.15535140037537
57,8151,8171,8291,8191,8178,8159,8156,8166,8187,8150,8214,8168,8174,8113,23.162036418914795
58,8135,8143,8268,8168,8177,8149,8159,8153,8075,8143,8200,8122,8155,8091,23.170037508010864
59,8156,8164,8280,8180,8171,8165,8152,8161,8113,8126,8194,8162,8156,8098,23.1781165599823
60,8157,8164,8297,8187,8180,8155,8161,8167,8139,8145,8207,8161,8161,8107,23.18604803085327
61,8165,8157,8292,8183,8194,8155,8177,8165,8119,8170,8215,8134,8168,8123,23.194226503372192
62,8163,8171,8287,8179,8179,8178,8173,8172,8198,8152,8204,8171,8174,8126,23.202224493026733
63,8142,8147,8282,8173,8181,8175,8179,8166,8123,8161,8216,8143,8161,8112,23.21004748344421
64,8176,8173,8307,8196,8179,8171,8170,8167,8181,8166,8223,8172,8176,8133,23.21803951263428
65,8170,8173,8301,8193,8184,8150,8165,8167,8199,8168,8234,8166,8178,8139,23.225488662719727
66,8165,8161,8292,8183,8199,8155,8171,8165,8140,8174,8241,8145,8166,8144,23.232488870620728
67,8178,8179,8309,8181,8188,8168,8168,8171,8206,8156,8221,8187,8174,8146,23.241048336029053
68,8159,8151,8293,8174,8187,8141,8179,8157,8110,8159,8220,8145,8159,8128,23.249109029769897
69,8176,8170,8298,8191,8183,8147,8169,8150,8129,8147,8219,8161,8166,8130,23.25710415840149
70,8161,8170,8297,8180,8179,8145,8155,8150,8145,8140,8214,8164,8172,8119,23.265047788619995
71,8157,8159,8295,8179,8192,8143,8164,8156,8086,8163,8227,8138,8163,8120,23.27304768562317
72,8182,8189,8320,8202,8191,8157,8167,8174,8199,8165,8224,8188,8175,8139,23.281132221221924
73,8162,8160,8304,8185,8196,8142,8173,8160,8137,8161,8220,8146,8167,8133,23.28815102577209
74,8171,8169,8306,8184,8191,8147,8159,8150,8133,8144,8220,8156,8165,8145,23.29560375213623
75,8167,8179,8304,8183,8179,8144,8153,8154,8162,8145,8221,8173,8165,8140,23.304332733154297
76,8160,8155,8278,8168,8184,8140,8172,8146,8084,8162,8214,8127,8157,8124,23.312338829040527
77,8161,8169,8289,8169,8183,8156,8159,8149,8174,8143,8203,8161,8165,8125,23.3200478553772
78,8133,8152,8291,8168,8193,8151,8159,8163,8149,8163,8226,8143,8163,8126,23.32804679870605
79,8169,8172,8302,8184,8190,8167,8167,8182,8175,8182,8232,8152,8175,8148,23.33637285232544
80,8169,8177,8303,8177,8173,8166,8157,8167,8209,8163,8222,8170,8170,8145,23.344379663467407
81,8145,8153,8295,8173,8190,8155,8164,8149,8113,8170,8231,8140,8155,8140,23.352047204971317
82,8173,8185,8311,8188,8192,8167,8164,8170,8199,8159,8222,8185,8175,8155,23.35904836654663
83,8156,8161,8289,8171,8181,8162,8169,8168,8156,8153,8220,8153,8169,8135,23.367371559143063
84,8160,8159,8282,8174,8175,8177,8173,8165,8141,8162,8226,8148,8166,8140,23.37479043006897
85,8164,8177,8287,8174,8168,8175,8166,8164,8212,8160,8225,8176,8175,8148,23.382793188095093
86,8150,8158,8274,8166,8182,8163,8173,8144,8129,8169,8230,8136,8168,8140,23.391047716140747
87,8171,8174,8290,8184,8175,8177,8165,8147,8178,8151,8218,8174,8173,8148,23.39902949333191
88,8151,8152,8277,8166,8166,8159,8159,8152,8129,8142,8213,8155,8159,8130,23.407018423080444
89,8147,8152,8263,8157,8162,8162,8160,8161,8104,8145,8214,8148,8158,8123,23.41501784324646
90,8142,8171,8263,8162,8149,8171,8158,8168,8178,8135,8206,8177,8169,8123,23.42204737663269
91,8123,8144,8245,8148,8160,8154,8170,8159,8078,8142,8208,8127,8156,8114,23.430047512054443
92,8140,8163,8254,8152,8155,8150,8161,8166,8124,8128,8200,8156,8163,8118,23.438068151474
93,8129,8158,8246,8147,8151,8141,8160,8164,8107,8131,8196,8146,8157,8102,23.44606852531433
94,8132,8159,8244,8150,8158,8158,8167,8159,8070,8146,8199,8140,8159,8104,23.45404839515686
95,8137,8172,8253,8151,8145,8163,8161,8165,8157,8140,8195,8181,8179,8110,23.46204805374145
96,8128,8143,8236,8139,8145,8143,8170,8157,8086,8157,8205,8134,8169,8101,23.47004771232605
97,8144,8161,8243,8152,8131,8157,8152,8155,8129,8145,8198,8154,8167,8098,23.478046655654907
98,8117,8144,8236,8141,8123,8141,8135,8143,8102,8130,8186,8152,8162,8077,23.485036849975582
99,8123,8140,8245,8150,8146,8138,8140,8140,8055,8148,8207,8144,8164,8091,23.493038177490234
100,8156,8182,8274,8177,8155,8159,8143,8159,8182,8159,8219,8190,8178,8120,23.50104713439941
101,8151,8165,8262,8164,8164,8153,8170,8158,8134,8183,8224,8149,8172,8122,23.508754014968872
102,8172,8179,8272,8170,8164,8170,8182,8164,8181,8181,8222,8171,8179,8131,23.51698851585388
103,8151,8172,8264,8164,8162,8166,8176,8161,8176,8163,8215,8167,8168,8109,23.52504849433899
104,8133,8151,8247,8154,8161,8158,8173,8149,8077,8162,8212,8136,8156,8101,23.533066034317017
105,8152,8177,8268,8163,8147,8161,8161,8153,8159,8151,8207,8181,8171,8114,23.541070461273197
106,8137,8157,8261,8153,8156,8136,8164,8140,8092,8148,8214,8143,8158,8097,23.54904699325561
107,8150,8168,8260,8161,8158,8142,8160,8139,8105,8134,8210,8153,8158,8098,23.556047916412357
108,8149,8172,8264,8161,8160,8145,8166,8154,8153,8149,8215,8168,8169,8103,23.564047813415527
109,8155,8159,8269,8166,8180,8146,8184,8169,8127,8187,8240,8145,8170,8117,23.57204747200012
110,8181,8180,8284,8179,8174,8157,8178,8178,8222,8174,8234,8185,8172,8133,23.580043077468872
111,8159,8155,8265,8164,8180,8146,8187,8166,8149,8172,8229,8148,8157,8118,23.588056802749637
112,8179,8181,8283,8181,8188,8169,8189,8169,8183,8179,8236,8170,8169,8132,23.596051692962646
113,8186,8193,8300,8188,8184,8176,8180,8168,8241,8177,8238,8191,8175,8137,23.604047775268555
114,8171,8157,8278,8170,8188,8163,8183,8150,8125,8173,8232,8144,8155,8123,23.61204767227173
115,8180,8179,8277,8172,8176,8165,8175,8156,8185,8146,8209,8178,8163,8118,23.619319915771484
116,8167,8168,8272,8168,8182,8158,8191,8162,8166,8163,8220,8158,8168,8113,23.62732553482056
117,8177,8171,8280,8177,8185,8172,8194,8173,8175,8178,8226,8163,8173,8130,23.6353280544281
118,8146,8167,8263,8159,8166,8159,8178,8170,8202,8159,8203,8174,8171,8118,23.64304757118225
119,8128,8145,8236,8142,8170,8146,8187,8156,8111,8171,8200,8126,8164,8107,23.651047706604004
120,8163,8173,8263,8165,8169,8169,8184,8169,8202,8168,8204,8168,8173,8134,23.65948176383972
121,8133,8150,8258,8155,8171,8162,8185,8161,8162,8163,8210,8147,8156,8118,23.66648650169373
121,8133,8150,8258,8155,8171,8162,8185,8161,8162,8163,8210,8147,8156,8118,23.667479753494263
122,8136,8148,8246,8151,8160,8173,8179,8146,8123,8159,8199,8139,8157,8100,23.67504906654358
123,8145,8161,8251,8146,8139,8176,8156,8148,8165,8138,8183,8170,8171,8093,23.68306565284729
124,8138,8144,8253,8143,8167,8165,8171,8152,8085,8150,8198,8133,8160,8097,23.69006586074829
125,8178,8179,8278,8171,8177,8186,8184,8161,8178,8154,8197,8174,8170,8123,23.698073863983154
126,8167,8167,8273,8169,8168,8173,8180,8158,8164,8159,8199,8168,8168,8115,23.706068754196167
127,8175,8167,8277,8177,8176,8165,8183,8172,8147,8172,8218,8158,8168,8129,23.714048147201535
239,8189,8192,8297,8186,8180,8171,8189,8186,8244,8168,8226,8191,8178,8151,23.721858263015747
0,8166,8165,8276,8169,8181,8162,8188,8162,8138,8168,8225,8147,8160,8131,23.729848861694336
1,8187,8184,8284,8177,8172,8168,8167,8159,8173,8152,8210,8177,8166,8130,23.73784852027893
2,8185,8182,8288,8175,8178,8158,8179,8175,8203,8174,8222,8172,8175,8141,23.744848489761356
3,8183,8172,8277,8166,8182,8154,8191,8180,8168,8190,8230,8152,8177,8152,23.752848625183105
4,8162,8168,8262,8147,8152,8144,8159,8165,8194,8151,8208,8174,8175,8132,23.76084899902344
5,8124,8126,8232,8125,8141,8126,8157,8146,8083,8156,8204,8128,8159,8105,23.768848419189453
6,8154,8159,8260,8148,8148,8148,8170,8163,8159,8171,8204,8166,8177,8126,23.776848793029785
7,8147,8164,8266,8152,8161,8150,8170,8169,8181,8163,8199,8160,8174,8124,23.78484869003296
8,8139,8148,8242,8150,8168,8150,8160,8159,8096,8157,8186,8127,8155,8111,23.792848587036133
9,8170,8179,8260,8164,8163,8159,8157,8170,8188,8156,8173,8178,8168,8120,23.800848245620728
10,8182,8169,8265,8157,8193,8151,8187,8166,8150,8181,8231,8151,8168,8130,23.80887079238892
11,8184,8177,8274,8169,8200,8165,8179,8167,8185,8168,8322,8169,8171,8137,23.816041707992557
12,8153,8163,8262,8166,8179,8160,8162,8171,8194,8152,8391,8168,8164,8110,23.82414698600769
13,8169,8153,8254,8163,8181,8158,8180,8167,8128,8172,8447,8139,8159,8113,23.83214473724365
14,8192,8183,8272,8170,8177,8167,8182,8173,8230,8164,8502,8187,8175,8144,23.840047121047974
15,8149,8152,8255,8153,8183,8154,8183,8170,8189,8170,8567,8151,8164,8134,23.848047256469727
16,8160,8163,8267,8169,8183,8175,8176,8179,8241,8177,8605,8160,8171,8138,23.856331825256348
17,8181,8181,8278,8180,8185,8177,8182,8185,8298,8186,8630,8180,8175,8145,23.86433434486389
18,8188,8166,8269,8171,8203,8166,8201,8177,8216,8205,8676,8151,8164,8156,23.872047424316406
19,8182,8176,8279,8172,8192,8182,8176,8173,8312,8184,8705,8186,8173,8158,23.879047393798828
20,8140,8146,8256,8156,8190,8179,8175,8168,8226,8188,8728,8147,8161,8124,23.88701105117798
21,8173,8165,8253,8162,8194,8194,8189,8179,8057,8190,8743,8154,8162,8133,23.895047187805176
22,8185,8181,8270,8163,8187,8190,8181,8172,7920,8176,8767,8181,8169,8149,23.903048038482662
23,8163,8155,8281,8165,8202,8174,8176,8161,7807,8193,8811,8147,8168,8151,23.9109570980072
24,8185,8179,8293,8182,8206,8191,8168,8179,7918,8190,8827,8184,8180,8156,23.918957233428955
25,8171,8156,8266,8164,8205,8183,8176,8172,7834,8177,8829,8156,8163,8133,23.926994800567627
26,8182,8158,8269,8166,8198,8186,8180,8168,7773,8158,8829,8150,8159,8136,23.935047388076782
27,8188,8179,8282,8171,8186,8183,8170,8173,7840,8152,8831,8169,8167,8141,23.942047357559204
28,8170,8154,8259,8163,8190,8168,8171,8156,7766,8172,8849,8129,8158,8126,23.950047254562374
29,8175,8167,8256,8169,8183,8171,8162,8159,7823,8164,8849,8167,8168,8120,23.958046913146973
30,8146,8151,8239,8150,8191,8158,8175,8168,7784,8171,8849,8144,8165,8108,23.965805530548096
31,8156,8148,8243,8150,8194,8169,8188,8171,7775,8187,8852,8138,8166,8130,23.97380566596985
32,8163,8157,8261,8160,8178,8176,8182,8177,7864,8188,8867,8172,8175,8142,23.981857538223267
33,8156,8142,8255,8167,8196,8163,8186,8176,7793,8212,8899,8130,8168,8140,23.990047454833984
34,8181,8176,8272,8178,8198,8171,8163,8173,7847,8194,8892,8168,8175,8151,23.9975368976593
34,8181,8176,8272,8178,8198,8171,8163,8173,7847,8194,8892,8168,8175,8151,23.998536586761475
35,8165,8160,8267,8156,8188,8159,8153,8158,7813,8183,8885,8165,8161,8133,24.004544019699097
35,8165,8160,8267,8156,8188,8159,8153,8158,7813,8183,8885,8165,8161,8133,24.005552053451535
36,8181,8158,8270,8168,8195,8164,8168,8163,7788,8203,8905,8156,8156,8141,24.01304817199707
37,8196,8188,8290,8188,8187,8172,8164,8176,7874,8190,8905,8187,8170,8147,24.021048307418823
38,8171,8157,8273,8166,8194,8157,8168,8159,7758,8181,8903,8142,8159,8120,24.02901864051819
39,8182,8165,8279,8169,8197,8168,8158,8157,7789,8165,8902,8178,8164,8126,24.037018060684204
40,8183,8160,8285,8173,8199,8159,8164,8162,7811,8178,8910,8181,8165,8140,24.04502487182617
41,8200,8164,8303,8183,8209,8164,8179,8173,7792,8208,8931,8161,8174,8164,24.05304837226868
42,8208,8187,8322,8195,8204,8178,8169,8181,7886,8196,8938,8199,8188,8173,24.06104779243469
43,8177,8153,8283,8175,8204,8165,8169,8160,7787,8193,8928,8154,8163,8155,24.069047212600708
44,8192,8170,8277,8173,8188,8181,8159,8160,7812,8185,8899,8173,8164,8157,24.07638120651245
45,8178,8170,8285,8163,8182,8169,8154,8164,7831,8182,8894,8175,8171,8151,24.08439350128174
46,8174,8155,8278,8167,8192,8159,8164,8161,7780,8194,8903,8145,8163,8147,24.09239363670349
47,8195,8176,8280,8185,8184,8179,8161,8175,7879,8191,8885,8182,8171,8144,24.10004758834839
48,8173,8149,8265,8171,8198,8171,8167,8168,7806,8200,8883,8144,8157,8125,24.10766220092773
49,8183,8160,8280,8177,8199,8172,8165,8165,7818,8181,8881,8165,8158,8132,24.11566925048828
50,8162,8160,8275,8177,8189,8168,8163,8169,7837,8160,8877,8175,8162,8124,24.12404775619507
51,8153,8146,8263,8178,8199,8171,8176,8165,7769,8172,8891,8145,8161,8128,24.131808042526245
52,8179,8171,8282,8187,8189,8173,8172,8171,7863,8169,8883,8191,8172,8144,24.140047073364254
53,8156,8152,8268,8173,8193,8150,8180,8173,7805,8182,8876,8151,8165,8127,24.1468563079834
54,8166,8171,8271,8185,8203,8166,8181,8184,7824,8186,8875,8161,8175,8140,24.15504813194275
54,8166,8171,8271,8185,8203,8166,8181,8184,7824,8186,8875,8161,8175,8140,24.155856132507324
55,8171,8178,8271,8189,8195,8163,8175,8182,7876,8181,8871,8186,8173,8146,24.16304850578308
56,8166,8147,8254,8177,8192,8149,8182,8164,7781,8181,8859,8141,8154,8131,24.17104744911194
57,8179,8172,8266,8179,8174,8155,8168,8168,7843,8150,8833,8172,8163,8131,24.17911386489868
58,8171,8161,8257,8172,8180,8134,8174,8170,7807,8160,8836,8151,8161,8130,24.187108993530277
59,8197,8166,8271,8188,8200,8142,8185,8177,7833,8181,8856,8169,8173,8159,24.19504952430725
60,8198,8175,8290,8197,8200,8156,8189,8185,7912,8183,8860,8193,8178,8169,24.203047513961792
61,8183,8156,8267,8187,8198,8155,8203,8179,7834,8198,8848,8142,8160,8158,24.210266828536987
62,8199,8180,8263,8192,8175,8167,8187,8181,7899,8184,8823,8176,8167,8153,24.21826434135437
63,8181,8156,8256,8176,8170,8157,8185,8171,7861,8181,8820,8155,8159,8131,24.226030349731445
64,8190,8159,8260,8181,8175,8165,8186,8167,7838,8174,8807,8146,8156,8133,24.233758211135864
65,8194,8172,8262,8187,8159,8165,8170,8175,7889,8155,8788,8174,8169,8136,24.24174833297729
66,8190,8149,8259,8183,8169,8156,8181,8178,7820,8174,8807,8144,8169,8141,24.24955725669861
67,8216,8180,8279,8203,8176,8173,8187,8185,7921,8174,8803,8178,8176,8160,24.25756072998047
68,8185,8164,8259,8190,8178,8166,8192,8183,7904,8178,8797,8155,8166,8141,24.266047716140747
68,8185,8164,8259,8190,8178,8166,8192,8183,7904,8178,8797,8155,8166,8141,24.26656174659729
69,8197,8163,8261,8195,8184,8185,8195,8195,7888,8200,8806,8154,8166,8146,24.27284240722656
70,8211,8178,8281,8206,8173,8186,8181,8196,7978,8197,8798,8193,8177,8152,24.28084087371826
71,8185,8146,8260,8190,8174,8160,8184,8174,7881,8202,8789,8148,8161,8140,24.28885507583618
72,8208,8169,8264,8196,8161,8181,8185,8180,7928,8191,8766,8182,8168,8154,24.29701137542725
73,8181,8153,8250,8177,8150,8175,8179,8170,7895,8172,8749,8169,8166,8132,24.30556082725525
74,8171,8136,8230,8167,8148,8161,8171,8155,7811,8156,8738,8138,8157,8114,24.3130362033844
75,8186,8156,8235,8172,8138,8164,8164,8170,7888,8143,8723,8176,8165,8125,24.32112288475037
76,8168,8138,8226,8166,8150,8153,8184,8177,7841,8172,8733,8146,8162,8127,24.32913947105408
77,8191,8157,8239,8176,8145,8158,8177,8181,7901,8167,8728,8177,8174,8131,24.33722472190857
78,8183,8150,8234,8164,8141,8152,8164,8171,7885,8156,8715,8176,8171,8116,24.344047784805294
79,8181,8146,8233,8172,8159,8164,8178,8174,7838,8178,8718,8157,8168,8131,24.352071046829224
80,8195,8176,8255,8189,8159,8172,8177,8186,7954,8176,8714,8202,8180,8155,24.36007046699524
81,8182,8150,8242,8173,8160,8152,8179,8170,7876,8179,8713,8156,8166,8145,24.367772579193115
82,8206,8169,8258,8189,8158,8173,8176,8177,7916,8185,8706,8173,8174,8158,24.376049041748047
82,8206,8169,8258,8189,8158,8173,8176,8177,7916,8185,8706,8173,8174,8158,24.37652039527893
83,8199,8171,8265,8195,8162,8178,8174,8185,7967,8197,8703,8184,8172,8161,24.384047508239743
84,8188,8151,8241,8180,8172,8169,8168,8164,7876,8187,8692,8147,8158,8146,24.392093896865845
85,8189,8176,8242,8175,8161,8177,8149,8156,7923,8145,8662,8178,8169,8131,24.399857759475708
86,8170,8159,8237,8172,8171,8171,8164,8155,7866,8153,8669,8145,8160,8121,24.40764093399048
86,8170,8159,8237,8172,8171,8171,8164,8155,7866,8153,8669,8145,8160,8121,24.40854001045227
87,8191,8170,8249,8185,8175,8182,8165,8162,7891,8153,8671,8159,8159,8138,24.414546012878414
88,8172,8169,8240,8171,8167,8171,8149,8161,7912,8137,8650,8167,8157,8121,24.42306089401245
89,8163,8147,8227,8161,8178,8166,8158,8153,7849,8154,8644,8139,8157,8110,24.43104696273804
90,8193,8167,8247,8179,8171,8184,8165,8164,7958,8150,8644,8188,8177,8131,24.43904733657837
91,8176,8148,8233,8172,8182,8168,8184,8164,7906,8154,8646,8148,8166,8125,24.44707727432251
92,8187,8163,8236,8181,8191,8171,8182,8161,7899,8150,8642,8155,8170,8136,24.455042839050293
93,8187,8179,8245,8180,8174,8171,8171,8163,7945,8141,8644,8186,8176,8136,24.463048458099365
94,8180,8162,8235,8170,8173,8167,8184,8155,7867,8153,8650,8150,8163,8125,24.46972608566284
95,8192,8174,8249,8178,8159,8172,8169,8162,7939,8138,8626,8184,8170,8134,24.477649450302124
96,8169,8146,8237,8162,8153,8149,8162,8161,7891,8149,8613,8154,8160,8129,24.48604702949524
97,8180,8156,8241,8165,8161,8164,8167,8163,7896,8164,8618,8154,8169,8144,24.49442148208618
98,8178,8171,8254,8176,8167,8173,8163,8168,7971,8158,8619,8186,8183,8145,24.5014283657074
98,8178,8171,8254,8176,8167,8173,8163,8168,7971,8158,8619,8186,8183,8145,24.5024209022522
99,8173,8145,8244,8170,8175,8151,8172,8158,7881,8168,8610,8145,8160,8133,24.510437726974487
100,8193,8166,8244,8170,8154,8144,8160,8155,7932,8141,8579,8171,8157,8130,24.518047332763672
101,8160,8150,8223,8152,8149,8130,8155,8148,7882,8126,8571,8146,8158,8105,24.525607109069824
102,8167,8154,8232,8159,8158,8146,8167,8154,7861,8133,8579,8150,8166,8114,24.533607006073
103,8188,8174,8247,8168,8156,8158,8174,8159,7948,8131,8569,8180,8170,8125,24.541048288345337
104,8170,8142,8217,8156,8164,8149,8178,8145,7859,8137,8555,8132,8157,8113,24.54904699325561
105,8183,8165,8232,8173,8160,8169,8168,8159,7933,8133,8551,8179,8174,8127,24.55683851242065
106,8180,8164,8247,8177,8168,8157,8185,8169,7949,8155,8571,8177,8174,8138,24.56483292579651
107,8186,8166,8247,8183,8183,8148,8189,8162,7922,8166,8573,8153,8166,8151,24.57304286956787
108,8191,8185,8257,8183,8173,8157,8168,8158,8000,8146,8548,8182,8174,8153,24.58104920387268
109,8183,8158,8247,8173,8177,8155,8181,8157,7938,8168,8562,8149,8169,8150,24.589048862457275
110,8204,8179,8260,8195,8176,8159,8174,8167,8003,8173,8567,8182,8179,8169,24.5965678691864
111,8195,8170,8262,8186,8173,8136,8165,8154,7986,8162,8550,8171,8173,8161,24.603565216064453
112,8213,8164,8267,8179,8176,8139,8178,8148,7942,8165,8547,8159,8168,8164,24.61204719543457
113,8229,8189,8279,8184,8165,8157,8176,8167,8053,8161,8542,8206,8178,8166,24.620041847229004
114,8207,8159,8261,8170,8172,8150,8181,8163,7991,8178,8541,8163,8162,8145,24.627923250198364
115,8234,8174,8281,8182,8171,8160,8178,8166,8037,8170,8528,8189,8169,8158,24.636048316955566
116,8214,8172,8281,8177,8175,8150,8174,8167,8051,8165,8525,8195,8174,8157,24.64407181739807
117,8197,8160,8264,8179,8192,8152,8173,8163,7989,8178,8524,8160,8166,8154,24.652072191238403
118,8215,8185,8272,8188,8176,8158,8155,8160,8055,8155,8496,8191,8172,8159,24.66025972366333
119,8194,8162,8256,8167,8179,8130,8157,8146,7964,8146,8494,8154,8162,8152,24.66701030731201
120,8217,8181,8266,8179,8185,8140,8162,8161,8013,8150,8499,8175,8171,8164,24.67504858970642
120,8217,8181,8266,8179,8185,8140,8162,8161,8013,8150,8499,8175,8171,8164,24.675596952438354
121,8206,8180,8261,8179,8173,8141,8162,8164,8050,8153,8487,8183,8168,8151,24.683617115020752
122,8181,8155,8235,8161,8167,8136,8157,8141,7950,8157,8473,8148,8159,8138,24.690624713897705
122,8181,8155,8235,8161,8167,8136,8157,8141,7950,8157,8473,8148,8159,8138,24.69163393974304
123,8199,8178,8242,8162,8160,8150,8141,8145,8024,8139,8457,8185,8174,8147,24.699138164520264
124,8191,8160,8238,8161,8178,8138,8152,8151,7978,8148,8459,8154,8163,8141,24.707157611846924
125,8210,8179,8253,8182,8183,8150,8155,8160,8010,8152,8455,8178,8165,8160,24.71504783630371
126,8201,8180,8259,8175,8173,8161,8150,8161,8056,8148,8454,8196,8171,8159,24.72318696975708
127,8191,8151,8245,8167,8184,8158,8168,8151,7970,8162,8457,8146,8161,8143,24.73119425773621
239,8203,8174,8246,8178,8184,8160,8159,8152,8039,8145,8429,8173,8167,8136,24.738194227218628
0,8172,8150,8226,8156,8188,8137,8150,8143,7980,8145,8419,8146,8162,8118,24.746192455291748
1,8193,8159,8242,8165,8193,8147,8161,8155,7996,8159,8424,8164,8172,8145,24.754197120666504
2,8198,8176,8254,8176,8183,8152,8174,8168,8077,8160,8419,8189,8176,8158,24.762041091918945
3,8179,8154,8228,8163,8184,8143,8182,8159,7994,8173,8415,8142,8164,8144,24.7698495388031
4,8183,8174,8234,8167,8178,8151,8160,8155,8044,8157,8403,8180,8174,8148,24.77804708480835
5,8160,8155,8227,8160,8186,8134,8156,8145,7993,8154,8403,8162,8164,8136,24.7860643863678
6,8182,8159,8232,8169,8194,8142,8165,8141,7991,8163,8410,8165,8166,8148,24.79406762123108
7,8175,8173,8237,8163,8182,8139,8154,8141,8064,8157,8404,8189,8176,8148,24.80204725265503
8,8158,8151,8222,8153,8190,8118,8152,8139,7983,8169,8395,8141,8158,8129,24.8090934753418
9,8199,8180,8244,8173,8184,8128,8149,8149,8068,8150,8379,8185,8166,8142,24.819112539291385
10,8190,8168,8243,8160,8182,8115,8160,8139,8039,8137,8374,8172,8167,8132,24.82461929321289
11,8184,8169,8240,8157,8187,8119,8157,8135,7983,8136,8367,8147,8166,8122,24.83262085914612
12,8204,8187,8255,8168,8177,8124,8152,8143,8061,8131,8353,8176,8170,8126,24.84061884880066
12,8204,8187,8255,8168,8177,8124,8152,8143,8061,8131,8353,8176,8170,8126,24.84131908416748
13,8204,8156,8246,8161,8193,8105,8171,8127,7991,8145,8369,8152,8164,8129,24.8483247756958
13,8204,8156,8246,8161,8193,8105,8171,8127,7991,8145,8369,8152,8164,8129,24.849326133728027
14,8206,8174,8262,8172,8199,8119,8163,8142,8061,8141,8386,8193,8181,8145,24.85733103752136
15,8197,8171,8270,8179,8208,8126,8178,8176,8104,8174,8402,8184,8179,8162,24.86432528495789
16,8210,8167,8271,8193,8221,8136,8203,8178,8114,8207,8407,8171,8172,8187,24.871326684951782
17,8198,8184,8258,8189,8202,8137,8188,8164,8176,8179,8374,8198,8176,8166,24.87932538986206
17,8198,8184,8258,8189,8202,8137,8188,8164,8176,8179,8374,8198,8176,8166,24.88032603263855
18,8174,8156,8226,8162,8195,8122,8185,8151,8049,8178,8357,8147,8166,8136,24.88832664489746
19,8203,8174,8243,8173,8180,8133,8178,8158,8095,8176,8362,8180,8176,8161,24.896050453186035
20,8185,8170,8238,8170,8167,8127,8178,8155,8116,8169,8367,8180,8171,8154,24.90346932411194
21,8181,8160,8214,8159,8169,8136,8189,8149,8051,8172,8357,8151,8164,8142,24.91147494316101
22,8188,8171,8218,8158,8152,8143,8172,8155,8115,8154,8329,8186,8173,8146,24.92004132270813
23,8161,8139,8201,8154,8147,8119,8172,8148,8019,8154,8319,8139,8157,8123,24.927074193954468
24,8198,8168,8214,8173,8147,8137,8178,8149,8045,8147,8306,8164,8165,8127,24.935285568237305
25,8196,8172,8231,8168,8159,8145,8174,8148,8073,8145,8320,8184,8174,8136,24.94328546524048
26,8190,8163,8242,8181,8172,8144,8172,8150,8026,8166,8345,8161,8165,8143,24.95104742050171
27,8230,8194,8262,8204,8153,8151,8164,8157,8120,8160,8328,8198,8173,8146,24.959046840667725
28,8217,8165,8243,8182,8157,8132,8171,8142,8054,8167,8337,8165,8172,8139,24.967010259628296
29,8214,8181,8254,8191,8162,8144,8166,8157,8096,8172,8363,8190,8185,8163,24.974766492843628
30,8214,8192,8265,8201,8158,8152,8175,8176,8154,8174,8354,8199,8181,8162,24.98189783096313
31,8226,8171,8246,8189,8170,8153,8196,8162,8069,8178,8329,8151,8161,8155,24.989892959594727
32,8223,8184,8238,8184,8160,8158,8171,8153,8115,8141,8306,8180,8170,8150,24.998042106628414
33,8173,8155,8205,8169,8155,8146,8168,8144,8039,8141,8302,8149,8165,8119,25.00604677200317
34,8181,8158,8207,8173,8150,8168,8180,8148,8055,8153,8290,8159,8168,8121,25.014068841934204
35,8173,8157,8211,8166,8139,8165,8165,8148,8090,8145,8274,8170,8167,8113,25.02236032485962
36,8161,8141,8191,8164,8143,8148,8161,8140,7986,8152,8276,8130,8155,8095,25.029830932617188
37,8192,8180,8211,8182,8139,8165,8161,8153,8079,8146,8276,8182,8168,8104,25.037682056427
38,8182,8165,8220,8179,8151,8160,8172,8152,8061,8159,8284,8164,8163,8099,25.04604744911194
39,8189,8161,8224,8180,8148,8164,8162,8151,8050,8150,8273,8162,8165,8094,25.0540714263916
40,8181,8165,8205,8163,8119,8153,8145,8148,8079,8119,8239,8182,8164,8077,25.061071157455444
41,8167,8148,8186,8160,8136,8143,8166,8139,7991,8133,8244,8131,8151,8071,25.069183588027958
42,8194,8186,8226,8197,8157,8175,8178,8163,8108,8149,8266,8186,8172,8095,25.077184200286865
43,8184,8170,8230,8186,8163,8169,8184,8165,8105,8167,8281,8182,8178,8105,25.08504128456116
44,8191,8164,8222,8177,8163,8171,8179,8154,8068,8162,8275,8070,8174,8124,25.09320497512817
45,8199,8182,8231,8185,8165,8176,8178,8162,8134,8152,8257,7959,8171,8127,25.10104012489319
46,8188,8160,8226,8177,8179,8161,8200,8167,8071,8176,8255,7923,8161,8122,25.109055519104004
47,8206,8179,8240,8187,8164,8170,8192,8170,8143,8165,8242,8032,8174,8133,25.11701250076294
48,8184,8160,8221,8173,8161,8165,8191,8164,8115,8155,8233,8019,8161,8116,25.12504816055298
49,8183,8151,8211,8166,8170,8175,8198,8173,8077,8161,8225,7996,8149,8110,25.13204765319824
50,8188,8162,8220,8168,8155,8177,8180,8171,8139,8148,8212,8056,8163,8110,25.139682292938232
50,8188,8162,8220,8168,8155,8177,8180,8171,8139,8148,8212,8056,8163,8110,25.140678644180294
51,8170,8132,8207,8157,8158,8167,8178,8149,8042,8158,8223,8024,8157,8104,25.147683143615723
51,8170,8132,8207,8157,8158,8167,8178,8149,8042,8158,8223,8024,8157,8104,25.148678302764893
52,8194,8157,8222,8167,8160,8188,8171,8163,8124,8161,8218,8054,8165,8123,25.15568590164185
52,8194,8157,8222,8167,8160,8188,8171,8163,8124,8161,8218,8054,8165,8123,25.15669631958008
53,8163,8149,8204,8150,8151,8175,8162,8161,8126,8157,8208,8040,8160,8107,25.164048433303837
54,8152,8136,8184,8147,8149,8169,8167,8144,8044,8153,8197,8012,8155,8094,25.17204713821411
55,8185,8166,8212,8156,8151,8177,8170,8153,8126,8153,8192,8062,8171,8106,25.17977023124695
56,8172,8150,8215,8136,8167,8164,8181,8152,8067,8172,8214,8028,8161,8104,25.18777298927307
57,8176,8160,8215,8134,8143,8177,8169,8144,8086,8143,8198,8046,8156,8101,25.1950478553772
58,8166,8152,8199,8121,8120,8166,8156,8137,8068,8119,8169,8048,8151,8087,25.203048944473267
59,8173,8149,8203,8121,8138,8157,8163,8146,8023,8143,8183,8039,8157,8103,25.21093463897705
60,8183,8175,8230,8140,8139,8172,8163,8157,8125,8141,8191,8094,8175,8121,25.21873164176941
61,8164,8152,8223,8143,8151,8172,8177,8147,8060,8155,8206,8061,8166,8115,25.22725534439087
62,8198,8181,8246,8171,8168,8187,8180,8161,8131,8175,8227,8086,8177,8150,25.23504137992859
63,8188,8183,8247,8168,8171,8178,8172,8166,8175,8171,8228,8094,8176,8149,25.243132829666138
64,8175,8156,8226,8154,8173,8176,8172,8152,8073,8162,8210,8056,8156,8122,25.251129150390625
65,8205,8178,8231,8159,8162,8187,8175,8166,8152,8148,8193,8093,8167,8127,25.25813055038452
66,8182,8150,8208,8137,8167,8167,8195,8170,8098,8157,8197,8061,8159,8116,25.26614570617676
67,8191,8163,8212,8136,8168,8176,8194,8167,8107,8150,8189,8077,8159,8116,25.274171352386475
68,8196,8179,8232,8143,8169,8179,8189,8166,8160,8151,8190,8098,8163,8121,25.28204727172852
69,8196,8155,8225,8148,8174,8174,8193,8162,8092,8174,8198,8069,8160,8125,25.29005002975464
70,8196,8166,8219,8147,8149,8177,8166,8161,8142,8146,8173,8102,8167,8120,25.2980751991272
71,8153,8145,8196,8124,8151,8151,8165,8154,8070,8145,8173,8062,8153,8101,25.306089878082275
72,8170,8160,8203,8139,8164,8153,8175,8165,8090,8161,8182,8079,8162,8123,25.314048528671265
73,8177,8162,8204,8136,8159,8155,8161,8160,8142,8154,8172,8111,8173,8126,25.320549488067627
74,8154,8135,8182,8119,8173,8155,8157,8139,8034,8152,8172,8061,8158,8108,25.32956051826477
75,8162,8167,8191,8136,8174,8165,8155,8157,8109,8133,8162,8097,8162,8107,25.33700656890869
76,8157,8153,8186,8127,8170,8143,8172,8165,8091,8146,8150,8086,8154,8096,25.34504866600037
77,8185,8154,8200,8133,8170,8149,8176,8157,8083,8157,8150,8089,8164,8107,25.353047847747803
78,8185,8167,8214,8152,8167,8154,8165,8165,8157,8150,8161,8117,8176,8113,25.361048698425293
79,8163,8149,8194,8150,8182,8141,8177,8163,8088,8168,8170,8080,8163,8111,25.36904764175415
80,8176,8178,8209,8152,8172,8148,8165,8155,8146,8154,8147,8113,8174,8121,25.377010345458984
81,8167,8164,8213,8148,8171,8136,8164,8151,8118,8154,8148,8091,8174,8114,25.38502860069275
82,8186,8166,8224,8165,8184,8141,8171,8163,8111,8171,8165,8088,8168,8130,25.39203190803528
83,8189,8185,8233,8165,8174,8146,8156,8165,8180,8164,8152,8121,8171,8126,25.40004801750183
84,8168,8149,8207,8135,8174,8130,8158,8144,8073,8162,8142,8070,8158,8104,25.408047914505005
85,8178,8153,8207,8131,8162,8141,8150,8151,8118,8135,8133,8104,8161,8112,25.416231870651245
86,8151,8146,8188,8132,8154,8138,8151,8155,8088,8126,8121,8097,8151,8091,25.42376446723938
87,8156,8155,8173,8143,8164,8143,8155,8150,8032,8135,8107,8079,8151,8084,25.432047367095947
88,8167,8172,8189,8141,8156,8138,8139,8149,8119,8121,8101,8118,8169,8100,25.43994736671448
88,8167,8172,8189,8141,8156,8138,8139,8149,8119,8121,8101,8118,8169,8100,25.44097638130188
89,8144,8138,8185,8132,8158,8124,8146,8145,8055,8138,8131,8088,8162,8103,25.448413372039795
90,8162,8161,8199,8155,8158,8154,8145,8156,8112,8147,8136,8124,8170,8115,25.45541381835937
91,8153,8157,8199,8145,8161,8153,8138,8149,8113,8141,8122,8115,8168,8104,25.463047742843628
92,8157,8152,8200,8139,8166,8143,8133,8141,8055,8142,8119,8091,8159,8099,25.471043348312374
93,8177,8176,8213,8152,8151,8145,8126,8148,8138,8130,8116,8137,8167,8103,25.47904682159424
94,8166,8148,8202,8141,8164,8143,8143,8143,8078,8150,8129,8103,8163,8104,25.48706603050232
95,8192,8171,8224,8150,8170,8168,8140,8152,8138,8153,8121,8125,8174,8122,25.495068311691284
96,8178,8180,8227,8151,8167,8158,8138,8159,8159,8145,8108,8128,8166,8110,25.503096103668213
97,8169,8165,8211,8152,8175,8149,8157,8159,8096,8160,8118,8098,8161,8111,25.51111674308777
98,8181,8177,8213,8151,8165,8158,8145,8165,8184,8150,8106,8136,8174,8119,25.518127918243408
99,8140,8141,8183,8127,8161,8145,8134,8147,8087,8141,8096,8095,8154,8086,25.526047706604004
99,8140,8141,8183,8127,8161,8145,8134,8147,8087,8141,8096,8095,8154,8086,25.526489734649655
100,8150,8159,8189,8137,8149,8155,8135,8147,8090,8132,8089,8111,8160,8085,25.53402280807495
101,8148,8167,8198,8132,8145,8146,8146,8156,8135,8132,8088,8125,8168,8088,25.542022943496704
102,8134,8141,8178,8120,8154,8138,8154,8147,8059,8141,8083,8090,8154,8076,25.550047874450684
103,8145,8166,8179,8133,8142,8158,8138,8146,8126,8117,8070,8128,8162,8073,25.55804324150085
104,8131,8157,8178,8133,8154,8148,8149,8146,8087,8132,8082,8102,8166,8072,25.56604313850403
105,8170,8170,8202,8149,8164,8151,8160,8160,8134,8154,8086,8122,8177,8102,25.574004411697388
106,8173,8170,8201,8144,8150,8146,8150,8163,8176,8143,8080,8142,8175,8103,25.582000017166138
107,8153,8148,8183,8142,8161,8145,8152,8153,8081,8143,8089,8100,8161,8096,25.589041709899902
108,8170,8174,8211,8164,8167,8162,8156,8162,8182,8147,8089,8151,8177,8116,25.596753358840942
109,8145,8151,8197,8141,8167,8143,8164,8160,8141,8158,8086,8131,8168,8100,25.60475277900696
110,8154,8161,8184,8135,8162,8147,8161,8164,8111,8143,8074,8119,8162,8091,25.612770318984985
110,8154,8161,8184,8135,8162,8147,8161,8164,8111,8143,8074,8119,8162,8091,25.61379861831665
111,8157,8177,8192,8145,8155,8158,8161,8175,8176,8136,8074,8143,8170,8096,25.62054562568665
112,8152,8153,8184,8145,8164,8158,8186,8171,8118,8171,8101,8118,8167,8109,25.628581285476685
112,8152,8153,8184,8145,8164,8158,8186,8171,8118,8171,8101,8118,8167,8109,25.629572868347168
113,8178,8176,8195,8152,8155,8166,8182,8174,8193,8165,8105,8159,8177,8126,25.636555433273315
113,8178,8176,8195,8152,8155,8166,8182,8174,8193,8165,8105,8159,8177,8126,25.637549877166748
114,8162,8159,8186,8138,8152,8150,8175,8171,8156,8165,8102,8131,8166,8115,25.6455500125885
115,8179,8159,8192,8148,8155,8161,8183,8177,8153,8177,8107,8128,8169,8133,25.652048110961918
116,8191,8179,8205,8161,8149,8174,8191,8193,8245,8181,8110,8164,8179,8138,25.6604962348938
117,8182,8160,8198,8158,8166,8168,8203,8188,8164,8209,8122,8129,8167,8124,25.668046951293945
118,8200,8182,8218,8169,8162,8178,8186,8184,8229,8196,8123,8170,8181,8145,25.676068544387817
119,8189,8171,8212,8165,8154,8166,8187,8181,8218,8195,8130,8152,8174,8147,25.68406629562378
120,8204,8174,8214,8180,8164,8168,8194,8180,8182,8211,8135,8139,8163,8148,25.69215583801269
121,8213,8199,8234,8197,8164,8174,8174,8180,8260,8194,8131,8185,8172,8151,25.70015335083008
122,8207,8183,8230,8189,8180,8172,8187,8178,8212,8202,8145,8150,8168,8153,25.708048343658447
123,8233,8205,8246,8195,8175,8191,8191,8187,8291,8200,8139,8173,8175,8163,25.71604800224304
124,8211,8182,8233,8181,8159,8176,8188,8178,8258,8193,8127,8156,8167,8137,25.723047733306885
125,8210,8168,8225,8185,8159,8175,8192,8176,8193,8196,8131,8142,8164,8140,25.73086667060852
126,8220,8194,8241,8197,8152,8190,8185,8185,8291,8185,8129,8186,8175,8147,25.738866329193115
127,8193,8161,8222,8179,8157,8174,8185,8174,8210,8199,8136,8145,8163,8128,25.74700498580933
239,8209,8178,8231,8187,8149,8177,8168,8175,8245,8196,8132,8168,8174,8146,25.75488042831421
0,8211,8186,8232,8192,8144,8161,8164,8172,8257,8186,8122,8165,8173,8149,25.76301741600037
1,8210,8175,8224,8207,8151,8158,8172,8165,8195,8185,8126,8139,8160,8143,25.771010398864743
2,8222,8197,8244,8228,8148,8175,8164,8180,8291,8182,8127,8186,8170,8153,25.779009580612183
3,8214,8174,8235,8211,8164,8160,8174,8175,8230,8198,8135,8154,8164,8155,25.78600764274597
4,8234,8186,8241,8217,8164,8163,8169,8174,8252,8182,8128,8171,8166,8161,25.794007778167725
5,8226,8187,8247,8226,8152,8151,8166,8178,8275,8180,8121,8181,8167,8148,25.80201005935669
6,8226,8180,8249,8232,8165,8141,8179,8179,8220,8207,8136,8165,8171,8157,25.810036659240723
7,8240,8202,8265,8239,8166,8145,8171,8190,8314,8193,8141,8208,8180,8172,25.81754422187805
8,8213,8171,8245,8222,8173,8131,8180,8171,8242,8191,8145,8159,8163,8152,25.8260498046875
9,8225,8184,8246,8228,8175,8141,8184,8165,8248,8194,8141,8167,8167,8151,25.83404803276062
10,8214,8184,8242,8222,8164,8128,8171,8170,8274,8189,8133,8180,8168,8142,25.842036485672
11,8207,8161,8227,8218,8160,8118,8170,8162,8181,8189,8128,8137,8160,8138,25.850037574768063
12,8236,8200,8250,8237,8159,8146,8166,8171,8276,8182,8124,8191,8177,8159,25.857041358947757
13,8225,8190,8254,8235,8191,8142,8178,8176,8259,8207,8141,8178,8167,8155,25.86505913734436
13,8225,8190,8254,8235,8191,8142,8178,8176,8259,8207,8141,8178,8167,8155,25.866056203842163
14,8251,8190,8255,8243,8202,8143,8184,8183,8267,8211,8130,8166,8161,8158,25.87264132499695
15,8232,8181,8227,8217,8174,8139,8171,8167,8276,8178,8103,8166,8163,8143,25.880508184432983
16,8175,8146,8189,8188,8175,8136,8166,8150,8160,8168,8108,8134,8154,8119,25.888508558273315
16,8175,8146,8189,8188,8175,8136,8166,8150,8160,8168,8108,8134,8154,8119,25.88950252532959
17,8195,8176,8214,8218,8185,8157,8168,8175,8256,8167,8109,8189,8173,8135,25.90035963058472
18,8211,8172,8224,8220,8206,8151,8192,8181,8248,8200,8125,8177,8175,8156,25.904358386993408
18,8211,8172,8224,8220,8206,8151,8192,8181,8248,8200,8125,8177,8175,8156,25.90535855293274
19,8223,8182,8227,8219,8204,8153,8186,8179,8247,8217,8140,8177,8173,8174,25.91236186027527
19,8223,8182,8227,8219,8204,8153,8186,8179,8247,8217,8140,8177,8173,8174,25.91336417198181
20,8218,8195,8229,8223,8183,8146,8170,8189,8314,8203,8123,8189,8179,8160,25.91936159133911
21,8209,8165,8206,8207,8192,8134,8186,8184,8229,8208,8117,8134,8168,8143,25.927870512008667
22,8212,8180,8200,8200,8180,8143,8163,8164,8257,8172,8102,8165,8164,8136,25.93586897850037
23,8180,8167,8181,8186,8168,8121,8144,8137,8184,8153,8086,8145,8152,8103,25.943868398666385
24,8209,8174,8195,8201,8180,8127,8166,8149,8174,8179,8095,8142,8162,8114,25.951868772506717
25,8229,8194,8214,8200,8188,8136,8183,8177,8280,8186,8105,8180,8178,8136,25.9598708152771
26,8193,8169,8188,8183,8201,8125,8192,8180,8204,8201,8111,8142,8160,8128,25.96786880493164
27,8202,8188,8195,8203,8193,8140,8186,8193,8280,8204,8100,8177,8167,8138,25.97586965560913
28,8196,8177,8193,8194,8191,8133,8193,8188,8278,8205,8099,8166,8170,8130,25.9830482006073
28,8196,8177,8193,8194,8191,8133,8193,8188,8278,8205,8099,8166,8170,8130,25.98338913917541
29,8203,8170,8181,8180,8195,8138,8193,8169,8215,8193,8088,8147,8163,8126,25.991039276123047
30,8210,8182,8184,8187,8177,8145,8175,8169,8269,8174,8069,8178,8166,8128,25.999046325683597
31,8197,8157,8174,8189,8185,8132,8193,8170,8194,8197,8079,8138,8157,8121,26.007211923599243
32,8214,8186,8185,8196,8195,8147,8198,8176,8253,8187,8074,8171,8166,8133,26.015047788619995
33,8181,8172,8175,8178,8193,8139,8187,8172,8240,8170,8070,8165,8163,8118,26.02304768562317
33,8181,8172,8175,8178,8193,8139,8187,8172,8240,8170,8070,8165,8163,8118,26.023759126663208
34,8190,8153,8169,8185,8193,8140,8191,8181,8195,8193,8079,8143,8165,8118,26.03076434135437
35,8224,8182,8185,8203,8189,8154,8197,8196,8314,8201,8078,8186,8181,8137,26.03909206390381
36,8185,8162,8176,8187,8207,8139,8204,8180,8240,8206,8087,8147,8163,8134,26.04611587524414
37,8184,8184,8194,8198,8211,8152,8192,8186,8271,8199,8089,8173,8166,8142,26.05414032936096
38,8194,8184,8191,8198,8199,8153,8194,8198,8308,8207,8086,8175,8170,8134,26.06213879585266
39,8202,8160,8171,8186,8199,8142,8207,8184,8238,8214,8083,8135,8162,8136,26.07004737854004
40,8201,8175,8181,8188,8191,8145,8191,8180,8294,8182,8074,8177,8167,8142,26.078047513961792
41,8189,8160,8179,8188,8197,8137,8199,8182,8231,8190,8090,8157,8164,8129,26.086244344711304
42,8227,8183,8199,8209,8192,8147,8197,8186,8264,8192,8093,8181,8178,8142,26.094245433807373
43,8212,8186,8200,8203,8188,8133,8181,8182,8282,8182,8082,8185,8172,8138,26.10201668739319
44,8202,8168,8192,8197,8211,8135,8197,8187,8217,8205,8091,8153,8159,8143,26.110018968582157
45,8228,8189,8218,8215,8208,8154,8203,8199,8322,8207,8094,8202,8180,8166,26.117011070251465
45,8228,8189,8218,8215,8208,8154,8203,8199,8322,8207,8094,8202,8180,8166,26.11754560470581
46,8209,8175,8212,8209,8212,8137,8204,8183,8268,8217,8105,8171,8177,8160,26.12505030632019
47,8219,8196,8213,8211,8213,8149,8202,8186,8287,8225,8113,8177,8174,8168,26.13304901123047
48,8213,8190,8207,8204,8205,8148,8204,8197,8340,8222,8109,8195,8172,8165,26.14091181755066
49,8204,8159,8191,8197,8216,8141,8216,8184,8248,8225,8105,8160,8164,8155,26.148907899856567
50,8218,8189,8210,8204,8201,8160,8201,8181,8307,8196,8088,8197,8172,8152,26.15701174736023
51,8195,8170,8197,8190,8191,8147,8198,8169,8240,8190,8082,8165,8155,8130,26.165047645568848
52,8211,8172,8195,8199,8196,8150,8195,8168,8225,8187,8074,8166,8157,8133,26.17304873466492
53,8212,8178,8199,8200,8194,8162,8190,8183,8289,8173,8068,8194,8172,8135,26.1795437335968
54,8199,8155,8191,8195,8215,8171,8215,8194,8235,8206,8094,8163,8170,8144,26.18755292892456
54,8199,8155,8191,8195,8215,8171,8215,8194,8235,8206,8094,8163,8170,8144,26.188555479049683
55,8219,8188,8212,8214,8215,8188,8215,8205,8342,8226,8110,8206,8180,8169,26.19656538963318
56,8200,8170,8204,8202,8206,8169,8202,8187,8303,8228,8113,8179,8169,8155,26.204047918319706
57,8212,8169,8198,8203,8202,8169,8201,8187,8272,8223,8104,8169,8169,8159,26.21209025382996
58,8219,8187,8197,8202,8196,8168,8204,8200,8350,8218,8086,8199,8176,8162,26.220497369766235
59,8199,8159,8180,8191,8210,8157,8213,8188,8266,8229,8094,8161,8165,8149,26.228047132492065
60,8223,8186,8202,8214,8213,8179,8210,8199,8341,8224,8100,8204,8179,8164,26.23606824874878
61,8219,8185,8203,8209,8222,8175,8234,8212,8358,8246,8112,8194,8175,8170,26.24306321144104
62,8220,8175,8197,8213,8228,8170,8234,8201,8319,8249,8117,8177,8166,8174,26.250810146331787
63,8220,8182,8199,8219,8214,8163,8198,8190,8349,8216,8100,8208,8172,8163,26.25881004333496
64,8192,8158,8178,8198,8219,8152,8202,8179,8252,8226,8093,8160,8159,8146,26.266820669174194
65,8203,8178,8187,8207,8206,8169,8196,8182,8306,8213,8078,8187,8164,8151,26.274661779403687
66,8194,8160,8187,8205,8198,8156,8187,8173,8273,8190,8074,8183,8167,8134,26.28267526626587
67,8207,8155,8192,8209,8208,8162,8194,8177,8230,8204,8083,8173,8169,8144,26.2910475730896
68,8224,8189,8217,8220,8206,8176,8192,8193,8352,8217,8090,8218,8179,8175,26.29904675483704
69,8206,8166,8206,8207,8209,8158,8201,8188,8283,8228,8104,8177,8166,8174,26.307011127471924
70,8234,8184,8211,8219,8196,8173,8199,8195,8324,8221,8094,8199,8175,8177,26.31404685974121
71,8210,8178,8203,8215,8198,8174,8196,8192,8334,8224,8090,8193,8178,8169,26.32239556312561
72,8189,8159,8187,8206,8214,8170,8194,8178,8252,8218,8089,8164,8163,8163,26.33039402961731
73,8199,8175,8191,8200,8197,8165,8179,8170,8302,8180,8062,8203,8163,8156,26.33804750442505
74,8173,8148,8177,8184,8199,8150,8184,8163,8224,8189,8070,8166,8157,8146,26.3460476398468
75,8190,8170,8190,8204,8200,8173,8186,8186,8279,8199,8074,8186,8168,8166,26.354047536849976
76,8189,8168,8180,8197,8187,8167,8196,8192,8304,8201,8054,8189,8166,8154,26.362047910690308
77,8183,8149,8162,8184,8193,8157,8209,8186,8231,8223,8061,8154,8161,8149,26.370471477508545
78,8191,8175,8184,8198,8188,8173,8189,8197,8321,8215,8075,8199,8175,8168,26.377477884292603
79,8181,8153,8206,8195,8191,8166,8196,8188,8262,8218,8080,8175,8165,8169,26.38556432723999
80,8206,8167,8263,8200,8192,8172,8206,8183,8288,8217,8077,8192,8171,8187,26.39256525039673
80,8206,8167,8263,8200,8192,8172,8206,8183,8288,8217,8077,8192,8171,8187,26.393558263778687
81,8194,8178,8285,8195,8174,8163,8201,8187,8334,8211,8077,8201,8168,8178,26.40080690383911
82,8177,8157,8255,8184,8154,8160,8197,8174,8228,8200,8064,8158,8152,8159,26.40903639793396
83,8187,8172,8258,8181,8135,8180,8175,8165,8263,8160,8033,8195,8164,8159,26.417031288146973
84,8170,8151,8253,8168,8150,8168,8179,8166,8216,8173,8040,8166,8159,8145,26.425047397613525
85,8189,8164,8263,8188,8156,8171,8190,8181,8250,8197,8061,8172,8168,8155,26.43304800987244
86,8188,8177,8272,8196,8149,8171,8186,8187,8309,8197,8067,8198,8178,8164,26.44104313850403
87,8186,8166,8264,8194,8167,8170,8194,8186,8233,8212,8072,8170,8168,8163,26.44804286956787
88,8208,8192,8274,8207,8159,8180,8194,8192,8312,8198,8059,8203,8171,8159,26.456151485443115
89,8174,8163,8262,8187,8148,8153,8194,8172,8243,8185,8058,8166,8158,8134,26.46416044235229
90,8187,8171,8274,8190,8148,8158,8186,8172,8218,8187,8063,8172,8164,8146,26.472469568252563
91,8206,8187,8286,8197,8151,8175,8176,8185,8297,8190,8064,8209,8175,8153,26.48004722595215
92,8188,8158,8269,8188,8169,8173,8188,8177,8216,8205,8072,8165,8161,8136,26.487685441970825
93,8203,8187,8284,8205,8167,8179,8184,8180,8286,8190,8055,8194,8167,8141,26.49668025970459
94,8183,8174,8271,8194,8166,8159,8188,8176,8260,8190,8050,8170,8160,8134,26.502774477005005
95,8195,8173,8266,8196,8166,8164,8199,8185,8237,8207,8065,8169,8162,8148,26.511047840118408
96,8209,8193,8280,8205,8153,8171,8202,8196,8319,8206,8069,8210,8178,8157,26.519047737121586
97,8191,8164,8262,8192,8154,8152,8204,8179,8237,8215,8072,8161,8163,8143,26.526789903640747
98,8206,8178,8263,8189,8142,8155,8180,8180,8285,8203,8063,8189,8167,8151,26.534789562225345
99,8183,8164,8252,8171,8140,8141,8171,8179,8257,8200,8065,8177,8167,8140,26.543047666549683
100,8180,8157,8241,8174,8147,8143,8178,8172,8207,8203,8057,8156,8162,8133,26.551047563552856
101,8190,8182,8252,8182,8145,8158,8173,8175,8283,8188,8046,8194,8168,8134,26.559028148651123
102,8183,8172,8252,8179,8169,8153,8188,8173,8220,8202,8074,8162,8164,8144,26.56703329086304
103,8212,8192,8267,8199,8168,8157,8192,8179,8279,8199,8078,8189,8176,8165,26.57402920722961
104,8194,8173,8254,8187,8158,8138,8191,8180,8270,8196,8073,8183,8166,8142,26.58204841613769
105,8193,8168,8251,8182,8173,8144,8193,8181,8215,8206,8077,8170,8158,8137,26.590047359466556
106,8199,8198,8267,8190,8164,8158,8178,8183,8286,8189,8061,8208,8168,8141,26.59744167327881
106,8199,8198,8267,8190,8164,8158,8178,8183,8286,8189,8061,8208,8168,8141,26.59844183921814
107,8175,8163,8243,8174,8156,8138,8178,8171,8191,8190,8063,8164,8154,8122,26.605449438095093
107,8175,8163,8243,8174,8156,8138,8178,8171,8191,8190,8063,8164,8154,8122,26.606459379196167
108,8202,8168,8255,8182,8148,8146,8171,8183,8231,8183,8068,8191,8170,8137,26.61449813842773
109,8188,8168,8261,8181,8149,8139,8169,8191,8242,8179,8060,8194,8172,8129,26.622047901153564
110,8180,8161,8250,8181,8169,8144,8191,8188,8179,8195,8061,8163,8159,8124,26.629047393798828
111,8200,8182,8258,8188,8162,8158,8184,8195,8280,8189,8063,8208,8173,8142,26.63686442375183
112,8183,8159,8242,8175,8156,8137,8178,8183,8202,8196,8065,8173,8165,8134,26.644864559173584
113,8205,8182,8254,8186,8153,8143,8179,8177,8214,8189,8046,8185,8165,8135,26.653048038482662
114,8195,8184,8259,8178,8150,8140,8183,8180,8247,8179,8043,8191,8168,8131,26.66102194786072
114,8195,8184,8259,8178,8150,8140,8183,8180,8247,8179,8043,8191,8168,8131,26.6620569229126
115,8179,8155,8246,8174,8153,8134,8184,8186,8175,8193,8067,8159,8167,8137,26.669047594070435
116,8193,8170,8255,8185,8138,8143,8168,8194,8257,8185,8068,8205,8177,8148,26.677207708358765
117,8177,8149,8246,8170,8149,8128,8179,8181,8201,8191,8071,8171,8165,8130,26.68520951271057
118,8199,8175,8260,8183,8163,8141,8185,8183,8217,8191,8072,8183,8170,8142,26.69304919242859
119,8204,8195,8274,8198,8172,8147,8181,8189,8273,8195,8081,8209,8178,8159,26.701111555099487
120,8203,8176,8268,8198,8189,8141,8195,8182,8205,8218,8095,8173,8170,8166,26.708123445510864
121,8212,8192,8271,8193,8172,8151,8183,8180,8269,8188,8072,8201,8169,8160,26.71612572669983
122,8175,8161,8240,8170,8164,8142,8177,8167,8194,8171,8052,8163,8155,8120,26.724047422409058
123,8184,8160,8235,8178,8164,8150,8173,8167,8174,8166,8048,8169,8167,8117,26.732149362564087
124,8183,8167,8237,8174,8149,8144,8163,8172,8216,8154,8045,8191,8176,8113,26.740026235580444
125,8169,8146,8216,8155,8147,8129,8172,8164,8129,8171,8052,8149,8159,8111,26.74804902076721
126,8185,8167,8230,8165,8142,8132,8163,8173,8217,8160,8052,8195,8173,8133,26.7560670375824
127,8169,8147,8228,8161,8149,8118,8169,8176,8191,8164,8062,8178,8172,8125,26.76307511329651
239,8187,8156,8228,8169,8152,8141,8176,8172,8174,8175,8068,8177,8168,8132,26.77104759216309
0,8190,8180,8229,8171,8141,8151,8160,8171,8245,8164,8060,8206,8173,8136,26.77904772758484
1,8174,8158,8218,8162,8163,8140,8173,8174,8167,8177,8066,8163,8169,8129,26.78674459457397
2,8193,8187,8244,8179,8168,8161,8176,8185,8242,8170,8064,8201,8182,8142,26.794739246368408
3,8175,8172,8235,8169,8163,8151,8167,8164,8209,8166,8059,8185,8172,8132,26.80277180671692
4,8190,8162,8232,8171,8173,8150,8168,8157,8171,8168,8059,8174,8168,8144,26.811329126358032
5,8205,8184,8261,8188,8178,8161,8176,8189,8286,8172,8075,8215,8181,8163,26.81834292411804
5,8205,8184,8261,8188,8178,8161,8176,8189,8286,8172,8075,8215,8181,8163,26.81933879852295
6,8188,8158,8250,8177,8181,8143,8190,8192,8233,8197,8094,8174,8172,8159,26.82685685157776
7,8202,8172,8245,8175,8159,8142,8169,8183,8275,8185,8077,8203,8177,8163,26.833900928497314
8,8186,8162,8235,8174,8153,8139,8162,8175,8249,8185,8074,8194,8171,8154,26.84185266494751
9,8195,8162,8238,8192,8167,8154,8172,8171,8199,8196,8087,8173,8167,8158,26.849865198135376
10,8202,8188,8248,8195,8159,8160,8159,8166,8256,8159,8065,8203,8170,8149,26.85767865180969
11,8174,8164,8233,8182,8171,8153,8165,8154,8159,8145,8050,8159,8150,8129,26.8656747341156
12,8204,8188,8255,8211,8175,8182,8169,8171,8225,8147,8050,8194,8166,8149,26.87404751777649
13,8200,8185,8258,8198,8170,8171,8165,8165,8235,8150,8050,8196,8175,8143,26.882047414779663
14,8193,8171,8245,8186,8175,8157,8158,8146,8158,8153,8046,8164,8164,8131,26.890047550201416
15,8205,8193,8254,8206,8168,8166,8147,8153,8241,8142,8042,8202,8172,8134,26.89800429344177
16,8184,8169,8237,8198,8178,8154,8159,8153,8178,8160,8064,8170,8165,8129,26.90501379966736
17,8194,8183,8245,8206,8178,8161,8150,8164,8232,8171,8070,8196,8168,8146,26.913030862808228
18,8187,8174,8244,8202,8167,8152,8150,8172,8260,8170,8064,8204,8168,8145,26.921563625335693
19,8180,8158,8234,8191,8168,8150,8166,8170,8178,8172,8074,8170,8163,8141,26.929047346115112
20,8194,8191,8250,8203,8160,8167,8160,8186,8268,8160,8069,8206,8174,8140,26.93701124191284
20,8194,8191,8250,8203,8160,8167,8160,8186,8268,8160,8069,8206,8174,8140,26.937642097473145
21,8184,8164,8227,8190,8168,8155,8172,8180,8207,8169,8059,8171,8158,8122,26.94487452507019
22,8186,8163,8215,8177,8163,8165,8170,8165,8188,8145,8037,8182,8157,8124,26.952842235565186
23,8164,8169,8216,8173,8156,8158,8158,8157,8201,8122,8029,8194,8163,8115,26.96084213256836
24,8173,8168,8222,8191,8175,8152,8163,8155,8143,8147,8051,8167,8161,8124,26.967854261398315
25,8200,8199,8240,8207,8170,8173,8148,8156,8224,8139,8054,8209,8177,8143,26.97604870796204
26,8175,8176,8216,8188,8169,8165,8155,8143,8150,8138,8055,8175,8171,8129,26.98448729515076
27,8189,8180,8223,8194,8172,8175,8164,8154,8169,8149,8063,8190,8177,8145,26.99249839782715
28,8186,8179,8242,8193,8161,8177,8157,8169,8240,8152,8069,8215,8178,8151,26.999497652053837
29,8165,8151,8227,8186,8171,8171,8153,8156,8151,8159,8069,8169,8162,8134,27.00749921798706
30,8176,8177,8231,8200,8171,8183,8130,8155,8219,8141,8054,8206,8171,8131,27.01549887657165
31,8164,8160,8225,8187,8170,8171,8134,8147,8181,8152,8065,8185,8165,8118,27.02406358718872
32,8185,8166,8240,8195,8173,8177,8144,8147,8173,8157,8072,8184,8167,8125,27.031063556671143
33,8185,8178,8241,8201,8173,8172,8133,8158,8228,8139,8050,8206,8168,8126,27.039063692092896
34,8165,8147,8209,8186,8177,8161,8135,8146,8123,8140,8039,8159,8151,8115,27.047064065933228
34,8165,8147,8209,8186,8177,8161,8135,8146,8123,8140,8039,8159,8151,8115,27.04743075370789
35,8180,8170,8222,8194,8164,8184,8125,8144,8179,8125,8036,8197,8165,8118,27.054436206817627
35,8180,8170,8222,8194,8164,8184,8125,8144,8179,8125,8036,8197,8165,8118,27.05543708801269
36,8161,8158,8231,8193,8177,8171,8126,8148,8167,8135,8046,8187,8167,8113,27.06243896484375
37,8172,8156,8229,8200,8190,8167,8131,8154,8165,8150,8049,8180,8169,8128,27.07104778289795
38,8164,8165,8217,8195,8167,8169,8126,8154,8225,8134,8042,8206,8173,8124,27.079447984695435
39,8136,8138,8203,8182,8173,8160,8139,8145,8136,8153,8058,8169,8161,8112,27.086452960968018
39,8136,8138,8203,8182,8173,8160,8139,8145,8136,8153,8058,8169,8161,8112,27.087451934814453
40,8160,8162,8220,8190,8172,8169,8132,8152,8202,8151,8058,8207,8172,8128,27.09345412254333
40,8160,8162,8220,8190,8172,8169,8132,8152,8202,8151,8058,8207,8172,8128,27.094451904296875
41,8141,8150,8199,8171,8165,8156,8124,8149,8163,8137,8053,8183,8161,8113,27.102047443389893
42,8156,8151,8195,8180,8172,8163,8132,8153,8132,8145,8050,8164,8157,8113,27.110196113586422
43,8181,8171,8216,8190,8166,8169,8139,8156,8236,8143,8038,8204,8172,8119,27.11820411682129
44,8143,8138,8195,8165,8173,8160,8146,8139,8136,8146,8044,8164,8162,8099,27.125741720199585
45,8151,8160,8208,8185,8170,8182,8132,8152,8183,8145,8046,8202,8169,8110,27.134047508239743
46,8168,8165,8222,8203,8165,8182,8140,8166,8224,8171,8048,8199,8172,8118,27.141749382019043
47,8188,8163,8216,8202,8169,8183,8156,8158,8192,8188,8051,8173,8169,8130,27.15004801750183
48,8166,8171,8212,8190,8157,8180,8136,8149,8238,8153,8044,8211,8173,8126,27.15804433822632
49,8120,8136,8191,8174,8158,8162,8137,8145,8139,8151,8049,8165,8155,8097,27.16502809524536
50,8158,8163,8203,8192,8147,8176,8143,8161,8193,8150,8035,8184,8160,8111,27.173396825790405
51,8158,8166,8199,8184,8137,8168,8135,8151,8200,8139,8025,8190,8165,8117,27.180656909942627
52,8152,8159,8189,8184,8146,8165,8129,8136,8118,8142,8035,8166,8165,8105,27.18865656852722
52,8152,8159,8189,8184,8146,8165,8129,8136,8118,8142,8035,8166,8165,8105,27.18965244293213
53,8163,8183,8195,8193,8140,8177,8119,8148,8202,8134,8025,8198,8172,8093,27.19765901565552
54,8133,8144,8168,8165,8140,8163,8129,8142,8132,8152,8025,8155,8159,8082,27.20475125312805
55,8150,8163,8174,8172,8131,8174,8130,8149,8175,8163,8036,8179,8166,8100,27.212761402130127
56,8139,8180,8176,8176,8129,8165,8127,8156,8221,8163,8046,8191,8167,8086,27.22104358673096
57,8117,8147,8153,8172,8142,8157,8134,8148,8131,8167,8049,8158,8157,8073,27.228047847747803
58,8131,8145,8164,8176,8127,8170,8126,8149,8204,8153,8037,8201,8173,8086,27.236047744750977
59,8125,8122,8162,8166,8130,8149,8138,8148,8161,8170,8053,8172,8170,8082,27.24436068534851
60,8152,8147,8179,8187,8143,8154,8143,8162,8190,8170,8056,8185,8170,8097,27.25219750404358
61,8142,8150,8176,8184,8148,8155,8141,8163,8225,8155,8038,8192,8167,8089,27.2601797580719
62,8131,8128,8160,8174,8153,8145,8153,8154,8140,8174,8045,8153,8159,8079,27.26804804801941
63,8169,8167,8191,8195,8131,8150,8148,8169,8235,8163,8049,8207,8169,8099,27.276050090789795
64,8161,8148,8193,8187,8130,8130,8152,8164,8180,8153,8042,8182,8159,8092,27.28403639793396
65,8163,8146,8195,8188,8134,8137,8148,8161,8166,8152,8031,8182,8169,8093,27.29203629493713
66,8156,8157,8199,8194,8124,8143,8138,8169,8229,8155,8041,8209,8180,8099,27.299017906188965
67,8146,8136,8185,8186,8140,8136,8151,8165,8154,8172,8064,8173,8166,8106,27.30703043937683
68,8156,8154,8194,8193,8143,8142,8145,8170,8225,8161,8056,8210,8174,8114,27.31606721878052
69,8137,8138,8187,8189,8144,8129,8148,8175,8201,8183,8069,8187,8169,8099,27.32306551933289
70,8152,8153,8186,8203,8153,8140,8154,8179,8203,8191,8079,8175,8167,8109,27.33107280731201
71,8141,8158,8173,8189,8141,8130,8142,8166,8231,8153,8054,8189,8169,8101,27.339048624038696
72,8107,8117,8145,8156,8132,8112,8143,8148,8103,8149,8046,8145,8157,8082,27.34770035743713
73,8130,8147,8161,8170,8119,8136,8134,8167,8190,8145,8045,8191,8170,8095,27.3550488948822
74,8129,8144,8158,8171,8134,8128,8145,8168,8193,8149,8047,8179,8168,8089,27.361929655075077
75,8129,8142,8155,8173,8154,8129,8149,8155,8153,8147,8047,8162,8164,8088,27.37003445625305
76,8128,8160,8166,8180,8147,8140,8131,8159,8224,8135,8040,8195,8168,8084,27.378029823303223
77,8131,8143,8160,8174,8153,8127,8144,8157,8149,8157,8052,8165,8163,8088,27.386047840118408
78,8157,8163,8186,8191,8153,8144,8153,8170,8224,8163,8070,8204,8184,8122,27.39405298233032
79,8133,8146,8181,8188,8156,8146,8158,8176,8244,8170,8078,8189,8176,8122,27.401721954345703
80,8144,8146,8170,8187,8158,8138,8152,8170,8198,8171,8062,8170,8163,8120,27.40974354743957
80,8144,8146,8170,8187,8158,8138,8152,8170,8198,8171,8062,8170,8163,8120,27.410741806030277
81,8166,8174,8186,8195,8144,8129,8134,8168,8245,8142,8042,8210,8173,8122,27.417744874954224
82,8146,8143,8175,8189,8156,8122,8148,8152,8152,8146,8055,8164,8163,8111,27.4249849319458
83,8165,8159,8178,8197,8152,8137,8140,8156,8205,8149,8059,8190,8175,8114,27.43302083015442
84,8156,8158,8175,8187,8146,8118,8130,8157,8201,8143,8049,8192,8174,8100,27.44165301322937
85,8150,8150,8181,8188,8159,8116,8145,8153,8135,8145,8049,8172,8166,8108,27.449047803878784
86,8162,8167,8194,8195,8153,8130,8146,8161,8229,8140,8046,8214,8180,8121,27.45706915855408
87,8150,8141,8178,8186,8161,8114,8153,8157,8174,8162,8059,8173,8176,8112,27.465047359466556
88,8170,8163,8195,8206,8163,8127,8154,8168,8234,8163,8063,8195,8179,8131,27.47306752204895
89,8152,8163,8192,8197,8153,8122,8158,8173,8260,8163,8057,8210,8170,8122,27.481067419052124
90,8147,8142,8177,8184,8155,8117,8173,8169,8192,8185,8072,8182,8163,8114,27.489030361175537
91,8161,8157,8188,8183,8135,8122,8170,8174,8274,8172,8072,8213,8176,8125,27.49579429626465
92,8124,8125,8156,8153,8125,8098,8170,8158,8176,8163,8058,8167,8163,8102,27.503830671310425
93,8139,8133,8154,8159,8121,8101,8155,8158,8179,8156,8050,8185,8170,8103,27.511411905288696
93,8139,8133,8154,8159,8121,8101,8155,8158,8179,8156,8050,8185,8170,8103,27.512404441833496
94,8151,8145,8175,8171,8123,8099,8157,8171,8234,8166,8070,8212,8176,8121,27.51941227912903
95,8153,8139,8175,8172,8142,8098,8180,8172,8177,8186,8085,8179,8161,8122,27.52804732322693
96,8162,8163,8180,8174,8138,8107,8170,8169,8254,8158,8056,8210,8167,8113,27.53604745864868
97,8132,8139,8165,8159,8143,8093,8168,8161,8199,8166,8065,8179,8168,8111,27.54404854774475
97,8132,8139,8165,8159,8143,8093,8168,8161,8199,8166,8065,8179,8168,8111,27.54510974884033
98,8152,8154,8170,8172,8156,8111,8177,8175,8230,8191,8084,8195,8180,8136,27.552084922790527
99,8156,8170,8177,8171,8161,8111,8180,8177,8285,8185,8079,8211,8177,8127,27.559085845947266
100,8144,8155,8170,8161,8171,8100,8184,8160,8181,8178,8076,8168,8158,8115,27.56709170341492
101,8160,8178,8175,8171,8159,8116,8173,8166,8244,8161,8061,8209,8170,8125,27.57504820823669
102,8138,8148,8151,8158,8161,8103,8180,8167,8197,8166,8066,8185,8171,8112,27.58311438560486
103,8155,8156,8163,8168,8169,8115,8185,8171,8199,8176,8082,8191,8178,8132,27.591047525405884
104,8166,8179,8178,8173,8162,8127,8180,8176,8272,8176,8081,8218,8179,8143,27.59837317466736
105,8152,8155,8161,8162,8173,8124,8188,8169,8178,8182,8080,8172,8161,8123,27.60737609863281
106,8165,8177,8181,8174,8175,8139,8176,8175,8243,8166,8074,8211,8172,8133,27.615047693252563
106,8165,8177,8181,8174,8175,8139,8176,8175,8243,8166,8074,8211,8172,8133,27.61543107032776
107,8151,8158,8181,8166,8182,8130,8181,8175,8235,8184,8088,8198,8173,8149,27.622048377990723
108,8172,8162,8180,8172,8181,8139,8192,8179,8229,8198,8098,8191,8171,8167,27.63004302978516
109,8167,8176,8186,8172,8161,8140,8170,8177,8267,8169,8082,8216,8172,8149,27.6380558013916
110,8130,8138,8165,8156,8165,8119,8155,8156,8148,8167,8077,8171,8156,8123,27.64605450630188
111,8156,8163,8165,8163,8153,8127,8148,8155,8214,8160,8068,8204,8167,8140,27.654047966003414
112,8148,8159,8151,8145,8143,8121,8157,8151,8196,8155,8065,8190,8164,8128,27.662038326263428
113,8143,8142,8148,8146,8146,8130,8159,8152,8150,8161,8075,8179,8161,8129,27.67003059387207
114,8139,8152,8159,8153,8133,8134,8145,8157,8221,8153,8076,8219,8170,8141,27.67804789543152
115,8123,8132,8145,8141,8136,8117,8154,8146,8141,8171,8081,8177,8160,8131,27.685048818588257
116,8148,8152,8162,8162,8142,8134,8154,8160,8218,8171,8071,8208,8173,8143,27.69384074211121
117,8126,8137,8155,8151,8147,8124,8158,8166,8223,8163,8072,8200,8173,8133,27.700730800628666
118,8126,8130,8147,8137,8150,8116,8166,8163,8167,8174,8083,8181,8167,8132,27.7087459564209
119,8152,8161,8167,8149,8151,8128,8155,8174,8272,8177,8086,8231,8179,8148,27.71701145172119
120,8137,8145,8152,8148,8172,8119,8160,8171,8212,8190,8097,8188,8168,8145,27.72523808479309
121,8154,8160,8159,8153,8164,8120,8154,8164,8225,8169,8080,8197,8170,8147,27.73304772377014
122,8145,8152,8161,8142,8152,8108,8149,8155,8205,8156,8070,8198,8165,8136,27.740259647369385
123,8148,8147,8152,8150,8168,8122,8157,8156,8148,8174,8079,8180,8162,8141,27.74828600883484
124,8165,8175,8160,8170,8161,8141,8153,8160,8246,8163,8074,8219,8175,8150,27.75628638267517
125,8143,8144,8148,8156,8162,8126,8164,8145,8176,8166,8084,8184,8163,8144,27.764047145843502
126,8155,8156,8155,8158,8157,8141,8153,8150,8195,8163,8083,8208,8168,8158,27.77171897888184
127,8138,8156,8148,8154,8148,8137,8135,8151,8206,8151,8072,8205,8165,8142,27.78004765510559
239,8132,8142,8138,8154,8160,8137,8152,8143,8122,8149,8072,8164,8152,8127,27.78821635246277
0,8159,8171,8152,8154,8147,8161,8154,8146,8198,8133,8063,8214,8164,8132,27.79621458053589
1,8142,8147,8138,8135,8143,8150,8154,8143,8143,8149,8077,8184,8160,8122,27.80404806137085
2,8148,8153,8147,8154,8148,8152,8146,8154,8180,8156,8087,8192,8167,8134,27.812048196792603
3,8141,8156,8152,8148,8144,8149,8137,8161,8221,8148,8076,8208,8172,8130,27.819029808044437
4,8139,8145,8144,8129,8153,8146,8149,8150,8129,8157,8077,8174,8161,8123,27.827012062072757
5,8148,8171,8150,8138,8150,8159,8147,8155,8209,8139,8068,8206,8164,8127,27.835349559783936
6,8109,8139,8127,8123,8159,8148,8156,8155,8154,8143,8061,8169,8153,8115,27.84283852577209
7,8122,8143,8137,8126,8162,8161,8161,8163,8157,8150,8060,8182,8161,8135,27.85083293914795
8,8135,8163,8147,8136,8151,8162,8168,8177,8229,8153,8065,8206,8172,8139,27.85883355140686
9,8138,8149,8132,8134,8163,8163,8184,8174,8162,8180,8077,8166,8163,8137,27.86683201789856
10,8156,8175,8149,8143,8163,8185,8169,8172,8241,8165,8079,8214,8171,8156,27.87488961219788
11,8136,8157,8142,8134,8161,8170,8176,8162,8182,8153,8077,8188,8160,8141,27.883321046829224
12,8151,8158,8143,8141,8154,8179,8180,8161,8144,8150,8071,8176,8161,8142,27.890047073364254
13,8149,8169,8154,8145,8146,8187,8165,8169,8226,8150,8082,8210,8175,8151,27.898349046707157
14,8126,8140,8135,8132,8154,8168,8169,8159,8162,8172,8101,8173,8162,8140,27.906041622161865
15,8135,8155,8134,8127,8124,8178,8154,8155,8195,8144,8072,8193,8167,8135,27.91405963897705
16,8111,8134,8124,8114,8108,8177,8151,8146,8137,8135,8054,8170,8162,8124,27.92157411575317
16,8111,8134,8124,8114,8108,8177,8151,8146,8137,8135,8054,8170,8162,8124,27.922584295272827
17,8123,8138,8134,8129,8119,8181,8161,8147,8125,8152,8070,8167,8162,8130,27.93001937866211
18,8133,8163,8141,8133,8109,8177,8154,8150,8196,8132,8072,8200,8169,8114,27.937769412994385
19,8118,8138,8120,8116,8114,8170,8161,8144,8092,8134,8073,8161,8159,8099,27.94576859474182
20,8150,8163,8148,8143,8127,8192,8158,8163,8182,8151,8076,8207,8174,8136,27.95304846763611
21,8142,8163,8157,8154,8138,8188,8159,8164,8208,8163,8089,8200,8168,8134,27.96097230911255
22,8157,8164,8150,8159,8139,8193,8174,8162,8166,8168,8092,8175,8159,8128,27.969047784805294
23,8175,8181,8163,8157,8132,8199,8175,8173,8246,8162,8087,8214,8170,8135,27.97707438468933
24,8140,8160,8151,8143,8148,8183,8171,8160,8159,8165,8104,8175,8159,8120,27.985073566436768
25,8152,8187,8153,8159,8139,8193,8158,8151,8184,8140,8093,8201,8168,8120,27.99305033683777
26,8139,8171,8144,8145,8128,8180,8157,8147,8175,8135,8077,8199,8168,8110,28.00103759765625
27,8134,8156,8137,8136,8140,8178,8163,8150,8138,8161,8085,8176,8166,8113,28.009056091308597
28,8144,8178,8146,8141,8130,8189,8150,8161,8236,8159,8083,8210,8178,8120,28.016048431396484
29,8127,8145,8129,8127,8124,8174,8152,8156,8149,8164,8080,8167,8168,8105,28.023929834365845
29,8127,8145,8129,8127,8124,8174,8152,8156,8149,8164,8080,8167,8168,8105,28.02492904663086
30,8153,8165,8138,8138,8119,8182,8150,8161,8182,8160,8077,8193,8171,8113,28.0323326587677
31,8145,8170,8143,8134,8121,8179,8157,8159,8212,8167,8087,8204,8170,8114,28.0403413772583
32,8145,8152,8143,8129,8130,8186,8172,8155,8148,8179,8097,8178,8166,8121,28.048341035842896
33,8153,8175,8152,8140,8115,8195,8149,8159,8219,8150,8084,8213,8176,8118,28.05604839324951
34,8123,8155,8132,8141,8129,8176,8145,8152,8148,8164,8093,8174,8161,8095,28.06404757499695
35,8150,8168,8153,8159,8149,8201,8156,8161,8193,8189,8100,8197,8171,8113,28.074048042297363
36,8146,8166,8157,8146,8141,8209,8156,8160,8234,8185,8089,8211,8173,8108,28.07904601097107
37,8133,8148,8130,8130,8135,8201,8160,8150,8141,8185,8082,8168,8153,8096,28.087048292160038
38,8153,8176,8145,8148,8128,8223,8158,8161,8222,8173,8079,8209,8164,8113,28.095046758651733
39,8134,8154,8143,8141,8126,8220,8169,8159,8174,8180,8089,8184,8162,8104,28.10304617881775
40,8141,8161,8147,8145,8115,8220,8165,8160,8176,8174,8082,8191,8163,8105,28.11104941368103
41,8148,8170,8153,8151,8117,8207,8155,8164,8218,8166,8074,8210,8166,8108,28.119050979614254
42,8153,8154,8146,8149,8138,8202,8162,8147,8129,8176,8087,8174,8161,8109,28.127118587493896
43,8161,8180,8160,8147,8124,8219,8150,8138,8188,8156,8084,8208,8173,8108,28.13511848449707
44,8133,8157,8153,8134,8132,8202,8158,8139,8148,8172,8089,8180,8166,8095,28.143117666244507
45,8151,8162,8155,8152,8152,8211,8161,8154,8168,8183,8088,8187,8166,8113,28.150118350982662
46,8144,8173,8141,8148,8135,8213,8150,8160,8221,8155,8071,8202,8166,8107,28.15811491012573
47,8127,8156,8121,8133,8135,8200,8169,8152,8128,8161,8083,8155,8160,8098,28.16614556312561
48,8159,8191,8159,8160,8143,8206,8173,8157,8221,8169,8102,8206,8178,8128,28.174144744873047
49,8145,8181,8170,8161,8150,8190,8177,8152,8193,8178,8117,8192,8171,8125,28.182047605514526
50,8150,8179,8165,8163,8147,8201,8174,8157,8157,8178,8114,8180,8166,8118,28.190167903900143
51,8163,8191,8163,8165,8135,8201,8159,8161,8220,8163,8094,8202,8172,8116,28.19818472862244
52,8150,8157,8148,8141,8149,8178,8163,8144,8132,8170,8102,8159,8164,8120,28.205837726593018
53,8154,8174,8167,8148,8143,8191,8160,8163,8222,8173,8119,8205,8177,8143,28.21284580230713
54,8141,8173,8167,8160,8142,8190,8174,8181,8247,8202,8131,8199,8177,8140,28.22104263305664
55,8169,8178,8168,8167,8155,8196,8185,8174,8216,8218,8126,8178,8173,8148,28.22889733314514
56,8173,8188,8169,8151,8152,8190,8175,8165,8263,8183,8114,8211,8175,8148,28.23697853088379
57,8135,8155,8147,8133,8156,8172,8188,8156,8163,8178,8119,8170,8157,8129,28.2445170879364
57,8135,8155,8147,8133,8156,8172,8188,8156,8163,8178,8119,8170,8157,8129,28.245515823364254
58,8159,8184,8159,8161,8152,8199,8187,8165,8220,8169,8102,8192,8166,8134,28.25252342224121
59,8156,8178,8151,8152,8155,8193,8178,8159,8213,8161,8090,8184,8167,8114,28.26051640510559
60,8152,8166,8143,8143,8168,8185,8180,8158,8164,8176,8099,8174,8163,8111,28.268798112869263
61,8157,8187,8155,8154,8160,8193,8179,8173,8251,8182,8089,8213,8175,8125,28.276793003082275
62,8133,8160,8141,8141,8165,8177,8190,8172,8165,8194,8092,8171,8164,8116,28.2840416431427
63,8157,8183,8162,8156,8165,8183,8189,8188,8219,8188,8104,8208,8173,8135,28.292048454284668
64,8157,8183,8169,8160,8166,8181,8194,8190,8250,8190,8117,8212,8175,8147,28.300018072128296
65,8158,8168,8160,8161,8177,8185,8203,8174,8180,8192,8115,8177,8167,8149,28.30802702903748
66,8173,8191,8169,8165,8171,8193,8188,8174,8246,8170,8102,8214,8172,8140,28.31612539291382
67,8154,8169,8156,8148,8177,8170,8190,8161,8168,8181,8109,8172,8163,8123,28.32404851913452
68,8168,8186,8165,8155,8172,8172,8190,8160,8198,8180,8106,8185,8173,8139,28.33204746246338
69,8173,8188,8169,8153,8169,8173,8200,8168,8239,8186,8107,8195,8176,8145,28.34012651443481
70,8172,8167,8160,8149,8183,8179,8210,8166,8185,8203,8120,8171,8171,8146,28.34712100028992
71,8167,8186,8169,8156,8171,8198,8188,8174,8266,8177,8115,8211,8180,8140,28.35504794120789
72,8155,8175,8160,8153,8186,8197,8205,8181,8224,8200,8129,8184,8172,8132,28.36304807662964
73,8188,8190,8176,8165,8206,8204,8216,8187,8272,8228,8146,8210,8182,8171,28.37108421325684
74,8165,8181,8177,8151,8186,8184,8191,8182,8303,8209,8141,8216,8181,8169,28.379047632217407
75,8157,8159,8162,8144,8180,8175,8192,8170,8213,8203,8128,8165,8166,8148,28.387072563171387
76,8191,8192,8185,8161,8181,8191,8190,8169,8299,8197,8115,8207,8179,8158,28.395070791244507
77,8172,8173,8177,8158,8190,8174,8187,8164,8247,8209,8128,8183,8168,8151,28.403047800064087
78,8195,8178,8178,8170,8193,8187,8186,8175,8259,8213,8139,8185,8171,8156,28.4102783203125
79,8190,8177,8175,8161,8188,8189,8186,8177,8298,8195,8132,8201,8180,8144,28.41827797889709
80,8157,8151,8152,8142,8196,8183,8200,8163,8176,8190,8126,8162,8165,8125,28.42629146575928
81,8179,8188,8172,8157,8186,8209,8202,8178,8253,8175,8117,8203,8168,8139,28.434048414230347
82,8167,8175,8169,8153,8191,8202,8209,8179,8245,8196,8135,8177,8169,8136,28.442073106765747
83,8165,8168,8160,8157,8197,8206,8213,8176,8240,8215,8148,8175,8175,8145,28.45007348060608
84,8158,8177,8153,8154,8189,8207,8205,8179,8295,8195,8132,8204,8175,8139,28.45804715156555
85,8147,8154,8137,8145,8201,8196,8202,8164,8200,8194,8125,8158,8159,8121,28.46604895591736
86,8170,8183,8157,8162,8194,8214,8186,8166,8268,8185,8124,8197,8176,8133,28.474491596221924
87,8158,8176,8160,8155,8191,8207,8200,8174,8253,8191,8146,8192,8173,8139,28.481497526168823
88,8163,8176,8162,8155,8196,8206,8207,8179,8231,8197,8163,8188,8168,8148,28.48858880996704
88,8163,8176,8162,8155,8196,8206,8207,8179,8231,8197,8163,8188,8168,8148,28.48963165283203
89,8166,8183,8162,8159,8187,8208,8181,8173,8290,8180,8148,8210,8177,8135,28.496623039245605
90,8158,8149,8147,8152,8202,8199,8185,8157,8189,8189,8150,8166,8168,8126,28.50461506843567
90,8158,8149,8147,8152,8202,8199,8185,8157,8189,8189,8150,8166,8168,8126,28.505608081817627
91,8179,8175,8169,8165,8196,8207,8177,8162,8251,8179,8156,8209,8173,8150,28.51304841041565
91,8179,8175,8169,8165,8196,8207,8177,8162,8251,8179,8156,8209,8173,8150,28.513582229614254
92,8164,8175,8170,8161,8186,8193,8171,8163,8252,8181,8165,8199,8167,8142,28.52104377746582
93,8177,8171,8171,8172,8200,8204,8188,8170,8225,8198,8175,8185,8172,8149,28.52904725074768
94,8188,8186,8187,8181,8197,8218,8190,8180,8308,8190,8162,8217,8179,8157,28.536908864974976
94,8188,8186,8187,8181,8197,8218,8190,8180,8308,8190,8162,8217,8179,8157,28.53791093826294
95,8153,8159,8168,8158,8191,8198,8178,8153,8203,8182,8150,8163,8153,8127,28.543912649154663
96,8170,8185,8186,8170,8177,8201,8160,8148,8236,8160,8148,8199,8167,8134,28.551948070526123
97,8179,8182,8203,8176,8173,8196,8173,8158,8253,8167,8169,8218,8182,8157,28.56004762649536
98,8181,8169,8203,8171,8172,8198,8177,8156,8195,8181,8179,8193,8173,8160,28.56804323196411
99,8179,8185,8206,8174,8160,8197,8151,8159,8258,8157,8160,8221,8172,8148,28.576048851013184
100,8157,8157,8187,8166,8178,8179,8165,8162,8196,8174,8171,8188,8169,8142,28.58402228355408
101,8189,8183,8208,8184,8176,8201,8176,8172,8267,8191,8181,8213,8184,8168,28.59202289581299
102,8190,8192,8224,8186,8166,8194,8168,8162,8291,8187,8178,8217,8177,8169,28.600029468536377
103,8191,8181,8222,8186,8179,8180,8166,8149,8216,8188,8182,8193,8161,8162,28.606860637664795
104,8203,8197,8225,8189,8166,8191,8162,8151,8284,8163,8163,8227,8174,8158,28.614886045455933
105,8173,8164,8204,8171,8161,8184,8180,8142,8193,8158,8159,8183,8168,8143,28.622746229171756
106,8192,8180,8212,8188,8158,8189,8183,8154,8212,8153,8158,8196,8171,8153,28.63074493408203
106,8192,8180,8212,8188,8158,8189,8183,8154,8212,8153,8158,8196,8171,8153,28.63174533843994
107,8181,8179,8204,8179,8146,8172,8170,8158,8239,8147,8152,8204,8170,8141,28.639048099517822
108,8162,8152,8187,8158,8153,8170,8183,8156,8171,8169,8158,8170,8166,8138,28.64735770225525
109,8178,8177,8203,8171,8146,8191,8180,8174,8280,8168,8162,8215,8179,8162,28.655356407165527
110,8157,8157,8183,8164,8139,8172,8173,8163,8218,8166,8162,8180,8158,8146,28.66304445266724
111,8174,8163,8173,8166,8128,8179,8167,8153,8202,8154,8136,8181,8156,8133,28.670043230056763
112,8163,8165,8161,8150,8116,8178,8156,8153,8236,8147,8118,8197,8169,8118,28.67837643623352
113,8145,8148,8139,8139,8128,8169,8157,8151,8157,8167,8130,8160,8161,8112,28.68629002571106
114,8179,8186,8162,8163,8130,8187,8161,8168,8256,8163,8134,8206,8173,8129,28.69429326057434
115,8173,8171,8170,8165,8139,8189,8178,8168,8234,8177,8152,8186,8171,8127,28.70204734802246
116,8174,8171,8172,8165,8139,8199,8166,8159,8215,8176,8154,8183,8170,8135,28.71004843711853
117,8159,8172,8170,8152,8127,8199,8151,8161,8250,8159,8141,8204,8173,8126,28.71809315681457
118,8164,8156,8166,8157,8146,8204,8183,8170,8196,8190,8167,8176,8170,8136,28.72579288482666
119,8198,8192,8184,8183,8149,8221,8184,8181,8305,8196,8182,8220,8182,8167,28.73352789878845
119,8198,8192,8184,8183,8149,8221,8184,8181,8305,8196,8182,8220,8182,8167,28.734516143798828
120,8161,8170,8159,8162,8140,8197,8170,8165,8252,8180,8169,8182,8167,8135,28.74052381515503
120,8161,8170,8159,8162,8140,8197,8170,8165,8252,8180,8169,8182,8167,8135,28.741517305374146
121,8169,8165,8162,8164,8143,8208,8172,8160,8211,8172,8156,8177,8163,8129,28.749042749404907
122,8193,8187,8188,8178,8145,8230,8171,8170,8295,8173,8151,8216,8172,8140,28.757104635238647
123,8177,8165,8171,8165,8155,8221,8181,8167,8210,8190,8150,8164,8162,8128,28.7651047706604
124,8189,8188,8175,8176,8144,8234,8183,8179,8265,8180,8138,8197,8175,8134,28.77305603027344
125,8180,8176,8167,8175,8144,8228,8194,8182,8255,8190,8138,8191,8170,8129,28.78104257583618
126,8170,8164,8154,8161,8142,8223,8186,8175,8206,8188,8138,8172,8162,8124,28.78849196434021
127,8149,8173,8156,8150,8126,8222,8170,8175,8257,8162,8126,8200,8169,8112,28.79649043083191
239,8134,8157,8153,8151,8148,8223,8192,8176,8193,8189,8142,8167,8162,8108,28.804041385650635
0,8162,8180,8175,8170,8150,8242,8189,8191,8279,8202,8149,8203,8177,8133,28.811498880386356
0,8162,8180,8175,8170,8150,8242,8189,8191,8279,8202,8149,8203,8177,8133,28.81249213218689
1,8144,8161,8163,8148,8141,8220,8182,8188,8262,8193,8149,8191,8172,8128,28.81949496269226
2,8149,8154,8155,8146,8150,8218,8186,8180,8187,8184,8146,8163,8160,8118,28.828047513961792
3,8163,8183,8171,8163,8140,8231,8174,8182,8256,8157,8124,8196,8167,8108,28.836015939712524
4,8138,8155,8151,8143,8143,8211,8179,8173,8168,8159,8124,8158,8157,8092,28.84403824806213
4,8138,8155,8151,8143,8143,8211,8179,8173,8168,8159,8124,8158,8157,8092,28.84603786468506
5,8165,8174,8157,8151,8142,8215,8175,8178,8209,8157,8127,8185,8163,8105,28.852049827575684
6,8167,8175,8162,8156,8139,8202,8170,8171,8215,8161,8131,8192,8161,8103,28.86007404327393
7,8160,8154,8158,8153,8150,8200,8169,8157,8142,8167,8140,8170,8156,8103,28.867068767547607
8,8156,8167,8159,8158,8146,8210,8149,8163,8216,8142,8123,8202,8164,8097,28.87504816055298
8,8156,8167,8159,8158,8146,8210,8149,8163,8216,8142,8123,8202,8164,8097,28.8754940032959
9,8126,8149,8127,8139,8142,8189,8150,8154,8130,8141,8117,8155,8158,8072,28.88283395767212
10,8142,8165,8134,8136,8127,8191,8144,8156,8146,8134,8118,8178,8169,8090,28.890832901000977
11,8136,8155,8154,8137,8122,8183,8136,8159,8178,8134,8122,8190,8166,8101,28.89883327484131
12,8142,8143,8164,8153,8143,8189,8148,8159,8132,8154,8133,8158,8160,8105,28.90683603286743
13,8162,8176,8178,8162,8138,8206,8146,8166,8223,8141,8131,8199,8177,8114,28.915083408355716
14,8136,8146,8153,8136,8132,8179,8152,8155,8138,8140,8129,8163,8162,8097,28.922940969467163
15,8157,8157,8163,8153,8134,8187,8161,8168,8161,8148,8128,8178,8165,8110,28.93094038963318
16,8155,8165,8169,8156,8142,8192,8169,8179,8223,8155,8132,8193,8172,8109,28.938047409057617
17,8126,8133,8140,8134,8145,8179,8166,8161,8121,8153,8129,8149,8157,8093,28.94584012031555
18,8131,8152,8145,8145,8128,8178,8147,8168,8181,8129,8113,8186,8161,8100,28.95418667793274
19,8122,8142,8146,8151,8141,8163,8164,8173,8152,8148,8122,8164,8157,8100,28.96218967437744
20,8150,8160,8160,8166,8152,8172,8178,8179,8180,8162,8125,8178,8167,8117,28.970048189163208
21,8152,8166,8162,8156,8147,8170,8165,8182,8218,8148,8117,8196,8176,8116,28.978046894073486
22,8133,8143,8145,8141,8164,8160,8159,8172,8118,8158,8122,8157,8162,8111,28.98606848716736
23,8148,8175,8169,8162,8158,8171,8144,8174,8201,8154,8112,8198,8167,8117,28.99406790733337
24,8149,8170,8174,8169,8162,8161,8156,8176,8178,8169,8113,8168,8164,8102,29.00104784965515
25,8182,8176,8179,8176,8171,8169,8174,8180,8181,8182,8123,8170,8172,8127,29.008707761764526
26,8171,8176,8185,8164,8158,8171,8168,8184,8246,8166,8128,8205,8177,8140,29.016714334487915
27,8147,8150,8174,8155,8162,8164,8174,8180,8166,8180,8140,8160,8164,8125,29.02504873275757
28,8174,8183,8182,8174,8156,8176,8160,8181,8239,8176,8135,8195,8174,8140,29.033114671707157
29,8158,8170,8165,8162,8156,8161,8158,8167,8200,8174,8140,8184,8165,8137,29.04075765609741
30,8171,8163,8163,8157,8163,8163,8172,8165,8164,8176,8142,8171,8165,8135,29.0487642288208
31,8173,8177,8169,8155,8155,8164,8167,8177,8234,8156,8116,8195,8175,8128,29.05701231956482
32,8137,8150,8144,8147,8162,8154,8172,8168,8142,8156,8108,8152,8154,8104,29.06488966941833
32,8137,8150,8144,8147,8162,8154,8172,8168,8142,8156,8108,8152,8154,8104,29.06558084487915
33,8146,8170,8151,8159,8163,8172,8162,8170,8193,8143,8101,8180,8159,8102,29.07189965248108
34,8135,8157,8143,8145,8173,8160,8161,8168,8177,8144,8103,8163,8159,8099,29.080047607421875
35,8143,8158,8139,8150,8180,8161,8167,8166,8135,8157,8111,8148,8154,8108,29.08807182312012
36,8149,8184,8148,8162,8156,8171,8155,8166,8210,8144,8111,8191,8164,8102,29.09606528282165
37,8119,8146,8128,8140,8155,8154,8151,8155,8116,8148,8118,8153,8160,8084,29.103984832763672
38,8143,8165,8144,8149,8165,8169,8140,8166,8164,8148,8113,8183,8169,8104,29.111998558044437
39,8147,8177,8158,8154,8180,8172,8146,8167,8188,8157,8124,8183,8167,8112,29.12004828453064
40,8156,8174,8160,8156,8189,8172,8158,8161,8154,8166,8137,8159,8167,8117,29.1270112991333
40,8156,8174,8160,8156,8189,8172,8158,8161,8154,8166,8137,8159,8167,8117,29.12767481803894
41,8165,8183,8169,8157,8168,8176,8145,8167,8221,8146,8118,8194,8175,8119,29.134685754776
42,8138,8158,8157,8146,8172,8167,8152,8161,8127,8151,8119,8154,8154,8110,29.142878770828247
43,8163,8181,8167,8160,8176,8187,8152,8165,8174,8146,8115,8179,8161,8123,29.15123295783997
44,8149,8170,8153,8140,8165,8183,8138,8157,8180,8133,8104,8178,8164,8103,29.15923428535461
45,8130,8152,8135,8127,8168,8182,8139,8147,8092,8140,8106,8142,8153,8096,29.16727352142334
46,8142,8178,8153,8147,8167,8191,8143,8166,8196,8133,8106,8188,8165,8116,29.17527318000793
47,8134,8157,8144,8138,8172,8173,8155,8165,8152,8148,8114,8159,8155,8109,29.18327307701111
48,8148,8168,8144,8131,8160,8187,8139,8151,8152,8136,8109,8171,8154,8107,29.190274000167847
48,8148,8168,8144,8131,8160,8187,8139,8151,8152,8136,8109,8171,8154,8107,29.1912739276886
49,8126,8161,8136,8122,8152,8187,8128,8148,8162,8126,8104,8180,8157,8092,29.198273420333862
50,8135,8146,8137,8130,8175,8188,8161,8163,8121,8160,8120,8151,8162,8100,29.20627784729004
51,8164,8182,8166,8143,8176,8204,8161,8176,8231,8162,8120,8192,8171,8121,29.214277505874637
52,8137,8160,8145,8128,8178,8188,8144,8151,8146,8153,8118,8158,8152,8106,29.221782445907596
53,8157,8164,8149,8142,8180,8196,8137,8144,8139,8143,8118,8171,8165,8120,29.229783535003666
54,8161,8177,8163,8144,8169,8195,8141,8156,8196,8143,8114,8186,8174,8126,29.2377827167511
55,8150,8162,8146,8131,8172,8188,8151,8158,8118,8168,8116,8146,8159,8122,29.245805501937863
56,8163,8182,8158,8142,8162,8201,8140,8170,8204,8159,8112,8190,8171,8138,29.25404906272888
57,8139,8154,8149,8133,8162,8175,8143,8157,8159,8147,8110,8161,8162,8125,29.261066436767575
58,8153,8160,8149,8136,8166,8171,8144,8149,8136,8140,8099,8161,8161,8128,29.26907229423523
59,8154,8177,8157,8135,8170,8177,8143,8162,8187,8135,8100,8189,8169,8134,29.277011156082157
60,8128,8152,8147,8129,8190,8177,8155,8167,8108,8150,8120,8152,8160,8127,29.28513789176941
61,8152,8176,8163,8146,8184,8194,8149,8172,8187,8145,8112,8189,8167,8133,29.293132066726685
62,8152,8161,8158,8138,8187,8176,8159,8165,8167,8164,8120,8172,8166,8141,29.301144123077396
63,8148,8161,8156,8145,8194,8174,8154,8168,8162,8176,8139,8173,8175,8165,29.30904746055603
64,8133,8174,8155,8145,8172,8183,8135,8176,8236,8157,8126,8192,8180,8149,29.31707572937012
65,8134,8148,8140,8134,8168,8173,8143,8161,8141,8171,8112,8137,8158,8121,29.32423686981201
66,8156,8169,8149,8138,8160,8170,8126,8149,8170,8149,8088,8172,8162,8135,29.33204746246338
67,8106,8147,8128,8109,8153,8163,8112,8144,8121,8126,8084,8161,8160,8124,29.34004831314087
68,8110,8143,8130,8113,8153,8196,8127,8165,8107,8144,8100,8154,8164,8122,29.34819269180298
69,8139,8164,8154,8130,8148,8209,8129,8169,8199,8147,8108,8191,8172,8126,29.35619306564331
70,8119,8142,8146,8120,8156,8188,8132,8147,8103,8152,8120,8141,8153,8121,29.36404061317444
71,8147,8171,8164,8140,8143,8210,8135,8168,8171,8151,8116,8172,8163,8132,29.372047662734985
72,8148,8163,8162,8134,8131,8202,8147,8179,8184,8164,8117,8173,8169,8127,29.38004732131958
73,8136,8146,8147,8122,8131,8188,8149,8162,8139,8172,8119,8152,8165,8137,29.387371063232425
74,8139,8165,8151,8133,8115,8193,8135,8163,8225,8158,8107,8185,8172,8148,29.395371913909912
75,8137,8150,8141,8133,8127,8176,8143,8162,8146,8167,8113,8149,8165,8140,29.403048038482662
76,8154,8174,8147,8140,8133,8181,8138,8167,8180,8154,8113,8176,8171,8145,29.41104793548584
77,8127,8162,8134,8132,8127,8180,8144,8168,8180,8155,8112,8169,8166,8128,29.41940140724182
78,8134,8144,8133,8138,8125,8188,8160,8171,8116,8169,8116,8140,8162,8128,29.426403999328613
78,8134,8144,8133,8138,8125,8188,8160,8171,8116,8169,8116,8140,8162,8128,29.427408695220947
79,8168,8173,8159,8150,8115,8192,8151,8183,8209,8150,8113,8190,8173,8144,29.43453621864319
80,8158,8154,8152,8138,8121,8171,8163,8173,8148,8156,8127,8163,8161,8138,29.442533016204838
81,8170,8169,8162,8151,8106,8180,8155,8167,8161,8150,8122,8175,8164,8143,29.451048135757446
82,8152,8170,8159,8146,8088,8172,8134,8162,8159,8135,8111,8173,8166,8129,29.45804738998413
83,8155,8159,8151,8146,8107,8169,8149,8165,8103,8156,8124,8148,8161,8127,29.466049671173096
84,8175,8183,8162,8157,8106,8168,8150,8174,8206,8153,8125,8187,8168,8135,29.474047422409058
85,8140,8147,8135,8134,8099,8135,8135,8153,8108,8142,8116,8139,8157,8113,29.48204445838928
86,8151,8157,8138,8137,8092,8146,8119,8144,8090,8126,8101,8153,8164,8113,29.490055561065677
87,8149,8170,8148,8148,8088,8154,8121,8152,8134,8124,8103,8178,8167,8103,29.49804735183716
88,8144,8149,8137,8152,8100,8145,8137,8152,8067,8142,8119,8144,8161,8095,29.50604796409607
89,8169,8168,8155,8163,8092,8152,8125,8160,8159,8139,8121,8191,8181,8111,29.514048099517822
90,8149,8149,8147,8149,8097,8137,8131,8155,8116,8156,8132,8167,8166,8105,29.522051572799683
91,8157,8156,8146,8151,8102,8142,8137,8153,8113,8156,8128,8169,8162,8111,29.529073476791385
92,8155,8166,8155,8153,8093,8139,8135,8156,8155,8139,8114,8187,8174,8108,29.537079334259037
93,8151,8153,8151,8151,8101,8134,8156,8157,8082,8153,8121,8150,8169,8107,29.545048236846924
94,8168,8179,8158,8159,8099,8144,8160,8170,8174,8148,8120,8186,8176,8121,29.55304837226868
95,8146,8153,8139,8146,8107,8130,8159,8164,8138,8164,8125,8157,8170,8110,29.561048984527588
96,8158,8157,8142,8155,8116,8137,8149,8163,8126,8175,8132,8163,8176,8117,29.569047212600708
97,8151,8172,8149,8156,8111,8135,8132,8162,8175,8153,8120,8193,8172,8106,29.577130556106567
98,8133,8147,8129,8142,8120,8126,8143,8148,8075,8156,8117,8148,8154,8088,29.58512926101685
99,8160,8177,8151,8160,8114,8141,8145,8166,8163,8158,8128,8193,8179,8113,29.592047214508057
100,8154,8171,8154,8160,8121,8124,8154,8175,8157,8174,8147,8181,8177,8113,29.60013461112976
101,8153,8165,8152,8159,8130,8121,8147,8166,8115,8178,8146,8164,8163,8103,29.60804963111877
102,8139,8165,8148,8147,8112,8115,8120,8157,8152,8151,8121,8183,8164,8088,29.61604905128479
103,8122,8136,8122,8130,8112,8098,8126,8147,8046,8152,8123,8145,8156,8078,29.62434554100037
104,8147,8165,8136,8147,8111,8119,8127,8157,8109,8147,8127,8190,8169,8088,29.632346391677856
105,8130,8157,8138,8143,8117,8110,8126,8157,8113,8151,8123,8177,8172,8074,29.640048265457157
106,8135,8153,8135,8144,8122,8108,8127,8157,8095,8159,8116,8153,8165,8084,29.648372888565063
107,8141,8168,8137,8148,8102,8114,8124,8156,8171,8143,8105,8187,8162,8088,29.655380487442017
108,8107,8138,8110,8130,8102,8100,8133,8138,8057,8150,8116,8149,8149,8058,29.663408279418945
109,8118,8159,8119,8139,8093,8113,8117,8146,8095,8141,8107,8178,8164,8059,29.6706657409668
110,8110,8151,8118,8131,8085,8099,8114,8150,8102,8138,8099,8176,8168,8058,29.67859649658203
111,8117,8147,8118,8135,8103,8096,8134,8152,8070,8160,8118,8164,8167,8068,29.687012910842896
112,8129,8176,8136,8148,8101,8113,8130,8162,8173,8156,8121,8206,8171,8075,29.695115327835083
113,8101,8138,8119,8123,8092,8105,8130,8150,8086,8155,8118,8159,8153,8056,29.703113079071045
114,8128,8150,8135,8134,8088,8114,8129,8159,8131,8157,8118,8191,8168,8076,29.71106266975403
114,8128,8150,8135,8134,8088,8114,8129,8159,8131,8157,8118,8191,8168,8076,29.71211290359497
115,8140,8166,8151,8155,8110,8110,8147,8172,8189,8176,8142,8209,8178,8096,29.71885657310486
116,8145,8160,8152,8164,8131,8116,8165,8175,8151,8193,8158,8177,8169,8106,29.72606587409973
117,8158,8175,8167,8161,8111,8126,8138,8175,8228,8172,8132,8212,8175,8106,29.73404836654663
118,8145,8155,8160,8146,8116,8109,8136,8162,8148,8179,8132,8176,8166,8092,29.742233514785767
119,8174,8178,8172,8170,8122,8122,8152,8171,8176,8177,8144,8193,8170,8109,29.75004744529724
120,8158,8173,8174,8166,8118,8121,8153,8177,8207,8167,8145,8203,8170,8111,29.75810956954956
121,8144,8152,8164,8154,8130,8112,8156,8166,8134,8188,8144,8164,8162,8114,29.76615023612976
122,8163,8186,8170,8161,8130,8120,8156,8177,8224,8183,8132,8201,8174,8118,29.774144887924194
123,8144,8166,8158,8152,8148,8116,8176,8189,8184,8196,8142,8178,8168,8101,29.78204870223999
124,8159,8171,8172,8168,8152,8131,8176,8187,8203,8203,8144,8190,8173,8117,29.78871846199036
125,8141,8178,8166,8165,8130,8117,8153,8167,8214,8177,8128,8187,8172,8107,29.79670763015747
126,8134,8161,8151,8153,8132,8105,8155,8159,8108,8171,8122,8146,8161,8092,29.805171489715576
127,8169,8191,8178,8166,8133,8122,8161,8174,8201,8161,8115,8201,8173,8111,29.813047409057617
239,8144,8172,8168,8162,8140,8106,8174,8170,8155,8163,8120,8172,8159,8103,29.820979833602905
0,8149,8174,8163,8169,8146,8115,8170,8170,8141,8161,8120,8167,8163,8104,29.82910251617432
1,8157,8176,8173,8168,8141,8128,8162,8180,8209,8159,8121,8194,8177,8103,29.837011575698853
2,8149,8153,8160,8164,8154,8120,8176,8170,8128,8174,8133,8161,8163,8098,29.845157146453857
3,8156,8183,8167,8178,8150,8122,8159,8164,8178,8152,8117,8196,8168,8106,29.85215473175049
4,8131,8164,8160,8162,8144,8109,8153,8160,8138,8154,8116,8168,8165,8103,29.86038017272949
5,8153,8165,8166,8169,8148,8127,8168,8178,8143,8176,8131,8168,8168,8129,29.868048429489136
6,8178,8181,8178,8181,8152,8140,8179,8200,8237,8180,8132,8208,8176,8144,29.876047372817997
7,8170,8161,8173,8174,8170,8133,8193,8190,8174,8195,8143,8167,8166,8144,29.88370704650879
7,8170,8161,8173,8174,8170,8133,8193,8190,8174,8195,8143,8167,8166,8144,29.88470721244812
8,8187,8192,8192,8184,8163,8148,8186,8190,8247,8180,8135,8200,8173,8158,29.891707181930546
9,8172,8183,8181,8172,8160,8120,8182,8182,8199,8172,8120,8183,8166,8144,29.90003728866577
10,8177,8179,8180,8176,8167,8113,8175,8177,8151,8174,8125,8166,8168,8142,29.908035278320312
11,8185,8193,8192,8183,8154,8131,8166,8186,8245,8173,8133,8200,8176,8147,29.91604781150818
12,8170,8161,8175,8163,8158,8125,8188,8182,8174,8194,8143,8163,8162,8144,29.923300981521606
13,8185,8184,8191,8169,8156,8133,8185,8186,8237,8185,8143,8197,8175,8161,29.931302785873413
14,8163,8172,8185,8160,8156,8118,8171,8173,8226,8180,8154,8187,8172,8152,29.93930149078369
15,8154,8155,8164,8156,8159,8111,8156,8160,8141,8182,8151,8164,8161,8144,29.947303295135494
16,8157,8177,8172,8163,8148,8118,8146,8173,8205,8163,8130,8199,8170,8141,29.954301357269287
16,8157,8177,8172,8163,8148,8118,8146,8173,8205,8163,8130,8199,8170,8141,29.955301523208615
17,8151,8156,8163,8154,8153,8113,8164,8166,8134,8172,8132,8154,8162,8125,29.963047981262207
18,8171,8169,8173,8156,8133,8122,8148,8156,8162,8153,8134,8183,8168,8126,29.971068620681763
19,8150,8160,8173,8147,8124,8110,8132,8156,8154,8143,8138,8190,8164,8119,29.9790678024292
20,8158,8154,8174,8150,8150,8119,8147,8161,8109,8164,8145,8166,8162,8135,29.98604726791382
21,8176,8180,8198,8161,8148,8131,8141,8168,8206,8152,8139,8208,8178,8149,29.994330883026123
22,8160,8158,8190,8156,8150,8118,8150,8168,8141,8163,8144,8174,8166,8136,30.00233268737793
