COUNTER,F3,FC5,AF3,F7,T7,P7,O1,O2,P8,T8,F8,AF4,FC6,F4,Timestamp,word_label,hello_event
14,8163,8152,8154,8181,8170,8157,8160,8193,8186,8185,8141,8168,8169,8116,0.0271894931793212,sil,False
15,8166,8153,8137,8179,8168,8147,8157,8174,8197,8188,8154,8167,8185,8111,0.0271894931793212,sil,False
16,8164,8141,8126,8156,8165,8139,8143,8165,8174,8157,8138,8154,8177,8095,0.0432286262512207,sil,False
17,8169,8141,8133,8151,8165,8140,8139,8164,8157,8139,8141,8158,8175,8084,0.0432286262512207,sil,False
18,8170,8141,8140,8150,8165,8139,8136,8166,8155,8133,8148,8167,8164,8081,0.0587387084960937,sil,False
19,8170,8145,8139,8162,8169,8145,8142,8162,8160,8135,8148,8156,8153,8071,0.0587387084960937,sil,False
20,8166,8162,8157,8173,8173,8145,8144,8153,8146,8126,8144,8151,8143,8071,0.0743000507354736,sil,False
21,8158,8169,8158,8177,8175,8150,8153,8161,8145,8124,8144,8142,8138,8083,0.0743000507354736,sil,False
22,8158,8150,8154,8176,8180,8164,8173,8159,8171,8151,8146,8137,8140,8091,0.0899498462677002,sil,False
23,8158,8141,8161,8172,8183,8171,8179,8168,8190,8178,8139,8142,8140,8102,0.0899498462677002,sil,False
24,8154,8148,8140,8177,8178,8159,8174,8176,8206,8188,8150,8139,8161,8103,0.1057007312774658,sil,False
25,8174,8161,8151,8165,8177,8139,8153,8172,8195,8169,8165,8163,8177,8100,0.1057007312774658,sil,False
26,8189,8175,8173,8169,8191,8147,8145,8172,8183,8159,8169,8177,8172,8094,0.1208803653717041,sil,False
27,8177,8172,8177,8197,8197,8165,8164,8161,8194,8178,8160,8160,8161,8091,0.1208803653717041,sil,False
28,8171,8156,8169,8192,8182,8163,8176,8166,8206,8192,8134,8139,8150,8089,0.1364467144012451,sil,False
29,8178,8146,8138,8169,8174,8154,8171,8181,8211,8191,8133,8140,8153,8085,0.1364467144012451,sil,False
30,8187,8155,8154,8162,8178,8146,8153,8174,8198,8167,8154,8179,8165,8086,0.1515986919403076,sil,False
31,8189,8172,8172,8184,8182,8157,8156,8158,8192,8153,8169,8180,8174,8082,0.1515986919403076,sil,False
32,8178,8164,8165,8192,8181,8168,8171,8146,8191,8157,8158,8149,8156,8086,0.1667630672454834,sil,False
33,8160,8137,8152,8164,8172,8167,8173,8157,8181,8158,8128,8141,8133,8095,0.1667630672454834,sil,False
34,8150,8121,8116,8153,8170,8159,8172,8166,8192,8172,8127,8141,8147,8087,0.1820464134216308,sil,False
35,8157,8125,8121,8144,8165,8141,8151,8163,8185,8162,8134,8160,8152,8082,0.1820464134216308,sil,False
36,8167,8136,8126,8137,8164,8137,8146,8164,8171,8143,8141,8165,8151,8079,0.197697639465332,sil,False
37,8176,8146,8126,8150,8179,8154,8161,8162,8182,8153,8166,8166,8159,8075,0.197697639465332,sil,False
38,8173,8163,8170,8168,8188,8178,8171,8175,8191,8162,8168,8176,8149,8083,0.2129645347595214,sil,False
39,8156,8168,8159,8187,8191,8191,8192,8181,8205,8172,8153,8149,8144,8081,0.2129645347595214,sil,False
40,8153,8155,8138,8180,8185,8187,8199,8166,8204,8174,8146,8146,8145,8082,0.2285408973693847,sil,False
41,8153,8144,8139,8162,8177,8182,8195,8172,8199,8176,8147,8152,8139,8087,0.2285408973693847,sil,False
42,8140,8129,8120,8144,8164,8163,8187,8177,8204,8174,8140,8135,8142,8079,0.2441389560699463,sil,False
43,8145,8127,8125,8125,8154,8146,8160,8177,8194,8149,8135,8155,8154,8083,0.2441389560699463,sil,False
44,8171,8146,8130,8148,8170,8153,8160,8180,8196,8149,8158,8177,8174,8085,0.2601649761199951,sil,False
45,8181,8161,8146,8160,8183,8156,8168,8174,8200,8161,8177,8188,8177,8082,0.2601649761199951,sil,False
46,8169,8165,8157,8147,8181,8159,8158,8173,8199,8156,8171,8180,8167,8078,0.2759394645690918,sil,False
47,8167,8161,8150,8156,8181,8171,8154,8166,8201,8154,8170,8166,8163,8072,0.2759394645690918,sil,False
48,8167,8163,8165,8157,8187,8180,8163,8162,8196,8158,8161,8171,8151,8073,0.2909181118011474,sil,False
49,8153,8163,8157,8154,8196,8184,8181,8163,8203,8171,8147,8154,8144,8069,0.2909181118011474,sil,False
50,8144,8146,8151,8159,8197,8188,8194,8160,8212,8177,8149,8151,8149,8076,0.3062043190002441,sil,False
51,8129,8125,8141,8146,8177,8184,8192,8168,8205,8169,8136,8141,8137,8078,0.3062043190002441,sil,False
52,8122,8121,8123,8138,8168,8177,8192,8174,8212,8173,8119,8122,8134,8072,0.3214385509490967,sil,False
53,8156,8143,8149,8159,8192,8196,8217,8194,8247,8203,8147,8155,8170,8100,0.3371193408966064,sil,False
54,8207,8179,8183,8185,8231,8232,8254,8234,8286,8245,8202,8204,8224,8147,0.3371193408966064,sil,False
55,8237,8210,8217,8207,8258,8239,8265,8243,8310,8265,8239,8242,8256,8176,0.3526954650878906,sil,False
56,8247,8225,8229,8229,8266,8231,8264,8232,8310,8259,8263,8254,8269,8183,0.3526954650878906,sil,False
57,8253,8226,8211,8235,8266,8237,8265,8226,8297,8255,8278,8252,8281,8180,0.3526954650878906,sil,False
58,8251,8225,8217,8220,8263,8238,8253,8214,8283,8250,8272,8262,8280,8174,0.3678736686706543,sil,False
59,8248,8237,8222,8233,8265,8234,8248,8211,8285,8253,8268,8263,8271,8175,0.3837308883666992,sil,False
60,8257,8253,8238,8264,8275,8237,8253,8209,8291,8262,8279,8268,8262,8178,0.3837308883666992,sil,False
61,8256,8257,8251,8270,8283,8243,8254,8205,8289,8262,8274,8261,8250,8168,0.3997755050659179,sil,False
62,8236,8248,8234,8261,8283,8248,8255,8190,8283,8256,8254,8233,8243,8154,0.3997755050659179,sil,False
63,8228,8228,8232,8254,8264,8238,8244,8175,8266,8234,8238,8231,8235,8146,0.4151041507720947,sil,False
64,8231,8228,8223,8259,8255,8239,8248,8187,8263,8230,8242,8230,8236,8145,0.4151041507720947,sil,False
65,8232,8244,8230,8271,8272,8264,8275,8194,8280,8254,8251,8234,8243,8156,0.4308884143829345,sil,False
66,8238,8238,8252,8277,8278,8285,8297,8201,8287,8262,8242,8237,8237,8169,0.4308884143829345,sil,False
67,8242,8220,8234,8278,8269,8281,8304,8206,8283,8249,8238,8221,8232,8166,0.4461698532104492,sil,False
68,8233,8220,8232,8266,8267,8269,8291,8196,8270,8239,8236,8225,8231,8163,0.4461698532104492,sil,False
69,8229,8226,8234,8271,8269,8267,8289,8195,8275,8256,8227,8227,8230,8168,0.4621295928955078,sil,False
70,8251,8221,8229,8286,8271,8266,8303,8207,8304,8289,8240,8233,8244,8185,0.4621295928955078,sil,False
71,8266,8218,8246,8281,8268,8263,8302,8223,8312,8294,8252,8251,8257,8212,0.4771866798400879,sil,False
72,8260,8205,8234,8277,8264,8265,8295,8222,8311,8287,8245,8235,8262,8213,0.4771866798400879,sil,False
73,8258,8192,8220,8264,8259,8260,8286,8213,8311,8288,8247,8234,8268,8205,0.4933063983917236,sil,False
74,8253,8193,8209,8245,8261,8247,8279,8218,8303,8281,8257,8240,8276,8204,0.4933063983917236,sil,False
75,8252,8189,8200,8244,8255,8238,8269,8204,8291,8262,8257,8239,8275,8198,0.5090177059173584,sil,False
76,8264,8194,8221,8251,8248,8242,8252,8197,8281,8247,8254,8255,8264,8204,0.5090177059173584,sil,False
77,8270,8203,8212,8250,8256,8233,8251,8204,8283,8251,8266,8257,8272,8206,0.5247018337249756,sil,False
78,8258,8192,8196,8227,8249,8210,8248,8193,8274,8245,8271,8254,8275,8196,0.5247018337249756,sil,False
79,8254,8200,8205,8224,8242,8217,8243,8195,8271,8247,8268,8256,8263,8190,0.5398657321929932,sil,False
80,8274,8229,8219,8254,8253,8237,8249,8200,8279,8268,8280,8265,8272,8190,0.5398657321929932,sil,False
81,8294,8251,8246,8270,8269,8244,8266,8199,8279,8275,8295,8287,8290,8208,0.5557329654693604,sil,False
82,8309,8276,8262,8296,8293,8265,8306,8216,8305,8297,8320,8290,8305,8235,0.5557329654693604,sil,False
83,8318,8289,8276,8318,8308,8286,8326,8226,8326,8314,8329,8292,8303,8240,0.5718400478363037,sil,False
84,8310,8278,8271,8305,8308,8288,8312,8223,8310,8304,8306,8288,8293,8227,0.5718400478363037,sil,False
85,8313,8280,8267,8315,8314,8283,8311,8216,8307,8303,8308,8292,8302,8235,0.5873832702636719,hello,True
86,8320,8285,8287,8333,8316,8283,8328,8216,8321,8303,8320,8302,8309,8254,0.5873832702636719,hello,True
87,8306,8267,8271,8317,8300,8295,8337,8210,8318,8307,8304,8278,8301,8244,0.6033196449279785,hello,True
88,8299,8256,8268,8309,8296,8296,8331,8194,8305,8326,8298,8275,8293,8231,0.6033196449279785,hello,True
89,8308,8258,8280,8324,8306,8294,8331,8211,8316,8336,8305,8290,8298,8243,0.6199424266815186,hello,True
90,8314,8251,8268,8326,8307,8303,8339,8231,8344,8333,8307,8283,8310,8256,0.6199424266815186,hello,True
91,8315,8252,8267,8316,8305,8304,8338,8235,8353,8328,8297,8287,8306,8259,0.635040283203125,hello,True
92,8313,8261,8258,8330,8316,8295,8340,8244,8360,8338,8295,8288,8310,8255,0.635040283203125,hello,True
93,8317,8255,8267,8336,8315,8283,8329,8236,8360,8344,8314,8302,8336,8259,0.6505920886993408,hello,True
94,8328,8254,8277,8316,8303,8272,8304,8224,8342,8323,8325,8323,8344,8268,0.6505920886993408,hello,True
95,8340,8272,8259,8322,8308,8264,8301,8216,8338,8311,8334,8330,8343,8265,0.6657567024230957,hello,True
96,8350,8278,8274,8330,8314,8257,8307,8216,8334,8309,8342,8340,8344,8262,0.6657567024230957,hello,True
97,8344,8271,8278,8321,8307,8265,8308,8223,8330,8310,8348,8335,8346,8262,0.6810770034790039,hello,True
98,8337,8275,8265,8317,8305,8263,8295,8213,8331,8314,8355,8335,8347,8261,0.6810770034790039,hello,True
99,8337,8285,8273,8326,8309,8254,8282,8210,8318,8312,8349,8339,8344,8257,0.6971096992492676,hello,True
100,8328,8290,8285,8343,8313,8263,8294,8199,8305,8309,8344,8324,8336,8247,0.6971096992492676,hello,True
101,8320,8282,8301,8346,8309,8274,8305,8181,8297,8298,8326,8313,8308,8243,0.7126843929290771,hello,True
102,8308,8265,8275,8341,8298,8271,8308,8190,8298,8298,8303,8295,8289,8236,0.7126843929290771,hello,True
103,8294,8254,8261,8341,8298,8263,8305,8187,8296,8304,8304,8290,8296,8228,0.7287566661834717,hello,True
104,8300,8267,8293,8339,8302,8267,8296,8184,8278,8289,8311,8295,8291,8230,0.7287566661834717,hello,True
105,8313,8270,8283,8349,8304,8272,8303,8200,8290,8294,8321,8289,8295,8235,0.7440779209136963,hello,True
106,8316,8248,8264,8346,8303,8263,8305,8214,8322,8316,8327,8311,8318,8244,0.7440779209136963,hello,True
107,8310,8253,8278,8330,8302,8256,8289,8231,8324,8315,8328,8327,8322,8250,0.7602112293243408,hello,True
108,8304,8277,8272,8340,8291,8252,8286,8217,8322,8302,8335,8310,8319,8239,0.7602112293243408,hello,True
109,8307,8273,8259,8340,8274,8240,8273,8193,8306,8284,8324,8301,8313,8235,0.7758550643920898,hello,True
110,8320,8271,8278,8336,8291,8236,8255,8198,8281,8275,8328,8318,8317,8239,0.7758550643920898,hello,True
111,8330,8274,8288,8349,8318,8238,8256,8198,8287,8287,8367,8337,8344,8235,0.7910754680633545,hello,True
112,8328,8265,8278,8330,8298,8231,8252,8200,8277,8272,8367,8338,8343,8237,0.7910754680633545,hello,True
113,8320,8268,8275,8323,8275,8234,8245,8187,8253,8258,8343,8326,8321,8226,0.8062911033630371,hello,True
114,8311,8272,8273,8344,8284,8240,8241,8163,8235,8247,8332,8302,8295,8207,0.8062911033630371,hello,True
115,8303,8259,8275,8343,8282,8240,8241,8176,8224,8227,8314,8283,8272,8208,0.8223223686218262,hello,True
116,8298,8253,8284,8340,8276,8251,8258,8184,8253,8248,8307,8290,8275,8207,0.8223223686218262,hello,True
117,8295,8253,8282,8338,8278,8256,8271,8189,8279,8273,8299,8293,8279,8211,0.8383204936981201,hello,True
118,8283,8235,8262,8324,8273,8252,8268,8186,8269,8271,8288,8277,8271,8214,0.8383204936981201,hello,True
119,8272,8214,8245,8304,8266,8250,8261,8188,8271,8274,8288,8271,8269,8212,0.8529982566833496,hello,True
120,8280,8214,8236,8296,8263,8252,8258,8204,8292,8286,8301,8281,8289,8213,0.8529982566833496,hello,True
121,8293,8222,8254,8292,8262,8247,8256,8199,8292,8284,8314,8297,8306,8218,0.8690893650054932,hello,True
122,8291,8218,8250,8277,8259,8240,8253,8200,8277,8280,8313,8292,8301,8222,0.8690893650054932,hello,True
123,8289,8207,8231,8265,8251,8228,8244,8203,8273,8274,8305,8283,8292,8210,0.8847718238830566,hello,True
124,8288,8206,8250,8260,8251,8218,8231,8193,8261,8246,8295,8292,8280,8195,0.8847718238830566,hello,True
125,8281,8215,8232,8275,8264,8226,8238,8181,8269,8249,8304,8277,8281,8185,0.8997838497161865,hello,True
126,8288,8223,8241,8272,8260,8226,8228,8182,8265,8254,8316,8292,8285,8196,0.8997838497161865,hello,True
127,8299,8238,8278,8268,8256,8226,8219,8192,8250,8236,8309,8310,8281,8197,0.9156887531280518,hello,True
237,8285,8235,8238,8288,8267,8238,8238,8166,8255,8241,8294,8264,8272,8171,0.9156887531280518,hello,True
0,8258,8217,8226,8259,8258,8242,8230,8156,8224,8222,8256,8246,8239,8172,0.9310650825500488,hello,True
1,8246,8222,8238,8244,8253,8248,8234,8177,8218,8214,8241,8245,8231,8179,0.9310650825500488,hello,True
2,8253,8223,8231,8267,8258,8258,8267,8179,8254,8241,8256,8239,8246,8175,0.946418285369873,hello,True
3,8250,8206,8230,8251,8248,8264,8269,8202,8269,8248,8250,8250,8241,8183,0.946418285369873,hello,True
4,8245,8201,8207,8239,8245,8258,8261,8212,8292,8257,8253,8255,8256,8186,0.9620571136474608,hello,True
5,8256,8210,8215,8236,8247,8238,8244,8198,8292,8252,8256,8272,8268,8186,0.9620571136474608,hello,True
6,8252,8216,8232,8231,8247,8233,8225,8193,8259,8229,8255,8275,8255,8172,0.9770665168762208,hello,True
7,8240,8220,8228,8247,8252,8237,8228,8168,8243,8227,8266,8257,8241,8149,0.9770665168762208,hello,True
8,8238,8223,8233,8251,8247,8242,8245,8169,8240,8239,8244,8248,8222,8158,0.993088960647583,hello,True
9,8231,8211,8223,8246,8243,8250,8261,8194,8263,8261,8228,8235,8224,8171,0.993088960647583,hello,True
10,8233,8190,8219,8240,8242,8240,8256,8204,8293,8275,8247,8245,8245,8178,1.0086290836334229,hello,True
11,8251,8197,8219,8240,8236,8225,8243,8208,8286,8266,8260,8265,8265,8182,1.0086290836334229,hello,True
12,8259,8212,8219,8244,8232,8217,8229,8188,8255,8241,8255,8259,8263,8163,1.023883819580078,hello,True
13,8246,8212,8218,8240,8234,8217,8222,8172,8226,8203,8234,8228,8223,8142,1.023883819580078,hello,True
14,8226,8203,8200,8251,8245,8237,8249,8187,8238,8217,8221,8205,8212,8144,1.039853572845459,hello,True
15,8228,8180,8197,8246,8244,8246,8259,8207,8274,8254,8219,8226,8239,8163,1.039853572845459,hello,True
16,8241,8172,8182,8228,8223,8229,8233,8208,8284,8244,8236,8232,8268,8154,1.0545499324798584,sil,False
17,8243,8180,8182,8218,8211,8209,8204,8179,8245,8208,8247,8228,8245,8129,1.0699315071105957,sil,False
18,8228,8181,8209,8218,8215,8208,8201,8165,8197,8185,8210,8221,8170,8138,1.0699315071105957,sil,False
19,8212,8161,8182,8236,8228,8229,8232,8172,8211,8208,8182,8179,8168,8144,1.0849659442901611,sil,False
20,8196,8142,8166,8218,8209,8239,8241,8178,8232,8226,8185,8170,8219,8126,1.0849659442901611,sil,False
21,8184,8134,8165,8188,8188,8230,8225,8185,8236,8221,8187,8174,8215,8111,1.1005597114562988,sil,False
22,8192,8127,8146,8203,8214,8217,8221,8179,8250,8220,8197,8169,8193,8118,1.1005597114562988,sil,False
23,8197,8119,8165,8193,8228,8206,8202,8189,8237,8207,8204,8198,8204,8137,1.1161201000213623,sil,False
24,8192,8105,8171,8168,8199,8204,8187,8201,8226,8197,8213,8214,8218,8135,1.1161201000213623,sil,False
25,8201,8112,8166,8176,8181,8198,8185,8178,8224,8176,8221,8209,8203,8124,1.1312708854675293,sil,False
26,8206,8140,8185,8194,8190,8197,8189,8174,8215,8176,8211,8201,8178,8126,1.1312708854675293,sil,False
27,8200,8138,8197,8209,8187,8208,8201,8183,8224,8216,8200,8194,8158,8131,1.1469533443450928,sil,False
28,8192,8114,8197,8205,8181,8211,8203,8180,8228,8215,8180,8181,8149,8129,1.1469533443450928,sil,False
29,8177,8116,8170,8196,8198,8214,8201,8179,8225,8192,8170,8161,8170,8119,1.1627564430236816,sil,False
30,8171,8120,8163,8185,8207,8219,8212,8182,8235,8208,8185,8172,8182,8120,1.1627564430236816,sil,False
31,8183,8111,8179,8177,8199,8218,8229,8206,8255,8228,8191,8186,8170,8140,1.1778860092163086,sil,False
32,8197,8116,8170,8181,8204,8204,8224,8209,8263,8218,8195,8181,8179,8139,1.1778860092163086,sil,False
33,8193,8111,8159,8149,8172,8184,8193,8185,8233,8186,8188,8181,8171,8123,1.193063735961914,sil,False
34,8186,8103,8158,8130,8146,8178,8187,8181,8215,8178,8182,8185,8162,8122,1.193063735961914,sil,False
35,8205,8136,8187,8161,8190,8179,8193,8179,8221,8189,8203,8209,8184,8135,1.2081899642944336,sil,False
36,8220,8174,8208,8181,8214,8178,8181,8179,8207,8179,8212,8218,8178,8129,1.2081899642944336,sil,False
37,8207,8163,8191,8184,8202,8182,8183,8170,8197,8179,8206,8192,8157,8105,1.2237985134124756,sil,False
38,8196,8145,8205,8185,8218,8183,8195,8165,8203,8189,8204,8195,8156,8118,1.2237985134124756,sil,False
39,8203,8157,8214,8189,8226,8185,8195,8172,8212,8195,8202,8197,8159,8132,1.2390806674957275,sil,False
40,8201,8154,8211,8192,8206,8190,8187,8167,8208,8198,8191,8190,8154,8120,1.2390806674957275,sil,False
41,8191,8148,8214,8200,8214,8205,8197,8179,8211,8210,8182,8193,8150,8121,1.254641056060791,sil,False
42,8180,8149,8195,8201,8228,8216,8222,8187,8232,8227,8186,8185,8150,8127,1.254641056060791,sil,False
43,8170,8144,8187,8179,8209,8207,8221,8185,8231,8214,8175,8186,8143,8127,1.270029067993164,sil,False
44,8166,8148,8181,8179,8207,8209,8216,8192,8225,8208,8171,8182,8153,8132,1.270029067993164,sil,False
45,8176,8152,8194,8192,8214,8220,8225,8191,8237,8228,8187,8192,8169,8144,1.2852702140808103,sil,False
46,8175,8146,8192,8174,8211,8222,8235,8199,8245,8247,8185,8197,8172,8149,1.2852702140808103,sil,False
47,8164,8127,8148,8154,8202,8203,8228,8196,8247,8233,8170,8176,8169,8130,1.3009881973266602,sil,False
48,8163,8123,8154,8140,8189,8178,8199,8185,8236,8197,8166,8185,8159,8125,1.3014278411865234,sil,False
49,8168,8143,8160,8149,8194,8176,8188,8188,8235,8198,8172,8193,8163,8130,1.316722393035889,sil,False
50,8166,8154,8148,8158,8195,8170,8179,8177,8218,8206,8183,8197,8169,8116,1.316722393035889,sil,False
51,8160,8161,8164,8145,8187,8162,8155,8174,8185,8186,8192,8208,8164,8099,1.3317978382110596,sil,False
52,8163,8161,8157,8147,8197,8172,8162,8178,8195,8185,8201,8187,8170,8090,1.3317978382110596,sil,False
53,8172,8151,8159,8151,8200,8175,8167,8169,8202,8177,8190,8180,8163,8088,1.3478598594665527,sil,False
54,8161,8157,8170,8158,8195,8175,8165,8171,8188,8168,8187,8189,8158,8080,1.3478598594665527,sil,False
55,8141,8169,8170,8172,8200,8186,8176,8160,8183,8180,8204,8177,8161,8069,1.363032341003418,sil,False
56,8146,8167,8186,8166,8203,8189,8177,8158,8169,8163,8188,8165,8142,8077,1.363032341003418,sil,False
57,8152,8163,8186,8175,8206,8197,8187,8174,8177,8163,8173,8159,8141,8080,1.3790481090545654,sil,False
58,8138,8154,8187,8178,8211,8210,8206,8173,8192,8188,8174,8166,8151,8087,1.3790481090545654,sil,False
59,8138,8144,8193,8164,8206,8217,8218,8180,8192,8189,8170,8168,8155,8104,1.3947041034698486,sil,False
60,8165,8151,8192,8178,8209,8216,8218,8189,8217,8208,8187,8179,8188,8120,1.3947041034698486,sil,False
61,8178,8154,8197,8186,8204,8206,8194,8199,8237,8231,8205,8206,8211,8141,1.4098896980285645,sil,False
62,8162,8133,8174,8165,8186,8192,8167,8197,8227,8223,8200,8203,8201,8135,1.4098896980285645,sil,False
63,8161,8121,8165,8139,8174,8170,8149,8173,8209,8202,8192,8199,8195,8119,1.4257831573486328,sil,False
64,8170,8138,8180,8133,8170,8160,8143,8176,8204,8184,8195,8205,8202,8122,1.4257831573486328,sil,False
65,8168,8151,8176,8145,8181,8166,8148,8178,8206,8180,8213,8211,8220,8122,1.4419941902160645,sil,False
66,8171,8148,8185,8137,8171,8162,8138,8172,8189,8174,8213,8224,8219,8123,1.4419941902160645,sil,False
67,8178,8157,8194,8139,8139,8161,8134,8171,8179,8170,8206,8216,8205,8123,1.457639217376709,sil,False
68,8175,8174,8203,8163,8152,8169,8146,8163,8188,8161,8205,8203,8191,8114,1.457639217376709,sil,False
69,8158,8174,8205,8167,8196,8179,8158,8178,8195,8162,8187,8191,8171,8112,1.4733057022094729,sil,False
70,8146,8159,8193,8177,8197,8198,8181,8189,8216,8197,8181,8173,8170,8117,1.4733057022094729,sil,False
71,8148,8151,8193,8181,8170,8213,8198,8184,8235,8208,8178,8170,8163,8122,1.489058494567871,sil,False
72,8146,8151,8169,8157,8167,8201,8186,8188,8231,8194,8166,8169,8157,8121,1.489058494567871,sil,False
73,8147,8146,8155,8129,8170,8175,8160,8181,8216,8180,8167,8183,8173,8114,1.5047519207000732,sil,False
74,8163,8154,8178,8133,8171,8175,8160,8177,8206,8166,8182,8201,8187,8112,1.5047519207000732,sil,False
75,8175,8179,8192,8173,8185,8190,8174,8164,8203,8170,8196,8201,8187,8110,1.5199825763702393,sil,False
76,8168,8186,8205,8185,8183,8191,8160,8150,8184,8164,8187,8204,8167,8110,1.5199825763702393,sil,False
77,8153,8175,8195,8179,8176,8192,8158,8150,8178,8156,8173,8186,8157,8107,1.5350947380065918,sil,False
78,8150,8157,8183,8174,8179,8198,8180,8155,8192,8167,8163,8171,8158,8107,1.550116777420044,sil,False
79,8141,8143,8175,8158,8179,8202,8190,8180,8196,8177,8150,8169,8158,8110,1.550116777420044,sil,False
80,8134,8138,8148,8150,8173,8192,8186,8187,8208,8183,8157,8158,8171,8110,1.5654120445251465,sil,False
81,8147,8142,8159,8137,8161,8172,8166,8186,8207,8173,8162,8173,8176,8123,1.5654120445251465,sil,False
82,8163,8156,8163,8146,8165,8176,8163,8192,8205,8174,8171,8181,8187,8119,1.5807216167449951,sil,False
83,8165,8153,8157,8154,8172,8174,8156,8169,8196,8165,8179,8180,8190,8098,1.5807216167449951,sil,False
84,8150,8149,8167,8133,8157,8159,8126,8153,8161,8131,8161,8173,8161,8084,1.596325159072876,sil,False
85,8137,8158,8148,8149,8153,8166,8136,8147,8161,8134,8155,8141,8150,8069,1.596325159072876,sil,False
86,8134,8169,8163,8163,8165,8173,8152,8154,8166,8140,8150,8141,8148,8076,1.6121063232421875,sil,False
87,8130,8176,8175,8162,8177,8187,8160,8173,8161,8145,8142,8141,8143,8083,1.6121063232421875,sil,False
88,8126,8160,8156,8172,8178,8204,8168,8164,8170,8161,8149,8121,8147,8078,1.627741813659668,sil,False
89,8124,8145,8161,8171,8165,8202,8165,8166,8171,8160,8136,8119,8146,8086,1.627741813659668,sil,False
90,8125,8146,8148,8173,8158,8192,8166,8178,8177,8169,8121,8111,8151,8083,1.642894983291626,sil,False
91,8139,8153,8150,8159,8157,8194,8164,8180,8187,8178,8133,8129,8157,8088,1.642894983291626,sil,False
92,8153,8156,8153,8156,8169,8209,8173,8187,8202,8191,8164,8153,8178,8111,1.6580584049224854,sil,False
93,8150,8153,8149,8160,8176,8194,8174,8178,8203,8193,8176,8154,8195,8112,1.6580584049224854,sil,False
94,8148,8161,8163,8143,8162,8163,8151,8178,8177,8168,8161,8156,8180,8106,1.673030138015747,sil,False
95,8150,8166,8153,8137,8154,8158,8143,8180,8180,8166,8175,8152,8185,8103,1.673030138015747,sil,False
96,8148,8161,8158,8137,8157,8154,8132,8169,8180,8169,8192,8166,8198,8099,1.6880786418914795,sil,False
97,8140,8169,8158,8136,8164,8154,8127,8172,8161,8164,8186,8162,8186,8091,1.6880786418914795,sil,False
98,8136,8170,8148,8126,8159,8163,8145,8172,8162,8171,8190,8148,8177,8087,1.7036609649658203,sil,False
99,8148,8171,8180,8127,8155,8167,8151,8171,8165,8166,8180,8158,8174,8099,1.7036609649658203,sil,False
100,8149,8185,8188,8181,8169,8176,8150,8165,8162,8166,8162,8147,8164,8095,1.718834638595581,sil,False
101,8128,8183,8175,8201,8169,8180,8156,8158,8154,8181,8158,8138,8143,8085,1.718834638595581,sil,False
102,8112,8162,8157,8165,8151,8178,8165,8178,8164,8191,8151,8132,8144,8087,1.7349536418914795,sil,False
103,8128,8154,8141,8153,8148,8172,8165,8183,8184,8191,8150,8134,8171,8090,1.7349536418914795,sil,False
104,8144,8162,8152,8153,8153,8160,8148,8175,8173,8171,8147,8158,8171,8098,1.7500057220458984,sil,False
105,8142,8168,8149,8157,8153,8159,8146,8183,8176,8171,8148,8154,8169,8099,1.7500057220458984,sil,False
106,8150,8168,8156,8157,8154,8157,8145,8185,8187,8182,8153,8149,8185,8100,1.7659003734588623,sil,False
107,8160,8176,8164,8149,8156,8150,8136,8180,8171,8166,8158,8157,8184,8100,1.7659003734588623,sil,False
108,8166,8192,8169,8167,8155,8143,8134,8163,8150,8145,8173,8169,8180,8095,1.7819831371307373,sil,False
109,8167,8202,8193,8176,8157,8143,8132,8158,8136,8130,8168,8173,8168,8095,1.7819831371307373,sil,False
110,8161,8211,8184,8170,8166,8152,8134,8162,8126,8123,8145,8146,8151,8083,1.7975153923034668,sil,False
111,8154,8214,8187,8171,8166,8155,8134,8148,8108,8121,8131,8141,8134,8073,1.7975153923034668,sil,False
112,8137,8200,8189,8173,8157,8162,8139,8142,8093,8126,8123,8135,8115,8071,1.8130686283111568,sil,False
113,8125,8190,8165,8175,8159,8171,8162,8150,8101,8136,8116,8109,8113,8073,1.8130686283111568,sil,False
114,8129,8201,8167,8177,8161,8175,8171,8164,8112,8143,8107,8111,8126,8080,1.8287570476531985,sil,False
115,8131,8201,8165,8165,8152,8173,8164,8183,8120,8154,8110,8121,8135,8089,1.8287570476531985,sil,False
116,8134,8188,8160,8148,8148,8156,8157,8176,8125,8160,8126,8136,8144,8097,1.8445730209350584,sil,False
117,8143,8193,8146,8151,8151,8132,8145,8167,8129,8154,8132,8135,8156,8098,1.8445730209350584,sil,False
118,8157,8211,8149,8156,8157,8132,8133,8175,8141,8152,8142,8145,8168,8100,1.8600928783416748,sil,False
119,8167,8218,8170,8150,8161,8147,8132,8176,8144,8153,8161,8165,8178,8101,1.8600928783416748,sil,False
120,8162,8220,8161,8151,8154,8141,8127,8166,8129,8141,8165,8151,8173,8090,1.875828504562378,sil,False
121,8162,8229,8169,8161,8148,8129,8114,8153,8118,8123,8165,8153,8163,8079,1.875828504562378,sil,False
122,8165,8234,8180,8166,8155,8135,8109,8158,8118,8127,8170,8159,8158,8073,1.890970230102539,sil,False
123,8154,8235,8172,8172,8168,8152,8121,8163,8113,8143,8170,8144,8147,8070,1.890970230102539,sil,False
124,8150,8242,8189,8182,8176,8167,8139,8152,8108,8145,8161,8149,8131,8081,1.906285047531128,sil,False
125,8159,8248,8196,8195,8182,8184,8157,8161,8124,8154,8151,8146,8134,8094,1.906285047531128,sil,False
126,8165,8242,8200,8207,8185,8191,8160,8171,8146,8173,8153,8144,8144,8096,1.922569990158081,sil,False
127,8164,8236,8213,8207,8183,8192,8169,8177,8151,8179,8155,8156,8141,8101,1.922569990158081,sil,False
237,8155,8226,8178,8203,8174,8193,8195,8174,8168,8190,8153,8143,8147,8102,1.937204122543335,sil,False
0,8147,8201,8163,8162,8155,8178,8175,8181,8168,8175,8132,8144,8142,8106,1.937204122543335,sil,False
1,8151,8190,8160,8131,8155,8167,8148,8194,8162,8154,8127,8149,8141,8093,1.953202486038208,sil,False
2,8162,8200,8142,8151,8167,8155,8144,8155,8148,8143,8151,8135,8149,8063,1.953202486038208,sil,False
3,8157,8210,8172,8153,8159,8149,8129,8142,8108,8113,8139,8136,8124,8070,1.9682977199554443,sil,False
4,8139,8197,8171,8161,8155,8170,8140,8155,8106,8122,8122,8119,8113,8074,1.9682977199554443,sil,False
5,8131,8183,8162,8169,8153,8174,8146,8143,8103,8134,8117,8111,8108,8061,1.985103130340576,sil,False
6,8142,8198,8185,8170,8144,8169,8143,8154,8091,8123,8117,8126,8104,8071,1.985103130340576,sil,False
7,8157,8194,8183,8173,8149,8177,8164,8172,8125,8145,8137,8141,8131,8093,2.0086803436279297,sil,False
8,8170,8178,8182,8153,8154,8180,8169,8183,8147,8165,8149,8157,8144,8107,2.0086803436279297,sil,False
9,8176,8198,8183,8174,8156,8177,8168,8185,8150,8165,8169,8162,8158,8107,2.0086803436279297,sil,False
10,8181,8215,8203,8205,8155,8160,8155,8178,8140,8142,8181,8180,8171,8107,2.0300984382629395,sil,False
11,8185,8210,8218,8199,8145,8144,8126,8176,8117,8109,8176,8196,8160,8093,2.0300984382629395,sil,False
12,8187,8210,8207,8215,8148,8135,8109,8154,8111,8111,8190,8195,8160,8075,2.045718193054199,sil,False
13,8189,8226,8231,8239,8153,8132,8102,8152,8105,8120,8195,8204,8159,8089,2.045718193054199,sil,False
14,8182,8246,8247,8257,8154,8146,8111,8163,8104,8126,8191,8200,8154,8090,2.061820268630981,sil,False
15,8173,8247,8240,8264,8154,8148,8121,8143,8099,8119,8189,8193,8150,8072,2.061820268630981,sil,False
16,8159,8237,8231,8253,8152,8148,8126,8143,8086,8106,8171,8184,8138,8077,2.0771713256835938,sil,False
17,8141,8224,8210,8241,8152,8161,8138,8151,8095,8126,8160,8157,8130,8077,2.0771713256835938,sil,False
18,8139,8213,8207,8224,8148,8165,8139,8159,8107,8145,8155,8150,8126,8082,2.0930097103118896,sil,False
19,8145,8209,8188,8212,8141,8165,8142,8177,8127,8161,8155,8154,8146,8099,2.0930097103118896,sil,False
20,8151,8200,8174,8189,8132,8150,8131,8178,8140,8165,8164,8174,8170,8107,2.109025478363037,sil,False
21,8158,8200,8178,8174,8132,8135,8114,8179,8130,8149,8181,8185,8177,8102,2.109025478363037,sil,False
22,8158,8206,8175,8194,8139,8135,8116,8166,8114,8143,8192,8165,8171,8089,2.1242034435272217,sil,False
23,8139,8196,8184,8192,8140,8145,8114,8151,8087,8132,8168,8153,8137,8081,2.1242034435272217,sil,False
24,8117,8177,8150,8182,8143,8159,8131,8153,8103,8140,8143,8122,8122,8072,2.1402430534362797,sil,False
25,8116,8163,8134,8165,8133,8151,8136,8160,8127,8138,8130,8112,8126,8079,2.1402430534362797,sil,False
26,8122,8162,8147,8144,8122,8131,8114,8167,8112,8117,8129,8129,8136,8085,2.1561942100524902,sil,False
27,8131,8165,8130,8153,8136,8127,8112,8148,8109,8126,8161,8132,8161,8070,2.1561942100524902,sil,False
28,8137,8174,8150,8152,8141,8133,8108,8139,8095,8120,8165,8138,8143,8070,2.1718008518218994,sil,False
29,8111,8175,8147,8154,8136,8142,8101,8146,8072,8104,8123,8099,8105,8053,2.1718008518218994,sil,False
30,8092,8158,8126,8164,8137,8146,8111,8143,8079,8117,8101,8072,8100,8047,2.1868484020233154,sil,False
31,8112,8153,8135,8160,8141,8150,8138,8167,8123,8150,8123,8100,8125,8079,2.1868484020233154,sil,False
32,8133,8154,8129,8146,8134,8135,8136,8189,8152,8160,8148,8115,8152,8094,2.2023825645446777,sil,False
33,8132,8157,8127,8128,8127,8110,8107,8182,8132,8138,8142,8121,8155,8080,2.2023825645446777,sil,False
34,8126,8163,8124,8132,8130,8108,8109,8175,8120,8130,8135,8119,8146,8067,2.2182905673980717,sil,False
35,8134,8161,8136,8135,8131,8115,8114,8166,8116,8124,8143,8128,8143,8071,2.2182905673980717,sil,False
36,8135,8158,8136,8126,8131,8122,8109,8162,8096,8103,8147,8128,8146,8073,2.232942581176758,sil,False
37,8132,8166,8131,8129,8142,8130,8117,8161,8085,8099,8145,8117,8150,8074,2.232942581176758,sil,False
38,8146,8182,8174,8150,8160,8147,8128,8164,8098,8120,8144,8129,8150,8080,2.2484755516052246,sil,False
39,8156,8184,8188,8171,8171,8163,8141,8172,8118,8141,8144,8130,8152,8084,2.2484755516052246,sil,False
40,8143,8173,8162,8171,8165,8158,8158,8158,8123,8147,8143,8117,8154,8083,2.2640769481658936,sil,False
41,8129,8164,8149,8161,8151,8153,8161,8154,8112,8138,8123,8099,8140,8084,2.2640769481658936,sil,False
42,8126,8160,8152,8156,8150,8159,8157,8172,8107,8135,8099,8084,8123,8080,2.2802720069885254,sil,False
43,8119,8151,8153,8161,8152,8157,8155,8164,8121,8148,8102,8081,8131,8063,2.2802720069885254,sil,False
44,8117,8136,8141,8150,8139,8151,8155,8164,8125,8155,8106,8074,8142,8067,2.295757293701172,sil,False
45,8120,8130,8138,8133,8138,8154,8163,8173,8124,8163,8105,8080,8140,8084,2.295757293701172,sil,False
46,8119,8130,8129,8125,8148,8142,8163,8169,8134,8164,8114,8089,8147,8082,2.311040163040161,sil,False
47,8120,8128,8113,8116,8143,8126,8149,8171,8139,8141,8122,8089,8158,8076,2.311040163040161,sil,False
48,8136,8134,8138,8112,8142,8134,8141,8181,8143,8138,8125,8115,8171,8088,2.3261823654174805,sil,False
49,8150,8143,8149,8123,8148,8146,8146,8190,8154,8172,8146,8135,8182,8098,2.3261823654174805,sil,False
50,8143,8145,8140,8130,8145,8143,8142,8173,8150,8168,8169,8134,8179,8088,2.341780185699463,sil,False
51,8133,8152,8154,8116,8147,8136,8127,8158,8125,8131,8153,8133,8157,8077,2.341780185699463,sil,False
52,8143,8166,8155,8124,8163,8141,8135,8166,8127,8148,8149,8134,8158,8081,2.357641220092773,sil,False
53,8171,8182,8172,8149,8176,8153,8153,8170,8140,8174,8180,8158,8174,8100,2.357641220092773,sil,False
54,8179,8192,8179,8163,8179,8159,8163,8172,8142,8163,8182,8150,8168,8104,2.3728015422821045,sil,False
55,8168,8191,8171,8168,8173,8149,8161,8163,8137,8162,8164,8124,8160,8095,2.3728015422821045,sil,False
56,8166,8184,8199,8153,8163,8145,8148,8165,8115,8161,8157,8140,8151,8103,2.38885235786438,sil,False
57,8152,8173,8176,8155,8167,8158,8159,8163,8115,8157,8150,8121,8143,8090,2.38885235786438,sil,False
58,8125,8149,8145,8145,8162,8152,8162,8153,8110,8142,8117,8082,8120,8071,2.404093027114868,sil,False
59,8111,8132,8142,8125,8145,8149,8158,8172,8105,8142,8097,8073,8112,8076,2.404093027114868,sil,False
60,8127,8127,8124,8131,8148,8152,8168,8175,8132,8176,8120,8081,8137,8081,2.4201436042785645,sil,False
61,8136,8128,8147,8111,8143,8147,8152,8173,8130,8166,8109,8107,8127,8082,2.4201436042785645,sil,False
62,8120,8133,8131,8117,8140,8158,8162,8175,8152,8167,8107,8090,8131,8068,2.436182737350464,sil,False
63,8116,8117,8107,8121,8141,8149,8174,8168,8170,8180,8130,8086,8146,8069,2.436182737350464,sil,False
64,8124,8106,8133,8081,8126,8126,8146,8177,8135,8142,8119,8110,8135,8076,2.451740026473999,sil,False
65,8127,8111,8118,8087,8122,8127,8138,8174,8142,8130,8126,8100,8149,8055,2.451740026473999,sil,False
66,8131,8111,8129,8095,8125,8131,8136,8181,8157,8141,8139,8115,8153,8064,2.467111110687256,sil,False
67,8128,8115,8147,8089,8131,8137,8133,8191,8156,8149,8136,8122,8145,8075,2.467111110687256,sil,False
68,8128,8119,8132,8100,8140,8142,8128,8163,8156,8142,8138,8108,8147,8059,2.482959032058716,sil,False
69,8139,8138,8157,8111,8146,8146,8122,8167,8145,8130,8146,8119,8147,8066,2.482959032058716,sil,False
70,8141,8156,8171,8130,8155,8156,8134,8179,8145,8150,8158,8119,8151,8071,2.4990127086639404,sil,False
71,8129,8150,8170,8136,8153,8158,8131,8163,8140,8152,8143,8110,8137,8062,2.4990127086639404,sil,False
72,8124,8150,8167,8136,8146,8167,8128,8155,8137,8144,8137,8105,8131,8064,2.5146617889404297,sil,False
73,8132,8151,8185,8147,8148,8176,8131,8148,8135,8154,8150,8113,8141,8073,2.5146617889404297,sil,False
74,8135,8143,8198,8154,8157,8181,8138,8156,8132,8156,8134,8116,8134,8079,2.5300991535186768,hello,True
75,8137,8142,8176,8162,8165,8188,8161,8165,8154,8167,8132,8108,8144,8084,2.5300991535186768,hello,True
76,8136,8143,8174,8148,8156,8185,8160,8155,8162,8178,8150,8121,8158,8092,2.545290231704712,hello,True
77,8125,8127,8165,8132,8145,8177,8144,8159,8152,8178,8144,8118,8150,8088,2.545290231704712,hello,True
78,8134,8122,8160,8129,8142,8172,8147,8171,8153,8183,8139,8121,8155,8089,2.5610945224761963,hello,True
79,8149,8136,8170,8125,8138,8172,8151,8178,8155,8176,8149,8133,8160,8095,2.561455726623535,hello,True
80,8142,8130,8150,8128,8138,8168,8148,8169,8155,8155,8147,8117,8154,8084,2.576185464859009,hello,True
81,8131,8116,8152,8116,8138,8152,8131,8162,8153,8132,8133,8118,8150,8076,2.576185464859009,hello,True
82,8127,8118,8153,8096,8130,8147,8113,8165,8148,8123,8130,8118,8143,8064,2.5916967391967773,hello,True
83,8127,8122,8142,8102,8128,8149,8112,8152,8142,8125,8139,8110,8136,8048,2.5916967391967773,hello,True
84,8140,8133,8165,8119,8141,8149,8123,8157,8134,8125,8142,8122,8139,8055,2.606797218322754,hello,True
85,8148,8151,8178,8123,8148,8156,8137,8166,8131,8131,8145,8125,8139,8063,2.6228842735290527,hello,True
86,8140,8158,8180,8118,8138,8161,8136,8147,8126,8124,8147,8132,8126,8059,2.6228842735290527,hello,True
87,8135,8147,8172,8130,8135,8160,8134,8142,8123,8119,8134,8122,8121,8052,2.6228842735290527,hello,True
88,8126,8125,8169,8133,8143,8169,8135,8148,8122,8124,8115,8104,8112,8047,2.63836669921875,hello,True
89,8117,8117,8181,8126,8147,8199,8155,8153,8126,8124,8108,8111,8102,8052,2.63836669921875,hello,True
90,8118,8122,8155,8138,8148,8210,8185,8157,8156,8147,8120,8101,8123,8057,2.654357433319092,hello,True
91,8113,8117,8150,8130,8141,8184,8164,8158,8154,8151,8107,8091,8120,8057,2.6698904037475586,hello,True
92,8105,8117,8150,8125,8140,8178,8147,8166,8132,8134,8087,8085,8101,8049,2.6698904037475586,hello,True
93,8118,8124,8133,8147,8146,8182,8169,8167,8148,8142,8107,8094,8121,8060,2.6698904037475586,hello,True
94,8129,8116,8144,8137,8131,8170,8162,8174,8157,8148,8117,8114,8139,8090,2.685844898223877,hello,True
95,8109,8094,8119,8115,8117,8163,8139,8172,8160,8143,8115,8095,8152,8080,2.685844898223877,hello,True
96,8105,8092,8107,8112,8123,8144,8123,8159,8162,8132,8127,8098,8166,8066,2.70103120803833,hello,True
97,8119,8106,8126,8113,8127,8127,8110,8169,8154,8131,8135,8112,8166,8078,2.71704626083374,hello,True
98,8133,8105,8126,8122,8120,8131,8105,8163,8143,8140,8149,8110,8168,8070,2.71704626083374,hello,True
99,8148,8112,8142,8129,8120,8135,8099,8151,8120,8126,8165,8134,8171,8064,2.7326340675354004,hello,True
100,8159,8136,8161,8147,8138,8143,8110,8160,8104,8114,8171,8151,8173,8076,2.7326340675354004,hello,True
101,8165,8156,8167,8178,8148,8146,8121,8144,8102,8123,8180,8148,8174,8072,2.747718334197998,hello,True
102,8167,8166,8166,8188,8142,8136,8107,8137,8092,8118,8181,8138,8161,8067,2.747718334197998,hello,True
103,8156,8162,8164,8185,8135,8141,8102,8149,8090,8121,8170,8128,8146,8068,2.763155221939087,hello,True
104,8139,8127,8145,8169,8132,8153,8119,8148,8113,8148,8163,8110,8146,8070,2.763155221939087,hello,True
105,8143,8107,8126,8154,8132,8147,8134,8167,8137,8156,8162,8107,8155,8088,2.778684377670288,hello,True
106,8151,8120,8144,8167,8129,8141,8145,8177,8145,8153,8165,8131,8163,8100,2.778684377670288,hello,True
107,8132,8116,8138,8169,8122,8147,8143,8164,8134,8152,8152,8125,8156,8088,2.793955087661743,hello,True
108,8124,8106,8116,8147,8121,8142,8124,8158,8123,8138,8145,8114,8156,8081,2.793955087661743,hello,True
109,8149,8114,8134,8137,8122,8123,8107,8160,8127,8124,8169,8146,8178,8084,2.809113025665283,hello,True
110,8162,8131,8143,8150,8125,8120,8108,8163,8124,8125,8190,8161,8194,8079,2.809113025665283,hello,True
111,8166,8145,8146,8162,8138,8132,8111,8157,8115,8123,8188,8163,8193,8082,2.824786424636841,hello,True
112,8180,8153,8161,8162,8148,8136,8107,8164,8115,8120,8183,8173,8193,8091,2.824786424636841,hello,True
113,8180,8152,8154,8169,8145,8122,8107,8156,8121,8129,8191,8165,8200,8084,2.841146469116211,hello,True
114,8163,8150,8157,8166,8137,8110,8099,8138,8093,8117,8177,8155,8175,8074,2.841146469116211,hello,True
115,8157,8154,8157,8169,8141,8132,8110,8151,8084,8108,8157,8138,8152,8071,2.856620073318481,hello,True
116,8163,8149,8159,8184,8154,8163,8132,8158,8112,8123,8162,8134,8165,8082,2.856620073318481,hello,True
117,8152,8141,8174,8176,8157,8166,8136,8155,8108,8126,8154,8135,8158,8093,2.8716509342193604,hello,True
118,8135,8132,8146,8162,8151,8159,8141,8149,8102,8130,8134,8108,8136,8076,2.8716509342193604,hello,True
119,8131,8116,8130,8136,8139,8156,8141,8149,8109,8131,8113,8100,8125,8060,2.8876664638519287,hello,True
120,8123,8104,8115,8115,8131,8151,8137,8162,8116,8118,8090,8089,8123,8056,2.8876664638519287,hello,True
121,8117,8096,8092,8108,8130,8145,8134,8160,8125,8117,8093,8084,8126,8051,2.903360366821289,hello,True
122,8127,8102,8106,8094,8127,8144,8128,8170,8133,8124,8114,8115,8138,8065,2.903360366821289,hello,True
123,8128,8111,8100,8089,8127,8137,8130,8181,8147,8134,8134,8118,8161,8069,2.9189817905426025,hello,True
124,8116,8109,8104,8074,8121,8124,8112,8172,8135,8113,8123,8109,8149,8052,2.9189817905426025,hello,True
125,8116,8118,8118,8077,8121,8134,8111,8166,8125,8106,8112,8112,8133,8042,2.934673547744751,hello,True
126,8121,8140,8123,8113,8145,8153,8142,8157,8138,8136,8135,8113,8147,8048,2.934673547744751,hello,True
127,8120,8155,8151,8134,8155,8169,8149,8157,8122,8132,8132,8119,8127,8059,2.949747323989868,hello,True
237,8113,8142,8146,8146,8147,8181,8144,8156,8110,8127,8112,8104,8124,8053,2.949747323989868,hello,True
0,8110,8124,8136,8134,8142,8179,8152,8154,8129,8146,8113,8104,8192,8062,2.9651522636413574,sil,False
1,8119,8130,8123,8118,8148,8177,8166,8182,8165,8167,8130,8120,8274,8081,2.9651522636413574,sil,False
2,8134,8131,8112,8122,8153,8162,8150,8185,8163,8152,8143,8129,8290,8074,2.9809279441833496,sil,False
3,8135,8133,8144,8111,8146,8143,8121,8170,8122,8108,8131,8140,8247,8060,2.9809279441833496,sil,False
4,8127,8148,8129,8115,8151,8149,8132,8164,8126,8122,8127,8125,8235,8051,2.996423721313477,sil,False
5,8134,8149,8130,8116,8152,8151,8130,8157,8116,8128,8119,8133,8222,8053,2.996423721313477,sil,False
6,8132,8144,8153,8119,8136,8158,8130,8160,8088,8110,8109,8130,8194,8049,3.011751413345337,sil,False
7,8117,8144,8133,8142,8143,8178,8161,8159,8115,8133,8119,8099,8192,8042,3.011751413345337,sil,False
8,8106,8144,8145,8139,8158,8185,8160,8162,8119,8144,8108,8107,8184,8055,3.0277979373931885,sil,False
9,8098,8140,8134,8138,8155,8185,8159,8164,8107,8152,8098,8101,8188,8051,3.0277979373931885,sil,False
10,8096,8124,8115,8118,8145,8177,8166,8165,8124,8158,8086,8093,8184,8047,3.043724298477173,sil,False
11,8091,8118,8108,8081,8142,8175,8165,8181,8144,8131,8064,8092,8162,8050,3.043724298477173,sil,False
12,8089,8115,8087,8081,8143,8173,8166,8175,8141,8116,8071,8084,8167,8043,3.059840679168701,sil,False
13,8101,8111,8106,8082,8139,8157,8156,8168,8124,8124,8091,8101,8184,8052,3.059840679168701,sil,False
14,8106,8115,8103,8076,8140,8147,8145,8171,8126,8135,8105,8101,8194,8055,3.075366497039795,sil,False
15,8110,8123,8095,8076,8139,8146,8127,8159,8127,8127,8113,8109,8195,8050,3.075366497039795,sil,False
16,8131,8139,8123,8091,8144,8141,8119,8162,8126,8121,8128,8135,8202,8061,3.090792179107666,sil,False
17,8147,8155,8133,8109,8155,8139,8131,8162,8135,8138,8157,8142,8221,8066,3.090792179107666,sil,False
18,8140,8160,8141,8112,8150,8143,8126,8151,8127,8134,8158,8145,8214,8060,3.1067702770233154,sil,False
19,8123,8160,8141,8126,8148,8152,8126,8151,8117,8130,8136,8130,8186,8051,3.1067702770233154,sil,False
20,8113,8159,8144,8145,8154,8154,8143,8143,8117,8145,8131,8117,8173,8045,3.1221847534179688,sil,False
21,8106,8147,8146,8132,8155,8155,8147,8146,8109,8142,8119,8112,8166,8048,3.1221847534179688,sil,False
22,8096,8126,8130,8116,8143,8163,8150,8159,8113,8140,8100,8101,8163,8050,3.13769006729126,sil,False
23,8103,8118,8129,8116,8133,8163,8162,8163,8133,8147,8103,8112,8176,8051,3.13769006729126,sil,False
24,8114,8120,8121,8106,8132,8142,8150,8167,8144,8137,8109,8120,8189,8052,3.152821779251098,sil,False
25,8114,8122,8113,8083,8126,8116,8120,8161,8136,8123,8106,8122,8183,8043,3.152821779251098,sil,False
26,8116,8127,8119,8078,8123,8115,8116,8158,8123,8123,8118,8132,8176,8037,3.168314218521118,sil,False
27,8134,8142,8126,8108,8137,8137,8134,8154,8134,8138,8149,8148,8195,8053,3.168314218521118,sil,False
28,8145,8156,8153,8133,8147,8145,8133,8149,8146,8145,8165,8168,8205,8066,3.1843297481536865,sil,False
29,8127,8157,8151,8135,8146,8151,8135,8163,8138,8144,8150,8150,8183,8052,3.1843297481536865,sil,False
30,8107,8144,8138,8135,8145,8165,8148,8160,8130,8145,8131,8125,8163,8043,3.1998696327209477,sil,False
31,8111,8136,8144,8134,8147,8167,8159,8166,8144,8164,8121,8132,8165,8068,3.1998696327209477,sil,False
32,8127,8129,8126,8132,8143,8153,8166,8184,8166,8180,8131,8137,8185,8084,3.214959621429444,sil,False
33,8133,8123,8125,8116,8126,8136,8142,8170,8147,8150,8139,8148,8184,8068,3.214959621429444,sil,False
34,8128,8147,8131,8118,8126,8135,8116,8155,8122,8124,8141,8151,8175,8051,3.230970859527588,sil,False
35,8125,8166,8127,8139,8142,8146,8125,8153,8129,8133,8147,8140,8174,8053,3.230970859527588,sil,False
36,8127,8150,8136,8139,8135,8157,8146,8166,8128,8134,8130,8129,8159,8067,3.246107339859009,sil,False
37,8131,8137,8119,8139,8120,8156,8158,8180,8145,8151,8122,8124,8160,8070,3.246107339859009,sil,False
38,8140,8143,8115,8127,8117,8132,8136,8175,8157,8158,8140,8156,8175,8069,3.2617878913879395,sil,False
39,8146,8149,8124,8120,8119,8117,8112,8163,8131,8130,8143,8163,8165,8061,3.2617878913879395,sil,False
40,8147,8159,8129,8150,8125,8130,8120,8146,8104,8115,8134,8136,8143,8051,3.277538299560547,sil,False
41,8138,8161,8143,8157,8130,8149,8137,8154,8105,8129,8125,8138,8138,8068,3.277538299560547,sil,False
42,8124,8132,8113,8126,8127,8153,8145,8164,8118,8145,8118,8125,8147,8077,3.2931861877441406,sil,False
43,8128,8117,8099,8102,8116,8135,8131,8159,8118,8134,8112,8128,8150,8074,3.2931861877441406,sil,False
44,8144,8146,8117,8108,8117,8119,8123,8170,8125,8125,8126,8152,8163,8079,3.308863401412964,sil,False
45,8144,8161,8121,8121,8127,8118,8129,8159,8128,8132,8148,8153,8169,8071,3.308863401412964,sil,False
46,8133,8157,8140,8113,8123,8124,8117,8139,8099,8125,8141,8144,8146,8065,3.3238959312438965,sil,False
47,8132,8166,8140,8133,8125,8148,8129,8150,8100,8131,8136,8128,8142,8072,3.3238959312438965,sil,False
48,8140,8162,8139,8162,8138,8164,8157,8162,8127,8149,8145,8136,8155,8088,3.339090347290039,sil,False
49,8143,8148,8141,8143,8134,8159,8154,8174,8143,8159,8144,8151,8156,8094,3.354688882827759,sil,False
50,8152,8156,8131,8127,8131,8150,8137,8176,8153,8166,8153,8159,8176,8092,3.354688882827759,sil,False
51,8169,8175,8154,8139,8144,8139,8126,8163,8136,8138,8165,8181,8189,8096,3.3698854446411133,sil,False
52,8163,8184,8157,8151,8152,8127,8123,8152,8113,8105,8166,8174,8170,8085,3.3698854446411133,sil,False
53,8145,8178,8150,8135,8137,8124,8119,8145,8108,8111,8157,8157,8146,8071,3.3859102725982666,sil,False
54,8122,8170,8140,8119,8127,8142,8134,8155,8103,8122,8124,8130,8123,8062,3.3859102725982666,sil,False
55,8098,8152,8107,8127,8135,8154,8168,8160,8115,8123,8093,8100,8104,8049,3.403120756149292,sil,False
56,8104,8127,8109,8116,8129,8149,8169,8164,8134,8129,8088,8111,8095,8056,3.403120756149292,sil,False
57,8114,8117,8106,8093,8115,8145,8148,8179,8145,8140,8101,8124,8118,8069,3.403120756149292,sil,False
58,8117,8125,8098,8083,8110,8132,8133,8169,8144,8135,8117,8134,8144,8068,3.4177582263946533,sil,False
59,8133,8149,8122,8095,8122,8124,8131,8164,8141,8125,8128,8148,8132,8068,3.4329776763916016,sil,False
60,8149,8171,8143,8130,8148,8139,8143,8166,8151,8148,8151,8148,8119,8071,3.4329776763916016,sil,False
61,8140,8176,8166,8143,8156,8156,8152,8164,8148,8158,8147,8153,8111,8077,3.448183298110962,sil,False
62,8127,8167,8155,8145,8144,8160,8159,8166,8149,8147,8115,8140,8098,8080,3.448183298110962,sil,False
63,8131,8158,8138,8146,8141,8150,8161,8158,8156,8148,8112,8134,8092,8080,3.463531255722046,sil,False
64,8141,8158,8151,8135,8142,8148,8163,8168,8157,8162,8123,8152,8100,8093,3.463531255722046,sil,False
65,8152,8166,8149,8138,8146,8158,8173,8186,8181,8190,8134,8156,8129,8102,3.480088233947754,sil,False
66,8163,8178,8153,8135,8147,8145,8159,8178,8182,8182,8143,8170,8136,8099,3.480088233947754,sil,False
67,8157,8185,8144,8128,8143,8121,8135,8159,8144,8143,8150,8167,8120,8083,3.495224714279175,sil,False
68,8147,8186,8140,8140,8145,8119,8127,8144,8117,8135,8159,8153,8111,8065,3.495224714279175,sil,False
69,8144,8192,8164,8151,8161,8136,8134,8156,8126,8150,8157,8156,8105,8068,3.5108397006988525,sil,False
70,8138,8189,8155,8164,8172,8152,8154,8164,8150,8163,8155,8150,8103,8072,3.5108397006988525,sil,False
71,8127,8164,8149,8156,8160,8154,8161,8155,8149,8157,8135,8143,8087,8074,3.526668071746826,sil,False
72,8120,8136,8140,8135,8146,8157,8163,8170,8150,8160,8110,8126,8075,8070,3.526668071746826,sil,False
73,8126,8124,8123,8130,8138,8147,8161,8175,8162,8165,8109,8125,8088,8074,3.542299032211304,sil,False
74,8132,8130,8133,8118,8123,8124,8140,8165,8159,8154,8122,8147,8109,8090,3.542299032211304,sil,False
75,8128,8127,8123,8105,8120,8112,8123,8158,8153,8153,8142,8149,8128,8078,3.557687282562256,sil,False
76,8132,8123,8130,8102,8126,8109,8116,8149,8136,8140,8143,8158,8120,8066,3.557687282562256,sil,False
77,8148,8147,8151,8121,8136,8121,8124,8154,8124,8129,8138,8164,8107,8075,3.5737760066986084,sil,False
78,8154,8164,8157,8144,8147,8130,8133,8146,8126,8136,8151,8159,8114,8076,3.5737760066986084,sil,False
79,8150,8160,8169,8138,8149,8133,8134,8147,8120,8136,8153,8167,8112,8074,3.5890018939971924,sil,False
80,8141,8160,8151,8141,8151,8146,8154,8167,8138,8154,8144,8145,8102,8073,3.5890018939971924,sil,False
81,8134,8147,8141,8142,8152,8148,8167,8171,8167,8178,8131,8128,8096,8082,3.6049652099609375,sil,False
82,8136,8139,8142,8132,8150,8150,8163,8175,8180,8183,8131,8143,8107,8099,3.6049652099609375,sil,False
83,8142,8148,8133,8127,8146,8147,8158,8173,8181,8185,8150,8159,8129,8100,3.620115041732788,sil,False
84,8152,8147,8144,8115,8134,8122,8136,8163,8155,8160,8148,8166,8124,8088,3.620115041732788,sil,False
85,8156,8159,8146,8134,8139,8114,8128,8155,8137,8139,8148,8163,8114,8075,3.6353697776794434,sil,False
86,8160,8186,8164,8157,8154,8129,8131,8148,8136,8139,8164,8176,8115,8073,3.6353697776794434,sil,False
87,8151,8188,8173,8152,8156,8137,8126,8149,8120,8131,8156,8169,8103,8067,3.651076078414917,sil,False
88,8139,8179,8161,8162,8155,8138,8140,8143,8121,8136,8143,8140,8091,8061,3.651076078414917,sil,False
89,8147,8185,8180,8173,8160,8148,8162,8152,8133,8155,8137,8145,8093,8078,3.666126489639282,sil,False
90,8152,8179,8166,8176,8168,8156,8171,8167,8143,8176,8132,8138,8106,8084,3.666126489639282,sil,False
91,8145,8157,8157,8165,8161,8148,8166,8162,8147,8182,8135,8142,8118,8086,3.682109832763672,sil,False
92,8143,8148,8167,8129,8144,8147,8165,8175,8155,8175,8133,8153,8122,8098,3.682109832763672,sil,False
93,8157,8146,8143,8118,8135,8144,8162,8176,8159,8168,8129,8144,8127,8091,3.6971027851104736,sil,False
94,8164,8158,8152,8143,8144,8123,8129,8160,8144,8143,8129,8164,8120,8080,3.6971027851104736,sil,False
95,8158,8176,8166,8172,8165,8119,8116,8159,8139,8130,8143,8177,8121,8072,3.713085412979126,sil,False
96,8163,8184,8168,8176,8166,8133,8126,8149,8134,8124,8152,8179,8128,8071,3.713085412979126,sil,False
97,8168,8191,8180,8181,8159,8150,8130,8143,8119,8119,8147,8180,8120,8077,3.7277495861053462,sil,False
98,8162,8205,8182,8206,8173,8160,8140,8147,8125,8138,8158,8169,8121,8080,3.7277495861053462,sil,False
99,8164,8212,8202,8215,8183,8160,8143,8148,8126,8152,8164,8175,8120,8085,3.743086814880371,sil,False
100,8160,8206,8198,8226,8172,8170,8148,8151,8121,8158,8155,8164,8110,8086,3.743086814880371,sil,False
101,8145,8190,8176,8226,8166,8171,8155,8144,8128,8161,8147,8150,8108,8083,3.7591300010681152,sil,False
102,8147,8177,8171,8198,8161,8148,8153,8156,8132,8158,8135,8156,8113,8092,3.7591300010681152,sil,False
103,8163,8175,8155,8189,8131,8135,8147,8171,8142,8169,8147,8164,8141,8104,3.774655342102051,sil,False
104,8173,8186,8161,8188,8120,8141,8136,8166,8140,8165,8168,8180,8161,8109,3.774655342102051,sil,False
105,8173,8199,8156,8191,8159,8142,8136,8168,8140,8157,8173,8180,8164,8102,3.7900660037994394,sil,False
106,8174,8187,8142,8192,8172,8125,8136,8163,8136,8150,8172,8177,8158,8093,3.7900660037994394,sil,False
107,8168,8174,8155,8171,8138,8126,8124,8153,8102,8118,8166,8174,8134,8085,3.80600643157959,sil,False
108,8157,8189,8147,8176,8137,8143,8129,8144,8092,8108,8157,8149,8119,8070,3.80600643157959,sil,False
109,8156,8202,8156,8201,8154,8144,8134,8139,8097,8123,8143,8148,8109,8070,3.821965456008911,sil,False
110,8156,8206,8164,8214,8144,8144,8143,8147,8098,8136,8141,8150,8108,8080,3.821965456008911,sil,False
111,8159,8197,8151,8210,8149,8150,8159,8148,8113,8153,8156,8147,8122,8088,3.838072061538696,sil,False
112,8156,8180,8149,8193,8160,8153,8165,8157,8126,8162,8150,8150,8119,8099,3.838072061538696,sil,False
113,8142,8173,8131,8188,8145,8150,8161,8164,8147,8170,8138,8128,8119,8090,3.8534886837005615,sil,False
114,8140,8178,8133,8177,8134,8137,8138,8161,8154,8175,8141,8135,8132,8091,3.8534886837005615,sil,False
115,8151,8179,8142,8160,8142,8132,8123,8169,8148,8174,8152,8160,8148,8109,3.86894154548645,sil,False
116,8161,8176,8138,8159,8134,8133,8131,8161,8140,8155,8165,8165,8151,8105,3.86894154548645,sil,False
117,8160,8188,8146,8156,8118,8122,8124,8148,8118,8121,8160,8165,8138,8092,3.884512662887573,sil,False
118,8162,8206,8148,8165,8136,8119,8113,8145,8110,8119,8165,8165,8147,8091,3.884512662887573,sil,False
119,8178,8210,8176,8180,8157,8130,8120,8144,8115,8129,8179,8184,8155,8098,3.900042533874512,sil,False
120,8178,8206,8184,8181,8144,8135,8134,8155,8114,8119,8174,8183,8142,8089,3.900042533874512,sil,False
121,8168,8200,8161,8171,8133,8120,8131,8146,8109,8115,8166,8159,8137,8075,3.915287971496582,sil,False
122,8167,8200,8177,8157,8138,8118,8123,8141,8110,8124,8159,8170,8136,8083,3.915287971496582,sil,False
123,8162,8197,8176,8174,8153,8147,8150,8156,8132,8145,8154,8165,8131,8089,3.931430101394653,sil,False
124,8149,8188,8162,8189,8158,8163,8162,8149,8132,8144,8140,8139,8114,8081,3.931430101394653,sil,False
125,8142,8174,8155,8175,8151,8161,8147,8145,8116,8132,8117,8120,8101,8070,3.946125030517578,sil,False
126,8141,8155,8140,8156,8151,8152,8156,8158,8140,8152,8122,8128,8128,8076,3.961762189865112,sil,False
127,8150,8157,8143,8126,8145,8136,8157,8171,8153,8149,8127,8150,8140,8095,3.961762189865112,sil,False
237,8151,8166,8129,8117,8137,8127,8136,8161,8127,8114,8118,8136,8124,8076,3.9782772064208975,sil,False
0,8144,8160,8136,8122,8133,8126,8123,8137,8102,8100,8122,8134,8116,8050,3.9782772064208975,sil,False
1,8144,8161,8158,8116,8135,8131,8130,8150,8118,8123,8147,8144,8126,8062,3.9782772064208975,sil,False
2,8143,8172,8153,8131,8151,8149,8150,8160,8146,8154,8159,8133,8130,8079,3.993320941925049,sil,False
3,8144,8164,8167,8145,8167,8171,8162,8155,8132,8151,8142,8141,8120,8080,3.993320941925049,sil,False
4,8142,8147,8159,8146,8169,8178,8174,8160,8134,8158,8145,8140,8137,8078,4.014306545257568,sil,False
5,8142,8142,8155,8144,8159,8166,8174,8158,8148,8170,8158,8137,8147,8089,4.014306545257568,sil,False
6,8137,8156,8169,8157,8157,8173,8173,8164,8146,8166,8142,8132,8125,8091,4.024121046066284,sil,False
7,8131,8152,8141,8163,8157,8181,8180,8164,8158,8168,8132,8112,8119,8072,4.041860103607178,sil,False
8,8141,8133,8142,8126,8142,8160,8165,8169,8158,8163,8138,8135,8125,8083,4.041860103607178,sil,False
9,8156,8144,8142,8117,8140,8152,8166,8183,8170,8182,8162,8155,8154,8108,4.041860103607178,sil,False
10,8169,8153,8144,8132,8150,8150,8171,8177,8185,8200,8181,8163,8187,8119,4.055910110473633,sil,False
11,8178,8151,8171,8128,8155,8142,8157,8174,8168,8178,8179,8181,8181,8118,4.0718834400177,sil,False
12,8178,8154,8157,8140,8160,8148,8153,8161,8153,8160,8187,8172,8169,8094,4.0718834400177,sil,False
13,8172,8164,8165,8147,8167,8150,8149,8152,8150,8151,8192,8172,8166,8091,4.087070226669312,sil,False
14,8172,8176,8178,8149,8170,8150,8153,8167,8161,8159,8188,8168,8172,8103,4.087070226669312,sil,False
15,8174,8178,8175,8139,8162,8145,8155,8158,8151,8162,8186,8159,8161,8100,4.103136301040649,sil,False
16,8158,8172,8183,8134,8159,8148,8153,8145,8125,8153,8175,8147,8130,8087,4.103136301040649,sil,False
17,8141,8162,8169,8162,8168,8154,8161,8143,8129,8155,8168,8119,8116,8078,4.118666648864746,sil,False
18,8137,8150,8175,8159,8158,8147,8150,8146,8130,8141,8154,8127,8109,8086,4.118666648864746,sil,False
19,8128,8136,8164,8132,8142,8153,8152,8159,8136,8140,8140,8125,8106,8084,4.1337730884552,sil,False
20,8133,8130,8148,8130,8147,8171,8182,8167,8168,8170,8146,8125,8117,8085,4.1337730884552,sil,False
21,8154,8141,8168,8134,8159,8176,8191,8184,8194,8186,8157,8158,8133,8107,4.149806022644043,sil,False
22,8163,8150,8162,8133,8167,8164,8179,8197,8210,8185,8170,8162,8149,8112,4.149806022644043,sil,False
23,8164,8147,8165,8120,8168,8147,8157,8179,8195,8164,8175,8168,8146,8098,4.165160894393921,sil,False
24,8168,8148,8176,8117,8159,8142,8150,8165,8165,8147,8181,8181,8138,8094,4.165160894393921,sil,False
25,8170,8145,8170,8128,8152,8133,8146,8159,8163,8152,8180,8175,8138,8091,4.1803014278411865,sil,False
26,8160,8136,8167,8116,8144,8117,8128,8157,8161,8143,8151,8161,8122,8076,4.1803014278411865,sil,False
27,8152,8143,8157,8109,8145,8118,8127,8155,8152,8136,8142,8148,8117,8066,4.195818662643433,sil,False
28,8150,8151,8172,8124,8154,8130,8135,8145,8138,8133,8160,8156,8123,8074,4.195818662643433,sil,False
29,8143,8145,8184,8137,8158,8147,8147,8153,8128,8129,8149,8152,8111,8085,4.211339473724365,sil,False
30,8135,8140,8172,8152,8156,8169,8164,8160,8140,8151,8135,8135,8105,8085,4.211339473724365,sil,False
31,8133,8143,8168,8153,8156,8173,8164,8158,8151,8168,8137,8132,8109,8078,4.226974248886108,sil,False
32,8127,8144,8160,8139,8161,8163,8161,8161,8152,8164,8126,8126,8107,8073,4.226974248886108,sil,False
33,8119,8143,8170,8135,8158,8164,8171,8158,8152,8164,8122,8130,8102,8073,4.242867946624756,sil,False
34,8119,8141,8166,8137,8154,8168,8178,8166,8162,8175,8124,8126,8111,8073,4.242867946624756,sil,False
35,8130,8140,8153,8138,8158,8162,8172,8172,8175,8180,8125,8127,8129,8076,4.257965564727783,sil,False
36,8138,8145,8164,8134,8158,8157,8163,8171,8177,8176,8132,8146,8136,8086,4.257965564727783,sil,False
37,8124,8135,8144,8125,8148,8157,8162,8171,8176,8176,8136,8134,8136,8077,4.273382663726807,sil,False
38,8120,8119,8141,8113,8142,8154,8159,8170,8175,8164,8133,8142,8140,8075,4.273382663726807,sil,False
39,8145,8144,8167,8128,8149,8158,8162,8178,8175,8157,8153,8173,8161,8098,4.289100408554077,sil,False
40,8167,8168,8171,8153,8160,8154,8156,8166,8173,8159,8182,8185,8176,8102,4.289100408554077,sil,False
41,8156,8153,8178,8130,8149,8142,8128,8150,8145,8135,8162,8185,8145,8081,4.304780244827271,sil,False
42,8126,8143,8154,8124,8135,8141,8121,8146,8131,8114,8139,8152,8118,8049,4.304780244827271,sil,False
43,8132,8146,8155,8145,8142,8145,8130,8145,8140,8117,8155,8152,8127,8047,4.32007908821106,sil,False
44,8149,8146,8183,8144,8158,8161,8146,8160,8151,8134,8163,8177,8135,8067,4.32007908821106,sil,False
45,8128,8141,8164,8156,8170,8185,8169,8157,8165,8151,8157,8149,8128,8067,4.33547306060791,sil,False
46,8111,8131,8160,8158,8167,8202,8174,8156,8170,8157,8142,8132,8108,8071,4.33547306060791,sil,False
47,8114,8119,8150,8144,8160,8200,8185,8175,8185,8180,8138,8131,8113,8081,4.35074782371521,sil,False
48,8119,8114,8135,8131,8151,8178,8190,8171,8193,8186,8143,8133,8129,8085,4.35074782371521,sil,False
49,8120,8116,8124,8131,8143,8169,8176,8162,8181,8161,8139,8130,8128,8083,4.36595892906189,sil,False
50,8118,8108,8110,8126,8144,8165,8156,8163,8171,8147,8146,8130,8130,8073,4.36595892906189,sil,False
51,8120,8123,8139,8122,8142,8150,8140,8158,8156,8136,8168,8155,8138,8068,4.381182432174683,hello,True
52,8123,8154,8144,8149,8147,8165,8149,8153,8160,8141,8176,8144,8137,8069,4.38153886795044,hello,True
53,8113,8149,8139,8154,8153,8193,8167,8152,8160,8160,8151,8124,8115,8076,4.396204233169556,hello,True
54,8096,8122,8135,8138,8145,8195,8178,8159,8159,8168,8128,8119,8106,8075,4.396204233169556,hello,True
55,8113,8113,8117,8136,8137,8183,8176,8168,8178,8174,8144,8127,8132,8084,4.411735534667969,hello,True
56,8151,8143,8150,8137,8139,8175,8156,8173,8189,8185,8186,8175,8165,8112,4.411735534667969,hello,True
57,8162,8165,8163,8146,8141,8173,8152,8178,8195,8196,8215,8192,8191,8112,4.427757978439331,hello,True
58,8163,8162,8161,8147,8140,8169,8158,8172,8192,8187,8215,8190,8195,8101,4.427757978439331,hello,True
59,8167,8164,8178,8142,8141,8166,8152,8163,8176,8163,8206,8191,8177,8101,4.443413972854614,hello,True
60,8155,8164,8163,8150,8137,8162,8144,8152,8162,8164,8196,8163,8158,8087,4.443413972854614,hello,True
61,8148,8173,8172,8161,8139,8165,8147,8148,8150,8157,8185,8160,8150,8084,4.458512783050537,hello,True
62,8166,8197,8200,8186,8166,8190,8173,8168,8165,8152,8196,8183,8168,8111,4.474088668823242,hello,True
63,8178,8193,8196,8203,8172,8201,8185,8160,8179,8168,8204,8184,8177,8113,4.474088668823242,hello,True
64,8159,8165,8186,8180,8146,8191,8168,8143,8152,8164,8170,8160,8142,8090,4.489142179489136,hello,True
65,8150,8159,8171,8176,8146,8201,8183,8163,8158,8164,8165,8139,8139,8095,4.489142179489136,hello,True
66,8160,8147,8172,8163,8146,8212,8198,8178,8186,8178,8182,8158,8160,8119,4.504228830337524,hello,True
67,8154,8132,8168,8137,8132,8203,8183,8175,8177,8181,8155,8159,8141,8109,4.504228830337524,hello,True
68,8146,8145,8156,8162,8139,8185,8169,8154,8166,8164,8136,8147,8128,8087,4.519761562347412,hello,True
69,8166,8166,8171,8187,8149,8171,8147,8143,8155,8133,8162,8178,8148,8090,4.519761562347412,hello,True
70,8182,8179,8172,8178,8150,8165,8137,8140,8142,8124,8198,8193,8173,8087,4.535118103027344,hello,True
71,8172,8179,8176,8166,8152,8153,8134,8135,8128,8119,8193,8188,8173,8079,4.535118103027344,hello,True
72,8168,8180,8182,8170,8155,8147,8129,8152,8128,8118,8168,8185,8160,8080,4.5502541065216064,hello,True
73,8177,8200,8185,8195,8158,8158,8129,8157,8138,8127,8184,8184,8158,8080,4.5502541065216064,hello,True
74,8169,8226,8202,8204,8154,8166,8122,8144,8129,8112,8195,8191,8152,8082,4.565894842147827,hello,True
75,8156,8226,8187,8193,8153,8170,8124,8145,8125,8110,8180,8182,8145,8079,4.565894842147827,hello,True
76,8164,8209,8187,8195,8153,8170,8135,8142,8134,8131,8175,8182,8144,8078,4.581143379211426,hello,True
77,8164,8206,8198,8207,8148,8167,8136,8143,8128,8138,8176,8175,8142,8088,4.581143379211426,hello,True
78,8144,8200,8177,8209,8145,8173,8135,8142,8119,8138,8169,8153,8140,8080,4.5961081981658936,hello,True
79,8140,8193,8186,8200,8147,8184,8142,8145,8119,8136,8159,8164,8131,8075,4.5961081981658936,hello,True
80,8154,8199,8198,8214,8152,8194,8165,8153,8127,8134,8167,8168,8138,8084,4.611729621887207,hello,True
81,8167,8197,8176,8232,8152,8186,8165,8141,8132,8137,8181,8158,8156,8086,4.611729621887207,hello,True
82,8165,8183,8170,8201,8141,8165,8143,8159,8130,8130,8170,8170,8154,8097,4.627813816070557,hello,True
83,8163,8185,8183,8193,8140,8164,8156,8192,8164,8145,8177,8195,8172,8115,4.627813816070557,hello,True
84,8177,8194,8186,8215,8148,8176,8182,8188,8199,8177,8200,8201,8196,8119,4.643050670623779,hello,True
85,8191,8195,8179,8201,8145,8169,8168,8190,8189,8175,8192,8191,8187,8116,4.643050670623779,hello,True
86,8194,8187,8178,8176,8137,8146,8139,8184,8179,8162,8185,8202,8185,8113,4.658099889755249,hello,True
87,8190,8174,8169,8164,8135,8126,8118,8166,8169,8146,8190,8204,8184,8100,4.658099889755249,hello,True
88,8181,8171,8160,8162,8133,8128,8107,8153,8154,8132,8195,8186,8169,8082,4.673337936401367,hello,True
89,8171,8176,8172,8159,8135,8141,8107,8143,8150,8126,8186,8181,8150,8078,4.673337936401367,hello,True
90,8164,8163,8164,8150,8136,8142,8110,8146,8144,8112,8153,8162,8129,8068,4.688937664031982,hello,True
91,8156,8152,8164,8141,8133,8136,8112,8145,8128,8090,8131,8148,8107,8050,4.688937664031982,hello,True
92,8140,8157,8173,8149,8141,8149,8124,8148,8129,8086,8131,8145,8095,8046,4.7044358253479,hello,True
93,8133,8146,8152,8163,8147,8168,8145,8148,8146,8113,8132,8130,8101,8051,4.7044358253479,hello,True
94,8134,8129,8169,8135,8128,8174,8143,8149,8130,8105,8105,8136,8086,8055,4.720005512237549,hello,True
95,8125,8132,8159,8141,8129,8177,8153,8156,8138,8106,8096,8125,8083,8050,4.720005512237549,hello,True
96,8123,8126,8137,8171,8142,8175,8165,8149,8167,8132,8116,8116,8104,8056,4.735015392303467,hello,True
97,8138,8127,8167,8151,8127,8172,8158,8165,8170,8130,8110,8136,8110,8075,4.750045537948608,hello,True
98,8149,8136,8143,8135,8112,8169,8165,8178,8192,8139,8109,8127,8119,8070,4.750045537948608,hello,True
99,8163,8138,8147,8131,8122,8160,8167,8182,8213,8153,8130,8148,8127,8082,4.750045537948608,hello,True
100,8174,8147,8169,8139,8140,8172,8176,8191,8222,8157,8145,8168,8141,8095,4.766314506530762,hello,True
101,8166,8148,8142,8140,8135,8169,8174,8175,8221,8144,8132,8149,8147,8078,4.766314506530762,hello,True
102,8168,8150,8147,8118,8120,8151,8147,8170,8204,8122,8122,8157,8139,8074,4.780467748641968,hello,True
103,8182,8172,8161,8139,8140,8167,8157,8173,8210,8141,8157,8166,8154,8084,4.796056509017944,hello,True
104,8179,8180,8175,8167,8162,8186,8175,8169,8207,8159,8169,8167,8152,8091,4.796056509017944,hello,True
105,8147,8163,8166,8155,8149,8192,8176,8167,8187,8151,8130,8139,8123,8074,4.810892820358276,hello,True
106,8132,8150,8142,8148,8144,8198,8182,8153,8191,8143,8106,8108,8121,8059,4.810892820358276,hello,True
107,8147,8154,8151,8148,8153,8201,8186,8161,8201,8141,8113,8126,8133,8079,4.826061010360718,sil,False
108,8140,8152,8142,8139,8146,8204,8189,8184,8202,8153,8121,8134,8132,8088,4.826061010360718,sil,False
109,8120,8136,8126,8122,8137,8200,8189,8171,8201,8163,8113,8120,8126,8070,4.841712236404419,sil,False
110,8118,8125,8118,8117,8140,8189,8179,8168,8207,8158,8106,8111,8128,8069,4.841712236404419,sil,False
111,8136,8139,8121,8125,8145,8179,8165,8180,8223,8161,8130,8132,8149,8078,4.85723090171814,sil,False
112,8150,8156,8139,8127,8139,8161,8155,8176,8226,8161,8152,8165,8164,8077,4.85723090171814,sil,False
113,8152,8155,8133,8135,8135,8152,8158,8177,8226,8159,8157,8164,8169,8075,4.872779130935669,sil,False
114,8152,8158,8137,8137,8139,8150,8155,8175,8221,8158,8160,8159,8172,8077,4.872779130935669,sil,False
115,8143,8166,8134,8122,8139,8155,8150,8169,8212,8146,8155,8146,8167,8063,4.887991905212402,sil,False
116,8145,8164,8125,8125,8139,8163,8159,8159,8206,8140,8156,8134,8162,8047,4.887991905212402,sil,False
117,8160,8170,8159,8153,8147,8171,8170,8163,8196,8145,8157,8147,8157,8066,4.903949975967407,sil,False
118,8154,8172,8149,8180,8170,8185,8190,8168,8209,8160,8149,8128,8151,8076,4.903949975967407,sil,False
119,8130,8148,8130,8161,8160,8182,8188,8152,8205,8153,8125,8107,8125,8058,4.919029235839844,sil,False
120,8122,8134,8133,8140,8136,8179,8176,8152,8183,8138,8105,8103,8105,8042,4.919029235839844,sil,False
121,8121,8129,8113,8147,8147,8183,8187,8160,8195,8147,8101,8091,8111,8042,4.934831142425537,sil,False
122,8113,8118,8113,8126,8151,8185,8192,8172,8216,8156,8091,8100,8105,8051,4.934831142425537,sil,False
123,8118,8118,8100,8114,8137,8176,8192,8181,8227,8167,8109,8112,8124,8052,4.949986219406128,sil,False
124,8133,8125,8105,8111,8124,8151,8167,8164,8212,8144,8139,8130,8144,8052,4.949986219406128,sil,False
125,8131,8139,8138,8111,8127,8152,8146,8157,8192,8119,8139,8139,8134,8054,4.964734315872192,sil,False
126,8142,8164,8147,8161,8160,8179,8170,8166,8209,8157,8147,8134,8146,8067,4.964734315872192,sil,False
127,8162,8177,8177,8192,8185,8192,8180,8171,8210,8176,8154,8157,8156,8094,4.98104453086853,sil,False
237,8143,8151,8163,8170,8170,8185,8164,8162,8192,8153,8134,8134,8133,8087,4.98104453086853,sil,False
0,8126,8123,8122,8153,8145,8173,8163,8152,8200,8147,8123,8107,8125,8076,4.996700286865234,sil,False
1,8147,8134,8134,8161,8156,8167,8171,8173,8223,8164,8136,8136,8146,8094,4.996700286865234,sil,False
2,8151,8133,8128,8159,8170,8164,8169,8181,8226,8178,8139,8141,8153,8094,5.011735916137695,sil,False
3,8135,8103,8114,8130,8147,8152,8159,8157,8205,8164,8121,8129,8138,8081,5.011735916137695,sil,False
4,8136,8101,8122,8117,8130,8146,8149,8158,8192,8146,8125,8137,8135,8086,5.027825117111206,sil,False
5,8144,8115,8127,8133,8142,8149,8141,8159,8194,8142,8150,8153,8150,8086,5.027825117111206,sil,False
6,8145,8112,8128,8131,8150,8145,8140,8156,8181,8139,8154,8157,8153,8081,5.043935775756836,sil,False
7,8155,8121,8135,8128,8142,8146,8150,8166,8171,8138,8156,8157,8152,8080,5.043935775756836,sil,False
8,8168,8137,8157,8153,8150,8152,8163,8152,8174,8141,8176,8168,8160,8076,5.058676958084106,sil,False
9,8172,8143,8164,8170,8162,8154,8165,8149,8163,8133,8179,8167,8152,8085,5.058676958084106,sil,False
10,8164,8146,8163,8164,8154,8151,8153,8148,8148,8125,8164,8158,8134,8079,5.073706388473511,sil,False
11,8150,8132,8155,8160,8142,8146,8142,8137,8151,8128,8152,8142,8124,8061,5.073706388473511,sil,False
12,8141,8117,8147,8165,8142,8161,8160,8149,8166,8142,8144,8132,8123,8071,5.088841676712036,sil,False
13,8141,8113,8150,8168,8149,8179,8184,8163,8179,8158,8139,8146,8125,8094,5.088841676712036,sil,False
14,8138,8108,8139,8158,8152,8175,8180,8172,8186,8162,8130,8151,8125,8103,5.1040027141571045,sil,False
15,8139,8108,8130,8145,8149,8164,8175,8174,8201,8179,8141,8152,8141,8103,5.120097160339356,sil,False
16,8143,8106,8131,8128,8141,8157,8169,8175,8205,8184,8155,8160,8155,8105,5.120097160339356,sil,False
17,8154,8107,8124,8128,8142,8151,8158,8180,8195,8163,8156,8164,8162,8101,5.1371660232543945,sil,False
18,8163,8121,8136,8138,8151,8149,8147,8164,8184,8146,8166,8178,8165,8092,5.1371660232543945,sil,False
19,8155,8141,8140,8139,8150,8150,8135,8148,8171,8137,8169,8174,8150,8083,5.1371660232543945,sil,False
20,8155,8146,8146,8163,8149,8153,8136,8142,8164,8142,8165,8162,8138,8084,5.15175986289978,sil,False
21,8167,8138,8165,8178,8151,8162,8152,8156,8171,8158,8152,8157,8133,8100,5.15175986289978,sil,False
22,8156,8130,8135,8166,8150,8165,8171,8174,8196,8178,8145,8141,8142,8099,5.1673784255981445,sil,False
23,8140,8116,8122,8142,8142,8148,8155,8176,8204,8169,8150,8157,8148,8095,5.182947635650635,sil,False
24,8140,8113,8132,8134,8140,8143,8140,8179,8196,8147,8152,8164,8141,8085,5.182947635650635,sil,False
25,8158,8130,8120,8155,8147,8148,8151,8170,8205,8156,8165,8148,8151,8072,5.198139905929565,sil,False
26,8184,8152,8161,8160,8155,8144,8138,8171,8196,8159,8180,8193,8169,8091,5.198139905929565,sil,False
27,8185,8155,8165,8165,8163,8145,8131,8170,8185,8154,8194,8202,8187,8094,5.214121341705322,sil,False
28,8165,8142,8150,8167,8162,8144,8138,8148,8172,8140,8184,8165,8170,8081,5.214121341705322,sil,False
29,8155,8145,8168,8170,8161,8161,8156,8156,8169,8146,8156,8156,8144,8088,5.231140375137329,sil,False
30,8152,8126,8138,8167,8160,8181,8181,8166,8200,8180,8151,8152,8156,8090,5.231140375137329,sil,False
31,8159,8101,8133,8130,8149,8164,8171,8173,8217,8176,8153,8172,8167,8103,5.231140375137329,sil,False
32,8172,8116,8143,8128,8154,8153,8168,8180,8224,8162,8163,8184,8179,8111,5.245666027069092,sil,False
33,8179,8131,8142,8152,8170,8156,8165,8159,8216,8156,8173,8183,8181,8096,5.261740446090698,sil,False
34,8171,8136,8163,8154,8171,8153,8141,8155,8184,8142,8164,8178,8158,8085,5.261740446090698,sil,False
35,8165,8148,8170,8166,8170,8160,8138,8157,8175,8152,8154,8155,8147,8083,5.277163505554199,sil,False
36,8162,8158,8173,8175,8170,8179,8153,8155,8180,8161,8142,8148,8140,8080,5.277163505554199,sil,False
37,8156,8144,8164,8174,8168,8190,8165,8176,8187,8166,8140,8145,8138,8082,5.293193101882935,sil,False
38,8155,8131,8152,8167,8162,8181,8167,8179,8199,8181,8148,8149,8157,8090,5.293193101882935,sil,False
39,8158,8133,8137,8142,8150,8164,8160,8171,8200,8174,8140,8154,8161,8093,5.308765172958374,sil,False
40,8149,8127,8118,8124,8137,8146,8143,8171,8194,8154,8138,8147,8152,8080,5.308765172958374,sil,False
41,8150,8122,8134,8127,8140,8136,8130,8171,8190,8147,8155,8165,8165,8077,5.323939085006714,sil,False
42,8173,8132,8146,8138,8162,8143,8143,8183,8192,8157,8175,8189,8190,8089,5.323939085006714,sil,False
43,8182,8140,8139,8148,8173,8145,8150,8169,8196,8167,8194,8190,8196,8081,5.341646671295166,sil,False
44,8160,8136,8155,8132,8158,8128,8123,8150,8166,8150,8173,8173,8161,8066,5.341646671295166,sil,False
45,8152,8154,8186,8143,8164,8153,8136,8166,8155,8148,8150,8168,8151,8074,5.355173349380493,sil,False
46,8164,8168,8143,8209,8199,8203,8205,8148,8215,8209,8189,8154,8196,8075,5.355173349380493,sil,False
47,8160,8149,8141,8170,8178,8186,8179,8162,8196,8186,8158,8153,8166,8100,5.370721817016602,sil,False
48,8146,8158,8201,8139,8153,8183,8157,8204,8185,8164,8126,8177,8148,8108,5.370721817016602,sil,False
49,8143,8142,8091,8196,8178,8189,8212,8163,8268,8239,8180,8119,8219,8058,5.386085748672485,sil,False
50,8156,8113,8114,8103,8151,8144,8152,8181,8198,8169,8142,8151,8170,8092,5.386085748672485,sil,False
51,8159,8147,8187,8102,8144,8166,8141,8192,8175,8141,8151,8202,8169,8094,5.401112079620361,sil,False
52,8157,8134,8053,8192,8177,8165,8174,8118,8239,8202,8203,8119,8228,8044,5.401112079620361,sil,False
53,8171,8146,8221,8070,8140,8130,8081,8202,8118,8085,8118,8215,8127,8117,5.416329383850098,sil,False
54,8164,8215,8298,8118,8150,8195,8133,8230,8141,8113,8146,8240,8147,8091,5.416329383850098,sil,False
55,8155,8173,8087,8240,8190,8192,8207,8128,8236,8212,8204,8094,8211,8014,5.431808471679688,sil,False
56,8155,8141,8146,8165,8169,8162,8158,8155,8171,8150,8129,8126,8136,8072,5.431808471679688,sil,False
57,8132,8153,8178,8151,8167,8202,8185,8198,8195,8174,8115,8140,8136,8090,5.447083473205566,sil,False
58,8140,8134,8106,8174,8173,8192,8208,8188,8249,8222,8151,8117,8184,8083,5.447083473205566,sil,False
59,8176,8142,8129,8158,8159,8155,8166,8180,8226,8185,8169,8162,8202,8100,5.46221399307251,sil,False
60,8178,8163,8148,8160,8153,8143,8135,8162,8182,8145,8172,8172,8187,8087,5.46221399307251,sil,False
61,8163,8168,8156,8187,8163,8159,8150,8147,8170,8153,8163,8148,8158,8069,5.477861881256104,sil,False
62,8161,8149,8152,8193,8171,8182,8178,8162,8188,8176,8144,8124,8146,8083,5.477861881256104,sil,False
63,8168,8137,8146,8172,8159,8178,8176,8174,8195,8177,8142,8135,8159,8098,5.493051767349243,sil,False
64,8197,8153,8144,8180,8157,8143,8161,8156,8191,8170,8181,8172,8192,8098,5.493051767349243,sil,False
65,8236,8193,8192,8204,8175,8133,8146,8168,8160,8138,8208,8217,8197,8119,5.509142637252808,sil,False
66,8226,8223,8222,8249,8198,8169,8170,8154,8161,8152,8224,8209,8200,8117,5.509142637252808,sil,False
67,8195,8201,8206,8245,8190,8180,8180,8145,8168,8179,8203,8175,8184,8113,5.524798154830933,sil,False
68,8203,8181,8202,8228,8169,8177,8173,8176,8177,8187,8199,8199,8189,8134,5.524798154830933,sil,False
69,8227,8179,8191,8248,8168,8161,8170,8176,8206,8198,8248,8230,8238,8138,5.540031909942627,sil,False
70,8230,8186,8209,8234,8165,8133,8147,8180,8183,8172,8264,8246,8242,8136,5.540031909942627,sil,False
71,8216,8195,8212,8245,8167,8138,8138,8160,8164,8161,8270,8241,8233,8111,5.555160045623779,sil,False
72,8205,8195,8209,8253,8160,8139,8124,8139,8149,8149,8270,8234,8225,8103,5.555160045623779,sil,False
73,8200,8207,8230,8251,8154,8149,8133,8154,8149,8157,8263,8239,8222,8122,5.570834875106812,sil,False
74,8183,8197,8195,8265,8163,8165,8158,8139,8166,8190,8245,8208,8210,8112,5.570834875106812,sil,False
75,8162,8170,8170,8241,8151,8160,8147,8140,8131,8148,8196,8178,8162,8100,5.586049556732178,sil,False
76,8165,8166,8168,8236,8141,8160,8164,8146,8137,8136,8192,8180,8175,8111,5.586049556732178,sil,False
77,8187,8163,8155,8220,8142,8152,8173,8159,8169,8178,8195,8192,8203,8152,5.601779937744141,sil,False
78,8194,8173,8164,8196,8143,8146,8157,8187,8181,8198,8209,8203,8207,8160,5.601779937744141,sil,False
79,8195,8177,8159,8212,8154,8140,8162,8176,8199,8193,8264,8192,8227,8111,5.617351531982422,sil,False
80,8201,8172,8159,8192,8158,8134,8147,8174,8169,8146,8249,8190,8209,8097,5.617351531982422,sil,False
81,8188,8182,8155,8180,8159,8145,8133,8162,8154,8133,8215,8181,8187,8093,5.633108139038086,sil,False
82,8167,8185,8144,8182,8157,8136,8132,8145,8154,8137,8204,8154,8173,8083,5.633108139038086,sil,False
83,8165,8206,8171,8193,8164,8136,8141,8163,8143,8138,8200,8162,8162,8090,5.648678302764893,sil,False
84,8169,8222,8169,8233,8188,8158,8168,8154,8163,8172,8218,8161,8177,8093,5.648678302764893,sil,False
85,8162,8198,8166,8209,8182,8164,8166,8165,8158,8159,8190,8144,8160,8112,5.664133787155151,sil,False
86,8151,8178,8149,8192,8171,8177,8188,8170,8176,8174,8165,8130,8158,8110,5.6797356605529785,sil,False
87,8154,8164,8112,8190,8169,8178,8204,8170,8213,8215,8165,8123,8171,8100,5.6797356605529785,sil,False
88,8163,8169,8145,8153,8157,8166,8177,8213,8201,8189,8155,8147,8162,8120,5.694970846176148,sil,False
89,8154,8169,8116,8159,8156,8151,8171,8186,8205,8180,8181,8136,8188,8092,5.694970846176148,sil,False
90,8145,8149,8086,8143,8146,8117,8142,8157,8170,8148,8171,8129,8174,8071,5.710158109664917,sil,False
91,8154,8170,8133,8142,8150,8129,8137,8169,8140,8118,8163,8154,8155,8074,5.710158109664917,sil,False
92,8165,8186,8135,8172,8171,8149,8157,8155,8153,8132,8183,8144,8164,8065,5.726091146469116,sil,False
93,8165,8185,8144,8165,8168,8150,8159,8168,8151,8135,8170,8145,8143,8077,5.726091146469116,sil,False
94,8163,8187,8150,8180,8163,8165,8187,8169,8163,8147,8160,8141,8141,8080,5.741559982299805,sil,False
95,8162,8174,8152,8176,8159,8165,8189,8172,8152,8137,8139,8123,8136,8087,5.741559982299805,sil,False
96,8156,8158,8122,8180,8165,8168,8192,8165,8178,8170,8155,8106,8156,8083,5.7571985721588135,sil,False
97,8159,8152,8133,8164,8164,8162,8180,8175,8189,8183,8150,8130,8154,8104,5.7571985721588135,sil,False
98,8162,8171,8132,8177,8163,8171,8195,8187,8207,8196,8158,8139,8172,8107,5.772982358932495,sil,False
99,8164,8146,8111,8153,8145,8131,8163,8162,8189,8171,8157,8130,8169,8099,5.772982358932495,sil,False
100,8166,8169,8250,8071,8114,8115,8094,8225,8103,8076,8103,8208,8108,8135,5.788118839263916,sil,False
101,8157,8205,8119,8203,8162,8175,8199,8169,8222,8189,8188,8127,8213,8059,5.788118839263916,sil,False
102,8172,8157,8045,8192,8168,8131,8182,8121,8211,8183,8189,8099,8209,8059,5.804033994674683,sil,False
103,8187,8188,8219,8112,8146,8122,8122,8196,8108,8083,8138,8196,8132,8117,5.804033994674683,sil,False
104,8167,8199,8165,8194,8171,8154,8185,8153,8165,8152,8177,8137,8180,8072,5.819132328033447,sil,False
105,8154,8166,8163,8166,8160,8154,8177,8154,8144,8147,8134,8129,8152,8097,5.819132328033447,sil,False
106,8158,8179,8169,8177,8160,8184,8188,8168,8156,8158,8147,8137,8155,8106,5.835036516189575,sil,False
107,8167,8176,8153,8181,8167,8165,8181,8157,8169,8166,8168,8142,8174,8106,5.835036516189575,sil,False
108,8165,8182,8175,8153,8161,8153,8169,8184,8166,8177,8167,8172,8191,8127,5.850180864334106,sil,False
109,8166,8180,8145,8164,8159,8145,8174,8166,8184,8208,8191,8167,8218,8120,5.850180864334106,sil,False
110,8183,8195,8171,8154,8151,8129,8153,8176,8161,8178,8180,8183,8199,8128,5.865588903427124,sil,False
111,8198,8217,8171,8177,8166,8132,8162,8187,8177,8184,8192,8178,8208,8126,5.865588903427124,sil,False
112,8204,8214,8184,8184,8173,8124,8153,8175,8174,8171,8206,8189,8204,8123,5.881697177886963,sil,False
113,8190,8215,8186,8181,8165,8121,8141,8165,8143,8140,8200,8190,8189,8102,5.881697177886963,sil,False
114,8176,8209,8164,8174,8167,8122,8134,8147,8130,8145,8199,8175,8180,8082,5.897139549255371,sil,False
115,8178,8202,8175,8165,8168,8128,8128,8155,8133,8149,8196,8182,8170,8088,5.897139549255371,sil,False
116,8178,8211,8181,8186,8170,8143,8147,8164,8143,8149,8194,8181,8180,8097,5.913052320480347,sil,False
117,8182,8228,8202,8198,8178,8157,8156,8156,8135,8153,8196,8182,8183,8107,5.913052320480347,sil,False
118,8182,8230,8199,8191,8179,8168,8156,8155,8136,8165,8197,8163,8175,8095,5.928643465042114,sil,False
119,8169,8206,8179,8171,8165,8164,8167,8156,8151,8171,8188,8150,8170,8084,5.928643465042114,sil,False
120,8156,8198,8180,8164,8160,8166,8182,8175,8161,8178,8167,8156,8160,8103,5.944055557250977,sil,False
121,8157,8202,8165,8182,8170,8184,8198,8192,8183,8205,8158,8148,8159,8115,5.944055557250977,sil,False
122,8163,8197,8158,8160,8161,8170,8187,8183,8178,8198,8151,8157,8165,8103,5.960143804550171,sil,False
123,8169,8199,8151,8132,8153,8144,8164,8168,8151,8159,8155,8161,8166,8086,5.960143804550171,sil,False
124,8179,8215,8160,8155,8173,8153,8158,8156,8149,8148,8168,8159,8153,8081,5.975737810134888,sil,False
125,8173,8228,8180,8174,8186,8173,8167,8164,8156,8154,8161,8154,8141,8080,5.975737810134888,sil,False
126,8159,8226,8157,8172,8180,8179,8177,8166,8161,8153,8160,8125,8152,8073,5.991707801818848,sil,False
127,8156,8219,8155,8175,8173,8183,8171,8154,8159,8150,8156,8126,8157,8080,5.991707801818848,sil,False
237,8149,8214,8146,8180,8165,8186,8172,8163,8163,8176,8136,8127,8149,8085,6.006802797317505,sil,False
0,8129,8205,8123,8175,8155,8181,8173,8162,8168,8196,8122,8109,8140,8069,6.006802797317505,sil,False
1,8121,8200,8135,8164,8158,8180,8172,8156,8164,8183,8114,8101,8129,8064,6.026986837387085,sil,False
2,8132,8193,8123,8168,8172,8189,8193,8169,8180,8189,8124,8103,8143,8076,6.026986837387085,sil,False
3,8141,8185,8122,8158,8172,8190,8194,8180,8184,8190,8136,8125,8159,8093,6.026986837387085,sil,False
4,8144,8181,8127,8144,8160,8184,8180,8191,8181,8186,8137,8128,8160,8098,6.038048267364502,sil,False
5,8157,8186,8119,8143,8156,8171,8177,8189,8197,8199,8146,8131,8169,8100,6.053694009780884,sil,False
6,8164,8192,8127,8133,8151,8160,8161,8172,8182,8185,8152,8154,8169,8099,6.053694009780884,sil,False
7,8156,8194,8123,8139,8154,8157,8146,8159,8154,8163,8161,8146,8166,8082,6.068796157836914,sil,False
8,8169,8200,8150,8156,8166,8157,8145,8163,8155,8162,8175,8158,8176,8087,6.068796157836914,sil,False
9,8183,8211,8170,8163,8172,8164,8152,8176,8170,8169,8186,8175,8186,8101,6.083944320678711,sil,False
10,8171,8211,8160,8167,8174,8170,8157,8164,8167,8165,8179,8154,8170,8091,6.083944320678711,sil,False
11,8169,8209,8185,8172,8174,8175,8154,8157,8152,8159,8161,8148,8139,8084,6.100170850753784,sil,False
12,8178,8212,8190,8191,8184,8187,8163,8167,8159,8174,8166,8150,8139,8086,6.100170850753784,sil,False
13,8172,8207,8185,8198,8192,8196,8177,8159,8159,8176,8167,8152,8139,8088,6.115994930267334,sil,False
14,8155,8185,8175,8181,8185,8200,8190,8165,8160,8173,8140,8140,8132,8094,6.115994930267334,sil,False
15,8142,8156,8136,8151,8165,8195,8196,8179,8182,8192,8127,8120,8148,8100,6.1310765743255615,sil,False
16,8141,8152,8137,8126,8154,8179,8184,8178,8188,8193,8131,8130,8152,8098,6.1310765743255615,sil,False
17,8149,8156,8150,8135,8161,8175,8177,8173,8184,8182,8142,8130,8150,8096,6.146299839019775,sil,False
18,8162,8150,8155,8139,8158,8174,8168,8163,8175,8177,8162,8135,8166,8098,6.146299839019775,sil,False
19,8167,8164,8165,8130,8159,8172,8148,8165,8153,8164,8178,8149,8175,8095,6.162081956863403,sil,False
20,8166,8185,8174,8148,8178,8172,8141,8156,8145,8155,8186,8147,8167,8084,6.162081956863403,sil,False
21,8163,8191,8200,8167,8190,8182,8152,8146,8144,8159,8182,8154,8152,8087,6.178142309188843,sil,False
22,8162,8192,8191,8176,8192,8203,8180,8163,8162,8183,8178,8147,8150,8092,6.178142309188843,sil,False
23,8167,8185,8180,8184,8191,8215,8195,8173,8180,8197,8176,8140,8160,8094,6.1941540241241455,sil,False
24,8156,8166,8175,8176,8181,8208,8187,8173,8172,8189,8161,8134,8161,8101,6.1941540241241455,sil,False
25,8147,8151,8142,8160,8169,8194,8179,8170,8173,8195,8160,8129,8164,8108,6.209810018539429,sil,False
26,8170,8155,8158,8147,8162,8181,8170,8179,8184,8201,8179,8164,8183,8120,6.209810018539429,sil,False
27,8190,8162,8171,8158,8163,8177,8166,8192,8189,8197,8190,8178,8206,8119,6.225831985473633,sil,False
28,8195,8160,8167,8167,8177,8170,8159,8182,8187,8191,8187,8178,8209,8115,6.225831985473633,sil,False
29,8203,8167,8182,8155,8187,8163,8155,8183,8192,8192,8192,8198,8201,8124,6.241139888763428,sil,False
30,8202,8181,8182,8161,8189,8169,8166,8177,8187,8190,8206,8195,8194,8107,6.241139888763428,sil,False
31,8188,8190,8193,8177,8188,8177,8159,8148,8140,8148,8185,8178,8152,8078,6.256220102310181,sil,False
32,8176,8193,8186,8186,8188,8179,8154,8146,8118,8122,8152,8152,8122,8067,6.256220102310181,sil,False
33,8169,8183,8176,8183,8187,8182,8168,8157,8142,8141,8156,8148,8136,8078,6.27176308631897,sil,False
34,8163,8169,8189,8170,8176,8190,8173,8159,8149,8144,8158,8153,8138,8085,6.27176308631897,sil,False
35,8157,8165,8176,8179,8176,8203,8187,8160,8149,8135,8152,8135,8132,8087,6.286871671676636,sil,False
36,8165,8165,8176,8178,8181,8204,8209,8167,8168,8152,8158,8147,8149,8108,6.286871671676636,sil,False
37,8178,8163,8169,8163,8176,8196,8207,8177,8191,8171,8159,8161,8166,8115,6.302135944366455,sil,False
38,8178,8155,8147,8148,8172,8180,8185,8168,8191,8160,8151,8156,8164,8103,6.317649126052856,sil,False
39,8179,8157,8158,8141,8173,8176,8184,8174,8184,8147,8158,8164,8164,8111,6.317649126052856,sil,False
40,8197,8178,8165,8163,8187,8190,8207,8196,8209,8166,8188,8176,8188,8119,6.332797288894653,hello,True
41,8208,8186,8175,8169,8187,8183,8187,8188,8208,8160,8208,8206,8190,8111,6.332797288894653,hello,True
42,8194,8184,8173,8156,8174,8169,8159,8170,8171,8134,8211,8210,8178,8102,6.348884344100952,hello,True
43,8185,8182,8172,8165,8176,8176,8169,8156,8160,8135,8207,8189,8177,8099,6.348884344100952,hello,True
44,8180,8180,8191,8170,8181,8184,8175,8157,8162,8127,8193,8188,8162,8099,6.363558292388916,hello,True
45,8164,8174,8172,8173,8176,8187,8176,8163,8160,8123,8184,8171,8150,8087,6.363558292388916,hello,True
46,8161,8168,8170,8177,8172,8181,8181,8160,8158,8126,8172,8163,8142,8089,6.378708600997925,hello,True
47,8166,8165,8173,8174,8177,8187,8193,8167,8169,8131,8160,8165,8144,8107,6.378708600997925,hello,True
48,8162,8150,8147,8159,8167,8192,8191,8166,8173,8137,8159,8163,8152,8106,6.393999099731445,hello,True
49,8157,8138,8146,8129,8150,8183,8169,8159,8156,8120,8141,8165,8141,8094,6.393999099731445,hello,True
50,8161,8145,8142,8125,8159,8179,8172,8165,8158,8109,8141,8159,8145,8086,6.4101645946502686,hello,True
51,8182,8159,8158,8141,8164,8178,8176,8169,8163,8102,8169,8188,8169,8093,6.4101645946502686,hello,True
52,8199,8178,8179,8154,8166,8173,8162,8176,8152,8091,8180,8215,8182,8100,6.4261696338653564,hello,True
53,8202,8197,8179,8173,8179,8171,8159,8171,8156,8094,8191,8212,8186,8097,6.4261696338653564,hello,True
54,8203,8208,8208,8187,8193,8186,8167,8167,8164,8107,8206,8224,8190,8107,6.442211151123047,hello,True
55,8193,8199,8204,8190,8197,8200,8171,8172,8160,8116,8206,8207,8188,8111,6.442211151123047,hello,True
56,8174,8179,8185,8180,8187,8188,8156,8157,8148,8101,8190,8187,8169,8096,6.457412004470825,hello,True
57,8173,8177,8190,8185,8176,8190,8161,8159,8151,8093,8190,8192,8160,8093,6.457412004470825,hello,True
58,8177,8180,8185,8200,8181,8209,8198,8178,8179,8127,8206,8192,8185,8110,6.472995281219482,hello,True
59,8173,8172,8191,8189,8180,8209,8203,8183,8189,8157,8206,8201,8194,8124,6.472995281219482,hello,True
60,8179,8174,8189,8202,8172,8210,8197,8182,8197,8159,8198,8207,8188,8126,6.488662481307983,hello,True
61,8204,8187,8199,8226,8178,8212,8200,8180,8203,8147,8203,8225,8198,8133,6.488662481307983,hello,True
62,8211,8188,8205,8207,8186,8192,8182,8179,8187,8132,8204,8233,8200,8128,6.504043817520142,hello,True
63,8207,8188,8188,8195,8179,8166,8165,8165,8177,8125,8207,8219,8201,8114,6.504043817520142,hello,True
64,8221,8204,8207,8213,8181,8157,8160,8159,8167,8109,8211,8235,8208,8118,6.519891977310181,hello,True
65,8221,8214,8207,8228,8192,8165,8153,8157,8152,8093,8199,8233,8204,8109,6.519891977310181,hello,True
66,8206,8211,8197,8231,8190,8173,8145,8140,8132,8082,8193,8217,8190,8093,6.535121440887451,hello,True
67,8196,8214,8205,8242,8186,8177,8156,8143,8120,8067,8200,8209,8185,8091,6.535121440887451,hello,True
68,8197,8215,8194,8261,8201,8189,8181,8156,8133,8083,8210,8197,8188,8088,6.55064845085144,hello,True
69,8198,8212,8197,8255,8208,8201,8189,8160,8146,8113,8199,8200,8171,8093,6.55064845085144,hello,True
70,8188,8198,8173,8244,8200,8196,8190,8170,8162,8128,8177,8182,8168,8101,6.566701173782349,hello,True
71,8188,8183,8147,8231,8191,8174,8176,8166,8164,8114,8188,8180,8183,8101,6.566701173782349,hello,True
72,8207,8195,8170,8218,8192,8165,8152,8156,8131,8082,8209,8206,8186,8095,6.58186149597168,hello,True
73,8211,8213,8178,8234,8199,8171,8155,8147,8106,8071,8211,8188,8181,8088,6.58186149597168,hello,True
74,8197,8211,8191,8248,8205,8177,8174,8141,8111,8080,8193,8176,8167,8100,6.597968339920044,hello,True
75,8201,8197,8183,8245,8203,8183,8190,8162,8145,8104,8179,8189,8169,8118,6.597968339920044,hello,True
76,8223,8188,8169,8228,8188,8167,8177,8175,8160,8112,8190,8203,8192,8121,6.613139867782593,hello,True
77,8231,8195,8185,8212,8182,8148,8152,8170,8136,8090,8208,8220,8204,8126,6.613139867782593,hello,True
78,8217,8207,8183,8231,8194,8158,8146,8151,8116,8078,8217,8213,8188,8118,6.628227949142456,hello,True
79,8206,8206,8187,8254,8195,8175,8146,8136,8113,8082,8207,8207,8164,8113,6.628227949142456,hello,True
80,8213,8197,8180,8246,8192,8186,8165,8165,8133,8112,8204,8202,8171,8128,6.644019365310669,hello,True
81,8217,8180,8166,8213,8191,8171,8168,8184,8150,8127,8211,8211,8187,8137,6.644019365310669,hello,True
82,8213,8175,8174,8191,8176,8143,8142,8171,8137,8093,8209,8234,8186,8126,6.66021728515625,hello,True
83,8209,8181,8153,8196,8173,8142,8142,8162,8131,8082,8213,8218,8192,8108,6.66021728515625,hello,True
84,8210,8188,8157,8186,8185,8151,8145,8163,8134,8089,8224,8220,8196,8105,6.675833940505981,hello,True
85,8205,8194,8176,8178,8182,8151,8128,8163,8130,8082,8230,8229,8192,8108,6.675833940505981,hello,True
86,8192,8192,8169,8200,8179,8148,8125,8151,8131,8089,8223,8206,8191,8100,6.691027402877808,hello,True
87,8180,8191,8175,8206,8188,8155,8130,8153,8127,8098,8201,8187,8175,8094,6.691027402877808,hello,True
88,8170,8192,8165,8203,8200,8172,8141,8163,8131,8097,8194,8174,8163,8093,6.706559658050537,hello,True
89,8164,8181,8154,8202,8203,8182,8160,8157,8141,8095,8194,8175,8168,8093,6.706559658050537,hello,True
90,8155,8163,8143,8185,8199,8180,8176,8163,8145,8107,8169,8163,8163,8093,6.722097635269165,hello,True
91,8146,8154,8128,8172,8193,8173,8180,8165,8151,8117,8157,8148,8152,8092,6.722097635269165,hello,True
92,8152,8158,8143,8170,8188,8170,8170,8162,8154,8114,8161,8166,8151,8100,6.737233638763428,hello,True
93,8167,8159,8142,8174,8189,8165,8164,8172,8162,8126,8172,8172,8175,8105,6.737233638763428,hello,True
94,8185,8154,8144,8170,8190,8150,8150,8170,8161,8124,8189,8191,8201,8108,6.7529456615448,sil,False
95,8189,8154,8163,8162,8191,8145,8141,8171,8153,8103,8201,8214,8210,8109,6.7529456615448,sil,False
96,8187,8159,8159,8161,8189,8149,8143,8170,8151,8099,8203,8203,8208,8102,6.769049167633057,sil,False
97,8188,8163,8174,8160,8187,8147,8136,8159,8131,8081,8184,8194,8181,8097,6.769049167633057,sil,False
98,8178,8164,8172,8175,8192,8153,8147,8154,8122,8068,8169,8174,8164,8081,6.78472375869751,sil,False
99,8167,8161,8168,8186,8192,8164,8166,8152,8131,8084,8175,8174,8168,8076,6.78472375869751,sil,False
100,8167,8166,8180,8186,8186,8175,8176,8165,8141,8105,8179,8195,8167,8100,6.799801588058472,sil,False
101,8173,8166,8171,8199,8190,8189,8197,8173,8162,8127,8180,8188,8171,8110,6.799801588058472,sil,False
102,8166,8144,8171,8186,8185,8193,8200,8168,8165,8132,8168,8174,8167,8097,6.815004587173462,sil,False
103,8151,8131,8153,8166,8174,8183,8189,8176,8168,8134,8156,8161,8173,8092,6.831275701522827,sil,False
104,8170,8147,8153,8172,8176,8167,8188,8184,8188,8148,8178,8186,8212,8116,6.831275701522827,sil,False
105,8203,8170,8184,8177,8185,8161,8192,8187,8194,8147,8202,8225,8234,8133,6.846012115478516,sil,False
106,8201,8167,8164,8168,8188,8165,8181,8175,8185,8139,8198,8214,8228,8117,6.846012115478516,sil,False
107,8188,8161,8156,8156,8183,8165,8166,8166,8174,8131,8187,8210,8221,8106,6.861690521240234,sil,False
108,8184,8184,8169,8180,8192,8173,8181,8172,8174,8128,8197,8210,8220,8106,6.861690521240234,sil,False
109,8179,8189,8176,8204,8206,8174,8185,8155,8160,8111,8195,8202,8202,8097,6.877017021179199,sil,False
110,8173,8170,8181,8185,8200,8168,8167,8146,8131,8089,8172,8193,8181,8087,6.877017021179199,sil,False
111,8171,8175,8168,8185,8193,8176,8174,8152,8134,8102,8175,8175,8181,8080,6.893004179000855,sil,False
112,8164,8178,8169,8192,8192,8180,8177,8151,8145,8114,8166,8173,8168,8079,6.893004179000855,sil,False
113,8151,8155,8151,8175,8186,8180,8177,8154,8147,8118,8133,8152,8161,8075,6.908162832260132,sil,False
114,8145,8137,8127,8159,8178,8181,8190,8160,8162,8133,8142,8147,8181,8080,6.908162832260132,sil,False
115,8150,8141,8138,8148,8184,8184,8195,8179,8178,8136,8162,8170,8190,8093,6.924099683761597,sil,False
116,8160,8148,8136,8147,8193,8190,8202,8192,8193,8139,8155,8161,8190,8089,6.924099683761597,sil,False
117,8164,8150,8146,8145,8187,8178,8189,8182,8188,8134,8154,8166,8193,8087,6.940293312072754,sil,False
118,8160,8157,8150,8149,8185,8158,8164,8183,8178,8120,8183,8194,8206,8090,6.940293312072754,sil,False
119,8162,8170,8152,8167,8201,8161,8172,8180,8181,8128,8198,8201,8212,8090,6.955690622329712,sil,False
120,8161,8173,8177,8179,8209,8193,8199,8178,8181,8149,8182,8185,8188,8095,6.955690622329712,sil,False
121,8154,8155,8160,8181,8202,8216,8210,8182,8189,8151,8172,8164,8171,8094,6.971173286437988,sil,False
122,8161,8143,8154,8165,8193,8199,8199,8181,8198,8132,8171,8189,8183,8098,6.971173286437988,sil,False
123,8175,8149,8165,8157,8195,8184,8192,8193,8207,8145,8187,8213,8205,8109,6.9867637157440186,sil,False
124,8178,8154,8164,8171,8203,8176,8182,8192,8210,8169,8212,8216,8221,8115,6.9867637157440186,sil,False
125,8186,8166,8187,8176,8200,8169,8165,8180,8192,8149,8213,8241,8223,8121,7.001966953277588,sil,False
126,8192,8184,8182,8182,8202,8169,8170,8176,8190,8143,8215,8237,8233,8112,7.001966953277588,sil,False
127,8185,8181,8177,8180,8204,8164,8162,8160,8181,8142,8219,8218,8226,8097,7.018009901046753,sil,False
237,8169,8172,8181,8168,8196,8163,8157,8147,8155,8120,8192,8201,8193,8083,7.018009901046753,sil,False
0,8164,8172,8167,8176,8198,8177,8186,8150,8161,8121,8166,8187,8180,8082,7.033636808395386,sil,False
1,8166,8166,8169,8179,8207,8184,8198,8163,8163,8123,8156,8182,8170,8091,7.033636808395386,sil,False
2,8151,8151,8151,8173,8204,8182,8190,8161,8148,8111,8142,8155,8147,8082,7.048768043518066,sil,False
3,8143,8141,8147,8168,8186,8182,8189,8150,8142,8111,8134,8163,8144,8075,7.048768043518066,sil,False
4,8152,8143,8151,8160,8174,8182,8191,8160,8156,8118,8140,8183,8162,8084,7.0645036697387695,sil,False
5,8160,8138,8133,8154,8180,8167,8175,8172,8175,8120,8152,8177,8179,8086,7.0645036697387695,sil,False
6,8170,8131,8149,8146,8179,8152,8164,8178,8180,8121,8167,8196,8192,8091,7.080090522766113,sil,False
7,8177,8149,8160,8163,8182,8156,8182,8182,8183,8136,8194,8212,8214,8095,7.080090522766113,sil,False
8,8181,8176,8169,8185,8196,8159,8181,8169,8173,8140,8221,8219,8219,8095,7.095755100250244,sil,False
9,8178,8181,8180,8188,8203,8162,8167,8165,8159,8129,8210,8211,8202,8097,7.095755100250244,sil,False
10,8169,8166,8163,8192,8196,8178,8187,8169,8165,8140,8181,8180,8186,8094,7.111025333404541,sil,False
11,8169,8164,8169,8189,8194,8186,8209,8173,8175,8161,8167,8179,8173,8103,7.111025333404541,sil,False
12,8172,8164,8161,8189,8199,8192,8214,8181,8188,8171,8174,8181,8178,8113,7.126171588897705,sil,False
13,8173,8157,8148,8187,8195,8194,8213,8174,8193,8163,8182,8187,8191,8115,7.126171588897705,sil,False
14,8181,8162,8156,8184,8193,8184,8205,8180,8189,8157,8187,8204,8192,8120,7.141694307327271,sil,False
15,8191,8172,8149,8189,8198,8166,8194,8185,8197,8156,8208,8205,8201,8111,7.141694307327271,sil,False
16,8201,8186,8174,8188,8193,8156,8178,8171,8183,8131,8219,8221,8201,8104,7.1568763256073,sil,False
17,8203,8201,8189,8206,8196,8169,8182,8165,8167,8125,8212,8213,8183,8105,7.1568763256073,sil,False
18,8192,8193,8176,8219,8210,8187,8203,8161,8177,8148,8198,8178,8164,8094,7.172502279281616,sil,False
19,8171,8174,8171,8195,8204,8194,8209,8174,8189,8158,8176,8164,8147,8089,7.172502279281616,sil,False
20,8163,8159,8145,8170,8186,8174,8197,8183,8201,8157,8173,8161,8150,8093,7.188244342803955,sil,False
21,8166,8152,8143,8153,8180,8145,8167,8166,8190,8136,8175,8170,8156,8088,7.188244342803955,sil,False
22,8168,8165,8154,8155,8192,8153,8161,8161,8169,8126,8178,8173,8152,8070,7.203895330429077,sil,False
23,8171,8179,8166,8171,8202,8174,8181,8159,8162,8133,8202,8178,8147,8064,7.203895330429077,sil,False
24,8162,8176,8185,8179,8201,8184,8200,8164,8170,8137,8210,8186,8146,8081,7.22002649307251,sil,False
25,8158,8167,8167,8191,8199,8189,8216,8175,8196,8162,8197,8175,8158,8098,7.22002649307251,sil,False
26,8165,8150,8157,8173,8188,8169,8200,8176,8205,8179,8192,8179,8166,8104,7.235382556915283,sil,False
27,8158,8136,8148,8134,8173,8140,8177,8179,8199,8164,8199,8179,8170,8094,7.235382556915283,sil,False
28,8159,8146,8142,8133,8171,8137,8172,8169,8189,8154,8218,8181,8176,8087,7.250537157058716,sil,False
29,8168,8166,8168,8160,8176,8159,8171,8158,8164,8142,8213,8187,8164,8091,7.250537157058716,sil,False
30,8153,8162,8165,8176,8177,8175,8173,8151,8149,8133,8187,8165,8148,8083,7.266145944595337,sil,False
31,8149,8147,8164,8168,8171,8169,8180,8150,8161,8141,8181,8175,8155,8092,7.266145944595337,sil,False
32,8163,8138,8163,8155,8165,8163,8189,8173,8185,8158,8187,8191,8173,8109,7.282061815261841,sil,False
33,8169,8125,8149,8150,8162,8154,8182,8180,8194,8157,8189,8181,8178,8101,7.282061815261841,sil,False
34,8172,8124,8158,8136,8157,8136,8163,8167,8172,8127,8188,8193,8174,8087,7.298110008239746,sil,False
35,8167,8135,8154,8132,8160,8132,8154,8157,8149,8110,8189,8192,8173,8071,7.298110008239746,sil,False
36,8162,8142,8169,8150,8167,8150,8155,8152,8144,8118,8194,8187,8162,8069,7.313958406448364,sil,False
37,8179,8158,8195,8181,8178,8168,8175,8170,8157,8143,8204,8193,8166,8096,7.313958406448364,sil,False
38,8191,8163,8194,8206,8190,8179,8206,8182,8181,8166,8207,8199,8185,8118,7.330325603485107,sil,False
39,8181,8142,8184,8189,8182,8184,8206,8183,8191,8167,8185,8202,8176,8117,7.330325603485107,sil,False
40,8168,8122,8149,8158,8167,8175,8192,8191,8201,8167,8177,8178,8172,8106,7.345468282699585,sil,False
41,8179,8126,8148,8146,8165,8148,8183,8192,8203,8158,8200,8188,8194,8108,7.345468282699585,sil,False
42,8188,8150,8175,8156,8168,8139,8173,8181,8190,8144,8217,8215,8204,8107,7.360954999923706,sil,False
43,8189,8162,8175,8176,8175,8149,8167,8160,8170,8146,8227,8206,8194,8090,7.360954999923706,sil,False
44,8193,8170,8194,8182,8179,8149,8158,8150,8132,8132,8223,8208,8173,8091,7.376484155654907,sil,False
45,8186,8179,8190,8197,8182,8155,8161,8144,8122,8122,8214,8196,8170,8091,7.376484155654907,sil,False
46,8169,8162,8173,8197,8175,8165,8164,8138,8138,8138,8198,8181,8170,8086,7.391629934310913,sil,False
47,8153,8133,8168,8169,8159,8159,8170,8162,8147,8156,8173,8172,8159,8098,7.391629934310913,sil,False
48,8150,8121,8145,8159,8150,8152,8185,8178,8171,8167,8175,8164,8168,8104,7.406725406646728,sil,False
49,8161,8127,8155,8149,8153,8151,8169,8177,8187,8161,8184,8189,8184,8107,7.406725406646728,sil,False
50,8180,8141,8160,8147,8164,8144,8152,8179,8182,8156,8196,8198,8201,8106,7.421917200088501,sil,False
51,8195,8154,8168,8155,8167,8132,8148,8164,8158,8146,8223,8206,8210,8105,7.421917200088501,sil,False
52,8192,8166,8192,8168,8165,8143,8142,8154,8134,8127,8237,8221,8197,8102,7.438031911849976,sil,False
53,8188,8173,8183,8186,8173,8156,8152,8150,8137,8132,8227,8203,8186,8096,7.438031911849976,sil,False
54,8189,8161,8192,8179,8170,8153,8163,8147,8139,8140,8203,8187,8171,8094,7.45328164100647,sil,False
55,8180,8143,8189,8184,8171,8167,8182,8165,8149,8156,8190,8174,8160,8089,7.45328164100647,sil,False
56,8167,8132,8165,8178,8174,8188,8200,8176,8168,8165,8185,8171,8165,8093,7.468981027603149,sil,False
57,8160,8120,8156,8130,8160,8180,8192,8178,8170,8141,8161,8170,8163,8096,7.484097719192505,sil,False
58,8156,8111,8138,8123,8145,8155,8172,8175,8170,8132,8144,8152,8154,8081,7.484097719192505,sil,False
59,8165,8130,8159,8152,8149,8140,8150,8171,8160,8133,8155,8171,8161,8084,7.499938249588013,sil,False
60,8183,8169,8178,8162,8161,8146,8143,8171,8146,8123,8186,8197,8185,8092,7.499938249588013,sil,False
61,8199,8179,8181,8160,8170,8150,8150,8157,8133,8117,8209,8206,8195,8092,7.515342473983765,sil,False
62,8198,8177,8202,8165,8173,8148,8154,8150,8121,8117,8194,8208,8170,8091,7.515342473983765,sil,False
63,8182,8183,8193,8180,8176,8160,8161,8152,8124,8119,8171,8188,8145,8082,7.530637979507446,sil,False
64,8169,8172,8195,8183,8177,8172,8170,8152,8127,8115,8162,8187,8133,8083,7.530637979507446,sil,False
65,8159,8150,8186,8176,8177,8179,8189,8167,8143,8127,8161,8181,8137,8091,7.546667098999023,sil,False
66,8158,8134,8162,8163,8163,8173,8187,8172,8168,8143,8157,8174,8153,8099,7.546667098999023,sil,False
67,8173,8136,8174,8146,8150,8159,8159,8180,8170,8138,8157,8197,8165,8113,7.5622718334198,sil,False
68,8183,8146,8174,8146,8158,8152,8156,8190,8178,8143,8175,8197,8185,8114,7.5622718334198,sil,False
69,8185,8159,8183,8148,8163,8144,8156,8181,8174,8134,8177,8202,8187,8104,7.578188419342041,sil,False
70,8189,8175,8196,8156,8165,8146,8152,8173,8151,8112,8169,8209,8173,8103,7.578188419342041,sil,False
71,8189,8185,8199,8175,8182,8151,8161,8161,8142,8109,8174,8197,8165,8099,7.5940632820129395,sil,False
72,8177,8187,8214,8178,8183,8148,8162,8152,8130,8106,8159,8182,8142,8085,7.5940632820129395,sil,False
73,8156,8172,8194,8172,8169,8157,8167,8151,8131,8111,8144,8154,8128,8071,7.609950304031372,sil,False
74,8148,8154,8184,8162,8169,8176,8182,8149,8144,8126,8143,8156,8130,8078,7.609950304031372,sil,False
75,8149,8151,8185,8157,8167,8182,8186,8165,8154,8139,8131,8162,8129,8085,7.625451803207397,sil,False
76,8149,8141,8159,8152,8150,8159,8165,8170,8160,8131,8121,8148,8134,8081,7.625451803207397,sil,False
77,8147,8130,8144,8122,8135,8138,8131,8160,8149,8102,8129,8162,8140,8079,7.64080810546875,sil,False
78,8154,8144,8146,8128,8151,8150,8134,8158,8151,8106,8159,8176,8155,8080,7.64080810546875,sil,False
79,8168,8168,8189,8175,8170,8169,8155,8162,8165,8136,8179,8180,8160,8093,7.656839370727539,sil,False
80,8160,8157,8190,8177,8151,8171,8158,8164,8167,8144,8152,8161,8145,8096,7.656839370727539,sil,False
81,8147,8131,8136,8149,8134,8152,8146,8157,8164,8134,8131,8140,8143,8082,7.671702146530151,sil,False
82,8168,8146,8155,8147,8144,8140,8134,8163,8161,8126,8164,8173,8169,8098,7.671702146530151,sil,False
83,8187,8177,8181,8172,8153,8142,8138,8173,8170,8133,8211,8198,8196,8112,7.686834573745727,sil,False
84,8182,8182,8184,8181,8144,8132,8136,8151,8161,8132,8212,8201,8183,8098,7.686834573745727,sil,False
85,8171,8176,8191,8186,8142,8132,8133,8142,8134,8119,8181,8186,8158,8084,7.702537298202515,sil,False
86,8162,8167,8168,8197,8148,8152,8145,8152,8136,8135,8175,8166,8155,8083,7.702537298202515,sil,False
87,8157,8163,8166,8184,8142,8156,8149,8168,8155,8146,8189,8190,8168,8102,7.717881679534912,sil,False
88,8176,8178,8180,8190,8143,8141,8155,8180,8164,8141,8213,8212,8203,8120,7.717881679534912,sil,False
89,8203,8192,8204,8209,8150,8139,8155,8164,8145,8131,8232,8221,8217,8114,7.733290672302246,sil,False
90,8191,8198,8213,8213,8155,8157,8153,8158,8124,8120,8221,8209,8182,8091,7.733290672302246,sil,False
91,8159,8187,8177,8217,8159,8168,8173,8162,8138,8135,8200,8175,8161,8079,7.748891353607178,sil,False
92,8163,8168,8171,8197,8150,8151,8168,8159,8142,8139,8192,8186,8167,8096,7.748891353607178,sil,False
93,8179,8167,8173,8179,8142,8133,8138,8161,8128,8121,8205,8201,8181,8095,7.764098405838013,sil,False
94,8173,8179,8173,8184,8147,8139,8124,8153,8119,8116,8219,8194,8190,8075,7.764098405838013,sil,False
95,8174,8198,8188,8189,8158,8155,8139,8157,8126,8141,8220,8197,8189,8087,7.780149221420288,sil,False
96,8186,8206,8185,8199,8169,8170,8166,8164,8149,8170,8226,8199,8193,8111,7.780149221420288,sil,False
97,8175,8187,8190,8194,8167,8174,8164,8153,8149,8162,8216,8200,8185,8112,7.796171903610229,sil,False
98,8163,8173,8174,8185,8168,8186,8170,8157,8151,8162,8189,8177,8178,8106,7.796171903610229,sil,False
99,8172,8175,8158,8180,8170,8194,8191,8171,8172,8179,8179,8163,8182,8118,7.812207460403442,sil,False
100,8165,8165,8169,8166,8166,8182,8187,8184,8175,8180,8174,8172,8178,8125,7.812207460403442,sil,False
101,8151,8148,8154,8160,8165,8178,8180,8187,8183,8187,8178,8167,8188,8116,7.827712774276733,sil,False
102,8178,8150,8163,8151,8159,8179,8174,8178,8189,8184,8194,8189,8204,8129,7.827712774276733,sil,False
103,8196,8164,8171,8142,8153,8174,8157,8169,8170,8162,8199,8201,8201,8119,7.843703746795654,sil,False
104,8174,8168,8154,8146,8162,8163,8144,8149,8137,8139,8195,8186,8182,8077,7.843703746795654,sil,False
105,8165,8180,8167,8155,8174,8170,8160,8149,8129,8122,8188,8184,8180,8077,7.859241008758545,sil,False
106,8180,8196,8179,8171,8184,8190,8186,8165,8156,8136,8188,8182,8197,8104,7.859241008758545,sil,False
107,8176,8187,8185,8165,8179,8192,8179,8162,8155,8154,8187,8187,8183,8107,7.875135660171509,sil,False
108,8146,8170,8164,8150,8166,8192,8169,8161,8135,8151,8168,8160,8159,8088,7.875135660171509,sil,False
109,8133,8170,8147,8158,8167,8194,8176,8164,8142,8148,8154,8132,8166,8079,7.8908421993255615,sil,False
110,8134,8175,8166,8159,8176,8195,8179,8168,8157,8153,8153,8147,8166,8088,7.8908421993255615,sil,False
111,8125,8158,8143,8147,8168,8193,8187,8170,8166,8165,8155,8138,8155,8082,7.905972957611084,sil,False
112,8130,8137,8133,8139,8152,8180,8178,8165,8160,8159,8145,8136,8155,8075,7.905972957611084,sil,False
113,8143,8140,8145,8146,8157,8168,8164,8171,8148,8142,8138,8145,8157,8077,7.921264410018921,sil,False
114,8142,8151,8131,8148,8163,8156,8163,8173,8156,8149,8151,8138,8163,8082,7.921264410018921,sil,False
115,8143,8158,8143,8129,8153,8147,8157,8182,8168,8165,8158,8151,8176,8097,7.936654806137085,sil,False
116,8156,8160,8149,8128,8151,8142,8140,8182,8169,8157,8165,8167,8190,8098,7.936654806137085,sil,False
117,8171,8167,8165,8147,8161,8139,8132,8159,8148,8126,8172,8179,8182,8090,7.952725887298584,sil,False
118,8165,8179,8179,8168,8171,8162,8163,8163,8141,8141,8165,8173,8166,8092,7.952725887298584,sil,False
119,8146,8165,8153,8167,8166,8184,8194,8178,8168,8189,8162,8155,8162,8094,7.968763113021851,sil,False
120,8142,8142,8150,8132,8157,8171,8176,8177,8172,8178,8151,8163,8159,8097,7.968763113021851,sil,False
121,8157,8148,8150,8131,8164,8151,8166,8173,8165,8155,8147,8166,8170,8098,7.983965158462524,sil,False
122,8170,8156,8154,8149,8168,8144,8165,8166,8165,8160,8160,8179,8178,8097,7.983965158462524,sil,False
123,8164,8148,8153,8134,8159,8142,8145,8166,8159,8149,8163,8184,8171,8089,8.000072479248047,sil,False
124,8152,8148,8131,8120,8158,8136,8135,8158,8149,8138,8157,8157,8168,8069,8.000072479248047,sil,False
125,8146,8156,8150,8115,8157,8128,8128,8140,8124,8125,8146,8157,8153,8061,8.015927791595459,sil,False
126,8151,8166,8160,8131,8158,8140,8128,8141,8118,8114,8145,8157,8142,8065,8.015927791595459,sil,False
127,8168,8172,8169,8147,8167,8153,8142,8151,8128,8124,8151,8158,8148,8082,8.03805136680603,sil,False
237,8163,8172,8176,8135,8168,8157,8157,8163,8125,8135,8133,8155,8137,8090,8.03805136680603,sil,False
0,8137,8157,8146,8133,8169,8170,8171,8168,8138,8146,8107,8129,8119,8069,8.03805136680603,sil,False
1,8125,8145,8145,8134,8173,8182,8182,8173,8161,8153,8094,8126,8110,8062,8.047101497650146,sil,False
2,8126,8137,8135,8127,8169,8182,8191,8175,8169,8155,8090,8118,8107,8065,8.062771797180176,sil,False
3,8126,8121,8114,8113,8159,8171,8180,8163,8163,8153,8088,8116,8102,8064,8.062771797180176,sil,False
4,8123,8127,8124,8108,8158,8170,8168,8171,8164,8161,8092,8133,8108,8070,8.078380823135376,sil,False
5,8122,8143,8116,8124,8169,8173,8177,8174,8172,8162,8104,8131,8129,8072,8.078380823135376,sil,False
6,8126,8139,8123,8118,8169,8164,8161,8163,8154,8134,8107,8140,8129,8072,8.094048023223877,sil,False
7,8129,8138,8124,8108,8166,8155,8144,8170,8154,8141,8109,8142,8136,8074,8.094048023223877,sil,False
8,8134,8143,8128,8108,8163,8150,8144,8166,8164,8151,8126,8146,8150,8077,8.110326528549194,sil,False
9,8143,8147,8153,8112,8159,8150,8142,8158,8148,8126,8133,8163,8143,8069,8.110326528549194,sil,False
10,8139,8153,8145,8131,8172,8161,8149,8156,8154,8130,8134,8157,8141,8052,8.125729322433472,sil,False
11,8134,8167,8160,8136,8183,8173,8154,8155,8164,8154,8132,8159,8137,8059,8.125729322433472,sil,False
12,8133,8167,8175,8138,8177,8184,8160,8160,8153,8166,8129,8146,8121,8071,8.141671180725098,sil,False
13,8141,8153,8168,8154,8171,8180,8167,8163,8148,8176,8130,8141,8121,8081,8.141671180725098,sil,False
14,8152,8161,8187,8161,8170,8173,8175,8177,8160,8183,8128,8165,8139,8097,8.15737771987915,sil,False
15,8154,8162,8177,8161,8170,8182,8193,8186,8185,8197,8128,8152,8154,8097,8.15737771987915,sil,False
16,8152,8135,8164,8138,8159,8175,8187,8174,8190,8197,8118,8138,8141,8093,8.172955751419067,sil,False
17,8158,8120,8158,8120,8147,8158,8173,8171,8187,8170,8117,8151,8142,8091,8.172955751419067,sil,False
18,8164,8124,8146,8120,8148,8147,8161,8164,8178,8152,8142,8161,8172,8078,8.188050746917725,sil,False
19,8157,8126,8152,8111,8152,8141,8136,8158,8158,8151,8141,8160,8170,8062,8.188050746917725,sil,False
20,8156,8140,8150,8124,8158,8144,8138,8163,8161,8158,8128,8148,8154,8052,8.203661680221558,sil,False
21,8166,8156,8167,8145,8158,8139,8146,8161,8160,8143,8132,8159,8148,8054,8.203661680221558,sil,False
22,8161,8161,8170,8153,8162,8144,8144,8165,8154,8142,8133,8158,8140,8059,8.220300197601318,sil,False
23,8147,8166,8151,8162,8171,8160,8160,8164,8164,8167,8125,8142,8136,8063,8.220300197601318,sil,False
24,8138,8173,8165,8162,8170,8172,8173,8161,8161,8163,8114,8143,8128,8068,8.23495888710022,sil,False
25,8129,8163,8146,8153,8164,8176,8180,8167,8164,8156,8113,8121,8127,8067,8.23495888710022,sil,False
26,8129,8142,8133,8144,8156,8174,8185,8171,8169,8166,8109,8114,8127,8073,8.250679969787598,sil,False
27,8133,8149,8142,8153,8151,8175,8189,8175,8170,8168,8103,8123,8126,8085,8.250679969787598,sil,False
28,8127,8156,8127,8158,8152,8166,8181,8163,8169,8160,8099,8114,8127,8082,8.2667396068573,hello,True
29,8122,8139,8124,8131,8143,8148,8163,8159,8148,8147,8093,8120,8126,8081,8.2667396068573,hello,True
30,8140,8137,8113,8123,8138,8145,8172,8179,8152,8165,8113,8130,8148,8093,8.28276777267456,hello,True
31,8167,8150,8127,8137,8148,8151,8185,8184,8179,8190,8131,8151,8162,8106,8.28276777267456,hello,True
32,8161,8145,8132,8136,8148,8152,8176,8182,8182,8181,8108,8140,8141,8091,8.298871994018555,hello,True
33,8140,8137,8100,8128,8139,8142,8166,8177,8178,8169,8106,8117,8144,8075,8.298871994018555,hello,True
34,8156,8159,8123,8122,8142,8144,8162,8179,8179,8165,8135,8157,8168,8096,8.314020872116089,hello,True
35,8166,8171,8135,8134,8150,8145,8155,8176,8180,8165,8150,8169,8171,8094,8.314020872116089,hello,True
36,8144,8156,8127,8133,8138,8129,8135,8161,8173,8158,8142,8148,8155,8072,8.330249071121216,hello,True
37,8142,8165,8141,8125,8130,8131,8135,8165,8167,8157,8147,8156,8159,8077,8.330249071121216,hello,True
38,8165,8194,8145,8151,8150,8151,8158,8160,8156,8159,8163,8163,8169,8082,8.344872236251831,hello,True
39,8169,8196,8160,8160,8149,8150,8158,8141,8129,8132,8149,8160,8146,8070,8.344872236251831,hello,True
40,8146,8181,8153,8147,8130,8137,8149,8142,8121,8119,8137,8141,8132,8056,8.36025357246399,hello,True
41,8138,8188,8150,8154,8134,8136,8141,8140,8121,8130,8147,8136,8137,8053,8.36025357246399,hello,True
42,8151,8206,8171,8164,8153,8156,8146,8141,8121,8129,8143,8138,8128,8060,8.375874280929565,hello,True
43,8155,8206,8169,8177,8176,8184,8173,8154,8145,8141,8147,8131,8139,8069,8.375874280929565,hello,True
44,8160,8217,8190,8201,8197,8197,8185,8171,8163,8169,8170,8161,8170,8092,8.391143083572388,hello,True
45,8169,8235,8200,8218,8200,8204,8187,8180,8169,8186,8171,8168,8177,8109,8.391143083572388,hello,True
46,8161,8217,8183,8204,8180,8206,8187,8166,8165,8181,8149,8141,8158,8103,8.40692663192749,hello,True
47,8145,8194,8168,8181,8171,8195,8176,8155,8152,8165,8137,8130,8148,8090,8.40692663192749,hello,True
48,8148,8190,8147,8182,8170,8185,8179,8161,8158,8165,8137,8128,8152,8087,8.422685861587524,hello,True
49,8154,8183,8157,8179,8156,8179,8181,8164,8165,8173,8137,8138,8141,8095,8.422685861587524,hello,True
50,8149,8173,8154,8172,8155,8181,8177,8165,8154,8178,8138,8130,8133,8091,8.438267469406128,hello,True
51,8156,8172,8145,8167,8160,8175,8173,8165,8146,8170,8141,8131,8139,8086,8.438267469406128,hello,True
52,8163,8173,8162,8155,8146,8161,8164,8174,8153,8153,8146,8162,8144,8101,8.453405141830444,hello,True
53,8158,8167,8153,8158,8144,8154,8153,8173,8155,8149,8159,8161,8152,8103,8.468085527420044,hello,True
54,8166,8163,8159,8167,8151,8148,8145,8161,8143,8147,8170,8164,8161,8099,8.468085527420044,hello,True
55,8178,8167,8167,8168,8147,8144,8155,8174,8151,8150,8173,8177,8172,8108,8.483441829681396,hello,True
56,8178,8167,8157,8166,8144,8141,8153,8182,8170,8168,8188,8183,8187,8116,8.483441829681396,hello,True
57,8176,8165,8166,8169,8141,8137,8128,8170,8156,8168,8197,8187,8185,8114,8.500001668930054,hello,True
58,8183,8170,8167,8190,8148,8143,8129,8167,8144,8165,8204,8180,8176,8104,8.500001668930054,hello,True
59,8192,8189,8187,8200,8162,8151,8146,8158,8138,8163,8213,8196,8173,8106,8.515161514282227,hello,True
60,8188,8201,8201,8208,8177,8153,8145,8152,8128,8159,8206,8198,8172,8111,8.515161514282227,hello,True
61,8188,8193,8192,8226,8185,8148,8139,8147,8126,8163,8208,8184,8168,8105,8.530876636505127,hello,True
62,8195,8191,8204,8217,8180,8141,8141,8148,8118,8155,8203,8186,8144,8097,8.530876636505127,hello,True
63,8179,8193,8191,8203,8173,8138,8153,8149,8117,8146,8178,8163,8128,8084,8.545968532562256,hello,True
64,8169,8185,8191,8214,8180,8155,8163,8144,8123,8147,8161,8152,8131,8090,8.545968532562256,hello,True
65,8172,8184,8206,8224,8200,8180,8169,8153,8132,8161,8167,8160,8137,8108,8.561105489730835,hello,True
66,8169,8179,8187,8212,8197,8181,8174,8156,8148,8173,8175,8159,8147,8115,8.561105489730835,hello,True
67,8174,8167,8194,8196,8186,8173,8175,8163,8155,8168,8174,8175,8163,8134,8.57671570777893,hello,True
68,8191,8166,8200,8204,8195,8187,8200,8185,8177,8189,8184,8184,8193,8149,8.57671570777893,hello,True
69,8198,8169,8196,8199,8193,8193,8216,8188,8192,8211,8191,8193,8208,8146,8.59185242652893,hello,True
70,8189,8163,8188,8176,8177,8186,8211,8185,8183,8206,8179,8191,8192,8140,8.59185242652893,hello,True
71,8180,8156,8171,8169,8170,8179,8206,8178,8177,8196,8167,8175,8182,8129,8.607055187225342,hello,True
72,8185,8158,8181,8157,8169,8174,8192,8179,8179,8187,8161,8190,8185,8126,8.607055187225342,hello,True
73,8178,8157,8160,8142,8168,8176,8189,8182,8191,8195,8159,8182,8189,8121,8.622668504714966,hello,True
74,8168,8152,8156,8144,8168,8170,8186,8168,8187,8200,8152,8171,8186,8118,8.622668504714966,hello,True
75,8175,8164,8183,8154,8168,8163,8174,8174,8177,8181,8146,8184,8188,8118,8.63875126838684,hello,True
76,8184,8170,8168,8156,8176,8157,8172,8183,8184,8168,8159,8182,8200,8114,8.63875126838684,hello,True
77,8176,8163,8165,8137,8176,8144,8169,8180,8179,8168,8164,8189,8198,8115,8.65485692024231,hello,True
78,8176,8184,8170,8150,8173,8153,8173,8177,8171,8180,8168,8191,8205,8110,8.65485692024231,hello,True
79,8195,8214,8184,8181,8182,8168,8177,8163,8169,8184,8176,8192,8204,8104,8.672060012817383,hello,True
80,8190,8209,8193,8176,8188,8167,8175,8164,8160,8170,8169,8196,8177,8101,8.672060012817383,hello,True
81,8174,8201,8171,8169,8191,8167,8181,8165,8162,8178,8168,8187,8174,8095,8.686070203781128,hello,True
82,8185,8219,8198,8185,8195,8175,8181,8158,8164,8181,8173,8205,8182,8101,8.686070203781128,hello,True
83,8185,8232,8216,8218,8204,8184,8186,8163,8176,8187,8164,8203,8174,8107,8.701768159866333,hello,True
84,8166,8203,8189,8215,8196,8184,8193,8164,8191,8209,8152,8182,8166,8110,8.701768159866333,hello,True
85,8165,8188,8187,8184,8190,8187,8193,8168,8190,8206,8146,8177,8163,8115,8.7167809009552,hello,True
86,8177,8207,8197,8195,8202,8191,8202,8173,8200,8200,8155,8179,8168,8120,8.7167809009552,hello,True
87,8176,8211,8207,8203,8195,8185,8203,8169,8208,8213,8160,8198,8178,8133,8.73191213607788,sil,False
88,8164,8189,8177,8175,8178,8185,8203,8174,8217,8233,8152,8185,8187,8132,8.73191213607788,sil,False
89,8160,8178,8157,8154,8176,8185,8201,8178,8223,8230,8150,8170,8184,8121,8.74792766571045,sil,False
90,8171,8193,8184,8160,8172,8176,8191,8181,8209,8209,8150,8192,8178,8123,8.74792766571045,sil,False
91,8185,8193,8176,8178,8168,8166,8192,8180,8203,8206,8151,8189,8184,8126,8.763983726501465,sil,False
92,8196,8184,8178,8176,8179,8158,8186,8172,8194,8193,8154,8192,8184,8121,8.763983726501465,sil,False
93,8200,8196,8187,8172,8195,8160,8184,8172,8181,8181,8163,8197,8182,8110,8.780073881149292,sil,False
94,8188,8207,8181,8189,8196,8166,8192,8161,8170,8173,8166,8182,8174,8098,8.780073881149292,sil,False
95,8177,8207,8192,8197,8178,8171,8201,8156,8157,8156,8147,8173,8149,8102,8.796071529388428,sil,False
96,8175,8202,8182,8204,8178,8182,8217,8170,8172,8189,8143,8163,8153,8110,8.796071529388428,sil,False
97,8172,8190,8175,8200,8191,8182,8217,8183,8198,8226,8148,8165,8171,8120,8.810794830322266,sil,False
98,8172,8180,8164,8180,8191,8174,8195,8190,8205,8209,8144,8162,8173,8118,8.810794830322266,sil,False
99,8186,8183,8156,8171,8183,8165,8175,8177,8197,8185,8161,8168,8182,8110,8.825843095779419,sil,False
100,8195,8199,8183,8180,8190,8166,8173,8163,8181,8180,8179,8190,8177,8112,8.825843095779419,sil,False
101,8180,8202,8177,8197,8197,8184,8185,8159,8169,8185,8168,8165,8157,8104,8.841890573501587,sil,False
102,8174,8186,8177,8200,8189,8199,8196,8154,8172,8190,8147,8148,8153,8102,8.841890573501587,sil,False
103,8178,8180,8180,8188,8183,8200,8212,8174,8193,8204,8143,8156,8159,8115,8.857019901275635,sil,False
104,8172,8176,8151,8176,8182,8183,8216,8191,8213,8215,8154,8151,8171,8119,8.857019901275635,sil,False
105,8175,8169,8151,8163,8175,8165,8192,8188,8204,8201,8166,8160,8187,8124,8.872891426086426,sil,False
106,8178,8173,8151,8160,8172,8156,8181,8187,8198,8189,8175,8161,8193,8128,8.872891426086426,sil,False
107,8171,8178,8148,8156,8170,8151,8182,8182,8203,8197,8178,8166,8193,8124,8.888665437698364,sil,False
108,8173,8178,8158,8157,8171,8155,8178,8180,8207,8214,8177,8175,8198,8120,8.888665437698364,sil,False
109,8190,8183,8163,8168,8179,8155,8175,8169,8204,8220,8190,8174,8199,8119,8.90435266494751,sil,False
110,8197,8198,8182,8167,8184,8154,8166,8157,8178,8196,8199,8190,8188,8117,8.90435266494751,sil,False
111,8198,8213,8193,8185,8187,8172,8170,8162,8158,8177,8190,8187,8183,8113,8.920022964477539,sil,False
112,8203,8221,8205,8208,8189,8180,8185,8158,8158,8180,8173,8177,8171,8117,8.920022964477539,sil,False
113,8190,8211,8201,8202,8184,8179,8192,8157,8170,8192,8162,8167,8163,8120,8.935912847518921,sil,False
114,8177,8188,8167,8187,8172,8181,8193,8171,8200,8212,8171,8159,8192,8117,8.935912847518921,sil,False
115,8186,8181,8168,8159,8157,8163,8169,8179,8200,8202,8170,8182,8204,8123,8.951858043670654,sil,False
116,8194,8198,8168,8150,8157,8147,8152,8171,8175,8173,8165,8185,8189,8117,8.951858043670654,sil,False
117,8187,8212,8175,8175,8174,8157,8156,8153,8160,8160,8177,8179,8176,8100,8.967489957809448,sil,False
118,8165,8208,8188,8189,8182,8171,8166,8157,8158,8171,8171,8173,8165,8096,8.967489957809448,sil,False
119,8153,8201,8169,8190,8182,8177,8182,8161,8162,8189,8156,8155,8166,8098,8.983212232589722,sil,False
120,8168,8205,8184,8187,8178,8183,8195,8162,8167,8197,8154,8172,8164,8113,8.983212232589722,sil,False
121,8178,8202,8184,8179,8173,8189,8206,8183,8187,8217,8162,8180,8169,8120,8.998764991760254,sil,False
122,8178,8187,8162,8164,8172,8176,8201,8191,8203,8227,8174,8182,8194,8113,8.998764991760254,sil,False
123,8198,8194,8186,8166,8181,8165,8188,8192,8205,8218,8191,8212,8217,8128,9.01389503479004,sil,False
124,8215,8216,8201,8196,8190,8157,8177,8180,8204,8223,8213,8219,8227,8135,9.01389503479004,sil,False
125,8209,8228,8210,8204,8185,8151,8154,8157,8172,8207,8212,8214,8210,8120,9.02913236618042,sil,False
126,8199,8229,8204,8203,8191,8170,8159,8154,8146,8178,8191,8200,8186,8107,9.02913236618042,sil,False
127,8189,8211,8191,8202,8200,8185,8185,8159,8156,8186,8181,8191,8174,8101,9.0446617603302,sil,False
237,8172,8193,8190,8183,8185,8179,8194,8171,8167,8211,8174,8184,8167,8107,9.06031847000122,sil,False
0,8177,8183,8173,8178,8178,8179,8203,8191,8191,8231,8175,8171,8179,8120,9.06031847000122,sil,False
1,8204,8187,8183,8177,8184,8171,8195,8191,8206,8228,8186,8201,8196,8131,9.075347185134888,sil,False
2,8206,8192,8183,8164,8177,8149,8172,8179,8195,8215,8200,8219,8199,8121,9.075347185134888,sil,False
3,8192,8188,8169,8160,8169,8145,8161,8166,8189,8206,8212,8210,8202,8106,9.090548753738403,sil,False
4,8189,8189,8181,8162,8185,8155,8153,8166,8178,8195,8208,8208,8195,8095,9.090548753738403,sil,False
5,8182,8198,8175,8176,8200,8159,8151,8164,8171,8201,8199,8190,8181,8087,9.10575532913208,sil,False
6,8183,8215,8196,8196,8194,8166,8162,8162,8181,8217,8196,8195,8174,8109,9.10575532913208,sil,False
7,8185,8228,8212,8208,8189,8183,8181,8176,8196,8219,8193,8198,8172,8123,9.12190842628479,sil,False
8,8173,8212,8181,8195,8190,8184,8185,8166,8186,8215,8176,8172,8166,8100,9.12190842628479,sil,False
9,8159,8185,8169,8160,8178,8175,8177,8159,8167,8205,8154,8168,8151,8095,9.13708209991455,sil,False
10,8154,8185,8153,8142,8169,8170,8179,8173,8181,8193,8161,8172,8159,8105,9.13708209991455,sil,False
11,8167,8191,8158,8131,8163,8155,8161,8165,8179,8180,8178,8191,8175,8107,9.152468204498293,sil,False
12,8182,8192,8170,8132,8158,8147,8140,8153,8153,8171,8177,8199,8168,8090,9.152468204498293,sil,False
13,8183,8209,8164,8155,8168,8151,8143,8157,8152,8171,8178,8186,8158,8076,9.167798280715942,sil,False
14,8179,8223,8189,8163,8181,8157,8142,8164,8154,8167,8173,8194,8154,8087,9.167798280715942,sil,False
15,8177,8219,8193,8179,8182,8173,8158,8163,8154,8181,8170,8184,8155,8090,9.182931900024414,sil,False
16,8174,8213,8186,8199,8181,8181,8184,8151,8153,8191,8173,8172,8141,8084,9.182931900024414,sil,False
17,8163,8204,8187,8190,8181,8181,8187,8157,8152,8187,8161,8168,8131,8093,9.198031187057495,sil,False
18,8161,8187,8175,8174,8171,8171,8179,8167,8163,8195,8160,8172,8157,8106,9.198031187057495,sil,False
19,8176,8186,8180,8153,8155,8152,8165,8168,8162,8194,8174,8204,8179,8114,9.214151620864868,sil,False
20,8190,8205,8180,8153,8161,8148,8156,8168,8155,8180,8182,8211,8184,8114,9.214151620864868,sil,False
21,8200,8220,8196,8170,8174,8150,8155,8158,8146,8166,8191,8217,8188,8111,9.230149745941162,sil,False
22,8202,8222,8212,8168,8169,8144,8155,8155,8138,8161,8206,8232,8194,8111,9.230149745941162,sil,False
23,8202,8218,8197,8169,8171,8148,8156,8155,8144,8175,8216,8222,8193,8111,9.2451913356781,sil,False
24,8204,8215,8212,8182,8178,8162,8154,8152,8149,8186,8201,8213,8177,8114,9.2451913356781,sil,False
25,8193,8209,8211,8189,8176,8171,8154,8150,8143,8184,8184,8197,8163,8106,9.260849714279177,sil,False
26,8175,8189,8193,8178,8175,8173,8158,8136,8128,8169,8178,8186,8148,8087,9.260849714279177,sil,False
27,8177,8181,8199,8175,8181,8180,8176,8145,8132,8173,8167,8184,8136,8091,9.27586317062378,sil,False
28,8185,8182,8188,8184,8185,8188,8197,8170,8164,8208,8157,8182,8157,8112,9.27586317062378,sil,False
29,8188,8172,8183,8164,8176,8185,8192,8175,8176,8216,8151,8197,8169,8123,9.292065620422363,sil,False
30,8175,8155,8164,8133,8168,8174,8180,8173,8176,8195,8142,8181,8155,8107,9.292065620422363,sil,False
31,8162,8148,8146,8119,8156,8155,8169,8168,8173,8178,8134,8165,8145,8092,9.307409048080444,sil,False
32,8179,8159,8165,8128,8150,8151,8159,8174,8159,8167,8140,8188,8154,8094,9.307409048080444,sil,False
33,8190,8176,8167,8143,8158,8156,8158,8170,8149,8157,8155,8192,8167,8087,9.32353663444519,sil,False
34,8174,8187,8175,8133,8157,8146,8144,8150,8133,8134,8155,8197,8154,8079,9.32353663444519,sil,False
35,8167,8195,8180,8138,8159,8153,8147,8153,8127,8140,8163,8201,8146,8081,9.33920121192932,sil,False
36,8184,8196,8190,8171,8176,8171,8166,8155,8137,8177,8186,8198,8158,8089,9.33920121192932,sil,False
37,8175,8191,8203,8180,8179,8176,8166,8148,8139,8177,8174,8192,8155,8095,9.35422396659851,sil,False
38,8155,8183,8168,8176,8172,8181,8172,8151,8144,8171,8140,8163,8135,8082,9.35422396659851,sil,False
39,8163,8168,8155,8167,8168,8184,8179,8161,8149,8185,8125,8156,8128,8082,9.37012529373169,sil,False
40,8163,8158,8152,8154,8157,8179,8171,8177,8165,8198,8131,8160,8154,8095,9.37012529373169,sil,False
41,8163,8172,8140,8152,8149,8170,8164,8183,8191,8207,8154,8178,8185,8104,9.385111331939695,sil,False
42,8178,8193,8161,8155,8156,8167,8162,8189,8184,8196,8169,8206,8186,8112,9.385111331939695,sil,False
43,8190,8193,8161,8168,8166,8165,8163,8181,8171,8182,8176,8199,8186,8103,9.400664567947388,sil,False
44,8198,8191,8168,8170,8164,8160,8151,8159,8159,8168,8178,8204,8185,8094,9.400664567947388,sil,False
45,8190,8201,8177,8161,8162,8167,8148,8157,8143,8161,8175,8201,8168,8088,9.41581964492798,sil,False
46,8175,8194,8167,8175,8164,8177,8160,8152,8139,8170,8168,8175,8159,8085,9.431508779525757,sil,False
47,8167,8174,8180,8183,8160,8184,8165,8145,8130,8174,8148,8171,8140,8088,9.431508779525757,sil,False
48,8163,8158,8168,8170,8163,8195,8182,8157,8139,8180,8138,8160,8132,8081,9.431508779525757,sil,False
49,8162,8148,8158,8148,8156,8186,8188,8163,8156,8183,8144,8166,8149,8088,9.447134256362917,sil,False
50,8169,8149,8165,8145,8138,8162,8166,8166,8158,8182,8158,8184,8163,8108,9.447134256362917,sil,False
51,8184,8162,8168,8171,8139,8153,8152,8167,8159,8189,8178,8198,8172,8106,9.462733030319214,sil,False
52,8204,8187,8201,8204,8158,8162,8156,8172,8162,8193,8194,8229,8182,8107,9.462733030319214,sil,False
53,8214,8202,8210,8220,8171,8164,8165,8177,8165,8190,8216,8235,8193,8114,9.478188276290894,sil,False
54,8200,8189,8200,8197,8163,8147,8147,8162,8148,8168,8218,8223,8181,8101,9.494828462600708,sil,False
55,8187,8195,8203,8196,8157,8153,8141,8155,8129,8156,8193,8217,8158,8086,9.494828462600708,sil,False
56,8193,8215,8213,8233,8176,8180,8171,8154,8132,8174,8190,8210,8158,8090,9.494828462600708,sil,False
57,8198,8207,8230,8228,8181,8188,8181,8155,8131,8178,8196,8208,8153,8102,9.508925437927246,sil,False
58,8179,8189,8203,8208,8164,8185,8181,8163,8129,8185,8179,8188,8148,8100,9.524091005325316,sil,False
59,8167,8182,8188,8205,8169,8187,8182,8158,8140,8195,8170,8184,8156,8101,9.524091005325316,sil,False
60,8171,8181,8193,8197,8174,8191,8185,8167,8166,8193,8176,8191,8164,8109,9.54029655456543,sil,False
61,8172,8182,8173,8191,8145,8191,8185,8181,8182,8199,8174,8182,8166,8110,9.54029655456543,sil,False
62,8177,8184,8185,8178,8137,8178,8169,8177,8166,8203,8167,8195,8173,8114,9.555691957473757,sil,False
63,8187,8191,8192,8173,8168,8168,8167,8181,8173,8206,8187,8202,8200,8119,9.555691957473757,sil,False
64,8203,8197,8188,8185,8185,8170,8181,8186,8190,8209,8217,8213,8218,8129,9.571730375289915,sil,False
65,8208,8205,8191,8179,8169,8170,8183,8181,8168,8196,8204,8227,8204,8128,9.571730375289915,sil,False
66,8199,8208,8182,8169,8165,8167,8181,8160,8148,8181,8183,8207,8183,8102,9.58709955215454,sil,False
67,8195,8210,8205,8171,8170,8171,8186,8156,8144,8172,8184,8198,8168,8090,9.58709955215454,sil,False
68,8193,8209,8209,8191,8174,8180,8198,8169,8151,8177,8181,8194,8164,8100,9.603178977966309,sil,False
69,8187,8203,8193,8204,8176,8182,8196,8164,8156,8193,8176,8192,8159,8108,9.603178977966309,sil,False
70,8175,8194,8192,8188,8169,8186,8183,8162,8149,8192,8168,8182,8146,8103,9.61876630783081,sil,False
71,8168,8186,8169,8179,8172,8191,8190,8166,8153,8185,8160,8159,8148,8100,9.61876630783081,sil,False
72,8175,8184,8178,8184,8169,8185,8190,8165,8164,8196,8161,8181,8157,8113,9.634729385375977,sil,False
73,8184,8188,8186,8194,8169,8188,8187,8172,8177,8225,8169,8193,8170,8119,9.634729385375977,sil,False
74,8190,8179,8178,8193,8176,8196,8196,8175,8192,8244,8174,8183,8185,8121,9.649889469146729,sil,False
75,8191,8170,8188,8175,8173,8195,8196,8181,8198,8231,8171,8194,8180,8127,9.649889469146729,sil,False
76,8187,8168,8176,8171,8173,8187,8190,8189,8207,8227,8176,8194,8182,8115,9.665948629379272,sil,False
77,8191,8165,8181,8168,8170,8173,8184,8190,8209,8230,8174,8195,8191,8114,9.665948629379272,sil,False
78,8198,8171,8186,8172,8169,8175,8190,8197,8205,8226,8163,8195,8191,8132,9.682207822799684,sil,False
79,8200,8177,8177,8175,8177,8177,8192,8191,8202,8223,8163,8202,8193,8133,9.682207822799684,sil,False
80,8203,8168,8186,8155,8178,8167,8179,8183,8186,8204,8163,8212,8189,8121,9.682207822799684,sil,False
81,8206,8166,8179,8161,8173,8163,8172,8180,8176,8187,8171,8198,8186,8112,9.69807767868042,sil,False
82,8214,8185,8197,8181,8176,8164,8167,8172,8172,8180,8195,8213,8196,8116,9.712870836257936,sil,False
83,8225,8199,8218,8181,8187,8172,8177,8176,8171,8194,8206,8230,8205,8119,9.712870836257936,sil,False
84,8210,8185,8200,8170,8182,8163,8176,8162,8154,8198,8189,8199,8186,8100,9.728967666625977,sil,False
85,8182,8177,8200,8165,8169,8157,8161,8149,8127,8172,8162,8175,8150,8086,9.728967666625977,sil,False
86,8183,8192,8204,8187,8182,8177,8180,8165,8152,8183,8169,8177,8151,8093,9.744762897491457,sil,False
87,8198,8193,8220,8197,8193,8194,8202,8177,8183,8216,8180,8193,8164,8108,9.744762897491457,sil,False
88,8185,8176,8210,8176,8186,8199,8203,8181,8183,8223,8162,8183,8156,8109,9.759980201721191,sil,False
89,8174,8169,8182,8174,8187,8204,8209,8179,8193,8230,8154,8164,8150,8103,9.759980201721191,sil,False
90,8186,8173,8204,8182,8182,8197,8205,8180,8199,8236,8157,8180,8153,8113,9.775866270065308,sil,False
91,8191,8174,8202,8176,8171,8180,8191,8174,8192,8229,8160,8177,8171,8110,9.775866270065308,sil,False
92,8193,8171,8190,8162,8172,8172,8187,8168,8191,8218,8167,8183,8186,8111,9.79088044166565,sil,False
93,8194,8180,8196,8164,8181,8179,8197,8187,8207,8229,8176,8199,8188,8131,9.79088044166565,sil,False
94,8195,8182,8179,8162,8181,8182,8199,8195,8217,8244,8180,8185,8193,8128,9.806901454925535,sil,False
95,8196,8176,8176,8138,8169,8174,8181,8183,8200,8220,8174,8188,8186,8107,9.806901454925535,sil,False
96,8191,8173,8171,8139,8165,8170,8179,8176,8188,8200,8178,8193,8186,8093,9.823014497756958,sil,False
97,8192,8184,8182,8153,8175,8181,8187,8168,8192,8210,8195,8204,8199,8104,9.823014497756958,sil,False
98,8202,8198,8203,8153,8186,8192,8183,8170,8197,8218,8205,8212,8203,8115,9.839031219482422,sil,False
99,8200,8192,8200,8164,8189,8186,8184,8169,8200,8221,8211,8203,8201,8111,9.839031219482422,sil,False
100,8189,8188,8213,8168,8182,8182,8184,8166,8193,8212,8199,8208,8191,8110,9.85382843017578,sil,False
101,8180,8190,8207,8172,8178,8200,8198,8178,8201,8221,8182,8189,8180,8107,9.85382843017578,sil,False
102,8178,8183,8204,8182,8179,8205,8214,8180,8212,8238,8178,8183,8180,8114,9.869117021560667,sil,False
103,8171,8165,8200,8158,8171,8194,8210,8180,8215,8232,8179,8196,8186,8125,9.869117021560667,sil,False
104,8155,8129,8149,8106,8150,8174,8197,8180,8224,8228,8175,8175,8191,8109,9.884647130966188,sil,False
105,8160,8130,8157,8091,8143,8154,8168,8172,8202,8209,8163,8176,8174,8093,9.884647130966188,sil,False
106,8181,8180,8191,8149,8167,8167,8158,8167,8179,8188,8166,8181,8158,8084,9.901050329208374,sil,False
107,8176,8194,8197,8192,8184,8192,8177,8156,8184,8189,8176,8168,8156,8080,9.901050329208374,sil,False
108,8156,8165,8192,8170,8178,8204,8199,8171,8196,8216,8167,8160,8157,8095,9.916133642196655,sil,False
109,8170,8152,8167,8162,8180,8207,8211,8195,8230,8253,8170,8163,8180,8121,9.916133642196655,sil,False
110,8198,8161,8178,8163,8180,8193,8194,8192,8249,8247,8189,8192,8199,8136,9.9318528175354,sil,False
111,8193,8175,8184,8162,8176,8168,8173,8179,8228,8219,8196,8190,8201,8118,9.9318528175354,sil,False
112,8182,8185,8180,8180,8181,8165,8170,8160,8199,8207,8191,8174,8191,8099,9.947474002838137,sil,False
113,8188,8182,8201,8195,8183,8195,8189,8173,8206,8218,8182,8177,8179,8113,9.947474002838137,sil,False
114,8185,8162,8175,8190,8184,8207,8206,8194,8243,8246,8178,8163,8185,8121,9.9631187915802,sil,False
115,8180,8152,8156,8154,8173,8175,8175,8180,8233,8237,8175,8167,8189,8110,9.9631187915802,sil,False
116,8185,8173,8166,8139,8170,8162,8159,8167,8201,8209,8185,8179,8197,8101,9.97870397567749,sil,False
117,8194,8199,8177,8166,8187,8181,8182,8164,8199,8210,8201,8184,8204,8100,9.97870397567749,sil,False
118,8199,8202,8191,8174,8192,8187,8188,8170,8193,8207,8191,8183,8190,8096,9.99367618560791,sil,False
119,8185,8192,8171,8172,8186,8179,8184,8168,8177,8191,8175,8151,8175,8080,9.99367618560791,sil,False
120,8171,8183,8171,8169,8182,8181,8187,8158,8168,8188,8173,8145,8167,8082,10.009727478027344,sil,False
121,8168,8171,8177,8170,8186,8194,8203,8163,8176,8205,8168,8149,8163,8098,10.009727478027344,sil,False
122,8171,8158,8169,8174,8186,8198,8207,8160,8178,8206,8163,8139,8161,8095,10.025146961212158,sil,False
123,8178,8163,8185,8175,8179,8185,8197,8160,8164,8192,8162,8151,8162,8095,10.025146961212158,sil,False
124,8180,8169,8171,8178,8175,8177,8207,8176,8179,8211,8169,8151,8173,8106,10.046724319458008,sil,False
125,8182,8154,8168,8167,8162,8172,8208,8184,8200,8232,8174,8159,8174,8116,10.046724319458008,sil,False
126,8185,8140,8170,8145,8151,8171,8198,8191,8202,8218,8175,8174,8176,8115,10.046724319458008,sil,False
127,8189,8137,8150,8135,8154,8167,8200,8188,8200,8209,8189,8176,8191,8115,10.055795669555664,sil,False
237,8188,8134,8159,8124,8148,8152,8185,8175,8188,8201,8181,8173,8184,8123,10.071213006973268,sil,False
0,8186,8133,8159,8126,8140,8141,8163,8166,8183,8196,8169,8158,8178,8113,10.071613550186155,sil,False
1,8203,8153,8173,8141,8147,8142,8158,8165,8178,8189,8181,8181,8191,8112,10.086655378341677,sil,False
2,8200,8170,8187,8145,8156,8146,8161,8167,8160,8175,8186,8200,8183,8113,10.086655378341677,sil,False
3,8170,8155,8167,8134,8151,8143,8160,8154,8153,8168,8175,8171,8158,8092,10.10174560546875,sil,False
4,8168,8155,8181,8130,8155,8145,8163,8152,8151,8162,8166,8165,8150,8083,10.10174560546875,sil,False
5,8182,8184,8196,8160,8168,8157,8176,8156,8142,8162,8170,8167,8153,8086,10.116909503936768,sil,False
6,8176,8185,8203,8181,8166,8155,8169,8139,8127,8154,8158,8164,8142,8084,10.116909503936768,sil,False
7,8161,8165,8192,8171,8169,8166,8164,8149,8135,8165,8138,8158,8135,8093,10.132737636566162,sil,False
8,8165,8156,8161,8164,8172,8184,8192,8177,8173,8212,8151,8149,8161,8111,10.132737636566162,sil,False
9,8182,8154,8171,8146,8162,8170,8198,8180,8189,8217,8168,8170,8173,8123,10.148498773574827,sil,False
10,8179,8150,8166,8138,8160,8152,8176,8171,8183,8187,8156,8165,8162,8112,10.148498773574827,sil,False
11,8166,8143,8155,8146,8162,8148,8162,8160,8168,8171,8141,8150,8155,8092,10.163905620574951,sil,False
12,8171,8148,8171,8145,8156,8146,8161,8165,8161,8171,8156,8166,8167,8090,10.180161952972412,sil,False
13,8185,8164,8171,8151,8165,8148,8162,8170,8176,8171,8186,8181,8184,8097,10.180161952972412,sil,False
14,8178,8171,8177,8148,8173,8150,8154,8161,8168,8165,8189,8188,8174,8098,10.180161952972412,sil,False
15,8166,8175,8178,8161,8171,8157,8162,8159,8157,8178,8180,8167,8164,8082,10.195684909820557,sil,False
16,8168,8179,8183,8188,8179,8168,8177,8157,8162,8191,8180,8150,8161,8076,10.195684909820557,sil,False
17,8161,8170,8185,8180,8182,8186,8195,8171,8172,8199,8173,8152,8157,8097,10.21167778968811,sil,False
18,8159,8153,8154,8166,8172,8187,8214,8188,8196,8218,8170,8148,8171,8112,10.21167778968811,sil,False
19,8173,8155,8164,8162,8161,8163,8196,8182,8202,8204,8167,8162,8173,8113,10.227172136306764,sil,False
20,8175,8159,8167,8158,8165,8152,8170,8177,8191,8183,8165,8160,8175,8111,10.227172136306764,sil,False
21,8179,8154,8157,8152,8169,8161,8165,8175,8188,8192,8177,8166,8189,8110,10.24317979812622,sil,False
22,8189,8167,8180,8158,8162,8160,8167,8175,8179,8191,8184,8191,8183,8105,10.24317979812622,sil,False
23,8193,8180,8177,8173,8170,8152,8174,8167,8173,8188,8179,8177,8169,8092,10.25893235206604,sil,False
24,8192,8179,8193,8162,8176,8159,8165,8157,8159,8182,8176,8182,8162,8092,10.25893235206604,sil,False
25,8193,8185,8215,8172,8176,8186,8170,8164,8152,8178,8184,8187,8166,8099,10.274696350097656,sil,False
26,8190,8193,8204,8198,8187,8196,8193,8170,8173,8196,8190,8170,8174,8101,10.274696350097656,sil,False
27,8173,8186,8197,8182,8192,8196,8200,8177,8194,8204,8178,8163,8163,8097,10.290180921554564,sil,False
28,8154,8170,8172,8163,8186,8206,8200,8175,8200,8200,8159,8147,8150,8085,10.290180921554564,sil,False
29,8152,8164,8167,8158,8176,8205,8195,8163,8185,8198,8146,8149,8155,8093,10.305761814117432,hello,True
30,8154,8162,8162,8149,8167,8185,8178,8164,8179,8200,8146,8152,8159,8108,10.32111358642578,hello,True
31,8155,8155,8153,8133,8160,8170,8162,8162,8194,8203,8157,8156,8159,8104,10.32111358642578,hello,True
32,8166,8164,8164,8127,8161,8180,8169,8171,8207,8209,8164,8171,8169,8098,10.336043119430542,hello,True
33,8166,8165,8149,8128,8172,8181,8180,8184,8207,8209,8169,8163,8179,8093,10.336043119430542,hello,True
34,8164,8161,8164,8121,8169,8161,8163,8172,8176,8180,8173,8171,8167,8091,10.352042436599731,hello,True
35,8171,8179,8182,8141,8166,8163,8165,8155,8154,8162,8173,8167,8156,8079,10.352042436599731,hello,True
36,8173,8194,8188,8166,8178,8176,8181,8144,8154,8158,8168,8157,8149,8073,10.367647886276243,hello,True
37,8176,8198,8215,8166,8179,8172,8168,8148,8149,8161,8174,8178,8144,8089,10.367647886276243,hello,True
38,8184,8202,8208,8184,8173,8173,8161,8153,8155,8184,8203,8180,8159,8095,10.383683919906616,hello,True
39,8186,8198,8216,8200,8179,8182,8165,8147,8156,8189,8200,8178,8159,8095,10.383683919906616,hello,True
40,8173,8176,8217,8188,8182,8184,8171,8151,8145,8171,8156,8170,8138,8092,10.400046825408936,hello,True
41,8155,8156,8182,8172,8169,8172,8168,8148,8132,8155,8140,8145,8126,8080,10.400046825408936,hello,True
42,8157,8158,8188,8171,8157,8169,8155,8144,8128,8156,8154,8155,8137,8083,10.415070295333862,hello,True
43,8179,8168,8194,8176,8166,8180,8156,8165,8153,8186,8171,8178,8174,8100,10.415070295333862,hello,True
44,8199,8176,8199,8170,8171,8175,8155,8177,8175,8196,8191,8204,8196,8115,10.43089723587036,hello,True
45,8201,8192,8209,8172,8169,8170,8149,8172,8170,8184,8200,8218,8195,8119,10.43089723587036,hello,True
46,8204,8204,8199,8189,8169,8166,8150,8165,8172,8191,8215,8218,8207,8121,10.446875095367432,hello,True
47,8205,8205,8218,8185,8166,8161,8143,8163,8161,8177,8220,8228,8202,8119,10.446875095367432,hello,True
48,8184,8209,8224,8186,8171,8173,8150,8164,8137,8154,8193,8201,8169,8100,10.462275981903076,hello,True
49,8172,8209,8206,8208,8180,8185,8170,8155,8135,8165,8182,8179,8159,8089,10.462275981903076,hello,True
50,8182,8211,8215,8219,8182,8191,8178,8164,8152,8183,8199,8197,8173,8108,10.477941989898682,hello,True
51,8187,8217,8218,8232,8189,8200,8179,8169,8162,8188,8207,8195,8183,8120,10.477941989898682,hello,True
52,8180,8210,8214,8235,8190,8199,8171,8154,8149,8180,8193,8190,8173,8123,10.49308443069458,hello,True
53,8179,8189,8196,8221,8178,8190,8167,8162,8154,8186,8187,8180,8170,8129,10.49308443069458,hello,True
54,8190,8187,8188,8214,8176,8180,8168,8175,8180,8202,8198,8179,8190,8132,10.508678913116457,hello,True
55,8191,8196,8183,8209,8178,8159,8151,8179,8185,8210,8203,8191,8211,8131,10.508678913116457,hello,True
56,8189,8188,8164,8201,8177,8144,8135,8181,8181,8212,8209,8195,8221,8130,10.524226903915403,hello,True
57,8198,8180,8179,8182,8171,8146,8129,8176,8169,8198,8212,8211,8219,8133,10.524226903915403,hello,True
58,8201,8182,8170,8182,8172,8147,8133,8165,8152,8187,8211,8204,8221,8124,10.53990602493286,hello,True
59,8199,8185,8164,8190,8171,8135,8127,8145,8125,8174,8207,8202,8213,8113,10.53990602493286,hello,True
60,8193,8193,8194,8185,8172,8134,8116,8145,8108,8156,8203,8212,8188,8104,10.554967403411863,hello,True
61,8176,8202,8180,8201,8186,8159,8137,8154,8128,8169,8205,8179,8182,8085,10.554967403411863,hello,True
62,8165,8194,8168,8214,8192,8173,8155,8149,8135,8183,8193,8161,8180,8087,10.570127725601196,hello,True
63,8152,8187,8164,8204,8193,8173,8153,8154,8125,8186,8172,8157,8173,8093,10.570127725601196,hello,True
64,8138,8179,8149,8191,8191,8173,8152,8157,8133,8197,8161,8141,8167,8078,10.586151123046877,hello,True
65,8144,8170,8159,8184,8182,8178,8158,8160,8146,8199,8147,8140,8153,8080,10.586151123046877,hello,True
66,8153,8164,8151,8184,8185,8182,8171,8172,8157,8203,8144,8146,8156,8096,10.602003812789915,hello,True
67,8150,8148,8143,8168,8181,8175,8170,8184,8172,8215,8149,8161,8170,8101,10.602003812789915,hello,True
68,8152,8142,8143,8148,8165,8168,8161,8190,8184,8217,8152,8166,8180,8106,10.617160081863403,hello,True
69,8157,8150,8142,8146,8157,8162,8155,8171,8180,8206,8158,8165,8183,8107,10.617160081863403,hello,True
70,8152,8154,8150,8136,8158,8153,8147,8169,8161,8187,8153,8170,8177,8095,10.632286310195925,hello,True
71,8156,8150,8137,8139,8164,8156,8145,8184,8165,8184,8152,8162,8178,8079,10.632286310195925,hello,True
72,8174,8154,8155,8147,8170,8160,8138,8170,8166,8175,8163,8180,8177,8082,10.648079872131348,hello,True
73,8175,8155,8171,8142,8178,8164,8138,8162,8153,8154,8158,8186,8162,8081,10.648079872131348,hello,True
74,8159,8153,8154,8140,8185,8167,8143,8164,8153,8154,8154,8164,8149,8064,10.66384482383728,hello,True
75,8154,8158,8168,8139,8184,8174,8135,8153,8149,8166,8159,8164,8144,8061,10.66384482383728,hello,True
76,8153,8157,8169,8142,8184,8177,8143,8148,8154,8182,8161,8155,8149,8061,10.678898572921751,hello,True
77,8145,8157,8175,8155,8187,8176,8158,8156,8163,8189,8154,8155,8146,8061,10.678898572921751,hello,True
78,8142,8162,8181,8172,8185,8195,8165,8169,8167,8191,8141,8156,8135,8065,10.694706201553345,hello,True
79,8142,8146,8155,8165,8182,8209,8174,8175,8179,8205,8135,8145,8136,8069,10.694706201553345,hello,True
80,8132,8124,8150,8131,8177,8194,8170,8171,8174,8202,8116,8145,8133,8068,10.709740161895752,sil,False
81,8122,8136,8142,8128,8173,8185,8175,8170,8172,8195,8109,8138,8136,8068,10.709740161895752,sil,False
82,8137,8152,8146,8136,8176,8185,8185,8170,8187,8202,8139,8159,8164,8087,10.725103616714478,sil,False
83,8151,8141,8150,8121,8179,8182,8180,8182,8195,8207,8162,8177,8181,8095,10.725103616714478,sil,False
84,8153,8138,8130,8120,8178,8174,8172,8186,8188,8205,8161,8167,8176,8082,10.740941762924194,sil,False
85,8164,8160,8155,8137,8179,8164,8165,8181,8172,8195,8163,8182,8173,8086,10.740941762924194,sil,False
86,8173,8173,8171,8145,8177,8161,8158,8178,8167,8187,8178,8187,8182,8088,10.756900072097778,sil,False
87,8170,8167,8168,8135,8173,8156,8139,8159,8159,8170,8182,8186,8175,8077,10.756900072097778,sil,False
88,8161,8170,8173,8128,8181,8162,8133,8155,8148,8159,8170,8184,8160,8075,10.771689414978027,sil,False
89,8150,8170,8157,8143,8194,8177,8155,8152,8145,8179,8162,8156,8155,8072,10.771689414978027,sil,False
90,8143,8167,8166,8165,8194,8192,8176,8137,8133,8183,8149,8149,8140,8068,10.78772497177124,sil,False
91,8133,8163,8158,8167,8190,8205,8192,8147,8148,8186,8133,8142,8134,8070,10.78772497177124,sil,False
92,8128,8144,8142,8141,8182,8201,8191,8159,8177,8194,8127,8132,8138,8074,10.80383038520813,sil,False
93,8139,8142,8155,8134,8176,8196,8189,8168,8185,8194,8128,8145,8138,8075,10.80383038520813,sil,False
94,8155,8156,8158,8163,8187,8196,8196,8182,8203,8216,8156,8168,8171,8090,10.819883108139038,sil,False
95,8178,8169,8180,8168,8196,8190,8174,8194,8222,8242,8189,8205,8213,8124,10.819883108139038,sil,False
96,8194,8177,8189,8161,8199,8171,8148,8201,8224,8239,8202,8211,8221,8129,10.835905075073242,sil,False
97,8192,8177,8180,8166,8190,8148,8141,8181,8199,8209,8205,8202,8208,8110,10.835905075073242,sil,False
98,8184,8170,8184,8163,8182,8157,8147,8165,8177,8190,8207,8206,8205,8106,10.851067781448364,sil,False
99,8179,8160,8171,8160,8203,8185,8171,8163,8187,8205,8208,8193,8208,8100,10.851067781448364,sil,False
100,8175,8162,8183,8152,8215,8185,8187,8156,8184,8201,8190,8185,8181,8087,10.867061376571655,sil,False
101,8165,8170,8186,8161,8204,8186,8203,8162,8168,8186,8174,8165,8156,8088,10.867061376571655,sil,False
102,8161,8154,8165,8177,8201,8196,8207,8171,8181,8201,8178,8152,8173,8102,10.88204050064087,sil,False
103,8170,8138,8167,8165,8204,8189,8195,8185,8207,8222,8179,8172,8190,8115,10.88204050064087,sil,False
104,8183,8148,8168,8164,8200,8183,8189,8192,8219,8226,8181,8175,8193,8116,10.898047924041748,sil,False
105,8196,8153,8190,8173,8187,8169,8178,8174,8203,8213,8198,8192,8200,8119,10.898047924041748,sil,False
106,8200,8145,8195,8168,8190,8147,8170,8168,8186,8206,8224,8223,8217,8118,10.913270235061646,sil,False
107,8201,8151,8184,8168,8205,8150,8176,8168,8188,8210,8232,8228,8221,8106,10.913270235061646,sil,False
108,8194,8164,8203,8179,8201,8169,8180,8167,8187,8201,8214,8217,8194,8098,10.92914891242981,sil,False
109,8187,8154,8196,8190,8195,8171,8186,8167,8182,8197,8206,8202,8182,8092,10.92914891242981,sil,False
110,8195,8138,8204,8188,8200,8181,8192,8173,8181,8206,8217,8216,8190,8106,10.944680213928224,sil,False
111,8201,8134,8211,8189,8197,8202,8203,8189,8206,8230,8213,8217,8190,8129,10.944680213928224,sil,False
112,8195,8124,8182,8188,8185,8186,8205,8190,8224,8243,8210,8207,8201,8130,10.96065068244934,sil,False
113,8190,8125,8185,8166,8184,8161,8189,8182,8198,8214,8222,8227,8205,8116,10.96065068244934,sil,False
114,8188,8141,8192,8173,8193,8169,8191,8170,8176,8183,8234,8220,8191,8100,10.975996494293211,sil,False
115,8176,8136,8200,8191,8188,8181,8200,8154,8166,8184,8222,8202,8169,8097,10.975996494293211,sil,False
116,8166,8114,8194,8175,8175,8181,8204,8161,8162,8201,8189,8189,8151,8104,10.992104291915894,sil,False
117,8179,8112,8174,8161,8178,8177,8204,8174,8180,8196,8179,8192,8158,8113,11.0077543258667,sil,False
118,8199,8132,8197,8167,8180,8161,8182,8176,8185,8170,8203,8229,8173,8121,11.0077543258667,sil,False
119,8190,8135,8201,8189,8179,8160,8170,8170,8176,8174,8219,8224,8177,8107,11.0077543258667,sil,False
120,8173,8120,8194,8194,8184,8180,8190,8165,8172,8201,8194,8194,8160,8099,11.022932529449465,sil,False
121,8176,8119,8190,8182,8179,8185,8209,8181,8183,8212,8165,8191,8163,8117,11.038729429244995,sil,False
122,8193,8126,8170,8184,8172,8163,8194,8178,8190,8204,8184,8204,8188,8123,11.038729429244995,sil,False
123,8199,8133,8179,8179,8170,8149,8164,8151,8160,8173,8206,8224,8178,8107,11.038729429244995,sil,False
124,8188,8148,8183,8191,8176,8168,8176,8146,8137,8164,8198,8204,8152,8096,11.053378820419312,sil,False
125,8187,8147,8184,8216,8176,8185,8205,8159,8152,8185,8179,8180,8151,8106,11.068858861923218,sil,False
126,8192,8136,8183,8209,8166,8173,8190,8178,8168,8191,8172,8189,8169,8119,11.068858861923218,sil,False
127,8195,8145,8169,8201,8167,8150,8160,8173,8167,8173,8200,8203,8187,8107,11.084045648574827,sil,False
237,8205,8167,8194,8213,8174,8151,8156,8149,8152,8156,8219,8213,8181,8099,11.084045648574827,sil,False
0,8200,8175,8197,8230,8178,8179,8179,8153,8143,8177,8210,8194,8178,8102,11.10014533996582,sil,False
1,8190,8171,8186,8237,8177,8187,8194,8163,8146,8206,8208,8193,8186,8113,11.10014533996582,sil,False
2,8200,8168,8190,8230,8183,8180,8201,8174,8168,8211,8215,8210,8190,8134,11.116077423095703,sil,False
3,8204,8157,8168,8214,8176,8178,8204,8183,8196,8208,8212,8204,8194,8137,11.116077423095703,sil,False
4,8200,8154,8174,8182,8154,8154,8176,8169,8171,8181,8203,8217,8196,8131,11.1310293674469,sil,False
5,8208,8176,8187,8177,8156,8138,8154,8156,8129,8156,8211,8223,8200,8120,11.1310293674469,sil,False
6,8199,8189,8184,8193,8167,8152,8153,8147,8124,8154,8219,8205,8187,8107,11.146465539932253,sil,False
7,8169,8176,8173,8187,8155,8170,8166,8161,8144,8163,8195,8188,8162,8106,11.146465539932253,sil,False
8,8154,8153,8140,8171,8148,8162,8183,8182,8173,8193,8176,8168,8168,8104,11.161930322647097,sil,False
9,8161,8139,8140,8152,8152,8155,8173,8178,8181,8197,8175,8176,8181,8100,11.161930322647097,sil,False
10,8167,8139,8141,8143,8150,8167,8164,8172,8176,8173,8179,8178,8179,8098,11.178040027618408,sil,False
11,8177,8149,8141,8149,8148,8164,8171,8166,8172,8170,8199,8183,8184,8099,11.178040027618408,sil,False
12,8179,8164,8171,8158,8160,8154,8164,8166,8165,8180,8221,8208,8189,8099,11.193795442581177,sil,False
13,8163,8174,8172,8181,8169,8159,8159,8161,8168,8193,8221,8194,8182,8095,11.193795442581177,sil,False
14,8155,8165,8173,8183,8162,8170,8162,8150,8157,8192,8192,8173,8157,8100,11.209890604019163,sil,False
15,8155,8150,8169,8163,8151,8173,8164,8156,8141,8177,8170,8167,8141,8101,11.209890604019163,sil,False
16,8166,8144,8160,8164,8151,8159,8161,8161,8151,8168,8183,8182,8157,8102,11.22506856918335,sil,False
17,8186,8146,8174,8158,8145,8136,8151,8167,8158,8163,8197,8211,8179,8108,11.22506856918335,sil,False
18,8186,8145,8156,8138,8143,8137,8146,8165,8157,8164,8203,8198,8180,8090,11.24033498764038,sil,False
19,8169,8148,8157,8135,8149,8149,8141,8149,8150,8164,8204,8189,8159,8075,11.24033498764038,sil,False
20,8156,8162,8175,8156,8149,8150,8146,8148,8146,8165,8195,8184,8144,8079,11.256128311157228,sil,False
21,8160,8164,8168,8171,8148,8162,8160,8147,8147,8161,8180,8162,8142,8080,11.256128311157228,sil,False
22,8168,8149,8173,8157,8148,8181,8159,8157,8150,8164,8165,8160,8138,8091,11.27134084701538,sil,False
23,8155,8131,8158,8144,8149,8179,8164,8175,8172,8192,8164,8158,8149,8102,11.27134084701538,sil,False
24,8141,8116,8143,8127,8141,8155,8168,8174,8175,8197,8161,8171,8166,8101,11.286981582641602,sil,False
25,8142,8116,8132,8114,8125,8144,8156,8168,8164,8181,8151,8176,8164,8089,11.286981582641602,sil,False
26,8142,8119,8115,8121,8123,8143,8141,8152,8161,8183,8163,8162,8163,8068,11.302816152572632,sil,False
27,8154,8135,8146,8130,8135,8138,8127,8146,8143,8168,8182,8182,8165,8065,11.302816152572632,sil,False
28,8171,8164,8166,8150,8155,8145,8128,8155,8129,8157,8187,8190,8172,8079,11.318404912948608,sil,False
29,8174,8173,8176,8162,8157,8146,8128,8156,8132,8160,8179,8184,8169,8094,11.318404912948608,sil,False
30,8163,8156,8188,8163,8149,8146,8135,8159,8133,8146,8162,8173,8152,8091,11.334412574768066,sil,False
31,8146,8134,8163,8161,8149,8154,8151,8155,8140,8138,8143,8147,8139,8074,11.334412574768066,sil,False
32,8136,8127,8150,8141,8142,8157,8152,8152,8145,8157,8124,8138,8131,8076,11.3498215675354,sil,False
33,8144,8136,8148,8143,8138,8164,8157,8165,8159,8187,8128,8139,8146,8087,11.3498215675354,sil,False
34,8171,8147,8165,8160,8145,8163,8156,8164,8169,8189,8157,8168,8171,8095,11.364986896514893,sil,False
35,8186,8161,8178,8158,8150,8149,8137,8158,8156,8166,8172,8198,8181,8095,11.364986896514893,sil,False
36,8188,8173,8171,8163,8151,8142,8131,8158,8145,8157,8179,8194,8185,8089,11.380878210067747,sil,False
37,8188,8178,8196,8172,8152,8145,8133,8156,8138,8152,8183,8199,8178,8095,11.380878210067747,sil,False
38,8190,8185,8202,8184,8155,8151,8140,8158,8142,8154,8185,8195,8175,8102,11.396158933639526,sil,False
39,8192,8186,8203,8196,8158,8156,8154,8158,8155,8165,8189,8192,8176,8104,11.396158933639526,sil,False
40,8177,8172,8206,8194,8156,8170,8166,8165,8158,8171,8167,8179,8161,8097,11.411805629730225,sil,False
41,8150,8138,8156,8161,8141,8174,8175,8170,8160,8172,8133,8140,8143,8079,11.411805629730225,sil,False
42,8148,8119,8140,8114,8130,8166,8168,8168,8155,8157,8118,8147,8144,8085,11.427365064620972,sil,False
43,8170,8140,8156,8129,8143,8161,8162,8174,8154,8149,8137,8173,8168,8101,11.427365064620972,sil,False
44,8191,8170,8172,8175,8157,8157,8162,8164,8149,8159,8170,8190,8184,8099,11.443058729171751,sil,False
45,8196,8186,8197,8176,8159,8155,8162,8161,8132,8164,8180,8205,8179,8092,11.443058729171751,sil,False
46,8189,8192,8201,8184,8172,8154,8164,8160,8128,8157,8174,8192,8172,8085,11.458683729171751,sil,False
47,8181,8192,8212,8208,8180,8152,8153,8142,8119,8146,8158,8176,8158,8081,11.458683729171751,sil,False
48,8171,8175,8199,8204,8168,8163,8151,8145,8118,8162,8143,8156,8146,8080,11.4746515750885,sil,False
49,8165,8150,8171,8180,8157,8175,8163,8157,8146,8189,8134,8147,8141,8085,11.4746515750885,sil,False
50,8160,8145,8173,8163,8160,8171,8166,8171,8171,8197,8140,8166,8145,8099,11.490317821502686,sil,False
51,8157,8149,8161,8161,8168,8157,8168,8182,8184,8204,8167,8173,8173,8104,11.490317821502686,sil,False
52,8176,8158,8172,8162,8167,8140,8160,8178,8181,8196,8177,8187,8189,8105,11.504990816116331,sil,False
53,8198,8181,8189,8166,8169,8139,8154,8175,8171,8179,8168,8195,8180,8103,11.504990816116331,sil,False
54,8202,8202,8194,8174,8173,8147,8149,8158,8154,8164,8178,8194,8173,8091,11.52013087272644,sil,False
55,8192,8197,8205,8170,8168,8137,8137,8144,8124,8134,8176,8193,8156,8075,11.52013087272644,sil,False
56,8165,8178,8181,8169,8162,8137,8139,8145,8119,8130,8144,8153,8133,8060,11.53605580329895,sil,False
57,8138,8165,8165,8160,8157,8165,8156,8150,8136,8156,8124,8137,8124,8070,11.53605580329895,sil,False
58,8139,8164,8164,8154,8159,8182,8182,8171,8161,8181,8132,8153,8132,8090,11.551095485687256,sil,False
59,8159,8171,8164,8165,8163,8167,8188,8186,8184,8198,8144,8164,8152,8092,11.551095485687256,sil,False
60,8176,8174,8186,8155,8149,8149,8159,8184,8181,8192,8152,8179,8167,8096,11.566295385360718,sil,False
61,8184,8175,8185,8151,8144,8146,8143,8172,8170,8174,8166,8186,8173,8101,11.582019567489624,sil,False
62,8206,8191,8206,8176,8160,8140,8145,8160,8159,8159,8184,8214,8176,8109,11.582019567489624,sil,False
63,8215,8209,8221,8194,8168,8142,8148,8161,8151,8156,8195,8213,8169,8101,11.598400115966797,sil,False
64,8183,8192,8183,8192,8162,8148,8151,8157,8144,8160,8182,8164,8152,8079,11.598400115966797,sil,False
65,8152,8171,8177,8187,8158,8152,8148,8155,8132,8151,8145,8150,8125,8076,11.598400115966797,sil,False
66,8159,8177,8176,8202,8165,8174,8166,8163,8144,8164,8147,8151,8132,8084,11.613415479660034,sil,False
67,8186,8185,8177,8213,8173,8186,8191,8171,8170,8198,8184,8172,8166,8105,11.629109144210815,sil,False
68,8191,8178,8181,8204,8174,8170,8187,8185,8182,8211,8183,8188,8175,8124,11.629109144210815,sil,False
69,8182,8156,8155,8184,8161,8146,8159,8182,8180,8193,8168,8173,8170,8107,11.64492917060852,sil,False
70,8184,8157,8159,8160,8150,8139,8133,8175,8164,8171,8186,8188,8175,8097,11.64492917060852,sil,False
71,8189,8187,8171,8177,8166,8148,8150,8180,8171,8185,8217,8203,8196,8107,11.660809516906738,sil,False
72,8200,8206,8190,8206,8188,8152,8160,8162,8177,8192,8225,8207,8197,8104,11.660809516906738,sil,False
73,8204,8207,8212,8206,8182,8158,8135,8147,8150,8168,8208,8204,8172,8087,11.660809516906738,sil,False
74,8190,8197,8198,8206,8175,8170,8137,8151,8131,8160,8188,8179,8157,8075,11.676289081573486,sil,False
75,8168,8181,8189,8191,8177,8174,8160,8150,8133,8158,8156,8158,8141,8073,11.692065954208374,sil,False
76,8148,8165,8163,8178,8173,8178,8172,8156,8148,8167,8133,8135,8136,8069,11.692065954208374,sil,False
77,8137,8151,8143,8168,8159,8172,8161,8160,8160,8174,8140,8135,8143,8073,11.707162857055664,sil,False
78,8143,8149,8148,8153,8151,8163,8153,8165,8159,8157,8142,8151,8144,8083,11.707162857055664,sil,False
79,8163,8154,8145,8160,8163,8168,8165,8174,8166,8163,8146,8153,8158,8085,11.722696304321287,sil,False
80,8170,8160,8162,8166,8169,8174,8158,8178,8170,8179,8162,8171,8177,8088,11.722696304321287,sil,False
81,8159,8159,8148,8151,8161,8164,8141,8173,8157,8164,8174,8173,8182,8075,11.737800359725952,sil,False
82,8154,8157,8135,8136,8164,8151,8136,8156,8140,8145,8181,8162,8169,8053,11.737800359725952,sil,False
83,8154,8164,8159,8140,8173,8161,8134,8162,8128,8145,8183,8158,8154,8047,11.752936363220217,sil,False
84,8152,8176,8155,8156,8170,8177,8136,8168,8130,8152,8182,8147,8152,8052,11.752936363220217,sil,False
85,8160,8182,8170,8168,8173,8178,8147,8158,8137,8150,8173,8157,8143,8068,11.768187999725342,sil,False
86,8167,8184,8186,8188,8193,8200,8176,8172,8161,8169,8169,8158,8144,8084,11.768187999725342,sil,False
87,8153,8172,8171,8189,8195,8219,8192,8180,8181,8200,8173,8146,8151,8088,11.7841899394989,sil,False
88,8140,8153,8160,8159,8172,8201,8181,8171,8171,8200,8166,8151,8145,8087,11.7841899394989,sil,False
89,8149,8149,8147,8154,8168,8179,8167,8165,8173,8192,8177,8157,8157,8085,11.800201892852783,sil,False
90,8174,8159,8163,8158,8176,8171,8150,8166,8181,8190,8193,8178,8178,8091,11.800201892852783,sil,False
91,8175,8163,8165,8147,8174,8165,8138,8170,8174,8182,8189,8175,8178,8088,11.815642833709717,sil,False
92,8164,8169,8150,8158,8173,8160,8132,8160,8165,8168,8194,8164,8173,8072,11.815642833709717,sil,False
93,8178,8189,8175,8176,8186,8165,8128,8162,8162,8166,8212,8186,8177,8076,11.831221103668211,sil,False
94,8188,8197,8178,8182,8196,8171,8137,8170,8172,8189,8218,8188,8185,8086,11.831221103668211,sil,False
95,8186,8196,8181,8183,8190,8167,8137,8159,8169,8189,8210,8184,8179,8087,11.846696138381958,sil,False
96,8178,8204,8188,8204,8195,8171,8132,8157,8159,8175,8203,8172,8162,8081,11.846696138381958,sil,False
97,8158,8193,8174,8216,8197,8177,8136,8155,8155,8179,8197,8148,8150,8066,11.862732172012327,sil,False
98,8144,8168,8173,8188,8186,8171,8137,8148,8146,8179,8177,8145,8144,8066,11.862732172012327,sil,False
99,8144,8173,8158,8185,8195,8179,8150,8150,8146,8182,8163,8133,8144,8072,11.878814697265623,sil,False
100,8143,8180,8156,8192,8203,8194,8166,8158,8155,8195,8164,8139,8144,8079,11.878814697265623,sil,False
101,8139,8163,8152,8162,8188,8193,8167,8177,8181,8205,8167,8152,8144,8082,11.893965482711792,sil,False
102,8140,8144,8123,8138,8180,8169,8152,8173,8194,8193,8175,8140,8155,8073,11.893965482711792,sil,False
103,8138,8137,8132,8129,8177,8150,8136,8158,8170,8165,8173,8145,8159,8065,11.910014152526855,sil,False
104,8131,8141,8127,8129,8171,8156,8138,8162,8169,8174,8171,8143,8155,8052,11.910014152526855,sil,False
105,8140,8149,8127,8129,8176,8161,8134,8165,8172,8186,8174,8150,8153,8049,11.925172567367554,sil,False
106,8159,8165,8152,8144,8179,8161,8132,8167,8150,8174,8177,8162,8160,8055,11.925172567367554,sil,False
107,8165,8179,8161,8170,8182,8161,8145,8164,8154,8169,8187,8162,8170,8055,11.94062876701355,sil,False
108,8155,8180,8174,8167,8182,8162,8143,8158,8158,8162,8178,8161,8153,8061,11.94062876701355,sil,False
109,8134,8168,8157,8167,8175,8181,8161,8159,8152,8172,8157,8128,8137,8061,11.95621109008789,sil,False
110,8134,8151,8145,8166,8178,8193,8196,8173,8181,8202,8159,8126,8152,8068,11.95621109008789,sil,False
111,8150,8152,8148,8147,8184,8190,8194,8196,8215,8203,8172,8155,8163,8083,11.971381187438965,sil,False
112,8156,8150,8132,8136,8173,8180,8166,8190,8216,8200,8177,8147,8166,8079,11.971381187438965,sil,False
113,8150,8137,8147,8126,8156,8158,8140,8170,8194,8188,8166,8153,8159,8071,11.98723077774048,sil,False
114,8152,8138,8151,8125,8155,8150,8141,8170,8186,8166,8170,8172,8161,8069,11.98723077774048,sil,False
115,8170,8158,8163,8144,8169,8164,8152,8161,8187,8169,8199,8186,8171,8070,12.002710103988647,sil,False
116,8170,8173,8188,8153,8189,8174,8156,8156,8187,8186,8211,8177,8169,8060,12.002710103988647,sil,False
117,8157,8174,8169,8155,8180,8172,8158,8158,8194,8196,8203,8151,8171,8050,12.018728971481323,sil,False
118,8173,8177,8181,8169,8166,8179,8156,8157,8184,8199,8209,8171,8179,8069,12.018728971481323,sil,False
119,8178,8179,8196,8178,8200,8203,8177,8164,8186,8213,8216,8177,8178,8083,12.034056186676024,sil,False
120,8151,8159,8182,8158,8226,8206,8199,8164,8197,8212,8184,8150,8157,8073,12.034056186676024,sil,False
121,8131,8137,8169,8137,8194,8196,8193,8164,8190,8191,8142,8135,8133,8067,12.05576491355896,sil,False
122,8133,8136,8152,8153,8177,8200,8194,8165,8193,8195,8139,8124,8134,8069,12.05576491355896,sil,False
123,8139,8144,8167,8161,8187,8208,8199,8167,8193,8200,8143,8135,8133,8078,12.05576491355896,sil,False
124,8136,8134,8165,8148,8182,8203,8190,8173,8187,8189,8137,8136,8133,8074,12.0661199092865,sil,False
125,8134,8120,8149,8133,8172,8181,8174,8171,8190,8186,8139,8135,8140,8068,12.080760955810549,sil,False
126,8153,8134,8171,8118,8166,8176,8166,8182,8194,8195,8148,8163,8151,8081,12.081138610839844,sil,False
127,8184,8150,8181,8127,8168,8180,8164,8190,8190,8199,8170,8180,8175,8091,12.096649408340454,sil,False
237,8201,8161,8202,8147,8173,8167,8155,8170,8176,8171,8186,8204,8183,8086,12.096649408340454,sil,False
0,8198,8187,8215,8171,8185,8174,8166,8164,8172,8158,8189,8214,8167,8082,12.111721754074097,sil,False
1,8183,8185,8207,8189,8194,8196,8179,8162,8173,8180,8191,8196,8153,8087,12.111721754074097,sil,False
2,8166,8162,8215,8187,8188,8200,8177,8163,8169,8188,8178,8186,8144,8090,12.127084493637083,sil,False
3,8161,8151,8197,8183,8183,8194,8183,8181,8188,8190,8165,8180,8150,8088,12.127084493637083,sil,False
4,8171,8144,8178,8161,8176,8187,8176,8185,8203,8189,8163,8189,8152,8089,12.142521142959597,sil,False
5,8170,8140,8164,8145,8169,8177,8158,8172,8192,8182,8163,8182,8146,8079,12.142521142959597,sil,False
6,8166,8151,8164,8154,8173,8163,8158,8160,8179,8169,8172,8175,8148,8059,12.159003496170044,sil,False
7,8178,8170,8196,8164,8186,8165,8159,8158,8167,8154,8176,8192,8149,8059,12.159003496170044,sil,False
8,8182,8175,8189,8185,8200,8187,8165,8162,8174,8172,8173,8177,8147,8069,12.174631834030151,sil,False
9,8173,8168,8181,8195,8202,8207,8187,8166,8185,8191,8162,8160,8142,8084,12.174631834030151,sil,False
10,8165,8163,8176,8183,8196,8212,8204,8182,8190,8194,8145,8157,8139,8097,12.190325021743774,sil,False
11,8172,8150,8153,8173,8194,8201,8192,8184,8203,8194,8146,8165,8154,8097,12.190325021743774,sil,False
12,8181,8136,8158,8155,8188,8187,8174,8183,8201,8181,8149,8182,8164,8098,12.205974817276,sil,False
13,8176,8133,8147,8139,8173,8179,8181,8189,8197,8176,8145,8166,8163,8091,12.205974817276,sil,False
14,8176,8145,8158,8148,8171,8168,8174,8180,8197,8173,8148,8168,8164,8086,12.221657991409302,sil,False
15,8187,8170,8194,8180,8190,8166,8159,8183,8192,8169,8163,8192,8165,8086,12.221657991409302,sil,False
16,8192,8182,8192,8198,8200,8183,8169,8187,8189,8184,8179,8188,8166,8088,12.236792087554932,hello,True
17,8175,8175,8187,8185,8190,8198,8172,8173,8181,8191,8172,8176,8157,8090,12.251975536346436,hello,True
18,8155,8170,8173,8189,8186,8201,8179,8169,8185,8187,8151,8150,8146,8080,12.251975536346436,hello,True
19,8160,8170,8174,8198,8190,8206,8200,8179,8193,8184,8142,8141,8137,8077,12.251975536346436,hello,True
20,8169,8163,8180,8186,8183,8213,8209,8195,8202,8196,8146,8154,8147,8092,12.267746925354004,hello,True
21,8172,8154,8164,8185,8180,8197,8208,8197,8221,8221,8158,8160,8180,8108,12.267746925354004,hello,True
22,8186,8158,8183,8188,8187,8177,8200,8196,8224,8224,8175,8185,8191,8121,12.282984733581545,hello,True
23,8198,8166,8189,8190,8189,8186,8196,8201,8226,8205,8188,8192,8187,8119,12.298561573028564,hello,True
24,8205,8168,8185,8196,8182,8188,8189,8190,8230,8193,8187,8200,8199,8113,12.298561573028564,hello,True
25,8216,8177,8203,8197,8182,8171,8184,8194,8224,8194,8182,8216,8209,8122,12.3145272731781,hello,True
26,8215,8181,8193,8192,8190,8170,8187,8194,8215,8195,8183,8202,8207,8122,12.3145272731781,hello,True
27,8202,8172,8190,8173,8181,8169,8166,8170,8185,8166,8176,8199,8192,8107,12.3300940990448,hello,True
28,8199,8174,8194,8174,8175,8157,8156,8160,8165,8144,8170,8198,8177,8094,12.3300940990448,hello,True
29,8207,8185,8197,8188,8179,8150,8168,8158,8164,8149,8171,8195,8175,8088,12.345739364624023,hello,True
30,8213,8182,8205,8178,8172,8159,8168,8161,8159,8149,8178,8202,8183,8094,12.345739364624023,hello,True
31,8214,8177,8204,8185,8170,8171,8167,8165,8168,8154,8201,8205,8190,8100,12.361003160476685,hello,True
32,8214,8193,8229,8208,8188,8177,8176,8158,8168,8159,8195,8217,8173,8103,12.361003160476685,hello,True
33,8203,8199,8222,8212,8198,8182,8185,8158,8152,8155,8168,8198,8155,8093,12.376771688461304,hello,True
34,8188,8181,8196,8202,8185,8173,8175,8152,8135,8141,8171,8171,8153,8075,12.376771688461304,hello,True
35,8179,8179,8205,8205,8181,8173,8163,8153,8129,8134,8169,8171,8143,8073,12.392195224761965,hello,True
36,8171,8186,8202,8224,8200,8190,8177,8164,8147,8165,8155,8158,8143,8082,12.392195224761965,hello,True
37,8171,8184,8207,8234,8204,8189,8187,8159,8159,8189,8164,8162,8150,8093,12.408168315887451,hello,True
38,8175,8184,8203,8231,8198,8187,8187,8168,8164,8186,8179,8175,8154,8102,12.408168315887451,hello,True
39,8175,8177,8181,8223,8194,8198,8193,8176,8177,8193,8185,8179,8166,8106,12.424156665802002,hello,True
40,8173,8166,8181,8210,8184,8190,8192,8172,8175,8193,8173,8177,8168,8108,12.424156665802002,hello,True
41,8175,8172,8176,8211,8183,8175,8180,8177,8167,8181,8169,8167,8164,8106,12.438862085342407,hello,True
42,8180,8172,8184,8203,8182,8172,8173,8182,8172,8185,8189,8186,8176,8114,12.438862085342407,hello,True
43,8182,8168,8182,8188,8169,8168,8177,8186,8181,8194,8205,8190,8194,8116,12.454017162322998,hello,True
44,8193,8176,8175,8191,8171,8154,8174,8183,8186,8192,8207,8183,8199,8112,12.454017162322998,hello,True
45,8194,8183,8199,8192,8179,8152,8165,8185,8187,8191,8206,8204,8198,8119,12.470298767089844,hello,True
46,8188,8180,8187,8195,8176,8159,8170,8188,8192,8191,8207,8198,8203,8118,12.470298767089844,hello,True
47,8196,8176,8181,8193,8173,8156,8164,8180,8187,8187,8212,8198,8207,8116,12.485923290252686,hello,True
48,8195,8177,8194,8181,8180,8158,8151,8184,8180,8198,8218,8209,8209,8116,12.485923290252686,hello,True
49,8186,8177,8190,8180,8184,8166,8139,8175,8180,8210,8223,8199,8199,8101,12.501048803329468,hello,True
50,8187,8180,8207,8182,8184,8167,8134,8164,8163,8180,8218,8201,8175,8097,12.501048803329468,hello,True
51,8182,8177,8202,8188,8190,8168,8150,8162,8154,8161,8215,8193,8171,8097,12.51678204536438,hello,True
52,8180,8171,8204,8184,8187,8168,8152,8154,8153,8163,8211,8187,8171,8091,12.51678204536438,hello,True
53,8188,8177,8213,8179,8187,8172,8145,8157,8146,8162,8208,8188,8161,8085,12.531939506530762,hello,True
54,8181,8180,8203,8196,8196,8181,8163,8157,8150,8169,8211,8179,8163,8083,12.531939506530762,hello,True
55,8167,8170,8221,8198,8190,8186,8176,8161,8154,8175,8192,8185,8160,8101,12.548028707504272,hello,True
56,8153,8140,8202,8182,8175,8187,8177,8167,8169,8192,8170,8165,8154,8102,12.548028707504272,hello,True
57,8139,8123,8177,8174,8173,8181,8170,8157,8167,8194,8176,8151,8155,8087,12.563730478286743,hello,True
58,8145,8144,8200,8183,8182,8184,8169,8159,8145,8172,8183,8168,8157,8098,12.563730478286743,hello,True
59,8155,8158,8197,8196,8186,8189,8177,8165,8150,8171,8177,8168,8160,8107,12.578821420669556,hello,True
60,8153,8149,8189,8185,8184,8184,8175,8171,8167,8188,8167,8173,8158,8104,12.578821420669556,hello,True
61,8165,8152,8189,8189,8196,8191,8186,8190,8192,8217,8183,8180,8173,8110,12.594057083129885,hello,True
62,8182,8154,8193,8185,8197,8190,8194,8188,8206,8220,8197,8189,8185,8123,12.594057083129885,hello,True
63,8165,8136,8180,8147,8172,8178,8177,8179,8199,8191,8171,8184,8169,8115,12.61011791229248,hello,True
64,8150,8135,8151,8141,8171,8181,8181,8183,8206,8195,8168,8169,8173,8103,12.61011791229248,hello,True
65,8177,8147,8169,8152,8186,8185,8198,8190,8220,8216,8193,8188,8192,8116,12.626022577285768,hello,True
66,8187,8141,8174,8150,8187,8180,8198,8195,8224,8216,8197,8191,8193,8120,12.626022577285768,hello,True
67,8175,8139,8167,8154,8186,8176,8184,8188,8218,8204,8196,8193,8188,8106,12.641680717468262,sil,False
68,8179,8159,8182,8159,8196,8179,8168,8181,8207,8202,8203,8206,8187,8094,12.641680717468262,sil,False
69,8186,8164,8177,8164,8202,8184,8167,8175,8205,8204,8207,8196,8191,8086,12.65719223022461,sil,False
70,8172,8150,8184,8155,8194,8173,8168,8169,8195,8182,8200,8194,8187,8082,12.65719223022461,sil,False
71,8153,8144,8175,8144,8180,8159,8162,8171,8180,8166,8192,8188,8180,8075,12.672818660736084,sil,False
72,8160,8156,8176,8157,8181,8158,8160,8163,8187,8187,8193,8183,8185,8076,12.672818660736084,sil,False
73,8170,8173,8207,8175,8192,8175,8170,8166,8196,8202,8182,8187,8186,8088,12.68891453742981,sil,False
74,8147,8158,8184,8170,8181,8185,8173,8169,8186,8191,8156,8161,8174,8080,12.68891453742981,sil,False
75,8128,8131,8169,8152,8166,8181,8161,8159,8176,8173,8134,8150,8156,8066,12.705036163330078,sil,False
76,8142,8141,8178,8168,8187,8192,8178,8172,8189,8182,8136,8153,8157,8077,12.705036163330078,sil,False
77,8151,8151,8176,8186,8201,8200,8194,8179,8192,8196,8148,8150,8160,8093,12.720760822296144,sil,False
78,8131,8133,8172,8171,8174,8193,8181,8175,8167,8178,8138,8146,8142,8094,12.720760822296144,sil,False
79,8120,8115,8137,8167,8165,8197,8184,8172,8167,8172,8131,8131,8145,8083,12.735957384109495,sil,False
80,8131,8116,8135,8168,8176,8198,8194,8167,8180,8180,8141,8140,8156,8087,12.735957384109495,sil,False
81,8140,8124,8150,8167,8173,8183,8189,8174,8190,8181,8146,8145,8155,8095,12.751656532287598,sil,False
82,8153,8113,8137,8177,8173,8175,8193,8189,8223,8198,8161,8146,8173,8102,12.751656532287598,sil,False
83,8164,8106,8140,8170,8181,8180,8193,8202,8242,8214,8176,8175,8193,8112,12.767299175262451,sil,False
84,8152,8123,8134,8173,8186,8180,8178,8197,8235,8211,8181,8169,8192,8096,12.767299175262451,sil,False
85,8148,8126,8134,8177,8184,8168,8152,8172,8207,8185,8179,8152,8176,8077,12.78297233581543,sil,False
86,8153,8112,8135,8165,8182,8168,8148,8165,8179,8164,8170,8153,8162,8075,12.78297233581543,sil,False
87,8144,8109,8121,8167,8183,8174,8161,8161,8171,8162,8163,8148,8154,8065,12.798076152801514,sil,False
88,8133,8114,8137,8168,8187,8175,8165,8153,8164,8154,8167,8145,8136,8056,12.798076152801514,sil,False
89,8127,8117,8134,8162,8200,8190,8178,8163,8166,8158,8171,8126,8122,8048,12.813780784606934,sil,False
90,8125,8120,8130,8161,8202,8194,8184,8164,8161,8157,8153,8116,8112,8038,12.813780784606934,sil,False
91,8122,8120,8141,8171,8190,8181,8179,8168,8161,8159,8135,8111,8111,8040,12.829943180084229,sil,False
92,8122,8116,8136,8178,8186,8189,8185,8177,8188,8181,8151,8105,8122,8053,12.829943180084229,sil,False
93,8122,8117,8140,8166,8196,8210,8197,8173,8188,8179,8149,8114,8120,8060,12.845065116882324,sil,False
94,8122,8109,8128,8165,8204,8214,8214,8172,8183,8182,8131,8107,8123,8062,12.845065116882324,sil,False
95,8132,8097,8125,8163,8186,8194,8212,8177,8201,8202,8136,8111,8140,8076,12.860780715942385,sil,False
96,8133,8099,8127,8147,8166,8180,8190,8188,8207,8195,8140,8121,8146,8086,12.860780715942385,sil,False
97,8122,8095,8102,8138,8165,8173,8183,8177,8195,8182,8133,8109,8144,8077,12.876346349716188,sil,False
98,8129,8092,8112,8128,8160,8156,8173,8162,8181,8180,8134,8124,8145,8074,12.876346349716188,sil,False
99,8151,8108,8127,8132,8155,8143,8159,8168,8182,8179,8159,8145,8165,8072,12.891754388809204,sil,False
100,8165,8126,8144,8158,8169,8139,8158,8162,8172,8168,8182,8159,8181,8066,12.891754388809204,sil,False
101,8167,8143,8170,8182,8182,8152,8161,8161,8154,8161,8182,8164,8166,8072,12.907806396484377,sil,False
102,8160,8150,8161,8197,8182,8173,8174,8168,8167,8174,8181,8148,8158,8080,12.907806396484377,sil,False
103,8151,8145,8166,8189,8183,8181,8183,8172,8182,8184,8177,8152,8160,8080,12.923064470291138,sil,False
104,8138,8146,8158,8187,8193,8185,8187,8171,8181,8184,8162,8135,8148,8068,12.923064470291138,sil,False
105,8136,8155,8152,8198,8197,8185,8189,8162,8180,8189,8160,8124,8135,8073,12.939113855361938,sil,False
106,8147,8145,8161,8190,8184,8180,8194,8175,8188,8195,8165,8145,8142,8098,12.939113855361938,sil,False
107,8148,8125,8130,8169,8165,8161,8192,8191,8201,8194,8169,8146,8163,8094,12.954326868057253,sil,False
108,8162,8136,8136,8155,8165,8139,8164,8178,8186,8176,8177,8160,8167,8081,12.954326868057253,sil,False
109,8195,8174,8181,8185,8188,8152,8161,8171,8179,8182,8197,8183,8173,8093,12.970031499862673,sil,False
110,8204,8189,8201,8221,8198,8175,8177,8166,8187,8197,8217,8196,8182,8106,12.970031499862673,sil,False
111,8184,8177,8191,8205,8180,8173,8174,8161,8169,8187,8201,8184,8167,8100,12.985175132751465,sil,False
112,8173,8163,8163,8194,8177,8166,8181,8159,8161,8193,8174,8147,8154,8096,12.985175132751465,sil,False
113,8177,8153,8173,8196,8178,8168,8187,8164,8174,8208,8166,8153,8152,8109,13.00079345703125,sil,False
114,8171,8147,8166,8180,8166,8169,8180,8177,8183,8207,8170,8159,8151,8111,13.016705751419067,sil,False
115,8164,8146,8130,8157,8160,8158,8170,8174,8180,8202,8171,8147,8157,8096,13.016705751419067,sil,False
116,8173,8157,8149,8153,8157,8149,8166,8181,8180,8195,8169,8166,8164,8101,13.031734704971312,sil,False
117,8185,8181,8170,8180,8169,8153,8169,8182,8186,8194,8189,8175,8167,8102,13.031734704971312,sil,False
118,8174,8196,8183,8197,8184,8159,8165,8158,8167,8179,8194,8171,8152,8085,13.031734704971312,sil,False
119,8152,8188,8179,8203,8182,8174,8171,8159,8155,8175,8168,8158,8131,8068,13.047435522079468,sil,False
120,8144,8157,8147,8194,8174,8173,8184,8166,8172,8194,8151,8137,8128,8067,13.047435522079468,sil,False
121,8135,8138,8139,8159,8160,8152,8169,8158,8165,8183,8139,8132,8129,8077,13.064281940460203,sil,False
122,8121,8141,8126,8142,8142,8146,8148,8161,8150,8156,8132,8122,8133,8065,13.064281940460203,sil,False
123,8136,8154,8135,8148,8144,8142,8135,8168,8151,8145,8154,8144,8141,8052,13.078083992004396,sil,False
124,8161,8182,8160,8161,8170,8146,8133,8169,8157,8152,8177,8170,8149,8062,13.09364628791809,sil,False
125,8158,8193,8165,8171,8176,8158,8138,8155,8149,8153,8171,8159,8143,8063,13.09364628791809,sil,False
126,8142,8175,8175,8159,8156,8157,8135,8152,8132,8139,8156,8152,8112,8054,13.109951496124268,sil,False
127,8143,8174,8172,8166,8158,8160,8148,8167,8143,8151,8166,8144,8114,8051,13.109951496124268,sil,False
237,8162,8194,8191,8197,8180,8176,8172,8165,8155,8173,8177,8157,8141,8075,13.1253023147583,sil,False
0,8157,8187,8192,8198,8188,8190,8186,8169,8152,8171,8159,8162,8136,8085,13.1253023147583,sil,False
1,8125,8157,8148,8170,8168,8183,8185,8174,8163,8171,8134,8130,8123,8064,13.140671014785768,sil,False
2,8118,8149,8147,8150,8153,8171,8165,8169,8164,8172,8122,8126,8125,8067,13.140671014785768,sil,False
3,8135,8154,8146,8159,8161,8169,8160,8173,8167,8183,8136,8136,8136,8081,13.156630277633669,sil,False
4,8144,8146,8137,8156,8163,8156,8165,8178,8181,8193,8155,8154,8145,8090,13.156630277633669,sil,False
5,8149,8145,8144,8133,8148,8142,8159,8188,8183,8186,8158,8165,8161,8099,13.172105312347412,sil,False
6,8162,8160,8147,8140,8153,8142,8153,8186,8181,8185,8178,8171,8185,8107,13.172105312347412,sil,False
7,8180,8173,8173,8157,8171,8144,8145,8176,8176,8185,8200,8201,8185,8113,13.188111782073976,sil,False
8,8171,8179,8168,8157,8170,8144,8145,8167,8160,8170,8197,8185,8170,8096,13.188111782073976,sil,False
9,8150,8176,8149,8149,8159,8141,8144,8149,8131,8140,8185,8151,8148,8067,13.20399045944214,sil,False
10,8135,8172,8156,8148,8158,8145,8145,8150,8123,8136,8168,8147,8129,8064,13.20399045944214,sil,False
11,8124,8160,8148,8161,8169,8155,8161,8157,8149,8177,8162,8139,8135,8078,13.21998167037964,sil,False
12,8117,8146,8153,8154,8172,8160,8167,8163,8165,8201,8159,8142,8138,8086,13.21998167037964,sil,False
13,8118,8145,8137,8138,8170,8158,8166,8181,8177,8204,8151,8140,8143,8084,13.235185861587524,sil,False
14,8128,8146,8123,8129,8160,8145,8150,8179,8176,8195,8159,8152,8159,8088,13.235185861587524,sil,False
15,8140,8164,8146,8123,8154,8141,8129,8171,8161,8175,8176,8176,8161,8091,13.250894784927368,sil,False
16,8146,8180,8150,8143,8174,8152,8148,8176,8171,8186,8182,8165,8153,8085,13.250894784927368,sil,False
17,8137,8166,8160,8156,8181,8162,8171,8173,8180,8202,8167,8159,8142,8089,13.265989780426024,sil,False
18,8122,8145,8144,8152,8163,8169,8174,8176,8188,8210,8152,8150,8145,8101,13.265989780426024,sil,False
19,8127,8142,8118,8139,8152,8153,8158,8180,8202,8212,8155,8150,8163,8103,13.28172779083252,sil,False
20,8148,8150,8135,8123,8153,8123,8133,8175,8175,8182,8163,8167,8160,8093,13.28172779083252,sil,False
21,8151,8156,8138,8140,8163,8120,8134,8156,8141,8157,8175,8160,8150,8082,13.297340631484984,sil,False
22,8136,8161,8144,8163,8171,8142,8145,8150,8143,8170,8162,8152,8140,8089,13.297340631484984,sil,False
23,8120,8160,8132,8163,8167,8159,8163,8171,8167,8204,8143,8129,8138,8094,13.313161849975586,sil,False
24,8114,8139,8100,8143,8156,8153,8172,8176,8182,8212,8145,8116,8140,8086,13.313161849975586,sil,False
25,8114,8129,8101,8123,8147,8138,8163,8182,8178,8191,8141,8129,8135,8091,13.328325986862184,sil,False
26,8123,8144,8100,8129,8149,8130,8161,8194,8189,8197,8154,8131,8163,8100,13.328325986862184,sil,False
27,8141,8152,8116,8127,8154,8121,8154,8185,8195,8207,8186,8153,8195,8102,13.344120025634766,sil,False
28,8136,8151,8119,8125,8153,8118,8144,8173,8173,8187,8187,8162,8184,8088,13.344120025634766,sil,False
29,8132,8165,8113,8140,8150,8124,8150,8161,8152,8171,8178,8148,8163,8074,13.359834671020508,sil,False
30,8151,8182,8138,8147,8159,8136,8157,8160,8146,8169,8183,8156,8161,8082,13.359834671020508,sil,False
31,8150,8181,8131,8153,8169,8142,8159,8159,8149,8168,8183,8148,8161,8083,13.375673532485962,sil,False
32,8137,8177,8137,8162,8167,8148,8157,8158,8140,8159,8172,8139,8141,8081,13.375673532485962,sil,False
33,8135,8184,8157,8171,8166,8169,8162,8170,8142,8163,8160,8132,8127,8083,13.390775442123411,sil,False
34,8130,8178,8138,8176,8168,8178,8166,8162,8153,8177,8150,8113,8129,8077,13.390775442123411,sil,False
35,8123,8166,8138,8164,8158,8166,8168,8161,8153,8177,8142,8115,8132,8079,13.406360626220703,sil,False
36,8125,8158,8133,8155,8148,8155,8179,8187,8172,8184,8143,8115,8141,8085,13.406360626220703,sil,False
37,8137,8159,8132,8138,8144,8141,8171,8185,8178,8185,8145,8124,8143,8089,13.422311544418337,sil,False
38,8140,8163,8132,8123,8143,8137,8155,8173,8165,8176,8145,8135,8145,8087,13.422311544418337,sil,False
39,8136,8154,8117,8131,8150,8145,8153,8172,8171,8181,8157,8137,8165,8076,13.437959671020508,sil,False
40,8144,8154,8136,8132,8148,8135,8142,8168,8158,8167,8162,8149,8163,8071,13.437959671020508,sil,False
41,8146,8161,8143,8131,8146,8121,8136,8161,8130,8144,8156,8140,8150,8065,13.453621625900269,sil,False
42,8146,8164,8150,8143,8159,8131,8141,8160,8139,8149,8169,8153,8163,8072,13.453621625900269,sil,False
43,8144,8168,8161,8152,8170,8150,8145,8172,8155,8161,8180,8164,8171,8083,13.469049453735352,sil,False
44,8128,8168,8143,8155,8167,8150,8155,8165,8148,8162,8163,8125,8151,8068,13.469049453735352,sil,False
45,8113,8157,8148,8149,8161,8155,8164,8156,8139,8155,8137,8108,8126,8062,13.484750986099243,sil,False
46,8119,8153,8145,8150,8164,8172,8176,8170,8159,8163,8136,8111,8124,8074,13.484750986099243,sil,False
47,8127,8144,8139,8147,8156,8163,8174,8174,8162,8165,8140,8113,8131,8079,13.50085973739624,sil,False
48,8121,8131,8142,8130,8145,8152,8169,8178,8155,8165,8132,8116,8135,8078,13.50085973739624,sil,False
49,8123,8132,8132,8130,8152,8159,8177,8181,8177,8194,8141,8118,8145,8084,13.51639199256897,sil,False
50,8136,8140,8151,8133,8151,8150,8168,8176,8176,8196,8147,8144,8149,8097,13.51639199256897,sil,False
51,8140,8148,8147,8133,8142,8138,8157,8177,8165,8180,8155,8148,8161,8095,13.531532287597656,sil,False
52,8140,8140,8133,8128,8145,8133,8148,8172,8165,8174,8171,8149,8172,8088,13.531532287597656,sil,False
53,8147,8145,8150,8120,8153,8126,8131,8168,8157,8167,8178,8167,8165,8089,13.5467050075531,sil,False
54,8157,8166,8149,8135,8160,8131,8133,8162,8156,8158,8193,8165,8161,8083,13.5467050075531,sil,False
55,8160,8177,8163,8144,8162,8138,8135,8159,8149,8142,8198,8176,8154,8076,13.562689304351808,sil,False
56,8150,8176,8168,8145,8169,8147,8144,8167,8148,8145,8187,8171,8149,8073,13.562689304351808,sil,False
57,8137,8177,8160,8157,8181,8159,8160,8157,8157,8162,8187,8146,8142,8068,13.578779935836792,sil,False
58,8126,8167,8160,8150,8178,8176,8164,8158,8157,8168,8172,8138,8122,8071,13.578779935836792,sil,False
59,8118,8138,8134,8128,8171,8189,8181,8179,8168,8185,8152,8132,8130,8082,13.594342231750488,sil,False
60,8128,8126,8142,8122,8166,8183,8189,8176,8171,8192,8155,8148,8143,8099,13.594342231750488,sil,False
61,8136,8136,8150,8145,8163,8175,8180,8171,8163,8183,8166,8150,8140,8103,13.609883546829224,sil,False
62,8140,8136,8141,8166,8167,8175,8183,8183,8176,8194,8179,8152,8158,8110,13.609883546829224,sil,False
63,8156,8138,8166,8158,8168,8179,8196,8202,8197,8219,8189,8178,8188,8131,13.625788927078249,sil,False
64,8157,8140,8156,8148,8159,8169,8194,8201,8203,8224,8188,8173,8192,8125,13.625788927078249,sil,False
65,8142,8134,8140,8125,8141,8145,8168,8188,8190,8190,8168,8166,8168,8107,13.640849590301514,sil,False
66,8136,8129,8136,8110,8137,8146,8164,8195,8192,8173,8155,8159,8165,8101,13.640849590301514,sil,False
67,8142,8124,8126,8106,8145,8154,8171,8188,8196,8182,8163,8149,8172,8097,13.656928777694702,sil,False
68,8147,8132,8143,8101,8141,8148,8154,8174,8179,8163,8168,8160,8163,8093,13.656928777694702,sil,False
69,8156,8152,8152,8124,8145,8140,8146,8170,8169,8152,8183,8166,8173,8090,13.67302131652832,sil,False
70,8171,8163,8172,8141,8153,8138,8147,8163,8159,8161,8201,8185,8180,8098,13.67302131652832,sil,False
71,8177,8170,8187,8138,8155,8146,8153,8163,8155,8161,8202,8188,8168,8104,13.688441038131714,sil,False
72,8173,8178,8181,8144,8154,8146,8157,8159,8162,8164,8203,8172,8165,8099,13.688441038131714,sil,False
73,8166,8177,8194,8143,8149,8139,8151,8159,8154,8166,8197,8185,8164,8094,13.703571319580078,sil,False
74,8154,8163,8181,8142,8151,8145,8153,8164,8147,8157,8187,8173,8158,8086,13.703571319580078,sil,False
75,8150,8162,8180,8148,8154,8151,8154,8153,8135,8135,8171,8156,8139,8084,13.72010898590088,sil,False
76,8147,8169,8188,8150,8152,8150,8153,8148,8124,8134,8150,8150,8119,8084,13.72010898590088,sil,False
77,8139,8153,8168,8143,8146,8149,8162,8148,8132,8158,8141,8136,8122,8080,13.73607349395752,sil,False
78,8137,8130,8173,8122,8138,8151,8166,8150,8130,8159,8129,8136,8126,8085,13.73607349395752,sil,False
79,8143,8127,8169,8128,8142,8157,8180,8163,8130,8159,8122,8135,8130,8088,13.751662731170654,sil,False
80,8150,8126,8170,8140,8150,8153,8188,8166,8142,8169,8123,8147,8132,8091,13.751662731170654,sil,False
81,8148,8116,8166,8119,8143,8151,8171,8167,8146,8157,8119,8149,8124,8090,13.767202615737917,sil,False
82,8149,8114,8139,8102,8133,8148,8157,8164,8144,8144,8121,8141,8128,8085,13.767202615737917,sil,False
83,8158,8130,8160,8103,8140,8134,8153,8165,8142,8143,8128,8169,8146,8094,13.78275728225708,sil,False
84,8156,8133,8168,8122,8148,8126,8151,8168,8144,8146,8134,8169,8154,8090,13.78275728225708,sil,False
85,8153,8127,8158,8131,8139,8118,8135,8159,8135,8135,8139,8159,8145,8074,13.79883098602295,sil,False
86,8154,8135,8164,8124,8132,8110,8126,8167,8130,8128,8148,8174,8142,8080,13.79883098602295,sil,False
87,8159,8133,8157,8118,8139,8112,8133,8164,8141,8140,8161,8167,8154,8081,13.814725399017334,sil,False
88,8166,8128,8172,8114,8140,8111,8122,8146,8131,8138,8163,8170,8156,8079,13.814725399017334,sil,False
89,8167,8145,8177,8135,8145,8112,8120,8154,8132,8139,8174,8180,8160,8088,13.82976222038269,sil,False
90,8163,8152,8177,8148,8149,8116,8133,8157,8149,8150,8188,8184,8163,8087,13.82976222038269,sil,False
91,8149,8137,8180,8125,8138,8120,8134,8154,8143,8146,8172,8169,8143,8074,13.845681190490724,sil,False
92,8131,8134,8162,8121,8137,8117,8133,8155,8139,8142,8152,8143,8128,8066,13.845681190490724,sil,False
93,8137,8142,8183,8143,8142,8125,8135,8154,8143,8142,8149,8156,8133,8078,13.860728979110718,sil,False
94,8146,8138,8181,8148,8140,8145,8149,8163,8148,8147,8150,8148,8136,8081,13.860728979110718,sil,False
95,8125,8121,8154,8134,8141,8153,8162,8162,8155,8156,8144,8127,8125,8073,13.875755786895752,sil,False
96,8109,8119,8162,8136,8149,8164,8171,8165,8156,8162,8140,8136,8118,8077,13.875755786895752,sil,False
97,8126,8126,8156,8150,8152,8170,8189,8166,8163,8183,8149,8137,8134,8085,13.891275644302368,sil,False
98,8140,8121,8160,8141,8143,8155,8189,8159,8161,8187,8151,8144,8139,8092,13.891275644302368,sil,False
99,8126,8117,8151,8134,8140,8147,8175,8163,8157,8176,8132,8137,8125,8086,13.90605926513672,sil,False
100,8119,8112,8125,8129,8132,8139,8158,8165,8156,8171,8122,8120,8123,8074,13.92188572883606,sil,False
101,8126,8107,8130,8103,8119,8121,8139,8169,8154,8154,8129,8134,8129,8077,13.92188572883606,sil,False
102,8129,8108,8122,8106,8128,8120,8143,8174,8163,8148,8135,8138,8139,8080,13.937950372695925,sil,False
103,8122,8105,8119,8110,8138,8120,8149,8168,8157,8152,8117,8128,8128,8074,13.937950372695925,sil,False
104,8116,8098,8118,8096,8130,8112,8138,8167,8146,8147,8109,8115,8118,8059,13.953724145889282,sil,False
105,8131,8102,8126,8101,8119,8108,8123,8162,8147,8141,8138,8130,8136,8057,13.953724145889282,sil,False
106,8143,8122,8157,8116,8125,8109,8111,8153,8129,8134,8152,8154,8139,8065,13.953724145889282,sil,False
107,8132,8131,8151,8133,8137,8115,8121,8147,8116,8136,8145,8127,8123,8050,13.969810009002686,sil,False
108,8131,8131,8157,8135,8130,8120,8127,8147,8120,8130,8141,8122,8108,8048,13.98503851890564,sil,False
109,8135,8139,8171,8133,8126,8132,8129,8157,8131,8132,8134,8131,8109,8070,13.98503851890564,sil,False
110,8122,8133,8159,8144,8131,8145,8136,8151,8140,8156,8133,8118,8116,8070,14.000138521194458,sil,False
111,8112,8116,8153,8138,8121,8144,8136,8147,8131,8158,8132,8121,8108,8056,14.000138521194458,sil,False
112,8121,8114,8138,8129,8117,8144,8149,8159,8139,8151,8134,8121,8111,8062,14.015690326690674,sil,False
113,8134,8123,8148,8132,8128,8152,8160,8160,8153,8154,8135,8127,8129,8083,14.015690326690674,sil,False
114,8129,8119,8152,8126,8127,8157,8153,8163,8148,8157,8125,8127,8140,8085,14.031798124313354,sil,False
115,8119,8112,8130,8118,8116,8149,8143,8168,8147,8167,8128,8121,8149,8077,14.031798124313354,sil,False
116,8134,8126,8155,8117,8121,8144,8146,8179,8161,8174,8141,8148,8161,8089,14.046931028366089,sil,False
117,8155,8139,8162,8130,8139,8150,8159,8186,8186,8190,8157,8159,8183,8091,14.046931028366089,sil,False
118,8159,8130,8155,8133,8139,8144,8142,8170,8180,8190,8168,8163,8193,8081,14.067922353744509,sil,False
119,8152,8135,8165,8128,8133,8134,8125,8160,8147,8159,8168,8170,8182,8075,14.067922353744509,sil,False
120,8156,8152,8164,8143,8147,8140,8142,8159,8139,8143,8169,8161,8175,8067,14.067922353744509,sil,False
121,8169,8166,8185,8154,8157,8149,8147,8161,8143,8148,8174,8169,8168,8064,14.07809853553772,sil,False
122,8163,8178,8188,8165,8154,8158,8144,8164,8145,8153,8174,8161,8162,8065,14.093682050704956,sil,False
123,8145,8169,8181,8173,8153,8156,8147,8150,8131,8138,8151,8145,8147,8060,14.093682050704956,sil,False
124,8137,8157,8181,8167,8150,8150,8154,8149,8122,8125,8132,8136,8122,8053,14.10976529121399,hello,True
125,8137,8153,8173,8168,8148,8153,8166,8161,8143,8144,8141,8125,8130,8054,14.10976529121399,hello,True
126,8146,8146,8191,8164,8144,8164,8173,8167,8157,8164,8143,8145,8153,8079,14.125023126602173,hello,True
127,8158,8145,8173,8162,8142,8164,8174,8177,8168,8181,8139,8154,8162,8095,14.125023126602173,hello,True
237,8163,8146,8159,8153,8143,8151,8166,8174,8172,8177,8145,8160,8160,8094,14.14077639579773,hello,True
0,8162,8150,8184,8154,8142,8154,8162,8174,8165,8167,8151,8170,8169,8103,14.14077639579773,hello,True
1,8169,8149,8172,8167,8136,8155,8164,8177,8174,8180,8159,8158,8186,8105,14.155777215957642,hello,True
2,8167,8141,8161,8141,8128,8131,8134,8174,8167,8178,8153,8166,8177,8097,14.155777215957642,hello,True
3,8155,8142,8147,8120,8132,8121,8112,8173,8153,8161,8148,8165,8173,8085,14.17121720314026,hello,True
4,8160,8140,8144,8131,8130,8121,8109,8158,8140,8144,8158,8162,8182,8072,14.171659469604492,hello,True
5,8160,8143,8167,8130,8126,8120,8100,8145,8119,8123,8148,8170,8166,8066,14.186686992645264,hello,True
6,8155,8154,8158,8133,8139,8138,8116,8146,8121,8120,8141,8155,8154,8062,14.186686992645264,hello,True
7,8162,8157,8171,8133,8144,8147,8136,8154,8124,8111,8150,8164,8154,8074,14.202725887298584,hello,True
8,8161,8150,8183,8130,8135,8145,8139,8157,8122,8106,8150,8167,8149,8075,14.202725887298584,hello,True
9,8157,8157,8179,8145,8143,8148,8139,8149,8130,8124,8142,8158,8143,8068,14.218302726745604,hello,True
10,8164,8169,8192,8156,8149,8148,8134,8149,8125,8128,8140,8167,8142,8080,14.218302726745604,hello,True
11,8155,8156,8174,8158,8140,8145,8136,8143,8116,8124,8141,8158,8144,8082,14.233587980270386,hello,True
12,8141,8141,8174,8154,8132,8151,8140,8137,8107,8119,8125,8156,8130,8077,14.233587980270386,hello,True
13,8146,8139,8176,8157,8137,8164,8151,8155,8109,8118,8107,8149,8119,8075,14.250096797943115,hello,True
14,8155,8136,8157,8157,8143,8163,8157,8162,8123,8130,8114,8144,8129,8078,14.250096797943115,hello,True
15,8170,8146,8165,8146,8142,8156,8154,8168,8134,8139,8126,8169,8144,8094,14.265274286270142,hello,True
16,8191,8161,8169,8149,8137,8148,8151,8176,8144,8142,8138,8186,8165,8107,14.265274286270142,hello,True
17,8202,8170,8188,8155,8131,8127,8137,8165,8137,8133,8161,8209,8180,8113,14.280701398849487,hello,True
18,8198,8177,8196,8162,8136,8122,8131,8164,8126,8130,8181,8220,8187,8110,14.280701398849487,hello,True
19,8197,8179,8182,8168,8146,8132,8129,8160,8118,8133,8185,8209,8190,8100,14.29672622680664,hello,True
20,8193,8185,8198,8160,8145,8133,8115,8148,8100,8123,8179,8207,8178,8090,14.29672622680664,hello,True
21,8186,8198,8207,8175,8147,8134,8114,8151,8091,8125,8178,8194,8166,8086,14.312764406204224,hello,True
22,8193,8201,8215,8199,8153,8140,8125,8145,8094,8136,8174,8191,8163,8091,14.312764406204224,hello,True
23,8191,8191,8208,8197,8152,8147,8131,8137,8095,8132,8161,8186,8155,8086,14.327786207199097,hello,True
24,8166,8176,8185,8192,8152,8148,8134,8136,8093,8132,8156,8177,8149,8077,14.327786207199097,hello,True
25,8160,8168,8190,8191,8150,8152,8142,8151,8103,8146,8155,8190,8157,8095,14.343892574310305,hello,True
26,8176,8161,8179,8183,8151,8161,8156,8172,8133,8166,8155,8185,8178,8108,14.343892574310305,hello,True
27,8182,8157,8173,8173,8152,8145,8142,8170,8141,8161,8162,8193,8185,8097,14.360015153884888,hello,True
28,8183,8167,8182,8178,8157,8124,8119,8165,8115,8130,8174,8213,8187,8087,14.360015153884888,hello,True
29,8184,8184,8182,8195,8162,8131,8118,8158,8102,8114,8185,8206,8183,8080,14.375751972198486,hello,True
30,8173,8182,8195,8191,8166,8149,8118,8150,8095,8116,8167,8189,8148,8073,14.375751972198486,hello,True
31,8152,8165,8176,8188,8167,8159,8130,8152,8093,8134,8132,8154,8123,8066,14.391064882278442,hello,True
32,8143,8151,8162,8188,8157,8155,8149,8151,8105,8147,8130,8151,8130,8075,14.391064882278442,hello,True
33,8151,8140,8169,8174,8150,8149,8147,8165,8131,8158,8147,8174,8152,8092,14.406553268432615,hello,True
34,8159,8139,8143,8155,8153,8140,8129,8175,8154,8162,8146,8165,8171,8088,14.406553268432615,hello,True
35,8166,8156,8148,8147,8156,8128,8107,8164,8134,8135,8145,8174,8173,8081,14.421770811080933,hello,True
36,8162,8169,8166,8164,8162,8127,8108,8162,8116,8130,8178,8185,8177,8075,14.421770811080933,hello,True
37,8152,8153,8158,8163,8163,8138,8122,8157,8122,8148,8193,8172,8179,8065,14.436818599700928,hello,True
38,8150,8152,8144,8143,8156,8145,8127,8149,8111,8138,8165,8157,8154,8053,14.436818599700928,hello,True
39,8149,8172,8138,8159,8157,8143,8134,8146,8112,8134,8160,8152,8137,8048,14.45276689529419,hello,True
40,8152,8177,8171,8185,8165,8152,8140,8150,8124,8147,8162,8163,8137,8065,14.45276689529419,hello,True
41,8152,8174,8170,8183,8170,8172,8151,8161,8125,8152,8141,8147,8134,8077,14.468339443206789,hello,True
42,8147,8172,8145,8168,8165,8171,8151,8152,8113,8143,8126,8132,8119,8065,14.468339443206789,hello,True
43,8136,8168,8150,8158,8155,8163,8137,8148,8109,8123,8116,8134,8095,8058,14.483999729156494,hello,True
44,8129,8157,8143,8161,8155,8173,8148,8154,8128,8129,8111,8120,8095,8070,14.483999729156494,hello,True
45,8139,8152,8148,8158,8162,8175,8163,8164,8146,8158,8118,8133,8120,8089,14.499042749404907,hello,True
46,8150,8154,8142,8156,8159,8170,8162,8179,8160,8166,8121,8138,8131,8089,14.499042749404907,hello,True
47,8144,8143,8123,8147,8151,8174,8159,8171,8166,8153,8108,8125,8119,8078,14.51465368270874,sil,False
48,8129,8132,8127,8117,8143,8178,8159,8163,8160,8151,8091,8123,8106,8079,14.51465368270874,sil,False
49,8123,8127,8114,8105,8143,8175,8172,8176,8170,8169,8094,8115,8114,8072,14.53025221824646,sil,False
50,8127,8120,8115,8104,8149,8172,8191,8191,8185,8169,8101,8123,8115,8068,14.53025221824646,sil,False
51,8118,8107,8111,8094,8145,8168,8197,8192,8182,8157,8089,8117,8107,8068,14.546016931533812,sil,False
52,8114,8097,8101,8081,8129,8160,8177,8178,8173,8151,8088,8109,8113,8065,14.546016931533812,sil,False
53,8124,8102,8123,8071,8121,8150,8158,8179,8164,8141,8098,8129,8115,8067,14.561314582824709,sil,False
54,8127,8111,8112,8078,8133,8142,8164,8182,8175,8145,8100,8124,8120,8057,14.561314582824709,sil,False
55,8133,8118,8111,8087,8144,8137,8157,8170,8185,8153,8105,8126,8129,8057,14.576942682266235,sil,False
56,8151,8138,8135,8102,8151,8151,8145,8176,8184,8153,8120,8149,8135,8075,14.576942682266235,sil,False
57,8168,8155,8146,8127,8162,8161,8144,8175,8177,8147,8139,8162,8145,8079,14.592095375061035,sil,False
58,8165,8153,8157,8128,8161,8153,8143,8159,8157,8135,8133,8162,8135,8064,14.607685804367064,sil,False
59,8147,8150,8144,8129,8157,8154,8150,8160,8153,8148,8124,8143,8121,8054,14.607685804367064,sil,False
60,8141,8147,8150,8134,8151,8156,8146,8161,8153,8156,8121,8148,8112,8060,14.622831106185911,sil,False
61,8140,8142,8159,8132,8141,8155,8140,8154,8139,8133,8112,8145,8103,8055,14.622831106185911,sil,False
62,8135,8132,8144,8136,8144,8158,8155,8149,8134,8123,8114,8124,8108,8046,14.638919115066528,sil,False
63,8129,8124,8155,8139,8148,8164,8161,8155,8134,8131,8114,8133,8110,8059,14.638919115066528,sil,False
64,8123,8117,8144,8141,8142,8175,8164,8168,8146,8142,8106,8127,8106,8068,14.653668642044067,sil,False
65,8129,8107,8139,8137,8139,8181,8175,8165,8160,8152,8109,8125,8115,8077,14.653668642044067,sil,False
66,8150,8117,8166,8147,8148,8184,8188,8175,8166,8166,8124,8148,8137,8093,14.669987440109251,sil,False
67,8149,8128,8168,8165,8158,8182,8187,8179,8163,8165,8133,8148,8133,8088,14.669987440109251,sil,False
68,8134,8125,8168,8148,8150,8178,8175,8168,8155,8141,8109,8139,8107,8085,14.685101747512816,sil,False
69,8145,8121,8161,8134,8142,8184,8186,8177,8181,8149,8106,8133,8126,8101,14.685101747512816,sil,False
70,8166,8115,8160,8128,8138,8176,8190,8183,8196,8170,8140,8154,8152,8112,14.700822114944458,sil,False
71,8160,8108,8152,8108,8132,8160,8171,8177,8178,8164,8136,8166,8144,8109,14.700822114944458,sil,False
72,8146,8105,8128,8107,8130,8152,8158,8166,8175,8161,8113,8148,8147,8099,14.716760158538818,sil,False
73,8148,8107,8140,8100,8121,8143,8139,8161,8164,8147,8119,8153,8154,8096,14.716760158538818,sil,False
74,8142,8111,8131,8084,8118,8144,8138,8169,8157,8139,8138,8151,8151,8091,14.732040405273438,sil,False
75,8146,8122,8131,8089,8129,8147,8152,8172,8170,8156,8141,8159,8158,8094,14.732040405273438,sil,False
76,8156,8138,8162,8107,8133,8143,8146,8171,8165,8149,8138,8173,8161,8095,14.74769902229309,sil,False
77,8151,8147,8156,8121,8141,8143,8143,8162,8152,8131,8147,8162,8152,8077,14.74769902229309,sil,False
78,8156,8156,8167,8116,8153,8164,8156,8161,8150,8134,8153,8174,8146,8079,14.763299703598022,sil,False
79,8160,8155,8173,8117,8152,8176,8162,8168,8155,8150,8154,8170,8149,8086,14.763299703598022,sil,False
80,8146,8149,8167,8131,8150,8156,8145,8152,8143,8153,8149,8157,8146,8082,14.778960466384888,sil,False
81,8136,8159,8184,8138,8152,8153,8141,8146,8127,8141,8141,8166,8137,8085,14.778960466384888,sil,False
82,8141,8155,8168,8144,8147,8168,8164,8156,8147,8158,8143,8148,8145,8091,14.794413566589355,sil,False
83,8146,8135,8158,8134,8133,8171,8171,8162,8169,8182,8144,8141,8155,8102,14.794413566589355,sil,False
84,8149,8141,8160,8129,8135,8171,8170,8177,8178,8185,8144,8157,8165,8113,14.81011962890625,sil,False
85,8162,8148,8161,8138,8142,8158,8167,8183,8190,8178,8157,8180,8180,8123,14.81011962890625,sil,False
86,8178,8150,8175,8131,8139,8138,8155,8186,8198,8180,8167,8194,8187,8130,14.825692176818848,sil,False
87,8194,8161,8168,8133,8147,8149,8160,8189,8198,8194,8176,8187,8200,8127,14.825692176818848,sil,False
88,8201,8173,8185,8144,8155,8154,8155,8171,8178,8182,8185,8204,8199,8121,14.840827226638794,sil,False
89,8193,8182,8194,8149,8155,8141,8135,8160,8156,8162,8186,8205,8180,8110,14.840827226638794,sil,False
90,8192,8182,8190,8154,8155,8151,8136,8153,8126,8164,8186,8187,8173,8105,14.856286764144896,sil,False
91,8196,8177,8212,8160,8155,8174,8152,8155,8081,8174,8177,8194,8174,8115,14.856286764144896,sil,False
92,8187,8165,8194,8167,8155,8181,8168,8158,8067,8185,8167,8186,8171,8117,14.872202396392822,sil,False
93,8183,8159,8184,8163,8154,8175,8166,8150,8076,8182,8165,8181,8163,8120,14.872202396392822,sil,False
94,8190,8157,8188,8161,8156,8181,8166,8167,8093,8190,8167,8187,8169,8134,14.88771653175354,sil,False
95,8197,8148,8178,8155,8149,8180,8168,8184,8114,8210,8167,8193,8191,8141,14.88771653175354,sil,False
96,8194,8148,8181,8135,8140,8162,8152,8174,8103,8182,8164,8210,8193,8133,14.902877569198608,sil,False
97,8191,8156,8165,8133,8151,8152,8143,8155,8082,8151,8170,8197,8183,8108,14.902877569198608,sil,False
98,8194,8158,8167,8135,8156,8149,8132,8146,8075,8149,8174,8189,8175,8092,14.918012619018556,sil,False
99,8191,8156,8176,8136,8150,8153,8123,8156,8074,8146,8172,8189,8168,8086,14.918012619018556,sil,False
100,8176,8155,8164,8154,8152,8166,8132,8153,8075,8147,8172,8173,8161,8078,14.933749675750732,sil,False
101,8162,8154,8171,8163,8155,8181,8150,8156,8079,8163,8150,8164,8147,8085,14.933749675750732,sil,False
102,8160,8149,8157,8163,8150,8186,8166,8173,8095,8183,8136,8155,8155,8105,14.950080156326294,sil,False
103,8174,8146,8150,8151,8143,8170,8151,8172,8099,8175,8158,8177,8176,8117,14.950080156326294,sil,False
104,8190,8158,8166,8152,8157,8163,8135,8173,8091,8157,8177,8195,8173,8101,14.96527910232544,sil,False
105,8183,8176,8161,8185,8180,8177,8149,8169,8093,8159,8170,8175,8159,8081,14.96527910232544,sil,False
106,8174,8178,8166,8194,8181,8195,8168,8163,8093,8165,8158,8167,8152,8098,14.981059551239014,sil,False
107,8179,8169,8159,8188,8175,8204,8181,8174,8112,8188,8167,8167,8167,8118,14.9814612865448,sil,False
108,8175,8155,8148,8180,8174,8201,8180,8178,8134,8201,8169,8172,8175,8113,14.996676445007324,sil,False
109,8153,8141,8138,8158,8162,8191,8167,8175,8130,8180,8144,8166,8156,8105,14.996676445007324,sil,False
110,8148,8140,8116,8148,8150,8177,8158,8170,8130,8175,8139,8159,8156,8103,15.012049913406372,sil,False
111,8175,8156,8143,8153,8155,8167,8153,8173,8132,8183,8171,8198,8183,8116,15.012049913406372,sil,False
112,8194,8164,8156,8160,8170,8174,8159,8181,8142,8188,8205,8215,8209,8126,15.027350187301636,sil,False
113,8195,8150,8147,8150,8167,8172,8146,8167,8142,8188,8203,8204,8211,8114,15.027350187301636,sil,False
114,8189,8150,8159,8141,8158,8164,8123,8162,8114,8174,8181,8199,8193,8101,15.043115139007568,sil,False
115,8183,8168,8155,8162,8171,8178,8140,8163,8103,8159,8184,8183,8178,8097,15.043115139007568,sil,False
116,8175,8175,8163,8173,8181,8190,8157,8152,8096,8140,8181,8173,8158,8087,15.058809280395508,sil,False
117,8158,8165,8156,8172,8175,8184,8153,8151,8085,8134,8157,8153,8145,8069,15.058809280395508,sil,False
118,8155,8161,8149,8175,8171,8175,8156,8148,8086,8146,8150,8150,8142,8075,15.07410740852356,sil,False
119,8163,8170,8157,8175,8163,8182,8164,8157,8093,8152,8149,8157,8137,8092,15.07410740852356,sil,False
120,8152,8161,8126,8165,8154,8190,8172,8167,8111,8163,8141,8134,8145,8087,15.090327501296995,sil,False
121,8137,8138,8116,8140,8144,8181,8167,8170,8118,8170,8135,8134,8148,8085,15.090327501296995,sil,False
122,8131,8128,8118,8122,8137,8173,8157,8173,8113,8156,8133,8136,8135,8080,15.106019973754885,sil,False
123,8138,8138,8114,8126,8138,8166,8142,8163,8106,8138,8144,8137,8140,8072,15.106019973754885,sil,False
124,8157,8155,8133,8133,8143,8157,8129,8164,8107,8143,8164,8170,8164,8081,15.121097326278688,sil,False
125,8170,8168,8143,8141,8149,8151,8128,8167,8113,8166,8187,8188,8185,8085,15.121097326278688,sil,False
126,8179,8180,8166,8153,8151,8147,8125,8159,8105,8161,8204,8201,8189,8095,15.136688232421877,sil,False
127,8189,8198,8170,8176,8163,8159,8136,8165,8111,8164,8214,8204,8196,8111,15.136688232421877,sil,False
237,8192,8208,8168,8199,8178,8167,8152,8160,8119,8180,8212,8198,8195,8109,15.151838779449465,sil,False
0,8175,8202,8185,8194,8177,8165,8147,8146,8102,8161,8186,8189,8167,8093,15.151838779449465,sil,False
1,8162,8192,8161,8192,8171,8174,8149,8142,8094,8150,8167,8158,8150,8080,15.167415142059326,sil,False
2,8169,8186,8157,8194,8169,8180,8166,8147,8098,8159,8166,8157,8150,8084,15.182481050491331,sil,False
3,8162,8169,8159,8179,8170,8177,8173,8163,8101,8164,8157,8162,8148,8089,15.182481050491331,sil,False
4,8156,8151,8138,8168,8162,8169,8164,8166,8116,8173,8149,8149,8153,8088,15.198296070098875,sil,False
5,8162,8156,8142,8155,8146,8157,8158,8165,8131,8172,8156,8163,8164,8100,15.198296070098875,sil,False
6,8162,8160,8134,8142,8141,8153,8160,8169,8135,8163,8170,8172,8179,8111,15.213343620300291,sil,False
7,8164,8155,8135,8149,8149,8151,8146,8161,8118,8158,8164,8183,8179,8105,15.213343620300291,sil,False
8,8170,8169,8144,8177,8152,8143,8133,8158,8103,8151,8151,8185,8165,8093,15.229197978973389,sil,False
9,8174,8184,8143,8190,8148,8132,8135,8154,8106,8146,8170,8184,8165,8083,15.229197978973389,sil,False
10,8183,8188,8171,8183,8152,8135,8130,8154,8104,8148,8197,8213,8176,8090,15.2440984249115,sil,False
11,8195,8203,8180,8204,8169,8148,8137,8163,8113,8165,8207,8215,8188,8095,15.2440984249115,sil,False
12,8195,8212,8183,8213,8174,8152,8144,8154,8117,8170,8204,8200,8183,8097,15.259774923324583,sil,False
13,8189,8204,8192,8201,8174,8161,8146,8151,8106,8163,8188,8190,8167,8097,15.259774923324583,sil,False
14,8185,8199,8182,8211,8168,8169,8153,8153,8108,8155,8187,8184,8170,8090,15.275249004364014,sil,False
15,8184,8199,8183,8194,8158,8159,8146,8154,8107,8139,8193,8202,8178,8093,15.275249004364014,sil,False
16,8182,8197,8169,8179,8162,8156,8147,8160,8109,8150,8194,8195,8183,8096,15.290837287902832,sil,False
17,8173,8186,8166,8191,8163,8164,8162,8156,8110,8166,8186,8176,8178,8094,15.290837287902832,sil,False
18,8157,8174,8169,8185,8158,8174,8177,8158,8108,8156,8155,8163,8160,8090,15.306270360946655,sil,False
19,8152,8162,8138,8172,8162,8183,8194,8167,8127,8161,8129,8146,8151,8082,15.306270360946655,sil,False
20,8160,8159,8145,8164,8156,8184,8199,8179,8135,8165,8117,8153,8143,8089,15.32231307029724,sil,False
21,8158,8161,8145,8160,8145,8182,8200,8179,8133,8158,8123,8151,8149,8095,15.32231307029724,sil,False
22,8160,8145,8134,8147,8139,8169,8187,8162,8131,8152,8137,8159,8163,8095,15.339923858642578,sil,False
23,8173,8134,8147,8138,8135,8148,8166,8167,8126,8148,8144,8174,8166,8093,15.339923858642578,sil,False
24,8178,8145,8141,8149,8143,8142,8160,8181,8135,8149,8161,8168,8179,8086,15.353684186935425,sil,False
25,8175,8160,8154,8147,8152,8147,8149,8175,8134,8148,8176,8188,8187,8093,15.353684186935425,sil,False
26,8181,8172,8167,8155,8159,8154,8144,8168,8126,8151,8181,8197,8182,8096,15.368946075439451,sil,False
27,8196,8184,8176,8185,8173,8157,8155,8161,8131,8150,8186,8191,8183,8096,15.368946075439451,sil,False
28,8196,8199,8192,8197,8179,8168,8160,8164,8139,8145,8180,8193,8185,8103,15.384118556976318,sil,False
29,8184,8206,8180,8200,8182,8180,8169,8164,8153,8171,8179,8179,8186,8103,15.384118556976318,sil,False
30,8191,8207,8194,8208,8188,8184,8179,8165,8162,8189,8183,8182,8181,8107,15.399840593338013,sil,False
31,8190,8207,8195,8221,8189,8190,8191,8181,8169,8182,8168,8176,8172,8099,15.399840593338013,sil,False
32,8161,8186,8168,8204,8171,8185,8194,8175,8167,8168,8135,8154,8149,8077,15.414802551269531,sil,False
33,8145,8162,8161,8173,8157,8178,8198,8165,8155,8161,8123,8152,8130,8077,15.414802551269531,sil,False
34,8156,8154,8153,8184,8167,8194,8216,8179,8170,8186,8142,8153,8146,8092,15.4303560256958,sil,False
35,8165,8152,8167,8186,8174,8206,8216,8192,8189,8198,8146,8167,8158,8103,15.4303560256958,sil,False
36,8162,8151,8161,8162,8167,8189,8201,8189,8197,8185,8146,8174,8165,8096,15.445776224136353,sil,False
37,8163,8149,8139,8151,8156,8160,8178,8169,8196,8171,8167,8179,8175,8079,15.445776224136353,sil,False
38,8179,8164,8162,8158,8155,8160,8169,8174,8187,8164,8179,8204,8176,8078,15.460923910140991,sil,False
39,8184,8183,8171,8178,8168,8182,8191,8188,8189,8172,8180,8202,8179,8083,15.460923910140991,sil,False
40,8172,8185,8180,8185,8168,8181,8197,8167,8177,8167,8179,8196,8169,8085,15.476351022720335,sil,False
41,8162,8180,8182,8193,8164,8182,8195,8160,8172,8164,8169,8186,8154,8084,15.476351022720335,sil,False
42,8162,8177,8164,8211,8173,8198,8213,8176,8196,8192,8163,8175,8163,8090,15.492027282714844,sil,False
43,8165,8168,8170,8206,8174,8201,8227,8191,8209,8211,8163,8178,8169,8106,15.492027282714844,sil,False
44,8168,8156,8157,8194,8165,8193,8230,8196,8221,8214,8170,8166,8175,8114,15.507641315460203,sil,False
45,8175,8147,8151,8190,8158,8182,8216,8188,8226,8207,8172,8174,8186,8113,15.507641315460203,sil,False
46,8169,8150,8147,8184,8154,8173,8193,8183,8216,8194,8160,8183,8186,8107,15.523746013641356,sil,False
47,8166,8150,8126,8176,8151,8154,8174,8170,8203,8184,8166,8177,8183,8100,15.523746013641356,sil,False
48,8180,8145,8141,8158,8147,8144,8162,8158,8188,8159,8176,8189,8180,8095,15.539850234985352,sil,False
49,8182,8147,8145,8161,8153,8152,8167,8162,8187,8154,8178,8176,8178,8085,15.539850234985352,sil,False
50,8182,8165,8155,8183,8168,8161,8172,8161,8188,8172,8189,8176,8172,8087,15.55580186843872,sil,False
51,8187,8175,8168,8193,8174,8167,8163,8163,8182,8173,8195,8188,8169,8093,15.55580186843872,sil,False
52,8179,8162,8150,8185,8165,8162,8156,8159,8178,8168,8188,8170,8170,8086,15.571108102798462,sil,False
53,8164,8155,8153,8173,8157,8159,8150,8154,8170,8168,8177,8168,8160,8081,15.571108102798462,sil,False
54,8162,8170,8157,8187,8166,8174,8159,8148,8165,8164,8178,8167,8154,8076,15.58656358718872,sil,False
55,8172,8180,8174,8205,8170,8183,8166,8139,8161,8158,8177,8164,8155,8079,15.58656358718872,sil,False
56,8170,8172,8184,8203,8166,8180,8171,8153,8156,8165,8161,8157,8152,8089,15.60266399383545,sil,False
57,8161,8163,8154,8200,8163,8184,8182,8158,8160,8171,8153,8141,8148,8084,15.60266399383545,sil,False
58,8162,8169,8166,8194,8160,8186,8174,8144,8160,8154,8156,8147,8143,8081,15.618730545043944,sil,False
59,8171,8173,8177,8191,8162,8180,8163,8143,8152,8145,8157,8145,8142,8085,15.618730545043944,sil,False
60,8170,8158,8163,8186,8161,8176,8159,8137,8135,8141,8148,8143,8137,8079,15.634132862091064,sil,False
61,8156,8154,8156,8181,8152,8191,8164,8140,8138,8148,8141,8147,8131,8077,15.634132862091064,sil,False
62,8155,8154,8140,8179,8150,8212,8186,8150,8167,8165,8143,8138,8142,8083,15.650214672088625,sil,False
63,8167,8142,8149,8165,8156,8208,8190,8153,8168,8153,8139,8150,8144,8092,15.650214672088625,sil,False
64,8164,8149,8148,8171,8163,8203,8190,8160,8163,8157,8137,8148,8142,8095,15.665919542312622,sil,False
65,8153,8161,8139,8182,8162,8211,8199,8160,8173,8186,8144,8142,8144,8094,15.665919542312622,sil,False
66,8149,8146,8141,8156,8148,8205,8195,8170,8173,8180,8143,8144,8138,8091,15.681087970733644,sil,False
67,8149,8123,8122,8137,8149,8187,8189,8184,8188,8173,8146,8130,8145,8085,15.681087970733644,sil,False
68,8157,8132,8132,8136,8153,8179,8182,8179,8199,8180,8147,8143,8160,8093,15.696709871292114,sil,False
69,8156,8142,8137,8139,8142,8180,8179,8176,8188,8184,8141,8153,8161,8095,15.696709871292114,sil,False
70,8148,8131,8126,8141,8142,8175,8177,8174,8184,8179,8146,8151,8161,8085,15.711880683898926,sil,False
71,8146,8122,8131,8132,8147,8170,8168,8179,8183,8163,8142,8154,8159,8086,15.711880683898926,sil,False
72,8144,8120,8118,8129,8143,8173,8163,8179,8187,8158,8134,8141,8161,8085,15.72800326347351,sil,False
73,8150,8122,8135,8138,8149,8172,8165,8174,8193,8170,8149,8160,8175,8091,15.72800326347351,sil,False
74,8159,8130,8145,8148,8163,8175,8171,8176,8192,8177,8169,8175,8187,8091,15.743662357330322,sil,False
75,8163,8135,8132,8143,8159,8173,8172,8163,8174,8169,8168,8162,8180,8076,15.743662357330322,sil,False
76,8161,8140,8145,8133,8155,8170,8170,8154,8158,8155,8158,8165,8164,8080,15.758743524551392,sil,False
77,8159,8153,8146,8156,8171,8175,8174,8160,8173,8160,8180,8168,8179,8086,15.758743524551392,sil,False
78,8163,8152,8158,8163,8170,8171,8164,8155,8175,8162,8185,8165,8177,8082,15.773981094360352,sil,False
79,8164,8142,8163,8153,8162,8172,8163,8151,8160,8162,8152,8153,8154,8079,15.789769411087036,sil,False
80,8155,8142,8155,8163,8166,8180,8171,8145,8159,8170,8147,8142,8148,8073,15.789769411087036,sil,False
81,8135,8137,8165,8154,8161,8183,8167,8147,8155,8164,8152,8142,8147,8070,15.8046875,sil,False
82,8127,8124,8140,8140,8155,8191,8183,8161,8165,8165,8140,8120,8146,8067,15.8046875,sil,False
83,8132,8121,8136,8148,8156,8193,8191,8161,8178,8168,8128,8116,8137,8068,15.82081413269043,sil,False
84,8132,8132,8150,8156,8161,8198,8180,8168,8184,8171,8127,8120,8134,8067,15.82081413269043,sil,False
85,8130,8128,8135,8146,8165,8208,8190,8176,8193,8184,8125,8112,8146,8076,15.836607217788696,sil,False
86,8135,8119,8142,8129,8153,8211,8196,8175,8186,8177,8113,8122,8141,8090,15.836607217788696,sil,False
87,8136,8119,8135,8132,8138,8201,8189,8166,8177,8168,8113,8116,8134,8083,15.85205340385437,sil,False
88,8137,8107,8131,8118,8135,8184,8183,8154,8174,8162,8119,8119,8136,8078,15.85205340385437,sil,False
89,8141,8103,8135,8098,8138,8182,8185,8168,8180,8157,8118,8126,8136,8085,15.86749029159546,sil,False
90,8131,8107,8118,8104,8140,8181,8184,8176,8194,8159,8113,8114,8136,8080,15.86749029159546,sil,False
91,8136,8113,8135,8113,8142,8176,8177,8176,8200,8165,8123,8132,8141,8077,15.88316249847412,sil,False
92,8164,8129,8150,8123,8157,8194,8188,8194,8216,8187,8161,8158,8161,8084,15.88316249847412,sil,False
93,8180,8137,8157,8130,8168,8200,8192,8200,8223,8195,8182,8180,8174,8092,15.899076700210571,sil,False
94,8180,8140,8166,8136,8166,8183,8186,8193,8213,8179,8177,8188,8173,8097,15.899076700210571,sil,False
95,8182,8149,8161,8154,8165,8177,8186,8182,8215,8184,8187,8183,8195,8107,15.91451096534729,sil,False
96,8188,8148,8180,8147,8166,8178,8175,8176,8202,8188,8192,8201,8204,8115,15.91451096534729,sil,False
97,8178,8141,8168,8134,8165,8174,8170,8174,8187,8180,8186,8193,8192,8099,15.93015718460083,sil,False
98,8179,8149,8157,8140,8161,8171,8166,8168,8194,8171,8195,8188,8196,8088,15.93015718460083,sil,False
99,8182,8161,8175,8149,8159,8176,8165,8170,8201,8175,8197,8202,8203,8097,15.94573736190796,sil,False
100,8168,8154,8168,8158,8170,8176,8177,8166,8199,8183,8190,8187,8192,8089,15.94573736190796,sil,False
101,8164,8154,8174,8161,8180,8180,8174,8158,8180,8175,8182,8180,8170,8080,15.961025714874268,sil,False
102,8152,8156,8169,8169,8176,8203,8181,8161,8172,8180,8168,8166,8161,8077,15.961025714874268,sil,False
103,8138,8137,8159,8167,8166,8207,8199,8160,8181,8198,8156,8158,8163,8084,15.976095914840698,sil,False
104,8140,8115,8157,8138,8151,8187,8191,8169,8178,8184,8143,8162,8158,8093,15.976095914840698,sil,False
105,8137,8098,8130,8122,8138,8177,8178,8174,8180,8166,8138,8142,8153,8080,15.991690397262571,sil,False
106,8140,8098,8145,8130,8142,8184,8179,8178,8195,8180,8155,8157,8163,8093,15.991690397262571,sil,False
107,8162,8118,8169,8154,8154,8185,8187,8198,8210,8207,8182,8189,8198,8124,16.006786584854126,sil,False
108,8186,8131,8175,8160,8154,8167,8174,8189,8203,8200,8200,8206,8215,8126,16.006786584854126,sil,False
109,8187,8134,8181,8144,8144,8160,8157,8170,8184,8166,8198,8210,8203,8115,16.021947860717773,sil,False
110,8177,8137,8167,8152,8152,8164,8166,8173,8183,8166,8199,8201,8210,8110,16.021947860717773,sil,False
111,8177,8138,8174,8158,8151,8154,8162,8165,8169,8173,8193,8207,8203,8103,16.03803062438965,sil,False
112,8173,8136,8162,8143,8137,8145,8137,8147,8147,8152,8168,8184,8173,8080,16.03803062438965,sil,False
113,8168,8144,8154,8149,8144,8147,8131,8139,8141,8135,8166,8167,8167,8077,16.053643941879272,sil,False
114,8177,8167,8190,8179,8159,8153,8150,8152,8149,8144,8181,8190,8175,8095,16.053643941879272,sil,False
115,8179,8176,8180,8196,8155,8161,8160,8157,8154,8162,8186,8184,8171,8088,16.074273824691772,hello,True
116,8165,8169,8168,8181,8146,8167,8148,8148,8133,8143,8166,8172,8156,8085,16.074273824691772,hello,True
117,8162,8176,8179,8181,8157,8175,8167,8163,8136,8134,8152,8166,8153,8099,16.074273824691772,hello,True
118,8173,8180,8172,8199,8167,8186,8198,8176,8166,8167,8159,8161,8166,8105,16.084898471832275,hello,True
119,8167,8158,8162,8178,8153,8186,8192,8168,8163,8169,8151,8172,8164,8112,16.1011381149292,hello,True
120,8155,8137,8133,8145,8134,8181,8188,8160,8157,8155,8140,8157,8158,8116,16.1011381149292,hello,True
121,8165,8149,8146,8148,8135,8178,8195,8166,8161,8173,8142,8156,8162,8117,16.117141246795654,hello,True
122,8187,8175,8178,8185,8155,8186,8199,8184,8170,8199,8152,8173,8177,8124,16.117141246795654,hello,True
123,8190,8166,8164,8197,8138,8183,8194,8179,8183,8193,8159,8168,8183,8129,16.132723569869995,hello,True
124,8173,8141,8151,8155,8103,8167,8175,8179,8181,8171,8149,8159,8166,8117,16.132723569869995,hello,True
125,8170,8143,8136,8139,8129,8170,8174,8193,8191,8185,8154,8154,8175,8106,16.147810459136963,hello,True
126,8188,8160,8148,8155,8161,8172,8172,8180,8201,8193,8167,8173,8194,8116,16.147810459136963,hello,True
127,8190,8172,8160,8158,8144,8167,8156,8170,8188,8172,8168,8182,8192,8117,16.163164138793945,hello,True
237,8190,8178,8147,8161,8137,8160,8146,8172,8177,8163,8176,8177,8196,8102,16.163164138793945,hello,True
0,8208,8192,8172,8168,8154,8152,8144,8169,8171,8162,8193,8202,8205,8108,16.178712606430054,hello,True
1,8214,8212,8184,8190,8159,8152,8156,8161,8158,8163,8207,8201,8206,8115,16.178712606430054,hello,True
2,8206,8216,8183,8209,8156,8153,8164,8144,8136,8150,8199,8185,8189,8096,16.194812297821045,hello,True
3,8197,8209,8186,8204,8156,8160,8157,8136,8119,8127,8168,8172,8161,8078,16.194812297821045,hello,True
4,8181,8207,8172,8202,8160,8170,8155,8132,8120,8123,8159,8154,8152,8074,16.211114645004272,hello,True
5,8176,8206,8183,8204,8165,8178,8165,8141,8125,8133,8171,8166,8158,8086,16.211114645004272,hello,True
6,8178,8197,8178,8207,8166,8181,8179,8167,8140,8153,8168,8159,8158,8092,16.2271146774292,hello,True
7,8172,8188,8171,8207,8164,8179,8185,8171,8156,8167,8160,8148,8156,8099,16.2271146774292,hello,True
8,8172,8188,8184,8203,8168,8180,8188,8174,8162,8175,8170,8170,8170,8115,16.243143320083618,hello,True
9,8190,8185,8180,8208,8167,8187,8191,8184,8181,8200,8185,8183,8192,8122,16.243143320083618,hello,True
10,8196,8175,8181,8204,8159,8177,8173,8187,8189,8201,8188,8184,8196,8122,16.25866198539734,hello,True
11,8186,8176,8172,8195,8165,8159,8167,8185,8178,8177,8185,8178,8193,8119,16.25866198539734,hello,True
12,8191,8179,8174,8192,8169,8153,8167,8168,8168,8169,8182,8188,8198,8112,16.273775339126587,hello,True
13,8194,8183,8187,8187,8152,8153,8147,8157,8161,8164,8179,8199,8199,8106,16.273775339126587,hello,True
14,8190,8195,8179,8194,8153,8151,8147,8161,8161,8155,8198,8198,8209,8103,16.28996706008911,hello,True
15,8207,8204,8205,8206,8171,8152,8158,8155,8153,8150,8218,8215,8215,8106,16.28996706008911,hello,True
16,8212,8204,8212,8213,8173,8158,8151,8146,8142,8153,8211,8201,8203,8097,16.305488109588623,hello,True
17,8196,8208,8200,8219,8164,8152,8133,8139,8135,8150,8206,8196,8198,8092,16.305488109588623,hello,True
18,8191,8217,8213,8220,8166,8152,8129,8140,8123,8141,8213,8218,8203,8098,16.320892095565796,hello,True
19,8183,8197,8190,8214,8170,8157,8140,8134,8114,8146,8208,8190,8197,8088,16.320892095565796,hello,True
20,8171,8183,8190,8201,8157,8152,8143,8135,8115,8148,8189,8174,8173,8087,16.33690571784973,hello,True
21,8179,8208,8213,8221,8161,8168,8153,8162,8137,8153,8187,8192,8170,8102,16.33690571784973,hello,True
22,8183,8211,8206,8237,8173,8183,8166,8164,8146,8162,8192,8196,8178,8105,16.352064847946167,hello,True
23,8161,8179,8195,8200,8166,8183,8172,8157,8139,8168,8177,8183,8167,8100,16.352064847946167,hello,True
24,8150,8174,8179,8198,8164,8192,8182,8163,8155,8189,8173,8169,8175,8092,16.367741584777832,hello,True
25,8166,8188,8201,8233,8171,8190,8173,8156,8161,8189,8182,8190,8185,8097,16.367741584777832,hello,True
26,8172,8178,8208,8229,8175,8176,8169,8158,8167,8181,8186,8198,8186,8108,16.382745027542114,hello,True
27,8166,8164,8179,8200,8167,8178,8179,8170,8194,8200,8191,8187,8200,8106,16.382745027542114,hello,True
28,8169,8173,8187,8190,8159,8182,8172,8182,8196,8202,8184,8197,8198,8107,16.397947311401367,hello,True
29,8173,8175,8184,8202,8162,8168,8168,8177,8193,8187,8177,8196,8190,8102,16.397947311401367,hello,True
30,8171,8167,8178,8192,8163,8152,8168,8170,8202,8185,8181,8200,8191,8103,16.413634300231934,hello,True
31,8162,8165,8171,8172,8164,8150,8169,8187,8209,8188,8182,8202,8192,8108,16.413634300231934,hello,True
32,8163,8157,8153,8166,8164,8150,8167,8184,8210,8179,8176,8188,8181,8089,16.430325984954834,hello,True
33,8163,8155,8164,8160,8160,8143,8152,8170,8197,8163,8165,8188,8167,8072,16.430325984954834,hello,True
34,8161,8168,8165,8168,8167,8144,8159,8180,8191,8166,8174,8190,8178,8077,16.44599461555481,hello,True
35,8164,8175,8174,8169,8183,8157,8179,8181,8185,8169,8191,8199,8186,8089,16.44599461555481,hello,True
36,8165,8180,8188,8171,8185,8172,8183,8179,8180,8163,8190,8201,8173,8085,16.46138882637024,hello,True
37,8168,8193,8189,8199,8188,8171,8181,8176,8189,8169,8191,8193,8173,8085,16.46138882637024,hello,True
38,8165,8196,8209,8198,8186,8164,8180,8166,8182,8167,8186,8197,8169,8095,16.476293563842773,hello,True
39,8156,8186,8203,8182,8175,8169,8187,8164,8176,8164,8174,8183,8152,8091,16.476293563842773,hello,True
40,8160,8183,8198,8193,8178,8175,8193,8161,8182,8172,8174,8185,8146,8088,16.492366790771484,hello,True
41,8164,8179,8202,8207,8186,8179,8200,8169,8190,8183,8170,8189,8154,8092,16.492366790771484,hello,True
42,8145,8161,8179,8194,8182,8182,8203,8177,8209,8200,8154,8168,8161,8089,16.507908821105957,sil,False
43,8133,8147,8178,8168,8171,8182,8187,8172,8214,8203,8141,8175,8161,8089,16.507908821105957,sil,False
44,8143,8153,8170,8169,8169,8184,8185,8174,8212,8208,8152,8179,8174,8095,16.523623943328857,sil,False
45,8147,8154,8168,8170,8172,8177,8194,8179,8216,8216,8170,8182,8186,8100,16.523623943328857,sil,False
46,8137,8141,8178,8146,8163,8167,8186,8184,8219,8211,8159,8191,8175,8098,16.538647651672363,sil,False
47,8131,8138,8160,8137,8148,8157,8167,8173,8220,8199,8144,8174,8168,8084,16.538647651672363,sil,False
48,8135,8159,8168,8143,8147,8141,8149,8163,8197,8170,8156,8182,8163,8069,16.554763793945312,sil,False
49,8126,8170,8170,8158,8165,8150,8153,8160,8173,8155,8166,8179,8150,8046,16.554763793945312,sil,False
50,8120,8154,8172,8173,8165,8168,8163,8148,8170,8161,8154,8163,8135,8036,16.570996046066284,sil,False
51,8125,8146,8192,8175,8149,8176,8174,8161,8184,8168,8141,8169,8131,8056,16.570996046066284,sil,False
52,8124,8134,8164,8169,8148,8172,8197,8177,8206,8191,8142,8163,8146,8066,16.586438417434692,sil,False
53,8121,8112,8152,8146,8145,8158,8191,8178,8210,8193,8134,8161,8154,8074,16.586438417434692,sil,False
54,8128,8114,8153,8135,8143,8159,8177,8183,8216,8173,8136,8158,8169,8082,16.60162878036499,sil,False
55,8138,8121,8144,8137,8149,8156,8170,8174,8215,8163,8152,8169,8186,8078,16.61765742301941,sil,False
56,8138,8120,8152,8141,8150,8141,8154,8164,8189,8155,8150,8188,8172,8075,16.61765742301941,sil,False
57,8132,8127,8145,8161,8151,8140,8146,8159,8178,8160,8156,8173,8156,8066,16.61765742301941,sil,False
58,8132,8141,8161,8171,8155,8158,8154,8158,8187,8177,8166,8176,8157,8073,16.63284659385681,sil,False
59,8133,8140,8164,8178,8165,8177,8178,8168,8198,8192,8156,8173,8157,8091,16.648879528045654,sil,False
60,8129,8123,8145,8181,8164,8177,8186,8168,8211,8196,8145,8155,8147,8087,16.648879528045654,sil,False
61,8124,8113,8145,8165,8153,8170,8173,8173,8221,8198,8138,8154,8143,8075,16.648879528045654,sil,False
62,8109,8104,8118,8155,8149,8175,8175,8181,8224,8206,8135,8140,8149,8073,16.664173364639282,sil,False
63,8102,8090,8111,8138,8149,8177,8175,8172,8214,8198,8132,8139,8144,8079,16.681265592575073,sil,False
64,8109,8089,8119,8117,8146,8169,8172,8172,8213,8193,8128,8137,8137,8078,16.681265592575073,sil,False
65,8112,8095,8113,8127,8147,8162,8176,8181,8232,8206,8136,8133,8155,8081,16.681265592575073,sil,False
66,8115,8101,8123,8136,8142,8156,8171,8182,8229,8204,8145,8153,8166,8095,16.695907592773438,sil,False
67,8117,8112,8115,8131,8141,8147,8158,8175,8215,8196,8152,8158,8166,8088,16.71140766143799,sil,False
68,8125,8118,8125,8124,8142,8140,8143,8160,8206,8180,8155,8166,8165,8080,16.71140766143799,sil,False
69,8129,8109,8130,8119,8131,8140,8133,8155,8196,8157,8152,8161,8154,8079,16.727030992507935,sil,False
70,8127,8111,8120,8127,8131,8127,8134,8151,8189,8150,8155,8150,8146,8067,16.727030992507935,sil,False
71,8138,8131,8152,8137,8141,8123,8138,8153,8180,8157,8159,8167,8144,8068,16.742169618606567,sil,False
72,8149,8147,8167,8161,8148,8146,8159,8170,8192,8181,8171,8173,8164,8092,16.742169618606567,sil,False
73,8155,8154,8179,8181,8151,8163,8172,8174,8199,8192,8175,8184,8171,8109,16.757190942764282,sil,False
74,8153,8149,8179,8175,8152,8167,8173,8173,8187,8179,8145,8175,8147,8100,16.757190942764282,sil,False
75,8140,8124,8147,8154,8133,8161,8173,8168,8190,8178,8116,8142,8137,8088,16.77321434020996,sil,False
76,8133,8110,8151,8131,8119,8149,8174,8174,8201,8187,8121,8152,8152,8107,16.77321434020996,sil,False
77,8140,8119,8153,8135,8137,8148,8186,8189,8218,8203,8145,8168,8175,8118,16.78880214691162,sil,False
78,8146,8124,8150,8131,8137,8142,8169,8177,8207,8193,8144,8177,8171,8107,16.78880214691162,sil,False
79,8149,8134,8165,8123,8127,8137,8145,8166,8177,8163,8136,8192,8167,8100,16.80399799346924,sil,False
80,8157,8149,8166,8142,8146,8149,8151,8159,8175,8164,8159,8196,8187,8095,16.80399799346924,sil,False
81,8158,8151,8179,8148,8159,8151,8149,8148,8166,8163,8159,8195,8177,8087,16.81916880607605,sil,False
82,8145,8154,8176,8154,8155,8146,8148,8145,8154,8158,8134,8170,8149,8075,16.81916880607605,sil,False
83,8135,8158,8174,8175,8159,8154,8162,8145,8160,8172,8131,8160,8141,8077,16.835107564926147,sil,False
84,8128,8158,8177,8174,8166,8169,8168,8159,8171,8189,8135,8170,8147,8088,16.835107564926147,sil,False
85,8124,8146,8153,8154,8162,8178,8171,8166,8183,8191,8128,8156,8151,8087,16.850345611572266,sil,False
86,8124,8138,8156,8142,8149,8166,8162,8160,8189,8185,8121,8167,8154,8091,16.850345611572266,sil,False
87,8137,8153,8164,8158,8145,8145,8144,8168,8191,8187,8134,8189,8173,8101,16.865571975708008,sil,False
88,8162,8175,8178,8172,8155,8137,8133,8164,8180,8177,8154,8204,8187,8104,16.865571975708008,sil,False
89,8168,8190,8193,8168,8161,8142,8132,8151,8157,8150,8154,8205,8169,8089,16.8811616897583,sil,False
90,8147,8188,8168,8174,8155,8142,8137,8139,8152,8152,8144,8178,8149,8067,16.8811616897583,sil,False
91,8131,8181,8178,8170,8151,8149,8140,8141,8150,8164,8141,8176,8145,8069,16.896679878234863,sil,False
92,8133,8186,8190,8174,8163,8170,8153,8162,8154,8162,8149,8177,8151,8079,16.896679878234863,sil,False
93,8135,8191,8173,8197,8170,8175,8162,8166,8161,8165,8151,8170,8152,8083,16.91192317008972,sil,False
94,8126,8180,8172,8190,8163,8177,8165,8167,8167,8178,8134,8167,8142,8084,16.91192317008972,sil,False
95,8124,8163,8167,8178,8167,8190,8187,8172,8194,8200,8136,8167,8155,8086,16.92752742767334,sil,False
96,8149,8162,8180,8180,8173,8184,8192,8180,8208,8203,8153,8195,8174,8097,16.92752742767334,sil,False
97,8160,8164,8172,8181,8165,8172,8175,8191,8201,8190,8150,8191,8174,8096,16.943095922470093,sil,False
98,8158,8172,8164,8171,8164,8157,8159,8174,8194,8184,8157,8176,8173,8085,16.943095922470093,sil,False
99,8167,8197,8196,8173,8171,8141,8139,8156,8176,8174,8170,8196,8165,8085,16.95868158340454,sil,False
100,8146,8197,8183,8196,8171,8151,8133,8150,8164,8165,8158,8176,8144,8069,16.95868158340454,sil,False
101,8111,8163,8170,8188,8159,8175,8148,8149,8170,8167,8126,8153,8126,8061,16.973854541778564,sil,False
102,8110,8147,8167,8157,8146,8177,8166,8165,8188,8180,8113,8154,8126,8073,16.973854541778564,sil,False
103,8125,8145,8144,8140,8143,8158,8155,8166,8190,8167,8122,8155,8132,8069,16.989914417266846,sil,False
104,8135,8150,8155,8140,8143,8147,8128,8160,8174,8138,8137,8174,8143,8070,16.989914417266846,sil,False
105,8139,8165,8164,8161,8146,8139,8134,8168,8185,8153,8154,8188,8169,8079,17.005139112472534,sil,False
106,8139,8166,8169,8156,8141,8121,8134,8160,8182,8165,8154,8191,8162,8070,17.005139112472534,sil,False
107,8137,8168,8171,8146,8140,8128,8129,8150,8161,8154,8149,8179,8138,8057,17.02068781852722,sil,False
108,8143,8186,8181,8172,8151,8155,8140,8150,8169,8163,8172,8176,8145,8073,17.02068781852722,sil,False
109,8153,8190,8210,8193,8160,8160,8143,8159,8170,8167,8181,8199,8149,8090,17.036099195480347,sil,False
110,8143,8174,8184,8186,8169,8161,8152,8164,8165,8170,8164,8177,8145,8080,17.036099195480347,sil,False
111,8133,8159,8171,8169,8171,8170,8163,8155,8172,8186,8147,8157,8142,8082,17.05212140083313,sil,False
112,8135,8154,8186,8162,8166,8174,8162,8162,8184,8201,8139,8160,8136,8093,17.05212140083313,sil,False
113,8135,8150,8167,8167,8164,8177,8155,8168,8197,8197,8137,8152,8137,8090,17.067541360855103,sil,False
114,8133,8153,8165,8156,8156,8166,8147,8161,8189,8179,8127,8158,8136,8092,17.067541360855103,sil,False
115,8136,8152,8163,8150,8146,8145,8153,8166,8184,8178,8132,8164,8140,8094,17.083042860031128,sil,False
116,8149,8150,8167,8145,8144,8130,8150,8170,8180,8172,8150,8181,8145,8089,17.083042860031128,sil,False
117,8153,8162,8177,8139,8155,8136,8140,8163,8159,8150,8151,8187,8138,8076,17.099100589752197,sil,False
118,8150,8172,8167,8150,8160,8144,8138,8147,8138,8143,8148,8170,8126,8058,17.099100589752197,sil,False
119,8140,8173,8179,8152,8156,8145,8137,8145,8125,8136,8149,8173,8112,8057,17.114288806915283,sil,False
120,8128,8171,8176,8160,8165,8159,8149,8157,8131,8141,8150,8166,8112,8060,17.114288806915283,sil,False
121,8121,8153,8166,8170,8174,8167,8158,8152,8130,8149,8138,8155,8110,8057,17.13002347946167,sil,False
122,8106,8137,8156,8149,8159,8168,8156,8155,8126,8147,8112,8143,8096,8057,17.13002347946167,sil,False
123,8096,8138,8128,8144,8153,8169,8163,8159,8147,8164,8107,8124,8099,8055,17.145644903182983,sil,False
124,8114,8140,8142,8154,8157,8168,8164,8159,8154,8165,8110,8133,8104,8057,17.16080141067505,sil,False
125,8124,8129,8145,8130,8147,8162,8159,8177,8160,8144,8110,8146,8117,8066,17.16080141067505,sil,False
126,8131,8133,8139,8102,8142,8152,8158,8187,8179,8152,8136,8167,8152,8083,17.16080141067505,sil,False
127,8146,8165,8155,8132,8162,8151,8153,8187,8176,8171,8163,8182,8168,8090,17.176692008972168,sil,False
237,8149,8187,8147,8179,8180,8154,8154,8173,8160,8170,8157,8156,8154,8072,17.177693605422974,sil,False
0,8136,8180,8151,8173,8175,8154,8155,8155,8150,8161,8142,8145,8132,8056,17.191847801208496,sil,False
1,8125,8177,8143,8169,8170,8167,8156,8156,8151,8168,8141,8136,8122,8053,17.20699453353882,sil,False
2,8116,8178,8128,8178,8169,8174,8158,8155,8158,8168,8131,8122,8113,8054,17.20699453353882,sil,False
3,8103,8169,8131,8162,8163,8178,8172,8166,8165,8161,8106,8119,8101,8061,17.22236180305481,sil,False
4,8096,8149,8106,8146,8159,8188,8191,8179,8179,8177,8104,8097,8106,8055,17.22236180305481,sil,False
5,8098,8133,8102,8125,8150,8175,8176,8172,8183,8181,8107,8100,8110,8054,17.237957000732422,sil,False
6,8108,8138,8110,8112,8142,8165,8158,8170,8185,8170,8104,8114,8114,8064,17.237957000732422,sil,False
7,8128,8155,8115,8128,8149,8172,8160,8170,8182,8168,8124,8127,8137,8070,17.25330901145935,sil,False
8,8137,8166,8142,8135,8158,8167,8161,8172,8172,8154,8150,8151,8150,8078,17.25330901145935,sil,False
9,8125,8158,8130,8125,8157,8148,8155,8160,8164,8137,8149,8141,8136,8068,17.268813371658325,sil,False
10,8122,8159,8128,8117,8152,8147,8140,8146,8148,8131,8135,8132,8117,8053,17.268813371658325,sil,False
11,8132,8174,8145,8143,8167,8175,8153,8162,8152,8148,8140,8132,8117,8063,17.284452199935913,sil,False
12,8126,8167,8141,8172,8179,8190,8188,8171,8179,8175,8149,8125,8127,8081,17.284452199935913,sil,False
13,8117,8145,8133,8146,8161,8184,8192,8179,8197,8186,8137,8135,8128,8087,17.300107955932617,sil,False
14,8118,8130,8108,8117,8145,8179,8184,8195,8214,8196,8133,8131,8137,8079,17.300107955932617,sil,False
15,8117,8127,8111,8108,8149,8171,8172,8182,8203,8177,8133,8130,8134,8077,17.31584095954895,sil,False
16,8117,8137,8119,8105,8155,8167,8159,8171,8185,8147,8130,8133,8127,8075,17.31584095954895,sil,False
17,8136,8162,8127,8121,8163,8176,8166,8177,8197,8160,8155,8146,8144,8082,17.33214020729065,sil,False
18,8150,8177,8162,8133,8172,8178,8167,8172,8186,8172,8171,8165,8142,8085,17.33214020729065,sil,False
19,8121,8164,8146,8138,8168,8174,8156,8150,8152,8153,8148,8129,8112,8054,17.347877025604248,sil,False
20,8100,8155,8138,8145,8154,8171,8146,8137,8140,8136,8132,8109,8095,8042,17.347877025604248,sil,False
21,8113,8171,8158,8155,8157,8178,8151,8155,8154,8152,8140,8124,8107,8066,17.363062143325806,sil,False
22,8112,8163,8141,8159,8162,8186,8161,8158,8168,8175,8144,8114,8119,8067,17.363062143325806,sil,False
23,8098,8137,8130,8144,8156,8183,8161,8157,8164,8162,8122,8104,8105,8059,17.378211975097656,sil,False
24,8104,8139,8122,8139,8157,8182,8160,8166,8168,8159,8116,8099,8101,8064,17.378211975097656,sil,False
25,8124,8146,8136,8138,8160,8180,8152,8165,8174,8184,8136,8117,8119,8075,17.39419198036194,sil,False
26,8132,8144,8149,8137,8162,8183,8155,8176,8180,8201,8149,8135,8136,8083,17.39419198036194,sil,False
27,8134,8147,8124,8140,8164,8179,8164,8180,8188,8192,8151,8127,8140,8080,17.40972352027893,sil,False
28,8139,8161,8136,8131,8161,8165,8143,8170,8175,8165,8157,8141,8140,8085,17.40972352027893,sil,False
29,8137,8164,8138,8134,8154,8150,8129,8170,8167,8162,8175,8136,8152,8078,17.425038814544678,sil,False
30,8138,8157,8132,8139,8149,8146,8126,8162,8167,8163,8184,8136,8147,8066,17.425038814544678,sil,False
31,8146,8168,8149,8142,8154,8163,8128,8160,8155,8154,8186,8157,8138,8063,17.440958261489868,sil,False
32,8143,8185,8146,8159,8169,8166,8141,8157,8142,8163,8194,8151,8154,8056,17.440958261489868,sil,False
33,8135,8181,8155,8154,8174,8153,8134,8152,8128,8154,8186,8151,8150,8055,17.456459283828735,sil,False
34,8126,8176,8153,8154,8170,8158,8128,8153,8136,8141,8179,8141,8132,8052,17.456459283828735,sil,False
35,8116,8174,8148,8168,8165,8166,8135,8148,8142,8154,8180,8131,8130,8052,17.472148656845093,sil,False
36,8111,8168,8151,8162,8159,8170,8145,8156,8129,8161,8162,8126,8121,8053,17.472148656845093,sil,False
37,8120,8170,8140,8166,8165,8183,8174,8165,8151,8160,8153,8109,8120,8057,17.487683057785034,sil,False
38,8123,8176,8156,8171,8170,8186,8187,8162,8165,8161,8155,8118,8120,8070,17.487683057785034,sil,False
39,8119,8161,8147,8160,8166,8181,8184,8169,8152,8182,8153,8118,8118,8073,17.503140449523926,sil,False
40,8131,8152,8133,8153,8168,8182,8191,8175,8155,8196,8153,8117,8128,8078,17.503140449523926,sil,False
41,8133,8166,8154,8151,8161,8180,8192,8176,8164,8179,8147,8125,8126,8088,17.518755674362183,sil,False
42,8123,8161,8137,8148,8154,8178,8177,8167,8171,8177,8144,8115,8123,8080,17.518755674362183,sil,False
43,8138,8152,8134,8134,8155,8170,8165,8169,8181,8186,8147,8131,8131,8084,17.534216165542603,sil,False
44,8147,8162,8147,8140,8156,8172,8176,8195,8203,8195,8148,8140,8142,8109,17.534216165542603,sil,False
45,8141,8164,8142,8145,8152,8177,8178,8200,8221,8210,8157,8137,8158,8118,17.55273938179016,sil,False
46,8146,8157,8144,8122,8148,8165,8160,8195,8210,8203,8163,8154,8168,8109,17.55273938179016,sil,False
47,8157,8156,8130,8123,8154,8157,8162,8204,8205,8199,8169,8152,8176,8104,17.565664291381836,sil,False
48,8166,8163,8150,8147,8160,8166,8169,8208,8218,8209,8182,8166,8188,8115,17.565664291381836,sil,False
49,8171,8175,8167,8152,8165,8172,8163,8198,8219,8206,8188,8177,8199,8115,17.580698013305664,sil,False
50,8166,8172,8148,8137,8163,8158,8150,8177,8193,8180,8179,8161,8191,8097,17.581024646759033,sil,False
51,8159,8161,8158,8130,8159,8152,8145,8177,8174,8163,8168,8162,8190,8087,17.596718072891235,sil,False
52,8159,8170,8156,8153,8164,8156,8154,8182,8187,8182,8185,8167,8212,8086,17.596718072891235,sil,False
53,8169,8188,8163,8158,8167,8158,8150,8167,8178,8183,8199,8179,8210,8088,17.61263346672058,sil,False
54,8170,8193,8168,8144,8168,8165,8143,8165,8164,8164,8190,8175,8199,8083,17.61263346672058,sil,False
55,8156,8189,8153,8149,8165,8158,8137,8164,8168,8161,8188,8162,8208,8076,17.628655910491943,sil,False
56,8151,8190,8164,8149,8160,8147,8128,8161,8163,8168,8193,8172,8208,8083,17.628655910491943,sil,False
57,8155,8200,8169,8161,8179,8162,8145,8164,8173,8191,8205,8168,8214,8084,17.644009590148926,sil,False
58,8155,8201,8182,8180,8194,8186,8163,8161,8186,8199,8202,8163,8211,8085,17.644009590148926,sil,False
59,8148,8182,8179,8170,8180,8201,8169,8169,8181,8194,8179,8152,8201,8101,17.66007947921753,sil,False
60,8139,8158,8142,8156,8172,8193,8180,8172,8181,8212,8180,8143,8215,8104,17.675665855407715,sil,False
61,8143,8158,8146,8151,8172,8177,8169,8166,8185,8214,8195,8165,8219,8101,17.675665855407715,sil,False
62,8147,8166,8145,8163,8173,8172,8147,8169,8190,8199,8199,8170,8211,8100,17.675665855407715,sil,False
63,8149,8159,8146,8167,8172,8153,8131,8162,8173,8185,8199,8182,8209,8090,17.69125747680664,sil,False
64,8151,8167,8164,8165,8171,8139,8128,8156,8151,8171,8211,8193,8208,8081,17.69125747680664,sil,False
65,8148,8187,8171,8190,8182,8162,8137,8153,8157,8165,8212,8175,8197,8079,17.70691728591919,sil,False
66,8137,8185,8186,8200,8184,8185,8139,8152,8151,8156,8183,8163,8172,8079,17.70691728591919,sil,False
67,8125,8163,8166,8197,8175,8187,8156,8158,8146,8158,8166,8137,8163,8065,17.722108840942383,sil,False
68,8126,8146,8151,8184,8166,8174,8169,8158,8156,8164,8168,8136,8171,8073,17.722108840942383,sil,False
69,8137,8148,8158,8166,8163,8159,8152,8164,8163,8170,8170,8160,8177,8098,17.73769497871399,sil,False
70,8156,8157,8143,8173,8168,8150,8139,8163,8168,8183,8189,8170,8194,8096,17.73769497871399,sil,False
71,8168,8163,8162,8178,8169,8148,8134,8166,8164,8178,8210,8196,8202,8098,17.752845525741577,sil,False
72,8167,8162,8159,8183,8171,8160,8140,8181,8178,8181,8209,8192,8202,8106,17.752845525741577,sil,False
73,8163,8155,8139,8176,8169,8162,8135,8173,8175,8178,8195,8173,8194,8097,17.76804804801941,sil,False
74,8160,8160,8156,8164,8165,8150,8129,8162,8146,8157,8193,8184,8181,8090,17.76804804801941,sil,False
75,8166,8180,8160,8180,8172,8150,8143,8164,8154,8161,8226,8191,8199,8106,17.783670663833618,sil,False
76,8171,8188,8170,8183,8172,8155,8149,8167,8163,8161,8235,8189,8199,8114,17.783670663833618,sil,False
77,8159,8178,8160,8176,8164,8159,8149,8163,8145,8151,8203,8164,8166,8088,17.798763751983643,sil,False
78,8157,8179,8160,8182,8170,8164,8157,8157,8140,8161,8197,8158,8158,8083,17.813902139663696,sil,False
79,8165,8191,8183,8192,8179,8175,8162,8166,8159,8178,8211,8176,8168,8098,17.813902139663696,sil,False
80,8151,8190,8161,8193,8174,8178,8158,8169,8170,8183,8205,8158,8168,8086,17.829720973968506,sil,False
81,8144,8183,8164,8187,8165,8174,8153,8165,8167,8178,8191,8158,8163,8089,17.829720973968506,sil,False
82,8152,8180,8170,8193,8170,8188,8167,8169,8173,8195,8186,8162,8166,8105,17.84565758705139,sil,False
83,8143,8160,8142,8178,8162,8186,8170,8164,8174,8204,8176,8147,8161,8102,17.84565758705139,sil,False
84,8128,8147,8139,8156,8144,8169,8155,8169,8170,8186,8166,8149,8159,8104,17.86068892478943,sil,False
85,8125,8154,8136,8158,8150,8176,8159,8176,8184,8196,8174,8147,8170,8105,17.86068892478943,sil,False
86,8131,8152,8136,8141,8153,8175,8156,8165,8181,8197,8170,8144,8164,8099,17.876721382141113,sil,False
87,8137,8153,8131,8132,8139,8154,8144,8170,8167,8172,8164,8140,8163,8094,17.876721382141113,sil,False
88,8145,8168,8136,8153,8141,8144,8143,8182,8173,8173,8183,8159,8191,8102,17.891913414001465,sil,False
89,8152,8170,8153,8142,8151,8147,8132,8177,8164,8171,8187,8183,8192,8103,17.891913414001465,sil,False
90,8146,8165,8130,8131,8151,8146,8119,8155,8147,8144,8173,8148,8161,8078,17.907423496246338,sil,False
91,8150,8184,8148,8149,8157,8153,8123,8139,8133,8129,8174,8136,8147,8073,17.907423496246338,sil,False
92,8156,8203,8175,8160,8172,8174,8142,8154,8131,8137,8169,8146,8156,8082,17.92327904701233,sil,False
93,8142,8188,8154,8166,8167,8175,8149,8158,8142,8150,8159,8136,8152,8075,17.92327904701233,sil,False
94,8124,8175,8158,8173,8154,8165,8142,8147,8141,8168,8162,8133,8135,8072,17.938990116119385,sil,False
95,8119,8170,8154,8170,8155,8174,8159,8155,8152,8193,8160,8119,8142,8075,17.938990116119385,sil,False
96,8138,8160,8148,8151,8155,8176,8170,8167,8170,8191,8155,8129,8151,8085,17.954323291778564,sil,False
97,8161,8167,8159,8153,8154,8162,8152,8169,8167,8178,8173,8159,8161,8102,17.954323291778564,sil,False
98,8165,8186,8166,8173,8158,8154,8135,8153,8145,8172,8201,8172,8180,8098,17.970072269439697,sil,False
99,8152,8195,8183,8171,8158,8163,8135,8150,8123,8156,8196,8170,8168,8075,17.970072269439697,sil,False
100,8149,8193,8171,8180,8167,8167,8150,8157,8137,8159,8183,8147,8150,8069,17.98597478866577,hello,True
101,8161,8194,8178,8189,8175,8156,8153,8150,8151,8165,8188,8150,8158,8088,17.98597478866577,hello,True
102,8157,8191,8190,8187,8174,8168,8161,8156,8144,8169,8189,8155,8164,8093,18.000886917114258,hello,True
103,8134,8166,8155,8187,8170,8182,8178,8158,8149,8189,8179,8128,8155,8084,18.000886917114258,hello,True
104,8128,8146,8145,8163,8152,8161,8159,8156,8158,8188,8161,8126,8145,8090,18.01698112487793,hello,True
105,8139,8152,8141,8138,8140,8143,8142,8169,8166,8183,8154,8128,8161,8098,18.01698112487793,hello,True
106,8144,8153,8146,8134,8149,8145,8149,8166,8161,8183,8151,8123,8162,8096,18.032167434692383,hello,True
107,8130,8145,8153,8130,8150,8149,8161,8167,8153,8173,8139,8118,8137,8091,18.032167434692383,hello,True
108,8122,8133,8128,8117,8134,8142,8154,8173,8159,8158,8140,8103,8129,8080,18.0477032661438,hello,True
109,8140,8140,8141,8109,8126,8130,8134,8168,8152,8144,8148,8122,8136,8084,18.0477032661438,hello,True
110,8172,8175,8169,8139,8150,8136,8151,8172,8162,8158,8171,8154,8165,8107,18.06303358078003,hello,True
111,8197,8195,8192,8167,8169,8151,8173,8177,8186,8175,8206,8186,8203,8131,18.06303358078003,hello,True
112,8193,8191,8195,8161,8163,8159,8162,8178,8183,8167,8208,8187,8203,8132,18.08465456962585,hello,True
113,8176,8182,8164,8160,8155,8155,8153,8169,8171,8167,8194,8160,8183,8111,18.08465456962585,hello,True
114,8178,8182,8182,8161,8156,8148,8150,8161,8161,8165,8191,8176,8171,8105,18.08465456962585,hello,True
115,8181,8184,8192,8161,8163,8148,8144,8159,8155,8156,8192,8178,8171,8102,18.093730926513672,hello,True
116,8175,8183,8186,8164,8158,8145,8133,8147,8149,8151,8189,8162,8166,8092,18.109771251678467,hello,True
117,8166,8184,8195,8159,8157,8143,8132,8141,8141,8140,8172,8158,8146,8083,18.109771251678467,hello,True
118,8158,8184,8183,8172,8172,8156,8158,8148,8149,8139,8157,8133,8135,8073,18.12564992904663,hello,True
119,8161,8187,8202,8193,8177,8175,8174,8158,8159,8157,8160,8140,8139,8087,18.12564992904663,hello,True
120,8164,8190,8206,8199,8170,8183,8179,8163,8170,8185,8174,8151,8150,8103,18.14109826087952,hello,True
121,8163,8178,8181,8186,8169,8176,8187,8166,8176,8189,8173,8138,8155,8105,18.14109826087952,hello,True
122,8162,8170,8187,8173,8170,8175,8191,8184,8178,8176,8154,8140,8154,8116,18.15614938735962,hello,True
123,8153,8168,8175,8175,8163,8182,8191,8184,8185,8187,8150,8136,8159,8107,18.15614938735962,hello,True
124,8149,8162,8167,8162,8157,8172,8181,8163,8179,8194,8158,8144,8161,8091,18.17170739173889,hello,True
125,8161,8170,8170,8158,8163,8161,8173,8170,8180,8188,8172,8156,8178,8101,18.17170739173889,hello,True
126,8174,8178,8176,8170,8167,8149,8166,8177,8190,8187,8193,8176,8207,8116,18.18679642677307,hello,True
127,8180,8174,8194,8169,8160,8138,8156,8175,8189,8186,8204,8201,8212,8116,18.18679642677307,hello,True
237,8183,8175,8182,8180,8166,8143,8161,8178,8200,8195,8210,8187,8218,8115,18.20204377174377,hello,True
0,8187,8184,8187,8183,8172,8144,8159,8169,8194,8194,8211,8189,8222,8121,18.20204377174377,hello,True
1,8188,8186,8197,8178,8167,8145,8150,8162,8165,8171,8210,8203,8211,8113,18.218117475509644,hello,True
2,8194,8196,8198,8192,8168,8137,8137,8146,8144,8150,8220,8195,8203,8100,18.218117475509644,hello,True
3,8194,8220,8222,8211,8170,8123,8129,8141,8124,8136,8216,8182,8190,8094,18.234031438827515,hello,True
4,8193,8229,8218,8229,8172,8135,8154,8160,8132,8146,8214,8165,8188,8098,18.234031438827515,hello,True
5,8198,8216,8215,8227,8178,8151,8170,8157,8147,8159,8216,8176,8190,8108,18.249001502990723,hello,True
6,8184,8204,8213,8218,8179,8152,8160,8145,8132,8160,8191,8175,8175,8099,18.249001502990723,hello,True
7,8165,8203,8195,8232,8173,8149,8159,8140,8118,8154,8168,8148,8152,8084,18.264729261398315,hello,True
8,8162,8194,8194,8223,8156,8147,8153,8143,8113,8133,8153,8139,8136,8087,18.264729261398315,hello,True
9,8154,8176,8168,8198,8149,8145,8144,8149,8129,8136,8147,8123,8146,8079,18.279830932617188,hello,True
10,8149,8173,8164,8200,8166,8159,8155,8153,8152,8160,8156,8141,8161,8086,18.295106410980225,hello,True
11,8160,8174,8178,8213,8175,8181,8177,8170,8168,8180,8166,8163,8171,8113,18.295106410980225,hello,True
12,8166,8155,8151,8190,8156,8160,8177,8172,8176,8192,8172,8143,8182,8114,18.31095242500305,hello,True
13,8170,8150,8149,8154,8135,8123,8141,8161,8157,8163,8165,8149,8178,8098,18.311365365982056,hello,True
14,8177,8173,8154,8173,8146,8131,8129,8159,8145,8129,8172,8159,8169,8080,18.32665252685547,hello,True
15,8185,8193,8169,8206,8175,8157,8147,8158,8161,8140,8197,8164,8169,8079,18.32665252685547,hello,True
16,8192,8200,8190,8203,8191,8172,8162,8166,8186,8162,8208,8174,8181,8104,18.341816186904907,hello,True
17,8180,8192,8176,8198,8186,8176,8164,8163,8185,8160,8204,8161,8182,8101,18.341816186904907,hello,True
18,8169,8193,8179,8200,8172,8172,8160,8155,8155,8146,8179,8148,8156,8079,18.35783743858337,hello,True
19,8169,8198,8164,8211,8169,8176,8169,8163,8157,8158,8152,8115,8135,8068,18.35783743858337,hello,True
20,8166,8192,8155,8216,8178,8184,8179,8165,8173,8164,8142,8107,8136,8076,18.37311172485352,hello,True
21,8163,8192,8177,8208,8182,8185,8180,8168,8168,8157,8151,8135,8141,8087,18.37311172485352,hello,True
22,8166,8188,8160,8200,8173,8181,8184,8173,8175,8176,8160,8133,8150,8089,18.38871479034424,hello,True
23,8165,8173,8164,8185,8162,8182,8186,8177,8189,8190,8165,8135,8157,8099,18.38871479034424,hello,True
24,8162,8165,8171,8185,8170,8179,8189,8175,8192,8185,8167,8133,8161,8104,18.4039158821106,hello,True
25,8164,8160,8157,8189,8175,8174,8187,8162,8185,8184,8151,8126,8153,8093,18.4039158821106,hello,True
26,8158,8159,8162,8176,8167,8189,8187,8177,8195,8190,8145,8132,8143,8097,18.419127702713013,hello,True
27,8159,8166,8163,8173,8176,8209,8205,8198,8226,8201,8167,8134,8159,8109,18.419127702713013,hello,True
28,8171,8154,8162,8168,8186,8208,8202,8188,8225,8199,8174,8140,8169,8109,18.435121536254883,sil,False
29,8162,8142,8142,8160,8177,8202,8194,8181,8208,8198,8154,8122,8155,8093,18.435121536254883,sil,False
30,8156,8144,8132,8157,8164,8193,8198,8185,8211,8198,8144,8112,8152,8092,18.45029163360596,sil,False
31,8163,8140,8145,8139,8155,8179,8186,8190,8209,8191,8144,8129,8162,8096,18.45029163360596,sil,False
32,8156,8125,8116,8111,8158,8174,8168,8182,8201,8190,8155,8128,8168,8081,18.46590280532837,sil,False
33,8155,8126,8115,8102,8156,8173,8165,8173,8199,8182,8162,8138,8167,8079,18.46590280532837,sil,False
34,8166,8146,8138,8138,8167,8179,8178,8190,8214,8180,8166,8143,8173,8090,18.48118376731873,sil,False
35,8166,8157,8143,8162,8188,8179,8177,8192,8228,8195,8180,8145,8183,8097,18.48118376731873,sil,False
36,8172,8161,8149,8130,8166,8172,8157,8172,8209,8191,8177,8161,8177,8095,18.496145486831665,sil,False
37,8182,8163,8136,8126,8156,8176,8160,8161,8184,8156,8170,8148,8176,8084,18.511746644973755,sil,False
38,8179,8165,8153,8157,8192,8178,8167,8158,8174,8121,8178,8148,8177,8084,18.511746644973755,sil,False
39,8169,8179,8164,8166,8200,8180,8175,8166,8184,8145,8176,8147,8162,8079,18.511746644973755,sil,False
40,8168,8183,8143,8158,8182,8179,8175,8158,8196,8188,8170,8131,8146,8070,18.526901483535767,sil,False
41,8164,8176,8161,8155,8197,8174,8153,8151,8183,8180,8175,8143,8142,8079,18.526901483535767,sil,False
42,8158,8181,8170,8171,8220,8182,8160,8161,8183,8183,8186,8140,8155,8081,18.542978286743164,sil,False
43,8161,8184,8168,8171,8206,8192,8185,8158,8186,8190,8182,8130,8147,8077,18.542978286743164,sil,False
44,8151,8166,8157,8154,8197,8185,8183,8156,8175,8165,8160,8116,8122,8075,18.559001207351685,sil,False
45,8137,8149,8140,8152,8194,8174,8172,8152,8174,8167,8152,8102,8124,8064,18.559001207351685,sil,False
46,8142,8157,8165,8162,8185,8177,8176,8154,8179,8186,8157,8119,8130,8070,18.57402539253235,sil,False
47,8156,8170,8171,8187,8200,8185,8194,8169,8204,8201,8172,8131,8150,8099,18.57402539253235,sil,False
48,8167,8174,8177,8201,8204,8182,8192,8173,8211,8202,8187,8144,8170,8117,18.590131759643555,sil,False
49,8161,8170,8180,8188,8190,8180,8181,8163,8187,8188,8176,8135,8149,8099,18.590131759643555,sil,False
50,8144,8146,8144,8162,8185,8175,8180,8150,8181,8187,8153,8108,8127,8078,18.606143474578857,sil,False
51,8143,8124,8142,8138,8178,8166,8175,8160,8197,8189,8141,8119,8132,8081,18.606143474578857,sil,False
52,8157,8125,8145,8151,8170,8172,8185,8185,8215,8193,8150,8122,8150,8090,18.6216938495636,sil,False
53,8164,8132,8154,8162,8176,8182,8201,8183,8218,8198,8162,8123,8153,8101,18.6216938495636,sil,False
54,8157,8132,8163,8155,8180,8184,8199,8173,8208,8201,8158,8131,8145,8112,18.637221813201904,sil,False
55,8156,8123,8139,8150,8173,8179,8186,8163,8208,8198,8161,8130,8153,8108,18.637221813201904,sil,False
56,8164,8116,8150,8132,8174,8175,8180,8164,8201,8185,8164,8151,8166,8107,18.65327787399292,sil,False
57,8166,8123,8151,8126,8178,8173,8186,8177,8198,8189,8160,8153,8168,8103,18.65327787399292,sil,False
58,8165,8117,8135,8125,8158,8153,8172,8172,8192,8173,8161,8146,8158,8088,18.66881036758423,sil,False
59,8161,8107,8142,8102,8147,8136,8151,8166,8177,8133,8160,8149,8150,8079,18.66881036758423,sil,False
60,8159,8127,8146,8112,8171,8147,8162,8167,8183,8150,8175,8151,8159,8080,18.683828830718998,sil,False
61,8178,8158,8177,8150,8194,8164,8173,8167,8190,8188,8195,8174,8164,8093,18.683828830718998,sil,False
62,8182,8162,8190,8175,8197,8176,8180,8166,8183,8178,8194,8167,8153,8097,18.699804544448853,sil,False
63,8168,8151,8184,8179,8188,8177,8186,8154,8174,8155,8182,8154,8142,8094,18.699804544448853,sil,False
64,8173,8153,8195,8181,8189,8181,8186,8163,8179,8171,8179,8172,8146,8106,18.71527934074402,sil,False
65,8174,8160,8185,8194,8197,8187,8191,8178,8198,8206,8182,8162,8156,8109,18.71527934074402,sil,False
66,8163,8157,8189,8196,8192,8184,8188,8175,8195,8206,8172,8149,8152,8105,18.730956315994263,sil,False
67,8165,8144,8184,8180,8187,8186,8198,8176,8196,8194,8167,8149,8153,8105,18.730956315994263,sil,False
68,8166,8128,8167,8160,8186,8182,8207,8175,8211,8193,8160,8150,8164,8110,18.74707317352295,sil,False
69,8162,8130,8171,8143,8172,8161,8194,8178,8207,8188,8150,8157,8169,8112,18.74707317352295,sil,False
70,8183,8147,8168,8149,8174,8149,8182,8177,8196,8183,8171,8168,8185,8109,18.7627055644989,sil,False
71,8202,8161,8188,8158,8184,8144,8168,8160,8180,8161,8192,8191,8187,8111,18.7627055644989,sil,False
72,8188,8171,8204,8174,8178,8151,8167,8161,8173,8163,8184,8183,8176,8112,18.778059482574463,sil,False
73,8190,8178,8208,8199,8181,8169,8186,8175,8191,8209,8186,8177,8187,8123,18.778059482574463,sil,False
74,8199,8168,8212,8194,8183,8181,8196,8184,8213,8226,8183,8194,8189,8135,18.7936851978302,sil,False
75,8184,8146,8171,8170,8171,8171,8188,8184,8227,8211,8167,8174,8180,8124,18.7936851978302,sil,False
76,8191,8149,8169,8154,8164,8150,8169,8173,8209,8192,8168,8181,8189,8116,18.809123277664185,sil,False
77,8210,8174,8198,8169,8174,8151,8162,8167,8176,8173,8179,8201,8195,8116,18.809123277664185,sil,False
78,8199,8182,8199,8199,8183,8169,8176,8160,8173,8172,8185,8189,8184,8110,18.82407784461975,sil,False
79,8182,8173,8206,8202,8184,8183,8188,8169,8192,8200,8181,8179,8178,8121,18.82407784461975,sil,False
80,8177,8158,8180,8198,8177,8174,8191,8187,8217,8224,8169,8164,8188,8126,18.840184688568115,sil,False
81,8189,8152,8173,8188,8157,8145,8180,8185,8217,8199,8163,8177,8196,8124,18.840715885162357,sil,False
82,8209,8176,8198,8190,8155,8147,8175,8184,8205,8179,8194,8205,8217,8130,18.855684757232662,sil,False
83,8206,8193,8203,8218,8181,8168,8182,8171,8202,8188,8219,8188,8220,8120,18.855684757232662,sil,False
84,8184,8187,8213,8226,8184,8170,8178,8156,8178,8172,8177,8161,8175,8104,18.871108770370483,sil,False
85,8172,8184,8198,8222,8174,8177,8184,8158,8158,8156,8146,8147,8152,8101,18.886451721191406,sil,False
86,8178,8183,8194,8229,8177,8180,8194,8160,8159,8171,8171,8163,8167,8114,18.886451721191406,sil,False
87,8185,8173,8201,8236,8180,8177,8200,8173,8177,8190,8176,8167,8175,8122,18.902873754501343,sil,False
88,8188,8156,8177,8223,8177,8175,8204,8179,8198,8208,8167,8153,8182,8118,18.902873754501343,sil,False
89,8196,8148,8178,8189,8170,8165,8191,8180,8194,8201,8176,8176,8194,8130,18.91800856590271,sil,False
90,8201,8152,8177,8187,8166,8153,8182,8186,8191,8184,8185,8183,8208,8137,18.91800856590271,sil,False
91,8210,8159,8184,8198,8167,8149,8177,8180,8194,8177,8191,8180,8211,8136,18.93275594711304,sil,False
92,8214,8168,8197,8188,8173,8153,8172,8176,8190,8179,8198,8189,8205,8130,18.93275594711304,sil,False
93,8209,8183,8190,8194,8180,8149,8176,8172,8192,8194,8215,8189,8211,8124,18.9487886428833,sil,False
94,8208,8205,8215,8214,8186,8153,8172,8162,8185,8191,8219,8205,8211,8129,18.9487886428833,sil,False
95,8199,8205,8214,8232,8193,8177,8170,8156,8170,8183,8199,8185,8198,8119,18.96460962295532,sil,False
96,8175,8170,8192,8222,8184,8187,8176,8152,8158,8185,8171,8154,8178,8109,18.96460962295532,sil,False
97,8166,8145,8191,8189,8164,8170,8175,8159,8155,8178,8147,8148,8164,8116,18.97975993156433,sil,False
98,8178,8144,8169,8176,8157,8152,8164,8160,8162,8169,8150,8144,8176,8117,18.97975993156433,sil,False
99,8184,8143,8173,8169,8159,8144,8146,8157,8159,8155,8164,8162,8189,8114,18.995517015457157,sil,False
100,8182,8144,8181,8166,8163,8147,8144,8165,8160,8158,8177,8167,8200,8113,18.995517015457157,sil,False
101,8199,8157,8183,8178,8168,8147,8145,8164,8166,8167,8187,8174,8211,8118,19.0107102394104,sil,False
102,8205,8168,8195,8179,8168,8143,8134,8166,8161,8159,8193,8190,8205,8118,19.0107102394104,sil,False
103,8195,8160,8184,8175,8168,8147,8137,8166,8167,8165,8209,8177,8206,8114,19.02671813964844,sil,False
104,8197,8162,8200,8176,8170,8147,8134,8149,8158,8163,8207,8173,8199,8117,19.02671813964844,sil,False
105,8183,8170,8207,8192,8170,8150,8131,8140,8140,8149,8176,8162,8171,8110,19.041956901550293,sil,False
106,8157,8148,8189,8193,8156,8158,8146,8139,8142,8157,8151,8139,8154,8103,19.041956901550293,sil,False
107,8164,8135,8193,8174,8155,8170,8163,8154,8153,8178,8146,8139,8161,8117,19.057556629180908,sil,False
108,8181,8147,8185,8174,8169,8178,8179,8170,8170,8188,8154,8140,8181,8121,19.057556629180908,sil,False
109,8169,8135,8175,8164,8162,8164,8178,8167,8169,8169,8144,8142,8176,8108,19.073315620422363,sil,False
110,8150,8114,8157,8137,8148,8148,8164,8170,8163,8149,8128,8127,8156,8096,19.073315620422363,sil,False
111,8159,8121,8151,8131,8150,8138,8150,8166,8167,8148,8141,8126,8158,8089,19.08893060684204,sil,False
112,8181,8138,8176,8141,8160,8136,8147,8162,8161,8147,8164,8159,8174,8098,19.08893060684204,sil,False
113,8187,8151,8169,8153,8172,8144,8160,8168,8158,8153,8179,8169,8191,8103,19.104511737823486,sil,False
114,8182,8158,8177,8146,8170,8143,8155,8154,8142,8142,8182,8168,8184,8092,19.104511737823486,sil,False
115,8180,8165,8196,8154,8166,8140,8146,8143,8128,8124,8177,8158,8162,8086,19.12012028694153,sil,False
116,8191,8178,8208,8199,8183,8150,8164,8154,8142,8142,8187,8159,8168,8096,19.12012028694153,sil,False
117,8189,8173,8217,8185,8186,8167,8182,8166,8149,8166,8187,8174,8173,8108,19.135931253433228,sil,False
118,8159,8148,8176,8147,8181,8166,8177,8150,8142,8165,8154,8137,8144,8089,19.135931253433228,sil,False
119,8144,8154,8175,8177,8177,8156,8164,8135,8136,8150,8131,8118,8119,8076,19.151180744171143,sil,False
120,8155,8171,8194,8215,8160,8170,8173,8155,8147,8161,8141,8130,8135,8082,19.151180744171143,sil,False
121,8162,8157,8166,8199,8161,8178,8180,8164,8168,8183,8156,8132,8157,8088,19.166921138763428,sil,False
122,8159,8143,8174,8177,8187,8161,8169,8173,8174,8180,8155,8150,8155,8101,19.166921138763428,sil,False
123,8163,8152,8177,8191,8193,8156,8182,8191,8187,8190,8166,8152,8174,8106,19.18211317062378,sil,False
124,8174,8157,8172,8187,8181,8160,8184,8178,8187,8196,8177,8155,8190,8108,19.18211317062378,sil,False
125,8185,8168,8191,8181,8195,8164,8169,8168,8175,8172,8182,8173,8185,8108,19.19775629043579,sil,False
126,8196,8184,8192,8198,8196,8174,8175,8171,8184,8169,8209,8184,8202,8100,19.19775629043579,sil,False
127,8199,8190,8202,8189,8175,8172,8169,8165,8174,8174,8219,8199,8206,8098,19.21315026283264,sil,False
237,8192,8199,8198,8189,8195,8159,8165,8154,8157,8168,8199,8184,8185,8096,19.21315026283264,sil,False
0,8186,8206,8204,8202,8220,8165,8178,8150,8156,8156,8181,8165,8163,8088,19.22921371459961,sil,False
1,8185,8202,8216,8206,8215,8197,8192,8160,8157,8158,8169,8156,8149,8079,19.22921371459961,sil,False
2,8181,8188,8204,8214,8214,8210,8201,8161,8167,8181,8174,8144,8155,8082,19.244361877441406,sil,False
3,8173,8178,8218,8209,8213,8198,8197,8166,8178,8187,8181,8156,8166,8105,19.244361877441406,sil,False
4,8157,8165,8202,8199,8199,8197,8193,8174,8189,8190,8171,8143,8172,8100,19.25989007949829,sil,False
5,8155,8151,8177,8190,8191,8184,8194,8171,8191,8194,8162,8138,8173,8087,19.25989007949829,sil,False
6,8170,8168,8188,8189,8192,8171,8202,8183,8194,8196,8173,8161,8181,8108,19.275479555130005,sil,False
7,8176,8178,8177,8188,8192,8175,8212,8191,8211,8205,8183,8153,8189,8113,19.275479555130005,sil,False
8,8164,8155,8166,8157,8184,8167,8193,8173,8203,8192,8167,8146,8176,8094,19.29085803031921,sil,False
9,8156,8152,8156,8145,8181,8152,8177,8166,8188,8177,8167,8150,8177,8086,19.29085803031921,sil,False
10,8168,8180,8170,8161,8187,8149,8169,8164,8178,8171,8184,8165,8183,8084,19.30697870254517,sil,False
11,8166,8187,8186,8163,8188,8151,8149,8152,8151,8145,8178,8164,8163,8063,19.30697870254517,sil,False
12,8152,8175,8166,8163,8183,8146,8136,8135,8126,8125,8162,8138,8145,8044,19.32222008705139,sil,False
13,8162,8189,8195,8173,8182,8148,8142,8132,8120,8128,8158,8148,8142,8056,19.32222008705139,sil,False
14,8168,8208,8209,8192,8196,8171,8162,8152,8144,8152,8160,8148,8147,8064,19.33821678161621,sil,False
15,8144,8189,8185,8191,8197,8180,8166,8160,8159,8159,8143,8129,8140,8063,19.33821678161621,sil,False
16,8132,8164,8179,8176,8179,8177,8162,8158,8153,8152,8117,8121,8122,8058,19.353819608688354,sil,False
17,8144,8159,8162,8174,8175,8182,8176,8159,8160,8157,8113,8109,8126,8053,19.353819608688354,sil,False
18,8156,8156,8176,8163,8184,8182,8172,8159,8158,8140,8119,8133,8133,8069,19.3700213432312,sil,False
19,8154,8152,8180,8156,8183,8179,8162,8165,8159,8135,8130,8140,8138,8077,19.3700213432312,sil,False
20,8151,8153,8156,8164,8180,8167,8156,8164,8182,8161,8151,8125,8160,8066,19.38589572906494,sil,False
21,8172,8162,8178,8165,8181,8150,8138,8174,8183,8165,8151,8151,8172,8076,19.38589572906494,sil,False
22,8185,8165,8189,8173,8185,8149,8141,8182,8180,8157,8158,8167,8178,8089,19.40122008323669,sil,False
23,8178,8161,8175,8169,8190,8149,8150,8164,8180,8153,8179,8162,8178,8088,19.40122008323669,sil,False
24,8169,8162,8164,8157,8186,8147,8144,8154,8167,8140,8160,8144,8162,8076,19.41670274734497,sil,False
25,8167,8158,8159,8163,8180,8149,8145,8150,8159,8131,8143,8135,8148,8063,19.41670274734497,sil,False
26,8176,8161,8178,8168,8186,8151,8152,8159,8153,8130,8162,8151,8145,8072,19.43187975883484,sil,False
27,8179,8172,8171,8177,8197,8155,8159,8170,8158,8146,8182,8151,8155,8084,19.43187975883484,sil,False
28,8171,8171,8170,8179,8194,8161,8160,8158,8159,8153,8184,8155,8157,8083,19.447044610977173,sil,False
29,8157,8167,8177,8172,8189,8170,8162,8153,8151,8145,8169,8147,8142,8072,19.447044610977173,sil,False
30,8145,8155,8157,8164,8187,8171,8163,8147,8141,8137,8150,8118,8125,8049,19.46280598640442,sil,False
31,8133,8142,8162,8152,8181,8169,8162,8144,8135,8132,8130,8118,8105,8046,19.46280598640442,sil,False
32,8129,8152,8163,8177,8191,8188,8188,8155,8153,8153,8136,8117,8114,8065,19.477949619293213,sil,False
33,8145,8166,8170,8199,8204,8201,8203,8160,8164,8168,8153,8122,8140,8084,19.477949619293213,sil,False
34,8148,8147,8171,8175,8195,8193,8196,8169,8164,8165,8142,8124,8144,8085,19.49420475959778,sil,False
35,8136,8123,8142,8155,8183,8185,8196,8171,8178,8176,8131,8112,8142,8084,19.50921201705933,sil,False
36,8139,8128,8153,8159,8187,8193,8195,8165,8175,8172,8135,8125,8148,8097,19.50921201705933,sil,False
37,8142,8132,8158,8168,8197,8206,8196,8167,8167,8170,8145,8120,8157,8090,19.52480149269104,sil,False
38,8137,8128,8163,8164,8193,8199,8191,8164,8169,8185,8145,8115,8145,8082,19.52480149269104,sil,False
39,8142,8135,8174,8161,8187,8193,8192,8169,8177,8189,8138,8122,8132,8091,19.540968894958496,sil,False
40,8155,8134,8158,8167,8191,8189,8195,8174,8188,8187,8143,8118,8150,8097,19.540968894958496,sil,False
41,8156,8130,8165,8155,8181,8171,8176,8176,8189,8191,8144,8138,8164,8106,19.54135751724243,sil,False
42,8156,8135,8166,8154,8173,8155,8169,8179,8194,8195,8149,8145,8166,8108,19.55707216262817,sil,False
43,8165,8127,8160,8158,8181,8152,8170,8165,8189,8176,8150,8139,8157,8097,19.55707216262817,sil,False
44,8160,8114,8151,8139,8176,8151,8163,8159,8175,8158,8133,8138,8146,8084,19.572799921035767,sil,False
45,8157,8118,8138,8135,8165,8145,8166,8166,8189,8169,8145,8145,8168,8087,19.573800802230835,sil,False
46,8176,8134,8177,8145,8173,8143,8171,8172,8204,8168,8173,8174,8190,8108,19.587863445281982,sil,False
47,8180,8144,8177,8140,8184,8150,8177,8178,8206,8157,8168,8160,8182,8105,19.60311198234558,sil,False
48,8166,8141,8149,8126,8181,8147,8170,8168,8202,8158,8149,8142,8168,8082,19.60311198234558,sil,False
49,8155,8136,8162,8127,8182,8144,8155,8159,8191,8161,8147,8154,8161,8074,19.61922836303711,sil,False
50,8151,8143,8155,8139,8190,8147,8159,8152,8180,8156,8151,8142,8153,8068,19.61922836303711,sil,False
51,8156,8156,8166,8142,8186,8143,8162,8147,8165,8137,8148,8146,8138,8060,19.61922836303711,sil,False
52,8153,8168,8181,8159,8186,8141,8157,8150,8166,8137,8150,8150,8130,8052,19.63626980781555,hello,True
53,8144,8170,8183,8172,8185,8138,8155,8140,8166,8142,8148,8141,8123,8049,19.63626980781555,hello,True
54,8153,8173,8198,8168,8180,8142,8161,8143,8155,8134,8141,8144,8113,8062,19.65106630325317,hello,True
55,8163,8174,8186,8175,8189,8150,8175,8156,8163,8137,8140,8131,8110,8069,19.666550636291504,hello,True
56,8153,8170,8185,8167,8189,8144,8174,8154,8161,8130,8124,8129,8099,8064,19.666550636291504,hello,True
57,8146,8164,8183,8162,8176,8150,8180,8161,8159,8139,8111,8135,8105,8065,19.681714057922363,hello,True
58,8159,8158,8178,8184,8178,8169,8198,8168,8182,8179,8126,8139,8132,8080,19.681714057922363,hello,True
59,8165,8159,8193,8188,8187,8174,8200,8168,8193,8191,8133,8147,8141,8090,19.69685649871826,hello,True
60,8152,8151,8174,8170,8181,8170,8198,8162,8189,8184,8130,8141,8130,8082,19.69685649871826,hello,True
61,8147,8135,8168,8153,8166,8166,8191,8156,8183,8181,8132,8153,8127,8087,19.712114095687863,hello,True
62,8152,8130,8172,8154,8168,8161,8194,8170,8188,8177,8136,8158,8142,8099,19.712114095687863,hello,True
63,8153,8129,8155,8152,8174,8150,8197,8178,8198,8181,8147,8150,8155,8097,19.727705240249637,hello,True
64,8150,8129,8161,8129,8166,8149,8186,8178,8189,8174,8145,8158,8142,8092,19.727705240249637,hello,True
65,8152,8129,8159,8136,8163,8155,8188,8177,8183,8156,8143,8153,8143,8081,19.74341320991516,hello,True
66,8165,8131,8176,8150,8165,8142,8188,8177,8188,8145,8155,8167,8158,8086,19.74341320991516,hello,True
67,8177,8141,8188,8136,8167,8130,8183,8185,8191,8154,8160,8184,8160,8092,19.759065866470337,hello,True
68,8173,8154,8175,8134,8173,8135,8177,8170,8181,8172,8165,8176,8162,8082,19.759065866470337,hello,True
69,8172,8165,8189,8147,8182,8147,8163,8155,8168,8167,8169,8177,8160,8075,19.774660110473636,hello,True
70,8176,8181,8187,8162,8190,8160,8171,8163,8189,8164,8170,8164,8154,8076,19.774660110473636,hello,True
71,8183,8188,8196,8166,8192,8165,8182,8163,8202,8169,8159,8162,8144,8081,19.79018497467041,hello,True
72,8184,8194,8215,8174,8189,8167,8176,8164,8193,8165,8148,8167,8135,8085,19.79018497467041,hello,True
73,8175,8191,8196,8189,8186,8172,8179,8162,8195,8170,8148,8153,8139,8082,19.80573797225952,hello,True
74,8171,8168,8202,8179,8177,8178,8184,8160,8191,8176,8145,8160,8139,8088,19.80573797225952,hello,True
75,8182,8170,8210,8191,8192,8197,8204,8179,8210,8193,8159,8167,8159,8109,19.82108211517334,hello,True
76,8199,8190,8217,8218,8217,8210,8214,8191,8234,8208,8179,8182,8180,8128,19.82108211517334,hello,True
77,8195,8184,8226,8216,8204,8203,8203,8194,8227,8216,8180,8193,8170,8125,19.83678722381592,hello,True
78,8184,8161,8202,8196,8177,8192,8203,8191,8225,8225,8173,8178,8161,8109,19.83678722381592,hello,True
79,8182,8154,8190,8164,8171,8180,8204,8183,8221,8206,8164,8177,8162,8111,19.852739810943604,hello,True
80,8183,8157,8179,8161,8176,8175,8198,8180,8219,8191,8163,8172,8174,8112,19.852739810943604,hello,True
81,8186,8156,8180,8176,8174,8176,8189,8180,8224,8192,8176,8178,8183,8103,19.86797332763672,hello,True
82,8197,8168,8193,8172,8176,8184,8188,8183,8210,8183,8195,8201,8187,8104,19.86797332763672,hello,True
83,8207,8194,8194,8178,8185,8180,8184,8166,8188,8173,8207,8204,8190,8103,19.88405132293701,hello,True
84,8206,8210,8226,8198,8182,8163,8166,8146,8170,8160,8203,8210,8174,8103,19.88405132293701,hello,True
85,8196,8199,8224,8210,8179,8176,8175,8149,8172,8160,8194,8195,8164,8101,19.90009641647339,hello,True
86,8191,8183,8203,8198,8181,8199,8202,8159,8189,8182,8189,8178,8169,8106,19.90009641647339,hello,True
87,8204,8192,8216,8188,8185,8198,8217,8184,8214,8214,8181,8192,8176,8128,19.91567039489746,hello,True
88,8216,8201,8208,8195,8190,8182,8214,8196,8234,8230,8189,8199,8194,8134,19.91567039489746,hello,True
89,8218,8195,8208,8180,8178,8162,8193,8180,8216,8196,8198,8214,8204,8130,19.93080472946167,hello,True
90,8214,8199,8211,8167,8173,8161,8177,8175,8192,8171,8191,8216,8203,8123,19.931107997894287,hello,True
91,8224,8213,8224,8189,8190,8165,8172,8169,8187,8180,8192,8210,8200,8123,19.946902751922607,hello,True
92,8227,8214,8238,8211,8200,8172,8184,8166,8184,8181,8177,8199,8184,8121,19.946902751922607,hello,True
93,8207,8194,8199,8202,8190,8188,8219,8178,8203,8200,8159,8171,8180,8112,19.962836027145386,hello,True
94,8197,8172,8184,8164,8175,8181,8214,8183,8210,8198,8163,8184,8192,8117,19.962836027145386,hello,True
95,8197,8172,8186,8151,8173,8157,8176,8170,8178,8147,8170,8188,8189,8111,19.97796893119812,hello,True
96,8199,8189,8189,8185,8179,8158,8172,8152,8155,8136,8177,8174,8177,8101,19.97796893119812,hello,True
97,8209,8207,8218,8210,8190,8184,8187,8160,8167,8175,8186,8193,8181,8117,19.994041681289676,hello,True
98,8212,8214,8209,8215,8199,8189,8192,8168,8186,8185,8195,8192,8191,8127,19.994041681289676,hello,True
99,8196,8212,8199,8208,8194,8177,8187,8159,8175,8164,8185,8181,8172,8117,20.009768962860107,hello,True
100,8184,8202,8196,8204,8185,8180,8197,8167,8172,8173,8175,8172,8165,8111,20.009768962860107,hello,True
101,8184,8183,8181,8204,8181,8182,8203,8166,8181,8191,8175,8167,8177,8114,20.025062322616577,hello,True
102,8185,8191,8192,8199,8180,8186,8191,8167,8177,8185,8174,8179,8174,8127,20.025062322616577,hello,True
103,8186,8211,8185,8214,8189,8200,8200,8176,8188,8194,8181,8177,8179,8133,20.04074120521545,hello,True
104,8193,8202,8184,8213,8185,8195,8201,8169,8192,8199,8185,8185,8191,8129,20.04074120521545,hello,True
105,8196,8192,8188,8198,8164,8169,8176,8169,8181,8186,8188,8196,8201,8129,20.056763648986816,hello,True
106,8196,8198,8175,8196,8162,8144,8154,8166,8178,8168,8202,8198,8208,8121,20.056763648986816,hello,True
107,8205,8201,8189,8190,8173,8136,8144,8158,8170,8154,8203,8208,8203,8117,20.072674036026,hello,True
108,8214,8203,8186,8197,8169,8143,8150,8164,8168,8160,8196,8201,8200,8119,20.072674036026,hello,True
109,8228,8213,8196,8209,8161,8146,8149,8161,8165,8157,8204,8217,8202,8125,20.09277629852295,hello,True
110,8239,8222,8224,8213,8171,8145,8138,8156,8153,8148,8217,8239,8207,8134,20.09277629852295,hello,True
111,8237,8232,8228,8223,8185,8152,8143,8154,8153,8162,8232,8229,8214,8132,20.093786239624023,hello,True
112,8236,8247,8243,8235,8180,8160,8156,8155,8153,8165,8234,8230,8207,8131,20.102936267852783,hello,True
113,8237,8249,8238,8240,8174,8161,8164,8162,8154,8154,8231,8224,8200,8131,20.11897850036621,hello,True
114,8231,8237,8230,8233,8172,8159,8159,8156,8154,8156,8237,8221,8204,8129,20.11897850036621,hello,True
115,8218,8235,8233,8228,8172,8169,8151,8157,8148,8163,8230,8222,8196,8124,20.1341495513916,hello,True
116,8213,8235,8226,8242,8174,8180,8167,8171,8154,8174,8221,8211,8191,8132,20.1341495513916,hello,True
117,8218,8223,8229,8242,8167,8178,8185,8177,8163,8178,8213,8212,8191,8151,20.150309801101685,hello,True
118,8204,8212,8202,8222,8163,8179,8185,8171,8167,8179,8194,8191,8189,8138,20.150309801101685,hello,True
119,8195,8212,8193,8208,8172,8180,8175,8158,8158,8182,8190,8185,8195,8131,20.165546894073486,hello,True
120,8204,8221,8212,8208,8178,8179,8177,8163,8155,8177,8205,8203,8199,8146,20.165546894073486,hello,True
121,8204,8218,8191,8209,8171,8177,8186,8176,8180,8183,8206,8197,8200,8143,20.181015253067017,hello,True
122,8202,8208,8190,8193,8160,8166,8169,8189,8200,8195,8195,8212,8202,8147,20.181015253067017,hello,True
123,8211,8209,8192,8190,8169,8159,8162,8191,8202,8201,8206,8224,8215,8154,20.19677233695984,hello,True
124,8216,8209,8183,8177,8174,8151,8159,8167,8188,8177,8216,8221,8212,8140,20.19677233695984,hello,True
125,8212,8202,8191,8153,8164,8144,8150,8169,8176,8154,8204,8222,8193,8128,20.212032556533813,hello,True
126,8210,8203,8179,8165,8173,8153,8157,8178,8182,8173,8208,8213,8205,8124,20.212032556533813,hello,True
127,8211,8222,8193,8170,8190,8168,8160,8166,8167,8172,8212,8217,8203,8120,20.228135585784912,hello,True
237,8210,8231,8201,8171,8194,8174,8166,8162,8164,8159,8207,8207,8187,8111,20.228135585784912,hello,True
0,8219,8223,8201,8192,8199,8174,8173,8161,8178,8165,8215,8203,8192,8118,20.243757486343384,hello,True
1,8210,8226,8217,8190,8208,8182,8176,8169,8170,8163,8205,8205,8185,8124,20.243757486343384,hello,True
2,8178,8222,8185,8176,8204,8189,8186,8176,8176,8177,8184,8168,8170,8104,20.258785724639893,hello,True
3,8174,8206,8184,8180,8188,8199,8194,8173,8189,8195,8175,8166,8166,8102,20.258785724639893,hello,True
4,8179,8203,8194,8197,8192,8217,8209,8177,8190,8199,8177,8182,8170,8117,20.27448463439941,hello,True
5,8168,8191,8166,8184,8198,8216,8210,8176,8185,8198,8170,8169,8166,8111,20.27448463439941,hello,True
6,8155,8173,8160,8150,8184,8212,8197,8177,8180,8187,8153,8167,8157,8102,20.28978943824768,hello,True
7,8156,8173,8160,8159,8177,8213,8200,8184,8197,8188,8164,8173,8169,8108,20.305708408355716,hello,True
8,8173,8179,8179,8170,8184,8184,8189,8192,8214,8195,8186,8197,8188,8123,20.305708408355716,hello,True
9,8186,8178,8186,8158,8186,8168,8172,8195,8216,8189,8186,8207,8191,8123,20.305708408355716,hello,True
10,8191,8176,8180,8159,8185,8183,8172,8177,8204,8174,8186,8210,8185,8117,20.32090187072754,hello,True
11,8198,8180,8202,8160,8182,8183,8164,8170,8184,8169,8207,8234,8196,8119,20.33700489997864,sil,False
12,8201,8185,8198,8170,8182,8178,8165,8172,8181,8175,8239,8232,8215,8117,20.33700489997864,sil,False
13,8208,8197,8219,8187,8194,8191,8179,8166,8183,8159,8246,8242,8208,8121,20.33700489997864,sil,False
14,8210,8205,8238,8197,8202,8209,8192,8173,8188,8153,8228,8242,8192,8124,20.3527410030365,sil,False
15,8193,8191,8214,8205,8190,8207,8198,8166,8189,8175,8210,8209,8187,8113,20.3680317401886,sil,False
16,8181,8189,8227,8217,8185,8196,8200,8156,8179,8184,8203,8212,8180,8120,20.3680317401886,sil,False
17,8186,8199,8226,8232,8200,8202,8213,8164,8188,8198,8213,8213,8182,8130,20.3680317401886,sil,False
18,8186,8186,8210,8209,8189,8207,8211,8160,8182,8198,8203,8198,8177,8122,20.383671045303345,sil,False
19,8172,8167,8195,8183,8168,8197,8196,8161,8171,8175,8171,8187,8161,8114,20.383671045303345,sil,False
20,8164,8165,8174,8193,8179,8182,8193,8175,8194,8190,8172,8186,8167,8118,20.39876365661621,sil,False
21,8171,8166,8185,8183,8181,8175,8186,8179,8203,8206,8184,8199,8172,8126,20.41400623321533,sil,False
22,8179,8162,8183,8173,8171,8175,8178,8177,8205,8194,8182,8190,8170,8122,20.41400623321533,sil,False
23,8194,8163,8187,8173,8179,8165,8166,8182,8216,8182,8194,8208,8190,8123,20.430102109909058,sil,False
24,8205,8168,8194,8162,8184,8161,8166,8197,8216,8190,8217,8232,8208,8133,20.430102109909058,sil,False
25,8195,8161,8168,8153,8177,8169,8176,8187,8199,8195,8218,8210,8194,8123,20.445874214172363,sil,False
26,8179,8152,8168,8139,8175,8167,8167,8168,8177,8176,8195,8201,8167,8108,20.445874214172363,sil,False
27,8184,8166,8182,8146,8184,8168,8172,8170,8185,8176,8198,8209,8176,8108,20.46113920211792,sil,False
28,8201,8178,8193,8164,8185,8171,8188,8167,8196,8184,8218,8218,8191,8119,20.46113920211792,sil,False
29,8191,8168,8188,8153,8183,8176,8183,8166,8188,8181,8204,8212,8178,8119,20.476993560791016,sil,False
30,8169,8156,8160,8141,8186,8177,8173,8168,8188,8178,8184,8191,8174,8100,20.476993560791016,sil,False
31,8172,8164,8183,8149,8181,8173,8169,8165,8185,8164,8187,8200,8170,8107,20.492129802703857,sil,False
32,8174,8164,8196,8169,8182,8183,8181,8173,8188,8174,8194,8191,8158,8126,20.492129802703857,sil,False
33,8165,8153,8182,8176,8192,8198,8191,8168,8198,8205,8188,8174,8156,8126,20.50799131393433,sil,False
34,8175,8158,8197,8181,8199,8209,8194,8168,8202,8220,8184,8187,8170,8135,20.50799131393433,sil,False
35,8187,8167,8195,8194,8199,8212,8209,8177,8209,8225,8194,8191,8187,8150,20.5234649181366,sil,False
36,8174,8157,8194,8186,8186,8210,8208,8173,8207,8213,8187,8188,8179,8147,20.5234649181366,sil,False
37,8157,8140,8174,8172,8176,8205,8196,8166,8194,8190,8160,8164,8157,8125,20.539122104644772,sil,False
38,8151,8122,8153,8164,8171,8189,8191,8165,8186,8180,8137,8147,8139,8112,20.539122104644772,sil,False
39,8149,8114,8156,8155,8166,8187,8192,8187,8199,8191,8140,8158,8137,8123,20.554150581359863,sil,False
40,8148,8118,8127,8156,8170,8199,8192,8200,8236,8214,8169,8152,8167,8127,20.554150581359863,sil,False
41,8157,8118,8124,8156,8177,8198,8185,8197,8250,8226,8181,8163,8193,8130,20.57019281387329,sil,False
42,8168,8129,8139,8159,8175,8195,8190,8199,8244,8233,8172,8173,8197,8139,20.57019281387329,sil,False
43,8180,8136,8145,8153,8173,8195,8194,8190,8235,8223,8171,8171,8188,8145,20.58581137657165,sil,False
44,8184,8119,8147,8122,8169,8184,8178,8179,8202,8182,8160,8182,8177,8138,20.58581137657165,sil,False
45,8173,8111,8122,8118,8166,8169,8169,8171,8182,8168,8153,8171,8180,8117,20.601898431777958,sil,False
46,8171,8128,8135,8139,8172,8170,8168,8160,8180,8173,8165,8168,8175,8108,20.601898431777958,sil,False
47,8175,8143,8148,8142,8180,8184,8169,8161,8179,8166,8168,8169,8168,8104,20.6176278591156,sil,False
48,8177,8139,8135,8138,8180,8191,8171,8162,8186,8174,8172,8169,8184,8101,20.6176278591156,sil,False
49,8181,8139,8151,8136,8179,8184,8160,8165,8178,8177,8170,8183,8185,8115,20.63317584991455,sil,False
50,8182,8142,8151,8141,8181,8173,8155,8166,8159,8157,8154,8168,8162,8109,20.63317584991455,sil,False
51,8174,8143,8158,8144,8176,8173,8152,8154,8144,8139,8141,8156,8142,8096,20.64868402481079,sil,False
52,8163,8153,8171,8160,8178,8193,8159,8160,8150,8142,8134,8144,8132,8094,20.64868402481079,sil,False
53,8157,8146,8158,8174,8181,8201,8170,8158,8153,8150,8135,8120,8129,8086,20.663939714431763,sil,False
54,8149,8130,8164,8158,8170,8188,8164,8148,8135,8150,8133,8124,8125,8088,20.663939714431763,sil,False
55,8150,8126,8156,8159,8173,8196,8175,8157,8149,8169,8137,8133,8132,8111,20.680109977722168,sil,False
56,8164,8120,8152,8170,8175,8199,8188,8160,8166,8175,8131,8145,8134,8129,20.680109977722168,sil,False
57,8166,8117,8160,8161,8165,8181,8175,8162,8149,8153,8113,8141,8121,8122,20.69605755805969,sil,False
58,8164,8122,8152,8159,8161,8171,8167,8170,8149,8152,8118,8133,8127,8108,20.69605755805969,sil,False
59,8166,8118,8150,8152,8160,8164,8165,8178,8164,8156,8132,8148,8140,8105,20.711703300476078,sil,False
60,8158,8107,8125,8133,8156,8155,8151,8175,8168,8148,8136,8133,8142,8094,20.711703300476078,sil,False
61,8161,8114,8128,8123,8149,8148,8130,8164,8167,8140,8145,8136,8150,8094,20.72728061676025,sil,False
62,8180,8137,8163,8144,8160,8155,8137,8175,8173,8143,8170,8173,8168,8116,20.72728061676025,sil,False
63,8195,8151,8170,8181,8182,8169,8154,8178,8175,8152,8194,8186,8182,8126,20.74253511428833,sil,False
64,8196,8164,8181,8186,8185,8179,8147,8160,8155,8139,8182,8181,8169,8114,20.74253511428833,sil,False
65,8186,8169,8177,8185,8175,8187,8149,8156,8145,8131,8155,8152,8150,8094,20.75776219367981,sil,False
66,8176,8152,8179,8201,8177,8193,8162,8158,8147,8141,8147,8144,8142,8092,20.75776219367981,sil,False
67,8165,8128,8178,8199,8170,8202,8164,8162,8142,8148,8139,8156,8139,8105,20.773117065429688,sil,False
68,8157,8116,8147,8176,8154,8199,8168,8162,8150,8160,8135,8145,8146,8110,20.773117065429688,sil,False
69,8172,8114,8158,8158,8155,8185,8168,8172,8166,8167,8142,8153,8152,8121,20.78825044631958,sil,False
70,8198,8125,8173,8177,8172,8178,8167,8187,8180,8176,8165,8175,8173,8129,20.78825044631958,sil,False
71,8213,8150,8184,8205,8188,8179,8161,8172,8170,8171,8198,8194,8188,8126,20.80344843864441,sil,False
72,8207,8157,8203,8208,8186,8184,8154,8161,8149,8155,8194,8192,8167,8120,20.80344843864441,sil,False
73,8192,8132,8183,8202,8177,8189,8176,8166,8161,8176,8164,8164,8157,8118,20.819804668426517,sil,False
74,8194,8117,8179,8182,8167,8184,8188,8176,8186,8197,8156,8179,8173,8140,20.819804668426517,sil,False
75,8203,8136,8181,8176,8170,8175,8170,8179,8188,8188,8178,8198,8186,8146,20.8358097076416,sil,False
76,8201,8155,8180,8199,8181,8162,8155,8153,8150,8160,8185,8188,8169,8114,20.8358097076416,sil,False
77,8192,8154,8202,8210,8179,8168,8155,8141,8115,8145,8163,8178,8145,8100,20.851104736328125,sil,False
78,8185,8133,8185,8205,8171,8189,8170,8154,8132,8161,8160,8164,8147,8111,20.851104736328125,sil,False
79,8186,8113,8176,8185,8160,8183,8170,8166,8153,8163,8163,8175,8154,8128,20.866528272628784,sil,False
80,8199,8126,8186,8183,8162,8168,8163,8186,8168,8174,8175,8195,8174,8140,20.866528272628784,sil,False
81,8225,8156,8201,8210,8181,8165,8153,8190,8179,8202,8213,8221,8213,8149,20.88196873664856,sil,False
82,8233,8177,8232,8225,8190,8167,8140,8177,8161,8196,8226,8241,8214,8155,20.88196873664856,sil,False
83,8203,8166,8209,8218,8185,8178,8155,8163,8155,8189,8202,8200,8184,8141,20.897335052490234,sil,False
84,8169,8131,8175,8187,8165,8183,8167,8158,8159,8188,8169,8173,8161,8124,20.897335052490234,sil,False
85,8157,8115,8154,8166,8152,8177,8160,8163,8153,8173,8147,8171,8154,8112,20.91333246231079,sil,False
86,8168,8119,8145,8167,8151,8160,8143,8157,8149,8163,8148,8172,8157,8112,20.91333246231079,sil,False
87,8190,8129,8178,8160,8153,8141,8121,8153,8136,8154,8163,8200,8161,8119,20.928948402404785,sil,False
88,8191,8134,8184,8165,8155,8139,8122,8155,8127,8146,8182,8203,8171,8112,20.928948402404785,sil,False
89,8176,8132,8186,8172,8154,8150,8129,8146,8126,8138,8182,8195,8164,8111,20.944294691085812,sil,False
90,8164,8133,8185,8176,8153,8171,8147,8157,8138,8159,8165,8181,8148,8113,20.944294691085812,sil,False
91,8162,8124,8163,8177,8149,8181,8168,8176,8174,8202,8159,8170,8161,8117,20.960183143615723,sil,False
92,8179,8122,8170,8167,8148,8165,8163,8188,8194,8206,8181,8201,8190,8139,20.960183143615723,sil,False
93,8192,8142,8173,8187,8165,8155,8154,8181,8185,8191,8213,8213,8197,8135,20.975717067718502,sil,False
94,8178,8155,8187,8209,8180,8175,8163,8161,8164,8184,8201,8202,8171,8118,20.975717067718502,sil,False
95,8168,8152,8197,8206,8181,8197,8184,8175,8182,8199,8172,8194,8166,8136,20.99117159843445,sil,False
96,8187,8150,8171,8204,8182,8180,8176,8188,8210,8214,8186,8198,8193,8145,21.005959033966064,sil,False
97,8199,8163,8186,8196,8178,8162,8141,8171,8173,8179,8196,8213,8182,8123,21.005959033966064,sil,False
98,8178,8169,8191,8196,8182,8188,8158,8163,8151,8163,8175,8188,8157,8111,21.021169185638428,sil,False
99,8162,8143,8169,8187,8181,8193,8187,8172,8181,8185,8157,8175,8164,8126,21.021169185638428,sil,False
100,8167,8123,8154,8155,8160,8162,8161,8181,8190,8176,8164,8187,8172,8123,21.036935567855835,sil,False
101,8171,8148,8153,8172,8161,8165,8141,8159,8167,8157,8179,8182,8160,8096,21.036935567855835,sil,False
102,8162,8167,8182,8201,8180,8194,8164,8149,8156,8178,8176,8193,8152,8102,21.051820993423465,sil,False
103,8149,8133,8155,8160,8174,8189,8184,8172,8182,8207,8175,8192,8176,8123,21.051820993423465,sil,False
104,8162,8122,8141,8129,8158,8157,8157,8172,8184,8179,8182,8195,8186,8122,21.067052841186523,sil,False
105,8184,8169,8190,8196,8170,8163,8142,8163,8154,8146,8179,8206,8168,8110,21.067052841186523,sil,False
106,8171,8181,8187,8250,8183,8185,8169,8163,8160,8172,8175,8180,8171,8105,21.08281445503235,sil,False
107,8152,8151,8169,8211,8162,8180,8176,8167,8180,8193,8166,8171,8171,8116,21.08281445503235,sil,False
108,8164,8146,8158,8188,8154,8172,8158,8176,8187,8191,8169,8187,8179,8125,21.0988929271698,sil,False
109,8184,8159,8162,8203,8170,8155,8138,8171,8176,8179,8187,8208,8203,8126,21.0988929271698,sil,False
110,8184,8167,8176,8201,8175,8140,8125,8164,8153,8153,8187,8202,8198,8116,21.114012002944943,sil,False
111,8176,8166,8160,8206,8175,8153,8132,8159,8149,8147,8183,8174,8178,8101,21.114012002944943,sil,False
112,8177,8162,8172,8207,8174,8173,8142,8160,8147,8155,8178,8191,8173,8110,21.12977933883667,sil,False
113,8178,8165,8172,8221,8178,8187,8161,8168,8153,8166,8163,8192,8175,8117,21.12977933883667,sil,False
114,8178,8157,8161,8232,8190,8194,8183,8169,8176,8186,8158,8175,8172,8115,21.14560556411743,sil,False
115,8185,8150,8174,8206,8191,8189,8177,8179,8190,8194,8163,8186,8173,8119,21.14560556411743,sil,False
116,8198,8153,8161,8190,8177,8167,8164,8184,8192,8188,8175,8191,8195,8120,21.160791635513306,sil,False
117,8208,8157,8171,8189,8166,8149,8153,8171,8167,8170,8186,8206,8198,8123,21.160791635513306,sil,False
118,8197,8159,8177,8190,8171,8171,8159,8166,8139,8155,8176,8191,8175,8119,21.17676854133606,sil,False
119,8183,8155,8160,8202,8180,8199,8189,8168,8147,8166,8156,8161,8159,8113,21.17676854133606,sil,False
120,8182,8150,8166,8202,8181,8198,8210,8187,8181,8186,8149,8167,8160,8130,21.19239592552185,sil,False
121,8188,8148,8159,8188,8172,8180,8198,8190,8198,8189,8163,8174,8179,8135,21.19239592552185,sil,False
122,8206,8154,8170,8174,8157,8167,8158,8164,8167,8154,8173,8198,8189,8126,21.207449436187744,sil,False
123,8218,8168,8187,8181,8161,8164,8148,8161,8146,8139,8178,8212,8183,8128,21.207449436187744,sil,False
124,8214,8183,8189,8201,8183,8167,8162,8167,8162,8167,8189,8209,8182,8126,21.223121881484985,sil,False
125,8197,8189,8203,8204,8184,8179,8169,8171,8166,8180,8179,8217,8176,8119,21.223121881484985,sil,False
126,8186,8174,8183,8204,8172,8190,8187,8182,8178,8190,8161,8199,8173,8117,21.238182306289676,sil,False
127,8193,8154,8170,8192,8172,8184,8200,8189,8204,8207,8165,8201,8175,8133,21.238182306289676,sil,False
237,8190,8151,8164,8173,8177,8176,8193,8202,8212,8202,8165,8217,8182,8139,21.25351619720459,sil,False
0,8188,8155,8154,8172,8171,8167,8176,8189,8194,8175,8160,8220,8188,8125,21.25351619720459,sil,False
1,8197,8166,8175,8170,8162,8154,8154,8159,8162,8146,8158,8225,8171,8110,21.270111799240112,sil,False
2,8184,8176,8168,8177,8169,8156,8157,8152,8149,8147,8154,8208,8151,8089,21.270111799240112,sil,False
3,8171,8173,8177,8189,8180,8169,8174,8155,8150,8160,8142,8210,8141,8089,21.286060333251957,sil,False
4,8188,8171,8200,8196,8178,8185,8195,8170,8167,8177,8145,8222,8146,8112,21.286060333251957,sil,False
5,8203,8163,8171,8183,8162,8184,8206,8185,8198,8190,8155,8215,8167,8118,21.3009033203125,sil,False
6,8189,8143,8158,8148,8152,8158,8182,8184,8200,8179,8146,8224,8177,8112,21.3009033203125,sil,False
7,8183,8142,8155,8147,8164,8148,8172,8172,8183,8177,8152,8233,8184,8108,21.31602931022644,sil,False
8,8195,8163,8160,8161,8165,8150,8173,8157,8161,8166,8158,8237,8178,8096,21.31602931022644,sil,False
9,8190,8176,8172,8159,8158,8160,8177,8166,8157,8157,8142,8223,8159,8088,21.33213996887207,sil,False
10,8170,8172,8167,8170,8174,8185,8209,8190,8201,8198,8140,8210,8164,8107,21.33213996887207,sil,False
11,8168,8162,8169,8167,8177,8186,8211,8206,8232,8223,8149,8235,8178,8132,21.348066806793213,sil,False
12,8182,8163,8149,8154,8165,8160,8172,8199,8221,8202,8157,8242,8188,8120,21.348066806793213,sil,False
13,8195,8171,8162,8155,8167,8143,8143,8171,8196,8172,8166,8248,8188,8104,21.36278247833252,sil,False
14,8194,8177,8191,8163,8166,8145,8154,8167,8176,8155,8174,8264,8182,8112,21.36278247833252,sil,False
15,8178,8176,8168,8167,8144,8148,8167,8163,8170,8158,8179,8243,8181,8100,21.378821849823,sil,False
16,8164,8178,8171,8164,8122,8154,8164,8150,8158,8163,8156,8222,8160,8083,21.378821849823,sil,False
17,8169,8182,8182,8179,8143,8167,8176,8161,8164,8171,8128,8207,8144,8086,21.394079208374023,sil,False
18,8170,8175,8173,8191,8153,8170,8186,8168,8186,8184,8138,8211,8155,8098,21.41002106666565,sil,False
19,8158,8165,8172,8171,8131,8181,8190,8170,8188,8194,8145,8216,8162,8104,21.41002106666565,sil,False
20,8166,8156,8160,8159,8162,8176,8191,8161,8187,8199,8138,8207,8169,8109,21.41002106666565,sil,False
21,8184,8157,8165,8148,8206,8147,8166,8153,8176,8181,8149,8232,8180,8119,21.424785614013672,sil,False
22,8182,8161,8152,8138,8188,8143,8157,8164,8173,8184,8168,8243,8191,8112,21.424785614013672,sil,False
23,8184,8152,8137,8130,8160,8150,8168,8174,8179,8192,8170,8233,8188,8103,21.44102191925049,sil,False
24,8198,8162,8154,8122,8165,8154,8168,8191,8177,8166,8161,8245,8180,8110,21.44136381149292,sil,False
25,8188,8180,8145,8133,8173,8174,8175,8200,8191,8167,8179,8248,8195,8103,21.456291437149048,sil,False
26,8169,8173,8154,8130,8169,8183,8175,8186,8195,8181,8192,8256,8196,8094,21.456291437149048,sil,False
27,8165,8169,8160,8127,8172,8174,8173,8176,8181,8179,8183,8244,8182,8093,21.471803903579712,sil,False
28,8174,8184,8160,8143,8178,8170,8172,8163,8163,8180,8184,8231,8181,8096,21.487295866012573,sil,False
29,8181,8189,8180,8145,8178,8173,8159,8157,8146,8170,8177,8244,8173,8100,21.487295866012573,sil,False
30,8171,8179,8163,8151,8175,8179,8161,8156,8151,8167,8155,8227,8161,8098,21.50298571586609,sil,False
31,8170,8178,8173,8161,8181,8194,8176,8157,8159,8180,8142,8226,8159,8110,21.50298571586609,sil,False
32,8174,8184,8180,8166,8187,8204,8176,8169,8165,8192,8148,8236,8163,8117,21.50298571586609,sil,False
33,8172,8176,8158,8168,8180,8194,8159,8155,8163,8186,8149,8229,8159,8101,21.51879906654358,sil,False
34,8173,8170,8168,8157,8176,8194,8161,8141,8150,8179,8142,8235,8152,8100,21.51879906654358,sil,False
35,8166,8158,8147,8144,8178,8203,8185,8153,8161,8195,8145,8225,8160,8104,21.534423828125,sil,False
36,8165,8146,8133,8126,8169,8193,8190,8164,8176,8196,8140,8225,8166,8108,21.550114393234253,sil,False
37,8172,8155,8145,8124,8168,8186,8187,8179,8188,8190,8142,8233,8173,8112,21.550114393234253,sil,False
38,8165,8157,8134,8126,8175,8184,8185,8189,8198,8197,8163,8241,8196,8107,21.5650634765625,sil,False
39,8148,8144,8129,8099,8173,8174,8170,8194,8191,8189,8157,8249,8198,8096,21.5650634765625,sil,False
40,8143,8144,8120,8089,8169,8170,8165,8191,8193,8176,8154,8227,8189,8082,21.580896615982056,sil,False
41,8151,8160,8137,8094,8159,8167,8159,8174,8190,8168,8173,8235,8191,8083,21.580896615982056,sil,False
42,8155,8171,8152,8101,8157,8161,8154,8165,8167,8161,8163,8246,8187,8086,21.5962827205658,sil,False
43,8159,8170,8143,8123,8166,8160,8159,8152,8153,8140,8150,8223,8165,8070,21.5962827205658,sil,False
44,8160,8173,8161,8126,8165,8165,8143,8140,8145,8114,8155,8220,8140,8061,21.61155652999878,sil,False
45,8157,8179,8163,8131,8169,8173,8137,8142,8148,8135,8160,8220,8149,8067,21.61155652999878,sil,False
46,8165,8183,8174,8151,8177,8182,8143,8139,8150,8159,8158,8224,8161,8076,21.627104997634888,sil,False
47,8174,8190,8190,8163,8180,8198,8147,8147,8155,8160,8163,8231,8154,8079,21.627104997634888,sil,False
48,8172,8184,8174,8170,8190,8200,8160,8158,8169,8184,8181,8228,8162,8086,21.64286184310913,sil,False
49,8165,8172,8178,8167,8187,8190,8169,8164,8170,8199,8176,8225,8167,8099,21.64286184310913,sil,False
50,8146,8164,8152,8162,8174,8198,8186,8172,8189,8196,8150,8193,8160,8091,21.658122777938843,sil,False
51,8125,8136,8118,8140,8172,8197,8193,8164,8201,8192,8122,8176,8143,8080,21.658122777938843,sil,False
52,8120,8117,8119,8118,8177,8179,8192,8161,8181,8183,8115,8181,8137,8085,21.674132347106934,sil,False
53,8119,8117,8102,8121,8170,8177,8201,8166,8174,8174,8120,8159,8146,8072,21.674132347106934,sil,False
54,8116,8114,8104,8116,8156,8181,8193,8176,8176,8164,8110,8154,8136,8064,21.690017700195312,sil,False
55,8135,8126,8110,8121,8160,8184,8189,8194,8193,8175,8125,8173,8152,8085,21.690017700195312,sil,False
56,8169,8145,8116,8137,8169,8180,8192,8189,8209,8188,8154,8204,8196,8112,21.70537614822388,sil,False
57,8168,8150,8125,8134,8170,8171,8182,8174,8195,8187,8156,8217,8197,8118,21.70537614822388,sil,False
58,8154,8145,8112,8130,8166,8161,8168,8163,8179,8186,8160,8201,8177,8099,21.72076964378357,sil,False
59,8173,8146,8134,8134,8163,8150,8158,8165,8179,8178,8174,8220,8189,8099,21.72076964378357,sil,False
60,8188,8152,8140,8143,8169,8149,8156,8165,8174,8169,8178,8232,8207,8107,21.736730813980103,sil,False
61,8176,8164,8136,8148,8167,8158,8141,8134,8141,8154,8185,8225,8187,8099,21.736730813980103,sil,False
62,8164,8176,8162,8154,8152,8172,8126,8127,8113,8144,8180,8219,8159,8087,21.75167918205261,sil,False
63,8152,8164,8150,8171,8155,8166,8138,8145,8121,8150,8161,8195,8152,8079,21.75167918205261,sil,False
64,8145,8162,8143,8174,8172,8152,8149,8147,8135,8150,8155,8191,8153,8080,21.767361640930176,hello,True
65,8143,8173,8147,8173,8180,8174,8157,8159,8145,8157,8163,8187,8164,8075,21.767361640930176,hello,True
66,8141,8160,8142,8175,8173,8188,8177,8178,8153,8181,8164,8176,8179,8076,21.78250765800476,hello,True
67,8137,8141,8136,8159,8161,8174,8187,8181,8151,8175,8143,8178,8163,8083,21.78250765800476,hello,True
68,8127,8140,8107,8150,8163,8172,8185,8182,8166,8172,8136,8168,8154,8076,21.79812431335449,hello,True
69,8133,8151,8118,8150,8170,8185,8180,8192,8183,8187,8158,8189,8175,8083,21.79812431335449,hello,True
70,8151,8156,8138,8142,8168,8182,8178,8192,8174,8184,8167,8206,8191,8097,21.81370091438293,hello,True
71,8160,8148,8128,8129,8155,8157,8165,8166,8154,8159,8160,8198,8189,8096,21.81370091438293,hello,True
72,8168,8145,8139,8123,8151,8138,8141,8162,8151,8139,8161,8211,8184,8094,21.82976198196411,hello,True
73,8183,8164,8147,8145,8168,8142,8142,8176,8168,8161,8181,8225,8198,8097,21.82976198196411,hello,True
74,8192,8187,8174,8156,8176,8143,8135,8163,8160,8174,8187,8239,8201,8100,21.84493637084961,hello,True
75,8185,8198,8186,8169,8170,8146,8122,8156,8154,8169,8187,8231,8190,8100,21.84493637084961,hello,True
76,8194,8200,8178,8197,8179,8168,8136,8161,8173,8187,8201,8220,8196,8107,21.860860109329224,hello,True
77,8198,8205,8198,8192,8198,8184,8162,8162,8178,8204,8196,8230,8201,8118,21.860860109329224,hello,True
78,8169,8190,8174,8177,8204,8193,8184,8165,8190,8216,8175,8202,8196,8105,21.876145124435425,hello,True
79,8148,8167,8153,8167,8184,8191,8194,8176,8194,8205,8149,8184,8173,8092,21.876145124435425,hello,True
80,8149,8166,8155,8155,8171,8183,8207,8194,8180,8186,8127,8184,8154,8096,21.891358137130737,hello,True
81,8149,8161,8143,8153,8173,8175,8206,8189,8174,8184,8126,8178,8155,8097,21.891358137130737,hello,True
82,8148,8148,8149,8142,8158,8169,8185,8185,8174,8180,8133,8194,8159,8100,21.907090663909912,hello,True
83,8153,8150,8134,8136,8141,8163,8183,8191,8181,8188,8142,8192,8173,8097,21.907090663909912,hello,True
84,8162,8159,8139,8136,8130,8144,8167,8170,8166,8183,8146,8196,8171,8097,21.922657251358032,hello,True
85,8172,8164,8165,8146,8127,8130,8134,8156,8136,8155,8145,8215,8164,8105,21.922657251358032,hello,True
86,8185,8170,8167,8163,8137,8124,8130,8159,8136,8150,8165,8225,8186,8115,21.93811416625977,hello,True
87,8207,8189,8199,8168,8146,8118,8130,8162,8138,8154,8195,8256,8206,8124,21.93811416625977,hello,True
88,8211,8214,8210,8189,8159,8126,8125,8159,8128,8142,8211,8262,8201,8114,21.95329713821411,hello,True
89,8193,8215,8206,8213,8176,8146,8126,8145,8125,8137,8207,8244,8179,8107,21.95329713821411,hello,True
90,8185,8205,8217,8227,8179,8166,8146,8154,8135,8169,8201,8239,8176,8121,21.96850562095642,hello,True
91,8186,8202,8203,8239,8179,8173,8166,8165,8156,8197,8206,8235,8198,8127,21.96850562095642,hello,True
92,8180,8190,8203,8220,8181,8174,8161,8162,8156,8186,8198,8235,8193,8119,21.98371315002441,hello,True
93,8168,8176,8184,8196,8173,8172,8169,8177,8157,8194,8190,8217,8183,8111,21.98371315002441,hello,True
94,8166,8170,8163,8186,8155,8153,8183,8193,8171,8196,8187,8212,8183,8109,21.999757051467896,hello,True
95,8163,8166,8164,8168,8147,8142,8180,8201,8180,8162,8169,8215,8176,8094,21.999757051467896,hello,True
96,8158,8164,8154,8160,8156,8146,8163,8186,8175,8139,8163,8210,8176,8082,22.014896631240845,hello,True
97,8184,8185,8184,8173,8164,8139,8134,8165,8150,8134,8189,8255,8195,8110,22.03075909614563,hello,True
98,8212,8210,8205,8195,8167,8128,8124,8159,8139,8147,8214,8278,8216,8127,22.03075909614563,hello,True
99,8205,8205,8196,8195,8159,8119,8127,8139,8130,8147,8202,8250,8202,8102,22.03075909614563,hello,True
100,8194,8197,8201,8179,8153,8126,8125,8134,8105,8117,8176,8247,8170,8093,22.046117544174194,hello,True
101,8203,8206,8205,8199,8166,8145,8140,8149,8105,8115,8191,8249,8172,8102,22.062010765075684,hello,True
102,8212,8217,8232,8230,8178,8149,8149,8150,8114,8142,8208,8251,8183,8108,22.062010765075684,hello,True
103,8201,8216,8230,8231,8173,8152,8143,8139,8113,8152,8196,8240,8181,8105,22.07806158065796,hello,True
104,8194,8213,8211,8228,8179,8162,8141,8131,8117,8147,8204,8238,8189,8099,22.07806158065796,hello,True
105,8196,8219,8221,8239,8189,8167,8151,8153,8133,8171,8211,8242,8192,8110,22.09992098808289,hello,True
106,8185,8199,8188,8228,8171,8160,8155,8176,8151,8199,8180,8210,8181,8107,22.09992098808289,hello,True
107,8161,8163,8147,8172,8138,8134,8142,8179,8158,8171,8154,8199,8177,8091,22.09992098808289,hello,True
108,8151,8165,8139,8145,8136,8118,8143,8195,8173,8147,8170,8211,8188,8092,22.10996675491333,hello,True
109,8160,8189,8163,8175,8160,8132,8145,8195,8176,8166,8190,8223,8209,8095,22.10996675491333,hello,True
110,8155,8197,8193,8192,8168,8154,8133,8157,8138,8155,8160,8208,8213,8077,22.12588596343994,hello,True
111,8144,8184,8170,8195,8169,8160,8155,8130,8113,8136,8126,8163,8205,8063,22.14164352416992,hello,True
112,8158,8170,8166,8181,8159,8155,8174,8140,8113,8142,8135,8184,8206,8089,22.14164352416992,hello,True
113,8179,8171,8169,8158,8141,8154,8157,8165,8110,8132,8148,8223,8219,8105,22.14164352416992,hello,True
114,8190,8184,8169,8168,8148,8149,8149,8172,8121,8123,8152,8219,8229,8095,22.157198190689087,hello,True
115,8199,8201,8213,8196,8171,8152,8156,8182,8148,8150,8164,8229,8231,8100,22.157198190689087,hello,True
116,8189,8201,8208,8222,8174,8170,8167,8194,8181,8188,8174,8225,8236,8105,22.173299074172974,hello,True
117,8169,8180,8181,8215,8160,8176,8165,8188,8192,8182,8150,8215,8221,8108,22.173299074172974,hello,True
118,8163,8166,8172,8192,8157,8162,8151,8185,8192,8160,8132,8215,8208,8112,22.188926458358765,hello,True
119,8175,8168,8166,8185,8148,8148,8139,8169,8175,8151,8152,8221,8223,8104,22.188926458358765,hello,True
120,8176,8170,8173,8167,8131,8146,8127,8151,8123,8127,8149,8222,8205,8082,22.204111099243164,hello,True
121,8158,8158,8147,8156,8137,8154,8142,8156,8118,8122,8136,8193,8182,8061,22.21979069709778,hello,True
122,8155,8154,8137,8156,8149,8146,8152,8163,8150,8142,8150,8196,8200,8070,22.21979069709778,hello,True
123,8161,8166,8149,8159,8151,8137,8142,8171,8160,8152,8164,8207,8218,8081,22.21979069709778,hello,True
124,8151,8170,8143,8172,8155,8143,8140,8173,8168,8164,8173,8181,8214,8066,22.235529899597168,hello,True
125,8142,8171,8154,8172,8158,8145,8144,8166,8164,8160,8173,8174,8198,8055,22.250657081604004,hello,True
126,8141,8172,8139,8170,8150,8143,8150,8157,8150,8141,8155,8162,8189,8052,22.251102685928345,hello,True
127,8149,8165,8137,8173,8131,8145,8147,8146,8136,8126,8135,8155,8174,8063,22.266690731048584,sil,False
237,8156,8167,8169,8186,8128,8159,8155,8153,8131,8140,8132,8165,8164,8083,22.266690731048584,sil,False
0,8154,8167,8153,8194,8145,8161,8172,8155,8138,8170,8143,8162,8174,8081,22.28205180168152,sil,False
1,8150,8154,8137,8168,8145,8152,8165,8147,8138,8166,8142,8167,8174,8076,22.28205180168152,sil,False
2,8156,8145,8136,8153,8147,8157,8168,8160,8150,8167,8144,8163,8180,8080,22.29764151573181,sil,False
3,8163,8143,8138,8160,8158,8165,8183,8173,8175,8185,8150,8158,8197,8083,22.29764151573181,sil,False
4,8160,8151,8143,8159,8157,8170,8188,8191,8196,8189,8147,8164,8198,8088,22.313681602478027,sil,False
5,8162,8159,8130,8152,8157,8163,8193,8203,8213,8181,8157,8170,8201,8090,22.313681602478027,sil,False
6,8169,8149,8139,8125,8149,8150,8189,8197,8207,8154,8166,8185,8207,8088,22.329100847244263,sil,False
7,8159,8142,8133,8115,8128,8147,8176,8196,8199,8141,8158,8169,8209,8076,22.329100847244263,sil,False
8,8152,8150,8128,8127,8135,8141,8158,8189,8198,8151,8150,8161,8208,8071,22.34428572654724,sil,False
9,8157,8154,8149,8125,8156,8136,8154,8179,8184,8155,8155,8184,8207,8081,22.34428572654724,sil,False
10,8156,8153,8142,8136,8152,8144,8171,8163,8165,8151,8156,8164,8192,8072,22.35992193222046,sil,False
11,8137,8153,8147,8144,8135,8152,8170,8144,8132,8133,8124,8134,8146,8051,22.35992193222046,sil,False
12,8125,8142,8140,8136,8143,8172,8175,8152,8125,8136,8104,8119,8125,8051,22.375028371810917,sil,False
13,8133,8119,8127,8135,8153,8186,8191,8170,8164,8163,8121,8126,8145,8067,22.375028371810917,sil,False
14,8134,8109,8134,8130,8138,8175,8188,8182,8184,8161,8114,8135,8144,8073,22.39110803604126,sil,False
15,8121,8112,8120,8126,8139,8173,8188,8186,8192,8160,8105,8124,8148,8073,22.39110803604126,sil,False
16,8133,8119,8128,8127,8156,8180,8188,8191,8209,8181,8135,8153,8186,8100,22.40714812278748,sil,False
17,8149,8128,8129,8125,8156,8168,8185,8196,8215,8194,8162,8170,8210,8112,22.40714812278748,sil,False
18,8145,8122,8110,8110,8137,8148,8172,8181,8196,8186,8155,8155,8197,8092,22.42228984832764,sil,False
19,8142,8109,8115,8097,8130,8146,8157,8177,8182,8176,8147,8162,8178,8082,22.42228984832764,sil,False
20,8147,8114,8107,8120,8144,8150,8161,8183,8194,8184,8168,8163,8194,8076,22.43785071372986,sil,False
21,8155,8132,8128,8137,8156,8147,8163,8181,8191,8180,8186,8170,8209,8073,22.43785071372986,sil,False
22,8152,8140,8143,8148,8166,8156,8170,8188,8179,8174,8170,8160,8187,8072,22.452996253967285,sil,False
23,8137,8126,8126,8161,8164,8169,8178,8179,8176,8170,8139,8137,8151,8072,22.452996253967285,sil,False
24,8128,8117,8143,8150,8144,8171,8178,8165,8166,8151,8124,8143,8141,8077,22.468517065048218,sil,False
25,8126,8117,8132,8139,8137,8169,8188,8169,8170,8157,8128,8134,8159,8077,22.468517065048218,sil,False
26,8131,8098,8112,8130,8146,8155,8191,8176,8186,8180,8133,8137,8168,8082,22.48380994796753,sil,False
27,8142,8082,8107,8118,8151,8146,8182,8189,8205,8195,8144,8154,8186,8092,22.48380994796753,sil,False
28,8156,8106,8102,8122,8150,8145,8174,8185,8220,8204,8169,8167,8212,8093,22.50015115737915,sil,False
29,8169,8135,8137,8129,8162,8139,8165,8177,8203,8188,8182,8197,8217,8101,22.50015115737915,sil,False
30,8179,8128,8153,8135,8168,8138,8157,8171,8175,8164,8185,8197,8212,8101,22.51578950881958,sil,False
31,8187,8139,8160,8142,8155,8139,8151,8152,8154,8151,8195,8194,8201,8093,22.51578950881958,sil,False
32,8186,8172,8171,8158,8157,8149,8161,8159,8159,8161,8194,8200,8195,8087,22.53112483024597,sil,False
33,8176,8161,8158,8173,8166,8162,8178,8178,8186,8174,8185,8181,8196,8085,22.53112483024597,sil,False
34,8167,8140,8163,8164,8164,8166,8178,8182,8189,8159,8168,8172,8179,8088,22.546664237976078,sil,False
35,8150,8132,8148,8148,8162,8176,8191,8181,8188,8165,8151,8156,8168,8079,22.546664237976078,sil,False
36,8144,8121,8136,8122,8155,8176,8203,8177,8193,8193,8147,8152,8170,8075,22.56189513206482,sil,False
37,8158,8132,8146,8112,8139,8157,8193,8185,8193,8187,8147,8173,8169,8094,22.56189513206482,sil,False
38,8170,8131,8132,8124,8136,8145,8181,8188,8197,8168,8151,8175,8179,8099,22.57770538330078,sil,False
39,8165,8101,8133,8103,8133,8140,8160,8177,8188,8157,8148,8174,8173,8080,22.57770538330078,sil,False
40,8156,8124,8141,8108,8134,8139,8151,8171,8176,8152,8148,8170,8158,8071,22.593308448791504,sil,False
41,8163,8180,8167,8167,8162,8151,8163,8161,8164,8156,8166,8184,8163,8080,22.593308448791504,sil,False
42,8179,8186,8198,8193,8178,8175,8177,8162,8163,8177,8180,8196,8170,8090,22.60903596878052,sil,False
43,8183,8154,8177,8171,8171,8185,8194,8175,8188,8200,8174,8189,8173,8101,22.60903596878052,sil,False
44,8168,8139,8162,8148,8159,8178,8196,8180,8195,8191,8148,8193,8173,8116,22.62513327598572,sil,False
45,8151,8145,8143,8141,8152,8174,8186,8185,8185,8181,8140,8172,8166,8106,22.62513327598572,sil,False
46,8157,8143,8130,8140,8142,8156,8171,8186,8195,8187,8152,8168,8165,8091,22.640878438949585,sil,False
47,8172,8140,8149,8141,8128,8141,8161,8197,8199,8183,8151,8192,8177,8101,22.641292333602905,sil,False
48,8169,8145,8146,8141,8133,8141,8150,8191,8176,8164,8159,8189,8184,8097,22.65601086616516,sil,False
49,8169,8163,8165,8140,8148,8145,8137,8165,8151,8139,8178,8201,8167,8094,22.65601086616516,sil,False
50,8186,8188,8185,8174,8169,8168,8153,8155,8151,8139,8184,8209,8157,8103,22.67245030403137,sil,False
51,8191,8199,8193,8206,8183,8184,8173,8151,8142,8153,8183,8199,8165,8101,22.67245030403137,sil,False
52,8176,8186,8203,8188,8173,8181,8174,8156,8131,8153,8175,8195,8156,8093,22.68746519088745,sil,False
53,8155,8164,8165,8182,8161,8184,8190,8166,8159,8163,8155,8170,8148,8083,22.68746519088745,sil,False
54,8144,8155,8148,8170,8154,8186,8194,8169,8177,8168,8138,8160,8143,8088,22.70303988456726,sil,False
55,8146,8160,8147,8146,8154,8172,8178,8180,8182,8179,8142,8170,8150,8097,22.70303988456726,sil,False
56,8154,8149,8133,8143,8141,8147,8166,8180,8199,8191,8155,8180,8169,8099,22.71908974647522,sil,False
57,8152,8136,8137,8133,8114,8132,8150,8166,8180,8158,8144,8181,8166,8097,22.71908974647522,sil,False
58,8152,8154,8132,8133,8119,8136,8145,8156,8153,8135,8148,8175,8171,8092,22.734280347824097,sil,False
59,8174,8184,8152,8149,8146,8143,8151,8158,8148,8144,8180,8202,8179,8103,22.734280347824097,sil,False
60,8190,8195,8167,8173,8148,8152,8157,8166,8143,8136,8192,8208,8168,8104,22.750200510025024,sil,False
61,8189,8187,8160,8196,8140,8158,8158,8150,8130,8119,8179,8184,8149,8086,22.750200510025024,sil,False
62,8178,8184,8172,8188,8150,8159,8156,8147,8128,8125,8161,8186,8139,8082,22.76581335067749,sil,False
63,8155,8179,8144,8174,8154,8163,8173,8165,8152,8150,8164,8165,8154,8082,22.76581335067749,sil,False
64,8142,8154,8124,8172,8142,8164,8172,8163,8158,8156,8157,8151,8152,8081,22.78108310699463,sil,False
65,8141,8141,8129,8172,8136,8168,8165,8160,8147,8155,8125,8148,8133,8080,22.78108310699463,sil,False
66,8146,8146,8115,8162,8138,8169,8175,8168,8158,8177,8127,8136,8147,8083,22.79565668106079,sil,False
67,8157,8150,8125,8157,8143,8168,8176,8180,8171,8187,8152,8149,8169,8102,22.79565668106079,sil,False
68,8160,8147,8122,8171,8148,8165,8171,8180,8176,8179,8157,8159,8173,8111,22.811288118362427,sil,False
69,8164,8140,8122,8161,8129,8151,8160,8164,8167,8161,8158,8174,8176,8108,22.811288118362427,sil,False
70,8175,8150,8129,8146,8119,8145,8149,8170,8159,8155,8178,8185,8181,8108,22.826794624328613,sil,False
71,8178,8172,8126,8163,8143,8149,8143,8169,8160,8157,8195,8178,8174,8097,22.826794624328613,sil,False
72,8169,8178,8146,8170,8148,8145,8126,8150,8138,8127,8180,8178,8158,8074,22.842032432556152,sil,False
73,8157,8157,8138,8163,8140,8152,8127,8152,8130,8120,8169,8157,8147,8060,22.857746124267575,sil,False
74,8154,8154,8136,8161,8148,8172,8139,8162,8148,8149,8172,8145,8138,8072,22.857746124267575,sil,False
75,8147,8174,8150,8167,8156,8184,8144,8168,8157,8160,8168,8146,8142,8083,22.87271285057068,sil,False
76,8133,8163,8125,8174,8155,8183,8156,8165,8155,8158,8159,8123,8152,8075,22.87271285057068,sil,False
77,8129,8140,8123,8162,8152,8190,8170,8173,8157,8163,8139,8123,8140,8086,22.887961626052856,sil,False
78,8147,8142,8129,8164,8149,8199,8182,8192,8182,8189,8142,8138,8151,8110,22.887961626052856,sil,False
79,8165,8144,8127,8166,8148,8184,8169,8191,8201,8200,8170,8157,8181,8117,22.90397024154663,sil,False
80,8162,8143,8132,8146,8150,8169,8148,8184,8182,8180,8171,8166,8175,8101,22.90397024154663,sil,False
81,8151,8149,8125,8141,8144,8162,8139,8168,8162,8156,8156,8156,8159,8073,22.919857501983643,sil,False
82,8151,8150,8136,8134,8133,8148,8130,8156,8156,8131,8158,8170,8157,8064,22.919857501983643,sil,False
83,8153,8145,8126,8121,8130,8146,8133,8166,8153,8115,8166,8166,8158,8069,22.934654712677,sil,False
84,8157,8159,8125,8132,8141,8154,8138,8163,8136,8113,8166,8155,8161,8069,22.934654712677,sil,False
85,8154,8178,8158,8156,8154,8169,8141,8158,8127,8128,8170,8167,8162,8068,22.949804306030277,sil,False
86,8133,8165,8146,8172,8151,8184,8159,8166,8155,8157,8173,8154,8155,8070,22.949804306030277,sil,False
87,8132,8150,8143,8174,8141,8186,8169,8175,8177,8162,8164,8155,8149,8088,22.965490579605103,sil,False
88,8147,8156,8144,8174,8145,8179,8157,8182,8182,8165,8167,8168,8170,8107,22.965490579605103,sil,False
89,8144,8142,8132,8158,8134,8170,8140,8171,8183,8179,8179,8176,8186,8104,22.9806911945343,sil,False
90,8145,8134,8145,8156,8123,8161,8133,8173,8179,8175,8197,8197,8182,8104,22.9806911945343,sil,False
91,8168,8156,8156,8191,8135,8141,8132,8178,8182,8170,8228,8215,8193,8103,22.99667906761169,sil,False
92,8191,8177,8184,8204,8127,8116,8112,8154,8157,8154,8241,8243,8201,8100,22.99667906761169,sil,False
93,8195,8183,8196,8204,8121,8122,8105,8143,8123,8132,8247,8255,8204,8102,23.01266312599182,sil,False
94,8197,8189,8190,8223,8142,8136,8118,8142,8122,8130,8268,8265,8218,8111,23.01266312599182,sil,False
95,8197,8201,8210,8233,8143,8140,8116,8146,8127,8131,8269,8278,8211,8116,23.027884244918823,sil,False
96,8188,8198,8211,8240,8135,8153,8127,8152,8130,8139,8266,8258,8201,8111,23.027884244918823,sil,False
97,8187,8183,8218,8243,8141,8155,8137,8149,8124,8140,8265,8253,8197,8117,23.043485403060917,sil,False
98,8180,8177,8217,8243,8144,8151,8132,8155,8121,8131,8241,8246,8186,8116,23.043485403060917,sil,False
99,8170,8176,8200,8253,8144,8156,8138,8158,8137,8143,8235,8234,8186,8115,23.05990242958069,sil,False
100,8173,8167,8204,8243,8140,8161,8149,8159,8140,8161,8240,8242,8190,8128,23.05990242958069,sil,False
101,8179,8155,8181,8230,8138,8157,8153,8161,8142,8164,8224,8222,8183,8117,23.07494163513184,sil,False
102,8183,8159,8178,8219,8137,8147,8149,8166,8153,8157,8214,8222,8179,8106,23.07494163513184,sil,False
103,8187,8166,8185,8206,8138,8142,8145,8177,8162,8161,8229,8237,8194,8116,23.09093403816223,sil,False
104,8193,8168,8168,8198,8144,8130,8129,8163,8150,8159,8241,8226,8205,8113,23.09093403816223,sil,False
105,8194,8185,8191,8199,8147,8127,8122,8150,8123,8134,8237,8227,8188,8106,23.108952283859253,sil,False
106,8190,8206,8195,8217,8160,8156,8155,8159,8132,8143,8241,8219,8183,8110,23.108952283859253,sil,False
107,8181,8197,8188,8216,8170,8171,8163,8158,8151,8159,8234,8205,8182,8118,23.122693300247192,sil,False
108,8165,8179,8186,8196,8171,8167,8151,8158,8146,8148,8201,8186,8164,8111,23.122693300247192,sil,False
109,8160,8171,8159,8189,8166,8177,8170,8157,8150,8159,8184,8165,8157,8096,23.138715505599976,sil,False
110,8165,8168,8160,8179,8151,8178,8177,8160,8153,8159,8179,8174,8158,8100,23.138715505599976,sil,False
111,8158,8161,8144,8171,8141,8155,8161,8168,8154,8141,8167,8163,8156,8094,23.15415668487549,sil,False
112,8156,8145,8129,8157,8146,8143,8153,8161,8153,8139,8163,8160,8146,8078,23.15415668487549,sil,False
113,8170,8146,8139,8137,8154,8149,8160,8162,8150,8146,8171,8178,8151,8078,23.170177936553955,sil,False
114,8174,8160,8135,8141,8155,8147,8157,8163,8154,8145,8185,8180,8172,8082,23.170177936553955,sil,False
115,8172,8163,8156,8147,8156,8141,8130,8161,8145,8129,8185,8195,8179,8085,23.185641050338745,sil,False
116,8187,8169,8169,8158,8169,8144,8131,8172,8157,8149,8197,8204,8201,8093,23.185641050338745,sil,False
117,8197,8174,8171,8162,8172,8139,8139,8171,8169,8170,8221,8211,8220,8103,23.200982570648197,sil,False
118,8167,8169,8166,8144,8160,8134,8124,8162,8141,8143,8208,8197,8187,8088,23.200982570648197,sil,False
119,8142,8168,8142,8152,8160,8140,8135,8153,8127,8131,8181,8158,8156,8067,23.21631455421448,sil,False
120,8157,8172,8162,8161,8165,8155,8165,8154,8142,8153,8171,8162,8157,8084,23.21631455421448,sil,False
121,8161,8165,8160,8153,8159,8166,8183,8171,8166,8171,8174,8167,8164,8097,23.23140954971313,sil,False
122,8157,8155,8143,8139,8151,8157,8170,8171,8166,8146,8174,8164,8159,8083,23.23140954971313,sil,False
123,8177,8163,8163,8137,8155,8149,8146,8171,8156,8116,8171,8184,8157,8071,23.24703001976013,sil,False
124,8183,8183,8168,8160,8168,8155,8145,8172,8171,8138,8190,8189,8170,8070,23.24703001976013,sil,False
125,8172,8193,8186,8178,8174,8165,8161,8175,8178,8168,8202,8195,8176,8088,23.262703895568848,sil,False
126,8168,8188,8180,8183,8181,8187,8182,8186,8181,8183,8190,8184,8171,8102,23.262703895568848,sil,False
127,8165,8170,8151,8177,8181,8190,8181,8183,8193,8189,8176,8168,8169,8106,23.278141975402832,sil,False
237,8156,8154,8142,8152,8163,8167,8164,8180,8189,8179,8173,8174,8174,8114,23.278141975402832,sil,False
0,8147,8141,8113,8129,8151,8147,8149,8170,8166,8157,8175,8166,8184,8097,23.293703079223636,sil,False
1,8152,8149,8123,8129,8153,8134,8133,8153,8140,8129,8173,8161,8170,8075,23.293703079223636,sil,False
2,8165,8180,8154,8171,8167,8144,8139,8161,8138,8127,8167,8156,8149,8073,23.308777809143063,sil,False
3,8175,8185,8158,8199,8181,8164,8147,8157,8138,8135,8156,8149,8142,8074,23.308777809143063,sil,False
4,8164,8169,8151,8174,8176,8168,8134,8145,8122,8130,8146,8147,8134,8069,23.32482051849365,sil,False
5,8137,8161,8123,8166,8169,8174,8147,8151,8134,8142,8155,8126,8142,8067,23.32482051849365,sil,False
6,8139,8165,8128,8180,8169,8188,8172,8166,8149,8156,8148,8131,8154,8088,23.340691566467285,sil,False
7,8152,8169,8132,8178,8171,8199,8186,8179,8161,8162,8135,8136,8152,8102,23.340691566467285,sil,False
8,8147,8157,8108,8164,8165,8188,8191,8177,8169,8174,8146,8127,8154,8095,23.35579776763916,sil,False
9,8138,8148,8107,8141,8154,8171,8184,8175,8157,8177,8140,8132,8157,8098,23.35579776763916,sil,False
10,8152,8162,8104,8144,8154,8172,8177,8180,8163,8175,8137,8133,8170,8110,23.37094020843506,sil,False
11,8183,8188,8126,8157,8158,8165,8156,8170,8163,8164,8169,8160,8178,8116,23.37094020843506,sil,False
12,8190,8205,8137,8158,8161,8152,8132,8151,8127,8138,8178,8172,8164,8095,23.386080503463745,sil,False
13,8169,8200,8120,8161,8167,8156,8126,8136,8108,8116,8157,8148,8148,8062,23.40177154541016,sil,False
14,8168,8205,8151,8173,8174,8173,8127,8149,8122,8115,8168,8158,8155,8068,23.40177154541016,sil,False
15,8181,8224,8167,8201,8185,8187,8147,8174,8149,8157,8204,8167,8182,8094,23.4168541431427,sil,False
16,8181,8222,8162,8216,8190,8198,8162,8171,8160,8186,8199,8159,8177,8106,23.4168541431427,sil,False
17,8172,8205,8163,8216,8184,8204,8161,8165,8152,8169,8166,8145,8153,8102,23.43234205245972,sil,False
18,8170,8200,8149,8209,8184,8198,8167,8165,8153,8166,8162,8138,8160,8106,23.43234205245972,sil,False
19,8174,8197,8149,8191,8183,8198,8179,8173,8167,8181,8160,8147,8173,8122,23.447968006134037,sil,False
20,8179,8189,8135,8190,8177,8206,8189,8186,8187,8191,8160,8138,8186,8121,23.447968006134037,sil,False
21,8173,8180,8129,8175,8167,8189,8173,8174,8174,8179,8169,8141,8188,8111,23.463056802749637,sil,False
22,8160,8171,8127,8143,8159,8171,8149,8158,8142,8158,8160,8156,8172,8105,23.463056802749637,sil,False
23,8169,8180,8114,8154,8169,8172,8148,8160,8152,8163,8158,8159,8184,8103,23.47914814949036,sil,False
24,8177,8201,8135,8170,8182,8174,8162,8180,8174,8165,8170,8170,8195,8107,23.47914814949036,sil,False
25,8160,8196,8125,8153,8177,8168,8164,8188,8166,8153,8168,8152,8177,8094,23.49481678009033,sil,False
26,8159,8178,8122,8142,8166,8157,8140,8161,8139,8140,8162,8148,8167,8082,23.49481678009033,sil,False
27,8180,8199,8164,8167,8180,8167,8136,8155,8134,8138,8172,8169,8168,8099,23.510024547576904,sil,False
28,8191,8219,8175,8194,8207,8185,8163,8164,8156,8153,8185,8167,8175,8113,23.510024547576904,sil,False
29,8188,8207,8178,8181,8205,8186,8162,8155,8160,8155,8181,8173,8186,8113,23.52593755722046,sil,False
30,8175,8194,8160,8170,8199,8182,8152,8156,8161,8163,8170,8148,8184,8097,23.52593755722046,sil,False
31,8161,8188,8147,8174,8198,8183,8157,8162,8162,8171,8155,8101,8155,8057,23.541668176651,sil,False
32,8153,8180,8157,8166,8187,8186,8160,8165,8161,8168,8143,8096,8140,8030,23.541668176651,sil,False
33,8161,8174,8143,8164,8186,8185,8165,8162,8169,8187,8147,8107,8162,8032,23.55681681632996,sil,False
34,8168,8176,8155,8166,8196,8189,8167,8162,8167,8192,8142,8117,8163,8046,23.55681681632996,sil,False
35,8149,8170,8142,8168,8198,8204,8183,8173,8175,8184,8128,8098,8150,8034,23.571990966796875,sil,False
36,8132,8159,8109,8159,8192,8201,8199,8168,8178,8183,8117,8081,8146,8014,23.571990966796875,sil,False
37,8134,8163,8122,8141,8187,8192,8193,8169,8159,8174,8107,8086,8134,8017,23.588082551956177,sil,False
38,8133,8158,8111,8134,8182,8197,8185,8169,8166,8168,8104,8072,8135,8024,23.588082551956177,sil,False
39,8133,8145,8107,8121,8169,8180,8166,8159,8178,8155,8105,8087,8143,8033,23.603811502456665,sil,False
40,8154,8158,8123,8124,8175,8162,8158,8164,8178,8160,8117,8108,8154,8037,23.603811502456665,sil,False
41,8162,8162,8124,8134,8180,8168,8164,8163,8179,8173,8127,8106,8163,8037,23.618980407714844,sil,False
42,8151,8152,8130,8113,8164,8167,8155,8160,8161,8160,8115,8113,8152,8044,23.618980407714844,sil,False
43,8164,8156,8127,8116,8163,8157,8146,8163,8146,8160,8128,8117,8159,8044,23.6346595287323,sil,False
44,8194,8172,8163,8144,8182,8161,8135,8160,8141,8159,8158,8144,8182,8051,23.6346595287323,sil,False
45,8198,8184,8184,8159,8198,8176,8139,8161,8150,8157,8163,8154,8192,8064,23.65018391609192,sil,False
46,8187,8191,8165,8159,8202,8177,8150,8154,8165,8177,8168,8144,8190,8066,23.65071201324463,sil,False
47,8189,8196,8175,8159,8204,8177,8149,8153,8162,8185,8181,8153,8187,8065,23.665868759155277,sil,False
48,8177,8194,8166,8171,8205,8192,8157,8162,8172,8184,8182,8140,8190,8066,23.665868759155277,sil,False
49,8161,8184,8163,8167,8198,8200,8170,8168,8181,8186,8165,8138,8180,8077,23.6814067363739,sil,False
50,8149,8174,8158,8156,8198,8201,8182,8169,8174,8194,8140,8128,8158,8074,23.6814067363739,sil,False
51,8131,8159,8136,8153,8198,8202,8190,8153,8163,8198,8124,8097,8148,8057,23.696856021881104,hello,True
52,8133,8153,8153,8145,8180,8203,8185,8149,8149,8185,8126,8108,8151,8067,23.696856021881104,hello,True
53,8142,8153,8142,8148,8169,8203,8188,8164,8159,8184,8140,8116,8161,8080,23.71208333969116,hello,True
54,8137,8142,8130,8138,8175,8201,8187,8169,8184,8196,8140,8116,8165,8083,23.71208333969116,hello,True
55,8135,8136,8139,8121,8178,8202,8172,8180,8197,8201,8132,8121,8177,8085,23.728190183639526,hello,True
56,8164,8147,8145,8136,8179,8189,8170,8185,8203,8192,8153,8138,8208,8099,23.728190183639526,hello,True
57,8196,8167,8177,8147,8185,8174,8173,8183,8207,8182,8182,8179,8226,8125,23.74384903907776,hello,True
58,8195,8180,8172,8141,8192,8181,8163,8174,8197,8188,8187,8178,8224,8118,23.74384903907776,hello,True
59,8184,8180,8159,8140,8190,8174,8139,8151,8162,8179,8168,8162,8200,8086,23.75912714004517,hello,True
60,8182,8193,8171,8159,8195,8164,8143,8153,8158,8171,8167,8169,8191,8086,23.75912714004517,hello,True
61,8192,8203,8172,8159,8197,8184,8171,8166,8187,8192,8196,8179,8220,8111,23.77469682693481,hello,True
62,8202,8201,8189,8129,8189,8201,8179,8165,8175,8196,8186,8178,8216,8115,23.77469682693481,hello,True
63,8182,8205,8179,8151,8196,8198,8187,8161,8155,8182,8152,8137,8186,8087,23.78975296020508,hello,True
64,8145,8207,8158,8184,8199,8187,8185,8153,8156,8167,8138,8113,8166,8067,23.78975296020508,hello,True
65,8138,8203,8163,8173,8183,8191,8178,8161,8159,8161,8135,8121,8162,8070,23.80573391914368,hello,True
66,8158,8199,8160,8168,8181,8209,8195,8171,8177,8182,8141,8124,8185,8082,23.80573391914368,hello,True
67,8164,8188,8171,8163,8185,8211,8200,8164,8180,8192,8132,8134,8194,8098,23.82100892066956,hello,True
68,8162,8178,8162,8160,8183,8201,8198,8174,8178,8197,8121,8133,8188,8105,23.82100892066956,hello,True
69,8178,8182,8160,8170,8186,8200,8202,8191,8195,8210,8135,8145,8197,8113,23.836485385894772,hello,True
70,8191,8181,8175,8164,8180,8200,8199,8195,8197,8209,8150,8162,8208,8118,23.836485385894772,hello,True
71,8186,8173,8158,8159,8170,8183,8183,8178,8180,8194,8156,8158,8214,8111,23.85244083404541,hello,True
72,8190,8186,8177,8168,8173,8170,8160,8166,8171,8178,8173,8179,8222,8118,23.85244083404541,hello,True
73,8212,8207,8193,8188,8184,8180,8148,8165,8185,8184,8191,8188,8229,8119,23.867987632751465,hello,True
74,8226,8217,8193,8211,8192,8178,8139,8146,8180,8190,8197,8183,8223,8110,23.867987632751465,hello,True
75,8212,8224,8206,8220,8200,8173,8143,8150,8165,8184,8207,8195,8222,8112,23.88312149047852,hello,True
76,8184,8209,8175,8208,8201,8185,8174,8167,8178,8192,8201,8163,8219,8103,23.898693323135376,hello,True
77,8165,8184,8159,8189,8187,8193,8200,8160,8167,8179,8159,8123,8178,8084,23.898693323135376,hello,True
78,8155,8181,8159,8196,8179,8201,8220,8168,8146,8159,8133,8104,8148,8079,23.898693323135376,hello,True
79,8155,8175,8153,8205,8183,8213,8232,8180,8165,8176,8150,8107,8162,8090,23.91392016410828,hello,True
80,8155,8165,8156,8192,8180,8219,8215,8172,8175,8195,8153,8120,8170,8098,23.929078817367557,hello,True
81,8147,8167,8134,8186,8176,8204,8189,8154,8150,8187,8140,8111,8166,8090,23.929078817367557,hello,True
82,8160,8168,8142,8181,8172,8181,8177,8154,8150,8183,8149,8131,8177,8099,23.94429016113281,hello,True
83,8181,8165,8156,8175,8172,8185,8180,8170,8189,8201,8174,8144,8198,8116,23.94429016113281,hello,True
84,8179,8172,8149,8175,8177,8189,8168,8161,8192,8190,8178,8135,8202,8107,23.959978342056274,hello,True
85,8183,8199,8175,8190,8178,8173,8142,8143,8153,8146,8170,8158,8193,8098,23.959978342056274,hello,True
86,8203,8221,8197,8225,8184,8179,8149,8138,8144,8157,8197,8169,8201,8110,23.97503232955933,hello,True
87,8203,8215,8208,8236,8189,8198,8161,8133,8152,8196,8216,8164,8202,8123,23.97503232955933,hello,True
88,8187,8206,8203,8236,8193,8197,8154,8138,8148,8203,8194,8158,8190,8124,23.99019169807434,hello,True
89,8194,8208,8198,8256,8193,8193,8160,8140,8157,8209,8193,8170,8205,8123,23.99019169807434,hello,True
90,8201,8205,8208,8247,8182,8203,8181,8150,8171,8220,8210,8190,8226,8135,24.005923986434937,hello,True
91,8191,8192,8180,8224,8176,8200,8198,8171,8197,8224,8210,8174,8232,8136,24.005923986434937,hello,True
92,8192,8179,8170,8216,8172,8181,8190,8173,8218,8219,8205,8175,8229,8128,24.02113938331604,hello,True
93,8188,8170,8169,8194,8164,8180,8184,8178,8215,8214,8195,8167,8219,8118,24.02113938331604,hello,True
94,8177,8169,8150,8173,8168,8181,8185,8182,8211,8212,8194,8150,8221,8107,24.036661624908447,hello,True
95,8191,8182,8167,8178,8177,8164,8168,8173,8198,8191,8207,8177,8220,8104,24.036661624908447,hello,True
96,8194,8187,8168,8199,8175,8153,8156,8153,8178,8169,8207,8176,8203,8093,24.05271291732788,hello,True
97,8175,8182,8168,8189,8168,8157,8148,8129,8154,8162,8196,8158,8183,8087,24.05271291732788,hello,True
98,8173,8188,8173,8175,8175,8169,8148,8134,8142,8163,8192,8160,8170,8088,24.06831240653992,hello,True
99,8178,8189,8163,8194,8178,8177,8166,8146,8150,8166,8194,8155,8168,8085,24.06831240653992,hello,True
100,8176,8188,8189,8203,8154,8178,8179,8146,8150,8159,8179,8153,8157,8087,24.083820819854736,hello,True
101,8168,8187,8183,8199,8156,8187,8194,8146,8150,8158,8157,8131,8143,8081,24.083820819854736,hello,True
102,8155,8159,8147,8176,8182,8190,8203,8147,8152,8152,8136,8116,8133,8074,24.10499358177185,hello,True
103,8145,8139,8141,8155,8182,8189,8206,8158,8156,8156,8130,8122,8141,8086,24.10499358177185,hello,True
104,8142,8144,8134,8167,8163,8186,8209,8159,8166,8184,8144,8114,8153,8094,24.10599160194397,hello,True
105,8153,8142,8144,8162,8157,8173,8196,8163,8173,8185,8151,8125,8150,8101,24.11554741859436,hello,True
106,8166,8136,8147,8153,8169,8158,8178,8179,8186,8178,8168,8145,8176,8102,24.130767822265625,sil,False
107,8181,8155,8156,8170,8177,8149,8163,8165,8180,8174,8188,8164,8198,8098,24.130767822265625,sil,False
108,8189,8176,8179,8175,8175,8152,8157,8150,8159,8161,8180,8173,8186,8092,24.14584350585937,sil,False
109,8184,8169,8168,8164,8169,8150,8152,8143,8149,8147,8178,8158,8178,8082,24.14584350585937,sil,False
110,8177,8167,8176,8164,8171,8140,8134,8135,8132,8130,8180,8167,8175,8088,24.161840677261356,sil,False
111,8161,8175,8174,8183,8168,8150,8147,8145,8135,8128,8167,8159,8164,8090,24.161840677261356,sil,False
112,8145,8151,8159,8181,8155,8159,8170,8149,8151,8135,8147,8128,8147,8074,24.1771936416626,sil,False
113,8145,8111,8160,8158,8149,8158,8166,8145,8144,8136,8129,8118,8124,8070,24.1771936416626,sil,False
114,8144,8106,8138,8148,8153,8168,8176,8151,8163,8168,8131,8118,8134,8082,24.192328214645386,sil,False
115,8144,8124,8141,8140,8167,8168,8192,8167,8192,8200,8139,8141,8163,8102,24.192328214645386,sil,False
116,8151,8107,8143,8118,8167,8157,8192,8178,8189,8185,8144,8148,8174,8109,24.20795965194702,sil,False
117,8154,8081,8129,8090,8134,8144,8176,8165,8182,8155,8153,8140,8167,8094,24.20795965194702,sil,False
118,8144,8098,8136,8086,8119,8137,8157,8159,8178,8132,8150,8142,8149,8074,24.22297596931457,sil,False
119,8138,8106,8129,8117,8155,8148,8157,8163,8180,8139,8146,8127,8147,8060,24.22297596931457,sil,False
120,8144,8082,8147,8130,8177,8167,8168,8160,8183,8150,8151,8123,8147,8064,24.23901391029358,sil,False
121,8129,8083,8144,8111,8170,8178,8180,8159,8179,8147,8136,8109,8128,8061,24.23901391029358,sil,False
122,8109,8091,8115,8113,8162,8177,8188,8156,8167,8142,8101,8087,8101,8046,24.254213571548465,sil,False
123,8108,8074,8127,8119,8144,8188,8187,8161,8165,8140,8086,8093,8092,8052,24.254213571548465,sil,False
124,8119,8062,8129,8110,8145,8197,8198,8167,8195,8166,8112,8101,8119,8070,24.26977586746216,sil,False
125,8137,8067,8134,8099,8171,8181,8197,8162,8206,8174,8129,8124,8139,8085,24.26977586746216,sil,False
126,8147,8081,8137,8101,8176,8167,8180,8168,8196,8164,8118,8128,8133,8091,24.2851722240448,sil,False
127,8160,8092,8131,8106,8172,8168,8171,8170,8201,8178,8127,8125,8146,8089,24.2851722240448,sil,False
237,8180,8086,8161,8100,8177,8161,8159,8164,8193,8164,8147,8161,8159,8096,24.301157236099243,sil,False
0,8174,8084,8163,8116,8168,8154,8150,8160,8176,8141,8150,8158,8149,8090,24.301157236099243,sil,False
1,8156,8105,8163,8132,8136,8165,8160,8155,8164,8146,8142,8138,8132,8080,24.316747188568115,sil,False
2,8162,8091,8175,8120,8122,8174,8189,8168,8180,8165,8126,8137,8121,8091,24.316747188568115,sil,False
3,8171,8050,8146,8097,8136,8155,8188,8175,8202,8169,8121,8131,8124,8102,24.332715034484863,sil,False
4,8158,8073,8132,8080,8122,8134,8149,8169,8186,8155,8129,8137,8140,8093,24.332715034484863,sil,False
5,8148,8112,8130,8090,8110,8137,8147,8159,8164,8133,8128,8133,8143,8067,24.34833192825317,sil,False
6,8146,8090,8140,8092,8132,8139,8154,8138,8145,8097,8105,8126,8100,8054,24.34833192825317,sil,False
7,8126,8065,8140,8085,8145,8141,8151,8142,8140,8110,8091,8114,8073,8050,24.36352562904358,sil,False
8,8113,8070,8118,8092,8147,8150,8169,8161,8176,8168,8104,8101,8098,8048,24.36352562904358,sil,False
9,8134,8071,8124,8074,8143,8148,8167,8160,8191,8178,8107,8123,8107,8067,24.379175186157227,sil,False
10,8152,8075,8127,8071,8133,8137,8141,8155,8171,8148,8112,8134,8110,8071,24.395034790039062,sil,False
11,8152,8096,8147,8109,8142,8140,8139,8151,8158,8142,8136,8148,8127,8065,24.395034790039062,sil,False
12,8139,8115,8161,8130,8157,8165,8164,8161,8172,8166,8137,8145,8124,8074,24.395034790039062,sil,False
13,8134,8096,8119,8121,8145,8170,8178,8172,8196,8181,8108,8114,8108,8075,24.41008043289185,sil,False
14,8146,8064,8118,8088,8129,8144,8164,8175,8189,8164,8101,8127,8106,8072,24.426088571548465,sil,False
15,8159,8084,8139,8091,8143,8138,8151,8171,8169,8146,8131,8149,8121,8074,24.426088571548465,sil,False
16,8167,8111,8139,8128,8150,8143,8138,8157,8158,8140,8135,8145,8118,8069,24.441819429397583,sil,False
17,8155,8099,8137,8131,8144,8137,8133,8157,8149,8122,8100,8129,8085,8051,24.441819429397583,sil,False
18,8144,8087,8131,8132,8154,8151,8164,8161,8162,8119,8097,8115,8074,8052,24.457146167755127,sil,False
19,8162,8091,8153,8146,8164,8178,8191,8165,8182,8144,8113,8137,8098,8092,24.457146167755127,sil,False
20,8173,8093,8141,8149,8165,8183,8197,8185,8198,8181,8113,8140,8118,8111,24.472209453582764,sil,False
21,8163,8093,8117,8138,8149,8171,8196,8188,8203,8193,8122,8134,8121,8101,24.472209453582764,sil,False
22,8169,8104,8138,8134,8138,8168,8191,8184,8206,8181,8138,8161,8138,8111,24.487714290618896,sil,False
23,8186,8112,8136,8145,8159,8168,8186,8184,8219,8186,8154,8167,8163,8119,24.487714290618896,sil,False
24,8180,8114,8138,8135,8177,8151,8164,8174,8198,8169,8151,8168,8153,8105,24.503666400909424,sil,False
25,8158,8109,8128,8118,8164,8140,8146,8161,8161,8134,8141,8154,8130,8083,24.503666400909424,sil,False
26,8144,8102,8113,8115,8149,8143,8134,8147,8150,8118,8133,8131,8120,8066,24.519970655441284,sil,False
27,8147,8124,8141,8123,8153,8149,8134,8147,8144,8112,8121,8130,8109,8067,24.519970655441284,sil,False
28,8144,8127,8141,8140,8155,8160,8157,8145,8138,8126,8110,8114,8096,8065,24.535205602645878,sil,False
29,8132,8099,8133,8136,8142,8169,8163,8136,8131,8133,8089,8102,8078,8064,24.535205602645878,sil,False
30,8124,8096,8125,8121,8138,8172,8155,8153,8141,8134,8074,8096,8075,8069,24.55076789855957,sil,False
31,8134,8103,8115,8112,8130,8165,8158,8167,8168,8146,8087,8100,8093,8076,24.55076789855957,sil,False
32,8145,8091,8125,8106,8117,8154,8157,8175,8176,8151,8109,8125,8105,8088,24.566402673721317,sil,False
33,8149,8094,8123,8118,8139,8151,8152,8177,8182,8153,8134,8138,8128,8094,24.566402673721317,sil,False
34,8176,8120,8149,8129,8165,8144,8139,8164,8180,8150,8161,8166,8153,8108,24.58213806152344,sil,False
35,8194,8143,8174,8141,8143,8151,8131,8161,8164,8144,8171,8176,8148,8116,24.58213806152344,sil,False
36,8178,8146,8173,8159,8135,8167,8139,8157,8150,8139,8168,8163,8132,8101,24.5977725982666,sil,False
37,8166,8143,8186,8164,8170,8169,8146,8154,8141,8129,8151,8164,8120,8097,24.5977725982666,sil,False
38,8172,8151,8181,8180,8187,8173,8174,8168,8159,8150,8144,8152,8127,8110,24.61288690567017,sil,False
39,8164,8136,8175,8171,8165,8176,8185,8169,8172,8176,8139,8140,8122,8107,24.61288690567017,sil,False
40,8138,8103,8155,8137,8129,8166,8162,8165,8164,8169,8113,8124,8100,8080,24.62852644920349,sil,False
41,8139,8101,8132,8137,8112,8152,8152,8171,8177,8162,8116,8124,8112,8083,24.62852644920349,sil,False
42,8158,8117,8152,8133,8128,8145,8150,8174,8185,8163,8139,8156,8137,8110,24.64367914199829,sil,False
43,8159,8117,8149,8125,8161,8142,8142,8172,8174,8159,8148,8155,8145,8093,24.64367914199829,sil,False
44,8161,8122,8153,8140,8174,8140,8137,8166,8161,8142,8158,8161,8141,8074,24.65888714790344,sil,False
45,8175,8145,8181,8164,8173,8148,8141,8167,8154,8128,8165,8183,8135,8089,24.65888714790344,sil,False
46,8169,8143,8169,8167,8168,8149,8135,8150,8139,8131,8156,8162,8127,8078,24.67423439025879,sil,False
47,8153,8134,8171,8150,8155,8150,8126,8137,8123,8136,8131,8139,8109,8062,24.67423439025879,sil,False
48,8154,8143,8173,8165,8173,8164,8147,8154,8151,8154,8120,8135,8106,8079,24.689849853515625,sil,False
49,8157,8146,8165,8187,8172,8165,8159,8161,8183,8172,8129,8150,8121,8094,24.689849853515625,sil,False
50,8151,8139,8164,8179,8121,8158,8152,8171,8174,8175,8144,8161,8140,8096,24.705705642700195,sil,False
51,8159,8132,8152,8163,8118,8156,8151,8178,8169,8175,8155,8156,8158,8105,24.705705642700195,sil,False
52,8182,8130,8173,8148,8166,8143,8135,8173,8167,8159,8153,8180,8158,8112,24.72177481651306,sil,False
53,8185,8150,8182,8160,8184,8136,8128,8167,8158,8145,8162,8183,8154,8094,24.72177481651306,sil,False
54,8182,8173,8189,8189,8162,8150,8145,8158,8157,8148,8176,8167,8151,8090,24.737203121185303,sil,False
55,8184,8177,8210,8200,8156,8169,8165,8167,8168,8159,8163,8154,8133,8099,24.737203121185303,sil,False
56,8173,8164,8186,8192,8180,8182,8180,8174,8180,8175,8143,8128,8117,8088,24.753150939941406,sil,False
57,8165,8152,8177,8181,8187,8182,8178,8169,8174,8173,8133,8135,8105,8097,24.753150939941406,sil,False
58,8171,8145,8172,8180,8176,8183,8179,8183,8188,8182,8135,8140,8114,8120,24.768683195114136,sil,False
59,8175,8138,8161,8171,8174,8171,8171,8190,8210,8193,8139,8142,8137,8116,24.768683195114136,sil,False
60,8167,8143,8166,8155,8175,8153,8150,8177,8194,8172,8143,8162,8143,8100,24.783957719802856,sil,False
61,8163,8140,8143,8155,8170,8152,8147,8160,8172,8156,8155,8155,8143,8089,24.783957719802856,sil,False
62,8164,8135,8143,8147,8163,8149,8139,8158,8156,8141,8147,8148,8131,8084,24.79998993873596,sil,False
63,8163,8147,8158,8151,8172,8156,8145,8173,8164,8134,8143,8151,8117,8077,24.79998993873596,sil,False
64,8158,8157,8165,8167,8180,8171,8168,8167,8175,8139,8142,8143,8112,8070,24.81538820266724,sil,False
65,8140,8147,8179,8160,8176,8174,8165,8160,8159,8133,8116,8123,8097,8063,24.81538820266724,sil,False
66,8127,8129,8162,8167,8184,8171,8160,8160,8156,8140,8104,8098,8088,8048,24.830862283706665,sil,False
67,8138,8132,8167,8183,8179,8176,8172,8158,8170,8156,8111,8112,8087,8055,24.830862283706665,sil,False
68,8144,8137,8174,8171,8159,8180,8180,8177,8187,8173,8108,8122,8094,8080,24.84608769416809,sil,False
69,8142,8117,8160,8151,8164,8167,8171,8183,8201,8187,8118,8116,8111,8086,24.84608769416809,sil,False
70,8151,8110,8166,8143,8182,8164,8161,8172,8192,8175,8129,8126,8112,8082,24.86148834228516,sil,False
71,8148,8112,8149,8137,8170,8168,8158,8166,8182,8159,8119,8116,8097,8069,24.86148834228516,sil,False
72,8141,8104,8144,8122,8159,8148,8137,8157,8164,8146,8115,8124,8091,8059,24.87717032432556,sil,False
73,8150,8111,8152,8128,8172,8136,8117,8152,8139,8131,8127,8137,8102,8054,24.87717032432556,sil,False
74,8152,8128,8148,8142,8168,8144,8120,8146,8126,8115,8138,8130,8104,8049,24.89285182952881,sil,False
75,8146,8131,8164,8138,8163,8144,8123,8147,8115,8095,8129,8132,8079,8046,24.89285182952881,sil,False
76,8143,8139,8166,8157,8192,8149,8131,8155,8127,8100,8117,8119,8076,8041,24.908355951309204,sil,False
77,8145,8155,8186,8186,8205,8169,8139,8157,8145,8136,8125,8124,8091,8049,24.908355951309204,sil,False
78,8142,8153,8195,8193,8187,8182,8154,8166,8150,8159,8129,8132,8095,8058,24.92444157600403,sil,False
79,8134,8130,8158,8188,8185,8173,8170,8167,8154,8157,8119,8115,8093,8054,24.92444157600403,sil,False
80,8135,8123,8162,8169,8181,8170,8167,8179,8162,8157,8118,8127,8102,8067,24.939992427825928,sil,False
81,8157,8130,8169,8168,8169,8175,8174,8204,8193,8182,8150,8151,8138,8092,24.939992427825928,sil,False
82,8175,8131,8164,8170,8186,8154,8172,8191,8197,8169,8168,8165,8152,8094,24.955648183822632,sil,False
83,8157,8134,8164,8155,8201,8142,8156,8167,8160,8126,8151,8155,8127,8068,24.955648183822632,sil,False
84,8155,8150,8170,8172,8179,8161,8162,8157,8138,8128,8155,8143,8116,8058,24.97084259986877,sil,False
85,8185,8167,8205,8199,8176,8170,8164,8160,8135,8131,8168,8169,8113,8077,24.97084259986877,sil,False
86,8179,8168,8188,8211,8206,8169,8156,8157,8140,8119,8156,8152,8104,8066,24.986704111099243,sil,False
87,8144,8150,8159,8197,8203,8174,8153,8141,8140,8121,8124,8116,8092,8049,24.986704111099243,sil,False
88,8140,8135,8164,8176,8176,8182,8165,8155,8147,8151,8108,8119,8095,8071,25.00187611579895,sil,False
89,8163,8130,8150,8182,8182,8181,8178,8180,8174,8190,8130,8127,8121,8095,25.00187611579895,sil,False
90,8170,8126,8155,8180,8199,8173,8169,8188,8187,8183,8146,8143,8132,8100,25.017914056777958,sil,False
91,8158,8123,8144,8161,8204,8168,8164,8188,8185,8168,8140,8134,8127,8091,25.017914056777958,sil,False
92,8150,8120,8121,8145,8198,8159,8160,8181,8170,8168,8134,8121,8126,8081,25.03304171562195,sil,False
93,8161,8130,8134,8142,8199,8151,8152,8182,8158,8150,8142,8129,8127,8078,25.048741579055783,sil,False
94,8180,8157,8161,8177,8226,8162,8155,8175,8165,8140,8172,8138,8133,8076,25.048741579055783,sil,False
95,8195,8180,8200,8212,8253,8176,8162,8170,8158,8143,8197,8164,8134,8090,25.06394600868225,sil,False
96,8192,8176,8193,8211,8254,8173,8172,8175,8151,8148,8196,8164,8140,8098,25.06394600868225,sil,False
97,8180,8162,8176,8192,8245,8168,8169,8161,8155,8150,8188,8156,8140,8087,25.08031177520752,sil,False
98,8170,8166,8189,8188,8245,8187,8159,8155,8149,8151,8178,8156,8125,8083,25.08031177520752,sil,False
99,8154,8163,8167,8202,8254,8196,8176,8164,8150,8161,8161,8126,8115,8082,25.09594678878784,sil,False
100,8152,8145,8162,8193,8248,8188,8187,8158,8162,8171,8144,8116,8109,8088,25.09594678878784,sil,False
101,8169,8143,8165,8179,8236,8199,8187,8163,8180,8190,8148,8122,8115,8100,25.11131453514099,sil,False
102,8176,8141,8157,8172,8219,8200,8185,8176,8188,8192,8167,8126,8133,8104,25.11131453514099,sil,False
103,8175,8138,8172,8170,8208,8187,8188,8189,8186,8180,8160,8134,8140,8112,25.126858472824097,sil,False
104,8188,8144,8164,8176,8230,8185,8189,8193,8199,8182,8154,8134,8148,8115,25.126858472824097,sil,False
105,8207,8159,8173,8169,8247,8176,8171,8185,8191,8170,8178,8161,8161,8113,25.14206886291504,sil,False
106,8201,8181,8190,8177,8244,8165,8168,8186,8174,8160,8199,8171,8167,8105,25.14206886291504,sil,False
107,8195,8190,8189,8199,8256,8173,8188,8183,8180,8169,8192,8154,8156,8101,25.15765881538391,sil,False
108,8210,8185,8199,8196,8247,8191,8192,8182,8187,8169,8177,8155,8141,8109,25.15765881538391,sil,False
109,8197,8179,8185,8196,8231,8205,8198,8186,8186,8176,8168,8137,8140,8107,25.172846794128414,sil,False
110,8177,8173,8183,8196,8252,8207,8206,8189,8190,8182,8154,8127,8140,8107,25.172846794128414,sil,False
111,8177,8163,8181,8185,8263,8210,8204,8196,8195,8182,8147,8123,8132,8108,25.188292264938354,sil,False
112,8176,8152,8164,8184,8247,8211,8198,8184,8195,8188,8145,8112,8132,8098,25.188292264938354,sil,False
113,8173,8150,8182,8180,8235,8207,8190,8181,8197,8193,8142,8126,8147,8102,25.204411268234253,sil,False
114,8185,8152,8185,8176,8235,8197,8191,8196,8220,8213,8178,8145,8187,8122,25.204411268234253,sil,False
115,8205,8149,8187,8169,8235,8184,8188,8184,8222,8219,8210,8170,8209,8135,25.2200939655304,sil,False
116,8213,8153,8187,8167,8234,8183,8184,8172,8203,8201,8196,8176,8198,8124,25.2200939655304,sil,False
117,8214,8165,8176,8177,8234,8187,8183,8177,8200,8189,8202,8168,8200,8113,25.235223531723022,sil,False
118,8213,8167,8194,8172,8251,8181,8171,8188,8193,8175,8219,8188,8206,8122,25.235223531723022,sil,False
119,8207,8162,8189,8171,8265,8183,8177,8187,8191,8178,8215,8189,8205,8119,25.25081992149353,sil,False
120,8196,8163,8182,8168,8246,8180,8184,8163,8188,8186,8204,8174,8188,8101,25.25081992149353,sil,False
121,8172,8161,8184,8164,8248,8183,8183,8165,8173,8185,8185,8152,8162,8088,25.266128301620483,sil,False
122,8165,8152,8179,8175,8278,8200,8201,8184,8179,8193,8179,8144,8161,8099,25.266128301620483,sil,False
123,8179,8157,8207,8183,8285,8207,8214,8186,8183,8195,8194,8175,8171,8124,25.28221106529236,sil,False
124,8185,8164,8207,8200,8274,8207,8208,8175,8178,8188,8197,8174,8177,8130,25.28221106529236,sil,False
125,8185,8151,8197,8202,8264,8205,8195,8165,8173,8190,8184,8169,8181,8136,25.297749042510983,sil,False
126,8185,8138,8199,8177,8280,8202,8201,8175,8180,8201,8175,8176,8187,8147,25.297749042510983,sil,False
127,8186,8136,8178,8166,8299,8196,8212,8175,8193,8205,8179,8170,8198,8139,25.31304621696472,sil,False
237,8200,8140,8190,8167,8278,8188,8200,8173,8184,8196,8188,8192,8204,8146,25.31304621696472,sil,False
0,8219,8151,8203,8176,8271,8181,8193,8190,8191,8207,8207,8203,8216,8156,25.32823371887207,sil,False
1,8225,8150,8205,8184,8293,8177,8185,8187,8208,8222,8220,8207,8225,8146,25.32823371887207,sil,False
2,8223,8152,8214,8184,8301,8182,8182,8185,8208,8211,8225,8222,8221,8143,25.343751430511475,sil,False
3,8223,8171,8208,8196,8316,8186,8196,8188,8208,8205,8237,8213,8220,8140,25.343751430511475,sil,False
4,8220,8180,8229,8200,8332,8186,8204,8188,8204,8205,8224,8201,8203,8131,25.359785556793213,sil,False
5,8204,8173,8227,8202,8313,8205,8219,8195,8212,8218,8194,8180,8187,8124,25.359785556793213,sil,False
6,8195,8161,8206,8203,8301,8223,8236,8194,8225,8228,8186,8164,8185,8130,25.37510395050049,sil,False
7,8189,8149,8206,8176,8321,8218,8229,8194,8220,8220,8169,8156,8168,8127,25.37510395050049,sil,False
8,8174,8132,8179,8146,8307,8199,8218,8195,8224,8217,8148,8140,8164,8111,25.39065742492676,sil,False
9,8179,8134,8176,8134,8258,8183,8206,8195,8229,8215,8162,8164,8190,8121,25.39065742492676,sil,False
10,8192,8144,8180,8135,8265,8175,8194,8193,8222,8201,8186,8182,8202,8128,25.40668082237244,sil,False
11,8195,8148,8179,8138,8315,8169,8188,8178,8211,8187,8194,8180,8185,8113,25.40668082237244,sil,False
12,8202,8163,8208,8151,8310,8178,8186,8178,8203,8198,8206,8195,8179,8113,25.422715425491333,sil,False
13,8195,8168,8209,8178,8292,8190,8194,8174,8209,8227,8210,8184,8183,8118,25.422715425491333,sil,False
14,8176,8147,8208,8176,8312,8184,8198,8158,8208,8225,8182,8173,8166,8123,25.43783926963806,sil,False
15,8181,8136,8198,8166,8307,8184,8207,8181,8216,8216,8175,8179,8172,8135,25.43783926963806,sil,False
16,8195,8143,8183,8163,8289,8181,8201,8195,8227,8213,8200,8189,8190,8131,25.45345163345337,sil,False
17,8188,8160,8204,8156,8297,8168,8173,8178,8217,8199,8196,8191,8172,8112,25.45345163345337,sil,False
18,8178,8171,8204,8180,8323,8178,8189,8176,8219,8210,8190,8170,8168,8109,25.46974515914917,sil,False
19,8176,8157,8205,8188,8308,8191,8217,8189,8226,8232,8189,8169,8175,8127,25.46974515914917,sil,False
20,8174,8139,8189,8163,8270,8189,8211,8198,8230,8242,8174,8172,8176,8132,25.485697984695435,sil,False
21,8188,8144,8165,8156,8281,8170,8188,8179,8222,8230,8185,8178,8192,8117,25.485697984695435,sil,False
22,8193,8162,8195,8159,8303,8160,8175,8164,8194,8199,8207,8203,8195,8111,25.50096583366394,sil,False
23,8185,8168,8209,8178,8299,8188,8195,8175,8196,8208,8210,8191,8181,8117,25.50096583366394,sil,False
24,8193,8159,8208,8192,8283,8212,8211,8179,8215,8234,8189,8180,8171,8134,25.51605105400085,sil,False
25,8201,8150,8197,8172,8277,8198,8202,8178,8216,8217,8170,8182,8171,8137,25.51605105400085,sil,False
26,8201,8144,8177,8148,8267,8176,8185,8175,8213,8197,8184,8188,8188,8127,25.53248286247253,sil,False
27,8218,8157,8204,8160,8268,8177,8175,8174,8209,8194,8202,8217,8204,8139,25.53248286247253,sil,False
28,8243,8177,8223,8192,8292,8189,8188,8178,8223,8202,8220,8235,8217,8155,25.547483921051025,sil,False
29,8262,8188,8241,8202,8284,8187,8191,8174,8223,8200,8242,8251,8216,8159,25.547483921051025,sil,False
30,8256,8202,8250,8224,8271,8183,8178,8165,8189,8181,8242,8247,8196,8143,25.56245970726013,sil,False
31,8241,8209,8239,8261,8291,8180,8178,8153,8180,8176,8240,8224,8193,8126,25.56245970726013,sil,False
32,8244,8207,8261,8260,8300,8186,8188,8160,8188,8189,8248,8235,8196,8134,25.578073501586918,sil,False
33,8231,8200,8241,8252,8300,8203,8196,8170,8189,8201,8236,8219,8181,8129,25.578073501586918,sil,False
34,8212,8181,8212,8253,8289,8203,8202,8167,8195,8192,8216,8202,8172,8128,25.593667030334476,hello,True
35,8218,8172,8220,8250,8274,8198,8210,8181,8214,8198,8220,8216,8191,8144,25.593667030334476,hello,True
36,8217,8168,8190,8232,8272,8183,8196,8181,8212,8219,8217,8196,8195,8132,25.60912585258484,hello,True
37,8196,8152,8168,8189,8266,8158,8167,8162,8187,8197,8194,8183,8173,8117,25.60912585258484,hello,True
38,8208,8145,8170,8180,8261,8158,8183,8171,8195,8186,8209,8195,8197,8129,25.62513947486877,hello,True
39,8232,8157,8178,8189,8252,8166,8195,8176,8207,8200,8232,8218,8224,8146,25.62513947486877,hello,True
40,8224,8167,8182,8171,8232,8162,8166,8170,8191,8189,8223,8229,8211,8144,25.640844345092773,hello,True
41,8220,8173,8178,8175,8240,8154,8153,8166,8188,8181,8233,8222,8211,8137,25.64126658439636,hello,True
42,8239,8191,8206,8196,8270,8152,8157,8164,8182,8182,8253,8240,8221,8144,25.6558678150177,hello,True
43,8247,8201,8210,8202,8279,8166,8175,8178,8190,8193,8258,8244,8236,8151,25.6558678150177,hello,True
44,8240,8189,8198,8197,8272,8183,8196,8182,8216,8215,8257,8229,8242,8146,25.67104959487915,hello,True
45,8223,8179,8203,8187,8274,8191,8195,8174,8210,8209,8236,8206,8203,8123,25.68668556213379,hello,True
46,8206,8182,8188,8193,8278,8196,8192,8166,8199,8198,8216,8175,8179,8110,25.68668556213379,hello,True
47,8214,8196,8207,8211,8273,8205,8203,8174,8213,8215,8223,8191,8201,8139,25.701918601989743,hello,True
48,8227,8202,8224,8230,8266,8218,8220,8197,8228,8235,8230,8201,8213,8159,25.701918601989743,hello,True
49,8216,8182,8208,8226,8266,8219,8232,8195,8226,8237,8218,8191,8199,8149,25.717052698135376,hello,True
50,8204,8162,8204,8201,8265,8210,8238,8194,8228,8235,8203,8198,8191,8148,25.717052698135376,hello,True
51,8209,8158,8184,8194,8253,8199,8243,8197,8237,8225,8206,8193,8198,8147,25.73273491859436,hello,True
52,8216,8157,8189,8188,8243,8179,8217,8182,8212,8195,8209,8203,8201,8138,25.73273491859436,hello,True
53,8213,8162,8193,8184,8232,8170,8188,8172,8178,8186,8203,8209,8200,8135,25.74778413772583,hello,True
54,8219,8172,8188,8188,8226,8170,8174,8163,8177,8192,8208,8206,8200,8133,25.74778413772583,hello,True
55,8240,8189,8216,8194,8246,8166,8159,8168,8199,8183,8224,8224,8203,8135,25.763080835342407,hello,True
56,8243,8203,8221,8216,8251,8169,8150,8181,8220,8181,8234,8223,8214,8135,25.763080835342407,hello,True
57,8237,8204,8232,8225,8240,8177,8152,8179,8217,8191,8241,8227,8215,8135,25.77869701385498,hello,True
58,8242,8203,8242,8221,8264,8187,8173,8178,8214,8212,8254,8236,8216,8144,25.77869701385498,hello,True
59,8235,8205,8229,8230,8283,8191,8191,8169,8210,8217,8257,8228,8216,8143,25.794269323349,hello,True
60,8216,8200,8229,8234,8265,8188,8184,8161,8173,8180,8230,8210,8195,8131,25.794269323349,hello,True
61,8200,8187,8214,8226,8250,8184,8182,8161,8137,8170,8196,8176,8167,8116,25.8098738193512,hello,True
62,8197,8176,8202,8215,8238,8173,8185,8153,8143,8186,8177,8173,8162,8119,25.8098738193512,hello,True
63,8195,8177,8188,8198,8224,8168,8182,8163,8170,8182,8173,8180,8177,8128,25.82565474510193,hello,True
64,8185,8181,8173,8192,8227,8171,8179,8183,8198,8190,8190,8177,8196,8123,25.82565474510193,hello,True
65,8183,8189,8190,8192,8224,8166,8179,8191,8209,8211,8208,8191,8205,8131,25.840933084487915,hello,True
66,8203,8201,8190,8199,8205,8156,8178,8184,8202,8201,8213,8200,8214,8137,25.84128308296204,hello,True
67,8230,8210,8199,8206,8201,8150,8164,8159,8170,8163,8221,8216,8219,8130,25.856882333755493,hello,True
68,8230,8224,8219,8218,8236,8146,8152,8148,8136,8151,8238,8223,8219,8125,25.856882333755493,hello,True
69,8226,8234,8219,8232,8260,8144,8162,8154,8136,8166,8254,8218,8223,8124,25.87172508239746,hello,True
70,8230,8226,8235,8225,8218,8153,8161,8153,8140,8164,8244,8227,8211,8125,25.87172508239746,hello,True
71,8220,8217,8226,8226,8205,8170,8159,8151,8146,8165,8228,8208,8200,8119,25.88774561882019,hello,True
72,8209,8211,8226,8233,8244,8179,8171,8152,8152,8165,8221,8193,8195,8122,25.88774561882019,hello,True
73,8202,8213,8235,8231,8244,8190,8185,8168,8155,8166,8209,8192,8185,8126,25.90386009216309,hello,True
74,8192,8205,8205,8236,8228,8192,8199,8174,8182,8194,8204,8176,8189,8121,25.90386009216309,hello,True
75,8181,8183,8201,8213,8239,8188,8196,8175,8193,8199,8199,8184,8193,8133,25.91912269592285,hello,True
76,8180,8176,8191,8196,8231,8200,8198,8182,8193,8196,8193,8183,8200,8139,25.91912269592285,hello,True
77,8194,8183,8181,8205,8204,8199,8206,8177,8198,8213,8191,8172,8208,8135,25.934653282165527,hello,True
78,8190,8177,8192,8199,8208,8178,8204,8184,8197,8211,8180,8169,8195,8129,25.934653282165527,hello,True
79,8174,8163,8169,8180,8214,8159,8190,8182,8201,8183,8172,8163,8183,8112,25.95019507408142,hello,True
80,8187,8179,8179,8167,8207,8146,8159,8165,8188,8161,8187,8192,8188,8106,25.95019507408142,hello,True
81,8203,8207,8214,8196,8224,8159,8162,8163,8179,8171,8215,8205,8194,8111,25.96631956100464,hello,True
82,8193,8200,8221,8227,8225,8189,8187,8160,8185,8194,8207,8184,8180,8115,25.96631956100464,hello,True
83,8183,8185,8211,8221,8219,8203,8190,8172,8200,8201,8173,8181,8165,8131,25.982094526290894,hello,True
84,8190,8186,8195,8215,8236,8200,8192,8191,8223,8206,8182,8188,8177,8146,25.982094526290894,hello,True
85,8185,8179,8199,8196,8214,8185,8190,8188,8225,8207,8202,8199,8186,8145,25.99710488319397,hello,True
86,8177,8169,8183,8169,8181,8170,8181,8188,8222,8210,8188,8190,8185,8132,25.99710488319397,hello,True
87,8189,8176,8174,8166,8205,8169,8173,8188,8226,8211,8188,8189,8187,8130,26.01270604133606,hello,True
88,8195,8186,8198,8167,8217,8176,8167,8184,8215,8193,8202,8209,8182,8126,26.01270604133606,hello,True
89,8190,8184,8189,8172,8199,8177,8169,8180,8211,8187,8209,8200,8189,8112,26.02776575088501,hello,True
90,8196,8188,8197,8175,8208,8170,8171,8174,8211,8180,8207,8200,8190,8114,26.02776575088501,hello,True
91,8197,8203,8207,8178,8222,8179,8173,8174,8204,8160,8198,8200,8175,8116,26.04295492172241,hello,True
92,8187,8206,8205,8190,8214,8189,8171,8162,8198,8160,8195,8195,8162,8114,26.04295492172241,hello,True
93,8184,8198,8214,8192,8212,8196,8172,8161,8200,8179,8189,8189,8150,8125,26.058483123779297,sil,False
94,8172,8188,8189,8188,8213,8213,8186,8170,8209,8193,8178,8158,8139,8119,26.058483123779297,sil,False
95,8162,8182,8193,8180,8188,8208,8179,8168,8202,8185,8171,8164,8130,8111,26.07458996772766,sil,False
96,8170,8177,8200,8177,8182,8198,8175,8173,8205,8190,8169,8176,8139,8124,26.07458996772766,sil,False
97,8173,8154,8172,8156,8190,8206,8194,8178,8227,8210,8155,8157,8150,8130,26.090190649032596,sil,False
98,8160,8135,8178,8128,8150,8208,8198,8185,8231,8207,8149,8164,8142,8129,26.090190649032596,sil,False
99,8154,8145,8163,8145,8124,8196,8194,8191,8232,8211,8168,8162,8149,8126,26.112631797790527,sil,False
100,8168,8153,8151,8159,8146,8177,8182,8183,8228,8199,8159,8161,8157,8126,26.112631797790527,sil,False
101,8171,8150,8158,8150,8148,8168,8166,8188,8221,8174,8144,8163,8157,8119,26.113630294799805,sil,False
102,8169,8156,8154,8165,8139,8170,8168,8195,8236,8199,8175,8174,8179,8120,26.12170791625977,sil,False
103,8188,8171,8171,8178,8155,8179,8172,8197,8242,8215,8195,8196,8188,8138,26.13678002357483,sil,False
104,8181,8163,8151,8167,8143,8186,8168,8181,8221,8190,8170,8172,8167,8117,26.13678002357483,sil,False
105,8150,8142,8129,8146,8114,8170,8147,8152,8191,8166,8154,8151,8142,8084,26.152061939239506,sil,False
106,8140,8147,8139,8148,8151,8169,8147,8157,8182,8168,8151,8145,8130,8081,26.16755151748657,sil,False
107,8143,8154,8136,8168,8171,8190,8172,8169,8195,8180,8142,8123,8134,8090,26.16755151748657,sil,False
108,8143,8152,8145,8170,8127,8202,8175,8168,8195,8179,8131,8128,8132,8104,26.183027505874637,sil,False
109,8145,8158,8142,8179,8136,8210,8185,8174,8204,8196,8136,8134,8137,8114,26.183027505874637,sil,False
110,8142,8148,8131,8180,8175,8208,8201,8175,8213,8209,8137,8127,8141,8114,26.199152946472168,sil,False
111,8133,8122,8118,8141,8151,8186,8184,8184,8198,8192,8113,8122,8127,8110,26.200141191482544,sil,False
112,8148,8121,8109,8124,8122,8167,8164,8188,8193,8179,8127,8133,8135,8113,26.200141191482544,sil,False
113,8176,8141,8136,8143,8147,8168,8162,8182,8192,8170,8163,8163,8159,8122,26.214672327041622,sil,False
114,8177,8142,8137,8152,8158,8174,8168,8187,8189,8170,8161,8161,8162,8120,26.23088574409485,sil,False
115,8173,8145,8141,8150,8126,8176,8170,8190,8195,8182,8160,8161,8159,8116,26.23088574409485,sil,False
116,8172,8163,8166,8160,8127,8183,8172,8183,8195,8183,8171,8171,8165,8117,26.23088574409485,sil,False
117,8153,8163,8151,8166,8157,8183,8175,8171,8186,8167,8152,8143,8153,8101,26.24693751335144,sil,False
118,8139,8157,8146,8157,8164,8190,8179,8171,8181,8167,8130,8135,8124,8088,26.24693751335144,sil,False
119,8146,8166,8150,8170,8158,8205,8186,8180,8194,8196,8148,8137,8129,8091,26.262163400650024,sil,False
120,8146,8159,8150,8178,8162,8203,8171,8166,8189,8187,8154,8129,8142,8088,26.277788400650024,sil,False
121,8132,8144,8153,8159,8154,8203,8170,8165,8171,8158,8131,8130,8127,8086,26.277788400650024,sil,False
122,8128,8138,8130,8156,8144,8212,8203,8182,8189,8186,8138,8128,8130,8097,26.29317283630371,sil,False
123,8133,8130,8125,8144,8144,8202,8202,8179,8205,8203,8139,8140,8143,8110,26.29317283630371,sil,False
124,8141,8133,8128,8126,8135,8192,8179,8181,8201,8174,8125,8148,8149,8111,26.30869698524475,sil,False
125,8159,8149,8133,8133,8119,8189,8170,8181,8200,8162,8148,8160,8164,8106,26.30869698524475,sil,False
126,8162,8152,8151,8134,8120,8179,8159,8174,8191,8166,8171,8177,8162,8104,26.32402014732361,sil,False
127,8151,8147,8137,8134,8146,8177,8154,8164,8186,8166,8172,8170,8154,8094,26.32402014732361,sil,False
237,8156,8151,8155,8143,8152,8175,8153,8156,8173,8162,8177,8184,8155,8093,26.340059518814087,sil,False
0,8158,8162,8179,8160,8135,8181,8168,8163,8163,8165,8172,8182,8151,8097,26.340059518814087,sil,False
1,8152,8162,8171,8176,8149,8204,8198,8164,8178,8179,8156,8159,8137,8097,26.35552978515625,sil,False
2,8156,8158,8180,8174,8146,8218,8204,8167,8189,8183,8134,8155,8130,8102,26.35552978515625,sil,False
3,8150,8150,8166,8171,8124,8214,8198,8180,8192,8191,8123,8147,8138,8102,26.370822191238403,sil,False
4,8136,8136,8150,8151,8134,8201,8189,8182,8190,8190,8121,8148,8139,8107,26.370822191238403,sil,False
5,8141,8132,8142,8130,8140,8193,8181,8184,8194,8178,8121,8152,8141,8110,26.38585352897644,sil,False
6,8154,8135,8140,8135,8118,8173,8174,8178,8196,8170,8132,8153,8150,8094,26.38585352897644,sil,False
7,8153,8139,8159,8141,8116,8157,8160,8177,8179,8158,8139,8175,8151,8092,26.40207052230835,sil,False
8,8154,8149,8150,8153,8122,8170,8162,8179,8177,8162,8152,8181,8162,8099,26.40207052230835,sil,False
9,8164,8164,8160,8156,8113,8179,8163,8161,8167,8154,8164,8189,8165,8098,26.41818380355835,sil,False
10,8158,8171,8170,8154,8129,8172,8152,8150,8146,8138,8155,8180,8132,8079,26.41818380355835,sil,False
11,8147,8165,8156,8169,8151,8173,8151,8149,8152,8151,8141,8154,8129,8071,26.434198141098022,sil,False
12,8152,8165,8175,8174,8144,8194,8166,8163,8170,8175,8138,8160,8202,8098,26.434198141098022,sil,False
13,8155,8161,8172,8172,8135,8206,8186,8183,8188,8202,8150,8169,8290,8120,26.4502010345459,sil,False
14,8164,8153,8163,8163,8137,8186,8175,8184,8198,8206,8162,8184,8312,8127,26.4502010345459,sil,False
15,8178,8164,8174,8159,8145,8175,8160,8190,8201,8187,8176,8203,8306,8125,26.465840578079224,sil,False
16,8187,8181,8172,8179,8137,8180,8167,8190,8197,8179,8202,8210,8319,8119,26.465840578079224,sil,False
17,8193,8185,8194,8188,8122,8175,8158,8179,8183,8184,8209,8226,8301,8124,26.481131315231323,sil,False
18,8184,8184,8194,8191,8138,8170,8153,8170,8182,8188,8196,8204,8269,8114,26.481131315231323,sil,False
19,8168,8184,8186,8197,8152,8178,8160,8160,8173,8169,8185,8188,8253,8098,26.49674725532532,sil,False
20,8155,8176,8186,8188,8128,8187,8167,8167,8158,8153,8166,8187,8243,8103,26.49674725532532,sil,False
21,8143,8150,8159,8171,8118,8184,8180,8179,8177,8175,8145,8164,8240,8109,26.51188802719116,sil,False
22,8138,8128,8152,8145,8128,8178,8186,8188,8191,8183,8130,8173,8230,8106,26.51188802719116,sil,False
23,8136,8133,8139,8137,8130,8187,8193,8194,8192,8171,8129,8179,8229,8100,26.52729558944702,sil,False
24,8146,8144,8144,8140,8125,8176,8182,8187,8193,8168,8142,8184,8243,8105,26.52729558944702,sil,False
25,8161,8155,8177,8143,8116,8146,8150,8183,8176,8167,8165,8213,8250,8110,26.54292321205139,sil,False
26,8165,8163,8179,8168,8115,8148,8151,8171,8166,8161,8188,8218,8247,8099,26.54292321205139,sil,False
27,8167,8170,8199,8184,8128,8180,8173,8158,8162,8154,8185,8218,8234,8107,26.558078050613403,sil,False
28,8155,8171,8191,8185,8134,8203,8189,8171,8170,8183,8166,8198,8229,8118,26.558078050613403,sil,False
29,8135,8154,8158,8165,8110,8188,8177,8178,8183,8212,8161,8188,8237,8109,26.573857069015503,sil,False
30,8152,8151,8170,8142,8092,8160,8149,8174,8174,8188,8170,8218,8247,8109,26.573857069015503,sil,False
31,8182,8172,8181,8170,8105,8152,8139,8161,8154,8166,8184,8224,8250,8110,26.590169191360477,sil,False
32,8181,8198,8202,8210,8110,8167,8148,8153,8135,8170,8184,8222,8238,8110,26.590169191360477,sil,False
33,8167,8206,8207,8221,8107,8190,8173,8168,8148,8190,8178,8208,8236,8116,26.6053249835968,sil,False
34,8172,8182,8184,8190,8101,8188,8178,8174,8166,8202,8176,8201,8240,8128,26.6053249835968,sil,False
35,8176,8164,8174,8150,8084,8171,8153,8175,8157,8185,8172,8211,8237,8125,26.621225595474243,sil,False
36,8164,8181,8162,8161,8088,8170,8145,8172,8148,8166,8180,8205,8242,8101,26.621225595474243,sil,False
37,8157,8197,8182,8185,8097,8179,8149,8157,8134,8159,8177,8202,8223,8091,26.637203454971317,sil,False
38,8145,8189,8180,8177,8095,8188,8158,8162,8130,8171,8154,8183,8191,8088,26.637203454971317,sil,False
39,8136,8169,8140,8159,8093,8187,8167,8171,8149,8188,8135,8163,8192,8083,26.652302026748657,sil,False
40,8126,8151,8133,8148,8067,8183,8162,8177,8157,8183,8117,8165,8191,8088,26.652302026748657,sil,False
41,8118,8143,8128,8146,8052,8181,8159,8180,8161,8174,8117,8159,8187,8089,26.667983770370483,sil,False
42,8141,8149,8144,8137,8073,8167,8151,8174,8157,8159,8133,8180,8196,8099,26.667983770370483,sil,False
43,8163,8166,8163,8144,8089,8158,8146,8177,8149,8159,8144,8205,8214,8111,26.683669090271,sil,False
44,8169,8174,8164,8165,8083,8160,8148,8169,8149,8169,8159,8208,8224,8107,26.683669090271,sil,False
45,8165,8174,8171,8160,8077,8164,8136,8158,8136,8145,8160,8203,8205,8096,26.699804544448853,sil,False
46,8155,8179,8158,8168,8083,8172,8134,8162,8134,8133,8149,8177,8188,8087,26.699804544448853,sil,False
47,8151,8189,8171,8194,8096,8180,8138,8160,8144,8157,8147,8177,8186,8089,26.715375185012817,sil,False
48,8147,8194,8177,8203,8114,8187,8140,8163,8145,8173,8150,8176,8184,8089,26.715375185012817,sil,False
49,8136,8178,8147,8207,8113,8187,8149,8172,8149,8177,8141,8152,8177,8084,26.730117559432983,sil,False
50,8124,8159,8145,8194,8094,8183,8157,8181,8156,8177,8118,8154,8166,8091,26.730117559432983,sil,False
51,8125,8150,8128,8164,8094,8188,8167,8186,8173,8192,8117,8152,8178,8101,26.745846271514893,sil,False
52,8133,8140,8116,8138,8100,8185,8167,8185,8186,8195,8126,8159,8196,8108,26.745846271514893,sil,False
53,8137,8134,8121,8139,8073,8171,8155,8195,8193,8184,8120,8167,8194,8111,26.76213574409485,sil,False
54,8145,8141,8115,8150,8055,8156,8142,8190,8198,8180,8129,8165,8205,8107,26.76213574409485,sil,False
55,8158,8147,8132,8131,8078,8148,8120,8173,8176,8164,8144,8183,8220,8107,26.777267456054688,sil,False
56,8156,8152,8131,8126,8094,8143,8114,8167,8157,8149,8152,8180,8214,8105,26.777267456054688,sil,False
57,8150,8167,8140,8151,8084,8143,8119,8158,8154,8150,8160,8176,8202,8098,26.792909622192383,sil,False
58,8156,8181,8164,8168,8093,8159,8128,8162,8148,8155,8161,8180,8194,8098,26.792909622192383,sil,False
59,8153,8181,8156,8180,8105,8174,8138,8171,8147,8162,8156,8163,8181,8093,26.80810570716858,sil,False
60,8143,8176,8166,8184,8094,8173,8140,8171,8150,8164,8141,8156,8166,8095,26.80810570716858,sil,False
61,8147,8164,8155,8178,8092,8177,8156,8175,8162,8170,8131,8149,8171,8100,26.823326587677,sil,False
62,8160,8155,8139,8161,8091,8179,8170,8174,8167,8172,8127,8149,8176,8106,26.823326587677,sil,False
63,8162,8162,8152,8153,8085,8182,8171,8182,8163,8164,8119,8156,8171,8109,26.83898949623108,sil,False
64,8160,8158,8146,8160,8093,8181,8173,8186,8178,8167,8119,8149,8180,8104,26.83898949623108,sil,False
65,8167,8148,8147,8148,8090,8162,8162,8180,8182,8160,8127,8160,8186,8105,26.854098081588745,sil,False
66,8174,8155,8145,8143,8078,8153,8150,8183,8176,8157,8140,8170,8194,8101,26.854098081588745,sil,False
67,8173,8159,8151,8148,8082,8149,8141,8174,8172,8159,8152,8180,8203,8091,26.870015621185303,sil,False
68,8164,8163,8168,8143,8095,8140,8131,8168,8160,8143,8150,8187,8189,8088,26.870015621185303,sil,False
69,8153,8178,8156,8155,8079,8144,8133,8165,8149,8135,8152,8168,8185,8077,26.88540315628052,sil,False
70,8151,8183,8169,8167,8063,8149,8132,8154,8132,8136,8147,8163,8178,8070,26.88540315628052,sil,False
71,8146,8172,8176,8175,8102,8150,8136,8155,8133,8134,8123,8143,8150,8067,26.90073585510254,sil,False
72,8134,8157,8160,8179,8130,8160,8149,8154,8147,8124,8094,8122,8131,8058,26.915874004364014,sil,False
73,8133,8149,8159,8160,8106,8175,8159,8164,8152,8119,8081,8132,8131,8062,26.915874004364014,sil,False
74,8146,8149,8140,8154,8096,8175,8169,8180,8171,8154,8092,8131,8146,8075,26.931931495666504,sil,False
75,8158,8157,8146,8158,8108,8165,8164,8183,8185,8172,8105,8145,8157,8090,26.931931495666504,sil,False
76,8156,8161,8143,8144,8106,8154,8154,8178,8184,8149,8106,8154,8158,8089,26.94706630706787,sil,False
77,8154,8153,8129,8120,8094,8145,8145,8166,8172,8130,8114,8147,8159,8075,26.94706630706787,sil,False
78,8171,8166,8169,8135,8093,8146,8136,8165,8149,8122,8137,8172,8165,8083,26.96271753311157,sil,False
79,8195,8194,8193,8190,8111,8153,8138,8162,8141,8122,8164,8192,8177,8097,26.96271753311157,sil,False
80,8200,8195,8202,8203,8120,8150,8136,8147,8132,8122,8160,8194,8169,8103,26.978564977645878,sil,False
81,8185,8184,8205,8194,8115,8153,8144,8157,8123,8130,8142,8183,8159,8105,26.978564977645878,sil,False
82,8192,8181,8202,8213,8105,8160,8162,8165,8133,8151,8152,8186,8168,8115,26.994170427322388,sil,False
83,8204,8181,8212,8200,8098,8154,8150,8166,8145,8156,8156,8203,8171,8128,26.994170427322388,sil,False
84,8196,8173,8187,8168,8101,8142,8140,8181,8169,8155,8149,8188,8182,8126,27.009734392166138,sil,False
85,8195,8164,8176,8153,8097,8134,8146,8194,8191,8149,8161,8196,8197,8123,27.009734392166138,sil,False
86,8198,8167,8181,8152,8092,8142,8147,8194,8190,8145,8179,8214,8197,8118,27.02556276321411,sil,False
87,8197,8182,8172,8168,8102,8146,8142,8177,8176,8159,8190,8211,8199,8112,27.02556276321411,sil,False
88,8191,8196,8183,8167,8103,8136,8129,8166,8157,8155,8181,8218,8190,8112,27.04104709625244,sil,False
89,8175,8194,8170,8164,8105,8141,8129,8162,8151,8135,8176,8202,8174,8101,27.04104709625244,sil,False
90,8162,8189,8170,8176,8122,8148,8134,8151,8137,8123,8182,8198,8156,8091,27.057063102722168,sil,False
91,8160,8205,8189,8192,8130,8149,8143,8155,8124,8124,8174,8198,8142,8087,27.057063102722168,sil,False
92,8160,8213,8178,8199,8125,8158,8157,8155,8129,8137,8160,8176,8144,8081,27.07227826118469,sil,False
93,8161,8200,8184,8188,8120,8166,8161,8156,8136,8130,8137,8175,8132,8085,27.07227826118469,sil,False
94,8157,8185,8175,8183,8114,8179,8177,8173,8152,8128,8116,8165,8117,8084,27.0879979133606,sil,False
95,8153,8178,8167,8177,8113,8186,8194,8181,8163,8145,8112,8157,8121,8086,27.0879979133606,sil,False
96,8169,8186,8186,8181,8111,8186,8207,8195,8175,8174,8131,8181,8144,8112,27.103150367736816,sil,False
97,8183,8187,8183,8192,8094,8184,8216,8203,8207,8199,8150,8203,8168,8131,27.103150367736816,sil,False
98,8180,8176,8180,8168,8089,8181,8198,8191,8203,8180,8146,8214,8164,8135,27.11873435974121,sil,False
99,8187,8169,8167,8154,8114,8169,8184,8182,8182,8163,8144,8198,8158,8131,27.11873435974121,sil,False
100,8197,8164,8168,8159,8113,8147,8176,8178,8178,8167,8145,8198,8158,8125,27.1339271068573,sil,False
101,8190,8163,8178,8139,8090,8144,8157,8181,8174,8152,8133,8207,8144,8120,27.1339271068573,sil,False
102,8183,8173,8165,8138,8097,8142,8147,8174,8165,8133,8147,8199,8140,8113,27.14911794662476,sil,False
103,8196,8190,8185,8163,8115,8128,8142,8162,8148,8129,8168,8214,8139,8112,27.14911794662476,sil,False
104,8203,8200,8196,8177,8117,8134,8145,8167,8143,8148,8174,8218,8141,8112,27.164673805236816,sil,False
105,8199,8200,8198,8178,8121,8142,8148,8164,8149,8160,8181,8214,8142,8114,27.164673805236816,sil,False
106,8193,8200,8217,8190,8129,8141,8151,8164,8147,8157,8173,8211,8131,8118,27.17989230155945,sil,False
107,8176,8191,8193,8207,8131,8158,8169,8171,8158,8175,8149,8183,8130,8113,27.17989230155945,sil,False
108,8173,8179,8184,8193,8127,8176,8187,8175,8172,8189,8141,8183,8134,8119,27.194998741149902,sil,False
109,8184,8181,8188,8185,8126,8179,8193,8182,8174,8186,8147,8190,8130,8121,27.194998741149902,sil,False
110,8189,8178,8186,8200,8132,8169,8179,8176,8174,8174,8152,8194,8125,8111,27.210296869277958,sil,False
111,8185,8163,8187,8186,8124,8149,8158,8174,8171,8159,8146,8204,8119,8109,27.210296869277958,sil,False
112,8161,8150,8150,8153,8107,8127,8149,8166,8160,8158,8136,8180,8110,8087,27.225403547286987,sil,False
113,8145,8144,8141,8139,8100,8125,8137,8157,8143,8150,8121,8172,8096,8070,27.225403547286987,sil,False
114,8165,8156,8160,8163,8118,8145,8143,8172,8158,8145,8136,8192,8107,8087,27.240784645080566,sil,False
115,8191,8182,8177,8199,8152,8152,8164,8175,8180,8156,8171,8212,8135,8102,27.240784645080566,sil,False
116,8189,8199,8202,8205,8143,8156,8165,8168,8163,8163,8177,8218,8133,8100,27.255862951278687,sil,False
117,8179,8190,8192,8200,8115,8161,8161,8163,8153,8161,8175,8199,8129,8095,27.255862951278687,sil,False
118,8188,8180,8196,8194,8130,8143,8147,8157,8152,8137,8178,8209,8134,8099,27.2710440158844,sil,False
119,8187,8188,8203,8202,8149,8137,8142,8161,8143,8124,8172,8208,8127,8097,27.2710440158844,sil,False
120,8167,8180,8184,8216,8130,8159,8161,8155,8137,8147,8159,8172,8110,8084,27.286667823791504,sil,False
121,8151,8163,8180,8202,8118,8172,8163,8154,8135,8158,8139,8166,8093,8089,27.286667823791504,sil,False
122,8158,8167,8169,8203,8143,8171,8168,8168,8153,8170,8143,8166,8101,8101,27.302008867263797,sil,False
123,8169,8172,8175,8213,8147,8171,8178,8162,8160,8172,8151,8162,8102,8101,27.31807374954224,sil,False
124,8156,8163,8171,8207,8141,8177,8178,8159,8153,8156,8135,8153,8090,8087,27.31807374954224,sil,False
125,8145,8154,8141,8187,8138,8166,8170,8161,8156,8154,8124,8144,8095,8083,27.333276510238647,sil,False
126,8153,8162,8144,8165,8122,8147,8152,8165,8152,8145,8128,8156,8102,8089,27.333276510238647,sil,False
127,8164,8182,8148,8182,8133,8141,8151,8175,8158,8137,8141,8160,8110,8084,27.349102020263672,sil,False
237,8170,8192,8160,8193,8149,8137,8148,8172,8163,8141,8159,8173,8112,8086,27.349102020263672,sil,False
0,8165,8191,8163,8170,8137,8136,8138,8170,8155,8146,8160,8180,8109,8090,27.364091157913208,sil,False
1,8166,8194,8142,8172,8139,8141,8135,8166,8156,8148,8162,8170,8115,8081,27.364091157913208,sil,False
2,8168,8208,8167,8186,8154,8143,8133,8155,8145,8139,8171,8181,8113,8079,27.38036346435547,sil,False
3,8159,8215,8170,8180,8146,8142,8134,8142,8127,8130,8164,8170,8100,8067,27.38036346435547,sil,False
4,8156,8218,8170,8173,8139,8137,8126,8132,8111,8115,8157,8164,8091,8053,27.39639186859131,sil,False
5,8162,8231,8195,8191,8155,8146,8135,8149,8115,8125,8170,8175,8095,8069,27.39639186859131,sil,False
6,8150,8227,8178,8209,8158,8171,8163,8161,8150,8162,8169,8161,8100,8081,27.41172289848328,sil,False
7,8137,8203,8164,8188,8151,8180,8167,8160,8164,8165,8139,8155,8096,8081,27.41172289848328,sil,False
8,8147,8202,8156,8177,8169,8175,8165,8174,8166,8163,8138,8157,8108,8087,27.42711925506592,sil,False
9,8163,8209,8160,8182,8151,8162,8170,8180,8179,8182,8164,8183,8124,8098,27.42711925506592,sil,False
10,8174,8211,8173,8177,8118,8149,8167,8174,8176,8177,8174,8208,8125,8097,27.44226813316345,sil,False
11,8187,8226,8174,8195,8157,8151,8163,8162,8159,8159,8198,8211,8136,8085,27.44226813316345,sil,False
12,8196,8240,8200,8210,8196,8154,8152,8152,8139,8148,8213,8226,8138,8086,27.45789051055908,sil,False
13,8185,8242,8201,8212,8168,8154,8147,8155,8142,8149,8193,8214,8126,8079,27.45789051055908,sil,False
14,8176,8242,8199,8217,8156,8158,8151,8149,8147,8157,8189,8208,8124,8073,27.473607063293457,sil,False
15,8184,8246,8220,8218,8169,8172,8152,8153,8138,8162,8222,8237,8137,8090,27.473607063293457,sil,False
16,8191,8237,8204,8215,8147,8164,8152,8155,8140,8156,8247,8235,8153,8097,27.48899722099304,sil,False
17,8190,8227,8206,8203,8128,8146,8146,8149,8140,8145,8234,8231,8144,8095,27.48899722099304,sil,False
18,8180,8223,8215,8211,8147,8169,8154,8161,8149,8163,8223,8233,8137,8103,27.50453209877014,sil,False
19,8170,8209,8204,8221,8157,8186,8163,8161,8152,8179,8226,8233,8140,8109,27.50453209877014,sil,False
20,8166,8198,8205,8219,8149,8178,8158,8152,8141,8162,8214,8229,8123,8098,27.520160913467407,sil,False
21,8162,8188,8189,8229,8150,8184,8166,8154,8149,8163,8202,8210,8110,8082,27.520160913467407,sil,False
22,8166,8175,8186,8214,8149,8178,8166,8159,8155,8172,8201,8219,8116,8094,27.5361008644104,sil,False
23,8170,8174,8185,8194,8136,8153,8162,8171,8155,8176,8204,8223,8127,8111,27.5361008644104,sil,False
24,8172,8184,8177,8203,8135,8145,8158,8175,8168,8179,8211,8219,8134,8109,27.55083990097046,sil,False
25,8182,8190,8191,8202,8141,8149,8145,8177,8172,8159,8214,8234,8136,8099,27.55083990097046,sil,False
26,8183,8180,8169,8181,8139,8140,8140,8168,8160,8142,8208,8213,8137,8083,27.566266536712646,sil,False
27,8175,8170,8167,8164,8135,8128,8136,8158,8134,8143,8191,8202,8129,8077,27.566266536712646,sil,False
28,8186,8184,8188,8176,8145,8140,8139,8168,8129,8151,8193,8217,8129,8082,27.58150577545166,sil,False
29,8199,8204,8191,8195,8154,8151,8146,8160,8147,8153,8217,8221,8142,8082,27.58150577545166,sil,False
30,8196,8211,8209,8193,8159,8154,8146,8155,8147,8143,8215,8222,8138,8092,27.59638977050781,sil,False
31,8186,8203,8200,8198,8170,8165,8156,8165,8146,8155,8200,8202,8130,8100,27.59638977050781,sil,False
32,8174,8184,8193,8193,8166,8173,8160,8153,8141,8166,8190,8190,8113,8091,27.612327814102173,sil,False
33,8157,8183,8187,8184,8154,8177,8160,8151,8139,8156,8184,8182,8104,8080,27.612327814102173,sil,False
34,8148,8179,8167,8189,8155,8180,8166,8161,8146,8158,8186,8174,8118,8087,27.627871990203857,sil,False
35,8151,8161,8172,8178,8155,8179,8162,8162,8139,8167,8176,8181,8118,8100,27.627871990203857,sil,False
36,8143,8148,8149,8164,8154,8184,8167,8161,8147,8179,8166,8159,8109,8087,27.64385342597961,sil,False
37,8136,8139,8132,8138,8147,8178,8172,8166,8159,8170,8156,8152,8106,8082,27.64385342597961,sil,False
38,8135,8134,8132,8111,8139,8167,8163,8181,8157,8150,8147,8161,8112,8081,27.659770727157596,sil,False
39,8138,8137,8127,8120,8143,8163,8151,8169,8152,8145,8161,8155,8125,8061,27.659770727157596,sil,False
40,8153,8165,8162,8136,8150,8165,8143,8154,8133,8138,8177,8170,8124,8062,27.67452454566956,sil,False
41,8154,8186,8171,8154,8153,8176,8156,8160,8128,8150,8169,8164,8119,8074,27.67452454566956,sil,False
42,8145,8174,8164,8164,8156,8179,8170,8160,8142,8168,8157,8162,8121,8085,27.690075874328613,sil,False
43,8145,8154,8167,8149,8149,8166,8164,8170,8154,8164,8159,8178,8132,8100,27.690075874328613,sil,False
44,8161,8147,8150,8141,8139,8146,8155,8174,8162,8165,8176,8180,8152,8098,27.705708980560303,sil,False
45,8169,8166,8164,8140,8141,8149,8149,8168,8158,8161,8186,8195,8147,8094,27.705708980560303,sil,False
46,8157,8185,8174,8153,8158,8176,8163,8168,8156,8159,8184,8189,8137,8091,27.720852613449097,sil,False
47,8154,8185,8186,8182,8164,8180,8179,8163,8156,8169,8180,8178,8136,8089,27.720852613449097,sil,False
48,8155,8171,8192,8180,8154,8178,8188,8175,8171,8179,8170,8179,8129,8100,27.73677158355713,sil,False
49,8156,8151,8155,8136,8152,8180,8192,8194,8200,8188,8173,8172,8139,8110,27.73677158355713,sil,False
50,8164,8152,8158,8116,8155,8161,8172,8188,8194,8181,8176,8182,8152,8105,27.7519748210907,sil,False
51,8173,8179,8175,8159,8154,8153,8171,8177,8188,8176,8184,8195,8164,8103,27.7519748210907,sil,False
52,8177,8186,8179,8176,8152,8162,8174,8179,8196,8177,8194,8212,8167,8116,27.76768684387207,sil,False
53,8168,8174,8183,8151,8150,8164,8152,8183,8177,8165,8181,8213,8149,8107,27.78333020210266,sil,False
54,8159,8178,8162,8160,8148,8158,8148,8168,8159,8162,8171,8193,8139,8076,27.7843234539032,sil,False
55,8165,8191,8181,8175,8148,8160,8158,8153,8155,8156,8174,8205,8139,8076,27.7843234539032,sil,False
56,8162,8190,8194,8175,8160,8176,8163,8159,8154,8156,8172,8195,8134,8080,27.79914140701294,sil,False
57,8141,8183,8177,8171,8160,8175,8156,8148,8147,8156,8153,8164,8116,8062,27.79914140701294,sil,False
58,8137,8188,8181,8169,8154,8170,8150,8145,8148,8150,8141,8165,8097,8059,27.81464910507202,sil,False
59,8145,8194,8167,8183,8162,8180,8161,8155,8163,8161,8148,8158,8104,8065,27.81464910507202,sil,False
60,8134,8182,8165,8180,8137,8185,8161,8152,8152,8157,8138,8153,8103,8068,27.83079695701599,sil,False
61,8119,8173,8165,8176,8131,8186,8166,8156,8149,8157,8118,8145,8093,8072,27.83079695701599,sil,False
62,8130,8171,8159,8186,8172,8191,8184,8165,8175,8181,8121,8146,8096,8080,27.8456072807312,sil,False
63,8147,8167,8166,8170,8176,8194,8192,8181,8187,8190,8129,8162,8114,8093,27.86105155944824,sil,False
64,8148,8164,8145,8168,8149,8187,8192,8187,8198,8194,8144,8156,8147,8098,27.86105155944824,sil,False
65,8153,8167,8150,8168,8152,8175,8180,8180,8204,8190,8150,8170,8161,8096,27.876140594482425,sil,False
66,8156,8165,8150,8150,8159,8164,8166,8180,8192,8176,8145,8178,8151,8085,27.876140594482425,sil,False
67,8157,8164,8132,8148,8150,8155,8166,8179,8187,8173,8162,8177,8157,8086,27.89173054695129,sil,False
68,8167,8179,8160,8156,8151,8158,8166,8180,8181,8171,8170,8194,8166,8100,27.89173054695129,sil,False
69,8156,8186,8159,8161,8151,8154,8155,8171,8169,8167,8153,8172,8157,8081,27.90696120262146,sil,False
70,8138,8176,8154,8154,8148,8147,8138,8148,8148,8152,8146,8163,8140,8064,27.90696120262146,sil,False
71,8140,8178,8167,8160,8164,8170,8148,8150,8142,8146,8155,8174,8138,8073,27.922791481018063,sil,False
72,8137,8175,8161,8173,8169,8181,8159,8145,8140,8154,8152,8149,8132,8070,27.922791481018063,sil,False
73,8120,8168,8165,8167,8151,8164,8144,8132,8118,8146,8130,8134,8105,8064,27.93820643424988,sil,False
74,8117,8173,8157,8170,8153,8175,8153,8143,8123,8156,8126,8139,8113,8070,27.93820643424988,sil,False
75,8134,8171,8157,8171,8161,8192,8170,8162,8154,8183,8139,8152,8140,8086,27.95386648178101,sil,False
76,8147,8168,8153,8158,8152,8179,8157,8176,8175,8193,8144,8160,8152,8098,27.95386648178101,sil,False
77,8143,8170,8136,8152,8148,8158,8137,8162,8162,8174,8151,8168,8159,8090,27.96905469894409,sil,False
78,8137,8175,8162,8149,8150,8151,8120,8148,8126,8141,8159,8176,8161,8080,27.96905469894409,sil,False
79,8136,8181,8172,8155,8152,8159,8122,8154,8128,8145,8166,8163,8156,8077,27.98470640182495,sil,False
80,8147,8184,8179,8162,8163,8168,8138,8159,8148,8165,8172,8177,8149,8087,27.98470640182495,sil,False
81,8152,8180,8183,8164,8173,8178,8160,8163,8148,8165,8166,8184,8139,8093,28.00019240379333,sil,False
82,8137,8160,8158,8161,8167,8185,8176,8159,8147,8162,8145,8151,8127,8085,28.00019240379333,sil,False
83,8118,8143,8150,8149,8150,8182,8179,8156,8148,8167,8119,8139,8118,8077,28.01533389091492,sil,False
84,8113,8139,8130,8143,8147,8181,8186,8161,8152,8178,8111,8126,8120,8072,28.01533389091492,sil,False
85,8129,8142,8143,8132,8153,8182,8181,8166,8144,8170,8114,8134,8118,8082,28.03103518486023,sil,False
86,8131,8146,8164,8133,8152,8181,8169,8172,8140,8165,8117,8153,8118,8090,28.03103518486023,sil,False
87,8125,8145,8139,8147,8144,8168,8161,8174,8158,8175,8131,8152,8144,8086,28.046121835708615,sil,False
88,8135,8151,8155,8136,8147,8155,8138,8172,8163,8163,8142,8170,8156,8091,28.046121835708615,sil,False
89,8149,8172,8171,8138,8159,8151,8130,8171,8159,8156,8149,8172,8154,8086,28.06217193603516,sil,False
90,8161,8182,8178,8157,8165,8144,8128,8156,8143,8159,8159,8175,8149,8082,28.06217193603516,sil,False
91,8161,8176,8189,8158,8156,8155,8124,8146,8126,8141,8151,8180,8131,8086,28.0777370929718,sil,False
92,8150,8172,8181,8164,8137,8180,8139,8152,8132,8132,8144,8159,8123,8079,28.0777370929718,sil,False
93,8152,8185,8212,8183,8146,8183,8156,8160,8137,8155,8161,8171,8131,8084,28.09304928779602,sil,False
94,8157,8189,8223,8192,8180,8180,8164,8168,8145,8185,8169,8180,8135,8101,28.09304928779602,sil,False
