COUNTER,F3,FC5,AF3,F7,T7,P7,O1,O2,P8,T8,F8,AF4,FC6,F4,Timestamp,word_label,hello_event
56,8133,8130,8138,8165,8201,8191,8190,8159,8149,8187,8164,8125,8152,8064,0.0291023254394531,sil,False
57,8146,8118,8139,8129,8180,8174,8179,8181,8155,8182,8162,8150,8168,8097,0.0291023254394531,sil,False
58,8165,8137,8151,8136,8193,8166,8188,8184,8183,8196,8194,8175,8213,8108,0.0444822311401367,sil,False
59,8164,8139,8148,8124,8195,8147,8174,8181,8175,8182,8196,8176,8211,8099,0.0444822311401367,sil,False
60,8162,8149,8165,8122,8191,8154,8155,8177,8154,8167,8194,8185,8195,8086,0.0600297451019287,sil,False
61,8169,8157,8168,8154,8209,8163,8155,8152,8159,8171,8210,8180,8200,8076,0.0600297451019287,sil,False
62,8167,8162,8182,8156,8211,8170,8157,8165,8141,8153,8196,8172,8178,8088,0.0759902000427246,sil,False
63,8148,8159,8173,8171,8202,8200,8193,8163,8156,8182,8189,8153,8172,8079,0.0759902000427246,sil,False
64,8140,8129,8153,8153,8190,8202,8202,8163,8174,8196,8167,8143,8162,8083,0.0911633968353271,sil,False
65,8154,8125,8161,8123,8184,8187,8188,8194,8172,8175,8157,8172,8163,8097,0.0911633968353271,sil,False
66,8169,8142,8151,8130,8188,8171,8176,8181,8169,8168,8179,8190,8185,8077,0.1069409847259521,sil,False
67,8164,8154,8164,8120,8176,8159,8148,8163,8137,8138,8165,8181,8161,8065,0.1069409847259521,sil,False
68,8141,8156,8170,8136,8175,8185,8166,8150,8150,8159,8159,8150,8150,8060,0.1221733093261718,sil,False
69,8127,8140,8156,8147,8180,8209,8195,8166,8181,8208,8155,8138,8159,8075,0.1221733093261718,sil,False
70,8141,8135,8161,8136,8168,8205,8198,8201,8202,8215,8152,8155,8171,8092,0.137664794921875,sil,False
71,8159,8138,8145,8130,8156,8176,8184,8179,8211,8187,8170,8153,8183,8072,0.137664794921875,sil,False
72,8157,8150,8161,8110,8152,8157,8141,8164,8163,8134,8165,8157,8162,8061,0.1533706188201904,hello,True
73,8157,8172,8189,8143,8168,8175,8139,8151,8153,8140,8183,8166,8169,8056,0.1533706188201904,hello,True
74,8162,8173,8193,8167,8177,8180,8155,8144,8168,8164,8190,8162,8176,8066,0.1688950061798095,hello,True
75,8150,8171,8205,8150,8169,8194,8168,8168,8166,8177,8173,8166,8165,8084,0.1688950061798095,hello,True
76,8129,8150,8179,8154,8160,8210,8186,8156,8186,8212,8174,8148,8175,8069,0.1841051578521728,hello,True
77,8125,8128,8166,8142,8137,8193,8180,8161,8187,8212,8150,8130,8158,8068,0.1841051578521728,hello,True
78,8133,8133,8172,8147,8129,8191,8194,8183,8208,8224,8150,8132,8158,8073,0.2001841068267822,hello,True
79,8131,8120,8153,8139,8122,8182,8189,8189,8220,8230,8158,8132,8163,8073,0.2001841068267822,hello,True
80,8145,8119,8164,8119,8103,8163,8161,8192,8194,8198,8149,8156,8165,8091,0.2162706851959228,hello,True
81,8175,8133,8172,8144,8095,8156,8168,8168,8194,8201,8166,8179,8200,8105,0.2162706851959228,hello,True
82,8183,8131,8181,8131,8081,8142,8151,8170,8175,8193,8169,8193,8202,8122,0.2315020561218261,hello,True
83,8183,8143,8193,8131,8083,8145,8140,8177,8173,8195,8181,8206,8214,8120,0.2315020561218261,hello,True
84,8184,8141,8182,8144,8087,8141,8142,8170,8181,8200,8180,8194,8224,8097,0.2471110820770263,hello,True
85,8169,8130,8185,8118,8071,8136,8135,8180,8159,8172,8160,8181,8196,8087,0.2471110820770263,hello,True
86,8160,8136,8171,8130,8085,8150,8147,8167,8168,8172,8196,8178,8206,8072,0.2622408866882324,hello,True
87,8169,8146,8175,8136,8107,8153,8143,8167,8157,8154,8210,8182,8204,8071,0.2622408866882324,hello,True
88,8165,8155,8188,8139,8118,8155,8144,8157,8136,8132,8191,8177,8185,8060,0.2783410549163818,hello,True
89,8158,8154,8177,8160,8130,8154,8149,8132,8127,8135,8189,8168,8180,8056,0.2783410549163818,hello,True
90,8167,8164,8203,8178,8142,8156,8146,8154,8120,8147,8195,8186,8182,8084,0.2949025630950928,hello,True
91,8170,8176,8207,8211,8163,8178,8161,8157,8157,8200,8216,8186,8212,8089,0.2949025630950928,hello,True
92,8168,8170,8196,8209,8170,8183,8153,8153,8149,8196,8195,8167,8194,8086,0.3093891143798828,hello,True
93,8155,8163,8187,8205,8165,8181,8148,8147,8119,8161,8171,8147,8155,8068,0.3093891143798828,hello,True
94,8137,8139,8151,8198,8163,8170,8154,8128,8127,8161,8167,8127,8152,8054,0.3253369331359863,hello,True
95,8142,8126,8152,8162,8164,8172,8158,8160,8135,8165,8159,8146,8159,8080,0.3253369331359863,hello,True
96,8161,8137,8150,8173,8178,8187,8184,8168,8158,8186,8181,8162,8186,8089,0.3410060405731201,hello,True
97,8175,8142,8143,8168,8182,8157,8160,8158,8134,8152,8173,8162,8179,8084,0.3558969497680664,hello,True
98,8183,8154,8163,8161,8187,8132,8117,8159,8103,8119,8170,8179,8179,8075,0.3558969497680664,hello,True
99,8190,8162,8169,8178,8198,8133,8110,8138,8115,8130,8208,8193,8207,8068,0.3709912300109863,hello,True
100,8192,8171,8185,8168,8197,8137,8112,8150,8104,8115,8210,8198,8194,8081,0.3709912300109863,hello,True
101,8187,8186,8186,8190,8214,8151,8134,8155,8110,8136,8215,8186,8190,8071,0.3866133689880371,hello,True
102,8184,8187,8194,8210,8230,8158,8144,8154,8116,8156,8214,8176,8183,8075,0.3866133689880371,hello,True
103,8187,8202,8238,8229,8234,8182,8164,8169,8133,8165,8222,8188,8186,8108,0.4024229049682617,hello,True
104,8191,8202,8234,8257,8238,8198,8186,8162,8157,8196,8242,8179,8212,8115,0.4024229049682617,hello,True
105,8189,8186,8225,8238,8233,8189,8172,8164,8134,8192,8223,8182,8199,8118,0.4180524349212646,hello,True
106,8188,8184,8223,8246,8231,8193,8185,8161,8150,8206,8230,8196,8207,8122,0.4180524349212646,hello,True
107,8186,8176,8209,8248,8230,8192,8195,8176,8171,8216,8227,8186,8209,8130,0.4333977699279785,hello,True
108,8185,8171,8204,8223,8224,8187,8190,8202,8159,8195,8200,8180,8195,8132,0.4333977699279785,hello,True
109,8186,8159,8183,8210,8210,8162,8183,8174,8158,8187,8199,8179,8206,8115,0.4489116668701172,hello,True
110,8185,8146,8182,8169,8184,8133,8151,8175,8139,8161,8186,8183,8200,8116,0.4489116668701172,hello,True
111,8183,8151,8179,8167,8188,8149,8155,8187,8149,8160,8195,8182,8213,8111,0.4641523361206054,hello,True
112,8184,8153,8165,8171,8202,8155,8166,8181,8158,8170,8212,8183,8229,8110,0.4641523361206054,hello,True
113,8193,8168,8189,8162,8197,8153,8153,8181,8141,8165,8216,8208,8225,8117,0.4802718162536621,hello,True
114,8200,8176,8189,8190,8202,8162,8155,8159,8140,8165,8229,8214,8226,8100,0.4802718162536621,hello,True
115,8202,8178,8196,8190,8207,8158,8148,8166,8124,8140,8223,8212,8205,8103,0.4961864948272705,hello,True
116,8196,8195,8202,8199,8210,8160,8156,8169,8134,8154,8229,8202,8204,8100,0.4961864948272705,hello,True
117,8187,8188,8188,8208,8213,8165,8157,8158,8142,8165,8210,8177,8194,8085,0.5118036270141602,hello,True
118,8191,8184,8211,8206,8211,8184,8153,8174,8129,8151,8189,8181,8178,8094,0.5118036270141602,hello,True
119,8183,8187,8205,8223,8211,8201,8162,8157,8140,8169,8213,8179,8200,8092,0.5278842449188232,hello,True
120,8162,8170,8187,8195,8196,8190,8151,8154,8130,8160,8194,8162,8186,8096,0.5278842449188232,hello,True
121,8155,8160,8187,8188,8193,8196,8174,8159,8137,8168,8172,8151,8177,8093,0.5430030822753906,hello,True
122,8149,8151,8175,8194,8197,8197,8191,8147,8149,8175,8164,8131,8175,8083,0.5430030822753906,hello,True
123,8141,8153,8177,8166,8180,8193,8170,8169,8138,8144,8144,8130,8152,8089,0.5585160255432129,hello,True
124,8154,8148,8163,8169,8177,8199,8186,8182,8175,8164,8159,8143,8181,8095,0.5585160255432129,hello,True
125,8162,8137,8159,8160,8176,8191,8194,8192,8195,8183,8160,8161,8193,8108,0.5745418071746826,hello,True
126,8143,8153,8162,8150,8162,8182,8179,8187,8191,8175,8153,8159,8182,8091,0.5745418071746826,hello,True
127,8143,8154,8147,8145,8150,8164,8162,8169,8186,8159,8150,8140,8183,8067,0.5901002883911133,hello,True
237,8159,8152,8169,8127,8153,8153,8148,8185,8171,8141,8146,8155,8186,8076,0.5901002883911133,hello,True
0,8163,8170,8177,8148,8170,8164,8154,8170,8184,8161,8175,8170,8213,8074,0.6060101985931396,hello,True
1,8165,8175,8180,8147,8159,8155,8135,8155,8161,8142,8177,8169,8209,8071,0.6060101985931396,hello,True
2,8167,8186,8201,8157,8152,8154,8135,8155,8143,8127,8181,8177,8197,8071,0.6212549209594727,hello,True
3,8162,8194,8196,8183,8164,8161,8148,8145,8157,8148,8190,8167,8195,8068,0.6212549209594727,hello,True
4,8160,8197,8206,8171,8153,8164,8143,8162,8144,8147,8161,8158,8176,8075,0.637260913848877,hello,True
5,8156,8199,8205,8189,8152,8182,8170,8150,8158,8162,8169,8158,8188,8069,0.637260913848877,hello,True
6,8142,8183,8194,8183,8153,8183,8175,8150,8158,8157,8166,8159,8177,8075,0.6531975269317627,hello,True
7,8133,8173,8196,8166,8144,8193,8178,8173,8158,8167,8143,8160,8161,8081,0.6531975269317627,hello,True
8,8130,8157,8167,8165,8133,8199,8188,8159,8178,8201,8136,8144,8172,8066,0.668778657913208,hello,True
9,8127,8146,8163,8138,8108,8176,8157,8166,8164,8175,8128,8145,8164,8073,0.668778657913208,hello,True
10,8143,8151,8166,8144,8091,8160,8144,8170,8176,8172,8155,8161,8187,8080,0.6846740245819092,sil,False
11,8164,8153,8168,8136,8084,8145,8140,8164,8181,8171,8167,8179,8206,8090,0.6846740245819092,sil,False
12,8168,8170,8192,8132,8088,8152,8138,8164,8167,8145,8172,8196,8206,8086,0.7002913951873779,sil,False
13,8165,8170,8179,8143,8094,8158,8137,8149,8166,8144,8194,8188,8210,8060,0.7002913951873779,sil,False
14,8167,8165,8186,8110,8082,8150,8128,8164,8150,8145,8178,8184,8191,8068,0.7160985469818115,sil,False
15,8155,8177,8204,8142,8096,8170,8157,8161,8163,8170,8168,8175,8186,8073,0.7160985469818115,sil,False
16,8135,8162,8196,8185,8117,8184,8173,8159,8170,8172,8150,8151,8165,8068,0.7322165966033936,sil,False
17,8133,8151,8191,8176,8116,8182,8167,8190,8185,8175,8141,8158,8163,8075,0.7322165966033936,sil,False
18,8137,8149,8171,8172,8114,8166,8169,8187,8219,8204,8169,8170,8203,8070,0.7482905387878418,sil,False
19,8138,8149,8186,8161,8115,8149,8158,8196,8199,8191,8170,8193,8206,8080,0.7482905387878418,sil,False
20,8150,8157,8196,8166,8137,8154,8167,8193,8203,8195,8181,8207,8221,8080,0.7642471790313721,sil,False
21,8166,8161,8191,8159,8148,8144,8152,8173,8207,8188,8188,8203,8224,8070,0.7642471790313721,sil,False
22,8163,8178,8217,8160,8145,8148,8135,8168,8176,8148,8167,8205,8194,8066,0.7803430557250977,sil,False
23,8160,8188,8219,8188,8167,8168,8158,8146,8173,8154,8163,8189,8188,8056,0.7803430557250977,sil,False
24,8159,8184,8227,8185,8186,8168,8152,8148,8148,8146,8142,8179,8168,8064,0.7963047027587891,sil,False
25,8144,8175,8231,8197,8184,8177,8145,8148,8140,8143,8135,8175,8161,8068,0.7963047027587891,sil,False
26,8136,8158,8214,8197,8177,8180,8147,8148,8151,8147,8129,8161,8168,8073,0.8123242855072021,sil,False
27,8141,8161,8224,8188,8187,8189,8154,8177,8160,8158,8125,8170,8172,8087,0.8123242855072021,sil,False
28,8134,8156,8208,8207,8202,8204,8181,8174,8192,8203,8144,8168,8193,8078,0.8278441429138184,sil,False
29,8130,8140,8193,8178,8192,8197,8178,8186,8192,8204,8127,8162,8186,8089,0.8278441429138184,sil,False
30,8145,8152,8198,8168,8202,8189,8185,8202,8202,8198,8129,8175,8195,8095,0.8438622951507568,sil,False
31,8148,8146,8187,8172,8208,8173,8194,8195,8216,8197,8144,8178,8210,8082,0.8438622951507568,sil,False
32,8140,8139,8193,8141,8190,8171,8188,8212,8212,8177,8141,8184,8205,8078,0.8599121570587158,sil,False
33,8147,8160,8195,8159,8204,8179,8203,8203,8227,8189,8160,8192,8223,8068,0.8599121570587158,sil,False
34,8169,8181,8220,8190,8227,8168,8197,8190,8201,8174,8165,8206,8209,8077,0.8758635520935059,sil,False
35,8185,8194,8240,8205,8232,8172,8183,8175,8178,8152,8182,8218,8201,8079,0.8758635520935059,sil,False
36,8173,8187,8217,8201,8226,8169,8161,8147,8177,8147,8190,8207,8205,8067,0.891343355178833,sil,False
37,8157,8191,8232,8208,8221,8171,8155,8162,8173,8149,8173,8204,8190,8076,0.891343355178833,sil,False
38,8161,8198,8240,8259,8245,8203,8191,8163,8202,8201,8191,8196,8212,8085,0.9070150852203368,sil,False
39,8162,8181,8226,8241,8241,8205,8190,8163,8192,8209,8172,8186,8206,8102,0.9070150852203368,sil,False
40,8135,8164,8213,8204,8177,8191,8187,8167,8172,8189,8141,8181,8186,8099,0.9226601123809814,sil,False
41,8131,8142,8182,8203,8154,8184,8200,8158,8177,8190,8141,8165,8185,8082,0.9226601123809814,sil,False
42,8158,8141,8187,8181,8191,8187,8198,8183,8172,8175,8128,8172,8178,8095,0.9382777214050292,sil,False
43,8167,8152,8184,8174,8202,8190,8202,8185,8194,8185,8133,8172,8193,8094,0.9382777214050292,sil,False
44,8163,8146,8178,8166,8172,8168,8176,8181,8185,8173,8136,8172,8189,8093,0.9538390636444092,sil,False
45,8168,8149,8189,8165,8171,8160,8161,8188,8166,8156,8132,8185,8183,8093,0.9538390636444092,sil,False
46,8166,8140,8161,8159,8187,8161,8168,8174,8179,8154,8124,8162,8183,8069,0.9689233303070068,sil,False
47,8153,8132,8159,8135,8176,8160,8163,8191,8183,8152,8124,8159,8176,8067,0.9689233303070068,sil,False
48,8164,8155,8178,8172,8179,8171,8175,8192,8207,8196,8180,8187,8218,8081,0.9845314025878906,sil,False
49,8186,8159,8185,8171,8175,8160,8157,8182,8197,8193,8198,8201,8233,8100,0.9845314025878906,sil,False
50,8182,8153,8189,8127,8163,8154,8139,8182,8175,8165,8195,8213,8226,8099,1.0000851154327393,sil,False
51,8165,8156,8173,8136,8170,8161,8153,8164,8181,8174,8217,8213,8244,8086,1.0000851154327393,sil,False
52,8166,8167,8193,8138,8168,8158,8142,8172,8154,8151,8198,8209,8227,8098,1.015479564666748,sil,False
53,8167,8176,8191,8158,8171,8168,8145,8159,8159,8157,8202,8192,8226,8083,1.015479564666748,sil,False
54,8164,8166,8173,8155,8163,8155,8142,8147,8163,8161,8200,8182,8216,8072,1.030907154083252,sil,False
55,8173,8184,8229,8138,8157,8150,8141,8172,8128,8127,8168,8204,8180,8087,1.030907154083252,sil,False
56,8171,8191,8213,8180,8177,8169,8177,8150,8143,8144,8174,8180,8184,8060,1.0470025539398191,sil,False
57,8155,8167,8176,8170,8164,8161,8174,8146,8146,8150,8156,8148,8167,8046,1.0470025539398191,sil,False
58,8146,8168,8201,8154,8145,8159,8165,8160,8137,8145,8141,8154,8161,8049,1.0630273818969729,sil,False
59,8141,8162,8197,8167,8152,8167,8169,8148,8131,8140,8141,8145,8153,8037,1.0630273818969729,sil,False
60,8131,8154,8194,8163,8150,8186,8178,8161,8130,8128,8128,8140,8131,8041,1.0790414810180664,sil,False
61,8125,8146,8180,8166,8143,8201,8212,8172,8174,8166,8135,8142,8200,8051,1.0790414810180664,sil,False
62,8133,8131,8181,8145,8129,8190,8210,8188,8177,8171,8126,8149,8274,8072,1.0950641632080078,sil,False
63,8136,8125,8187,8143,8120,8190,8204,8181,8172,8160,8128,8149,8283,8072,1.0950641632080078,sil,False
64,8131,8115,8166,8135,8113,8181,8197,8174,8177,8163,8130,8144,8258,8066,1.1105890274047852,sil,False
65,8151,8132,8187,8127,8108,8175,8181,8204,8179,8168,8137,8179,8268,8082,1.1105890274047852,sil,False
66,8180,8160,8200,8170,8124,8181,8184,8193,8199,8193,8183,8203,8313,8086,1.1259727478027344,sil,False
67,8184,8172,8212,8168,8130,8169,8164,8188,8173,8163,8190,8209,8288,8088,1.1259727478027344,sil,False
68,8165,8180,8209,8164,8129,8165,8159,8184,8168,8153,8184,8199,8268,8065,1.1419928073883057,sil,False
69,8145,8172,8193,8173,8129,8168,8166,8165,8176,8172,8169,8172,8266,8050,1.1419928073883057,sil,False
70,8140,8172,8218,8169,8113,8186,8169,8175,8164,8175,8149,8174,8250,8080,1.1580595970153809,sil,False
71,8149,8168,8201,8184,8104,8192,8183,8169,8191,8197,8164,8179,8269,8091,1.1580595970153809,sil,False
72,8159,8151,8191,8155,8095,8164,8161,8184,8185,8172,8147,8191,8268,8100,1.1731467247009275,sil,False
73,8164,8158,8207,8157,8098,8160,8155,8190,8186,8163,8169,8211,8284,8101,1.1731467247009275,sil,False
74,8170,8165,8199,8178,8102,8157,8148,8158,8184,8175,8215,8212,8299,8089,1.1891770362854004,sil,False
75,8166,8168,8216,8162,8097,8164,8136,8156,8139,8150,8184,8212,8258,8088,1.1891770362854004,sil,False
76,8153,8169,8206,8184,8119,8199,8173,8144,8150,8162,8160,8195,8244,8079,1.2053029537200928,sil,False
77,8156,8162,8198,8186,8136,8201,8181,8163,8170,8176,8156,8194,8240,8095,1.2053029537200928,sil,False
78,8159,8171,8207,8177,8138,8194,8180,8197,8189,8200,8168,8207,8256,8109,1.220998764038086,sil,False
79,8146,8157,8171,8157,8139,8173,8176,8178,8203,8214,8180,8191,8278,8097,1.220998764038086,sil,False
80,8143,8154,8172,8125,8145,8151,8139,8167,8165,8170,8176,8198,8267,8087,1.236111402511597,sil,False
81,8160,8186,8190,8165,8167,8164,8149,8148,8160,8169,8201,8212,8276,8069,1.236111402511597,sil,False
82,8173,8194,8206,8172,8176,8165,8161,8154,8163,8173,8202,8220,8271,8083,1.2519433498382568,sil,False
83,8170,8193,8220,8152,8179,8163,8149,8165,8159,8165,8207,8234,8277,8099,1.2519433498382568,sil,False
84,8166,8194,8200,8165,8188,8159,8143,8138,8158,8167,8218,8219,8282,8085,1.2671456336975098,sil,False
85,8171,8204,8220,8163,8194,8157,8144,8147,8141,8160,8196,8210,8252,8092,1.2671456336975098,sil,False
86,8170,8210,8230,8188,8213,8181,8168,8148,8159,8183,8201,8200,8251,8090,1.2828145027160645,sil,False
87,8161,8187,8216,8186,8212,8196,8174,8152,8161,8172,8179,8185,8222,8084,1.2828145027160645,sil,False
88,8154,8176,8214,8168,8206,8214,8189,8179,8173,8166,8155,8186,8199,8084,1.2988593578338623,sil,False
89,8145,8171,8190,8172,8215,8214,8201,8169,8203,8197,8166,8176,8224,8077,1.2988593578338623,sil,False
90,8132,8165,8195,8153,8205,8196,8177,8173,8176,8184,8153,8180,8222,8090,1.3140006065368652,sil,False
91,8126,8157,8183,8158,8205,8202,8183,8175,8183,8196,8154,8183,8228,8090,1.3140006065368652,sil,False
92,8127,8140,8162,8145,8208,8186,8171,8175,8199,8206,8152,8184,8228,8096,1.330094337463379,sil,False
93,8138,8153,8185,8128,8197,8166,8148,8186,8189,8187,8155,8202,8230,8103,1.330094337463379,sil,False
94,8155,8166,8181,8144,8196,8157,8144,8172,8195,8188,8185,8210,8258,8089,1.3450994491577148,sil,False
95,8164,8171,8191,8130,8198,8148,8128,8183,8179,8176,8187,8224,8251,8108,1.3450994491577148,sil,False
96,8173,8188,8204,8149,8212,8163,8144,8180,8185,8189,8207,8238,8261,8119,1.361302614212036,sil,False
97,8188,8193,8206,8162,8219,8170,8148,8165,8183,8181,8221,8240,8269,8111,1.361302614212036,sil,False
98,8196,8213,8237,8162,8223,8182,8144,8171,8163,8154,8210,8248,8240,8106,1.3768234252929688,sil,False
99,8189,8220,8233,8188,8235,8194,8162,8153,8171,8173,8211,8230,8204,8082,1.3768234252929688,sil,False
100,8176,8196,8233,8171,8220,8184,8144,8163,8155,8155,8189,8219,8155,8082,1.3919320106506348,sil,False
101,8174,8194,8237,8176,8206,8183,8146,8172,8168,8158,8203,8224,8174,8094,1.3919320106506348,sil,False
102,8185,8203,8233,8194,8220,8185,8165,8165,8183,8192,8218,8220,8204,8111,1.40710186958313,sil,False
103,8192,8216,8255,8198,8236,8203,8183,8190,8177,8208,8203,8231,8194,8131,1.40710186958313,sil,False
104,8185,8207,8233,8209,8234,8221,8210,8189,8213,8234,8211,8228,8204,8130,1.422230243682861,sil,False
105,8182,8187,8221,8176,8217,8215,8204,8200,8214,8223,8196,8226,8193,8139,1.422230243682861,sil,False
106,8187,8197,8228,8190,8219,8222,8209,8200,8212,8226,8188,8225,8190,8130,1.4383060932159424,sil,False
107,8184,8198,8209,8213,8219,8212,8206,8182,8212,8230,8189,8211,8191,8116,1.4383060932159424,sil,False
108,8179,8194,8208,8194,8211,8205,8194,8200,8201,8212,8188,8226,8178,8125,1.453441858291626,sil,False
109,8185,8194,8199,8219,8223,8212,8211,8194,8228,8228,8216,8237,8201,8122,1.453441858291626,sil,False
110,8201,8200,8215,8220,8217,8194,8195,8198,8222,8219,8213,8249,8207,8135,1.4693403244018557,sil,False
111,8206,8218,8228,8208,8207,8185,8178,8196,8216,8221,8226,8264,8216,8138,1.4693403244018557,sil,False
112,8198,8210,8202,8209,8212,8179,8183,8179,8218,8222,8246,8254,8225,8132,1.4848682880401611,sil,False
113,8194,8208,8217,8204,8210,8183,8187,8202,8206,8193,8233,8256,8214,8144,1.4848682880401611,sil,False
114,8199,8218,8216,8231,8209,8200,8193,8188,8228,8214,8247,8252,8227,8132,1.5002951622009275,sil,False
115,8195,8209,8201,8218,8193,8183,8168,8163,8206,8215,8233,8233,8203,8120,1.5002951622009275,sil,False
116,8168,8202,8198,8202,8180,8175,8165,8158,8182,8201,8204,8206,8176,8105,1.5161609649658203,sil,False
117,8152,8195,8183,8213,8187,8185,8185,8153,8191,8198,8196,8183,8168,8093,1.5161609649658203,sil,False
118,8172,8201,8209,8211,8192,8203,8190,8178,8187,8193,8187,8202,8158,8120,1.5312788486480713,sil,False
119,8183,8206,8215,8236,8201,8217,8217,8183,8213,8231,8204,8207,8186,8125,1.547266721725464,sil,False
120,8165,8187,8205,8221,8191,8199,8219,8182,8209,8214,8185,8193,8170,8113,1.547266721725464,sil,False
121,8151,8175,8199,8194,8172,8196,8211,8183,8196,8187,8166,8196,8151,8105,1.547266721725464,sil,False
122,8160,8160,8169,8184,8172,8204,8218,8172,8217,8219,8176,8192,8178,8105,1.5622782707214355,sil,False
123,8176,8158,8187,8163,8166,8196,8215,8205,8225,8226,8179,8208,8189,8127,1.5622782707214355,sil,False
124,8186,8174,8201,8194,8161,8189,8219,8206,8246,8233,8214,8227,8224,8132,1.5779249668121338,sil,False
125,8200,8176,8201,8198,8153,8173,8189,8194,8237,8224,8227,8244,8242,8146,1.5779249668121338,sil,False
126,8221,8189,8225,8200,8155,8178,8182,8209,8230,8217,8228,8271,8248,8163,1.593087911605835,sil,False
127,8234,8199,8222,8228,8164,8180,8205,8195,8245,8224,8242,8267,8260,8152,1.6082947254180908,sil,False
237,8227,8198,8229,8194,8144,8165,8187,8191,8213,8196,8225,8262,8231,8150,1.6082947254180908,sil,False
0,8218,8200,8229,8185,8137,8171,8184,8172,8209,8202,8234,8254,8225,8135,1.6243839263916016,sil,False
1,8222,8200,8221,8197,8141,8174,8182,8160,8202,8196,8230,8240,8213,8122,1.6243839263916016,sil,False
2,8226,8216,8235,8200,8130,8184,8180,8168,8178,8174,8209,8242,8189,8123,1.6403944492340088,sil,False
3,8223,8214,8227,8209,8121,8194,8197,8154,8192,8188,8212,8234,8185,8118,1.6403944492340088,sil,False
4,8210,8195,8234,8189,8117,8196,8197,8179,8193,8185,8191,8224,8172,8129,1.655566692352295,sil,False
5,8195,8196,8228,8204,8128,8213,8215,8187,8210,8212,8196,8211,8190,8126,1.655566692352295,sil,False
6,8187,8188,8208,8212,8131,8205,8213,8170,8217,8223,8194,8205,8192,8125,1.6710281372070312,sil,False
7,8185,8178,8220,8188,8126,8202,8209,8186,8212,8209,8167,8209,8180,8138,1.6710281372070312,sil,False
8,8175,8159,8195,8185,8132,8207,8239,8188,8232,8224,8166,8187,8200,8132,1.6861977577209473,sil,False
9,8164,8142,8184,8162,8126,8196,8230,8200,8216,8201,8146,8181,8185,8131,1.6861977577209473,sil,False
10,8171,8148,8192,8166,8136,8202,8217,8196,8221,8202,8157,8198,8189,8122,1.7019028663635254,sil,False
11,8186,8152,8191,8176,8157,8203,8208,8184,8228,8220,8185,8209,8210,8124,1.7019028663635254,sil,False
12,8200,8168,8214,8176,8164,8199,8202,8203,8219,8205,8188,8229,8215,8147,1.71706223487854,sil,False
13,8217,8179,8207,8195,8177,8191,8200,8181,8232,8200,8205,8239,8228,8136,1.71706223487854,sil,False
14,8226,8182,8228,8181,8190,8174,8166,8165,8201,8178,8211,8250,8216,8130,1.7324986457824707,sil,False
15,8218,8208,8267,8217,8208,8192,8178,8163,8194,8192,8229,8249,8226,8125,1.7324986457824707,sil,False
16,8213,8211,8262,8248,8215,8200,8206,8158,8205,8204,8224,8233,8232,8132,1.748239040374756,sil,False
17,8221,8208,8268,8220,8210,8199,8199,8176,8188,8188,8214,8250,8220,8154,1.748239040374756,sil,False
18,8226,8219,8263,8242,8228,8210,8205,8167,8200,8211,8255,8266,8250,8150,1.7631759643554688,sil,False
19,8224,8219,8277,8252,8237,8208,8199,8176,8196,8198,8250,8271,8252,8167,1.7631759643554688,sil,False
20,8221,8211,8279,8245,8238,8225,8213,8189,8211,8202,8238,8265,8256,8177,1.7786121368408203,sil,False
21,8214,8180,8232,8222,8236,8227,8224,8180,8232,8238,8237,8234,8261,8154,1.7786121368408203,sil,False
22,8210,8167,8227,8187,8224,8211,8208,8194,8217,8230,8215,8228,8238,8152,1.7944211959838867,sil,False
23,8211,8177,8228,8215,8238,8219,8222,8178,8231,8233,8228,8232,8245,8153,1.7944211959838867,sil,False
24,8206,8171,8222,8206,8243,8224,8228,8184,8229,8227,8219,8232,8236,8164,1.8101773262023928,sil,False
25,8198,8163,8212,8175,8227,8217,8224,8204,8234,8229,8212,8236,8243,8162,1.8101773262023928,sil,False
26,8195,8154,8183,8164,8222,8187,8205,8188,8235,8216,8223,8229,8261,8141,1.8261334896087649,sil,False
27,8197,8164,8206,8153,8224,8171,8183,8191,8200,8171,8209,8238,8238,8136,1.8261334896087649,sil,False
28,8198,8168,8218,8179,8234,8186,8203,8185,8224,8191,8223,8244,8255,8133,1.8412506580352783,sil,False
29,8204,8152,8211,8165,8231,8181,8200,8191,8245,8211,8232,8249,8268,8150,1.8412506580352783,sil,False
30,8203,8162,8215,8152,8227,8187,8200,8203,8244,8215,8238,8262,8264,8159,1.85654091835022,sil,False
31,8191,8171,8206,8172,8232,8194,8205,8176,8247,8216,8234,8254,8260,8144,1.85654091835022,sil,False
32,8206,8194,8241,8177,8231,8191,8186,8181,8232,8192,8221,8263,8244,8154,1.872246265411377,sil,False
33,8222,8214,8252,8206,8241,8203,8204,8179,8247,8214,8260,8270,8253,8152,1.872246265411377,sil,False
34,8204,8191,8238,8204,8237,8198,8202,8173,8224,8216,8250,8257,8226,8141,1.8873443603515625,sil,False
35,8185,8188,8249,8202,8229,8196,8184,8166,8192,8188,8199,8240,8194,8124,1.8873443603515625,sil,False
36,8189,8192,8230,8213,8226,8199,8179,8134,8197,8180,8185,8221,8190,8099,1.903290033340454,sil,False
37,8191,8180,8235,8193,8215,8203,8179,8156,8184,8173,8183,8254,8177,8122,1.903290033340454,sil,False
38,8184,8176,8239,8214,8224,8219,8206,8170,8214,8215,8207,8293,8202,8138,1.9188227653503416,hello,True
39,8183,8163,8219,8203,8216,8209,8203,8165,8238,8229,8208,8294,8212,8133,1.9188227653503416,hello,True
40,8179,8158,8216,8169,8196,8214,8202,8183,8237,8212,8207,8286,8209,8136,1.93394136428833,hello,True
41,8176,8156,8206,8180,8206,8227,8223,8184,8256,8228,8230,8274,8232,8140,1.93394136428833,hello,True
42,8182,8153,8223,8163,8197,8208,8199,8202,8242,8211,8220,8281,8223,8154,1.9493601322174072,hello,True
43,8186,8154,8214,8158,8175,8192,8185,8186,8236,8209,8226,8273,8225,8138,1.9493601322174072,hello,True
44,8186,8146,8194,8159,8171,8181,8173,8159,8226,8198,8221,8256,8220,8124,1.9650468826293943,hello,True
45,8193,8158,8228,8161,8178,8179,8162,8181,8213,8174,8219,8276,8214,8136,1.9650468826293943,hello,True
46,8206,8173,8228,8187,8179,8172,8173,8181,8223,8192,8266,8287,8251,8137,1.9811244010925293,hello,True
47,8207,8171,8224,8166,8160,8157,8157,8176,8193,8175,8258,8286,8242,8141,1.9811244010925293,hello,True
48,8204,8177,8229,8165,8157,8166,8159,8160,8188,8163,8237,8276,8224,8126,1.9961285591125488,hello,True
49,8211,8182,8230,8186,8169,8167,8167,8154,8189,8160,8237,8263,8217,8119,1.9961285591125488,hello,True
50,8206,8197,8249,8199,8170,8178,8171,8170,8170,8151,8233,8268,8206,8127,2.016598463058472,hello,True
51,8189,8199,8231,8221,8172,8191,8188,8148,8183,8160,8241,8252,8211,8112,2.016598463058472,hello,True
52,8186,8185,8226,8200,8165,8185,8186,8159,8176,8144,8216,8233,8188,8115,2.027134418487549,hello,True
53,8187,8176,8231,8207,8169,8206,8210,8175,8187,8166,8202,8225,8190,8115,2.027134418487549,hello,True
54,8172,8151,8203,8211,8166,8206,8217,8161,8193,8191,8195,8215,8192,8116,2.0432169437408447,hello,True
55,8159,8146,8203,8186,8142,8192,8190,8176,8176,8167,8179,8218,8163,8127,2.0432169437408447,hello,True
56,8164,8156,8190,8203,8133,8191,8190,8176,8203,8180,8200,8214,8182,8112,2.0584402084350586,hello,True
57,8188,8160,8194,8191,8127,8171,8175,8186,8206,8185,8214,8236,8201,8133,2.073673248291016,hello,True
58,8207,8177,8213,8191,8128,8167,8168,8190,8203,8183,8234,8269,8223,8157,2.073673248291016,hello,True
59,8203,8177,8204,8207,8127,8163,8161,8165,8199,8174,8240,8256,8225,8141,2.089296102523804,hello,True
60,8211,8190,8231,8207,8116,8159,8138,8170,8173,8144,8237,8261,8207,8140,2.089296102523804,hello,True
61,8238,8224,8249,8249,8129,8175,8153,8164,8183,8165,8276,8277,8239,8150,2.1041934490203857,hello,True
62,8243,8229,8258,8261,8131,8188,8161,8172,8176,8183,8271,8275,8241,8170,2.1041934490203857,hello,True
63,8216,8208,8248,8254,8114,8202,8175,8180,8184,8207,8258,8262,8229,8170,2.1205291748046875,hello,True
64,8192,8167,8197,8233,8093,8196,8184,8162,8203,8223,8261,8236,8227,8152,2.1205291748046875,hello,True
65,8185,8156,8199,8189,8078,8171,8157,8172,8175,8183,8239,8232,8210,8152,2.135608196258545,hello,True
66,8189,8175,8206,8207,8091,8153,8153,8162,8180,8181,8255,8241,8232,8145,2.135608196258545,hello,True
67,8205,8183,8208,8207,8100,8140,8139,8159,8179,8176,8266,8261,8240,8154,2.150942802429199,hello,True
68,8221,8211,8232,8209,8114,8152,8131,8168,8166,8170,8271,8277,8237,8157,2.150942802429199,hello,True
69,8223,8228,8236,8240,8143,8158,8138,8151,8166,8183,8279,8261,8228,8144,2.166999340057373,hello,True
70,8203,8217,8245,8231,8149,8159,8135,8156,8146,8165,8249,8242,8190,8144,2.166999340057373,hello,True
71,8185,8195,8218,8232,8156,8185,8162,8155,8165,8180,8238,8219,8196,8139,2.182528495788574,hello,True
72,8188,8176,8196,8203,8156,8181,8155,8176,8177,8194,8237,8226,8217,8152,2.182528495788574,hello,True
73,8199,8184,8215,8176,8145,8149,8119,8183,8168,8179,8245,8250,8228,8151,2.198282241821289,hello,True
74,8199,8182,8204,8187,8153,8126,8100,8141,8157,8152,8251,8229,8223,8118,2.198282241821289,hello,True
75,8195,8179,8208,8170,8166,8135,8095,8156,8129,8125,8234,8232,8199,8124,2.2138419151306152,hello,True
76,8192,8185,8208,8176,8177,8162,8122,8164,8145,8156,8251,8241,8215,8125,2.2138419151306152,hello,True
77,8186,8180,8204,8184,8180,8157,8126,8146,8136,8153,8230,8215,8196,8117,2.2292070388793945,hello,True
78,8176,8180,8215,8185,8194,8176,8145,8170,8135,8147,8199,8207,8175,8135,2.2292070388793945,hello,True
79,8162,8167,8184,8183,8208,8201,8180,8180,8190,8195,8211,8203,8206,8146,2.2447352409362797,hello,True
80,8172,8160,8178,8147,8197,8188,8161,8189,8196,8191,8196,8205,8204,8151,2.2447352409362797,hello,True
81,8195,8181,8188,8162,8200,8179,8150,8184,8198,8184,8212,8218,8219,8138,2.2599246501922607,hello,True
82,8192,8186,8180,8163,8209,8169,8142,8173,8186,8172,8238,8224,8230,8131,2.2599246501922607,hello,True
83,8168,8195,8191,8145,8214,8183,8140,8173,8165,8161,8233,8228,8209,8127,2.2751989364624023,hello,True
84,8160,8201,8184,8179,8231,8209,8165,8156,8171,8184,8225,8203,8199,8106,2.2751989364624023,hello,True
85,8157,8181,8182,8163,8224,8206,8163,8169,8148,8170,8189,8187,8171,8110,2.290975332260132,hello,True
86,8149,8170,8167,8153,8212,8204,8162,8173,8159,8174,8194,8194,8185,8115,2.290975332260132,hello,True
87,8157,8165,8150,8152,8212,8181,8151,8171,8183,8177,8217,8208,8212,8118,2.306394338607788,hello,True
88,8166,8166,8177,8111,8206,8169,8142,8185,8174,8153,8211,8219,8199,8119,2.306394338607788,hello,True
89,8161,8178,8168,8122,8213,8186,8155,8150,8164,8149,8202,8193,8184,8090,2.3222687244415283,hello,True
90,8159,8191,8178,8165,8220,8193,8151,8148,8136,8124,8169,8176,8146,8094,2.3222687244415283,hello,True
91,8160,8189,8192,8199,8223,8203,8176,8166,8161,8143,8162,8175,8142,8104,2.33793306350708,hello,True
92,8153,8159,8161,8171,8215,8192,8180,8159,8188,8169,8154,8168,8148,8099,2.33793306350708,hello,True
93,8152,8164,8165,8144,8206,8180,8153,8176,8171,8150,8138,8182,8139,8102,2.353515863418579,hello,True
94,8156,8175,8158,8171,8212,8183,8169,8172,8193,8166,8164,8186,8163,8094,2.353515863418579,hello,True
95,8162,8163,8159,8143,8202,8172,8162,8176,8188,8163,8165,8197,8165,8107,2.3691413402557373,hello,True
96,8178,8184,8180,8147,8205,8179,8145,8175,8181,8152,8178,8211,8174,8104,2.3691413402557373,hello,True
97,8190,8208,8180,8182,8218,8184,8147,8153,8183,8151,8196,8204,8179,8083,2.3849751949310303,hello,True
98,8187,8225,8201,8177,8209,8186,8150,8167,8153,8141,8181,8209,8162,8097,2.3849751949310303,hello,True
99,8186,8239,8203,8200,8217,8199,8166,8158,8154,8154,8196,8209,8177,8099,2.400074005126953,sil,False
100,8197,8240,8213,8212,8229,8207,8164,8156,8149,8140,8192,8202,8165,8100,2.400074005126953,sil,False
101,8189,8242,8223,8226,8230,8230,8189,8168,8158,8159,8176,8191,8157,8111,2.4154982566833496,sil,False
102,8167,8205,8186,8218,8216,8228,8213,8166,8173,8189,8158,8157,8152,8111,2.4154982566833496,sil,False
103,8154,8169,8175,8166,8191,8216,8192,8185,8163,8165,8129,8149,8119,8103,2.430966854095459,sil,False
104,8155,8170,8166,8169,8192,8217,8195,8187,8196,8185,8147,8160,8135,8092,2.430966854095459,sil,False
105,8176,8182,8173,8174,8193,8199,8192,8203,8203,8190,8159,8177,8162,8115,2.4460134506225586,sil,False
106,8195,8200,8196,8178,8190,8194,8183,8215,8200,8177,8176,8200,8201,8131,2.4460134506225586,sil,False
107,8201,8195,8184,8184,8194,8189,8176,8186,8206,8185,8201,8209,8236,8124,2.4621400833129883,sil,False
108,8204,8200,8204,8170,8193,8180,8159,8184,8174,8162,8195,8222,8219,8131,2.4621400833129883,sil,False
109,8201,8221,8212,8200,8196,8195,8172,8165,8169,8155,8209,8208,8222,8112,2.4778478145599365,sil,False
110,8192,8213,8202,8201,8183,8185,8164,8151,8150,8136,8192,8187,8210,8097,2.4778478145599365,sil,False
111,8183,8207,8212,8196,8172,8180,8162,8162,8139,8135,8168,8194,8189,8104,2.4929451942443848,sil,False
112,8172,8194,8194,8205,8182,8196,8180,8149,8155,8165,8166,8179,8185,8098,2.4929451942443848,sil,False
113,8160,8182,8188,8177,8172,8202,8175,8162,8140,8145,8131,8164,8152,8100,2.508143663406372,sil,False
114,8160,8187,8178,8193,8162,8209,8186,8164,8161,8153,8132,8158,8153,8088,2.508143663406372,sil,False
115,8163,8176,8174,8189,8152,8199,8175,8163,8176,8170,8145,8159,8160,8088,2.5235531330108643,sil,False
116,8158,8166,8182,8156,8135,8192,8162,8176,8167,8171,8138,8168,8157,8095,2.5391159057617188,sil,False
117,8153,8154,8152,8164,8131,8186,8176,8162,8189,8188,8145,8161,8175,8086,2.5391159057617188,sil,False
118,8157,8152,8159,8149,8125,8179,8172,8188,8202,8184,8147,8175,8178,8101,2.5391159057617188,sil,False
119,8162,8165,8166,8150,8119,8185,8172,8197,8214,8194,8170,8188,8196,8096,2.5542221069335938,sil,False
120,8161,8165,8153,8151,8111,8167,8155,8176,8200,8183,8172,8187,8201,8087,2.5703988075256348,sil,False
121,8168,8179,8173,8146,8109,8168,8147,8179,8187,8174,8165,8204,8200,8096,2.5703988075256348,sil,False
122,8185,8192,8170,8164,8120,8183,8162,8164,8202,8193,8182,8204,8205,8095,2.586390972137451,sil,False
123,8195,8190,8184,8153,8109,8182,8147,8168,8179,8163,8167,8207,8169,8099,2.586390972137451,sil,False
124,8179,8195,8189,8170,8105,8193,8156,8163,8181,8152,8166,8200,8162,8077,2.602437734603882,sil,False
125,8160,8185,8163,8174,8110,8184,8161,8150,8177,8147,8160,8172,8149,8057,2.602437734603882,sil,False
126,8161,8181,8173,8164,8110,8184,8151,8164,8155,8129,8139,8168,8119,8065,2.6180920600891118,sil,False
127,8156,8174,8164,8191,8123,8200,8159,8151,8166,8153,8143,8154,8128,8059,2.6180920600891118,sil,False
237,8147,8165,8163,8179,8134,8196,8153,8161,8157,8153,8125,8145,8119,8070,2.6180920600891118,sil,False
0,8153,8173,8162,8181,8146,8206,8175,8168,8172,8164,8128,8146,8124,8082,2.634055852890014,sil,False
1,8161,8166,8145,8191,8153,8214,8192,8161,8191,8175,8133,8136,8131,8088,2.634055852890014,sil,False
2,8161,8169,8167,8183,8164,8217,8193,8194,8184,8168,8129,8150,8128,8102,2.649919271469116,sil,False
3,8159,8162,8153,8189,8183,8213,8197,8189,8201,8193,8147,8146,8149,8091,2.649919271469116,sil,False
4,8151,8137,8129,8150,8165,8177,8154,8172,8179,8169,8120,8129,8124,8086,2.665107727050781,sil,False
5,8152,8142,8139,8149,8162,8164,8142,8170,8170,8154,8120,8142,8126,8080,2.681116104125977,sil,False
6,8165,8144,8145,8167,8179,8164,8159,8168,8181,8167,8151,8157,8160,8073,2.681116104125977,sil,False
7,8167,8145,8158,8139,8169,8161,8144,8184,8159,8149,8143,8159,8152,8078,2.69626784324646,sil,False
8,8162,8153,8139,8145,8175,8163,8146,8167,8168,8152,8152,8151,8162,8069,2.69626784324646,sil,False
9,8168,8160,8151,8156,8200,8156,8136,8167,8161,8148,8172,8173,8171,8082,2.712376117706299,sil,False
10,8169,8180,8182,8176,8213,8173,8139,8168,8154,8155,8197,8188,8174,8087,2.712376117706299,sil,False
11,8147,8174,8160,8185,8213,8192,8163,8147,8162,8163,8181,8154,8164,8070,2.7133657932281494,sil,False
12,8135,8159,8158,8161,8206,8199,8170,8171,8156,8149,8128,8143,8132,8077,2.7278854846954346,sil,False
13,8145,8158,8148,8174,8214,8198,8175,8172,8178,8179,8140,8146,8137,8080,2.743959665298462,sil,False
14,8153,8152,8146,8164,8216,8182,8163,8174,8179,8185,8156,8153,8133,8090,2.743959665298462,sil,False
15,8146,8152,8161,8162,8214,8200,8175,8185,8184,8183,8156,8160,8137,8094,2.760121583938598,sil,False
16,8132,8135,8134,8169,8219,8202,8182,8168,8198,8195,8147,8137,8144,8075,2.760121583938598,sil,False
17,8127,8127,8130,8134,8208,8177,8150,8178,8173,8170,8125,8135,8121,8072,2.760121583938598,sil,False
18,8139,8140,8129,8143,8191,8177,8156,8179,8187,8170,8153,8150,8150,8070,2.7756638526916504,sil,False
19,8167,8139,8139,8151,8196,8175,8164,8188,8200,8174,8167,8170,8175,8094,2.7756638526916504,sil,False
20,8181,8145,8166,8156,8228,8181,8174,8200,8209,8189,8171,8190,8189,8120,2.7908146381378174,sil,False
21,8173,8142,8148,8165,8233,8177,8176,8178,8215,8193,8181,8184,8199,8109,2.8068220615386963,sil,False
22,8161,8138,8153,8136,8196,8163,8150,8180,8166,8132,8159,8187,8157,8095,2.8068220615386963,sil,False
23,8158,8156,8166,8154,8203,8175,8167,8162,8155,8129,8176,8183,8146,8068,2.822859525680542,sil,False
24,8165,8167,8178,8173,8226,8186,8177,8154,8154,8140,8180,8173,8143,8064,2.822859525680542,sil,False
25,8155,8169,8196,8174,8221,8205,8177,8176,8146,8140,8157,8179,8134,8074,2.822859525680542,sil,False
26,8137,8148,8167,8186,8211,8216,8188,8158,8161,8174,8161,8166,8150,8068,2.838043451309204,sil,False
27,8133,8135,8168,8162,8196,8204,8171,8154,8141,8166,8143,8156,8138,8076,2.853663921356201,sil,False
28,8132,8147,8165,8169,8200,8203,8172,8152,8141,8165,8139,8152,8140,8069,2.853663921356201,sil,False
29,8129,8138,8147,8166,8196,8195,8160,8145,8135,8157,8129,8144,8133,8063,2.86860728263855,sil,False
30,8131,8128,8160,8148,8180,8192,8143,8159,8127,8141,8115,8155,8124,8078,2.86860728263855,sil,False
31,8134,8120,8139,8156,8184,8186,8150,8155,8155,8159,8134,8161,8146,8075,2.884404420852661,sil,False
32,8129,8119,8133,8130,8175,8172,8138,8169,8142,8141,8121,8176,8131,8076,2.884404420852661,sil,False
33,8129,8131,8143,8136,8177,8188,8150,8171,8141,8141,8127,8194,8134,8076,2.9000003337860107,sil,False
34,8141,8120,8140,8141,8179,8179,8161,8162,8147,8156,8146,8209,8152,8086,2.9000003337860107,sil,False
35,8149,8117,8151,8120,8160,8161,8155,8175,8136,8152,8140,8232,8147,8093,2.9153411388397217,sil,False
36,8150,8118,8135,8133,8156,8162,8157,8163,8154,8164,8144,8227,8158,8074,2.9153411388397217,sil,False
37,8158,8119,8143,8126,8160,8156,8144,8181,8154,8150,8139,8236,8157,8087,2.930937528610229,sil,False
38,8165,8133,8152,8137,8164,8157,8153,8187,8161,8145,8156,8259,8169,8088,2.930937528610229,sil,False
39,8152,8119,8128,8132,8153,8143,8144,8163,8155,8138,8154,8251,8168,8068,2.946293830871582,sil,False
40,8140,8112,8134,8105,8133,8142,8120,8180,8142,8139,8140,8253,8157,8071,2.946293830871582,sil,False
41,8148,8126,8134,8130,8144,8150,8140,8171,8165,8171,8173,8260,8175,8065,2.962423801422119,sil,False
42,8158,8129,8148,8127,8144,8140,8135,8154,8132,8129,8166,8268,8146,8061,2.962423801422119,sil,False
43,8150,8136,8157,8128,8135,8152,8130,8139,8106,8102,8160,8267,8131,8052,2.978037118911743,sil,False
44,8137,8144,8141,8137,8139,8163,8137,8138,8118,8122,8170,8260,8142,8049,2.978037118911743,sil,False
45,8138,8163,8170,8130,8142,8163,8142,8169,8124,8121,8163,8270,8135,8063,2.99365234375,sil,False
46,8143,8173,8175,8155,8152,8177,8166,8160,8154,8140,8176,8265,8149,8055,2.99365234375,sil,False
47,8139,8162,8172,8152,8150,8175,8162,8165,8146,8133,8165,8264,8136,8064,3.0093140602111816,sil,False
48,8128,8162,8179,8162,8140,8171,8165,8171,8138,8137,8162,8267,8130,8071,3.0093140602111816,sil,False
49,8124,8142,8157,8160,8131,8166,8175,8146,8145,8156,8168,8250,8146,8068,3.024833917617798,sil,False
50,8130,8130,8168,8128,8123,8177,8172,8166,8137,8152,8149,8259,8138,8088,3.024833917617798,sil,False
51,8133,8145,8166,8170,8125,8193,8183,8162,8155,8162,8149,8257,8138,8077,3.04032301902771,sil,False
52,8125,8144,8157,8183,8108,8179,8166,8146,8133,8136,8130,8240,8109,8062,3.04032301902771,sil,False
53,8106,8135,8158,8153,8093,8181,8171,8153,8125,8129,8121,8236,8105,8063,3.0558741092681885,sil,False
54,8101,8117,8129,8137,8090,8185,8187,8152,8150,8154,8127,8222,8126,8062,3.0558741092681885,sil,False
55,8117,8124,8141,8127,8073,8180,8171,8176,8137,8144,8117,8239,8121,8078,3.0710837841033936,sil,False
56,8130,8142,8156,8156,8077,8190,8186,8186,8162,8171,8147,8256,8148,8086,3.0710837841033936,sil,False
57,8142,8139,8161,8154,8085,8171,8186,8192,8182,8179,8155,8258,8158,8101,3.0862860679626465,sil,False
58,8157,8146,8168,8142,8083,8158,8171,8189,8174,8159,8147,8265,8154,8099,3.0862860679626465,sil,False
59,8152,8138,8143,8149,8091,8158,8165,8161,8174,8158,8148,8251,8162,8080,3.102095365524292,sil,False
60,8141,8133,8153,8125,8098,8146,8155,8177,8160,8144,8131,8252,8149,8097,3.102095365524292,sil,False
61,8151,8144,8155,8134,8109,8153,8170,8177,8179,8160,8148,8263,8164,8099,3.1175107955932617,sil,False
62,8165,8141,8151,8137,8120,8158,8168,8177,8180,8153,8154,8269,8170,8097,3.1175107955932617,sil,False
63,8164,8152,8175,8140,8133,8155,8163,8196,8174,8135,8159,8286,8173,8102,3.133604049682617,sil,False
64,8162,8161,8163,8161,8150,8148,8170,8171,8185,8152,8176,8284,8180,8087,3.133604049682617,sil,False
65,8160,8156,8168,8145,8150,8146,8160,8164,8152,8131,8146,8271,8142,8081,3.149352550506592,sil,False
66,8156,8163,8176,8163,8163,8162,8178,8160,8152,8131,8149,8257,8137,8070,3.149352550506592,sil,False
67,8155,8170,8173,8182,8173,8156,8180,8156,8159,8138,8155,8252,8142,8072,3.164966106414795,sil,False
68,8143,8172,8181,8178,8171,8157,8167,8167,8144,8127,8138,8253,8124,8081,3.164966106414795,sil,False
69,8129,8153,8153,8187,8178,8165,8176,8144,8152,8138,8140,8231,8122,8070,3.180018186569214,sil,False
70,8127,8143,8147,8163,8174,8170,8170,8153,8138,8139,8116,8223,8103,8078,3.180018186569214,sil,False
71,8126,8147,8143,8168,8174,8186,8182,8164,8147,8163,8108,8216,8113,8071,3.1948015689849854,sil,False
72,8125,8135,8123,8163,8177,8165,8178,8165,8161,8158,8116,8213,8127,8068,3.1948015689849854,sil,False
73,8128,8141,8137,8141,8174,8147,8156,8186,8164,8135,8118,8238,8127,8086,3.210460662841797,sil,False
74,8130,8142,8120,8154,8176,8153,8164,8169,8181,8165,8129,8236,8145,8075,3.210460662841797,sil,False
75,8132,8133,8117,8137,8178,8151,8166,8171,8165,8168,8116,8230,8133,8078,3.226032257080078,sil,False
76,8130,8142,8119,8135,8193,8155,8168,8175,8169,8163,8129,8233,8141,8086,3.226032257080078,sil,False
77,8126,8135,8096,8127,8188,8136,8145,8155,8163,8150,8130,8229,8143,8081,3.2416417598724365,sil,False
78,8130,8139,8119,8125,8176,8131,8129,8168,8147,8134,8124,8250,8132,8084,3.2416417598724365,sil,False
79,8136,8142,8124,8141,8193,8149,8162,8173,8185,8169,8162,8254,8170,8086,3.256954431533813,sil,False
80,8139,8117,8114,8091,8188,8138,8152,8177,8180,8162,8149,8249,8167,8098,3.256954431533813,sil,False
81,8149,8131,8122,8106,8183,8129,8135,8171,8164,8149,8131,8251,8162,8087,3.271977663040161,sil,False
82,8164,8162,8135,8173,8202,8127,8138,8158,8161,8151,8145,8250,8173,8076,3.271977663040161,sil,False
83,8161,8169,8154,8165,8199,8132,8137,8164,8137,8140,8148,8255,8152,8080,3.2879974842071533,sil,False
84,8140,8162,8129,8161,8191,8142,8150,8139,8147,8153,8158,8241,8152,8060,3.2879974842071533,sil,False
85,8137,8158,8129,8155,8187,8142,8146,8149,8141,8128,8133,8234,8147,8062,3.304025888442993,sil,False
86,8148,8163,8150,8146,8190,8157,8154,8162,8134,8118,8117,8234,8143,8059,3.320035457611084,sil,False
87,8146,8159,8131,8143,8191,8155,8158,8136,8130,8129,8122,8219,8133,8040,3.320035457611084,sil,False
88,8139,8172,8148,8144,8185,8147,8155,8144,8118,8117,8113,8231,8117,8052,3.320035457611084,sil,False
89,8136,8164,8146,8170,8186,8153,8175,8137,8141,8141,8115,8223,8127,8043,3.3361575603485107,sil,False
90,8122,8126,8132,8139,8168,8145,8160,8134,8118,8127,8077,8192,8085,8028,3.3361575603485107,sil,False
91,8110,8126,8135,8119,8159,8161,8169,8156,8118,8121,8061,8188,8077,8045,3.3518776893615723,sil,False
92,8124,8130,8117,8137,8165,8160,8193,8167,8169,8158,8093,8199,8131,8066,3.3518776893615723,sil,False
93,8139,8125,8124,8116,8149,8132,8167,8184,8162,8147,8103,8221,8135,8070,3.3669586181640625,sil,False
94,8133,8137,8120,8119,8155,8139,8164,8158,8145,8125,8120,8218,8124,8039,3.3669586181640625,sil,False
95,8126,8149,8124,8121,8168,8152,8179,8147,8121,8095,8111,8202,8106,8036,3.3822343349456787,sil,False
96,8128,8165,8152,8137,8167,8165,8203,8161,8118,8102,8102,8200,8100,8050,3.3978095054626465,sil,False
97,8124,8157,8141,8166,8164,8170,8214,8143,8136,8140,8109,8186,8104,8046,3.3978095054626465,sil,False
98,8118,8133,8136,8136,8152,8166,8192,8155,8117,8133,8091,8191,8087,8056,3.3978095054626465,sil,False
99,8120,8124,8121,8133,8151,8177,8205,8158,8142,8153,8108,8198,8114,8062,3.413442611694336,sil,False
100,8129,8121,8110,8131,8147,8169,8207,8162,8164,8165,8117,8200,8134,8079,3.429145812988281,sil,False
101,8137,8136,8129,8126,8138,8155,8185,8177,8156,8146,8115,8212,8136,8082,3.429145812988281,sil,False
102,8145,8146,8123,8143,8136,8142,8164,8154,8151,8143,8142,8219,8155,8060,3.4442951679229736,sil,False
103,8150,8149,8140,8126,8129,8125,8137,8162,8122,8124,8148,8241,8152,8075,3.4442951679229736,sil,False
104,8139,8149,8140,8134,8129,8132,8150,8167,8132,8138,8155,8243,8167,8077,3.46036958694458,sil,False
105,8137,8136,8121,8130,8122,8127,8153,8161,8138,8143,8146,8228,8163,8073,3.46036958694458,sil,False
106,8157,8149,8142,8122,8118,8131,8144,8173,8134,8138,8143,8244,8152,8085,3.476063966751098,sil,False
107,8167,8166,8139,8159,8133,8153,8161,8157,8164,8168,8169,8240,8170,8078,3.476063966751098,sil,False
108,8158,8169,8144,8155,8135,8161,8159,8173,8161,8166,8159,8230,8157,8081,3.491163730621338,sil,False
109,8153,8180,8148,8153,8137,8164,8168,8177,8165,8166,8169,8230,8166,8075,3.491163730621338,sil,False
110,8158,8174,8134,8152,8131,8152,8163,8155,8154,8154,8171,8225,8170,8064,3.5062389373779297,sil,False
111,8163,8175,8151,8147,8123,8158,8155,8157,8128,8139,8159,8233,8154,8067,3.5062389373779297,sil,False
112,8159,8179,8148,8168,8133,8176,8179,8142,8140,8164,8173,8227,8162,8061,3.522159576416016,sil,False
113,8144,8175,8158,8156,8120,8179,8181,8154,8136,8148,8149,8218,8135,8065,3.522159576416016,sil,False
114,8135,8185,8163,8171,8107,8195,8195,8167,8150,8150,8141,8206,8127,8054,3.537872314453125,sil,False
115,8137,8181,8154,8184,8113,8191,8201,8162,8160,8163,8149,8200,8141,8058,3.537872314453125,sil,False
116,8134,8175,8167,8166,8106,8192,8198,8176,8145,8148,8129,8205,8138,8075,3.553135871887207,sil,False
117,8128,8172,8144,8168,8096,8206,8215,8155,8152,8158,8131,8185,8145,8053,3.553135871887207,sil,False
118,8130,8165,8138,8156,8090,8198,8209,8153,8135,8158,8133,8190,8137,8057,3.569185733795166,sil,False
119,8131,8168,8150,8177,8103,8201,8217,8168,8154,8183,8153,8205,8156,8077,3.569185733795166,sil,False
120,8131,8154,8132,8185,8119,8194,8215,8167,8179,8193,8154,8187,8169,8074,3.5848143100738525,sil,False
121,8130,8147,8136,8146,8118,8183,8198,8184,8162,8165,8133,8193,8148,8069,3.5848143100738525,sil,False
122,8124,8142,8122,8144,8121,8184,8207,8168,8179,8188,8156,8202,8166,8063,3.6003994941711426,sil,False
123,8130,8132,8125,8136,8121,8171,8191,8168,8172,8180,8150,8202,8163,8082,3.6003994941711426,sil,False
124,8151,8146,8154,8150,8139,8176,8189,8182,8170,8172,8153,8220,8177,8093,3.616006135940552,hello,True
125,8164,8148,8145,8160,8156,8176,8192,8168,8183,8184,8179,8226,8205,8086,3.616006135940552,hello,True
126,8163,8146,8151,8134,8146,8163,8170,8176,8164,8165,8183,8230,8196,8088,3.631411552429199,hello,True
127,8167,8151,8150,8156,8154,8161,8185,8174,8178,8188,8207,8231,8221,8075,3.631411552429199,hello,True
237,8167,8142,8148,8147,8166,8158,8189,8180,8166,8181,8197,8237,8217,8075,3.6469473838806152,hello,True
0,8163,8156,8162,8143,8175,8174,8186,8176,8148,8143,8183,8242,8199,8068,3.6469473838806152,hello,True
1,8164,8170,8157,8177,8188,8176,8189,8162,8163,8146,8192,8225,8201,8046,3.662168264389038,hello,True
2,8155,8176,8172,8172,8195,8170,8188,8181,8154,8152,8172,8217,8179,8044,3.662168264389038,hello,True
3,8130,8166,8153,8172,8200,8189,8215,8143,8137,8154,8150,8193,8158,8022,3.677758693695069,hello,True
4,8119,8144,8140,8163,8189,8188,8202,8120,8097,8121,8121,8176,8126,8020,3.677758693695069,hello,True
5,8134,8151,8167,8184,8193,8187,8180,8158,8115,8135,8137,8203,8145,8048,3.693491220474243,hello,True
6,8151,8146,8157,8209,8210,8185,8184,8165,8169,8192,8167,8214,8184,8067,3.693491220474243,hello,True
7,8157,8135,8161,8173,8201,8168,8174,8178,8162,8186,8159,8227,8179,8089,3.709029197692871,hello,True
8,8160,8145,8162,8181,8203,8160,8171,8178,8174,8169,8189,8237,8204,8085,3.709029197692871,hello,True
9,8162,8151,8157,8189,8212,8151,8146,8166,8156,8134,8193,8226,8200,8070,3.724264144897461,hello,True
10,8161,8175,8181,8197,8217,8170,8152,8161,8119,8125,8178,8214,8165,8057,3.724264144897461,hello,True
11,8165,8191,8182,8244,8228,8187,8187,8147,8133,8158,8197,8208,8172,8055,3.740222692489624,hello,True
12,8174,8189,8191,8248,8228,8183,8181,8160,8132,8148,8185,8219,8173,8081,3.740222692489624,hello,True
13,8169,8185,8176,8242,8232,8200,8183,8154,8141,8154,8176,8200,8175,8073,3.7563085556030273,hello,True
14,8158,8163,8140,8214,8220,8193,8180,8149,8143,8150,8158,8179,8163,8058,3.7563085556030273,hello,True
15,8154,8153,8135,8189,8201,8177,8178,8174,8147,8147,8142,8192,8160,8069,3.772423267364502,hello,True
16,8157,8151,8121,8195,8204,8173,8188,8173,8180,8181,8162,8194,8191,8077,3.772423267364502,hello,True
17,8167,8148,8136,8169,8196,8159,8165,8190,8174,8157,8171,8217,8197,8097,3.788207054138184,hello,True
18,8167,8155,8137,8174,8187,8149,8149,8176,8164,8137,8187,8230,8211,8075,3.788207054138184,hello,True
19,8158,8159,8119,8182,8184,8133,8134,8143,8136,8127,8176,8205,8194,8048,3.803209543228149,hello,True
20,8161,8170,8150,8172,8181,8143,8133,8159,8115,8108,8162,8205,8162,8059,3.803209543228149,hello,True
21,8161,8165,8141,8183,8184,8161,8149,8148,8133,8113,8175,8197,8161,8044,3.819265842437744,hello,True
22,8139,8151,8133,8165,8180,8152,8137,8144,8109,8097,8133,8169,8126,8036,3.819265842437744,hello,True
23,8125,8154,8137,8178,8182,8159,8159,8154,8116,8120,8114,8152,8120,8046,3.834816217422485,hello,True
24,8129,8141,8116,8177,8168,8163,8174,8161,8143,8146,8127,8149,8134,8057,3.834816217422485,hello,True
25,8139,8134,8121,8147,8147,8160,8165,8180,8138,8132,8122,8161,8124,8061,3.850163459777832,hello,True
26,8147,8141,8114,8169,8159,8154,8181,8168,8159,8144,8137,8159,8143,8048,3.850163459777832,hello,True
27,8154,8145,8120,8161,8164,8139,8160,8169,8150,8128,8138,8173,8144,8060,3.865501880645752,hello,True
28,8165,8166,8136,8156,8153,8141,8134,8162,8132,8113,8154,8199,8152,8063,3.865501880645752,hello,True
29,8186,8175,8141,8172,8151,8131,8131,8145,8119,8112,8177,8203,8167,8059,3.881402015686035,hello,True
30,8195,8191,8171,8176,8156,8135,8134,8160,8105,8104,8169,8208,8154,8070,3.881402015686035,hello,True
31,8175,8204,8164,8199,8166,8163,8149,8143,8122,8125,8161,8188,8146,8056,3.896941184997559,hello,True
32,8161,8190,8164,8183,8154,8152,8141,8145,8103,8112,8136,8174,8121,8058,3.896941184997559,hello,True
33,8157,8184,8170,8176,8147,8146,8149,8152,8094,8107,8133,8171,8125,8058,3.912520408630371,hello,True
34,8152,8171,8140,8178,8149,8162,8165,8142,8110,8118,8133,8153,8134,8050,3.912520408630371,hello,True
35,8154,8170,8148,8161,8145,8185,8175,8170,8111,8122,8114,8157,8121,8070,3.927595615386963,hello,True
36,8147,8169,8133,8179,8150,8191,8195,8164,8131,8151,8120,8146,8132,8066,3.927595615386963,hello,True
37,8129,8141,8111,8160,8137,8160,8173,8154,8116,8118,8091,8134,8108,8047,3.942974805831909,hello,True
38,8122,8136,8113,8139,8126,8158,8168,8171,8121,8100,8086,8145,8108,8042,3.942974805831909,hello,True
39,8132,8135,8095,8138,8132,8159,8174,8177,8160,8149,8131,8150,8152,8054,3.9586105346679688,hello,True
40,8140,8139,8114,8115,8122,8141,8143,8182,8146,8145,8136,8169,8156,8065,3.9586105346679688,hello,True
41,8136,8149,8117,8124,8116,8141,8137,8154,8138,8130,8142,8169,8160,8037,3.974384307861328,hello,True
42,8133,8146,8114,8119,8117,8144,8139,8158,8131,8123,8150,8167,8157,8040,3.974384307861328,hello,True
43,8138,8162,8139,8127,8119,8158,8145,8173,8134,8130,8165,8182,8161,8058,3.9900765419006343,hello,True
44,8142,8173,8138,8151,8112,8154,8147,8143,8136,8139,8166,8164,8167,8041,3.9900765419006343,hello,True
45,8135,8167,8153,8128,8100,8156,8143,8158,8114,8118,8128,8147,8135,8046,4.005340337753296,hello,True
46,8128,8156,8150,8141,8109,8184,8180,8165,8141,8144,8131,8143,8141,8051,4.005340337753296,hello,True
47,8131,8144,8136,8144,8094,8177,8186,8159,8144,8150,8126,8142,8146,8056,4.026928663253784,hello,True
48,8131,8147,8146,8134,8074,8173,8178,8176,8135,8146,8121,8150,8140,8068,4.026928663253784,hello,True
49,8126,8140,8123,8141,8087,8183,8193,8169,8170,8171,8133,8141,8154,8070,4.036407470703125,hello,True
50,8126,8140,8125,8115,8078,8172,8181,8186,8162,8159,8105,8146,8145,8080,4.051651954650879,hello,True
51,8136,8159,8135,8132,8074,8167,8187,8188,8168,8172,8117,8161,8162,8083,4.051651954650879,hello,True
52,8152,8152,8129,8132,8090,8155,8187,8175,8173,8166,8134,8171,8164,8089,4.066901683807373,hello,True
53,8158,8146,8133,8091,8097,8150,8174,8184,8166,8137,8127,8179,8157,8084,4.066901683807373,hello,True
54,8157,8155,8119,8103,8112,8161,8176,8175,8192,8160,8144,8175,8184,8068,4.082070827484131,hello,True
55,8166,8171,8147,8129,8131,8165,8162,8181,8177,8154,8148,8200,8178,8084,4.082070827484131,hello,True
56,8176,8190,8174,8170,8156,8167,8176,8166,8160,8141,8167,8211,8178,8077,4.0977537631988525,sil,False
57,8174,8185,8161,8169,8160,8150,8183,8146,8143,8131,8165,8179,8163,8062,4.0977537631988525,sil,False
58,8156,8185,8170,8144,8154,8157,8176,8162,8127,8134,8133,8168,8134,8068,4.113226890563965,sil,False
59,8137,8177,8149,8161,8169,8185,8195,8156,8159,8173,8135,8155,8140,8054,4.113226890563965,sil,False
60,8130,8153,8129,8147,8170,8187,8195,8164,8167,8171,8120,8143,8123,8057,4.129278659820557,sil,False
61,8126,8150,8130,8130,8163,8182,8190,8175,8174,8171,8111,8144,8114,8061,4.129278659820557,sil,False
62,8126,8143,8119,8122,8168,8173,8192,8178,8192,8182,8114,8141,8126,8062,4.144411325454712,sil,False
63,8141,8142,8107,8126,8177,8174,8198,8183,8206,8188,8131,8153,8155,8076,4.144411325454712,sil,False
64,8146,8144,8113,8119,8175,8157,8176,8160,8187,8169,8143,8175,8167,8076,4.160178661346436,sil,False
65,8132,8148,8148,8077,8169,8137,8135,8165,8132,8106,8119,8189,8129,8068,4.160178661346436,sil,False
66,8129,8161,8132,8106,8191,8158,8157,8151,8146,8115,8137,8166,8137,8039,4.175450801849365,sil,False
67,8129,8166,8127,8135,8200,8162,8172,8133,8146,8136,8137,8145,8137,8026,4.175450801849365,sil,False
68,8109,8169,8161,8119,8194,8172,8174,8156,8113,8123,8095,8143,8097,8039,4.190959692001343,sil,False
69,8095,8155,8132,8133,8201,8196,8212,8145,8133,8141,8095,8117,8090,8036,4.190959692001343,sil,False
70,8104,8148,8135,8129,8201,8195,8208,8151,8139,8143,8096,8123,8086,8054,4.206281900405884,sil,False
71,8107,8162,8154,8141,8206,8200,8203,8169,8158,8163,8104,8136,8109,8060,4.206281900405884,sil,False
72,8099,8142,8120,8138,8205,8196,8206,8170,8185,8183,8106,8128,8126,8053,4.222364902496338,sil,False
73,8112,8127,8119,8097,8187,8177,8191,8195,8185,8172,8105,8150,8122,8072,4.222364902496338,sil,False
74,8128,8134,8121,8103,8188,8162,8185,8189,8200,8170,8134,8162,8158,8067,4.237894773483276,sil,False
75,8129,8131,8115,8093,8183,8141,8162,8183,8181,8142,8127,8159,8162,8061,4.237894773483276,sil,False
76,8144,8151,8135,8100,8182,8148,8163,8185,8172,8151,8131,8174,8158,8063,4.253990173339844,sil,False
77,8164,8168,8137,8138,8200,8158,8180,8167,8186,8180,8159,8179,8176,8064,4.253990173339844,sil,False
78,8153,8167,8140,8130,8197,8155,8171,8171,8160,8147,8149,8176,8158,8068,4.270083427429199,sil,False
79,8137,8176,8133,8143,8196,8166,8177,8154,8164,8141,8152,8162,8152,8049,4.270083427429199,sil,False
80,8141,8184,8141,8155,8199,8172,8173,8150,8166,8148,8143,8150,8143,8051,4.285889387130737,sil,False
81,8139,8190,8161,8173,8198,8184,8185,8167,8167,8158,8136,8153,8140,8064,4.285889387130737,sil,False
82,8130,8174,8135,8185,8199,8186,8206,8156,8183,8182,8143,8136,8145,8057,4.301262140274048,sil,False
83,8125,8167,8129,8156,8190,8184,8194,8163,8166,8166,8123,8117,8118,8059,4.301262140274048,sil,False
84,8111,8170,8123,8169,8187,8201,8196,8157,8173,8173,8121,8105,8122,8049,4.316900968551636,sil,False
85,8106,8150,8116,8169,8181,8200,8198,8158,8178,8176,8116,8112,8125,8060,4.316900968551636,sil,False
86,8118,8147,8130,8156,8175,8193,8201,8176,8180,8168,8114,8134,8123,8083,4.332511425018311,sil,False
87,8129,8145,8103,8153,8173,8179,8199,8163,8192,8179,8126,8126,8135,8078,4.332511425018311,sil,False
88,8125,8139,8100,8121,8167,8167,8178,8174,8177,8165,8120,8126,8129,8075,4.348130464553833,sil,False
89,8122,8150,8116,8136,8183,8181,8188,8178,8201,8179,8149,8138,8154,8070,4.348130464553833,sil,False
90,8144,8158,8126,8152,8190,8175,8180,8170,8205,8181,8160,8149,8166,8081,4.363321542739868,sil,False
91,8164,8178,8147,8142,8175,8167,8161,8170,8177,8155,8160,8177,8171,8091,4.363321542739868,sil,False
92,8163,8186,8135,8149,8173,8167,8161,8149,8171,8151,8184,8179,8185,8072,4.379209518432617,sil,False
93,8157,8187,8146,8146,8176,8166,8150,8154,8144,8133,8167,8168,8152,8075,4.379209518432617,sil,False
94,8162,8202,8177,8184,8186,8183,8173,8149,8149,8150,8175,8171,8155,8082,4.394580841064453,sil,False
95,8168,8204,8180,8201,8180,8181,8185,8143,8157,8165,8202,8179,8169,8094,4.394580841064453,sil,False
96,8165,8200,8180,8178,8165,8182,8175,8160,8144,8149,8194,8182,8157,8107,4.41010308265686,sil,False
97,8150,8181,8149,8179,8167,8199,8187,8144,8164,8167,8185,8156,8162,8091,4.41010308265686,sil,False
98,8132,8163,8146,8167,8159,8194,8179,8155,8167,8176,8167,8146,8149,8090,4.425156831741333,sil,False
99,8129,8173,8157,8177,8151,8194,8184,8165,8177,8186,8172,8149,8150,8086,4.425156831741333,sil,False
100,8140,8165,8140,8171,8151,8195,8194,8153,8183,8177,8170,8141,8151,8083,4.44054126739502,sil,False
101,8131,8143,8132,8129,8133,8186,8182,8161,8165,8159,8149,8137,8133,8090,4.44054126739502,sil,False
102,8115,8132,8104,8121,8115,8173,8173,8154,8176,8176,8154,8129,8148,8078,4.455945730209351,sil,False
103,8138,8149,8117,8115,8111,8155,8147,8166,8167,8154,8161,8157,8162,8093,4.455945730209351,sil,False
104,8171,8184,8149,8136,8123,8158,8138,8164,8155,8139,8196,8194,8184,8100,4.471437931060791,sil,False
105,8161,8181,8138,8149,8128,8159,8136,8136,8141,8139,8198,8173,8175,8077,4.471437931060791,sil,False
106,8131,8166,8150,8132,8117,8171,8139,8144,8118,8118,8149,8143,8128,8071,4.487428188323975,sil,False
107,8124,8157,8142,8156,8111,8201,8171,8144,8143,8137,8152,8126,8128,8073,4.487428188323975,sil,False
108,8131,8137,8132,8143,8093,8196,8169,8160,8150,8152,8149,8131,8133,8088,4.502686977386475,sil,False
109,8134,8135,8137,8123,8081,8182,8163,8177,8167,8171,8147,8147,8145,8095,4.502686977386475,sil,False
110,8135,8135,8119,8118,8077,8169,8160,8172,8187,8169,8159,8149,8164,8092,4.51859450340271,sil,False
111,8151,8144,8133,8095,8062,8162,8143,8183,8159,8130,8152,8161,8155,8092,4.51859450340271,sil,False
112,8157,8158,8142,8120,8062,8162,8149,8152,8140,8132,8166,8160,8153,8064,4.534179925918579,sil,False
113,8136,8149,8144,8127,8067,8161,8140,8130,8105,8117,8149,8143,8119,8058,4.534179925918579,sil,False
114,8123,8144,8148,8128,8069,8186,8151,8146,8110,8128,8127,8132,8110,8077,4.54927921295166,sil,False
115,8130,8142,8134,8149,8076,8195,8172,8148,8151,8167,8129,8122,8132,8087,4.54927921295166,sil,False
116,8136,8142,8150,8151,8085,8189,8167,8161,8156,8149,8122,8130,8117,8090,4.565333366394043,sil,False
117,8128,8139,8136,8153,8104,8202,8180,8152,8180,8150,8127,8123,8117,8071,4.565333366394043,sil,False
118,8124,8120,8115,8117,8104,8193,8169,8158,8189,8161,8118,8115,8120,8079,4.580994129180908,sil,False
119,8137,8124,8128,8103,8098,8178,8146,8176,8198,8169,8131,8139,8140,8098,4.580994129180908,sil,False
120,8157,8131,8122,8121,8109,8163,8143,8158,8214,8169,8148,8148,8162,8092,4.596504926681519,sil,False
121,8165,8136,8132,8098,8112,8153,8138,8167,8187,8139,8122,8147,8140,8096,4.596504926681519,sil,False
122,8148,8139,8123,8088,8118,8166,8151,8165,8187,8140,8121,8134,8144,8089,4.611859083175659,sil,False
123,8141,8133,8106,8083,8122,8161,8143,8160,8181,8130,8117,8128,8145,8083,4.611859083175659,sil,False
124,8155,8151,8126,8096,8133,8159,8135,8160,8172,8116,8125,8152,8149,8076,4.627879619598389,sil,False
125,8166,8161,8128,8097,8152,8164,8144,8147,8190,8132,8153,8159,8169,8068,4.627879619598389,sil,False
126,8165,8166,8140,8063,8151,8161,8135,8168,8174,8126,8137,8155,8152,8084,4.6431286334991455,sil,False
127,8160,8187,8147,8115,8171,8166,8140,8154,8174,8130,8140,8150,8152,8069,4.659230709075928,sil,False
237,8163,8194,8145,8164,8198,8160,8133,8133,8176,8125,8146,8150,8152,8057,4.659230709075928,sil,False
0,8164,8204,8158,8158,8211,8172,8139,8157,8176,8130,8144,8156,8150,8071,4.659230709075928,sil,False
1,8154,8203,8137,8167,8219,8181,8155,8148,8193,8153,8146,8128,8148,8057,4.675267457962036,sil,False
2,8130,8187,8130,8144,8205,8175,8139,8142,8172,8126,8110,8108,8104,8048,4.675267457962036,sil,False
3,8123,8186,8126,8142,8206,8191,8156,8141,8176,8130,8104,8111,8109,8049,4.691412925720215,sil,False
4,8135,8190,8119,8159,8223,8189,8167,8143,8183,8143,8110,8111,8124,8052,4.691412925720215,sil,False
5,8119,8188,8125,8155,8218,8185,8162,8155,8180,8133,8092,8102,8096,8055,4.7060511112213135,sil,False
6,8091,8159,8092,8144,8205,8187,8177,8145,8208,8155,8089,8084,8098,8049,4.7060511112213135,sil,False
7,8102,8141,8087,8108,8201,8170,8166,8171,8216,8164,8085,8104,8119,8073,4.72139835357666,sil,False
8,8131,8168,8101,8112,8206,8174,8162,8188,8233,8168,8103,8123,8146,8079,4.736886024475098,sil,False
9,8131,8172,8086,8116,8197,8175,8160,8175,8228,8144,8110,8108,8138,8059,4.736886024475098,sil,False
10,8126,8164,8099,8099,8189,8162,8146,8183,8203,8127,8105,8120,8129,8060,4.752160310745239,sil,False
11,8141,8173,8100,8117,8196,8147,8140,8164,8209,8156,8131,8136,8162,8060,4.752160310745239,sil,False
12,8145,8185,8107,8107,8185,8140,8119,8161,8183,8127,8129,8134,8147,8058,4.7682530879974365,sil,False
13,8128,8188,8107,8109,8186,8158,8130,8157,8168,8110,8128,8125,8130,8039,4.7682530879974365,sil,False
14,8124,8177,8092,8117,8197,8162,8145,8143,8173,8124,8126,8117,8128,8032,4.782924652099609,sil,False
15,8135,8193,8122,8119,8193,8167,8146,8157,8166,8116,8119,8132,8121,8048,4.782924652099609,sil,False
16,8134,8209,8126,8161,8199,8185,8165,8146,8186,8139,8148,8126,8138,8042,4.798977613449097,sil,False
17,8128,8207,8122,8158,8195,8177,8157,8150,8174,8138,8137,8123,8125,8055,4.798977613449097,sil,False
18,8136,8230,8136,8166,8191,8179,8165,8159,8176,8134,8132,8135,8127,8064,4.814167499542236,sil,False
19,8139,8226,8112,8190,8197,8180,8174,8143,8192,8143,8143,8116,8132,8052,4.814167499542236,sil,False
20,8127,8205,8128,8156,8190,8180,8149,8167,8160,8115,8103,8117,8088,8060,4.8303327560424805,sil,False
21,8119,8210,8120,8172,8198,8205,8175,8162,8183,8130,8097,8103,8093,8049,4.8303327560424805,sil,False
22,8127,8207,8088,8182,8194,8199,8183,8141,8195,8141,8104,8082,8100,8047,4.846259593963623,sil,False
23,8132,8208,8116,8163,8181,8188,8167,8152,8173,8144,8107,8114,8094,8068,4.846259593963623,sil,False
24,8128,8201,8113,8172,8188,8198,8188,8155,8184,8161,8108,8114,8103,8066,4.861071825027466,sil,False
25,8125,8181,8093,8150,8182,8203,8195,8169,8180,8138,8073,8092,8088,8067,4.861071825027466,sil,False
26,8122,8172,8076,8146,8170,8202,8195,8162,8198,8156,8092,8087,8105,8064,4.877117395401001,sil,False
27,8125,8169,8090,8142,8165,8179,8174,8166,8203,8175,8120,8102,8120,8078,4.877117395401001,sil,False
28,8138,8181,8123,8145,8164,8175,8172,8192,8211,8173,8131,8124,8132,8096,4.892250061035156,sil,False
29,8145,8178,8097,8145,8163,8176,8190,8183,8241,8193,8159,8130,8165,8100,4.892250061035156,sil,False
30,8142,8174,8101,8111,8148,8161,8174,8191,8226,8177,8157,8149,8166,8106,4.907861232757568,sil,False
31,8134,8168,8096,8125,8144,8149,8163,8170,8219,8171,8155,8143,8166,8083,4.907861232757568,sil,False
32,8142,8156,8090,8122,8137,8133,8143,8163,8201,8156,8150,8136,8151,8084,4.922951459884644,sil,False
33,8162,8184,8124,8122,8140,8143,8151,8189,8210,8155,8174,8163,8165,8101,4.922951459884644,sil,False
34,8166,8195,8118,8148,8149,8144,8164,8173,8228,8169,8195,8159,8193,8088,4.938384771347046,sil,False
35,8164,8181,8127,8125,8135,8132,8141,8176,8195,8155,8175,8162,8177,8099,4.938384771347046,sil,False
36,8172,8198,8137,8141,8139,8150,8156,8170,8205,8182,8196,8171,8190,8101,4.954143762588501,sil,False
37,8171,8210,8134,8156,8148,8155,8163,8158,8201,8178,8184,8156,8178,8096,4.954143762588501,sil,False
38,8163,8213,8149,8163,8145,8161,8161,8169,8177,8157,8158,8151,8151,8104,4.969314098358154,sil,False
39,8167,8211,8137,8183,8147,8164,8172,8154,8196,8179,8176,8152,8165,8099,4.969314098358154,sil,False
40,8165,8200,8144,8158,8130,8156,8163,8161,8189,8164,8161,8151,8154,8101,4.984854698181152,sil,False
41,8155,8190,8145,8172,8119,8172,8189,8170,8198,8171,8157,8137,8156,8096,4.984854698181152,sil,False
42,8161,8180,8133,8184,8116,8169,8204,8176,8211,8186,8157,8136,8158,8106,5.000486373901367,sil,False
43,8165,8191,8151,8165,8104,8159,8192,8186,8210,8184,8152,8156,8147,8124,5.000486373901367,sil,False
44,8162,8190,8138,8174,8099,8158,8195,8171,8225,8199,8167,8149,8161,8117,5.016051530838013,sil,False
45,8171,8183,8140,8169,8091,8148,8187,8188,8207,8185,8158,8153,8158,8127,5.016051530838013,sil,False
46,8188,8199,8149,8188,8099,8168,8204,8189,8219,8208,8170,8165,8171,8135,5.031663179397583,sil,False
47,8199,8197,8145,8199,8114,8180,8214,8179,8241,8234,8180,8170,8181,8142,5.031663179397583,sil,False
48,8198,8190,8158,8176,8114,8179,8201,8200,8236,8213,8174,8185,8169,8154,5.046864986419678,sil,False
49,8193,8178,8135,8171,8116,8169,8199,8186,8245,8211,8188,8177,8184,8140,5.046864986419678,sil,False
50,8200,8173,8135,8147,8112,8145,8181,8189,8229,8195,8172,8179,8179,8141,5.061991691589356,sil,False
51,8211,8196,8144,8159,8122,8150,8187,8194,8241,8199,8179,8190,8185,8137,5.061991691589356,sil,False
52,8210,8196,8130,8172,8137,8150,8191,8180,8251,8200,8192,8177,8188,8129,5.077166318893433,sil,False
53,8210,8197,8148,8158,8140,8139,8178,8190,8221,8177,8184,8185,8182,8139,5.077166318893433,sil,False
54,8225,8212,8151,8185,8154,8139,8181,8169,8229,8194,8212,8197,8211,8128,5.092839241027832,sil,False
55,8225,8212,8163,8180,8162,8137,8160,8165,8221,8183,8218,8202,8199,8133,5.092839241027832,sil,False
56,8202,8202,8161,8168,8169,8140,8155,8165,8200,8162,8211,8191,8184,8123,5.108320713043213,sil,False
57,8191,8188,8128,8164,8178,8139,8161,8146,8186,8157,8206,8170,8183,8098,5.108320713043213,sil,False
58,8200,8204,8156,8163,8183,8150,8160,8163,8177,8156,8194,8184,8171,8110,5.123934268951416,sil,False
59,8198,8216,8165,8201,8198,8166,8177,8154,8202,8186,8200,8174,8179,8107,5.123934268951416,sil,False
60,8176,8184,8150,8180,8190,8153,8162,8149,8180,8169,8166,8146,8150,8102,5.139092683792114,sil,False
61,8157,8160,8139,8154,8178,8156,8168,8162,8176,8169,8148,8138,8137,8099,5.155183792114258,sil,False
62,8164,8151,8121,8158,8181,8166,8186,8160,8210,8194,8158,8135,8155,8105,5.155183792114258,sil,False
63,8183,8162,8150,8140,8178,8165,8171,8185,8204,8180,8148,8153,8149,8130,5.171014070510864,sil,False
64,8187,8165,8147,8157,8186,8165,8183,8183,8222,8206,8174,8153,8169,8123,5.171014070510864,sil,False
65,8183,8151,8132,8150,8194,8151,8178,8186,8228,8218,8186,8157,8178,8127,5.186346292495728,sil,False
66,8188,8167,8146,8146,8204,8151,8168,8192,8228,8214,8195,8173,8189,8134,5.186346292495728,sil,False
67,8193,8171,8130,8151,8211,8136,8156,8161,8218,8205,8208,8163,8199,8112,5.186346292495728,sil,False
68,8192,8168,8141,8130,8199,8119,8138,8174,8184,8175,8189,8167,8178,8113,5.202417612075806,sil,False
69,8189,8182,8142,8154,8211,8139,8168,8183,8217,8194,8197,8169,8196,8116,5.218066930770874,sil,False
70,8191,8165,8130,8141,8219,8136,8171,8180,8221,8181,8176,8158,8191,8111,5.218066930770874,sil,False
71,8193,8155,8133,8118,8213,8139,8161,8180,8190,8158,8155,8159,8178,8100,5.2337141036987305,sil,False
72,8183,8162,8116,8132,8217,8148,8172,8156,8189,8166,8173,8146,8187,8087,5.2337141036987305,sil,False
73,8166,8167,8122,8113,8213,8139,8161,8157,8166,8137,8154,8133,8157,8086,5.249253034591675,sil,False
74,8158,8165,8115,8125,8214,8140,8158,8145,8163,8135,8145,8117,8147,8068,5.249253034591675,sil,False
75,8160,8160,8117,8142,8213,8136,8156,8155,8163,8141,8141,8111,8140,8075,5.264842987060547,sil,False
76,8164,8178,8153,8151,8214,8152,8179,8190,8181,8149,8141,8126,8138,8094,5.264842987060547,sil,False
77,8157,8171,8132,8156,8214,8153,8190,8162,8197,8164,8143,8117,8147,8073,5.280394077301025,sil,False
78,8156,8156,8126,8128,8195,8140,8159,8151,8155,8134,8118,8113,8118,8069,5.280394077301025,sil,False
79,8163,8166,8138,8151,8202,8163,8179,8157,8166,8151,8131,8108,8129,8076,5.29553747177124,sil,False
80,8154,8155,8130,8151,8202,8165,8189,8157,8185,8167,8128,8102,8137,8087,5.29553747177124,sil,False
81,8144,8158,8138,8130,8185,8155,8170,8160,8170,8158,8115,8120,8124,8092,5.311325550079346,sil,False
82,8152,8174,8132,8164,8196,8164,8176,8149,8183,8178,8139,8120,8142,8081,5.311325550079346,sil,False
83,8159,8177,8143,8162,8207,8167,8176,8178,8188,8168,8139,8122,8147,8099,5.326825141906738,sil,False
84,8155,8174,8131,8155,8198,8163,8189,8178,8211,8182,8148,8123,8166,8101,5.326825141906738,sil,False
85,8163,8161,8108,8145,8179,8138,8181,8156,8211,8192,8145,8113,8172,8095,5.341876268386841,sil,False
86,8167,8163,8128,8132,8172,8138,8167,8175,8189,8173,8122,8115,8152,8104,5.341876268386841,sil,False
87,8157,8162,8119,8153,8179,8151,8189,8173,8212,8188,8137,8109,8163,8093,5.357433319091797,sil,False
88,8172,8162,8121,8139,8170,8134,8177,8181,8209,8180,8141,8122,8160,8103,5.357433319091797,sil,False
89,8185,8176,8125,8138,8160,8126,8152,8173,8200,8172,8153,8134,8163,8101,5.372620582580566,sil,False
90,8173,8168,8103,8140,8155,8115,8137,8153,8192,8168,8161,8125,8167,8092,5.372620582580566,sil,False
91,8177,8175,8126,8137,8161,8110,8135,8179,8181,8159,8159,8141,8167,8109,5.388321876525879,sil,False
92,8196,8198,8135,8173,8178,8126,8155,8172,8199,8178,8187,8149,8190,8103,5.388321876525879,sil,False
93,8195,8197,8138,8160,8165,8127,8146,8166,8185,8159,8179,8149,8178,8106,5.404021501541138,sil,False
94,8188,8194,8145,8158,8155,8134,8156,8172,8192,8166,8178,8148,8192,8115,5.404021501541138,sil,False
95,8193,8197,8145,8187,8169,8138,8164,8166,8210,8193,8195,8139,8208,8113,5.419180870056152,hello,True
96,8192,8214,8177,8190,8172,8139,8147,8170,8174,8171,8183,8145,8174,8112,5.419180870056152,hello,True
97,8190,8216,8172,8209,8170,8141,8155,8143,8161,8171,8183,8132,8167,8098,5.434878587722778,hello,True
98,8198,8198,8168,8200,8158,8135,8154,8149,8161,8161,8158,8116,8153,8103,5.434878587722778,hello,True
99,8185,8195,8174,8203,8157,8158,8173,8173,8187,8159,8142,8108,8145,8101,5.450332164764404,hello,True
100,8161,8179,8145,8203,8163,8166,8193,8165,8203,8176,8147,8095,8156,8097,5.450332164764404,hello,True
101,8164,8163,8142,8155,8142,8155,8181,8186,8188,8175,8142,8112,8154,8117,5.465867519378662,hello,True
102,8186,8167,8136,8159,8136,8151,8183,8188,8217,8194,8165,8121,8175,8114,5.465867519378662,hello,True
103,8193,8177,8143,8166,8138,8131,8165,8188,8209,8177,8155,8121,8173,8115,5.481231451034546,hello,True
104,8189,8190,8159,8164,8127,8131,8153,8183,8190,8162,8159,8134,8175,8112,5.481231451034546,hello,True
105,8178,8172,8132,8159,8110,8123,8141,8152,8191,8152,8184,8131,8181,8088,5.497175931930542,hello,True
106,8175,8170,8147,8145,8099,8100,8114,8162,8154,8117,8170,8143,8155,8089,5.497175931930542,hello,True
107,8195,8204,8175,8198,8118,8119,8140,8167,8167,8155,8196,8162,8178,8094,5.5123610496521,hello,True
108,8209,8213,8185,8218,8121,8138,8154,8169,8175,8168,8199,8161,8178,8102,5.5123610496521,hello,True
109,8196,8218,8196,8218,8114,8142,8145,8172,8153,8140,8177,8150,8153,8101,5.527871370315552,hello,True
110,8190,8215,8179,8248,8122,8146,8156,8150,8155,8152,8184,8139,8161,8100,5.527871370315552,hello,True
111,8200,8201,8193,8235,8118,8152,8165,8172,8159,8167,8175,8155,8157,8128,5.5439043045043945,hello,True
112,8195,8190,8179,8227,8113,8159,8178,8179,8184,8188,8171,8147,8166,8124,5.5439043045043945,hello,True
113,8189,8177,8147,8202,8110,8139,8155,8175,8181,8171,8158,8133,8167,8117,5.559378385543823,hello,True
114,8208,8193,8162,8193,8118,8135,8142,8189,8173,8159,8174,8164,8186,8131,5.559378385543823,hello,True
115,8219,8205,8162,8214,8131,8126,8148,8168,8176,8169,8209,8174,8215,8122,5.575210571289063,hello,True
116,8216,8213,8183,8208,8136,8116,8132,8164,8144,8138,8199,8163,8183,8124,5.575210571289063,hello,True
117,8211,8224,8194,8240,8163,8150,8159,8157,8157,8162,8203,8152,8173,8125,5.591127872467041,hello,True
118,8202,8200,8168,8238,8167,8152,8169,8162,8173,8193,8196,8151,8181,8135,5.591127872467041,hello,True
119,8209,8192,8170,8202,8156,8131,8144,8189,8174,8182,8199,8177,8200,8153,5.606209993362427,hello,True
120,8232,8210,8175,8217,8180,8129,8138,8166,8180,8182,8234,8183,8225,8144,5.606209993362427,hello,True
121,8223,8213,8198,8222,8193,8137,8129,8157,8142,8172,8209,8175,8182,8139,5.621821880340576,hello,True
122,8191,8198,8183,8229,8184,8161,8150,8159,8159,8200,8187,8161,8172,8133,5.621821880340576,hello,True
123,8204,8184,8155,8205,8179,8144,8147,8163,8189,8206,8195,8166,8206,8144,5.6372175216674805,hello,True
124,8234,8207,8188,8185,8186,8117,8117,8180,8158,8167,8210,8192,8216,8153,5.6372175216674805,hello,True
125,8216,8210,8187,8219,8200,8124,8126,8152,8148,8177,8222,8169,8210,8125,5.653205156326294,hello,True
126,8193,8192,8186,8218,8196,8145,8141,8159,8148,8187,8188,8145,8180,8131,5.653205156326294,hello,True
127,8207,8201,8191,8224,8201,8172,8172,8179,8170,8205,8189,8155,8194,8143,5.668385982513428,hello,True
237,8217,8191,8169,8216,8208,8171,8175,8174,8181,8216,8205,8160,8210,8148,5.668385982513428,hello,True
0,8211,8174,8173,8183,8202,8159,8157,8192,8176,8204,8184,8166,8205,8164,5.684094429016113,hello,True
1,8208,8176,8156,8192,8213,8151,8165,8183,8198,8208,8182,8153,8220,8144,5.684094429016113,hello,True
2,8212,8183,8157,8173,8213,8139,8148,8178,8178,8178,8175,8151,8208,8139,5.699244022369385,hello,True
3,8216,8189,8171,8167,8210,8147,8142,8172,8172,8167,8190,8168,8218,8148,5.713935613632202,hello,True
4,8218,8184,8161,8181,8211,8133,8133,8151,8171,8160,8203,8172,8226,8136,5.713935613632202,hello,True
5,8208,8198,8183,8176,8209,8123,8116,8156,8131,8130,8185,8169,8193,8117,5.730226278305054,hello,True
6,8180,8191,8168,8189,8219,8143,8137,8137,8133,8155,8174,8128,8172,8087,5.730226278305054,hello,True
7,8161,8147,8143,8157,8204,8147,8136,8139,8127,8156,8133,8098,8133,8086,5.745718002319336,hello,True
8,8156,8142,8145,8145,8191,8161,8146,8157,8136,8154,8135,8118,8139,8097,5.745718002319336,hello,True
9,8160,8151,8141,8171,8204,8171,8167,8162,8168,8179,8164,8123,8172,8105,5.760930061340332,hello,True
10,8167,8149,8156,8154,8197,8155,8156,8185,8167,8173,8145,8126,8159,8117,5.760930061340332,hello,True
11,8172,8147,8137,8153,8185,8142,8149,8176,8187,8187,8165,8130,8179,8112,5.776290655136108,hello,True
12,8183,8150,8132,8142,8183,8138,8138,8184,8191,8190,8186,8147,8197,8127,5.776290655136108,hello,True
13,8187,8156,8148,8143,8191,8152,8142,8192,8190,8180,8187,8152,8198,8128,5.79199743270874,hello,True
14,8188,8149,8127,8154,8191,8134,8135,8166,8192,8170,8198,8140,8209,8112,5.79199743270874,hello,True
15,8197,8159,8151,8135,8176,8117,8113,8179,8168,8154,8208,8169,8209,8129,5.807579517364502,hello,True
16,8201,8173,8157,8145,8178,8137,8134,8170,8181,8177,8227,8172,8212,8115,5.807579517364502,hello,True
17,8192,8167,8139,8144,8180,8140,8132,8154,8164,8150,8199,8141,8177,8090,5.823346376419067,hello,True
18,8185,8189,8160,8161,8190,8154,8132,8158,8145,8124,8187,8141,8161,8087,5.823346376419067,hello,True
19,8184,8197,8168,8193,8202,8169,8150,8149,8163,8151,8214,8147,8182,8089,5.839030742645264,hello,True
20,8174,8188,8176,8177,8194,8170,8145,8169,8154,8149,8205,8153,8167,8111,5.839030742645264,hello,True
21,8161,8189,8164,8197,8203,8184,8170,8168,8174,8167,8199,8134,8169,8108,5.854376554489136,hello,True
22,8157,8171,8147,8190,8206,8180,8182,8162,8186,8173,8175,8109,8164,8106,5.854376554489136,hello,True
23,8153,8157,8141,8159,8189,8183,8181,8181,8182,8172,8162,8109,8163,8115,5.869908094406128,hello,True
24,8147,8152,8110,8162,8179,8188,8185,8176,8202,8195,8181,8105,8186,8107,5.869908094406128,hello,True
25,8159,8162,8125,8158,8170,8168,8165,8193,8203,8180,8175,8126,8189,8123,5.885252237319946,hello,True
26,8183,8179,8146,8185,8179,8161,8172,8198,8222,8185,8202,8155,8218,8134,5.885252237319946,hello,True
27,8194,8170,8143,8178,8183,8167,8173,8188,8216,8183,8220,8164,8224,8134,5.900956869125366,sil,False
28,8190,8169,8141,8153,8166,8174,8158,8189,8193,8174,8207,8161,8203,8120,5.900956869125366,sil,False
29,8183,8170,8119,8168,8158,8173,8152,8157,8192,8186,8205,8133,8198,8093,5.916055202484131,sil,False
30,8173,8164,8138,8158,8157,8170,8142,8161,8162,8152,8186,8128,8168,8094,5.916055202484131,sil,False
31,8157,8159,8145,8163,8160,8181,8154,8162,8164,8151,8188,8125,8165,8084,5.931340456008911,sil,False
32,8155,8151,8126,8164,8154,8183,8158,8152,8162,8158,8176,8108,8156,8084,5.931340456008911,sil,False
33,8161,8164,8146,8159,8150,8204,8163,8172,8149,8147,8157,8109,8135,8096,5.947246551513672,sil,False
34,8143,8156,8127,8176,8162,8220,8177,8160,8171,8164,8159,8085,8141,8073,5.947246551513672,sil,False
35,8123,8121,8113,8139,8145,8199,8148,8155,8148,8139,8122,8068,8113,8064,5.962804317474365,sil,False
36,8125,8122,8118,8132,8135,8199,8153,8160,8149,8139,8129,8075,8121,8072,5.962804317474365,sil,False
37,8136,8130,8110,8144,8144,8195,8166,8174,8183,8164,8158,8088,8155,8090,5.97791600227356,sil,False
38,8145,8133,8128,8126,8133,8185,8139,8201,8183,8161,8151,8109,8158,8105,5.97791600227356,sil,False
39,8151,8130,8126,8138,8120,8188,8134,8174,8190,8164,8169,8109,8171,8085,5.993245601654053,sil,False
40,8160,8127,8131,8122,8112,8181,8131,8168,8171,8141,8171,8120,8160,8092,5.993245601654053,sil,False
41,8163,8145,8136,8117,8119,8188,8138,8171,8160,8145,8176,8126,8156,8091,6.009368658065796,sil,False
42,8156,8153,8125,8130,8117,8179,8134,8148,8152,8151,8176,8106,8149,8067,6.009368658065796,sil,False
43,8152,8170,8157,8137,8102,8177,8124,8156,8132,8120,8164,8111,8128,8071,6.030306577682495,sil,False
44,8151,8181,8154,8171,8115,8202,8152,8146,8151,8140,8186,8111,8140,8074,6.030820608139038,sil,False
45,8143,8165,8143,8157,8120,8203,8156,8154,8148,8154,8170,8098,8125,8085,6.030820608139038,sil,False
46,8134,8156,8147,8157,8106,8204,8164,8166,8152,8155,8146,8085,8114,8082,6.040328979492188,sil,False
47,8130,8141,8122,8164,8089,8193,8169,8153,8163,8166,8143,8071,8119,8069,6.055477380752564,sil,False
48,8141,8142,8136,8133,8081,8182,8154,8173,8157,8166,8145,8091,8122,8088,6.055477380752564,sil,False
49,8151,8151,8140,8145,8101,8192,8169,8183,8198,8189,8176,8107,8160,8100,6.071270227432251,sil,False
50,8145,8136,8125,8130,8101,8181,8155,8191,8199,8178,8167,8104,8154,8101,6.071270227432251,sil,False
51,8143,8142,8121,8117,8103,8181,8147,8190,8175,8171,8159,8102,8147,8086,6.087259531021118,sil,False
52,8160,8157,8125,8138,8136,8184,8161,8168,8177,8175,8180,8113,8172,8077,6.087259531021118,sil,False
53,8169,8171,8165,8144,8156,8179,8159,8177,8161,8147,8181,8143,8158,8087,6.101963996887207,sil,False
54,8156,8187,8161,8177,8164,8185,8177,8160,8172,8167,8187,8133,8147,8069,6.101963996887207,sil,False
55,8140,8173,8144,8170,8161,8180,8178,8159,8173,8177,8166,8110,8127,8077,6.117175817489624,sil,False
56,8129,8149,8146,8144,8157,8174,8173,8181,8177,8176,8152,8115,8128,8093,6.117175817489624,sil,False
57,8127,8131,8113,8139,8151,8149,8163,8166,8191,8186,8161,8112,8153,8079,6.133281469345093,sil,False
58,8134,8138,8123,8118,8149,8129,8143,8175,8167,8154,8162,8126,8146,8090,6.133281469345093,sil,False
59,8143,8157,8141,8133,8171,8139,8155,8164,8168,8153,8190,8139,8158,8088,6.1489105224609375,sil,False
60,8149,8156,8144,8133,8180,8125,8144,8150,8149,8146,8182,8135,8152,8078,6.1489105224609375,sil,False
61,8139,8173,8161,8146,8185,8128,8132,8163,8137,8145,8172,8137,8142,8076,6.16451358795166,sil,False
62,8132,8178,8153,8167,8201,8149,8147,8152,8165,8164,8201,8126,8154,8073,6.16451358795166,sil,False
63,8142,8174,8167,8130,8197,8155,8149,8163,8152,8138,8174,8126,8129,8091,6.180168628692627,sil,False
64,8140,8183,8158,8154,8204,8168,8172,8160,8151,8149,8142,8112,8119,8089,6.195730209350586,sil,False
65,8122,8170,8128,8183,8210,8162,8169,8156,8151,8175,8134,8093,8118,8080,6.195730209350586,sil,False
66,8113,8159,8135,8161,8201,8155,8154,8167,8147,8179,8136,8099,8117,8082,6.195730209350586,sil,False
67,8107,8142,8115,8147,8190,8149,8160,8148,8158,8180,8139,8085,8126,8074,6.211053133010864,sil,False
68,8108,8130,8114,8119,8177,8139,8144,8164,8137,8159,8112,8083,8106,8085,6.226209878921509,sil,False
69,8123,8142,8121,8126,8192,8155,8161,8181,8164,8181,8133,8099,8134,8097,6.226209878921509,sil,False
70,8127,8135,8106,8119,8196,8154,8170,8182,8199,8186,8146,8103,8153,8104,6.24226188659668,sil,False
71,8117,8128,8113,8090,8174,8138,8153,8198,8189,8156,8122,8107,8124,8096,6.24226188659668,sil,False
72,8122,8130,8108,8105,8182,8136,8163,8176,8191,8170,8131,8094,8124,8080,6.257699966430664,sil,False
73,8127,8135,8117,8107,8197,8135,8163,8167,8166,8161,8126,8090,8119,8100,6.257699966430664,sil,False
74,8121,8150,8117,8122,8198,8146,8169,8172,8167,8165,8135,8101,8130,8103,6.273268461227417,sil,False
75,8134,8158,8117,8134,8198,8138,8157,8171,8176,8173,8149,8111,8138,8097,6.273268461227417,sil,False
76,8144,8179,8152,8126,8199,8128,8135,8173,8154,8140,8150,8124,8129,8102,6.289010763168335,sil,False
77,8132,8186,8139,8135,8206,8133,8148,8150,8152,8134,8171,8120,8141,8082,6.289010763168335,sil,False
78,8142,8178,8139,8126,8199,8133,8151,8162,8142,8136,8169,8135,8137,8095,6.304127216339111,sil,False
79,8167,8192,8161,8149,8197,8147,8158,8171,8163,8162,8179,8155,8158,8113,6.304127216339111,sil,False
80,8167,8190,8152,8155,8188,8134,8153,8154,8165,8167,8187,8143,8165,8102,6.320223569869995,sil,False
81,8154,8178,8163,8131,8169,8113,8141,8163,8127,8136,8169,8142,8134,8100,6.320223569869995,sil,False
82,8155,8178,8162,8162,8178,8128,8164,8145,8154,8154,8176,8139,8137,8094,6.336020469665527,sil,False
83,8158,8183,8173,8163,8182,8143,8163,8153,8171,8160,8170,8145,8133,8104,6.336020469665527,sil,False
84,8143,8190,8175,8160,8176,8156,8161,8168,8165,8165,8168,8144,8133,8099,6.351245641708374,sil,False
85,8128,8173,8138,8166,8178,8148,8164,8146,8154,8164,8154,8113,8125,8081,6.351245641708374,sil,False
86,8125,8159,8144,8139,8172,8155,8163,8157,8136,8143,8120,8110,8102,8093,6.367242336273193,sil,False
87,8125,8152,8133,8140,8161,8170,8184,8156,8157,8164,8130,8109,8112,8087,6.367242336273193,sil,False
88,8124,8145,8125,8129,8144,8145,8172,8161,8143,8149,8115,8100,8101,8083,6.38195276260376,sil,False
89,8133,8164,8140,8137,8151,8138,8166,8180,8144,8148,8121,8106,8114,8088,6.38195276260376,sil,False
90,8145,8163,8123,8152,8165,8145,8174,8178,8180,8182,8152,8112,8143,8094,6.398041725158691,sil,False
91,8153,8158,8132,8131,8155,8138,8159,8190,8171,8170,8145,8137,8132,8107,6.398041725158691,sil,False
92,8160,8172,8129,8146,8157,8136,8162,8178,8183,8172,8168,8149,8163,8100,6.413228988647461,sil,False
93,8162,8172,8116,8137,8156,8129,8145,8172,8176,8155,8171,8150,8166,8096,6.413228988647461,sil,False
94,8151,8179,8122,8138,8145,8131,8126,8172,8153,8132,8157,8147,8133,8085,6.428824186325073,sil,False
95,8139,8179,8109,8165,8149,8132,8130,8149,8151,8139,8162,8122,8129,8064,6.428824186325073,sil,False
96,8135,8182,8129,8155,8155,8140,8131,8162,8139,8138,8159,8118,8127,8067,6.443949699401856,sil,False
97,8132,8192,8135,8178,8162,8158,8146,8158,8151,8160,8175,8121,8144,8062,6.443949699401856,sil,False
98,8131,8179,8129,8179,8143,8142,8133,8152,8141,8161,8163,8114,8134,8073,6.460196018218994,sil,False
99,8133,8184,8148,8173,8131,8146,8136,8170,8143,8162,8151,8114,8126,8092,6.460196018218994,sil,False
100,8135,8190,8137,8198,8148,8168,8163,8159,8170,8187,8166,8103,8146,8091,6.4758265018463135,sil,False
101,8138,8184,8142,8174,8143,8165,8156,8174,8154,8182,8157,8118,8140,8107,6.4758265018463135,sil,False
102,8139,8182,8136,8171,8130,8171,8172,8182,8174,8208,8171,8132,8161,8112,6.490917921066284,sil,False
103,8137,8167,8113,8165,8119,8162,8171,8176,8183,8208,8163,8124,8160,8110,6.490917921066284,sil,False
104,8134,8162,8115,8139,8108,8154,8151,8184,8167,8174,8145,8123,8142,8102,6.506025314331055,sil,False
105,8130,8157,8094,8139,8107,8146,8153,8163,8179,8176,8161,8116,8160,8076,6.506025314331055,sil,False
106,8131,8158,8102,8126,8094,8137,8139,8174,8161,8161,8150,8123,8155,8090,6.521374702453613,sil,False
107,8147,8179,8123,8145,8095,8153,8146,8178,8168,8172,8162,8140,8172,8103,6.521374702453613,sil,False
108,8163,8190,8129,8154,8095,8138,8140,8160,8165,8168,8182,8151,8182,8098,6.536825895309448,sil,False
109,8163,8203,8144,8151,8084,8124,8118,8163,8133,8140,8186,8154,8164,8094,6.536825895309448,sil,False
110,8154,8199,8127,8164,8083,8136,8124,8150,8141,8152,8199,8136,8172,8079,6.55352520942688,sil,False
111,8146,8186,8136,8138,8072,8135,8115,8154,8133,8134,8183,8140,8158,8083,6.55352520942688,sil,False
112,8138,8196,8151,8155,8070,8131,8113,8143,8125,8123,8191,8142,8151,8071,6.569056749343872,sil,False
113,8136,8188,8140,8156,8078,8123,8109,8129,8117,8124,8193,8122,8147,8064,6.569056749343872,sil,False
114,8140,8179,8151,8114,8083,8137,8118,8148,8110,8121,8165,8123,8137,8079,6.584456920623779,sil,False
115,8138,8181,8140,8148,8100,8155,8152,8131,8129,8143,8164,8111,8144,8075,6.584456920623779,sil,False
116,8138,8189,8155,8186,8115,8159,8146,8148,8124,8139,8152,8113,8121,8093,6.60001540184021,sil,False
117,8138,8200,8169,8199,8142,8182,8150,8170,8151,8162,8163,8125,8124,8099,6.60001540184021,sil,False
118,8131,8182,8140,8186,8159,8178,8153,8154,8173,8182,8167,8106,8129,8082,6.615933895111084,sil,False
119,8131,8171,8145,8169,8149,8169,8148,8169,8158,8166,8136,8109,8111,8087,6.615933895111084,sil,False
120,8134,8166,8134,8175,8152,8182,8171,8167,8182,8191,8143,8117,8133,8091,6.631116151809692,sil,False
121,8137,8154,8128,8141,8149,8169,8161,8177,8179,8182,8145,8117,8135,8102,6.631116151809692,sil,False
122,8142,8155,8129,8136,8153,8161,8154,8187,8179,8171,8151,8116,8138,8098,6.646894454956055,sil,False
123,8143,8145,8107,8147,8174,8158,8160,8172,8188,8185,8158,8113,8146,8092,6.646894454956055,sil,False
124,8136,8146,8126,8127,8183,8154,8150,8182,8166,8161,8138,8127,8128,8097,6.662975311279297,sil,False
125,8131,8158,8122,8143,8185,8153,8152,8165,8165,8147,8147,8113,8136,8073,6.662975311279297,sil,False
126,8136,8163,8123,8142,8179,8136,8134,8157,8140,8130,8147,8108,8125,8066,6.678989171981812,sil,False
127,8142,8176,8144,8148,8186,8142,8128,8154,8126,8130,8151,8117,8111,8064,6.678989171981812,sil,False
237,8141,8177,8136,8167,8200,8160,8138,8135,8136,8139,8143,8097,8107,8052,6.694148778915405,sil,False
0,8136,8177,8146,8159,8202,8180,8147,8162,8132,8135,8118,8094,8091,8069,6.694148778915405,sil,False
1,8125,8163,8121,8163,8209,8193,8176,8166,8159,8171,8133,8091,8103,8071,6.710397958755493,sil,False
2,8126,8134,8103,8131,8200,8161,8161,8166,8162,8166,8126,8090,8098,8078,6.710397958755493,sil,False
3,8141,8150,8132,8116,8192,8137,8141,8179,8162,8152,8136,8117,8118,8087,6.726210117340088,sil,False
4,8143,8164,8128,8133,8195,8127,8135,8158,8163,8157,8167,8120,8148,8072,6.726210117340088,sil,False
5,8127,8154,8127,8117,8191,8131,8116,8153,8126,8124,8148,8106,8113,8066,6.741933107376099,sil,False
6,8121,8149,8130,8149,8200,8162,8135,8146,8148,8147,8151,8099,8116,8069,6.741933107376099,sil,False
7,8129,8140,8129,8162,8202,8162,8143,8154,8166,8173,8148,8106,8126,8087,6.7576422691345215,sil,False
8,8125,8141,8119,8136,8196,8153,8139,8172,8156,8166,8133,8113,8117,8089,6.7576422691345215,sil,False
9,8116,8138,8078,8123,8197,8148,8136,8155,8162,8158,8142,8104,8127,8064,6.773212194442749,sil,False
10,8124,8141,8104,8104,8187,8139,8117,8161,8140,8126,8139,8128,8122,8064,6.773212194442749,sil,False
11,8141,8159,8138,8134,8198,8147,8139,8158,8157,8143,8157,8149,8145,8071,6.788353443145752,sil,False
12,8149,8159,8132,8144,8208,8145,8145,8159,8167,8143,8159,8145,8149,8083,6.788353443145752,sil,False
13,8151,8158,8144,8117,8195,8141,8127,8168,8146,8118,8153,8148,8137,8083,6.804118633270264,sil,False
14,8160,8160,8149,8123,8194,8145,8139,8146,8148,8141,8172,8145,8151,8075,6.804118633270264,sil,False
15,8166,8180,8180,8151,8211,8161,8147,8164,8142,8147,8164,8152,8137,8099,6.820175409317017,sil,False
16,8163,8199,8184,8210,8230,8194,8162,8165,8159,8156,8168,8143,8133,8091,6.820175409317017,sil,False
17,8155,8180,8158,8212,8221,8188,8158,8139,8157,8157,8148,8122,8120,8074,6.836032390594482,sil,False
18,8143,8176,8168,8187,8205,8177,8149,8148,8148,8153,8122,8124,8106,8083,6.836032390594482,sil,False
19,8134,8175,8155,8202,8204,8184,8163,8147,8166,8174,8140,8116,8129,8074,6.851236581802368,sil,False
20,8136,8159,8151,8173,8195,8183,8156,8164,8145,8158,8131,8120,8122,8082,6.851236581802368,sil,False
21,8132,8158,8140,8168,8200,8191,8161,8166,8147,8161,8125,8113,8121,8080,6.86634373664856,sil,False
22,8128,8147,8120,8172,8199,8177,8154,8148,8154,8157,8114,8088,8110,8066,6.86634373664856,sil,False
23,8134,8144,8144,8151,8177,8161,8143,8169,8137,8147,8103,8102,8103,8076,6.882015466690064,sil,False
24,8137,8150,8137,8165,8175,8157,8153,8169,8156,8168,8133,8118,8143,8080,6.882015466690064,sil,False
25,8140,8145,8133,8146,8177,8153,8132,8172,8155,8140,8133,8123,8144,8091,6.8981263637542725,sil,False
26,8148,8150,8137,8146,8173,8165,8129,8174,8162,8131,8136,8127,8144,8089,6.8981263637542725,sil,False
27,8157,8153,8125,8152,8163,8149,8133,8172,8173,8146,8141,8128,8149,8081,6.913815021514893,sil,False
28,8161,8162,8145,8130,8154,8139,8125,8189,8162,8130,8132,8145,8140,8088,6.913815021514893,sil,False
29,8162,8176,8148,8155,8171,8167,8147,8175,8173,8140,8159,8150,8160,8083,6.930490732192993,sil,False
30,8176,8184,8167,8169,8172,8173,8149,8180,8157,8132,8163,8157,8157,8096,6.930490732192993,sil,False
31,8182,8192,8182,8180,8167,8182,8151,8180,8156,8130,8163,8166,8159,8097,6.946260452270508,sil,False
32,8170,8180,8162,8182,8173,8183,8141,8153,8153,8133,8161,8153,8153,8080,6.946260452270508,sil,False
33,8175,8195,8188,8178,8168,8175,8127,8167,8132,8126,8152,8156,8131,8097,6.962071895599365,sil,False
34,8187,8211,8195,8218,8172,8190,8152,8160,8160,8156,8169,8150,8152,8101,6.962071895599365,sil,False
35,8170,8181,8176,8205,8162,8201,8145,8154,8144,8142,8144,8136,8140,8101,6.978167772293091,sil,False
36,8148,8166,8164,8187,8148,8210,8148,8158,8128,8129,8124,8131,8122,8096,6.978167772293091,sil,False
37,8154,8169,8148,8200,8150,8208,8166,8147,8147,8144,8133,8117,8128,8093,6.994088411331177,sil,False
38,8164,8181,8167,8194,8147,8209,8156,8177,8149,8145,8130,8132,8128,8115,6.994088411331177,sil,False
39,8162,8186,8158,8214,8154,8221,8168,8186,8178,8189,8153,8142,8153,8112,7.009119987487793,hello,True
40,8156,8165,8138,8195,8150,8207,8165,8185,8176,8193,8147,8132,8146,8112,7.009119987487793,hello,True
41,8155,8167,8147,8174,8142,8205,8156,8190,8171,8168,8143,8134,8142,8117,7.024502992630005,hello,True
42,8167,8171,8137,8183,8139,8200,8159,8172,8189,8168,8176,8146,8168,8115,7.024502992630005,hello,True
43,8170,8166,8142,8154,8117,8185,8144,8179,8167,8145,8167,8158,8154,8116,7.040132284164429,hello,True
44,8161,8166,8132,8150,8107,8180,8146,8166,8164,8144,8157,8139,8148,8091,7.040132284164429,hello,True
45,8165,8168,8135,8151,8099,8169,8136,8156,8161,8144,8160,8137,8144,8089,7.055483102798462,hello,True
46,8172,8175,8157,8154,8088,8174,8133,8159,8139,8131,8156,8147,8136,8093,7.055483102798462,hello,True
47,8164,8164,8134,8156,8081,8171,8135,8135,8127,8121,8149,8121,8133,8067,7.071019172668457,hello,True
48,8160,8172,8154,8143,8074,8165,8121,8152,8106,8111,8152,8135,8123,8073,7.071019172668457,hello,True
49,8168,8195,8181,8187,8084,8189,8147,8152,8127,8155,8198,8158,8149,8081,7.086949110031128,hello,True
50,8167,8175,8175,8194,8086,8188,8161,8142,8129,8160,8192,8142,8148,8080,7.101645708084106,hello,True
51,8160,8168,8181,8163,8090,8188,8162,8162,8119,8151,8172,8140,8135,8086,7.101645708084106,hello,True
52,8152,8177,8166,8173,8106,8202,8170,8162,8148,8189,8193,8140,8155,8086,7.116846323013306,hello,True
53,8138,8168,8169,8161,8103,8198,8157,8168,8141,8169,8161,8134,8135,8087,7.116846323013306,hello,True
54,8128,8156,8161,8162,8107,8205,8178,8159,8150,8160,8147,8122,8129,8068,7.132913827896118,hello,True
55,8134,8144,8143,8150,8113,8201,8181,8157,8153,8170,8150,8121,8139,8076,7.132913827896118,hello,True
56,8140,8152,8157,8129,8106,8192,8161,8178,8146,8156,8147,8138,8147,8095,7.148051500320435,hello,True
57,8134,8149,8137,8141,8109,8175,8159,8159,8159,8152,8157,8130,8163,8073,7.148051500320435,hello,True
58,8133,8141,8129,8118,8110,8150,8130,8160,8123,8124,8126,8125,8134,8068,7.163857936859131,hello,True
59,8143,8157,8140,8123,8122,8160,8123,8164,8120,8138,8132,8133,8148,8076,7.163857936859131,hello,True
60,8166,8169,8151,8135,8139,8166,8126,8164,8142,8159,8172,8154,8182,8088,7.1793506145477295,hello,True
61,8172,8188,8182,8132,8155,8174,8135,8183,8133,8142,8184,8175,8172,8094,7.1793506145477295,hello,True
62,8143,8189,8163,8161,8171,8179,8153,8149,8122,8136,8171,8134,8147,8058,7.194905996322632,hello,True
63,8136,8178,8167,8163,8174,8159,8143,8143,8098,8118,8129,8105,8114,8058,7.194905996322632,hello,True
64,8156,8189,8193,8178,8189,8167,8170,8173,8134,8155,8151,8130,8148,8088,7.211186647415161,hello,True
65,8165,8178,8178,8184,8199,8177,8190,8182,8175,8193,8184,8142,8182,8106,7.211596965789795,hello,True
66,8173,8172,8188,8175,8190,8172,8173,8195,8174,8183,8167,8152,8167,8120,7.226247787475586,hello,True
67,8177,8183,8179,8198,8196,8165,8176,8178,8196,8201,8175,8156,8183,8115,7.226247787475586,hello,True
68,8170,8178,8177,8168,8197,8150,8157,8181,8187,8185,8183,8162,8186,8123,7.242316484451294,hello,True
69,8177,8184,8190,8165,8197,8145,8138,8179,8180,8171,8193,8169,8201,8119,7.242316484451294,hello,True
70,8194,8189,8179,8193,8199,8125,8126,8155,8179,8177,8194,8170,8207,8106,7.258401393890381,hello,True
71,8193,8192,8192,8175,8192,8115,8114,8170,8155,8162,8189,8186,8189,8114,7.258401393890381,hello,True
72,8192,8200,8185,8181,8199,8122,8124,8154,8160,8162,8220,8187,8208,8108,7.275516271591186,hello,True
73,8199,8215,8199,8190,8202,8108,8105,8143,8130,8136,8219,8192,8199,8115,7.275516271591186,hello,True
74,8196,8233,8229,8211,8206,8123,8104,8147,8107,8133,8214,8198,8179,8114,7.275516271591186,hello,True
75,8186,8210,8213,8220,8205,8144,8127,8136,8125,8161,8213,8177,8176,8109,7.290065765380859,hello,True
76,8171,8182,8208,8190,8189,8138,8118,8153,8119,8153,8182,8171,8160,8121,7.305245876312256,hello,True
77,8156,8176,8189,8204,8195,8142,8130,8150,8127,8163,8185,8161,8164,8103,7.305245876312256,hello,True
78,8164,8171,8188,8203,8199,8143,8132,8163,8128,8169,8187,8161,8156,8106,7.32096004486084,hello,True
79,8186,8182,8209,8207,8202,8142,8131,8182,8147,8178,8204,8192,8181,8127,7.32096004486084,hello,True
80,8198,8179,8190,8213,8206,8119,8127,8159,8159,8180,8236,8211,8223,8129,7.335890769958496,hello,True
81,8204,8178,8200,8182,8189,8097,8104,8167,8125,8154,8225,8226,8211,8137,7.335890769958496,hello,True
82,8217,8194,8211,8201,8189,8104,8112,8173,8138,8182,8242,8227,8219,8132,7.351068019866943,hello,True
83,8230,8193,8210,8208,8193,8100,8110,8167,8137,8176,8240,8221,8215,8131,7.351068019866943,hello,True
84,8219,8196,8215,8202,8185,8106,8104,8158,8118,8148,8220,8218,8200,8124,7.366735935211182,hello,True
85,8200,8196,8203,8222,8187,8112,8110,8143,8122,8170,8232,8207,8203,8115,7.366735935211182,hello,True
86,8198,8193,8219,8216,8190,8115,8107,8165,8098,8159,8216,8208,8179,8133,7.38260006904602,hello,True
87,8196,8188,8217,8232,8194,8137,8133,8159,8113,8158,8204,8198,8183,8125,7.38260006904602,hello,True
88,8193,8178,8209,8234,8189,8135,8137,8152,8125,8160,8191,8188,8181,8122,7.39740514755249,hello,True
89,8191,8182,8219,8225,8183,8137,8143,8170,8113,8151,8184,8190,8163,8130,7.39740514755249,hello,True
90,8192,8168,8188,8223,8185,8147,8162,8159,8131,8170,8184,8173,8170,8122,7.41288161277771,hello,True
91,8197,8154,8196,8194,8184,8141,8157,8180,8147,8178,8165,8185,8169,8141,7.41288161277771,hello,True
92,8199,8160,8202,8208,8192,8147,8172,8186,8176,8194,8185,8191,8187,8139,7.42837929725647,hello,True
93,8191,8142,8170,8196,8184,8134,8158,8166,8163,8175,8177,8171,8182,8120,7.42837929725647,hello,True
94,8188,8138,8180,8162,8172,8123,8135,8177,8141,8162,8157,8187,8175,8123,7.443510293960571,hello,True
95,8193,8152,8178,8178,8177,8123,8146,8169,8170,8191,8183,8198,8205,8120,7.443510293960571,hello,True
96,8194,8158,8178,8164,8162,8115,8132,8178,8169,8173,8181,8195,8201,8123,7.458693027496338,hello,True
97,8194,8165,8177,8159,8153,8123,8130,8181,8173,8179,8191,8196,8211,8112,7.458693027496338,hello,True
98,8192,8158,8163,8152,8158,8114,8124,8164,8160,8185,8192,8193,8205,8099,7.474303245544434,hello,True
99,8188,8173,8182,8140,8157,8106,8111,8166,8132,8157,8172,8199,8171,8100,7.474303245544434,hello,True
100,8188,8190,8176,8167,8163,8120,8122,8150,8150,8160,8178,8186,8172,8088,7.490434408187866,hello,True
101,8192,8177,8178,8164,8159,8124,8117,8161,8140,8142,8169,8180,8156,8087,7.490434408187866,hello,True
102,8186,8174,8184,8175,8159,8138,8140,8169,8149,8147,8168,8176,8153,8083,7.506090879440308,hello,True
103,8169,8171,8167,8185,8160,8153,8166,8162,8173,8173,8151,8156,8151,8085,7.506090879440308,hello,True
104,8171,8169,8184,8165,8148,8165,8161,8178,8167,8178,8141,8162,8143,8102,7.521168708801269,hello,True
105,8185,8158,8175,8185,8140,8161,8172,8165,8176,8201,8179,8169,8170,8103,7.521168708801269,hello,True
106,8193,8150,8174,8190,8129,8148,8171,8175,8169,8196,8176,8181,8163,8125,7.536228179931641,hello,True
107,8201,8161,8183,8196,8132,8171,8180,8187,8189,8213,8186,8197,8176,8139,7.536228179931641,hello,True
108,8204,8149,8160,8181,8132,8159,8169,8178,8208,8221,8204,8195,8201,8130,7.552249431610107,hello,True
109,8198,8141,8159,8134,8109,8120,8138,8198,8184,8177,8178,8193,8176,8125,7.552249431610107,hello,True
110,8194,8145,8140,8142,8110,8120,8144,8183,8191,8170,8194,8182,8176,8102,7.567384243011475,hello,True
111,8200,8146,8149,8144,8119,8138,8137,8175,8178,8157,8220,8195,8185,8105,7.567384243011475,hello,True
112,8216,8172,8184,8159,8126,8171,8141,8177,8169,8165,8242,8217,8199,8118,7.582872629165649,hello,True
113,8223,8180,8173,8178,8128,8174,8150,8156,8174,8180,8245,8206,8191,8103,7.598290920257568,sil,False
114,8206,8176,8181,8162,8114,8158,8139,8161,8147,8158,8210,8196,8154,8093,7.598290920257568,sil,False
115,8190,8180,8178,8187,8114,8175,8153,8154,8158,8182,8217,8185,8170,8085,7.598290920257568,sil,False
116,8187,8172,8173,8185,8101,8191,8159,8153,8164,8191,8213,8179,8162,8093,7.61433482170105,sil,False
117,8172,8164,8171,8179,8097,8209,8177,8167,8165,8184,8188,8164,8131,8090,7.61433482170105,sil,False
118,8156,8143,8136,8184,8124,8209,8194,8173,8179,8197,8175,8136,8131,8078,7.630348205566406,sil,False
119,8162,8131,8138,8148,8131,8195,8178,8203,8179,8198,8165,8149,8140,8095,7.630348205566406,sil,False
120,8171,8133,8140,8145,8128,8189,8182,8194,8206,8219,8188,8165,8174,8093,7.646249294281006,sil,False
121,8175,8130,8132,8135,8128,8169,8168,8181,8197,8191,8183,8163,8168,8093,7.646249294281006,sil,False
122,8180,8147,8145,8127,8112,8158,8149,8186,8176,8157,8173,8168,8154,8092,7.6614038944244385,sil,False
123,8180,8147,8143,8139,8093,8149,8138,8156,8175,8168,8188,8164,8168,8075,7.6614038944244385,sil,False
124,8173,8141,8160,8123,8108,8150,8116,8149,8133,8145,8182,8175,8151,8079,7.676972150802612,sil,False
125,8162,8160,8144,8147,8153,8170,8140,8147,8134,8149,8203,8173,8150,8068,7.69233512878418,sil,False
126,8164,8169,8134,8163,8159,8163,8152,8151,8144,8160,8202,8160,8150,8067,7.69233512878418,sil,False
127,8168,8170,8173,8160,8161,8181,8158,8161,8147,8163,8184,8165,8144,8079,7.707840442657471,sil,False
237,8154,8149,8153,8165,8200,8206,8186,8143,8174,8187,8173,8148,8145,8070,7.707840442657471,sil,False
0,8154,8126,8131,8131,8209,8197,8181,8174,8181,8182,8151,8152,8138,8082,7.723267078399658,sil,False
1,8178,8140,8134,8133,8211,8200,8175,8191,8212,8194,8187,8178,8185,8094,7.723267078399658,sil,False
2,8195,8162,8147,8144,8222,8193,8158,8173,8200,8187,8210,8192,8203,8095,7.739278793334961,sil,False
3,8192,8179,8165,8142,8209,8178,8144,8170,8161,8167,8195,8203,8173,8093,7.739278793334961,sil,False
4,8181,8166,8144,8152,8207,8184,8153,8148,8173,8181,8197,8183,8170,8073,7.754791975021362,sil,False
5,8167,8150,8152,8132,8213,8189,8145,8156,8155,8155,8167,8163,8141,8074,7.754791975021362,sil,False
6,8156,8166,8160,8156,8220,8189,8154,8158,8145,8152,8154,8154,8131,8073,7.770323038101196,sil,False
7,8162,8166,8157,8173,8220,8176,8156,8151,8150,8169,8169,8160,8140,8084,7.770323038101196,sil,False
8,8168,8154,8177,8156,8220,8186,8158,8175,8158,8173,8175,8177,8141,8102,7.785878181457519,sil,False
9,8157,8138,8144,8158,8223,8183,8178,8175,8187,8195,8167,8159,8150,8088,7.785878181457519,sil,False
10,8160,8137,8131,8129,8209,8151,8162,8193,8186,8183,8143,8165,8148,8099,7.801827907562256,sil,False
11,8180,8158,8148,8134,8213,8152,8158,8194,8195,8189,8177,8193,8187,8106,7.801827907562256,sil,False
12,8180,8160,8140,8145,8216,8141,8149,8165,8182,8177,8201,8187,8195,8090,7.817210674285889,sil,False
13,8159,8166,8150,8135,8206,8134,8132,8165,8138,8135,8171,8170,8145,8085,7.817210674285889,sil,False
14,8146,8157,8143,8161,8214,8162,8162,8146,8153,8164,8172,8148,8146,8083,7.832241058349609,sil,False
15,8147,8140,8143,8149,8212,8170,8175,8162,8168,8191,8167,8148,8153,8106,7.832241058349609,sil,False
16,8154,8149,8144,8142,8210,8166,8182,8191,8192,8204,8176,8170,8167,8116,7.847834825515747,sil,False
17,8168,8147,8125,8137,8205,8135,8165,8177,8193,8189,8185,8179,8182,8103,7.847834825515747,sil,False
18,8170,8158,8147,8117,8190,8111,8127,8169,8147,8146,8170,8185,8161,8098,7.86334228515625,sil,False
19,8160,8177,8150,8149,8199,8131,8136,8148,8142,8149,8176,8166,8146,8080,7.86334228515625,sil,False
20,8156,8162,8151,8153,8202,8143,8149,8159,8137,8147,8138,8143,8112,8089,7.879349708557129,sil,False
21,8157,8146,8153,8140,8194,8144,8170,8182,8152,8170,8119,8143,8121,8104,7.879349708557129,sil,False
22,8155,8132,8128,8133,8182,8135,8179,8176,8170,8190,8143,8146,8155,8099,7.8949806690216064,sil,False
23,8157,8140,8145,8118,8179,8139,8159,8192,8156,8159,8143,8161,8147,8109,7.8949806690216064,sil,False
24,8171,8161,8152,8146,8195,8149,8159,8182,8178,8173,8162,8165,8168,8106,7.9101173877716064,sil,False
25,8188,8160,8160,8143,8188,8127,8138,8172,8169,8176,8169,8181,8178,8115,7.9101173877716064,sil,False
26,8194,8170,8176,8141,8180,8125,8130,8168,8154,8163,8183,8204,8178,8117,7.924877643585205,sil,False
27,8182,8176,8155,8150,8189,8127,8142,8155,8174,8173,8200,8187,8184,8100,7.924877643585205,sil,False
28,8177,8181,8168,8135,8183,8126,8134,8180,8172,8161,8191,8189,8173,8108,7.940932273864746,sil,False
29,8188,8189,8174,8161,8180,8140,8140,8167,8178,8168,8208,8201,8190,8102,7.940932273864746,sil,False
30,8196,8192,8171,8163,8181,8136,8133,8152,8161,8162,8201,8200,8179,8105,7.956588268280029,sil,False
31,8194,8210,8191,8169,8186,8150,8145,8170,8149,8157,8196,8204,8170,8117,7.956588268280029,sil,False
32,8195,8207,8186,8205,8194,8167,8161,8155,8165,8166,8204,8193,8178,8109,7.972157955169678,sil,False
33,8197,8197,8196,8194,8190,8159,8142,8155,8147,8151,8183,8199,8150,8110,7.972157955169678,sil,False
34,8191,8200,8188,8201,8196,8160,8157,8154,8160,8179,8193,8195,8159,8105,7.987635850906372,sil,False
35,8191,8192,8182,8200,8195,8170,8173,8165,8177,8196,8192,8185,8169,8116,7.987635850906372,sil,False
36,8201,8192,8206,8197,8186,8187,8182,8188,8186,8198,8175,8196,8164,8128,8.003502607345581,sil,False
37,8203,8179,8180,8204,8189,8179,8193,8176,8204,8219,8180,8192,8174,8118,8.003502607345581,sil,False
38,8189,8153,8162,8158,8174,8158,8171,8186,8188,8196,8165,8185,8161,8119,8.01925539970398,sil,False
39,8168,8149,8152,8150,8160,8163,8175,8183,8203,8197,8167,8179,8172,8111,8.01925539970398,sil,False
40,8161,8143,8137,8146,8153,8151,8171,8182,8207,8195,8164,8177,8173,8111,8.04214358329773,sil,False
41,8174,8150,8156,8125,8149,8142,8155,8202,8201,8181,8171,8195,8177,8119,8.04214358329773,sil,False
42,8186,8164,8157,8144,8153,8139,8152,8182,8214,8192,8203,8205,8207,8112,8.04214358329773,sil,False
43,8198,8181,8180,8150,8148,8122,8136,8183,8184,8175,8199,8226,8193,8126,8.051405906677246,sil,False
44,8206,8199,8190,8165,8145,8134,8146,8176,8179,8183,8214,8235,8197,8121,8.066819906234741,sil,False
45,8201,8192,8170,8162,8134,8140,8143,8150,8168,8176,8215,8221,8197,8105,8.066819906234741,sil,False
46,8193,8198,8187,8162,8127,8138,8139,8154,8138,8154,8193,8221,8178,8109,8.081992149353027,sil,False
47,8191,8208,8186,8198,8143,8142,8158,8142,8147,8173,8201,8208,8181,8099,8.081992149353027,sil,False
48,8190,8203,8188,8191,8137,8140,8146,8150,8134,8158,8183,8201,8159,8103,8.097033262252808,sil,False
49,8181,8205,8187,8199,8129,8155,8160,8156,8143,8163,8174,8195,8158,8104,8.097033262252808,sil,False
50,8168,8194,8165,8204,8128,8154,8176,8142,8156,8175,8169,8174,8157,8099,8.112685441970825,sil,False
51,8161,8191,8173,8193,8119,8163,8167,8153,8144,8156,8152,8174,8141,8107,8.112685441970825,sil,False
52,8161,8183,8151,8207,8122,8181,8175,8149,8167,8183,8166,8171,8160,8105,8.128305912017822,sil,False
53,8163,8165,8135,8172,8111,8157,8163,8163,8168,8189,8156,8171,8155,8119,8.128305912017822,sil,False
54,8164,8172,8130,8163,8108,8145,8154,8169,8172,8184,8153,8175,8163,8112,8.144260168075562,sil,False
55,8165,8177,8114,8182,8119,8142,8142,8157,8181,8189,8169,8173,8185,8095,8.144260168075562,sil,False
56,8165,8184,8133,8162,8112,8134,8123,8172,8165,8182,8177,8186,8181,8108,8.160433292388916,sil,False
57,8165,8185,8125,8162,8104,8129,8126,8154,8177,8189,8192,8179,8190,8105,8.160433292388916,sil,False
58,8170,8181,8128,8154,8107,8116,8110,8145,8155,8161,8173,8173,8174,8101,8.176239728927612,sil,False
59,8180,8209,8156,8179,8132,8137,8122,8146,8143,8160,8186,8191,8175,8093,8.176239728927612,sil,False
60,8175,8216,8151,8206,8156,8161,8148,8140,8156,8182,8204,8187,8181,8084,8.191840648651123,sil,False
61,8164,8204,8165,8182,8159,8159,8145,8166,8146,8169,8151,8181,8151,8097,8.191840648651123,sil,False
62,8174,8209,8165,8191,8171,8152,8154,8154,8162,8175,8159,8172,8161,8093,8.207024574279785,sil,False
63,8193,8208,8167,8195,8176,8147,8146,8151,8157,8169,8205,8178,8170,8106,8.207024574279785,sil,False
64,8190,8208,8183,8208,8180,8172,8158,8172,8167,8196,8155,8193,8175,8118,8.222058773040771,sil,False
65,8180,8197,8168,8223,8188,8187,8182,8170,8201,8244,8237,8183,8180,8112,8.222058773040771,sil,False
66,8183,8183,8175,8197,8190,8185,8182,8185,8192,8225,8638,8185,8162,8122,8.237416744232178,sil,False
67,8182,8177,8167,8203,8199,8194,8195,8170,8198,8226,8929,8183,8173,8121,8.237416744232178,sil,False
68,8184,8174,8161,8201,8201,8193,8185,8166,8197,8228,8791,8185,8172,8128,8.253129482269287,sil,False
69,8189,8184,8173,8192,8204,8193,8182,8194,8208,8222,8663,8196,8175,8133,8.253129482269287,sil,False
70,8182,8169,8149,8187,8199,8176,8187,8181,8222,8228,8699,8177,8185,8117,8.26827359199524,sil,False
71,8178,8157,8158,8156,8178,8162,8166,8183,8190,8202,8644,8186,8162,8120,8.26827359199524,sil,False
72,8185,8167,8161,8175,8199,8177,8175,8185,8197,8203,8615,8207,8184,8119,8.283925771713257,sil,False
73,8192,8166,8149,8175,8223,8162,8171,8179,8189,8188,8624,8209,8198,8124,8.283925771713257,sil,False
74,8188,8172,8164,8158,8211,8150,8152,8171,8160,8165,8592,8213,8191,8121,8.299103260040283,sil,False
75,8187,8168,8150,8171,8209,8152,8150,8151,8177,8181,8592,8211,8206,8103,8.31435251235962,sil,False
76,8194,8170,8163,8162,8218,8142,8138,8170,8177,8169,8578,8216,8190,8110,8.31435251235962,sil,False
77,8183,8190,8176,8191,8235,8157,8153,8162,8181,8182,8574,8202,8183,8094,8.330330848693848,sil,False
78,8168,8184,8177,8207,8241,8164,8155,8144,8164,8189,8556,8183,8169,8084,8.330330848693848,sil,False
79,8168,8179,8190,8194,8229,8161,8146,8151,8143,8170,8529,8189,8150,8099,8.345938682556152,sil,False
80,8160,8171,8161,8201,8222,8158,8150,8129,8148,8171,8525,8178,8152,8087,8.345938682556152,sil,False
81,8144,8159,8163,8175,8214,8159,8133,8138,8130,8158,8497,8174,8140,8087,8.361373662948608,sil,False
82,8144,8161,8175,8181,8221,8177,8147,8145,8141,8178,8492,8169,8153,8087,8.361373662948608,sil,False
83,8158,8146,8158,8185,8218,8170,8159,8144,8150,8180,8482,8158,8150,8087,8.376889705657959,sil,False
84,8159,8139,8158,8159,8205,8168,8158,8170,8154,8170,8462,8172,8142,8100,8.376889705657959,sil,False
85,8152,8135,8136,8154,8202,8165,8166,8159,8182,8198,8467,8165,8167,8100,8.392090559005737,sil,False
86,8154,8127,8141,8136,8193,8149,8149,8162,8162,8181,8443,8156,8149,8103,8.392090559005737,sil,False
87,8156,8137,8156,8155,8196,8174,8167,8173,8163,8189,8448,8162,8152,8098,8.408130645751953,sil,False
88,8162,8138,8147,8163,8198,8180,8182,8171,8181,8205,8461,8167,8173,8103,8.408130645751953,sil,False
89,8170,8142,8156,8137,8192,8157,8163,8185,8180,8175,8443,8183,8170,8110,8.42328929901123,sil,False
90,8164,8141,8137,8154,8197,8151,8153,8167,8198,8178,8443,8178,8179,8084,8.42328929901123,sil,False
91,8161,8132,8138,8142,8186,8150,8139,8166,8174,8174,8432,8183,8162,8090,8.438887119293213,sil,False
92,8160,8142,8148,8129,8179,8149,8145,8163,8158,8160,8439,8189,8167,8093,8.438887119293213,sil,False
93,8158,8147,8144,8138,8181,8127,8135,8148,8157,8147,8450,8181,8181,8084,8.454029560089111,sil,False
94,8173,8160,8179,8143,8173,8130,8124,8171,8149,8151,8449,8206,8174,8106,8.454029560089111,sil,False
95,8190,8160,8173,8157,8181,8158,8151,8158,8167,8176,8467,8213,8186,8102,8.469208240509033,sil,False
96,8176,8140,8163,8130,8181,8157,8141,8147,8141,8141,8444,8194,8167,8091,8.469208240509033,sil,False
97,8162,8159,8181,8146,8178,8162,8139,8152,8132,8140,8427,8191,8163,8085,8.484825611114502,sil,False
98,8168,8169,8174,8179,8183,8176,8155,8137,8145,8163,8418,8179,8161,8078,8.484825611114502,sil,False
99,8161,8150,8178,8149,8174,8191,8152,8152,8126,8142,8376,8164,8122,8078,8.49989104270935,sil,False
100,8150,8144,8165,8161,8174,8212,8172,8155,8151,8165,8375,8150,8131,8074,8.49989104270935,sil,False
101,8160,8144,8163,8169,8172,8213,8176,8160,8165,8176,8370,8157,8136,8094,8.51596474647522,sil,False
102,8156,8137,8161,8153,8163,8215,8167,8168,8165,8176,8355,8159,8129,8095,8.51596474647522,sil,False
103,8137,8114,8126,8138,8152,8203,8156,8161,8175,8184,8351,8138,8133,8074,8.53123140335083,sil,False
104,8146,8121,8142,8120,8141,8199,8148,8180,8169,8162,8341,8161,8132,8087,8.53123140335083,sil,False
105,8165,8136,8152,8145,8153,8219,8178,8176,8200,8180,8367,8187,8169,8099,8.547229766845703,sil,False
106,8175,8124,8145,8131,8150,8205,8169,8174,8200,8181,8360,8184,8174,8102,8.547229766845703,sil,False
107,8188,8141,8162,8126,8139,8188,8148,8172,8172,8154,8352,8185,8164,8094,8.561865329742432,sil,False
108,8203,8154,8159,8159,8145,8182,8148,8147,8168,8159,8375,8191,8184,8089,8.561865329742432,sil,False
109,8199,8144,8169,8124,8140,8181,8141,8170,8161,8162,8361,8206,8183,8106,8.577944040298462,sil,False
110,8188,8143,8168,8116,8140,8186,8147,8169,8181,8179,8361,8199,8186,8092,8.577944040298462,sil,False
111,8189,8150,8176,8149,8145,8177,8140,8154,8165,8166,8352,8191,8159,8085,8.593081951141357,sil,False
112,8191,8167,8201,8192,8150,8195,8154,8165,8143,8151,8333,8197,8137,8092,8.593081951141357,sil,False
113,8180,8163,8184,8215,8148,8201,8179,8155,8163,8169,8329,8178,8145,8073,8.609132051467896,sil,False
114,8165,8150,8187,8181,8121,8182,8163,8173,8159,8161,8310,8182,8126,8077,8.609132051467896,sil,False
115,8158,8146,8175,8175,8108,8195,8173,8177,8164,8166,8312,8187,8134,8076,8.624825954437256,sil,False
116,8162,8138,8152,8158,8105,8196,8174,8170,8165,8158,8300,8174,8138,8082,8.624825954437256,sil,False
117,8173,8149,8175,8150,8097,8180,8156,8189,8184,8164,8298,8189,8148,8103,8.640345335006714,sil,False
118,8182,8147,8165,8171,8097,8166,8156,8177,8225,8199,8325,8201,8185,8094,8.640345335006714,sil,False
119,8190,8149,8171,8155,8093,8154,8142,8174,8194,8169,8321,8212,8180,8099,8.655564308166504,sil,False
120,8196,8168,8182,8170,8094,8153,8137,8158,8167,8144,8327,8212,8170,8095,8.655564308166504,sil,False
121,8185,8157,8165,8170,8086,8140,8121,8136,8139,8122,8308,8199,8147,8081,8.671232223510742,sil,False
122,8166,8158,8171,8152,8076,8139,8110,8140,8102,8091,8278,8196,8120,8074,8.671232223510742,sil,False
123,8160,8169,8160,8180,8084,8155,8135,8129,8117,8107,8288,8176,8122,8061,8.686296224594116,sil,False
124,8163,8160,8165,8173,8082,8166,8146,8160,8124,8113,8267,8168,8101,8078,8.686296224594116,sil,False
125,8160,8152,8161,8171,8089,8190,8172,8184,8146,8132,8261,8168,8104,8084,8.701966762542725,sil,False
126,8160,8140,8138,8173,8096,8190,8182,8173,8164,8137,8254,8153,8104,8077,8.701966762542725,sil,False
127,8162,8136,8146,8152,8092,8178,8175,8188,8172,8142,8233,8155,8099,8091,8.717132091522217,sil,False
237,8162,8119,8116,8145,8096,8167,8176,8184,8208,8179,8249,8152,8137,8086,8.732820987701416,sil,False
0,8160,8104,8105,8112,8091,8140,8137,8169,8174,8136,8248,8157,8123,8073,8.732820987701416,sil,False
1,8154,8138,8140,8131,8105,8146,8130,8143,8133,8102,8263,8169,8108,8056,8.732820987701416,sil,False
2,8164,8162,8153,8166,8128,8148,8136,8122,8124,8117,8271,8166,8119,8060,8.748895168304443,sil,False
3,8186,8170,8171,8164,8132,8144,8118,8142,8107,8107,8252,8175,8107,8081,8.764093160629272,sil,False
4,8182,8176,8167,8193,8148,8160,8135,8135,8123,8126,8270,8170,8116,8072,8.764093160629272,sil,False
5,8159,8161,8164,8180,8152,8159,8140,8144,8119,8134,8254,8156,8111,8078,8.7801353931427,sil,False
6,8153,8149,8155,8158,8144,8162,8145,8160,8126,8141,8228,8148,8107,8077,8.7801353931427,sil,False
7,8159,8136,8132,8154,8151,8169,8155,8152,8149,8149,8235,8144,8114,8074,8.7801353931427,sil,False
8,8167,8137,8156,8140,8159,8177,8155,8177,8147,8142,8240,8163,8123,8100,8.795269250869751,sil,False
9,8173,8143,8149,8162,8163,8167,8165,8174,8169,8174,8257,8167,8160,8102,8.810872316360474,hello,True
10,8171,8133,8134,8141,8148,8132,8147,8168,8159,8166,8237,8168,8145,8095,8.810872316360474,hello,True
11,8172,8134,8145,8124,8151,8135,8142,8177,8150,8152,8230,8173,8139,8090,8.825898885726929,hello,True
12,8189,8145,8145,8145,8181,8144,8145,8167,8159,8160,8266,8179,8174,8092,8.825898885726929,hello,True
13,8198,8163,8175,8139,8187,8138,8133,8182,8149,8135,8274,8212,8174,8107,8.841158151626587,hello,True
14,8189,8161,8163,8146,8183,8144,8144,8164,8153,8128,8261,8200,8167,8084,8.841158151626587,hello,True
15,8188,8142,8149,8144,8184,8137,8133,8156,8122,8116,8233,8176,8150,8074,8.85633635520935,hello,True
16,8198,8169,8184,8165,8197,8145,8131,8173,8121,8130,8257,8203,8162,8096,8.85633635520935,hello,True
17,8192,8185,8184,8197,8210,8153,8146,8158,8146,8162,8286,8204,8179,8096,8.87228798866272,hello,True
18,8176,8169,8184,8179,8203,8146,8139,8161,8121,8141,8242,8181,8144,8091,8.87228798866272,hello,True
19,8162,8154,8174,8188,8197,8157,8159,8156,8129,8156,8232,8170,8150,8079,8.887296676635742,hello,True
20,8160,8142,8168,8189,8190,8159,8161,8158,8125,8163,8214,8168,8148,8089,8.887296676635742,hello,True
21,8171,8150,8180,8186,8192,8168,8156,8174,8109,8143,8188,8170,8132,8103,8.903071165084839,hello,True
22,8186,8150,8164,8191,8197,8162,8165,8161,8132,8153,8207,8172,8161,8105,8.903071165084839,hello,True
23,8191,8151,8174,8164,8188,8134,8137,8170,8118,8126,8214,8197,8171,8105,8.918933629989624,hello,True
24,8182,8172,8182,8182,8200,8141,8126,8155,8107,8106,8227,8198,8172,8068,8.918933629989624,hello,True
25,8179,8174,8186,8197,8206,8159,8128,8146,8107,8117,8224,8185,8173,8068,8.933870553970337,hello,True
26,8190,8176,8209,8196,8191,8174,8143,8179,8128,8152,8219,8201,8198,8113,8.933870553970337,hello,True
27,8192,8167,8187,8209,8187,8167,8155,8174,8166,8191,8242,8210,8232,8116,8.949949502944946,hello,True
28,8194,8159,8186,8179,8181,8138,8122,8176,8140,8165,8238,8223,8226,8116,8.949949502944946,hello,True
29,8211,8183,8199,8192,8188,8136,8117,8168,8128,8156,8260,8237,8249,8114,8.965299367904663,hello,True
30,8221,8199,8205,8218,8196,8138,8125,8149,8118,8146,8275,8234,8246,8114,8.965299367904663,hello,True
31,8204,8199,8225,8218,8195,8151,8134,8153,8095,8135,8260,8235,8217,8124,8.981022119522095,hello,True
32,8189,8182,8202,8236,8201,8167,8157,8151,8126,8181,8258,8222,8233,8131,8.981022119522095,hello,True
33,8196,8165,8194,8210,8185,8157,8148,8181,8133,8178,8246,8222,8231,8150,8.996057033538818,hello,True
34,8205,8175,8195,8199,8174,8144,8135,8180,8124,8150,8262,8235,8241,8136,8.996057033538818,hello,True
35,8208,8189,8186,8209,8176,8126,8112,8147,8112,8137,8264,8235,8242,8113,9.01125454902649,hello,True
36,8202,8204,8214,8217,8174,8134,8111,8157,8100,8144,8235,8226,8211,8117,9.01125454902649,hello,True
37,8180,8193,8202,8241,8176,8152,8147,8149,8109,8169,8228,8190,8200,8104,9.027302265167236,hello,True
38,8173,8178,8192,8216,8165,8148,8138,8154,8090,8150,8212,8192,8184,8112,9.027302265167236,hello,True
39,8185,8195,8202,8221,8161,8159,8133,8168,8113,8174,8231,8224,8205,8136,9.043374061584473,hello,True
40,8198,8192,8189,8224,8159,8151,8138,8173,8147,8200,8251,8227,8231,8149,9.043374061584473,hello,True
41,8210,8189,8196,8189,8153,8140,8122,8189,8131,8166,8234,8232,8221,8146,9.059267282485962,hello,True
42,8210,8197,8180,8195,8166,8145,8123,8158,8130,8162,8244,8229,8228,8116,9.059267282485962,hello,True
43,8199,8198,8174,8178,8158,8129,8110,8148,8104,8140,8235,8227,8209,8109,9.074140548706056,hello,True
44,8192,8211,8191,8188,8146,8133,8110,8152,8086,8124,8228,8221,8195,8101,9.074140548706056,hello,True
45,8184,8204,8186,8211,8150,8152,8116,8133,8086,8131,8225,8199,8186,8084,9.089299201965332,hello,True
46,8168,8193,8195,8190,8144,8168,8118,8154,8085,8138,8203,8196,8158,8097,9.089299201965332,hello,True
47,8157,8192,8179,8199,8138,8172,8147,8160,8124,8176,8206,8183,8163,8100,9.104962825775146,hello,True
48,8169,8189,8180,8198,8134,8162,8150,8169,8134,8182,8194,8186,8164,8117,9.104962825775146,hello,True
49,8186,8195,8197,8203,8142,8176,8160,8184,8150,8195,8201,8213,8188,8135,9.120184183120728,hello,True
50,8193,8190,8175,8201,8148,8174,8174,8179,8179,8221,8223,8220,8226,8140,9.120184183120728,hello,True
51,8206,8196,8187,8171,8139,8153,8147,8196,8163,8205,8218,8238,8222,8157,9.135537385940552,hello,True
52,8218,8211,8186,8193,8143,8151,8129,8171,8155,8185,8220,8237,8223,8134,9.135537385940552,hello,True
53,8209,8203,8180,8193,8145,8148,8115,8156,8126,8145,8196,8219,8202,8114,9.150842189788818,hello,True
54,8196,8216,8196,8185,8147,8164,8129,8166,8119,8154,8195,8218,8191,8112,9.150842189788818,hello,True
55,8190,8218,8181,8200,8155,8173,8143,8143,8141,8187,8206,8200,8191,8094,9.16625428199768,hello,True
56,8170,8194,8184,8189,8144,8174,8135,8156,8125,8153,8159,8179,8149,8089,9.16625428199768,hello,True
57,8155,8174,8173,8191,8133,8194,8170,8170,8150,8168,8148,8163,8151,8087,9.18222975730896,hello,True
58,8156,8148,8139,8150,8111,8180,8165,8171,8168,8178,8143,8154,8147,8089,9.18222975730896,hello,True
59,8152,8143,8123,8110,8089,8160,8127,8169,8151,8139,8124,8158,8131,8072,9.197284460067747,hello,True
60,8155,8154,8117,8134,8094,8157,8126,8150,8144,8135,8143,8164,8151,8052,9.212899923324583,hello,True
61,8168,8171,8164,8142,8101,8158,8119,8160,8121,8129,8149,8191,8152,8074,9.212899923324583,hello,True
62,8170,8186,8178,8165,8111,8177,8130,8153,8135,8142,8158,8185,8158,8077,9.228012800216677,hello,True
63,8160,8184,8156,8176,8111,8184,8143,8158,8147,8149,8137,8152,8141,8072,9.228012800216677,hello,True
64,8145,8185,8159,8175,8107,8197,8164,8184,8153,8162,8106,8147,8124,8079,9.243732213974,hello,True
65,8133,8168,8130,8177,8113,8202,8187,8167,8182,8198,8113,8138,8140,8075,9.243732213974,hello,True
66,8144,8159,8125,8153,8114,8186,8172,8182,8175,8185,8114,8143,8140,8089,9.25925898551941,hello,True
67,8153,8173,8126,8167,8124,8182,8178,8187,8188,8188,8129,8153,8157,8085,9.25925898551941,hello,True
68,8146,8160,8106,8137,8129,8171,8170,8171,8186,8186,8119,8149,8161,8077,9.27488374710083,hello,True
69,8144,8164,8118,8104,8134,8175,8147,8182,8158,8155,8107,8160,8151,8079,9.27488374710083,hello,True
70,8156,8194,8122,8167,8157,8174,8157,8167,8167,8154,8137,8161,8160,8064,9.290323972702026,hello,True
71,8165,8209,8142,8187,8164,8158,8155,8168,8155,8140,8125,8156,8137,8067,9.290323972702026,hello,True
72,8159,8209,8152,8178,8178,8186,8178,8173,8169,8157,8121,8146,8134,8068,9.306086540222168,hello,True
73,8143,8181,8129,8170,8192,8207,8193,8168,8180,8173,8111,8130,8130,8067,9.306086540222168,hello,True
74,8124,8157,8131,8146,8171,8203,8181,8172,8153,8163,8075,8125,8102,8069,9.321301698684692,sil,False
75,8114,8143,8112,8151,8168,8208,8195,8155,8166,8187,8083,8110,8112,8056,9.321301698684692,sil,False
76,8121,8134,8099,8132,8198,8201,8195,8174,8168,8179,8094,8120,8121,8072,9.3367280960083,sil,False
77,8135,8147,8113,8114,8186,8184,8177,8185,8151,8161,8102,8154,8137,8086,9.3367280960083,sil,False
78,8140,8161,8118,8127,8135,8165,8158,8152,8132,8146,8110,8151,8146,8068,9.352264642715454,sil,False
79,8134,8175,8103,8165,8173,8167,8161,8136,8132,8128,8123,8125,8142,8052,9.352264642715454,sil,False
80,8139,8176,8102,8176,8257,8179,8167,8130,8136,8119,8129,8121,8133,8054,9.367847204208374,sil,False
81,8131,8162,8141,8122,8234,8181,8151,8153,8096,8099,8068,8134,8086,8074,9.367847204208374,sil,False
82,8103,8141,8114,8118,8191,8186,8186,8162,8119,8137,8030,8106,8079,8061,9.38296675682068,sil,False
83,8106,8116,8075,8123,8206,8178,8207,8168,8161,8163,8040,8092,8098,8059,9.38296675682068,sil,False
84,8135,8130,8112,8094,8208,8177,8183,8199,8153,8138,8062,8134,8108,8092,9.398180484771729,sil,False
85,8135,8132,8099,8092,8192,8166,8167,8174,8157,8146,8096,8145,8140,8079,9.398180484771729,sil,False
86,8124,8126,8087,8083,8188,8140,8136,8156,8136,8123,8091,8141,8132,8062,9.414214849472046,sil,False
87,8150,8180,8133,8124,8213,8161,8144,8159,8130,8105,8109,8161,8131,8069,9.414214849472046,sil,False
88,8168,8204,8148,8162,8234,8177,8165,8144,8140,8131,8139,8168,8145,8075,9.4302978515625,sil,False
89,8141,8177,8150,8132,8219,8175,8152,8154,8120,8142,8113,8160,8115,8082,9.4302978515625,sil,False
90,8123,8166,8146,8151,8223,8206,8178,8148,8146,8170,8105,8138,8110,8073,9.445838689804075,sil,False
91,8138,8167,8153,8169,8234,8223,8205,8160,8167,8178,8101,8138,8116,8088,9.445838689804075,sil,False
92,8141,8157,8156,8150,8218,8217,8207,8183,8173,8179,8098,8157,8124,8104,9.461058139801024,sil,False
93,8123,8123,8108,8128,8190,8194,8195,8165,8180,8186,8092,8135,8123,8083,9.461058139801024,sil,False
94,8123,8111,8101,8098,8170,8176,8169,8173,8168,8167,8065,8126,8100,8077,9.475749492645264,sil,False
95,8134,8132,8113,8115,8184,8184,8168,8175,8181,8182,8086,8144,8130,8072,9.475749492645264,sil,False
96,8137,8140,8110,8112,8195,8169,8151,8167,8162,8156,8099,8163,8144,8067,9.491198301315308,sil,False
97,8136,8160,8130,8103,8192,8165,8140,8165,8140,8121,8099,8173,8131,8062,9.491198301315308,sil,False
98,8135,8174,8129,8136,8199,8179,8152,8138,8143,8139,8111,8150,8132,8046,9.507274627685549,sil,False
99,8133,8171,8136,8141,8196,8181,8152,8148,8119,8127,8095,8142,8109,8050,9.507274627685549,sil,False
100,8119,8165,8141,8152,8195,8196,8178,8157,8134,8132,8102,8143,8109,8049,9.523152828216553,sil,False
101,8104,8148,8135,8148,8196,8203,8187,8152,8146,8148,8091,8127,8099,8058,9.523152828216553,sil,False
102,8102,8148,8136,8144,8192,8205,8187,8161,8138,8155,8062,8120,8083,8070,9.538170099258425,sil,False
103,8108,8145,8113,8160,8188,8205,8201,8160,8169,8177,8076,8125,8116,8067,9.538170099258425,sil,False
104,8115,8125,8121,8120,8175,8196,8184,8185,8184,8179,8085,8143,8127,8085,9.553945779800417,sil,False
105,8118,8116,8119,8109,8168,8186,8181,8186,8195,8195,8092,8143,8135,8085,9.553945779800417,sil,False
106,8122,8116,8102,8115,8159,8163,8175,8175,8192,8186,8079,8133,8142,8077,9.56935739517212,sil,False
107,8142,8137,8131,8111,8158,8165,8163,8193,8181,8166,8083,8157,8156,8094,9.56935739517212,sil,False
108,8165,8149,8139,8133,8175,8173,8169,8181,8192,8179,8128,8179,8187,8097,9.585408210754396,sil,False
109,8168,8145,8148,8125,8170,8150,8147,8176,8173,8152,8128,8190,8169,8097,9.585408210754396,sil,False
110,8165,8161,8159,8139,8170,8154,8141,8165,8164,8142,8128,8184,8164,8083,9.60119891166687,sil,False
111,8160,8172,8149,8152,8176,8160,8138,8149,8152,8137,8130,8163,8156,8066,9.601561307907104,sil,False
112,8143,8172,8152,8136,8165,8154,8123,8149,8127,8110,8110,8156,8121,8052,9.616250276565552,sil,False
113,8120,8157,8132,8142,8163,8164,8135,8123,8136,8121,8104,8134,8111,8028,9.616250276565552,sil,False
114,8109,8147,8128,8133,8163,8182,8144,8138,8130,8121,8082,8121,8098,8042,9.63196873664856,sil,False
115,8104,8159,8136,8149,8169,8204,8166,8162,8151,8148,8090,8127,8117,8059,9.63196873664856,sil,False
116,8102,8144,8122,8167,8167,8196,8176,8154,8176,8186,8095,8123,8130,8065,9.647987842559814,sil,False
117,8110,8135,8146,8156,8155,8192,8165,8164,8159,8172,8065,8128,8106,8081,9.647987842559814,sil,False
118,8123,8150,8143,8161,8158,8201,8171,8152,8163,8173,8067,8121,8114,8074,9.663188934326172,sil,False
119,8130,8144,8124,8138,8146,8185,8163,8157,8153,8167,8064,8121,8111,8077,9.663188934326172,sil,False
120,8128,8134,8125,8137,8137,8183,8170,8173,8164,8167,8082,8143,8124,8081,9.67834973335266,sil,False
121,8132,8133,8116,8137,8138,8177,8165,8171,8183,8169,8101,8149,8147,8082,9.693806886672974,sil,False
122,8149,8150,8138,8118,8128,8165,8143,8191,8173,8156,8087,8162,8147,8094,9.693806886672974,sil,False
123,8156,8164,8141,8146,8128,8156,8146,8170,8187,8162,8111,8172,8177,8078,9.71040415763855,sil,False
124,8147,8166,8145,8137,8128,8136,8122,8144,8154,8131,8125,8175,8175,8063,9.71040415763855,sil,False
125,8130,8186,8172,8136,8137,8156,8125,8144,8128,8134,8121,8165,8153,8063,9.71040415763855,sil,False
126,8124,8174,8158,8170,8142,8182,8162,8137,8150,8180,8105,8131,8134,8066,9.726093769073486,sil,False
127,8129,8151,8149,8159,8118,8179,8160,8151,8145,8175,8069,8124,8112,8077,9.726093769073486,sil,False
237,8122,8145,8133,8149,8110,8181,8165,8149,8160,8185,8072,8124,8133,8069,9.741124629974363,sil,False
0,8108,8125,8126,8122,8105,8184,8167,8158,8166,8186,8075,8126,8136,8073,9.756837844848633,sil,False
1,8114,8123,8140,8109,8092,8188,8164,8173,8165,8174,8083,8148,8134,8084,9.756837844848633,sil,False
2,8130,8134,8133,8128,8093,8181,8163,8165,8174,8180,8096,8150,8151,8079,9.772563934326172,sil,False
3,8133,8138,8149,8117,8086,8175,8155,8190,8173,8164,8079,8156,8150,8082,9.772563934326172,sil,False
4,8136,8144,8146,8132,8086,8184,8163,8178,8188,8162,8109,8166,8171,8063,9.772563934326172,sil,False
5,8152,8157,8145,8142,8098,8174,8137,8152,8161,8140,8124,8168,8163,8053,9.788127422332764,sil,False
6,8161,8179,8176,8149,8108,8172,8116,8156,8131,8133,8111,8174,8150,8061,9.80336093902588,sil,False
7,8152,8170,8156,8158,8109,8168,8127,8139,8136,8151,8114,8160,8158,8055,9.80336093902588,sil,False
8,8141,8155,8140,8138,8108,8164,8124,8141,8111,8124,8095,8149,8135,8050,9.819384574890137,sil,False
9,8126,8160,8143,8165,8123,8188,8143,8133,8113,8128,8088,8129,8123,8029,9.819384574890137,sil,False
10,8112,8148,8144,8177,8125,8202,8155,8133,8124,8144,8075,8114,8112,8038,9.835023403167725,sil,False
11,8118,8142,8153,8161,8127,8219,8173,8162,8139,8161,8071,8133,8114,8072,9.835023403167725,sil,False
12,8124,8143,8133,8174,8144,8223,8189,8152,8157,8181,8083,8131,8138,8067,9.850201845169067,sil,False
13,8112,8133,8135,8158,8140,8199,8154,8153,8125,8149,8061,8122,8121,8066,9.850201845169067,sil,False
14,8108,8123,8129,8149,8135,8197,8149,8159,8133,8163,8071,8123,8131,8070,9.866079330444336,sil,False
15,8128,8119,8116,8137,8144,8189,8164,8166,8163,8188,8084,8134,8154,8082,9.866079330444336,sil,False
16,8149,8138,8145,8133,8156,8173,8162,8189,8169,8172,8091,8162,8165,8102,9.88134217262268,sil,False
17,8159,8139,8141,8148,8168,8161,8153,8176,8177,8167,8116,8172,8188,8096,9.88134217262268,sil,False
18,8165,8143,8147,8128,8168,8145,8125,8168,8145,8144,8109,8177,8174,8087,9.89686894416809,sil,False
19,8155,8166,8161,8140,8175,8154,8128,8147,8122,8137,8108,8170,8166,8060,9.89686894416809,sil,False
20,8146,8162,8153,8149,8187,8158,8139,8127,8107,8129,8105,8149,8159,8049,9.912163257598875,sil,False
21,8146,8168,8169,8142,8195,8165,8140,8140,8089,8114,8086,8152,8136,8059,9.912163257598875,sil,False
22,8137,8173,8156,8169,8202,8175,8150,8125,8108,8131,8083,8134,8129,8037,9.9277925491333,sil,False
23,8124,8149,8150,8153,8185,8168,8142,8135,8101,8119,8058,8111,8107,8040,9.9277925491333,sil,False
24,8122,8147,8156,8147,8187,8184,8159,8147,8109,8127,8057,8112,8116,8054,9.94382667541504,sil,False
25,8132,8151,8148,8163,8206,8200,8178,8143,8131,8164,8069,8116,8132,8056,9.94382667541504,sil,False
26,8135,8152,8163,8159,8205,8200,8179,8173,8133,8181,8069,8130,8128,8068,9.959354400634766,sil,False
27,8131,8141,8146,8169,8204,8194,8191,8173,8154,8203,8088,8132,8154,8066,9.959354400634766,sil,False
28,8127,8120,8131,8139,8189,8168,8165,8174,8145,8181,8076,8137,8150,8073,9.974886894226074,sil,False
29,8125,8124,8137,8124,8175,8163,8153,8182,8154,8177,8081,8149,8160,8081,9.974886894226074,sil,False
30,8133,8130,8128,8133,8179,8153,8153,8180,8175,8192,8105,8151,8187,8082,9.990311622619627,sil,False
31,8146,8138,8142,8119,8183,8142,8136,8186,8154,8166,8096,8160,8185,8083,9.990311622619627,sil,False
32,8151,8148,8140,8135,8191,8146,8141,8160,8156,8162,8111,8158,8201,8060,10.006231546401978,sil,False
33,8153,8150,8145,8127,8184,8137,8128,8155,8144,8150,8114,8164,8190,8058,10.006231546401978,sil,False
34,8163,8168,8166,8132,8183,8144,8128,8166,8134,8140,8120,8182,8188,8063,10.022296905517578,sil,False
35,8157,8176,8161,8158,8195,8153,8138,8145,8128,8133,8123,8163,8185,8054,10.022296905517578,sil,False
36,8132,8168,8164,8147,8191,8161,8137,8150,8111,8125,8082,8136,8146,8056,10.04410171508789,sil,False
37,8118,8153,8141,8150,8188,8175,8172,8160,8149,8173,8069,8117,8150,8053,10.04410171508789,sil,False
38,8131,8141,8129,8136,8178,8167,8178,8181,8169,8190,8070,8122,8161,8076,10.04410171508789,sil,False
39,8152,8155,8152,8136,8177,8161,8160,8187,8167,8177,8098,8149,8177,8094,10.053807735443115,sil,False
40,8164,8155,8146,8141,8184,8146,8148,8158,8165,8166,8127,8157,8201,8075,10.069038152694702,sil,False
41,8166,8163,8162,8121,8174,8141,8130,8160,8127,8130,8108,8167,8184,8062,10.069038152694702,sil,False
42,8153,8186,8165,8152,8175,8164,8141,8141,8113,8135,8104,8151,8165,8043,10.084221363067629,sil,False
43,8136,8174,8148,8161,8174,8174,8150,8135,8101,8139,8081,8121,8136,8047,10.084221363067629,sil,False
44,8124,8153,8147,8140,8166,8183,8167,8163,8116,8149,8063,8126,8137,8066,10.100358486175535,sil,False
45,8123,8133,8118,8133,8160,8175,8180,8165,8160,8176,8082,8130,8172,8070,10.100358486175535,sil,False
46,8131,8130,8123,8108,8154,8155,8153,8177,8150,8160,8086,8144,8176,8080,10.115949392318726,sil,False
47,8145,8148,8138,8121,8163,8159,8156,8171,8158,8170,8106,8157,8190,8070,10.115949392318726,sil,False
48,8164,8159,8147,8131,8160,8149,8167,8176,8170,8179,8114,8167,8197,8079,10.131181478500366,sil,False
49,8171,8184,8176,8142,8157,8149,8171,8192,8160,8166,8122,8182,8196,8090,10.131181478500366,sil,False
50,8166,8194,8164,8164,8173,8159,8166,8156,8156,8168,8136,8164,8199,8062,10.14627242088318,sil,False
51,8159,8178,8158,8134,8167,8151,8138,8153,8136,8153,8113,8154,8174,8064,10.14627242088318,sil,False
52,8160,8178,8161,8139,8163,8151,8148,8166,8153,8165,8130,8165,8191,8072,10.161905288696287,sil,False
53,8164,8186,8166,8162,8175,8156,8152,8160,8153,8174,8148,8170,8198,8063,10.161905288696287,sil,False
54,8163,8201,8188,8169,8181,8177,8151,8162,8135,8168,8134,8166,8166,8066,10.177523374557495,sil,False
55,8159,8190,8173,8189,8181,8194,8184,8151,8163,8193,8139,8148,8172,8074,10.177523374557495,sil,False
56,8155,8163,8168,8165,8167,8187,8194,8170,8166,8195,8123,8149,8174,8093,10.19282054901123,sil,False
57,8153,8151,8159,8146,8149,8187,8198,8176,8179,8203,8114,8152,8185,8089,10.19282054901123,sil,False
58,8160,8141,8140,8136,8132,8167,8192,8173,8205,8204,8115,8153,8193,8089,10.20891499519348,sil,False
59,8173,8155,8161,8128,8122,8151,8179,8202,8201,8191,8122,8182,8195,8108,10.20891499519348,sil,False
60,8170,8157,8147,8133,8126,8147,8175,8190,8194,8195,8139,8181,8210,8091,10.224111795425417,sil,False
61,8161,8143,8140,8106,8117,8136,8148,8184,8168,8159,8118,8170,8186,8080,10.224111795425417,sil,False
62,8169,8172,8165,8132,8131,8151,8151,8181,8173,8159,8132,8186,8184,8083,10.24017596244812,sil,False
63,8175,8195,8166,8159,8156,8157,8153,8158,8165,8171,8155,8190,8191,8079,10.24017596244812,sil,False
64,8162,8184,8161,8122,8141,8155,8130,8146,8115,8130,8130,8177,8161,8065,10.254976511001589,sil,False
65,8152,8171,8136,8120,8118,8150,8133,8121,8111,8118,8116,8152,8152,8037,10.254976511001589,sil,False
66,8152,8179,8144,8119,8110,8133,8128,8134,8101,8109,8103,8158,8137,8045,10.271220922470093,sil,False
67,8145,8197,8162,8123,8119,8154,8138,8145,8106,8118,8116,8170,8136,8052,10.271220922470093,sil,False
68,8129,8184,8144,8138,8128,8177,8155,8126,8119,8136,8121,8140,8134,8036,10.286028623580933,sil,False
69,8114,8175,8151,8142,8120,8180,8156,8146,8109,8141,8092,8125,8112,8039,10.286028623580933,sil,False
70,8106,8174,8141,8164,8112,8191,8174,8150,8133,8175,8096,8126,8126,8046,10.301599502563477,sil,False
71,8119,8164,8135,8150,8100,8197,8174,8161,8144,8172,8093,8132,8126,8064,10.317256689071655,sil,False
72,8131,8167,8149,8152,8100,8198,8179,8177,8154,8168,8088,8139,8124,8066,10.317256689071655,sil,False
73,8127,8159,8135,8159,8096,8173,8184,8174,8170,8186,8094,8130,8129,8065,10.317256689071655,sil,False
74,8139,8154,8140,8121,8076,8142,8164,8199,8170,8176,8101,8149,8139,8089,10.332882165908812,sil,False
75,8160,8167,8135,8127,8084,8142,8158,8191,8189,8192,8135,8169,8178,8083,10.34803819656372,sil,False
76,8156,8163,8128,8130,8096,8150,8146,8175,8168,8179,8121,8160,8159,8074,10.34803819656372,sil,False
77,8146,8160,8133,8127,8097,8157,8159,8175,8157,8152,8103,8149,8138,8073,10.363935232162476,sil,False
78,8158,8166,8124,8142,8110,8144,8158,8162,8168,8153,8125,8154,8165,8068,10.363935232162476,sil,False
79,8166,8183,8153,8145,8118,8144,8125,8165,8126,8138,8126,8164,8150,8070,10.379372596740724,sil,False
80,8149,8192,8158,8176,8134,8164,8142,8141,8109,8145,8125,8137,8130,8054,10.379372596740724,sil,False
81,8138,8187,8143,8176,8144,8151,8148,8134,8100,8136,8116,8126,8127,8056,10.3954017162323,sil,False
82,8147,8208,8167,8186,8153,8165,8150,8157,8101,8137,8119,8148,8139,8074,10.3954017162323,sil,False
83,8151,8204,8165,8217,8164,8194,8172,8152,8134,8162,8125,8134,8142,8076,10.3954017162323,sil,False
84,8138,8173,8153,8191,8156,8184,8168,8166,8138,8154,8103,8122,8121,8089,10.410880327224731,sil,False
85,8126,8166,8133,8179,8160,8184,8181,8178,8165,8181,8125,8127,8151,8093,10.42684245109558,sil,False
86,8136,8160,8121,8167,8165,8183,8186,8191,8180,8196,8136,8131,8163,8103,10.42684245109558,sil,False
87,8151,8156,8131,8158,8161,8172,8181,8202,8172,8182,8127,8141,8152,8114,10.42684245109558,sil,False
88,8147,8145,8107,8167,8169,8160,8186,8169,8176,8190,8141,8135,8165,8099,10.442885637283323,sil,False
89,8142,8141,8115,8149,8176,8158,8173,8172,8166,8183,8132,8133,8159,8103,10.458776712417604,sil,False
90,8154,8152,8125,8161,8187,8169,8172,8181,8194,8199,8147,8143,8177,8102,10.458776712417604,sil,False
91,8156,8138,8108,8148,8184,8146,8154,8174,8194,8189,8152,8144,8179,8096,10.474378824234009,sil,False
92,8146,8138,8118,8118,8174,8132,8133,8184,8159,8154,8139,8150,8166,8094,10.474378824234009,sil,False
93,8155,8152,8119,8143,8185,8143,8143,8168,8157,8158,8150,8143,8178,8077,10.489904642105104,sil,False
94,8166,8159,8133,8145,8191,8145,8131,8163,8129,8133,8145,8151,8157,8078,10.489904642105104,sil,False
95,8157,8177,8139,8151,8195,8150,8123,8145,8112,8124,8161,8157,8153,8074,10.489904642105104,sil,False
96,8154,8184,8129,8156,8198,8143,8117,8127,8113,8122,8157,8143,8155,8075,10.505187273025513,sil,False
97,8162,8192,8156,8161,8201,8155,8128,8152,8121,8117,8135,8145,8135,8093,10.519928693771362,sil,False
98,8158,8193,8153,8189,8211,8172,8161,8155,8142,8152,8147,8135,8138,8091,10.519928693771362,sil,False
99,8145,8183,8153,8174,8197,8157,8155,8170,8126,8154,8128,8134,8126,8100,10.535094976425173,sil,False
100,8135,8179,8156,8176,8190,8160,8163,8168,8132,8151,8117,8134,8125,8099,10.535094976425173,sil,False
101,8128,8158,8125,8171,8194,8172,8181,8153,8137,8155,8115,8115,8122,8092,10.551139116287231,sil,False
102,8128,8154,8124,8142,8184,8180,8181,8184,8134,8158,8106,8129,8125,8109,10.551139116287231,sil,False
103,8132,8152,8119,8153,8181,8180,8184,8183,8178,8194,8127,8141,8160,8117,10.566559314727783,sil,False
104,8131,8128,8108,8128,8170,8149,8156,8177,8170,8182,8108,8122,8138,8120,10.566559314727783,sil,False
105,8123,8121,8094,8105,8164,8135,8138,8169,8146,8156,8087,8102,8119,8095,10.582640171051024,sil,False
106,8128,8130,8081,8109,8165,8125,8125,8152,8146,8149,8105,8115,8148,8081,10.582640171051024,sil,False
107,8150,8148,8115,8108,8163,8111,8098,8169,8131,8142,8132,8159,8166,8107,10.598258018493652,hello,True
108,8160,8153,8122,8139,8177,8114,8106,8168,8142,8160,8157,8165,8184,8103,10.598258018493652,hello,True
109,8162,8155,8124,8140,8184,8122,8118,8176,8141,8147,8146,8165,8177,8102,10.613340616226196,hello,True
110,8162,8182,8144,8147,8186,8141,8138,8172,8136,8145,8155,8174,8177,8105,10.613340616226196,hello,True
111,8147,8177,8132,8167,8186,8136,8149,8144,8127,8149,8153,8149,8161,8089,10.628844022750854,hello,True
112,8126,8162,8141,8157,8173,8136,8152,8158,8108,8127,8114,8134,8124,8094,10.628844022750854,hello,True
113,8129,8170,8147,8183,8179,8170,8189,8162,8143,8167,8129,8137,8149,8108,10.644270420074465,hello,True
114,8141,8166,8149,8186,8182,8181,8191,8165,8153,8191,8132,8140,8156,8127,10.644270420074465,hello,True
115,8131,8156,8145,8167,8171,8181,8180,8172,8147,8173,8110,8138,8146,8120,10.660096168518066,hello,True
116,8121,8138,8110,8147,8159,8166,8181,8160,8153,8166,8107,8134,8152,8108,10.660096168518066,hello,True
117,8138,8135,8118,8122,8150,8149,8170,8181,8141,8168,8114,8157,8148,8131,10.67538046836853,hello,True
118,8155,8146,8127,8147,8156,8148,8180,8180,8163,8198,8149,8160,8175,8130,10.67538046836853,hello,True
119,8157,8144,8131,8143,8151,8127,8156,8175,8161,8176,8159,8161,8182,8124,10.691047430038452,hello,True
120,8173,8168,8161,8135,8149,8117,8129,8182,8147,8158,8174,8200,8192,8129,10.691047430038452,hello,True
121,8191,8200,8171,8168,8167,8131,8139,8160,8159,8187,8204,8212,8216,8130,10.706238269805908,hello,True
122,8184,8216,8188,8173,8167,8136,8138,8160,8136,8167,8183,8198,8189,8133,10.706238269805908,hello,True
123,8158,8202,8175,8182,8155,8136,8142,8149,8125,8156,8166,8171,8165,8102,10.72205662727356,hello,True
124,8137,8167,8147,8165,8142,8139,8136,8141,8119,8150,8135,8139,8138,8084,10.72205662727356,hello,True
125,8127,8162,8149,8151,8136,8164,8152,8154,8130,8146,8097,8128,8121,8094,10.737672567367554,hello,True
126,8126,8159,8120,8159,8140,8161,8183,8154,8158,8169,8095,8121,8138,8091,10.737672567367554,hello,True
127,8127,8148,8111,8129,8136,8134,8171,8180,8147,8153,8085,8130,8137,8096,10.753334045410156,hello,True
237,8127,8155,8115,8132,8136,8144,8166,8179,8160,8142,8101,8134,8157,8089,10.753334045410156,hello,True
0,8136,8161,8114,8133,8126,8133,8141,8159,8149,8123,8112,8137,8163,8081,10.768875360488892,hello,True
1,8150,8186,8147,8141,8129,8117,8115,8155,8105,8104,8115,8162,8145,8088,10.768875360488892,hello,True
2,8157,8203,8158,8189,8150,8132,8132,8126,8107,8129,8132,8155,8142,8091,10.784005880355837,hello,True
3,8146,8182,8161,8177,8140,8148,8143,8139,8110,8133,8110,8142,8124,8112,10.784005880355837,hello,True
4,8128,8167,8148,8177,8131,8160,8164,8163,8139,8158,8118,8151,8140,8114,10.800193071365356,hello,True
5,8142,8161,8131,8177,8132,8147,8162,8167,8160,8181,8142,8166,8165,8121,10.800193071365356,hello,True
6,8161,8158,8145,8136,8120,8136,8142,8181,8152,8174,8143,8183,8169,8142,10.815748691558838,hello,True
7,8161,8156,8132,8139,8118,8131,8139,8172,8163,8173,8152,8181,8188,8129,10.815748691558838,hello,True
8,8174,8181,8147,8168,8121,8123,8115,8173,8136,8134,8158,8201,8186,8126,10.830897331237791,hello,True
9,8188,8224,8177,8213,8128,8128,8119,8154,8115,8127,8186,8215,8194,8118,10.830897331237791,hello,True
10,8172,8219,8173,8212,8131,8115,8127,8130,8113,8136,8186,8191,8185,8107,10.846670150756836,hello,True
11,8160,8210,8186,8193,8121,8121,8115,8147,8105,8127,8166,8186,8158,8116,10.846670150756836,hello,True
12,8166,8212,8181,8228,8118,8149,8135,8139,8124,8157,8176,8183,8174,8115,10.862516164779665,hello,True
13,8159,8189,8172,8217,8105,8157,8150,8148,8126,8171,8146,8171,8165,8123,10.862516164779665,hello,True
14,8144,8167,8161,8191,8093,8164,8160,8157,8138,8179,8132,8164,8161,8123,10.87860918045044,hello,True
15,8154,8154,8141,8180,8085,8147,8149,8145,8143,8171,8143,8162,8172,8124,10.87860918045044,hello,True
16,8180,8164,8169,8176,8076,8124,8136,8166,8133,8154,8141,8188,8175,8144,10.894171237945557,hello,True
17,8192,8173,8165,8195,8088,8125,8150,8171,8166,8174,8166,8199,8201,8140,10.894171237945557,hello,True
18,8192,8171,8154,8172,8093,8115,8128,8179,8155,8151,8165,8202,8195,8137,10.910287618637083,hello,True
19,8191,8190,8169,8178,8100,8117,8126,8179,8136,8135,8167,8210,8192,8131,10.910287618637083,hello,True
20,8183,8191,8156,8199,8116,8128,8148,8155,8130,8136,8168,8183,8184,8115,10.926171779632568,hello,True
21,8169,8177,8155,8179,8114,8131,8142,8162,8102,8103,8136,8157,8142,8105,10.926171779632568,hello,True
22,8149,8171,8139,8198,8123,8135,8151,8150,8114,8108,8127,8139,8138,8082,10.94189190864563,hello,True
23,8140,8169,8132,8204,8134,8136,8159,8152,8117,8119,8104,8128,8131,8096,10.94189190864563,hello,True
24,8150,8175,8146,8202,8140,8161,8182,8174,8141,8153,8098,8135,8136,8129,10.957077741622925,hello,True
25,8164,8158,8127,8211,8152,8172,8198,8171,8182,8189,8112,8137,8156,8136,10.957077741622925,hello,True
26,8160,8153,8130,8197,8166,8167,8183,8182,8175,8170,8098,8150,8147,8142,10.97307014465332,hello,True
27,8154,8164,8123,8198,8181,8169,8184,8173,8190,8177,8108,8146,8162,8125,10.97307014465332,hello,True
28,8163,8153,8108,8177,8173,8149,8163,8170,8180,8168,8109,8139,8168,8115,10.98829460144043,hello,True
29,8166,8160,8119,8169,8173,8138,8144,8178,8150,8142,8115,8157,8167,8108,10.98829460144043,hello,True
30,8165,8168,8112,8175,8186,8122,8136,8145,8139,8129,8130,8158,8166,8089,11.003859043121338,hello,True
31,8166,8169,8129,8149,8180,8115,8121,8141,8109,8093,8116,8153,8136,8094,11.003859043121338,hello,True
32,8152,8176,8128,8170,8195,8144,8147,8141,8117,8110,8117,8135,8132,8089,11.019338369369509,hello,True
33,8130,8169,8119,8180,8217,8160,8169,8147,8126,8140,8100,8115,8118,8088,11.019338369369509,hello,True
34,8129,8166,8140,8171,8217,8175,8182,8164,8129,8157,8084,8117,8106,8098,11.035415887832642,hello,True
35,8135,8152,8120,8173,8207,8182,8200,8153,8147,8182,8088,8110,8117,8094,11.035415887832642,hello,True
36,8131,8137,8113,8140,8193,8164,8183,8171,8136,8161,8063,8113,8100,8100,11.0509352684021,hello,True
37,8139,8144,8113,8142,8200,8155,8175,8175,8149,8151,8073,8125,8120,8093,11.0509352684021,hello,True
38,8157,8143,8107,8140,8202,8139,8161,8168,8150,8149,8092,8140,8148,8095,11.066217422485352,hello,True
39,8160,8155,8125,8122,8193,8126,8142,8175,8133,8137,8096,8153,8149,8099,11.082186222076416,hello,True
40,8160,8172,8130,8148,8202,8126,8147,8156,8138,8136,8123,8143,8155,8081,11.082186222076416,hello,True
41,8168,8190,8152,8163,8213,8134,8143,8157,8114,8106,8125,8147,8134,8088,11.082186222076416,hello,True
42,8156,8202,8156,8187,8223,8155,8155,8141,8113,8114,8119,8140,8127,8084,11.097562313079834,hello,True
43,8136,8183,8146,8188,8222,8157,8166,8136,8124,8137,8103,8118,8116,8081,11.097562313079834,hello,True
44,8135,8172,8159,8170,8216,8168,8181,8172,8134,8154,8099,8126,8110,8099,11.11352515220642,sil,False
45,8134,8160,8137,8179,8219,8190,8208,8164,8162,8188,8118,8133,8134,8100,11.11352515220642,sil,False
46,8139,8153,8141,8160,8198,8165,8185,8174,8156,8176,8108,8147,8131,8112,11.12905764579773,sil,False
47,8165,8178,8164,8159,8183,8133,8162,8184,8159,8167,8141,8177,8159,8116,11.12905764579773,sil,False
48,8187,8200,8172,8173,8195,8120,8144,8160,8145,8149,8176,8197,8174,8112,11.14496111869812,sil,False
49,8191,8224,8218,8210,8208,8147,8145,8160,8121,8129,8168,8212,8143,8124,11.14496111869812,sil,False
50,8183,8221,8221,8262,8208,8176,8184,8160,8159,8169,8175,8201,8152,8128,11.160048246383669,sil,False
51,8170,8181,8194,8217,8187,8157,8178,8176,8166,8171,8157,8198,8159,8141,11.160048246383669,sil,False
52,8177,8180,8183,8187,8185,8137,8158,8175,8164,8159,8161,8217,8174,8132,11.176643371582031,sil,False
53,8199,8206,8189,8214,8195,8122,8140,8151,8157,8150,8191,8225,8184,8120,11.176643371582031,sil,False
54,8202,8224,8225,8231,8194,8134,8138,8158,8126,8136,8193,8230,8166,8132,11.191172122955322,sil,False
55,8197,8215,8217,8261,8205,8173,8187,8156,8152,8175,8190,8213,8169,8134,11.206706523895264,sil,False
56,8193,8185,8191,8230,8190,8169,8192,8170,8175,8188,8166,8200,8166,8147,11.206706523895264,sil,False
57,8185,8171,8175,8183,8156,8141,8166,8174,8172,8172,8167,8207,8185,8141,11.221892833709717,sil,False
58,8184,8174,8157,8180,8159,8120,8151,8151,8160,8160,8179,8203,8192,8115,11.221892833709717,sil,False
59,8183,8194,8181,8190,8190,8136,8154,8157,8143,8147,8159,8195,8150,8116,11.237035989761353,sil,False
60,8153,8185,8166,8200,8204,8168,8176,8140,8154,8156,8136,8164,8130,8101,11.237035989761353,sil,False
61,8126,8150,8141,8170,8176,8161,8164,8143,8135,8142,8099,8141,8110,8087,11.252278566360474,sil,False
62,8128,8150,8148,8170,8165,8163,8167,8166,8150,8162,8099,8146,8115,8088,11.252278566360474,sil,False
63,8139,8145,8132,8171,8171,8160,8183,8162,8190,8190,8110,8144,8136,8093,11.268355369567873,sil,False
64,8150,8142,8135,8125,8154,8145,8167,8178,8183,8165,8092,8157,8131,8106,11.268355369567873,sil,False
65,8160,8159,8128,8132,8153,8132,8157,8172,8186,8167,8115,8165,8154,8097,11.284034252166748,sil,False
66,8163,8162,8126,8132,8148,8105,8129,8157,8158,8152,8119,8166,8147,8089,11.284034252166748,sil,False
67,8164,8171,8149,8130,8147,8118,8129,8156,8134,8132,8113,8172,8127,8080,11.29910683631897,sil,False
68,8161,8177,8149,8156,8169,8149,8157,8144,8155,8147,8129,8159,8134,8071,11.29910683631897,sil,False
69,8143,8181,8162,8153,8169,8157,8151,8153,8146,8140,8113,8154,8108,8085,11.31474757194519,sil,False
70,8131,8183,8156,8170,8159,8172,8164,8143,8146,8154,8102,8140,8100,8077,11.31474757194519,sil,False
71,8131,8155,8136,8153,8151,8175,8185,8150,8149,8153,8075,8120,8101,8080,11.3303484916687,sil,False
72,8121,8140,8131,8118,8146,8176,8201,8181,8167,8149,8058,8117,8097,8090,11.3303484916687,sil,False
73,8119,8137,8110,8122,8144,8170,8204,8173,8194,8172,8065,8108,8101,8081,11.34595227241516,sil,False
74,8131,8139,8122,8106,8136,8152,8179,8179,8176,8167,8054,8119,8096,8090,11.34595227241516,sil,False
75,8129,8140,8119,8103,8131,8143,8179,8173,8179,8176,8067,8126,8112,8083,11.361108779907228,sil,False
76,8118,8121,8090,8078,8112,8119,8157,8163,8168,8155,8062,8112,8109,8074,11.361108779907228,sil,False
77,8133,8148,8117,8074,8110,8115,8134,8173,8146,8126,8079,8141,8125,8089,11.377086400985718,sil,False
78,8160,8190,8151,8133,8137,8142,8156,8154,8158,8153,8138,8172,8163,8100,11.377086400985718,sil,False
79,8165,8201,8180,8153,8140,8168,8167,8163,8151,8150,8130,8169,8135,8112,11.391968727111816,sil,False
80,8153,8200,8177,8159,8137,8186,8178,8170,8164,8158,8118,8156,8127,8104,11.391968727111816,sil,False
81,8153,8194,8165,8155,8131,8168,8167,8159,8165,8167,8117,8155,8132,8105,11.408073425292969,sil,False
82,8163,8197,8188,8157,8119,8167,8164,8163,8149,8158,8105,8157,8118,8120,11.408073425292969,sil,False
83,8151,8177,8156,8163,8121,8181,8190,8145,8165,8172,8106,8136,8129,8109,11.424190282821655,sil,False
84,8142,8142,8128,8115,8103,8165,8182,8162,8166,8172,8088,8142,8124,8113,11.424190282821655,sil,False
85,8152,8134,8129,8105,8082,8152,8177,8173,8186,8189,8089,8154,8131,8111,11.440274953842165,sil,False
86,8160,8141,8130,8112,8077,8139,8167,8167,8192,8183,8097,8152,8137,8104,11.440274953842165,sil,False
87,8168,8160,8153,8104,8080,8137,8155,8184,8180,8160,8098,8177,8139,8115,11.456591606140137,sil,False
88,8181,8172,8146,8129,8087,8137,8165,8169,8196,8178,8125,8191,8175,8109,11.456591606140137,sil,False
89,8182,8179,8158,8123,8090,8134,8152,8164,8165,8157,8112,8192,8163,8106,11.47216510772705,sil,False
90,8169,8197,8176,8131,8106,8152,8160,8158,8145,8144,8107,8184,8137,8094,11.47216510772705,sil,False
91,8152,8193,8160,8150,8127,8162,8174,8145,8155,8161,8113,8156,8126,8083,11.488211631774902,sil,False
92,8138,8186,8166,8154,8137,8175,8174,8166,8159,8168,8102,8148,8119,8097,11.488211631774902,sil,False
93,8146,8184,8159,8184,8158,8192,8201,8162,8194,8207,8112,8146,8144,8108,11.50392746925354,sil,False
94,8159,8170,8151,8163,8155,8182,8205,8170,8199,8209,8099,8143,8135,8126,11.50392746925354,sil,False
95,8157,8161,8143,8139,8142,8181,8200,8183,8203,8205,8095,8142,8131,8124,11.51901125907898,sil,False
96,8151,8143,8113,8132,8149,8170,8191,8174,8210,8211,8097,8133,8142,8112,11.51901125907898,sil,False
97,8146,8138,8114,8100,8153,8148,8163,8176,8184,8181,8071,8133,8127,8109,11.534180402755736,sil,False
98,8138,8146,8098,8100,8154,8142,8149,8150,8177,8160,8077,8119,8135,8084,11.534180402755736,sil,False
99,8150,8148,8094,8090,8154,8130,8125,8145,8151,8134,8082,8127,8133,8084,11.549334526062012,sil,False
100,8165,8170,8122,8102,8170,8131,8129,8149,8136,8137,8096,8149,8136,8089,11.549334526062012,sil,False
101,8150,8179,8121,8134,8184,8140,8148,8125,8128,8142,8094,8127,8125,8069,11.564959287643433,sil,False
102,8131,8178,8131,8132,8187,8154,8147,8138,8098,8116,8066,8108,8093,8063,11.564959287643433,sil,False
103,8123,8178,8125,8149,8205,8174,8170,8143,8123,8142,8074,8101,8102,8061,11.580020427703856,sil,False
104,8112,8153,8122,8139,8196,8166,8177,8157,8138,8147,8054,8101,8092,8081,11.580020427703856,sil,False
105,8110,8141,8135,8136,8186,8170,8191,8179,8140,8150,8040,8109,8095,8095,11.596047401428224,sil,False
106,8126,8140,8116,8149,8207,8180,8204,8165,8165,8187,8063,8101,8132,8088,11.596047401428224,sil,False
107,8134,8141,8127,8105,8196,8163,8168,8174,8148,8166,8056,8117,8121,8105,11.610862970352173,sil,False
108,8122,8139,8107,8104,8180,8153,8166,8162,8160,8162,8066,8115,8129,8086,11.610862970352173,sil,False
109,8124,8128,8079,8107,8184,8139,8154,8150,8164,8156,8060,8096,8126,8067,11.625943660736084,sil,False
110,8135,8149,8124,8085,8188,8138,8129,8168,8140,8125,8043,8118,8106,8076,11.625943660736084,sil,False
111,8134,8161,8116,8098,8193,8140,8136,8141,8145,8132,8066,8115,8123,8055,11.641990661621094,sil,False
112,8137,8162,8115,8098,8197,8140,8131,8142,8125,8119,8078,8125,8124,8057,11.641990661621094,sil,False
113,8147,8181,8147,8125,8212,8161,8145,8145,8129,8123,8097,8151,8138,8066,11.657504558563232,sil,False
114,8146,8179,8146,8132,8211,8145,8137,8130,8129,8128,8094,8139,8134,8062,11.657504558563232,sil,False
115,8135,8180,8156,8117,8194,8138,8122,8144,8110,8119,8073,8130,8113,8066,11.673154830932615,sil,False
116,8123,8176,8136,8134,8198,8164,8154,8139,8126,8136,8074,8117,8117,8065,11.673154830932615,sil,False
117,8114,8160,8137,8115,8194,8169,8165,8152,8128,8135,8046,8118,8098,8084,11.6891930103302,sil,False
118,8103,8147,8128,8115,8189,8165,8169,8157,8153,8153,8044,8112,8105,8079,11.6891930103302,sil,False
119,8094,8123,8092,8097,8174,8148,8160,8152,8146,8148,8036,8090,8104,8065,11.705293655395508,sil,False
120,8100,8133,8104,8070,8161,8150,8159,8169,8131,8140,8025,8105,8093,8073,11.705293655395508,sil,False
121,8123,8160,8104,8093,8179,8153,8166,8164,8168,8164,8058,8122,8124,8071,11.720916748046877,sil,False
122,8133,8176,8115,8091,8187,8135,8136,8171,8150,8125,8056,8130,8116,8070,11.720916748046877,sil,False
123,8127,8203,8131,8129,8194,8152,8146,8158,8144,8126,8071,8127,8115,8062,11.73639702796936,sil,False
124,8132,8212,8143,8165,8204,8169,8161,8152,8160,8158,8089,8125,8121,8082,11.73639702796936,sil,False
125,8138,8196,8159,8146,8199,8173,8159,8176,8161,8156,8069,8136,8112,8101,11.752046346664429,sil,False
126,8128,8166,8120,8141,8194,8177,8182,8162,8181,8175,8058,8116,8123,8077,11.752046346664429,sil,False
127,8127,8150,8115,8124,8183,8171,8174,8172,8179,8173,8043,8113,8110,8086,11.767602682113647,sil,False
237,8138,8162,8125,8131,8175,8162,8164,8180,8187,8175,8061,8125,8123,8096,11.767602682113647,sil,False
0,8137,8152,8103,8117,8162,8134,8147,8162,8176,8156,8070,8124,8133,8085,11.782901763916016,sil,False
1,8139,8151,8118,8089,8153,8130,8134,8173,8153,8133,8065,8146,8127,8087,11.782901763916016,sil,False
2,8146,8165,8118,8114,8167,8147,8154,8156,8178,8165,8086,8152,8149,8076,11.79899525642395,sil,False
3,8146,8170,8126,8116,8164,8140,8138,8150,8164,8149,8073,8152,8132,8078,11.79899525642395,sil,False
4,8150,8189,8143,8134,8168,8153,8135,8153,8151,8143,8086,8167,8133,8078,11.814857006072998,sil,False
5,8158,8195,8134,8152,8180,8158,8144,8139,8155,8159,8113,8168,8147,8073,11.814857006072998,sil,False
6,8155,8201,8160,8150,8176,8155,8140,8148,8142,8142,8096,8168,8129,8075,11.830404043197632,sil,False
7,8145,8205,8159,8182,8177,8170,8160,8134,8155,8157,8087,8150,8125,8058,11.830404043197632,sil,False
8,8142,8192,8149,8169,8171,8166,8162,8144,8140,8160,8078,8148,8109,8074,11.845381498336792,sil,False
9,8140,8185,8150,8159,8165,8174,8168,8157,8141,8163,8092,8160,8116,8088,11.861339330673218,sil,False
10,8138,8163,8135,8159,8160,8178,8176,8141,8155,8172,8088,8140,8119,8079,11.861339330673218,sil,False
11,8136,8154,8145,8129,8147,8175,8171,8163,8143,8152,8053,8138,8095,8089,11.87685203552246,sil,False
12,8128,8158,8126,8138,8148,8170,8184,8160,8166,8169,8076,8148,8122,8090,11.87685203552246,sil,False
13,8133,8152,8118,8120,8141,8152,8168,8159,8152,8169,8084,8164,8127,8098,11.891915798187256,sil,False
14,8152,8155,8129,8104,8131,8154,8161,8169,8136,8152,8078,8173,8118,8091,11.891915798187256,sil,False
15,8152,8144,8103,8108,8124,8144,8162,8150,8149,8140,8081,8158,8123,8073,11.907311916351318,sil,False
16,8148,8151,8123,8094,8117,8128,8142,8161,8128,8114,8075,8172,8114,8086,11.907311916351318,sil,False
17,8157,8183,8141,8128,8135,8144,8153,8159,8139,8138,8114,8188,8139,8085,11.923235177993774,sil,False
18,8159,8179,8139,8123,8139,8146,8146,8161,8148,8140,8127,8188,8143,8080,11.923235177993774,sil,False
19,8147,8175,8147,8108,8132,8146,8140,8166,8141,8128,8107,8181,8128,8072,11.938833475112917,sil,False
20,8143,8188,8141,8144,8148,8155,8161,8139,8140,8139,8115,8169,8130,8062,11.938833475112917,sil,False
21,8138,8197,8165,8145,8143,8176,8173,8157,8127,8137,8111,8180,8117,8084,11.954530000686646,sil,False
22,8123,8186,8157,8150,8132,8196,8200,8169,8158,8169,8114,8166,8130,8079,11.954530000686646,sil,False
23,8126,8170,8140,8143,8127,8182,8200,8164,8162,8164,8101,8152,8121,8074,11.97019338607788,sil,False
24,8133,8186,8161,8140,8126,8185,8199,8169,8147,8148,8101,8173,8110,8084,11.97019338607788,sil,False
25,8121,8168,8134,8144,8114,8188,8201,8151,8163,8175,8108,8159,8124,8070,11.985279321670532,sil,False
26,8119,8139,8126,8107,8090,8164,8174,8175,8157,8175,8086,8157,8119,8082,11.985279321670532,sil,False
27,8130,8149,8133,8121,8088,8164,8181,8185,8181,8189,8110,8174,8147,8094,12.000925779342651,sil,False
28,8135,8147,8124,8125,8085,8159,8173,8173,8186,8185,8111,8178,8158,8095,12.000925779342651,sil,False
29,8140,8149,8138,8107,8076,8154,8165,8183,8176,8172,8102,8193,8157,8104,12.01625943183899,sil,False
30,8155,8152,8135,8126,8085,8157,8189,8174,8202,8198,8137,8207,8191,8108,12.01625943183899,sil,False
31,8165,8159,8146,8112,8083,8139,8171,8186,8185,8182,8133,8224,8188,8118,12.03226113319397,sil,False
32,8160,8179,8145,8117,8086,8132,8157,8174,8171,8172,8133,8227,8192,8092,12.03226113319397,sil,False
33,8152,8180,8137,8123,8092,8129,8152,8147,8151,8155,8136,8217,8189,8075,12.05326795578003,sil,False
34,8147,8184,8168,8118,8094,8144,8149,8156,8131,8131,8130,8225,8171,8083,12.05326795578003,sil,False
35,8149,8185,8161,8150,8107,8155,8161,8143,8152,8144,8140,8229,8179,8073,12.05326795578003,sil,False
36,8160,8188,8173,8159,8116,8139,8149,8148,8139,8130,8127,8246,8163,8084,12.063860416412354,sil,False
37,8162,8202,8190,8177,8129,8145,8162,8149,8141,8143,8133,8246,8165,8089,12.079993963241575,sil,False
38,8147,8177,8162,8173,8129,8152,8176,8142,8151,8164,8123,8216,8159,8081,12.079993963241575,sil,False
39,8126,8144,8149,8145,8120,8155,8174,8161,8144,8151,8077,8198,8125,8084,12.094849109649658,sil,False
40,8120,8139,8124,8157,8139,8157,8194,8151,8167,8169,8076,8184,8133,8079,12.094849109649658,sil,False
41,8133,8153,8126,8148,8150,8153,8192,8170,8167,8177,8085,8205,8142,8097,12.109976768493652,sil,False
42,8138,8165,8130,8160,8153,8165,8199,8188,8189,8196,8101,8226,8155,8100,12.109976768493652,sil,False
43,8131,8143,8105,8155,8159,8155,8192,8172,8207,8199,8098,8208,8150,8090,12.125217199325562,sil,False
44,8138,8139,8113,8111,8159,8137,8163,8175,8182,8162,8085,8215,8133,8095,12.125217199325562,sil,False
45,8158,8165,8114,8135,8176,8136,8160,8156,8183,8162,8123,8226,8170,8084,12.140434980392456,sil,False
46,8176,8182,8138,8150,8188,8129,8144,8155,8161,8149,8135,8237,8174,8093,12.140434980392456,sil,False
47,8175,8188,8156,8149,8193,8144,8152,8161,8153,8157,8141,8246,8166,8093,12.155942678451538,sil,False
48,8169,8177,8132,8153,8199,8140,8161,8151,8170,8177,8157,8238,8177,8079,12.155942678451538,sil,False
49,8173,8191,8158,8150,8202,8135,8152,8167,8156,8151,8146,8239,8164,8091,12.170979261398315,sil,False
50,8173,8205,8167,8181,8217,8166,8177,8153,8161,8163,8148,8220,8161,8090,12.170979261398315,sil,False
51,8157,8181,8157,8169,8207,8172,8179,8156,8156,8169,8117,8203,8135,8096,12.186992883682253,sil,False
52,8136,8171,8147,8158,8192,8161,8176,8173,8171,8173,8101,8202,8131,8094,12.186992883682253,sil,False
53,8130,8156,8111,8160,8193,8158,8179,8159,8181,8166,8107,8185,8140,8078,12.20217227935791,sil,False
54,8129,8139,8119,8132,8183,8167,8163,8167,8142,8129,8078,8186,8112,8084,12.20217227935791,sil,False
55,8125,8138,8118,8142,8182,8170,8169,8159,8156,8154,8082,8187,8131,8083,12.218183279037476,sil,False
56,8138,8136,8111,8126,8179,8145,8156,8161,8162,8155,8090,8193,8144,8093,12.218183279037476,sil,False
57,8153,8147,8129,8114,8178,8145,8144,8164,8138,8122,8102,8208,8139,8084,12.234200954437256,sil,False
58,8143,8149,8123,8130,8180,8142,8137,8128,8117,8115,8114,8193,8136,8053,12.234200954437256,sil,False
59,8127,8156,8146,8123,8174,8141,8132,8141,8091,8102,8100,8195,8111,8068,12.249231576919556,sil,False
60,8129,8161,8149,8151,8177,8176,8177,8157,8132,8138,8114,8192,8124,8081,12.249231576919556,sil,False
61,8130,8134,8125,8135,8165,8185,8184,8160,8159,8155,8095,8174,8126,8091,12.264543771743774,sil,False
62,8127,8129,8123,8101,8157,8170,8156,8169,8150,8131,8078,8186,8129,8094,12.264543771743774,sil,False
63,8132,8137,8116,8115,8165,8155,8145,8144,8141,8110,8103,8202,8144,8073,12.280182600021362,sil,False
64,8138,8149,8150,8118,8166,8167,8141,8152,8109,8096,8100,8210,8125,8078,12.280182600021362,sil,False
65,8134,8159,8163,8148,8176,8205,8174,8159,8141,8155,8110,8196,8136,8087,12.295202016830444,sil,False
66,8133,8142,8145,8151,8173,8203,8180,8166,8169,8180,8113,8192,8139,8104,12.295202016830444,sil,False
67,8150,8145,8158,8138,8164,8194,8169,8186,8164,8155,8114,8225,8148,8125,12.311497449874878,sil,False
68,8168,8158,8150,8146,8174,8183,8168,8162,8171,8156,8135,8231,8177,8113,12.311497449874878,sil,False
69,8167,8162,8167,8128,8163,8166,8140,8160,8131,8125,8127,8222,8141,8100,12.327133655548096,sil,False
70,8152,8171,8181,8159,8160,8192,8158,8155,8122,8119,8129,8206,8120,8086,12.327133655548096,sil,False
71,8149,8158,8165,8173,8173,8213,8188,8154,8146,8138,8118,8192,8133,8091,12.342806339263916,sil,False
72,8156,8151,8168,8140,8163,8204,8189,8186,8161,8157,8107,8213,8150,8110,12.342806339263916,sil,False
73,8163,8154,8155,8147,8149,8184,8181,8173,8168,8169,8131,8225,8173,8102,12.357778310775757,sil,False
74,8175,8161,8170,8141,8147,8159,8147,8169,8135,8125,8130,8236,8161,8103,12.37304401397705,hello,True
75,8175,8177,8181,8157,8161,8166,8144,8169,8145,8126,8150,8236,8173,8096,12.37304401397705,hello,True
76,8165,8169,8167,8173,8168,8180,8152,8156,8146,8146,8147,8214,8167,8090,12.388269186019896,hello,True
77,8156,8160,8182,8164,8163,8202,8157,8159,8116,8129,8102,8206,8121,8099,12.388269186019896,hello,True
78,8152,8151,8164,8170,8159,8208,8178,8152,8151,8155,8114,8203,8144,8096,12.404264211654665,hello,True
79,8163,8151,8164,8155,8148,8182,8161,8176,8174,8167,8142,8231,8180,8115,12.404264211654665,hello,True
80,8176,8175,8184,8170,8156,8185,8148,8167,8163,8151,8162,8251,8189,8106,12.420364379882812,hello,True
81,8169,8173,8183,8173,8155,8180,8137,8126,8130,8112,8151,8227,8164,8080,12.420364379882812,hello,True
82,8161,8170,8206,8153,8138,8174,8135,8144,8107,8096,8129,8223,8138,8093,12.435991048812866,hello,True
83,8160,8170,8193,8183,8151,8199,8167,8145,8135,8146,8139,8214,8147,8091,12.435991048812866,hello,True
84,8152,8155,8182,8179,8153,8209,8167,8153,8129,8139,8115,8197,8122,8094,12.451194763183594,hello,True
85,8151,8152,8183,8176,8141,8213,8176,8168,8144,8139,8119,8197,8127,8097,12.451194763183594,hello,True
86,8151,8134,8151,8171,8136,8198,8179,8164,8166,8165,8139,8198,8147,8099,12.466374397277832,hello,True
87,8144,8118,8153,8124,8102,8174,8145,8171,8133,8131,8110,8204,8130,8101,12.466374397277832,hello,True
88,8148,8132,8155,8131,8084,8168,8142,8142,8126,8103,8113,8203,8143,8078,12.482528686523438,hello,True
89,8166,8159,8165,8142,8106,8156,8131,8139,8112,8074,8129,8234,8137,8088,12.482528686523438,hello,True
90,8167,8184,8186,8155,8134,8161,8123,8153,8119,8091,8154,8250,8137,8091,12.498499870300291,hello,True
91,8164,8184,8191,8185,8135,8164,8127,8132,8138,8139,8175,8207,8160,8066,12.498499870300291,hello,True
92,8165,8185,8219,8190,8124,8173,8126,8137,8114,8123,8156,8194,8141,8072,12.514100074768066,hello,True
93,8147,8181,8198,8213,8135,8193,8146,8129,8123,8125,8146,8182,8128,8068,12.514100074768066,hello,True
94,8131,8165,8176,8208,8130,8181,8137,8134,8117,8131,8123,8163,8112,8069,12.530354499816896,hello,True
95,8141,8171,8196,8201,8114,8184,8138,8156,8110,8138,8126,8181,8127,8085,12.530354499816896,hello,True
96,8164,8171,8189,8204,8110,8184,8155,8155,8132,8152,8154,8205,8173,8105,12.545405387878418,hello,True
97,8168,8171,8198,8174,8094,8160,8134,8170,8123,8128,8144,8225,8175,8125,12.545405387878418,hello,True
98,8164,8178,8192,8181,8087,8149,8121,8159,8120,8123,8157,8223,8186,8099,12.561296701431274,hello,True
99,8168,8167,8184,8174,8079,8131,8098,8145,8095,8100,8153,8216,8185,8080,12.561296701431274,hello,True
100,8167,8182,8211,8173,8073,8138,8096,8141,8078,8082,8153,8228,8182,8084,12.576936960220335,hello,True
101,8162,8200,8203,8201,8083,8150,8114,8114,8090,8090,8178,8224,8186,8071,12.576936960220335,hello,True
102,8160,8205,8205,8188,8082,8156,8108,8131,8076,8079,8155,8206,8156,8068,12.592346906661987,hello,True
103,8157,8210,8204,8207,8092,8185,8136,8137,8105,8114,8143,8182,8160,8067,12.592346906661987,hello,True
104,8156,8188,8201,8207,8090,8191,8150,8138,8125,8139,8135,8178,8162,8083,12.607954025268556,hello,True
105,8159,8181,8219,8191,8084,8187,8146,8161,8135,8151,8135,8204,8164,8104,12.607954025268556,hello,True
106,8162,8184,8195,8205,8097,8179,8150,8150,8163,8167,8147,8203,8186,8098,12.623139381408691,hello,True
107,8162,8177,8190,8179,8094,8163,8134,8168,8147,8130,8127,8203,8175,8098,12.623139381408691,hello,True
108,8163,8175,8190,8179,8097,8168,8145,8181,8156,8135,8146,8212,8196,8089,12.638575792312622,hello,True
109,8166,8168,8176,8178,8104,8159,8140,8173,8163,8142,8162,8214,8203,8084,12.638575792312622,hello,True
110,8164,8171,8187,8162,8106,8142,8119,8173,8143,8116,8155,8215,8185,8081,12.654165029525757,hello,True
111,8162,8172,8176,8176,8119,8142,8121,8144,8147,8121,8170,8200,8196,8059,12.654165029525757,hello,True
112,8166,8182,8189,8168,8132,8149,8111,8148,8124,8094,8152,8198,8173,8065,12.670035362243652,hello,True
113,8154,8190,8191,8187,8145,8163,8124,8152,8125,8090,8142,8181,8151,8059,12.670035362243652,hello,True
114,8135,8166,8162,8187,8150,8163,8132,8141,8126,8104,8123,8145,8128,8043,12.684929609298706,hello,True
115,8128,8167,8168,8165,8153,8170,8126,8151,8112,8099,8087,8141,8101,8044,12.684929609298706,hello,True
116,8112,8163,8148,8179,8158,8172,8138,8138,8142,8119,8093,8125,8110,8039,12.70021152496338,hello,True
117,8105,8132,8144,8151,8147,8163,8139,8154,8150,8125,8088,8128,8110,8057,12.70021152496338,hello,True
118,8122,8130,8153,8134,8154,8182,8156,8174,8166,8148,8099,8154,8136,8070,12.71538758277893,hello,True
119,8133,8135,8137,8120,8157,8155,8139,8166,8171,8140,8103,8152,8145,8068,12.71538758277893,hello,True
120,8137,8153,8157,8105,8148,8113,8098,8166,8135,8088,8092,8159,8123,8064,12.731387615203856,hello,True
121,8149,8178,8171,8156,8178,8138,8122,8148,8142,8111,8128,8170,8139,8051,12.731387615203856,hello,True
122,8148,8174,8189,8166,8190,8171,8145,8163,8141,8135,8128,8166,8133,8076,12.74685764312744,hello,True
123,8134,8155,8178,8153,8172,8182,8163,8171,8149,8144,8109,8148,8131,8083,12.74685764312744,hello,True
124,8127,8131,8130,8140,8181,8173,8172,8160,8172,8158,8106,8132,8130,8064,12.762035846710203,hello,True
125,8127,8136,8146,8120,8204,8181,8167,8191,8186,8164,8108,8148,8120,8084,12.762035846710203,hello,True
126,8135,8149,8152,8138,8206,8184,8172,8184,8214,8179,8133,8158,8155,8089,12.778143167495728,hello,True
127,8157,8143,8152,8120,8183,8146,8137,8168,8178,8137,8128,8171,8151,8083,12.778143167495728,hello,True
237,8156,8152,8160,8114,8182,8144,8120,8167,8154,8112,8141,8180,8132,8067,12.794254064559937,hello,True
0,8133,8149,8144,8126,8187,8149,8127,8142,8155,8113,8152,8160,8129,8038,12.794254064559937,hello,True
1,8137,8152,8181,8119,8173,8143,8127,8145,8123,8094,8128,8173,8115,8041,12.810490608215332,hello,True
2,8155,8171,8200,8154,8179,8158,8154,8144,8139,8109,8152,8181,8132,8049,12.810490608215332,hello,True
3,8151,8177,8199,8163,8181,8160,8156,8155,8146,8105,8158,8172,8123,8062,12.825692176818848,hello,True
4,8150,8187,8217,8181,8186,8172,8161,8164,8142,8122,8155,8182,8117,8071,12.825692176818848,hello,True
5,8166,8180,8212,8207,8192,8180,8181,8149,8162,8160,8166,8188,8140,8081,12.84098219871521,sil,False
6,8172,8173,8221,8179,8168,8171,8180,8179,8173,8149,8159,8206,8139,8108,12.84098219871521,sil,False
7,8161,8169,8199,8171,8162,8173,8190,8176,8198,8162,8168,8203,8152,8098,12.857007265090942,sil,False
8,8156,8148,8178,8147,8174,8164,8171,8162,8182,8160,8146,8187,8145,8092,12.857007265090942,sil,False
9,8162,8156,8192,8137,8177,8165,8151,8173,8168,8143,8144,8198,8152,8096,12.872300386428831,sil,False
10,8167,8164,8174,8150,8175,8158,8146,8159,8178,8140,8177,8200,8178,8080,12.872300386428831,sil,False
11,8169,8169,8185,8127,8177,8150,8128,8167,8152,8112,8170,8204,8155,8077,12.88825750350952,sil,False
12,8172,8193,8200,8159,8194,8165,8145,8149,8155,8122,8175,8197,8156,8065,12.88825750350952,sil,False
13,8175,8193,8194,8175,8191,8154,8147,8133,8139,8114,8158,8188,8149,8071,12.903826713562012,sil,False
14,8160,8177,8194,8149,8180,8159,8145,8150,8119,8103,8131,8179,8121,8075,12.903826713562012,sil,False
15,8132,8166,8175,8159,8191,8181,8172,8139,8144,8142,8138,8143,8118,8059,12.920066118240356,sil,False
16,8129,8170,8191,8161,8189,8185,8181,8158,8147,8153,8122,8139,8114,8082,12.920066118240356,sil,False
17,8153,8172,8189,8173,8189,8194,8200,8176,8172,8174,8130,8155,8140,8097,12.935431957244871,sil,False
18,8159,8150,8165,8153,8183,8187,8193,8170,8180,8172,8133,8160,8142,8092,12.935431957244871,sil,False
19,8138,8147,8166,8122,8166,8177,8176,8175,8169,8152,8118,8160,8127,8084,12.950563669204712,sil,False
20,8128,8145,8138,8129,8168,8171,8177,8162,8183,8162,8124,8142,8139,8063,12.950563669204712,sil,False
21,8139,8142,8141,8111,8169,8160,8155,8174,8164,8131,8110,8149,8122,8069,12.966188669204712,sil,False
22,8140,8158,8144,8117,8172,8161,8166,8172,8179,8124,8127,8159,8134,8067,12.966188669204712,sil,False
23,8140,8158,8134,8117,8173,8156,8175,8168,8189,8133,8144,8158,8141,8063,12.98181700706482,sil,False
24,8139,8170,8168,8111,8170,8164,8166,8183,8165,8121,8132,8161,8120,8065,12.98181700706482,sil,False
25,8131,8180,8167,8147,8176,8173,8179,8146,8164,8138,8134,8139,8123,8045,12.997902154922484,sil,False
26,8136,8180,8173,8148,8172,8175,8172,8137,8145,8136,8122,8138,8114,8056,12.997902154922484,sil,False
27,8146,8197,8193,8170,8177,8196,8179,8145,8154,8144,8138,8158,8126,8071,13.013155460357666,sil,False
28,8146,8196,8189,8181,8177,8196,8186,8148,8173,8156,8145,8160,8133,8073,13.013155460357666,sil,False
29,8148,8185,8194,8154,8170,8205,8190,8182,8178,8169,8128,8167,8128,8086,13.0284321308136,sil,False
30,8145,8167,8165,8158,8167,8211,8202,8173,8204,8205,8137,8152,8150,8084,13.0284321308136,sil,False
31,8141,8155,8163,8138,8148,8183,8178,8173,8187,8176,8120,8143,8133,8094,13.044124841690063,sil,False
32,8146,8157,8167,8128,8141,8189,8184,8185,8194,8158,8121,8149,8128,8092,13.044124841690063,sil,False
33,8158,8147,8143,8122,8145,8187,8188,8179,8214,8173,8135,8146,8145,8081,13.059335231781006,sil,False
34,8162,8164,8165,8112,8139,8157,8161,8189,8194,8163,8135,8166,8149,8089,13.059335231781006,sil,False
35,8161,8181,8170,8142,8146,8150,8159,8167,8199,8174,8158,8175,8171,8077,13.07494831085205,sil,False
36,8168,8173,8170,8128,8141,8157,8149,8164,8180,8161,8150,8172,8159,8084,13.07494831085205,sil,False
37,8177,8191,8186,8126,8134,8175,8157,8165,8170,8154,8152,8175,8155,8089,13.090137720108032,sil,False
38,8178,8203,8183,8147,8134,8171,8166,8140,8176,8157,8166,8173,8164,8077,13.105963230133057,sil,False
39,8178,8202,8203,8135,8126,8150,8150,8149,8153,8142,8156,8186,8144,8085,13.105963230133057,sil,False
40,8189,8209,8205,8159,8133,8156,8169,8150,8167,8172,8175,8181,8156,8077,13.105963230133057,sil,False
41,8190,8210,8212,8168,8137,8172,8179,8167,8175,8180,8166,8174,8147,8079,13.121517181396484,sil,False
42,8170,8206,8219,8169,8128,8188,8184,8178,8176,8178,8152,8173,8132,8087,13.13718843460083,sil,False
43,8159,8191,8190,8173,8124,8180,8191,8152,8177,8182,8152,8154,8134,8083,13.13718843460083,sil,False
44,8162,8192,8202,8154,8121,8174,8179,8161,8161,8166,8138,8158,8125,8089,13.153210878372192,sil,False
45,8164,8203,8209,8180,8130,8194,8196,8159,8186,8205,8163,8162,8152,8086,13.153210878372192,sil,False
46,8167,8195,8203,8178,8127,8191,8202,8162,8185,8209,8158,8158,8146,8086,13.168858289718628,sil,False
47,8158,8187,8198,8156,8111,8183,8207,8180,8181,8191,8139,8158,8128,8077,13.168858289718628,sil,False
48,8155,8171,8163,8149,8102,8168,8204,8173,8209,8210,8159,8158,8155,8074,13.18441605567932,sil,False
49,8168,8169,8176,8129,8109,8151,8178,8189,8198,8192,8161,8185,8166,8105,13.18441605567932,sil,False
50,8168,8175,8175,8143,8109,8159,8178,8174,8196,8185,8166,8186,8172,8090,13.200074434280396,sil,False
51,8156,8158,8152,8129,8073,8147,8149,8156,8171,8169,8149,8163,8152,8061,13.200074434280396,sil,False
52,8157,8180,8178,8134,8098,8153,8141,8169,8149,8154,8151,8172,8150,8064,13.215898752212524,sil,False
53,8169,8204,8190,8179,8166,8169,8165,8151,8165,8162,8176,8179,8164,8065,13.215898752212524,sil,False
54,8168,8191,8197,8163,8147,8156,8149,8152,8143,8135,8149,8170,8128,8068,13.231210231781006,sil,False
55,8158,8189,8187,8174,8129,8161,8164,8153,8152,8147,8141,8143,8124,8062,13.231210231781006,sil,False
56,8155,8186,8171,8180,8157,8174,8193,8158,8171,8167,8136,8130,8128,8077,13.246378660202026,sil,False
57,8159,8179,8175,8168,8164,8190,8202,8178,8175,8182,8133,8149,8130,8101,13.246378660202026,sil,False
58,8159,8158,8145,8180,8158,8178,8199,8166,8190,8211,8144,8138,8144,8090,13.261945962905884,sil,False
59,8159,8147,8147,8147,8157,8148,8172,8178,8172,8180,8114,8129,8121,8090,13.261945962905884,sil,False
60,8167,8160,8153,8134,8167,8151,8178,8178,8185,8169,8125,8142,8143,8087,13.277979850769045,sil,False
61,8172,8159,8135,8138,8177,8147,8174,8167,8195,8176,8147,8150,8168,8086,13.277979850769045,sil,False
62,8168,8172,8149,8133,8176,8144,8155,8177,8173,8156,8135,8152,8152,8083,13.293233633041382,sil,False
63,8165,8185,8145,8145,8177,8141,8158,8156,8171,8155,8146,8141,8161,8060,13.293233633041382,sil,False
64,8178,8188,8157,8133,8179,8134,8144,8160,8146,8138,8147,8155,8153,8072,13.309297800064089,sil,False
65,8182,8192,8165,8147,8192,8152,8151,8157,8142,8139,8164,8164,8152,8073,13.309297800064089,sil,False
66,8169,8182,8152,8132,8201,8152,8160,8140,8144,8139,8166,8144,8150,8061,13.32482409477234,sil,False
67,8162,8197,8174,8116,8201,8147,8164,8157,8138,8139,8142,8140,8135,8065,13.32482409477234,sil,False
68,8156,8213,8165,8174,8213,8156,8168,8142,8158,8169,8144,8121,8133,8048,13.34035873413086,sil,False
69,8142,8200,8167,8172,8206,8161,8144,8143,8135,8153,8131,8114,8108,8052,13.34035873413086,sil,False
70,8129,8193,8173,8154,8202,8179,8170,8164,8153,8168,8139,8125,8128,8069,13.356244325637816,sil,False
71,8137,8181,8153,8161,8208,8175,8193,8172,8199,8206,8146,8122,8158,8084,13.356244325637816,sil,False
72,8151,8178,8166,8150,8201,8171,8173,8188,8191,8194,8134,8132,8146,8102,13.371061325073242,sil,False
73,8157,8185,8155,8156,8204,8178,8178,8169,8195,8189,8162,8138,8174,8090,13.371061325073242,sil,False
74,8167,8189,8156,8141,8204,8158,8161,8167,8171,8163,8170,8150,8179,8085,13.387092351913452,sil,False
75,8157,8205,8178,8152,8202,8157,8151,8156,8148,8150,8166,8148,8151,8067,13.387092351913452,sil,False
76,8132,8197,8168,8170,8195,8162,8156,8125,8141,8148,8148,8113,8124,8042,13.402241468429564,sil,False
77,8133,8184,8184,8154,8180,8164,8156,8162,8147,8153,8126,8122,8124,8064,13.402241468429564,sil,False
78,8161,8183,8180,8165,8190,8172,8183,8185,8212,8220,8164,8151,8182,8093,13.41783046722412,sil,False
79,8181,8188,8178,8146,8192,8153,8168,8183,8211,8214,8180,8173,8197,8109,13.41783046722412,sil,False
80,8189,8216,8204,8153,8194,8147,8148,8170,8165,8169,8179,8184,8183,8090,13.432931184768677,sil,False
81,8189,8222,8205,8199,8210,8158,8162,8140,8153,8173,8180,8168,8172,8066,13.432931184768677,sil,False
82,8176,8201,8208,8191,8207,8168,8163,8153,8146,8167,8154,8155,8145,8078,13.448171854019163,sil,False
83,8150,8169,8177,8169,8194,8177,8171,8155,8164,8176,8146,8137,8145,8071,13.448171854019163,sil,False
84,8142,8144,8153,8130,8177,8158,8171,8165,8168,8181,8134,8137,8142,8079,13.463866710662842,sil,False
85,8159,8148,8164,8122,8165,8144,8173,8186,8181,8186,8143,8156,8161,8093,13.463866710662842,sil,False
86,8159,8136,8142,8125,8159,8126,8158,8169,8192,8178,8156,8144,8176,8069,13.47995948791504,sil,False
87,8146,8133,8150,8099,8149,8110,8132,8172,8164,8152,8140,8143,8148,8060,13.47995948791504,sil,False
88,8165,8167,8169,8141,8170,8125,8148,8163,8178,8180,8169,8151,8166,8060,13.495859146118164,sil,False
89,8196,8185,8183,8169,8184,8127,8144,8162,8180,8177,8181,8158,8172,8071,13.495859146118164,sil,False
90,8186,8189,8198,8160,8176,8131,8139,8169,8163,8160,8172,8169,8160,8075,13.511245727539062,sil,False
91,8160,8184,8180,8165,8179,8138,8153,8145,8168,8178,8186,8163,8173,8064,13.511245727539062,sil,False
92,8161,8181,8195,8155,8179,8151,8152,8160,8156,8166,8164,8158,8150,8078,13.527241468429564,sil,False
93,8158,8183,8190,8174,8172,8178,8176,8165,8178,8179,8151,8139,8137,8071,13.527241468429564,sil,False
94,8134,8174,8166,8170,8155,8159,8173,8153,8175,8178,8139,8119,8124,8065,13.542968034744264,sil,False
95,8132,8184,8180,8159,8151,8149,8154,8154,8151,8156,8133,8131,8118,8079,13.542968034744264,sil,False
96,8157,8177,8170,8174,8166,8165,8169,8151,8177,8171,8143,8132,8136,8079,13.558587789535522,sil,False
97,8153,8153,8168,8143,8154,8156,8170,8179,8182,8173,8116,8134,8119,8090,13.558587789535522,sil,False
98,8129,8147,8150,8133,8138,8144,8169,8174,8188,8190,8123,8127,8130,8076,13.574276208877563,sil,False
99,8141,8136,8127,8115,8138,8130,8151,8152,8182,8178,8129,8123,8140,8069,13.574276208877563,sil,False
100,8165,8146,8158,8099,8140,8128,8141,8167,8167,8148,8128,8152,8136,8084,13.590535402297974,sil,False
101,8163,8158,8160,8134,8146,8122,8149,8155,8171,8164,8159,8160,8159,8075,13.590535402297974,sil,False
102,8157,8156,8163,8124,8136,8106,8118,8160,8139,8145,8151,8159,8145,8072,13.606250524520874,sil,False
103,8163,8172,8175,8134,8139,8117,8123,8161,8144,8142,8153,8171,8150,8069,13.606250524520874,sil,False
104,8168,8181,8178,8154,8148,8127,8143,8150,8159,8150,8163,8172,8163,8067,13.621906995773315,sil,False
105,8158,8176,8192,8128,8120,8137,8135,8161,8131,8127,8142,8161,8134,8062,13.621906995773315,sil,False
106,8142,8158,8162,8132,8089,8141,8137,8139,8124,8125,8132,8134,8122,8042,13.63791799545288,sil,False
107,8131,8149,8156,8101,8052,8125,8122,8136,8099,8094,8109,8131,8099,8046,13.63791799545288,sil,False
108,8152,8155,8198,8104,8061,8144,8147,8153,8127,8116,8125,8157,8111,8069,13.653060913085938,sil,False
109,8176,8140,8209,8167,8111,8175,8186,8168,8181,8182,8146,8167,8138,8097,13.653060913085938,sil,False
110,8152,8144,8191,8190,8120,8186,8185,8187,8172,8184,8131,8159,8138,8098,13.66822910308838,sil,False
111,8129,8129,8153,8184,8125,8181,8189,8162,8178,8180,8141,8140,8141,8070,13.66822910308838,sil,False
112,8150,8093,8172,8160,8157,8162,8192,8176,8188,8190,8144,8159,8122,8095,13.683593034744264,sil,False
113,8168,8110,8193,8179,8194,8171,8204,8198,8211,8219,8161,8180,8154,8110,13.683593034744264,sil,False
114,8157,8118,8158,8171,8213,8162,8190,8170,8205,8198,8167,8166,8184,8089,13.700153589248655,sil,False
115,8153,8100,8171,8129,8238,8139,8163,8179,8174,8153,8147,8173,8158,8101,13.700153589248655,sil,False
116,8163,8096,8173,8146,8286,8137,8172,8178,8195,8180,8174,8178,8171,8099,13.715267419815063,sil,False
117,8168,8110,8182,8140,8315,8137,8149,8170,8179,8160,8185,8186,8179,8094,13.715267419815063,sil,False
118,8164,8127,8212,8159,8350,8160,8145,8169,8168,8143,8193,8193,8173,8090,13.73093056678772,sil,False
119,8153,8115,8200,8189,8372,8167,8162,8150,8182,8182,8191,8160,8152,8080,13.73093056678772,sil,False
120,8163,8119,8220,8183,8369,8169,8168,8169,8176,8199,8170,8165,8135,8099,13.746421813964844,sil,False
121,8176,8134,8221,8206,8370,8189,8196,8171,8200,8217,8194,8183,8167,8101,13.746421813964844,sil,False
122,8170,8102,8204,8180,8337,8171,8188,8172,8190,8192,8179,8179,8158,8112,13.762490272521973,sil,False
123,8162,8077,8199,8149,8300,8155,8175,8181,8181,8174,8153,8178,8146,8121,13.762490272521973,sil,False
124,8163,8086,8175,8161,8296,8150,8174,8168,8194,8185,8159,8173,8167,8101,13.778108835220335,sil,False
125,8165,8100,8187,8147,8294,8147,8159,8186,8173,8162,8153,8181,8161,8103,13.778108835220335,sil,False
126,8172,8103,8185,8159,8289,8155,8173,8183,8188,8176,8170,8179,8175,8104,13.793283939361572,sil,False
127,8182,8092,8174,8156,8270,8142,8174,8186,8194,8176,8160,8177,8181,8111,13.793283939361572,sil,False
237,8183,8095,8183,8148,8260,8145,8174,8195,8183,8153,8154,8192,8184,8114,13.80883002281189,sil,False
0,8187,8100,8174,8164,8271,8155,8177,8169,8193,8160,8186,8193,8203,8105,13.80883002281189,sil,False
1,8196,8114,8196,8163,8273,8146,8155,8181,8177,8161,8188,8200,8186,8112,13.82435703277588,sil,False
2,8184,8133,8192,8188,8265,8145,8162,8168,8167,8173,8180,8185,8179,8094,13.82435703277588,sil,False
3,8163,8123,8170,8173,8242,8132,8155,8142,8139,8146,8155,8158,8155,8081,13.84051275253296,sil,False
4,8159,8121,8184,8160,8242,8139,8144,8154,8128,8129,8151,8164,8137,8091,13.84051275253296,sil,False
5,8162,8119,8167,8191,8268,8157,8162,8146,8156,8171,8166,8153,8152,8088,13.85587763786316,sil,False
6,8158,8113,8172,8175,8260,8156,8162,8157,8140,8162,8128,8146,8130,8093,13.85587763786316,sil,False
7,8153,8115,8180,8185,8255,8162,8171,8153,8147,8160,8120,8146,8129,8084,13.871381044387816,sil,False
8,8156,8109,8178,8195,8269,8159,8168,8144,8152,8164,8137,8143,8139,8088,13.871381044387816,sil,False
9,8164,8124,8191,8180,8272,8163,8172,8172,8153,8160,8147,8164,8148,8111,13.887042760849,sil,False
10,8164,8126,8157,8173,8265,8154,8184,8169,8180,8184,8161,8163,8171,8106,13.903024435043337,sil,False
11,8164,8117,8156,8145,8252,8134,8157,8179,8167,8169,8144,8158,8155,8109,13.903024435043337,sil,False
12,8177,8140,8179,8166,8255,8147,8168,8186,8183,8178,8162,8161,8172,8109,13.903024435043337,sil,False
13,8193,8159,8180,8181,8257,8139,8177,8182,8191,8193,8176,8166,8192,8111,13.918558835983276,sil,False
14,8196,8161,8192,8156,8246,8133,8154,8182,8159,8173,8158,8179,8174,8112,13.918558835983276,sil,False
15,8183,8144,8161,8157,8235,8135,8149,8147,8161,8156,8163,8152,8170,8079,13.933857202529907,sil,False
16,8174,8147,8164,8153,8222,8120,8141,8155,8148,8124,8154,8141,8147,8079,13.933857202529907,sil,False
17,8171,8176,8193,8181,8231,8139,8164,8168,8155,8145,8168,8155,8153,8087,13.949907541275024,sil,False
18,8155,8159,8174,8187,8231,8152,8176,8150,8166,8156,8159,8137,8150,8077,13.949907541275024,sil,False
19,8137,8137,8167,8162,8207,8152,8168,8160,8150,8132,8117,8113,8119,8073,13.965245962142944,sil,False
20,8136,8140,8157,8182,8199,8161,8193,8154,8163,8165,8123,8106,8131,8070,13.965245962142944,sil,False
21,8150,8144,8169,8166,8190,8153,8188,8171,8159,8177,8123,8136,8135,8096,13.982035398483276,sil,False
22,8157,8144,8175,8153,8183,8132,8173,8182,8173,8181,8127,8151,8147,8100,13.982035398483276,sil,False
23,8154,8140,8158,8150,8184,8103,8153,8163,8182,8181,8138,8137,8168,8087,13.996280431747437,sil,False
24,8168,8154,8182,8138,8171,8099,8134,8171,8156,8154,8141,8165,8169,8097,14.012053966522217,sil,False
25,8189,8173,8184,8172,8174,8108,8151,8154,8160,8159,8174,8186,8192,8094,14.012053966522217,sil,False
26,8185,8173,8187,8164,8177,8097,8145,8143,8132,8138,8162,8171,8170,8088,14.027204513549805,sil,False
27,8154,8170,8189,8157,8169,8108,8146,8137,8106,8120,8130,8141,8132,8065,14.027204513549805,sil,False
28,8146,8150,8163,8172,8161,8126,8166,8131,8122,8131,8120,8118,8128,8059,14.04251480102539,sil,False
29,8164,8148,8183,8159,8156,8134,8179,8175,8143,8153,8126,8146,8140,8102,14.04251480102539,sil,False
30,8163,8155,8176,8167,8159,8130,8182,8175,8177,8197,8160,8162,8178,8106,14.063898086547852,sil,False
31,8159,8144,8157,8147,8147,8106,8141,8160,8155,8172,8154,8161,8173,8096,14.063898086547852,sil,False
32,8179,8173,8188,8162,8151,8117,8137,8162,8138,8155,8166,8173,8171,8098,14.063898086547852,sil,False
33,8191,8191,8201,8206,8169,8130,8162,8143,8161,8188,8198,8165,8178,8096,14.073996782302856,sil,False
34,8172,8178,8207,8187,8156,8127,8154,8160,8155,8173,8174,8164,8149,8110,14.090351343154907,sil,False
35,8161,8170,8190,8189,8149,8137,8172,8165,8170,8193,8174,8159,8164,8112,14.090351343154907,sil,False
36,8165,8150,8174,8174,8134,8115,8164,8162,8162,8198,8163,8147,8157,8112,14.105419397354126,sil,False
37,8157,8145,8170,8146,8114,8101,8149,8172,8159,8168,8147,8151,8148,8103,14.105419397354126,sil,False
38,8159,8150,8152,8149,8121,8105,8166,8174,8190,8178,8178,8158,8184,8097,14.121652841567991,sil,False
39,8171,8155,8179,8133,8118,8096,8156,8188,8169,8172,8186,8176,8183,8112,14.121652841567991,sil,False
40,8164,8160,8175,8138,8108,8089,8142,8156,8151,8164,8183,8172,8174,8087,14.136859893798828,sil,False
41,8165,8175,8168,8149,8113,8092,8132,8146,8144,8150,8177,8170,8165,8079,14.136859893798828,sil,False
42,8175,8195,8205,8170,8130,8113,8150,8177,8153,8163,8185,8179,8167,8095,14.152200937271118,sil,False
43,8155,8163,8185,8176,8120,8113,8172,8154,8162,8186,8181,8150,8160,8079,14.152200937271118,sil,False
44,8136,8128,8168,8131,8083,8107,8156,8158,8137,8161,8136,8140,8127,8084,14.167337894439695,hello,True
45,8150,8139,8166,8141,8090,8123,8169,8174,8171,8179,8146,8154,8157,8091,14.167337894439695,hello,True
46,8161,8139,8156,8138,8095,8102,8163,8175,8188,8177,8164,8161,8169,8091,14.183066606521606,hello,True
47,8156,8141,8172,8117,8074,8081,8144,8177,8163,8148,8169,8177,8157,8092,14.183066606521606,hello,True
48,8165,8153,8168,8139,8075,8086,8147,8149,8162,8165,8195,8179,8184,8081,14.199142932891846,hello,True
49,8174,8162,8179,8128,8074,8085,8131,8152,8135,8139,8174,8179,8166,8081,14.199142932891846,hello,True
50,8158,8166,8175,8132,8078,8099,8138,8147,8130,8120,8165,8166,8145,8065,14.214274406433104,hello,True
51,8152,8165,8173,8148,8088,8101,8143,8132,8124,8124,8169,8155,8141,8062,14.214274406433104,hello,True
52,8166,8186,8218,8174,8091,8114,8153,8156,8121,8143,8164,8174,8141,8084,14.230491638183594,hello,True
53,8162,8183,8199,8205,8093,8135,8182,8152,8161,8180,8168,8157,8151,8087,14.230491638183594,hello,True
54,8157,8157,8173,8158,8081,8123,8170,8165,8162,8165,8148,8146,8142,8102,14.245882987976074,hello,True
55,8172,8162,8177,8143,8072,8106,8156,8168,8160,8162,8167,8172,8170,8102,14.245882987976074,hello,True
56,8178,8165,8177,8154,8062,8081,8131,8147,8142,8145,8186,8186,8185,8086,14.260801076889038,hello,True
57,8174,8175,8197,8143,8061,8086,8118,8156,8119,8121,8179,8191,8169,8090,14.260801076889038,hello,True
58,8179,8195,8196,8178,8089,8116,8151,8153,8157,8162,8210,8185,8191,8092,14.276184320449827,hello,True
59,8188,8206,8214,8184,8091,8119,8157,8164,8160,8167,8198,8188,8179,8108,14.276184320449827,hello,True
60,8182,8204,8218,8184,8075,8124,8160,8159,8154,8164,8173,8177,8160,8104,14.29133367538452,hello,True
61,8164,8175,8184,8185,8067,8122,8160,8149,8157,8177,8163,8150,8151,8095,14.29133367538452,hello,True
62,8158,8169,8196,8173,8062,8129,8159,8185,8152,8174,8152,8163,8141,8117,14.307156801223757,hello,True
63,8163,8178,8184,8186,8066,8139,8181,8186,8186,8193,8172,8170,8167,8113,14.307156801223757,hello,True
64,8170,8171,8171,8157,8049,8108,8158,8179,8176,8173,8175,8171,8162,8109,14.322307109832764,hello,True
65,8170,8181,8184,8149,8028,8087,8130,8172,8159,8156,8186,8183,8163,8105,14.322307109832764,hello,True
66,8181,8193,8183,8170,8025,8089,8127,8155,8164,8162,8206,8190,8184,8100,14.338169574737549,hello,True
67,8195,8214,8216,8178,8033,8106,8128,8166,8147,8146,8208,8205,8178,8108,14.338169574737549,hello,True
68,8189,8226,8230,8225,8061,8127,8159,8147,8152,8160,8222,8192,8176,8098,14.35328483581543,hello,True
69,8176,8207,8227,8227,8064,8122,8159,8151,8143,8161,8198,8175,8148,8108,14.35328483581543,hello,True
70,8177,8196,8209,8207,8049,8124,8151,8172,8148,8164,8187,8181,8149,8115,14.368614196777344,hello,True
71,8185,8187,8173,8196,8046,8103,8138,8157,8158,8164,8202,8184,8179,8103,14.368614196777344,hello,True
72,8192,8196,8201,8182,8052,8077,8116,8168,8134,8135,8202,8199,8177,8115,14.383612632751465,hello,True
73,8211,8229,8219,8234,8085,8099,8140,8154,8147,8160,8238,8204,8196,8110,14.383612632751465,hello,True
74,8224,8242,8224,8250,8101,8114,8143,8140,8130,8154,8237,8205,8192,8105,14.39919137954712,hello,True
75,8205,8238,8231,8234,8100,8126,8138,8145,8110,8128,8206,8194,8173,8100,14.39919137954712,hello,True
76,8180,8204,8192,8236,8109,8130,8157,8139,8143,8154,8196,8151,8175,8089,14.414825201034546,hello,True
77,8167,8180,8182,8211,8109,8139,8164,8170,8153,8168,8175,8137,8166,8099,14.414825201034546,hello,True
78,8161,8181,8177,8213,8111,8152,8178,8180,8177,8191,8191,8144,8192,8103,14.430244207382202,hello,True
79,8174,8174,8169,8205,8112,8121,8157,8177,8184,8185,8202,8162,8206,8119,14.430244207382202,hello,True
80,8193,8190,8188,8203,8125,8104,8143,8183,8174,8177,8215,8185,8211,8122,14.446218252182009,hello,True
81,8204,8199,8187,8223,8139,8107,8155,8167,8184,8197,8245,8180,8229,8112,14.446218252182009,hello,True
82,8209,8195,8207,8204,8132,8095,8137,8173,8168,8171,8236,8187,8210,8126,14.46151638031006,hello,True
83,8200,8203,8211,8222,8146,8097,8138,8142,8153,8158,8237,8178,8198,8101,14.477140426635742,hello,True
84,8181,8195,8202,8227,8166,8107,8155,8118,8130,8155,8213,8146,8168,8085,14.477140426635742,hello,True
85,8175,8181,8208,8207,8167,8120,8180,8160,8147,8167,8188,8143,8162,8111,14.493239641189575,hello,True
86,8174,8160,8170,8200,8160,8105,8182,8172,8197,8199,8209,8140,8206,8113,14.493239641189575,hello,True
87,8182,8158,8173,8169,8151,8079,8143,8180,8181,8171,8212,8152,8207,8110,14.493239641189575,hello,True
88,8189,8191,8201,8196,8173,8099,8155,8171,8179,8161,8231,8167,8210,8100,14.509143352508543,hello,True
89,8180,8197,8202,8217,8189,8121,8177,8160,8178,8164,8224,8147,8196,8096,14.509143352508543,hello,True
90,8176,8192,8209,8205,8179,8132,8182,8181,8180,8181,8201,8137,8175,8114,14.524251222610474,hello,True
91,8189,8193,8190,8221,8180,8124,8188,8177,8223,8230,8223,8145,8202,8119,14.539263248443604,hello,True
92,8205,8190,8200,8186,8167,8095,8159,8181,8204,8196,8225,8170,8206,8127,14.539263248443604,hello,True
93,8196,8200,8213,8178,8159,8095,8148,8160,8172,8150,8227,8169,8200,8098,14.554529190063477,hello,True
94,8171,8206,8203,8212,8165,8095,8144,8127,8141,8127,8207,8140,8165,8062,14.554529190063477,hello,True
95,8163,8207,8220,8227,8160,8101,8146,8141,8116,8123,8175,8134,8123,8070,14.570244312286375,hello,True
96,8179,8195,8203,8232,8156,8106,8169,8147,8152,8155,8200,8142,8161,8083,14.570244312286375,hello,True
97,8193,8197,8209,8206,8145,8082,8141,8165,8158,8137,8227,8181,8193,8103,14.585840702056885,hello,True
98,8194,8226,8231,8219,8140,8076,8122,8164,8152,8133,8252,8203,8213,8100,14.585840702056885,hello,True
99,8206,8237,8229,8239,8147,8074,8125,8152,8151,8147,8257,8194,8215,8092,14.60189414024353,hello,True
100,8222,8260,8266,8244,8159,8085,8130,8174,8136,8133,8254,8216,8199,8102,14.60189414024353,hello,True
101,8227,8271,8275,8281,8167,8101,8155,8156,8149,8147,8284,8226,8215,8094,14.617401123046877,hello,True
102,8222,8252,8269,8269,8151,8092,8146,8146,8139,8136,8262,8219,8194,8106,14.617401123046877,hello,True
103,8207,8257,8267,8268,8150,8107,8150,8150,8141,8134,8235,8210,8174,8107,14.63352370262146,sil,False
104,8187,8236,8241,8270,8150,8118,8162,8135,8134,8141,8216,8182,8164,8088,14.63352370262146,sil,False
105,8173,8199,8230,8226,8128,8112,8155,8150,8108,8124,8181,8169,8131,8086,14.649120807647703,sil,False
106,8165,8193,8203,8227,8128,8117,8173,8152,8147,8150,8195,8166,8152,8083,14.649120807647703,sil,False
107,8162,8189,8197,8207,8129,8106,8163,8165,8156,8161,8195,8166,8169,8096,14.664905309677124,sil,False
108,8167,8184,8198,8185,8124,8098,8156,8180,8151,8172,8192,8164,8181,8103,14.664905309677124,sil,False
109,8181,8186,8179,8191,8128,8089,8158,8170,8169,8183,8204,8163,8194,8109,14.68012762069702,sil,False
110,8197,8203,8202,8183,8132,8082,8139,8180,8153,8156,8200,8186,8187,8123,14.68012762069702,sil,False
111,8187,8197,8185,8184,8138,8082,8137,8156,8151,8159,8216,8178,8201,8093,14.695252656936646,sil,False
112,8171,8175,8156,8148,8124,8067,8118,8143,8136,8141,8194,8154,8180,8077,14.695252656936646,sil,False
113,8172,8198,8174,8141,8117,8066,8111,8148,8128,8117,8175,8154,8160,8076,14.710807085037231,sil,False
114,8170,8213,8177,8172,8133,8083,8126,8131,8138,8118,8179,8138,8154,8061,14.710807085037231,sil,False
115,8166,8205,8189,8169,8138,8114,8148,8152,8130,8109,8150,8132,8127,8074,14.726290225982666,sil,False
116,8155,8186,8167,8175,8136,8134,8185,8155,8170,8148,8149,8122,8142,8083,14.726290225982666,sil,False
117,8141,8155,8138,8138,8122,8111,8166,8164,8193,8169,8147,8109,8148,8086,14.741857767105104,sil,False
118,8145,8160,8149,8117,8113,8111,8155,8194,8203,8172,8141,8114,8149,8087,14.741857767105104,sil,False
119,8161,8165,8141,8140,8117,8121,8184,8185,8216,8181,8146,8110,8156,8081,14.757914543151855,sil,False
120,8165,8163,8161,8120,8107,8107,8179,8195,8189,8145,8141,8122,8139,8096,14.757914543151855,sil,False
121,8162,8174,8164,8122,8110,8110,8176,8184,8194,8141,8163,8127,8155,8087,14.773305416107178,sil,False
122,8156,8170,8140,8112,8114,8108,8160,8166,8184,8128,8146,8112,8141,8062,14.773305416107178,sil,False
123,8149,8180,8155,8111,8119,8112,8152,8177,8173,8117,8127,8112,8120,8051,14.789145946502686,sil,False
124,8156,8188,8165,8145,8135,8113,8170,8163,8187,8137,8152,8112,8136,8048,14.789145946502686,sil,False
125,8166,8186,8188,8132,8132,8105,8157,8159,8148,8103,8144,8121,8123,8063,14.804826498031616,sil,False
126,8163,8196,8189,8150,8135,8128,8165,8148,8147,8110,8152,8119,8134,8056,14.804826498031616,sil,False
127,8155,8188,8176,8169,8134,8132,8171,8148,8168,8142,8154,8108,8136,8057,14.819905042648315,sil,False
237,8144,8179,8183,8150,8118,8125,8166,8166,8165,8146,8130,8103,8116,8068,14.819905042648315,sil,False
0,8132,8158,8151,8141,8115,8126,8179,8152,8180,8163,8130,8078,8125,8057,14.835540294647217,sil,False
1,8131,8140,8149,8116,8108,8131,8177,8169,8175,8153,8115,8074,8110,8068,14.835540294647217,sil,False
2,8136,8149,8159,8137,8109,8151,8192,8174,8190,8158,8119,8085,8109,8075,14.850776195526125,sil,False
3,8150,8154,8156,8151,8113,8143,8191,8171,8198,8169,8133,8089,8126,8084,14.850776195526125,sil,False
4,8163,8155,8175,8126,8103,8134,8180,8198,8196,8180,8144,8104,8140,8101,14.866887092590332,sil,False
5,8152,8141,8153,8122,8095,8135,8188,8184,8216,8188,8156,8097,8151,8088,14.866887092590332,sil,False
6,8148,8136,8154,8108,8089,8122,8174,8185,8202,8151,8140,8103,8134,8092,14.88207507133484,sil,False
7,8172,8164,8180,8135,8100,8129,8181,8194,8222,8178,8178,8133,8174,8098,14.88207507133484,sil,False
8,8197,8171,8184,8152,8100,8121,8173,8177,8231,8215,8216,8148,8214,8102,14.898168087005615,sil,False
9,8195,8177,8204,8135,8083,8107,8149,8169,8190,8176,8199,8155,8186,8108,14.898168087005615,sil,False
10,8182,8185,8191,8160,8088,8118,8157,8141,8190,8161,8199,8136,8172,8084,14.913299083709717,sil,False
11,8178,8185,8194,8154,8089,8121,8142,8155,8174,8153,8182,8132,8157,8086,14.913299083709717,sil,False
12,8173,8198,8205,8160,8092,8127,8150,8171,8170,8166,8180,8141,8157,8090,14.928813695907593,sil,False
13,8157,8184,8176,8171,8092,8125,8175,8151,8183,8173,8167,8110,8144,8078,14.928813695907593,sil,False
14,8140,8163,8173,8152,8076,8131,8180,8158,8172,8149,8128,8087,8108,8083,14.944885969161987,sil,False
15,8132,8162,8162,8168,8080,8146,8193,8151,8183,8167,8134,8080,8113,8069,14.944885969161987,sil,False
16,8137,8165,8164,8167,8086,8141,8180,8158,8177,8170,8127,8086,8106,8066,14.96103024482727,sil,False
17,8136,8171,8172,8173,8089,8146,8185,8168,8189,8179,8128,8086,8117,8072,14.96103024482727,sil,False
18,8135,8160,8144,8181,8100,8141,8195,8161,8214,8203,8151,8079,8149,8082,14.97613763809204,sil,False
19,8152,8166,8156,8163,8109,8139,8184,8188,8212,8210,8159,8112,8162,8117,14.97613763809204,sil,False
20,8158,8166,8148,8175,8119,8149,8192,8173,8229,8233,8173,8119,8179,8109,14.991867780685425,sil,False
21,8134,8130,8120,8140,8106,8121,8158,8157,8203,8196,8145,8093,8146,8079,14.991867780685425,sil,False
22,8116,8126,8114,8115,8098,8112,8139,8164,8185,8166,8130,8088,8136,8071,15.007951498031616,sil,False
23,8129,8141,8108,8139,8114,8122,8164,8156,8209,8193,8151,8090,8172,8086,15.007951498031616,sil,False
24,8150,8154,8136,8134,8116,8115,8161,8177,8204,8180,8143,8104,8162,8096,15.023205757141112,sil,False
25,8156,8167,8138,8150,8126,8110,8152,8169,8208,8169,8164,8111,8164,8070,15.023205757141112,sil,False
26,8171,8180,8145,8152,8139,8104,8133,8155,8193,8160,8179,8125,8169,8075,15.038844108581545,sil,False
27,8184,8202,8174,8156,8148,8115,8137,8163,8191,8168,8182,8142,8177,8087,15.038844108581545,sil,False
28,8175,8202,8160,8169,8160,8119,8151,8152,8213,8186,8191,8133,8189,8078,15.05385708808899,sil,False
29,8162,8205,8172,8150,8160,8118,8143,8164,8187,8165,8168,8130,8162,8094,15.05385708808899,sil,False
30,8161,8224,8166,8172,8170,8130,8152,8148,8190,8168,8168,8115,8163,8080,15.068998098373411,sil,False
31,8155,8216,8149,8167,8175,8124,8134,8133,8179,8141,8154,8097,8158,8061,15.084293603897097,sil,False
32,8145,8213,8166,8152,8177,8135,8134,8148,8168,8131,8138,8097,8138,8069,15.084293603897097,sil,False
33,8145,8210,8153,8184,8194,8148,8175,8149,8217,8184,8147,8082,8148,8077,15.084293603897097,sil,False
34,8139,8200,8157,8174,8195,8143,8174,8177,8234,8189,8140,8093,8146,8095,15.099888324737549,sil,False
35,8127,8194,8153,8168,8192,8145,8170,8171,8230,8184,8155,8101,8156,8083,15.115105390548706,sil,False
36,8129,8179,8139,8153,8187,8131,8163,8145,8200,8172,8142,8087,8142,8067,15.115105390548706,sil,False
37,8134,8189,8162,8150,8189,8133,8170,8159,8193,8168,8127,8096,8130,8078,15.13112187385559,sil,False
38,8130,8187,8150,8172,8193,8141,8183,8147,8228,8191,8140,8097,8143,8080,15.13112187385559,sil,False
39,8127,8167,8139,8139,8177,8127,8156,8152,8209,8162,8119,8097,8125,8083,15.146833181381226,sil,False
40,8134,8172,8141,8139,8180,8133,8169,8168,8215,8173,8135,8111,8156,8082,15.146833181381226,sil,False
41,8154,8173,8151,8152,8195,8133,8193,8184,8252,8206,8161,8125,8189,8099,15.162035942077637,sil,False
42,8169,8174,8177,8136,8187,8132,8187,8202,8259,8193,8151,8134,8174,8112,15.162035942077637,sil,False
43,8159,8166,8145,8123,8175,8121,8171,8168,8250,8168,8147,8111,8171,8078,15.177432775497437,sil,False
44,8145,8161,8133,8093,8166,8092,8138,8162,8207,8126,8133,8113,8155,8065,15.177432775497437,sil,False
45,8150,8183,8154,8118,8178,8103,8143,8166,8203,8138,8154,8132,8164,8064,15.192593097686768,sil,False
46,8163,8189,8164,8141,8185,8114,8156,8153,8204,8166,8168,8130,8171,8065,15.192593097686768,sil,False
47,8168,8197,8193,8134,8178,8117,8158,8162,8187,8154,8153,8142,8156,8078,15.20845627784729,sil,False
48,8164,8202,8184,8165,8186,8126,8173,8144,8206,8169,8170,8141,8171,8071,15.20845627784729,sil,False
49,8162,8195,8185,8169,8185,8119,8155,8144,8186,8162,8160,8133,8158,8075,15.223905801773071,sil,False
50,8156,8194,8189,8174,8182,8130,8160,8150,8183,8163,8149,8115,8146,8068,15.223905801773071,sil,False
51,8149,8176,8163,8175,8188,8139,8177,8149,8203,8176,8144,8092,8142,8061,15.240066766738892,sil,False
52,8152,8164,8173,8154,8183,8150,8174,8172,8195,8186,8129,8104,8137,8082,15.240066766738892,sil,False
53,8157,8163,8161,8170,8182,8158,8188,8164,8213,8222,8150,8114,8169,8087,15.2552387714386,sil,False
54,8167,8165,8160,8155,8177,8134,8176,8178,8210,8197,8153,8132,8168,8100,15.2552387714386,sil,False
55,8188,8184,8183,8155,8180,8129,8172,8186,8211,8183,8167,8158,8180,8102,15.27110195159912,sil,False
56,8192,8177,8171,8165,8181,8122,8168,8159,8205,8197,8183,8158,8198,8085,15.27110195159912,sil,False
57,8168,8165,8176,8136,8161,8108,8138,8158,8165,8166,8164,8153,8169,8076,15.28610110282898,sil,False
58,8160,8181,8176,8162,8172,8121,8142,8138,8175,8166,8171,8140,8163,8063,15.28610110282898,sil,False
59,8178,8198,8199,8180,8184,8141,8146,8143,8179,8169,8164,8141,8154,8083,15.301838636398315,sil,False
60,8174,8195,8209,8176,8173,8162,8152,8159,8173,8176,8161,8142,8152,8085,15.301838636398315,sil,False
61,8155,8172,8178,8170,8168,8176,8145,8137,8171,8181,8167,8120,8153,8065,15.317917823791504,sil,False
62,8158,8178,8194,8157,8172,8215,8145,8155,8163,8167,8149,8134,8137,8086,15.317917823791504,sil,False
63,8163,8184,8191,8187,8181,8264,8197,8166,8204,8206,8158,8142,8160,8097,15.333138942718506,sil,False
64,8146,8151,8169,8167,8158,8254,8188,8165,8205,8209,8140,8123,8154,8094,15.333138942718506,sil,False
65,8140,8138,8163,8135,8139,8240,8154,8175,8188,8184,8128,8121,8150,8089,15.34923505783081,sil,False
66,8157,8131,8141,8140,8143,8241,8161,8171,8199,8184,8149,8126,8174,8081,15.34923505783081,sil,False
67,8164,8126,8161,8126,8134,8238,8158,8192,8189,8170,8142,8148,8166,8092,15.364992141723633,sil,False
68,8165,8143,8171,8147,8138,8242,8158,8179,8203,8188,8159,8157,8185,8086,15.364992141723633,sil,False
69,8179,8152,8166,8150,8141,8228,8136,8162,8187,8179,8173,8157,8185,8085,15.379918813705444,sil,False
70,8194,8165,8192,8151,8137,8231,8129,8168,8173,8166,8183,8177,8184,8092,15.379918813705444,sil,False
71,8192,8170,8189,8170,8144,8237,8137,8149,8188,8182,8196,8178,8206,8082,15.395835638046265,sil,False
72,8182,8168,8194,8150,8140,8227,8119,8157,8153,8149,8164,8167,8174,8080,15.395835638046265,sil,False
73,8166,8167,8194,8169,8147,8240,8140,8149,8150,8143,8160,8145,8157,8069,15.411022424697876,sil,False
74,8161,8147,8190,8176,8150,8249,8160,8143,8159,8162,8158,8141,8154,8076,15.411022424697876,sil,False
75,8166,8148,8205,8164,8141,8262,8168,8160,8153,8171,8142,8152,8146,8089,15.42700457572937,sil,False
76,8151,8145,8182,8173,8135,8260,8177,8143,8162,8174,8136,8128,8149,8065,15.42700457572937,sil,False
77,8139,8129,8184,8151,8121,8240,8153,8152,8146,8152,8116,8128,8139,8069,15.442031860351562,sil,False
78,8153,8128,8184,8155,8124,8247,8159,8158,8161,8177,8124,8143,8152,8082,15.442031860351562,sil,False
79,8156,8112,8163,8143,8122,8236,8160,8157,8170,8186,8114,8132,8142,8089,15.458089351654053,sil,False
80,8148,8113,8179,8121,8111,8210,8141,8174,8162,8162,8116,8144,8143,8091,15.458089351654053,sil,False
81,8157,8126,8169,8137,8124,8199,8142,8156,8173,8170,8168,8165,8185,8075,15.473380327224731,sil,False
82,8171,8129,8175,8125,8120,8196,8129,8164,8147,8150,8164,8183,8171,8087,15.473380327224731,sil,False
83,8169,8132,8188,8133,8103,8201,8127,8163,8147,8143,8150,8182,8163,8082,15.488901138305664,sil,False
84,8172,8127,8180,8134,8099,8184,8116,8144,8150,8139,8144,8171,8161,8066,15.488901138305664,sil,False
85,8174,8145,8198,8132,8107,8190,8117,8160,8127,8125,8133,8171,8131,8067,15.504831075668337,sil,False
86,8155,8150,8184,8164,8114,8214,8143,8149,8134,8133,8133,8140,8118,8043,15.504831075668337,sil,False
87,8146,8135,8186,8147,8100,8210,8132,8148,8114,8096,8098,8117,8093,8037,15.520203828811646,sil,False
88,8149,8137,8193,8147,8099,8218,8145,8153,8121,8108,8101,8120,8100,8046,15.520203828811646,sil,False
89,8141,8121,8165,8155,8100,8217,8163,8148,8143,8150,8112,8108,8111,8053,15.535604000091553,sil,False
90,8138,8109,8169,8139,8081,8218,8156,8175,8150,8150,8088,8104,8094,8069,15.535604000091553,sil,False
91,8158,8112,8161,8163,8084,8232,8171,8177,8194,8178,8106,8110,8118,8071,15.551145315170288,sil,False
92,8171,8109,8163,8144,8080,8224,8163,8187,8194,8170,8106,8125,8125,8084,15.551532506942747,sil,False
93,8157,8111,8157,8124,8072,8223,8162,8184,8181,8154,8100,8129,8124,8075,15.56685709953308,sil,False
94,8150,8099,8126,8130,8076,8208,8158,8163,8183,8151,8104,8119,8131,8062,15.56685709953308,sil,False
95,8161,8106,8150,8121,8082,8189,8139,8171,8162,8132,8108,8141,8133,8074,15.582899808883669,sil,False
96,8160,8133,8160,8146,8096,8196,8145,8154,8159,8149,8139,8142,8154,8059,15.582899808883669,sil,False
97,8150,8142,8166,8146,8099,8204,8138,8157,8140,8135,8128,8123,8128,8062,15.59856653213501,sil,False
98,8149,8138,8181,8150,8109,8227,8161,8174,8154,8137,8118,8122,8119,8078,15.59856653213501,sil,False
99,8156,8116,8158,8155,8118,8225,8183,8165,8190,8176,8122,8118,8140,8081,15.614259004592896,sil,False
100,8159,8113,8162,8123,8116,8195,8153,8179,8174,8168,8110,8132,8137,8086,15.614259004592896,sil,False
101,8166,8131,8161,8130,8130,8180,8137,8154,8159,8153,8135,8143,8155,8068,15.630297899246216,sil,False
102,8173,8143,8170,8132,8135,8164,8123,8130,8126,8116,8124,8139,8130,8061,15.630297899246216,sil,False
103,8162,8156,8191,8154,8143,8174,8132,8144,8126,8119,8099,8126,8104,8064,15.64582872390747,sil,False
104,8158,8148,8177,8189,8162,8195,8165,8151,8168,8163,8108,8114,8122,8068,15.64582872390747,sil,False
105,8181,8152,8199,8169,8170,8196,8171,8184,8178,8165,8112,8148,8134,8098,15.66123104095459,sil,False
106,8198,8167,8200,8172,8179,8182,8169,8183,8196,8168,8142,8174,8166,8101,15.66123104095459,sil,False
107,8198,8156,8190,8162,8177,8156,8143,8166,8177,8139,8150,8172,8166,8095,15.676904916763306,sil,False
108,8194,8164,8204,8159,8184,8166,8146,8165,8159,8128,8148,8164,8158,8081,15.676904916763306,sil,False
109,8180,8161,8180,8165,8191,8166,8158,8145,8166,8152,8151,8142,8164,8055,15.692060947418211,sil,False
110,8170,8143,8182,8131,8179,8147,8129,8150,8138,8120,8128,8148,8135,8061,15.692060947418211,sil,False
111,8176,8155,8190,8159,8198,8170,8148,8146,8159,8125,8132,8146,8133,8055,15.708167552947998,sil,False
112,8173,8156,8183,8178,8219,8187,8174,8160,8182,8155,8119,8131,8133,8063,15.708167552947998,sil,False
113,8155,8135,8175,8145,8202,8188,8178,8183,8182,8165,8095,8130,8127,8081,15.723876237869264,sil,False
114,8152,8119,8142,8131,8192,8168,8173,8149,8195,8163,8103,8120,8136,8066,15.723876237869264,sil,False
115,8160,8132,8152,8113,8190,8142,8140,8153,8166,8126,8097,8130,8121,8059,15.738911867141724,sil,False
116,8155,8140,8153,8125,8192,8142,8134,8160,8160,8125,8112,8133,8128,8049,15.738911867141724,sil,False
117,8152,8124,8139,8117,8187,8131,8124,8148,8161,8120,8112,8127,8125,8052,15.755020380020142,sil,False
118,8157,8145,8171,8119,8191,8138,8122,8159,8152,8111,8118,8152,8123,8065,15.755020380020142,sil,False
119,8164,8170,8179,8166,8211,8145,8139,8149,8165,8144,8150,8159,8149,8056,15.770146131515505,sil,False
120,8161,8169,8187,8153,8207,8126,8117,8148,8136,8123,8126,8149,8120,8060,15.770146131515505,sil,False
121,8149,8176,8186,8156,8202,8138,8128,8137,8127,8114,8120,8140,8108,8054,15.784853219985962,sil,False
122,8154,8179,8175,8174,8208,8153,8148,8141,8136,8131,8129,8133,8121,8057,15.7999370098114,sil,False
123,8160,8188,8194,8169,8204,8155,8143,8173,8140,8144,8118,8145,8123,8072,15.7999370098114,sil,False
124,8142,8178,8176,8178,8197,8158,8156,8153,8160,8172,8123,8136,8133,8064,15.81600022315979,sil,False
125,8129,8148,8159,8149,8177,8148,8157,8154,8150,8159,8097,8128,8110,8069,15.81600022315979,sil,False
126,8138,8145,8152,8142,8173,8145,8168,8171,8170,8164,8102,8134,8127,8073,15.831257104873655,sil,False
127,8155,8145,8144,8137,8178,8132,8161,8169,8184,8173,8120,8144,8158,8082,15.831257104873655,sil,False
237,8171,8151,8173,8119,8165,8121,8141,8183,8159,8153,8116,8168,8152,8101,15.846865892410278,sil,False
0,8180,8160,8161,8146,8166,8118,8146,8161,8170,8163,8145,8169,8173,8087,15.846865892410278,sil,False
1,8186,8164,8165,8138,8172,8111,8128,8163,8161,8156,8159,8185,8178,8083,15.8628671169281,sil,False
2,8194,8184,8189,8138,8175,8124,8129,8164,8153,8160,8167,8199,8178,8084,15.8628671169281,sil,False
3,8190,8190,8182,8154,8176,8119,8131,8133,8140,8158,8162,8171,8172,8075,15.878101825714111,sil,False
4,8170,8203,8195,8156,8182,8122,8129,8145,8115,8133,8145,8162,8147,8076,15.878101825714111,sil,False
5,8162,8204,8188,8185,8207,8155,8172,8146,8146,8153,8151,8160,8149,8068,15.893271207809448,sil,False
6,8169,8180,8190,8175,8206,8161,8183,8158,8159,8166,8128,8152,8136,8080,15.893271207809448,sil,False
7,8163,8173,8190,8170,8197,8157,8181,8174,8175,8196,8128,8148,8142,8083,15.908876419067385,sil,False
8,8153,8150,8145,8159,8189,8150,8176,8168,8196,8218,8134,8136,8151,8078,15.908876419067385,sil,False
9,8159,8141,8143,8124,8173,8142,8157,8189,8189,8193,8114,8153,8149,8091,15.924976825714111,sil,False
10,8166,8155,8145,8139,8179,8126,8160,8178,8209,8198,8134,8165,8178,8072,15.924976825714111,sil,False
11,8163,8155,8147,8124,8174,8101,8138,8164,8179,8163,8132,8161,8156,8060,15.941033840179443,sil,False
12,8165,8164,8166,8122,8166,8127,8139,8156,8149,8139,8125,8158,8134,8059,15.941033840179443,sil,False
13,8167,8165,8163,8154,8177,8142,8167,8138,8162,8166,8138,8146,8143,8055,15.957128763198853,sil,False
14,8157,8153,8176,8150,8179,8136,8173,8167,8163,8175,8129,8152,8131,8076,15.957128763198853,sil,False
15,8155,8143,8158,8166,8185,8163,8197,8175,8204,8212,8137,8151,8153,8083,15.97322964668274,sil,False
16,8164,8135,8151,8154,8185,8158,8198,8176,8208,8213,8127,8149,8160,8091,15.97322964668274,sil,False
17,8163,8139,8169,8135,8172,8133,8183,8182,8190,8189,8130,8172,8165,8097,15.989259958267212,sil,False
18,8159,8126,8148,8130,8156,8117,8169,8160,8197,8191,8159,8186,8189,8087,15.989259958267212,sil,False
19,8177,8131,8164,8108,8148,8112,8149,8173,8175,8167,8157,8204,8178,8096,16.004321336746216,sil,False
20,8195,8160,8187,8151,8166,8116,8161,8165,8171,8165,8177,8206,8184,8090,16.004321336746216,sil,False
21,8191,8159,8191,8169,8165,8104,8151,8149,8163,8159,8180,8205,8181,8086,16.01999306678772,sil,False
22,8171,8150,8203,8151,8154,8121,8149,8157,8166,8165,8158,8208,8166,8089,16.01999306678772,sil,False
23,8153,8135,8180,8159,8157,8143,8171,8149,8189,8189,8148,8179,8167,8084,16.035550117492676,hello,True
24,8151,8124,8179,8144,8138,8131,8168,8170,8171,8172,8128,8175,8151,8100,16.035550117492676,hello,True
25,8155,8126,8172,8151,8128,8136,8192,8176,8189,8196,8138,8183,8166,8094,16.051209926605225,hello,True
26,8153,8109,8151,8139,8128,8139,8202,8177,8202,8200,8135,8179,8167,8091,16.051209926605225,hello,True
27,8155,8115,8164,8123,8126,8137,8189,8195,8192,8176,8137,8196,8167,8108,16.07158088684082,hello,True
28,8173,8134,8160,8149,8132,8131,8180,8178,8206,8196,8175,8212,8205,8108,16.07158088684082,hello,True
29,8193,8144,8181,8146,8129,8116,8158,8176,8186,8189,8180,8233,8202,8113,16.07158088684082,hello,True
30,8193,8164,8197,8172,8139,8128,8167,8161,8174,8186,8189,8235,8196,8093,16.082648038864136,hello,True
31,8192,8174,8193,8192,8151,8137,8169,8150,8157,8180,8173,8216,8174,8083,16.09828209877014,hello,True
32,8189,8176,8210,8193,8151,8146,8167,8171,8136,8168,8139,8214,8150,8099,16.09828209877014,hello,True
33,8171,8155,8177,8213,8150,8156,8186,8154,8150,8189,8150,8195,8169,8093,16.113603353500366,hello,True
34,8154,8128,8161,8184,8133,8152,8177,8164,8141,8188,8141,8183,8159,8102,16.113603353500366,hello,True
35,8151,8131,8157,8179,8126,8158,8190,8182,8171,8208,8144,8187,8166,8107,16.130223274230957,hello,True
36,8163,8135,8136,8186,8129,8151,8203,8187,8203,8219,8154,8188,8189,8113,16.130223274230957,hello,True
37,8181,8144,8157,8177,8125,8147,8188,8208,8189,8196,8160,8206,8195,8130,16.14622473716736,hello,True
38,8193,8143,8162,8189,8127,8142,8185,8183,8195,8206,8196,8214,8216,8115,16.14622473716736,hello,True
39,8197,8148,8172,8182,8124,8122,8167,8170,8175,8190,8199,8224,8199,8108,16.16234827041626,hello,True
40,8193,8180,8184,8209,8127,8138,8175,8167,8165,8186,8204,8223,8187,8098,16.16234827041626,hello,True
41,8188,8167,8171,8208,8130,8156,8191,8158,8173,8202,8203,8203,8178,8091,16.178069829940796,hello,True
42,8185,8149,8190,8187,8129,8165,8191,8173,8173,8200,8181,8203,8158,8105,16.178069829940796,hello,True
43,8186,8165,8185,8247,8136,8173,8209,8156,8198,8226,8201,8201,8182,8110,16.194122076034546,hello,True
44,8191,8169,8183,8253,8127,8161,8201,8164,8182,8219,8187,8204,8177,8125,16.194122076034546,hello,True
45,8190,8163,8182,8220,8122,8161,8194,8180,8175,8207,8169,8208,8172,8122,16.210143566131592,hello,True
46,8192,8153,8163,8217,8124,8148,8184,8162,8183,8195,8185,8209,8195,8117,16.210143566131592,hello,True
47,8205,8164,8189,8206,8121,8129,8162,8172,8157,8169,8195,8239,8208,8133,16.22600793838501,hello,True
48,8202,8178,8184,8215,8142,8128,8163,8155,8151,8174,8206,8230,8206,8105,16.22600793838501,hello,True
49,8187,8176,8176,8207,8158,8120,8141,8141,8124,8135,8180,8200,8151,8084,16.241324424743652,hello,True
50,8187,8186,8200,8221,8160,8134,8141,8148,8118,8123,8175,8199,8145,8092,16.241324424743652,hello,True
51,8182,8174,8187,8241,8168,8152,8165,8142,8135,8164,8185,8190,8171,8091,16.2568519115448,hello,True
52,8168,8159,8179,8211,8169,8155,8167,8164,8128,8167,8160,8186,8151,8103,16.2568519115448,hello,True
53,8180,8163,8165,8213,8179,8149,8181,8167,8159,8186,8172,8193,8178,8113,16.272011041641235,hello,True
54,8198,8158,8171,8202,8186,8126,8172,8173,8159,8187,8184,8216,8202,8129,16.272011041641235,hello,True
55,8192,8154,8184,8192,8188,8134,8173,8184,8155,8191,8187,8222,8201,8131,16.287198066711426,hello,True
56,8188,8145,8157,8198,8194,8136,8182,8174,8180,8200,8189,8203,8210,8116,16.287198066711426,hello,True
57,8195,8155,8172,8176,8193,8120,8159,8188,8163,8157,8182,8223,8206,8127,16.302839994430542,hello,True
58,8194,8171,8184,8196,8205,8128,8163,8169,8155,8154,8217,8232,8217,8113,16.302839994430542,hello,True
59,8191,8168,8187,8210,8216,8128,8161,8157,8138,8156,8208,8210,8193,8098,16.3189218044281,hello,True
60,8183,8175,8203,8220,8225,8143,8167,8170,8133,8162,8170,8200,8167,8099,16.3189218044281,hello,True
61,8164,8157,8172,8226,8227,8155,8180,8155,8161,8198,8167,8184,8178,8100,16.33493185043335,hello,True
62,8157,8130,8163,8182,8209,8142,8162,8176,8158,8188,8152,8188,8172,8123,16.33493185043335,hello,True
63,8170,8143,8167,8190,8220,8141,8173,8180,8175,8196,8165,8200,8191,8124,16.35101866722107,hello,True
64,8187,8152,8168,8194,8234,8136,8171,8171,8178,8193,8166,8205,8195,8122,16.35101866722107,hello,True
65,8194,8158,8182,8183,8228,8131,8153,8183,8163,8170,8159,8218,8192,8119,16.366636991500854,hello,True
66,8181,8158,8165,8194,8227,8124,8150,8166,8165,8168,8176,8211,8202,8094,16.366636991500854,hello,True
67,8171,8167,8180,8181,8229,8132,8146,8170,8148,8151,8163,8207,8173,8093,16.382503986358643,hello,True
68,8168,8180,8180,8205,8241,8167,8177,8157,8167,8166,8163,8192,8171,8080,16.382503986358643,hello,True
69,8160,8163,8164,8207,8235,8160,8180,8142,8161,8160,8143,8171,8152,8070,16.398351430892944,hello,True
70,8154,8161,8191,8190,8227,8158,8172,8172,8145,8163,8125,8186,8124,8085,16.398351430892944,hello,True
71,8154,8156,8176,8202,8242,8176,8200,8173,8186,8219,8148,8187,8148,8079,16.41384196281433,hello,True
72,8152,8135,8164,8174,8233,8164,8201,8181,8193,8214,8132,8178,8140,8086,16.41384196281433,hello,True
73,8154,8137,8166,8174,8225,8158,8202,8186,8205,8217,8131,8175,8145,8095,16.429004669189453,hello,True
74,8172,8143,8167,8178,8222,8153,8189,8188,8210,8226,8151,8191,8171,8108,16.429004669189453,hello,True
75,8196,8156,8197,8166,8214,8149,8180,8204,8204,8217,8180,8233,8194,8127,16.44428825378418,hello,True
76,8198,8153,8178,8176,8220,8141,8195,8179,8221,8222,8210,8227,8216,8112,16.44428825378418,hello,True
77,8182,8146,8185,8148,8208,8125,8174,8183,8178,8176,8177,8211,8182,8105,16.460699319839478,hello,True
78,8169,8168,8205,8163,8206,8145,8179,8179,8164,8166,8175,8205,8168,8090,16.460699319839478,hello,True
79,8158,8179,8190,8190,8221,8151,8182,8148,8173,8181,8179,8188,8156,8077,16.476129055023193,hello,True
80,8149,8175,8198,8177,8218,8159,8169,8166,8156,8172,8142,8179,8126,8088,16.476129055023193,hello,True
81,8150,8154,8173,8182,8204,8175,8192,8169,8187,8200,8145,8166,8147,8086,16.49134635925293,hello,True
82,8157,8130,8165,8152,8188,8164,8195,8179,8190,8211,8148,8177,8156,8099,16.49134635925293,hello,True
83,8157,8136,8177,8146,8188,8169,8198,8186,8188,8206,8153,8193,8171,8100,16.50707173347473,sil,False
84,8154,8134,8166,8153,8192,8162,8187,8171,8188,8180,8152,8188,8174,8088,16.50707173347473,sil,False
85,8159,8147,8186,8142,8187,8140,8157,8180,8163,8154,8156,8215,8161,8093,16.522846937179565,sil,False
86,8172,8173,8195,8178,8191,8134,8159,8164,8172,8186,8212,8245,8202,8091,16.522846937179565,sil,False
87,8197,8183,8224,8192,8188,8129,8151,8168,8158,8183,8237,8266,8219,8116,16.538039207458496,sil,False
88,8217,8209,8258,8221,8191,8136,8154,8170,8143,8169,8253,8284,8216,8125,16.538039207458496,sil,False
89,8215,8219,8254,8254,8195,8136,8163,8143,8136,8165,8258,8282,8208,8106,16.55350089073181,sil,False
90,8210,8215,8265,8238,8187,8139,8157,8151,8118,8149,8238,8290,8189,8116,16.55350089073181,sil,False
91,8211,8213,8255,8249,8196,8150,8168,8145,8140,8179,8258,8283,8213,8119,16.56913924217224,sil,False
92,8205,8202,8248,8231,8194,8143,8161,8156,8136,8183,8240,8263,8206,8124,16.56913924217224,sil,False
93,8189,8198,8250,8214,8186,8157,8168,8162,8129,8173,8193,8241,8174,8116,16.58438777923584,sil,False
94,8189,8195,8234,8242,8196,8171,8183,8144,8143,8181,8183,8218,8173,8103,16.58438777923584,sil,False
95,8207,8207,8254,8240,8200,8171,8176,8171,8137,8175,8184,8229,8182,8126,16.599950551986694,sil,False
96,8194,8205,8235,8232,8207,8179,8194,8164,8150,8199,8198,8223,8201,8121,16.599950551986694,sil,False
97,8166,8173,8204,8201,8202,8179,8196,8150,8134,8190,8172,8200,8176,8106,16.615890979766846,sil,False
98,8168,8170,8208,8192,8191,8194,8210,8176,8135,8178,8150,8196,8160,8107,16.615890979766846,sil,False
99,8177,8171,8188,8199,8190,8195,8227,8181,8170,8202,8158,8190,8179,8102,16.631953716278076,sil,False
100,8169,8163,8188,8171,8181,8183,8197,8190,8162,8200,8153,8200,8177,8115,16.631953716278076,sil,False
101,8174,8171,8192,8186,8184,8191,8203,8190,8192,8230,8185,8212,8209,8125,16.64802098274231,sil,False
102,8197,8171,8195,8177,8180,8178,8209,8194,8213,8242,8191,8217,8219,8136,16.64802098274231,sil,False
103,8187,8170,8198,8153,8163,8168,8194,8197,8198,8219,8169,8215,8198,8126,16.663289070129395,sil,False
104,8161,8155,8161,8156,8164,8167,8192,8171,8196,8215,8169,8194,8197,8100,16.663289070129395,sil,False
105,8172,8151,8166,8140,8162,8158,8177,8179,8172,8183,8160,8199,8182,8108,16.678797960281372,sil,False
106,8188,8173,8174,8157,8157,8159,8168,8170,8172,8178,8183,8210,8191,8098,16.678797960281372,sil,False
107,8176,8173,8153,8149,8146,8146,8149,8154,8165,8178,8183,8207,8184,8087,16.694142818450928,sil,False
108,8160,8181,8162,8143,8146,8153,8161,8169,8155,8169,8158,8198,8161,8091,16.694142818450928,sil,False
109,8156,8184,8152,8183,8162,8180,8203,8153,8170,8186,8150,8156,8156,8082,16.71018123626709,sil,False
110,8152,8166,8150,8169,8156,8186,8205,8177,8174,8190,8130,8147,8139,8097,16.71018123626709,sil,False
111,8153,8155,8139,8153,8152,8182,8205,8193,8210,8219,8151,8167,8170,8105,16.725385189056396,sil,False
112,8165,8154,8128,8150,8155,8158,8177,8170,8207,8203,8167,8175,8189,8100,16.725385189056396,sil,False
113,8172,8186,8163,8155,8153,8150,8151,8163,8167,8163,8161,8189,8170,8099,16.740557193756104,sil,False
114,8166,8200,8160,8185,8159,8162,8168,8142,8172,8190,8175,8174,8173,8091,16.740557193756104,sil,False
115,8159,8187,8164,8176,8150,8171,8166,8157,8164,8199,8153,8161,8155,8104,16.75658392906189,sil,False
116,8160,8189,8166,8188,8147,8194,8185,8178,8197,8220,8154,8165,8169,8112,16.75658392906189,sil,False
117,8171,8179,8145,8182,8144,8186,8189,8181,8224,8227,8169,8171,8186,8120,16.77231216430664,sil,False
118,8178,8171,8159,8144,8135,8167,8163,8184,8188,8188,8163,8182,8175,8116,16.77231216430664,sil,False
119,8177,8180,8156,8166,8140,8169,8171,8155,8176,8183,8179,8172,8188,8085,16.787817001342773,sil,False
120,8182,8192,8170,8178,8131,8170,8169,8162,8164,8171,8175,8177,8180,8096,16.787817001342773,sil,False
121,8186,8202,8187,8188,8129,8175,8174,8167,8170,8179,8177,8186,8190,8101,16.802914142608643,sil,False
122,8175,8189,8172,8189,8133,8162,8174,8144,8168,8187,8170,8167,8194,8088,16.802914142608643,sil,False
123,8159,8186,8185,8175,8132,8170,8175,8161,8151,8170,8155,8164,8171,8101,16.818395853042603,sil,False
124,8159,8192,8176,8201,8143,8195,8206,8164,8192,8197,8174,8159,8188,8108,16.818395853042603,sil,False
125,8160,8176,8165,8186,8134,8180,8200,8173,8196,8204,8151,8156,8181,8117,16.834490299224854,sil,False
126,8151,8161,8163,8162,8130,8183,8195,8183,8190,8217,8144,8166,8180,8116,16.834490299224854,sil,False
127,8158,8149,8147,8162,8148,8188,8197,8173,8204,8230,8165,8167,8196,8112,16.84999966621399,sil,False
237,8167,8161,8164,8166,8146,8164,8178,8184,8185,8194,8146,8175,8183,8119,16.84999966621399,sil,False
0,8160,8170,8154,8192,8146,8155,8176,8171,8192,8200,8151,8173,8195,8103,16.866108894348145,sil,False
1,8158,8154,8144,8161,8157,8155,8166,8180,8195,8205,8156,8172,8192,8111,16.866108894348145,sil,False
2,8159,8149,8144,8141,8168,8160,8165,8189,8195,8196,8151,8170,8185,8107,16.882227420806885,sil,False
3,8151,8139,8123,8152,8176,8156,8160,8158,8191,8181,8145,8155,8184,8075,16.882227420806885,sil,False
4,8147,8150,8145,8128,8184,8165,8144,8166,8159,8145,8134,8163,8169,8078,16.897395133972168,sil,False
5,8157,8168,8150,8145,8202,8173,8162,8162,8160,8156,8155,8164,8185,8081,16.897395133972168,sil,False
6,8165,8163,8152,8157,8204,8156,8165,8160,8157,8158,8156,8170,8180,8094,16.913036584854126,sil,False
7,8169,8183,8188,8175,8217,8177,8172,8175,8170,8166,8161,8186,8175,8105,16.913036584854126,sil,False
8,8168,8194,8191,8199,8244,8191,8186,8161,8183,8182,8161,8165,8171,8090,16.929087162017822,sil,False
9,8160,8180,8187,8178,8241,8183,8179,8169,8161,8159,8118,8145,8137,8086,16.929087162017822,sil,False
10,8145,8173,8166,8191,8242,8204,8205,8164,8186,8186,8125,8137,8152,8080,16.944926261901855,sil,False
11,8146,8168,8166,8186,8250,8200,8207,8168,8191,8202,8132,8145,8156,8095,16.944926261901855,sil,False
12,8156,8172,8186,8176,8248,8190,8196,8186,8175,8180,8115,8152,8141,8107,16.960259199142456,sil,False
13,8142,8152,8153,8179,8214,8192,8201,8163,8178,8172,8114,8130,8143,8091,16.960259199142456,sil,False
14,8132,8133,8151,8140,8186,8182,8190,8178,8166,8169,8104,8142,8135,8108,16.975860595703125,sil,False
15,8151,8145,8147,8142,8223,8172,8204,8194,8207,8217,8135,8166,8176,8128,16.975860595703125,sil,False
16,8163,8151,8135,8140,8240,8150,8192,8186,8219,8222,8152,8171,8200,8129,16.990962028503418,sil,False
17,8157,8155,8149,8128,8215,8141,8166,8183,8189,8183,8150,8182,8189,8123,17.00657606124878,sil,False
18,8159,8149,8129,8141,8213,8138,8164,8166,8190,8178,8164,8179,8193,8106,17.00657606124878,sil,False
19,8168,8159,8143,8126,8216,8135,8147,8185,8180,8166,8151,8183,8181,8111,17.022281646728516,sil,False
20,8165,8189,8163,8146,8218,8154,8157,8179,8195,8177,8169,8184,8196,8099,17.022281646728516,sil,False
21,8157,8180,8150,8144,8216,8152,8157,8158,8189,8169,8175,8175,8194,8091,17.037901401519775,sil,False
22,8150,8169,8159,8124,8205,8158,8148,8166,8153,8158,8149,8173,8164,8094,17.037901401519775,sil,False
23,8136,8164,8145,8145,8205,8171,8165,8148,8152,8187,8138,8148,8157,8079,17.05303454399109,sil,False
24,8125,8159,8146,8135,8206,8166,8166,8158,8146,8166,8123,8142,8142,8092,17.05303454399109,sil,False
25,8140,8173,8158,8151,8216,8185,8186,8167,8172,8170,8143,8160,8159,8104,17.068203687667847,sil,False
26,8161,8171,8154,8156,8220,8194,8200,8167,8190,8201,8146,8166,8166,8116,17.068203687667847,sil,False
27,8157,8165,8164,8130,8207,8188,8204,8192,8185,8202,8129,8172,8158,8136,17.08385157585144,sil,False
28,8163,8166,8153,8146,8203,8172,8212,8183,8215,8218,8157,8176,8196,8134,17.08385157585144,sil,False
29,8192,8178,8169,8143,8195,8151,8185,8190,8211,8210,8164,8192,8201,8141,17.09899139404297,sil,False
30,8189,8195,8169,8140,8195,8157,8185,8196,8212,8214,8167,8190,8200,8130,17.09899139404297,sil,False
31,8167,8184,8140,8137,8200,8149,8189,8181,8213,8207,8164,8170,8195,8110,17.11432695388794,sil,False
32,8174,8194,8168,8134,8198,8148,8174,8184,8182,8170,8152,8185,8172,8109,17.11432695388794,sil,False
33,8187,8209,8173,8168,8207,8164,8171,8157,8169,8165,8173,8187,8179,8093,17.130216360092163,sil,False
34,8186,8203,8172,8159,8202,8149,8144,8154,8137,8137,8166,8184,8165,8089,17.130216360092163,sil,False
35,8183,8218,8187,8170,8202,8154,8149,8161,8145,8143,8176,8193,8174,8092,17.145925283432007,sil,False
36,8188,8226,8188,8199,8213,8168,8164,8148,8162,8182,8199,8199,8196,8099,17.145925283432007,sil,False
37,8192,8225,8209,8189,8206,8164,8149,8162,8138,8175,8191,8211,8179,8116,17.161075115203857,sil,False
38,8184,8223,8191,8203,8202,8163,8153,8145,8149,8178,8203,8198,8177,8101,17.161075115203857,sil,False
39,8168,8213,8183,8194,8198,8158,8145,8139,8136,8168,8184,8188,8159,8096,17.176820039749146,sil,False
40,8160,8208,8196,8196,8196,8172,8164,8153,8134,8176,8165,8187,8158,8101,17.176820039749146,sil,False
41,8161,8195,8177,8206,8194,8175,8190,8152,8156,8191,8168,8171,8164,8100,17.192330360412598,sil,False
42,8160,8192,8185,8184,8183,8180,8181,8173,8144,8173,8155,8182,8148,8110,17.192330360412598,sil,False
43,8156,8185,8172,8194,8181,8194,8192,8161,8155,8188,8162,8184,8163,8101,17.207857847213745,sil,False
44,8154,8164,8159,8178,8166,8174,8182,8160,8152,8181,8152,8174,8155,8110,17.207857847213745,sil,False
45,8167,8178,8178,8178,8160,8166,8172,8183,8162,8182,8167,8193,8167,8128,17.223910093307495,sil,False
46,8189,8185,8174,8199,8173,8165,8170,8173,8191,8206,8201,8210,8202,8132,17.223910093307495,sil,False
47,8198,8176,8184,8173,8172,8147,8156,8180,8164,8175,8193,8229,8189,8142,17.240002632141113,sil,False
48,8192,8181,8175,8183,8173,8137,8162,8163,8158,8164,8212,8227,8201,8122,17.240002632141113,sil,False
49,8190,8182,8164,8187,8167,8131,8149,8160,8163,8160,8220,8217,8205,8113,17.25588822364807,sil,False
50,8192,8193,8170,8186,8161,8144,8140,8184,8176,8175,8225,8227,8204,8118,17.25588822364807,sil,False
51,8187,8191,8152,8199,8167,8149,8153,8165,8182,8191,8240,8215,8212,8106,17.27122712135315,sil,False
52,8170,8182,8165,8184,8162,8150,8153,8156,8133,8151,8209,8195,8171,8101,17.27122712135315,sil,False
53,8139,8177,8153,8201,8172,8172,8175,8143,8135,8162,8190,8163,8146,8080,17.286239624023438,sil,False
54,8134,8157,8133,8194,8173,8169,8179,8154,8157,8188,8182,8154,8143,8089,17.286239624023438,sil,False
55,8156,8162,8160,8189,8163,8176,8183,8184,8175,8194,8183,8176,8161,8122,17.301911115646362,sil,False
56,8160,8172,8148,8217,8167,8185,8200,8166,8192,8210,8194,8175,8177,8115,17.301911115646362,sil,False
57,8154,8164,8139,8192,8157,8166,8177,8170,8162,8187,8176,8184,8147,8116,17.3170747756958,sil,False
58,8166,8162,8137,8182,8147,8170,8168,8168,8175,8191,8194,8195,8164,8114,17.3170747756958,sil,False
59,8187,8164,8141,8181,8154,8170,8158,8162,8190,8188,8204,8199,8188,8119,17.33222985267639,sil,False
60,8193,8177,8163,8175,8158,8155,8136,8176,8163,8156,8194,8208,8178,8125,17.33222985267639,sil,False
61,8189,8173,8143,8186,8150,8145,8138,8155,8151,8153,8205,8194,8182,8107,17.34824013710022,sil,False
62,8197,8175,8159,8176,8144,8152,8143,8167,8133,8152,8203,8196,8176,8117,17.34824013710022,sil,False
63,8196,8197,8181,8199,8162,8175,8173,8170,8143,8172,8216,8200,8179,8114,17.36397933959961,sil,False
64,8172,8187,8164,8195,8157,8168,8175,8154,8145,8164,8207,8181,8156,8091,17.36397933959961,sil,False
65,8168,8192,8177,8183,8142,8173,8167,8169,8138,8156,8189,8174,8134,8089,17.37924098968506,sil,False
66,8187,8206,8182,8226,8157,8190,8185,8154,8154,8190,8198,8163,8149,8086,17.37924098968506,sil,False
67,8181,8190,8187,8214,8150,8185,8165,8150,8132,8168,8164,8152,8119,8096,17.394991874694824,sil,False
68,8159,8169,8174,8197,8134,8198,8164,8147,8136,8172,8155,8144,8119,8091,17.394991874694824,sil,False
69,8162,8154,8153,8195,8128,8200,8179,8148,8149,8196,8170,8135,8139,8089,17.410088539123535,sil,False
70,8177,8158,8168,8176,8118,8193,8187,8175,8143,8181,8155,8148,8127,8106,17.410088539123535,sil,False
71,8180,8154,8142,8178,8117,8183,8194,8160,8172,8186,8166,8150,8151,8106,17.42527985572815,sil,False
72,8188,8152,8144,8155,8120,8161,8163,8163,8159,8161,8175,8170,8170,8119,17.42527985572815,sil,False
73,8207,8193,8183,8182,8139,8168,8163,8171,8146,8158,8203,8198,8190,8118,17.441055059432983,sil,False
74,8225,8215,8192,8224,8153,8169,8168,8154,8146,8174,8213,8193,8193,8108,17.441055059432983,sil,False
75,8226,8215,8211,8206,8156,8172,8156,8162,8133,8157,8193,8198,8172,8122,17.4571635723114,sil,False
76,8212,8210,8204,8214,8174,8188,8179,8156,8151,8173,8210,8199,8183,8120,17.4571635723114,sil,False
77,8201,8197,8195,8207,8166,8177,8177,8162,8136,8168,8193,8186,8160,8118,17.472915172576904,sil,False
78,8191,8197,8194,8207,8158,8183,8171,8162,8129,8161,8170,8166,8141,8106,17.472915172576904,sil,False
79,8191,8187,8180,8218,8176,8199,8183,8142,8145,8168,8168,8154,8147,8105,17.48893904685974,sil,False
80,8207,8189,8201,8212,8184,8209,8198,8171,8141,8169,8164,8184,8152,8142,17.48893904685974,sil,False
81,8214,8185,8186,8218,8188,8211,8210,8176,8171,8202,8183,8193,8186,8146,17.50406837463379,sil,False
82,8210,8158,8169,8172,8180,8189,8173,8175,8171,8178,8165,8188,8179,8141,17.50406837463379,sil,False
83,8217,8165,8191,8165,8180,8181,8163,8189,8169,8150,8167,8206,8182,8143,17.519270181655884,sil,False
84,8228,8179,8184,8195,8198,8170,8178,8177,8186,8168,8201,8207,8209,8135,17.519270181655884,sil,False
85,8226,8189,8194,8180,8205,8162,8157,8176,8159,8163,8199,8208,8190,8136,17.534549713134766,sil,False
86,8220,8200,8194,8197,8212,8178,8163,8153,8151,8165,8207,8202,8185,8113,17.550232887268066,sil,False
87,8224,8193,8197,8199,8213,8172,8167,8150,8140,8154,8198,8194,8172,8105,17.550232887268066,sil,False
88,8221,8201,8214,8199,8227,8181,8178,8171,8150,8170,8201,8200,8172,8115,17.565569162368774,sil,False
89,8209,8207,8195,8222,8254,8205,8200,8161,8173,8195,8216,8189,8177,8109,17.565569162368774,sil,False
90,8196,8205,8202,8215,8250,8211,8191,8172,8150,8165,8187,8182,8140,8109,17.565569162368774,sil,False
91,8191,8201,8202,8231,8246,8215,8201,8163,8163,8180,8185,8172,8147,8105,17.58121085166931,sil,False
92,8191,8186,8196,8219,8247,8207,8205,8162,8178,8202,8191,8180,8158,8122,17.596359491348267,sil,False
93,8187,8177,8201,8192,8242,8212,8204,8183,8182,8206,8188,8196,8159,8139,17.596359491348267,sil,False
94,8189,8167,8172,8198,8243,8213,8206,8165,8205,8216,8190,8179,8173,8129,17.611858367919922,sil,False
95,8193,8166,8179,8182,8236,8196,8178,8175,8198,8202,8177,8190,8167,8136,17.611858367919922,sil,False
96,8188,8173,8178,8182,8233,8188,8175,8179,8208,8218,8209,8207,8197,8125,17.627270698547363,sil,False
97,8195,8168,8168,8166,8229,8174,8167,8175,8198,8211,8229,8210,8211,8123,17.627270698547363,sil,False
98,8217,8188,8200,8168,8234,8183,8167,8183,8180,8189,8223,8224,8198,8130,17.642638444900513,sil,False
99,8222,8202,8189,8201,8249,8196,8179,8150,8187,8199,8223,8213,8193,8104,17.642638444900513,sil,False
100,8194,8193,8175,8170,8237,8186,8159,8144,8157,8170,8183,8189,8159,8092,17.659087896347046,sil,False
101,8164,8189,8168,8166,8229,8198,8167,8140,8147,8165,8165,8162,8159,8080,17.659087896347046,sil,False
102,8161,8174,8161,8178,8228,8206,8181,8137,8144,8167,8152,8152,8161,8082,17.674832344055176,sil,False
103,8167,8168,8172,8165,8222,8215,8187,8162,8147,8162,8133,8165,8154,8102,17.674832344055176,sil,False
104,8166,8164,8146,8162,8212,8211,8194,8156,8187,8188,8155,8162,8189,8101,17.690345287322998,sil,False
105,8179,8163,8149,8133,8198,8180,8168,8173,8177,8169,8159,8181,8199,8111,17.690345287322998,sil,False
106,8191,8184,8163,8148,8216,8175,8163,8174,8171,8156,8169,8195,8201,8102,17.705877780914307,sil,False
107,8192,8199,8165,8167,8230,8174,8153,8157,8173,8164,8184,8183,8197,8088,17.705877780914307,sil,False
108,8190,8216,8195,8160,8216,8185,8147,8171,8160,8170,8182,8187,8182,8096,17.721923351287842,sil,False
109,8173,8201,8174,8181,8214,8215,8177,8150,8171,8193,8169,8165,8180,8084,17.721923351287842,sil,False
110,8157,8165,8158,8166,8206,8225,8171,8153,8152,8176,8119,8144,8152,8085,17.73737120628357,sil,False
111,8160,8161,8151,8151,8197,8233,8170,8174,8162,8181,8123,8149,8160,8087,17.73737120628357,sil,False
112,8168,8156,8124,8138,8193,8223,8167,8177,8185,8188,8147,8156,8177,8088,17.753236770629883,sil,False
113,8183,8166,8152,8134,8193,8230,8155,8191,8174,8162,8146,8185,8177,8100,17.753236770629883,sil,False
114,8204,8187,8172,8168,8203,8248,8163,8168,8184,8174,8180,8202,8213,8091,17.76877784729004,sil,False
115,8212,8198,8183,8159,8199,8237,8149,8167,8170,8171,8189,8209,8211,8105,17.76877784729004,sil,False
116,8209,8220,8196,8180,8207,8254,8158,8178,8179,8179,8189,8209,8203,8117,17.7848162651062,hello,True
117,8193,8208,8184,8205,8211,8275,8168,8154,8179,8184,8179,8184,8189,8103,17.7848162651062,hello,True
118,8167,8179,8190,8174,8186,8280,8158,8162,8150,8166,8141,8173,8149,8098,17.800174474716187,hello,True
119,8162,8164,8165,8177,8182,8286,8184,8171,8195,8209,8145,8167,8165,8097,17.800174474716187,hello,True
120,8179,8159,8149,8162,8184,8277,8188,8179,8210,8216,8152,8177,8177,8113,17.815956830978394,hello,True
121,8194,8183,8168,8163,8183,8274,8180,8169,8178,8185,8180,8205,8186,8107,17.815956830978394,hello,True
122,8197,8195,8170,8191,8184,8266,8171,8147,8157,8171,8199,8206,8193,8089,17.8312885761261,hello,True
123,8177,8182,8181,8185,8176,8269,8162,8166,8137,8158,8158,8190,8156,8099,17.8312885761261,hello,True
124,8162,8168,8159,8206,8187,8293,8194,8165,8168,8195,8158,8171,8160,8101,17.846959590911865,hello,True
125,8183,8167,8154,8201,8186,8281,8200,8178,8183,8205,8178,8190,8183,8124,17.846959590911865,hello,True
126,8201,8183,8174,8187,8170,8263,8190,8188,8173,8187,8193,8219,8201,8134,17.862542152404785,hello,True
127,8195,8179,8154,8197,8175,8261,8183,8150,8156,8166,8195,8198,8191,8097,17.862542152404785,hello,True
237,8185,8178,8168,8194,8180,8266,8173,8162,8137,8149,8178,8180,8154,8092,17.87829875946045,hello,True
0,8178,8173,8169,8212,8179,8291,8202,8173,8180,8210,8187,8171,8174,8106,17.87829875946045,hello,True
1,8175,8149,8145,8195,8175,8292,8201,8174,8188,8221,8170,8175,8186,8124,17.89383888244629,hello,True
2,8189,8168,8149,8190,8177,8280,8183,8185,8176,8183,8178,8204,8201,8132,17.89383888244629,hello,True
3,8210,8183,8149,8218,8171,8263,8188,8170,8200,8196,8229,8217,8235,8123,17.909998416900635,hello,True
4,8219,8179,8172,8197,8157,8252,8182,8186,8182,8189,8221,8222,8211,8132,17.909998416900635,hello,True
5,8220,8194,8177,8213,8179,8277,8197,8183,8186,8194,8224,8216,8211,8124,17.926020860671997,hello,True
6,8217,8199,8180,8227,8191,8283,8202,8171,8198,8202,8236,8208,8217,8124,17.926020860671997,hello,True
7,8203,8193,8204,8220,8173,8293,8209,8182,8194,8200,8222,8205,8193,8134,17.941402912139893,hello,True
8,8191,8181,8182,8238,8171,8304,8223,8163,8203,8209,8207,8178,8182,8115,17.941402912139893,hello,True
9,8194,8175,8180,8220,8170,8290,8201,8173,8186,8201,8181,8178,8172,8118,17.95715355873108,hello,True
10,8182,8170,8177,8212,8171,8296,8202,8175,8196,8213,8186,8178,8179,8120,17.95715355873108,hello,True
11,8159,8143,8144,8201,8157,8295,8204,8161,8193,8190,8170,8156,8161,8110,17.9728262424469,hello,True
12,8171,8148,8149,8187,8143,8280,8204,8181,8182,8161,8154,8166,8152,8109,17.9728262424469,hello,True
13,8194,8166,8151,8202,8151,8260,8216,8182,8213,8201,8188,8183,8191,8112,17.988399982452393,hello,True
14,8196,8164,8164,8179,8144,8250,8193,8192,8205,8199,8196,8197,8198,8135,17.988399982452393,hello,True
15,8203,8174,8173,8188,8141,8262,8187,8191,8203,8180,8207,8208,8212,8130,18.003586053848267,hello,True
16,8220,8185,8176,8213,8148,8246,8188,8186,8209,8177,8220,8214,8225,8123,18.003586053848267,hello,True
17,8227,8203,8208,8221,8151,8238,8181,8200,8201,8174,8225,8235,8223,8137,18.020246982574463,hello,True
18,8221,8208,8203,8236,8159,8250,8185,8174,8205,8184,8240,8228,8234,8124,18.020246982574463,hello,True
19,8211,8206,8206,8223,8158,8247,8168,8168,8177,8167,8212,8211,8206,8120,18.03525686264038,hello,True
20,8199,8220,8220,8253,8162,8270,8188,8172,8183,8186,8205,8202,8199,8121,18.03525686264038,hello,True
21,8197,8207,8209,8270,8162,8281,8205,8162,8197,8201,8202,8181,8196,8121,18.051424503326416,hello,True
22,8191,8190,8211,8228,8141,8269,8187,8169,8178,8179,8163,8172,8161,8124,18.051424503326416,hello,True
23,8179,8185,8184,8233,8130,8268,8196,8154,8192,8202,8164,8163,8173,8112,18.07333517074585,hello,True
24,8186,8180,8173,8221,8117,8261,8193,8170,8186,8186,8160,8173,8177,8125,18.07333517074585,hello,True
25,8192,8178,8175,8198,8114,8255,8188,8184,8195,8169,8155,8182,8182,8127,18.07333517074585,hello,True
26,8189,8163,8162,8196,8125,8241,8184,8168,8218,8189,8160,8174,8198,8120,18.081849813461304,hello,True
27,8199,8168,8188,8195,8126,8236,8175,8184,8197,8182,8157,8186,8195,8133,18.09739089012146,hello,True
28,8205,8178,8183,8207,8125,8241,8179,8170,8198,8181,8182,8187,8214,8113,18.09739089012146,hello,True
29,8204,8171,8182,8184,8126,8236,8155,8164,8192,8159,8180,8197,8204,8106,18.11267066001892,hello,True
30,8198,8184,8203,8197,8146,8250,8154,8169,8190,8162,8174,8204,8194,8108,18.11267066001892,hello,True
31,8185,8186,8195,8221,8161,8250,8172,8154,8187,8177,8164,8171,8181,8094,18.12828278541565,hello,True
32,8172,8184,8209,8209,8158,8257,8186,8173,8172,8166,8142,8161,8153,8102,18.12828278541565,hello,True
33,8159,8178,8193,8225,8170,8278,8210,8159,8195,8186,8154,8157,8162,8095,18.14387583732605,hello,True
34,8152,8154,8176,8191,8166,8266,8189,8156,8179,8176,8124,8142,8138,8093,18.14387583732605,hello,True
35,8149,8149,8179,8169,8164,8277,8195,8180,8187,8175,8104,8141,8133,8099,18.159943342208862,hello,True
36,8162,8143,8150,8182,8181,8278,8215,8178,8227,8195,8134,8155,8175,8107,18.159943342208862,hello,True
37,8184,8141,8165,8142,8175,8256,8185,8192,8206,8175,8141,8188,8193,8131,18.175477027893063,hello,True
38,8191,8155,8166,8140,8180,8265,8184,8175,8210,8187,8161,8188,8208,8119,18.175477027893063,hello,True
39,8192,8164,8166,8150,8195,8261,8178,8164,8206,8179,8159,8183,8189,8113,18.19079113006592,hello,True
40,8196,8184,8198,8167,8209,8258,8171,8172,8194,8169,8160,8196,8183,8115,18.19079113006592,hello,True
41,8188,8185,8190,8186,8223,8266,8184,8148,8196,8191,8171,8181,8198,8102,18.206312656402588,hello,True
42,8167,8172,8189,8159,8221,8267,8184,8163,8173,8173,8136,8168,8158,8105,18.206312656402588,hello,True
43,8140,8159,8169,8168,8226,8284,8210,8168,8193,8181,8117,8141,8142,8085,18.22218084335327,hello,True
44,8127,8141,8150,8162,8226,8297,8217,8169,8208,8190,8100,8124,8143,8081,18.22218084335327,hello,True
45,8139,8147,8164,8146,8227,8309,8218,8190,8216,8203,8107,8152,8161,8104,18.237834692001343,hello,True
46,8154,8139,8146,8153,8235,8315,8228,8178,8241,8231,8138,8159,8189,8110,18.237834692001343,hello,True
47,8160,8136,8160,8135,8232,8329,8208,8188,8225,8202,8125,8165,8173,8119,18.253056287765503,hello,True
48,8178,8165,8179,8155,8239,8360,8212,8192,8235,8203,8148,8190,8198,8119,18.253056287765503,hello,True
49,8194,8165,8180,8155,8239,8355,8204,8187,8231,8211,8171,8206,8222,8124,18.268678665161133,hello,True
50,8193,8167,8197,8144,8234,8355,8194,8190,8209,8198,8167,8208,8208,8124,18.268678665161133,hello,True
51,8186,8179,8185,8168,8245,8369,8206,8168,8216,8205,8174,8190,8203,8100,18.284146785736084,hello,True
52,8173,8178,8196,8151,8237,8363,8188,8172,8181,8171,8142,8181,8163,8094,18.299997568130493,hello,True
53,8156,8171,8198,8159,8233,8379,8196,8162,8170,8162,8122,8166,8143,8083,18.299997568130493,hello,True
54,8152,8149,8179,8166,8239,8395,8207,8153,8179,8175,8122,8153,8138,8084,18.299997568130493,hello,True
55,8150,8153,8202,8162,8238,8399,8204,8176,8171,8178,8129,8169,8137,8103,18.315277814865112,hello,True
56,8149,8164,8203,8188,8240,8396,8218,8164,8186,8191,8162,8179,8159,8097,18.315277814865112,hello,True
57,8164,8153,8212,8171,8225,8382,8212,8176,8188,8181,8172,8201,8160,8118,18.33098006248474,sil,False
58,8184,8161,8229,8194,8216,8380,8221,8186,8214,8204,8208,8235,8197,8142,18.34709334373474,sil,False
59,8202,8173,8235,8235,8211,8357,8213,8175,8222,8209,8245,8261,8229,8154,18.34709334373474,sil,False
60,8216,8179,8259,8220,8199,8339,8186,8184,8193,8187,8253,8286,8227,8163,18.34709334373474,sil,False
61,8209,8166,8235,8212,8194,8337,8183,8160,8197,8199,8258,8277,8234,8140,18.36226201057434,sil,False
62,8204,8155,8232,8202,8184,8328,8172,8161,8184,8183,8242,8288,8222,8146,18.36226201057434,sil,False
63,8218,8181,8267,8236,8187,8337,8178,8173,8188,8183,8275,8328,8243,8156,18.37824869155884,sil,False
64,8230,8193,8271,8260,8189,8328,8168,8150,8173,8169,8296,8328,8255,8140,18.37824869155884,sil,False
65,8226,8198,8281,8241,8180,8317,8151,8153,8132,8134,8273,8319,8228,8141,18.39382576942444,sil,False
66,8223,8203,8268,8259,8187,8325,8179,8142,8156,8162,8298,8308,8242,8143,18.39382576942444,sil,False
67,8227,8200,8265,8251,8183,8320,8172,8147,8148,8154,8278,8298,8225,8146,18.409916877746586,sil,False
68,8216,8212,8264,8263,8181,8338,8171,8160,8131,8134,8234,8276,8197,8127,18.409916877746586,sil,False
69,8203,8196,8236,8286,8196,8352,8198,8160,8159,8161,8224,8242,8198,8122,18.425172567367557,sil,False
70,8194,8172,8233,8254,8193,8350,8209,8191,8178,8183,8206,8239,8188,8153,18.425172567367557,sil,False
71,8194,8163,8203,8240,8189,8356,8219,8183,8198,8212,8200,8222,8195,8147,18.441091299057007,sil,False
72,8200,8159,8192,8221,8186,8345,8204,8178,8187,8208,8194,8210,8188,8142,18.441091299057007,sil,False
73,8195,8166,8198,8216,8193,8349,8213,8193,8194,8214,8200,8220,8194,8145,18.456209182739254,sil,False
74,8186,8156,8163,8204,8195,8351,8231,8179,8216,8227,8197,8200,8199,8136,18.471555709838867,sil,False
75,8190,8155,8170,8165,8173,8335,8209,8191,8202,8200,8175,8197,8179,8149,18.471555709838867,sil,False
76,8197,8161,8174,8180,8169,8331,8208,8190,8215,8216,8200,8205,8213,8150,18.486873388290405,sil,False
77,8196,8149,8159,8172,8170,8321,8194,8194,8197,8202,8195,8199,8219,8144,18.486873388290405,sil,False
78,8190,8154,8156,8147,8166,8312,8179,8195,8176,8163,8169,8182,8196,8129,18.50285291671753,sil,False
79,8192,8157,8153,8156,8168,8295,8179,8167,8187,8167,8177,8173,8208,8119,18.50285291671753,sil,False
80,8202,8167,8184,8152,8167,8290,8169,8176,8166,8156,8176,8188,8201,8133,18.518048524856567,sil,False
81,8200,8183,8177,8169,8179,8316,8189,8167,8173,8172,8187,8174,8198,8117,18.518048524856567,sil,False
82,8181,8173,8163,8165,8187,8326,8195,8159,8174,8186,8166,8150,8173,8111,18.53320026397705,sil,False
83,8166,8167,8180,8158,8183,8331,8200,8176,8167,8188,8136,8142,8146,8116,18.53320026397705,sil,False
84,8170,8166,8158,8172,8178,8328,8215,8163,8185,8200,8140,8120,8152,8103,18.54873991012573,sil,False
85,8174,8169,8166,8151,8171,8328,8211,8171,8172,8187,8132,8126,8145,8119,18.54873991012573,sil,False
86,8162,8166,8168,8156,8180,8346,8232,8169,8188,8210,8136,8132,8150,8120,18.564252138137817,sil,False
87,8158,8144,8142,8143,8173,8340,8232,8168,8192,8209,8105,8110,8131,8105,18.564252138137817,sil,False
88,8159,8140,8138,8116,8151,8338,8218,8189,8181,8183,8078,8103,8117,8103,18.5803017616272,sil,False
89,8158,8141,8128,8131,8155,8335,8232,8181,8204,8195,8102,8106,8148,8111,18.5803017616272,sil,False
90,8176,8142,8147,8118,8154,8313,8231,8203,8202,8193,8100,8130,8152,8140,18.596277713775635,sil,False
91,8190,8156,8145,8118,8147,8307,8228,8207,8213,8203,8102,8134,8156,8129,18.596277713775635,sil,False
92,8176,8155,8122,8113,8145,8294,8209,8184,8214,8194,8099,8117,8151,8111,18.6109356880188,sil,False
93,8163,8156,8137,8098,8143,8292,8190,8188,8196,8170,8094,8127,8151,8113,18.6109356880188,sil,False
94,8163,8149,8127,8105,8146,8298,8195,8166,8201,8171,8113,8124,8172,8094,18.62681221961975,sil,False
95,8162,8144,8128,8082,8143,8287,8184,8166,8182,8145,8102,8122,8159,8093,18.62681221961975,sil,False
96,8161,8158,8133,8085,8140,8287,8189,8168,8179,8149,8111,8133,8171,8095,18.64185476303101,sil,False
97,8156,8148,8117,8089,8127,8272,8184,8157,8172,8153,8118,8126,8173,8085,18.64185476303101,sil,False
98,8148,8148,8135,8081,8124,8270,8179,8168,8160,8143,8107,8123,8153,8084,18.65788412094116,sil,False
99,8156,8162,8141,8116,8138,8289,8199,8158,8178,8165,8121,8123,8170,8082,18.65788412094116,sil,False
100,8167,8162,8158,8121,8127,8276,8183,8167,8164,8154,8117,8135,8163,8100,18.67400074005127,sil,False
101,8162,8175,8173,8137,8128,8282,8184,8167,8178,8170,8124,8137,8166,8101,18.67400074005127,sil,False
102,8158,8178,8150,8141,8135,8293,8194,8151,8193,8196,8115,8115,8166,8090,18.690083265304565,sil,False
103,8157,8170,8153,8116,8121,8291,8194,8173,8173,8180,8084,8109,8144,8100,18.690083265304565,sil,False
104,8154,8163,8152,8136,8120,8287,8213,8172,8200,8203,8102,8105,8163,8099,18.70584607124329,sil,False
105,8158,8159,8160,8127,8118,8271,8197,8178,8191,8202,8094,8115,8160,8106,18.70584607124329,sil,False
106,8160,8161,8152,8126,8116,8272,8193,8170,8180,8195,8084,8115,8154,8097,18.72102379798889,sil,False
107,8144,8134,8109,8110,8113,8248,8181,8142,8182,8189,8081,8095,8155,8079,18.72102379798889,sil,False
108,8138,8131,8116,8054,8098,8217,8136,8160,8148,8148,8070,8113,8145,8082,18.737062215805054,sil,False
109,8155,8157,8125,8077,8108,8225,8138,8154,8158,8153,8110,8127,8175,8071,18.737062215805054,sil,False
110,8173,8173,8152,8110,8120,8230,8145,8159,8167,8158,8126,8136,8173,8086,18.75251340866089,sil,False
111,8171,8193,8176,8134,8130,8238,8157,8167,8173,8155,8127,8145,8172,8092,18.75251340866089,sil,False
112,8162,8185,8147,8137,8141,8232,8158,8140,8167,8149,8141,8136,8192,8071,18.76823091506958,sil,False
113,8163,8167,8156,8100,8136,8227,8137,8149,8130,8129,8129,8145,8179,8079,18.76823091506958,sil,False
114,8157,8168,8155,8120,8156,8239,8153,8141,8143,8160,8121,8136,8176,8075,18.78384494781494,sil,False
115,8139,8170,8151,8139,8173,8237,8150,8137,8143,8157,8097,8110,8150,8066,18.78384494781494,sil,False
116,8121,8175,8163,8147,8173,8253,8155,8150,8135,8143,8091,8101,8130,8057,18.798921823501587,sil,False
117,8126,8160,8139,8144,8178,8254,8178,8138,8144,8160,8093,8094,8134,8052,18.798921823501587,sil,False
118,8132,8147,8145,8112,8177,8234,8162,8149,8132,8153,8066,8101,8112,8070,18.816664457321167,sil,False
119,8111,8147,8140,8132,8184,8238,8161,8141,8142,8164,8078,8094,8118,8057,18.816664457321167,sil,False
120,8102,8137,8129,8127,8184,8235,8158,8146,8136,8152,8083,8094,8116,8057,18.830183029174805,sil,False
121,8130,8147,8152,8120,8193,8239,8173,8178,8148,8160,8093,8126,8132,8089,18.830183029174805,sil,False
122,8144,8150,8153,8143,8206,8240,8191,8174,8190,8201,8119,8129,8170,8096,18.84559965133667,sil,False
123,8132,8143,8154,8125,8196,8223,8166,8181,8175,8181,8098,8125,8157,8091,18.84559965133667,sil,False
124,8141,8147,8138,8129,8198,8213,8171,8170,8176,8185,8104,8128,8163,8081,18.861226320266724,sil,False
125,8163,8150,8145,8134,8209,8210,8181,8169,8190,8205,8124,8142,8179,8103,18.861226320266724,sil,False
126,8168,8171,8178,8144,8222,8238,8190,8198,8194,8212,8139,8170,8193,8126,18.877129077911377,sil,False
127,8167,8170,8154,8154,8237,8238,8193,8181,8198,8210,8150,8166,8206,8105,18.877129077911377,sil,False
237,8170,8154,8150,8109,8230,8207,8168,8180,8167,8167,8128,8162,8177,8096,18.892009735107425,sil,False
0,8165,8158,8147,8107,8224,8213,8176,8176,8181,8174,8145,8163,8183,8083,18.892009735107425,sil,False
1,8161,8156,8137,8119,8229,8216,8172,8172,8196,8184,8154,8160,8185,8083,18.90737795829773,sil,False
2,8178,8172,8169,8123,8237,8216,8162,8185,8182,8169,8141,8163,8164,8090,18.90737795829773,sil,False
3,8181,8184,8168,8155,8243,8226,8177,8162,8188,8177,8148,8147,8164,8076,18.922553300857544,sil,False
4,8165,8176,8174,8159,8236,8232,8177,8175,8177,8175,8123,8147,8140,8095,18.922553300857544,sil,False
5,8167,8179,8178,8177,8239,8248,8198,8190,8202,8213,8126,8154,8149,8109,18.938514709472656,sil,False
6,8187,8173,8165,8171,8232,8232,8200,8183,8212,8221,8138,8157,8166,8105,18.938514709472656,sil,False
7,8194,8182,8182,8151,8214,8212,8179,8189,8186,8175,8134,8175,8162,8103,18.953217267990112,sil,False
8,8194,8192,8168,8167,8222,8211,8176,8162,8183,8169,8147,8165,8173,8081,18.953217267990112,sil,False
9,8200,8189,8171,8153,8222,8199,8158,8161,8148,8147,8130,8152,8144,8076,18.968610525131226,sil,False
10,8199,8201,8191,8178,8219,8205,8174,8168,8152,8154,8134,8153,8137,8080,18.968610525131226,sil,False
11,8186,8187,8172,8198,8220,8213,8188,8160,8173,8174,8134,8142,8146,8086,18.983868837356567,sil,False
12,8167,8161,8155,8160,8208,8218,8173,8175,8157,8168,8109,8134,8135,8093,18.99932312965393,sil,False
13,8157,8143,8123,8154,8201,8208,8174,8163,8174,8187,8120,8117,8146,8075,18.99932312965393,sil,False
14,8160,8133,8117,8133,8189,8182,8164,8169,8175,8168,8104,8109,8128,8070,19.01521587371826,sil,False
15,8156,8137,8120,8136,8186,8193,8177,8178,8184,8169,8101,8106,8128,8071,19.01521587371826,sil,False
16,8152,8129,8107,8147,8187,8197,8183,8172,8192,8192,8117,8098,8145,8075,19.03092694282532,sil,False
17,8162,8138,8130,8127,8183,8184,8162,8188,8170,8175,8117,8122,8143,8089,19.03092694282532,sil,False
18,8166,8150,8122,8146,8193,8180,8173,8168,8181,8179,8134,8122,8164,8078,19.045897245407104,sil,False
19,8150,8142,8111,8141,8183,8171,8164,8164,8175,8167,8119,8110,8148,8073,19.045897245407104,sil,False
20,8133,8142,8115,8127,8170,8184,8157,8171,8171,8163,8109,8104,8137,8061,19.06099224090576,sil,False
21,8140,8133,8109,8131,8182,8178,8153,8154,8169,8170,8113,8092,8145,8051,19.06099224090576,sil,False
22,8160,8142,8142,8133,8178,8149,8137,8176,8153,8156,8109,8113,8139,8078,19.076346158981323,sil,False
23,8168,8163,8147,8160,8171,8146,8151,8178,8184,8172,8141,8129,8172,8083,19.076346158981323,sil,False
24,8169,8159,8141,8143,8169,8148,8151,8173,8175,8147,8140,8127,8171,8082,19.092400312423703,sil,False
25,8165,8163,8140,8134,8172,8151,8149,8163,8146,8120,8123,8120,8146,8061,19.092400312423703,sil,False
26,8161,8164,8123,8153,8173,8136,8142,8136,8146,8139,8132,8112,8140,8036,19.108301162719727,sil,False
27,8167,8164,8147,8141,8167,8140,8128,8153,8124,8133,8133,8135,8134,8058,19.108301162719727,sil,False
28,8169,8175,8146,8158,8178,8167,8144,8151,8128,8136,8160,8148,8157,8058,19.12393808364868,sil,False
29,8166,8178,8148,8156,8178,8155,8124,8153,8130,8136,8165,8150,8157,8058,19.12393808364868,sil,False
30,8166,8193,8182,8164,8174,8156,8123,8169,8141,8154,8167,8153,8155,8069,19.1400887966156,sil,False
31,8166,8196,8173,8198,8183,8170,8159,8154,8163,8178,8187,8144,8169,8061,19.1400887966156,sil,False
32,8172,8193,8186,8184,8179,8163,8151,8168,8146,8152,8176,8158,8159,8076,19.155259370803837,sil,False
33,8178,8191,8189,8191,8181,8164,8152,8162,8163,8167,8187,8163,8167,8081,19.155259370803837,sil,False
34,8175,8185,8177,8190,8184,8164,8158,8151,8167,8170,8180,8151,8159,8079,19.170955181121823,sil,False
35,8174,8204,8199,8196,8185,8175,8163,8168,8159,8160,8168,8154,8155,8083,19.170955181121823,sil,False
36,8177,8201,8191,8218,8191,8190,8178,8158,8176,8189,8175,8149,8168,8081,19.18594717979431,sil,False
37,8171,8178,8182,8189,8175,8189,8177,8166,8159,8186,8148,8147,8137,8094,19.18594717979431,sil,False
38,8158,8173,8168,8192,8161,8181,8185,8166,8169,8194,8149,8136,8141,8086,19.201208353042603,sil,False
39,8160,8165,8160,8193,8153,8165,8174,8165,8169,8195,8147,8129,8147,8080,19.201208353042603,sil,False
40,8165,8166,8177,8182,8150,8171,8173,8181,8158,8183,8140,8148,8133,8088,19.21622085571289,sil,False
41,8159,8164,8160,8192,8156,8167,8187,8162,8181,8190,8162,8150,8159,8086,19.21622085571289,sil,False
42,8168,8160,8167,8167,8144,8142,8166,8177,8171,8172,8152,8158,8169,8103,19.231908798217773,sil,False
43,8184,8170,8170,8178,8144,8159,8179,8188,8184,8188,8158,8166,8176,8096,19.231908798217773,sil,False
44,8178,8163,8155,8179,8144,8165,8180,8181,8196,8186,8168,8162,8167,8086,19.24703931808472,sil,False
45,8166,8165,8170,8153,8132,8151,8155,8198,8190,8166,8165,8173,8165,8097,19.24703931808472,sil,False
46,8166,8166,8152,8165,8130,8144,8161,8189,8206,8191,8176,8170,8192,8091,19.2621910572052,sil,False
47,8173,8156,8154,8152,8128,8139,8154,8191,8188,8174,8165,8172,8175,8094,19.2621910572052,sil,False
48,8180,8174,8171,8163,8140,8152,8161,8186,8185,8165,8182,8184,8177,8085,19.278237104415894,sil,False
49,8182,8179,8165,8170,8139,8134,8162,8164,8174,8156,8185,8183,8174,8069,19.278237104415894,sil,False
50,8163,8171,8175,8148,8118,8122,8151,8163,8138,8125,8154,8170,8137,8058,19.293917655944824,sil,False
51,8144,8167,8165,8166,8121,8149,8176,8145,8149,8142,8153,8138,8130,8037,19.293917655944824,sil,False
52,8153,8166,8176,8166,8125,8161,8191,8159,8145,8150,8136,8140,8123,8060,19.309075832366943,sil,False
53,8163,8166,8189,8168,8120,8167,8203,8169,8148,8157,8134,8154,8131,8078,19.309075832366943,sil,False
54,8155,8144,8160,8162,8101,8142,8192,8156,8158,8149,8129,8137,8127,8067,19.32484269142151,sil,False
55,8152,8142,8159,8140,8086,8118,8171,8181,8157,8131,8114,8145,8114,8074,19.32484269142151,sil,False
56,8166,8156,8160,8166,8103,8132,8192,8180,8192,8169,8153,8160,8152,8083,19.340343713760376,sil,False
57,8182,8158,8176,8163,8105,8134,8190,8180,8188,8175,8166,8173,8158,8099,19.340343713760376,sil,False
58,8181,8160,8176,8155,8092,8126,8178,8184,8177,8163,8155,8173,8152,8087,19.355907440185547,sil,False
59,8169,8145,8143,8146,8089,8108,8174,8174,8179,8153,8149,8157,8154,8066,19.355907440185547,sil,False
60,8173,8147,8162,8118,8088,8106,8177,8200,8175,8133,8149,8176,8146,8081,19.371039867401123,sil,False
61,8191,8168,8171,8141,8103,8109,8189,8187,8200,8158,8184,8187,8172,8081,19.371039867401123,sil,False
62,8198,8177,8180,8149,8108,8082,8162,8168,8178,8158,8186,8186,8175,8081,19.38715362548828,sil,False
63,8192,8191,8205,8164,8108,8087,8163,8165,8161,8158,8195,8199,8182,8082,19.38715362548828,sil,False
64,8196,8192,8191,8177,8119,8100,8172,8144,8177,8170,8207,8191,8188,8079,19.4032564163208,sil,False
65,8193,8185,8196,8146,8117,8092,8147,8153,8157,8141,8173,8187,8148,8090,19.4032564163208,sil,False
66,8170,8179,8190,8157,8122,8094,8156,8146,8161,8147,8173,8181,8147,8076,19.418768167495728,sil,False
67,8158,8161,8182,8153,8130,8098,8156,8150,8152,8147,8166,8170,8144,8067,19.418768167495728,sil,False
68,8157,8158,8180,8147,8134,8122,8167,8164,8147,8146,8144,8157,8123,8065,19.434611558914185,sil,False
69,8159,8146,8154,8152,8142,8136,8199,8155,8172,8175,8148,8147,8125,8066,19.434611558914185,sil,False
70,8165,8140,8180,8128,8144,8124,8196,8179,8173,8179,8147,8172,8132,8095,19.450143098831177,sil,False
71,8172,8155,8193,8154,8159,8121,8204,8179,8191,8193,8162,8178,8163,8094,19.450143098831177,sil,False
72,8182,8156,8180,8167,8169,8119,8203,8181,8183,8186,8150,8172,8157,8093,19.465352535247803,sil,False
73,8191,8167,8189,8160,8180,8128,8197,8204,8177,8187,8147,8191,8145,8102,19.481353044509888,sil,False
74,8176,8165,8168,8157,8191,8111,8188,8185,8202,8199,8172,8190,8168,8094,19.481353044509888,sil,False
75,8165,8155,8167,8122,8181,8089,8160,8192,8188,8164,8160,8191,8165,8099,19.49612045288086,sil,False
76,8173,8159,8161,8133,8189,8104,8168,8191,8188,8173,8163,8192,8173,8084,19.49612045288086,sil,False
77,8172,8157,8148,8136,8199,8091,8156,8175,8176,8178,8164,8190,8163,8070,19.51252222061157,sil,False
78,8175,8177,8179,8136,8202,8081,8141,8177,8164,8166,8177,8207,8160,8074,19.51252222061157,sil,False
79,8184,8185,8181,8173,8212,8093,8159,8151,8172,8183,8205,8205,8175,8065,19.528565168380737,sil,False
80,8173,8176,8186,8165,8210,8095,8148,8145,8131,8152,8174,8191,8137,8063,19.528565168380737,sil,False
81,8154,8182,8182,8170,8215,8104,8157,8141,8130,8142,8165,8168,8129,8052,19.528565168380737,sil,False
82,8157,8168,8166,8178,8217,8111,8179,8150,8159,8159,8160,8153,8138,8064,19.54374885559082,sil,False
83,8161,8151,8172,8160,8209,8117,8189,8184,8175,8173,8141,8164,8138,8095,19.55887651443481,sil,False
84,8157,8137,8149,8151,8198,8114,8198,8179,8203,8190,8156,8155,8160,8092,19.55887651443481,sil,False
85,8163,8134,8153,8135,8184,8108,8186,8193,8191,8167,8146,8149,8146,8094,19.5740659236908,sil,False
86,8160,8140,8153,8154,8194,8116,8186,8189,8196,8177,8148,8152,8151,8086,19.5740659236908,sil,False
87,8160,8126,8133,8146,8199,8093,8168,8171,8197,8185,8161,8155,8169,8082,19.59030103683472,sil,False
88,8179,8136,8156,8126,8190,8076,8149,8186,8173,8155,8170,8174,8166,8099,19.59030103683472,sil,False
89,8197,8164,8163,8169,8200,8082,8160,8165,8174,8154,8194,8175,8179,8087,19.605934619903564,hello,True
90,8198,8179,8182,8175,8205,8079,8146,8160,8148,8145,8183,8180,8165,8083,19.605934619903564,hello,True
91,8189,8190,8197,8186,8205,8100,8154,8171,8156,8165,8187,8183,8162,8087,19.6211531162262,hello,True
92,8188,8184,8190,8205,8211,8108,8168,8168,8182,8180,8204,8172,8172,8092,19.6211531162262,hello,True
93,8191,8188,8212,8195,8209,8104,8162,8181,8172,8159,8200,8180,8168,8105,19.636964797973636,hello,True
94,8183,8184,8194,8205,8211,8115,8177,8162,8179,8177,8200,8164,8176,8094,19.636964797973636,hello,True
95,8168,8156,8171,8180,8197,8109,8174,8164,8171,8172,8173,8151,8159,8100,19.65177822113037,hello,True
96,8157,8144,8161,8164,8177,8097,8167,8180,8179,8169,8178,8161,8167,8098,19.65177822113037,hello,True
97,8163,8131,8144,8164,8168,8076,8150,8168,8189,8171,8195,8166,8181,8085,19.667863845825195,hello,True
98,8182,8142,8172,8146,8164,8077,8138,8178,8170,8141,8187,8183,8170,8098,19.667863845825195,hello,True
99,8194,8168,8175,8172,8167,8087,8157,8172,8178,8139,8201,8182,8183,8083,19.683829069137573,hello,True
100,8194,8174,8180,8178,8164,8073,8143,8169,8154,8117,8188,8183,8165,8070,19.683829069137573,hello,True
101,8200,8191,8211,8191,8175,8095,8144,8160,8136,8115,8200,8201,8163,8077,19.699357748031616,hello,True
102,8216,8199,8209,8211,8187,8113,8163,8136,8147,8145,8233,8199,8188,8090,19.699357748031616,hello,True
103,8223,8202,8225,8206,8187,8109,8165,8162,8138,8154,8215,8202,8178,8110,19.715032815933228,hello,True
104,8214,8195,8217,8233,8206,8135,8201,8166,8170,8190,8211,8197,8187,8108,19.715032815933228,hello,True
105,8196,8161,8195,8203,8189,8130,8192,8162,8173,8177,8189,8185,8177,8109,19.730180978775024,hello,True
106,8188,8153,8197,8168,8156,8096,8149,8166,8154,8141,8181,8185,8175,8102,19.730180978775024,hello,True
107,8195,8153,8180,8182,8164,8085,8148,8155,8165,8145,8204,8180,8198,8088,19.74602460861206,hello,True
108,8194,8149,8182,8165,8163,8095,8158,8174,8153,8137,8189,8185,8177,8095,19.74602460861206,hello,True
109,8189,8158,8177,8163,8159,8089,8153,8161,8152,8148,8197,8180,8179,8077,19.76103448867798,hello,True
110,8197,8165,8182,8165,8163,8068,8124,8150,8136,8141,8214,8177,8183,8070,19.76103448867798,hello,True
111,8202,8185,8216,8191,8169,8095,8140,8164,8125,8135,8222,8189,8173,8080,19.776363611221317,hello,True
112,8195,8194,8209,8226,8175,8113,8169,8141,8134,8152,8228,8178,8170,8070,19.776363611221317,hello,True
113,8198,8191,8215,8208,8170,8103,8152,8146,8109,8129,8211,8184,8153,8077,19.79215741157532,hello,True
114,8204,8186,8220,8217,8168,8115,8163,8150,8118,8139,8217,8192,8160,8081,19.79215741157532,hello,True
115,8199,8177,8219,8224,8162,8114,8168,8150,8121,8156,8201,8183,8153,8094,19.807615280151367,hello,True
116,8198,8184,8233,8221,8155,8113,8162,8167,8113,8148,8183,8181,8148,8105,19.807615280151367,hello,True
117,8200,8174,8213,8229,8158,8118,8176,8157,8128,8152,8197,8171,8169,8096,19.82326579093933,hello,True
118,8198,8157,8212,8195,8151,8112,8170,8172,8125,8143,8189,8179,8155,8114,19.82326579093933,hello,True
119,8202,8162,8206,8198,8143,8116,8183,8179,8148,8158,8200,8190,8172,8124,19.838900804519653,hello,True
120,8215,8165,8196,8207,8138,8112,8184,8177,8152,8155,8210,8191,8190,8130,19.838900804519653,hello,True
121,8215,8171,8209,8191,8140,8109,8166,8188,8140,8147,8213,8196,8192,8132,19.854838609695435,hello,True
122,8202,8163,8186,8187,8145,8096,8163,8166,8159,8168,8229,8180,8207,8108,19.854838609695435,hello,True
123,8206,8160,8192,8166,8128,8076,8146,8174,8144,8145,8215,8190,8200,8112,19.87002992630005,hello,True
124,8216,8179,8203,8185,8128,8089,8148,8167,8143,8136,8225,8201,8204,8109,19.87002992630005,hello,True
125,8218,8184,8201,8195,8136,8085,8134,8148,8137,8126,8228,8193,8195,8097,19.88564157485962,hello,True
126,8222,8197,8236,8191,8131,8080,8120,8162,8116,8108,8219,8209,8184,8102,19.88564157485962,hello,True
127,8217,8200,8219,8216,8140,8088,8136,8146,8129,8126,8234,8202,8200,8092,19.901347875595093,hello,True
237,8204,8191,8213,8195,8142,8084,8124,8161,8122,8119,8212,8186,8170,8103,19.901347875595093,hello,True
0,8198,8202,8225,8204,8147,8110,8145,8177,8147,8151,8210,8182,8169,8107,19.91687846183777,hello,True
1,8189,8191,8206,8214,8146,8129,8174,8165,8168,8173,8200,8164,8170,8099,19.91687846183777,hello,True
2,8168,8171,8202,8176,8135,8134,8184,8186,8160,8144,8157,8149,8136,8103,19.932831287384037,hello,True
3,8157,8152,8171,8162,8138,8148,8203,8185,8189,8155,8154,8123,8144,8092,19.932831287384037,hello,True
4,8163,8130,8157,8123,8121,8133,8178,8185,8174,8143,8136,8114,8132,8094,19.9478657245636,hello,True
5,8160,8136,8163,8110,8108,8123,8170,8187,8180,8139,8141,8124,8134,8090,19.9478657245636,hello,True
6,8160,8140,8150,8119,8115,8113,8179,8187,8211,8156,8161,8129,8154,8087,19.96331262588501,hello,True
7,8175,8146,8170,8109,8110,8099,8153,8201,8183,8131,8152,8150,8143,8099,19.96331262588501,hello,True
8,8184,8158,8166,8128,8112,8095,8146,8163,8162,8119,8173,8152,8147,8077,19.97882413864136,hello,True
9,8186,8163,8175,8121,8112,8097,8144,8154,8146,8110,8174,8153,8136,8075,19.97882413864136,hello,True
10,8181,8170,8198,8131,8114,8112,8151,8168,8157,8123,8176,8168,8138,8082,19.99421238899231,hello,True
11,8170,8155,8185,8155,8118,8102,8147,8149,8158,8125,8187,8161,8140,8062,19.99421238899231,hello,True
12,8162,8150,8207,8149,8107,8112,8146,8166,8140,8105,8175,8159,8118,8065,20.00996398925781,hello,True
13,8159,8153,8210,8173,8101,8149,8193,8171,8187,8161,8193,8152,8139,8087,20.00996398925781,hello,True
14,8166,8141,8205,8163,8088,8125,8183,8178,8202,8180,8198,8166,8152,8113,20.02605414390564,hello,True
15,8177,8153,8226,8159,8088,8103,8148,8188,8190,8155,8221,8201,8176,8113,20.02605414390564,hello,True
16,8190,8166,8228,8187,8101,8112,8145,8165,8188,8143,8262,8212,8202,8101,20.042072772979736,hello,True
17,8199,8176,8252,8191,8097,8117,8140,8164,8151,8116,8253,8227,8180,8107,20.042072772979736,hello,True
18,8186,8180,8250,8218,8099,8132,8149,8151,8144,8132,8241,8208,8175,8088,20.05749082565308,hello,True
19,8166,8155,8237,8204,8102,8130,8150,8152,8137,8139,8210,8176,8152,8090,20.05749082565308,hello,True
20,8167,8143,8236,8179,8102,8130,8169,8171,8139,8142,8195,8191,8148,8104,20.078563690185547,hello,True
21,8183,8145,8209,8185,8105,8123,8167,8163,8162,8159,8213,8203,8183,8097,20.078563690185547,hello,True
22,8194,8158,8222,8163,8112,8110,8134,8180,8155,8137,8214,8211,8178,8104,20.08910870552063,hello,True
23,8185,8180,8228,8181,8143,8124,8152,8171,8166,8145,8233,8204,8176,8090,20.08910870552063,hello,True
24,8170,8173,8215,8194,8155,8134,8161,8157,8152,8141,8211,8182,8158,8084,20.104209899902344,hello,True
25,8160,8158,8212,8178,8143,8150,8163,8169,8139,8125,8168,8162,8133,8092,20.104209899902344,hello,True
26,8149,8135,8177,8167,8141,8151,8180,8152,8155,8134,8158,8139,8129,8080,20.120294332504272,sil,False
27,8143,8128,8176,8142,8138,8139,8168,8164,8132,8121,8139,8136,8111,8084,20.120294332504272,sil,False
28,8152,8143,8172,8160,8148,8144,8181,8180,8148,8142,8153,8129,8134,8082,20.136228799819943,sil,False
29,8157,8132,8150,8150,8154,8133,8186,8188,8174,8150,8158,8127,8154,8087,20.136228799819943,sil,False
30,8150,8136,8156,8130,8157,8130,8159,8201,8168,8139,8151,8149,8156,8096,20.151822566986084,sil,False
31,8157,8156,8148,8156,8180,8134,8146,8175,8171,8154,8179,8150,8172,8084,20.151822566986084,sil,False
32,8175,8164,8174,8144,8195,8133,8142,8172,8153,8140,8183,8165,8157,8091,20.167428970336918,sil,False
33,8170,8171,8184,8155,8207,8149,8162,8162,8159,8144,8192,8166,8151,8076,20.167428970336918,sil,False
34,8165,8174,8165,8169,8212,8142,8160,8153,8156,8146,8192,8145,8147,8063,20.18255853652954,sil,False
35,8175,8192,8189,8164,8217,8145,8156,8175,8146,8141,8190,8162,8150,8084,20.18255853652954,sil,False
36,8174,8185,8187,8184,8227,8161,8179,8157,8166,8159,8201,8159,8161,8080,20.19832968711853,sil,False
37,8159,8159,8180,8171,8216,8155,8172,8162,8142,8130,8162,8133,8119,8074,20.19832968711853,sil,False
38,8155,8167,8182,8180,8223,8167,8181,8175,8149,8142,8164,8130,8124,8072,20.213863849639893,sil,False
39,8163,8167,8177,8182,8239,8170,8181,8162,8170,8166,8192,8145,8156,8082,20.213863849639893,sil,False
40,8162,8166,8190,8164,8228,8161,8160,8166,8145,8138,8184,8154,8142,8094,20.22994065284729,sil,False
41,8155,8163,8178,8193,8214,8162,8174,8151,8156,8157,8192,8140,8151,8084,20.22994065284729,sil,False
42,8153,8144,8180,8178,8209,8158,8175,8165,8169,8179,8184,8148,8151,8100,20.245239734649655,sil,False
43,8142,8134,8176,8158,8218,8167,8183,8180,8185,8190,8183,8148,8152,8099,20.245239734649655,sil,False
44,8143,8134,8161,8166,8220,8166,8188,8174,8191,8197,8182,8131,8153,8087,20.26138210296631,sil,False
45,8158,8151,8184,8167,8207,8169,8188,8195,8187,8194,8177,8152,8146,8103,20.26138210296631,sil,False
46,8161,8147,8160,8166,8207,8170,8202,8189,8216,8208,8201,8154,8171,8099,20.276515245437626,sil,False
47,8156,8126,8145,8118,8202,8144,8176,8190,8198,8183,8186,8145,8170,8099,20.276515245437626,sil,False
48,8158,8142,8168,8116,8193,8140,8171,8198,8193,8184,8184,8156,8175,8105,20.292250156402588,sil,False
49,8166,8151,8163,8146,8192,8138,8180,8184,8207,8195,8208,8161,8187,8101,20.307839393615723,sil,False
50,8167,8160,8175,8127,8189,8129,8152,8183,8167,8149,8193,8164,8162,8091,20.307839393615723,sil,False
51,8147,8178,8165,8131,8193,8134,8144,8152,8140,8135,8187,8144,8153,8054,20.323094606399536,sil,False
52,8133,8181,8165,8134,8192,8137,8151,8147,8126,8133,8181,8139,8139,8056,20.323094606399536,sil,False
53,8139,8186,8185,8151,8196,8162,8174,8161,8136,8148,8179,8148,8138,8073,20.339107036590576,sil,False
54,8140,8180,8169,8165,8201,8170,8189,8152,8158,8173,8170,8126,8138,8068,20.339107036590576,sil,False
55,8137,8180,8180,8157,8195,8160,8178,8185,8163,8172,8153,8132,8123,8084,20.354703187942505,sil,False
56,8139,8178,8173,8168,8206,8176,8195,8189,8198,8191,8173,8143,8147,8089,20.354703187942505,sil,False
57,8136,8155,8155,8122,8197,8173,8193,8174,8187,8175,8152,8136,8137,8092,20.37032890319824,sil,False
58,8142,8164,8171,8116,8174,8162,8181,8179,8170,8168,8143,8150,8135,8097,20.37032890319824,sil,False
59,8164,8182,8171,8170,8172,8140,8171,8167,8184,8177,8174,8168,8167,8097,20.385246753692627,sil,False
60,8172,8179,8186,8150,8160,8110,8142,8176,8156,8132,8161,8183,8154,8108,20.385246753692627,sil,False
61,8174,8175,8183,8144,8151,8104,8145,8168,8155,8133,8171,8186,8162,8090,20.40092420578003,sil,False
62,8188,8181,8191,8154,8150,8098,8139,8169,8159,8136,8186,8201,8172,8087,20.40092420578003,sil,False
63,8193,8204,8217,8155,8159,8116,8148,8189,8163,8129,8194,8216,8178,8100,20.416244506835938,sil,False
64,8183,8206,8197,8171,8174,8129,8169,8168,8169,8149,8201,8192,8182,8081,20.416244506835938,sil,False
65,8168,8205,8201,8161,8168,8118,8148,8162,8128,8127,8166,8175,8136,8067,20.43183445930481,sil,False
66,8157,8212,8204,8176,8171,8132,8157,8155,8131,8127,8163,8155,8130,8058,20.43183445930481,sil,False
67,8156,8201,8195,8176,8180,8154,8174,8164,8150,8148,8169,8148,8145,8076,20.447343826293945,sil,False
68,8158,8202,8205,8173,8183,8179,8182,8187,8154,8169,8161,8167,8152,8092,20.447343826293945,sil,False
69,8152,8193,8182,8194,8185,8184,8190,8165,8175,8190,8166,8152,8163,8074,20.462998628616333,sil,False
70,8149,8178,8174,8160,8171,8168,8176,8180,8175,8170,8148,8143,8149,8085,20.462998628616333,sil,False
71,8149,8185,8164,8149,8164,8159,8181,8188,8190,8183,8162,8155,8172,8087,20.479076623916622,sil,False
72,8148,8175,8147,8141,8152,8135,8169,8172,8177,8181,8169,8160,8177,8078,20.479076623916622,sil,False
73,8150,8173,8162,8124,8140,8134,8159,8185,8177,8150,8160,8169,8160,8088,20.494248628616333,sil,False
74,8157,8178,8150,8137,8151,8143,8181,8187,8176,8151,8178,8166,8181,8083,20.494248628616333,sil,False
75,8166,8182,8168,8125,8151,8132,8168,8198,8049,8134,8172,8179,8175,8086,20.510375499725345,sil,False
76,8171,8198,8191,8145,8151,8142,8168,8186,7968,8147,8189,8191,8180,8085,20.510375499725345,sil,False
77,8174,8195,8183,8160,8153,8138,8162,8160,7987,8153,8196,8183,8180,8085,20.52637791633606,sil,False
78,8167,8195,8199,8157,8151,8139,8151,8168,7986,8132,8171,8179,8155,8088,20.52637791633606,sil,False
79,8162,8202,8198,8193,8162,8163,8177,8153,7987,8150,8178,8165,8159,8073,20.54175114631653,sil,False
80,8164,8198,8200,8177,8159,8159,8181,8160,7983,8141,8165,8159,8147,8082,20.54175114631653,sil,False
81,8155,8189,8192,8167,8159,8166,8197,8172,8016,8161,8158,8156,8151,8087,20.55688762664795,sil,False
82,8152,8169,8165,8174,8159,8170,8203,8169,8050,8186,8163,8151,8164,8087,20.55688762664795,sil,False
83,8160,8172,8180,8160,8144,8156,8180,8186,8044,8162,8162,8169,8162,8098,20.5720374584198,sil,False
84,8159,8171,8168,8170,8141,8149,8178,8165,8051,8172,8175,8164,8173,8083,20.5720374584198,sil,False
85,8156,8152,8163,8152,8134,8149,8167,8170,8043,8172,8155,8158,8148,8086,20.588152170181274,sil,False
86,8164,8169,8178,8151,8138,8157,8173,8189,8053,8164,8171,8173,8153,8092,20.588152170181274,sil,False
87,8171,8182,8170,8157,8144,8140,8169,8170,8059,8149,8198,8176,8171,8079,20.603838682174683,sil,False
88,8171,8178,8189,8136,8134,8134,8147,8172,8035,8128,8176,8183,8152,8081,20.603838682174683,sil,False
89,8167,8170,8177,8146,8130,8153,8165,8157,8050,8148,8174,8175,8157,8065,20.619325399398804,sil,False
90,8165,8160,8169,8128,8117,8148,8168,8153,8041,8133,8163,8177,8143,8068,20.619325399398804,sil,False
91,8163,8171,8187,8135,8117,8153,8168,8156,8033,8119,8159,8180,8131,8065,20.635226488113403,sil,False
92,8156,8171,8176,8162,8130,8163,8172,8139,8045,8128,8163,8157,8130,8047,20.635226488113403,sil,False
93,8153,8171,8195,8151,8123,8165,8167,8157,8034,8118,8155,8161,8116,8069,20.650442361831665,sil,False
94,8158,8181,8192,8176,8121,8171,8182,8150,8053,8136,8174,8163,8134,8074,20.650442361831665,sil,False
95,8160,8175,8185,8180,8121,8164,8183,8151,8058,8139,8165,8160,8126,8073,20.666198253631592,sil,False
96,8160,8177,8211,8179,8113,8182,8201,8179,8072,8155,8163,8176,8125,8088,20.666198253631592,sil,False
97,8163,8168,8198,8192,8110,8195,8221,8176,8113,8188,8177,8172,8150,8097,20.681118488311768,sil,False
98,8165,8149,8179,8168,8105,8178,8199,8186,8110,8167,8160,8164,8140,8105,20.681118488311768,sil,False
99,8162,8141,8159,8165,8104,8172,8198,8178,8118,8161,8171,8159,8148,8093,20.69660782814026,sil,False
100,8163,8140,8153,8156,8093,8163,8193,8179,8118,8164,8170,8160,8149,8098,20.69660782814026,sil,False
101,8161,8152,8150,8150,8091,8150,8182,8179,8109,8161,8164,8163,8149,8095,20.711825609207157,sil,False
102,8161,8151,8130,8155,8103,8129,8166,8140,8094,8145,8184,8154,8163,8069,20.711825609207157,sil,False
103,8167,8154,8165,8135,8102,8136,8142,8147,8052,8107,8173,8161,8134,8069,20.72789764404297,sil,False
104,8151,8161,8165,8160,8115,8175,8166,8146,8071,8136,8167,8141,8121,8058,20.72789764404297,sil,False
105,8137,8150,8145,8165,8123,8168,8174,8137,8079,8147,8151,8116,8109,8055,20.744014024734497,sil,False
106,8155,8166,8183,8160,8130,8161,8165,8154,8064,8128,8154,8137,8108,8072,20.744014024734497,sil,False
107,8163,8175,8175,8184,8143,8173,8178,8145,8086,8156,8177,8131,8129,8073,20.75916838645935,sil,False
108,8148,8157,8154,8159,8136,8166,8169,8161,8082,8154,8144,8117,8105,8080,20.75916838645935,sil,False
109,8151,8148,8145,8150,8142,8164,8171,8164,8092,8157,8131,8118,8105,8079,20.774306774139404,sil,False
110,8164,8132,8147,8145,8153,8154,8166,8162,8105,8161,8147,8124,8124,8085,20.774306774139404,sil,False
111,8161,8141,8166,8138,8153,8155,8170,8189,8108,8166,8157,8146,8136,8101,20.790207862854004,sil,False
112,8158,8149,8141,8152,8161,8151,8183,8175,8125,8188,8163,8145,8150,8089,20.790207862854004,sil,False
113,8158,8137,8132,8123,8159,8126,8152,8173,8104,8156,8132,8138,8124,8087,20.80539608001709,sil,False
114,8155,8144,8141,8123,8164,8126,8150,8174,8106,8145,8141,8143,8137,8083,20.80539608001709,sil,False
115,8153,8143,8135,8128,8172,8121,8148,8160,8109,8152,8165,8147,8163,8080,20.82054376602173,sil,False
116,8152,8143,8144,8105,8169,8109,8124,8160,8083,8129,8161,8160,8152,8083,20.83603286743164,sil,False
117,8146,8147,8130,8118,8177,8111,8129,8138,8079,8129,8169,8151,8149,8064,20.83603286743164,sil,False
118,8146,8148,8144,8119,8180,8107,8119,8142,8061,8117,8160,8150,8140,8067,20.852071523666385,sil,False
119,8158,8166,8171,8145,8190,8116,8121,8142,8075,8129,8178,8161,8153,8066,20.852071523666385,sil,False
120,8159,8176,8166,8166,8200,8122,8133,8132,8089,8150,8184,8158,8152,8062,20.8673574924469,sil,False
121,8143,8173,8173,8145,8195,8131,8138,8150,8064,8120,8152,8149,8124,8072,20.8673574924469,sil,False
122,8143,8165,8166,8163,8203,8142,8152,8133,8073,8118,8173,8130,8143,8065,20.882944583892822,sil,False
123,8163,8173,8190,8175,8207,8135,8141,8145,8080,8144,8184,8143,8148,8084,20.882944583892822,sil,False
124,8167,8191,8202,8189,8211,8154,8156,8169,8114,8191,8177,8164,8155,8099,20.89804196357727,sil,False
125,8157,8172,8162,8187,8213,8162,8168,8162,8138,8202,8181,8149,8162,8095,20.89804196357727,sil,False
126,8157,8167,8170,8158,8206,8149,8155,8176,8115,8178,8179,8156,8151,8108,20.913644552230835,sil,False
127,8166,8182,8172,8181,8211,8152,8178,8170,8140,8210,8188,8159,8170,8105,20.913644552230835,sil,False
237,8171,8174,8166,8174,8204,8146,8177,8172,8154,8205,8162,8152,8157,8108,20.929271936416622,sil,False
0,8168,8174,8169,8166,8199,8147,8170,8178,8154,8193,8169,8154,8159,8106,20.929271936416622,sil,False
1,8177,8174,8150,8170,8210,8139,8169,8169,8157,8195,8197,8164,8193,8103,20.945018529891968,sil,False
2,8194,8173,8163,8148,8202,8127,8149,8184,8140,8170,8190,8189,8197,8122,20.945018529891968,sil,False
3,8185,8173,8160,8168,8191,8128,8153,8163,8150,8183,8200,8178,8202,8101,20.960118055343628,sil,False
4,8176,8170,8163,8166,8189,8116,8148,8158,8133,8160,8185,8168,8180,8089,20.960118055343628,sil,False
5,8189,8187,8187,8164,8201,8125,8145,8173,8121,8137,8187,8190,8177,8101,20.97549867630005,sil,False
6,8179,8184,8166,8174,8203,8128,8140,8141,8123,8152,8207,8186,8189,8093,20.97549867630005,sil,False
7,8158,8176,8177,8157,8190,8122,8126,8141,8095,8143,8192,8180,8162,8086,20.99081015586853,sil,False
8,8171,8186,8190,8180,8202,8133,8146,8149,8113,8163,8211,8178,8176,8080,20.99081015586853,sil,False
9,8193,8188,8193,8176,8199,8131,8139,8158,8121,8162,8223,8185,8185,8097,21.00688600540161,sil,False
10,8177,8192,8194,8169,8186,8147,8133,8163,8120,8155,8225,8186,8176,8096,21.00688600540161,sil,False
11,8156,8183,8165,8189,8198,8156,8148,8136,8136,8172,8225,8159,8175,8074,21.02202177047729,sil,False
12,8165,8192,8194,8183,8205,8145,8142,8151,8119,8165,8203,8165,8155,8093,21.02202177047729,sil,False
13,8161,8209,8198,8200,8205,8158,8150,8145,8128,8179,8209,8164,8163,8092,21.037121772766117,sil,False
14,8143,8189,8170,8189,8195,8156,8138,8133,8119,8163,8194,8148,8153,8082,21.037121772766117,sil,False
15,8148,8194,8189,8181,8191,8155,8136,8150,8113,8147,8186,8161,8145,8088,21.05314540863037,sil,False
16,8156,8202,8187,8202,8201,8161,8162,8148,8152,8175,8201,8162,8161,8088,21.05314540863037,sil,False
17,8144,8179,8187,8175,8186,8156,8159,8171,8147,8166,8163,8155,8138,8101,21.068397045135494,sil,False
18,8127,8156,8161,8163,8165,8164,8167,8163,8144,8162,8133,8129,8128,8084,21.068397045135494,sil,False
19,8131,8146,8138,8149,8158,8157,8162,8150,8135,8146,8122,8119,8112,8069,21.083914041519165,sil,False
20,8143,8154,8159,8131,8155,8149,8154,8172,8130,8135,8131,8148,8109,8082,21.083914041519165,sil,False
21,8139,8137,8142,8135,8149,8132,8149,8156,8148,8152,8157,8143,8138,8076,21.099937677383423,sil,False
22,8142,8129,8148,8118,8142,8120,8125,8166,8135,8139,8156,8154,8137,8085,21.099937677383423,sil,False
23,8161,8160,8167,8145,8159,8149,8145,8178,8161,8169,8188,8189,8165,8097,21.115111351013184,sil,False
24,8166,8163,8160,8154,8163,8146,8142,8173,8173,8184,8202,8193,8181,8100,21.115111351013184,sil,False
25,8157,8161,8168,8137,8155,8131,8110,8175,8137,8142,8190,8192,8164,8092,21.13066411018372,sil,False
26,8159,8174,8164,8179,8178,8144,8129,8148,8132,8154,8216,8189,8172,8079,21.13066411018372,sil,False
27,8157,8179,8181,8195,8187,8170,8155,8157,8121,8177,8203,8186,8151,8096,21.14639568328857,sil,False
28,8139,8176,8175,8206,8181,8195,8186,8176,8140,8203,8188,8170,8147,8091,21.14639568328857,sil,False
29,8134,8155,8143,8194,8176,8182,8186,8169,8155,8209,8194,8159,8161,8086,21.16248893737793,sil,False
30,8146,8149,8152,8152,8166,8167,8161,8178,8142,8196,8191,8183,8162,8108,21.16248893737793,sil,False
31,8154,8157,8145,8155,8164,8167,8161,8166,8148,8205,8208,8191,8179,8095,21.17792582511902,sil,False
32,8160,8164,8165,8148,8148,8149,8139,8165,8112,8169,8194,8191,8160,8084,21.17792582511902,sil,False
33,8163,8189,8194,8175,8148,8160,8138,8155,8099,8163,8196,8189,8160,8080,21.19319248199463,sil,False
34,8158,8186,8180,8197,8160,8171,8157,8139,8109,8187,8205,8175,8168,8078,21.19319248199463,sil,False
35,8141,8162,8177,8162,8144,8172,8162,8167,8093,8175,8176,8175,8141,8091,21.20931386947632,sil,False
36,8131,8150,8159,8162,8136,8175,8175,8166,8121,8184,8165,8163,8148,8088,21.20931386947632,sil,False
37,8148,8149,8161,8153,8133,8155,8163,8173,8131,8178,8156,8171,8156,8102,21.223989009857178,sil,False
38,8162,8159,8170,8151,8132,8154,8159,8184,8136,8177,8175,8192,8172,8104,21.223989009857178,sil,False
39,8155,8155,8152,8160,8130,8156,8152,8165,8138,8167,8191,8186,8179,8087,21.239230394363403,sil,False
40,8152,8159,8166,8149,8120,8149,8127,8169,8101,8126,8173,8180,8153,8082,21.2545018196106,sil,False
41,8149,8165,8152,8164,8124,8155,8138,8153,8099,8136,8180,8166,8160,8058,21.2545018196106,sil,False
42,8144,8164,8145,8152,8129,8154,8137,8160,8104,8139,8174,8168,8154,8064,21.2545018196106,sil,False
43,8147,8175,8163,8159,8134,8154,8136,8178,8115,8140,8178,8176,8154,8079,21.270216464996334,sil,False
44,8146,8160,8145,8171,8131,8136,8129,8149,8108,8149,8185,8155,8153,8060,21.285427570343018,sil,False
45,8133,8153,8156,8143,8116,8133,8112,8146,8068,8123,8156,8152,8118,8055,21.286422967910767,sil,False
46,8127,8175,8159,8167,8126,8160,8135,8137,8087,8134,8160,8146,8129,8047,21.286422967910767,sil,False
47,8145,8181,8152,8174,8131,8152,8131,8139,8091,8138,8166,8147,8141,8060,21.300976753234863,sil,False
48,8163,8189,8167,8169,8130,8150,8126,8156,8081,8130,8183,8169,8150,8076,21.31631064414978,sil,False
49,8153,8184,8153,8184,8133,8162,8144,8140,8088,8135,8186,8155,8153,8068,21.31631064414978,sil,False
50,8133,8170,8154,8166,8119,8171,8151,8151,8073,8129,8140,8135,8120,8075,21.33228182792664,sil,False
51,8136,8165,8147,8178,8124,8185,8187,8159,8108,8173,8150,8136,8140,8083,21.33228182792664,sil,False
52,8146,8151,8145,8174,8128,8175,8195,8175,8131,8189,8163,8148,8154,8100,21.347877502441406,sil,False
53,8132,8142,8148,8153,8111,8167,8179,8187,8121,8170,8141,8146,8137,8095,21.347877502441406,sil,False
54,8124,8130,8116,8146,8099,8155,8178,8161,8130,8171,8137,8123,8148,8072,21.362916946411133,sil,False
55,8135,8136,8131,8123,8090,8142,8165,8182,8130,8155,8134,8139,8160,8090,21.362916946411133,sil,False
56,8136,8145,8129,8133,8092,8148,8164,8183,8148,8177,8151,8144,8171,8088,21.378915071487427,sil,False
57,8127,8125,8100,8124,8086,8126,8142,8157,8132,8165,8136,8127,8154,8065,21.378915071487427,sil,False
58,8134,8129,8120,8103,8078,8124,8133,8168,8112,8131,8127,8138,8153,8058,21.394046783447266,sil,False
59,8154,8147,8127,8118,8093,8151,8159,8168,8145,8160,8162,8144,8182,8061,21.394046783447266,sil,False
60,8166,8163,8147,8125,8103,8151,8151,8180,8146,8166,8162,8153,8166,8077,21.409206867218018,sil,False
61,8163,8185,8163,8174,8114,8142,8152,8169,8144,8160,8174,8160,8172,8068,21.409206867218018,sil,False
62,8169,8189,8167,8191,8125,8141,8153,8156,8131,8145,8177,8159,8179,8067,21.424776077270508,sil,False
63,8168,8189,8185,8166,8123,8161,8150,8170,8111,8131,8154,8157,8154,8071,21.424776077270508,sil,False
64,8142,8178,8158,8174,8123,8167,8152,8146,8122,8147,8156,8127,8148,8046,21.440359354019165,sil,False
65,8126,8161,8151,8151,8126,8153,8135,8143,8100,8134,8136,8112,8124,8049,21.440359354019165,sil,False
66,8131,8166,8161,8158,8145,8169,8158,8146,8104,8139,8128,8114,8120,8054,21.455958604812626,sil,False
67,8130,8155,8148,8166,8149,8175,8179,8149,8127,8150,8128,8107,8123,8055,21.455958604812626,sil,False
68,8121,8142,8154,8131,8135,8172,8170,8180,8123,8144,8120,8109,8120,8068,21.471848726272583,sil,False
69,8124,8142,8139,8141,8147,8172,8180,8168,8130,8169,8133,8105,8143,8062,21.471848726272583,sil,False
70,8130,8138,8140,8143,8152,8158,8168,8164,8113,8154,8115,8113,8126,8072,21.48702383041382,sil,False
71,8126,8138,8140,8138,8147,8160,8168,8172,8123,8148,8119,8121,8127,8070,21.48702383041382,sil,False
72,8131,8131,8116,8121,8146,8155,8166,8171,8141,8160,8138,8119,8154,8067,21.50230813026428,sil,False
73,8149,8141,8131,8106,8153,8148,8151,8188,8131,8144,8131,8135,8154,8079,21.50230813026428,sil,False
74,8152,8159,8125,8138,8169,8144,8156,8170,8140,8145,8146,8135,8164,8058,21.517884731292725,hello,True
75,8149,8167,8133,8135,8167,8125,8141,8165,8106,8123,8145,8143,8150,8053,21.517884731292725,hello,True
76,8152,8176,8151,8139,8172,8132,8142,8158,8089,8115,8147,8157,8149,8056,21.534008741378784,hello,True
77,8135,8160,8124,8136,8181,8131,8137,8133,8091,8101,8133,8130,8141,8039,21.534008741378784,hello,True
78,8113,8154,8130,8117,8174,8124,8117,8151,8069,8076,8101,8109,8105,8034,21.549175024032596,hello,True
79,8114,8165,8137,8156,8187,8145,8137,8147,8092,8125,8125,8107,8118,8035,21.549175024032596,hello,True
80,8130,8158,8142,8150,8195,8157,8145,8156,8101,8147,8132,8120,8122,8062,21.56444811820984,hello,True
81,8137,8165,8155,8143,8197,8164,8165,8180,8126,8156,8131,8129,8129,8078,21.56444811820984,hello,True
82,8136,8160,8140,8160,8195,8149,8170,8171,8161,8186,8146,8124,8149,8072,21.57998561859131,hello,True
83,8146,8153,8148,8134,8181,8125,8133,8175,8138,8168,8153,8144,8148,8083,21.57998561859131,hello,True
84,8151,8161,8135,8136,8192,8120,8125,8154,8133,8143,8178,8151,8167,8060,21.59567928314209,hello,True
85,8152,8173,8139,8142,8198,8109,8122,8148,8125,8119,8170,8147,8153,8036,21.59567928314209,hello,True
86,8156,8199,8175,8170,8198,8134,8132,8157,8117,8135,8170,8151,8138,8039,21.61095881462097,hello,True
87,8148,8188,8162,8197,8200,8160,8152,8148,8127,8161,8178,8134,8148,8044,21.61095881462097,hello,True
88,8131,8163,8156,8163,8193,8154,8157,8179,8127,8147,8146,8132,8133,8061,21.625975370407104,hello,True
89,8127,8156,8142,8159,8200,8156,8175,8184,8165,8180,8147,8132,8149,8057,21.625975370407104,hello,True
90,8145,8149,8139,8149,8198,8142,8159,8181,8177,8193,8161,8140,8170,8072,21.64189124107361,hello,True
91,8158,8163,8161,8138,8189,8126,8143,8191,8165,8171,8179,8166,8191,8087,21.64189124107361,hello,True
92,8161,8175,8150,8153,8193,8114,8141,8155,8146,8157,8188,8166,8197,8062,21.65735602378845,hello,True
93,8161,8182,8175,8149,8189,8118,8120,8144,8099,8120,8158,8165,8151,8055,21.65735602378845,hello,True
94,8150,8195,8187,8183,8197,8151,8141,8140,8116,8138,8162,8156,8147,8054,21.67273473739624,hello,True
95,8139,8187,8177,8194,8205,8164,8161,8151,8136,8161,8157,8145,8150,8070,21.67273473739624,hello,True
96,8143,8176,8179,8166,8190,8157,8160,8182,8139,8163,8141,8153,8142,8091,21.688520431518555,hello,True
97,8154,8154,8151,8156,8174,8139,8164,8166,8170,8185,8156,8143,8166,8084,21.688520431518555,hello,True
98,8161,8147,8164,8137,8166,8128,8150,8177,8167,8171,8157,8156,8176,8097,21.704418659210205,hello,True
99,8168,8170,8183,8157,8174,8141,8152,8186,8174,8168,8186,8185,8206,8103,21.704418659210205,hello,True
100,8173,8186,8174,8177,8177,8124,8138,8157,8163,8158,8201,8183,8206,8088,21.71916961669922,hello,True
101,8169,8207,8198,8195,8182,8124,8130,8147,8131,8146,8181,8175,8170,8079,21.71916961669922,hello,True
102,8168,8211,8201,8234,8197,8157,8165,8146,8138,8174,8183,8165,8170,8081,21.73536372184753,hello,True
103,8169,8186,8195,8206,8183,8159,8165,8163,8124,8159,8161,8165,8158,8095,21.73536372184753,hello,True
104,8152,8168,8173,8183,8165,8149,8155,8156,8131,8148,8150,8155,8156,8078,21.75087118148804,hello,True
105,8138,8153,8148,8166,8151,8131,8148,8155,8145,8154,8146,8147,8156,8068,21.7674400806427,hello,True
106,8152,8165,8161,8150,8144,8120,8142,8175,8147,8153,8160,8167,8162,8083,21.7674400806427,hello,True
107,8169,8179,8151,8183,8162,8115,8140,8146,8154,8159,8203,8174,8192,8075,21.7674400806427,hello,True
108,8172,8182,8164,8176,8160,8099,8111,8149,8111,8122,8183,8183,8172,8079,21.782393217086792,hello,True
109,8169,8197,8183,8181,8157,8110,8119,8155,8107,8118,8168,8184,8161,8069,21.782393217086792,hello,True
110,8164,8189,8168,8195,8156,8113,8125,8126,8114,8123,8175,8161,8157,8059,21.797199726104736,hello,True
111,8156,8185,8186,8190,8145,8115,8115,8128,8078,8089,8159,8157,8130,8067,21.81240940093994,hello,True
112,8151,8189,8181,8212,8154,8132,8144,8120,8090,8104,8152,8141,8130,8056,21.81240940093994,hello,True
113,8142,8172,8173,8191,8151,8134,8147,8136,8100,8116,8123,8134,8114,8071,21.82849645614624,hello,True
114,8129,8155,8160,8177,8134,8144,8150,8156,8116,8141,8122,8136,8120,8080,21.82849645614624,hello,True
115,8131,8136,8131,8176,8125,8139,8159,8153,8133,8158,8131,8123,8138,8074,21.843667030334476,hello,True
116,8137,8136,8141,8149,8118,8126,8153,8176,8132,8144,8119,8135,8134,8093,21.843667030334476,hello,True
117,8136,8140,8123,8150,8124,8125,8158,8164,8161,8163,8143,8143,8162,8091,21.859286546707157,hello,True
118,8145,8134,8115,8132,8123,8105,8133,8162,8156,8150,8148,8146,8159,8090,21.859286546707157,hello,True
119,8160,8157,8140,8138,8124,8102,8126,8176,8151,8142,8155,8159,8161,8086,21.875203132629395,hello,True
120,8173,8176,8145,8167,8141,8110,8140,8171,8163,8152,8173,8160,8180,8077,21.875203132629395,hello,True
121,8170,8177,8164,8153,8144,8122,8133,8175,8140,8124,8161,8160,8156,8083,21.890357732772827,hello,True
122,8146,8166,8144,8157,8136,8125,8137,8136,8125,8118,8154,8134,8130,8053,21.890357732772827,hello,True
123,8130,8152,8133,8149,8131,8110,8121,8123,8101,8107,8124,8115,8101,8032,21.90589189529419,hello,True
124,8131,8165,8156,8159,8139,8134,8138,8152,8120,8129,8123,8118,8107,8048,21.90589189529419,hello,True
125,8127,8160,8135,8171,8140,8146,8166,8149,8158,8161,8142,8105,8124,8060,21.921016693115234,hello,True
126,8122,8151,8139,8138,8126,8143,8155,8164,8147,8140,8121,8116,8109,8072,21.921016693115234,hello,True
127,8129,8153,8140,8149,8138,8158,8167,8171,8177,8173,8140,8128,8144,8079,21.93654036521912,hello,True
237,8140,8142,8125,8135,8131,8137,8153,8174,8189,8184,8152,8131,8160,8098,21.93654036521912,hello,True
0,8141,8146,8126,8109,8105,8111,8125,8174,8167,8139,8148,8145,8158,8092,21.95261549949646,hello,True
1,8145,8145,8118,8119,8101,8098,8117,8149,8163,8128,8166,8145,8175,8065,21.95261549949646,hello,True
2,8159,8155,8152,8114,8102,8098,8107,8162,8142,8122,8160,8150,8159,8073,21.968353986740112,hello,True
3,8168,8181,8166,8143,8114,8116,8120,8153,8148,8127,8161,8142,8155,8064,21.968353986740112,hello,True
4,8158,8178,8158,8154,8114,8114,8120,8134,8145,8119,8146,8136,8145,8059,21.98303747177124,hello,True
5,8139,8167,8170,8144,8112,8123,8133,8148,8149,8130,8129,8135,8133,8070,21.98303747177124,hello,True
6,8129,8146,8146,8147,8123,8146,8164,8146,8178,8167,8126,8103,8141,8060,21.998194456100464,hello,True
7,8135,8129,8143,8124,8118,8149,8166,8170,8174,8162,8109,8104,8131,8072,21.998194456100464,hello,True
8,8136,8132,8135,8137,8112,8140,8177,8173,8198,8184,8130,8120,8147,8080,22.013402700424194,hello,True
9,8137,8131,8123,8134,8094,8116,8164,8170,8211,8187,8141,8125,8159,8090,22.013402700424194,hello,True
10,8156,8146,8149,8117,8086,8113,8148,8197,8212,8165,8149,8154,8176,8109,22.029264211654663,hello,True
11,8165,8157,8143,8130,8106,8120,8158,8179,8232,8173,8182,8167,8208,8100,22.029264211654663,hello,True
12,8167,8163,8160,8124,8106,8118,8144,8173,8209,8164,8174,8170,8186,8098,22.04406714439392,sil,False
13,8183,8190,8187,8162,8113,8135,8156,8174,8218,8198,8189,8172,8194,8095,22.04406714439392,sil,False
14,8179,8190,8181,8175,8121,8133,8160,8167,8229,8216,8201,8161,8200,8098,22.060102939605716,sil,False
15,8141,8173,8176,8150,8110,8126,8147,8168,8200,8178,8165,8144,8159,8089,22.060102939605716,sil,False
16,8124,8160,8147,8166,8109,8138,8165,8143,8201,8167,8145,8115,8146,8058,22.08237910270691,sil,False
17,8136,8154,8155,8156,8106,8147,8175,8166,8200,8160,8132,8117,8138,8073,22.08237910270691,sil,False
18,8136,8158,8159,8153,8110,8168,8197,8192,8231,8194,8150,8129,8163,8090,22.08237910270691,sil,False
19,8128,8144,8134,8151,8115,8160,8199,8183,8257,8231,8160,8128,8188,8093,22.090980768203732,sil,False
20,8130,8141,8143,8134,8112,8145,8176,8185,8242,8217,8161,8144,8182,8097,22.10674285888672,sil,False
21,8127,8137,8118,8140,8118,8139,8179,8159,8241,8203,8173,8132,8183,8070,22.10674285888672,sil,False
22,8136,8135,8122,8119,8120,8120,8168,8164,8218,8171,8149,8135,8167,8075,22.12221050262451,sil,False
23,8158,8162,8156,8124,8120,8118,8160,8172,8215,8165,8170,8165,8181,8091,22.12221050262451,sil,False
24,8158,8155,8141,8123,8115,8108,8141,8149,8213,8150,8186,8154,8180,8069,22.139950275421143,sil,False
25,8144,8145,8143,8101,8118,8113,8129,8158,8179,8115,8149,8132,8147,8059,22.139950275421143,sil,False
26,8144,8166,8150,8143,8151,8139,8158,8151,8191,8139,8161,8123,8164,8060,22.15320515632629,sil,False
27,8147,8172,8159,8153,8169,8138,8161,8160,8192,8142,8165,8126,8157,8075,22.15320515632629,sil,False
28,8122,8155,8148,8137,8168,8145,8172,8168,8196,8152,8140,8110,8139,8063,22.168561458587646,sil,False
29,8096,8125,8110,8124,8161,8143,8171,8142,8203,8166,8116,8077,8131,8038,22.168561458587646,sil,False
30,8107,8120,8122,8104,8159,8136,8145,8155,8192,8133,8102,8093,8121,8053,22.18411135673523,sil,False
31,8127,8127,8128,8126,8179,8151,8165,8165,8224,8140,8136,8110,8156,8059,22.200183153152462,sil,False
32,8137,8122,8135,8109,8184,8151,8171,8179,8226,8147,8144,8117,8165,8071,22.200183153152462,sil,False
33,8148,8134,8149,8102,8185,8150,8161,8185,8227,8159,8149,8136,8167,8076,22.21628499031067,sil,False
34,8158,8135,8134,8128,8194,8137,8153,8163,8236,8170,8173,8137,8179,8067,22.21628499031067,sil,False
35,8151,8141,8152,8115,8193,8121,8142,8173,8191,8135,8166,8138,8162,8073,22.21628499031067,sil,False
36,8144,8158,8153,8134,8209,8137,8171,8161,8187,8143,8173,8132,8168,8062,22.23211359977722,sil,False
37,8150,8151,8150,8138,8212,8153,8185,8164,8199,8154,8153,8125,8158,8075,22.23211359977722,sil,False
38,8152,8140,8163,8129,8193,8161,8195,8190,8208,8171,8125,8121,8149,8097,22.247286319732662,sil,False
39,8156,8130,8152,8138,8186,8144,8209,8183,8229,8200,8143,8123,8172,8099,22.247286319732662,sil,False
40,8164,8140,8174,8128,8182,8121,8182,8186,8213,8162,8157,8164,8171,8107,22.26294779777527,sil,False
41,8166,8166,8178,8154,8191,8124,8162,8161,8211,8147,8179,8175,8180,8086,22.26294779777527,sil,False
42,8162,8168,8173,8164,8206,8129,8151,8152,8199,8153,8173,8154,8169,8074,22.278395414352417,sil,False
43,8152,8164,8185,8169,8213,8153,8172,8167,8192,8156,8158,8149,8159,8088,22.29355502128601,sil,False
44,8148,8144,8153,8173,8207,8156,8198,8154,8214,8174,8161,8136,8178,8093,22.29355502128601,sil,False
45,8158,8135,8147,8126,8189,8128,8169,8176,8207,8167,8148,8151,8184,8116,22.309318780899048,sil,False
46,8172,8155,8154,8132,8195,8133,8162,8178,8220,8185,8182,8174,8218,8114,22.309318780899048,sil,False
47,8177,8162,8160,8144,8198,8137,8161,8157,8209,8180,8195,8172,8217,8105,22.32495665550232,sil,False
48,8167,8163,8178,8136,8181,8143,8163,8166,8189,8159,8156,8154,8176,8104,22.32495665550232,sil,False
49,8153,8149,8151,8159,8179,8161,8196,8160,8216,8173,8141,8123,8164,8094,22.34118914604187,sil,False
50,8144,8131,8142,8140,8177,8165,8200,8177,8211,8158,8122,8126,8148,8105,22.34118914604187,sil,False
51,8134,8124,8135,8125,8170,8158,8198,8175,8214,8164,8122,8128,8158,8091,22.35681915283203,sil,False
52,8125,8106,8109,8114,8159,8127,8174,8158,8213,8163,8125,8116,8165,8075,22.35681915283203,sil,False
52,8125,8106,8109,8114,8159,8127,8174,8158,8213,8163,8125,8116,8165,8075,22.372127294540405,sil,False
53,8123,8109,8113,8103,8153,8117,8149,8169,8200,8141,8127,8124,8156,8084,22.372127294540405,sil,False
54,8125,8113,8097,8115,8157,8126,8155,8152,8206,8149,8140,8119,8170,8076,22.38754892349243,sil,False
55,8132,8118,8115,8109,8155,8115,8139,8153,8177,8125,8128,8126,8159,8079,22.38754892349243,sil,False
56,8136,8142,8139,8139,8164,8118,8146,8155,8180,8126,8150,8135,8165,8075,22.4027578830719,sil,False
57,8138,8137,8121,8125,8165,8122,8156,8150,8193,8136,8153,8123,8170,8071,22.4027578830719,sil,False
58,8135,8130,8130,8082,8157,8123,8149,8160,8177,8127,8120,8118,8145,8076,22.41885042190552,sil,False
59,8126,8135,8123,8134,8150,8124,8150,8128,8177,8145,8123,8097,8130,8053,22.41885042190552,sil,False
60,8134,8148,8140,8173,8139,8130,8137,8136,8164,8137,8112,8093,8109,8061,22.434162855148315,sil,False
61,8141,8166,8148,8179,8173,8154,8161,8159,8190,8153,8118,8097,8130,8078,22.434162855148315,sil,False
62,8117,8132,8100,8150,8191,8147,8179,8155,8211,8174,8111,8070,8134,8073,22.450215816497803,sil,False
63,8098,8101,8092,8111,8156,8145,8175,8176,8195,8167,8085,8062,8108,8073,22.450215816497803,sil,False
64,8100,8118,8085,8139,8155,8167,8191,8164,8222,8194,8110,8066,8133,8064,22.465514421463013,sil,False
65,8105,8136,8093,8138,8168,8157,8173,8161,8222,8188,8119,8078,8145,8078,22.465514421463013,sil,False
66,8118,8142,8113,8129,8161,8155,8168,8179,8220,8185,8137,8097,8163,8089,22.48129963874817,sil,False
67,8135,8137,8106,8138,8156,8141,8167,8168,8227,8182,8158,8106,8180,8083,22.48129963874817,sil,False
68,8136,8147,8124,8137,8151,8120,8131,8159,8200,8156,8153,8123,8168,8082,22.49684500694275,sil,False
69,8131,8160,8122,8156,8160,8125,8123,8139,8205,8174,8174,8113,8180,8056,22.49684500694275,sil,False
70,8130,8153,8114,8135,8163,8125,8118,8148,8184,8157,8152,8093,8147,8045,22.5124933719635,sil,False
71,8124,8154,8115,8126,8158,8140,8134,8160,8164,8133,8129,8085,8120,8045,22.5124933719635,sil,False
72,8129,8155,8115,8152,8165,8158,8160,8147,8182,8156,8159,8089,8149,8055,22.52802872657776,sil,False
73,8142,8163,8150,8150,8163,8167,8171,8178,8190,8169,8171,8119,8155,8087,22.52802872657776,sil,False
74,8142,8171,8145,8174,8171,8184,8204,8180,8221,8196,8165,8116,8160,8088,22.54388189315796,sil,False
75,8144,8170,8143,8174,8176,8189,8206,8170,8220,8194,8142,8106,8153,8094,22.54388189315796,sil,False
76,8159,8187,8173,8176,8174,8205,8204,8181,8217,8195,8146,8126,8159,8105,22.560070991516117,sil,False
77,8163,8181,8155,8185,8167,8202,8202,8169,8225,8198,8155,8124,8163,8097,22.560070991516117,sil,False
78,8147,8164,8148,8152,8146,8179,8181,8181,8205,8167,8129,8118,8133,8097,22.575459241867065,sil,False
79,8129,8163,8135,8163,8149,8181,8202,8180,8229,8191,8133,8107,8142,8083,22.575459241867065,sil,False
80,8127,8156,8120,8166,8153,8178,8205,8177,8233,8194,8122,8098,8139,8082,22.591328859329224,sil,False
81,8130,8165,8132,8164,8149,8177,8186,8180,8213,8177,8121,8110,8136,8084,22.591656923294067,sil,False
82,8132,8165,8123,8179,8152,8177,8182,8160,8218,8200,8152,8119,8164,8083,22.60684323310852,sil,False
83,8142,8155,8139,8150,8144,8174,8168,8182,8216,8199,8147,8135,8161,8110,22.60684323310852,sil,False
84,8150,8164,8139,8151,8144,8174,8169,8189,8247,8208,8168,8139,8182,8106,22.6229305267334,sil,False
85,8147,8161,8126,8148,8146,8151,8154,8174,8241,8193,8191,8141,8194,8089,22.6229305267334,sil,False
86,8131,8157,8141,8134,8141,8148,8146,8172,8211,8167,8185,8152,8177,8084,22.638938903808597,sil,False
87,8134,8161,8128,8143,8137,8157,8161,8154,8222,8175,8183,8146,8177,8074,22.638938903808597,sil,False
88,8151,8174,8140,8130,8130,8148,8138,8155,8193,8143,8156,8145,8154,8079,22.6549870967865,sil,False
89,8144,8181,8146,8143,8137,8148,8127,8137,8178,8136,8155,8134,8145,8065,22.6549870967865,sil,False
90,8137,8166,8142,8147,8129,8136,8131,8139,8186,8154,8161,8129,8146,8072,22.67017650604248,sil,False
91,8158,8173,8173,8149,8119,8142,8150,8175,8192,8160,8163,8158,8152,8106,22.67017650604248,sil,False
92,8164,8173,8166,8174,8122,8158,8169,8155,8198,8166,8163,8145,8161,8097,22.68580961227417,sil,False
93,8134,8159,8164,8149,8098,8146,8142,8151,8158,8139,8122,8121,8126,8089,22.68580961227417,sil,False
94,8132,8161,8166,8160,8090,8149,8154,8156,8169,8155,8128,8124,8138,8090,22.70104742050171,sil,False
95,8158,8153,8153,8171,8108,8151,8169,8149,8193,8177,8133,8128,8159,8101,22.70104742050171,sil,False
96,8150,8152,8161,8140,8106,8156,8153,8163,8178,8162,8101,8131,8133,8107,22.71690535545349,sil,False
97,8137,8141,8134,8137,8092,8150,8152,8157,8202,8179,8117,8119,8152,8095,22.71690535545349,sil,False
98,8162,8138,8138,8112,8085,8120,8138,8179,8210,8177,8144,8151,8181,8120,22.73217463493347,sil,False
99,8180,8177,8167,8130,8095,8126,8142,8178,8204,8173,8174,8190,8201,8119,22.73217463493347,sil,False
100,8172,8191,8166,8160,8102,8145,8150,8144,8183,8167,8171,8172,8183,8094,22.7478461265564,sil,False
101,8164,8179,8173,8139,8095,8153,8146,8156,8156,8146,8137,8148,8146,8097,22.7478461265564,sil,False
102,8146,8170,8150,8139,8103,8161,8155,8147,8170,8142,8132,8126,8148,8083,22.764559268951416,sil,False
103,8136,8168,8149,8139,8110,8164,8152,8152,8168,8127,8121,8126,8140,8085,22.764559268951416,sil,False
104,8145,8172,8158,8158,8118,8178,8180,8173,8193,8161,8141,8141,8159,8098,22.7800977230072,sil,False
105,8144,8152,8136,8155,8117,8177,8195,8166,8211,8190,8157,8135,8171,8098,22.7800977230072,sil,False
106,8129,8139,8134,8119,8094,8167,8174,8173,8188,8168,8128,8136,8148,8103,22.795822858810425,sil,False
107,8125,8139,8112,8123,8084,8165,8176,8164,8211,8187,8134,8128,8159,8094,22.795822858810425,sil,False
108,8142,8129,8119,8103,8074,8150,8150,8170,8211,8177,8131,8133,8147,8101,22.81105709075928,sil,False
109,8158,8143,8158,8110,8077,8152,8140,8180,8204,8164,8136,8153,8153,8108,22.81105709075928,sil,False
110,8175,8157,8156,8145,8094,8143,8152,8169,8216,8173,8151,8150,8179,8105,22.826130151748657,sil,False
111,8191,8162,8171,8137,8095,8130,8134,8180,8199,8149,8149,8168,8169,8115,22.826130151748657,sil,False
112,8195,8175,8170,8158,8106,8139,8133,8159,8199,8156,8184,8181,8194,8104,22.84221315383911,sil,False
113,8174,8177,8165,8156,8109,8130,8123,8144,8169,8145,8183,8165,8189,8092,22.84221315383911,sil,False
114,8155,8179,8173,8136,8110,8136,8122,8146,8149,8131,8165,8151,8159,8086,22.857758045196533,sil,False
115,8162,8176,8162,8129,8125,8146,8130,8130,8165,8142,8173,8152,8160,8084,22.857758045196533,sil,False
116,8172,8182,8190,8134,8133,8144,8121,8152,8151,8136,8160,8167,8154,8097,22.873666524887085,sil,False
117,8159,8182,8189,8187,8143,8152,8134,8144,8155,8158,8162,8154,8155,8083,22.873666524887085,sil,False
118,8155,8162,8178,8184,8139,8144,8130,8134,8149,8160,8161,8154,8141,8086,22.88931345939636,sil,False
119,8175,8165,8199,8175,8134,8154,8137,8160,8162,8165,8177,8188,8156,8109,22.88931345939636,sil,False
120,8175,8156,8183,8194,8138,8158,8152,8161,8202,8193,8201,8193,8193,8113,22.904834508895878,sil,False
121,8170,8144,8187,8171,8135,8141,8140,8178,8189,8178,8190,8206,8181,8128,22.904834508895878,sil,False
122,8179,8151,8187,8185,8143,8141,8154,8171,8191,8181,8204,8217,8188,8122,22.920340538024902,sil,False
123,8182,8149,8180,8193,8147,8130,8140,8161,8186,8168,8202,8215,8195,8119,22.920340538024902,sil,False
124,8194,8171,8208,8190,8156,8130,8121,8175,8183,8157,8207,8234,8203,8128,22.93639898300171,sil,False
125,8215,8188,8210,8212,8172,8129,8131,8160,8197,8170,8234,8240,8219,8121,22.93639898300171,sil,False
126,8213,8191,8215,8203,8164,8113,8117,8164,8166,8130,8215,8241,8195,8126,22.952412605285645,sil,False
127,8198,8200,8202,8214,8170,8121,8117,8151,8155,8130,8221,8231,8202,8113,22.952412605285645,sil,False
237,8200,8190,8180,8210,8185,8124,8121,8139,8148,8150,8228,8219,8204,8111,22.968136310577396,sil,False
0,8199,8184,8185,8190,8185,8131,8128,8157,8139,8140,8210,8219,8180,8117,22.968136310577396,sil,False
1,8195,8188,8172,8203,8193,8133,8140,8138,8155,8146,8210,8197,8180,8098,22.983839511871334,sil,False
2,8197,8190,8192,8198,8201,8131,8127,8145,8141,8139,8191,8183,8162,8106,22.983839511871334,sil,False
3,8191,8194,8196,8217,8208,8161,8159,8160,8170,8161,8190,8171,8167,8111,22.99891996383667,sil,False
4,8183,8181,8166,8217,8210,8174,8183,8157,8189,8171,8184,8155,8171,8107,22.99891996383667,sil,False
5,8172,8172,8172,8191,8209,8176,8168,8163,8163,8160,8163,8154,8160,8108,23.01406455039978,sil,False
6,8161,8164,8158,8208,8219,8176,8171,8144,8176,8174,8180,8147,8172,8101,23.01406455039978,sil,False
7,8159,8146,8152,8185,8205,8153,8159,8161,8176,8163,8171,8151,8156,8113,23.03015112876892,sil,False
8,8161,8142,8150,8167,8191,8141,8158,8169,8188,8178,8167,8153,8171,8115,23.03015112876892,sil,False
9,8162,8131,8138,8164,8193,8125,8147,8156,8201,8186,8170,8149,8195,8112,23.045932054519653,sil,False
10,8171,8138,8157,8148,8185,8115,8120,8179,8183,8147,8160,8165,8188,8117,23.045932054519653,sil,False
11,8186,8151,8149,8169,8182,8115,8129,8166,8197,8158,8180,8166,8210,8108,23.061091423034668,sil,False
12,8195,8149,8155,8164,8185,8113,8125,8167,8200,8165,8191,8180,8221,8127,23.061091423034668,sil,False
13,8196,8163,8179,8168,8197,8130,8130,8177,8203,8168,8212,8203,8229,8132,23.076187133789062,sil,False
14,8195,8171,8173,8186,8197,8130,8139,8151,8188,8164,8216,8187,8224,8110,23.076187133789062,sil,False
15,8196,8177,8187,8178,8192,8126,8136,8149,8157,8141,8190,8180,8194,8114,23.09216785430908,sil,False
16,8189,8177,8184,8202,8207,8140,8151,8138,8171,8160,8201,8174,8198,8109,23.09216785430908,sil,False
17,8178,8171,8183,8200,8201,8142,8146,8142,8161,8147,8178,8156,8180,8111,23.10738730430603,sil,False
18,8164,8166,8183,8182,8194,8155,8152,8157,8162,8139,8142,8140,8164,8109,23.10738730430603,sil,False
19,8154,8134,8148,8176,8192,8150,8160,8150,8188,8171,8150,8130,8174,8104,23.123000144958496,sil,False
20,8165,8125,8170,8170,8175,8138,8153,8176,8189,8181,8174,8161,8182,8137,23.123000144958496,sil,False
21,8189,8147,8198,8194,8177,8151,8166,8185,8216,8203,8216,8193,8224,8156,23.139121532440186,sil,False
22,8200,8141,8179,8184,8183,8136,8147,8169,8211,8193,8226,8195,8241,8146,23.139121532440186,sil,False
23,8191,8137,8182,8161,8167,8111,8110,8147,8165,8154,8225,8205,8227,8127,23.15429997444153,sil,False
24,8194,8154,8231,8147,8160,8106,8093,8150,8139,8124,8239,8237,8213,8127,23.15429997444153,sil,False
25,8210,8180,8256,8168,8173,8120,8118,8172,8148,8131,8263,8244,8221,8132,23.17038416862488,sil,False
26,8207,8180,8214,8220,8187,8130,8157,8136,8171,8173,8284,8202,8237,8116,23.17038416862488,sil,False
27,8183,8147,8209,8188,8172,8126,8134,8130,8144,8149,8224,8184,8192,8121,23.18600034713745,sil,False
28,8165,8135,8210,8166,8163,8141,8134,8149,8137,8135,8188,8187,8179,8120,23.18600034713745,sil,False
29,8163,8132,8179,8189,8171,8148,8164,8135,8154,8161,8197,8170,8192,8114,23.2019624710083,sil,False
30,8173,8131,8189,8164,8167,8135,8147,8160,8139,8155,8177,8170,8160,8127,23.2019624710083,sil,False
31,8184,8136,8176,8160,8161,8112,8124,8158,8147,8155,8187,8174,8174,8110,23.217000246047974,sil,False
32,8192,8143,8177,8157,8149,8084,8100,8138,8130,8130,8202,8186,8188,8103,23.217000246047974,sil,False
33,8197,8172,8215,8171,8155,8109,8112,8144,8120,8117,8219,8202,8175,8109,23.232186555862427,sil,False
34,8192,8180,8203,8206,8178,8148,8153,8143,8151,8148,8229,8184,8176,8100,23.232186555862427,sil,False
35,8171,8158,8194,8182,8171,8153,8158,8166,8149,8146,8188,8168,8153,8113,23.248225927352905,sil,False
36,8157,8144,8186,8175,8162,8156,8172,8168,8164,8163,8177,8158,8149,8112,23.248225927352905,sil,False
37,8161,8133,8172,8177,8159,8143,8171,8172,8178,8178,8185,8150,8157,8108,23.26418256759644,sil,False
38,8162,8131,8181,8165,8149,8129,8151,8202,8188,8176,8196,8166,8172,8122,23.26418256759644,sil,False
39,8160,8126,8163,8167,8150,8120,8147,8188,8208,8177,8216,8173,8201,8119,23.28007411956787,sil,False
40,8180,8133,8173,8151,8152,8108,8133,8188,8186,8147,8207,8190,8195,8123,23.28007411956787,sil,False
41,8206,8159,8194,8171,8158,8120,8140,8189,8193,8157,8224,8209,8208,8119,23.29530620574951,sil,False
42,8208,8166,8193,8193,8158,8123,8138,8172,8194,8169,8238,8209,8207,8114,23.295809984207157,sil,False
43,8199,8183,8220,8197,8163,8139,8138,8171,8168,8155,8223,8206,8180,8116,23.31034541130066,sil,False
44,8190,8187,8212,8207,8180,8172,8175,8154,8193,8177,8222,8181,8182,8098,23.32590341567993,sil,False
45,8177,8165,8200,8181,8164,8175,8181,8170,8190,8169,8193,8166,8155,8102,23.32590341567993,sil,False
46,8158,8159,8191,8198,8149,8171,8186,8175,8191,8174,8178,8160,8147,8099,23.341248035430908,sil,False
47,8159,8146,8164,8197,8142,8140,8166,8158,8198,8171,8187,8162,8163,8092,23.341248035430908,sil,False
48,8186,8160,8211,8145,8133,8112,8124,8179,8156,8128,8193,8211,8162,8109,23.3569655418396,sil,False
49,8188,8181,8207,8183,8155,8126,8141,8150,8160,8149,8223,8196,8183,8088,23.3569655418396,sil,False
50,8168,8162,8175,8204,8158,8134,8149,8128,8159,8141,8191,8152,8159,8084,23.372254371643063,sil,False
51,8162,8156,8200,8188,8138,8157,8157,8153,8161,8131,8168,8174,8145,8108,23.372254371643063,sil,False
52,8168,8149,8188,8185,8132,8152,8169,8160,8189,8168,8194,8188,8170,8108,23.38738989830017,sil,False
53,8183,8148,8192,8161,8127,8126,8145,8177,8177,8161,8195,8200,8173,8115,23.38738989830017,sil,False
54,8194,8170,8196,8176,8137,8135,8145,8160,8177,8159,8222,8201,8201,8103,23.40341830253601,sil,False
55,8182,8180,8200,8178,8142,8141,8148,8153,8166,8155,8229,8192,8194,8101,23.40341830253601,sil,False
56,8162,8182,8214,8187,8136,8158,8171,8172,8178,8174,8210,8187,8174,8111,23.41903519630432,sil,False
57,8161,8154,8183,8190,8126,8156,8184,8172,8203,8200,8196,8161,8180,8115,23.41903519630432,sil,False
58,8179,8136,8182,8145,8109,8122,8144,8182,8182,8170,8191,8178,8185,8132,23.43509864807129,sil,False
59,8190,8162,8183,8155,8113,8110,8130,8151,8177,8163,8227,8204,8215,8115,23.43509864807129,sil,False
60,8184,8178,8195,8165,8118,8118,8129,8133,8140,8146,8209,8199,8188,8106,23.45094418525696,sil,False
61,8169,8172,8209,8178,8118,8143,8146,8142,8123,8141,8181,8181,8151,8105,23.45094418525696,sil,False
62,8169,8157,8186,8200,8125,8146,8164,8132,8148,8162,8190,8172,8158,8097,23.466987371444706,sil,False
63,8172,8169,8202,8184,8125,8147,8159,8155,8145,8154,8175,8188,8150,8112,23.466987371444706,sil,False
64,8162,8168,8186,8187,8124,8156,8172,8161,8173,8172,8173,8172,8166,8103,23.482184886932373,sil,False
65,8154,8131,8151,8151,8104,8128,8147,8167,8184,8173,8171,8161,8182,8098,23.482184886932373,sil,False
66,8158,8143,8161,8128,8092,8112,8124,8176,8180,8174,8200,8193,8204,8105,23.49822974205017,sil,False
67,8181,8171,8170,8170,8106,8114,8129,8147,8182,8184,8246,8213,8225,8105,23.49822974205017,sil,False
68,8202,8181,8204,8185,8112,8118,8124,8156,8157,8158,8247,8234,8218,8127,23.514306783676147,sil,False
69,8197,8192,8211,8206,8122,8135,8138,8156,8179,8181,8261,8235,8238,8126,23.514306783676147,sil,False
70,8185,8192,8205,8206,8125,8136,8135,8151,8181,8189,8246,8213,8219,8124,23.53034448623657,sil,False
71,8172,8195,8215,8216,8125,8149,8139,8158,8159,8165,8209,8192,8170,8118,23.53034448623657,sil,False
72,8150,8167,8172,8215,8123,8167,8167,8139,8168,8169,8190,8155,8155,8099,23.545907974243164,sil,False
73,8142,8126,8160,8125,8103,8169,8175,8163,8163,8165,8157,8151,8142,8115,23.545907974243164,sil,False
74,8152,8130,8163,8125,8109,8174,8191,8178,8194,8186,8160,8149,8158,8115,23.561355590820312,sil,False
75,8155,8149,8154,8188,8126,8154,8172,8177,8209,8178,8154,8136,8155,8106,23.561355590820312,sil,False
76,8155,8172,8166,8201,8124,8138,8147,8191,8200,8154,8144,8157,8155,8110,23.57720160484314,sil,False
77,8174,8184,8154,8211,8134,8139,8156,8173,8209,8161,8165,8169,8185,8100,23.57720160484314,sil,False
78,8193,8198,8176,8215,8148,8143,8143,8180,8184,8128,8155,8181,8167,8108,23.59252142906189,sil,False
79,8191,8216,8190,8239,8159,8157,8144,8175,8184,8130,8168,8189,8168,8107,23.59252142906189,sil,False
80,8187,8206,8180,8228,8153,8147,8136,8154,8175,8143,8168,8179,8163,8097,23.608352422714237,sil,False
81,8189,8212,8205,8214,8151,8153,8129,8160,8143,8118,8135,8172,8126,8094,23.608352422714237,sil,False
82,8185,8222,8209,8245,8176,8176,8153,8141,8146,8109,8131,8158,8123,8085,23.623883485794067,sil,False
83,8173,8208,8214,8233,8176,8174,8150,8145,8129,8094,8099,8150,8097,8094,23.623883485794067,sil,False
84,8158,8193,8190,8221,8172,8188,8164,8151,8148,8120,8085,8131,8089,8086,23.639907360076904,sil,False
85,8157,8174,8151,8198,8177,8183,8166,8154,8180,8141,8091,8115,8115,8084,23.639907360076904,sil,False
86,8162,8171,8165,8172,8174,8167,8153,8184,8174,8139,8094,8135,8131,8098,23.65596628189087,sil,False
87,8155,8174,8152,8196,8178,8167,8168,8170,8189,8164,8113,8135,8139,8090,23.65596628189087,sil,False
88,8155,8175,8149,8176,8172,8154,8150,8170,8173,8137,8091,8131,8114,8095,23.671366691589355,sil,False
89,8162,8188,8159,8169,8174,8150,8142,8172,8162,8111,8095,8136,8123,8083,23.671366691589355,sil,False
90,8158,8181,8152,8181,8182,8148,8144,8148,8154,8100,8120,8135,8136,8065,23.68684983253479,sil,False
91,8163,8188,8180,8171,8190,8169,8139,8165,8141,8086,8121,8160,8128,8080,23.68684983253479,sil,False
92,8181,8210,8187,8200,8213,8195,8160,8158,8174,8122,8146,8167,8150,8076,23.70249342918396,sil,False
93,8184,8222,8208,8216,8220,8189,8156,8155,8160,8118,8146,8163,8134,8081,23.70249342918396,sil,False
94,8168,8235,8233,8243,8223,8202,8160,8162,8145,8111,8142,8163,8125,8079,23.718175649642944,sil,False
95,8161,8216,8200,8250,8229,8219,8178,8160,8162,8143,8137,8142,8132,8073,23.718175649642944,sil,False
96,8163,8193,8190,8207,8218,8222,8186,8184,8168,8156,8114,8141,8121,8100,23.734018564224243,sil,False
97,8157,8184,8169,8196,8208,8209,8191,8175,8190,8164,8125,8140,8144,8099,23.734018564224243,sil,False
98,8161,8173,8163,8169,8197,8173,8153,8172,8161,8120,8120,8150,8146,8095,23.748944759368896,sil,False
99,8184,8195,8185,8174,8204,8178,8140,8168,8139,8095,8130,8177,8149,8095,23.748944759368896,sil,False
100,8190,8212,8186,8212,8222,8190,8145,8140,8146,8113,8146,8175,8154,8084,23.76515936851501,sil,False
101,8173,8217,8210,8218,8217,8182,8127,8147,8116,8091,8131,8175,8120,8080,23.76515936851501,sil,False
102,8162,8220,8205,8240,8214,8200,8145,8134,8118,8091,8139,8158,8111,8063,23.780595779418945,sil,False
103,8165,8205,8200,8229,8209,8213,8153,8137,8121,8092,8113,8141,8092,8073,23.780595779418945,sil,False
104,8168,8200,8215,8222,8212,8218,8162,8165,8132,8115,8093,8150,8093,8091,23.796159982681274,sil,False
105,8165,8187,8189,8234,8222,8205,8184,8166,8170,8161,8119,8148,8125,8087,23.796159982681274,sil,False
106,8164,8180,8191,8209,8214,8188,8170,8184,8167,8153,8117,8152,8108,8097,23.81186270713806,sil,False
107,8171,8186,8188,8222,8216,8196,8173,8175,8180,8158,8122,8151,8142,8097,23.81186270713806,sil,False
108,8183,8174,8183,8212,8213,8181,8169,8176,8184,8156,8128,8164,8224,8113,23.82693362236023,sil,False
109,8179,8164,8189,8182,8197,8169,8160,8195,8182,8141,8139,8182,8272,8116,23.82693362236023,sil,False
110,8166,8153,8155,8177,8192,8165,8148,8163,8181,8122,8126,8159,8251,8077,23.842239141464237,sil,False
111,8167,8168,8174,8170,8196,8161,8121,8158,8134,8075,8094,8161,8202,8068,23.842239141464237,sil,False
112,8169,8191,8193,8204,8209,8170,8133,8145,8131,8089,8147,8179,8224,8065,23.857834100723267,sil,False
113,8162,8169,8167,8185,8198,8163,8129,8134,8136,8104,8177,8174,8230,8064,23.857834100723267,sil,False
114,8156,8171,8171,8149,8189,8176,8131,8170,8147,8116,8158,8168,8214,8070,23.87297296524048,sil,False
115,8140,8175,8163,8172,8197,8186,8149,8166,8178,8152,8176,8150,8223,8055,23.87297296524048,sil,False
116,8115,8151,8164,8148,8189,8175,8127,8149,8150,8116,8162,8137,8188,8053,23.889062881469727,sil,False
117,8096,8143,8148,8136,8192,8203,8144,8135,8154,8113,8139,8111,8174,8036,23.889062881469727,sil,False
118,8094,8137,8128,8146,8195,8218,8162,8144,8166,8142,8130,8097,8178,8034,23.90511465072632,sil,False
119,8102,8144,8158,8157,8189,8213,8156,8165,8156,8154,8146,8125,8186,8061,23.90511465072632,sil,False
120,8123,8154,8164,8181,8204,8225,8183,8149,8182,8180,8182,8133,8215,8071,23.920275449752808,sil,False
121,8138,8156,8173,8155,8205,8232,8185,8175,8188,8174,8168,8145,8207,8089,23.920275449752808,sil,False
122,8131,8151,8159,8148,8192,8222,8179,8185,8203,8183,8174,8153,8223,8087,23.93587374687195,sil,False
123,8128,8134,8130,8141,8181,8197,8177,8176,8213,8192,8180,8144,8243,8085,23.93587374687195,sil,False
124,8137,8140,8154,8120,8174,8202,8176,8199,8211,8183,8170,8156,8243,8100,23.95108151435852,sil,False
125,8139,8152,8148,8139,8187,8206,8173,8177,8228,8195,8203,8163,8274,8089,23.95108151435852,sil,False
126,8141,8153,8152,8126,8189,8174,8145,8168,8196,8167,8210,8177,8269,8088,23.96662998199463,sil,False
127,8150,8162,8166,8134,8187,8174,8159,8173,8184,8153,8206,8179,8262,8085,23.96662998199463,sil,False
237,8156,8161,8157,8151,8193,8176,8169,8163,8189,8152,8203,8160,8251,8080,23.98183298110962,sil,False
0,8159,8178,8190,8148,8194,8180,8151,8171,8159,8132,8194,8170,8219,8080,23.98183298110962,sil,False
1,8153,8191,8196,8182,8196,8203,8174,8151,8165,8149,8202,8158,8209,8063,23.996970891952515,sil,False
2,8142,8180,8195,8178,8188,8207,8192,8158,8171,8145,8176,8140,8179,8071,23.996970891952515,sil,False
3,8131,8182,8193,8176,8191,8205,8201,8174,8190,8154,8169,8136,8183,8065,24.012128353118896,sil,False
4,8111,8166,8160,8175,8187,8190,8193,8160,8197,8170,8168,8117,8191,8042,24.012128353118896,sil,False
5,8099,8148,8167,8148,8168,8186,8190,8169,8179,8159,8139,8118,8163,8057,24.02763032913208,sil,False
6,8104,8142,8153,8159,8172,8197,8215,8166,8210,8185,8148,8120,8178,8061,24.02763032913208,sil,False
7,8122,8137,8145,8141,8171,8186,8204,8189,8220,8183,8149,8131,8188,8074,24.04356575012207,sil,False
8,8133,8148,8158,8137,8166,8183,8203,8217,8237,8186,8159,8153,8207,8089,24.059123754501343,sil,False
9,8131,8140,8137,8154,8164,8165,8199,8194,8248,8187,8167,8148,8220,8080,24.059123754501343,sil,False
10,8130,8129,8145,8122,8148,8146,8168,8185,8201,8145,8148,8146,8192,8079,24.07427930831909,sil,False
11,8128,8119,8127,8092,8151,8162,8181,8165,8208,8154,8159,8133,8202,8060,24.07427930831909,sil,False
