COUNTER,F3,FC5,AF3,F7,T7,P7,O1,O2,P8,T8,F8,AF4,FC6,F4,Timestamp,word_label,goodbye_event
118,8218,8204,8204,8203,8208,8222,8208,8191,8280,8191,8020,8170,8171,8165,0.0009984970092773,sil,False
119,8206,8192,8176,8203,8197,8223,8214,8181,8283,8173,7981,8155,8155,8130,0.0090067386627197,sil,False
120,8175,8161,8135,8175,8211,8222,8208,8161,8159,8167,7969,8131,8153,8105,0.0170154571533203,sil,False
121,8169,8187,8151,8172,8198,8215,8171,8171,8248,8148,7971,8168,8167,8107,0.0240132808685302,sil,False
122,8171,8159,8145,8169,8205,8212,8186,8174,8166,8173,7972,8143,8158,8103,0.0324740409851074,sil,False
123,8177,8161,8146,8172,8201,8211,8181,8166,8186,8162,7957,8153,8159,8111,0.0400586128234863,sil,False
124,8150,8157,8157,8166,8180,8207,8162,8167,8213,8147,7974,8159,8166,8106,0.0480525493621826,sil,False
125,8163,8144,8156,8168,8183,8220,8183,8179,8139,8184,7987,8143,8163,8114,0.0560524463653564,sil,False
125,8163,8144,8156,8168,8183,8220,8183,8179,8139,8184,7987,8143,8163,8114,0.0570518970489501,sil,False
126,8184,8170,8157,8171,8173,8229,8188,8176,8239,8177,7967,8174,8166,8121,0.0650515556335449,sil,False
127,8157,8149,8151,8160,8186,8222,8187,8160,8166,8172,8002,8144,8169,8111,0.0720531940460205,sil,False
240,8161,8169,8165,8176,8186,8220,8172,8174,8204,8169,8016,8152,8167,8114,0.0800509452819824,sil,False
0,8158,8174,8154,8174,8176,8219,8171,8182,8254,8169,7988,8158,8161,8101,0.0880525112152099,sil,False
1,8176,8154,8146,8168,8188,8224,8191,8174,8160,8189,7996,8141,8162,8111,0.095050573348999,sil,False
2,8204,8191,8175,8184,8181,8229,8183,8180,8277,8173,8010,8188,8170,8137,0.1030504703521728,sil,False
3,8173,8178,8163,8171,8195,8233,8194,8181,8222,8186,8025,8164,8166,8130,0.1110501289367675,sil,False
4,8178,8179,8161,8177,8196,8232,8192,8185,8223,8189,8018,8158,8167,8127,0.1190567016601562,sil,False
5,8185,8181,8166,8189,8174,8229,8180,8184,8281,8172,8005,8169,8171,8119,0.1270556449890136,sil,False
6,8178,8155,8145,8179,8184,8245,8202,8176,8179,8195,8020,8137,8167,8120,0.1353092193603515,sil,False
7,8171,8175,8141,8169,8168,8250,8195,8179,8267,8183,8011,8164,8165,8121,0.1433069705963134,sil,False
8,8133,8148,8116,8146,8166,8235,8186,8170,8186,8171,8015,8148,8157,8103,0.1504795551300048,sil,False
9,8143,8154,8125,8158,8162,8228,8175,8165,8154,8168,8023,8155,8164,8114,0.1584768295288086,sil,False
10,8150,8179,8149,8173,8137,8226,8166,8174,8252,8166,8020,8177,8169,8120,0.1665046215057373,sil,False
11,8158,8160,8140,8174,8158,8238,8182,8178,8176,8199,8039,8147,8160,8130,0.1744976043701172,sil,False
11,8158,8160,8140,8174,8158,8238,8182,8178,8176,8199,8039,8147,8160,8130,0.1748876571655273,sil,False
12,8195,8184,8156,8185,8160,8230,8166,8183,8273,8200,8034,8178,8172,8154,0.18247652053833,sil,False
13,8176,8164,8145,8164,8143,8204,8163,8170,8221,8200,8025,8158,8176,8139,0.1904809474945068,sil,False
14,8174,8162,8129,8162,8139,8217,8183,8172,8169,8196,8011,8150,8166,8137,0.1980135440826416,sil,False
15,8176,8181,8143,8176,8147,8231,8189,8183,8275,8181,8005,8179,8164,8144,0.2060117721557617,sil,False
16,8153,8148,8141,8166,8165,8215,8188,8170,8172,8194,8030,8140,8163,8132,0.2144780158996582,sil,False
17,8163,8169,8148,8175,8139,8204,8168,8171,8223,8173,8016,8161,8164,8120,0.2214803695678711,sil,False
18,8168,8170,8148,8177,8140,8208,8182,8178,8221,8184,8016,8165,8162,8113,0.2292280197143554,sil,False
19,8171,8165,8155,8172,8152,8211,8186,8175,8180,8203,8031,8150,8161,8120,0.2372238636016845,sil,False
20,8153,8174,8144,8166,8121,8208,8155,8165,8241,8170,8010,8156,8160,8099,0.2454819679260254,sil,False
21,8145,8146,8119,8157,8145,8220,8177,8161,8136,8185,8021,8133,8157,8093,0.2534773349761963,sil,False
22,8158,8162,8139,8159,8151,8216,8172,8172,8217,8184,8023,8166,8164,8111,0.261476993560791,sil,False
23,8133,8145,8129,8149,8115,8197,8151,8164,8193,8172,8009,8149,8159,8093,0.2694764137268066,sil,False
24,8160,8150,8120,8163,8118,8206,8168,8156,8116,8181,8016,8129,8152,8098,0.2779057025909424,sil,False
25,8172,8183,8146,8167,8139,8210,8165,8164,8239,8156,8021,8171,8163,8100,0.2840962409973144,sil,False
26,8140,8144,8137,8151,8148,8199,8161,8160,8132,8161,8028,8143,8160,8085,0.2919938564300537,sil,False
27,8170,8164,8145,8170,8122,8195,8153,8152,8162,8161,8017,8156,8156,8105,0.2999937534332275,sil,False
28,8167,8173,8151,8165,8134,8191,8155,8146,8199,8164,8032,8165,8170,8111,0.3084778785705566,sil,False
29,8161,8158,8145,8157,8157,8190,8169,8152,8133,8178,8049,8150,8178,8114,0.3164796829223633,sil,False
30,8177,8181,8158,8167,8122,8187,8159,8160,8231,8150,8039,8179,8169,8117,0.3245449066162109,sil,False
31,8157,8155,8146,8153,8130,8183,8162,8145,8128,8150,8065,8147,8163,8111,0.3318617343902588,sil,False
31,8157,8155,8146,8153,8130,8183,8162,8145,8128,8150,8065,8147,8163,8111,0.3328537940979004,sil,False
32,8170,8167,8146,8164,8143,8184,8150,8146,8143,8148,8059,8162,8171,8126,0.3408870697021484,sil,False
33,8171,8172,8144,8164,8126,8182,8140,8152,8185,8145,8038,8176,8164,8121,0.3484764099121094,sil,False
34,8159,8153,8131,8156,8132,8177,8147,8146,8090,8157,8047,8144,8155,8110,0.3554763793945312,sil,False
35,8174,8181,8144,8176,8132,8169,8139,8155,8195,8138,8043,8170,8167,8116,0.3634777069091797,sil,False
36,8177,8166,8146,8172,8147,8182,8160,8150,8143,8161,8050,8152,8168,8122,0.371922492980957,sil,False
37,8180,8175,8161,8168,8146,8189,8157,8145,8155,8164,8044,8160,8165,8127,0.3799207210540771,sil,False
38,8171,8178,8164,8166,8142,8172,8150,8153,8199,8140,8040,8166,8165,8112,0.3879687786102295,sil,False
39,8179,8159,8153,8166,8169,8177,8172,8158,8109,8156,8063,8138,8163,8119,0.394965648651123,sil,False
40,8172,8187,8162,8176,8144,8185,8150,8154,8215,8145,8055,8173,8171,8129,0.4029650688171386,sil,False
41,8153,8165,8154,8165,8138,8167,8153,8153,8159,8160,8055,8160,8175,8122,0.4109652042388916,sil,False
42,8194,8174,8164,8176,8163,8169,8172,8169,8173,8173,8070,8168,8178,8146,0.4179694652557373,sil,False
42,8194,8174,8164,8176,8163,8169,8172,8169,8173,8173,8070,8168,8178,8146,0.4189693927764892,sil,False
43,8189,8185,8171,8185,8164,8182,8163,8160,8239,8156,8065,8172,8170,8133,0.4264748096466064,sil,False
44,8166,8157,8151,8184,8173,8190,8171,8141,8105,8168,8053,8133,8156,8105,0.434476375579834,sil,False
45,8184,8188,8155,8192,8166,8189,8160,8157,8202,8157,8036,8175,8164,8111,0.4424746036529541,sil,False
46,8168,8173,8148,8184,8173,8188,8165,8163,8187,8175,8058,8160,8163,8104,0.4504737854003906,sil,False
47,8181,8162,8151,8193,8176,8209,8185,8166,8172,8195,8062,8147,8158,8107,0.4586410522460937,sil,False
48,8170,8160,8137,8175,8155,8219,8178,8167,8239,8163,8031,8162,8163,8101,0.4666681289672851,sil,False
49,8117,8120,8094,8138,8157,8209,8160,8144,8082,8142,8033,8125,8153,8083,0.4746766090393066,sil,False
50,8127,8149,8112,8153,8139,8202,8143,8144,8138,8128,8026,8153,8155,8083,0.4816758632659912,sil,False
51,8155,8158,8133,8170,8153,8211,8171,8164,8162,8163,8038,8151,8170,8092,0.4894747734069824,sil,False
52,8178,8167,8139,8174,8181,8223,8181,8173,8166,8192,8057,8144,8175,8121,0.4974379539489746,sil,False
53,8158,8173,8137,8163,8159,8214,8157,8163,8230,8159,8035,8162,8156,8109,0.5054688453674316,sil,False
54,8130,8130,8104,8144,8158,8212,8172,8149,8072,8143,8027,8124,8142,8077,0.5134737491607666,sil,False
55,8156,8159,8117,8155,8152,8219,8173,8163,8150,8141,8034,8152,8164,8096,0.5218524932861328,sil,False
56,8156,8163,8127,8155,8149,8219,8180,8175,8197,8171,8061,8158,8171,8116,0.5293917655944824,sil,False
57,8156,8151,8114,8152,8162,8220,8192,8171,8148,8175,8062,8139,8158,8116,0.5374376773834229,sil,False
58,8141,8164,8107,8150,8161,8215,8168,8168,8213,8135,8034,8153,8154,8097,0.5453987121582031,sil,False
59,8126,8135,8088,8140,8172,8213,8167,8160,8095,8151,8046,8125,8150,8088,0.552398681640625,sil,False
60,8156,8156,8098,8152,8163,8216,8167,8161,8155,8146,8042,8152,8158,8102,0.560474157333374,sil,False
61,8132,8154,8093,8140,8162,8214,8165,8151,8162,8132,8037,8148,8160,8086,0.5684738159179688,sil,False
62,8131,8143,8094,8136,8173,8221,8174,8143,8071,8142,8048,8129,8156,8081,0.5764498710632324,sil,False
63,8161,8167,8123,8147,8159,8224,8166,8148,8174,8109,8034,8167,8161,8085,0.5844748020172119,sil,False
64,8134,8142,8106,8129,8176,8217,8168,8149,8091,8120,8050,8135,8162,8085,0.5924978256225586,sil,False
65,8133,8153,8102,8137,8179,8217,8157,8168,8134,8147,8049,8147,8168,8104,0.6006605625152588,sil,False
66,8134,8138,8096,8133,8169,8227,8168,8170,8170,8142,8030,8151,8165,8101,0.6083402633666992,sil,False
67,8120,8120,8080,8120,8178,8226,8186,8156,8079,8134,8036,8118,8152,8092,0.6153512001037598,goodbye,True
68,8115,8158,8092,8133,8166,8216,8166,8168,8186,8126,8035,8147,8158,8084,0.6234688758850098,goodbye,True
69,8112,8135,8083,8133,8184,8236,8187,8170,8127,8154,8039,8129,8161,8085,0.6314742565155029,goodbye,True
70,8132,8142,8088,8137,8195,8256,8201,8169,8162,8146,8031,8143,8162,8110,0.6394977569580078,goodbye,True
71,8123,8148,8090,8126,8179,8229,8179,8168,8204,8132,8029,8150,8164,8103,0.6474382877349854,goodbye,True
72,8115,8130,8080,8114,8178,8207,8167,8152,8075,8144,8039,8114,8160,8088,0.6554641723632812,goodbye,True
73,8121,8161,8092,8125,8163,8213,8150,8146,8155,8130,8029,8147,8164,8084,0.6634640693664551,goodbye,True
74,8122,8147,8097,8127,8187,8226,8181,8159,8130,8163,8046,8138,8166,8090,0.6716079711914062,goodbye,True
74,8122,8147,8097,8127,8187,8226,8181,8159,8130,8163,8046,8138,8166,8090,0.6720051765441895,goodbye,True
75,8156,8158,8107,8133,8205,8232,8200,8172,8167,8160,8036,8145,8164,8118,0.679473876953125,goodbye,True
76,8130,8162,8095,8118,8181,8213,8172,8162,8201,8122,8025,8148,8164,8104,0.6869380474090576,goodbye,True
77,8112,8139,8091,8123,8193,8216,8177,8157,8094,8154,8054,8124,8167,8096,0.694474458694458,goodbye,True
77,8112,8139,8091,8123,8193,8216,8177,8157,8094,8154,8054,8124,8167,8096,0.6949567794799805,goodbye,True
78,8150,8173,8130,8146,8201,8229,8178,8168,8223,8163,8048,8168,8172,8123,0.7029726505279541,goodbye,True
79,8141,8156,8127,8126,8204,8209,8175,8161,8184,8166,8055,8151,8169,8120,0.7104551792144775,goodbye,True
80,8157,8159,8132,8132,8199,8196,8177,8167,8183,8176,8073,8147,8172,8127,0.7184572219848633,goodbye,True
81,8157,8174,8140,8141,8190,8201,8185,8178,8279,8169,8071,8160,8169,8130,0.7264747619628906,goodbye,True
82,8148,8157,8126,8140,8214,8201,8203,8172,8180,8198,8083,8128,8161,8134,0.734473705291748,goodbye,True
83,8175,8193,8147,8158,8206,8189,8186,8178,8277,8191,8068,8159,8167,8141,0.7424941062927246,goodbye,True
84,8154,8167,8129,8132,8198,8172,8184,8173,8232,8173,8057,8142,8161,8125,0.7494940757751465,goodbye,True
84,8154,8167,8129,8132,8198,8172,8184,8173,8232,8173,8057,8142,8161,8125,0.7505075931549072,goodbye,True
85,8143,8145,8103,8110,8187,8160,8182,8165,8166,8171,8053,8132,8157,8134,0.7576122283935547,goodbye,True
86,8131,8163,8113,8115,8159,8151,8162,8161,8230,8155,8041,8160,8166,8129,0.7656083106994629,goodbye,True
87,8118,8145,8105,8112,8168,8159,8171,8158,8118,8162,8057,8131,8162,8117,0.7734758853912354,goodbye,True
88,8144,8164,8110,8120,8162,8160,8166,8170,8203,8158,8047,8156,8159,8132,0.7814750671386719,goodbye,True
89,8137,8152,8114,8118,8161,8156,8172,8164,8195,8172,8042,8153,8156,8136,0.7894737720489502,goodbye,True
90,8145,8157,8126,8126,8167,8166,8180,8160,8141,8176,8057,8146,8162,8145,0.7975664138793945,goodbye,True
91,8154,8177,8132,8134,8156,8160,8168,8164,8237,8145,8049,8166,8170,8141,0.8055765628814697,goodbye,True
92,8140,8144,8115,8128,8171,8150,8178,8158,8134,8168,8060,8135,8162,8130,0.8129386901855469,goodbye,True
92,8140,8144,8115,8128,8171,8150,8178,8158,8134,8168,8060,8135,8162,8130,0.8139393329620361,goodbye,True
93,8162,8175,8132,8148,8154,8147,8168,8170,8199,8168,8070,8166,8165,8146,0.8199377059936523,goodbye,True
94,8161,8177,8132,8146,8148,8149,8175,8169,8212,8163,8082,8160,8170,8144,0.8284687995910645,goodbye,True
95,8161,8168,8128,8146,8170,8159,8197,8160,8152,8180,8082,8134,8167,8145,0.8364744186401367,goodbye,True
96,8173,8200,8155,8160,8150,8155,8186,8174,8276,8173,8069,8167,8169,8163,0.8450381755828857,goodbye,True
97,8162,8169,8145,8145,8146,8156,8194,8175,8198,8186,8093,8144,8168,8172,0.8520114421844482,goodbye,True
97,8162,8169,8145,8145,8146,8156,8194,8175,8198,8186,8093,8144,8168,8172,0.8529281616210938,goodbye,True
98,8167,8170,8141,8147,8137,8153,8185,8165,8219,8181,8081,8159,8169,8167,0.859933614730835,goodbye,True
98,8167,8170,8141,8147,8137,8153,8185,8165,8219,8181,8081,8159,8169,8167,0.8609297275543213,goodbye,True
99,8159,8171,8138,8148,8133,8125,8179,8151,8210,8165,8063,8154,8160,8139,0.868955135345459,goodbye,True
100,8161,8164,8133,8146,8149,8115,8187,8141,8109,8149,8078,8128,8153,8124,0.8759782314300537,goodbye,True
101,8172,8190,8149,8157,8140,8135,8171,8147,8206,8120,8073,8163,8158,8111,0.8834748268127441,goodbye,True
102,8174,8170,8149,8160,8156,8149,8187,8154,8158,8156,8089,8147,8161,8110,0.891709566116333,goodbye,True
103,8194,8181,8166,8171,8154,8146,8189,8160,8214,8166,8102,8163,8169,8141,0.8991703987121582,goodbye,True
104,8172,8177,8156,8160,8121,8132,8166,8149,8220,8139,8095,8161,8168,8130,0.9071700572967528,goodbye,True
105,8172,8166,8142,8151,8127,8133,8170,8143,8097,8149,8099,8132,8161,8126,0.9154741764068604,goodbye,True
106,8191,8195,8167,8159,8126,8141,8172,8163,8226,8151,8098,8172,8172,8145,0.9234743118286132,goodbye,True
106,8191,8195,8167,8159,8126,8141,8172,8163,8226,8151,8098,8172,8172,8145,0.9239630699157716,goodbye,True
107,8167,8160,8146,8153,8124,8138,8180,8160,8172,8172,8106,8148,8167,8132,0.9315054416656494,goodbye,True
108,8171,8171,8144,8168,8119,8129,8157,8149,8150,8153,8083,8148,8156,8127,0.939506769180298,goodbye,True
109,8162,8182,8158,8166,8125,8126,8145,8155,8191,8127,8067,8159,8158,8122,0.9464738368988036,goodbye,True
110,8169,8158,8149,8160,8148,8147,8172,8164,8119,8160,8096,8141,8159,8132,0.9543452262878418,goodbye,True
110,8169,8158,8149,8160,8148,8147,8172,8164,8119,8160,8096,8141,8159,8132,0.9548521041870116,goodbye,True
111,8192,8191,8166,8178,8124,8163,8167,8163,8225,8144,8093,8180,8164,8141,0.962475061416626,goodbye,True
112,8169,8174,8166,8169,8117,8147,8169,8150,8150,8134,8078,8149,8157,8120,0.9704742431640624,goodbye,True
113,8179,8174,8168,8162,8121,8140,8171,8154,8141,8146,8063,8146,8151,8121,0.9784951210021972,goodbye,True
114,8165,8176,8160,8147,8117,8157,8163,8156,8222,8147,8071,8178,8157,8118,0.9864938259124756,goodbye,True
114,8165,8176,8160,8147,8117,8157,8163,8156,8222,8147,8071,8178,8157,8118,0.9874932765960692,goodbye,True
115,8150,8146,8141,8141,8131,8159,8170,8147,8109,8171,8102,8151,8162,8122,0.9945082664489746,goodbye,True
116,8177,8174,8170,8164,8122,8128,8148,8151,8194,8162,8092,8173,8169,8145,1.0019006729125977,goodbye,True
116,8177,8174,8170,8164,8122,8128,8148,8151,8194,8162,8092,8173,8169,8145,1.0028893947601318,goodbye,True
117,8160,8165,8179,8162,8133,8134,8156,8155,8177,8166,8103,8161,8167,8145,1.008897066116333,goodbye,True
117,8160,8165,8179,8162,8133,8134,8156,8155,8177,8166,8103,8161,8167,8145,1.009889841079712,goodbye,True
118,8171,8168,8178,8163,8136,8173,8176,8167,8176,8172,8107,8158,8166,8152,1.017906665802002,goodbye,True
119,8182,8176,8193,8163,8120,8163,8171,8178,8268,8164,8093,8177,8171,8151,1.0254762172698977,goodbye,True
120,8173,8142,8198,8163,8142,8156,8190,8177,8176,8188,8109,8148,8164,8148,1.0330829620361328,goodbye,True
121,8173,8156,8192,8167,8128,8170,8185,8170,8234,8158,8077,8161,8156,8132,1.041090488433838,goodbye,True
122,8142,8142,8163,8141,8120,8158,8177,8149,8148,8125,8056,8136,8151,8100,1.0491068363189695,goodbye,True
123,8164,8161,8176,8150,8148,8148,8183,8154,8105,8142,8083,8142,8160,8121,1.0570151805877686,goodbye,True
124,8188,8193,8198,8166,8153,8160,8178,8173,8250,8160,8098,8176,8167,8143,1.065629959106445,goodbye,True
125,8172,8157,8180,8147,8170,8173,8183,8161,8155,8181,8110,8137,8162,8143,1.0736243724822998,goodbye,True
126,8194,8186,8207,8164,8170,8169,8172,8162,8231,8165,8102,8161,8170,8158,1.08062481880188,goodbye,True
127,8196,8186,8210,8163,8169,8159,8180,8170,8262,8182,8104,8158,8169,8160,1.0884740352630615,goodbye,True
240,8178,8169,8178,8141,8161,8160,8179,8165,8187,8193,8108,8137,8161,8161,1.0964958667755127,goodbye,True
0,8166,8188,8177,8153,8128,8164,8156,8164,8252,8147,8084,8153,8162,8145,1.10449481010437,goodbye,True
1,8173,8156,8174,8168,8143,8176,8175,8156,8157,8158,8090,8128,8159,8131,1.1119320392608645,goodbye,True
1,8173,8156,8174,8168,8143,8176,8175,8156,8157,8158,8090,8128,8159,8131,1.1129395961761477,goodbye,True
2,8192,8159,8185,8171,8148,8192,8169,8154,8212,8158,8099,8164,8163,8145,1.1205909252166748,goodbye,True
3,8172,8151,8172,8152,8141,8182,8157,8155,8202,8158,8104,8154,8163,8137,1.1280980110168457,goodbye,True
4,8174,8139,8154,8142,8137,8166,8164,8148,8095,8172,8100,8120,8156,8137,1.1364693641662598,goodbye,True
5,8157,8152,8150,8134,8099,8164,8147,8142,8163,8125,8072,8153,8156,8129,1.1434738636016846,goodbye,True
6,8117,8120,8128,8115,8100,8162,8148,8134,8054,8115,8075,8121,8152,8116,1.1514739990234375,goodbye,True
7,8147,8146,8150,8134,8117,8156,8153,8148,8109,8130,8084,8132,8159,8142,1.159526824951172,goodbye,True
8,8153,8170,8166,8148,8124,8161,8157,8160,8187,8153,8103,8150,8165,8150,1.1675260066986084,goodbye,True
9,8156,8167,8157,8150,8135,8182,8171,8157,8134,8177,8120,8133,8161,8147,1.175527572631836,goodbye,True
10,8168,8185,8161,8148,8122,8178,8152,8153,8215,8141,8091,8155,8156,8134,1.1835265159606934,goodbye,True
11,8153,8148,8144,8128,8125,8164,8153,8135,8093,8136,8088,8122,8147,8105,1.1915266513824463,goodbye,True
12,8171,8161,8153,8139,8116,8161,8160,8142,8105,8141,8089,8135,8158,8116,1.1995246410369873,goodbye,True
13,8152,8164,8149,8132,8114,8143,8148,8149,8153,8121,8080,8142,8164,8120,1.2065260410308838,goodbye,True
14,8130,8137,8127,8115,8138,8141,8153,8147,8040,8120,8086,8113,8149,8111,1.214529275894165,goodbye,True
15,8139,8164,8146,8120,8121,8155,8150,8152,8146,8123,8080,8152,8156,8116,1.2225291728973389,goodbye,True
16,8126,8145,8149,8118,8122,8146,8162,8146,8105,8158,8102,8137,8167,8124,1.2300379276275637,goodbye,True
17,8154,8156,8164,8145,8137,8130,8158,8154,8122,8150,8108,8141,8166,8137,1.238036870956421,goodbye,True
18,8161,8167,8163,8149,8136,8127,8153,8160,8180,8119,8084,8149,8160,8118,1.2464749813079834,goodbye,True
19,8143,8136,8129,8123,8149,8129,8166,8142,8047,8139,8082,8115,8151,8104,1.2544748783111572,goodbye,True
20,8139,8152,8128,8122,8134,8108,8134,8134,8112,8121,8065,8148,8149,8104,1.2624750137329102,goodbye,True
21,8120,8134,8125,8118,8139,8092,8132,8136,8067,8115,8075,8138,8150,8095,1.2695441246032717,goodbye,True
22,8135,8145,8127,8124,8150,8107,8143,8151,8079,8132,8085,8142,8156,8112,1.2774388790130615,sil,False
23,8129,8157,8116,8116,8135,8101,8133,8154,8144,8126,8060,8148,8156,8103,1.2856500148773191,sil,False
24,8121,8130,8106,8105,8151,8090,8152,8142,8017,8140,8060,8111,8156,8096,1.2936458587646484,sil,False
25,8147,8164,8140,8127,8151,8099,8155,8149,8139,8139,8078,8154,8167,8122,1.3011798858642578,sil,False
26,8125,8150,8135,8121,8156,8104,8159,8150,8137,8152,8103,8146,8160,8119,1.3097686767578125,sil,False
27,8130,8142,8126,8118,8165,8102,8159,8148,8081,8157,8090,8126,8156,8116,1.3178730010986328,sil,False
28,8146,8161,8143,8125,8153,8097,8149,8147,8158,8134,8071,8146,8160,8112,1.3248803615570068,sil,False
28,8146,8161,8143,8125,8153,8097,8149,8147,8158,8134,8071,8146,8160,8112,1.3258717060089111,sil,False
29,8143,8145,8140,8128,8170,8114,8166,8143,8070,8138,8093,8123,8150,8106,1.3338754177093506,sil,False
30,8162,8168,8141,8141,8165,8128,8169,8157,8143,8121,8073,8147,8150,8105,1.3408849239349363,sil,False
31,8146,8147,8124,8122,8161,8110,8165,8153,8123,8128,8062,8141,8159,8092,1.3484704494476318,sil,False
32,8140,8136,8122,8114,8165,8096,8156,8145,8078,8143,8078,8133,8162,8103,1.3564839363098145,sil,False
33,8126,8151,8118,8114,8144,8095,8141,8147,8154,8125,8066,8154,8163,8103,1.364485740661621,sil,False
34,8107,8120,8091,8108,8162,8098,8164,8145,8033,8145,8075,8124,8166,8094,1.3724744319915771,sil,False
35,8133,8151,8115,8130,8165,8095,8161,8152,8112,8135,8074,8152,8169,8103,1.3804738521575928,sil,False
36,8131,8151,8122,8116,8157,8089,8155,8145,8127,8137,8075,8144,8159,8100,1.3884739875793457,sil,False
37,8144,8139,8117,8112,8171,8099,8166,8147,8073,8163,8096,8130,8163,8119,1.3963582515716553,sil,False
38,8161,8166,8139,8137,8173,8102,8161,8163,8210,8145,8094,8167,8177,8124,1.403373956680298,sil,False
39,8149,8140,8128,8127,8185,8103,8180,8151,8109,8148,8090,8132,8159,8100,1.4113895893096924,sil,False
40,8159,8155,8134,8124,8173,8105,8173,8141,8117,8138,8079,8148,8152,8102,1.4194746017456057,sil,False
41,8144,8154,8136,8120,8169,8089,8162,8150,8141,8137,8092,8154,8165,8104,1.426959753036499,sil,False
42,8135,8133,8120,8117,8186,8085,8171,8152,8068,8153,8110,8126,8167,8113,1.4354345798492432,sil,False
43,8137,8155,8122,8129,8174,8087,8159,8153,8168,8145,8097,8156,8167,8116,1.443434715270996,sil,False
44,8131,8137,8110,8130,8187,8080,8161,8152,8092,8172,8107,8138,8162,8105,1.45143461227417,sil,False
45,8145,8150,8105,8131,8179,8070,8142,8148,8098,8146,8089,8143,8155,8110,1.4595215320587158,sil,False
46,8127,8148,8086,8116,8151,8063,8136,8140,8099,8110,8073,8141,8153,8100,1.4665157794952393,sil,False
47,8131,8129,8078,8111,8161,8074,8160,8144,8006,8135,8097,8123,8157,8098,1.4745137691497805,sil,False
48,8143,8155,8113,8122,8161,8075,8147,8150,8119,8118,8089,8159,8160,8099,1.4824745655059814,sil,False
49,8130,8138,8119,8128,8176,8066,8150,8138,8047,8111,8085,8128,8150,8083,1.4904682636260986,sil,False
50,8161,8153,8132,8144,8179,8074,8153,8142,8061,8116,8094,8136,8160,8090,1.4982821941375732,sil,False
51,8142,8152,8137,8121,8167,8081,8139,8141,8125,8112,8120,8162,8174,8090,1.5062813758850098,sil,False
52,8108,8126,8126,8103,8172,8074,8135,8130,8023,8128,8137,8139,8167,8097,1.514021635055542,sil,False
52,8108,8126,8126,8103,8172,8074,8135,8130,8023,8128,8137,8139,8167,8097,1.5152308940887451,sil,False
53,8132,8161,8138,8132,8144,8058,8121,8139,8108,8116,8095,8158,8161,8101,1.5231082439422607,sil,False
54,8133,8137,8126,8121,8144,8059,8140,8129,8040,8115,8087,8136,8155,8082,1.5308868885040283,sil,False
55,8141,8136,8132,8119,8154,8073,8149,8125,8041,8116,8110,8149,8164,8096,1.5368871688842771,sil,False
55,8141,8136,8132,8119,8154,8073,8149,8125,8041,8116,8110,8149,8164,8096,1.537885665893555,sil,False
56,8142,8157,8136,8131,8140,8070,8139,8136,8124,8109,8107,8163,8169,8102,1.5454745292663574,sil,False
57,8139,8139,8116,8122,8148,8071,8150,8135,8005,8122,8100,8123,8156,8094,1.5534744262695312,sil,False
58,8157,8168,8139,8134,8143,8080,8149,8149,8104,8115,8080,8156,8164,8100,1.5614748001098633,sil,False
59,8152,8156,8144,8133,8148,8078,8167,8158,8098,8136,8080,8141,8164,8099,1.569474220275879,sil,False
60,8158,8152,8139,8129,8146,8072,8169,8147,8064,8134,8077,8132,8147,8096,1.5774383544921875,sil,False
61,8140,8158,8133,8125,8131,8072,8155,8150,8145,8117,8071,8156,8156,8075,1.585583209991455,sil,False
62,8130,8131,8110,8120,8152,8086,8173,8159,8075,8172,8106,8124,8179,8084,1.593576431274414,sil,False
63,8158,8165,8131,8129,8145,8091,8161,8152,8160,8162,8115,8151,8184,8117,1.600576639175415,sil,False
64,8146,8156,8141,8133,8142,8083,8153,8146,8114,8129,8114,8149,8165,8111,1.60858416557312,sil,False
65,8167,8142,8130,8144,8149,8090,8163,8163,8067,8141,8099,8140,8157,8110,1.616061449050903,sil,False
66,8170,8152,8121,8124,8127,8097,8155,8159,8167,8138,8081,8161,8166,8104,1.624061107635498,sil,False
67,8136,8133,8108,8116,8139,8098,8164,8145,8075,8156,8106,8133,8166,8096,1.632732391357422,sil,False
68,8167,8164,8128,8157,8147,8101,8167,8161,8160,8146,8096,8159,8166,8110,1.6404695510864258,sil,False
69,8174,8151,8130,8138,8156,8106,8178,8155,8158,8134,8094,8156,8162,8104,1.6487412452697754,sil,False
70,8168,8141,8131,8121,8161,8115,8181,8147,8094,8149,8113,8142,8160,8106,1.6567423343658447,sil,False
71,8174,8170,8149,8150,8140,8105,8162,8161,8193,8146,8099,8167,8163,8098,1.6644783020019531,sil,False
72,8162,8145,8132,8148,8144,8092,8175,8152,8084,8151,8105,8135,8157,8082,1.6714773178100586,sil,False
73,8158,8155,8126,8135,8126,8087,8162,8150,8113,8128,8101,8152,8165,8086,1.6790449619293213,sil,False
74,8139,8143,8111,8123,8123,8087,8157,8155,8121,8135,8099,8147,8173,8080,1.687044382095337,sil,False
74,8139,8143,8111,8123,8123,8087,8157,8155,8121,8135,8099,8147,8173,8080,1.688038349151611,sil,False
75,8146,8136,8106,8133,8152,8099,8175,8149,8069,8164,8113,8130,8165,8090,1.6952307224273682,sil,False
76,8151,8168,8131,8148,8134,8096,8153,8145,8184,8144,8102,8165,8159,8101,1.7034788131713867,sil,False
77,8146,8138,8130,8134,8133,8097,8149,8140,8079,8142,8106,8136,8154,8097,1.7114779949188232,sil,False
78,8174,8155,8140,8143,8136,8114,8150,8145,8112,8136,8107,8149,8162,8110,1.718672752380371,sil,False
79,8157,8161,8118,8145,8130,8109,8147,8145,8155,8141,8100,8150,8164,8103,1.72743558883667,sil,False
80,8147,8145,8079,8128,8140,8103,8149,8138,8061,8147,8097,8126,8156,8095,1.734452724456787,sil,False
81,8148,8168,8079,8123,8126,8105,8135,8143,8137,8109,8082,8154,8153,8081,1.74245285987854,sil,False
82,8121,8134,8062,8115,8122,8104,8149,8139,8023,8122,8090,8119,8146,8057,1.7506649494171145,sil,False
83,8143,8143,8067,8130,8117,8105,8152,8136,8028,8123,8093,8137,8157,8073,1.7587833404541016,sil,False
84,8142,8155,8070,8131,8122,8114,8152,8135,8095,8109,8097,8164,8167,8084,1.7664780616760254,sil,False
85,8124,8126,8049,8117,8138,8128,8166,8132,8008,8127,8106,8128,8160,8082,1.7744512557983398,sil,False
86,8126,8140,8059,8121,8111,8111,8144,8139,8117,8125,8085,8145,8162,8085,1.7824487686157229,sil,False
87,8124,8129,8065,8120,8118,8100,8145,8136,8095,8159,8100,8131,8162,8099,1.7904775142669678,sil,False
88,8166,8159,8098,8138,8139,8116,8148,8143,8135,8170,8121,8149,8168,8140,1.797438144683838,sil,False
89,8172,8172,8114,8143,8134,8111,8140,8146,8191,8131,8121,8168,8170,8141,1.805944442749024,sil,False
90,8160,8145,8089,8143,8138,8104,8154,8135,8065,8133,8126,8135,8162,8126,1.8139619827270508,sil,False
91,8170,8173,8092,8151,8126,8115,8149,8138,8155,8126,8108,8160,8162,8125,1.821474313735962,sil,False
92,8142,8151,8076,8130,8134,8124,8158,8137,8100,8128,8110,8136,8157,8097,1.8294684886932373,sil,False
93,8140,8145,8069,8126,8131,8128,8157,8128,8056,8113,8104,8132,8155,8081,1.837437391281128,sil,False
94,8124,8154,8078,8122,8111,8118,8130,8115,8109,8095,8089,8156,8158,8075,1.845461130142212,sil,False
95,8116,8131,8075,8115,8131,8127,8146,8121,8024,8130,8116,8130,8159,8093,1.8534607887268064,sil,False
96,8155,8159,8095,8128,8126,8152,8157,8150,8150,8127,8123,8156,8166,8122,1.8604741096496584,sil,False
97,8140,8147,8094,8119,8127,8151,8156,8148,8132,8120,8123,8142,8167,8113,1.868471384048462,sil,False
98,8141,8152,8093,8130,8139,8139,8152,8142,8097,8131,8118,8143,8164,8121,1.876508712768555,sil,False
98,8141,8152,8093,8130,8139,8139,8152,8142,8097,8131,8118,8143,8164,8121,1.8775084018707275,sil,False
99,8147,8172,8104,8143,8129,8146,8157,8147,8194,8128,8115,8169,8167,8133,1.8845224380493164,sil,False
100,8135,8142,8102,8133,8145,8156,8172,8143,8101,8151,8140,8139,8162,8134,1.892519474029541,sil,False
101,8156,8159,8116,8143,8140,8143,8145,8145,8167,8135,8115,8161,8165,8133,1.900474071502685,sil,False
102,8148,8152,8119,8136,8134,8135,8141,8138,8129,8121,8104,8148,8163,8110,1.9084644317626955,sil,False
103,8158,8159,8129,8142,8142,8146,8158,8134,8074,8133,8126,8139,8159,8110,1.916475296020508,sil,False
104,8166,8178,8128,8146,8136,8132,8149,8137,8182,8123,8122,8166,8162,8114,1.9238641262054443,sil,False
104,8166,8178,8128,8146,8136,8132,8149,8137,8182,8123,8122,8166,8162,8114,1.9248840808868408,sil,False
105,8143,8139,8092,8131,8147,8127,8165,8132,8080,8142,8129,8134,8162,8115,1.931084156036377,sil,False
106,8151,8163,8104,8145,8139,8142,8169,8143,8149,8144,8131,8158,8171,8128,1.9390828609466555,sil,False
107,8138,8158,8112,8134,8137,8135,8162,8147,8159,8139,8146,8155,8166,8122,1.9474380016326904,sil,False
108,8145,8147,8116,8132,8153,8131,8172,8147,8094,8149,8154,8137,8158,8130,1.9554743766784668,sil,False
109,8162,8179,8139,8152,8138,8138,8174,8157,8207,8130,8129,8170,8168,8136,1.96347451210022,sil,False
110,8146,8149,8129,8142,8150,8133,8175,8144,8101,8136,8140,8145,8165,8129,1.9716219902038568,sil,False
111,8154,8160,8134,8147,8160,8127,8154,8135,8121,8131,8138,8161,8155,8135,1.979098320007324,sil,False
112,8154,8168,8125,8156,8164,8138,8162,8134,8151,8129,8130,8161,8152,8124,1.9871013164520264,sil,False
113,8166,8164,8113,8159,8176,8146,8187,8138,8084,8133,8138,8137,8158,8120,1.9944746494293213,sil,False
114,8175,8185,8132,8157,8155,8126,8168,8146,8178,8112,8129,8166,8162,8111,2.002474308013916,sil,False
115,8158,8155,8118,8147,8161,8119,8168,8141,8105,8137,8150,8140,8161,8099,2.010474443435669,sil,False
116,8168,8172,8112,8155,8156,8135,8163,8145,8148,8137,8152,8152,8168,8109,2.0182347297668457,sil,False
117,8151,8171,8113,8139,8151,8130,8157,8140,8172,8124,8146,8158,8166,8107,2.025607109069824,sil,False
118,8150,8144,8123,8140,8181,8123,8170,8134,8086,8155,8168,8134,8162,8127,2.034116744995117,sil,False
119,8161,8172,8139,8169,8166,8129,8158,8141,8210,8156,8158,8162,8169,8138,2.042468309402466,sil,False
120,8146,8155,8115,8153,8161,8139,8169,8130,8120,8161,8151,8135,8156,8108,2.0502281188964844,sil,False
121,8168,8165,8121,8153,8164,8145,8166,8127,8113,8144,8156,8151,8157,8115,2.0577523708343506,sil,False
122,8163,8174,8125,8162,8157,8140,8153,8136,8187,8128,8157,8166,8170,8121,2.0657525062561035,sil,False
123,8148,8154,8105,8152,8174,8153,8171,8132,8086,8150,8154,8127,8158,8109,2.073474645614624,sil,False
124,8160,8180,8116,8159,8182,8176,8170,8137,8170,8131,8137,8158,8153,8103,2.081475019454956,sil,False
125,8161,8165,8120,8169,8200,8179,8175,8140,8127,8139,8145,8141,8158,8091,2.089780330657959,sil,False
126,8183,8174,8128,8174,8196,8167,8166,8130,8119,8138,8140,8139,8156,8094,2.097782850265503,sil,False
127,8154,8179,8128,8154,8173,8159,8147,8120,8171,8117,8136,8162,8157,8088,2.10547399520874,sil,False
240,8131,8151,8119,8151,8183,8180,8170,8136,8081,8159,8164,8139,8164,8090,2.1128199100494385,sil,False
240,8131,8151,8119,8151,8183,8180,8170,8136,8081,8159,8164,8139,8164,8090,2.113818407058716,sil,False
0,8166,8177,8138,8173,8179,8196,8179,8155,8204,8156,8155,8168,8168,8110,2.120598793029785,sil,False
1,8146,8154,8122,8159,8197,8197,8188,8148,8182,8136,8155,8153,8159,8109,2.128108501434326,sil,False
2,8138,8155,8111,8161,8214,8203,8193,8160,8165,8149,8163,8146,8162,8122,2.1364738941192627,sil,False
3,8154,8177,8124,8173,8194,8198,8183,8167,8259,8164,8152,8167,8166,8134,2.1444735527038574,sil,False
4,8159,8160,8128,8174,8204,8206,8193,8141,8160,8181,8167,8141,8158,8136,2.1524624824523926,sil,False
5,8171,8190,8154,8183,8200,8225,8182,8145,8230,8151,8166,8164,8161,8136,2.1604554653167725,sil,False
6,8148,8166,8144,8156,8194,8226,8174,8142,8182,8152,8170,8142,8158,8113,2.168474197387696,sil,False
7,8150,8151,8130,8148,8194,8222,8169,8123,8115,8167,8172,8130,8156,8106,2.1764752864837646,sil,False
8,8173,8178,8147,8168,8176,8227,8161,8127,8205,8147,8160,8161,8164,8099,2.1841416358947754,sil,False
9,8190,8157,8142,8166,8191,8237,8186,8136,8110,8157,8173,8138,8159,8102,2.191135883331299,sil,False
10,8207,8177,8152,8173,8189,8232,8183,8148,8194,8153,8163,8165,8161,8121,2.1994740962982178,sil,False
11,8184,8170,8144,8168,8198,8224,8184,8151,8201,8159,8158,8152,8163,8111,2.2074382305145264,sil,False
12,8187,8158,8136,8165,8216,8235,8192,8150,8130,8168,8170,8131,8159,8117,2.215168237686157,sil,False
13,8195,8182,8153,8171,8196,8227,8176,8153,8235,8152,8168,8168,8164,8125,2.2231709957122803,sil,False
14,8186,8161,8152,8168,8200,8214,8188,8149,8164,8187,8181,8142,8164,8124,2.231474161148072,sil,False
15,8200,8178,8174,8172,8199,8228,8188,8150,8226,8196,8172,8156,8168,8135,2.2392618656158447,sil,False
16,8180,8172,8176,8157,8191,8231,8181,8146,8228,8182,8159,8154,8162,8119,2.2472617626190186,sil,False
17,8180,8158,8168,8159,8193,8223,8181,8142,8140,8185,8164,8135,8154,8113,2.2542531490325928,sil,False
18,8186,8179,8184,8180,8182,8225,8168,8147,8240,8164,8167,8164,8164,8111,2.2622532844543457,sil,False
19,8168,8150,8172,8174,8195,8229,8185,8146,8157,8175,8184,8135,8166,8101,2.2702550888061523,sil,False
20,8189,8163,8170,8169,8189,8223,8180,8155,8204,8180,8175,8155,8166,8123,2.278254270553589,sil,False
21,8179,8166,8162,8158,8181,8210,8166,8158,8241,8177,8176,8169,8163,8131,2.2862548828125,sil,False
22,8182,8157,8153,8159,8192,8213,8178,8145,8148,8182,8184,8145,8160,8135,2.2942540645599365,sil,False
23,8194,8176,8161,8159,8173,8217,8162,8129,8225,8154,8155,8165,8164,8129,2.302253484725952,sil,False
24,8159,8140,8149,8141,8186,8228,8166,8120,8136,8166,8162,8138,8157,8112,2.310254573822021,sil,False
25,8173,8158,8171,8161,8199,8246,8184,8146,8174,8167,8157,8153,8159,8118,2.317396640777588,sil,False
26,8172,8167,8173,8153,8174,8235,8188,8149,8212,8145,8129,8158,8161,8102,2.3253965377807617,sil,False
27,8155,8140,8155,8135,8168,8229,8194,8132,8098,8165,8146,8133,8158,8099,2.333406448364258,sil,False
28,8177,8175,8184,8166,8164,8241,8181,8153,8240,8174,8162,8177,8171,8119,2.3414759635925293,sil,False
29,8184,8167,8187,8171,8179,8242,8188,8164,8208,8180,8170,8148,8166,8113,2.349394083023072,sil,False
30,8197,8169,8175,8163,8176,8237,8188,8150,8159,8157,8146,8137,8152,8104,2.3573873043060303,sil,False
31,8173,8163,8157,8145,8163,8232,8186,8139,8180,8141,8136,8156,8157,8095,2.365474462509156,sil,False
32,8143,8138,8142,8131,8168,8233,8198,8146,8090,8167,8161,8133,8163,8105,2.3734755516052246,sil,False
33,8152,8175,8157,8150,8143,8226,8175,8157,8200,8146,8142,8159,8160,8115,2.3817081451416016,sil,False
34,8160,8160,8141,8153,8156,8213,8184,8150,8158,8161,8139,8140,8157,8109,2.38871169090271,sil,False
35,8198,8161,8141,8159,8177,8216,8203,8150,8155,8186,8152,8144,8163,8132,2.396716833114624,sil,False
36,8188,8179,8153,8158,8168,8228,8190,8154,8255,8166,8150,8166,8166,8133,2.4047152996063232,sil,False
37,8168,8158,8139,8159,8185,8244,8197,8149,8166,8191,8169,8141,8166,8133,2.4124741554260254,sil,False
38,8187,8178,8142,8172,8164,8238,8183,8147,8233,8182,8158,8169,8171,8145,2.4204742908477783,sil,False
39,8156,8155,8128,8151,8147,8224,8167,8132,8149,8150,8137,8147,8154,8118,2.4284024238586426,sil,False
40,8154,8156,8134,8158,8167,8230,8166,8130,8092,8145,8130,8139,8150,8105,2.436399221420288,sil,False
41,8161,8177,8145,8166,8161,8236,8171,8129,8183,8135,8136,8164,8163,8100,2.444413900375366,sil,False
42,8139,8140,8127,8146,8154,8243,8181,8120,8062,8139,8158,8129,8157,8099,2.4514293670654297,sil,False
43,8153,8163,8151,8158,8134,8247,8158,8134,8141,8129,8147,8159,8163,8120,2.459266424179077,sil,False
44,8155,8158,8158,8158,8139,8237,8164,8138,8157,8156,8159,8160,8173,8123,2.4672205448150635,sil,False
45,8163,8148,8146,8144,8158,8236,8178,8131,8112,8174,8176,8144,8169,8126,2.4752235412597656,sil,False
46,8161,8170,8148,8148,8143,8245,8166,8135,8196,8142,8144,8161,8165,8118,2.4832205772399902,sil,False
47,8146,8146,8128,8150,8152,8249,8185,8133,8087,8161,8145,8127,8164,8114,2.491474866867065,sil,False
48,8152,8157,8123,8154,8149,8235,8174,8138,8153,8167,8152,8149,8169,8126,2.499805688858032,sil,False
49,8139,8147,8114,8145,8145,8211,8155,8132,8156,8161,8153,8143,8162,8116,2.5068135261535645,sil,False
50,8157,8147,8116,8152,8147,8226,8167,8123,8073,8161,8158,8129,8160,8124,2.515237808227539,sil,False
51,8160,8171,8131,8152,8132,8247,8162,8136,8181,8137,8153,8166,8169,8131,2.522475242614746,sil,False
51,8160,8171,8131,8152,8132,8247,8162,8136,8181,8137,8153,8166,8169,8131,2.52299165725708,sil,False
52,8127,8137,8111,8135,8149,8235,8171,8138,8107,8160,8168,8132,8164,8117,2.53047513961792,sil,False
53,8147,8159,8112,8150,8148,8220,8174,8136,8146,8172,8158,8141,8160,8120,2.538541316986084,sil,False
54,8139,8160,8111,8138,8151,8221,8178,8137,8160,8169,8154,8147,8156,8114,2.546538114547729,sil,False
55,8126,8140,8103,8127,8172,8233,8192,8142,8095,8182,8169,8135,8156,8116,2.554537534713745,sil,False
56,8136,8168,8118,8153,8156,8226,8180,8141,8215,8166,8154,8167,8168,8119,2.5625624656677246,sil,False
57,8127,8149,8108,8148,8168,8221,8184,8125,8126,8175,8159,8136,8162,8116,2.5697946548461914,sil,False
57,8127,8149,8108,8148,8168,8221,8184,8125,8126,8175,8159,8136,8162,8116,2.570788860321045,sil,False
58,8144,8167,8120,8151,8175,8237,8179,8135,8157,8181,8167,8152,8159,8133,2.577788114547729,sil,False
58,8144,8167,8120,8151,8175,8237,8179,8135,8157,8181,8167,8152,8159,8133,2.5787882804870605,sil,False
59,8144,8173,8139,8155,8163,8236,8181,8151,8226,8183,8177,8164,8167,8134,2.585796594619751,sil,False
60,8148,8149,8145,8149,8178,8228,8190,8142,8144,8189,8188,8137,8170,8136,2.5938007831573486,sil,False
61,8151,8179,8171,8155,8173,8224,8165,8143,8241,8168,8173,8171,8168,8132,2.601475715637207,sil,False
62,8143,8164,8174,8161,8174,8220,8177,8144,8178,8203,8184,8152,8159,8116,2.609464406967163,sil,False
62,8143,8164,8174,8161,8174,8220,8177,8144,8178,8203,8184,8152,8159,8116,2.610459804534912,sil,False
63,8178,8170,8184,8171,8167,8210,8185,8139,8180,8203,8177,8155,8163,8129,2.6172194480896,sil,False
64,8155,8169,8181,8142,8155,8199,8160,8127,8204,8156,8167,8167,8166,8127,2.62621545791626,sil,False
65,8133,8146,8164,8134,8167,8205,8161,8123,8096,8174,8185,8144,8159,8122,2.6334750652313232,sil,False
66,8166,8175,8178,8164,8148,8201,8163,8139,8203,8178,8165,8176,8161,8133,2.641474962234497,sil,False
66,8166,8175,8178,8164,8148,8201,8163,8139,8203,8178,8165,8176,8161,8133,2.641839027404785,sil,False
67,8156,8161,8170,8150,8159,8188,8170,8135,8147,8171,8168,8155,8162,8131,2.648846387863159,sil,False
68,8157,8170,8163,8146,8173,8189,8159,8133,8137,8165,8178,8149,8160,8132,2.656847715377808,sil,False
69,8142,8166,8151,8149,8146,8180,8143,8132,8185,8160,8156,8152,8159,8116,2.664475440979004,sil,False
70,8131,8140,8146,8151,8151,8179,8172,8136,8074,8184,8164,8126,8160,8122,2.6724746227264404,sil,False
71,8162,8186,8176,8174,8159,8182,8178,8151,8199,8170,8172,8167,8167,8138,2.6809210777282715,sil,False
72,8149,8168,8156,8156,8171,8169,8175,8134,8150,8171,8176,8143,8159,8116,2.687917709350586,sil,False
72,8149,8168,8156,8156,8171,8169,8175,8134,8150,8171,8176,8143,8159,8116,2.688917636871338,sil,False
73,8141,8153,8153,8150,8170,8165,8168,8132,8093,8179,8169,8134,8156,8119,2.6967217922210693,sil,False
74,8156,8177,8184,8169,8164,8179,8174,8157,8227,8183,8176,8175,8168,8138,2.7044739723205566,sil,False
75,8169,8159,8173,8168,8187,8199,8208,8152,8171,8210,8211,8151,8164,8148,2.712473630905152,sil,False
76,8165,8173,8171,8168,8165,8190,8186,8142,8230,8179,8197,8164,8162,8146,2.7189509868621826,sil,False
77,8140,8156,8166,8156,8159,8170,8176,8144,8190,8175,8189,8150,8162,8132,2.727407693862915,sil,False
78,8160,8156,8170,8155,8182,8180,8187,8148,8151,8195,8207,8151,8161,8150,2.735560655593872,sil,False
79,8167,8182,8185,8161,8173,8190,8181,8154,8261,8179,8207,8181,8166,8156,2.7435970306396484,sil,False
80,8157,8159,8170,8158,8178,8194,8205,8157,8179,8197,8211,8144,8167,8153,2.751474618911743,sil,False
81,8169,8173,8168,8162,8166,8190,8196,8158,8237,8192,8196,8171,8174,8163,2.759795904159546,sil,False
82,8146,8159,8157,8147,8164,8175,8182,8152,8217,8195,8204,8170,8170,8151,2.767469882965088,sil,False
82,8146,8159,8157,8147,8164,8175,8182,8152,8217,8195,8204,8170,8170,8151,2.76846694946289,sil,False
83,8159,8156,8165,8152,8184,8178,8195,8158,8180,8210,8225,8153,8165,8165,2.7755229473114014,sil,False
84,8172,8185,8181,8167,8177,8183,8191,8166,8297,8186,8207,8183,8165,8167,2.782524585723877,sil,False
85,8154,8159,8158,8163,8187,8179,8198,8153,8168,8187,8203,8146,8155,8142,2.7904741764068604,sil,False
86,8176,8178,8172,8170,8185,8177,8193,8154,8215,8186,8197,8159,8158,8154,2.79857873916626,sil,False
87,8164,8163,8170,8154,8175,8175,8192,8155,8245,8187,8194,8159,8163,8151,2.806469678878784,sil,False
88,8162,8143,8152,8158,8181,8176,8196,8146,8145,8180,8193,8140,8159,8139,2.8147201538085938,sil,False
89,8168,8179,8165,8178,8178,8168,8173,8147,8225,8148,8174,8171,8160,8138,2.822474956512451,sil,False
90,8146,8166,8153,8158,8196,8165,8179,8142,8140,8183,8177,8136,8156,8129,2.830474376678467,sil,False
91,8159,8179,8154,8157,8188,8170,8179,8139,8167,8185,8155,8143,8154,8120,2.838474035263061,sil,False
92,8142,8167,8158,8152,8182,8169,8177,8138,8170,8144,8141,8152,8154,8100,2.8454957008361816,sil,False
93,8142,8144,8166,8146,8207,8177,8193,8144,8092,8158,8162,8144,8161,8115,2.8534953594207764,sil,False
94,8168,8178,8195,8164,8193,8181,8184,8155,8240,8169,8163,8185,8171,8138,2.861919641494751,sil,False
95,8157,8160,8191,8166,8199,8179,8194,8146,8185,8184,8177,8156,8164,8133,2.8694684505462646,sil,False
96,8179,8174,8203,8170,8205,8184,8201,8151,8204,8180,8180,8162,8163,8148,2.8774802684783936,sil,False
97,8180,8185,8211,8169,8197,8175,8206,8161,8274,8188,8187,8175,8170,8154,2.885481119155884,sil,False
98,8173,8166,8193,8179,8210,8172,8217,8155,8197,8222,8199,8151,8163,8150,2.8934743404388428,sil,False
99,8174,8178,8178,8180,8194,8173,8188,8146,8256,8188,8160,8173,8158,8135,2.9014742374420166,sil,False
100,8145,8140,8149,8149,8193,8169,8188,8143,8140,8167,8148,8141,8156,8114,2.9095287322998047,sil,False
101,8161,8155,8155,8159,8199,8173,8206,8164,8157,8172,8158,8151,8163,8127,2.9164748191833496,sil,False
102,8158,8177,8154,8168,8195,8173,8203,8165,8246,8173,8157,8169,8163,8123,2.9238498210906982,sil,False
102,8158,8177,8154,8168,8195,8173,8203,8165,8246,8173,8157,8169,8163,8123,2.9248454570770264,sil,False
103,8141,8149,8131,8160,8205,8168,8204,8147,8132,8198,8171,8136,8160,8119,2.932877779006958,sil,False
104,8161,8171,8148,8165,8193,8162,8193,8151,8228,8188,8168,8169,8170,8124,2.939890146255493,sil,False
105,8150,8158,8143,8153,8212,8170,8201,8145,8186,8185,8172,8154,8164,8104,2.9484739303588867,sil,False
106,8155,8167,8144,8167,8227,8177,8203,8145,8158,8184,8158,8146,8158,8113,2.9563260078430176,sil,False
107,8145,8173,8146,8171,8203,8165,8191,8149,8218,8168,8139,8159,8161,8115,2.964325428009033,sil,False
108,8133,8143,8130,8157,8210,8166,8199,8141,8104,8183,8154,8132,8159,8107,2.9723246097564697,sil,False
109,8161,8180,8146,8172,8201,8167,8187,8148,8194,8167,8145,8164,8164,8115,2.979335308074951,sil,False
110,8146,8167,8132,8162,8193,8163,8195,8143,8153,8160,8153,8150,8159,8104,2.987438440322876,sil,False
111,8158,8162,8133,8168,8198,8166,8200,8143,8129,8181,8179,8153,8162,8116,2.9955410957336426,sil,False
112,8180,8188,8165,8182,8200,8149,8184,8158,8263,8196,8185,8181,8171,8131,3.003666877746582,sil,False
113,8157,8158,8156,8157,8222,8138,8200,8154,8156,8206,8190,8135,8160,8123,3.011655569076538,sil,False
114,8152,8165,8157,8157,8201,8146,8199,8157,8200,8170,8170,8160,8159,8118,3.0194742679595947,sil,False
115,8154,8154,8157,8162,8188,8137,8196,8151,8187,8176,8170,8161,8164,8116,3.0276806354522705,sil,False
116,8158,8151,8152,8154,8189,8117,8182,8130,8115,8188,8172,8140,8161,8117,3.03568696975708,sil,False
117,8140,8172,8154,8148,8168,8116,8165,8126,8182,8151,8150,8162,8160,8100,3.042469024658203,sil,False
118,8142,8151,8155,8157,8195,8139,8203,8141,8107,8166,8175,8142,8158,8099,3.0499496459960938,sil,False
118,8142,8151,8155,8157,8195,8139,8203,8141,8107,8166,8175,8142,8158,8099,3.0509490966796875,sil,False
119,8175,8175,8187,8182,8205,8145,8202,8161,8206,8171,8188,8168,8166,8121,3.058274507522583,sil,False
120,8154,8163,8181,8165,8197,8124,8182,8150,8196,8165,8173,8156,8165,8109,3.066203594207764,sil,False
121,8150,8147,8164,8152,8204,8122,8183,8133,8091,8162,8165,8135,8155,8106,3.074476718902588,sil,False
122,8152,8172,8172,8164,8194,8135,8179,8143,8189,8145,8167,8167,8162,8105,3.082474946975708,sil,False
123,8135,8147,8152,8154,8202,8140,8204,8148,8114,8178,8191,8142,8167,8103,3.09063720703125,sil,False
124,8148,8161,8150,8156,8186,8138,8199,8149,8162,8169,8184,8157,8166,8119,3.0986366271972656,sil,False
125,8135,8159,8148,8152,8182,8140,8198,8157,8199,8158,8185,8158,8161,8112,3.106474637985229,sil,False
126,8149,8145,8144,8150,8211,8144,8223,8165,8133,8182,8190,8140,8152,8115,3.1134743690490723,sil,False
126,8149,8145,8144,8150,8211,8144,8223,8165,8133,8182,8190,8140,8152,8115,3.11391830444336,sil,False
127,8153,8163,8152,8151,8192,8132,8201,8153,8212,8150,8163,8171,8151,8115,3.121474504470825,sil,False
240,8119,8137,8141,8143,8177,8120,8190,8146,8119,8159,8186,8142,8158,8112,3.129474401473999,sil,False
0,8158,8167,8158,8158,8169,8129,8201,8168,8183,8188,8193,8156,8169,8137,3.1374382972717285,sil,False
1,8162,8166,8150,8148,8157,8136,8211,8163,8224,8175,8177,8162,8164,8125,3.145236253738404,sil,False
2,8131,8137,8118,8145,8159,8134,8207,8143,8087,8161,8183,8133,8151,8105,3.1532299518585205,goodbye,True
3,8143,8174,8121,8168,8162,8128,8181,8148,8165,8142,8166,8157,8151,8102,3.161475419998169,goodbye,True
4,8139,8151,8114,8152,8187,8136,8192,8143,8093,8157,8173,8132,8153,8093,3.169670581817627,goodbye,True
5,8151,8157,8135,8158,8172,8154,8199,8151,8132,8158,8189,8154,8165,8110,3.1761724948883057,goodbye,True
6,8153,8180,8141,8168,8148,8157,8202,8160,8218,8155,8184,8168,8172,8118,3.1841721534729004,goodbye,True
7,8148,8165,8122,8162,8177,8168,8221,8153,8109,8178,8192,8129,8164,8120,3.192476272583008,goodbye,True
8,8154,8188,8146,8171,8171,8173,8203,8164,8220,8166,8192,8164,8167,8127,3.200449228286743,goodbye,True
9,8152,8167,8146,8165,8167,8167,8205,8167,8198,8195,8201,8152,8166,8131,3.208472967147827,goodbye,True
10,8171,8178,8145,8164,8181,8184,8212,8163,8191,8210,8193,8149,8161,8146,3.21650505065918,goodbye,True
11,8150,8193,8143,8153,8186,8191,8197,8153,8229,8162,8165,8157,8157,8119,3.224474668502808,goodbye,True
12,8133,8167,8129,8153,8202,8182,8199,8142,8102,8152,8155,8125,8151,8099,3.2330024242401123,goodbye,True
13,8153,8197,8154,8177,8187,8192,8193,8165,8212,8153,8149,8163,8160,8124,3.240662813186645,goodbye,True
14,8142,8174,8149,8161,8179,8208,8212,8180,8196,8169,8166,8152,8161,8125,3.247664213180542,goodbye,True
15,8161,8148,8141,8154,8173,8206,8218,8170,8155,8168,8164,8143,8157,8122,3.255474805831909,goodbye,True
16,8155,8150,8153,8163,8155,8198,8195,8161,8213,8137,8144,8161,8153,8105,3.263665199279785,goodbye,True
17,8143,8138,8149,8167,8176,8216,8205,8165,8116,8151,8162,8138,8152,8099,3.271690845489502,goodbye,True
18,8169,8170,8157,8174,8170,8219,8197,8168,8204,8154,8151,8168,8165,8119,3.279362916946411,goodbye,True
18,8169,8170,8157,8174,8170,8219,8197,8168,8204,8154,8151,8168,8165,8119,3.2799129486083984,goodbye,True
19,8143,8148,8140,8155,8157,8200,8184,8147,8156,8147,8140,8147,8159,8120,3.287724256515503,goodbye,True
20,8148,8145,8127,8155,8164,8211,8184,8146,8100,8130,8137,8132,8152,8132,3.295475006103516,goodbye,True
21,8152,8161,8129,8155,8156,8229,8176,8162,8204,8106,8126,8162,8162,8127,3.3037314414978027,goodbye,True
22,8127,8126,8122,8139,8165,8239,8183,8159,8109,8145,8151,8138,8158,8113,3.310731649398804,goodbye,True
23,8155,8159,8149,8149,8155,8250,8180,8168,8192,8162,8151,8164,8156,8128,3.318474054336548,goodbye,True
24,8150,8160,8148,8147,8149,8256,8184,8169,8195,8150,8150,8156,8155,8125,3.326657056808472,goodbye,True
25,8144,8152,8142,8157,8158,8271,8194,8162,8130,8145,8156,8141,8157,8129,3.333945751190185,goodbye,True
25,8144,8152,8142,8157,8158,8271,8194,8162,8130,8145,8156,8141,8157,8129,3.3349449634552,goodbye,True
26,8157,8172,8157,8171,8154,8279,8189,8162,8230,8131,8140,8173,8163,8130,3.3449838161468506,goodbye,True
27,8149,8144,8142,8161,8172,8279,8199,8157,8138,8143,8146,8143,8159,8122,3.3499834537506104,goodbye,True
28,8158,8169,8150,8167,8163,8293,8191,8169,8195,8132,8139,8160,8160,8128,3.3579838275909424,goodbye,True
29,8160,8175,8166,8166,8161,8311,8204,8171,8220,8144,8150,8168,8162,8124,3.366749286651612,goodbye,True
30,8185,8170,8181,8181,8178,8309,8221,8165,8167,8164,8172,8159,8163,8138,3.37275767326355,goodbye,True
30,8185,8170,8181,8181,8178,8309,8221,8165,8167,8164,8172,8159,8163,8138,3.373756170272827,goodbye,True
31,8195,8196,8200,8201,8152,8287,8194,8176,8277,8138,8165,8192,8169,8156,3.3807573318481445,goodbye,True
31,8195,8196,8200,8201,8152,8287,8194,8176,8277,8138,8165,8192,8169,8156,3.381757497787476,goodbye,True
32,8174,8174,8189,8188,8157,8280,8201,8174,8194,8168,8184,8163,8167,8160,3.388755321502685,goodbye,True
32,8174,8174,8189,8188,8157,8280,8201,8174,8194,8168,8184,8163,8167,8160,3.3897571563720703,goodbye,True
33,8186,8199,8206,8192,8169,8286,8205,8176,8253,8177,8195,8181,8165,8170,3.3967549800872803,goodbye,True
33,8186,8199,8206,8192,8169,8286,8205,8176,8253,8177,8195,8181,8165,8170,3.3977553844451904,goodbye,True
34,8185,8210,8213,8190,8168,8280,8211,8179,8306,8169,8198,8188,8165,8163,3.404754638671875,goodbye,True
34,8185,8210,8213,8190,8168,8280,8211,8179,8306,8169,8198,8188,8165,8163,3.405755519866944,goodbye,True
35,8197,8198,8206,8176,8180,8283,8226,8175,8214,8192,8207,8162,8166,8172,3.412754535675049,goodbye,True
35,8197,8198,8206,8176,8180,8283,8226,8175,8214,8192,8207,8162,8166,8172,3.413759231567383,goodbye,True
36,8196,8221,8217,8177,8165,8287,8200,8179,8311,8174,8200,8191,8171,8166,3.4207584857940674,goodbye,True
36,8196,8221,8217,8177,8165,8287,8200,8179,8311,8174,8200,8191,8171,8166,3.421757936477661,goodbye,True
37,8173,8196,8200,8179,8178,8295,8209,8184,8266,8192,8223,8166,8169,8153,3.429474115371704,goodbye,True
38,8207,8212,8206,8198,8184,8300,8214,8183,8307,8202,8222,8177,8168,8177,3.436474561691284,goodbye,True
39,8203,8210,8196,8186,8171,8277,8191,8162,8311,8176,8190,8180,8162,8166,3.4444775581359863,goodbye,True
39,8203,8210,8196,8186,8171,8277,8191,8162,8311,8176,8190,8180,8162,8166,3.444823265075684,goodbye,True
40,8175,8180,8170,8171,8181,8268,8193,8148,8165,8170,8190,8141,8154,8145,3.4528329372406006,goodbye,True
41,8166,8202,8187,8179,8162,8265,8189,8157,8261,8141,8186,8175,8158,8142,3.460524082183838,goodbye,True
42,8140,8172,8180,8165,8162,8250,8195,8154,8186,8153,8182,8158,8155,8130,3.468523502349853,goodbye,True
43,8170,8184,8179,8178,8180,8250,8196,8160,8185,8177,8174,8163,8159,8142,3.47647476196289,goodbye,True
44,8187,8209,8195,8190,8189,8254,8195,8167,8281,8175,8180,8185,8165,8154,3.4844746589660645,goodbye,True
44,8187,8209,8195,8190,8189,8254,8195,8167,8281,8175,8180,8185,8165,8154,3.4847984313964844,goodbye,True
45,8168,8178,8191,8177,8193,8249,8200,8161,8186,8178,8202,8154,8162,8153,3.4924631118774414,goodbye,True
46,8161,8190,8183,8171,8154,8232,8165,8160,8248,8150,8182,8173,8164,8141,3.500457525253296,goodbye,True
47,8149,8176,8173,8153,8156,8227,8164,8147,8169,8157,8175,8153,8156,8125,3.5074586868286133,goodbye,True
48,8164,8187,8194,8161,8170,8233,8175,8145,8132,8151,8169,8157,8152,8131,3.5154571533203125,goodbye,True
49,8154,8193,8185,8164,8144,8224,8163,8146,8182,8104,8141,8166,8154,8116,3.5234580039978027,goodbye,True
50,8139,8153,8145,8140,8145,8218,8168,8131,8046,8119,8146,8131,8153,8111,3.5315332412719727,goodbye,True
51,8144,8177,8166,8145,8149,8213,8148,8137,8141,8132,8150,8173,8165,8131,3.5394742488861084,goodbye,True
52,8128,8171,8170,8157,8164,8214,8161,8149,8157,8149,8160,8165,8164,8121,3.547689914703369,goodbye,True
53,8159,8173,8160,8170,8174,8231,8193,8151,8133,8150,8160,8156,8158,8124,3.5559351444244385,goodbye,True
54,8163,8194,8169,8172,8167,8223,8177,8146,8192,8115,8153,8185,8165,8129,3.562933444976806,goodbye,True
55,8144,8171,8168,8170,8189,8212,8169,8142,8072,8121,8170,8156,8162,8127,3.5699334144592285,goodbye,True
55,8144,8171,8168,8170,8189,8212,8169,8142,8072,8121,8170,8156,8162,8127,3.570934534072876,goodbye,True
56,8175,8196,8182,8180,8181,8219,8164,8146,8148,8114,8156,8176,8156,8129,3.577969789505005,goodbye,True
57,8158,8179,8174,8154,8175,8206,8159,8129,8125,8118,8150,8165,8150,8109,3.5864760875701904,goodbye,True
58,8138,8159,8170,8141,8188,8192,8146,8121,8056,8121,8150,8156,8152,8110,3.594463348388672,goodbye,True
59,8139,8172,8179,8151,8176,8203,8140,8144,8166,8103,8139,8185,8161,8115,3.602463483810425,goodbye,True
60,8136,8158,8164,8151,8183,8212,8169,8155,8090,8121,8161,8159,8162,8121,3.61047625541687,goodbye,True
61,8150,8191,8177,8160,8181,8207,8161,8151,8149,8111,8162,8180,8164,8136,3.618478298187256,goodbye,True
62,8138,8172,8169,8147,8183,8203,8153,8146,8154,8121,8163,8174,8160,8127,3.62647557258606,goodbye,True
63,8152,8138,8153,8139,8191,8208,8167,8150,8095,8148,8159,8157,8156,8131,3.633311271667481,goodbye,True
64,8159,8148,8162,8138,8170,8210,8158,8143,8179,8113,8124,8179,8158,8124,3.6413052082061768,goodbye,True
65,8137,8130,8153,8135,8176,8218,8161,8129,8060,8109,8130,8146,8152,8105,3.6494741439819336,goodbye,True
66,8171,8166,8174,8168,8180,8221,8161,8146,8123,8116,8137,8171,8162,8123,3.657437801361084,goodbye,True
67,8176,8165,8181,8166,8192,8216,8167,8151,8176,8122,8143,8180,8170,8131,3.6654746532440186,goodbye,True
68,8173,8145,8172,8160,8217,8222,8177,8146,8107,8139,8163,8154,8163,8136,3.673473834991455,goodbye,True
69,8189,8184,8191,8185,8201,8217,8166,8160,8231,8140,8161,8185,8167,8143,3.6814699172973633,goodbye,True
70,8176,8168,8193,8180,8214,8213,8182,8161,8172,8169,8182,8168,8171,8143,3.689483642578125,goodbye,True
71,8177,8174,8194,8175,8220,8217,8172,8163,8208,8162,8181,8180,8168,8154,3.696484088897705,goodbye,True
72,8159,8165,8175,8163,8199,8198,8158,8158,8232,8150,8165,8176,8161,8143,3.7045178413391113,goodbye,True
73,8154,8140,8161,8156,8201,8189,8179,8146,8121,8170,8170,8147,8161,8141,3.712475061416626,goodbye,True
74,8160,8164,8164,8156,8172,8191,8163,8147,8196,8137,8151,8171,8160,8130,3.7204747200012207,goodbye,True
74,8160,8164,8164,8156,8172,8191,8163,8147,8196,8137,8151,8171,8160,8130,3.720897674560547,goodbye,True
75,8148,8151,8138,8150,8176,8188,8161,8140,8101,8133,8155,8141,8153,8109,3.728126525878906,goodbye,True
76,8179,8177,8160,8179,8203,8195,8169,8153,8145,8155,8172,8164,8166,8138,3.736142635345459,goodbye,True
77,8190,8189,8187,8188,8206,8187,8164,8163,8257,8167,8176,8191,8175,8154,3.744474887847901,goodbye,True
78,8175,8158,8166,8167,8209,8182,8167,8149,8145,8179,8180,8151,8161,8139,3.752477407455444,goodbye,True
79,8166,8180,8168,8164,8194,8189,8167,8154,8214,8153,8166,8168,8161,8121,3.760331630706787,goodbye,True
80,8141,8161,8159,8155,8207,8186,8182,8158,8156,8150,8169,8146,8158,8103,3.7673239707946777,goodbye,True
81,8152,8159,8156,8158,8206,8171,8160,8147,8120,8141,8159,8148,8152,8103,3.7754740715026855,goodbye,True
82,8150,8165,8168,8154,8188,8154,8139,8142,8169,8132,8145,8171,8157,8097,3.78347373008728,goodbye,True
83,8150,8147,8170,8146,8213,8157,8176,8153,8100,8169,8166,8140,8159,8114,3.7914745807647705,goodbye,True
84,8168,8178,8181,8163,8211,8158,8174,8169,8228,8159,8160,8162,8162,8140,3.799516677856445,goodbye,True
85,8146,8156,8155,8153,8200,8146,8163,8158,8175,8157,8149,8147,8156,8122,3.807514190673828,goodbye,True
86,8154,8150,8143,8145,8189,8146,8163,8145,8111,8152,8133,8147,8155,8115,3.815582513809204,goodbye,True
87,8152,8165,8142,8146,8169,8151,8161,8153,8187,8133,8122,8163,8164,8112,3.823590755462648,sil,False
88,8138,8139,8125,8136,8181,8160,8181,8158,8086,8163,8137,8123,8162,8106,3.830511569976807,sil,False
89,8148,8167,8151,8138,8176,8164,8164,8155,8156,8147,8120,8154,8159,8116,3.838513612747192,sil,False
90,8122,8158,8156,8134,8175,8161,8156,8148,8138,8138,8125,8148,8158,8111,3.8465657234191895,sil,False
91,8139,8150,8152,8147,8176,8161,8172,8151,8113,8158,8145,8136,8163,8122,3.8545241355896,sil,False
92,8150,8162,8160,8140,8152,8147,8163,8155,8188,8134,8129,8160,8160,8123,3.8628933429718018,sil,False
93,8133,8144,8154,8125,8157,8122,8160,8147,8057,8132,8129,8131,8148,8120,3.8708107471466064,sil,False
94,8163,8180,8187,8154,8153,8108,8148,8155,8147,8148,8136,8163,8159,8135,3.878820657730103,sil,False
95,8157,8165,8191,8159,8160,8125,8159,8155,8172,8172,8151,8160,8167,8124,3.886821746826172,sil,False
96,8156,8147,8172,8156,8177,8148,8174,8158,8114,8172,8143,8142,8159,8123,3.894474744796753,sil,False
97,8160,8172,8170,8154,8155,8128,8150,8166,8214,8144,8119,8171,8162,8126,3.901299238204956,sil,False
98,8131,8142,8142,8131,8155,8113,8156,8155,8100,8155,8132,8136,8158,8116,3.9092297554016113,sil,False
99,8130,8155,8130,8138,8148,8127,8164,8162,8124,8149,8121,8144,8154,8115,3.917227983474731,sil,False
99,8130,8155,8130,8138,8148,8127,8164,8162,8124,8149,8121,8144,8154,8115,3.918234586715698,sil,False
100,8120,8156,8131,8144,8150,8115,8146,8162,8134,8143,8115,8141,8160,8104,3.925543785095215,sil,False
101,8124,8146,8119,8130,8154,8102,8172,8143,8052,8139,8115,8122,8158,8107,3.933549642562866,sil,False
102,8125,8161,8110,8112,8122,8107,8213,8141,8130,8112,8091,8151,8154,8113,3.9415321350097656,sil,False
103,8119,8140,8119,8117,8144,8098,8169,8145,8056,8148,8123,8134,8154,8120,3.949202060699463,sil,False
104,8163,8177,8164,8164,8162,8080,8073,8154,8142,8166,8143,8159,8165,8144,3.957113027572632,sil,False
105,8161,8175,8161,8155,8149,8085,8095,8151,8174,8154,8127,8156,8159,8131,3.9644742012023926,sil,False
106,8153,8144,8148,8133,8156,8101,8152,8142,8056,8167,8138,8126,8148,8114,3.97245192527771,sil,False
107,8167,8175,8174,8152,8154,8100,8121,8148,8156,8134,8138,8162,8160,8110,3.980475425720215,sil,False
108,8144,8150,8157,8143,8161,8097,8136,8151,8080,8126,8141,8140,8158,8099,3.9887194633483887,sil,False
109,8149,8157,8152,8151,8158,8103,8150,8161,8106,8148,8133,8144,8152,8110,3.9967200756073,sil,False
110,8145,8163,8149,8155,8158,8102,8132,8150,8158,8154,8126,8149,8156,8103,4.004474401473999,sil,False
111,8127,8133,8127,8136,8165,8100,8142,8134,8031,8143,8133,8122,8158,8100,4.012475728988648,sil,False
112,8125,8154,8139,8137,8146,8093,8127,8150,8118,8122,8121,8156,8161,8111,4.020461559295654,sil,False
113,8123,8139,8137,8139,8159,8094,8137,8157,8084,8156,8133,8140,8160,8104,4.027459621429443,sil,False
114,8154,8154,8145,8154,8166,8099,8148,8157,8107,8161,8141,8149,8169,8110,4.035297870635986,sil,False
115,8148,8171,8154,8155,8151,8087,8131,8151,8168,8137,8137,8165,8169,8109,4.043476104736328,sil,False
116,8139,8152,8149,8153,8166,8090,8133,8145,8067,8166,8145,8132,8159,8115,4.051538944244385,sil,False
117,8156,8173,8161,8159,8157,8091,8129,8152,8157,8158,8128,8157,8162,8118,4.059545040130615,sil,False
118,8131,8156,8151,8144,8163,8078,8139,8145,8092,8149,8131,8140,8158,8098,4.067439556121826,sil,False
119,8142,8167,8166,8158,8174,8080,8132,8143,8074,8155,8139,8150,8159,8114,4.075310230255127,sil,False
120,8150,8174,8181,8168,8161,8078,8115,8148,8158,8144,8136,8173,8162,8123,4.083309888839722,sil,False
121,8140,8145,8153,8158,8179,8074,8135,8145,8055,8153,8154,8133,8158,8115,4.091354370117188,sil,False
122,8160,8180,8164,8176,8174,8076,8136,8157,8157,8139,8146,8162,8162,8118,4.098475933074951,sil,False
123,8159,8162,8169,8169,8168,8067,8133,8154,8130,8149,8137,8146,8159,8105,4.106921434402466,sil,False
124,8151,8143,8161,8155,8170,8059,8125,8138,8065,8148,8123,8129,8155,8097,4.114390134811401,sil,False
125,8117,8155,8156,8150,8150,8052,8115,8141,8134,8122,8105,8160,8158,8087,4.122389793395996,sil,False
126,8114,8131,8137,8144,8156,8056,8135,8145,8035,8147,8118,8134,8155,8099,4.130476474761963,sil,False
127,8146,8150,8142,8144,8140,8060,8117,8138,8099,8134,8107,8146,8159,8118,4.138474225997925,sil,False
240,8112,8136,8141,8135,8131,8067,8115,8131,8077,8134,8107,8137,8162,8098,4.146471261978149,sil,False
0,8125,8139,8160,8145,8147,8080,8141,8151,8053,8166,8131,8142,8164,8123,4.154446601867676,sil,False
1,8158,8167,8181,8149,8141,8066,8128,8164,8188,8157,8143,8180,8170,8156,4.161449909210205,sil,False
2,8148,8143,8159,8147,8159,8059,8122,8151,8096,8164,8157,8145,8160,8141,4.169475078582764,sil,False
3,8158,8166,8174,8173,8163,8073,8114,8147,8145,8158,8131,8157,8156,8124,4.177437782287598,sil,False
4,8142,8158,8176,8164,8165,8067,8122,8147,8146,8162,8128,8156,8158,8112,4.185550689697266,sil,False
5,8162,8152,8169,8169,8178,8071,8149,8168,8109,8187,8164,8151,8164,8134,4.193556785583496,sil,False
6,8191,8186,8196,8189,8168,8083,8151,8188,8247,8182,8169,8183,8171,8145,4.201470851898193,sil,False
7,8167,8158,8200,8173,8187,8086,8158,8172,8151,8194,8162,8147,8162,8120,4.209475994110107,sil,False
8,8170,8163,8199,8170,8190,8092,8156,8174,8187,8173,8139,8162,8161,8116,4.217459201812744,sil,False
9,8159,8159,8180,8158,8183,8102,8161,8178,8216,8163,8146,8159,8162,8115,4.225069999694824,sil,False
10,8159,8148,8173,8155,8197,8101,8168,8168,8128,8187,8163,8134,8159,8117,4.232577085494995,sil,False
11,8179,8181,8193,8172,8183,8086,8145,8173,8230,8170,8141,8168,8163,8124,4.240474462509155,sil,False
12,8178,8156,8176,8169,8182,8085,8153,8177,8162,8176,8155,8143,8163,8135,4.2488853931427,sil,False
13,8189,8160,8170,8177,8168,8086,8150,8175,8181,8174,8155,8154,8167,8143,4.256634473800659,sil,False
14,8173,8164,8155,8168,8156,8074,8135,8158,8182,8156,8133,8157,8163,8118,4.26466965675354,sil,False
15,8177,8150,8136,8154,8167,8085,8142,8148,8073,8174,8144,8130,8158,8121,4.272245168685913,sil,False
16,8194,8168,8154,8164,8150,8093,8127,8162,8193,8174,8146,8171,8163,8137,4.28024172782898,sil,False
17,8176,8142,8150,8163,8164,8084,8128,8158,8131,8180,8151,8151,8161,8121,4.287438631057739,sil,False
18,8194,8165,8159,8178,8183,8093,8130,8166,8154,8180,8154,8157,8161,8122,4.2954747676849365,sil,False
19,8186,8177,8165,8176,8174,8104,8128,8180,8237,8184,8161,8176,8165,8112,4.3034751415252686,sil,False
20,8177,8144,8152,8166,8176,8103,8140,8170,8132,8201,8178,8148,8163,8115,4.311461687088013,sil,False
21,8199,8171,8174,8182,8168,8102,8134,8170,8214,8170,8162,8177,8165,8136,4.319877862930298,sil,False
22,8188,8157,8182,8178,8187,8108,8144,8173,8158,8179,8159,8160,8160,8126,4.326876878738403,sil,False
22,8188,8157,8182,8178,8187,8108,8144,8173,8158,8179,8159,8160,8160,8126,4.3278772830963135,sil,False
23,8203,8162,8184,8180,8197,8115,8147,8178,8157,8195,8152,8162,8165,8121,4.335474729537964,sil,False
24,8199,8167,8170,8177,8181,8106,8137,8172,8232,8173,8147,8176,8171,8118,4.342471599578857,sil,False
25,8183,8135,8154,8167,8186,8104,8135,8155,8115,8176,8162,8145,8159,8115,4.35147500038147,sil,False
26,8189,8162,8170,8171,8168,8106,8117,8165,8193,8160,8137,8173,8161,8113,4.3594746589660645,sil,False
27,8164,8145,8148,8157,8168,8107,8134,8175,8156,8163,8130,8151,8164,8102,4.3664751052856445,sil,False
28,8166,8141,8135,8155,8174,8112,8144,8175,8124,8168,8137,8145,8160,8114,4.374291181564331,sil,False
29,8167,8160,8148,8154,8164,8110,8124,8169,8197,8157,8133,8170,8164,8112,4.382286548614502,sil,False
30,8168,8141,8152,8149,8193,8115,8132,8157,8098,8189,8150,8139,8164,8104,4.390474557876587,sil,False
31,8186,8167,8170,8167,8182,8121,8123,8155,8173,8171,8135,8166,8159,8101,4.398474454879761,sil,False
32,8179,8156,8163,8173,8171,8112,8128,8159,8160,8160,8148,8164,8158,8093,4.405498266220093,sil,False
33,8198,8161,8166,8183,8189,8108,8134,8168,8147,8177,8176,8160,8164,8116,4.414510011672974,sil,False
34,8183,8169,8163,8163,8171,8099,8111,8155,8209,8159,8146,8166,8160,8104,4.4214746952056885,sil,False
35,8150,8125,8128,8135,8171,8094,8125,8146,8059,8159,8134,8123,8152,8085,4.429474115371704,sil,False
36,8184,8162,8147,8171,8175,8099,8130,8174,8158,8150,8143,8160,8165,8108,4.437782764434815,sil,False
37,8183,8170,8150,8173,8176,8094,8124,8169,8180,8170,8152,8160,8165,8102,4.444782733917236,sil,False
37,8183,8170,8150,8173,8176,8094,8124,8169,8180,8170,8152,8160,8165,8102,4.4457831382751465,sil,False
38,8170,8144,8133,8149,8169,8090,8125,8154,8090,8187,8150,8139,8161,8101,4.45278263092041,sil,False
38,8170,8144,8133,8149,8169,8090,8125,8154,8090,8187,8150,8139,8161,8101,4.453783273696899,sil,False
39,8171,8155,8152,8160,8156,8082,8117,8167,8190,8158,8145,8165,8168,8103,4.460782766342163,sil,False
39,8171,8155,8152,8160,8156,8082,8117,8167,8190,8158,8145,8165,8168,8103,4.461782693862915,sil,False
40,8165,8135,8154,8164,8183,8079,8128,8161,8107,8169,8156,8136,8160,8089,4.468783140182495,sil,False
40,8165,8135,8154,8164,8183,8079,8128,8161,8107,8169,8156,8136,8160,8089,4.469783306121826,sil,False
41,8180,8157,8163,8159,8186,8089,8122,8157,8152,8167,8141,8160,8162,8096,4.475780963897705,sil,False
42,8166,8149,8159,8145,8177,8089,8124,8160,8174,8165,8143,8166,8164,8099,4.483781337738037,sil,False
42,8166,8149,8159,8145,8177,8089,8124,8160,8174,8165,8143,8166,8164,8099,4.484781980514526,sil,False
43,8162,8135,8150,8147,8179,8083,8133,8157,8106,8180,8149,8143,8159,8101,4.491781234741211,sil,False
43,8162,8135,8150,8147,8179,8083,8133,8157,8106,8180,8149,8143,8159,8101,4.492781400680542,sil,False
44,8172,8165,8158,8156,8158,8071,8114,8155,8197,8158,8126,8168,8165,8094,4.500782012939453,sil,False
45,8176,8151,8161,8161,8181,8067,8130,8154,8112,8173,8156,8145,8170,8097,4.507782220840454,sil,False
46,8199,8174,8195,8182,8203,8081,8134,8166,8176,8184,8187,8169,8174,8127,4.516468286514282,sil,False
47,8180,8175,8204,8184,8202,8095,8134,8178,8237,8181,8196,8183,8170,8125,4.524462461471558,sil,False
48,8196,8161,8186,8196,8216,8102,8164,8184,8177,8201,8209,8163,8169,8128,4.531992435455322,sil,False
49,8228,8186,8189,8206,8210,8094,8161,8188,8298,8196,8194,8188,8176,8147,4.5404746532440186,sil,False
50,8192,8154,8179,8169,8213,8095,8156,8175,8220,8207,8192,8156,8168,8145,4.547490358352661,sil,False
51,8178,8164,8187,8165,8187,8102,8145,8171,8213,8188,8178,8160,8164,8141,4.555490255355835,sil,False
52,8170,8175,8181,8168,8163,8095,8136,8170,8236,8167,8158,8162,8162,8117,4.563492298126221,sil,False
53,8183,8151,8156,8155,8194,8100,8148,8166,8129,8190,8157,8133,8158,8114,4.57149076461792,sil,False
54,8195,8167,8152,8155,8183,8105,8136,8159,8217,8169,8142,8169,8164,8125,4.579474925994873,sil,False
54,8195,8167,8152,8155,8183,8105,8136,8159,8217,8169,8142,8169,8164,8125,4.579836130142212,sil,False
55,8169,8152,8145,8156,8169,8102,8137,8150,8165,8178,8160,8154,8162,8121,4.58708119392395,sil,False
56,8196,8164,8165,8177,8168,8094,8137,8167,8195,8195,8165,8160,8157,8132,4.595088243484497,sil,False
57,8193,8159,8166,8171,8159,8083,8137,8169,8238,8177,8137,8168,8157,8121,4.6034746170043945,sil,False
58,8161,8134,8146,8151,8163,8083,8147,8149,8088,8178,8131,8135,8155,8111,4.6110999584198,sil,False
59,8178,8174,8179,8171,8154,8075,8127,8162,8196,8173,8136,8174,8160,8126,4.6185057163238525,sil,False
60,8195,8161,8194,8181,8172,8062,8142,8175,8192,8196,8163,8168,8159,8133,4.625835657119751,sil,False
61,8224,8162,8197,8185,8179,8076,8159,8173,8192,8210,8168,8171,8164,8151,4.633920192718506,sil,False
61,8224,8162,8197,8185,8179,8076,8159,8173,8192,8210,8168,8171,8164,8151,4.634912729263306,sil,False
62,8214,8181,8192,8174,8162,8082,8143,8173,8282,8201,8163,8189,8168,8154,4.642474174499512,sil,False
63,8194,8160,8170,8162,8171,8070,8151,8175,8178,8208,8180,8159,8160,8144,4.650770664215088,sil,False
64,8216,8186,8184,8180,8155,8068,8156,8185,8263,8188,8161,8185,8162,8144,4.658781290054321,sil,False
65,8206,8168,8170,8165,8158,8077,8170,8176,8229,8202,8157,8162,8159,8133,4.666780233383179,sil,False
66,8194,8159,8157,8153,8162,8080,8160,8163,8156,8201,8161,8152,8152,8131,4.674469947814941,sil,False
67,8187,8175,8165,8157,8133,8063,8130,8157,8201,8159,8139,8179,8153,8119,4.6814703941345215,sil,False
68,8187,8145,8155,8152,8148,8062,8142,8148,8088,8179,8154,8147,8153,8120,4.689308881759644,sil,False
69,8199,8176,8166,8167,8149,8073,8136,8162,8185,8195,8171,8172,8166,8146,4.697323560714722,sil,False
70,8181,8174,8158,8170,8138,8068,8139,8169,8192,8201,8172,8165,8164,8134,4.705469846725464,sil,False
71,8190,8162,8163,8172,8146,8069,8159,8167,8142,8200,8165,8152,8155,8126,4.713475942611694,sil,False
72,8195,8179,8191,8177,8141,8068,8146,8176,8245,8178,8160,8185,8165,8133,4.721479654312134,sil,False
73,8184,8161,8174,8174,8157,8064,8145,8170,8150,8198,8178,8158,8168,8138,4.729252338409424,sil,False
74,8198,8183,8169,8183,8157,8064,8132,8159,8177,8180,8162,8172,8163,8136,4.737246751785278,sil,False
75,8183,8170,8170,8174,8152,8064,8136,8156,8155,8159,8156,8162,8157,8121,4.745476007461548,sil,False
76,8191,8160,8175,8174,8159,8072,8151,8171,8115,8189,8181,8151,8161,8150,4.752475023269653,sil,False
77,8196,8183,8183,8180,8148,8072,8136,8178,8241,8196,8181,8187,8169,8164,4.760474920272827,sil,False
78,8173,8150,8175,8171,8161,8068,8142,8163,8141,8199,8194,8158,8167,8152,4.7685418128967285,sil,False
79,8197,8172,8196,8181,8161,8072,8137,8169,8200,8181,8192,8179,8172,8175,4.776859045028687,sil,False
80,8187,8174,8186,8171,8163,8071,8127,8165,8225,8187,8185,8182,8166,8166,4.783913850784302,sil,False
80,8187,8174,8186,8171,8163,8071,8127,8165,8225,8187,8185,8182,8166,8166,4.7849061489105225,sil,False
81,8169,8148,8159,8165,8174,8077,8134,8157,8107,8206,8185,8150,8154,8145,4.791905879974365,sil,False
82,8174,8167,8170,8179,8160,8083,8126,8175,8211,8180,8170,8179,8162,8144,4.800474882125855,sil,False
83,8165,8149,8156,8161,8175,8084,8137,8173,8147,8190,8178,8160,8157,8137,4.80847430229187,sil,False
84,8182,8165,8158,8160,8173,8090,8134,8168,8151,8175,8166,8168,8150,8137,4.815468788146973,sil,False
85,8173,8167,8170,8168,8161,8093,8136,8176,8182,8162,8161,8174,8156,8132,4.82348108291626,sil,False
86,8171,8146,8172,8162,8186,8090,8151,8176,8118,8193,8180,8151,8158,8141,4.831575870513916,sil,False
87,8178,8167,8179,8146,8173,8082,8122,8163,8211,8162,8161,8177,8157,8139,4.83947491645813,sil,False
88,8157,8142,8161,8130,8166,8082,8121,8150,8095,8144,8166,8151,8150,8120,4.847481489181519,sil,False
89,8177,8164,8169,8151,8165,8082,8130,8160,8087,8141,8175,8167,8152,8127,4.855865716934204,sil,False
90,8180,8182,8184,8147,8163,8076,8131,8168,8162,8133,8174,8185,8163,8130,4.8638691902160645,sil,False
91,8172,8154,8175,8124,8176,8089,8146,8167,8080,8160,8191,8153,8170,8140,4.871844291687012,sil,False
92,8174,8166,8171,8125,8151,8101,8135,8174,8180,8151,8178,8174,8168,8145,4.879546403884888,sil,False
93,8141,8133,8141,8109,8153,8102,8138,8173,8120,8162,8176,8149,8159,8122,4.886071681976318,sil,False
93,8141,8133,8141,8109,8153,8102,8138,8173,8120,8162,8176,8149,8159,8122,4.886991739273071,sil,False
94,8145,8141,8145,8118,8167,8116,8137,8179,8117,8182,8179,8161,8163,8129,4.893997669219971,sil,False
94,8145,8141,8145,8118,8167,8116,8137,8179,8117,8182,8179,8161,8163,8129,4.894992351531982,sil,False
95,8152,8168,8167,8136,8162,8126,8132,8185,8218,8176,8179,8191,8164,8131,4.902474880218506,sil,False
95,8152,8168,8167,8136,8162,8126,8132,8185,8218,8176,8179,8191,8164,8131,4.902992486953735,sil,False
96,8164,8150,8171,8138,8185,8138,8155,8175,8138,8181,8197,8157,8159,8132,4.910362243652344,sil,False
97,8184,8173,8190,8139,8175,8139,8141,8174,8216,8165,8190,8180,8169,8144,4.918461084365845,sil,False
98,8157,8155,8176,8122,8175,8128,8134,8172,8155,8168,8191,8164,8163,8131,4.926542520523071,sil,False
99,8176,8159,8181,8131,8185,8131,8138,8177,8131,8165,8185,8159,8158,8134,4.934586763381958,sil,False
100,8178,8169,8184,8134,8159,8120,8117,8173,8208,8152,8167,8180,8165,8137,4.94259238243103,sil,False
101,8151,8138,8138,8120,8163,8113,8124,8159,8078,8174,8190,8144,8161,8137,4.949473857879639,sil,False
102,8168,8169,8132,8134,8189,8133,8140,8176,8174,8161,8194,8172,8163,8146,4.9574384689331055,sil,False
103,8157,8156,8128,8130,8208,8146,8158,8191,8196,8174,8194,8165,8164,8136,4.965604782104492,sil,False
104,8156,8142,8116,8127,8189,8137,8161,8188,8163,8199,8195,8153,8161,8144,4.973484754562378,sil,False
105,8145,8158,8120,8121,8158,8126,8149,8181,8239,8171,8175,8173,8160,8141,4.981475114822388,sil,False
106,8119,8133,8117,8101,8186,8130,8162,8174,8118,8176,8172,8139,8155,8125,4.989462375640869,sil,False
107,8135,8151,8134,8112,8193,8122,8153,8180,8181,8174,8156,8160,8158,8127,4.997459173202515,sil,False
108,8122,8138,8127,8119,8181,8102,8145,8172,8179,8168,8157,8156,8157,8117,5.005474805831909,sil,False
109,8129,8132,8127,8125,8178,8107,8139,8161,8102,8164,8157,8147,8154,8113,5.012473821640015,sil,False
110,8146,8157,8144,8122,8165,8108,8124,8155,8183,8137,8138,8172,8161,8101,5.020474195480347,sil,False
110,8146,8157,8144,8122,8165,8108,8124,8155,8183,8137,8138,8172,8161,8101,5.021018743515015,sil,False
111,8139,8132,8125,8107,8186,8099,8148,8153,8092,8150,8164,8143,8163,8098,5.028451442718506,sil,False
112,8165,8158,8135,8129,8184,8098,8151,8167,8159,8151,8178,8173,8167,8123,5.036463737487793,sil,False
113,8161,8153,8144,8121,8172,8090,8142,8168,8176,8162,8182,8173,8163,8116,5.044475317001343,sil,False
114,8155,8124,8127,8102,8176,8083,8149,8161,8083,8171,8184,8143,8158,8111,5.0524749755859375,sil,False
115,8157,8144,8123,8118,8164,8080,8136,8167,8172,8136,8165,8176,8163,8119,5.060474634170532,sil,False
116,8148,8132,8121,8120,8185,8076,8146,8162,8098,8160,8183,8158,8163,8126,5.068444728851318,sil,False
117,8160,8152,8136,8121,8177,8072,8139,8166,8151,8170,8188,8168,8164,8138,5.076482057571411,sil,False
118,8149,8143,8133,8118,8155,8067,8127,8169,8180,8156,8180,8165,8164,8123,5.083467483520508,sil,False
119,8157,8125,8130,8118,8174,8069,8134,8161,8083,8166,8186,8142,8167,8132,5.091479539871216,sil,False
120,8161,8158,8144,8123,8163,8067,8128,8163,8196,8155,8177,8175,8170,8146,5.099474668502808,sil,False
121,8131,8136,8127,8117,8169,8076,8152,8169,8149,8180,8193,8148,8164,8138,5.107438325881958,sil,False
122,8142,8147,8137,8125,8177,8085,8161,8180,8173,8181,8186,8156,8166,8146,5.115475177764893,sil,False
123,8138,8149,8142,8113,8169,8073,8153,8173,8183,8157,8150,8162,8164,8131,5.123116254806519,sil,False
124,8145,8127,8137,8109,8179,8082,8166,8165,8067,8171,8148,8134,8151,8124,5.131644010543823,sil,False
125,8165,8164,8163,8130,8170,8099,8161,8177,8194,8159,8152,8176,8157,8138,5.139663219451904,sil,False
126,8143,8149,8149,8130,8179,8101,8169,8168,8133,8157,8159,8155,8162,8130,5.146019458770752,sil,False
126,8143,8149,8149,8130,8179,8101,8169,8168,8133,8157,8159,8155,8162,8130,5.147028207778931,sil,False
127,8167,8157,8158,8151,8192,8104,8166,8169,8127,8167,8152,8155,8167,8135,5.15447473526001,sil,False
240,8179,8168,8192,8155,8195,8110,8155,8180,8221,8167,8156,8182,8174,8143,5.162475347518921,sil,False
0,8166,8148,8185,8141,8204,8122,8171,8178,8136,8183,8179,8161,8167,8156,5.170448064804077,sil,False
1,8172,8174,8180,8147,8182,8129,8162,8177,8213,8158,8155,8183,8167,8159,5.1784491539001465,sil,False
2,8140,8148,8164,8128,8180,8122,8154,8158,8132,8154,8139,8146,8157,8127,5.186474084854126,sil,False
3,8136,8143,8160,8131,8184,8114,8145,8154,8096,8166,8134,8136,8149,8122,5.19447135925293,sil,False
4,8138,8158,8160,8141,8178,8109,8142,8167,8195,8162,8143,8172,8161,8131,5.202520370483398,sil,False
5,8142,8140,8152,8134,8198,8113,8166,8166,8118,8181,8174,8154,8168,8141,5.209503650665283,sil,False
6,8164,8170,8174,8148,8194,8118,8153,8167,8204,8168,8155,8171,8167,8153,5.217518329620361,sil,False
7,8147,8157,8168,8151,8204,8123,8152,8167,8173,8177,8154,8149,8160,8143,5.225475311279297,sil,False
8,8151,8153,8162,8157,8212,8130,8162,8171,8144,8188,8168,8154,8161,8143,5.233474493026733,sil,False
9,8147,8168,8159,8154,8191,8121,8152,8178,8229,8169,8153,8180,8163,8131,5.241474866867065,sil,False
10,8136,8140,8132,8144,8209,8124,8168,8176,8120,8190,8160,8138,8156,8129,5.249464273452759,sil,False
11,8153,8166,8147,8160,8203,8138,8162,8178,8195,8186,8162,8166,8163,8136,5.257467746734619,sil,False
12,8134,8156,8148,8146,8191,8138,8156,8170,8181,8181,8164,8162,8166,8114,5.265475273132324,sil,False
13,8147,8147,8141,8139,8205,8139,8166,8176,8130,8186,8169,8146,8163,8129,5.272496700286865,sil,False
14,8163,8175,8160,8153,8200,8141,8162,8193,8248,8177,8171,8179,8169,8152,5.280496597290039,sil,False
15,8150,8151,8152,8150,8207,8142,8172,8188,8165,8203,8189,8153,8172,8145,5.2884743213653564,sil,False
16,8160,8166,8152,8154,8189,8138,8154,8178,8213,8189,8166,8169,8169,8139,5.2964746952056885,sil,False
17,8139,8156,8142,8141,8177,8139,8144,8167,8197,8170,8154,8164,8156,8129,5.304386377334595,sil,False
18,8134,8146,8136,8137,8184,8158,8162,8166,8115,8180,8168,8147,8153,8133,5.3123860359191895,sil,False
19,8147,8172,8150,8147,8168,8162,8159,8182,8226,8172,8157,8173,8166,8131,5.320391654968262,sil,False
20,8150,8150,8150,8148,8188,8169,8169,8184,8155,8195,8165,8144,8166,8130,5.3284687995910645,sil,False
21,8178,8177,8179,8170,8201,8195,8165,8186,8216,8188,8164,8165,8166,8146,5.336482048034668,sil,False
22,8157,8172,8175,8161,8190,8197,8162,8180,8228,8169,8153,8162,8162,8133,5.343481540679932,sil,False
23,8137,8143,8157,8143,8182,8190,8168,8171,8118,8176,8150,8134,8159,8126,5.351475238800049,sil,False
24,8147,8172,8181,8157,8154,8192,8150,8174,8217,8154,8133,8169,8163,8130,5.359474897384644,sil,False
25,8145,8155,8176,8160,8161,8192,8165,8168,8137,8160,8142,8144,8157,8123,5.367439270019531,sil,False
26,8161,8163,8170,8156,8166,8190,8166,8164,8151,8154,8144,8153,8160,8131,5.37555456161499,sil,False
27,8135,8163,8155,8143,8158,8185,8147,8162,8184,8157,8143,8158,8160,8120,5.383552074432373,sil,False
28,8126,8152,8140,8145,8168,8185,8148,8162,8090,8183,8149,8133,8153,8120,5.391584157943726,sil,False
29,8148,8179,8153,8153,8160,8188,8134,8169,8197,8157,8135,8171,8165,8130,5.399583578109741,sil,False
30,8137,8152,8136,8143,8176,8183,8146,8163,8139,8163,8152,8148,8170,8115,5.406476020812988,sil,False
31,8142,8164,8132,8161,8176,8174,8153,8169,8145,8174,8147,8147,8163,8110,5.414489030838013,sil,False
32,8123,8171,8132,8161,8146,8165,8147,8170,8176,8162,8130,8156,8161,8097,5.422487497329712,sil,False
33,8117,8146,8120,8142,8148,8177,8160,8156,8059,8165,8145,8133,8162,8097,5.430474758148193,sil,False
34,8147,8173,8139,8152,8148,8188,8152,8160,8173,8152,8140,8172,8171,8112,5.438502550125122,sil,False
35,8143,8160,8151,8160,8172,8188,8160,8170,8159,8188,8161,8161,8173,8121,5.446268796920776,sil,False
36,8150,8169,8161,8165,8171,8184,8159,8174,8172,8204,8174,8168,8171,8141,5.454444408416748,sil,False
37,8131,8170,8139,8138,8136,8173,8141,8164,8205,8154,8146,8176,8161,8120,5.46244478225708,sil,False
38,8125,8140,8111,8127,8152,8175,8156,8159,8066,8163,8155,8140,8157,8111,5.469474792480469,sil,False
39,8154,8180,8145,8166,8155,8180,8146,8174,8191,8171,8164,8180,8170,8138,5.477438688278198,sil,False
40,8152,8162,8153,8147,8142,8172,8144,8162,8162,8154,8168,8160,8164,8123,5.485475301742554,sil,False
41,8169,8150,8146,8113,8137,8165,8153,8154,8095,8150,8160,8144,8159,8114,5.493471384048462,sil,False
42,8148,8172,8139,8126,8144,8164,8149,8163,8177,8157,8153,8172,8168,8118,5.50147557258606,sil,False
43,8115,8154,8119,8162,8176,8170,8163,8162,8091,8161,8175,8143,8162,8124,5.509692907333374,sil,False
44,8146,8174,8143,8190,8168,8173,8156,8165,8176,8141,8173,8168,8165,8137,5.517707824707031,sil,False
45,8136,8169,8141,8169,8166,8167,8155,8157,8159,8164,8171,8161,8165,8125,5.525704860687256,sil,False
45,8136,8169,8141,8169,8166,8167,8155,8157,8159,8164,8171,8161,8165,8125,5.525858402252197,sil,False
46,8120,8167,8125,8170,8175,8170,8158,8159,8114,8172,8167,8150,8162,8128,5.5333778858184814,sil,False
47,8128,8162,8142,8187,8164,8167,8157,8174,8219,8142,8168,8178,8171,8139,5.540379524230957,sil,False
48,8136,8116,8148,8168,8182,8159,8173,8172,8144,8178,8203,8156,8175,8147,5.548378229141235,sil,False
49,8154,8147,8152,8159,8183,8148,8152,8172,8210,8184,8196,8171,8168,8150,5.556377649307251,sil,False
50,8133,8150,8143,8158,8194,8138,8150,8170,8183,8166,8181,8152,8153,8127,5.564377307891846,sil,False
51,8138,8142,8150,8173,8207,8147,8165,8166,8129,8177,8180,8144,8152,8128,5.572378158569336,sil,False
52,8140,8154,8159,8168,8179,8146,8144,8164,8229,8170,8164,8173,8161,8128,5.580376863479614,sil,False
53,8116,8119,8136,8148,8192,8144,8155,8160,8110,8177,8183,8132,8159,8123,5.588380098342896,sil,False
54,8141,8153,8146,8184,8206,8148,8165,8179,8186,8170,8200,8159,8163,8147,5.596377372741699,sil,False
55,8155,8163,8147,8190,8197,8143,8173,8184,8233,8184,8202,8171,8162,8147,5.603377103805542,sil,False
56,8159,8139,8151,8159,8195,8141,8176,8172,8141,8202,8204,8146,8158,8145,5.61137843132019,sil,False
57,8143,8154,8180,8157,8188,8136,8153,8174,8228,8171,8199,8174,8165,8146,5.619344711303711,goodbye,True
58,8125,8141,8173,8162,8205,8142,8167,8178,8165,8202,8227,8154,8164,8148,5.627358436584473,goodbye,True
59,8156,8166,8175,8177,8194,8149,8175,8193,8228,8226,8221,8167,8162,8163,5.635475397109985,goodbye,True
60,8144,8148,8155,8162,8185,8142,8170,8190,8250,8207,8194,8162,8158,8146,5.643475770950317,goodbye,True
61,8127,8122,8127,8143,8204,8143,8169,8171,8135,8205,8197,8136,8155,8136,5.651475667953491,goodbye,True
62,8132,8160,8153,8154,8183,8142,8151,8176,8234,8185,8196,8167,8159,8140,5.659475088119507,goodbye,True
63,8116,8143,8157,8162,8188,8136,8159,8181,8176,8193,8219,8149,8160,8136,5.667622089385986,goodbye,True
64,8134,8153,8146,8177,8194,8138,8158,8185,8191,8186,8218,8164,8165,8145,5.674582958221436,goodbye,True
65,8139,8157,8132,8158,8176,8134,8152,8177,8218,8183,8207,8171,8169,8142,5.682475090026856,goodbye,True
66,8139,8141,8132,8144,8187,8129,8166,8171,8133,8219,8234,8148,8171,8160,5.690532922744751,goodbye,True
67,8144,8172,8158,8165,8185,8133,8170,8194,8278,8215,8234,8181,8174,8178,5.698532581329346,goodbye,True
68,8130,8148,8142,8157,8195,8138,8188,8199,8235,8221,8231,8150,8164,8168,5.706608772277832,goodbye,True
69,8152,8152,8141,8156,8200,8134,8175,8184,8210,8225,8233,8158,8165,8175,5.714555978775024,goodbye,True
70,8137,8162,8141,8145,8183,8131,8163,8178,8253,8207,8223,8169,8164,8156,5.722668170928955,goodbye,True
71,8121,8139,8124,8140,8192,8134,8183,8180,8145,8204,8217,8126,8151,8135,5.730684041976929,goodbye,True
72,8154,8174,8148,8171,8194,8111,8144,8173,8219,8183,8212,8167,8159,8147,5.737317800521851,goodbye,True
73,8153,8160,8150,8171,8210,8095,8129,8159,8152,8199,8240,8165,8163,8147,5.745309114456177,goodbye,True
74,8156,8150,8146,8165,8213,8110,8156,8175,8147,8207,8250,8164,8160,8149,5.753474950790405,goodbye,True
75,8149,8165,8148,8163,8201,8105,8157,8181,8244,8190,8234,8182,8163,8146,5.761222362518311,goodbye,True
76,8136,8147,8136,8158,8220,8102,8158,8157,8121,8202,8233,8146,8157,8143,5.769222259521484,goodbye,True
77,8145,8160,8140,8164,8211,8121,8148,8163,8191,8179,8224,8173,8164,8148,5.77721381187439,goodbye,True
78,8146,8150,8130,8164,8220,8128,8159,8180,8202,8196,8252,8166,8179,8156,5.785214900970459,goodbye,True
79,8175,8167,8144,8182,8238,8132,8169,8188,8219,8239,8272,8164,8182,8186,5.793216466903687,goodbye,True
80,8174,8182,8163,8185,8221,8122,8151,8184,8300,8225,8252,8188,8174,8185,5.800216674804688,goodbye,True
81,8154,8149,8143,8169,8225,8127,8158,8171,8171,8210,8249,8148,8161,8167,5.808006286621094,goodbye,True
81,8154,8149,8143,8169,8225,8127,8158,8171,8171,8210,8249,8148,8161,8167,5.808917760848999,goodbye,True
82,8167,8174,8158,8178,8200,8141,8152,8175,8234,8177,8226,8166,8162,8169,5.81592869758606,goodbye,True
83,8145,8161,8173,8172,8175,8110,8145,8171,8201,8183,8215,8157,8158,8141,5.824827432632446,goodbye,True
84,8147,8155,8176,8174,8186,8088,8150,8168,8141,8197,8209,8138,8154,8126,5.832363605499268,goodbye,True
85,8153,8179,8191,8181,8188,8114,8156,8182,8244,8168,8196,8170,8161,8133,5.840374231338501,goodbye,True
86,8137,8160,8173,8175,8196,8133,8177,8189,8160,8191,8209,8147,8159,8133,5.848415374755859,goodbye,True
87,8166,8181,8168,8183,8185,8116,8160,8184,8218,8187,8198,8165,8161,8143,5.856475591659546,goodbye,True
88,8157,8160,8163,8168,8193,8110,8149,8166,8193,8166,8202,8156,8159,8139,5.863475322723389,goodbye,True
89,8144,8151,8170,8175,8217,8133,8161,8166,8130,8185,8230,8142,8161,8142,5.871476411819458,goodbye,True
90,8166,8192,8192,8201,8200,8133,8148,8182,8275,8198,8228,8181,8175,8154,5.879474639892578,goodbye,True
91,8172,8162,8180,8186,8209,8119,8152,8173,8196,8216,8238,8152,8168,8162,5.887439727783203,goodbye,True
92,8174,8168,8184,8177,8204,8114,8151,8174,8218,8190,8228,8161,8157,8168,5.895471811294556,goodbye,True
93,8149,8175,8183,8175,8189,8120,8166,8183,8248,8182,8215,8163,8156,8149,5.9034583568573,goodbye,True
94,8155,8164,8183,8189,8199,8125,8183,8189,8192,8206,8227,8144,8162,8151,5.911463499069214,goodbye,True
95,8167,8185,8208,8200,8193,8121,8159,8183,8278,8190,8217,8176,8164,8155,5.919468641281128,goodbye,True
96,8151,8172,8206,8188,8214,8143,8170,8162,8165,8200,8212,8148,8153,8144,5.927480697631836,goodbye,True
97,8168,8192,8209,8198,8220,8164,8175,8173,8194,8189,8209,8163,8162,8161,5.934625625610352,goodbye,True
98,8154,8192,8192,8194,8198,8138,8161,8181,8253,8172,8216,8172,8174,8159,5.942475557327271,goodbye,True
99,8155,8188,8179,8191,8207,8133,8166,8173,8177,8206,8228,8141,8168,8164,5.950473785400391,goodbye,True
100,8192,8235,8207,8203,8214,8159,8157,8190,8314,8208,8221,8179,8171,8187,5.958674430847168,goodbye,True
101,8181,8198,8201,8188,8223,8155,8168,8197,8270,8213,8243,8164,8176,8189,5.966475009918213,goodbye,True
102,8176,8182,8193,8186,8206,8134,8166,8188,8246,8198,8229,8167,8172,8186,5.974448204040527,goodbye,True
103,8168,8190,8185,8182,8194,8139,8148,8175,8248,8162,8197,8169,8161,8168,5.98244833946228,goodbye,True
104,8170,8176,8177,8179,8212,8158,8148,8159,8119,8162,8208,8139,8152,8165,5.990474462509155,goodbye,True
105,8184,8200,8208,8191,8200,8161,8141,8159,8217,8143,8191,8176,8153,8166,5.997437477111816,goodbye,True
106,8166,8175,8208,8180,8208,8151,8151,8165,8172,8150,8185,8159,8152,8149,6.00547456741333,goodbye,True
107,8176,8179,8202,8184,8204,8140,8144,8176,8173,8172,8194,8166,8163,8165,6.013838052749634,goodbye,True
108,8168,8191,8197,8183,8173,8131,8137,8176,8252,8174,8189,8185,8166,8163,6.021839618682861,goodbye,True
109,8145,8151,8172,8159,8174,8123,8147,8157,8114,8169,8185,8144,8154,8147,6.029474973678589,goodbye,True
110,8154,8171,8183,8168,8156,8106,8120,8162,8168,8137,8168,8169,8162,8157,6.037441253662109,goodbye,True
111,8155,8177,8192,8177,8170,8107,8131,8173,8176,8180,8193,8166,8171,8169,6.0454747676849365,goodbye,True
112,8187,8193,8210,8191,8199,8135,8159,8177,8195,8218,8209,8170,8169,8189,6.053764820098877,goodbye,True
113,8189,8205,8210,8191,8178,8123,8149,8172,8260,8169,8197,8186,8165,8184,6.0607750415802,goodbye,True
114,8166,8176,8176,8174,8173,8100,8148,8165,8129,8161,8209,8153,8159,8171,6.06879186630249,goodbye,True
115,8191,8203,8192,8191,8175,8104,8141,8172,8212,8172,8195,8184,8165,8185,6.076629161834717,goodbye,True
116,8187,8192,8205,8200,8183,8105,8144,8163,8210,8185,8193,8176,8164,8187,6.084038019180298,goodbye,True
117,8187,8189,8203,8203,8176,8109,8146,8167,8180,8192,8219,8165,8167,8189,6.092037200927734,goodbye,True
118,8179,8199,8194,8194,8141,8105,8133,8179,8271,8178,8214,8183,8171,8176,6.100759983062744,goodbye,True
119,8155,8158,8170,8180,8152,8098,8146,8167,8135,8178,8205,8144,8157,8165,6.108759164810181,goodbye,True
120,8176,8183,8188,8195,8157,8111,8147,8173,8186,8161,8196,8171,8162,8178,6.116284370422363,goodbye,True
121,8175,8180,8186,8188,8158,8128,8155,8177,8205,8180,8217,8172,8172,8178,6.124789476394653,goodbye,True
122,8181,8170,8176,8189,8173,8131,8162,8177,8156,8201,8236,8167,8166,8192,6.131327152252197,goodbye,True
123,8190,8199,8187,8209,8170,8124,8146,8190,8271,8179,8220,8199,8165,8196,6.139469623565674,goodbye,True
124,8180,8175,8179,8205,8179,8129,8160,8183,8199,8203,8232,8160,8165,8190,6.147502422332764,goodbye,True
125,8191,8185,8196,8205,8156,8121,8149,8175,8244,8202,8232,8180,8170,8200,6.15547513961792,goodbye,True
126,8179,8182,8204,8195,8148,8108,8138,8176,8239,8183,8220,8183,8161,8183,6.163873910903931,goodbye,True
127,8204,8178,8214,8206,8176,8126,8167,8181,8175,8196,8218,8162,8157,8187,6.171877384185791,goodbye,True
240,8214,8203,8229,8221,8164,8136,8163,8184,8296,8186,8218,8194,8171,8204,6.179474115371704,goodbye,True
0,8181,8180,8209,8210,8167,8128,8155,8180,8204,8199,8235,8164,8167,8195,6.187437534332275,goodbye,True
0,8181,8180,8209,8210,8167,8128,8155,8180,8204,8199,8235,8164,8167,8195,6.187887668609619,goodbye,True
1,8199,8194,8223,8216,8175,8117,8147,8185,8224,8196,8212,8174,8164,8192,6.195242881774902,goodbye,True
2,8184,8185,8223,8203,8177,8108,8149,8190,8256,8188,8200,8178,8164,8181,6.202327013015747,goodbye,True
3,8177,8168,8198,8195,8182,8123,8168,8202,8180,8200,8221,8159,8161,8196,6.210326433181763,goodbye,True
4,8192,8201,8209,8209,8158,8125,8161,8205,8281,8181,8205,8189,8165,8208,6.218474388122559,goodbye,True
5,8166,8176,8205,8203,8175,8104,8165,8193,8200,8199,8207,8159,8157,8186,6.226495265960693,goodbye,True
6,8182,8182,8213,8210,8194,8105,8163,8207,8226,8210,8212,8169,8154,8185,6.234586238861084,goodbye,True
7,8177,8179,8202,8198,8183,8109,8150,8197,8257,8182,8196,8180,8154,8173,6.242474317550659,goodbye,True
8,8149,8143,8159,8171,8179,8099,8149,8170,8103,8172,8184,8140,8153,8160,6.250523090362549,goodbye,True
9,8149,8168,8156,8172,8151,8097,8141,8189,8189,8165,8173,8171,8162,8168,6.257522821426392,goodbye,True
10,8152,8161,8154,8171,8152,8109,8163,8200,8160,8186,8191,8162,8163,8168,6.265475273132324,goodbye,True
11,8180,8169,8163,8176,8167,8123,8168,8192,8160,8175,8190,8165,8163,8181,6.273474454879761,goodbye,True
12,8171,8177,8175,8178,8178,8125,8152,8195,8225,8156,8190,8184,8165,8186,6.281475305557251,sil,False
13,8167,8162,8183,8192,8207,8133,8165,8205,8167,8201,8220,8160,8164,8196,6.289011240005493,sil,False
14,8195,8192,8204,8207,8202,8140,8165,8215,8300,8215,8213,8184,8172,8211,6.297008275985718,sil,False
15,8173,8167,8188,8180,8210,8146,8178,8215,8267,8228,8220,8170,8175,8205,6.306010723114014,sil,False
16,8180,8166,8190,8188,8221,8163,8181,8226,8254,8240,8227,8177,8169,8210,6.3134706020355225,sil,False
17,8188,8184,8199,8199,8195,8164,8165,8226,8312,8216,8197,8186,8158,8195,6.321480751037598,sil,False
18,8168,8158,8178,8176,8195,8160,8172,8207,8178,8216,8197,8145,8155,8183,6.328491449356079,sil,False
19,8170,8174,8178,8176,8196,8157,8160,8215,8271,8206,8197,8178,8167,8197,6.336474418640137,sil,False
20,8151,8142,8153,8167,8200,8157,8161,8212,8236,8204,8195,8160,8162,8183,6.344462156295776,sil,False
21,8149,8137,8135,8160,8187,8160,8170,8193,8145,8198,8185,8145,8153,8170,6.352462291717529,sil,False
22,8151,8168,8145,8165,8175,8153,8169,8199,8229,8188,8181,8178,8165,8168,6.360474348068237,sil,False
23,8157,8151,8144,8172,8208,8160,8190,8224,8184,8227,8220,8155,8173,8189,6.36846923828125,sil,False
24,8186,8186,8167,8190,8196,8175,8190,8244,8298,8235,8226,8181,8176,8214,6.376474618911743,sil,False
25,8173,8178,8164,8176,8192,8173,8192,8230,8283,8234,8225,8167,8164,8198,6.384475469589233,sil,False
26,8176,8161,8147,8173,8219,8169,8185,8217,8192,8225,8229,8150,8160,8196,6.391474485397339,sil,False
27,8180,8183,8152,8182,8206,8170,8165,8221,8255,8190,8207,8179,8164,8192,6.399463176727295,sil,False
28,8166,8153,8153,8168,8203,8174,8185,8212,8146,8200,8204,8145,8154,8181,6.407461166381836,sil,False
29,8178,8161,8176,8168,8194,8169,8166,8207,8197,8180,8194,8168,8160,8190,6.4154746532440186,sil,False
30,8167,8159,8176,8163,8188,8171,8148,8202,8216,8181,8203,8176,8169,8192,6.423952579498291,sil,False
31,8184,8163,8176,8172,8204,8184,8168,8208,8183,8218,8220,8161,8163,8213,6.431476593017578,sil,False
32,8194,8183,8181,8179,8201,8179,8168,8220,8296,8203,8206,8183,8166,8220,6.439475536346436,sil,False
33,8169,8153,8154,8168,8214,8173,8181,8216,8208,8221,8216,8156,8171,8210,6.447438478469849,sil,False
34,8190,8181,8164,8186,8211,8178,8179,8221,8260,8224,8214,8179,8170,8221,6.454474925994873,sil,False
35,8180,8178,8156,8187,8207,8165,8167,8220,8262,8200,8205,8175,8159,8208,6.462474822998047,sil,False
36,8172,8155,8132,8186,8222,8145,8169,8216,8152,8201,8207,8145,8158,8199,6.470474481582642,sil,False
37,8185,8185,8146,8193,8203,8134,8160,8217,8256,8194,8196,8178,8166,8198,6.478469371795654,sil,False
38,8162,8160,8131,8177,8208,8140,8170,8199,8156,8201,8204,8146,8157,8179,6.486491441726685,sil,False
39,8164,8164,8129,8187,8214,8146,8161,8202,8155,8180,8195,8157,8156,8178,6.4944939613342285,sil,False
40,8164,8173,8141,8189,8208,8130,8152,8211,8222,8181,8194,8176,8166,8183,6.502474546432495,sil,False
41,8173,8162,8143,8185,8219,8138,8175,8208,8168,8218,8214,8153,8170,8204,6.510476112365723,sil,False
42,8179,8184,8159,8196,8206,8148,8174,8216,8283,8202,8200,8181,8168,8213,6.518466472625732,sil,False
43,8154,8157,8150,8184,8212,8123,8171,8212,8200,8200,8198,8158,8155,8192,6.525461435317993,sil,False
44,8180,8167,8165,8188,8219,8126,8168,8210,8192,8209,8201,8172,8158,8210,6.53373122215271,sil,False
45,8186,8180,8179,8200,8222,8163,8180,8215,8269,8205,8212,8193,8170,8216,6.541743278503418,sil,False
46,8171,8160,8156,8193,8240,8167,8205,8216,8190,8212,8221,8155,8165,8197,6.549755811691284,sil,False
47,8167,8175,8144,8178,8220,8137,8187,8218,8266,8187,8183,8169,8158,8177,6.557438373565674,sil,False
48,8146,8149,8113,8162,8216,8134,8190,8214,8197,8200,8178,8151,8154,8162,6.565474987030029,sil,False
48,8146,8149,8113,8162,8216,8134,8190,8214,8197,8200,8178,8151,8154,8162,6.566139936447144,sil,False
49,8177,8171,8103,8187,8226,8148,8203,8217,8203,8214,8192,8164,8164,8185,6.573154926300049,sil,False
49,8177,8171,8103,8187,8226,8148,8203,8217,8203,8214,8192,8164,8164,8185,6.573891639709473,sil,False
50,8173,8190,8094,8191,8226,8136,8187,8205,8259,8185,8185,8176,8166,8180,6.581614017486572,sil,False
50,8173,8190,8094,8191,8226,8136,8187,8205,8259,8185,8185,8176,8166,8180,6.581960916519165,sil,False
51,8157,8161,8081,8178,8240,8139,8192,8196,8132,8194,8200,8148,8157,8174,6.58796763420105,sil,False
52,8193,8196,8113,8201,8223,8151,8192,8211,8250,8197,8204,8193,8170,8203,6.595975637435913,sil,False
52,8193,8196,8113,8201,8223,8151,8192,8211,8250,8197,8204,8193,8170,8203,6.596969366073608,sil,False
53,8187,8182,8114,8196,8222,8136,8197,8202,8230,8201,8211,8174,8170,8204,6.604031801223755,sil,False
54,8187,8171,8119,8190,8237,8131,8191,8192,8177,8204,8212,8160,8162,8200,6.612064599990845,sil,False
55,8181,8187,8132,8193,8225,8136,8179,8203,8257,8194,8207,8185,8168,8193,6.6200573444366455,sil,False
56,8170,8167,8115,8197,8232,8130,8195,8205,8165,8213,8217,8156,8166,8195,6.628561019897461,sil,False
57,8193,8190,8125,8210,8230,8123,8182,8203,8232,8200,8194,8182,8164,8201,6.6365647315979,sil,False
58,8186,8176,8132,8197,8243,8131,8186,8197,8210,8197,8192,8170,8161,8186,6.644565105438232,sil,False
59,8185,8170,8122,8192,8248,8141,8200,8202,8173,8200,8197,8157,8159,8192,6.652568578720093,sil,False
60,8168,8181,8106,8189,8216,8132,8186,8208,8261,8181,8173,8180,8163,8185,6.659566879272461,sil,False
61,8148,8148,8097,8173,8228,8141,8202,8201,8155,8207,8188,8155,8162,8173,6.667565107345581,sil,False
62,8174,8175,8131,8197,8232,8153,8202,8209,8235,8201,8195,8185,8169,8184,6.675031661987305,sil,False
63,8181,8179,8124,8206,8231,8134,8191,8204,8242,8195,8188,8176,8172,8181,6.682986497879028,sil,False
64,8198,8171,8105,8190,8243,8131,8194,8191,8165,8201,8195,8160,8167,8188,6.690988063812256,sil,False
65,8186,8185,8117,8181,8226,8142,8186,8192,8255,8174,8197,8193,8165,8184,6.698987245559692,sil,False
66,8153,8156,8109,8181,8230,8138,8187,8185,8153,8191,8212,8161,8161,8164,6.70787787437439,sil,False
67,8187,8184,8135,8202,8231,8135,8179,8190,8212,8197,8213,8185,8170,8179,6.715332746505737,sil,False
68,8212,8185,8154,8203,8228,8134,8201,8202,8263,8195,8218,8197,8171,8190,6.722472429275513,sil,False
69,8223,8167,8149,8195,8227,8135,8223,8205,8196,8205,8220,8176,8165,8197,6.730567455291748,sil,False
70,8207,8188,8155,8190,8208,8133,8198,8199,8284,8184,8204,8192,8167,8195,6.738464117050171,sil,False
71,8167,8167,8134,8183,8229,8131,8201,8192,8200,8195,8217,8159,8163,8181,6.746474504470825,sil,False
72,8191,8188,8130,8205,8229,8127,8199,8206,8235,8190,8213,8180,8166,8187,6.754474401473999,sil,False
73,8200,8189,8134,8200,8207,8118,8199,8206,8264,8199,8213,8188,8169,8191,6.762474536895752,sil,False
74,8197,8169,8144,8190,8218,8121,8214,8197,8200,8237,8238,8166,8171,8206,6.770671367645264,sil,False
75,8201,8193,8160,8209,8206,8116,8191,8200,8316,8203,8230,8199,8170,8206,6.778470516204834,sil,False
76,8191,8170,8141,8202,8205,8117,8192,8189,8214,8188,8234,8167,8155,8188,6.786474704742432,sil,False
77,8202,8175,8147,8199,8201,8134,8194,8191,8208,8196,8237,8169,8160,8199,6.7934746742248535,sil,False
78,8185,8183,8142,8199,8190,8130,8191,8201,8268,8203,8232,8185,8172,8190,6.801214933395386,sil,False
79,8192,8172,8138,8207,8202,8124,8211,8202,8205,8234,8249,8165,8171,8188,6.809444904327393,sil,False
80,8206,8193,8173,8216,8190,8125,8202,8205,8324,8228,8249,8196,8173,8192,6.817459344863892,sil,False
81,8174,8158,8160,8196,8187,8122,8202,8192,8236,8221,8256,8170,8167,8173,6.825474739074707,sil,False
82,8190,8164,8150,8204,8183,8119,8203,8191,8211,8214,8252,8176,8164,8189,6.833424806594849,sil,False
83,8201,8183,8154,8206,8174,8116,8199,8203,8307,8225,8247,8197,8170,8208,6.841474771499634,sil,False
84,8193,8163,8144,8193,8188,8123,8220,8208,8231,8250,8267,8159,8169,8215,6.849473714828491,sil,False
85,8207,8184,8158,8201,8174,8128,8217,8214,8315,8216,8262,8184,8168,8214,6.856281995773315,sil,False
86,8201,8167,8158,8201,8178,8132,8218,8208,8265,8226,8270,8176,8166,8200,6.864278793334961,sil,False
87,8220,8185,8165,8216,8184,8139,8218,8205,8253,8250,8281,8182,8169,8215,6.872474670410156,sil,False
88,8220,8203,8180,8215,8166,8131,8205,8200,8324,8223,8278,8198,8171,8218,6.880474328994751,sil,False
89,8211,8164,8177,8201,8179,8136,8218,8195,8210,8225,8281,8162,8162,8211,6.888474225997925,sil,False
90,8223,8187,8186,8209,8174,8145,8209,8204,8294,8213,8261,8198,8167,8216,6.89633584022522,sil,False
90,8223,8187,8186,8209,8174,8145,8209,8204,8294,8213,8261,8198,8167,8216,6.897338151931763,sil,False
91,8196,8177,8177,8203,8167,8133,8204,8202,8268,8216,8269,8190,8169,8201,6.904762983322144,sil,False
92,8208,8175,8189,8211,8171,8135,8211,8198,8232,8226,8280,8177,8165,8209,6.912760019302368,sil,False
93,8231,8206,8210,8225,8170,8147,8212,8208,8333,8207,8271,8200,8168,8213,6.919468641281128,sil,False
94,8225,8189,8193,8226,8192,8151,8222,8201,8227,8215,8286,8166,8161,8199,6.927438259124756,sil,False
95,8233,8202,8194,8235,8181,8150,8203,8193,8267,8201,8266,8182,8163,8200,6.935248851776123,sil,False
96,8220,8187,8188,8228,8179,8155,8204,8187,8248,8196,8259,8178,8170,8195,6.943245887756348,sil,False
97,8225,8182,8189,8230,8187,8163,8210,8185,8200,8193,8273,8170,8168,8205,6.951256275177002,sil,False
98,8219,8198,8199,8227,8162,8156,8190,8186,8281,8175,8256,8186,8166,8200,6.959474802017212,sil,False
99,8202,8167,8183,8209,8180,8154,8204,8186,8178,8217,8255,8155,8168,8189,6.967438459396362,sil,False
100,8218,8189,8193,8219,8184,8161,8205,8199,8259,8223,8253,8187,8172,8209,6.975934028625488,sil,False
101,8190,8187,8180,8214,8174,8153,8199,8198,8278,8204,8264,8182,8160,8202,6.982474565505981,sil,False
102,8191,8176,8179,8215,8187,8151,8208,8200,8203,8214,8274,8159,8159,8193,6.990778923034668,sil,False
103,8217,8198,8213,8227,8184,8151,8198,8211,8307,8206,8261,8194,8170,8198,6.998614311218262,sil,False
104,8200,8172,8196,8212,8194,8158,8209,8199,8212,8208,8271,8166,8161,8195,7.006617069244385,sil,False
105,8208,8195,8196,8220,8192,8168,8211,8201,8249,8199,8267,8180,8163,8196,7.014649629592896,sil,False
106,8216,8201,8219,8233,8199,8159,8208,8214,8304,8212,8272,8191,8173,8191,7.022475004196167,sil,False
107,8225,8182,8214,8234,8212,8155,8209,8212,8233,8234,8287,8166,8168,8203,7.030783891677856,sil,False
108,8211,8191,8194,8217,8181,8158,8193,8202,8290,8198,8253,8179,8163,8192,7.038030624389648,sil,False
109,8177,8151,8171,8184,8175,8151,8200,8185,8164,8189,8241,8148,8158,8170,7.045045137405396,sil,False
109,8177,8151,8171,8184,8175,8151,8200,8185,8164,8189,8241,8148,8158,8170,7.046040773391724,sil,False
110,8203,8173,8199,8201,8179,8146,8186,8192,8190,8188,8257,8177,8170,8196,7.053045034408569,sil,False
110,8203,8173,8199,8201,8179,8146,8186,8192,8190,8188,8257,8177,8170,8196,7.0540406703948975,sil,False
111,8215,8194,8222,8219,8185,8152,8180,8196,8255,8191,8277,8201,8184,8210,7.061474084854126,sil,False
112,8218,8173,8218,8210,8207,8168,8205,8193,8184,8216,8284,8173,8176,8218,7.069474220275879,sil,False
113,8216,8191,8207,8209,8188,8166,8191,8198,8298,8194,8253,8188,8166,8216,7.077438354492188,sil,False
114,8181,8170,8162,8203,8183,8162,8187,8187,8214,8195,8250,8157,8158,8193,7.085494756698608,sil,False
115,8199,8178,8165,8213,8189,8172,8184,8181,8200,8207,8251,8173,8164,8197,7.0938334465026855,sil,False
116,8195,8174,8172,8199,8191,8164,8176,8181,8242,8196,8247,8184,8166,8181,7.099833011627197,sil,False
116,8195,8174,8172,8199,8191,8164,8176,8181,8242,8196,8247,8184,8166,8181,7.100833654403687,sil,False
117,8177,8148,8153,8181,8205,8148,8188,8174,8114,8190,8263,8145,8157,8167,7.109474182128906,sil,False
118,8198,8185,8178,8202,8191,8151,8177,8179,8208,8158,8248,8183,8164,8181,7.116477489471436,sil,False
119,8197,8169,8191,8204,8196,8168,8185,8187,8183,8170,8255,8176,8168,8184,7.123967885971069,sil,False
119,8197,8169,8191,8204,8196,8168,8185,8187,8183,8170,8255,8176,8168,8184,7.124961853027344,sil,False
120,8207,8165,8191,8205,8201,8174,8189,8193,8181,8188,8263,8173,8166,8183,7.132054090499878,sil,False
121,8190,8178,8183,8196,8186,8163,8180,8182,8237,8168,8241,8182,8163,8164,7.140475273132324,sil,False
122,8176,8161,8174,8188,8193,8169,8195,8174,8128,8180,8232,8151,8161,8159,7.148474216461182,sil,False
123,8202,8186,8198,8206,8180,8169,8187,8185,8220,8176,8219,8180,8166,8174,7.15647554397583,sil,False
124,8189,8167,8190,8192,8192,8154,8187,8170,8168,8176,8229,8160,8162,8165,7.163450002670288,sil,False
125,8184,8171,8185,8193,8207,8158,8188,8170,8131,8162,8234,8157,8167,8165,7.172449827194214,sil,False
126,8195,8192,8201,8211,8187,8165,8186,8188,8237,8153,8225,8184,8173,8166,7.179468631744385,sil,False
127,8203,8160,8191,8202,8193,8161,8203,8175,8134,8193,8236,8154,8163,8170,7.187513589859009,sil,False
240,8205,8182,8188,8201,8187,8153,8177,8171,8187,8169,8228,8181,8168,8171,7.195508003234863,sil,False
0,8179,8171,8175,8201,8187,8159,8171,8180,8167,8155,8234,8170,8169,8148,7.203475713729858,sil,False
1,8198,8166,8192,8212,8197,8176,8187,8187,8146,8187,8241,8161,8168,8160,7.211738586425781,sil,False
2,8207,8189,8227,8213,8186,8171,8182,8193,8267,8192,8233,8198,8176,8175,7.219767093658447,sil,False
3,8190,8166,8219,8203,8201,8166,8194,8185,8171,8200,8254,8168,8169,8170,7.226775169372559,sil,False
4,8197,8182,8222,8211,8195,8167,8177,8178,8207,8165,8243,8182,8162,8165,7.234475135803223,sil,False
5,8175,8165,8215,8199,8188,8162,8172,8177,8182,8154,8223,8169,8158,8141,7.242475748062134,sil,False
6,8187,8160,8208,8204,8208,8166,8197,8184,8136,8189,8230,8156,8158,8149,7.250515937805176,sil,False
7,8193,8189,8211,8208,8192,8166,8185,8181,8243,8177,8225,8188,8162,8156,7.258474588394165,sil,False
8,8167,8158,8194,8191,8186,8161,8183,8170,8122,8171,8225,8147,8157,8139,7.266497611999512,sil,False
9,8193,8173,8218,8207,8186,8162,8187,8183,8164,8166,8211,8162,8164,8151,7.274497985839844,sil,False
10,8180,8167,8215,8199,8188,8163,8188,8182,8190,8175,8214,8173,8166,8147,7.282474994659424,sil,False
11,8164,8149,8179,8187,8194,8174,8188,8173,8116,8191,8223,8153,8162,8143,7.290474414825439,sil,False
12,8174,8167,8179,8186,8172,8182,8178,8183,8214,8158,8198,8179,8167,8144,7.298591136932373,sil,False
13,8158,8142,8181,8166,8177,8187,8199,8186,8126,8164,8212,8157,8165,8139,7.30660080909729,sil,False
14,8180,8169,8204,8186,8179,8197,8197,8205,8184,8185,8222,8180,8169,8150,7.3135504722595215,sil,False
15,8185,8180,8213,8203,8185,8191,8189,8212,8236,8192,8222,8190,8174,8151,7.32145619392395,sil,False
16,8184,8165,8213,8200,8199,8188,8200,8201,8144,8201,8238,8167,8172,8162,7.32898736000061,sil,False
17,8195,8187,8229,8206,8174,8188,8183,8197,8250,8183,8225,8194,8169,8163,7.337438344955444,sil,False
18,8181,8157,8219,8197,8186,8188,8184,8184,8175,8191,8230,8164,8159,8154,7.345475435256958,sil,False
19,8191,8177,8227,8212,8195,8182,8183,8195,8187,8185,8234,8175,8165,8176,7.353475570678711,sil,False
19,8191,8177,8227,8212,8195,8182,8183,8195,8187,8185,8234,8175,8165,8176,7.354069709777832,sil,False
20,8191,8189,8214,8217,8190,8166,8186,8206,8251,8183,8224,8187,8173,8175,7.361080646514893,sil,False
20,8191,8189,8214,8217,8190,8166,8186,8206,8251,8183,8224,8187,8173,8175,7.362109899520874,sil,False
21,8190,8157,8190,8204,8205,8171,8198,8192,8156,8214,8229,8160,8168,8167,7.369803905487059,sil,False
22,8196,8186,8218,8221,8187,8176,8177,8192,8248,8196,8227,8193,8168,8168,7.375820875167847,sil,False
22,8196,8186,8218,8221,8187,8176,8177,8192,8248,8196,8227,8193,8168,8168,7.376812219619751,sil,False
23,8181,8176,8214,8220,8192,8166,8181,8193,8188,8195,8236,8168,8163,8159,7.383817911148071,sil,False
23,8181,8176,8214,8220,8192,8166,8181,8193,8188,8195,8236,8168,8163,8159,7.38481068611145,sil,False
24,8187,8168,8196,8208,8205,8168,8183,8188,8169,8201,8227,8171,8163,8161,7.392476081848144,sil,False
25,8170,8161,8188,8193,8185,8162,8169,8184,8209,8177,8206,8185,8164,8141,7.400068521499634,sil,False
26,8156,8134,8175,8185,8184,8145,8174,8179,8075,8168,8214,8148,8159,8126,7.408068895339966,sil,False
26,8156,8134,8175,8185,8184,8145,8174,8179,8075,8168,8214,8148,8159,8126,7.40906286239624,sil,False
27,8175,8166,8199,8197,8179,8141,8165,8191,8167,8157,8217,8185,8169,8147,7.417070627212524,sil,False
28,8169,8157,8195,8191,8184,8145,8181,8202,8157,8179,8230,8174,8168,8155,7.423907518386841,sil,False
28,8169,8157,8195,8191,8184,8145,8181,8202,8157,8179,8230,8174,8168,8155,7.424907207489014,sil,False
29,8180,8157,8181,8187,8178,8143,8185,8199,8129,8173,8223,8162,8159,8156,7.432449579238892,sil,False
30,8170,8171,8188,8188,8166,8133,8167,8192,8182,8156,8208,8181,8161,8145,7.4394755363464355,sil,False
31,8165,8152,8194,8190,8194,8139,8186,8189,8091,8191,8229,8156,8163,8147,7.447438478469849,sil,False
32,8190,8179,8210,8196,8192,8141,8181,8194,8188,8165,8224,8185,8170,8165,7.455475330352783,sil,False
33,8173,8164,8195,8184,8194,8141,8170,8192,8155,8154,8223,8179,8174,8158,7.463474988937378,sil,False
34,8198,8164,8192,8195,8211,8161,8185,8196,8120,8187,8223,8177,8172,8167,7.47126579284668,sil,False
35,8199,8182,8196,8193,8192,8161,8180,8196,8209,8175,8206,8198,8166,8166,7.479260444641113,sil,False
36,8163,8151,8172,8174,8192,8148,8167,8183,8085,8162,8209,8163,8153,8148,7.487278699874878,sil,False
37,8181,8176,8172,8186,8181,8147,8152,8189,8142,8144,8188,8185,8157,8147,7.495281457901001,sil,False
38,8172,8166,8149,8177,8178,8164,8168,8187,8126,8159,8191,8173,8159,8141,7.503281116485596,sil,False
39,8175,8163,8148,8187,8185,8197,8184,8190,8086,8186,8212,8165,8161,8155,7.510474681854248,sil,False
40,8188,8192,8176,8210,8164,8198,8173,8201,8213,8168,8207,8201,8172,8159,7.518474578857422,sil,False
41,8177,8162,8159,8195,8170,8174,8185,8194,8107,8169,8222,8171,8167,8151,7.5264763832092285,sil,False
42,8193,8172,8164,8190,8161,8175,8175,8194,8144,8160,8216,8185,8164,8164,7.535009860992432,sil,False
43,8177,8164,8167,8181,8146,8182,8169,8184,8147,8156,8205,8181,8160,8154,7.542469978332519,sil,False
44,8171,8161,8160,8187,8153,8173,8175,8177,8077,8174,8202,8163,8160,8150,7.550081014633179,sil,False
45,8175,8188,8163,8197,8154,8164,8159,8190,8185,8170,8185,8193,8168,8151,7.557796001434326,sil,False
46,8155,8155,8145,8182,8168,8169,8173,8190,8100,8182,8209,8165,8168,8145,7.566797971725464,sil,False
47,8174,8175,8155,8197,8146,8166,8166,8189,8138,8164,8224,8183,8169,8152,7.573473930358887,sil,False
48,8182,8181,8160,8199,8134,8148,8154,8172,8149,8149,8218,8187,8165,8143,7.581448554992676,sil,False
49,8177,8158,8149,8189,8151,8147,8163,8159,8052,8162,8219,8166,8161,8148,7.589522123336792,sil,False
50,8164,8169,8141,8191,8123,8149,8153,8177,8154,8151,8200,8193,8166,8145,7.597516298294067,sil,False
51,8145,8139,8116,8175,8120,8150,8163,8177,8070,8173,8196,8163,8162,8126,7.605571269989014,sil,False
52,8167,8160,8138,8183,8135,8160,8162,8177,8100,8167,8193,8180,8163,8137,7.613596677780151,sil,False
53,8164,8170,8154,8188,8137,8160,8160,8185,8160,8158,8200,8194,8163,8138,7.621613025665283,sil,False
54,8163,8148,8144,8177,8145,8165,8172,8176,8060,8188,8210,8166,8159,8136,7.62934136390686,sil,False
55,8167,8172,8152,8177,8125,8159,8150,8164,8134,8155,8180,8193,8159,8127,7.637437582015991,sil,False
56,8144,8154,8131,8173,8133,8145,8158,8162,8066,8142,8176,8165,8151,8116,7.644676923751831,sil,False
57,8155,8168,8134,8184,8134,8146,8164,8176,8084,8150,8180,8172,8157,8137,7.652671575546265,sil,False
58,8142,8174,8152,8184,8113,8135,8146,8174,8132,8143,8181,8192,8169,8130,7.660672664642334,sil,False
59,8146,8148,8147,8189,8138,8125,8162,8172,8037,8158,8197,8169,8168,8129,7.668474674224853,sil,False
60,8172,8175,8159,8196,8141,8124,8164,8179,8153,8148,8187,8200,8168,8145,7.67649245262146,sil,False
61,8137,8156,8155,8174,8130,8114,8158,8162,8082,8156,8196,8174,8165,8130,7.684489965438843,sil,False
62,8142,8153,8147,8181,8119,8100,8147,8150,8029,8142,8185,8167,8159,8123,7.692490577697754,sil,False
63,8141,8156,8130,8171,8110,8084,8128,8143,8064,8091,8151,8185,8155,8110,7.699491262435913,sil,False
64,8124,8133,8121,8156,8120,8082,8130,8137,7951,8108,8171,8163,8157,8109,7.708491325378418,sil,False
65,8146,8166,8154,8181,8098,8079,8133,8157,8070,8128,8184,8196,8169,8130,7.7151312828063965,sil,False
66,8134,8150,8146,8170,8106,8078,8154,8166,8052,8133,8194,8177,8164,8127,7.723134756088257,sil,False
67,8137,8145,8138,8160,8123,8085,8150,8163,8019,8121,8198,8174,8160,8129,7.731637716293335,sil,False
68,8148,8168,8153,8174,8107,8071,8135,8159,8113,8119,8194,8206,8168,8131,7.739637136459351,sil,False
69,8146,8151,8148,8172,8121,8066,8160,8152,8018,8162,8213,8172,8165,8134,7.747671604156494,sil,False
70,8150,8175,8161,8178,8122,8074,8150,8157,8097,8142,8203,8194,8165,8140,7.755677938461304,sil,False
71,8136,8162,8161,8184,8123,8071,8148,8156,8088,8125,8197,8190,8162,8128,7.76367712020874,sil,False
72,8159,8155,8164,8189,8128,8064,8152,8154,8033,8149,8202,8181,8161,8140,7.770677089691162,sil,False
73,8166,8172,8169,8176,8117,8063,8130,8151,8123,8143,8216,8207,8173,8147,7.778677225112915,sil,False
74,8144,8147,8153,8163,8139,8079,8146,8148,8054,8152,8261,8175,8175,8141,7.786677360534668,sil,False
75,8154,8173,8173,8183,8134,8088,8150,8165,8135,8141,8257,8193,8170,8145,7.794677734375,sil,False
76,8141,8158,8168,8169,8117,8077,8148,8164,8104,8143,8227,8185,8159,8124,7.802475452423096,sil,False
76,8141,8158,8168,8169,8117,8077,8148,8164,8104,8143,8227,8185,8159,8124,7.8028564453125,sil,False
77,8147,8137,8147,8149,8115,8079,8158,8143,8008,8145,8217,8165,8158,8121,7.80987024307251,sil,False
77,8147,8137,8147,8149,8115,8079,8158,8143,8008,8145,8217,8165,8158,8121,7.810862302780151,sil,False
78,8139,8158,8153,8148,8100,8079,8146,8139,8100,8107,8212,8191,8165,8120,7.817864894866943,sil,False
78,8139,8158,8153,8148,8100,8079,8146,8139,8100,8107,8212,8191,8165,8120,7.818865060806274,sil,False
79,8100,8128,8136,8138,8118,8061,8139,8136,7990,8113,8226,8164,8157,8107,7.826398372650146,sil,False
80,8120,8150,8138,8155,8120,8057,8121,8145,8036,8119,8216,8187,8163,8116,7.833495855331421,sil,False
81,8137,8162,8149,8161,8121,8066,8132,8159,8100,8141,8218,8190,8178,8126,7.841474771499634,sil,False
82,8161,8154,8165,8165,8135,8074,8159,8167,8075,8177,8240,8178,8179,8147,7.849497079849243,sil,False
83,8171,8177,8187,8172,8119,8071,8148,8166,8194,8158,8236,8217,8171,8157,7.85750150680542,sil,False
84,8138,8156,8179,8161,8129,8077,8157,8158,8104,8172,8254,8187,8163,8149,7.865476608276367,sil,False
85,8146,8179,8193,8177,8129,8089,8154,8173,8148,8182,8250,8197,8169,8155,7.873476028442383,sil,False
86,8156,8184,8202,8181,8128,8087,8147,8174,8189,8170,8237,8204,8166,8145,7.881351709365845,sil,False
87,8163,8162,8196,8174,8161,8092,8157,8156,8083,8166,8246,8181,8160,8138,7.889528274536133,sil,False
88,8164,8185,8205,8180,8152,8103,8142,8159,8185,8147,8233,8215,8167,8141,7.897534132003784,sil,False
89,8155,8164,8190,8179,8144,8108,8150,8163,8125,8168,8231,8185,8165,8145,7.904691934585571,sil,False
90,8176,8179,8208,8186,8145,8108,8152,8164,8137,8162,8228,8188,8163,8161,7.912014484405518,sil,False
91,8154,8179,8213,8176,8138,8104,8137,8160,8169,8132,8218,8197,8164,8135,7.920025825500488,sil,False
92,8146,8153,8187,8170,8148,8108,8144,8156,8063,8152,8220,8163,8164,8120,7.928521394729614,sil,False
93,8155,8179,8195,8175,8143,8108,8137,8157,8162,8153,8201,8196,8166,8131,7.936475038528442,sil,False
94,8119,8153,8178,8156,8150,8105,8142,8147,8082,8138,8192,8176,8154,8112,7.944612503051758,sil,False
95,8132,8155,8174,8163,8141,8106,8143,8153,8061,8118,8187,8178,8159,8114,7.952475309371948,sil,False
96,8142,8173,8187,8173,8130,8105,8138,8164,8164,8139,8204,8203,8178,8128,7.960474967956543,sil,False
97,8137,8161,8176,8171,8155,8111,8159,8165,8110,8189,8235,8181,8172,8137,7.967647552490234,sil,False
98,8148,8183,8171,8177,8139,8105,8152,8170,8177,8148,8203,8197,8161,8132,7.975646257400513,sil,False
99,8118,8154,8148,8154,8137,8098,8141,8155,8077,8124,8198,8171,8154,8101,7.983474493026733,sil,False
100,8139,8164,8162,8168,8151,8115,8136,8155,8072,8157,8218,8177,8160,8116,7.991474628448486,sil,False
101,8163,8188,8186,8188,8147,8123,8141,8168,8185,8155,8204,8203,8169,8133,7.999475240707397,sil,False
102,8135,8145,8160,8161,8159,8130,8161,8167,8061,8137,8201,8168,8158,8118,8.007433414459229,sil,False
103,8135,8158,8154,8155,8143,8143,8143,8176,8133,8113,8186,8192,8157,8112,8.015466213226318,sil,False
104,8137,8155,8153,8159,8143,8147,8157,8178,8125,8139,8188,8179,8167,8116,8.023456811904907,sil,False
105,8150,8166,8171,8171,8157,8160,8176,8180,8116,8166,8201,8177,8180,8141,8.030756711959839,sil,False
106,8155,8188,8189,8180,8158,8163,8156,8188,8235,8159,8198,8210,8180,8146,8.038468837738037,sil,False
107,8155,8155,8173,8173,8181,8159,8166,8176,8126,8170,8204,8177,8162,8138,8.046475410461426,sil,False
108,8159,8172,8182,8170,8168,8158,8160,8175,8177,8149,8196,8197,8167,8144,8.054491519927979,sil,False
109,8140,8166,8179,8157,8155,8156,8158,8182,8180,8162,8202,8195,8172,8134,8.062490224838257,sil,False
110,8161,8164,8179,8165,8173,8171,8169,8179,8133,8183,8205,8187,8162,8137,8.070523262023926,sil,False
111,8160,8185,8186,8171,8172,8175,8156,8174,8216,8145,8186,8208,8161,8125,8.078474998474121,sil,False
112,8137,8149,8164,8152,8174,8165,8159,8171,8100,8148,8188,8168,8161,8111,8.086069583892822,sil,False
113,8154,8161,8168,8157,8154,8160,8143,8176,8135,8140,8177,8190,8169,8122,8.094075679779053,sil,False
114,8139,8158,8171,8156,8153,8170,8145,8176,8146,8140,8183,8195,8168,8110,8.10147500038147,sil,False
115,8148,8155,8181,8160,8180,8181,8172,8186,8119,8169,8201,8177,8160,8123,8.108950853347778,sil,False
116,8162,8178,8200,8168,8177,8167,8164,8192,8237,8152,8185,8206,8164,8140,8.116971731185913,sil,False
116,8162,8178,8200,8168,8177,8167,8164,8192,8237,8152,8185,8206,8164,8140,8.11796498298645,sil,False
117,8145,8150,8189,8162,8188,8166,8167,8180,8136,8168,8193,8179,8169,8132,8.12497353553772,sil,False
117,8145,8150,8189,8162,8188,8166,8167,8180,8136,8168,8193,8179,8169,8132,8.12575888633728,sil,False
118,8170,8170,8199,8174,8179,8182,8167,8190,8191,8182,8188,8195,8170,8141,8.133181810379028,sil,False
119,8146,8162,8186,8158,8159,8173,8154,8182,8200,8152,8169,8192,8157,8132,8.141179323196411,sil,False
120,8124,8139,8162,8147,8162,8160,8148,8165,8064,8130,8160,8165,8153,8119,8.149474620819092,sil,False
121,8155,8167,8181,8154,8150,8167,8139,8175,8163,8120,8143,8198,8162,8119,8.157438039779663,sil,False
122,8146,8141,8182,8132,8164,8181,8147,8168,8088,8138,8165,8171,8156,8120,8.164468765258789,sil,False
123,8144,8159,8195,8152,8163,8177,8136,8166,8106,8124,8173,8187,8163,8132,8.17247486114502,sil,False
124,8156,8175,8203,8179,8156,8167,8143,8179,8176,8121,8166,8199,8176,8131,8.180462121963501,sil,False
125,8174,8158,8197,8169,8173,8174,8164,8178,8109,8157,8186,8178,8169,8144,8.188464879989624,goodbye,True
126,8168,8184,8216,8161,8149,8172,8139,8179,8209,8148,8182,8214,8165,8149,8.196299076080322,goodbye,True
127,8141,8165,8197,8150,8148,8167,8150,8176,8134,8159,8176,8183,8161,8124,8.204243659973145,goodbye,True
240,8151,8163,8176,8151,8153,8178,8157,8172,8116,8146,8160,8178,8156,8125,8.212226867675781,goodbye,True
0,8127,8155,8167,8139,8125,8176,8132,8164,8140,8112,8150,8190,8152,8114,8.220476388931274,goodbye,True
1,8121,8133,8161,8129,8130,8171,8135,8166,8031,8130,8157,8160,8152,8103,8.228475570678711,goodbye,True
2,8145,8167,8179,8142,8134,8172,8129,8179,8137,8121,8137,8187,8160,8104,8.235301971435547,goodbye,True
3,8123,8150,8177,8138,8138,8178,8143,8176,8096,8127,8143,8172,8157,8096,8.243298768997192,goodbye,True
4,8142,8159,8186,8144,8130,8195,8157,8177,8101,8136,8147,8178,8154,8117,8.251476526260376,goodbye,True
5,8148,8173,8192,8143,8115,8194,8148,8173,8172,8115,8140,8196,8156,8119,8.25907301902771,goodbye,True
6,8131,8142,8174,8141,8128,8190,8151,8162,8049,8119,8154,8167,8158,8114,8.267068862915039,goodbye,True
6,8131,8142,8174,8141,8128,8190,8151,8162,8049,8119,8154,8167,8158,8114,8.268064498901367,goodbye,True
7,8155,8165,8181,8155,8123,8202,8160,8174,8148,8119,8138,8200,8172,8132,8.275478601455688,goodbye,True
8,8149,8149,8167,8145,8134,8207,8182,8177,8144,8151,8157,8190,8176,8141,8.283477306365967,goodbye,True
9,8154,8157,8163,8159,8144,8206,8171,8182,8137,8170,8181,8186,8173,8156,8.291479349136353,goodbye,True
10,8165,8182,8173,8165,8133,8208,8145,8187,8240,8150,8160,8210,8171,8156,8.298497915267944,goodbye,True
11,8170,8151,8168,8160,8148,8216,8160,8175,8146,8170,8171,8183,8166,8157,8.306537866592407,goodbye,True
12,8188,8174,8193,8186,8149,8218,8158,8178,8233,8170,8184,8206,8172,8170,8.31466007232666,goodbye,True
13,8161,8162,8177,8171,8165,8214,8167,8181,8212,8176,8181,8191,8165,8152,8.322657585144043,goodbye,True
14,8144,8144,8150,8146,8167,8223,8183,8186,8145,8185,8164,8172,8156,8140,8.330477237701416,goodbye,True
14,8144,8144,8150,8146,8167,8223,8183,8186,8145,8185,8164,8172,8156,8140,8.330937385559082,goodbye,True
15,8138,8159,8149,8143,8128,8216,8180,8195,8232,8163,8143,8189,8161,8135,8.338830947875977,goodbye,True
16,8130,8143,8137,8134,8135,8196,8192,8189,8130,8172,8150,8161,8159,8134,8.346843004226685,goodbye,True
17,8142,8165,8152,8138,8128,8185,8171,8183,8175,8157,8134,8189,8163,8133,8.354843854904175,goodbye,True
18,8118,8142,8146,8127,8120,8184,8159,8168,8143,8136,8124,8180,8159,8110,8.361891746520996,goodbye,True
19,8120,8128,8135,8130,8141,8189,8169,8161,8074,8144,8143,8166,8153,8120,8.369478464126587,goodbye,True
20,8137,8160,8149,8147,8130,8174,8151,8178,8205,8151,8157,8202,8166,8133,8.377441883087158,goodbye,True
21,8134,8141,8158,8147,8139,8173,8161,8178,8133,8183,8177,8174,8169,8127,8.385480403900146,goodbye,True
22,8153,8162,8184,8156,8154,8195,8174,8178,8193,8173,8173,8195,8166,8145,8.39383053779602,goodbye,True
23,8146,8160,8176,8146,8148,8189,8179,8186,8226,8162,8176,8199,8162,8144,8.401505470275879,goodbye,True
24,8151,8139,8161,8139,8132,8169,8173,8177,8137,8183,8186,8173,8163,8141,8.409504413604736,goodbye,True
25,8149,8161,8171,8145,8113,8158,8144,8158,8199,8161,8161,8202,8167,8136,8.41743803024292,goodbye,True
26,8133,8153,8172,8141,8142,8169,8161,8153,8101,8160,8166,8181,8163,8128,8.424673795700073,goodbye,True
27,8166,8176,8197,8156,8144,8178,8166,8172,8156,8157,8175,8200,8173,8148,8.432475090026855,goodbye,True
28,8157,8162,8183,8149,8125,8163,8154,8172,8203,8163,8177,8201,8175,8149,8.440718412399292,goodbye,True
29,8148,8135,8149,8138,8147,8172,8168,8161,8101,8178,8179,8172,8166,8146,8.448668718338013,goodbye,True
30,8157,8163,8163,8145,8146,8187,8158,8166,8188,8147,8151,8199,8165,8140,8.456669569015503,goodbye,True
31,8133,8133,8158,8130,8144,8178,8160,8168,8115,8165,8153,8169,8161,8126,8.464475393295288,goodbye,True
32,8156,8143,8158,8133,8138,8176,8166,8177,8139,8173,8158,8181,8163,8141,8.472476482391357,goodbye,True
32,8156,8143,8158,8133,8138,8176,8166,8177,8139,8173,8158,8181,8163,8141,8.473472356796265,goodbye,True
33,8161,8164,8170,8147,8144,8184,8158,8179,8205,8152,8167,8208,8174,8148,8.480474710464478,goodbye,True
34,8160,8152,8176,8159,8168,8181,8161,8175,8127,8170,8188,8184,8175,8159,8.488464832305908,goodbye,True
35,8172,8173,8190,8158,8140,8168,8152,8177,8214,8159,8165,8202,8168,8158,8.495457649230957,goodbye,True
36,8155,8154,8175,8144,8137,8168,8167,8169,8121,8150,8154,8177,8160,8133,8.503483772277832,goodbye,True
37,8173,8161,8174,8160,8144,8175,8173,8174,8111,8142,8155,8183,8167,8147,8.511475563049316,goodbye,True
38,8156,8158,8167,8143,8129,8161,8153,8171,8167,8129,8145,8193,8166,8141,8.519474983215332,goodbye,True
39,8144,8137,8163,8132,8150,8152,8154,8161,8048,8144,8152,8164,8158,8126,8.527956485748291,goodbye,True
40,8188,8184,8207,8173,8149,8154,8151,8180,8169,8141,8158,8205,8170,8149,8.535000801086426,goodbye,True
40,8188,8184,8207,8173,8149,8154,8151,8180,8169,8141,8158,8205,8170,8149,8.535998344421387,goodbye,True
41,8170,8166,8188,8162,8140,8152,8163,8178,8146,8159,8182,8187,8171,8154,8.543474674224854,goodbye,True
42,8160,8158,8161,8148,8146,8155,8163,8168,8107,8164,8184,8177,8166,8154,8.551475286483765,goodbye,True
43,8171,8176,8186,8168,8154,8159,8153,8171,8192,8136,8185,8205,8171,8165,8.558474063873291,goodbye,True
44,8172,8156,8191,8171,8173,8161,8173,8170,8112,8150,8211,8182,8167,8177,8.566522121429443,goodbye,True
44,8172,8156,8191,8171,8173,8161,8173,8170,8112,8150,8211,8182,8167,8177,8.567521333694458,goodbye,True
45,8182,8188,8188,8173,8165,8155,8163,8173,8191,8144,8188,8203,8174,8165,8.57450246810913,goodbye,True
46,8162,8175,8177,8158,8167,8149,8155,8162,8143,8142,8181,8185,8175,8139,8.582497835159302,goodbye,True
47,8169,8161,8187,8160,8160,8160,8151,8156,8090,8142,8191,8180,8164,8153,8.590501308441162,goodbye,True
48,8176,8182,8197,8169,8137,8160,8145,8166,8190,8129,8177,8206,8161,8155,8.598510980606079,goodbye,True
49,8171,8169,8180,8166,8160,8163,8163,8165,8096,8159,8193,8177,8160,8147,8.606513738632202,goodbye,True
50,8179,8184,8190,8176,8150,8170,8150,8163,8147,8135,8179,8204,8163,8151,8.614517450332642,goodbye,True
51,8161,8170,8196,8166,8135,8165,8149,8165,8137,8116,8176,8199,8167,8141,8.621474981307983,goodbye,True
52,8176,8175,8202,8175,8159,8161,8159,8174,8112,8142,8192,8191,8166,8153,8.62926173210144,goodbye,True
53,8178,8188,8194,8182,8165,8156,8137,8165,8198,8139,8172,8213,8160,8150,8.637253761291504,goodbye,True
54,8157,8146,8170,8165,8175,8155,8141,8142,8060,8144,8180,8179,8162,8141,8.645257949829102,goodbye,True
55,8181,8177,8202,8183,8160,8161,8135,8148,8122,8136,8190,8209,8172,8160,8.653469562530518,goodbye,True
56,8185,8177,8215,8182,8156,8166,8136,8150,8147,8143,8182,8208,8163,8154,8.661474466323853,goodbye,True
57,8188,8156,8210,8173,8177,8174,8149,8149,8076,8150,8185,8186,8164,8156,8.669450759887695,goodbye,True
58,8187,8185,8218,8180,8169,8167,8132,8157,8194,8124,8189,8213,8177,8163,8.67745065689087,goodbye,True
59,8173,8158,8191,8166,8167,8163,8139,8144,8099,8141,8204,8179,8162,8156,8.68547511100769,goodbye,True
60,8184,8168,8195,8166,8155,8179,8140,8144,8121,8145,8205,8195,8157,8162,8.692475080490112,goodbye,True
61,8171,8185,8213,8182,8166,8192,8145,8163,8184,8149,8219,8211,8168,8159,8.700474262237549,goodbye,True
62,8191,8178,8211,8198,8194,8191,8165,8162,8130,8161,8223,8193,8168,8166,8.708242654800415,goodbye,True
63,8203,8179,8199,8190,8174,8180,8145,8151,8209,8129,8202,8209,8166,8163,8.716477870941162,goodbye,True
64,8162,8140,8161,8162,8171,8180,8142,8147,8113,8157,8221,8173,8161,8147,8.724465131759644,goodbye,True
65,8170,8166,8166,8170,8164,8182,8146,8163,8136,8170,8223,8188,8161,8157,8.731974601745605,goodbye,True
66,8170,8174,8179,8172,8150,8173,8151,8166,8176,8134,8214,8202,8163,8152,8.739974737167358,goodbye,True
67,8177,8153,8170,8173,8172,8182,8175,8166,8090,8144,8219,8174,8161,8156,8.747977018356323,goodbye,True
68,8196,8186,8179,8184,8172,8192,8168,8174,8199,8138,8196,8203,8160,8164,8.755480289459229,goodbye,True
69,8164,8160,8170,8169,8179,8186,8156,8159,8114,8131,8204,8182,8157,8146,8.763478517532349,goodbye,True
70,8170,8162,8183,8175,8175,8179,8140,8157,8119,8137,8217,8194,8168,8155,8.771073579788208,goodbye,True
71,8186,8179,8202,8179,8166,8181,8141,8170,8214,8169,8215,8217,8176,8165,8.779085636138916,goodbye,True
72,8175,8163,8184,8169,8181,8197,8162,8168,8118,8194,8221,8175,8167,8154,8.787442207336426,goodbye,True
73,8167,8181,8183,8173,8161,8205,8145,8165,8188,8137,8197,8190,8167,8139,8.795478343963623,goodbye,True
74,8168,8157,8182,8167,8174,8204,8153,8158,8127,8129,8188,8177,8159,8128,8.80350112915039,goodbye,True
75,8207,8171,8195,8177,8206,8216,8171,8164,8129,8161,8191,8189,8154,8147,8.811500787734985,goodbye,True
76,8188,8186,8186,8173,8192,8216,8162,8171,8214,8157,8192,8210,8165,8143,8.81852102279663,goodbye,True
77,8158,8155,8155,8163,8191,8217,8174,8172,8114,8167,8202,8174,8161,8136,8.826504230499268,goodbye,True
78,8197,8184,8181,8184,8194,8223,8176,8186,8225,8177,8190,8201,8164,8157,8.834012985229492,goodbye,True
79,8189,8167,8193,8179,8206,8220,8176,8177,8201,8195,8202,8190,8170,8155,8.842011451721191,goodbye,True
80,8170,8157,8187,8172,8197,8214,8166,8170,8144,8177,8201,8178,8168,8151,8.849874258041382,goodbye,True
81,8160,8176,8177,8161,8165,8203,8153,8175,8202,8140,8163,8188,8161,8139,8.857874870300293,goodbye,True
82,8146,8144,8154,8138,8178,8205,8173,8168,8083,8156,8155,8150,8157,8131,8.865875005722046,goodbye,True
83,8148,8151,8165,8146,8169,8212,8168,8172,8154,8143,8145,8173,8163,8132,8.873875141143799,goodbye,True
83,8148,8151,8165,8146,8169,8212,8168,8172,8154,8143,8145,8173,8163,8132,8.874875783920288,goodbye,True
84,8137,8142,8159,8145,8164,8195,8168,8178,8133,8140,8145,8165,8163,8117,8.881891012191772,goodbye,True
85,8166,8145,8147,8152,8177,8189,8177,8181,8083,8164,8148,8163,8161,8135,8.889469146728516,goodbye,True
86,8161,8156,8148,8145,8168,8193,8166,8178,8179,8151,8135,8190,8164,8140,8.897438049316406,goodbye,True
87,8124,8129,8150,8126,8174,8195,8178,8162,8079,8149,8155,8153,8160,8129,8.90547513961792,sil,False
88,8138,8161,8176,8151,8166,8196,8172,8169,8141,8133,8149,8173,8162,8147,8.913251161575317,sil,False
89,8136,8155,8160,8155,8164,8197,8174,8184,8150,8139,8135,8170,8159,8145,8.92147445678711,sil,False
90,8149,8138,8141,8140,8166,8208,8184,8181,8082,8162,8138,8150,8158,8144,8.929474592208862,sil,False
91,8152,8157,8154,8133,8143,8208,8167,8165,8151,8132,8126,8176,8164,8143,8.937653541564941,sil,False
92,8117,8127,8134,8127,8159,8206,8178,8157,8034,8129,8142,8149,8158,8128,8.945667743682861,sil,False
93,8127,8152,8139,8149,8152,8204,8167,8174,8080,8127,8137,8165,8162,8119,8.952022790908813,sil,False
93,8127,8152,8139,8149,8152,8204,8167,8174,8080,8127,8137,8165,8162,8119,8.953039169311523,sil,False
94,8127,8150,8156,8143,8123,8184,8148,8165,8080,8120,8118,8158,8162,8102,8.96003532409668,sil,False
95,8128,8126,8163,8129,8133,8186,8170,8159,7997,8134,8131,8139,8158,8125,8.968475341796875,sil,False
96,8144,8162,8192,8151,8134,8207,8189,8187,8163,8150,8155,8185,8175,8163,8.976475238800049,sil,False
97,8148,8152,8203,8158,8145,8212,8199,8186,8134,8189,8184,8169,8178,8174,8.984474658966064,sil,False
98,8156,8156,8215,8153,8138,8203,8178,8171,8147,8161,8168,8178,8168,8177,8.99247431755066,sil,False
99,8138,8148,8203,8140,8123,8196,8178,8173,8162,8135,8149,8179,8162,8158,9.000508069992065,sil,False
100,8143,8140,8193,8141,8138,8191,8194,8180,8090,8173,8157,8159,8163,8154,9.008095264434814,sil,False
101,8154,8174,8213,8153,8142,8187,8174,8192,8214,8176,8151,8188,8169,8160,9.015108346939089,sil,False
101,8154,8174,8213,8153,8142,8187,8174,8192,8214,8176,8151,8188,8169,8160,9.016101121902466,sil,False
102,8138,8152,8209,8154,8156,8198,8189,8186,8150,8192,8161,8159,8162,8158,9.023431301116943,sil,False
103,8159,8158,8223,8166,8141,8199,8184,8171,8142,8178,8160,8174,8162,8164,9.03147554397583,sil,False
104,8147,8160,8224,8157,8126,8182,8155,8159,8169,8144,8163,8192,8169,8149,9.03947401046753,sil,False
105,8146,8145,8204,8154,8142,8193,8173,8156,8078,8154,8179,8163,8171,8150,9.047438621520996,sil,False
106,8161,8170,8205,8163,8123,8201,8174,8158,8180,8144,8158,8191,8172,8154,9.055922031402588,sil,False
107,8137,8146,8187,8147,8128,8191,8180,8157,8115,8161,8162,8170,8163,8134,9.062918663024902,sil,False
107,8137,8146,8187,8147,8128,8191,8180,8157,8115,8161,8162,8170,8163,8134,9.063918590545654,sil,False
108,8153,8158,8198,8160,8143,8202,8190,8168,8122,8169,8161,8170,8162,8146,9.07147479057312,sil,False
109,8151,8172,8206,8167,8136,8198,8177,8163,8192,8144,8148,8183,8162,8147,9.079447507858276,sil,False
110,8144,8148,8187,8156,8146,8185,8178,8154,8087,8166,8168,8158,8164,8142,9.086475849151611,sil,False
111,8172,8179,8208,8168,8136,8196,8177,8178,8207,8171,8176,8197,8176,8166,9.0944504737854,sil,False
112,8152,8161,8206,8163,8138,8200,8182,8175,8175,8157,8188,8175,8166,8163,9.102451086044312,sil,False
113,8152,8155,8192,8161,8133,8191,8169,8158,8116,8146,8173,8156,8153,8148,9.1104633808136,sil,False
114,8147,8169,8188,8152,8107,8187,8155,8162,8171,8146,8143,8172,8159,8127,9.118483781814575,sil,False
115,8135,8144,8175,8140,8120,8192,8172,8164,8070,8172,8152,8142,8158,8126,9.126147031784058,sil,False
116,8157,8169,8185,8155,8127,8188,8166,8165,8164,8156,8146,8170,8160,8141,9.134655237197876,sil,False
117,8139,8153,8180,8146,8142,8189,8177,8162,8146,8152,8156,8169,8168,8133,9.141809463500977,sil,False
117,8139,8153,8180,8146,8142,8189,8177,8162,8146,8152,8156,8169,8168,8133,9.142837047576904,sil,False
118,8146,8150,8183,8152,8150,8205,8186,8166,8115,8163,8167,8168,8169,8144,9.148955583572388,sil,False
118,8146,8150,8183,8152,8150,8205,8186,8166,8115,8163,8167,8168,8169,8144,9.149948835372925,sil,False
119,8157,8170,8184,8161,8126,8203,8162,8160,8196,8153,8150,8185,8165,8144,9.156955242156982,sil,False
119,8157,8170,8184,8161,8126,8203,8162,8160,8196,8153,8150,8185,8165,8144,9.157951354980469,sil,False
120,8137,8141,8162,8145,8141,8194,8167,8147,8065,8165,8163,8146,8160,8128,9.165475845336914,sil,False
121,8152,8167,8166,8153,8137,8193,8166,8159,8127,8146,8154,8172,8165,8125,9.17347526550293,sil,False
121,8152,8167,8166,8153,8137,8193,8166,8159,8127,8146,8154,8172,8165,8125,9.174469470977783,sil,False
122,8161,8165,8162,8151,8140,8198,8175,8158,8139,8157,8149,8171,8161,8119,9.181475162506104,sil,False
123,8156,8149,8158,8140,8162,8206,8177,8154,8099,8181,8170,8157,8160,8128,9.189499616622925,sil,False
124,8136,8164,8157,8142,8146,8195,8154,8167,8193,8155,8161,8181,8170,8118,9.197492122650146,sil,False
125,8146,8153,8150,8153,8159,8209,8189,8173,8111,8183,8164,8161,8173,8123,9.20547604560852,sil,False
126,8185,8186,8186,8177,8176,8240,8207,8182,8221,8205,8182,8196,8182,8165,9.21366572380066,sil,False
127,8152,8168,8189,8165,8172,8224,8182,8182,8246,8201,8191,8188,8175,8157,9.220665454864502,sil,False
240,8143,8139,8168,8151,8164,8197,8168,8167,8115,8187,8162,8151,8157,8129,9.22818374633789,sil,False
0,8159,8169,8182,8156,8150,8196,8163,8154,8171,8144,8129,8179,8156,8113,9.236268520355225,sil,False
1,8148,8152,8173,8150,8169,8212,8179,8154,8092,8158,8153,8163,8161,8108,9.244475841522217,sil,False
2,8173,8167,8176,8161,8168,8215,8170,8169,8143,8169,8151,8179,8164,8120,9.25277304649353,sil,False
3,8170,8165,8185,8159,8164,8208,8167,8162,8170,8162,8144,8180,8159,8115,9.2607741355896,sil,False
4,8171,8158,8187,8168,8180,8217,8185,8162,8103,8179,8163,8165,8158,8121,9.268863439559937,sil,False
5,8192,8193,8186,8183,8164,8213,8176,8177,8235,8179,8146,8200,8170,8131,9.276475191116331,sil,False
6,8166,8158,8153,8155,8168,8199,8175,8158,8148,8190,8147,8162,8166,8119,9.283475160598757,sil,False
7,8161,8166,8167,8161,8170,8204,8159,8153,8152,8182,8151,8166,8167,8124,9.2909836769104,sil,False
7,8161,8166,8167,8161,8170,8204,8159,8153,8152,8182,8151,8166,8167,8124,9.291976928710938,sil,False
8,8170,8177,8186,8173,8162,8212,8158,8166,8211,8168,8141,8183,8172,8124,9.298980712890623,sil,False
9,8169,8152,8168,8156,8166,8209,8186,8154,8103,8163,8136,8158,8157,8120,9.307438373565674,sil,False
10,8155,8170,8176,8149,8147,8198,8177,8158,8173,8132,8123,8184,8152,8113,9.315695524215698,sil,False
11,8142,8150,8170,8148,8167,8192,8184,8170,8125,8162,8132,8160,8159,8106,9.32347536087036,sil,False
12,8169,8158,8168,8161,8181,8197,8187,8170,8147,8172,8131,8168,8166,8124,9.331475019454956,sil,False
13,8161,8170,8170,8164,8160,8190,8169,8151,8174,8141,8120,8181,8162,8119,9.339783906936646,sil,False
14,8161,8154,8166,8169,8167,8184,8168,8139,8043,8148,8123,8151,8153,8118,9.347785472869871,sil,False
15,8178,8178,8180,8175,8169,8197,8158,8156,8159,8147,8122,8188,8164,8129,9.354866743087769,sil,False
16,8153,8162,8184,8166,8184,8221,8182,8171,8163,8184,8160,8177,8172,8124,9.362472534179688,sil,False
17,8177,8179,8213,8195,8189,8238,8198,8178,8192,8207,8177,8177,8173,8143,9.370533227920532,sil,False
18,8179,8186,8215,8197,8175,8230,8173,8168,8249,8175,8158,8192,8169,8139,9.378541231155396,sil,False
19,8148,8146,8174,8163,8189,8223,8167,8151,8095,8176,8157,8153,8159,8116,9.386569261550903,sil,False
20,8159,8167,8174,8154,8169,8221,8163,8155,8154,8159,8133,8171,8161,8110,9.39457082748413,sil,False
21,8143,8150,8164,8138,8161,8217,8178,8160,8126,8158,8138,8159,8162,8103,9.402580261230469,sil,False
22,8152,8155,8162,8150,8172,8224,8191,8179,8141,8182,8155,8164,8164,8123,9.409588813781738,sil,False
23,8159,8175,8175,8167,8159,8226,8189,8186,8254,8178,8137,8186,8161,8123,9.417630434036257,sil,False
23,8159,8175,8175,8167,8159,8226,8189,8186,8254,8178,8137,8186,8161,8123,9.41862940788269,sil,False
24,8148,8147,8180,8162,8173,8223,8196,8165,8128,8175,8150,8152,8158,8109,9.425469398498535,sil,False
25,8175,8174,8209,8178,8183,8208,8178,8167,8197,8167,8156,8184,8170,8124,9.433022260665894,sil,False
26,8164,8163,8197,8166,8185,8202,8181,8166,8177,8175,8150,8176,8166,8122,9.441022872924805,sil,False
27,8154,8157,8184,8160,8178,8218,8186,8161,8107,8166,8148,8161,8156,8120,9.44947385787964,sil,False
28,8159,8182,8199,8173,8166,8212,8170,8168,8205,8145,8140,8185,8162,8116,9.45731520652771,sil,False
29,8166,8162,8198,8168,8198,8204,8182,8164,8127,8177,8152,8155,8161,8119,9.465348482131958,sil,False
30,8190,8189,8216,8187,8203,8218,8174,8172,8214,8173,8161,8183,8170,8145,9.47338843345642,sil,False
31,8186,8189,8209,8197,8201,8223,8178,8181,8253,8177,8176,8186,8176,8146,9.480387926101685,sil,False
32,8185,8168,8191,8182,8215,8219,8196,8181,8188,8197,8168,8160,8165,8143,9.488473892211914,sil,False
33,8168,8178,8196,8170,8199,8220,8185,8189,8263,8183,8139,8176,8160,8128,9.496474742889404,sil,False
34,8155,8160,8196,8170,8206,8224,8198,8196,8185,8204,8163,8147,8162,8125,9.50447416305542,sil,False
35,8183,8182,8209,8179,8197,8215,8190,8190,8245,8193,8167,8172,8169,8147,9.512449741363524,sil,False
36,8162,8171,8193,8163,8180,8204,8173,8171,8229,8167,8148,8173,8159,8133,9.520458459854126,sil,False
37,8168,8158,8180,8166,8187,8219,8181,8170,8129,8182,8149,8151,8153,8132,9.528475046157835,sil,False
38,8184,8188,8204,8175,8188,8226,8169,8181,8243,8177,8151,8188,8167,8144,9.536474466323853,sil,False
39,8165,8161,8202,8165,8208,8216,8177,8175,8172,8199,8173,8168,8169,8135,9.543474912643433,sil,False
40,8193,8180,8199,8185,8198,8227,8188,8182,8214,8199,8167,8178,8169,8147,9.551499366760254,sil,False
41,8184,8183,8187,8180,8179,8234,8187,8180,8243,8169,8154,8179,8163,8136,9.55947494506836,sil,False
42,8161,8156,8180,8167,8193,8226,8182,8169,8118,8172,8152,8153,8153,8112,9.567065000534058,sil,False
43,8178,8184,8200,8184,8188,8222,8158,8179,8207,8164,8142,8190,8159,8107,9.575066089630129,sil,False
44,8177,8169,8196,8185,8202,8229,8159,8177,8157,8179,8176,8171,8165,8118,9.583068609237673,sil,False
44,8177,8169,8196,8185,8202,8229,8159,8177,8157,8179,8176,8171,8165,8118,9.5840961933136,sil,False
45,8200,8188,8217,8196,8211,8234,8160,8180,8195,8189,8191,8181,8170,8146,9.591477155685425,sil,False
46,8194,8193,8230,8190,8201,8226,8161,8190,8263,8188,8181,8191,8169,8148,9.59947633743286,sil,False
47,8172,8157,8199,8174,8205,8222,8174,8191,8171,8208,8188,8158,8161,8145,9.605834484100342,sil,False
47,8172,8157,8199,8174,8205,8222,8174,8191,8171,8208,8188,8158,8161,8145,9.606831550598145,sil,False
48,8175,8176,8197,8188,8186,8226,8166,8191,8268,8191,8171,8186,8159,8148,9.614838361740112,sil,False
49,8162,8162,8191,8182,8192,8238,8187,8187,8211,8203,8180,8172,8158,8139,9.622475147247314,sil,False
50,8176,8166,8190,8174,8192,8230,8185,8195,8197,8211,8184,8176,8163,8149,9.630477905273438,sil,False
51,8169,8163,8188,8165,8173,8197,8157,8191,8235,8177,8164,8182,8162,8141,9.638522624969482,sil,False
52,8159,8140,8180,8175,8193,8199,8170,8180,8117,8175,8173,8153,8162,8138,9.645792007446287,sil,False
52,8159,8140,8180,8175,8193,8199,8170,8180,8117,8175,8173,8153,8162,8138,9.646785736083984,sil,False
53,8183,8180,8205,8198,8190,8214,8169,8186,8231,8173,8169,8196,8174,8149,9.653795003890991,sil,False
53,8183,8180,8205,8198,8190,8214,8169,8186,8231,8173,8169,8196,8174,8149,9.65478801727295,sil,False
54,8177,8171,8194,8177,8190,8217,8176,8177,8195,8181,8174,8178,8162,8135,9.662468671798706,sil,False
55,8187,8173,8189,8182,8194,8233,8186,8183,8162,8177,8177,8163,8154,8136,9.670039176940918,sil,False
56,8193,8193,8205,8207,8188,8239,8183,8204,8265,8178,8160,8189,8169,8131,9.67703914642334,sil,False
57,8183,8170,8198,8201,8217,8241,8203,8190,8176,8195,8159,8158,8164,8124,9.685476779937744,sil,False
58,8175,8185,8204,8194,8207,8240,8178,8176,8229,8156,8161,8176,8161,8134,9.693475246429443,sil,False
59,8153,8162,8190,8190,8185,8224,8155,8174,8191,8168,8182,8169,8171,8138,9.701071977615356,sil,False
60,8179,8160,8179,8196,8187,8221,8166,8179,8164,8197,8183,8168,8170,8158,9.709343910217283,sil,False
61,8177,8180,8186,8185,8170,8225,8165,8179,8251,8167,8161,8191,8163,8157,9.717417001724243,sil,False
62,8153,8150,8174,8171,8159,8222,8170,8178,8134,8182,8170,8154,8159,8144,9.72543168067932,sil,False
63,8180,8166,8176,8183,8148,8211,8171,8185,8209,8189,8162,8175,8165,8155,9.732951402664185,sil,False
63,8180,8166,8176,8183,8148,8211,8171,8185,8209,8189,8162,8175,8165,8155,9.73394513130188,sil,False
64,8167,8150,8168,8162,8164,8193,8183,8175,8208,8183,8168,8171,8164,8150,9.74047565460205,sil,False
65,8173,8149,8182,8168,8180,8189,8188,8182,8156,8198,8188,8165,8167,8165,9.74847412109375,sil,False
66,8203,8188,8202,8204,8168,8189,8175,8199,8288,8210,8184,8202,8174,8184,9.756514549255373,sil,False
67,8194,8156,8186,8197,8183,8185,8187,8183,8201,8229,8197,8170,8163,8179,9.76451539993286,sil,False
68,8193,8159,8198,8193,8170,8180,8179,8176,8230,8198,8184,8181,8163,8172,9.772512197494509,sil,False
69,8176,8155,8194,8189,8160,8165,8179,8177,8219,8180,8168,8175,8162,8150,9.780514001846312,sil,False
70,8172,8147,8190,8189,8172,8156,8182,8170,8126,8190,8178,8152,8156,8146,9.788501501083374,sil,False
71,8176,8172,8218,8199,8153,8150,8162,8173,8218,8163,8164,8183,8167,8139,9.796507596969604,sil,False
72,8174,8157,8205,8194,8163,8147,8181,8170,8128,8174,8161,8162,8168,8128,9.803475379943848,sil,False
73,8191,8179,8202,8199,8164,8148,8180,8172,8164,8177,8157,8179,8161,8147,9.811495304107666,sil,False
74,8173,8173,8201,8191,8157,8138,8171,8177,8195,8179,8157,8182,8162,8153,9.819509029388428,sil,False
75,8186,8155,8190,8192,8169,8136,8191,8181,8127,8203,8167,8159,8167,8167,9.826529026031494,sil,False
76,8207,8184,8208,8205,8152,8142,8186,8187,8244,8195,8165,8191,8177,8176,9.835047006607056,sil,False
77,8179,8164,8215,8198,8161,8151,8193,8186,8193,8224,8195,8174,8181,8177,9.843476295471191,sil,False
78,8187,8175,8215,8205,8169,8151,8186,8193,8236,8228,8194,8188,8178,8191,9.85147500038147,sil,False
79,8185,8175,8189,8201,8157,8142,8173,8184,8251,8202,8164,8184,8164,8173,9.85839581489563,sil,False
80,8180,8151,8175,8197,8162,8149,8179,8167,8125,8213,8171,8152,8160,8160,9.867393255233765,sil,False
81,8183,8177,8209,8201,8156,8160,8162,8178,8236,8196,8169,8189,8169,8161,9.874402046203612,sil,False
82,8178,8165,8214,8192,8166,8175,8175,8184,8187,8201,8179,8170,8160,8153,9.882468938827516,sil,False
83,8207,8176,8216,8203,8164,8183,8179,8177,8184,8210,8187,8179,8164,8167,9.890475988388062,sil,False
84,8189,8173,8215,8204,8153,8165,8156,8168,8227,8196,8193,8194,8177,8155,9.898038387298584,sil,False
85,8173,8146,8207,8202,8177,8165,8167,8170,8124,8205,8208,8163,8168,8140,9.906039237976074,sil,False
86,8193,8173,8209,8203,8175,8177,8177,8176,8221,8188,8189,8191,8160,8142,9.914766788482666,sil,False
87,8159,8144,8176,8177,8169,8171,8187,8170,8165,8195,8187,8164,8161,8128,9.921772003173828,sil,False
88,8157,8148,8178,8189,8158,8167,8186,8187,8158,8215,8177,8156,8168,8136,9.930278301239014,sil,False
89,8170,8169,8196,8195,8150,8163,8181,8197,8255,8212,8166,8171,8169,8149,9.937278509140016,sil,False
90,8162,8146,8173,8179,8185,8175,8195,8185,8174,8236,8197,8145,8165,8159,9.945279359817505,sil,False
91,8177,8176,8181,8198,8181,8193,8182,8193,8270,8232,8201,8185,8178,8167,9.953280687332152,sil,False
92,8169,8156,8185,8187,8178,8181,8174,8183,8207,8221,8198,8173,8173,8152,9.961280822753906,sil,False
93,8174,8146,8184,8183,8187,8165,8170,8170,8139,8204,8197,8159,8164,8156,9.969278335571287,sil,False
94,8170,8167,8190,8199,8167,8167,8162,8180,8235,8189,8192,8184,8168,8154,9.977333068847656,sil,False
95,8167,8146,8186,8196,8175,8176,8172,8176,8146,8217,8204,8161,8166,8151,9.985475540161133,sil,False
96,8206,8174,8208,8203,8177,8172,8159,8177,8232,8211,8195,8189,8175,8172,9.992946863174438,sil,False
97,8206,8171,8213,8191,8183,8166,8172,8177,8240,8208,8202,8178,8175,8175,9.999874353408812,sil,False
98,8195,8158,8215,8179,8186,8178,8182,8171,8180,8212,8208,8159,8163,8175,10.007905721664429,sil,False
99,8172,8170,8221,8185,8169,8184,8151,8175,8248,8194,8190,8183,8164,8163,10.01624608039856,sil,False
100,8159,8154,8202,8190,8190,8185,8163,8180,8148,8205,8194,8152,8161,8150,10.024259567260742,sil,False
101,8195,8177,8210,8193,8191,8192,8177,8184,8213,8191,8181,8173,8161,8167,10.032469511032104,sil,False
102,8183,8160,8208,8169,8175,8192,8177,8173,8204,8196,8176,8170,8164,8166,10.04047465324402,sil,False
103,8167,8151,8196,8166,8181,8192,8169,8171,8135,8203,8186,8153,8164,8160,10.048791408538818,sil,False
104,8169,8181,8194,8185,8174,8192,8150,8183,8248,8179,8177,8185,8167,8148,10.055791854858398,sil,False
104,8169,8181,8194,8185,8174,8192,8150,8183,8248,8179,8177,8185,8167,8148,10.05679202079773,sil,False
105,8167,8152,8174,8181,8186,8196,8174,8174,8160,8212,8184,8158,8166,8145,10.06447696685791,sil,False
106,8178,8163,8185,8180,8180,8201,8169,8168,8196,8208,8176,8171,8170,8161,10.071475505828856,sil,False
107,8147,8158,8184,8171,8169,8188,8147,8163,8187,8170,8164,8169,8158,8140,10.079474687576294,sil,False
108,8156,8145,8185,8173,8179,8188,8162,8164,8088,8176,8171,8149,8154,8136,10.087439060211182,sil,False
109,8180,8173,8225,8182,8172,8191,8165,8174,8215,8175,8174,8181,8169,8149,10.095476388931274,sil,False
110,8162,8154,8223,8177,8185,8189,8173,8169,8162,8192,8195,8160,8168,8142,10.103754997253418,sil,False
111,8188,8173,8210,8187,8188,8193,8168,8171,8184,8192,8186,8174,8163,8152,10.110762596130373,sil,False
111,8188,8173,8210,8187,8188,8193,8168,8171,8184,8192,8186,8174,8163,8152,10.11175537109375,sil,False
112,8179,8169,8200,8171,8183,8195,8161,8170,8197,8183,8175,8178,8167,8150,10.119587659835815,sil,False
113,8161,8145,8199,8170,8197,8198,8166,8170,8117,8204,8193,8159,8171,8149,10.126282453536987,sil,False
114,8178,8178,8210,8190,8186,8193,8152,8173,8241,8196,8181,8190,8170,8151,10.134793758392334,sil,False
115,8158,8150,8184,8165,8194,8198,8159,8157,8152,8195,8180,8151,8158,8134,10.142475128173828,sil,False
116,8156,8153,8184,8169,8193,8207,8152,8160,8143,8187,8175,8160,8156,8135,10.150474548339844,sil,False
117,8159,8166,8192,8179,8185,8203,8147,8178,8217,8192,8175,8183,8165,8138,10.158474683761597,sil,False
118,8163,8147,8186,8170,8204,8214,8167,8176,8144,8220,8204,8154,8170,8148,10.166457176208496,sil,False
119,8164,8172,8200,8184,8194,8228,8155,8177,8241,8192,8195,8181,8169,8144,10.174463033676147,sil,False
120,8154,8155,8184,8189,8202,8221,8163,8175,8171,8196,8184,8160,8159,8128,10.182485580444336,sil,False
121,8181,8165,8183,8189,8210,8219,8167,8171,8150,8210,8175,8161,8161,8141,10.19047498703003,sil,False
121,8181,8165,8183,8189,8210,8219,8167,8171,8150,8210,8175,8161,8161,8141,10.19092321395874,sil,False
122,8158,8177,8190,8179,8192,8220,8148,8167,8214,8189,8176,8181,8167,8133,10.197970390319824,sil,False
123,8133,8153,8170,8179,8197,8217,8154,8168,8116,8197,8193,8152,8162,8124,10.204978466033936,sil,False
124,8162,8177,8178,8193,8186,8217,8154,8178,8207,8186,8171,8179,8165,8137,10.213474988937378,sil,False
125,8150,8158,8181,8178,8195,8227,8158,8172,8172,8198,8175,8164,8164,8129,10.221476554870604,sil,False
126,8150,8155,8181,8177,8196,8227,8150,8173,8155,8215,8182,8156,8164,8134,10.228877782821655,sil,False
127,8146,8159,8165,8171,8170,8202,8141,8176,8211,8189,8154,8169,8165,8123,10.236897230148315,sil,False
127,8146,8159,8165,8171,8170,8202,8141,8176,8211,8189,8154,8169,8165,8123,10.237886667251589,sil,False
240,8121,8128,8127,8152,8181,8191,8149,8164,8060,8176,8152,8135,8155,8104,10.245476007461548,sil,False
0,8128,8163,8133,8164,8162,8193,8125,8172,8120,8153,8141,8165,8159,8108,10.253540754318236,sil,False
1,8142,8163,8143,8169,8157,8199,8143,8178,8121,8178,8148,8163,8168,8108,10.260477781295776,sil,False
2,8165,8162,8160,8176,8187,8210,8172,8178,8124,8208,8176,8164,8174,8128,10.268573522567747,sil,False
3,8147,8178,8167,8176,8178,8199,8139,8175,8218,8174,8173,8187,8167,8123,10.276353120803831,sil,False
4,8139,8150,8145,8165,8173,8199,8133,8166,8081,8176,8159,8143,8151,8104,10.284353017807009,sil,False
5,8171,8175,8159,8172,8178,8224,8141,8175,8141,8171,8139,8160,8160,8113,10.292475700378418,sil,False
6,8148,8174,8164,8172,8195,8232,8152,8182,8155,8167,8156,8158,8165,8106,10.300439357757568,sil,False
7,8163,8168,8170,8187,8197,8226,8160,8183,8110,8177,8176,8152,8159,8115,10.30847454071045,sil,False
8,8187,8189,8187,8190,8178,8222,8139,8179,8213,8171,8173,8187,8169,8134,10.316508054733276,sil,False
8,8187,8189,8187,8190,8178,8222,8139,8179,8213,8171,8173,8187,8169,8134,10.317506551742554,sil,False
9,8167,8166,8184,8177,8196,8234,8147,8182,8133,8208,8203,8164,8183,8147,10.324506998062134,sil,False
10,8189,8190,8207,8198,8192,8253,8162,8204,8222,8215,8202,8182,8186,8160,10.331475019454956,sil,False
11,8170,8174,8196,8182,8187,8257,8168,8190,8239,8197,8184,8167,8168,8138,10.339519023895264,sil,False
12,8140,8141,8165,8159,8200,8257,8153,8168,8127,8189,8177,8138,8154,8119,10.34751558303833,sil,False
13,8147,8162,8177,8166,8184,8271,8136,8180,8212,8163,8157,8171,8162,8113,10.355474948883057,sil,False
14,8153,8150,8179,8160,8198,8303,8168,8183,8143,8178,8169,8148,8163,8117,10.363496780395508,sil,False
15,8168,8180,8190,8173,8204,8309,8164,8189,8193,8177,8176,8165,8162,8132,10.37171220779419,sil,False
16,8154,8178,8190,8175,8194,8280,8142,8187,8208,8168,8176,8170,8163,8120,10.379475116729736,sil,False
17,8157,8160,8190,8170,8201,8281,8154,8177,8118,8189,8184,8153,8167,8124,10.387439012527466,sil,False
18,8167,8194,8206,8176,8188,8297,8149,8186,8234,8179,8163,8191,8172,8128,10.394475221633911,sil,False
19,8154,8167,8184,8167,8200,8294,8149,8183,8149,8177,8159,8159,8157,8106,10.402616024017334,sil,False
20,8163,8168,8179,8167,8203,8293,8137,8180,8148,8152,8161,8166,8157,8112,10.410616159439089,sil,False
21,8153,8176,8188,8167,8193,8291,8142,8187,8199,8146,8162,8182,8170,8119,10.418474674224854,sil,False
22,8167,8170,8197,8170,8208,8293,8171,8188,8118,8180,8172,8155,8169,8129,10.426499128341677,sil,False
23,8184,8198,8209,8179,8200,8291,8147,8186,8219,8157,8162,8180,8166,8131,10.434656858444214,sil,False
24,8154,8168,8181,8172,8195,8279,8143,8179,8144,8145,8173,8160,8165,8121,10.442697763442991,sil,False
25,8169,8175,8193,8181,8186,8281,8158,8187,8144,8147,8179,8168,8174,8138,10.450469255447388,sil,False
26,8173,8186,8218,8183,8186,8284,8154,8195,8232,8165,8176,8181,8173,8138,10.45868682861328,sil,False
27,8163,8158,8187,8176,8204,8286,8158,8194,8154,8206,8194,8150,8162,8140,10.465686082839966,sil,False
28,8166,8173,8160,8168,8172,8292,8147,8191,8239,8176,8184,8176,8166,8149,10.473475456237791,sil,False
29,8128,8154,8142,8147,8158,8292,8144,8175,8154,8157,8183,8150,8163,8123,10.481470346450806,sil,False
30,8144,8171,8161,8167,8166,8287,8139,8177,8116,8164,8175,8151,8158,8123,10.48964786529541,sil,False
31,8169,8192,8184,8182,8161,8287,8137,8183,8215,8155,8167,8186,8167,8139,10.497649669647217,sil,False
32,8166,8163,8180,8177,8174,8297,8159,8180,8143,8174,8196,8161,8170,8146,10.50574254989624,sil,False
33,8182,8185,8190,8192,8165,8286,8152,8190,8233,8177,8192,8180,8169,8151,10.513474941253662,sil,False
34,8163,8169,8178,8175,8171,8271,8150,8181,8188,8187,8191,8161,8165,8145,10.521475553512571,sil,False
35,8158,8165,8169,8170,8169,8278,8148,8176,8150,8183,8192,8156,8164,8150,10.528800249099731,sil,False
36,8160,8177,8168,8178,8134,8270,8133,8180,8225,8157,8174,8181,8168,8140,10.535988569259644,sil,False
36,8160,8177,8168,8178,8134,8270,8133,8180,8225,8157,8174,8181,8168,8140,10.536986112594604,sil,False
37,8149,8148,8156,8164,8146,8263,8143,8168,8101,8179,8182,8152,8162,8129,10.544473886489868,sil,False
38,8158,8176,8183,8169,8148,8267,8141,8179,8186,8181,8183,8188,8171,8142,10.552475214004517,sil,False
39,8147,8166,8183,8166,8143,8258,8148,8189,8200,8183,8186,8183,8175,8142,10.560497045516968,sil,False
40,8152,8152,8167,8166,8147,8258,8148,8178,8147,8189,8182,8166,8165,8146,10.568500280380247,sil,False
41,8153,8172,8168,8167,8133,8270,8138,8176,8227,8173,8166,8191,8163,8141,10.57650065422058,sil,False
42,8153,8160,8167,8168,8152,8282,8171,8188,8147,8204,8190,8163,8168,8144,10.584476470947266,sil,False
43,8182,8188,8195,8191,8161,8283,8172,8202,8235,8210,8192,8188,8173,8151,10.591464519500732,sil,False
44,8169,8173,8194,8181,8167,8279,8163,8191,8231,8196,8186,8183,8161,8125,10.59945821762085,sil,False
45,8169,8159,8176,8176,8176,8284,8176,8188,8153,8199,8204,8166,8158,8127,10.607439041137695,sil,False
46,8173,8186,8183,8192,8153,8269,8165,8200,8264,8192,8198,8196,8169,8132,10.61550784111023,sil,False
47,8160,8158,8174,8183,8153,8252,8169,8195,8170,8214,8196,8164,8165,8125,10.62351417541504,sil,False
48,8173,8174,8187,8181,8151,8255,8164,8197,8203,8195,8193,8177,8171,8138,10.631039381027222,sil,False
48,8173,8174,8187,8181,8151,8255,8164,8197,8203,8195,8193,8177,8171,8138,10.6320538520813,sil,False
49,8157,8182,8188,8181,8155,8253,8165,8202,8226,8181,8206,8182,8171,8125,10.63905668258667,sil,False
50,8167,8169,8181,8186,8179,8259,8183,8194,8148,8212,8207,8162,8159,8120,10.647318601608276,sil,False
51,8181,8186,8197,8192,8172,8262,8172,8191,8258,8197,8185,8189,8167,8131,10.65532660484314,sil,False
52,8160,8164,8184,8185,8180,8256,8184,8195,8199,8207,8208,8161,8171,8130,10.662474870681764,sil,False
53,8188,8189,8192,8202,8187,8263,8185,8202,8236,8210,8212,8177,8171,8144,10.670474529266356,sil,False
54,8189,8192,8204,8199,8186,8270,8170,8191,8270,8200,8216,8192,8175,8148,10.678470373153688,sil,False
55,8185,8166,8198,8194,8194,8263,8173,8184,8193,8217,8228,8162,8173,8156,10.68647289276123,sil,False
56,8198,8188,8199,8198,8168,8254,8161,8192,8287,8195,8184,8182,8164,8155,10.69451093673706,sil,False
56,8198,8188,8199,8198,8168,8254,8161,8192,8287,8195,8184,8182,8164,8155,10.695512294769289,sil,False
57,8165,8156,8189,8171,8173,8254,8168,8179,8166,8190,8169,8162,8153,8128,10.70247507095337,sil,False
58,8169,8167,8212,8179,8180,8264,8177,8187,8174,8192,8181,8179,8165,8134,10.710474729537964,sil,False
59,8185,8185,8222,8194,8170,8278,8187,8202,8271,8195,8183,8191,8174,8156,10.718513488769531,sil,False
60,8192,8165,8212,8190,8188,8284,8196,8189,8175,8210,8197,8164,8166,8183,10.72551155090332,sil,False
61,8194,8186,8233,8193,8182,8270,8162,8181,8251,8176,8187,8198,8171,8192,10.733474731445312,sil,False
62,8175,8165,8221,8177,8183,8269,8167,8173,8195,8178,8191,8171,8170,8179,10.741676807403564,sil,False
63,8189,8169,8215,8185,8181,8291,8188,8180,8204,8192,8194,8168,8164,8195,10.749200820922852,sil,False
64,8174,8174,8207,8183,8163,8284,8177,8182,8264,8179,8181,8182,8161,8191,10.757195949554443,sil,False
65,8161,8154,8195,8176,8178,8276,8180,8177,8151,8198,8194,8156,8162,8191,10.765474796295166,sil,False
66,8183,8192,8228,8200,8174,8281,8179,8198,8284,8210,8202,8199,8180,8218,10.773475408554075,sil,False
67,8160,8167,8213,8192,8184,8278,8191,8201,8260,8216,8209,8179,8176,8205,10.78147554397583,sil,False
68,8163,8153,8191,8179,8202,8282,8190,8190,8205,8209,8206,8167,8167,8201,10.789751291275024,sil,False
69,8182,8175,8204,8180,8192,8283,8179,8194,8301,8207,8198,8197,8173,8209,10.79575252532959,sil,False
69,8182,8175,8204,8180,8192,8283,8179,8194,8301,8207,8198,8197,8173,8209,10.79675006866455,sil,False
70,8185,8158,8200,8176,8192,8281,8196,8195,8224,8226,8197,8162,8166,8201,10.804749011993408,sil,False
71,8175,8173,8197,8179,8171,8274,8175,8184,8258,8183,8161,8172,8158,8177,10.811747312545776,sil,False
71,8175,8173,8197,8179,8171,8274,8175,8184,8258,8183,8161,8172,8158,8177,10.812748432159424,sil,False
72,8140,8158,8177,8174,8172,8273,8167,8165,8171,8163,8146,8159,8157,8150,10.8207528591156,sil,False
73,8162,8164,8177,8180,8188,8281,8178,8160,8114,8172,8144,8157,8162,8167,10.828765630722046,sil,False
74,8171,8178,8208,8178,8175,8259,8160,8159,8205,8145,8133,8186,8169,8180,10.835770845413208,sil,False
74,8171,8178,8208,8178,8175,8259,8160,8159,8205,8145,8133,8186,8169,8180,10.836769104003906,sil,False
75,8151,8145,8226,8169,8179,8245,8165,8160,8102,8162,8151,8161,8170,8183,10.844770669937134,sil,False
75,8151,8145,8226,8169,8179,8245,8165,8160,8102,8162,8151,8161,8170,8183,10.8448748588562,sil,False
76,8167,8171,8239,8181,8171,8259,8165,8178,8174,8163,8139,8186,8175,8197,10.852474689483644,sil,False
77,8150,8165,8212,8169,8174,8259,8176,8181,8184,8165,8137,8178,8166,8190,10.859475374221802,sil,False
78,8162,8154,8193,8176,8177,8246,8192,8181,8140,8188,8150,8163,8161,8200,10.86788773536682,sil,False
79,8192,8176,8203,8187,8159,8244,8178,8178,8231,8167,8127,8189,8171,8197,10.875235319137571,sil,False
80,8174,8155,8189,8167,8186,8253,8175,8158,8120,8158,8134,8161,8170,8181,10.883507251739502,sil,False
81,8167,8181,8193,8182,8195,8257,8156,8166,8169,8144,8137,8182,8162,8182,10.89188838005066,sil,False
82,8162,8177,8188,8190,8188,8256,8159,8174,8182,8159,8135,8179,8157,8160,10.899474382400513,sil,False
83,8176,8160,8185,8182,8195,8278,8181,8164,8105,8181,8144,8155,8164,8151,10.9074387550354,sil,False
84,8176,8184,8200,8187,8182,8291,8162,8155,8205,8141,8133,8188,8172,8150,10.915475130081177,sil,False
85,8152,8158,8174,8181,8192,8285,8159,8143,8105,8143,8137,8162,8159,8132,10.922781705856323,sil,False
86,8168,8169,8174,8188,8196,8291,8165,8156,8140,8164,8136,8172,8162,8142,10.92982578277588,sil,False
86,8168,8169,8174,8188,8196,8291,8165,8156,8140,8164,8136,8172,8162,8142,10.93082594871521,sil,False
87,8158,8174,8185,8195,8201,8306,8181,8186,8214,8188,8153,8178,8174,8157,10.938475847244264,sil,False
88,8163,8159,8180,8193,8213,8320,8199,8194,8177,8215,8179,8159,8173,8176,10.946475982666016,sil,False
89,8171,8179,8179,8183,8191,8317,8186,8183,8272,8186,8162,8186,8175,8176,10.954475164413452,sil,False
90,8136,8154,8155,8170,8199,8313,8192,8174,8156,8177,8148,8154,8169,8147,10.962475299835203,sil,False
91,8161,8176,8164,8193,8207,8316,8192,8187,8179,8175,8139,8165,8169,8151,10.970474481582642,goodbye,True
92,8172,8190,8182,8197,8206,8310,8190,8188,8261,8178,8154,8181,8178,8157,10.978389024734495,goodbye,True
93,8168,8169,8183,8195,8222,8309,8199,8174,8171,8198,8168,8160,8177,8166,10.985382080078123,goodbye,True
94,8176,8185,8198,8193,8195,8304,8179,8167,8239,8181,8133,8185,8169,8167,10.99337673187256,goodbye,True
95,8144,8157,8194,8168,8190,8293,8181,8158,8161,8192,8146,8154,8159,8153,11.001373767852783,goodbye,True
96,8153,8174,8213,8190,8201,8291,8177,8170,8185,8190,8161,8161,8170,8161,11.009422779083252,goodbye,True
97,8155,8180,8226,8194,8188,8287,8160,8165,8232,8161,8130,8177,8170,8144,11.017721891403198,goodbye,True
98,8146,8144,8216,8170,8202,8290,8176,8150,8088,8167,8126,8138,8159,8127,11.025813579559326,goodbye,True
99,8165,8178,8215,8184,8198,8297,8184,8173,8199,8159,8129,8166,8167,8138,11.03311014175415,goodbye,True
100,8158,8171,8182,8181,8200,8298,8196,8181,8185,8180,8144,8156,8166,8142,11.041109800338743,goodbye,True
101,8168,8174,8182,8184,8211,8292,8192,8176,8170,8191,8148,8162,8166,8157,11.049110651016235,goodbye,True
102,8176,8185,8198,8191,8202,8281,8184,8181,8252,8169,8140,8185,8175,8160,11.056110858917236,goodbye,True
103,8169,8154,8172,8177,8202,8282,8202,8175,8150,8189,8152,8151,8173,8154,11.064109802246094,goodbye,True
104,8155,8176,8169,8178,8182,8275,8175,8166,8212,8175,8145,8174,8174,8149,11.07247519493103,goodbye,True
105,8123,8163,8170,8174,8186,8257,8156,8158,8165,8161,8155,8164,8174,8135,11.080464124679564,goodbye,True
106,8155,8162,8186,8187,8199,8265,8172,8165,8149,8176,8163,8167,8179,8162,11.088464260101318,goodbye,True
107,8186,8184,8205,8198,8194,8266,8183,8179,8276,8191,8156,8198,8187,8178,11.09647536277771,goodbye,True
108,8176,8157,8193,8183,8216,8263,8197,8178,8190,8213,8174,8166,8174,8171,11.104504108428957,goodbye,True
109,8167,8171,8191,8173,8200,8267,8179,8176,8238,8174,8163,8178,8165,8166,11.1124746799469,goodbye,True
110,8139,8164,8172,8165,8184,8268,8182,8174,8209,8176,8159,8167,8165,8145,11.11912226676941,goodbye,True
111,8163,8169,8176,8187,8196,8279,8201,8184,8183,8212,8163,8170,8169,8150,11.127537488937378,goodbye,True
112,8184,8188,8198,8195,8189,8278,8192,8186,8279,8187,8138,8200,8169,8147,11.135073900222778,goodbye,True
113,8158,8160,8183,8169,8192,8272,8198,8162,8139,8176,8146,8156,8158,8133,11.143475770950316,goodbye,True
114,8161,8186,8192,8181,8172,8270,8189,8163,8197,8167,8151,8184,8169,8151,11.151830196380615,goodbye,True
115,8163,8180,8203,8191,8166,8256,8187,8172,8239,8183,8155,8198,8182,8161,11.15982985496521,goodbye,True
116,8186,8166,8215,8188,8197,8245,8194,8173,8192,8210,8171,8183,8178,8181,11.166831731796265,goodbye,True
117,8185,8188,8214,8185,8187,8242,8185,8179,8279,8193,8157,8195,8168,8179,11.175477504730225,goodbye,True
118,8158,8154,8180,8182,8176,8239,8198,8173,8157,8187,8143,8155,8156,8147,11.182478189468384,goodbye,True
119,8182,8167,8192,8200,8173,8221,8180,8165,8189,8167,8138,8185,8165,8162,11.191477298736572,goodbye,True
120,8176,8167,8193,8188,8179,8193,8155,8154,8208,8169,8159,8197,8171,8180,11.198474884033203,goodbye,True
121,8179,8159,8180,8185,8180,8186,8168,8150,8111,8187,8163,8165,8164,8175,11.206475734710692,goodbye,True
122,8200,8184,8196,8198,8157,8188,8169,8150,8206,8153,8135,8192,8166,8165,11.213955163955688,goodbye,True
123,8169,8157,8188,8181,8172,8188,8171,8139,8129,8161,8155,8171,8170,8165,11.221970558166504,goodbye,True
124,8171,8179,8193,8189,8161,8195,8168,8151,8161,8177,8158,8182,8174,8177,11.230475425720217,goodbye,True
125,8178,8182,8189,8190,8146,8194,8181,8155,8203,8167,8137,8187,8172,8159,11.238474607467651,goodbye,True
126,8169,8153,8173,8180,8171,8190,8193,8145,8105,8178,8146,8156,8165,8152,11.245486736297607,goodbye,True
127,8159,8176,8183,8191,8157,8192,8165,8155,8193,8165,8138,8180,8167,8152,11.253475666046144,goodbye,True
240,8153,8155,8167,8182,8158,8191,8176,8157,8112,8162,8136,8158,8165,8137,11.261475324630736,goodbye,True
0,8164,8157,8156,8169,8160,8180,8182,8146,8093,8135,8122,8161,8164,8139,11.269184112548828,goodbye,True
1,8136,8168,8157,8163,8144,8171,8162,8140,8118,8118,8112,8169,8164,8125,11.27718472480774,goodbye,True
2,8150,8156,8163,8173,8149,8176,8164,8145,8035,8159,8139,8152,8165,8134,11.285475254058838,goodbye,True
3,8185,8174,8183,8181,8143,8172,8152,8152,8158,8153,8141,8192,8171,8157,11.293717861175535,goodbye,True
4,8155,8154,8174,8172,8158,8166,8154,8144,8103,8149,8143,8169,8165,8151,11.301475524902344,goodbye,True
5,8166,8166,8182,8190,8154,8167,8161,8147,8098,8151,8148,8170,8169,8167,11.3092360496521,goodbye,True
6,8164,8168,8184,8181,8130,8168,8164,8147,8174,8141,8150,8189,8171,8165,11.316232442855837,goodbye,True
7,8148,8141,8159,8162,8149,8178,8181,8140,8069,8167,8156,8149,8158,8149,11.324469089508057,goodbye,True
8,8176,8178,8166,8181,8153,8176,8175,8150,8155,8152,8130,8170,8161,8148,11.33247447013855,goodbye,True
9,8153,8156,8153,8170,8157,8172,8187,8145,8100,8139,8134,8158,8167,8131,11.339764833450316,goodbye,True
9,8153,8156,8153,8170,8157,8172,8187,8145,8100,8139,8134,8158,8167,8131,11.34075164794922,goodbye,True
10,8150,8151,8153,8171,8172,8190,8199,8154,8087,8161,8146,8160,8173,8136,11.348751544952393,goodbye,True
11,8167,8183,8173,8183,8162,8182,8185,8176,8218,8181,8135,8184,8176,8149,11.356316566467283,goodbye,True
12,8157,8159,8164,8168,8151,8162,8186,8163,8107,8183,8141,8153,8163,8160,11.364476680755615,goodbye,True
13,8161,8179,8172,8171,8129,8164,8176,8153,8152,8153,8127,8182,8166,8167,11.372831106185911,goodbye,True
14,8152,8172,8178,8173,8148,8164,8183,8150,8142,8183,8139,8182,8175,8156,11.379831075668337,goodbye,True
15,8160,8168,8188,8181,8174,8171,8192,8158,8127,8200,8167,8182,8179,8169,11.387438774108888,goodbye,True
16,8170,8185,8194,8184,8164,8181,8187,8178,8240,8169,8168,8202,8178,8180,11.39547610282898,goodbye,True
17,8183,8165,8179,8175,8189,8184,8208,8180,8158,8198,8181,8166,8172,8182,11.40369987487793,goodbye,True
18,8202,8197,8193,8190,8184,8186,8190,8177,8228,8199,8173,8190,8178,8190,11.41170072555542,goodbye,True
19,8181,8193,8184,8189,8162,8181,8179,8168,8211,8178,8164,8178,8175,8176,11.419468879699709,goodbye,True
20,8183,8174,8167,8180,8167,8184,8195,8168,8130,8172,8156,8155,8164,8170,11.427480220794678,goodbye,True
21,8179,8186,8175,8175,8153,8181,8182,8169,8212,8161,8138,8184,8164,8156,11.435014247894289,goodbye,True
22,8159,8166,8170,8170,8161,8177,8184,8156,8111,8184,8149,8158,8165,8151,11.442476987838743,goodbye,True
23,8175,8188,8181,8190,8162,8179,8178,8162,8152,8160,8142,8180,8169,8169,11.450474500656128,goodbye,True
23,8175,8188,8181,8190,8162,8179,8178,8162,8152,8160,8142,8180,8169,8169,11.451033353805542,goodbye,True
24,8158,8176,8171,8185,8159,8186,8174,8168,8160,8141,8142,8179,8164,8156,11.45862364768982,goodbye,True
25,8166,8159,8163,8179,8166,8195,8182,8165,8093,8169,8146,8159,8163,8154,11.466623306274414,goodbye,True
26,8181,8188,8180,8185,8155,8185,8171,8162,8194,8155,8119,8189,8167,8158,11.474475145339966,goodbye,True
27,8166,8168,8161,8172,8169,8180,8182,8157,8097,8148,8127,8161,8165,8147,11.482475757598875,goodbye,True
28,8186,8184,8167,8177,8159,8182,8180,8160,8126,8127,8131,8183,8171,8156,11.490474700927734,goodbye,True
29,8173,8184,8180,8171,8151,8173,8179,8153,8156,8129,8124,8201,8168,8157,11.49877643585205,goodbye,True
30,8180,8175,8189,8180,8177,8170,8193,8154,8092,8180,8123,8176,8159,8170,11.5067777633667,goodbye,True
31,8211,8207,8220,8200,8168,8169,8181,8166,8224,8170,8107,8201,8167,8184,11.51347517967224,goodbye,True
32,8191,8178,8217,8187,8170,8176,8190,8160,8153,8158,8132,8181,8174,8182,11.521512508392334,goodbye,True
33,8198,8189,8212,8192,8172,8182,8196,8165,8168,8157,8145,8190,8174,8194,11.529172658920288,goodbye,True
34,8183,8189,8185,8182,8162,8174,8192,8164,8196,8149,8127,8191,8169,8174,11.537189245224,goodbye,True
35,8168,8160,8159,8170,8176,8183,8201,8158,8088,8159,8128,8163,8161,8156,11.545225381851196,goodbye,True
36,8185,8188,8175,8182,8167,8186,8180,8163,8198,8151,8119,8196,8164,8164,11.55321979522705,goodbye,True
37,8163,8163,8157,8163,8173,8170,8181,8151,8123,8169,8126,8167,8160,8153,11.561474800109863,goodbye,True
38,8160,8167,8151,8158,8174,8171,8187,8155,8110,8168,8124,8169,8161,8152,11.569249868392944,goodbye,True
39,8168,8181,8165,8162,8166,8173,8184,8167,8188,8148,8121,8186,8169,8153,11.5762460231781,goodbye,True
39,8168,8181,8165,8162,8166,8173,8184,8167,8188,8148,8121,8186,8169,8153,11.57728147506714,goodbye,True
40,8173,8162,8161,8161,8174,8168,8199,8160,8097,8171,8149,8161,8168,8164,11.584551572799684,goodbye,True
41,8186,8188,8174,8182,8157,8168,8196,8166,8206,8175,8150,8200,8174,8178,11.592288255691528,goodbye,True
42,8179,8173,8175,8178,8167,8167,8204,8163,8179,8181,8159,8186,8177,8170,11.600287675857544,goodbye,True
43,8185,8174,8177,8167,8173,8171,8194,8151,8138,8162,8159,8179,8172,8175,11.608474493026732,goodbye,True
44,8164,8174,8156,8155,8146,8181,8176,8153,8177,8141,8128,8188,8163,8162,11.616475820541382,goodbye,True
45,8154,8137,8126,8141,8161,8190,8193,8145,8059,8160,8123,8150,8153,8147,11.6248037815094,goodbye,True
46,8176,8179,8157,8155,8169,8190,8186,8148,8150,8142,8124,8181,8164,8152,11.63232684135437,sil,False
47,8162,8186,8166,8158,8174,8204,8196,8159,8144,8151,8133,8172,8170,8142,11.64032816886902,sil,False
48,8173,8168,8158,8157,8182,8222,8204,8167,8123,8173,8132,8161,8168,8150,11.647408485412598,sil,False
49,8166,8172,8162,8148,8160,8203,8181,8167,8209,8158,8126,8188,8167,8151,11.655670404434204,sil,False
50,8145,8152,8146,8140,8158,8184,8196,8168,8104,8174,8139,8154,8160,8147,11.663671016693115,sil,False
51,8154,8169,8147,8146,8152,8187,8196,8167,8166,8151,8115,8170,8165,8148,11.671474695205688,sil,False
52,8129,8143,8135,8128,8148,8181,8176,8147,8130,8124,8107,8164,8160,8122,11.67944836616516,sil,False
53,8140,8143,8126,8133,8150,8187,8180,8149,8073,8147,8113,8159,8155,8124,11.687482118606567,sil,False
54,8152,8178,8131,8141,8139,8194,8191,8163,8184,8157,8102,8185,8167,8138,11.695498704910278,sil,False
55,8121,8151,8125,8124,8158,8193,8204,8157,8094,8162,8119,8151,8168,8130,11.7034752368927,sil,False
56,8135,8168,8143,8139,8149,8192,8186,8166,8153,8142,8110,8170,8165,8127,11.710777282714844,sil,False
57,8145,8160,8138,8138,8144,8182,8180,8163,8150,8146,8098,8164,8156,8122,11.718152523040771,sil,False
58,8143,8147,8129,8131,8157,8183,8189,8146,8067,8157,8113,8146,8159,8129,11.726084232330322,sil,False
59,8138,8174,8139,8137,8138,8189,8175,8146,8163,8130,8107,8176,8170,8116,11.734555959701538,sil,False
60,8137,8156,8120,8137,8154,8188,8183,8145,8077,8147,8105,8146,8164,8106,11.742555141448976,sil,False
61,8156,8175,8124,8149,8158,8191,8174,8148,8128,8149,8102,8164,8165,8123,11.750799417495728,sil,False
62,8131,8165,8118,8137,8147,8199,8176,8152,8159,8150,8117,8168,8171,8107,11.75847053527832,sil,False
63,8124,8140,8100,8125,8154,8196,8192,8150,8069,8157,8134,8144,8167,8099,11.766484260559082,sil,False
64,8127,8159,8115,8135,8142,8185,8168,8148,8157,8121,8117,8171,8167,8107,11.774482488632202,sil,False
65,8117,8136,8118,8129,8155,8204,8181,8147,8089,8147,8122,8143,8169,8110,11.781476020812988,sil,False
66,8149,8160,8134,8135,8159,8216,8189,8158,8142,8170,8118,8156,8176,8130,11.789467096328735,sil,False
67,8137,8166,8129,8138,8151,8191,8169,8152,8179,8150,8111,8169,8170,8123,11.797513961791992,sil,False
68,8136,8138,8110,8144,8161,8193,8177,8144,8070,8156,8123,8146,8164,8120,11.805508613586426,sil,False
69,8157,8161,8125,8149,8143,8204,8177,8151,8169,8146,8114,8181,8173,8130,11.813475847244264,sil,False
70,8125,8146,8116,8127,8143,8193,8168,8140,8089,8136,8127,8161,8168,8116,11.82153058052063,sil,False
71,8131,8155,8113,8130,8147,8196,8150,8137,8079,8121,8127,8161,8166,8115,11.8295259475708,sil,False
72,8131,8155,8104,8127,8137,8204,8161,8143,8130,8118,8120,8169,8169,8108,11.83754587173462,sil,False
73,8127,8138,8096,8129,8140,8206,8189,8144,8043,8146,8134,8147,8168,8114,11.84454584121704,sil,False
74,8144,8173,8116,8146,8119,8208,8167,8150,8150,8127,8114,8172,8169,8123,11.852546453475952,sil,False
75,8111,8138,8103,8115,8127,8202,8156,8136,8065,8113,8095,8134,8156,8093,11.860474586486816,sil,False
76,8107,8132,8095,8107,8145,8193,8152,8130,8014,8108,8081,8136,8154,8084,11.868456602096558,sil,False
77,8111,8150,8091,8118,8132,8190,8143,8138,8079,8092,8075,8165,8165,8086,11.876455068588257,sil,False
78,8100,8127,8074,8114,8125,8200,8158,8141,7980,8101,8096,8133,8164,8090,11.884454727172852,sil,False
79,8117,8150,8087,8128,8103,8204,8156,8153,8077,8096,8092,8159,8167,8098,11.892476081848145,sil,False
80,8120,8136,8080,8120,8109,8198,8160,8147,8051,8112,8097,8150,8164,8093,11.900637149810793,sil,False
81,8128,8134,8079,8111,8116,8200,8155,8138,8009,8107,8107,8153,8164,8108,11.90744161605835,sil,False
82,8117,8149,8092,8120,8096,8202,8141,8148,8097,8085,8107,8180,8174,8111,11.915526390075684,sil,False
83,8127,8139,8094,8137,8118,8206,8169,8161,8041,8120,8129,8150,8170,8116,11.923526287078856,sil,False
84,8164,8175,8129,8149,8117,8206,8173,8168,8146,8127,8127,8182,8173,8137,11.931064367294312,sil,False
85,8132,8151,8117,8127,8101,8197,8169,8156,8110,8133,8127,8170,8174,8120,11.939475536346436,sil,False
86,8130,8140,8091,8136,8105,8197,8171,8160,8060,8136,8130,8150,8168,8116,11.947620153427124,sil,False
87,8158,8173,8116,8153,8111,8187,8161,8170,8177,8113,8133,8173,8168,8129,11.955905437469482,sil,False
88,8152,8147,8123,8136,8125,8170,8170,8153,8081,8131,8160,8145,8171,8129,11.96377944946289,sil,False
89,8154,8161,8116,8135,8100,8164,8157,8150,8126,8119,8143,8164,8172,8122,11.97077226638794,sil,False
90,8132,8153,8099,8125,8100,8159,8156,8149,8095,8107,8134,8153,8160,8103,11.978476285934448,sil,False
91,8124,8143,8109,8131,8122,8159,8160,8147,8019,8118,8155,8140,8159,8102,11.986470699310305,sil,False
92,8136,8167,8127,8150,8106,8153,8153,8157,8136,8116,8150,8169,8171,8100,11.994567155838013,sil,False
93,8147,8147,8099,8139,8117,8152,8176,8157,8067,8143,8167,8136,8169,8110,12.002622604370115,sil,False
94,8161,8166,8095,8138,8119,8161,8172,8164,8120,8131,8173,8159,8170,8135,12.010620832443236,sil,False
95,8140,8159,8088,8135,8110,8160,8171,8165,8129,8122,8165,8166,8167,8122,12.018476009368896,sil,False
96,8139,8144,8073,8132,8113,8152,8173,8153,8051,8144,8165,8143,8161,8113,12.026475191116331,sil,False
97,8137,8165,8078,8134,8092,8137,8142,8151,8136,8121,8154,8164,8164,8109,12.034188508987429,sil,False
98,8131,8147,8074,8128,8104,8134,8161,8155,8044,8127,8161,8135,8162,8107,12.04218578338623,sil,False
99,8155,8163,8089,8130,8113,8126,8171,8155,8083,8126,8162,8151,8162,8120,12.049221277236938,sil,False
100,8127,8155,8078,8119,8104,8101,8148,8144,8114,8119,8164,8160,8162,8109,12.05726718902588,sil,False
101,8125,8142,8062,8133,8112,8104,8149,8143,8022,8133,8175,8142,8163,8118,12.064959287643433,sil,False
102,8153,8176,8076,8150,8110,8124,8149,8148,8116,8109,8161,8171,8168,8127,12.075957298278809,sil,False
103,8140,8156,8070,8131,8131,8135,8170,8143,8052,8130,8176,8141,8164,8110,12.08095932006836,sil,False
104,8162,8171,8091,8143,8140,8141,8169,8155,8096,8152,8191,8152,8165,8121,12.08895707130432,sil,False
105,8161,8174,8110,8153,8135,8134,8150,8161,8162,8134,8205,8172,8169,8124,12.096957445144652,sil,False
106,8154,8149,8104,8147,8147,8129,8165,8151,8075,8149,8230,8152,8171,8126,12.103957176208496,sil,False
107,8171,8179,8111,8151,8129,8128,8163,8152,8175,8146,8207,8178,8172,8138,12.111958265304564,sil,False
107,8171,8179,8111,8151,8129,8128,8163,8152,8175,8146,8207,8178,8172,8138,12.112958431243896,sil,False
108,8151,8160,8098,8144,8130,8121,8157,8148,8103,8144,8196,8147,8160,8121,12.119961738586426,sil,False
109,8161,8166,8101,8157,8136,8125,8155,8154,8096,8139,8195,8150,8163,8114,12.1279616355896,sil,False
110,8155,8175,8109,8150,8130,8136,8160,8151,8161,8133,8199,8173,8167,8111,12.136468887329102,sil,False
111,8139,8150,8101,8134,8148,8144,8171,8142,8066,8148,8221,8146,8162,8123,12.144469022750854,sil,False
112,8159,8180,8118,8155,8136,8148,8159,8160,8189,8138,8211,8171,8174,8134,12.152468919754028,sil,False
113,8162,8161,8114,8152,8137,8153,8177,8168,8171,8166,8224,8155,8172,8126,12.160475969314575,sil,False
114,8172,8154,8128,8142,8148,8157,8184,8164,8148,8179,8244,8160,8164,8138,12.167503356933594,sil,False
115,8155,8169,8155,8145,8135,8143,8157,8160,8226,8145,8244,8189,8172,8135,12.175496816635132,sil,False
116,8145,8149,8155,8153,8139,8136,8153,8153,8131,8154,8263,8164,8173,8133,12.182719945907593,sil,False
116,8145,8149,8155,8153,8139,8136,8153,8153,8131,8154,8263,8164,8173,8133,12.183836221694946,sil,False
117,8171,8171,8163,8167,8123,8135,8143,8159,8207,8143,8242,8188,8171,8144,12.191476345062256,sil,False
118,8161,8154,8140,8145,8125,8129,8148,8156,8155,8138,8219,8164,8169,8129,12.19945478439331,sil,False
119,8175,8156,8131,8142,8139,8130,8152,8155,8115,8152,8227,8159,8168,8141,12.207470417022703,sil,False
120,8183,8174,8145,8145,8129,8132,8145,8158,8223,8148,8239,8194,8170,8153,12.215479135513306,sil,False
121,8161,8138,8133,8134,8150,8147,8165,8158,8117,8155,8254,8159,8167,8139,12.223475456237791,sil,False
122,8168,8166,8141,8153,8145,8162,8160,8178,8188,8147,8236,8172,8170,8135,12.231034994125366,sil,False
122,8168,8166,8141,8153,8145,8162,8160,8178,8188,8147,8236,8172,8170,8135,12.232028484344482,sil,False
123,8164,8167,8137,8152,8133,8158,8159,8171,8190,8157,8238,8161,8168,8130,12.2380268573761,sil,False
124,8169,8157,8132,8151,8144,8159,8164,8155,8121,8147,8251,8149,8166,8137,12.246358394622805,sil,False
125,8175,8177,8145,8163,8141,8150,8148,8161,8206,8118,8237,8180,8171,8137,12.254475116729736,sil,False
126,8171,8154,8135,8152,8154,8146,8158,8154,8113,8157,8240,8147,8167,8135,12.26244592666626,sil,False
127,8178,8170,8141,8146,8143,8158,8151,8152,8166,8153,8228,8164,8166,8143,12.270446062088013,sil,False
240,8163,8163,8146,8144,8141,8157,8153,8163,8180,8140,8225,8171,8167,8129,12.278469800949097,sil,False
0,8183,8158,8161,8160,8157,8145,8167,8166,8130,8163,8228,8154,8173,8134,12.286475658416748,sil,False
1,8189,8185,8186,8161,8135,8141,8145,8165,8232,8150,8217,8177,8179,8140,12.295074701309204,sil,False
2,8170,8160,8179,8149,8146,8151,8150,8169,8147,8168,8244,8161,8171,8140,12.301475524902344,sil,False
2,8170,8160,8179,8149,8146,8151,8150,8169,8147,8168,8244,8161,8171,8140,12.30194330215454,sil,False
3,8207,8176,8194,8170,8158,8157,8158,8181,8204,8163,8249,8186,8175,8160,12.309953689575195,sil,False
4,8196,8178,8190,8168,8156,8154,8159,8178,8240,8149,8245,8184,8179,8152,12.31696391105652,sil,False
4,8196,8178,8190,8168,8156,8154,8159,8178,8240,8149,8245,8184,8179,8152,12.317956924438477,sil,False
5,8184,8169,8181,8164,8164,8168,8164,8178,8171,8187,8252,8160,8174,8151,12.325283527374268,sil,False
6,8198,8194,8201,8174,8146,8166,8144,8183,8275,8182,8240,8191,8173,8162,12.33332109451294,sil,False
7,8176,8166,8184,8153,8153,8154,8149,8167,8179,8172,8251,8162,8165,8152,12.341344594955444,sil,False
8,8189,8181,8176,8153,8161,8170,8152,8174,8202,8181,8244,8174,8167,8156,12.349339485168455,sil,False
9,8186,8179,8168,8154,8164,8178,8150,8180,8244,8184,8234,8185,8169,8146,12.357295751571655,sil,False
10,8179,8153,8157,8151,8180,8171,8160,8172,8147,8181,8249,8157,8168,8148,12.365295171737673,sil,False
11,8201,8187,8176,8166,8166,8173,8150,8183,8266,8170,8240,8189,8177,8163,12.372474908828735,sil,False
12,8193,8169,8170,8160,8176,8182,8157,8181,8211,8200,8251,8171,8173,8153,12.380474328994753,sil,False
13,8198,8173,8171,8159,8174,8172,8150,8177,8202,8188,8253,8170,8169,8155,12.388336896896362,sil,False
13,8198,8173,8171,8159,8174,8172,8150,8177,8202,8188,8253,8170,8169,8155,12.389349937438965,sil,False
14,8188,8181,8169,8150,8154,8150,8135,8172,8236,8153,8233,8173,8164,8149,12.396475791931152,sil,False
15,8187,8162,8163,8154,8169,8162,8150,8163,8126,8183,8239,8147,8158,8148,12.404464483261108,sil,False
16,8202,8189,8191,8173,8175,8169,8147,8172,8231,8178,8235,8183,8164,8150,12.412463665008543,sil,False
17,8172,8165,8181,8149,8185,8146,8151,8168,8164,8155,8227,8158,8162,8131,12.420495510101318,sil,False
18,8169,8167,8166,8149,8172,8133,8139,8162,8115,8138,8216,8152,8159,8129,12.428449153900146,sil,False
19,8167,8178,8165,8156,8147,8131,8122,8161,8178,8134,8198,8177,8159,8118,12.435469627380373,sil,False
20,8157,8148,8149,8129,8159,8131,8141,8157,8075,8148,8193,8143,8153,8106,12.443000316619871,sil,False
21,8160,8169,8151,8125,8150,8127,8131,8157,8144,8111,8171,8164,8157,8109,12.45100235939026,sil,False
21,8160,8169,8151,8125,8150,8127,8131,8157,8144,8111,8171,8164,8157,8109,12.451996088027954,sil,False
22,8145,8152,8143,8133,8158,8117,8131,8151,8100,8116,8185,8159,8162,8103,12.459475755691528,sil,False
23,8157,8147,8147,8145,8169,8110,8132,8153,8069,8139,8198,8158,8162,8111,12.46743869781494,sil,False
24,8160,8169,8158,8146,8153,8103,8112,8153,8147,8132,8183,8173,8165,8101,12.475737810134888,sil,False
25,8165,8163,8171,8159,8178,8114,8128,8156,8076,8157,8205,8152,8166,8105,12.483707904815674,sil,False
26,8190,8192,8195,8185,8188,8124,8129,8169,8191,8149,8205,8188,8173,8122,12.491708278656006,sil,False
27,8158,8160,8162,8157,8174,8107,8125,8152,8143,8145,8194,8165,8164,8096,12.498475551605225,sil,False
28,8153,8147,8148,8143,8168,8099,8124,8143,8053,8149,8197,8149,8157,8092,12.506475448608398,sil,False
29,8170,8180,8175,8163,8161,8104,8114,8157,8167,8132,8199,8188,8170,8109,12.514729738235474,sil,False
30,8162,8160,8160,8158,8181,8114,8136,8157,8091,8151,8210,8156,8171,8112,12.522493362426758,sil,False
31,8166,8175,8147,8155,8177,8120,8139,8167,8144,8152,8192,8170,8168,8108,12.530016899108888,sil,False
31,8166,8175,8147,8155,8177,8120,8139,8167,8144,8152,8192,8170,8168,8108,12.531027793884276,sil,False
32,8147,8162,8128,8145,8167,8117,8138,8164,8136,8154,8187,8164,8162,8093,12.538474321365356,sil,False
33,8152,8150,8122,8146,8172,8120,8139,8147,8061,8149,8192,8148,8158,8107,12.546494245529177,sil,False
34,8162,8177,8146,8154,8172,8121,8123,8150,8154,8119,8185,8184,8166,8116,12.554494142532349,sil,False
35,8160,8160,8150,8154,8195,8123,8141,8159,8081,8149,8204,8162,8171,8115,12.561474561691284,sil,False
36,8181,8180,8170,8172,8184,8132,8145,8165,8152,8151,8197,8181,8178,8128,12.569504737854004,sil,False
37,8164,8175,8174,8169,8180,8138,8138,8171,8187,8151,8196,8179,8177,8116,12.577242612838743,sil,False
38,8162,8160,8167,8169,8200,8132,8137,8175,8118,8178,8212,8160,8167,8113,12.5854754447937,sil,False
39,8170,8186,8178,8177,8182,8113,8120,8170,8210,8150,8197,8191,8164,8115,12.593475103378296,sil,False
40,8159,8159,8165,8165,8185,8109,8131,8160,8116,8154,8204,8162,8165,8104,12.601475477218628,sil,False
41,8178,8167,8172,8165,8182,8122,8134,8165,8136,8158,8204,8171,8170,8114,12.60965061187744,sil,False
42,8159,8168,8172,8154,8167,8126,8126,8159,8158,8137,8191,8171,8165,8106,12.616477012634276,sil,False
43,8153,8154,8164,8157,8180,8128,8136,8153,8076,8143,8197,8152,8162,8109,12.625685930252075,sil,False
44,8180,8186,8190,8180,8173,8119,8125,8167,8208,8144,8198,8193,8178,8129,12.632215976715088,sil,False
45,8172,8169,8188,8169,8174,8115,8135,8164,8152,8172,8216,8166,8176,8128,12.640244483947754,sil,False
46,8179,8183,8192,8167,8168,8132,8135,8164,8158,8169,8207,8169,8165,8131,12.648473978042604,sil,False
47,8175,8182,8204,8171,8166,8136,8128,8171,8212,8158,8199,8188,8165,8129,12.656495809555054,sil,False
48,8176,8154,8207,8174,8183,8140,8145,8169,8141,8193,8223,8171,8171,8144,12.664494037628174,sil,False
49,8190,8181,8209,8180,8156,8148,8131,8177,8257,8184,8214,8195,8172,8153,12.671518325805664,sil,False
50,8177,8161,8179,8166,8151,8150,8143,8172,8184,8183,8213,8165,8160,8137,12.67947483062744,sil,False
51,8197,8167,8188,8171,8161,8161,8152,8171,8176,8190,8215,8172,8168,8152,12.687498569488524,sil,False
52,8178,8174,8194,8169,8145,8158,8127,8173,8245,8179,8206,8194,8176,8150,12.695502519607544,sil,False
53,8164,8155,8164,8169,8144,8151,8127,8165,8126,8179,8208,8161,8161,8138,12.703771352767944,sil,False
54,8204,8191,8172,8185,8146,8152,8131,8169,8219,8156,8197,8185,8163,8148,12.71147632598877,sil,False
55,8179,8167,8170,8164,8164,8151,8143,8169,8189,8177,8212,8170,8169,8145,12.719445943832396,sil,False
56,8168,8160,8173,8168,8156,8147,8136,8175,8169,8197,8220,8172,8171,8151,12.727445125579834,sil,False
57,8179,8181,8183,8181,8136,8150,8123,8176,8244,8170,8211,8190,8170,8148,12.735458612442017,sil,False
58,8167,8156,8161,8168,8161,8168,8134,8162,8124,8168,8220,8146,8159,8137,12.743470430374146,sil,False
59,8169,8174,8162,8172,8144,8169,8122,8164,8192,8156,8196,8169,8161,8131,12.751476526260376,sil,False
60,8156,8162,8160,8167,8134,8162,8122,8163,8176,8164,8196,8168,8164,8118,12.758607625961304,sil,False
61,8177,8160,8161,8168,8154,8181,8124,8163,8142,8170,8215,8160,8163,8130,12.7666015625,sil,False
62,8185,8178,8169,8165,8147,8190,8114,8158,8213,8149,8207,8179,8160,8129,12.774477005004885,sil,False
63,8172,8159,8167,8161,8155,8188,8123,8160,8110,8174,8223,8150,8162,8125,12.78247618675232,sil,False
64,8193,8187,8188,8188,8149,8192,8109,8177,8197,8174,8216,8180,8173,8144,12.79047465324402,sil,False
65,8181,8170,8185,8178,8141,8194,8107,8165,8177,8149,8194,8167,8166,8135,12.798633813858032,sil,False
66,8173,8160,8176,8157,8137,8192,8115,8153,8099,8143,8191,8146,8159,8132,12.80686330795288,sil,False
67,8163,8181,8171,8156,8120,8182,8096,8158,8188,8140,8188,8176,8167,8125,12.814537525177002,sil,False
68,8146,8147,8143,8146,8134,8178,8103,8143,8068,8153,8191,8144,8161,8110,12.821566343307495,sil,False
69,8170,8169,8160,8156,8133,8181,8110,8147,8124,8146,8180,8166,8164,8123,12.829475402832031,sil,False
70,8163,8168,8169,8153,8134,8171,8114,8164,8169,8160,8193,8172,8171,8123,12.837382555007936,sil,False
71,8169,8155,8160,8159,8147,8173,8122,8164,8104,8167,8211,8153,8167,8128,12.84538197517395,sil,False
72,8179,8184,8171,8168,8134,8182,8113,8157,8189,8124,8200,8181,8166,8132,12.853475332260132,sil,False
73,8163,8163,8165,8152,8151,8179,8124,8144,8086,8132,8212,8154,8164,8121,12.861416101455688,sil,False
74,8181,8175,8179,8160,8163,8173,8118,8147,8124,8141,8204,8172,8166,8124,12.86941385269165,sil,False
75,8175,8170,8174,8158,8159,8178,8123,8158,8173,8146,8201,8178,8164,8121,12.877413749694824,sil,False
76,8170,8151,8157,8151,8167,8187,8144,8166,8115,8166,8215,8155,8161,8134,12.885417222976685,sil,False
77,8176,8172,8166,8152,8152,8166,8124,8171,8224,8152,8207,8182,8170,8145,12.892481565475464,sil,False
78,8167,8153,8164,8150,8161,8149,8126,8163,8153,8180,8229,8163,8174,8139,12.900554418563845,sil,False
79,8189,8172,8178,8171,8153,8158,8129,8160,8181,8185,8229,8179,8170,8148,12.908343076705933,sil,False
80,8176,8171,8180,8161,8134,8156,8118,8154,8208,8145,8206,8178,8164,8135,12.916269779205322,sil,False
81,8163,8146,8168,8140,8146,8148,8117,8153,8096,8152,8207,8143,8166,8129,12.92447590827942,sil,False
82,8168,8172,8171,8148,8129,8145,8105,8166,8195,8153,8195,8178,8174,8134,12.932475090026855,sil,False
82,8168,8172,8171,8148,8129,8145,8105,8166,8195,8153,8195,8178,8174,8134,12.93285346031189,sil,False
83,8158,8152,8154,8144,8132,8148,8126,8157,8133,8162,8198,8161,8164,8123,12.940475940704346,sil,False
84,8174,8160,8163,8141,8139,8151,8122,8136,8121,8141,8194,8165,8159,8128,12.948474407196043,sil,False
85,8153,8174,8165,8139,8132,8147,8092,8131,8168,8115,8193,8181,8169,8122,12.955097913742064,sil,False
86,8150,8156,8146,8145,8158,8157,8111,8144,8097,8156,8216,8161,8177,8130,12.963475704193115,sil,False
87,8179,8178,8163,8156,8154,8167,8119,8157,8222,8158,8204,8192,8176,8143,12.971475601196287,sil,False
88,8146,8153,8161,8138,8147,8161,8116,8150,8165,8149,8200,8162,8159,8122,12.979100465774536,sil,False
89,8150,8154,8157,8144,8146,8154,8110,8161,8147,8153,8198,8163,8162,8129,12.987438917160034,sil,False
90,8170,8171,8165,8154,8140,8149,8110,8176,8245,8159,8197,8194,8181,8145,12.995464563369753,sil,False
91,8172,8151,8168,8151,8159,8159,8132,8165,8157,8187,8222,8166,8176,8151,13.003485918045044,sil,False
91,8172,8151,8168,8151,8159,8159,8132,8165,8157,8187,8222,8166,8176,8151,13.0038480758667,sil,False
92,8176,8175,8181,8156,8152,8153,8117,8156,8222,8162,8202,8181,8167,8145,13.01168942451477,sil,False
93,8147,8152,8151,8133,8149,8134,8112,8137,8140,8150,8178,8156,8158,8120,13.019694566726685,sil,False
94,8145,8152,8137,8134,8153,8153,8127,8141,8088,8153,8182,8155,8158,8122,13.026475429534912,sil,False
95,8154,8177,8159,8154,8139,8172,8129,8164,8207,8136,8184,8186,8166,8122,13.034475088119509,sil,False
96,8158,8155,8155,8149,8149,8170,8136,8157,8122,8153,8195,8157,8170,8126,13.04247522354126,sil,False
97,8175,8180,8159,8157,8150,8171,8114,8148,8183,8150,8184,8181,8174,8140,13.050477027893066,sil,False
98,8154,8167,8148,8156,8165,8170,8106,8140,8152,8154,8188,8169,8163,8120,13.05847430229187,sil,False
99,8154,8163,8147,8158,8172,8168,8108,8139,8090,8158,8198,8151,8156,8115,13.066494464874268,sil,False
100,8158,8182,8168,8149,8149,8173,8105,8147,8188,8139,8185,8177,8166,8123,13.07449460029602,sil,False
101,8157,8151,8164,8133,8163,8195,8137,8151,8127,8168,8201,8157,8168,8131,13.082475185394289,sil,False
102,8172,8177,8170,8157,8152,8198,8127,8157,8220,8177,8204,8183,8167,8144,13.08947491645813,sil,False
103,8150,8174,8159,8152,8140,8178,8109,8145,8205,8173,8198,8171,8166,8130,13.097515106201172,sil,False
104,8160,8160,8166,8138,8165,8189,8119,8136,8119,8170,8206,8155,8170,8134,13.10575008392334,sil,False
105,8179,8186,8197,8153,8162,8200,8115,8151,8237,8156,8201,8189,8177,8138,13.113749027252195,sil,False
106,8160,8156,8179,8151,8165,8189,8129,8157,8142,8175,8189,8153,8164,8120,13.121475219726562,sil,False
107,8162,8160,8167,8144,8156,8188,8127,8159,8157,8153,8159,8163,8161,8116,13.129761934280396,sil,False
108,8149,8161,8170,8133,8156,8191,8129,8163,8185,8150,8177,8175,8171,8114,13.136993885040283,sil,False
109,8160,8162,8193,8153,8177,8191,8141,8166,8148,8185,8214,8165,8173,8133,13.144995212554932,sil,False
109,8160,8162,8193,8153,8177,8191,8141,8166,8148,8185,8214,8165,8173,8133,13.146018981933594,sil,False
110,8187,8188,8219,8171,8172,8190,8129,8165,8268,8178,8200,8195,8172,8148,13.152007818222046,sil,False
110,8187,8188,8219,8171,8172,8190,8129,8165,8268,8178,8200,8195,8172,8148,13.153036117553713,sil,False
111,8176,8160,8193,8152,8187,8197,8144,8155,8182,8190,8209,8164,8163,8141,13.160268783569336,sil,False
112,8187,8182,8195,8167,8185,8199,8147,8165,8218,8185,8221,8179,8171,8145,13.16880202293396,sil,False
113,8184,8188,8198,8178,8174,8184,8133,8170,8266,8181,8217,8191,8174,8138,13.17579984664917,sil,False
114,8185,8159,8175,8162,8189,8180,8139,8160,8157,8202,8207,8158,8159,8138,13.183799743652344,sil,False
115,8175,8173,8175,8152,8179,8182,8129,8158,8223,8162,8173,8174,8156,8128,13.19179916381836,sil,False
115,8175,8173,8175,8152,8179,8182,8129,8158,8223,8162,8173,8174,8156,8128,13.192801237106323,sil,False
116,8144,8156,8163,8155,8184,8188,8143,8161,8141,8157,8173,8149,8158,8103,13.199801206588743,sil,False
116,8144,8156,8163,8155,8184,8188,8143,8161,8141,8157,8173,8149,8158,8103,13.200799226760864,sil,False
117,8181,8173,8164,8180,8188,8198,8151,8168,8155,8172,8170,8166,8165,8118,13.207799434661863,sil,False
117,8181,8173,8164,8180,8188,8198,8151,8168,8155,8172,8170,8166,8165,8118,13.20880126953125,sil,False
118,8173,8172,8157,8162,8181,8189,8139,8158,8191,8152,8169,8178,8169,8123,13.215800523757936,sil,False
118,8173,8172,8157,8162,8181,8189,8139,8158,8191,8152,8169,8178,8169,8123,13.216805934906006,sil,False
119,8147,8153,8150,8149,8196,8189,8143,8158,8108,8173,8195,8153,8169,8125,13.223805665969849,sil,False
120,8178,8191,8174,8169,8181,8201,8132,8176,8247,8186,8185,8191,8172,8140,13.2313072681427,sil,False
121,8159,8156,8144,8145,8175,8203,8130,8157,8161,8170,8172,8156,8163,8121,13.239310026168823,sil,False
122,8143,8141,8126,8138,8171,8201,8129,8140,8100,8141,8154,8143,8155,8109,13.247309923171995,sil,False
123,8149,8168,8152,8155,8166,8202,8129,8151,8182,8152,8140,8176,8158,8114,13.255475997924805,sil,False
124,8175,8166,8163,8158,8189,8204,8140,8148,8103,8185,8156,8165,8163,8137,13.263383150100708,sil,False
125,8197,8185,8166,8161,8170,8188,8108,8130,8165,8139,8152,8192,8170,8150,13.271477222442629,sil,False
126,8175,8168,8152,8156,8171,8179,8100,8121,8117,8141,8171,8172,8169,8144,13.279500484466553,sil,False
127,8183,8180,8165,8174,8187,8199,8109,8142,8142,8175,8184,8175,8171,8157,13.286500453948976,sil,False
240,8181,8187,8174,8181,8172,8210,8109,8162,8254,8157,8160,8192,8171,8139,13.294475078582764,sil,False
0,8171,8142,8146,8156,8172,8216,8140,8159,8135,8168,8153,8148,8158,8121,13.302475690841677,sil,False
1,8173,8157,8151,8142,8158,8227,8142,8164,8194,8159,8142,8174,8162,8130,13.310475826263428,sil,False
2,8140,8147,8152,8135,8163,8225,8144,8166,8177,8154,8154,8168,8167,8121,13.31799817085266,sil,False
3,8167,8157,8161,8159,8178,8234,8166,8175,8172,8175,8172,8165,8173,8143,13.326005458831789,sil,False
4,8191,8188,8181,8168,8168,8242,8169,8176,8282,8171,8163,8194,8176,8156,13.334376096725464,sil,False
5,8162,8160,8170,8149,8183,8235,8162,8152,8145,8166,8170,8153,8158,8133,13.342475175857544,sil,False
6,8173,8178,8173,8166,8178,8225,8139,8154,8180,8151,8159,8168,8159,8124,13.35059642791748,sil,False
7,8171,8171,8167,8168,8171,8220,8135,8152,8178,8156,8152,8169,8163,8112,13.357584714889526,sil,False
8,8173,8172,8182,8170,8182,8230,8141,8146,8120,8149,8156,8161,8157,8120,13.36547565460205,sil,False
9,8189,8205,8222,8191,8186,8228,8145,8162,8245,8153,8162,8194,8172,8142,13.373693943023682,sil,False
10,8192,8178,8220,8186,8201,8224,8165,8173,8202,8218,8195,8172,8188,8160,13.381447553634644,sil,False
11,8198,8185,8230,8180,8173,8223,8145,8178,8260,8202,8181,8185,8180,8166,13.389443159103394,sil,False
12,8172,8168,8235,8156,8151,8212,8142,8168,8229,8161,8153,8168,8160,8137,13.39743947982788,sil,False
13,8168,8148,8234,8144,8163,8209,8156,8153,8119,8163,8146,8141,8155,8124,13.405542612075806,sil,False
14,8159,8164,8239,8146,8140,8208,8132,8146,8196,8132,8127,8173,8158,8113,13.41247534751892,sil,False
15,8135,8135,8223,8135,8140,8217,8147,8138,8097,8141,8133,8152,8156,8103,13.420475244522097,sil,False
16,8164,8164,8243,8156,8142,8224,8161,8152,8153,8151,8130,8169,8164,8128,13.428482055664062,sil,False
17,8164,8173,8249,8161,8138,8214,8150,8157,8202,8150,8129,8173,8163,8135,13.435994148254396,sil,False
17,8164,8173,8249,8161,8138,8214,8150,8157,8202,8150,8129,8173,8163,8135,13.436989784240724,sil,False
18,8164,8146,8235,8154,8156,8215,8148,8148,8120,8171,8145,8157,8161,8136,13.44399905204773,sil,False
19,8173,8169,8248,8159,8147,8214,8137,8153,8226,8154,8133,8187,8164,8132,13.452470064163208,sil,False
20,8159,8158,8248,8156,8152,8210,8148,8146,8136,8149,8133,8156,8156,8116,13.46047568321228,sil,False
21,8188,8178,8260,8176,8164,8223,8151,8147,8149,8152,8131,8171,8165,8131,13.468600511550903,sil,False
22,8187,8174,8260,8173,8163,8235,8151,8155,8225,8164,8139,8184,8173,8138,13.47608494758606,goodbye,True
23,8171,8148,8251,8156,8162,8231,8167,8156,8146,8181,8154,8154,8165,8141,13.48308491706848,goodbye,True
24,8184,8181,8269,8163,8136,8203,8153,8154,8213,8142,8131,8184,8166,8144,13.491474866867064,goodbye,True
25,8168,8159,8270,8153,8141,8185,8152,8137,8113,8144,8131,8159,8165,8134,13.499388217926024,goodbye,True
26,8166,8156,8288,8159,8144,8198,8139,8136,8112,8157,8131,8162,8166,8140,13.507435083389282,goodbye,True
27,8149,8158,8289,8156,8126,8204,8126,8138,8167,8132,8117,8172,8165,8122,13.515488624572754,goodbye,True
28,8149,8141,8264,8148,8129,8201,8148,8130,8050,8136,8128,8134,8161,8110,13.522837162017822,goodbye,True
28,8149,8141,8264,8148,8129,8201,8148,8130,8050,8136,8128,8134,8161,8110,13.523837327957152,goodbye,True
29,8173,8174,8282,8162,8116,8201,8139,8140,8161,8144,8126,8169,8167,8126,13.530845165252686,goodbye,True
29,8173,8174,8282,8162,8116,8201,8139,8140,8161,8144,8126,8169,8167,8126,13.53192377090454,goodbye,True
30,8153,8154,8286,8159,8136,8206,8139,8146,8143,8165,8132,8162,8167,8132,13.539474725723268,goodbye,True
31,8164,8155,8289,8160,8153,8219,8149,8148,8132,8162,8126,8160,8166,8142,13.546474695205688,goodbye,True
32,8172,8169,8292,8155,8136,8217,8139,8148,8206,8151,8124,8179,8168,8130,13.554474592208862,goodbye,True
33,8169,8153,8282,8158,8154,8208,8144,8145,8108,8171,8156,8155,8165,8123,13.562495708465576,goodbye,True
34,8192,8187,8306,8176,8158,8204,8137,8149,8195,8153,8155,8183,8170,8144,13.570845603942873,goodbye,True
35,8182,8173,8311,8170,8167,8210,8152,8150,8175,8167,8159,8166,8171,8143,13.57884430885315,goodbye,True
36,8189,8170,8303,8174,8177,8212,8166,8159,8157,8191,8155,8157,8165,8140,13.586474895477297,goodbye,True
37,8184,8186,8293,8169,8160,8192,8154,8155,8227,8158,8128,8173,8163,8127,13.59447455406189,goodbye,True
38,8169,8160,8279,8154,8173,8187,8168,8147,8099,8152,8139,8145,8160,8125,13.602475881576538,goodbye,True
39,8185,8178,8287,8175,8173,8195,8165,8159,8183,8152,8135,8179,8169,8143,13.60947322845459,goodbye,True
40,8165,8160,8254,8164,8166,8182,8166,8156,8175,8166,8135,8167,8167,8133,13.61760187149048,goodbye,True
41,8168,8156,8238,8142,8160,8171,8168,8155,8106,8168,8140,8145,8160,8139,13.625608921051024,goodbye,True
42,8179,8178,8260,8150,8153,8168,8152,8159,8196,8146,8123,8170,8165,8146,13.633475065231323,goodbye,True
43,8173,8141,8253,8157,8186,8169,8162,8149,8102,8169,8135,8147,8165,8143,13.64104986190796,goodbye,True
44,8190,8158,8264,8165,8179,8163,8153,8157,8162,8155,8143,8175,8169,8152,13.649475336074827,goodbye,True
45,8172,8158,8250,8157,8168,8160,8153,8160,8169,8147,8144,8169,8170,8137,13.657168626785278,goodbye,True
46,8174,8145,8226,8166,8176,8173,8164,8150,8101,8169,8139,8145,8166,8140,13.665164470672607,goodbye,True
47,8182,8167,8238,8172,8150,8169,8147,8156,8190,8139,8126,8175,8166,8146,13.67316436767578,goodbye,True
48,8165,8153,8239,8158,8160,8165,8154,8152,8092,8153,8154,8151,8160,8142,13.680173873901367,goodbye,True
49,8189,8183,8258,8180,8168,8177,8155,8156,8151,8179,8160,8172,8166,8157,13.688475608825684,goodbye,True
50,8188,8179,8256,8178,8150,8181,8158,8162,8195,8174,8149,8176,8173,8153,13.6964750289917,goodbye,True
51,8176,8153,8226,8157,8156,8189,8167,8158,8121,8164,8152,8149,8173,8155,13.704629182815552,goodbye,True
52,8174,8170,8222,8161,8158,8194,8152,8155,8214,8153,8142,8173,8173,8156,13.71262001991272,goodbye,True
53,8178,8149,8224,8167,8165,8190,8164,8158,8136,8198,8158,8148,8165,8150,13.72047519683838,goodbye,True
54,8206,8172,8247,8175,8169,8196,8172,8179,8195,8203,8177,8179,8172,8172,13.728474617004396,goodbye,True
54,8206,8172,8247,8175,8169,8196,8172,8179,8195,8203,8177,8179,8172,8172,13.72899580001831,goodbye,True
55,8185,8172,8246,8164,8168,8198,8168,8183,8258,8185,8189,8193,8173,8173,13.736470460891724,goodbye,True
56,8178,8147,8227,8167,8167,8196,8175,8166,8153,8198,8187,8150,8160,8164,13.743457317352297,goodbye,True
57,8186,8173,8244,8182,8156,8188,8160,8162,8228,8175,8162,8169,8162,8157,13.751462459564207,goodbye,True
58,8163,8154,8237,8164,8187,8187,8166,8158,8159,8185,8172,8150,8165,8148,13.759475231170654,goodbye,True
59,8182,8167,8242,8168,8178,8191,8170,8158,8178,8198,8175,8163,8171,8166,13.767438411712646,goodbye,True
60,8168,8167,8241,8163,8140,8174,8159,8144,8201,8180,8158,8169,8164,8151,13.77547550201416,goodbye,True
61,8159,8142,8225,8155,8162,8163,8153,8126,8057,8172,8149,8134,8152,8131,13.783475637435911,goodbye,True
62,8195,8180,8251,8173,8159,8166,8133,8140,8166,8153,8136,8176,8166,8151,13.79143238067627,goodbye,True
63,8192,8168,8263,8175,8152,8165,8146,8154,8155,8176,8166,8171,8177,8169,13.79944634437561,goodbye,True
64,8203,8168,8270,8182,8159,8165,8159,8155,8165,8201,8179,8173,8175,8181,13.80739951133728,goodbye,True
65,8195,8175,8257,8177,8166,8171,8152,8155,8230,8197,8163,8181,8170,8168,13.814391851425173,goodbye,True
66,8184,8151,8241,8173,8192,8190,8167,8156,8123,8208,8166,8151,8162,8159,13.822474956512451,goodbye,True
67,8208,8176,8270,8192,8180,8194,8152,8155,8218,8189,8152,8191,8170,8163,13.83090114593506,goodbye,True
68,8194,8159,8268,8177,8171,8185,8148,8148,8203,8206,8174,8183,8181,8162,13.8384747505188,goodbye,True
69,8195,8156,8252,8168,8166,8187,8161,8156,8189,8227,8192,8173,8183,8190,13.84674882888794,goodbye,True
70,8182,8168,8241,8163,8153,8180,8155,8148,8235,8183,8159,8184,8170,8182,13.854751348495483,goodbye,True
71,8165,8143,8234,8162,8170,8176,8161,8131,8104,8176,8169,8155,8161,8163,13.86247491836548,goodbye,True
72,8190,8165,8258,8179,8163,8189,8151,8140,8195,8188,8188,8186,8174,8178,13.870476245880129,goodbye,True
73,8191,8162,8260,8177,8173,8205,8158,8141,8186,8201,8193,8184,8176,8178,13.877439498901367,goodbye,True
74,8212,8178,8276,8195,8198,8214,8166,8151,8164,8196,8191,8185,8172,8187,13.885475873947144,goodbye,True
75,8217,8200,8296,8206,8184,8201,8150,8157,8267,8173,8178,8208,8167,8178,13.893826484680176,goodbye,True
75,8217,8200,8296,8206,8184,8201,8150,8157,8267,8173,8178,8208,8167,8178,13.893963813781738,goodbye,True
76,8197,8165,8276,8187,8193,8205,8170,8149,8151,8203,8180,8169,8158,8152,13.90197229385376,goodbye,True
77,8213,8191,8284,8204,8201,8226,8182,8166,8226,8200,8166,8190,8168,8159,13.908970594406128,goodbye,True
78,8205,8185,8286,8212,8211,8219,8181,8166,8246,8195,8182,8194,8179,8170,13.916980266571043,goodbye,True
79,8217,8174,8289,8218,8225,8208,8171,8156,8188,8223,8206,8193,8178,8189,13.925031423568726,goodbye,True
80,8228,8198,8300,8229,8217,8207,8147,8160,8290,8218,8189,8218,8176,8191,13.9334876537323,goodbye,True
81,8207,8167,8277,8209,8231,8205,8157,8149,8189,8212,8180,8175,8168,8182,13.940410852432253,goodbye,True
82,8215,8176,8274,8195,8207,8204,8159,8144,8205,8183,8152,8187,8164,8180,13.948403358459473,goodbye,True
83,8202,8173,8261,8177,8179,8200,8159,8143,8190,8171,8136,8183,8161,8161,13.95647954940796,goodbye,True
84,8195,8158,8250,8180,8185,8194,8154,8133,8100,8176,8144,8163,8158,8154,13.964476585388184,goodbye,True
85,8203,8173,8259,8198,8178,8181,8130,8129,8180,8153,8124,8198,8158,8144,13.972447156906128,goodbye,True
86,8199,8152,8246,8192,8205,8182,8145,8124,8078,8161,8127,8171,8157,8132,13.980475425720217,goodbye,True
87,8207,8179,8262,8204,8216,8192,8140,8127,8120,8145,8146,8181,8167,8150,13.988364934921265,goodbye,True
88,8199,8180,8264,8212,8202,8191,8136,8142,8186,8153,8162,8189,8170,8153,13.996360778808594,goodbye,True
89,8226,8165,8251,8216,8212,8194,8165,8151,8122,8187,8167,8176,8168,8160,14.003475427627563,goodbye,True
90,8243,8206,8277,8226,8215,8193,8164,8150,8215,8150,8157,8209,8177,8163,14.011476993560793,goodbye,True
91,8219,8184,8275,8220,8228,8192,8173,8135,8124,8156,8175,8178,8168,8142,14.019613265991213,goodbye,True
92,8237,8183,8263,8228,8219,8192,8172,8132,8132,8167,8171,8187,8163,8148,14.0276038646698,goodbye,True
93,8226,8188,8246,8210,8199,8173,8160,8136,8181,8144,8162,8198,8171,8152,14.035627126693726,goodbye,True
94,8209,8167,8226,8188,8202,8165,8169,8135,8086,8154,8172,8162,8169,8151,14.04347562789917,goodbye,True
94,8209,8167,8226,8188,8202,8165,8169,8135,8086,8154,8172,8162,8169,8151,14.043816089630129,goodbye,True
95,8215,8183,8234,8195,8190,8170,8161,8147,8185,8150,8160,8193,8168,8148,14.051475763320925,goodbye,True
96,8194,8161,8227,8187,8196,8170,8169,8150,8143,8171,8171,8180,8163,8139,14.059448957443236,goodbye,True
97,8208,8177,8233,8196,8198,8173,8176,8149,8158,8192,8173,8185,8169,8160,14.066916465759276,goodbye,True
97,8208,8177,8233,8196,8198,8173,8176,8149,8158,8192,8173,8185,8169,8160,14.067909479141235,goodbye,True
98,8209,8193,8233,8202,8195,8171,8169,8147,8213,8176,8161,8200,8172,8167,14.074909687042236,goodbye,True
99,8203,8167,8218,8194,8216,8167,8178,8144,8101,8164,8169,8172,8163,8165,14.082476377487184,goodbye,True
99,8203,8167,8218,8194,8216,8167,8178,8144,8101,8164,8169,8172,8163,8165,14.082914113998411,goodbye,True
100,8224,8186,8234,8199,8208,8162,8173,8152,8188,8149,8147,8193,8169,8168,14.089925050735474,goodbye,True
101,8201,8163,8235,8179,8201,8160,8180,8145,8150,8176,8150,8173,8171,8158,14.098475217819214,goodbye,True
102,8200,8167,8252,8170,8191,8161,8178,8150,8150,8188,8162,8177,8168,8164,14.10654902458191,goodbye,True
103,8214,8184,8275,8175,8174,8163,8176,8161,8234,8180,8157,8201,8170,8164,14.114476203918455,goodbye,True
103,8214,8184,8275,8175,8174,8163,8176,8161,8234,8180,8157,8201,8170,8164,14.114919424057009,goodbye,True
104,8216,8161,8269,8181,8200,8181,8207,8154,8125,8201,8164,8166,8164,8157,14.122036933898926,goodbye,True
105,8214,8184,8270,8190,8187,8186,8201,8160,8191,8165,8136,8182,8159,8141,14.130035638809204,sil,False
106,8183,8166,8245,8172,8172,8169,8195,8156,8136,8148,8129,8166,8158,8114,14.137439727783203,sil,False
106,8183,8166,8245,8172,8172,8169,8195,8156,8136,8148,8129,8166,8158,8114,14.138033151626589,sil,False
107,8188,8161,8227,8172,8179,8160,8189,8149,8075,8154,8139,8154,8161,8124,14.14504623413086,sil,False
107,8188,8161,8227,8172,8179,8160,8189,8149,8075,8154,8139,8154,8161,8124,14.146040916442873,sil,False
108,8184,8174,8224,8167,8163,8147,8165,8145,8139,8125,8121,8170,8164,8120,14.153085470199583,sil,False
108,8184,8174,8224,8167,8163,8147,8165,8145,8139,8125,8121,8170,8164,8120,14.154086112976074,sil,False
109,8165,8141,8202,8142,8169,8137,8176,8139,8033,8137,8130,8145,8158,8112,14.16130805015564,sil,False
110,8182,8164,8210,8152,8163,8143,8180,8151,8137,8150,8133,8176,8165,8134,14.169137954711914,sil,False
111,8176,8155,8208,8160,8159,8146,8186,8154,8147,8173,8134,8160,8167,8131,14.17758059501648,sil,False
112,8187,8150,8208,8169,8163,8150,8188,8160,8104,8194,8146,8153,8166,8146,14.185574531555176,sil,False
113,8204,8181,8216,8177,8155,8152,8180,8175,8234,8182,8149,8195,8170,8167,14.193475008010864,sil,False
114,8199,8159,8202,8169,8169,8147,8205,8161,8134,8183,8154,8162,8162,8157,14.200453758239746,sil,False
115,8199,8171,8216,8175,8146,8142,8193,8152,8147,8150,8133,8181,8163,8144,14.207791328430176,sil,False
115,8199,8171,8216,8175,8146,8142,8193,8152,8147,8150,8133,8181,8163,8144,14.208791732788086,sil,False
116,8186,8165,8223,8166,8133,8141,8179,8155,8149,8151,8130,8186,8160,8128,14.215795040130615,sil,False
116,8186,8165,8223,8166,8133,8141,8179,8155,8149,8151,8130,8186,8160,8128,14.216803073883057,sil,False
117,8203,8161,8228,8164,8166,8160,8194,8158,8096,8175,8139,8165,8157,8136,14.224469661712646,sil,False
118,8197,8184,8238,8171,8163,8182,8181,8159,8195,8147,8134,8192,8168,8135,14.231991291046144,sil,False
119,8174,8152,8219,8171,8154,8191,8188,8162,8119,8170,8147,8169,8167,8123,14.23998761177063,sil,False
119,8174,8152,8219,8171,8154,8191,8188,8162,8119,8170,8147,8169,8167,8123,14.240981817245483,sil,False
120,8207,8165,8226,8182,8138,8186,8190,8165,8166,8182,8130,8181,8162,8129,14.248478651046751,sil,False
121,8184,8164,8219,8161,8133,8172,8180,8149,8159,8155,8121,8178,8161,8118,14.2564799785614,sil,False
121,8184,8164,8219,8161,8133,8172,8180,8149,8159,8155,8121,8178,8161,8118,14.257542610168455,sil,False
122,8163,8147,8187,8153,8142,8171,8179,8145,8064,8158,8133,8151,8164,8124,14.26658034324646,sil,False
123,8173,8164,8176,8160,8120,8163,8166,8156,8168,8152,8125,8177,8168,8133,14.271412372589111,sil,False
124,8154,8141,8170,8143,8134,8167,8181,8156,8095,8170,8157,8156,8167,8131,14.279776334762571,sil,False
125,8172,8163,8186,8154,8147,8191,8188,8170,8151,8180,8172,8172,8167,8139,14.287880182266235,sil,False
126,8161,8164,8178,8150,8132,8181,8184,8166,8195,8167,8160,8171,8158,8116,14.29478359222412,sil,False
126,8161,8164,8178,8150,8132,8181,8184,8166,8195,8167,8160,8171,8158,8116,14.29575538635254,sil,False
127,8152,8147,8174,8147,8140,8169,8195,8152,8088,8172,8181,8146,8158,8118,14.30276083946228,sil,False
127,8152,8147,8174,8147,8140,8169,8195,8152,8088,8172,8181,8146,8158,8118,14.303761005401611,sil,False
240,8185,8187,8208,8167,8137,8182,8185,8166,8221,8173,8195,8198,8177,8150,14.310760736465454,sil,False
240,8185,8187,8208,8167,8137,8182,8185,8166,8221,8173,8195,8198,8177,8150,14.311761140823364,sil,False
0,8180,8162,8194,8158,8148,8187,8183,8163,8168,8189,8208,8183,8168,8145,14.318764686584473,sil,False
0,8180,8162,8194,8158,8148,8187,8183,8163,8168,8189,8208,8183,8168,8145,14.319764852523804,sil,False
1,8188,8166,8193,8175,8148,8189,8180,8163,8158,8177,8207,8183,8167,8148,14.327765226364136,sil,False
2,8194,8179,8207,8182,8139,8194,8190,8172,8234,8171,8209,8196,8184,8152,14.334497690200806,sil,False
3,8186,8158,8190,8162,8162,8200,8208,8164,8141,8187,8227,8171,8175,8145,14.34267544746399,sil,False
4,8182,8184,8182,8172,8157,8191,8186,8165,8216,8160,8214,8194,8165,8136,14.350446701049805,sil,False
5,8182,8171,8171,8178,8160,8174,8191,8165,8171,8181,8209,8165,8164,8131,14.358440160751345,sil,False
6,8209,8171,8185,8174,8166,8173,8196,8164,8170,8200,8203,8167,8168,8147,14.366445064544678,sil,False
7,8184,8175,8201,8161,8161,8169,8179,8166,8235,8180,8203,8193,8169,8140,14.374475240707396,sil,False
8,8167,8155,8201,8160,8180,8164,8191,8167,8142,8194,8226,8166,8164,8139,14.38247537612915,sil,False
9,8197,8185,8211,8177,8160,8162,8187,8169,8226,8176,8200,8184,8165,8146,14.390420913696287,sil,False
9,8197,8185,8211,8177,8160,8162,8187,8169,8226,8176,8200,8184,8165,8146,14.391431093215942,sil,False
10,8181,8164,8189,8160,8154,8159,8192,8158,8160,8173,8182,8163,8163,8136,14.396790266036987,sil,False
10,8181,8164,8189,8160,8154,8159,8192,8158,8160,8173,8182,8163,8163,8136,14.39777946472168,sil,False
11,8175,8163,8192,8162,8175,8161,8192,8159,8123,8185,8203,8173,8168,8154,14.40578007698059,sil,False
12,8178,8185,8213,8176,8168,8157,8176,8170,8234,8171,8213,8205,8170,8157,14.413475513458252,sil,False
13,8182,8158,8196,8170,8173,8150,8189,8163,8137,8185,8207,8163,8164,8147,14.421475410461426,sil,False
14,8197,8180,8191,8172,8166,8148,8184,8162,8198,8178,8186,8177,8169,8153,14.429474592208862,sil,False
15,8166,8169,8174,8158,8169,8161,8188,8162,8159,8170,8180,8167,8162,8131,14.437427520751951,sil,False
16,8170,8167,8176,8156,8167,8179,8192,8162,8091,8159,8169,8159,8153,8115,14.445477485656738,sil,False
17,8182,8193,8202,8166,8144,8171,8174,8163,8187,8143,8159,8188,8162,8110,14.45349645614624,sil,False
18,8170,8156,8184,8155,8161,8164,8188,8153,8090,8173,8182,8155,8167,8109,14.46149969100952,sil,False
19,8179,8168,8174,8153,8156,8168,8185,8156,8141,8166,8168,8180,8167,8122,14.46847414970398,sil,False
20,8167,8174,8166,8155,8154,8158,8178,8155,8145,8163,8162,8187,8164,8125,14.47647500038147,sil,False
21,8180,8169,8172,8169,8177,8148,8177,8151,8099,8175,8170,8171,8164,8144,14.48458695411682,sil,False
22,8177,8181,8189,8167,8162,8132,8152,8148,8184,8147,8139,8191,8169,8145,14.492583990097046,sil,False
23,8149,8151,8177,8147,8163,8129,8160,8142,8072,8161,8171,8164,8166,8130,14.50046420097351,sil,False
24,8170,8166,8192,8163,8160,8138,8168,8157,8139,8158,8254,8184,8167,8138,14.50847554206848,sil,False
25,8166,8163,8198,8160,8151,8126,8165,8161,8174,8148,8318,8179,8159,8127,14.516464948654177,sil,False
26,8170,8157,8184,8145,8157,8119,8165,8147,8082,8170,8332,8158,8156,8123,14.52447509765625,sil,False
27,8176,8176,8180,8150,8148,8127,8157,8145,8169,8158,8312,8189,8167,8122,14.531476259231567,sil,False
28,8157,8152,8157,8155,8164,8129,8172,8151,8100,8157,8330,8161,8165,8110,14.539475202560425,sil,False
29,8183,8177,8163,8168,8169,8123,8164,8156,8149,8147,8334,8178,8170,8125,14.547031879425049,sil,False
29,8183,8177,8163,8168,8169,8123,8164,8156,8149,8147,8334,8178,8170,8125,14.548033237457275,sil,False
30,8182,8172,8171,8161,8180,8123,8157,8148,8187,8150,8328,8187,8171,8132,14.555045366287231,sil,False
30,8182,8172,8171,8161,8180,8123,8157,8148,8187,8150,8328,8187,8171,8132,14.55607533454895,sil,False
31,8175,8147,8163,8168,8202,8141,8180,8145,8104,8176,8334,8160,8163,8134,14.563475608825684,sil,False
32,8184,8180,8165,8182,8183,8140,8175,8158,8211,8159,8330,8189,8171,8136,14.571497440338137,sil,False
33,8172,8158,8148,8162,8185,8135,8175,8151,8136,8168,8351,8164,8170,8136,14.57949686050415,sil,False
34,8186,8166,8149,8163,8171,8133,8163,8144,8129,8165,8332,8168,8160,8135,14.587438821792604,sil,False
35,8173,8172,8146,8161,8148,8112,8155,8143,8152,8155,8308,8178,8158,8107,14.594754934310911,sil,False
36,8173,8153,8148,8166,8181,8118,8178,8149,8074,8180,8333,8160,8166,8118,14.602638959884644,sil,False
37,8199,8182,8174,8184,8189,8130,8169,8163,8213,8159,8318,8194,8173,8141,14.610641479492188,sil,False
38,8174,8163,8153,8156,8186,8112,8168,8149,8142,8156,8305,8166,8167,8116,14.618657112121582,sil,False
39,8175,8168,8154,8153,8181,8107,8173,8147,8119,8165,8309,8171,8167,8118,14.6264750957489,sil,False
40,8183,8177,8168,8167,8165,8115,8171,8155,8190,8154,8297,8190,8167,8124,14.633977890014648,sil,False
40,8183,8177,8168,8167,8165,8115,8171,8155,8190,8154,8297,8190,8167,8124,14.63497281074524,sil,False
41,8174,8152,8143,8157,8173,8112,8171,8139,8064,8157,8290,8154,8157,8118,14.641970872879028,sil,False
41,8174,8152,8143,8157,8173,8112,8171,8139,8064,8157,8290,8154,8157,8118,14.64297103881836,sil,False
42,8173,8179,8141,8157,8168,8101,8142,8136,8131,8145,8277,8184,8167,8118,14.650474548339844,sil,False
43,8165,8161,8140,8152,8174,8099,8151,8139,8103,8158,8291,8173,8173,8115,14.6580171585083,sil,False
43,8165,8161,8140,8152,8174,8099,8151,8139,8103,8158,8291,8173,8173,8115,14.659018754959106,sil,False
44,8185,8163,8148,8162,8175,8112,8170,8148,8096,8165,8297,8172,8171,8131,14.665016889572144,sil,False
45,8182,8181,8162,8169,8164,8120,8161,8154,8181,8154,8284,8192,8171,8126,14.673015117645264,sil,False
45,8182,8181,8162,8169,8164,8120,8161,8154,8181,8154,8284,8192,8171,8126,14.674031734466553,sil,False
46,8179,8159,8166,8165,8187,8115,8162,8145,8088,8176,8300,8167,8165,8119,14.681565046310425,sil,False
47,8201,8191,8193,8180,8179,8104,8154,8150,8180,8169,8296,8194,8172,8130,14.688953638076782,sil,False
48,8183,8177,8183,8174,8178,8111,8167,8151,8158,8176,8288,8177,8171,8121,14.696998834609984,sil,False
49,8186,8164,8169,8174,8196,8124,8168,8153,8117,8192,8280,8168,8165,8126,14.704997539520264,sil,False
50,8187,8179,8176,8175,8185,8108,8147,8160,8207,8176,8276,8192,8169,8127,14.713475704193115,sil,False
51,8176,8156,8159,8165,8188,8100,8165,8151,8105,8192,8292,8156,8174,8125,14.72147822380066,sil,False
52,8199,8181,8163,8178,8182,8105,8163,8148,8167,8190,8281,8180,8181,8140,14.7284893989563,sil,False
53,8182,8172,8159,8171,8194,8103,8162,8149,8155,8192,8282,8177,8171,8130,14.736315965652466,sil,False
54,8182,8159,8148,8166,8204,8107,8174,8157,8103,8188,8277,8155,8161,8119,14.74444580078125,sil,False
55,8170,8160,8137,8154,8168,8093,8152,8153,8165,8138,8228,8171,8159,8100,14.752445936203005,sil,False
56,8124,8119,8109,8134,8167,8081,8148,8138,8025,8140,8221,8144,8150,8082,14.760474443435667,sil,False
57,8148,8155,8130,8154,8169,8093,8154,8152,8091,8154,8230,8173,8162,8099,14.768474817276,sil,False
58,8161,8166,8144,8152,8166,8094,8159,8151,8115,8156,8238,8177,8172,8095,14.776475191116331,sil,False
59,8166,8158,8145,8158,8178,8102,8161,8142,8056,8162,8256,8168,8173,8108,14.784120798110962,sil,False
59,8166,8158,8145,8158,8178,8102,8161,8142,8056,8162,8256,8168,8173,8108,14.785120010375977,sil,False
60,8181,8186,8163,8180,8176,8116,8161,8156,8199,8168,8255,8202,8180,8138,14.792292594909668,sil,False
61,8164,8156,8150,8157,8190,8104,8173,8161,8120,8191,8255,8156,8169,8130,14.799289464950562,sil,False
62,8166,8164,8142,8149,8175,8080,8152,8163,8120,8158,8229,8158,8154,8108,14.807438373565674,sil,False
63,8148,8162,8128,8147,8150,8074,8145,8155,8123,8132,8215,8169,8153,8089,14.815469741821287,sil,False
64,8144,8147,8121,8144,8151,8088,8166,8147,8040,8149,8226,8149,8159,8091,14.82347559928894,sil,False
65,8151,8162,8137,8147,8140,8096,8152,8153,8143,8135,8216,8176,8167,8093,14.831767797470093,sil,False
66,8143,8135,8126,8138,8156,8103,8160,8153,8074,8155,8225,8159,8163,8098,14.83976697921753,sil,False
67,8170,8164,8130,8152,8153,8110,8171,8162,8114,8162,8214,8174,8163,8120,14.847829103469849,sil,False
68,8167,8175,8131,8158,8140,8109,8170,8170,8172,8151,8207,8175,8163,8107,14.855475664138794,sil,False
69,8165,8151,8127,8159,8155,8111,8172,8168,8093,8183,8233,8149,8164,8108,14.862475395202637,sil,False
70,8171,8177,8149,8166,8131,8107,8152,8164,8198,8166,8223,8186,8170,8120,14.870474815368652,sil,False
71,8152,8156,8144,8158,8140,8105,8163,8152,8131,8158,8221,8165,8167,8114,14.878438472747805,sil,False
72,8175,8169,8151,8175,8171,8111,8169,8165,8150,8174,8227,8171,8170,8131,14.88644552230835,sil,False
73,8178,8184,8153,8168,8163,8105,8164,8177,8221,8176,8225,8183,8168,8126,14.894475221633911,sil,False
74,8161,8157,8142,8152,8147,8104,8183,8166,8108,8186,8227,8152,8162,8115,14.902474880218506,sil,False
75,8163,8180,8161,8177,8126,8100,8166,8169,8198,8169,8210,8183,8167,8123,14.910476684570312,sil,False
76,8157,8168,8152,8172,8141,8088,8164,8168,8154,8181,8213,8166,8159,8117,14.918408632278442,sil,False
77,8176,8167,8156,8162,8152,8095,8183,8172,8139,8187,8214,8165,8159,8126,14.926153421401978,sil,False
78,8163,8168,8159,8159,8141,8092,8182,8177,8194,8163,8199,8178,8169,8125,14.933664083480837,sil,False
79,8141,8144,8134,8150,8150,8074,8168,8157,8054,8153,8201,8147,8158,8110,14.941664695739746,sil,False
80,8159,8176,8155,8162,8131,8066,8142,8153,8130,8137,8197,8185,8161,8115,14.948666095733644,sil,False
80,8159,8176,8155,8162,8131,8066,8142,8153,8130,8137,8197,8185,8161,8115,14.949665069580078,sil,False
81,8167,8169,8172,8167,8133,8074,8161,8170,8145,8172,8213,8176,8175,8129,14.957663297653198,sil,False
82,8185,8167,8174,8164,8146,8084,8171,8178,8135,8181,8209,8161,8170,8139,14.96566390991211,sil,False
83,8158,8170,8160,8154,8131,8068,8144,8163,8172,8134,8178,8174,8161,8110,14.973470449447632,sil,False
84,8142,8142,8134,8153,8143,8061,8160,8156,8058,8156,8200,8150,8168,8100,14.981340646743774,sil,False
85,8187,8181,8158,8172,8142,8070,8168,8174,8176,8171,8212,8186,8180,8132,14.989340543746948,sil,False
86,8176,8174,8156,8160,8140,8069,8163,8167,8156,8172,8199,8169,8166,8120,14.996475458145142,sil,False
87,8167,8160,8140,8159,8150,8070,8163,8156,8070,8170,8182,8146,8152,8111,15.004475593566896,sil,False
88,8163,8181,8152,8166,8145,8073,8149,8157,8156,8139,8180,8179,8165,8118,15.01247501373291,sil,False
89,8142,8155,8155,8162,8160,8072,8156,8156,8066,8143,8211,8154,8171,8119,15.020293235778809,sil,False
90,8169,8174,8172,8175,8150,8074,8160,8170,8143,8145,8201,8166,8173,8129,15.028294563293455,sil,False
91,8173,8170,8167,8165,8146,8077,8171,8168,8168,8162,8200,8165,8172,8125,15.03647518157959,sil,False
92,8167,8161,8154,8160,8159,8081,8171,8161,8107,8174,8216,8155,8168,8123,15.04447603225708,sil,False
93,8160,8179,8145,8160,8138,8073,8147,8162,8183,8137,8193,8173,8163,8110,15.0527184009552,sil,False
94,8139,8146,8118,8141,8139,8062,8151,8147,8062,8141,8188,8140,8155,8105,15.05972981452942,sil,False
95,8150,8161,8126,8151,8135,8063,8136,8143,8091,8135,8185,8167,8166,8110,15.06772780418396,sil,False
96,8147,8164,8135,8154,8146,8073,8130,8146,8118,8130,8191,8167,8166,8089,15.075741052627563,sil,False
97,8163,8161,8149,8160,8168,8084,8148,8149,8068,8154,8211,8150,8160,8108,15.083469152450562,sil,False
98,8181,8187,8170,8176,8150,8077,8136,8159,8187,8149,8206,8192,8172,8134,15.091482162475586,sil,False
99,8165,8155,8144,8159,8157,8080,8151,8159,8104,8158,8211,8157,8168,8122,15.099480867385864,sil,False
100,8174,8168,8132,8152,8145,8087,8150,8158,8128,8150,8196,8156,8159,8126,15.107438802719116,sil,False
101,8155,8165,8119,8138,8124,8073,8133,8157,8150,8140,8182,8165,8159,8116,15.11547565460205,sil,False
102,8146,8141,8109,8137,8144,8074,8138,8155,8053,8153,8197,8151,8166,8110,15.12244963645935,sil,False
103,8157,8171,8131,8156,8145,8082,8134,8164,8171,8148,8190,8183,8169,8120,15.130642175674438,sil,False
104,8150,8155,8122,8150,8156,8085,8158,8161,8114,8174,8195,8156,8160,8121,15.138667583465576,sil,False
105,8174,8168,8125,8161,8162,8091,8160,8166,8126,8163,8196,8167,8164,8135,15.146684169769289,sil,False
106,8161,8172,8128,8158,8152,8082,8131,8164,8167,8135,8187,8174,8163,8119,15.154683589935305,sil,False
107,8147,8147,8115,8142,8159,8081,8136,8151,8050,8151,8188,8138,8156,8107,15.162683248519896,sil,False
108,8168,8174,8134,8155,8152,8085,8140,8154,8146,8132,8174,8176,8170,8121,15.170475482940674,sil,False
109,8156,8154,8127,8156,8162,8078,8143,8152,8104,8140,8190,8159,8171,8123,15.178423404693604,sil,False
110,8170,8163,8126,8162,8161,8069,8134,8155,8100,8157,8198,8150,8166,8131,15.185420989990234,sil,False
111,8167,8175,8134,8160,8151,8064,8131,8156,8161,8145,8182,8165,8166,8120,15.19347596168518,sil,False
112,8148,8140,8118,8145,8169,8077,8155,8152,8058,8163,8184,8146,8156,8111,15.201499938964844,sil,False
113,8151,8161,8117,8146,8159,8081,8148,8162,8153,8158,8169,8177,8161,8116,15.209792852401732,sil,False
114,8137,8141,8109,8142,8161,8062,8147,8160,8100,8150,8166,8149,8163,8106,15.21779751777649,sil,False
115,8158,8141,8123,8151,8169,8071,8154,8153,8066,8135,8169,8141,8159,8118,15.225477457046509,sil,False
116,8154,8172,8132,8149,8153,8097,8153,8156,8165,8118,8170,8172,8161,8117,15.233475923538208,sil,False
117,8140,8158,8112,8140,8168,8106,8163,8159,8073,8145,8181,8145,8162,8106,15.241474866867064,sil,False
118,8169,8173,8129,8155,8173,8106,8146,8164,8147,8138,8163,8165,8164,8116,15.249744176864624,sil,False
119,8148,8150,8123,8144,8173,8106,8146,8155,8110,8126,8165,8149,8157,8104,15.25674819946289,sil,False
120,8147,8147,8107,8146,8177,8110,8152,8153,8056,8131,8169,8142,8158,8101,15.264763116836548,sil,False
121,8154,8166,8126,8154,8168,8115,8136,8151,8152,8133,8157,8178,8170,8111,15.272242546081545,sil,False
122,8146,8143,8129,8151,8179,8125,8141,8145,8075,8155,8177,8153,8167,8115,15.280245065689089,sil,False
122,8146,8143,8129,8151,8179,8125,8141,8145,8075,8155,8177,8153,8167,8115,15.281155586242676,sil,False
123,8169,8174,8131,8165,8172,8128,8136,8162,8152,8133,8174,8175,8166,8121,15.288885831832886,sil,False
124,8160,8167,8131,8159,8176,8129,8154,8169,8154,8135,8179,8174,8166,8119,15.295982599258425,sil,False
124,8160,8167,8131,8159,8176,8129,8154,8169,8154,8135,8179,8174,8166,8119,15.29689598083496,sil,False
125,8170,8158,8148,8166,8191,8143,8179,8167,8125,8166,8192,8163,8167,8135,15.30389928817749,sil,False
125,8170,8158,8148,8166,8191,8143,8179,8167,8125,8166,8192,8163,8167,8135,15.304891586303713,sil,False
126,8182,8186,8160,8175,8183,8136,8158,8171,8241,8154,8181,8183,8174,8136,15.311901092529297,sil,False
126,8182,8186,8160,8175,8183,8136,8158,8171,8241,8154,8181,8183,8174,8136,15.312926769256592,sil,False
127,8163,8161,8134,8161,8202,8121,8160,8170,8144,8173,8199,8160,8169,8133,15.31994128227234,sil,False
240,8176,8177,8148,8172,8194,8130,8171,8181,8201,8173,8203,8190,8173,8148,15.327439308166504,sil,False
0,8167,8175,8156,8174,8182,8134,8171,8173,8206,8157,8195,8183,8174,8134,15.33547830581665,sil,False
1,8170,8170,8157,8175,8197,8129,8167,8156,8107,8159,8191,8157,8165,8129,15.343558073043823,sil,False
2,8180,8194,8171,8175,8188,8126,8157,8163,8198,8141,8175,8188,8161,8130,15.351569890975952,sil,False
3,8174,8167,8147,8165,8199,8134,8181,8170,8137,8162,8190,8164,8161,8128,15.36156129837036,sil,False
4,8203,8185,8156,8179,8193,8140,8180,8182,8202,8173,8186,8182,8168,8153,15.366557836532593,sil,False
5,8197,8182,8168,8178,8183,8137,8162,8180,8241,8174,8174,8190,8170,8151,15.37455940246582,sil,False
6,8196,8166,8166,8184,8210,8140,8166,8176,8173,8192,8192,8172,8173,8150,15.382558345794678,sil,False
7,8201,8196,8168,8201,8211,8137,8164,8190,8290,8181,8196,8199,8177,8149,15.390558958053589,sil,False
8,8174,8169,8143,8182,8211,8142,8182,8187,8196,8193,8207,8166,8164,8132,15.398557901382446,sil,False
9,8191,8185,8154,8189,8201,8148,8176,8186,8208,8190,8198,8176,8167,8138,15.40655779838562,sil,False
10,8196,8193,8163,8192,8191,8132,8161,8178,8255,8183,8184,8183,8171,8136,15.414558410644531,sil,False
11,8186,8163,8145,8176,8206,8133,8173,8168,8140,8196,8199,8149,8165,8137,15.42256236076355,sil,False
12,8193,8186,8157,8182,8196,8142,8166,8176,8228,8176,8193,8184,8170,8141,15.429562330245972,sil,False
13,8185,8162,8156,8177,8197,8134,8178,8168,8167,8187,8197,8163,8164,8134,15.437077760696411,sil,False
14,8186,8157,8150,8169,8191,8128,8168,8158,8154,8180,8193,8158,8156,8138,15.446476221084597,sil,False
15,8161,8164,8138,8160,8183,8131,8149,8165,8209,8160,8175,8172,8158,8123,15.453463077545166,sil,False
16,8167,8155,8122,8163,8208,8142,8176,8181,8127,8191,8175,8149,8163,8126,15.461463451385498,sil,False
17,8199,8180,8133,8170,8188,8145,8173,8183,8222,8184,8163,8175,8169,8142,15.469638586044312,sil,False
18,8171,8144,8131,8144,8173,8134,8161,8157,8144,8173,8171,8159,8161,8125,15.477439880371094,sil,False
19,8162,8143,8136,8140,8176,8131,8154,8151,8099,8160,8164,8161,8159,8121,15.485338687896729,sil,False
20,8170,8171,8128,8147,8164,8121,8152,8166,8157,8129,8136,8169,8163,8110,15.493367433547974,sil,False
21,8181,8156,8114,8143,8176,8113,8169,8165,8047,8146,8138,8131,8158,8103,15.5013747215271,sil,False
22,8178,8171,8143,8145,8166,8119,8154,8164,8136,8150,8136,8168,8161,8118,15.509474992752075,sil,False
23,8147,8154,8140,8138,8167,8126,8153,8166,8128,8165,8159,8164,8164,8115,15.51646327972412,sil,False
24,8181,8166,8142,8158,8184,8124,8165,8168,8110,8168,8175,8159,8168,8120,15.524462461471558,sil,False
25,8185,8186,8160,8166,8179,8107,8151,8159,8174,8135,8160,8177,8171,8119,15.532475471496582,sil,False
26,8156,8158,8155,8154,8187,8109,8155,8153,8060,8159,8169,8141,8164,8125,15.540475368499756,sil,False
27,8186,8184,8173,8168,8173,8119,8159,8176,8166,8162,8154,8170,8166,8136,15.548012256622314,sil,False
28,8179,8171,8163,8160,8168,8114,8169,8180,8171,8146,8138,8163,8166,8118,15.556476831436155,sil,False
29,8166,8153,8140,8156,8167,8120,8173,8172,8095,8144,8129,8139,8158,8119,15.564499378204346,sil,False
30,8168,8172,8149,8164,8151,8122,8160,8175,8176,8142,8116,8164,8158,8121,15.572498083114624,sil,False
31,8174,8161,8160,8167,8175,8128,8174,8173,8105,8175,8143,8147,8162,8125,15.579732656478882,sil,False
32,8193,8185,8164,8181,8168,8140,8161,8172,8179,8164,8144,8171,8167,8142,15.58762502670288,sil,False
33,8156,8162,8122,8155,8144,8128,8143,8153,8134,8136,8129,8155,8157,8120,15.595625638961792,sil,False
34,8150,8148,8109,8147,8146,8109,8142,8145,8024,8143,8130,8133,8156,8112,15.603475570678713,sil,False
35,8177,8187,8147,8174,8143,8103,8144,8170,8163,8154,8134,8176,8172,8126,15.611516237258911,sil,False
36,8169,8162,8137,8169,8159,8105,8169,8173,8108,8178,8154,8150,8172,8124,15.61968231201172,sil,False
37,8174,8168,8133,8169,8149,8094,8151,8162,8126,8153,8142,8156,8170,8127,15.627731800079346,sil,False
38,8152,8159,8127,8157,8130,8076,8131,8150,8119,8137,8131,8157,8164,8113,15.635520219802856,sil,False
39,8146,8141,8111,8148,8136,8077,8141,8147,8026,8158,8140,8134,8158,8107,15.64351487159729,sil,False
40,8155,8170,8120,8155,8127,8076,8133,8151,8122,8142,8131,8148,8167,8108,15.650477170944214,sil,False
41,8132,8143,8107,8143,8136,8073,8144,8147,8034,8147,8134,8114,8163,8099,15.65847635269165,sil,False
42,8135,8153,8106,8143,8125,8075,8141,8161,8061,8150,8128,8139,8162,8107,15.666493892669678,sil,False
43,8135,8160,8108,8142,8121,8075,8142,8167,8118,8155,8131,8155,8170,8113,15.674495697021484,sil,False
44,8151,8148,8109,8150,8152,8093,8162,8161,8050,8183,8149,8133,8172,8130,15.682313442230225,sil,False
45,8167,8177,8122,8173,8137,8097,8144,8167,8163,8165,8133,8170,8169,8136,15.690327882766724,sil,False
46,8145,8153,8113,8165,8143,8078,8144,8162,8091,8170,8136,8143,8159,8124,15.698472261428831,sil,False
47,8151,8158,8130,8164,8159,8077,8144,8163,8113,8179,8148,8151,8163,8143,15.706469774246216,sil,False
48,8144,8161,8123,8153,8141,8074,8134,8166,8177,8174,8144,8166,8169,8138,15.713475227355955,sil,False
49,8139,8140,8091,8140,8146,8068,8146,8154,8058,8178,8140,8128,8164,8126,15.721983432769775,sil,False
50,8148,8166,8106,8150,8144,8065,8132,8160,8142,8151,8124,8155,8167,8132,15.728983163833618,sil,False
51,8132,8147,8091,8145,8140,8056,8135,8163,8093,8163,8134,8142,8164,8123,15.737438917160034,sil,False
52,8152,8159,8081,8151,8138,8055,8143,8163,8088,8175,8129,8144,8164,8128,15.745475053787231,sil,False
53,8146,8180,8097,8163,8147,8059,8140,8166,8170,8169,8117,8155,8171,8131,15.753475427627563,sil,False
54,8132,8150,8094,8166,8169,8062,8157,8167,8075,8189,8125,8125,8165,8132,15.761229991912842,sil,False
55,8149,8165,8103,8165,8144,8055,8153,8173,8149,8163,8104,8160,8165,8132,15.769239902496338,sil,False
56,8135,8158,8107,8159,8154,8048,8164,8174,8124,8166,8114,8151,8169,8132,15.77727746963501,sil,False
57,8156,8169,8114,8179,8176,8061,8176,8182,8123,8184,8122,8146,8169,8150,15.784336566925049,sil,False
58,8151,8175,8118,8162,8150,8061,8150,8174,8168,8152,8093,8165,8160,8130,15.79247522354126,sil,False
59,8129,8144,8125,8140,8149,8052,8138,8157,8025,8149,8098,8135,8155,8115,15.800493001937866,sil,False
60,8160,8179,8157,8173,8149,8055,8133,8163,8121,8136,8099,8162,8168,8139,15.808496952056885,sil,False
61,8146,8162,8134,8160,8147,8061,8139,8159,8098,8133,8098,8151,8162,8127,15.816515922546388,sil,False
62,8136,8144,8117,8141,8141,8061,8133,8159,8025,8148,8095,8146,8155,8124,15.824475526809692,sil,False
63,8136,8166,8132,8153,8126,8054,8115,8159,8120,8131,8085,8174,8161,8129,15.831940412521362,sil,False
63,8136,8166,8132,8153,8126,8054,8115,8159,8120,8131,8085,8174,8161,8129,15.832934141159058,sil,False
64,8119,8141,8113,8148,8140,8057,8126,8140,8013,8126,8093,8132,8159,8115,15.83894181251526,sil,False
64,8119,8141,8113,8148,8140,8057,8126,8140,8013,8126,8093,8132,8159,8115,15.83993411064148,sil,False
65,8127,8155,8120,8149,8128,8061,8116,8143,8053,8113,8079,8150,8161,8113,15.846973657608032,sil,False
65,8127,8155,8120,8149,8128,8061,8116,8143,8053,8113,8079,8150,8161,8113,15.84797477722168,sil,False
66,8117,8145,8127,8139,8124,8065,8121,8148,8060,8126,8081,8155,8161,8107,15.855923414230348,sil,False
67,8127,8137,8125,8141,8135,8077,8136,8147,8025,8139,8097,8144,8160,8115,15.863991260528564,sil,False
68,8124,8156,8127,8142,8119,8069,8114,8151,8121,8110,8086,8167,8166,8123,15.87163019180298,sil,False
69,8106,8133,8109,8130,8134,8061,8123,8147,8013,8134,8097,8134,8166,8116,15.879630088806152,sil,False
70,8145,8166,8130,8154,8145,8072,8129,8156,8091,8147,8105,8159,8171,8134,15.887438535690308,sil,False
71,8157,8174,8143,8168,8154,8081,8131,8163,8144,8141,8116,8163,8168,8145,15.89564824104309,sil,False
72,8151,8161,8134,8164,8167,8091,8138,8155,8061,8140,8115,8139,8159,8142,15.903475522994995,sil,False
73,8145,8176,8133,8161,8151,8084,8121,8150,8135,8116,8086,8164,8162,8123,15.911501169204712,sil,False
74,8132,8145,8119,8156,8170,8078,8128,8152,8051,8137,8099,8139,8160,8118,15.918364524841309,sil,False
75,8153,8166,8128,8169,8174,8094,8131,8169,8104,8140,8101,8160,8165,8145,15.926476001739502,sil,False
76,8135,8164,8115,8155,8154,8095,8129,8160,8121,8121,8087,8159,8166,8134,15.933985710144045,sil,False
76,8135,8164,8115,8155,8154,8095,8129,8160,8121,8121,8087,8159,8166,8134,15.934982061386108,sil,False
77,8121,8137,8079,8142,8156,8087,8131,8144,8000,8119,8090,8123,8154,8117,15.9429829120636,sil,False
78,8131,8159,8079,8145,8146,8079,8112,8151,8094,8099,8068,8153,8154,8111,15.950475215911863,sil,False
78,8131,8159,8079,8145,8146,8079,8112,8151,8094,8099,8068,8153,8154,8111,15.951022624969482,sil,False
79,8117,8134,8076,8133,8161,8076,8117,8145,8018,8117,8067,8134,8160,8100,15.9586763381958,sil,False
80,8124,8146,8098,8146,8168,8087,8110,8141,8033,8125,8081,8148,8167,8110,15.966475248336792,sil,False
81,8121,8159,8100,8148,8164,8096,8105,8147,8111,8127,8092,8162,8170,8109,15.973405599594116,sil,False
82,8132,8147,8087,8145,8180,8097,8124,8151,8053,8151,8107,8139,8166,8116,15.981406211853027,sil,False
83,8146,8172,8108,8162,8159,8090,8113,8158,8160,8139,8108,8173,8170,8123,15.989404678344728,sil,False
84,8126,8147,8107,8148,8157,8099,8126,8158,8105,8157,8128,8152,8167,8115,15.997405767440796,sil,False
85,8144,8161,8124,8145,8169,8112,8137,8166,8118,8160,8130,8154,8167,8134,16.0055513381958,sil,False
86,8147,8173,8151,8156,8165,8104,8129,8171,8197,8152,8130,8176,8175,8138,16.01362633705139,sil,False
87,8143,8145,8145,8158,8177,8103,8135,8161,8105,8177,8146,8148,8172,8132,16.02165126800537,sil,False
88,8154,8173,8148,8160,8167,8105,8113,8155,8180,8154,8116,8174,8165,8131,16.029651165008545,sil,False
89,8137,8153,8136,8145,8170,8108,8122,8145,8108,8143,8103,8155,8156,8123,16.037439346313477,sil,False
90,8135,8141,8132,8134,8173,8116,8138,8149,8086,8145,8113,8152,8155,8134,16.044475317001343,sil,False
91,8118,8152,8127,8125,8160,8110,8124,8169,8176,8132,8111,8173,8157,8122,16.05238938331604,sil,False
92,8123,8139,8108,8136,8176,8110,8139,8180,8084,8158,8111,8147,8160,8117,16.060383319854736,sil,False
93,8155,8163,8110,8152,8160,8113,8143,8174,8171,8156,8099,8175,8168,8132,16.068474769592285,sil,False
94,8120,8138,8095,8121,8148,8100,8139,8152,8124,8144,8118,8155,8162,8109,16.076512575149536,sil,False
95,8126,8140,8106,8131,8157,8094,8136,8153,8073,8148,8130,8150,8164,8109,16.08447527885437,sil,False
96,8149,8165,8125,8157,8151,8095,8131,8163,8181,8149,8117,8183,8168,8123,16.092498064041138,sil,False
97,8133,8136,8110,8138,8161,8092,8140,8159,8095,8173,8137,8151,8163,8119,16.100496292114258,sil,False
98,8146,8160,8127,8140,8151,8094,8122,8168,8165,8154,8128,8174,8168,8123,16.107439756393433,sil,False
98,8146,8160,8127,8140,8151,8094,8122,8168,8165,8154,8128,8174,8168,8123,16.10797429084778,sil,False
99,8142,8153,8125,8144,8157,8110,8125,8162,8149,8139,8123,8164,8165,8123,16.115476369857788,sil,False
100,8142,8143,8112,8145,8178,8122,8142,8154,8088,8144,8136,8144,8161,8132,16.123154640197754,sil,False
101,8139,8156,8111,8139,8164,8112,8136,8159,8165,8120,8113,8163,8167,8119,16.131154537200928,goodbye,True
102,8135,8130,8091,8128,8164,8107,8143,8155,8062,8127,8111,8140,8166,8116,16.139475345611572,goodbye,True
103,8157,8166,8095,8144,8150,8124,8139,8164,8141,8127,8112,8164,8167,8141,16.147451400756836,goodbye,True
104,8128,8159,8074,8130,8142,8151,8158,8159,8135,8121,8090,8146,8156,8113,16.155441999435425,goodbye,True
105,8126,8130,8062,8128,8166,8147,8162,8151,8052,8132,8097,8134,8154,8108,16.16347575187683,goodbye,True
106,8156,8163,8098,8158,8170,8107,8120,8173,8203,8154,8130,8188,8174,8139,16.170475244522095,goodbye,True
107,8148,8151,8099,8154,8181,8101,8129,8174,8138,8184,8140,8152,8168,8130,16.17874836921692,goodbye,True
108,8142,8157,8094,8146,8174,8122,8138,8158,8139,8135,8101,8153,8158,8108,16.185754776000977,goodbye,True
108,8142,8157,8094,8146,8174,8122,8138,8158,8139,8135,8101,8153,8158,8108,16.18674659729004,goodbye,True
109,8128,8148,8081,8141,8171,8105,8123,8151,8148,8122,8115,8161,8166,8104,16.194748163223267,goodbye,True
110,8141,8136,8080,8147,8184,8098,8123,8151,8078,8169,8146,8143,8167,8120,16.20246934890747,goodbye,True
111,8148,8164,8105,8151,8172,8118,8124,8155,8170,8139,8122,8173,8162,8115,16.210481643676758,goodbye,True
112,8134,8141,8086,8139,8184,8122,8155,8154,8091,8138,8123,8145,8154,8104,16.218485355377197,goodbye,True
113,8149,8151,8080,8147,8177,8122,8159,8156,8120,8146,8115,8151,8159,8119,16.226279973983765,goodbye,True
114,8125,8153,8094,8143,8156,8115,8141,8150,8147,8119,8113,8162,8165,8113,16.234015464782715,goodbye,True
114,8125,8153,8094,8143,8156,8115,8141,8150,8147,8119,8113,8162,8165,8113,16.23500967025757,goodbye,True
115,8135,8148,8101,8148,8164,8109,8156,8151,8068,8133,8135,8143,8165,8114,16.241015911102295,goodbye,True
116,8167,8173,8107,8160,8152,8098,8149,8158,8175,8147,8117,8170,8169,8127,16.249017000198364,goodbye,True
116,8167,8173,8107,8160,8152,8098,8149,8158,8175,8147,8117,8170,8169,8127,16.250041007995605,goodbye,True
117,8116,8133,8087,8133,8158,8087,8139,8142,8076,8153,8115,8140,8157,8112,16.25743341445923,goodbye,True
118,8107,8143,8093,8132,8150,8081,8141,8151,8083,8136,8119,8152,8158,8110,16.265474557876587,goodbye,True
119,8138,8164,8098,8142,8124,8064,8155,8168,8170,8144,8125,8172,8175,8122,16.273476600646973,goodbye,True
120,8140,8147,8083,8139,8131,8065,8164,8162,8084,8177,8145,8140,8172,8138,16.281475067138672,goodbye,True
121,8139,8172,8102,8152,8122,8070,8136,8167,8186,8168,8138,8171,8166,8139,16.28944730758667,goodbye,True
122,8139,8151,8106,8152,8130,8058,8141,8169,8146,8189,8146,8153,8167,8132,16.297448873519897,goodbye,True
123,8153,8149,8110,8155,8132,8063,8146,8160,8120,8177,8145,8147,8169,8144,16.304476499557495,goodbye,True
124,8125,8150,8117,8142,8119,8067,8137,8147,8161,8138,8132,8162,8160,8126,16.31245446205139,goodbye,True
125,8119,8125,8112,8133,8133,8061,8154,8141,8059,8172,8149,8139,8156,8119,16.320473194122314,goodbye,True
126,8154,8164,8129,8160,8118,8063,8144,8151,8156,8172,8140,8168,8167,8142,16.328044652938843,goodbye,True
127,8140,8156,8125,8161,8112,8064,8148,8150,8116,8160,8136,8145,8161,8133,16.336427450180054,goodbye,True
240,8152,8148,8130,8153,8120,8065,8162,8154,8093,8163,8150,8146,8163,8134,16.344481468200684,goodbye,True
0,8156,8164,8140,8155,8109,8062,8152,8161,8190,8159,8153,8178,8170,8136,16.352479219436646,goodbye,True
1,8141,8149,8124,8162,8126,8059,8160,8158,8085,8180,8166,8142,8160,8134,16.360335111618042,goodbye,True
1,8141,8149,8124,8162,8126,8059,8160,8158,8085,8180,8166,8142,8160,8134,16.361308574676514,goodbye,True
2,8155,8175,8134,8169,8122,8054,8142,8152,8142,8162,8145,8160,8161,8134,16.367266416549683,goodbye,True
3,8146,8158,8133,8154,8116,8052,8132,8143,8117,8147,8137,8151,8163,8119,16.37548065185547,goodbye,True
4,8166,8154,8152,8174,8134,8064,8149,8149,8094,8160,8157,8152,8167,8141,16.38346028327942,goodbye,True
5,8165,8173,8177,8182,8128,8060,8141,8154,8196,8146,8157,8178,8170,8150,16.39146590232849,goodbye,True
6,8141,8138,8152,8158,8128,8049,8141,8141,8074,8156,8155,8134,8158,8130,16.399477243423462,goodbye,True
7,8172,8157,8152,8171,8123,8052,8148,8156,8143,8162,8143,8158,8158,8143,16.407439947128296,goodbye,True
8,8159,8159,8147,8168,8130,8058,8165,8168,8164,8167,8150,8162,8159,8146,16.4154794216156,goodbye,True
9,8150,8159,8136,8162,8133,8059,8165,8153,8091,8161,8149,8144,8154,8143,16.423280954360962,goodbye,True
10,8160,8181,8147,8175,8119,8052,8142,8145,8179,8140,8135,8170,8164,8137,16.431285619735718,goodbye,True
11,8148,8153,8137,8171,8150,8062,8157,8148,8096,8168,8158,8144,8168,8134,16.440289974212646,goodbye,True
12,8172,8175,8148,8181,8155,8065,8160,8164,8165,8163,8156,8165,8170,8149,16.44629216194153,goodbye,True
13,8173,8176,8151,8182,8141,8043,8154,8160,8201,8153,8164,8171,8174,8152,16.454292058944702,goodbye,True
14,8177,8162,8147,8193,8153,8042,8156,8151,8129,8176,8187,8157,8176,8166,16.462292194366455,goodbye,True
15,8195,8185,8163,8204,8153,8058,8156,8159,8230,8159,8160,8185,8170,8172,16.470292806625366,goodbye,True
15,8195,8185,8163,8204,8153,8058,8156,8159,8230,8159,8160,8185,8170,8172,16.470848083496094,goodbye,True
16,8192,8162,8168,8185,8172,8066,8176,8158,8157,8157,8147,8155,8159,8158,16.47785472869873,goodbye,True
16,8192,8162,8168,8185,8172,8066,8176,8158,8157,8157,8147,8155,8159,8158,16.478857278823853,goodbye,True
17,8197,8180,8184,8192,8158,8060,8165,8161,8182,8142,8138,8165,8163,8164,16.485854148864746,goodbye,True
17,8197,8180,8184,8192,8158,8060,8165,8161,8182,8142,8138,8165,8163,8164,16.486802339553833,goodbye,True
18,8175,8177,8163,8183,8139,8044,8153,8157,8191,8138,8130,8168,8165,8159,16.493810176849365,goodbye,True
18,8175,8177,8163,8183,8139,8044,8153,8157,8191,8138,8130,8168,8165,8159,16.494887590408325,goodbye,True
19,8183,8154,8155,8179,8172,8043,8164,8157,8109,8176,8142,8155,8165,8167,16.500895738601685,goodbye,True
19,8183,8154,8155,8179,8172,8043,8164,8157,8109,8176,8142,8155,8165,8167,16.5018949508667,goodbye,True
20,8205,8189,8198,8208,8183,8038,8146,8168,8241,8166,8143,8186,8172,8170,16.5089430809021,goodbye,True
20,8205,8189,8198,8208,8183,8038,8146,8168,8241,8166,8143,8186,8172,8170,16.509896278381348,goodbye,True
21,8192,8170,8180,8202,8192,8035,8160,8165,8184,8176,8162,8149,8168,8161,16.516899585723877,goodbye,True
22,8201,8173,8159,8189,8188,8048,8168,8163,8186,8174,8163,8164,8167,8179,16.5257785320282,goodbye,True
23,8185,8181,8173,8180,8175,8041,8147,8154,8219,8145,8154,8185,8166,8172,16.5333149433136,goodbye,True
24,8177,8162,8163,8180,8179,8028,8150,8147,8117,8157,8160,8149,8161,8165,16.54132390022278,goodbye,True
25,8190,8179,8133,8181,8154,8023,8147,8157,8192,8148,8125,8166,8164,8168,16.549354553222656,goodbye,True
26,8167,8159,8110,8163,8156,8022,8158,8156,8105,8150,8118,8144,8160,8152,16.557438850402832,goodbye,True
27,8170,8170,8145,8178,8169,8032,8152,8157,8111,8151,8141,8155,8165,8161,16.564345836639404,goodbye,True
28,8165,8175,8147,8189,8149,8028,8133,8160,8200,8147,8144,8175,8171,8159,16.572356462478638,goodbye,True
29,8168,8151,8111,8182,8160,8029,8154,8154,8108,8174,8146,8143,8166,8159,16.580355882644653,goodbye,True
30,8195,8187,8136,8187,8174,8035,8157,8159,8219,8177,8142,8175,8168,8175,16.58846616744995,goodbye,True
31,8175,8167,8147,8180,8187,8039,8156,8158,8186,8178,8153,8160,8159,8166,16.59636640548706,goodbye,True
32,8185,8162,8142,8188,8181,8046,8157,8165,8157,8170,8150,8157,8156,8163,16.60447120666504,goodbye,True
33,8183,8176,8140,8191,8164,8042,8145,8174,8231,8160,8140,8176,8164,8155,16.61245894432068,goodbye,True
33,8183,8176,8140,8191,8164,8042,8145,8174,8231,8160,8140,8176,8164,8155,16.613457918167114,goodbye,True
34,8165,8152,8131,8182,8175,8039,8141,8155,8106,8171,8149,8137,8158,8149,16.62045669555664,goodbye,True
35,8188,8180,8149,8196,8163,8052,8122,8145,8173,8153,8137,8167,8163,8157,16.628476858139038,goodbye,True
36,8177,8168,8136,8194,8168,8064,8136,8153,8176,8178,8153,8165,8168,8155,16.635475873947144,goodbye,True
37,8172,8162,8124,8191,8183,8067,8154,8166,8153,8194,8169,8151,8163,8156,16.64347529411316,goodbye,True
37,8172,8162,8124,8191,8183,8067,8154,8166,8153,8194,8169,8151,8163,8156,16.644063711166382,goodbye,True
38,8163,8173,8133,8182,8167,8069,8145,8168,8224,8152,8144,8166,8156,8138,16.65147566795349,goodbye,True
39,8158,8143,8127,8169,8176,8076,8164,8164,8125,8167,8144,8141,8152,8131,16.659459590911865,goodbye,True
39,8158,8143,8127,8169,8176,8076,8164,8164,8125,8167,8144,8141,8152,8131,16.660462141036987,goodbye,True
40,8185,8170,8148,8189,8179,8078,8162,8173,8219,8179,8170,8172,8166,8157,16.66796565055847,goodbye,True
41,8173,8166,8150,8190,8189,8081,8158,8166,8221,8177,8220,8164,8167,8150,16.674962997436523,goodbye,True
42,8168,8153,8144,8177,8194,8079,8157,8155,8148,8170,8245,8148,8158,8143,16.68347692489624,goodbye,True
43,8158,8163,8151,8169,8170,8070,8140,8153,8230,8154,8230,8173,8163,8138,16.691476345062256,goodbye,True
44,8138,8136,8129,8162,8169,8078,8146,8144,8130,8185,8244,8142,8158,8125,16.698474407196045,goodbye,True
45,8149,8157,8122,8166,8155,8086,8134,8147,8164,8164,8242,8164,8151,8126,16.706548929214478,goodbye,True
46,8136,8149,8108,8146,8155,8076,8138,8147,8157,8134,8238,8162,8152,8116,16.7146635055542,goodbye,True
47,8150,8137,8108,8152,8178,8080,8151,8147,8106,8160,8253,8147,8158,8131,16.72267174720764,sil,False
48,8171,8174,8128,8176,8168,8085,8133,8161,8241,8156,8254,8183,8164,8145,16.730475187301636,sil,False
49,8154,8154,8109,8162,8180,8088,8148,8160,8162,8158,8263,8148,8157,8129,16.73847508430481,sil,False
50,8155,8154,8110,8156,8179,8104,8154,8159,8188,8157,8238,8149,8153,8120,16.74649691581726,sil,False
51,8139,8146,8111,8146,8171,8115,8154,8162,8224,8165,8225,8153,8151,8112,16.754493236541748,sil,False
52,8149,8140,8105,8146,8189,8124,8169,8161,8161,8168,8250,8138,8158,8124,16.76218557357788,sil,False
53,8165,8169,8119,8154,8170,8128,8159,8157,8253,8137,8242,8163,8167,8124,16.769186973571777,sil,False
54,8135,8139,8103,8139,8167,8125,8154,8143,8153,8163,8240,8126,8157,8103,16.777188301086426,sil,False
55,8151,8152,8105,8150,8174,8124,8141,8149,8180,8174,8239,8142,8156,8109,16.785475492477417,sil,False
56,8154,8163,8104,8150,8169,8128,8150,8165,8254,8153,8249,8162,8163,8111,16.793745279312134,sil,False
57,8153,8153,8101,8145,8181,8143,8189,8181,8198,8177,8276,8137,8163,8125,16.801748514175415,sil,False
58,8176,8184,8129,8166,8189,8143,8174,8184,8318,8186,8269,8176,8170,8149,16.809476137161255,sil,False
59,8165,8160,8130,8169,8211,8136,8161,8157,8243,8193,8267,8159,8164,8140,16.817441701889038,sil,False
60,8171,8162,8130,8174,8198,8128,8160,8156,8215,8179,8262,8148,8158,8134,16.824475526809692,sil,False
61,8161,8167,8128,8164,8172,8107,8147,8161,8250,8160,8250,8151,8159,8122,16.832356691360474,sil,False
62,8157,8150,8124,8154,8195,8116,8158,8150,8161,8176,8254,8137,8161,8126,16.840351819992065,sil,False
63,8171,8181,8141,8172,8187,8131,8160,8162,8281,8165,8239,8176,8166,8135,16.848392486572266,sil,False
64,8152,8155,8119,8161,8175,8111,8166,8166,8224,8175,8235,8141,8156,8113,16.856475114822388,sil,False
65,8163,8155,8113,8156,8173,8097,8162,8159,8183,8177,8227,8134,8149,8117,16.864176750183105,sil,False
66,8162,8176,8126,8159,8166,8103,8149,8155,8246,8151,8219,8167,8154,8122,16.872191429138184,sil,False
67,8150,8150,8115,8155,8182,8108,8158,8147,8135,8163,8230,8138,8154,8118,16.8801908493042,sil,False
68,8149,8163,8113,8151,8165,8104,8148,8154,8205,8152,8196,8151,8158,8111,16.888200759887695,sil,False
68,8149,8163,8113,8151,8165,8104,8148,8154,8205,8152,8196,8151,8158,8111,16.889216423034668,sil,False
69,8122,8149,8092,8135,8160,8103,8161,8162,8177,8154,8190,8136,8158,8100,16.896469354629517,sil,False
70,8144,8165,8096,8155,8173,8127,8177,8170,8174,8169,8208,8145,8163,8126,16.903475284576416,sil,False
71,8163,8187,8112,8170,8166,8134,8163,8172,8267,8156,8198,8173,8167,8133,16.911494493484497,sil,False
72,8153,8148,8097,8155,8182,8122,8167,8166,8149,8165,8203,8137,8155,8117,16.91903257369995,sil,False
73,8158,8163,8107,8156,8171,8125,8158,8170,8217,8153,8193,8157,8152,8115,16.92703366279602,sil,False
74,8137,8155,8105,8146,8149,8134,8164,8163,8200,8149,8186,8147,8154,8107,16.93547558784485,sil,False
75,8136,8149,8099,8142,8138,8135,8166,8153,8124,8147,8181,8135,8152,8106,16.943474769592285,sil,False
76,8133,8161,8103,8134,8111,8118,8134,8150,8179,8127,8155,8153,8153,8089,16.951675176620483,sil,False
77,8124,8134,8099,8123,8119,8117,8137,8144,8066,8143,8160,8125,8156,8087,16.958675146102905,sil,False
78,8142,8161,8117,8141,8115,8133,8135,8146,8133,8121,8157,8156,8164,8108,16.96647548675537,sil,False
79,8129,8153,8105,8133,8107,8132,8133,8139,8138,8117,8155,8152,8158,8096,16.9744770526886,sil,False
80,8139,8143,8099,8134,8111,8128,8137,8141,8076,8155,8169,8137,8156,8109,16.98247504234314,sil,False
81,8153,8174,8116,8150,8106,8129,8127,8155,8183,8143,8150,8168,8165,8125,16.99076795578003,sil,False
82,8144,8157,8102,8141,8127,8139,8153,8149,8087,8125,8139,8128,8156,8110,16.998769283294678,sil,False
83,8164,8181,8116,8157,8122,8142,8157,8149,8136,8116,8143,8141,8155,8117,17.006774187088013,sil,False
84,8151,8176,8119,8162,8118,8125,8145,8150,8175,8144,8162,8151,8160,8122,17.014474630355835,sil,False
85,8151,8152,8107,8155,8137,8120,8155,8147,8100,8173,8167,8134,8164,8128,17.022498846054077,sil,False
86,8166,8180,8125,8163,8126,8129,8154,8158,8202,8149,8152,8167,8170,8129,17.02949810028076,sil,False
87,8160,8162,8121,8159,8138,8141,8164,8157,8127,8154,8175,8146,8158,8116,17.03700542449951,sil,False
88,8179,8170,8120,8163,8137,8142,8158,8154,8155,8149,8170,8159,8155,8120,17.04500412940979,sil,False
89,8163,8170,8108,8156,8121,8133,8154,8153,8192,8146,8152,8158,8161,8114,17.053476095199585,sil,False
90,8158,8158,8093,8151,8134,8138,8166,8149,8102,8171,8168,8136,8157,8115,17.0614755153656,sil,False
91,8180,8189,8117,8160,8127,8138,8148,8151,8203,8162,8168,8173,8159,8126,17.069457292556763,sil,False
92,8154,8159,8113,8142,8126,8132,8146,8148,8134,8168,8168,8140,8154,8119,17.07745933532715,sil,False
93,8144,8150,8108,8137,8113,8135,8153,8164,8140,8162,8156,8137,8155,8117,17.08543372154236,sil,False
94,8126,8152,8111,8135,8098,8135,8164,8174,8194,8163,8151,8151,8159,8102,17.09247660636902,sil,False
95,8116,8138,8115,8133,8123,8139,8177,8167,8106,8198,8168,8129,8153,8094,17.09992814064026,sil,False
96,8149,8176,8146,8151,8121,8138,8156,8173,8214,8172,8161,8169,8159,8104,17.108925342559814,sil,False
97,8166,8165,8148,8153,8124,8130,8163,8155,8159,8163,8151,8153,8162,8111,17.116475582122803,sil,False
98,8171,8167,8147,8156,8124,8131,8159,8137,8127,8164,8119,8150,8161,8118,17.124465227127075,sil,False
99,8154,8176,8139,8145,8117,8129,8139,8141,8174,8157,8101,8161,8160,8100,17.131978034973145,sil,False
99,8154,8176,8139,8145,8117,8129,8139,8141,8174,8157,8101,8161,8160,8100,17.13297700881958,sil,False
100,8163,8155,8129,8144,8138,8133,8160,8147,8084,8180,8129,8135,8156,8106,17.140475749969482,sil,False
101,8183,8178,8156,8165,8129,8138,8164,8159,8199,8172,8121,8177,8161,8127,17.14847469329834,sil,False
102,8160,8156,8145,8147,8134,8132,8169,8160,8180,8192,8130,8166,8165,8119,17.155475616455078,sil,False
103,8167,8163,8139,8144,8140,8132,8163,8156,8151,8202,8141,8152,8168,8123,17.163059949874878,sil,False
104,8160,8181,8144,8159,8123,8127,8143,8150,8207,8159,8119,8166,8161,8109,17.17105984687805,sil,False
105,8153,8150,8128,8154,8138,8124,8161,8143,8094,8167,8117,8140,8149,8100,17.17912793159485,sil,False
106,8178,8172,8140,8152,8140,8132,8163,8150,8178,8167,8101,8166,8155,8118,17.187135457992554,sil,False
107,8151,8159,8127,8137,8134,8133,8161,8145,8149,8157,8099,8145,8158,8108,17.194794178009033,sil,False
107,8151,8159,8127,8137,8134,8133,8161,8145,8149,8157,8099,8145,8158,8108,17.195799112319946,sil,False
108,8155,8153,8112,8144,8129,8129,8162,8149,8102,8158,8108,8135,8158,8114,17.203800439834595,sil,False
109,8162,8169,8117,8145,8119,8124,8148,8152,8191,8152,8099,8158,8161,8113,17.211474657058716,sil,False
110,8134,8144,8106,8130,8141,8131,8151,8136,8086,8173,8104,8125,8155,8094,17.218908071517944,sil,False
111,8151,8166,8115,8142,8134,8133,8146,8136,8141,8160,8088,8152,8153,8097,17.225890398025513,sil,False
111,8151,8166,8115,8142,8134,8133,8146,8136,8141,8160,8088,8152,8153,8097,17.226882457733154,sil,False
112,8153,8157,8121,8139,8134,8134,8150,8136,8118,8135,8092,8157,8152,8096,17.234429597854614,sil,False
113,8155,8158,8132,8146,8155,8146,8160,8141,8075,8136,8123,8148,8161,8114,17.242534637451172,sil,False
114,8160,8179,8132,8154,8134,8143,8150,8151,8200,8143,8113,8171,8164,8118,17.250574588775635,sil,False
115,8148,8145,8112,8139,8135,8141,8166,8145,8103,8170,8113,8139,8151,8107,17.258475303649902,sil,False
116,8152,8170,8139,8155,8141,8149,8159,8148,8150,8158,8126,8161,8160,8124,17.266464710235596,sil,False
117,8144,8171,8138,8161,8144,8143,8149,8142,8168,8154,8132,8162,8164,8124,17.27447533607483,sil,False
118,8167,8153,8118,8154,8149,8139,8158,8139,8093,8159,8123,8145,8151,8125,17.282360792160034,sil,False
119,8174,8173,8145,8157,8130,8136,8144,8148,8188,8125,8111,8178,8154,8127,17.289475202560425,sil,False
120,8153,8150,8148,8154,8145,8139,8153,8143,8103,8144,8126,8145,8160,8124,17.29761004447937,sil,False
121,8176,8170,8145,8161,8153,8143,8154,8142,8140,8153,8111,8153,8166,8129,17.305625677108765,sil,False
122,8156,8171,8140,8148,8156,8144,8154,8145,8179,8146,8107,8164,8164,8117,17.313831329345703,sil,False
122,8156,8171,8140,8148,8156,8144,8154,8145,8179,8146,8107,8164,8164,8117,17.314340591430664,sil,False
123,8152,8151,8141,8144,8173,8161,8174,8152,8115,8170,8131,8148,8158,8127,17.321277856826782,sil,False
124,8185,8181,8161,8158,8163,8171,8179,8165,8244,8177,8125,8174,8163,8139,17.329251766204834,sil,False
125,8166,8170,8149,8156,8167,8160,8182,8160,8184,8199,8132,8142,8156,8119,17.33743929862976,sil,False
126,8167,8181,8152,8166,8164,8158,8162,8158,8184,8182,8119,8149,8151,8119,17.345141887664795,sil,False
126,8167,8181,8152,8166,8164,8158,8162,8158,8184,8182,8119,8149,8151,8119,17.346158981323242,sil,False
127,8168,8178,8156,8155,8158,8159,8155,8153,8205,8150,8112,8164,8155,8116,17.353665113449097,sil,False
240,8163,8155,8146,8149,8177,8164,8173,8146,8113,8169,8141,8141,8161,8116,17.36066770553589,sil,False
0,8169,8181,8147,8166,8168,8162,8155,8155,8220,8170,8134,8168,8167,8122,17.368475437164307,sil,False
1,8153,8161,8135,8154,8175,8153,8154,8154,8158,8185,8143,8146,8159,8118,17.376692295074463,sil,False
2,8174,8174,8160,8161,8178,8159,8159,8153,8174,8188,8156,8156,8160,8132,17.38447594642639,sil,False
3,8174,8182,8169,8160,8159,8161,8154,8143,8234,8172,8141,8168,8161,8125,17.392470598220825,sil,False
4,8158,8148,8140,8151,8171,8164,8162,8127,8105,8178,8127,8130,8149,8115,17.40047526359558,sil,False
5,8171,8176,8150,8166,8167,8174,8148,8141,8201,8155,8101,8165,8156,8118,17.40872836112976,sil,False
6,8165,8167,8151,8153,8168,8178,8157,8145,8174,8161,8111,8159,8161,8120,17.416497468948364,sil,False
7,8175,8170,8152,8155,8166,8171,8159,8143,8155,8180,8129,8164,8160,8143,17.423502922058105,sil,False
8,8175,8187,8156,8167,8161,8163,8147,8148,8234,8171,8124,8178,8167,8135,17.430545806884766,sil,False
8,8175,8187,8156,8167,8161,8163,8147,8148,8234,8171,8124,8178,8167,8135,17.432053089141846,sil,False
9,8171,8168,8150,8158,8183,8184,8171,8146,8142,8178,8130,8137,8162,8120,17.43956184387207,sil,False
10,8176,8187,8160,8161,8174,8205,8165,8153,8216,8161,8120,8165,8160,8124,17.447439193725586,sil,False
11,8163,8172,8157,8163,8184,8202,8159,8149,8187,8171,8134,8159,8163,8122,17.455155849456787,sil,False
12,8193,8182,8182,8181,8204,8205,8164,8143,8173,8195,8160,8155,8167,8141,17.463155508041382,sil,False
13,8206,8206,8202,8191,8185,8215,8159,8144,8269,8193,8160,8183,8167,8147,17.471158981323242,sil,False
13,8206,8206,8202,8191,8185,8215,8159,8144,8269,8193,8160,8183,8167,8147,17.472187519073486,sil,False
14,8197,8179,8177,8187,8199,8222,8175,8140,8178,8211,8178,8156,8168,8155,17.47947096824646,sil,False
15,8211,8198,8188,8203,8203,8208,8155,8147,8271,8198,8181,8177,8178,8178,17.486209392547607,sil,False
16,8182,8180,8183,8190,8194,8187,8137,8144,8253,8200,8177,8156,8164,8159,17.49503469467163,sil,False
17,8173,8165,8166,8172,8189,8193,8141,8138,8165,8204,8170,8137,8152,8142,17.50248098373413,sil,False
18,8176,8185,8172,8176,8174,8199,8143,8144,8251,8179,8155,8169,8163,8144,17.510396242141724,sil,False
19,8171,8162,8162,8178,8191,8195,8164,8143,8162,8192,8162,8138,8158,8147,17.518646478652954,sil,False
20,8191,8179,8168,8182,8189,8192,8150,8139,8198,8183,8149,8151,8153,8155,17.526475429534912,sil,False
21,8178,8177,8172,8174,8188,8188,8140,8139,8198,8180,8147,8155,8159,8141,17.536983013153076,sil,False
22,8189,8175,8178,8189,8205,8186,8159,8145,8154,8195,8155,8149,8163,8143,17.541983604431152,sil,False
23,8196,8197,8183,8193,8189,8178,8152,8142,8251,8165,8139,8170,8161,8139,17.548983812332153,sil,False
24,8172,8164,8159,8172,8191,8181,8152,8130,8133,8163,8145,8136,8154,8119,17.556983470916748,sil,False
25,8196,8187,8179,8190,8199,8194,8147,8141,8164,8159,8148,8163,8166,8126,17.564985275268555,sil,False
26,8198,8195,8197,8197,8206,8184,8150,8141,8200,8164,8153,8169,8167,8122,17.57298517227173,sil,False
27,8194,8174,8182,8183,8209,8185,8161,8132,8120,8198,8154,8134,8157,8122,17.580984115600586,sil,False
28,8183,8187,8172,8173,8187,8193,8143,8137,8213,8186,8128,8154,8163,8125,17.588982820510864,sil,False
29,8148,8156,8146,8156,8194,8178,8139,8137,8124,8172,8125,8126,8158,8109,17.596983194351196,sil,False
30,8166,8169,8149,8169,8187,8172,8142,8151,8146,8159,8113,8141,8159,8120,17.604984998703003,sil,False
31,8167,8173,8155,8171,8177,8190,8162,8163,8209,8166,8117,8158,8173,8137,17.612983465194702,sil,False
32,8156,8150,8147,8161,8195,8199,8180,8158,8140,8190,8146,8139,8172,8149,17.62047529220581,sil,False
33,8158,8174,8158,8171,8171,8180,8153,8155,8235,8168,8132,8167,8163,8140,17.628474712371826,sil,False
34,8158,8163,8155,8169,8164,8174,8167,8151,8172,8183,8132,8138,8157,8132,17.63599419593811,sil,False
35,8197,8177,8169,8179,8175,8182,8186,8155,8196,8197,8128,8145,8161,8151,17.643994092941284,sil,False
36,8181,8171,8163,8164,8166,8169,8165,8139,8224,8173,8109,8160,8156,8133,17.651994943618774,sil,False
36,8181,8171,8163,8164,8166,8169,8165,8139,8224,8173,8109,8160,8156,8133,17.65301823616028,sil,False
37,8140,8144,8132,8140,8164,8161,8155,8122,8068,8162,8110,8128,8154,8116,17.660033702850342,sil,False
38,8158,8184,8149,8168,8147,8166,8153,8145,8170,8147,8106,8161,8168,8130,17.668153047561646,sil,False
39,8175,8170,8157,8179,8162,8170,8172,8155,8167,8192,8118,8150,8164,8125,17.67616605758667,sil,False
40,8181,8159,8156,8163,8162,8162,8163,8138,8141,8202,8108,8144,8153,8116,17.683169841766357,sil,False
41,8136,8154,8128,8140,8124,8139,8134,8119,8138,8140,8078,8148,8147,8084,17.691325187683105,sil,False
42,8114,8129,8089,8138,8127,8141,8146,8117,8001,8139,8076,8118,8141,8073,17.699084281921387,sil,False
43,8152,8165,8111,8154,8127,8153,8144,8134,8109,8151,8068,8154,8152,8101,17.70707607269287,sil,False
44,8141,8154,8116,8136,8136,8154,8146,8140,8100,8171,8082,8139,8161,8105,17.715089559555054,sil,False
45,8151,8152,8114,8148,8146,8163,8164,8156,8112,8188,8090,8136,8163,8118,17.723440885543823,sil,False
46,8161,8168,8120,8159,8136,8163,8171,8163,8226,8186,8076,8168,8162,8123,17.731475830078125,sil,False
46,8161,8168,8120,8159,8136,8163,8171,8163,8226,8186,8076,8168,8162,8123,17.731848001480103,sil,False
47,8136,8146,8111,8139,8144,8161,8171,8142,8110,8199,8094,8139,8155,8118,17.73885464668274,sil,False
47,8136,8146,8111,8139,8144,8161,8171,8142,8110,8199,8094,8139,8155,8118,17.739854335784912,sil,False
48,8155,8175,8137,8158,8131,8167,8148,8144,8179,8179,8090,8169,8160,8127,17.74586534500122,sil,False
48,8155,8175,8137,8158,8131,8167,8148,8144,8179,8179,8090,8169,8160,8127,17.746854782104492,sil,False
49,8181,8170,8150,8166,8133,8163,8161,8144,8172,8174,8088,8165,8162,8131,17.754476070404053,sil,False
50,8186,8162,8150,8155,8146,8157,8169,8130,8106,8176,8095,8149,8164,8140,17.76247549057007,sil,False
51,8157,8170,8149,8144,8132,8159,8142,8134,8173,8168,8084,8173,8160,8125,17.770615100860596,sil,False
52,8154,8149,8141,8149,8145,8176,8162,8141,8101,8206,8099,8153,8153,8116,17.778791666030884,sil,False
53,8189,8184,8166,8172,8139,8180,8159,8150,8196,8192,8103,8177,8169,8131,17.78680181503296,sil,False
54,8169,8179,8164,8165,8129,8163,8152,8151,8182,8170,8097,8162,8168,8119,17.79480004310608,sil,False
55,8169,8160,8138,8150,8135,8164,8170,8149,8093,8181,8084,8139,8149,8116,17.802238702774048,sil,False
56,8166,8172,8126,8137,8118,8164,8160,8147,8171,8156,8065,8167,8153,8114,17.810246229171753,sil,False
57,8136,8147,8119,8136,8120,8153,8157,8141,8076,8160,8077,8138,8160,8109,17.817439079284668,sil,False
58,8159,8173,8138,8158,8116,8151,8154,8149,8141,8167,8069,8160,8164,8125,17.825475692749023,sil,False
59,8158,8172,8130,8147,8126,8147,8166,8146,8165,8168,8076,8165,8165,8125,17.8334641456604,sil,False
60,8161,8158,8125,8147,8139,8139,8180,8140,8091,8181,8088,8146,8166,8131,17.840901851654053,sil,False
60,8161,8158,8125,8147,8139,8139,8180,8140,8091,8181,8088,8146,8166,8131,17.841907024383545,sil,False
61,8166,8175,8149,8161,8112,8128,8157,8144,8188,8171,8062,8170,8168,8130,17.848915100097656,sil,False
62,8141,8144,8138,8152,8132,8125,8159,8137,8083,8173,8064,8140,8155,8118,17.857438564300537,sil,False
63,8165,8173,8150,8170,8147,8129,8161,8144,8110,8155,8062,8163,8152,8129,17.865476608276367,sil,False
64,8168,8182,8156,8169,8133,8127,8149,8142,8153,8149,8071,8174,8164,8124,17.87347674369812,sil,False
65,8162,8154,8145,8158,8148,8132,8147,8132,8073,8182,8094,8149,8169,8124,17.88023805618286,sil,False
66,8177,8188,8162,8181,8147,8128,8136,8139,8187,8177,8079,8178,8164,8125,17.888253450393677,sil,False
67,8158,8179,8146,8179,8145,8111,8140,8130,8098,8162,8084,8147,8152,8098,17.896470308303833,sil,False
67,8158,8179,8146,8179,8145,8111,8140,8130,8098,8162,8084,8147,8152,8098,17.896872758865356,sil,False
68,8156,8172,8130,8167,8134,8104,8134,8127,8065,8144,8064,8152,8155,8097,17.90451717376709,sil,False
69,8151,8163,8125,8157,8129,8103,8143,8136,8098,8148,8002,8171,8162,8099,17.912517309188843,sil,False
70,8159,8159,8131,8164,8144,8102,8168,8142,8038,8167,7989,8152,8165,8113,17.920772790908813,sil,False
71,8180,8197,8161,8181,8120,8095,8154,8153,8172,8146,7995,8183,8174,8137,17.92878031730652,sil,False
72,8160,8163,8153,8158,8114,8093,8157,8147,8111,8163,7987,8160,8167,8131,17.936298370361328,sil,False
73,8174,8167,8163,8162,8126,8097,8152,8144,8114,8176,7983,8169,8168,8142,17.94433283805847,sil,False
74,8199,8198,8195,8191,8134,8089,8140,8154,8226,8184,8019,8196,8178,8164,17.95134162902832,sil,False
75,8201,8177,8191,8194,8152,8092,8154,8150,8139,8206,8041,8164,8168,8166,17.95947575569153,sil,False
76,8193,8188,8184,8178,8127,8097,8138,8142,8179,8163,7994,8183,8159,8147,17.96750521659851,sil,False
77,8177,8170,8179,8155,8125,8095,8143,8135,8117,8169,7994,8165,8156,8135,17.975621700286865,sil,False
78,8203,8181,8202,8178,8145,8106,8154,8143,8134,8203,8019,8173,8164,8154,17.98355197906494,sil,False
79,8191,8187,8199,8190,8143,8106,8137,8144,8213,8178,8001,8184,8167,8133,17.991225719451904,sil,False
80,8161,8149,8158,8161,8167,8103,8142,8123,8055,8170,7998,8131,8153,8095,17.999226331710815,sil,False
81,8167,8177,8167,8157,8164,8116,8142,8125,8114,8151,7998,8158,8155,8091,18.0062837600708,sil,False
82,8150,8169,8159,8155,8152,8124,8161,8142,8122,8158,8004,8156,8161,8091,18.01447582244873,sil,False
83,8160,8160,8143,8149,8144,8116,8176,8158,8099,8177,7999,8143,8161,8105,18.022305250167847,sil,False
84,8151,8169,8150,8136,8128,8097,8159,8156,8171,8163,7985,8161,8158,8103,18.030311822891235,sil,False
85,8138,8142,8148,8139,8145,8097,8167,8145,8073,8179,8004,8140,8154,8110,18.03847551345825,sil,False
86,8170,8168,8165,8166,8150,8109,8173,8158,8166,8172,8007,8177,8172,8140,18.04677653312683,sil,False
87,8152,8162,8154,8154,8153,8097,8172,8159,8167,8170,8010,8169,8172,8130,18.054792165756226,sil,False
88,8156,8160,8151,8157,8157,8089,8161,8149,8113,8191,8015,8152,8158,8132,18.062732934951782,sil,False
89,8180,8184,8176,8175,8144,8095,8141,8149,8205,8179,8013,8183,8165,8144,18.070732593536377,sil,False
90,8177,8158,8169,8167,8163,8102,8163,8152,8115,8187,8040,8155,8169,8136,18.07773280143737,sil,False
91,8196,8181,8175,8180,8168,8107,8165,8165,8189,8179,8032,8173,8167,8137,18.08473396301269,sil,False
91,8196,8181,8175,8180,8168,8107,8165,8165,8189,8179,8032,8173,8167,8137,18.085732460021973,sil,False
92,8173,8175,8170,8169,8175,8116,8158,8161,8197,8183,8020,8164,8160,8126,18.09351086616516,sil,False
93,8159,8158,8155,8153,8193,8126,8172,8158,8117,8202,8023,8133,8154,8111,18.1017746925354,sil,False
93,8159,8158,8155,8153,8193,8126,8172,8158,8117,8202,8023,8133,8154,8111,18.1018705368042,sil,False
94,8158,8173,8143,8152,8171,8119,8169,8164,8206,8170,8000,8157,8152,8088,18.10887718200684,sil,False
94,8158,8173,8143,8152,8171,8119,8169,8164,8206,8170,8000,8157,8152,8088,18.10987639427185,sil,False
95,8130,8140,8118,8140,8167,8121,8171,8154,8090,8158,8007,8137,8154,8079,18.11688542366028,sil,False
95,8130,8140,8118,8140,8167,8121,8171,8154,8090,8158,8007,8137,8154,8079,18.117894887924194,sil,False
96,8148,8162,8144,8156,8164,8124,8157,8159,8128,8156,8022,8162,8168,8117,18.124111652374268,sil,False
97,8158,8170,8155,8159,8159,8110,8155,8160,8178,8166,8031,8162,8165,8125,18.13264751434326,sil,False
98,8149,8147,8133,8148,8163,8116,8171,8147,8096,8174,8035,8132,8158,8120,18.140235662460327,sil,False
99,8137,8159,8138,8144,8144,8126,8151,8152,8189,8146,8016,8169,8167,8126,18.148191928863525,sil,False
100,8137,8141,8139,8141,8164,8118,8159,8159,8124,8181,8033,8157,8165,8134,18.156189680099487,sil,False
101,8176,8169,8161,8162,8171,8111,8166,8164,8170,8198,8043,8173,8171,8155,18.164475440979004,sil,False
102,8154,8173,8158,8160,8157,8104,8160,8165,8220,8173,8036,8178,8179,8139,18.17270517349243,sil,False
103,8136,8142,8131,8145,8168,8101,8170,8164,8104,8180,8033,8140,8162,8123,18.18070101737976,sil,False
104,8156,8168,8146,8151,8160,8105,8169,8160,8184,8166,8017,8163,8152,8126,18.18774390220642,sil,False
104,8156,8168,8146,8151,8160,8105,8169,8160,8184,8166,8017,8163,8152,8126,18.18874335289001,sil,False
105,8143,8157,8153,8150,8175,8117,8175,8148,8136,8173,8040,8149,8159,8114,18.19575881958008,sil,False
106,8156,8163,8158,8161,8189,8123,8165,8162,8164,8181,8042,8163,8169,8114,18.20348262786865,sil,False
107,8147,8161,8146,8153,8183,8112,8164,8170,8209,8170,8023,8166,8162,8100,18.21149086952209,sil,False
108,8133,8145,8135,8151,8200,8121,8193,8159,8108,8189,8051,8138,8161,8107,18.219475030899048,sil,False
109,8157,8184,8157,8177,8193,8133,8190,8171,8241,8199,8055,8185,8176,8133,18.22749781608581,sil,False
110,8144,8158,8132,8162,8195,8130,8187,8166,8194,8208,8044,8161,8166,8125,18.235029697418213,sil,False
111,8130,8152,8115,8155,8200,8134,8170,8157,8149,8189,8049,8151,8160,8120,18.24344801902771,sil,False
112,8125,8170,8123,8166,8192,8126,8159,8167,8231,8185,8056,8174,8167,8120,18.25143814086914,sil,False
113,8138,8145,8114,8158,8208,8122,8189,8169,8149,8218,8059,8144,8157,8128,18.259474754333496,sil,False
114,8148,8165,8125,8161,8203,8136,8181,8167,8228,8192,8052,8169,8158,8131,18.26783299446106,sil,False
115,8117,8155,8121,8160,8205,8142,8175,8166,8196,8195,8069,8154,8164,8115,18.274493932724,sil,False
116,8150,8163,8134,8171,8209,8147,8191,8177,8191,8226,8076,8153,8166,8130,18.28249335289001,sil,False
117,8168,8182,8155,8175,8200,8152,8188,8181,8290,8216,8071,8183,8164,8131,18.29047536849976,sil,False
118,8130,8143,8136,8160,8211,8149,8187,8167,8156,8207,8074,8142,8154,8106,18.29885482788086,sil,False
119,8125,8151,8140,8156,8192,8146,8171,8163,8179,8169,8039,8151,8157,8095,18.306469917297363,sil,False
120,8128,8149,8152,8151,8197,8158,8185,8165,8165,8176,8043,8148,8165,8092,18.31448268890381,sil,False
121,8155,8164,8166,8176,8218,8162,8200,8176,8162,8207,8068,8151,8165,8112,18.32249689102173,sil,False
122,8152,8175,8155,8177,8197,8135,8172,8174,8244,8180,8046,8171,8163,8105,18.32984972000122,sil,False
123,8130,8137,8132,8154,8202,8136,8176,8160,8120,8186,8056,8135,8163,8093,18.3384747505188,sil,False
124,8160,8170,8158,8174,8193,8153,8185,8178,8211,8197,8060,8166,8170,8116,18.34547591209412,sil,False
125,8150,8165,8149,8168,8186,8138,8185,8177,8219,8197,8062,8163,8162,8104,18.353171825408936,sil,False
126,8135,8138,8128,8153,8202,8127,8182,8160,8128,8197,8067,8140,8152,8087,18.36116504669189,sil,False
127,8142,8161,8140,8160,8188,8133,8171,8166,8223,8179,8041,8169,8158,8088,18.3694760799408,sil,False
240,8138,8149,8135,8154,8189,8146,8192,8167,8132,8189,8042,8146,8158,8094,18.37743854522705,sil,False
0,8153,8167,8153,8163,8181,8145,8187,8174,8183,8188,8053,8172,8167,8114,18.3854763507843,sil,False
1,8149,8164,8152,8162,8168,8126,8177,8175,8214,8197,8059,8169,8174,8109,18.39321732521057,sil,False
2,8157,8159,8138,8160,8167,8124,8190,8167,8131,8209,8064,8144,8167,8115,18.401188611984253,sil,False
3,8163,8183,8154,8166,8148,8128,8182,8170,8223,8179,8050,8183,8164,8121,18.4084746837616,sil,False
4,8146,8147,8145,8153,8154,8121,8184,8168,8135,8187,8058,8158,8162,8108,18.41619992256165,sil,False
4,8146,8147,8145,8153,8154,8121,8184,8168,8135,8187,8058,8158,8162,8108,18.417232990264893,sil,False
5,8161,8157,8142,8155,8148,8111,8170,8163,8147,8182,8052,8162,8166,8111,18.424424409866333,sil,False
6,8139,8163,8133,8153,8133,8105,8156,8157,8169,8168,8038,8160,8160,8101,18.432432889938354,sil,False
7,8128,8141,8116,8151,8140,8117,8167,8157,8083,8182,8040,8133,8151,8098,18.440476417541504,sil,False
8,8137,8163,8126,8157,8127,8123,8157,8164,8186,8167,8033,8168,8160,8093,18.448474884033203,sil,False
9,8120,8146,8123,8136,8139,8117,8168,8159,8117,8183,8040,8146,8157,8077,18.456496238708496,sil,False
10,8140,8159,8134,8140,8147,8128,8170,8163,8130,8186,8025,8153,8155,8095,18.464494466781616,sil,False
11,8139,8164,8145,8152,8136,8135,8162,8168,8184,8173,8021,8170,8162,8101,18.47147536277771,sil,False
12,8148,8153,8153,8156,8152,8125,8173,8163,8093,8189,8052,8153,8168,8105,18.47947120666504,sil,False
13,8169,8183,8176,8158,8143,8121,8163,8164,8188,8167,8053,8184,8171,8114,18.48710513114929,sil,False
13,8169,8183,8176,8158,8143,8121,8163,8164,8188,8167,8053,8184,8171,8114,18.4881055355072,sil,False
14,8140,8154,8157,8150,8144,8136,8175,8158,8121,8176,8056,8151,8158,8103,18.495476484298703,sil,False
15,8156,8163,8165,8166,8145,8145,8185,8157,8118,8182,8047,8149,8156,8110,18.50347590446472,sil,False
16,8157,8181,8188,8161,8131,8125,8157,8150,8184,8153,8034,8175,8162,8103,18.51167035102844,sil,False
17,8138,8146,8162,8152,8144,8121,8148,8142,8075,8165,8054,8148,8155,8099,18.519675731658936,sil,False
18,8155,8161,8144,8166,8137,8135,8145,8155,8167,8159,8042,8169,8155,8114,18.52771234512329,sil,False
19,8135,8149,8124,8147,8138,8138,8156,8156,8124,8158,8038,8145,8151,8096,18.534789085388184,sil,False
20,8135,8155,8123,8144,8130,8137,8154,8155,8085,8159,8036,8143,8153,8090,18.542469263076782,sil,False
21,8140,8164,8124,8152,8114,8135,8147,8156,8156,8146,8027,8165,8159,8091,18.55048131942749,sil,False
22,8140,8142,8115,8151,8144,8157,8169,8155,8069,8172,8045,8134,8154,8096,18.558481693267822,sil,False
23,8161,8178,8142,8173,8153,8186,8160,8164,8175,8172,8043,8167,8161,8107,18.56647562980652,sil,False
24,8147,8161,8137,8168,8159,8188,8162,8157,8163,8174,8057,8164,8167,8100,18.57447576522827,sil,False
25,8160,8154,8138,8170,8171,8198,8175,8168,8149,8192,8078,8160,8169,8117,18.58207893371582,sil,False
26,8166,8184,8158,8178,8162,8211,8167,8184,8265,8185,8065,8183,8169,8121,18.590030670166016,sil,False
27,8155,8163,8157,8170,8172,8212,8172,8164,8143,8194,8066,8150,8160,8110,18.59852266311645,sil,False
28,8176,8178,8178,8181,8168,8212,8162,8160,8185,8176,8055,8180,8163,8116,18.60554361343384,sil,False
29,8161,8159,8169,8171,8172,8220,8165,8157,8177,8165,8049,8170,8162,8105,18.6135151386261,sil,False
30,8155,8151,8145,8170,8178,8234,8173,8155,8127,8181,8050,8143,8155,8107,18.62132048606873,goodbye,True
31,8148,8175,8143,8175,8160,8239,8163,8166,8231,8178,8033,8168,8156,8100,18.62923812866211,goodbye,True
32,8128,8143,8121,8153,8172,8243,8173,8159,8129,8183,8033,8142,8158,8083,18.63774847984314,goodbye,True
33,8152,8164,8121,8154,8167,8242,8164,8157,8170,8163,8028,8164,8161,8093,18.645750999450684,goodbye,True
33,8152,8164,8121,8154,8167,8242,8164,8157,8170,8163,8028,8164,8161,8093,18.645882844924927,goodbye,True
34,8149,8165,8115,8149,8155,8234,8159,8155,8169,8163,8034,8160,8155,8088,18.652888536453247,goodbye,True
34,8149,8165,8115,8149,8155,8234,8159,8155,8169,8163,8034,8160,8155,8088,18.65378761291504,goodbye,True
35,8143,8149,8110,8148,8167,8233,8163,8142,8078,8173,8045,8143,8156,8086,18.661120176315308,goodbye,True
36,8155,8171,8132,8160,8159,8224,8146,8148,8183,8153,8035,8183,8167,8088,18.66811990737915,goodbye,True
37,8151,8154,8130,8147,8172,8223,8165,8160,8129,8181,8055,8161,8161,8093,18.676121950149536,goodbye,True
38,8159,8176,8145,8156,8164,8235,8167,8160,8189,8187,8056,8175,8162,8112,18.68411993980408,goodbye,True
39,8150,8173,8157,8167,8152,8232,8151,8151,8215,8190,8050,8175,8167,8109,18.69212031364441,goodbye,True
40,8159,8149,8161,8160,8174,8227,8160,8151,8131,8210,8066,8155,8163,8119,18.700119733810425,goodbye,True
41,8152,8170,8176,8151,8166,8226,8152,8157,8230,8168,8060,8189,8165,8118,18.70812106132508,goodbye,True
42,8119,8148,8152,8149,8171,8220,8155,8151,8140,8160,8064,8162,8160,8091,18.716153144836422,goodbye,True
43,8145,8158,8135,8163,8172,8217,8152,8154,8144,8161,8052,8168,8155,8097,18.72437286376953,goodbye,True
44,8151,8163,8130,8150,8168,8225,8159,8153,8195,8159,8048,8174,8160,8099,18.731372117996216,goodbye,True
45,8146,8155,8135,8149,8188,8240,8183,8152,8132,8199,8068,8154,8167,8102,18.73947501182556,goodbye,True
46,8154,8176,8161,8158,8176,8239,8162,8157,8231,8180,8051,8188,8164,8106,18.74743890762329,goodbye,True
47,8137,8143,8149,8142,8174,8235,8157,8152,8148,8159,8057,8160,8154,8102,18.755475997924805,goodbye,True
48,8158,8156,8149,8161,8166,8241,8165,8168,8174,8166,8067,8166,8164,8117,18.763447999954224,goodbye,True
48,8158,8156,8149,8161,8166,8241,8165,8168,8174,8166,8067,8166,8164,8117,18.764185667037964,goodbye,True
49,8160,8169,8150,8163,8152,8234,8164,8168,8245,8172,8052,8181,8166,8107,18.77136945724488,goodbye,True
50,8142,8136,8136,8139,8170,8233,8167,8138,8105,8180,8051,8143,8153,8100,18.779476642608643,goodbye,True
51,8131,8154,8150,8143,8153,8233,8135,8134,8169,8147,8045,8171,8159,8098,18.78777647018433,goodbye,True
52,8105,8137,8129,8141,8155,8229,8132,8137,8104,8143,8041,8151,8152,8071,18.79578924179077,goodbye,True
53,8126,8141,8127,8136,8172,8240,8149,8139,8069,8156,8025,8142,8147,8075,18.80278968811035,goodbye,True
54,8128,8157,8159,8134,8163,8249,8151,8149,8176,8161,8030,8168,8161,8084,18.81047487258911,goodbye,True
55,8119,8139,8155,8136,8164,8257,8162,8151,8118,8180,8061,8146,8161,8080,18.81884169578552,goodbye,True
56,8127,8158,8143,8145,8145,8250,8138,8144,8177,8154,8039,8171,8158,8077,18.825854539871216,goodbye,True
56,8127,8158,8143,8145,8145,8250,8138,8144,8177,8154,8039,8171,8158,8077,18.82684898376465,goodbye,True
57,8103,8135,8127,8132,8153,8238,8132,8133,8110,8156,8031,8151,8156,8061,18.83446907997132,goodbye,True
58,8130,8148,8149,8145,8174,8248,8145,8133,8085,8173,8044,8146,8158,8074,18.842475652694706,goodbye,True
59,8147,8176,8178,8161,8166,8249,8143,8140,8190,8161,8048,8178,8168,8088,18.85047507286072,goodbye,True
60,8132,8143,8172,8155,8176,8243,8159,8146,8112,8177,8075,8151,8171,8096,18.858474731445312,goodbye,True
61,8150,8165,8186,8158,8166,8244,8156,8163,8215,8178,8070,8173,8168,8116,18.86549687385559,goodbye,True
62,8131,8154,8175,8139,8162,8250,8161,8159,8205,8191,8060,8161,8159,8101,18.873494386672974,goodbye,True
63,8128,8140,8169,8140,8172,8257,8166,8150,8136,8192,8058,8151,8163,8088,18.88147664070129,goodbye,True
64,8140,8167,8195,8152,8167,8246,8143,8152,8220,8159,8046,8178,8162,8079,18.88947606086731,goodbye,True
65,8133,8157,8197,8153,8183,8233,8146,8146,8128,8181,8065,8147,8150,8077,18.89750576019287,goodbye,True
66,8157,8181,8203,8181,8181,8234,8152,8160,8213,8190,8074,8175,8164,8095,18.905781984329224,goodbye,True
67,8148,8165,8193,8171,8181,8246,8165,8161,8212,8173,8070,8168,8165,8081,18.913200616836548,goodbye,True
68,8131,8144,8193,8150,8186,8251,8159,8141,8093,8161,8058,8144,8146,8055,18.92111849784851,goodbye,True
69,8133,8171,8207,8159,8161,8231,8126,8133,8161,8150,8044,8178,8152,8046,18.92847514152527,goodbye,True
70,8145,8158,8200,8158,8180,8221,8144,8138,8097,8185,8073,8157,8167,8076,18.93647527694702,goodbye,True
71,8179,8177,8224,8167,8189,8234,8153,8164,8209,8191,8082,8182,8174,8123,18.94413614273072,goodbye,True
72,8154,8162,8212,8154,8177,8235,8147,8165,8246,8185,8064,8178,8161,8109,18.95230007171631,goodbye,True
73,8135,8143,8187,8154,8190,8235,8156,8148,8127,8193,8064,8148,8157,8093,18.960230350494385,goodbye,True
74,8154,8182,8215,8181,8188,8232,8149,8159,8241,8171,8065,8182,8171,8099,18.96847558021545,goodbye,True
75,8152,8152,8214,8163,8191,8224,8163,8162,8185,8190,8074,8157,8163,8096,18.976475715637207,goodbye,True
76,8150,8150,8207,8149,8178,8226,8153,8153,8171,8186,8058,8162,8153,8095,18.98447608947754,goodbye,True
77,8135,8160,8199,8162,8169,8225,8133,8142,8179,8160,8053,8165,8158,8074,18.99154019355774,goodbye,True
78,8151,8148,8195,8164,8190,8226,8144,8142,8105,8177,8071,8148,8159,8078,18.99944877624512,goodbye,True
79,8156,8162,8202,8147,8183,8238,8130,8146,8194,8154,8051,8180,8157,8085,19.007438898086548,goodbye,True
80,8128,8137,8179,8136,8190,8250,8139,8134,8095,8141,8051,8147,8153,8061,19.01547646522522,goodbye,True
81,8149,8151,8180,8152,8189,8245,8147,8137,8092,8134,8048,8151,8157,8060,19.023247480392456,goodbye,True
82,8125,8153,8187,8135,8173,8223,8132,8140,8130,8121,8034,8164,8156,8044,19.031211137771606,goodbye,True
83,8111,8137,8189,8133,8183,8226,8134,8133,8030,8145,8041,8139,8146,8035,19.03947806358337,goodbye,True
84,8150,8170,8208,8163,8173,8234,8131,8142,8142,8134,8035,8172,8150,8053,19.04743814468384,goodbye,True
85,8139,8147,8196,8151,8172,8225,8145,8146,8089,8127,8045,8152,8157,8047,19.0553879737854,goodbye,True
86,8143,8159,8195,8149,8166,8224,8151,8156,8089,8128,8047,8156,8167,8057,19.06238913536072,goodbye,True
87,8144,8176,8197,8150,8160,8224,8144,8165,8184,8145,8058,8178,8175,8074,19.070475339889526,goodbye,True
88,8127,8140,8181,8145,8173,8233,8156,8159,8089,8179,8075,8141,8164,8085,19.078469038009644,goodbye,True
89,8132,8160,8185,8153,8142,8238,8151,8160,8162,8149,8045,8160,8157,8086,19.086475372314453,goodbye,True
90,8115,8144,8161,8132,8132,8220,8153,8154,8116,8143,8066,8152,8156,8082,19.094463348388672,goodbye,True
91,8128,8141,8160,8132,8137,8203,8142,8157,8099,8160,8106,8156,8163,8103,19.102454900741577,goodbye,True
92,8151,8161,8182,8154,8118,8204,8137,8167,8184,8153,8088,8174,8163,8096,19.11045932769776,goodbye,True
93,8156,8142,8172,8151,8131,8223,8168,8158,8074,8157,8090,8140,8152,8077,19.118475437164307,goodbye,True
94,8150,8161,8168,8145,8133,8230,8152,8155,8142,8121,8097,8164,8151,8067,19.125475883483887,goodbye,True
95,8121,8140,8146,8129,8127,8220,8132,8145,8095,8108,8094,8149,8148,8041,19.1334764957428,goodbye,True
96,8144,8136,8150,8138,8127,8232,8139,8144,8048,8140,8105,8149,8157,8052,19.14150023460388,goodbye,True
97,8162,8166,8179,8151,8126,8244,8142,8157,8187,8150,8122,8187,8172,8072,19.15047526359558,goodbye,True
98,8149,8148,8163,8147,8143,8234,8152,8151,8104,8152,8124,8145,8160,8070,19.15743970870972,goodbye,True
99,8147,8161,8158,8147,8125,8225,8128,8148,8128,8128,8100,8154,8155,8066,19.1654748916626,goodbye,True
100,8117,8139,8145,8122,8109,8223,8124,8150,8102,8144,8112,8152,8157,8049,19.17350745201111,goodbye,True
101,8129,8137,8147,8132,8109,8223,8143,8165,8067,8162,8123,8142,8158,8057,19.18094110488892,goodbye,True
102,8153,8165,8164,8155,8094,8213,8136,8162,8162,8119,8078,8158,8158,8055,19.1897976398468,goodbye,True
103,8131,8123,8146,8129,8115,8215,8147,8140,8035,8121,8070,8122,8146,8038,19.19679856300354,goodbye,True
104,8138,8141,8153,8128,8113,8226,8147,8160,8105,8126,8087,8160,8154,8064,19.20447564125061,goodbye,True
105,8149,8157,8165,8147,8100,8229,8154,8182,8170,8130,8097,8166,8167,8083,19.212475538253784,goodbye,True
106,8178,8153,8186,8155,8128,8233,8171,8175,8115,8160,8106,8143,8170,8096,19.22082257270813,goodbye,True
107,8186,8173,8212,8152,8132,8231,8162,8175,8226,8164,8105,8183,8173,8105,19.22882318496704,sil,False
108,8158,8147,8188,8145,8137,8236,8178,8178,8153,8174,8113,8159,8163,8098,19.235827445983887,sil,False
109,8181,8171,8195,8169,8144,8243,8182,8186,8187,8163,8096,8169,8161,8100,19.24447512626648,sil,False
110,8175,8184,8218,8172,8149,8229,8164,8179,8214,8158,8095,8173,8161,8084,19.252475023269653,sil,False
111,8159,8163,8205,8159,8146,8213,8150,8162,8113,8160,8098,8141,8151,8064,19.25963544845581,sil,False
112,8161,8168,8183,8147,8116,8205,8134,8157,8163,8117,8051,8155,8149,8037,19.26764416694641,sil,False
113,8133,8130,8160,8120,8133,8203,8154,8153,8054,8126,8051,8124,8148,8024,19.275644302368164,sil,False
114,8139,8151,8180,8133,8140,8204,8163,8167,8106,8149,8076,8149,8157,8064,19.28347945213318,sil,False
115,8145,8162,8183,8146,8129,8195,8166,8186,8193,8153,8080,8171,8161,8082,19.29150629043579,sil,False
116,8151,8139,8160,8144,8157,8194,8183,8183,8093,8167,8086,8137,8155,8084,19.299830198287964,sil,False
117,8151,8166,8171,8153,8152,8201,8161,8179,8193,8149,8077,8169,8157,8089,19.307786226272583,sil,False
118,8136,8149,8171,8143,8150,8204,8162,8178,8158,8162,8088,8157,8156,8085,19.315480947494507,sil,False
119,8170,8159,8189,8151,8151,8203,8170,8187,8167,8166,8084,8156,8163,8106,19.32347679138184,sil,False
120,8163,8166,8206,8152,8137,8185,8155,8177,8211,8146,8067,8160,8163,8099,19.330504894256592,sil,False
121,8144,8144,8202,8145,8148,8185,8156,8157,8088,8149,8068,8133,8144,8070,19.33803415298462,sil,False
122,8156,8168,8209,8152,8142,8203,8148,8158,8160,8128,8053,8164,8142,8054,19.346033573150635,sil,False
123,8146,8153,8200,8153,8160,8207,8164,8161,8126,8154,8074,8149,8154,8048,19.354480266571045,sil,False
124,8176,8168,8222,8178,8180,8199,8168,8170,8147,8176,8103,8162,8167,8073,19.362479209899902,sil,False
125,8169,8182,8231,8174,8159,8183,8148,8167,8208,8142,8087,8178,8160,8061,19.3704776763916,sil,False
126,8137,8148,8196,8153,8151,8184,8163,8156,8066,8147,8074,8127,8148,8037,19.37852454185486,sil,False
127,8153,8170,8196,8165,8145,8193,8167,8168,8154,8140,8059,8154,8157,8051,19.38552498817444,sil,False
240,8134,8159,8189,8144,8160,8192,8171,8171,8137,8135,8070,8145,8158,8057,19.39348006248474,sil,False
240,8134,8159,8189,8144,8160,8192,8171,8171,8137,8135,8070,8145,8158,8057,19.39401769638061,sil,False
0,8125,8153,8184,8136,8166,8191,8176,8174,8104,8143,8067,8131,8156,8061,19.401477575302124,sil,False
1,8139,8166,8198,8154,8145,8183,8174,8187,8199,8134,8043,8158,8160,8059,19.40954828262329,sil,False
2,8146,8151,8205,8157,8166,8178,8190,8184,8116,8159,8074,8145,8159,8066,19.417556524276733,sil,False
3,8170,8189,8233,8173,8176,8183,8184,8187,8225,8171,8092,8176,8171,8091,19.42522954940796,sil,False
4,8169,8179,8227,8172,8183,8187,8191,8182,8228,8171,8087,8163,8170,8093,19.433236360549927,sil,False
5,8180,8164,8219,8174,8192,8191,8202,8182,8169,8160,8082,8155,8162,8103,19.44147539138794,sil,False
6,8185,8183,8226,8181,8177,8184,8190,8187,8274,8154,8081,8190,8168,8115,19.448475122451782,sil,False
7,8164,8156,8196,8169,8182,8182,8203,8177,8174,8189,8105,8155,8166,8113,19.456475973129272,sil,False
8,8173,8178,8200,8176,8174,8192,8200,8185,8220,8172,8102,8173,8164,8114,19.464591026306152,sil,False
9,8185,8181,8225,8182,8193,8194,8203,8197,8260,8179,8110,8181,8165,8105,19.47255635261536,sil,False
10,8204,8168,8237,8192,8221,8192,8200,8190,8225,8221,8126,8167,8164,8107,19.48060917854309,sil,False
11,8193,8184,8227,8188,8189,8185,8166,8174,8279,8186,8093,8176,8160,8083,19.488598585128784,sil,False
12,8168,8154,8191,8151,8188,8193,8173,8152,8120,8154,8078,8129,8147,8050,19.4964759349823,sil,False
13,8183,8166,8191,8150,8187,8201,8178,8155,8138,8127,8065,8148,8149,8056,19.504476070404053,sil,False
14,8150,8158,8177,8148,8163,8188,8175,8165,8161,8121,8056,8152,8155,8051,19.51247549057007,sil,False
15,8134,8136,8162,8135,8163,8185,8180,8172,8082,8152,8067,8130,8158,8060,19.519571781158447,sil,False
16,8158,8167,8193,8138,8160,8196,8170,8186,8216,8162,8071,8170,8168,8077,19.52756810188293,sil,False
17,8168,8160,8201,8149,8189,8202,8182,8184,8182,8183,8089,8149,8164,8081,19.5355863571167,sil,False
18,8186,8174,8203,8168,8192,8202,8171,8170,8202,8165,8076,8159,8161,8096,19.543476104736328,sil,False
19,8167,8164,8193,8152,8166,8194,8153,8149,8189,8138,8056,8171,8157,8076,19.55115556716919,sil,False
20,8179,8152,8197,8149,8176,8192,8170,8150,8078,8146,8067,8153,8152,8070,19.55947518348694,sil,False
21,8218,8195,8235,8178,8182,8194,8170,8180,8225,8136,8075,8190,8167,8091,19.567718029022217,sil,False
22,8201,8168,8226,8180,8200,8209,8181,8184,8208,8167,8111,8169,8174,8097,19.575428247451782,sil,False
23,8207,8174,8224,8190,8205,8223,8181,8185,8230,8192,8130,8174,8175,8113,19.58342266082764,sil,False
24,8212,8192,8230,8196,8202,8217,8172,8195,8305,8193,8124,8181,8174,8108,19.59043598175049,sil,False
25,8206,8170,8211,8184,8219,8215,8187,8192,8201,8200,8123,8147,8163,8095,19.59845972061157,sil,False
26,8189,8177,8190,8170,8200,8211,8169,8171,8234,8156,8094,8164,8156,8081,19.60647463798523,sil,False
27,8144,8145,8158,8144,8193,8199,8161,8148,8124,8142,8082,8132,8146,8052,19.61445021629333,sil,False
28,8157,8153,8164,8150,8194,8198,8159,8149,8097,8135,8068,8141,8143,8054,19.6224582195282,sil,False
29,8157,8166,8164,8149,8177,8190,8149,8153,8159,8104,8050,8162,8149,8055,19.63064980506897,sil,False
30,8149,8144,8145,8137,8183,8184,8161,8153,8059,8122,8064,8125,8151,8059,19.638659954071045,sil,False
31,8176,8175,8163,8152,8170,8185,8147,8161,8155,8121,8062,8157,8161,8074,19.64666986465454,sil,False
32,8170,8157,8157,8147,8170,8178,8140,8154,8108,8117,8076,8152,8165,8069,19.653668642044067,sil,False
33,8183,8147,8162,8151,8185,8174,8149,8163,8090,8133,8101,8157,8169,8084,19.66147518157959,sil,False
34,8182,8161,8182,8158,8185,8171,8146,8178,8212,8152,8107,8184,8170,8092,19.669475317001343,sil,False
35,8174,8143,8177,8161,8202,8182,8165,8174,8143,8192,8126,8153,8165,8098,19.677438974380493,sil,False
36,8201,8173,8193,8181,8195,8193,8164,8182,8250,8182,8133,8181,8172,8119,19.685688018798828,sil,False
37,8180,8158,8182,8170,8194,8185,8160,8182,8228,8178,8139,8168,8166,8102,19.693683385849,sil,False
38,8178,8157,8167,8168,8201,8183,8165,8172,8152,8180,8125,8148,8156,8079,19.70178985595703,sil,False
39,8182,8178,8173,8169,8184,8178,8157,8163,8213,8140,8093,8165,8157,8056,19.709629774093628,sil,False
40,8157,8135,8153,8146,8190,8176,8159,8149,8071,8127,8090,8124,8148,8038,19.716630935668945,sil,False
41,8160,8151,8149,8151,8182,8184,8157,8155,8111,8109,8072,8145,8146,8041,19.72463750839233,sil,False
42,8146,8152,8144,8150,8185,8187,8177,8169,8140,8130,8076,8149,8152,8035,19.731635093688965,sil,False
43,8157,8146,8147,8148,8191,8186,8187,8176,8113,8167,8103,8140,8164,8054,19.74014115333557,sil,False
44,8169,8163,8159,8141,8161,8177,8161,8171,8201,8133,8097,8169,8168,8069,19.748141527175903,sil,False
45,8153,8139,8156,8136,8176,8177,8175,8163,8104,8130,8107,8140,8161,8067,19.75614118576049,sil,False
46,8184,8168,8181,8166,8178,8175,8175,8178,8178,8150,8098,8157,8163,8082,19.764142513275143,sil,False
47,8198,8171,8184,8162,8161,8164,8160,8172,8199,8158,8092,8159,8161,8089,19.772143840789795,sil,False
48,8197,8157,8184,8150,8181,8173,8160,8163,8125,8157,8118,8148,8163,8101,19.780141353607178,sil,False
49,8203,8178,8208,8169,8170,8180,8155,8180,8247,8147,8116,8184,8168,8099,19.78714108467102,sil,False
50,8206,8153,8192,8163,8154,8173,8174,8174,8169,8178,8113,8147,8155,8083,19.79547643661499,sil,False
51,8220,8169,8189,8157,8144,8173,8169,8162,8183,8166,8105,8154,8158,8093,19.803476095199585,sil,False
52,8187,8171,8194,8147,8148,8174,8171,8165,8209,8146,8113,8167,8169,8085,19.81150531768799,sil,False
53,8175,8150,8185,8147,8154,8171,8195,8178,8145,8177,8134,8147,8163,8083,19.81951594352722,sil,False
54,8196,8174,8178,8159,8132,8165,8181,8190,8263,8177,8116,8169,8163,8088,19.82743263244629,sil,False
55,8184,8148,8147,8146,8150,8163,8190,8176,8170,8189,8113,8140,8158,8085,19.83547592163086,sil,False
56,8184,8153,8149,8141,8147,8166,8185,8172,8163,8177,8108,8154,8155,8098,19.84347581863404,sil,False
57,8165,8162,8164,8137,8120,8166,8160,8176,8219,8152,8105,8166,8156,8095,19.850475311279297,sil,False
58,8160,8144,8143,8137,8130,8164,8158,8165,8106,8164,8101,8132,8146,8082,19.85880970954895,sil,False
59,8177,8167,8136,8136,8126,8157,8148,8162,8169,8151,8072,8161,8149,8074,19.86681032180786,sil,False
60,8167,8153,8158,8123,8136,8161,8164,8169,8128,8163,8102,8148,8156,8076,19.874818801879883,sil,False
61,8204,8171,8224,8153,8140,8176,8182,8186,8173,8173,8129,8159,8166,8101,19.882476806640625,sil,False
62,8214,8179,8249,8163,8131,8169,8179,8182,8246,8159,8115,8176,8168,8103,19.89047574996948,sil,False
63,8199,8152,8227,8147,8151,8162,8180,8171,8144,8175,8130,8151,8170,8119,19.898552179336548,sil,False
64,8215,8185,8242,8169,8146,8163,8162,8182,8258,8179,8137,8190,8177,8143,19.90594053268433,sil,False
65,8196,8169,8230,8168,8156,8159,8168,8172,8202,8181,8139,8167,8162,8115,19.9139404296875,sil,False
66,8192,8163,8215,8164,8169,8165,8167,8162,8136,8167,8131,8148,8157,8096,19.921475410461422,sil,False
67,8193,8178,8215,8161,8152,8164,8151,8166,8194,8148,8119,8159,8161,8084,19.9294753074646,sil,False
68,8182,8156,8200,8156,8157,8157,8163,8158,8097,8162,8121,8132,8152,8073,19.93715023994445,sil,False
69,8175,8174,8201,8164,8149,8153,8156,8160,8175,8138,8098,8161,8154,8076,19.94555115699768,sil,False
70,8147,8152,8180,8146,8147,8149,8157,8151,8122,8138,8085,8133,8146,8060,19.95347261428833,sil,False
71,8158,8148,8180,8144,8157,8152,8159,8146,8068,8150,8089,8117,8142,8062,19.961472511291504,sil,False
72,8156,8164,8198,8154,8145,8148,8148,8153,8173,8133,8094,8150,8161,8072,19.969475030899048,sil,False
73,8144,8136,8178,8145,8151,8151,8163,8153,8084,8150,8118,8133,8171,8091,19.976475477218628,sil,False
74,8167,8164,8188,8155,8147,8159,8165,8169,8159,8146,8116,8172,8172,8116,19.98447561264038,sil,False
75,8160,8161,8195,8158,8152,8160,8175,8180,8171,8161,8121,8168,8165,8103,19.99256944656372,sil,False
76,8175,8159,8204,8164,8168,8161,8179,8182,8151,8183,8147,8153,8164,8118,20.00057315826416,sil,False
77,8195,8187,8228,8179,8165,8157,8157,8183,8285,8169,8163,8193,8173,8146,20.008475303649902,sil,False
78,8193,8163,8218,8179,8181,8158,8173,8168,8186,8191,8175,8166,8162,8141,20.01654076576233,sil,False
79,8200,8178,8217,8174,8162,8156,8162,8154,8183,8165,8144,8166,8151,8128,20.02455043792725,sil,False
80,8171,8168,8212,8159,8150,8150,8148,8159,8164,8132,8127,8151,8152,8106,20.0315535068512,sil,False
81,8177,8161,8209,8165,8176,8163,8169,8172,8127,8160,8138,8139,8156,8105,20.04047536849976,sil,False
82,8174,8183,8202,8166,8166,8160,8158,8169,8221,8159,8120,8167,8159,8096,20.047439336776733,sil,False
83,8129,8145,8169,8137,8156,8144,8157,8153,8091,8156,8122,8130,8154,8081,20.05564045906067,sil,False
84,8148,8161,8189,8145,8151,8157,8166,8160,8142,8151,8127,8148,8159,8102,20.06363868713379,sil,False
85,8158,8169,8200,8155,8160,8167,8172,8168,8198,8163,8134,8165,8166,8112,20.07147574424744,sil,False
86,8148,8149,8174,8147,8171,8162,8168,8160,8091,8175,8142,8141,8163,8110,20.07947492599488,sil,False
87,8142,8165,8183,8139,8140,8160,8139,8153,8161,8138,8131,8164,8160,8103,20.087723970413208,sil,False
88,8131,8145,8184,8134,8145,8169,8149,8151,8090,8150,8141,8141,8152,8094,20.09547615051269,sil,False
89,8159,8166,8182,8150,8149,8177,8159,8161,8124,8153,8122,8153,8153,8103,20.103445291519165,sil,False
90,8146,8169,8174,8141,8140,8171,8153,8156,8160,8128,8106,8159,8153,8092,20.11050510406494,sil,False
91,8144,8145,8173,8139,8154,8174,8160,8156,8077,8147,8125,8139,8152,8095,20.118518829345703,sil,False
92,8160,8165,8189,8156,8145,8168,8148,8178,8194,8148,8114,8168,8160,8102,20.12594103813172,sil,False
92,8160,8165,8189,8156,8145,8168,8148,8178,8194,8148,8114,8168,8160,8102,20.12695002555847,sil,False
93,8132,8143,8180,8141,8158,8164,8170,8176,8138,8165,8123,8139,8160,8090,20.1335346698761,sil,False
94,8152,8166,8197,8154,8171,8176,8189,8185,8173,8176,8138,8154,8163,8108,20.142038822174072,sil,False
95,8155,8181,8197,8155,8166,8175,8177,8196,8246,8171,8138,8169,8164,8107,20.150038242340088,sil,False
96,8133,8142,8167,8135,8176,8168,8172,8177,8117,8180,8129,8127,8154,8097,20.15803575515747,sil,False
97,8134,8158,8176,8144,8158,8162,8160,8170,8183,8143,8092,8160,8154,8104,20.16608476638794,sil,False
98,8119,8144,8170,8139,8160,8159,8169,8171,8134,8138,8114,8148,8160,8103,20.17317485809326,sil,False
99,8135,8152,8173,8144,8170,8160,8166,8172,8137,8159,8145,8144,8168,8114,20.181533098220825,sil,False
100,8135,8168,8184,8146,8155,8151,8151,8156,8199,8153,8121,8160,8164,8105,20.189469814300537,sil,False
101,8125,8149,8172,8145,8167,8155,8162,8151,8075,8149,8111,8128,8148,8093,20.19711184501648,sil,False
102,8152,8178,8182,8165,8168,8163,8163,8181,8185,8141,8111,8161,8157,8106,20.20511150360108,sil,False
103,8159,8165,8183,8158,8180,8159,8183,8181,8196,8176,8132,8161,8170,8112,20.21347618103028,sil,False
104,8165,8168,8193,8160,8183,8157,8180,8171,8174,8188,8155,8163,8169,8128,20.221598863601685,sil,False
105,8152,8180,8197,8177,8165,8154,8156,8183,8252,8167,8158,8174,8163,8117,20.22959852218628,sil,False
106,8146,8151,8173,8181,8188,8167,8184,8187,8158,8193,8162,8134,8158,8097,20.237439155578613,sil,False
107,8170,8183,8197,8186,8192,8191,8193,8193,8254,8193,8156,8175,8174,8110,20.24447536468506,sil,False
108,8157,8181,8210,8186,8198,8204,8193,8202,8264,8201,8181,8178,8179,8122,20.252475261688232,sil,False
109,8175,8174,8202,8202,8215,8205,8194,8202,8220,8215,8186,8155,8169,8136,20.26044988632202,sil,False
110,8187,8190,8198,8201,8197,8192,8171,8181,8272,8188,8150,8168,8163,8123,20.267943143844604,sil,False
110,8187,8190,8198,8201,8197,8192,8171,8181,8272,8188,8150,8168,8163,8123,20.268956899642944,sil,False
111,8149,8159,8172,8172,8195,8186,8169,8155,8121,8176,8146,8134,8153,8096,20.27695727348328,sil,False
112,8146,8175,8172,8175,8187,8192,8166,8164,8183,8159,8135,8157,8157,8099,20.28495621681213,sil,False
113,8146,8162,8164,8163,8185,8190,8165,8166,8205,8171,8136,8158,8158,8100,20.29247093200684,sil,False
114,8141,8148,8154,8144,8183,8187,8150,8159,8122,8185,8142,8145,8158,8109,20.30047607421875,sil,False
115,8129,8169,8158,8142,8159,8182,8127,8163,8192,8150,8120,8164,8162,8100,20.30757784843445,sil,False
116,8123,8140,8145,8144,8169,8179,8150,8158,8099,8153,8129,8132,8155,8088,20.31511282920837,sil,False
117,8158,8163,8176,8178,8164,8185,8156,8163,8159,8156,8139,8165,8160,8112,20.323124408721924,sil,False
118,8160,8174,8195,8181,8163,8184,8158,8170,8184,8159,8144,8171,8161,8112,20.33147525787353,sil,False
119,8167,8165,8186,8171,8190,8186,8169,8166,8113,8172,8154,8144,8158,8110,20.340014696121216,sil,False
120,8169,8183,8191,8179,8186,8185,8162,8170,8229,8149,8144,8172,8170,8110,20.34743475914001,sil,False
121,8133,8154,8177,8171,8198,8185,8185,8176,8160,8172,8154,8146,8163,8092,20.355476140975952,sil,False
122,8145,8176,8183,8186,8212,8195,8200,8200,8223,8207,8161,8164,8159,8096,20.36387133598328,sil,False
123,8154,8183,8193,8193,8218,8193,8200,8209,8300,8218,8176,8178,8174,8112,20.37050986289978,sil,False
124,8165,8165,8198,8192,8227,8183,8201,8192,8221,8229,8199,8152,8178,8140,20.3785183429718,sil,False
125,8172,8188,8196,8193,8201,8168,8175,8183,8287,8206,8172,8170,8167,8136,20.38647675514221,sil,False
126,8134,8155,8152,8166,8197,8156,8176,8173,8160,8197,8147,8129,8151,8103,20.39447569847107,sil,False
127,8130,8155,8151,8156,8186,8163,8178,8172,8148,8169,8135,8130,8156,8109,20.402820348739624,sil,False
240,8119,8159,8154,8143,8163,8163,8169,8170,8199,8148,8131,8142,8163,8103,20.409815549850464,sil,False
240,8119,8159,8154,8143,8163,8163,8169,8170,8199,8148,8131,8142,8163,8103,20.41081404685974,sil,False
0,8122,8142,8133,8139,8185,8150,8171,8161,8098,8172,8133,8115,8159,8095,20.418318271636963,sil,False
1,8148,8177,8152,8161,8186,8139,8155,8171,8195,8156,8108,8151,8161,8108,20.426475524902344,sil,False
2,8144,8165,8161,8156,8182,8150,8173,8170,8139,8159,8113,8134,8155,8110,20.43402934074402,sil,False
3,8165,8167,8172,8157,8171,8156,8178,8164,8117,8149,8114,8139,8153,8115,20.44102907180786,sil,False
3,8165,8167,8172,8157,8171,8156,8178,8164,8117,8149,8114,8139,8153,8115,20.44202470779419,sil,False
4,8152,8163,8171,8154,8153,8128,8144,8150,8151,8117,8095,8151,8158,8096,20.44947552680969,sil,False
5,8121,8132,8151,8142,8167,8125,8143,8142,8034,8135,8107,8114,8157,8083,20.45750594139099,sil,False
6,8127,8160,8171,8149,8162,8141,8146,8157,8136,8132,8110,8148,8161,8090,20.465543270111084,sil,False
7,8118,8152,8176,8150,8170,8141,8163,8167,8130,8154,8127,8138,8163,8084,20.473763465881348,sil,False
8,8144,8170,8183,8182,8192,8145,8176,8181,8165,8192,8160,8151,8176,8111,20.481762647628784,sil,False
9,8159,8199,8199,8208,8206,8151,8175,8188,8286,8188,8177,8192,8187,8135,20.48947501182556,sil,False
10,8153,8176,8197,8201,8231,8159,8191,8181,8184,8198,8192,8157,8174,8138,20.49710273742676,sil,False
11,8159,8191,8204,8199,8210,8156,8185,8185,8261,8195,8173,8168,8165,8135,20.504476070404053,sil,False
12,8136,8167,8183,8175,8196,8151,8187,8183,8238,8195,8165,8149,8160,8117,20.51282954216004,sil,False
13,8143,8161,8170,8168,8204,8169,8192,8184,8200,8190,8165,8143,8163,8125,20.519837856292725,sil,False
13,8143,8161,8170,8168,8204,8169,8192,8184,8200,8190,8165,8143,8163,8125,20.520830631256104,sil,False
14,8142,8187,8161,8174,8192,8185,8183,8191,8290,8182,8154,8167,8168,8125,20.528475284576416,sil,False
15,8128,8161,8127,8165,8197,8189,8196,8184,8182,8209,8162,8133,8160,8117,20.536476612091064,sil,False
16,8159,8178,8149,8171,8184,8179,8185,8187,8245,8193,8148,8156,8165,8132,20.5444757938385,sil,False
17,8164,8174,8169,8165,8177,8159,8182,8186,8236,8181,8144,8151,8167,8133,20.552475690841675,sil,False
18,8172,8169,8169,8164,8177,8162,8191,8179,8177,8192,8151,8142,8165,8146,20.560224056243896,sil,False
19,8166,8177,8176,8157,8150,8168,8172,8181,8258,8167,8133,8174,8166,8147,20.568240642547607,sil,False
20,8149,8146,8161,8142,8160,8164,8181,8182,8151,8178,8142,8139,8159,8137,20.575231552124023,sil,False
21,8178,8181,8182,8167,8171,8165,8194,8201,8238,8186,8156,8160,8163,8150,20.583471059799194,sil,False
22,8174,8181,8191,8175,8171,8167,8209,8207,8289,8197,8174,8168,8165,8145,20.59147596359253,sil,False
23,8182,8166,8178,8179,8180,8169,8213,8199,8216,8218,8185,8153,8162,8149,20.59945106506348,sil,False
24,8195,8202,8192,8200,8172,8164,8191,8197,8313,8200,8177,8181,8168,8162,20.60744309425354,sil,False
25,8165,8181,8178,8188,8185,8157,8193,8181,8214,8204,8181,8143,8159,8148,20.61547589302063,sil,False
26,8162,8179,8156,8170,8174,8164,8181,8170,8198,8186,8148,8153,8154,8130,20.62347722053528,sil,False
27,8146,8163,8131,8156,8151,8170,8172,8170,8192,8167,8135,8154,8161,8111,20.631430625915527,sil,False
28,8139,8146,8119,8154,8145,8167,8178,8172,8115,8181,8158,8124,8163,8118,20.63843321800232,sil,False
29,8135,8171,8116,8149,8128,8159,8158,8173,8206,8164,8133,8155,8159,8113,20.646586656570435,sil,False
30,8115,8138,8096,8131,8143,8165,8172,8164,8108,8161,8125,8124,8150,8093,20.654252767562863,sil,False
31,8149,8150,8126,8146,8140,8174,8171,8170,8132,8146,8133,8111,8159,8115,20.66185116767884,sil,False
31,8149,8150,8126,8146,8140,8174,8171,8170,8132,8146,8133,8111,8159,8115,20.66284394264221,sil,False
32,8159,8167,8150,8158,8128,8165,8154,8168,8178,8149,8136,8105,8165,8121,20.6708459854126,sil,False
33,8173,8160,8156,8173,8156,8187,8178,8163,8096,8188,8151,8091,8164,8130,20.678475618362427,sil,False
34,8189,8183,8179,8178,8145,8210,8175,8170,8219,8169,8155,8134,8172,8141,20.68691992759705,sil,False
35,8141,8148,8157,8148,8136,8201,8166,8174,8162,8173,8179,8110,8168,8125,20.6939344406128,sil,False
35,8141,8148,8157,8148,8136,8201,8166,8174,8162,8173,8179,8110,8168,8125,20.69496369361877,sil,False
36,8144,8159,8151,8164,8145,8204,8177,8194,8187,8193,8183,8117,8168,8126,20.70218801498413,sil,False
37,8148,8175,8156,8172,8153,8213,8180,8194,8260,8183,8165,8132,8168,8112,20.70935559272766,sil,False
38,8128,8144,8136,8149,8171,8208,8175,8170,8130,8179,8158,8096,8156,8094,20.717362642288208,sil,False
39,8133,8163,8129,8151,8146,8197,8156,8170,8194,8151,8133,8123,8160,8095,20.72508978843689,sil,False
40,8120,8149,8104,8145,8144,8199,8172,8172,8145,8165,8140,8109,8162,8086,20.733089447021484,sil,False
41,8132,8158,8105,8153,8161,8212,8178,8174,8141,8179,8139,8118,8160,8095,20.741474866867065,sil,False
42,8137,8175,8132,8155,8157,8213,8175,8175,8226,8165,8123,8143,8162,8108,20.74946165084839,sil,False
43,8141,8155,8138,8154,8177,8217,8195,8177,8148,8190,8153,8117,8165,8126,20.757456302642822,sil,False
44,8177,8185,8152,8177,8173,8222,8185,8196,8270,8188,8168,8149,8174,8146,20.76547598838806,sil,False
45,8179,8170,8153,8170,8175,8219,8188,8195,8250,8191,8175,8133,8171,8152,20.77247667312622,sil,False
46,8175,8167,8169,8162,8185,8217,8182,8179,8195,8190,8172,8123,8165,8164,20.78047513961792,sil,False
47,8164,8178,8170,8167,8172,8213,8165,8173,8272,8173,8151,8142,8163,8145,20.788557529449463,sil,False
48,8165,8148,8136,8164,8181,8224,8196,8171,8173,8197,8155,8107,8159,8130,20.79646587371826,sil,False
49,8175,8174,8150,8170,8176,8224,8189,8181,8238,8179,8152,8137,8170,8146,20.80447483062744,sil,False
50,8153,8164,8156,8163,8183,8203,8175,8181,8215,8170,8157,8136,8170,8136,20.81278276443481,sil,False
51,8174,8159,8157,8171,8198,8205,8183,8175,8173,8189,8167,8130,8164,8140,20.819839477539062,sil,False
51,8174,8159,8157,8171,8198,8205,8183,8175,8173,8189,8167,8130,8164,8140,20.82083940505981,sil,False
52,8181,8189,8170,8181,8182,8208,8172,8172,8267,8174,8158,8155,8164,8141,20.82684063911438,sil,False
53,8152,8165,8146,8174,8187,8199,8174,8164,8141,8176,8151,8114,8156,8117,20.835345029830933,sil,False
54,8151,8172,8143,8177,8183,8190,8163,8171,8179,8171,8134,8138,8158,8110,20.84339094161988,sil,False
55,8122,8155,8135,8157,8174,8186,8161,8168,8169,8170,8140,8132,8157,8099,20.85134720802307,sil,False
56,8117,8148,8132,8149,8168,8195,8166,8155,8096,8166,8142,8107,8156,8106,20.859347105026245,sil,False
57,8125,8174,8149,8158,8151,8197,8157,8163,8202,8154,8127,8142,8167,8108,20.867345094680783,sil,False
58,8124,8149,8139,8149,8176,8203,8187,8179,8140,8196,8158,8122,8171,8111,20.87534546852112,sil,False
59,8162,8172,8144,8161,8173,8204,8192,8188,8206,8190,8153,8137,8166,8130,20.8823459148407,sil,False
60,8151,8167,8139,8151,8159,8181,8165,8159,8181,8152,8121,8128,8151,8111,20.89022254943848,sil,False
61,8145,8145,8145,8142,8179,8180,8155,8148,8075,8159,8137,8113,8153,8116,20.898510932922363,sil,False
62,8174,8174,8177,8163,8169,8193,8152,8178,8221,8160,8154,8157,8177,8142,20.90651059150696,sil,False
63,8174,8155,8174,8165,8167,8185,8172,8180,8152,8175,8161,8124,8167,8135,20.914475202560425,sil,False
64,8186,8165,8182,8162,8157,8179,8170,8173,8153,8175,8148,8132,8158,8143,20.92247486114502,sil,False
65,8160,8158,8178,8143,8156,8190,8162,8181,8201,8184,8166,8149,8172,8143,20.930089712142944,sil,False
66,8144,8147,8171,8156,8184,8201,8172,8193,8163,8214,8210,8128,8176,8142,20.938034057617188,sil,False
67,8169,8186,8193,8194,8181,8193,8169,8198,8279,8197,8194,8146,8172,8149,20.945032119750977,sil,False
68,8164,8158,8176,8175,8181,8187,8176,8172,8158,8192,8176,8109,8162,8145,20.953476190567017,sil,False
69,8154,8161,8162,8153,8177,8193,8164,8160,8123,8169,8162,8117,8159,8139,20.96147584915161,sil,False
70,8129,8169,8155,8151,8173,8188,8160,8171,8178,8141,8151,8136,8157,8114,20.969475030899048,sil,False
71,8135,8143,8147,8151,8187,8187,8178,8173,8083,8160,8156,8120,8153,8113,20.97743916511536,sil,False
72,8143,8162,8162,8148,8166,8182,8158,8182,8176,8156,8143,8162,8160,8127,20.98579430580139,sil,False
73,8113,8145,8139,8135,8168,8173,8163,8186,8142,8177,8153,8140,8164,8121,20.99358820915222,sil,False
74,8141,8151,8140,8153,8176,8181,8167,8183,8151,8192,8158,8143,8170,8135,21.00157785415649,sil,False
75,8151,8163,8170,8153,8167,8183,8148,8179,8215,8183,8163,8175,8171,8146,21.00971746444702,sil,False
76,8146,8148,8176,8148,8184,8189,8169,8181,8141,8203,8192,8153,8168,8166,21.017438411712646,sil,False
77,8180,8184,8185,8180,8179,8202,8181,8191,8273,8187,8190,8181,8177,8183,21.025824308395386,sil,False
78,8172,8165,8178,8181,8183,8206,8189,8187,8238,8193,8201,8170,8173,8167,21.032877683639526,sil,False
79,8171,8162,8187,8180,8193,8210,8185,8185,8192,8208,8204,8165,8163,8162,21.03999328613281,sil,False
79,8171,8162,8187,8180,8193,8210,8185,8185,8192,8208,8204,8165,8163,8162,21.040987968444824,sil,False
80,8162,8179,8190,8179,8187,8209,8164,8177,8245,8185,8162,8172,8159,8136,21.048030138015747,sil,False
80,8162,8179,8190,8179,8187,8209,8164,8177,8245,8185,8162,8172,8159,8136,21.04905414581299,sil,False
81,8146,8153,8165,8171,8203,8217,8177,8167,8135,8194,8156,8142,8157,8114,21.056471586227417,sil,False
82,8155,8170,8166,8174,8194,8229,8176,8179,8226,8196,8172,8175,8168,8128,21.064475297927856,sil,False
83,8121,8148,8136,8145,8185,8226,8173,8176,8186,8198,8170,8145,8163,8116,21.07246232032776,sil,False
83,8121,8148,8136,8145,8185,8226,8173,8176,8186,8198,8170,8145,8163,8116,21.07346105575561,sil,False
84,8108,8131,8098,8128,8178,8220,8171,8174,8111,8181,8139,8122,8155,8112,21.08060312271118,sil,False
85,8099,8138,8084,8127,8153,8221,8165,8180,8187,8143,8128,8153,8159,8110,21.088603734970093,sil,False
86,8083,8116,8070,8125,8167,8226,8186,8173,8083,8167,8155,8124,8160,8103,21.09547543525696,sil,False
87,8103,8156,8084,8141,8171,8211,8173,8180,8159,8174,8131,8149,8166,8116,21.103477954864506,sil,False
88,8099,8151,8080,8132,8175,8201,8164,8180,8163,8170,8126,8147,8161,8119,21.11145853996277,sil,False
89,8108,8135,8083,8124,8176,8212,8171,8171,8089,8165,8144,8132,8156,8119,21.11946392059326,sil,False
90,8105,8154,8102,8125,8150,8202,8145,8164,8152,8138,8110,8159,8161,8100,21.12743854522705,sil,False
91,8093,8126,8100,8119,8171,8196,8144,8152,8044,8159,8087,8133,8154,8084,21.135475873947144,sil,False
92,8129,8149,8130,8140,8180,8213,8151,8158,8108,8147,8071,8161,8155,8099,21.14347529411316,sil,False
93,8129,8156,8131,8149,8173,8207,8156,8157,8116,8122,8072,8163,8156,8094,21.15147495269776,sil,False
94,8130,8150,8115,8148,8186,8202,8156,8153,8034,8140,8092,8144,8157,8098,21.159481048583984,sil,False
95,8147,8175,8138,8156,8184,8218,8151,8169,8166,8142,8097,8180,8169,8111,21.167208194732662,sil,False
96,8137,8153,8126,8151,8201,8225,8181,8174,8124,8177,8129,8153,8172,8114,21.174829959869385,sil,False
97,8135,8162,8112,8151,8197,8220,8168,8171,8166,8183,8137,8163,8172,8127,21.181830883026123,sil,False
97,8135,8162,8112,8151,8197,8220,8168,8171,8166,8183,8137,8163,8172,8127,21.18282794952393,sil,False
98,8112,8148,8103,8140,8184,8221,8148,8167,8168,8157,8119,8159,8164,8112,21.189903259277344,sil,False
99,8111,8132,8104,8140,8199,8245,8174,8171,8091,8173,8122,8134,8163,8113,21.19882774353028,goodbye,True
100,8124,8166,8125,8156,8189,8250,8182,8186,8240,8194,8128,8174,8177,8125,21.20682716369629,goodbye,True
101,8111,8147,8122,8147,8196,8229,8188,8183,8164,8196,8139,8145,8168,8109,21.21482729911804,goodbye,True
102,8120,8159,8136,8149,8202,8228,8173,8180,8145,8154,8123,8149,8156,8108,21.221853494644165,goodbye,True
102,8120,8159,8136,8149,8202,8228,8173,8180,8145,8154,8123,8149,8156,8108,21.22285461425781,goodbye,True
103,8108,8162,8138,8142,8196,8227,8158,8173,8180,8147,8122,8163,8158,8107,21.228853940963745,goodbye,True
103,8108,8162,8138,8142,8196,8227,8158,8173,8180,8147,8122,8163,8158,8107,21.22985553741455,goodbye,True
104,8119,8146,8127,8145,8202,8219,8174,8167,8100,8181,8150,8141,8162,8120,21.237439393997192,goodbye,True
105,8139,8172,8138,8157,8183,8205,8158,8171,8193,8148,8136,8173,8163,8133,21.24547505378723,goodbye,True
106,8113,8143,8118,8133,8185,8206,8163,8164,8110,8141,8133,8150,8155,8123,21.253475189208984,goodbye,True
107,8140,8159,8124,8147,8191,8221,8178,8173,8119,8153,8132,8160,8158,8133,21.261478185653687,goodbye,True
108,8158,8178,8134,8156,8180,8210,8175,8175,8188,8148,8121,8173,8161,8125,21.26918578147888,goodbye,True
109,8150,8152,8122,8142,8191,8212,8183,8166,8102,8185,8149,8144,8162,8129,21.277185678482056,goodbye,True
110,8154,8179,8143,8165,8190,8233,8179,8180,8239,8191,8161,8183,8172,8150,21.28547596931457,goodbye,True
111,8135,8166,8137,8168,8199,8231,8191,8185,8210,8187,8161,8162,8167,8139,21.29247760772705,goodbye,True
112,8152,8170,8132,8164,8193,8216,8193,8185,8177,8179,8147,8158,8163,8140,21.300475358963013,goodbye,True
113,8149,8180,8139,8164,8167,8224,8187,8191,8243,8163,8131,8180,8167,8139,21.30850410461425,goodbye,True
114,8133,8155,8131,8165,8168,8243,8204,8187,8145,8182,8138,8144,8161,8137,21.31650328636169,goodbye,True
115,8146,8176,8140,8161,8144,8237,8191,8181,8224,8181,8132,8171,8166,8142,21.32447600364685,goodbye,True
116,8125,8153,8127,8140,8141,8225,8184,8175,8186,8189,8149,8160,8165,8134,21.3325743675232,goodbye,True
117,8129,8146,8127,8155,8151,8224,8177,8175,8138,8179,8141,8156,8158,8140,21.340476512908936,goodbye,True
118,8137,8168,8136,8165,8133,8214,8162,8173,8209,8149,8114,8182,8161,8134,21.34845542907715,goodbye,True
119,8135,8145,8124,8153,8146,8215,8179,8168,8111,8171,8138,8152,8161,8133,21.355446100234985,goodbye,True
120,8157,8160,8134,8170,8148,8216,8162,8170,8178,8159,8135,8174,8167,8149,21.36368179321289,goodbye,True
121,8134,8147,8124,8167,8154,8204,8145,8155,8150,8158,8132,8162,8168,8132,21.371476888656616,goodbye,True
121,8134,8147,8124,8167,8154,8204,8145,8155,8150,8158,8132,8162,8168,8132,21.371871948242188,goodbye,True
122,8140,8151,8131,8162,8166,8214,8157,8159,8116,8182,8150,8155,8164,8139,21.37963032722473,goodbye,True
123,8159,8184,8162,8171,8154,8230,8165,8180,8239,8170,8149,8192,8169,8163,21.387632846832275,goodbye,True
124,8138,8156,8143,8168,8158,8232,8174,8171,8136,8173,8156,8158,8166,8158,21.39563775062561,goodbye,True
125,8139,8170,8132,8170,8135,8236,8154,8166,8176,8165,8145,8170,8165,8151,21.403732299804688,goodbye,True
126,8136,8166,8131,8163,8134,8241,8155,8173,8184,8170,8139,8169,8159,8144,21.41185116767884,goodbye,True
127,8146,8160,8133,8169,8152,8242,8173,8176,8119,8178,8136,8152,8155,8147,21.417850971221924,goodbye,True
240,8145,8179,8149,8172,8124,8229,8154,8172,8187,8148,8120,8175,8162,8136,21.426475524902344,goodbye,True
0,8128,8154,8156,8159,8132,8236,8159,8163,8095,8173,8144,8152,8164,8138,21.434475660324097,goodbye,True
1,8153,8184,8184,8175,8143,8262,8166,8181,8182,8190,8153,8180,8170,8167,21.44247531890869,goodbye,True
2,8150,8181,8188,8175,8135,8267,8167,8184,8215,8185,8143,8177,8166,8158,21.450444221496586,goodbye,True
3,8145,8155,8179,8168,8140,8262,8163,8167,8106,8181,8140,8151,8158,8147,21.45844030380249,goodbye,True
4,8146,8179,8184,8173,8136,8259,8148,8170,8190,8152,8127,8185,8162,8149,21.46647596359253,goodbye,True
5,8134,8164,8174,8168,8160,8267,8176,8172,8121,8175,8142,8159,8163,8150,21.47447633743286,goodbye,True
6,8158,8179,8190,8184,8160,8275,8175,8178,8173,8190,8146,8173,8168,8172,21.48273086547852,goodbye,True
7,8149,8170,8184,8178,8144,8273,8157,8175,8222,8180,8146,8183,8163,8165,21.48947525024414,goodbye,True
8,8140,8153,8164,8165,8157,8273,8167,8172,8122,8185,8160,8157,8155,8150,21.49704384803772,goodbye,True
9,8152,8187,8185,8182,8146,8266,8156,8182,8218,8171,8147,8186,8164,8154,21.505046129226685,goodbye,True
10,8137,8158,8168,8170,8153,8273,8166,8171,8142,8183,8149,8163,8160,8157,21.513047456741333,goodbye,True
11,8146,8161,8150,8162,8161,8288,8167,8167,8136,8171,8139,8173,8154,8162,21.52147674560547,goodbye,True
12,8130,8167,8140,8156,8148,8267,8142,8165,8167,8140,8114,8174,8152,8138,21.52949500083924,goodbye,True
13,8123,8140,8134,8153,8147,8248,8146,8156,8056,8151,8129,8143,8156,8136,21.53802704811096,goodbye,True
14,8145,8173,8163,8169,8128,8260,8151,8168,8182,8156,8152,8191,8171,8160,21.54547548294068,goodbye,True
15,8126,8161,8166,8161,8135,8274,8162,8170,8147,8173,8170,8162,8165,8145,21.552475452423096,goodbye,True
16,8136,8161,8177,8170,8152,8278,8158,8171,8132,8172,8162,8153,8158,8148,21.56047511100769,goodbye,True
17,8150,8176,8189,8184,8156,8275,8159,8179,8225,8177,8171,8190,8166,8164,21.568952798843384,goodbye,True
18,8157,8159,8189,8183,8181,8275,8178,8175,8156,8216,8218,8169,8171,8179,21.57696223258972,goodbye,True
19,8161,8176,8205,8183,8173,8270,8148,8171,8230,8180,8193,8185,8172,8174,21.58496356010437,goodbye,True
20,8139,8157,8184,8171,8164,8262,8143,8166,8169,8158,8161,8165,8159,8144,21.592469215393063,goodbye,True
21,8158,8164,8194,8179,8169,8261,8161,8173,8159,8185,8176,8173,8160,8158,21.600481033325195,goodbye,True
22,8161,8181,8218,8177,8161,8253,8166,8185,8262,8191,8191,8201,8175,8179,21.608481407165527,goodbye,True
23,8156,8162,8195,8172,8178,8256,8196,8191,8172,8207,8204,8167,8171,8193,21.616475343704224,goodbye,True
23,8156,8162,8195,8172,8178,8256,8196,8191,8172,8207,8204,8167,8171,8193,21.617029428482056,goodbye,True
24,8186,8195,8202,8195,8174,8267,8192,8200,8268,8195,8194,8199,8169,8210,21.623475551605225,goodbye,True
25,8171,8179,8192,8185,8169,8261,8177,8189,8251,8202,8201,8186,8170,8196,21.631460189819336,goodbye,True
26,8161,8164,8167,8170,8168,8252,8167,8175,8180,8202,8200,8162,8169,8188,21.638972520828247,goodbye,True
26,8161,8164,8167,8170,8168,8252,8167,8175,8180,8202,8200,8162,8169,8188,21.63997292518616,goodbye,True
27,8154,8178,8169,8163,8148,8251,8154,8177,8243,8164,8171,8187,8167,8176,21.6469795703888,goodbye,True
27,8154,8178,8169,8163,8148,8251,8154,8177,8243,8164,8171,8187,8167,8176,21.64797568321228,goodbye,True
28,8145,8152,8166,8161,8159,8257,8169,8183,8142,8184,8178,8166,8161,8165,21.65547561645508,goodbye,True
29,8169,8179,8180,8182,8152,8256,8168,8195,8220,8191,8186,8192,8164,8184,21.66366076469421,goodbye,True
30,8161,8174,8177,8171,8161,8257,8178,8187,8228,8191,8200,8199,8162,8187,21.671474933624268,goodbye,True
31,8166,8163,8176,8165,8190,8271,8182,8176,8176,8204,8205,8207,8161,8190,21.679463148117065,goodbye,True
31,8166,8163,8176,8165,8190,8271,8182,8176,8176,8204,8205,8207,8161,8190,21.680460453033447,goodbye,True
32,8170,8180,8190,8181,8177,8260,8157,8180,8272,8183,8191,8235,8167,8182,21.68588829040528,goodbye,True
32,8170,8180,8190,8181,8177,8260,8157,8180,8272,8183,8191,8235,8167,8182,21.686882734298703,goodbye,True
33,8149,8151,8178,8174,8174,8244,8165,8175,8163,8181,8209,8185,8158,8163,21.693891286849976,goodbye,True
33,8149,8151,8178,8174,8174,8244,8165,8175,8163,8181,8209,8185,8158,8163,21.69488215446472,goodbye,True
34,8157,8170,8183,8174,8166,8252,8159,8178,8196,8173,8205,8202,8159,8163,21.70242929458618,goodbye,True
35,8145,8170,8175,8170,8169,8252,8150,8171,8199,8171,8191,8203,8159,8145,21.710469484329224,goodbye,True
36,8149,8155,8169,8168,8182,8249,8165,8164,8118,8176,8186,8177,8153,8144,21.7184739112854,goodbye,True
37,8157,8171,8177,8167,8167,8249,8166,8178,8214,8155,8163,8210,8159,8147,21.72647857666016,goodbye,True
38,8139,8147,8160,8154,8187,8244,8182,8185,8136,8173,8175,8184,8161,8145,21.73447608947754,goodbye,True
39,8159,8179,8176,8167,8193,8241,8174,8189,8196,8181,8187,8195,8162,8161,21.74256706237793,goodbye,True
40,8153,8184,8179,8167,8180,8231,8162,8173,8221,8170,8176,8197,8156,8143,21.750564336776733,goodbye,True
41,8154,8161,8172,8170,8191,8224,8176,8167,8113,8176,8177,8177,8157,8141,21.75757074356079,goodbye,True
42,8160,8188,8191,8177,8186,8214,8163,8183,8236,8171,8184,8216,8171,8166,21.765334129333496,goodbye,True
43,8132,8161,8172,8159,8194,8211,8170,8174,8168,8186,8192,8183,8158,8154,21.77333426475525,goodbye,True
44,8148,8163,8165,8161,8186,8212,8168,8164,8147,8164,8159,8187,8150,8140,21.781477451324463,goodbye,True
45,8135,8166,8163,8151,8169,8193,8148,8162,8172,8134,8150,8199,8154,8132,21.78947377204895,goodbye,True
46,8126,8145,8153,8143,8185,8190,8159,8171,8100,8175,8181,8172,8155,8145,21.797439098358154,goodbye,True
46,8126,8145,8153,8143,8185,8190,8159,8171,8100,8175,8181,8172,8155,8145,21.79834890365601,goodbye,True
47,8163,8175,8174,8164,8189,8203,8164,8189,8232,8192,8171,8204,8164,8160,21.805366277694706,goodbye,True
48,8154,8166,8171,8158,8199,8208,8171,8179,8178,8194,8179,8186,8165,8150,21.81199312210083,goodbye,True
49,8159,8180,8174,8169,8191,8205,8169,8178,8172,8171,8194,8199,8164,8156,21.8199942111969,sil,False
50,8160,8184,8178,8174,8177,8194,8169,8184,8225,8152,8194,8208,8167,8161,21.828187465667725,sil,False
51,8146,8153,8156,8160,8192,8189,8171,8173,8111,8173,8199,8164,8166,8167,21.83672070503235,sil,False
52,8143,8174,8146,8161,8177,8184,8148,8171,8190,8152,8177,8194,8162,8162,21.844475269317627,sil,False
53,8120,8154,8131,8152,8181,8182,8163,8169,8131,8158,8179,8177,8156,8138,21.852474689483643,sil,False
54,8136,8163,8148,8161,8190,8184,8165,8171,8112,8166,8179,8174,8161,8147,21.860745191574097,sil,False
55,8139,8168,8157,8160,8171,8171,8143,8169,8181,8134,8154,8194,8163,8140,21.8687756061554,sil,False
56,8128,8126,8133,8141,8174,8162,8159,8162,8059,8138,8164,8166,8153,8130,21.87669801712036,sil,False
57,8150,8160,8149,8156,8158,8156,8157,8169,8134,8129,8162,8198,8158,8146,21.883696794509888,sil,False
58,8151,8159,8149,8154,8150,8142,8152,8159,8089,8125,8152,8183,8160,8138,21.891478061676025,sil,False
59,8159,8152,8152,8141,8157,8140,8148,8144,8033,8125,8163,8179,8161,8140,21.901669025421143,sil,False
60,8157,8172,8175,8150,8157,8143,8140,8153,8156,8129,8189,8220,8171,8153,21.90766954421997,sil,False
61,8149,8151,8167,8167,8169,8146,8157,8158,8092,8159,8204,8196,8171,8159,21.91567039489746,sil,False
62,8155,8161,8174,8171,8153,8140,8145,8157,8140,8138,8174,8208,8167,8159,21.923680543899536,sil,False
63,8143,8154,8177,8153,8160,8129,8149,8161,8124,8143,8177,8193,8159,8153,21.9316794872284,sil,False
64,8167,8158,8179,8156,8172,8138,8167,8171,8101,8155,8185,8185,8159,8175,21.939183950424194,sil,False
65,8157,8167,8174,8152,8138,8142,8142,8162,8175,8113,8151,8206,8161,8167,21.94618535041809,sil,False
66,8137,8139,8159,8142,8149,8143,8143,8149,8056,8131,8151,8165,8152,8147,21.95468688011169,sil,False
67,8177,8177,8187,8163,8159,8149,8154,8164,8147,8140,8152,8191,8156,8163,21.962693691253666,sil,False
68,8163,8172,8186,8147,8145,8149,8153,8159,8157,8121,8149,8190,8158,8157,21.9706928730011,sil,False
69,8161,8157,8173,8145,8141,8157,8155,8158,8070,8129,8152,8171,8153,8160,21.978939056396484,sil,False
70,8184,8182,8177,8161,8134,8164,8153,8173,8173,8124,8136,8200,8157,8174,21.986475706100464,sil,False
71,8153,8142,8161,8140,8146,8169,8162,8162,8074,8140,8146,8164,8155,8166,21.994457006454468,sil,False
72,8142,8155,8174,8150,8129,8177,8145,8161,8112,8135,8144,8185,8160,8164,22.002464771270752,sil,False
73,8138,8164,8171,8156,8123,8182,8142,8170,8153,8123,8143,8197,8160,8149,22.010475158691406,sil,False
74,8161,8151,8160,8155,8148,8187,8165,8176,8079,8143,8161,8178,8160,8152,22.017438650131226,sil,False
75,8180,8176,8179,8167,8136,8185,8159,8177,8191,8142,8156,8208,8172,8164,22.02547550201416,sil,False
76,8147,8150,8155,8154,8139,8183,8165,8162,8108,8151,8162,8175,8163,8149,22.033499240875244,sil,False
77,8145,8157,8136,8152,8135,8176,8155,8166,8104,8136,8156,8181,8152,8142,22.04164981842041,sil,False
78,8143,8159,8129,8148,8115,8156,8146,8173,8134,8129,8150,8189,8151,8132,22.04947543144226,sil,False
79,8142,8148,8125,8142,8132,8162,8161,8165,8065,8155,8165,8163,8155,8144,22.05751252174377,sil,False
80,8136,8166,8129,8143,8138,8175,8157,8175,8178,8155,8162,8190,8165,8151,22.065475940704346,sil,False
81,8101,8122,8096,8125,8139,8161,8161,8170,8084,8169,8165,8153,8155,8121,22.07247519493103,sil,False
82,8109,8124,8096,8129,8130,8153,8143,8153,8056,8147,8149,8156,8149,8115,22.080475330352783,sil,False
83,8107,8143,8115,8136,8126,8167,8131,8154,8120,8126,8147,8185,8157,8119,22.08840036392212,sil,False
84,8116,8131,8113,8139,8142,8181,8159,8161,8052,8156,8171,8164,8158,8135,22.09646892547608,sil,False
85,8136,8158,8123,8146,8125,8171,8148,8160,8139,8135,8153,8187,8160,8140,22.10446333885193,sil,False
86,8116,8140,8104,8134,8127,8164,8141,8147,8048,8122,8147,8163,8149,8111,22.11227297782898,sil,False
87,8144,8154,8109,8147,8134,8177,8150,8155,8046,8135,8161,8173,8149,8124,22.12047529220581,sil,False
88,8152,8170,8126,8147,8128,8176,8151,8165,8155,8145,8172,8196,8163,8141,22.12888264656067,sil,False
89,8125,8137,8112,8129,8140,8179,8164,8158,8061,8175,8187,8165,8165,8140,22.13597321510315,sil,False
89,8125,8137,8112,8129,8140,8179,8164,8158,8061,8175,8187,8165,8165,8140,22.13696837425232,sil,False
90,8140,8161,8120,8142,8125,8180,8153,8170,8154,8154,8174,8200,8164,8148,22.143474817276,sil,False
91,8139,8155,8124,8146,8130,8166,8158,8172,8136,8145,8179,8183,8162,8146,22.15133786201477,sil,False
92,8149,8156,8145,8150,8141,8166,8167,8163,8116,8160,8183,8174,8164,8159,22.159340620040894,sil,False
93,8143,8166,8163,8145,8127,8161,8154,8163,8197,8145,8169,8198,8163,8154,22.16743898391724,sil,False
94,8135,8142,8144,8137,8146,8149,8163,8164,8096,8150,8179,8168,8152,8142,22.17547631263733,sil,False
95,8158,8166,8146,8149,8136,8151,8158,8164,8169,8141,8165,8190,8156,8152,22.183186054229736,sil,False
96,8139,8150,8135,8137,8123,8147,8158,8151,8130,8139,8156,8173,8154,8139,22.191200256347656,sil,False
97,8153,8152,8141,8148,8136,8138,8160,8160,8085,8148,8166,8168,8159,8146,22.19947052001953,sil,False
98,8178,8182,8161,8165,8135,8140,8156,8174,8205,8150,8174,8205,8174,8161,22.206475734710693,sil,False
99,8164,8152,8145,8149,8148,8155,8185,8166,8129,8176,8197,8171,8167,8166,22.2142231464386,sil,False
100,8167,8167,8156,8157,8149,8158,8186,8180,8213,8169,8188,8187,8166,8180,22.222234964370728,sil,False
101,8155,8166,8162,8161,8163,8142,8181,8190,8229,8175,8187,8185,8168,8177,22.23037624359131,sil,False
102,8161,8162,8156,8158,8172,8137,8178,8178,8159,8178,8190,8174,8157,8173,22.23788094520569,sil,False
103,8158,8175,8154,8150,8140,8137,8162,8173,8226,8139,8169,8205,8154,8155,22.24588179588318,sil,False
104,8150,8142,8141,8141,8154,8139,8182,8174,8129,8164,8187,8177,8165,8151,22.253881454467773,sil,False
105,8181,8169,8164,8154,8169,8139,8183,8180,8203,8164,8191,8194,8170,8169,22.262476682662964,sil,False
106,8155,8169,8163,8145,8164,8139,8170,8166,8202,8144,8173,8185,8153,8144,22.27013063430786,sil,False
107,8146,8158,8146,8149,8165,8141,8177,8166,8114,8172,8179,8163,8153,8143,22.276973009109497,sil,False
108,8168,8182,8151,8159,8153,8132,8178,8183,8240,8174,8179,8202,8168,8168,22.28497624397278,sil,False
109,8144,8148,8152,8140,8166,8132,8190,8167,8146,8165,8186,8176,8157,8163,22.29333782196045,sil,False
110,8142,8164,8173,8158,8158,8142,8171,8167,8164,8144,8181,8192,8159,8160,22.30135059356689,sil,False
111,8156,8176,8170,8174,8155,8132,8161,8182,8221,8156,8185,8197,8173,8159,22.3094699382782,sil,False
112,8168,8156,8210,8160,8181,8131,8181,8174,8156,8179,8203,8172,8170,8173,22.31743812561035,sil,False
113,8152,8171,8286,8153,8169,8138,8172,8167,8240,8153,8185,8203,8163,8168,22.325475931167603,sil,False
114,8134,8155,8237,8157,8172,8133,8180,8167,8156,8163,8185,8172,8156,8153,22.332346200943,sil,False
115,8169,8181,8165,8173,8174,8129,8177,8170,8175,8169,8186,8184,8159,8170,22.34091830253601,sil,False
115,8169,8181,8165,8173,8174,8129,8177,8170,8175,8169,8186,8184,8159,8170,22.34190678596497,sil,False
116,8157,8180,8165,8163,8162,8133,8167,8166,8207,8157,8181,8201,8162,8162,22.34847521781921,sil,False
117,8150,8150,8169,8160,8177,8140,8182,8162,8106,8168,8193,8178,8159,8162,22.356476306915283,sil,False
118,8181,8188,8170,8180,8177,8136,8172,8171,8230,8159,8192,8218,8168,8181,22.36447548866272,sil,False
119,8174,8179,8174,8176,8192,8139,8183,8178,8211,8190,8215,8205,8172,8181,22.372100591659542,sil,False
120,8193,8181,8200,8186,8199,8163,8196,8187,8244,8212,8228,8213,8176,8201,22.38010001182556,sil,False
120,8193,8181,8200,8186,8199,8163,8196,8187,8244,8212,8228,8213,8176,8201,22.3810932636261,sil,False
121,8188,8187,8199,8189,8178,8161,8191,8182,8310,8196,8220,8222,8171,8202,22.3881413936615,sil,False
122,8166,8161,8168,8174,8181,8145,8196,8172,8185,8203,8215,8180,8154,8188,22.396475791931152,sil,False
123,8173,8185,8172,8175,8167,8137,8178,8182,8260,8188,8195,8210,8159,8189,22.40449833869934,sil,False
124,8157,8167,8166,8168,8170,8130,8180,8178,8209,8196,8209,8195,8162,8183,22.41149663925171,sil,False
125,8175,8172,8176,8179,8184,8136,8190,8177,8195,8205,8217,8197,8163,8194,22.419461250305176,sil,False
126,8179,8186,8175,8178,8173,8130,8175,8178,8278,8180,8202,8218,8159,8187,22.42743825912476,sil,False
127,8165,8160,8142,8167,8170,8117,8180,8166,8159,8189,8213,8177,8155,8176,22.435798406600952,sil,False
240,8184,8185,8166,8190,8162,8118,8175,8170,8238,8183,8205,8208,8166,8185,22.443797826766968,sil,False
0,8169,8172,8180,8191,8182,8124,8178,8167,8221,8185,8207,8206,8160,8179,22.4514708518982,sil,False
1,8173,8173,8174,8186,8197,8128,8184,8165,8189,8186,8221,8200,8159,8193,22.45981073379517,sil,False
2,8182,8183,8175,8181,8177,8123,8177,8170,8279,8173,8213,8216,8165,8196,22.46768355369568,sil,False
3,8172,8151,8165,8176,8187,8132,8183,8158,8169,8191,8212,8180,8156,8181,22.475685358047485,sil,False
4,8176,8181,8171,8187,8179,8139,8162,8152,8216,8175,8199,8204,8164,8179,22.48247575759888,sil,False
5,8164,8171,8155,8170,8173,8134,8161,8150,8188,8165,8198,8186,8167,8166,22.490475177764893,sil,False
6,8186,8163,8157,8172,8188,8149,8172,8157,8151,8175,8204,8176,8161,8178,22.498474836349487,sil,False
7,8191,8189,8175,8191,8182,8159,8163,8172,8267,8165,8197,8216,8170,8183,22.50648188591004,sil,False
8,8167,8159,8156,8176,8192,8159,8185,8170,8164,8185,8203,8179,8168,8170,22.51449608802796,sil,False
8,8167,8159,8156,8176,8192,8159,8185,8170,8164,8185,8203,8179,8168,8170,22.5154972076416,sil,False
9,8180,8172,8163,8175,8188,8168,8185,8177,8221,8170,8189,8196,8160,8180,22.52270197868347,sil,False
10,8173,8170,8172,8175,8191,8185,8187,8185,8254,8168,8197,8205,8162,8181,22.530700206756592,sil,False
11,8176,8163,8169,8176,8198,8202,8199,8183,8195,8193,8211,8189,8168,8183,22.53743886947632,sil,False
12,8176,8182,8167,8172,8169,8197,8178,8172,8272,8173,8183,8213,8163,8177,22.54547691345215,sil,False
13,8161,8152,8151,8165,8184,8193,8183,8158,8175,8184,8192,8187,8150,8171,22.553475618362427,sil,False
14,8181,8173,8163,8187,8185,8193,8188,8171,8226,8175,8200,8204,8162,8181,22.5614755153656,sil,False
15,8174,8177,8162,8184,8170,8186,8189,8175,8250,8163,8197,8202,8170,8172,22.569498300552368,sil,False
16,8180,8166,8171,8181,8192,8187,8191,8168,8181,8187,8219,8185,8167,8183,22.57689356803894,sil,False
16,8180,8166,8171,8181,8192,8187,8191,8168,8181,8187,8219,8185,8167,8183,22.57788872718811,sil,False
17,8199,8195,8217,8196,8200,8187,8182,8178,8314,8181,8217,8219,8174,8194,22.584895849227905,sil,False
17,8199,8195,8217,8196,8200,8187,8182,8178,8314,8181,8217,8219,8174,8194,22.58588933944702,sil,False
18,8179,8165,8208,8188,8206,8184,8204,8177,8235,8192,8213,8183,8169,8180,22.59347605705261,sil,False
19,8184,8168,8193,8195,8189,8182,8201,8177,8239,8186,8211,8197,8165,8185,22.601475715637207,sil,False
20,8176,8175,8189,8193,8181,8174,8194,8182,8288,8179,8217,8215,8171,8183,22.60849642753601,sil,False
21,8181,8167,8181,8192,8211,8168,8214,8187,8215,8208,8226,8192,8174,8189,22.616496324539185,sil,False
22,8200,8192,8184,8209,8206,8164,8205,8189,8315,8202,8211,8219,8170,8191,22.62450170516968,sil,False
23,8174,8160,8158,8191,8202,8162,8205,8173,8232,8194,8222,8187,8156,8170,22.63251900672913,sil,False
24,8177,8168,8171,8180,8194,8156,8203,8178,8225,8180,8217,8195,8164,8179,22.64047574996948,sil,False
25,8176,8180,8191,8183,8186,8140,8196,8177,8267,8171,8194,8209,8168,8172,22.64847612380981,sil,False
26,8171,8157,8185,8192,8195,8143,8202,8160,8158,8188,8206,8177,8156,8165,22.656498432159424,sil,False
27,8187,8185,8198,8199,8182,8152,8189,8174,8270,8179,8200,8216,8164,8178,22.66449761390686,sil,False
28,8176,8163,8184,8180,8190,8138,8192,8177,8213,8188,8196,8196,8161,8170,22.671476125717163,sil,False
29,8183,8164,8187,8195,8188,8126,8183,8165,8174,8179,8191,8190,8155,8170,22.679463386535645,sil,False
30,8177,8181,8195,8208,8171,8121,8162,8164,8240,8158,8192,8210,8164,8169,22.68743395805359,sil,False
31,8171,8159,8180,8197,8189,8122,8174,8166,8149,8184,8207,8183,8164,8169,22.69544887542725,sil,False
32,8185,8185,8176,8199,8175,8121,8168,8173,8229,8162,8176,8208,8158,8166,22.703798055648804,sil,False
33,8159,8171,8155,8191,8178,8121,8178,8168,8193,8157,8168,8185,8158,8150,22.711318254470825,sil,False
34,8171,8165,8158,8203,8196,8133,8196,8175,8185,8182,8188,8178,8168,8165,22.71947717666626,sil,False
35,8177,8174,8169,8197,8173,8134,8186,8177,8262,8173,8181,8201,8170,8162,22.72750949859619,sil,False
36,8158,8156,8150,8172,8173,8130,8191,8165,8134,8175,8188,8172,8161,8150,22.734020233154297,sil,False
37,8173,8183,8156,8190,8163,8125,8180,8168,8206,8159,8179,8198,8167,8161,22.742697954177856,sil,False
38,8158,8159,8149,8185,8145,8117,8177,8166,8186,8166,8182,8186,8167,8152,22.75070810317993,sil,False
39,8159,8149,8154,8173,8144,8126,8188,8169,8144,8184,8199,8184,8164,8157,22.758708953857425,sil,False
40,8158,8171,8162,8170,8139,8127,8179,8172,8241,8163,8189,8208,8166,8161,22.766429901123047,sil,False
41,8141,8143,8138,8156,8146,8112,8174,8157,8120,8166,8184,8166,8156,8156,22.774475574493408,sil,False
42,8171,8172,8166,8177,8141,8113,8162,8166,8189,8172,8179,8199,8162,8168,22.782475233078003,sil,False
43,8180,8178,8184,8188,8157,8128,8183,8180,8221,8186,8191,8199,8168,8164,22.7907555103302,sil,False
44,8181,8165,8160,8185,8173,8139,8200,8173,8149,8179,8191,8173,8164,8165,22.7987642288208,sil,False
45,8170,8176,8150,8177,8146,8133,8169,8165,8222,8152,8173,8200,8163,8159,22.805763006210327,sil,False
46,8158,8155,8152,8174,8153,8139,8175,8164,8141,8183,8195,8174,8158,8152,22.81347608566284,sil,False
47,8183,8182,8178,8196,8152,8146,8182,8178,8222,8187,8199,8194,8171,8176,22.82147026062012,sil,False
48,8163,8164,8158,8182,8143,8143,8182,8177,8235,8178,8194,8190,8171,8172,22.829200267791748,sil,False
49,8156,8136,8129,8163,8152,8156,8189,8170,8135,8185,8192,8162,8154,8169,22.83728098869324,sil,False
50,8165,8170,8144,8174,8131,8155,8177,8164,8223,8153,8171,8195,8156,8166,22.84547543525696,sil,False
51,8154,8153,8141,8177,8135,8148,8189,8156,8136,8159,8183,8175,8159,8156,22.85347414016724,sil,False
52,8175,8158,8146,8184,8140,8165,8189,8171,8169,8164,8182,8191,8161,8173,22.860944986343384,sil,False
53,8168,8158,8139,8177,8136,8173,8181,8176,8194,8158,8174,8193,8160,8169,22.86794638633728,sil,False
53,8168,8158,8139,8177,8136,8173,8181,8176,8194,8158,8174,8193,8160,8169,22.868947505950928,sil,False
54,8181,8158,8143,8187,8149,8170,8195,8171,8132,8182,8199,8177,8169,8179,22.87647557258606,sil,False
55,8207,8192,8182,8204,8141,8167,8186,8185,8277,8186,8202,8218,8178,8196,22.88447546958924,sil,False
56,8179,8160,8173,8188,8156,8167,8188,8179,8203,8200,8199,8183,8163,8180,22.892475128173828,sil,False
57,8177,8164,8157,8183,8151,8165,8183,8172,8195,8181,8177,8182,8156,8168,22.90043830871582,sil,False
58,8168,8163,8136,8168,8129,8153,8181,8169,8228,8159,8161,8192,8155,8152,22.908462524414062,sil,False
59,8152,8139,8121,8162,8145,8155,8199,8164,8121,8180,8176,8165,8152,8161,22.916481971740723,sil,False
60,8156,8170,8143,8183,8146,8168,8189,8176,8225,8174,8167,8199,8164,8174,22.92481708526612,sil,False
61,8141,8151,8128,8174,8149,8174,8198,8172,8163,8178,8168,8171,8160,8158,22.932816982269287,sil,False
62,8158,8153,8120,8171,8147,8167,8196,8165,8139,8169,8160,8167,8155,8158,22.939475297927856,sil,False
63,8155,8161,8134,8169,8147,8160,8178,8170,8203,8161,8155,8183,8164,8156,22.947438955307007,sil,False
64,8140,8138,8132,8167,8169,8176,8194,8171,8123,8187,8179,8156,8167,8154,22.95546245574951,sil,False
65,8153,8163,8141,8183,8157,8178,8192,8167,8206,8157,8167,8185,8167,8147,22.963462591171265,sil,False
66,8142,8149,8135,8172,8169,8160,8190,8155,8141,8156,8169,8166,8161,8131,22.97147536277771,sil,False
67,8164,8159,8144,8183,8178,8169,8195,8167,8147,8193,8189,8169,8164,8155,22.97930383682251,sil,False
68,8171,8178,8151,8192,8157,8179,8200,8182,8263,8198,8190,8198,8168,8163,22.98744010925293,sil,False
69,8151,8155,8139,8175,8181,8176,8210,8172,8152,8202,8202,8165,8164,8154,22.9954731464386,sil,False
70,8164,8183,8170,8190,8184,8179,8193,8174,8225,8182,8195,8190,8168,8170,23.00247287750244,sil,False
71,8153,8167,8172,8194,8175,8183,8198,8171,8207,8182,8195,8180,8166,8168,23.01047277450561,sil,False
72,8169,8161,8150,8188,8178,8191,8197,8174,8167,8189,8187,8170,8166,8168,23.018472909927368,sil,False
73,8173,8181,8144,8177,8173,8199,8181,8177,8241,8173,8170,8190,8165,8164,23.026477575302124,sil,False
74,8159,8158,8135,8179,8188,8209,8207,8175,8151,8194,8194,8156,8159,8157,23.03447771072388,sil,False
75,8187,8186,8155,8209,8181,8210,8210,8187,8253,8194,8194,8189,8168,8167,23.04250955581665,sil,False
76,8178,8172,8156,8194,8184,8197,8198,8177,8236,8196,8188,8185,8165,8159,23.050509691238403,sil,False
77,8170,8158,8152,8178,8199,8198,8198,8168,8161,8203,8197,8165,8158,8166,23.057825088500977,sil,False
78,8168,8179,8155,8192,8187,8197,8192,8184,8280,8182,8202,8190,8172,8170,23.0648250579834,sil,False
79,8176,8161,8144,8201,8191,8195,8215,8196,8214,8217,8217,8173,8173,8177,23.07381010055542,sil,False
80,8210,8186,8168,8205,8184,8197,8218,8200,8275,8229,8205,8208,8169,8199,23.081810474395752,sil,False
81,8175,8178,8161,8185,8189,8185,8213,8188,8270,8207,8210,8196,8165,8183,23.08981943130493,sil,False
82,8162,8163,8143,8189,8197,8180,8216,8181,8195,8204,8224,8173,8163,8178,23.09744048118592,sil,False
83,8188,8185,8155,8203,8167,8179,8203,8187,8289,8200,8200,8205,8170,8186,23.105475902557373,sil,False
84,8186,8158,8141,8184,8182,8171,8216,8179,8186,8212,8201,8171,8165,8185,23.11347603797913,sil,False
85,8192,8175,8158,8185,8198,8168,8208,8176,8227,8184,8195,8187,8166,8193,23.121087074279785,sil,False
86,8173,8178,8172,8194,8183,8164,8194,8183,8262,8182,8192,8195,8170,8180,23.128082752227783,sil,False
87,8190,8165,8168,8206,8188,8166,8212,8185,8190,8217,8199,8176,8169,8181,23.13658452033997,sil,False
88,8207,8192,8182,8210,8188,8166,8210,8175,8292,8189,8179,8205,8169,8191,23.14476203918457,sil,False
89,8178,8174,8180,8190,8201,8166,8213,8161,8207,8188,8187,8175,8162,8183,23.15191102027893,sil,False
90,8192,8187,8184,8199,8202,8169,8207,8176,8234,8203,8194,8191,8168,8189,23.15993595123291,sil,False
90,8192,8187,8184,8199,8202,8169,8207,8176,8234,8203,8194,8191,8168,8189,23.16092586517334,sil,False
91,8186,8183,8163,8198,8208,8165,8210,8183,8279,8198,8194,8198,8170,8179,23.168476581573486,sil,False
92,8188,8168,8141,8197,8229,8165,8229,8179,8195,8202,8202,8168,8167,8182,23.176866054534912,sil,False
93,8212,8205,8160,8216,8206,8154,8206,8187,8300,8185,8190,8210,8173,8195,23.184463262557983,sil,False
94,8197,8185,8166,8211,8216,8149,8204,8183,8242,8203,8204,8190,8166,8189,23.192463397979736,sil,False
95,8209,8188,8149,8215,8232,8154,8208,8184,8250,8209,8203,8185,8159,8199,23.19947528839112,sil,False
96,8197,8190,8132,8205,8222,8146,8202,8181,8288,8189,8188,8194,8161,8191,23.207066297531128,sil,False
97,8178,8164,8257,8197,8229,8132,8211,8175,8192,8200,8202,8171,8165,8184,23.21505856513977,sil,False
98,8188,8193,8479,8212,8218,8125,8199,8182,8325,8192,8206,8205,8170,8189,23.22347664833069,sil,False
99,8167,8169,8516,8199,8226,8128,8207,8180,8281,8203,8217,8178,8164,8171,23.231520652771,sil,False
100,8178,8173,8457,8206,8237,8137,8213,8190,8261,8208,8208,8171,8166,8173,23.23947548866272,sil,False
101,8193,8194,8462,8217,8231,8137,8213,8198,8355,8200,8190,8193,8170,8177,23.247439861297607,sil,False
102,8183,8171,8432,8204,8249,8145,8217,8181,8258,8222,8207,8164,8162,8175,23.25577211380005,sil,False
103,8176,8189,8316,8207,8228,8149,8188,8175,8308,8193,8188,8183,8160,8163,23.261927843093872,sil,False
103,8176,8189,8316,8207,8228,8149,8188,8175,8308,8193,8188,8183,8160,8163,23.26292061805725,sil,False
104,8153,8167,8172,8192,8220,8143,8191,8170,8226,8178,8167,8159,8154,8140,23.269927263259888,sil,False
105,8154,8166,8135,8182,8234,8149,8199,8179,8185,8198,8172,8168,8159,8157,23.27792191505432,sil,False
106,8161,8185,8168,8189,8224,8154,8195,8201,8306,8204,8180,8200,8173,8178,23.285918951034542,sil,False
107,8178,8161,8151,8192,8235,8157,8227,8200,8225,8211,8196,8161,8168,8190,23.29391884803772,sil,False
108,8193,8184,8160,8200,8231,8160,8218,8195,8292,8188,8194,8196,8170,8203,23.302475690841675,sil,False
108,8193,8184,8160,8200,8231,8160,8218,8195,8292,8188,8194,8196,8170,8203,23.302923440933228,sil,False
109,8164,8172,8175,8197,8230,8151,8196,8189,8278,8207,8209,8197,8173,8188,23.310476064682007,sil,False
110,8175,8164,8169,8203,8236,8140,8192,8183,8230,8224,8210,8181,8165,8185,23.318251132965088,sil,False
111,8167,8177,8152,8198,8221,8127,8178,8176,8275,8178,8180,8196,8160,8169,23.326245546340942,sil,False
112,8158,8162,8142,8196,8241,8137,8194,8176,8161,8188,8197,8167,8164,8162,23.333288192749023,sil,False
113,8214,8203,8178,8223,8250,8161,8205,8191,8277,8215,8209,8204,8178,8190,23.34147596359253,sil,False
114,8191,8189,8170,8208,8245,8159,8197,8180,8284,8212,8205,8193,8165,8174,23.349449396133423,sil,False
115,8162,8166,8138,8197,8238,8150,8187,8170,8181,8193,8200,8167,8154,8162,23.357447147369385,sil,False
116,8190,8194,8145,8204,8228,8154,8184,8183,8289,8188,8189,8207,8170,8179,23.365476846694943,sil,False
117,8194,8173,8145,8196,8262,8162,8205,8180,8226,8232,8214,8185,8174,8189,23.37347722053528,sil,False
118,8189,8186,8149,8215,8259,8152,8187,8181,8274,8220,8217,8196,8176,8193,23.381494760513306,sil,False
119,8176,8179,8131,8209,8239,8143,8181,8185,8267,8199,8212,8190,8173,8176,23.38955450057984,sil,False
120,8183,8164,8129,8195,8251,8158,8199,8182,8180,8217,8219,8173,8166,8179,23.396553993225098,sil,False
121,8181,8181,8148,8201,8238,8153,8180,8181,8284,8198,8200,8203,8166,8180,23.40455389022827,sil,False
122,8164,8158,8123,8190,8238,8142,8188,8178,8197,8197,8208,8175,8162,8165,23.41215491294861,sil,False
123,8184,8182,8129,8198,8236,8148,8191,8190,8226,8187,8210,8193,8166,8170,23.42017674446106,sil,False
124,8172,8179,8133,8196,8233,8137,8182,8184,8248,8179,8197,8193,8167,8161,23.428799152374268,sil,False
125,8176,8156,8125,8191,8247,8137,8192,8170,8156,8196,8201,8164,8165,8169,23.435871601104736,sil,False
125,8176,8156,8125,8191,8247,8137,8192,8170,8156,8196,8201,8164,8165,8169,23.43686151504517,sil,False
126,8194,8190,8149,8202,8236,8150,8182,8180,8268,8168,8195,8198,8168,8179,23.44386458396912,sil,False
126,8194,8190,8149,8202,8236,8150,8182,8180,8268,8168,8195,8198,8168,8179,23.44486188888549,sil,False
127,8170,8171,8140,8193,8243,8144,8185,8181,8193,8178,8200,8171,8163,8162,23.452475786209103,sil,False
240,8185,8180,8142,8203,8240,8140,8187,8181,8209,8189,8192,8180,8165,8171,23.460878372192383,sil,False
0,8186,8187,8154,8202,8224,8146,8189,8176,8264,8176,8188,8194,8168,8175,23.466908931732178,sil,False
1,8174,8164,8149,8191,8226,8140,8189,8167,8160,8183,8197,8162,8162,8168,23.4749219417572,sil,False
1,8174,8164,8149,8191,8226,8140,8189,8167,8160,8183,8197,8162,8162,8168,23.475913763046265,sil,False
2,8181,8183,8152,8197,8206,8128,8168,8174,8249,8169,8181,8193,8166,8173,23.483869552612305,sil,False
3,8167,8161,8133,8189,8213,8134,8184,8180,8197,8188,8192,8171,8165,8176,23.49144959449768,sil,False
4,8182,8168,8142,8194,8214,8140,8186,8185,8199,8195,8190,8172,8166,8184,23.499484062194824,sil,False
5,8175,8175,8146,8193,8194,8135,8170,8182,8260,8178,8177,8192,8170,8181,23.50750494003296,sil,False
6,8168,8156,8116,8192,8199,8144,8183,8172,8158,8193,8191,8165,8165,8185,23.515485525131226,sil,False
7,8189,8185,8119,8197,8180,8142,8172,8174,8239,8179,8174,8189,8167,8182,23.52249431610108,sil,False
8,8174,8162,8129,8181,8182,8129,8179,8170,8183,8178,8176,8167,8167,8171,23.5304753780365,sil,False
9,8186,8161,8142,8191,8195,8137,8193,8179,8175,8186,8184,8177,8172,8201,23.53847622871399,sil,False
10,8185,8180,8139,8193,8185,8135,8183,8187,8270,8187,8171,8202,8175,8205,23.546475648880005,sil,False
11,8182,8159,8127,8185,8189,8123,8185,8179,8166,8210,8180,8160,8165,8191,23.55517768859864,sil,False
12,8210,8185,8150,8198,8171,8123,8171,8184,8250,8187,8177,8187,8169,8203,23.562172651290894,sil,False
13,8185,8166,8133,8182,8172,8122,8168,8175,8212,8174,8179,8173,8165,8183,23.570796251297,sil,False
14,8180,8162,8121,8182,8184,8124,8168,8163,8146,8181,8176,8155,8159,8163,23.57847547531128,sil,False
15,8187,8185,8139,8194,8176,8126,8165,8169,8225,8170,8164,8178,8166,8155,23.58549833297729,sil,False
16,8183,8157,8124,8179,8187,8132,8193,8177,8139,8192,8182,8155,8168,8162,23.5934956073761,sil,False
17,8198,8175,8129,8184,8167,8127,8188,8188,8228,8186,8178,8185,8174,8176,23.601670503616333,sil,False
18,8179,8164,8135,8183,8165,8114,8177,8178,8205,8185,8180,8172,8172,8160,23.60947561264038,sil,False
19,8182,8162,8146,8182,8190,8131,8183,8171,8148,8198,8199,8159,8171,8178,23.61748194694519,sil,False
20,8188,8185,8162,8183,8175,8140,8180,8182,8272,8186,8195,8187,8175,8196,23.62549376487732,sil,False
21,8176,8152,8144,8176,8176,8131,8184,8180,8165,8200,8197,8146,8165,8183,23.63347697257996,goodbye,True
22,8192,8173,8141,8183,8176,8136,8164,8172,8178,8170,8177,8161,8161,8177,23.640475511550903,goodbye,True
23,8174,8167,8132,8171,8181,8148,8165,8163,8177,8151,8170,8159,8161,8163,23.64850497245789,goodbye,True
24,8173,8153,8134,8177,8194,8155,8190,8168,8131,8177,8183,8140,8166,8168,23.656778573989868,goodbye,True
25,8183,8180,8141,8189,8177,8147,8175,8174,8215,8155,8163,8168,8170,8165,23.664779663085938,goodbye,True
26,8168,8153,8118,8171,8184,8145,8173,8162,8091,8150,8166,8139,8157,8150,23.672792196273804,goodbye,True
27,8187,8168,8141,8181,8186,8151,8173,8170,8152,8156,8173,8160,8163,8167,23.68047142028809,goodbye,True
28,8178,8172,8158,8181,8181,8142,8169,8173,8204,8167,8178,8162,8171,8164,23.688475370407104,goodbye,True
29,8169,8155,8147,8173,8191,8138,8171,8171,8115,8191,8184,8138,8166,8163,23.6961727142334,goodbye,True
30,8169,8171,8151,8177,8180,8137,8161,8174,8206,8173,8170,8174,8167,8169,23.70346474647522,goodbye,True
31,8151,8148,8135,8164,8189,8143,8179,8161,8128,8173,8178,8142,8165,8160,23.7114646434784,goodbye,True
32,8175,8166,8141,8170,8181,8152,8175,8167,8158,8172,8173,8144,8166,8163,23.719475746154785,goodbye,True
33,8174,8165,8137,8167,8166,8146,8155,8176,8197,8175,8171,8154,8162,8156,23.72761869430542,goodbye,True
34,8178,8149,8121,8168,8189,8151,8171,8171,8112,8195,8187,8138,8160,8164,23.735865592956543,goodbye,True
35,8201,8185,8140,8185,8193,8166,8177,8180,8241,8174,8181,8178,8169,8180,23.743555068969727,goodbye,True
36,8187,8163,8141,8181,8200,8157,8178,8177,8190,8194,8195,8156,8166,8177,23.75156092643737,goodbye,True
37,8206,8171,8153,8195,8192,8133,8156,8173,8183,8208,8193,8162,8169,8188,23.75947523117065,goodbye,True
38,8197,8181,8157,8191,8173,8131,8153,8173,8221,8181,8184,8169,8177,8180,23.76744031906128,goodbye,True
39,8170,8156,8140,8172,8184,8144,8171,8169,8110,8181,8193,8136,8172,8170,23.7754328250885,goodbye,True
40,8179,8176,8156,8177,8167,8132,8145,8170,8199,8172,8172,8172,8166,8175,23.78347587585449,goodbye,True
41,8167,8152,8150,8166,8166,8124,8152,8172,8147,8181,8168,8151,8161,8170,23.79050350189209,goodbye,True
42,8180,8158,8154,8174,8178,8134,8167,8181,8138,8173,8169,8149,8165,8182,23.798499584198,goodbye,True
43,8187,8175,8153,8180,8177,8130,8153,8177,8208,8155,8163,8168,8170,8183,23.80647611618042,goodbye,True
44,8179,8150,8117,8166,8190,8136,8166,8169,8100,8184,8180,8135,8163,8179,23.81447744369507,goodbye,True
45,8181,8169,8117,8166,8173,8145,8159,8175,8172,8171,8162,8166,8155,8174,23.822783708572388,goodbye,True
46,8161,8155,8121,8160,8169,8132,8149,8161,8113,8150,8148,8149,8150,8152,23.83073902130127,goodbye,True
47,8184,8161,8135,8171,8178,8131,8150,8155,8080,8143,8151,8138,8159,8157,23.838184356689453,goodbye,True
48,8183,8174,8139,8171,8171,8142,8152,8165,8176,8145,8153,8164,8165,8155,23.84618043899536,goodbye,True
49,8154,8141,8117,8152,8183,8142,8163,8160,8070,8173,8170,8138,8155,8148,23.85318064689636,goodbye,True
50,8161,8165,8124,8161,8168,8125,8146,8162,8130,8145,8158,8165,8167,8157,23.861480951309204,goodbye,True
51,8152,8159,8121,8163,8164,8119,8146,8164,8113,8145,8162,8154,8175,8155,23.86948108673096,goodbye,True
52,8164,8154,8127,8168,8178,8141,8156,8168,8094,8167,8177,8144,8170,8169,23.87744379043579,goodbye,True
53,8166,8169,8130,8167,8166,8145,8138,8170,8193,8157,8166,8170,8170,8167,23.88547968864441,goodbye,True
53,8166,8169,8130,8167,8166,8145,8138,8170,8193,8157,8166,8170,8170,8167,23.88584327697754,goodbye,True
54,8151,8142,8115,8154,8180,8143,8147,8165,8089,8179,8175,8138,8163,8159,23.89385199546814,goodbye,True
55,8174,8166,8139,8169,8176,8145,8142,8167,8158,8165,8166,8162,8163,8166,23.90185284614563,goodbye,True
56,8161,8158,8137,8167,8164,8115,8129,8156,8137,8139,8151,8154,8159,8150,23.90989565849304,goodbye,True
57,8165,8148,8125,8161,8171,8100,8129,8152,8054,8147,8156,8142,8164,8162,23.916524410247803,goodbye,True
58,8178,8178,8142,8166,8170,8115,8128,8165,8183,8150,8164,8181,8178,8179,23.923880338668823,goodbye,True
58,8178,8178,8142,8166,8170,8115,8128,8165,8183,8150,8164,8181,8178,8179,23.92486834526062,goodbye,True
59,8168,8166,8139,8170,8197,8124,8150,8168,8117,8175,8190,8154,8171,8172,23.93187522888184,goodbye,True
59,8168,8166,8139,8170,8197,8124,8150,8168,8117,8175,8190,8154,8171,8172,23.932867527008057,goodbye,True
60,8183,8186,8160,8193,8202,8122,8151,8180,8171,8170,8193,8173,8174,8185,23.9404776096344,goodbye,True
61,8176,8171,8167,8190,8199,8125,8154,8184,8205,8176,8193,8176,8177,8189,23.948477745056152,goodbye,True
62,8180,8155,8149,8186,8210,8125,8156,8172,8124,8189,8194,8157,8168,8192,23.956477165222168,goodbye,True
63,8182,8183,8147,8181,8191,8105,8129,8165,8194,8147,8174,8184,8169,8182,23.96487808227539,goodbye,True
64,8160,8155,8133,8164,8196,8112,8145,8160,8102,8151,8190,8157,8167,8166,23.972521543502808,goodbye,True
65,8180,8177,8141,8188,8197,8136,8150,8165,8146,8165,8200,8174,8168,8178,23.97952127456665,goodbye,True
66,8175,8184,8134,8195,8195,8131,8137,8157,8169,8161,8193,8176,8168,8167,23.987289428710938,goodbye,True
67,8171,8157,8124,8180,8212,8125,8148,8146,8062,8162,8199,8153,8166,8161,23.995286226272583,goodbye,True
68,8190,8184,8155,8193,8206,8131,8145,8164,8195,8157,8203,8195,8179,8178,24.00347638130188,goodbye,True
69,8188,8169,8155,8192,8222,8143,8160,8173,8177,8200,8232,8179,8181,8187,24.01147508621216,goodbye,True
70,8203,8184,8165,8191,8222,8154,8179,8185,8215,8206,8230,8196,8176,8207,24.01947546005249,goodbye,True
71,8190,8184,8166,8175,8204,8147,8179,8188,8253,8170,8207,8202,8174,8203,24.02750253677368,goodbye,True
72,8197,8151,8157,8171,8216,8135,8173,8176,8152,8183,8214,8171,8177,8212,24.035024166107178,goodbye,True
72,8197,8151,8157,8171,8216,8135,8173,8176,8152,8183,8214,8171,8177,8212,24.036035537719727,goodbye,True
73,8227,8184,8184,8187,8199,8136,8155,8188,8274,8192,8214,8215,8182,8234,24.04347586631775,goodbye,True
74,8206,8178,8183,8182,8199,8144,8171,8186,8214,8194,8222,8192,8171,8220,24.05047607421875,goodbye,True
75,8209,8179,8181,8194,8212,8155,8168,8171,8183,8180,8216,8186,8173,8216,24.05847549438477,goodbye,True
76,8208,8179,8172,8189,8207,8159,8160,8169,8249,8172,8205,8201,8171,8206,24.06647562980652,goodbye,True
77,8208,8158,8155,8176,8217,8165,8182,8173,8162,8197,8215,8169,8155,8200,24.0746910572052,goodbye,True
78,8222,8189,8171,8189,8203,8165,8165,8179,8244,8187,8197,8195,8160,8203,24.08269166946411,goodbye,True
79,8190,8167,8159,8179,8203,8158,8160,8170,8173,8187,8198,8176,8164,8187,24.09068918228149,goodbye,True
80,8188,8161,8142,8177,8203,8166,8171,8171,8137,8180,8195,8172,8163,8185,24.09768915176392,goodbye,True
80,8188,8161,8142,8177,8203,8166,8171,8171,8137,8180,8195,8172,8163,8185,24.098690509796143,goodbye,True
81,8191,8173,8140,8175,8189,8167,8165,8173,8212,8155,8176,8193,8164,8183,24.10668992996216,goodbye,True
82,8182,8146,8132,8158,8207,8158,8164,8161,8100,8168,8185,8165,8163,8181,24.113689661026,goodbye,True
83,8193,8168,8140,8162,8197,8145,8143,8157,8158,8150,8165,8186,8166,8178,24.12169599533081,goodbye,True
84,8179,8155,8127,8157,8196,8138,8151,8153,8114,8148,8162,8168,8162,8164,24.129695415496823,goodbye,True
85,8186,8152,8127,8159,8200,8150,8161,8160,8086,8161,8174,8168,8162,8175,24.1372013092041,goodbye,True
86,8184,8167,8140,8157,8181,8154,8144,8165,8175,8154,8162,8197,8165,8170,24.14520072937012,goodbye,True
87,8183,8152,8141,8155,8202,8158,8163,8165,8085,8179,8175,8160,8158,8168,24.15324687957764,goodbye,True
88,8199,8179,8166,8168,8209,8166,8164,8178,8179,8167,8171,8180,8163,8190,24.161203622818,goodbye,True
89,8154,8153,8151,8143,8197,8162,8153,8169,8151,8149,8165,8167,8165,8167,24.16947603225708,goodbye,True
90,8160,8151,8133,8148,8192,8166,8163,8169,8087,8164,8171,8154,8161,8158,24.17738556861877,goodbye,True
91,8198,8189,8143,8170,8192,8167,8170,8185,8215,8164,8172,8192,8171,8175,24.18447542190552,goodbye,True
92,8180,8160,8130,8152,8214,8165,8179,8178,8123,8180,8186,8157,8167,8179,24.19260144233704,goodbye,True
93,8176,8175,8139,8157,8199,8161,8166,8175,8157,8159,8175,8173,8162,8178,24.200474739074707,goodbye,True
94,8170,8170,8130,8163,8187,8151,8173,8174,8157,8147,8170,8180,8160,8163,24.208763360977173,goodbye,True
95,8185,8157,8113,8155,8192,8158,8192,8171,8088,8171,8165,8156,8162,8170,24.21675968170166,sil,False
96,8178,8178,8129,8145,8164,8156,8170,8169,8166,8141,8143,8176,8166,8163,24.22457981109619,sil,False
97,8144,8150,8130,8138,8170,8150,8167,8164,8062,8131,8153,8150,8155,8140,24.23247551918029,sil,False
98,8177,8170,8137,8152,8172,8160,8168,8175,8124,8136,8146,8168,8155,8155,24.240458488464355,sil,False
99,8188,8177,8126,8145,8169,8172,8179,8179,8183,8149,8150,8180,8167,8164,24.247540712356567,sil,False
100,8193,8169,8122,8157,8191,8185,8203,8183,8133,8180,8174,8173,8174,8182,24.25554132461548,sil,False
101,8207,8192,8137,8174,8180,8188,8196,8191,8250,8170,8156,8198,8172,8195,24.263534784317017,sil,False
102,8175,8153,8108,8146,8173,8179,8193,8174,8145,8164,8151,8153,8156,8176,24.271475553512573,sil,False
103,8176,8162,8112,8146,8163,8172,8181,8174,8148,8152,8149,8170,8156,8175,24.279476404190063,sil,False
104,8182,8171,8134,8152,8159,8179,8187,8182,8206,8156,8146,8189,8163,8172,24.287439584732056,sil,False
104,8182,8171,8134,8152,8159,8179,8187,8182,8206,8156,8146,8189,8163,8172,24.2879331111908,sil,False
105,8180,8153,8139,8144,8174,8192,8203,8174,8119,8167,8157,8157,8162,8172,24.2955584526062,sil,False
106,8176,8185,8157,8154,8160,8186,8178,8178,8217,8143,8146,8185,8166,8172,24.303722858428955,sil,False
107,8174,8168,8143,8155,8174,8183,8188,8180,8168,8168,8147,8162,8164,8170,24.3117196559906,sil,False
108,8200,8172,8141,8157,8179,8190,8192,8175,8178,8170,8142,8171,8166,8186,24.31872010231018,sil,False
109,8179,8179,8148,8158,8165,8186,8178,8177,8230,8148,8140,8186,8169,8180,24.32576894760132,sil,False
109,8179,8179,8148,8158,8165,8186,8178,8177,8230,8148,8140,8186,8169,8180,24.32677006721497,sil,False
110,8166,8159,8133,8157,8176,8190,8190,8176,8135,8170,8158,8148,8166,8178,24.33376836776733,sil,False
111,8185,8182,8134,8155,8161,8180,8176,8171,8211,8143,8136,8175,8166,8176,24.34227561950684,sil,False
112,8165,8167,8138,8143,8164,8164,8177,8163,8133,8143,8124,8158,8157,8153,24.35027885437012,sil,False
113,8175,8177,8167,8162,8177,8176,8189,8173,8141,8167,8140,8164,8165,8167,24.358469247818,sil,False
114,8177,8186,8166,8168,8162,8178,8187,8183,8239,8162,8156,8184,8179,8174,24.366839170455933,sil,False
115,8173,8157,8132,8153,8170,8172,8199,8176,8122,8170,8165,8151,8169,8166,24.37384438514709,sil,False
115,8173,8157,8132,8153,8170,8172,8199,8176,8122,8170,8165,8151,8169,8166,24.374838829040527,sil,False
116,8191,8180,8154,8158,8166,8169,8187,8166,8183,8143,8141,8179,8159,8167,24.38083791732788,sil,False
116,8191,8180,8154,8158,8166,8169,8187,8166,8183,8143,8141,8179,8159,8167,24.381839513778687,sil,False
117,8155,8162,8161,8146,8165,8149,8167,8145,8130,8130,8148,8163,8157,8147,24.38947629928589,sil,False
118,8154,8163,8147,8155,8163,8140,8152,8153,8086,8136,8148,8149,8162,8148,24.397438764572144,sil,False
119,8175,8180,8148,8163,8161,8148,8156,8173,8166,8128,8120,8164,8168,8155,24.40532493591309,sil,False
120,8173,8157,8158,8156,8190,8160,8184,8166,8082,8145,8144,8147,8170,8165,24.413338661193848,sil,False
121,8184,8191,8185,8175,8171,8165,8175,8178,8198,8153,8162,8191,8179,8188,24.421475410461422,sil,False
122,8169,8171,8156,8161,8159,8158,8176,8178,8189,8168,8160,8170,8171,8179,24.42947506904602,sil,False
122,8169,8171,8156,8161,8159,8158,8176,8178,8189,8168,8160,8170,8171,8179,24.42994523048401,sil,False
123,8158,8145,8133,8149,8176,8153,8181,8164,8096,8145,8146,8149,8163,8170,24.43748188018799,sil,False
124,8153,8165,8150,8160,8160,8157,8158,8164,8155,8102,8127,8176,8163,8159,24.44447946548462,sil,False
125,8156,8150,8137,8160,8167,8171,8165,8161,8052,8128,8139,8139,8153,8151,24.452475547790527,sil,False
126,8184,8180,8142,8170,8178,8175,8169,8169,8129,8120,8142,8168,8160,8159,24.460477113723755,sil,False
127,8171,8177,8146,8162,8182,8173,8180,8169,8143,8114,8146,8174,8163,8149,24.46850109100341,sil,False
240,8174,8163,8153,8165,8180,8179,8180,8162,8076,8136,8141,8149,8153,8155,24.476496696472168,sil,False
0,8176,8181,8164,8168,8162,8160,8156,8165,8164,8118,8120,8173,8160,8155,24.484477519989014,sil,False
1,8155,8155,8146,8147,8178,8145,8173,8164,8068,8128,8135,8152,8166,8144,24.49281549453736,sil,False
2,8177,8174,8157,8158,8178,8157,8175,8170,8135,8135,8138,8176,8170,8168,24.49981689453125,sil,False
2,8177,8174,8157,8158,8178,8157,8175,8170,8135,8135,8138,8176,8170,8168,24.50081753730774,sil,False
3,8170,8173,8168,8162,8170,8156,8169,8172,8171,8143,8144,8174,8170,8177,24.507438898086548,sil,False
4,8167,8158,8167,8153,8169,8147,8173,8162,8082,8150,8150,8148,8168,8175,24.515554904937744,sil,False
5,8172,8179,8174,8154,8148,8145,8159,8156,8161,8112,8123,8175,8171,8163,24.523574352264404,sil,False
6,8159,8159,8167,8155,8164,8142,8169,8158,8084,8125,8128,8147,8163,8154,24.53157925605774,sil,False
7,8190,8186,8194,8180,8175,8139,8175,8178,8151,8143,8138,8168,8164,8174,24.539470672607425,sil,False
8,8187,8181,8197,8182,8179,8135,8179,8178,8197,8146,8138,8173,8168,8166,24.546999216079712,sil,False
8,8187,8181,8197,8182,8179,8135,8179,8178,8197,8146,8138,8173,8168,8166,24.547993898391724,sil,False
9,8180,8151,8173,8171,8197,8134,8191,8166,8099,8160,8143,8144,8167,8166,24.55499196052552,sil,False
9,8180,8151,8173,8171,8197,8134,8191,8166,8099,8160,8143,8144,8167,8166,24.55599594116211,sil,False
10,8188,8176,8176,8170,8175,8125,8173,8175,8195,8136,8135,8179,8174,8179,24.563475847244263,sil,False
11,8168,8159,8156,8161,8180,8120,8180,8176,8134,8150,8158,8156,8179,8175,24.57119059562683,sil,False
12,8178,8178,8151,8177,8188,8130,8184,8182,8176,8175,8164,8165,8184,8190,24.578205823898315,sil,False
13,8167,8190,8151,8173,8177,8137,8181,8183,8231,8173,8153,8176,8177,8192,24.58620429039001,sil,False
14,8167,8169,8149,8161,8190,8143,8192,8174,8124,8176,8172,8154,8171,8197,24.59463810920716,sil,False
15,8188,8189,8167,8172,8186,8140,8176,8182,8217,8153,8165,8188,8174,8200,24.602638006210327,sil,False
16,8160,8157,8135,8156,8185,8138,8176,8173,8129,8146,8154,8155,8156,8170,24.610645532608032,sil,False
17,8165,8158,8124,8158,8181,8143,8174,8163,8094,8132,8141,8150,8151,8159,24.61866807937622,sil,False
18,8174,8184,8150,8171,8181,8138,8173,8173,8178,8129,8143,8175,8168,8161,24.62647032737732,sil,False
19,8175,8173,8152,8175,8203,8153,8198,8182,8116,8162,8172,8154,8172,8175,24.634464263916016,sil,False
20,8189,8189,8164,8186,8188,8165,8185,8186,8224,8156,8169,8182,8173,8185,24.64099669456482,sil,False
20,8189,8189,8164,8186,8188,8165,8185,8186,8224,8156,8169,8182,8173,8185,24.64199161529541,sil,False
21,8166,8165,8155,8180,8191,8152,8180,8179,8187,8172,8177,8157,8174,8174,24.649475574493408,sil,False
22,8167,8173,8144,8178,8204,8154,8189,8185,8167,8185,8184,8155,8171,8190,24.657439947128296,sil,False
23,8168,8187,8145,8176,8198,8169,8182,8190,8232,8176,8177,8181,8166,8193,24.66547536849976,sil,False
24,8180,8160,8150,8188,8222,8177,8194,8180,8149,8198,8201,8154,8168,8194,24.673460006713867,sil,False
25,8212,8194,8182,8213,8211,8178,8189,8184,8262,8175,8200,8185,8176,8202,24.681457996368408,sil,False
26,8187,8186,8172,8196,8202,8182,8186,8178,8222,8166,8191,8173,8163,8173,24.689475297927856,sil,False
27,8192,8180,8163,8191,8217,8190,8187,8175,8170,8187,8182,8158,8157,8167,24.697438716888428,sil,False
28,8195,8186,8176,8190,8209,8186,8179,8182,8255,8174,8180,8178,8166,8166,24.70447564125061,sil,False
29,8176,8157,8178,8177,8216,8183,8197,8182,8154,8186,8206,8161,8166,8168,24.71247696876526,sil,False
30,8194,8192,8193,8192,8212,8189,8196,8188,8247,8186,8197,8195,8174,8192,24.72047543525696,sil,False
31,8176,8182,8175,8187,8215,8188,8184,8179,8234,8186,8196,8171,8171,8179,24.72850608825684,sil,False
32,8181,8168,8165,8184,8220,8192,8185,8172,8159,8196,8206,8150,8165,8171,24.73601603507996,sil,False
33,8196,8191,8175,8186,8204,8193,8188,8183,8273,8186,8193,8186,8170,8187,24.7441041469574,sil,False
34,8181,8165,8156,8179,8223,8194,8207,8188,8202,8201,8202,8153,8163,8193,24.75247550010681,sil,False
35,8201,8190,8175,8202,8225,8203,8197,8193,8251,8186,8190,8171,8161,8188,24.760154247283936,sil,False
36,8196,8187,8183,8202,8224,8203,8197,8180,8235,8171,8179,8173,8158,8163,24.768155097961422,sil,False
37,8193,8164,8170,8192,8234,8201,8205,8181,8165,8185,8191,8157,8155,8169,24.77547526359558,sil,False
38,8197,8180,8175,8189,8216,8198,8192,8201,8300,8193,8203,8193,8174,8188,24.78347635269165,sil,False
39,8183,8164,8166,8182,8230,8203,8205,8197,8230,8225,8230,8171,8179,8191,24.79151201248169,sil,False
40,8206,8192,8178,8205,8241,8212,8196,8204,8263,8213,8217,8187,8174,8202,24.79947543144226,sil,False
41,8206,8188,8171,8201,8242,8211,8196,8201,8283,8199,8207,8189,8169,8196,24.807438850402832,sil,False
41,8206,8188,8171,8201,8242,8211,8196,8201,8283,8199,8207,8189,8169,8196,24.807966947555546,sil,False
42,8190,8166,8149,8190,8247,8206,8210,8183,8207,8220,8232,8170,8169,8206,24.81498336791992,sil,False
42,8190,8166,8149,8190,8247,8206,8210,8183,8207,8220,8232,8170,8169,8206,24.81597828865052,sil,False
43,8188,8196,8151,8200,8225,8189,8185,8190,8303,8211,8227,8196,8174,8212,24.822988986969,sil,False
44,8193,8178,8139,8192,8231,8185,8186,8189,8199,8217,8223,8160,8164,8193,24.83034873008728,sil,False
45,8203,8180,8156,8193,8218,8184,8179,8171,8187,8179,8204,8170,8157,8187,24.837873458862305,sil,False
45,8203,8180,8156,8193,8218,8184,8179,8171,8187,8179,8204,8170,8157,8187,24.83887386322021,sil,False
46,8173,8173,8162,8187,8195,8168,8159,8161,8195,8145,8188,8177,8158,8166,24.8468816280365,sil,False
47,8178,8158,8147,8183,8216,8170,8173,8175,8112,8180,8214,8158,8166,8163,24.85447597503662,sil,False
48,8202,8180,8159,8185,8212,8172,8175,8191,8238,8181,8218,8199,8172,8176,24.862499237060547,sil,False
49,8183,8154,8161,8178,8220,8169,8182,8182,8184,8190,8221,8170,8159,8177,24.870206117630005,sil,False
50,8194,8173,8179,8203,8231,8179,8180,8182,8203,8204,8216,8172,8163,8198,24.87820792198181,sil,False
51,8181,8179,8175,8195,8213,8170,8172,8183,8250,8197,8201,8183,8167,8188,24.886476278305054,sil,False
52,8164,8140,8153,8165,8211,8158,8180,8177,8114,8190,8200,8149,8159,8166,24.89447593688965,sil,False
53,8172,8168,8169,8182,8210,8169,8173,8181,8199,8161,8183,8181,8160,8165,24.90147566795349,sil,False
54,8158,8160,8161,8192,8225,8174,8188,8172,8156,8168,8180,8162,8155,8155,24.91035914421081,sil,False
55,8169,8165,8157,8183,8220,8167,8185,8166,8120,8158,8170,8157,8154,8149,24.91704249382019,sil,False
55,8169,8165,8157,8183,8220,8167,8185,8166,8120,8158,8170,8157,8154,8149,24.91803479194641,sil,False
56,8158,8170,8155,8164,8201,8158,8168,8168,8163,8130,8164,8173,8159,8125,24.9250557422638,sil,False
56,8158,8170,8155,8164,8201,8158,8168,8168,8163,8130,8164,8173,8159,8125,24.926051139831543,sil,False
57,8150,8143,8141,8163,8217,8158,8181,8167,8072,8158,8190,8145,8162,8131,24.933764219284058,sil,False
58,8179,8176,8156,8182,8202,8143,8162,8170,8176,8154,8182,8179,8168,8159,24.941070079803467,sil,False
58,8179,8176,8156,8182,8202,8143,8162,8170,8176,8154,8182,8179,8168,8159,24.942071676254272,sil,False
59,8162,8165,8152,8170,8194,8130,8158,8161,8134,8152,8182,8164,8161,8152,24.94907546043396,sil,False
59,8162,8165,8152,8170,8194,8130,8158,8161,8134,8152,8182,8164,8161,8152,24.950069665908813,sil,False
60,8166,8166,8160,8178,8199,8153,8179,8173,8120,8171,8201,8160,8163,8163,24.9581151008606,sil,False
61,8180,8185,8182,8190,8194,8166,8181,8194,8239,8178,8204,8190,8175,8176,24.96412396430969,sil,False
61,8180,8185,8182,8190,8194,8166,8181,8194,8239,8178,8204,8190,8175,8176,24.96515321731568,sil,False
62,8164,8156,8162,8173,8214,8161,8186,8179,8133,8190,8201,8156,8165,8170,24.97247052192688,sil,False
63,8164,8173,8145,8167,8201,8156,8170,8168,8168,8157,8176,8174,8157,8162,24.98048233985901,sil,False
64,8157,8162,8138,8162,8190,8155,8165,8162,8125,8152,8170,8162,8158,8150,24.98848295211792,sil,False
65,8180,8167,8158,8180,8194,8170,8172,8162,8083,8164,8160,8149,8159,8157,24.99647545814514,sil,False
66,8179,8186,8161,8188,8180,8177,8163,8167,8176,8139,8136,8172,8158,8142,25.004930019378666,sil,False
67,8154,8152,8127,8166,8188,8177,8173,8163,8075,8156,8159,8142,8156,8133,25.01293420791626,sil,False
68,8181,8176,8152,8179,8181,8180,8176,8173,8155,8162,8160,8169,8172,8165,25.02079486846924,sil,False
69,8180,8175,8169,8190,8188,8172,8191,8177,8171,8165,8153,8168,8173,8170,25.028007984161377,sil,False
69,8180,8175,8169,8190,8188,8172,8191,8177,8171,8165,8153,8168,8173,8170,25.028999090194706,sil,False
70,8173,8168,8161,8193,8208,8158,8200,8181,8119,8182,8162,8156,8161,8170,25.03600525856018,sil,False
70,8173,8168,8161,8193,8208,8158,8200,8181,8119,8182,8162,8156,8161,8170,25.03708052635193,sil,False
71,8169,8191,8171,8187,8183,8148,8184,8188,8220,8166,8154,8183,8166,8172,25.043476343154907,sil,False
72,8154,8162,8167,8166,8180,8151,8198,8180,8120,8179,8160,8151,8166,8165,25.05211353302002,sil,False
73,8179,8178,8179,8180,8189,8154,8193,8183,8168,8187,8144,8172,8162,8171,25.059717893600464,sil,False
74,8174,8177,8172,8184,8197,8150,8185,8179,8182,8176,8134,8169,8155,8157,25.06772089004517,sil,False
75,8174,8166,8162,8185,8202,8149,8190,8170,8089,8162,8140,8146,8158,8150,25.07573103904724,sil,False
76,8185,8189,8176,8193,8178,8139,8178,8178,8190,8152,8129,8180,8172,8148,25.08347082138061,sil,False
77,8171,8167,8169,8184,8187,8138,8193,8177,8129,8192,8148,8153,8171,8152,25.0919029712677,sil,False
78,8184,8183,8176,8191,8183,8144,8181,8175,8160,8176,8143,8167,8168,8173,25.09890103340149,sil,False
79,8161,8173,8171,8178,8168,8134,8158,8163,8167,8147,8128,8172,8161,8153,25.10689949989319,sil,False
80,8154,8151,8167,8172,8180,8132,8172,8161,8082,8183,8138,8150,8158,8145,25.11447596549988,sil,False
81,8172,8180,8185,8188,8167,8131,8173,8174,8200,8178,8132,8189,8169,8166,25.12247586250305,sil,False
82,8150,8155,8157,8172,8175,8123,8181,8167,8114,8173,8136,8164,8165,8166,25.13091015815735,sil,False
83,8166,8172,8157,8172,8181,8130,8180,8170,8117,8172,8124,8169,8160,8163,25.13803553581237,sil,False
83,8166,8172,8157,8172,8181,8130,8180,8170,8117,8172,8124,8169,8160,8163,25.13903880119324,sil,False
84,8166,8184,8174,8175,8163,8139,8173,8171,8173,8159,8112,8179,8158,8143,25.14604020118713,sil,False
85,8163,8157,8168,8174,8167,8142,8180,8157,8069,8155,8118,8148,8152,8135,25.154476404190063,sil,False
86,8180,8182,8174,8182,8159,8140,8171,8164,8153,8135,8098,8173,8157,8142,25.162475109100345,sil,False
87,8160,8166,8154,8167,8172,8147,8180,8173,8103,8157,8109,8155,8157,8136,25.16920590400696,sil,False
88,8175,8170,8164,8176,8181,8162,8186,8182,8136,8179,8131,8171,8168,8159,25.17919969558716,sil,False
89,8186,8185,8193,8187,8176,8157,8180,8182,8235,8177,8144,8195,8185,8176,25.185199737548828,sil,False
90,8177,8165,8182,8180,8193,8151,8188,8173,8136,8198,8162,8166,8177,8177,25.193199157714844,sil,False
91,8170,8178,8177,8173,8178,8151,8171,8175,8203,8185,8148,8190,8168,8175,25.2011992931366,sil,False
92,8141,8152,8168,8157,8172,8151,8175,8173,8155,8188,8151,8166,8163,8161,25.20925235748291,sil,False
93,8171,8163,8177,8176,8183,8161,8187,8180,8154,8193,8154,8163,8162,8173,25.21707653999329,sil,False
93,8171,8163,8177,8176,8183,8161,8187,8180,8154,8193,8154,8163,8162,8173,25.217872858047485,sil,False
94,8179,8185,8184,8189,8182,8162,8184,8181,8233,8179,8139,8185,8163,8169,25.224884033203125,sil,False
94,8179,8185,8184,8189,8182,8162,8184,8181,8233,8179,8139,8185,8163,8169,25.22588348388672,sil,False
95,8164,8159,8180,8182,8194,8159,8195,8172,8122,8188,8145,8149,8163,8161,25.231884479522705,sil,False
95,8164,8159,8180,8182,8194,8159,8195,8172,8122,8188,8145,8149,8163,8161,25.23286461830139,sil,False
96,8189,8188,8210,8190,8185,8161,8179,8178,8206,8161,8128,8177,8168,8168,25.240230083465576,sil,False
97,8180,8171,8203,8178,8185,8159,8175,8172,8163,8157,8121,8163,8158,8146,25.248274326324463,sil,False
98,8175,8159,8194,8178,8182,8159,8175,8161,8099,8166,8131,8155,8156,8139,25.25622844696045,sil,False
99,8169,8180,8195,8182,8163,8152,8161,8166,8190,8152,8122,8184,8165,8143,25.26439380645752,sil,False
100,8166,8161,8169,8173,8178,8149,8183,8174,8095,8182,8122,8152,8160,8149,25.272767305374146,sil,False
101,8181,8179,8176,8177,8175,8148,8181,8179,8150,8169,8114,8175,8167,8156,25.28076720237732,sil,False
102,8153,8161,8172,8162,8175,8138,8176,8169,8142,8151,8123,8172,8173,8148,25.2878258228302,sil,False
102,8153,8161,8172,8162,8175,8138,8176,8169,8142,8151,8123,8172,8173,8148,25.28882431983948,sil,False
103,8165,8159,8170,8168,8190,8142,8180,8176,8123,8175,8136,8162,8169,8178,25.29547762870789,sil,False
104,8192,8188,8187,8189,8177,8146,8169,8188,8230,8177,8121,8187,8166,8185,25.303507328033447,sil,False
105,8182,8159,8181,8175,8183,8144,8184,8168,8101,8174,8120,8153,8153,8158,25.311506748199463,sil,False
106,8182,8174,8199,8169,8176,8147,8175,8163,8140,8147,8120,8176,8154,8164,25.31947946548462,sil,False
107,8171,8175,8209,8176,8181,8155,8174,8177,8175,8152,8129,8177,8162,8157,25.32744264602661,sil,False
108,8183,8166,8195,8186,8201,8168,8193,8177,8107,8167,8119,8150,8160,8139,25.335902452468872,sil,False
109,8172,8179,8180,8174,8176,8162,8180,8170,8176,8147,8098,8174,8163,8130,25.34290623664856,sil,False
110,8146,8152,8162,8156,8178,8151,8187,8173,8106,8175,8137,8157,8170,8145,25.350907564163208,sil,False
111,8180,8177,8180,8176,8183,8161,8188,8191,8184,8175,8147,8180,8174,8175,25.35790657997132,sil,False
112,8172,8172,8164,8172,8176,8167,8179,8179,8187,8149,8120,8171,8159,8160,25.36591506004333,sil,False
112,8172,8172,8164,8172,8176,8167,8179,8179,8187,8149,8120,8171,8159,8160,25.36690926551819,sil,False
113,8158,8151,8139,8161,8181,8166,8175,8158,8069,8152,8115,8145,8155,8155,25.37391757965088,sil,False
113,8158,8151,8139,8161,8181,8166,8175,8158,8069,8152,8115,8145,8155,8155,25.374940395355225,sil,False
114,8166,8176,8160,8165,8157,8157,8155,8161,8168,8134,8117,8184,8169,8167,25.382286310195923,sil,False
115,8148,8151,8150,8153,8155,8153,8164,8159,8086,8142,8135,8148,8162,8152,25.390273571014404,sil,False
116,8165,8168,8143,8167,8166,8161,8170,8163,8106,8149,8134,8156,8162,8150,25.398274898529053,sil,False
117,8157,8173,8147,8167,8177,8165,8172,8166,8159,8154,8144,8175,8165,8150,25.406476974487305,sil,False
118,8152,8155,8157,8163,8190,8177,8181,8173,8084,8167,8162,8147,8157,8153,25.41447806358337,sil,False
119,8184,8190,8176,8185,8178,8177,8169,8191,8192,8142,8131,8177,8159,8145,25.42086815834045,sil,False
119,8184,8190,8176,8185,8178,8177,8169,8191,8192,8142,8131,8177,8159,8145,25.42187786102295,sil,False
120,8184,8169,8161,8179,8199,8176,8184,8185,8119,8147,8140,8163,8158,8135,25.428877353668213,sil,False
120,8184,8169,8161,8179,8199,8176,8184,8185,8119,8147,8140,8163,8158,8135,25.429876565933228,sil,False
121,8176,8161,8168,8174,8201,8179,8184,8179,8120,8149,8159,8169,8160,8155,25.43743324279785,sil,False
122,8155,8163,8165,8167,8172,8171,8168,8179,8180,8139,8140,8173,8164,8149,25.445475816726685,sil,False
123,8157,8147,8149,8167,8189,8175,8185,8179,8096,8171,8157,8146,8167,8150,25.45347499847412,sil,False
124,8182,8183,8182,8184,8200,8176,8184,8191,8226,8181,8187,8190,8183,8178,25.461491346359253,sil,False
125,8174,8169,8182,8174,8201,8159,8189,8181,8189,8192,8198,8174,8179,8178,25.46949577331543,sil,False
126,8181,8165,8168,8177,8185,8152,8182,8172,8157,8182,8180,8164,8169,8169,25.47744011878968,sil,False
127,8179,8176,8174,8184,8172,8153,8173,8184,8228,8177,8178,8180,8171,8159,25.48507070541382,sil,False
240,8177,8163,8180,8175,8197,8153,8190,8182,8144,8205,8203,8160,8166,8165,25.4922297000885,sil,False
0,8185,8183,8190,8180,8188,8148,8163,8176,8212,8168,8179,8190,8163,8159,25.50047516822815,sil,False
1,8162,8154,8160,8173,8185,8147,8155,8176,8149,8156,8169,8163,8155,8124,25.508471250534058,sil,False
2,8178,8162,8162,8180,8195,8157,8179,8187,8140,8192,8186,8159,8162,8144,25.51647973060608,sil,False
3,8190,8189,8197,8190,8186,8158,8184,8194,8258,8197,8187,8190,8177,8175,25.52449345588684,sil,False
4,8185,8156,8198,8186,8205,8153,8187,8187,8159,8202,8196,8157,8176,8175,25.53247570991516,sil,False
4,8185,8156,8198,8186,8205,8153,8187,8187,8159,8202,8196,8157,8176,8175,25.532885789871216,sil,False
5,8194,8176,8200,8190,8201,8149,8172,8190,8235,8185,8193,8185,8173,8181,25.540447235107425,sil,False
6,8165,8162,8176,8167,8194,8141,8179,8186,8226,8199,8205,8177,8167,8174,25.548442363739014,sil,False
7,8173,8160,8171,8171,8201,8146,8181,8180,8174,8215,8208,8165,8164,8175,25.55544090270996,sil,False
8,8186,8184,8194,8193,8190,8147,8155,8175,8247,8180,8187,8185,8165,8168,25.563475608825684,sil,False
9,8172,8155,8182,8186,8195,8150,8161,8162,8133,8177,8190,8149,8161,8153,25.571129083633423,sil,False
10,8183,8174,8187,8193,8181,8154,8158,8172,8190,8159,8172,8171,8161,8147,25.579142093658447,sil,False
11,8169,8168,8182,8192,8174,8149,8156,8170,8173,8144,8165,8166,8154,8125,25.5874342918396,sil,False
12,8175,8157,8177,8188,8189,8160,8166,8160,8099,8157,8177,8151,8154,8130,25.595475673675537,sil,False
13,8174,8179,8187,8185,8181,8175,8155,8172,8210,8152,8170,8183,8169,8134,25.60363364219665,sil,False
14,8150,8154,8180,8174,8187,8173,8161,8175,8124,8165,8180,8152,8168,8124,25.61147737503052,sil,False
15,8165,8166,8184,8178,8174,8171,8157,8174,8159,8152,8170,8171,8165,8134,25.61965394020081,sil,False
16,8161,8168,8178,8173,8165,8169,8154,8169,8176,8159,8174,8182,8164,8142,25.626675367355347,sil,False
17,8181,8165,8177,8186,8176,8164,8161,8165,8112,8188,8194,8170,8165,8162,25.63447570800781,sil,False
18,8194,8181,8183,8191,8163,8155,8146,8161,8196,8152,8180,8192,8171,8154,25.642476081848145,sil,False
19,8166,8150,8167,8173,8180,8168,8161,8153,8088,8145,8183,8149,8160,8127,25.65047574043274,sil,False
20,8190,8181,8191,8194,8184,8192,8167,8168,8136,8150,8177,8174,8158,8149,25.65847539901733,sil,False
20,8190,8181,8191,8194,8184,8192,8167,8168,8136,8150,8177,8174,8158,8149,25.659061193466187,sil,False
21,8197,8185,8203,8202,8180,8188,8163,8176,8192,8151,8169,8195,8165,8147,25.666240692138672,sil,False
21,8197,8185,8203,8202,8180,8188,8163,8176,8192,8151,8169,8195,8165,8147,25.667240619659424,sil,False
22,8197,8157,8190,8199,8197,8181,8165,8170,8108,8164,8175,8165,8168,8135,25.674245357513428,sil,False
23,8203,8191,8205,8205,8180,8189,8156,8183,8226,8157,8167,8190,8174,8153,25.682477474212646,sil,False
24,8181,8174,8176,8183,8183,8203,8183,8189,8168,8188,8179,8167,8167,8164,25.68954372406006,sil,False
25,8195,8178,8156,8183,8186,8217,8194,8190,8179,8189,8178,8183,8165,8170,25.6975166797638,sil,False
26,8192,8181,8169,8185,8180,8228,8184,8187,8234,8156,8175,8194,8162,8160,25.705551147460938,sil,False
27,8182,8159,8171,8174,8194,8249,8195,8181,8143,8162,8197,8161,8160,8166,25.71345925331116,sil,False
28,8185,8179,8169,8176,8178,8252,8182,8185,8229,8157,8168,8195,8168,8177,25.72156953811645,sil,False
29,8163,8155,8148,8169,8175,8242,8175,8175,8154,8163,8135,8173,8157,8158,25.729585647583008,sil,False
30,8180,8167,8159,8177,8179,8242,8163,8170,8142,8158,8125,8171,8154,8161,25.7378318309784,sil,False
31,8175,8172,8163,8170,8159,8237,8154,8171,8191,8143,8091,8178,8162,8153,25.74555826187133,sil,False
32,8154,8140,8136,8154,8156,8234,8170,8170,8067,8153,8047,8139,8158,8136,25.753550052642822,sil,False
33,8175,8172,8147,8166,8149,8234,8164,8183,8165,8144,8043,8171,8166,8144,25.760555744171143,sil,False
34,8176,8165,8151,8161,8158,8227,8172,8180,8148,8162,8102,8166,8174,8158,25.76847529411316,sil,False
35,8188,8170,8168,8161,8160,8229,8178,8178,8147,8167,8128,8174,8169,8181,25.77609157562256,sil,False
36,8174,8176,8193,8164,8144,8226,8164,8181,8224,8149,8118,8188,8166,8170,25.784469604492188,sil,False
37,8164,8145,8193,8161,8158,8219,8173,8173,8113,8176,8135,8150,8168,8162,25.79247665405273,sil,False
38,8191,8181,8200,8176,8148,8217,8165,8180,8210,8167,8132,8192,8176,8186,25.800854682922363,sil,False
39,8177,8174,8179,8173,8150,8218,8171,8188,8193,8163,8152,8189,8173,8179,25.80857300758361,sil,False
40,8191,8168,8166,8184,8162,8217,8184,8194,8151,8176,8158,8167,8167,8176,25.81657385826111,sil,False
41,8196,8183,8158,8187,8138,8210,8170,8184,8225,8158,8118,8180,8162,8165,25.82347559928894,sil,False
42,8163,8156,8126,8169,8143,8216,8168,8162,8095,8163,8119,8152,8152,8144,25.83169198036194,sil,False
43,8178,8177,8143,8181,8149,8229,8161,8178,8168,8154,8131,8182,8168,8145,25.839221000671387,sil,False
44,8176,8166,8142,8172,8149,8226,8167,8186,8187,8156,8145,8174,8177,8146,25.84726333618164,sil,False
45,8176,8157,8129,8170,8142,8230,8170,8174,8139,8175,8142,8161,8170,8165,25.85509943962097,sil,False
46,8180,8178,8148,8184,8126,8234,8156,8177,8229,8170,8127,8190,8174,8171,25.863107442855835,sil,False
47,8177,8153,8151,8179,8151,8232,8171,8181,8152,8190,8157,8162,8177,8170,25.87147641181945,sil,False
48,8198,8171,8151,8189,8141,8228,8162,8184,8215,8178,8155,8188,8180,8186,25.87947583198548,sil,False
49,8175,8167,8141,8179,8120,8216,8149,8169,8191,8157,8139,8184,8169,8176,25.887438774108887,sil,False
50,8173,8159,8151,8174,8126,8216,8152,8163,8106,8167,8137,8161,8159,8174,25.894269943237305,sil,False
50,8173,8159,8151,8174,8126,8216,8152,8163,8106,8167,8137,8161,8159,8174,25.89530825614929,sil,False
51,8184,8178,8172,8181,8118,8217,8140,8173,8202,8152,8112,8185,8161,8168,25.901916980743408,sil,False
51,8184,8178,8172,8181,8118,8217,8140,8173,8202,8152,8112,8185,8161,8168,25.902910947799683,sil,False
52,8168,8153,8154,8172,8136,8217,8156,8167,8104,8154,8116,8153,8158,8150,25.90991806983948,sil,False
52,8168,8153,8154,8172,8136,8217,8156,8167,8104,8154,8116,8153,8158,8150,25.91090989112854,sil,False
53,8185,8177,8157,8184,8135,8213,8164,8176,8162,8151,8127,8169,8164,8153,25.91795301437378,sil,False
53,8185,8177,8157,8184,8135,8213,8164,8176,8162,8151,8127,8169,8164,8153,25.91895079612732,sil,False
54,8170,8165,8144,8174,8121,8204,8165,8180,8189,8158,8126,8170,8163,8136,25.92592072486877,sil,False
54,8170,8165,8144,8174,8121,8204,8165,8180,8189,8158,8126,8170,8163,8136,25.926918506622314,sil,False
55,8161,8139,8132,8164,8130,8214,8176,8177,8092,8177,8127,8151,8163,8142,25.93447637557984,sil,False
56,8177,8172,8150,8173,8125,8216,8171,8189,8213,8161,8119,8187,8174,8170,25.942448377609253,sil,False
57,8173,8148,8121,8163,8139,8201,8184,8189,8149,8183,8137,8157,8169,8175,25.950448274612427,sil,False
58,8177,8153,8102,8166,8129,8197,8172,8178,8135,8176,8122,8162,8160,8172,25.957488298416138,sil,False
59,8151,8158,8105,8159,8115,8196,8150,8166,8136,8148,8102,8171,8161,8156,25.965476036071777,sil,False
60,8154,8148,8115,8162,8143,8194,8162,8168,8062,8177,8129,8159,8167,8166,25.97347569465637,sil,False
61,8179,8184,8154,8185,8139,8193,8162,8184,8200,8177,8134,8198,8173,8179,25.981475830078125,sil,False
62,8171,8163,8160,8185,8148,8213,8179,8183,8146,8176,8139,8165,8168,8164,25.989903450012207,sil,False
63,8200,8170,8173,8194,8171,8236,8190,8188,8168,8174,8149,8174,8175,8173,25.99751877784729,sil,False
64,8201,8189,8185,8198,8176,8233,8193,8194,8245,8181,8154,8196,8175,8174,26.005523204803467,sil,False
65,8189,8172,8180,8192,8187,8238,8209,8195,8151,8202,8155,8155,8166,8177,26.013526678085327,sil,False
66,8208,8190,8217,8200,8178,8252,8202,8210,8266,8188,8146,8181,8182,8196,26.020479679107662,sil,False
66,8208,8190,8217,8200,8178,8252,8202,8210,8266,8188,8146,8181,8182,8196,26.021488428115845,sil,False
67,8195,8171,8246,8200,8188,8254,8216,8216,8245,8206,8171,8172,8185,8199,26.02847599983216,sil,False
68,8206,8177,8269,8209,8192,8257,8222,8216,8242,8211,8177,8179,8179,8215,26.036471366882324,sil,False
69,8204,8187,8283,8205,8176,8258,8210,8213,8315,8204,8159,8198,8181,8215,26.044485330581665,sil,False
70,8195,8163,8277,8198,8193,8276,8225,8208,8228,8244,8173,8168,8174,8213,26.05248022079468,sil,False
71,8216,8191,8291,8217,8197,8289,8213,8217,8331,8233,8177,8199,8176,8227,26.06047487258911,sil,False
72,8204,8173,8292,8207,8201,8277,8211,8207,8294,8217,8177,8180,8173,8214,26.06852078437805,sil,False
73,8201,8164,8303,8200,8193,8273,8207,8193,8241,8212,8168,8169,8167,8203,26.076478719711304,sil,False
74,8198,8182,8309,8200,8174,8271,8190,8194,8313,8196,8156,8188,8166,8188,26.08349895477295,sil,False
74,8198,8182,8309,8200,8174,8271,8190,8194,8313,8196,8156,8188,8166,8188,26.08449935913086,sil,False
75,8202,8165,8294,8191,8203,8254,8208,8199,8219,8217,8167,8150,8159,8181,26.091500520706177,sil,False
76,8216,8189,8307,8199,8197,8238,8199,8208,8286,8202,8146,8175,8157,8185,26.09947633743286,sil,False
77,8196,8176,8294,8201,8184,8240,8193,8202,8246,8193,8142,8174,8159,8175,26.10743999481201,sil,False
78,8209,8178,8287,8209,8191,8248,8206,8204,8202,8205,8160,8167,8168,8193,26.11547541618347,sil,False
79,8207,8197,8292,8206,8177,8241,8207,8215,8304,8199,8156,8186,8170,8197,26.123475790023804,sil,False
80,8192,8170,8270,8196,8196,8246,8220,8215,8223,8224,8177,8158,8169,8193,26.131264209747314,sil,False
81,8206,8191,8267,8207,8195,8254,8201,8213,8296,8212,8179,8181,8180,8203,26.13934898376465,sil,False
82,8178,8169,8239,8182,8175,8240,8196,8198,8265,8204,8169,8162,8169,8182,26.14634656906128,sil,False
83,8177,8154,8225,8171,8183,8230,8205,8195,8184,8222,8168,8151,8155,8184,26.15447568893433,goodbye,True
84,8194,8186,8247,8192,8184,8228,8191,8209,8298,8205,8156,8190,8161,8187,26.162475109100345,goodbye,True
85,8178,8161,8234,8193,8190,8226,8196,8193,8183,8199,8160,8150,8158,8166,26.17047524452209,goodbye,True
86,8190,8181,8249,8207,8175,8225,8181,8180,8194,8181,8143,8168,8161,8166,26.178383588790894,goodbye,True
87,8198,8190,8271,8218,8181,8227,8183,8192,8238,8197,8142,8182,8169,8173,26.186394214630127,goodbye,True
88,8206,8179,8263,8224,8206,8242,8205,8200,8202,8226,8161,8165,8167,8188,26.19467639923096,goodbye,True
89,8198,8194,8264,8223,8190,8241,8192,8199,8295,8196,8155,8190,8169,8194,26.20236563682556,goodbye,True
90,8173,8166,8256,8205,8202,8231,8204,8196,8205,8206,8165,8158,8167,8182,26.21036553382873,goodbye,True
91,8192,8186,8259,8213,8207,8228,8213,8210,8265,8216,8165,8169,8172,8187,26.21744084358216,goodbye,True
92,8176,8186,8242,8207,8202,8214,8198,8203,8292,8206,8156,8171,8176,8174,26.225635528564453,goodbye,True
93,8171,8166,8226,8204,8215,8213,8195,8191,8177,8210,8162,8151,8169,8170,26.23363471031189,goodbye,True
94,8195,8200,8237,8221,8199,8217,8200,8209,8298,8203,8173,8189,8171,8182,26.24165415763855,goodbye,True
95,8184,8179,8217,8212,8208,8215,8227,8209,8248,8227,8199,8159,8163,8175,26.249658823013306,goodbye,True
96,8206,8190,8230,8224,8212,8224,8219,8204,8249,8217,8188,8167,8162,8174,26.25692582130432,goodbye,True
96,8206,8190,8230,8224,8212,8224,8219,8204,8249,8217,8188,8167,8162,8174,26.257927417755127,goodbye,True
97,8209,8202,8245,8226,8189,8217,8191,8197,8266,8183,8177,8179,8159,8159,26.265477418899536,goodbye,True
98,8197,8173,8228,8207,8186,8203,8195,8182,8139,8184,8189,8145,8151,8157,26.27347493171692,goodbye,True
99,8191,8179,8222,8202,8179,8196,8188,8183,8220,8160,8161,8168,8157,8161,26.280473470687863,goodbye,True
100,8166,8156,8203,8194,8195,8198,8196,8190,8151,8166,8161,8146,8159,8144,26.28847432136536,goodbye,True
101,8194,8173,8216,8207,8200,8206,8203,8203,8166,8179,8186,8157,8166,8167,26.29647397994995,goodbye,True
102,8192,8180,8220,8202,8194,8200,8193,8191,8254,8172,8202,8183,8172,8184,26.304473161697388,goodbye,True
103,8174,8151,8206,8190,8219,8196,8199,8182,8165,8195,8229,8162,8172,8187,26.312474250793457,goodbye,True
104,8206,8186,8233,8216,8216,8197,8198,8203,8275,8193,8223,8188,8175,8188,26.320475101470947,goodbye,True
105,8204,8172,8226,8218,8226,8187,8208,8193,8225,8192,8221,8156,8162,8168,26.328478813171387,goodbye,True
106,8199,8172,8215,8210,8229,8169,8190,8175,8172,8181,8212,8152,8153,8163,26.33647847175598,goodbye,True
107,8192,8188,8226,8204,8203,8165,8173,8180,8235,8158,8186,8175,8159,8150,26.34354376792908,goodbye,True
108,8189,8162,8218,8198,8203,8184,8209,8184,8144,8188,8196,8138,8161,8148,26.351476669311523,goodbye,True
109,8189,8181,8223,8206,8193,8183,8198,8180,8218,8177,8188,8166,8164,8164,26.359475135803223,goodbye,True
110,8153,8164,8219,8193,8193,8158,8170,8170,8168,8166,8177,8157,8163,8153,26.366936683654785,goodbye,True
111,8175,8167,8224,8209,8195,8155,8171,8185,8146,8184,8172,8150,8165,8162,26.37547755241394,goodbye,True
112,8196,8186,8224,8216,8181,8169,8184,8196,8249,8185,8161,8172,8165,8168,26.383475303649902,goodbye,True
113,8170,8161,8205,8193,8196,8178,8201,8178,8136,8201,8182,8141,8164,8167,26.3914737701416,goodbye,True
114,8168,8188,8227,8203,8191,8164,8171,8179,8200,8175,8183,8166,8171,8174,26.39867639541626,goodbye,True
115,8162,8172,8217,8201,8184,8144,8171,8187,8188,8168,8174,8150,8164,8157,26.40667605400085,goodbye,True
116,8185,8160,8206,8194,8196,8164,8201,8190,8137,8188,8169,8138,8158,8160,26.414514541625977,goodbye,True
117,8185,8189,8240,8202,8185,8190,8194,8190,8238,8169,8161,8176,8162,8162,26.422054052352905,goodbye,True
117,8185,8189,8240,8202,8185,8190,8194,8190,8238,8169,8161,8176,8162,8162,26.42304635047913,goodbye,True
118,8162,8164,8241,8206,8188,8195,8195,8184,8146,8182,8178,8147,8159,8146,26.43004584312439,goodbye,True
119,8185,8175,8238,8214,8177,8190,8182,8194,8208,8186,8177,8168,8170,8157,26.438475847244263,goodbye,True
120,8159,8161,8215,8190,8176,8200,8181,8188,8194,8174,8176,8168,8168,8152,26.446236848831177,goodbye,True
121,8151,8152,8209,8191,8184,8220,8180,8174,8104,8179,8183,8156,8160,8154,26.45423126220703,goodbye,True
122,8199,8190,8242,8228,8179,8208,8157,8192,8250,8198,8187,8194,8175,8180,26.462476015090942,goodbye,True
123,8209,8167,8232,8220,8209,8203,8170,8199,8199,8220,8204,8161,8175,8191,26.469475030899048,goodbye,True
124,8177,8164,8201,8193,8187,8212,8155,8175,8160,8154,8161,8158,8159,8164,26.477073907852173,goodbye,True
125,8144,8155,8169,8176,8145,8193,8126,8148,8085,8114,8131,8153,8152,8116,26.484994173049927,goodbye,True
125,8144,8155,8169,8176,8145,8193,8126,8148,8085,8114,8131,8153,8152,8116,26.485989332199097,goodbye,True
126,8188,8158,8194,8198,8171,8191,8144,8157,8029,8149,8162,8150,8164,8135,26.493475914001465,goodbye,True
127,8210,8190,8232,8216,8178,8199,8152,8178,8192,8144,8152,8185,8176,8156,26.5014762878418,goodbye,True
240,8159,8147,8188,8182,8170,8183,8143,8156,8067,8148,8128,8131,8151,8119,26.5095853805542,goodbye,True
0,8161,8151,8182,8177,8163,8180,8129,8144,8036,8131,8119,8140,8147,8116,26.51757502555847,goodbye,True
1,8167,8169,8216,8193,8167,8199,8150,8172,8139,8124,8141,8173,8176,8143,26.52547574043274,goodbye,True
2,8177,8163,8220,8211,8183,8208,8183,8196,8136,8182,8173,8151,8183,8170,26.533475160598755,goodbye,True
2,8177,8163,8220,8211,8183,8208,8183,8196,8136,8182,8173,8151,8183,8170,26.5340268611908,goodbye,True
3,8188,8178,8217,8209,8162,8196,8164,8195,8233,8182,8153,8169,8166,8166,26.540205478668213,goodbye,True
4,8154,8142,8195,8174,8157,8173,8149,8168,8106,8148,8138,8140,8150,8142,26.548194408416748,goodbye,True
5,8163,8158,8206,8183,8148,8165,8142,8165,8092,8133,8131,8151,8160,8156,26.556193828582764,goodbye,True
6,8173,8174,8219,8199,8133,8160,8134,8172,8158,8148,8129,8167,8170,8150,26.5644748210907,goodbye,True
7,8178,8151,8214,8196,8141,8163,8142,8166,8047,8156,8144,8142,8160,8137,26.572769165039062,goodbye,True
8,8192,8183,8241,8208,8124,8169,8133,8177,8133,8124,8133,8175,8159,8144,26.58076763153076,goodbye,True
9,8173,8164,8236,8204,8128,8165,8147,8177,8083,8136,8132,8147,8158,8135,26.5884747505188,goodbye,True
10,8172,8155,8212,8200,8128,8156,8141,8166,8041,8125,8116,8139,8156,8127,26.59678101539612,goodbye,True
11,8157,8165,8204,8191,8107,8149,8117,8164,8082,8092,8110,8163,8158,8116,26.6041898727417,goodbye,True
12,8156,8149,8207,8191,8126,8155,8138,8170,8004,8138,8147,8140,8164,8128,26.6112163066864,goodbye,True
13,8177,8176,8221,8210,8117,8145,8131,8168,8114,8145,8137,8164,8170,8143,26.619208812713623,goodbye,True
14,8150,8151,8191,8193,8106,8127,8126,8151,8041,8126,8131,8146,8156,8127,26.627178192138672,goodbye,True
15,8160,8149,8173,8182,8110,8135,8134,8160,7993,8138,8152,8149,8156,8142,26.635177612304688,goodbye,True
16,8176,8172,8183,8183,8104,8136,8126,8171,8095,8140,8156,8174,8168,8152,26.6434223651886,goodbye,True
17,8169,8147,8185,8184,8122,8141,8132,8161,8000,8144,8165,8139,8166,8154,26.651445627212524,goodbye,True
18,8189,8172,8209,8203,8118,8158,8131,8170,8091,8132,8155,8168,8169,8162,26.6594398021698,goodbye,True
19,8180,8168,8197,8196,8123,8163,8146,8172,8086,8147,8147,8158,8163,8140,26.66743922233581,goodbye,True
20,8176,8168,8185,8199,8136,8167,8144,8165,8031,8156,8145,8142,8158,8134,26.674476146698,goodbye,True
21,8170,8181,8189,8200,8111,8164,8122,8171,8116,8131,8143,8172,8167,8138,26.681947946548465,goodbye,True
21,8170,8181,8189,8200,8111,8164,8122,8171,8116,8131,8143,8172,8167,8138,26.68294239044189,goodbye,True
22,8156,8147,8171,8180,8109,8163,8135,8166,8015,8149,8150,8142,8166,8138,26.69094467163086,goodbye,True
23,8176,8173,8181,8191,8115,8168,8127,8169,8077,8145,8137,8162,8166,8145,26.69847536087036,goodbye,True
24,8168,8161,8169,8182,8122,8161,8127,8173,8082,8145,8147,8154,8163,8139,26.70626735687256,goodbye,True
25,8166,8142,8155,8171,8114,8164,8143,8173,8022,8152,8155,8133,8160,8145,26.714181661605835,goodbye,True
25,8166,8142,8155,8171,8114,8164,8143,8173,8022,8152,8155,8133,8160,8145,26.715177059173584,goodbye,True
26,8162,8170,8165,8172,8092,8172,8130,8177,8113,8125,8133,8159,8162,8141,26.722215175628666,goodbye,True
26,8162,8170,8165,8172,8092,8172,8130,8177,8113,8125,8133,8159,8162,8141,26.723214626312256,goodbye,True
27,8150,8150,8149,8156,8125,8180,8134,8172,8022,8152,8148,8135,8159,8130,26.730274438858032,goodbye,True
28,8173,8163,8156,8155,8112,8174,8125,8172,8064,8147,8139,8156,8160,8141,26.73781681060791,goodbye,True
28,8173,8163,8156,8155,8112,8174,8125,8172,8064,8147,8139,8156,8160,8141,26.738816738128666,goodbye,True
29,8149,8146,8149,8141,8071,8156,8113,8156,8038,8111,8119,8143,8157,8121,26.74482798576355,sil,False
29,8149,8146,8149,8141,8071,8156,8113,8156,8038,8111,8119,8143,8157,8121,26.745816469192505,sil,False
30,8140,8132,8130,8137,8101,8157,8119,8149,7946,8127,8126,8123,8156,8108,26.753527402877808,sil,False
31,8155,8163,8137,8151,8118,8160,8114,8165,8071,8139,8119,8165,8166,8113,26.76147556304932,sil,False
32,8136,8140,8122,8136,8104,8155,8132,8166,7990,8145,8132,8132,8161,8112,26.769312620162964,sil,False
33,8148,8153,8121,8135,8087,8147,8125,8169,8021,8124,8139,8142,8161,8129,26.777307510375977,sil,False
34,8149,8145,8114,8136,8108,8140,8112,8166,8062,8126,8130,8160,8162,8128,26.78531551361084,sil,False
35,8149,8131,8108,8144,8139,8157,8132,8168,7992,8152,8114,8140,8162,8127,26.792887926101685,sil,False
35,8149,8131,8108,8144,8139,8157,8132,8168,7992,8152,8114,8140,8162,8127,26.793874740600582,sil,False
36,8155,8170,8127,8162,8112,8175,8134,8190,8124,8143,8082,8160,8169,8129,26.80088257789612,sil,False
37,8134,8146,8109,8147,8108,8170,8139,8187,8041,8160,8081,8125,8158,8114,26.808475255966187,sil,False
37,8134,8146,8109,8147,8108,8170,8139,8187,8041,8160,8081,8125,8158,8114,26.808910131454468,sil,False
38,8141,8142,8103,8136,8109,8166,8134,8175,8017,8140,8072,8136,8151,8118,26.8166241645813,sil,False
39,8124,8148,8111,8130,8098,8179,8130,8174,8071,8112,8073,8154,8164,8116,26.82447528839112,sil,False
40,8129,8139,8111,8139,8118,8188,8140,8182,8015,8154,8106,8135,8172,8120,26.83247399330139,sil,False
41,8151,8163,8122,8146,8120,8178,8129,8186,8113,8147,8097,8162,8169,8116,26.83998322486877,sil,False
42,8128,8138,8115,8132,8120,8179,8147,8178,8039,8133,8097,8131,8154,8098,26.84846997261048,sil,False
43,8152,8154,8134,8154,8099,8185,8147,8180,8050,8137,8097,8136,8153,8117,26.856475353240967,sil,False
44,8150,8161,8133,8144,8079,8163,8114,8169,8095,8121,8083,8154,8159,8105,26.86491131782532,sil,False
45,8123,8127,8107,8119,8100,8150,8114,8156,7964,8108,8090,8120,8154,8086,26.87147665023804,sil,False
46,8132,8152,8129,8138,8094,8153,8115,8163,8057,8086,8076,8148,8156,8096,26.8789963722229,sil,False
46,8132,8152,8129,8138,8094,8153,8115,8163,8057,8086,8076,8148,8156,8096,26.8799901008606,sil,False
47,8112,8137,8121,8131,8098,8148,8119,8147,8003,8100,8073,8125,8155,8082,26.88699579238892,sil,False
48,8118,8135,8105,8127,8107,8154,8116,8134,7964,8102,8070,8119,8159,8077,26.89500641822815,sil,False
49,8115,8145,8114,8130,8092,8161,8112,8140,8047,8090,8068,8146,8161,8076,26.90347671508789,sil,False
50,8098,8121,8099,8121,8092,8161,8130,8138,7955,8112,8087,8113,8153,8077,26.911645650863647,sil,False
51,8110,8146,8088,8126,8076,8157,8116,8143,8034,8092,8079,8137,8159,8077,26.919053316116333,sil,False
52,8106,8136,8086,8130,8095,8149,8112,8143,8020,8107,8085,8135,8164,8069,26.92708158493042,sil,False
52,8106,8136,8086,8130,8095,8149,8112,8143,8020,8107,8085,8135,8164,8069,26.92807650566101,sil,False
53,8121,8137,8104,8140,8112,8143,8111,8137,8005,8135,8084,8129,8163,8081,26.93408298492432,sil,False
54,8108,8154,8092,8128,8079,8136,8090,8128,8073,8103,8067,8137,8161,8069,26.94266653060913,sil,False
55,8092,8131,8064,8119,8090,8144,8110,8121,7948,8109,8077,8107,8160,8059,26.95075464248657,sil,False
56,8131,8166,8104,8148,8109,8158,8118,8140,8040,8114,8058,8146,8168,8081,26.9584755897522,sil,False
57,8123,8161,8115,8140,8114,8151,8115,8149,8049,8119,8046,8135,8162,8074,26.966498613357544,sil,False
58,8110,8144,8098,8132,8111,8145,8115,8146,7988,8130,8055,8116,8156,8073,26.974496603012085,sil,False
59,8110,8156,8100,8142,8097,8138,8106,8153,8083,8111,8051,8143,8163,8076,26.982259511947632,sil,False
60,8109,8129,8093,8136,8111,8130,8116,8151,7987,8121,8066,8114,8163,8074,26.99026274681092,sil,False
61,8131,8154,8116,8139,8102,8127,8096,8150,8035,8111,8054,8144,8168,8084,26.998456478118896,sil,False
62,8117,8149,8116,8132,8095,8127,8091,8142,8034,8106,8048,8141,8163,8075,27.005475521087646,sil,False
63,8117,8136,8100,8133,8103,8134,8108,8138,7958,8107,8064,8114,8155,8070,27.01347184181213,sil,False
64,8114,8158,8099,8130,8083,8130,8089,8138,8039,8083,8054,8141,8162,8062,27.021480083465576,sil,False
65,8100,8132,8090,8118,8098,8126,8088,8134,7948,8107,8068,8118,8166,8062,27.02948570251465,sil,False
66,8130,8147,8115,8142,8108,8136,8090,8148,8033,8120,8086,8147,8174,8088,27.03743934631348,sil,False
67,8120,8148,8120,8145,8103,8145,8099,8151,8088,8127,8096,8148,8173,8084,27.045629262924194,sil,False
68,8119,8145,8111,8141,8113,8153,8121,8148,8012,8143,8105,8122,8170,8088,27.053630113601685,sil,False
69,8141,8175,8125,8162,8101,8142,8107,8156,8113,8120,8092,8158,8178,8101,27.06164622306824,sil,False
70,8127,8138,8105,8150,8117,8131,8103,8145,8013,8130,8098,8131,8166,8088,27.06931614875793,sil,False
71,8131,8151,8109,8144,8126,8140,8106,8146,8029,8131,8097,8139,8162,8098,27.07598876953125,sil,False
71,8131,8151,8109,8144,8126,8140,8106,8146,8029,8131,8097,8139,8162,8098,27.07698678970337,sil,False
72,8126,8166,8128,8145,8119,8134,8110,8148,8089,8122,8098,8149,8173,8098,27.084988594055176,sil,False
73,8126,8140,8124,8139,8128,8124,8110,8128,7983,8123,8106,8121,8172,8086,27.09247636795044,sil,False
74,8132,8158,8124,8137,8104,8135,8098,8125,8048,8088,8090,8150,8165,8079,27.100476264953613,sil,False
75,8117,8144,8104,8132,8106,8150,8122,8132,7991,8104,8099,8131,8156,8073,27.108470678329468,sil,False
76,8128,8153,8110,8142,8117,8134,8110,8134,8006,8114,8096,8136,8154,8081,27.115997314453125,sil,False
77,8115,8151,8117,8134,8115,8103,8086,8122,8024,8080,8081,8140,8159,8069,27.12409019470215,sil,False
78,8118,8135,8118,8139,8132,8109,8116,8124,7929,8098,8109,8122,8169,8081,27.132094860076904,sil,False
79,8148,8172,8144,8169,8121,8116,8113,8144,8089,8116,8123,8166,8176,8107,27.13947629928589,sil,False
80,8127,8147,8121,8144,8115,8091,8097,8129,8034,8119,8121,8134,8157,8089,27.147439002990723,sil,False
81,8124,8145,8112,8131,8117,8080,8086,8115,7978,8101,8108,8124,8155,8085,27.15547513961792,sil,False
82,8127,8158,8136,8146,8124,8092,8091,8128,8074,8103,8118,8150,8176,8096,27.16346836090088,sil,False
83,8134,8141,8137,8147,8138,8101,8112,8137,8025,8137,8148,8122,8175,8110,27.171209573745728,sil,False
84,8153,8171,8144,8153,8114,8084,8094,8138,8118,8124,8125,8143,8167,8109,27.17920994758606,sil,False
85,8131,8148,8139,8143,8126,8076,8101,8124,8061,8127,8125,8127,8167,8092,27.18743467330933,sil,False
86,8144,8153,8145,8155,8150,8092,8119,8132,8052,8131,8140,8135,8178,8111,27.195470809936523,sil,False
87,8151,8183,8143,8161,8130,8083,8106,8146,8158,8112,8126,8159,8176,8113,27.20254421234131,sil,False
88,8136,8151,8121,8151,8126,8071,8100,8132,8032,8126,8129,8118,8157,8099,27.210537910461422,sil,False
89,8148,8160,8129,8160,8111,8079,8088,8124,8073,8105,8113,8144,8164,8101,27.21824288368225,sil,False
90,8132,8149,8122,8149,8117,8084,8092,8122,8045,8097,8109,8137,8167,8088,27.22625303268433,sil,False
91,8140,8144,8124,8148,8133,8081,8090,8128,8017,8116,8123,8124,8163,8101,27.234474658966064,sil,False
92,8133,8157,8138,8155,8110,8072,8077,8128,8115,8108,8125,8149,8169,8106,27.24244952201844,sil,False
93,8115,8140,8129,8154,8112,8075,8105,8114,8007,8120,8134,8125,8164,8090,27.25045824050904,sil,False
94,8153,8172,8154,8169,8119,8083,8104,8121,8079,8101,8120,8157,8165,8104,27.258691549301147,sil,False
95,8147,8162,8156,8159,8130,8080,8101,8130,8091,8101,8128,8148,8168,8115,27.265531301498413,sil,False
96,8142,8152,8141,8167,8133,8080,8117,8131,8041,8130,8136,8124,8167,8124,27.27353358268737,sil,False
97,8153,8180,8153,8180,8112,8073,8104,8134,8140,8104,8115,8154,8165,8121,27.281475067138672,sil,False
98,8147,8157,8160,8163,8127,8069,8106,8131,8045,8100,8128,8132,8160,8117,27.28949499130249,sil,False
99,8162,8172,8182,8169,8109,8074,8106,8134,8098,8094,8127,8154,8166,8132,27.29749584197998,sil,False
100,8143,8166,8182,8173,8086,8054,8102,8132,8101,8091,8118,8148,8162,8115,27.305176496505737,sil,False
101,8148,8158,8187,8179,8106,8041,8103,8133,8024,8110,8126,8125,8157,8113,27.3134503364563,sil,False
102,8157,8178,8204,8184,8100,8056,8097,8135,8121,8101,8120,8155,8161,8122,27.321448802948,sil,False
103,8127,8137,8170,8164,8096,8070,8115,8127,8013,8103,8130,8126,8158,8116,27.32947516441345,sil,False
104,8142,8159,8158,8175,8086,8064,8111,8140,8055,8101,8129,8144,8163,8129,27.336833715438843,sil,False
105,8154,8176,8163,8191,8084,8054,8112,8145,8121,8115,8134,8156,8169,8132,27.34447479248047,sil,False
106,8154,8156,8165,8201,8089,8067,8129,8135,8042,8131,8151,8135,8164,8136,27.35265350341797,sil,False
107,8144,8172,8170,8206,8061,8066,8114,8142,8131,8104,8132,8166,8164,8128,27.360654830932617,sil,False
108,8123,8145,8140,8182,8073,8048,8122,8142,8049,8121,8131,8142,8165,8112,27.368653059005737,sil,False
109,8149,8159,8139,8183,8095,8054,8122,8148,8074,8134,8143,8156,8171,8138,27.37665867805481,sil,False
110,8154,8171,8147,8189,8092,8064,8125,8160,8147,8131,8148,8163,8170,8149,27.384663343429565,sil,False
111,8149,8149,8137,8183,8098,8067,8149,8157,8065,8144,8152,8129,8163,8141,27.39266347885132,sil,False
112,8146,8168,8129,8179,8079,8058,8128,8146,8138,8112,8131,8158,8164,8127,27.39966344833374,sil,False
113,8123,8144,8102,8164,8084,8049,8118,8132,8051,8121,8134,8131,8159,8114,27.40766477584839,sil,False
114,8145,8159,8120,8176,8099,8060,8118,8150,8070,8144,8140,8136,8164,8136,27.4156653881073,sil,False
115,8147,8170,8138,8178,8099,8065,8116,8157,8150,8128,8136,8156,8166,8134,27.423667907714844,sil,False
116,8139,8146,8122,8165,8113,8066,8130,8141,8040,8133,8148,8124,8160,8125,27.4316668510437,sil,False
117,8148,8177,8131,8172,8102,8066,8118,8149,8136,8123,8135,8148,8168,8135,27.439773082733154,sil,False
118,8126,8153,8101,8164,8103,8062,8123,8149,8089,8132,8126,8124,8160,8119,27.44778347015381,sil,False
119,8151,8147,8080,8169,8116,8070,8140,8146,8062,8143,8121,8122,8152,8128,27.45477080345153,sil,False
119,8151,8147,8080,8169,8116,8070,8140,8146,8062,8143,8121,8122,8152,8128,27.45577120780945,sil,False
120,8153,8169,8096,8171,8115,8072,8138,8151,8155,8134,8132,8146,8164,8139,27.46377444267273,sil,False
121,8124,8151,8084,8165,8127,8060,8139,8152,8062,8141,8156,8116,8166,8125,27.47077870368957,sil,False
122,8149,8171,8089,8179,8109,8052,8124,8158,8140,8133,8137,8144,8164,8121,27.47778081893921,sil,False
123,8155,8155,8103,8171,8104,8057,8137,8160,8125,8155,8149,8136,8164,8123,27.48647809028625,sil,False
124,8144,8154,8113,8166,8111,8060,8143,8154,8082,8142,8159,8127,8164,8128,27.49446702003479,sil,False
125,8116,8168,8103,8162,8096,8045,8123,8151,8137,8098,8130,8145,8161,8104,27.50246644020081,sil,False
126,8123,8150,8094,8165,8114,8047,8143,8165,8059,8143,8135,8121,8158,8104,27.510476112365723,sil,False
127,8170,8181,8131,8186,8119,8057,8143,8177,8163,8152,8131,8151,8164,8131,27.518467903137207,sil,False
240,8136,8161,8128,8163,8120,8040,8125,8151,8116,8123,8123,8131,8158,8107,27.52649688720703,sil,False
0,8122,8149,8118,8156,8125,8038,8120,8138,8037,8121,8127,8112,8153,8100,27.53349184989929,sil,False
1,8141,8170,8134,8171,8113,8056,8121,8156,8154,8117,8127,8150,8162,8108,27.541072845458984,sil,False
2,8133,8142,8131,8164,8132,8072,8146,8157,8079,8152,8154,8125,8166,8111,27.549087524414062,sil,False
3,8143,8166,8146,8172,8123,8073,8136,8155,8139,8149,8155,8141,8167,8122,27.55743908882141,sil,False
4,8125,8162,8142,8161,8117,8063,8122,8147,8120,8117,8149,8136,8159,8105,27.565475463867188,sil,False
5,8132,8147,8133,8158,8137,8070,8134,8141,8047,8121,8155,8119,8158,8107,27.573022842407227,sil,False
5,8132,8147,8133,8158,8137,8070,8134,8141,8047,8121,8155,8119,8158,8107,27.57401657104492,sil,False
6,8141,8164,8140,8166,8119,8072,8130,8149,8163,8120,8137,8145,8167,8114,27.58102297782898,sil,False
6,8141,8164,8140,8166,8119,8072,8130,8149,8163,8120,8137,8145,8167,8114,27.582020044326782,sil,False
7,8119,8136,8120,8152,8115,8063,8139,8141,8056,8127,8137,8112,8158,8101,27.590022802352905,sil,False
8,8138,8151,8126,8157,8110,8055,8126,8138,8074,8108,8135,8133,8160,8108,27.596487283706665,sil,False
9,8128,8151,8132,8151,8107,8047,8114,8138,8105,8111,8151,8140,8170,8110,27.60447573661804,sil,False
9,8128,8151,8132,8151,8107,8047,8114,8138,8105,8111,8151,8140,8170,8110,27.60500192642212,sil,False
10,8122,8138,8130,8149,8119,8057,8125,8139,8049,8148,8172,8121,8168,8121,27.61202001571656,sil,False
10,8122,8138,8130,8149,8119,8057,8125,8139,8049,8148,8172,8121,8168,8121,27.613014698028564,sil,False
11,8140,8164,8146,8160,8106,8068,8123,8153,8174,8149,8158,8153,8168,8124,27.62001585960388,sil,False
11,8140,8164,8146,8160,8106,8068,8123,8153,8174,8149,8158,8153,8168,8124,27.62101435661316,sil,False
12,8141,8145,8139,8152,8121,8074,8143,8157,8110,8159,8167,8124,8165,8114,27.62821650505066,sil,False
12,8141,8145,8139,8152,8121,8074,8143,8157,8110,8159,8167,8124,8165,8114,27.62923145294189,sil,False
13,8150,8160,8144,8155,8124,8072,8137,8152,8132,8144,8165,8132,8163,8121,27.636470317840576,sil,False
14,8120,8157,8137,8143,8118,8054,8118,8140,8149,8133,8160,8135,8158,8106,27.64448404312133,sil,False
15,8115,8135,8126,8141,8148,8047,8138,8143,8051,8154,8175,8111,8153,8100,27.652475595474243,sil,False
16,8130,8159,8136,8155,8147,8045,8137,8157,8149,8127,8161,8144,8159,8100,27.659507751464844,sil,False
17,8107,8130,8118,8138,8149,8039,8142,8144,8068,8131,8165,8112,8156,8089,27.66744041442871,sil,False
18,8130,8148,8137,8143,8147,8037,8142,8146,8090,8152,8173,8120,8162,8116,27.675421476364136,sil,False
19,8129,8166,8155,8145,8132,8028,8128,8148,8159,8152,8169,8139,8167,8113,27.68360280990601,sil,False
20,8106,8137,8134,8134,8133,8021,8128,8137,8041,8153,8168,8106,8157,8087,27.691605806350708,sil,False
21,8120,8158,8132,8140,8129,8017,8119,8143,8129,8125,8158,8142,8160,8090,27.69947504997253,sil,False
22,8112,8140,8120,8127,8142,8012,8126,8141,8073,8133,8175,8132,8160,8095,27.707193851470947,sil,False
23,8117,8141,8123,8132,8142,8014,8123,8139,8056,8136,8170,8130,8160,8104,27.71547818183899,sil,False
24,8110,8147,8131,8133,8130,8017,8123,8144,8132,8127,8153,8146,8161,8090,27.723283767700195,sil,False
25,8103,8128,8123,8116,8137,8019,8138,8139,8028,8141,8166,8120,8155,8078,27.730609893798828,sil,False
26,8114,8158,8130,8121,8113,8012,8111,8134,8092,8121,8148,8141,8160,8082,27.738701343536377,sil,False
27,8098,8138,8115,8127,8119,8009,8115,8127,8041,8128,8143,8123,8161,8075,27.74647045135498,sil,False
28,8119,8141,8117,8141,8144,8023,8131,8134,8027,8124,8146,8126,8161,8083,27.754270315170288,sil,False
29,8126,8162,8128,8139,8134,8028,8120,8139,8116,8090,8139,8148,8159,8081,27.7624785900116,sil,False
30,8116,8140,8119,8132,8152,8024,8138,8135,8025,8126,8160,8120,8159,8085,27.77100133895874,sil,False
31,8132,8161,8138,8149,8156,8019,8135,8147,8127,8141,8158,8153,8169,8099,27.778000116348267,sil,False
32,8102,8137,8124,8131,8146,8015,8122,8141,8097,8129,8153,8133,8163,8074,27.78601694107056,sil,False
33,8086,8121,8099,8115,8131,8018,8114,8126,8013,8125,8144,8108,8152,8060,27.793476343154907,sil,False
34,8082,8141,8104,8106,8106,8013,8099,8121,8075,8110,8123,8137,8154,8054,27.801469802856445,sil,False
35,8081,8123,8097,8101,8124,8017,8107,8120,7976,8119,8134,8114,8158,8052,27.80948233604431,sil,False
36,8108,8148,8116,8124,8126,8034,8109,8137,8067,8104,8136,8143,8167,8070,27.81747770309448,sil,False
37,8093,8141,8120,8118,8127,8034,8118,8139,8082,8112,8145,8141,8165,8068,27.82547616958618,sil,False
38,8092,8139,8109,8113,8137,8031,8113,8130,8019,8136,8156,8129,8158,8072,27.83347654342652,sil,False
39,8106,8167,8118,8129,8132,8039,8099,8135,8128,8121,8141,8158,8166,8074,27.841626167297363,sil,False
40,8106,8144,8121,8124,8152,8055,8132,8133,8058,8140,8141,8123,8161,8074,27.84962630271912,sil,False
41,8116,8159,8134,8121,8134,8056,8123,8133,8111,8143,8139,8143,8161,8084,27.856836557388306,sil,False
42,8098,8151,8118,8115,8118,8044,8105,8132,8115,8135,8157,8149,8167,8079,27.864837169647217,sil,False
43,8115,8147,8119,8129,8144,8056,8131,8137,8063,8145,8181,8135,8170,8099,27.87283730506897,sil,False
44,8131,8174,8145,8130,8132,8065,8133,8146,8184,8128,8160,8164,8168,8103,27.880840063095093,sil,False
45,8106,8139,8115,8104,8137,8063,8136,8141,8083,8139,8155,8124,8156,8081,27.88836121559143,sil,False
46,8124,8159,8104,8126,8152,8071,8135,8151,8122,8139,8152,8133,8161,8092,27.896374940872192,sil,False
47,8120,8173,8104,8133,8150,8076,8133,8150,8169,8132,8148,8142,8162,8088,27.904374599456787,sil,False
48,8114,8157,8100,8121,8147,8071,8137,8137,8088,8154,8162,8127,8160,8082,27.9124219417572,sil,False
48,8114,8157,8100,8121,8147,8071,8137,8137,8088,8154,8162,8127,8160,8082,27.91289496421814,sil,False
49,8124,8176,8115,8128,8128,8055,8123,8143,8190,8149,8158,8159,8169,8090,27.919399738311768,sil,False
50,8104,8146,8099,8120,8137,8048,8132,8142,8095,8149,8165,8130,8162,8080,27.927414178848267,sil,False
51,8112,8155,8097,8126,8131,8052,8123,8139,8086,8120,8151,8137,8158,8078,27.935475826263428,sil,False
52,8113,8166,8105,8134,8124,8044,8112,8133,8133,8112,8140,8145,8161,8077,27.94360089302063,sil,False
53,8116,8153,8114,8128,8154,8049,8123,8129,8057,8151,8161,8123,8158,8086,27.95111870765686,sil,False
54,8110,8172,8128,8119,8139,8056,8102,8135,8148,8121,8145,8159,8155,8079,27.959072828292847,sil,False
55,8082,8143,8103,8104,8124,8053,8114,8131,8064,8111,8142,8125,8153,8058,27.967440366744995,sil,False
56,8107,8155,8114,8112,8130,8058,8126,8140,8065,8133,8156,8124,8161,8074,27.975626230239868,sil,False
57,8114,8173,8143,8123,8139,8061,8119,8148,8156,8153,8167,8155,8169,8085,27.98262333869934,sil,False
58,8116,8153,8134,8139,8162,8070,8140,8144,8091,8173,8175,8130,8164,8094,27.989807844161987,sil,False
58,8116,8153,8134,8139,8162,8070,8140,8144,8091,8173,8175,8130,8164,8094,27.99080801010132,sil,False
59,8132,8178,8128,8153,8140,8074,8128,8138,8170,8128,8143,8145,8162,8096,27.998475551605225,sil,False
60,8102,8156,8113,8127,8133,8066,8113,8114,8073,8118,8133,8114,8154,8069,28.00616765022278,sil,False
61,8112,8164,8124,8128,8147,8070,8119,8121,8053,8130,8143,8117,8153,8077,28.01416277885437,sil,False
62,8122,8182,8129,8136,8148,8076,8122,8141,8154,8121,8142,8150,8157,8087,28.022476196289062,sil,False
63,8114,8156,8110,8127,8161,8079,8133,8132,8056,8132,8152,8121,8156,8086,28.030475854873657,sil,False
64,8134,8186,8135,8139,8151,8083,8124,8135,8153,8116,8148,8149,8164,8100,28.03847599029541,sil,False
65,8125,8176,8133,8130,8153,8090,8125,8140,8141,8131,8162,8140,8167,8103,28.046476125717163,sil,False
66,8137,8172,8129,8128,8154,8094,8127,8144,8111,8161,8166,8134,8165,8114,28.053476095199585,sil,False
67,8140,8186,8150,8138,8135,8076,8123,8146,8191,8140,8147,8159,8163,8109,28.061059951782227,sil,False
68,8116,8154,8137,8126,8148,8066,8136,8132,8063,8128,8158,8123,8155,8096,28.06905221939087,sil,False
69,8117,8170,8135,8122,8142,8076,8120,8135,8122,8113,8150,8144,8159,8093,28.077439069747925,sil,False
70,8105,8161,8131,8117,8149,8086,8137,8153,8132,8138,8154,8137,8162,8088,28.085477113723755,sil,False
71,8120,8162,8126,8130,8156,8088,8157,8158,8104,8156,8166,8132,8163,8108,28.09347629547119,sil,False
72,8128,8185,8129,8132,8123,8074,8128,8148,8191,8125,8153,8163,8162,8112,28.101475954055783,sil,False
73,8115,8160,8124,8123,8129,8075,8137,8140,8085,8146,8167,8129,8155,8109,28.10947561264038,sil,False
74,8127,8175,8130,8133,8123,8085,8141,8146,8142,8137,8158,8146,8158,8119,28.11647605895996,sil,False
75,8109,8164,8112,8118,8112,8075,8130,8136,8132,8114,8149,8137,8159,8102,28.1247673034668,sil,False
76,8113,8158,8119,8120,8126,8079,8132,8130,8064,8127,8158,8121,8162,8107,28.13276410102844,sil,False
77,8120,8183,8146,8130,8116,8087,8126,8144,8170,8117,8150,8152,8166,8113,28.14047622680664,sil,False
78,8100,8153,8118,8106,8116,8076,8136,8143,8071,8119,8162,8120,8158,8104,28.148476600646973,sil,False
79,8121,8175,8113,8115,8106,8073,8128,8148,8113,8114,8155,8138,8161,8116,28.15647530555725,sil,False
80,8116,8178,8122,8123,8109,8080,8136,8151,8147,8126,8152,8144,8165,8108,28.16413927078247,sil,False
81,8122,8164,8113,8132,8136,8085,8158,8163,8095,8155,8172,8126,8165,8108,28.17305374145508,sil,False
82,8135,8193,8100,8141,8124,8076,8138,8173,8209,8135,8171,8154,8170,8110,28.18052101135254,sil,False
83,8112,8164,8080,8124,8121,8073,8138,8147,8100,8131,8174,8121,8162,8099,28.18706703186035,sil,False
83,8112,8164,8080,8124,8121,8073,8138,8147,8100,8131,8174,8121,8162,8099,28.188084840774536,sil,False
84,8137,8173,8117,8138,8122,8082,8144,8147,8118,8136,8165,8141,8166,8120,28.19555878639221,sil,False
85,8140,8178,8141,8149,8123,8081,8139,8155,8190,8149,8172,8157,8172,8125,28.203511238098145,sil,False
86,8122,8160,8123,8137,8131,8073,8134,8146,8108,8162,8186,8126,8160,8113,28.211475610733032,sil,False
87,8114,8176,8118,8130,8105,8062,8114,8146,8166,8118,8156,8148,8155,8093,28.21947550773621,sil,False
88,8088,8141,8088,8111,8101,8064,8125,8146,8063,8121,8154,8121,8153,8067,28.22790098190308,sil,False
89,8109,8155,8098,8118,8100,8080,8136,8156,8094,8145,8156,8138,8160,8083,28.234906911849976,sil,False
89,8109,8155,8098,8118,8100,8080,8136,8156,8094,8145,8156,8138,8160,8083,28.235902547836304,sil,False
90,8107,8173,8122,8122,8104,8080,8137,8160,8164,8127,8151,8155,8161,8090,28.243942499160767,sil,False
91,8101,8152,8113,8120,8124,8070,8135,8144,8039,8113,8158,8121,8152,8083,28.25,sil,False
92,8122,8176,8119,8128,8106,8063,8106,8137,8126,8101,8148,8153,8159,8094,28.25798726081848,sil,False
93,8110,8158,8112,8124,8119,8073,8121,8145,8102,8135,8172,8144,8161,8106,28.26647520065308,sil,False
94,8122,8167,8111,8136,8134,8098,8144,8164,8118,8141,8178,8148,8158,8116,28.274475812911987,sil,False
95,8117,8178,8106,8133,8114,8096,8139,8170,8179,8117,8159,8155,8159,8100,28.282705068588257,sil,False
96,8121,8157,8097,8132,8124,8096,8153,8160,8074,8131,8175,8128,8162,8106,28.29073452949524,sil,False
97,8155,8191,8122,8153,8132,8120,8150,8156,8175,8124,8179,8168,8169,8135,28.29873371124268,sil,False
98,8136,8171,8118,8142,8150,8120,8143,8143,8142,8144,8187,8148,8166,8134,28.306476354599,sil,False
99,8148,8170,8123,8151,8156,8115,8137,8149,8140,8156,8191,8142,8166,8147,28.31477832794189,sil,False
100,8159,8190,8143,8165,8140,8133,8141,8173,8261,8142,8192,8172,8170,8151,28.32109856605529,sil,False
101,8145,8167,8137,8148,8157,8143,8170,8180,8170,8171,8199,8131,8162,8145,28.32910799980164,sil,False
102,8141,8181,8135,8143,8147,8118,8157,8174,8218,8150,8165,8142,8159,8140,28.33784818649292,sil,False
103,8113,8162,8113,8136,8134,8103,8149,8157,8145,8120,8162,8132,8151,8113,28.34584879875183,sil,False
104,8140,8165,8120,8146,8144,8123,8156,8153,8094,8126,8187,8134,8156,8126,28.35385036468506,sil,False
105,8153,8184,8145,8150,8141,8117,8136,8150,8192,8118,8182,8165,8167,8139,28.36186981201172,sil,False
106,8124,8154,8129,8138,8156,8108,8138,8136,8089,8134,8190,8132,8160,8130,28.36947631835937,sil,False
107,8146,8184,8138,8155,8150,8114,8140,8160,8198,8145,8198,8160,8169,8142,28.3771812915802,sil,False
107,8146,8184,8138,8155,8150,8114,8140,8160,8198,8145,8198,8160,8169,8142,28.37821674346924,sil,False
108,8143,8176,8133,8146,8142,8108,8150,8175,8225,8152,8208,8154,8170,8141,28.38447523117065,sil,False
109,8128,8154,8120,8132,8132,8105,8147,8163,8134,8149,8204,8136,8158,8139,28.39214062690735,sil,False
110,8135,8173,8141,8143,8111,8108,8127,8162,8221,8135,8196,8170,8164,8141,28.400140285491943,sil,False
111,8147,8155,8141,8147,8134,8112,8145,8167,8158,8163,8221,8145,8167,8147,28.408464670181274,sil,False
112,8152,8178,8137,8148,8133,8113,8135,8168,8193,8136,8205,8155,8157,8142,28.416065216064453,sil,False
113,8109,8162,8119,8123,8114,8105,8119,8145,8136,8090,8175,8139,8142,8102,28.424087285995483,sil,False
114,8116,8138,8127,8121,8123,8105,8129,8132,8030,8087,8180,8122,8150,8104,28.43247628211975,sil,False
115,8150,8172,8166,8146,8125,8112,8128,8143,8167,8096,8196,8175,8175,8139,28.440475702285767,sil,False
116,8151,8160,8171,8147,8148,8119,8148,8148,8146,8155,8235,8162,8179,8155,28.447757959365845,sil,False
117,8171,8171,8183,8156,8148,8116,8148,8168,8227,8167,8233,8171,8171,8167,28.459768056869507,sil,False
118,8151,8165,8165,8151,8139,8112,8145,8174,8248,8140,8207,8155,8158,8141,28.462766408920288,sil,False
118,8151,8165,8165,8151,8139,8112,8145,8174,8248,8140,8207,8155,8158,8141,28.463767528533936,sil,False
119,8131,8143,8119,8131,8147,8127,8154,8159,8126,8142,8192,8117,8150,8113,28.47176742553711,sil,False
120,8119,8160,8102,8118,8123,8115,8135,8155,8184,8116,8165,8148,8153,8103,28.47976970672608,sil,False
121,8095,8136,8091,8112,8129,8093,8138,8148,8073,8112,8172,8123,8149,8091,28.48776912689209,sil,False
122,8118,8153,8113,8131,8140,8116,8137,8145,8088,8107,8175,8135,8159,8103,28.49578022956848,sil,False
123,8124,8157,8118,8132,8134,8133,8128,8150,8149,8111,8180,8153,8172,8112,28.50377106666565,sil,False
124,8134,8141,8105,8127,8143,8132,8144,8157,8081,8139,8206,8132,8167,8129,28.51076650619507,sil,False
124,8134,8141,8105,8127,8143,8132,8144,8157,8081,8139,8206,8132,8167,8129,28.51176714897156,sil,False
125,8140,8167,8114,8122,8123,8139,8140,8160,8193,8120,8184,8154,8160,8120,28.51876664161682,sil,False
126,8108,8138,8091,8098,8127,8144,8146,8154,8111,8128,8169,8121,8153,8085,28.526771306991577,sil,False
127,8136,8161,8103,8125,8140,8141,8143,8159,8123,8141,8181,8138,8161,8110,28.5347707271576,sil,False
240,8150,8179,8123,8137,8143,8135,8130,8152,8206,8122,8187,8162,8166,8122,28.54270815849304,sil,False
0,8127,8137,8100,8107,8153,8135,8134,8132,8077,8125,8189,8123,8161,8105,28.550477504730225,sil,False
1,8122,8157,8107,8108,8123,8134,8119,8144,8148,8113,8177,8153,8165,8109,28.558469533920288,sil,False
2,8118,8146,8099,8109,8112,8146,8129,8149,8111,8126,8183,8131,8157,8112,28.56648182868957,sil,False
3,8141,8146,8083,8107,8124,8164,8139,8140,8093,8125,8164,8118,8150,8110,28.57448172569275,sil,False
4,8127,8154,8083,8098,8136,8164,8130,8137,8150,8110,8151,8140,8156,8092,28.581706047058105,sil,False
5,8113,8138,8094,8106,8164,8174,8148,8150,8084,8149,8186,8129,8159,8100,28.589719772338867,sil,False
6,8156,8177,8126,8144,8152,8188,8152,8174,8219,8148,8175,8163,8169,8130,28.597739219665527,sil,False
7,8169,8169,8126,8142,8158,8189,8166,8167,8188,8136,8168,8140,8170,8137,28.60547661781311,sil,False
8,8165,8166,8133,8133,8174,8192,8167,8161,8158,8137,8190,8141,8168,8156,28.61346316337585,sil,False
8,8165,8166,8133,8133,8174,8192,8167,8161,8158,8137,8190,8141,8168,8156,28.614461183547974,sil,False
9,8139,8171,8124,8123,8152,8185,8145,8161,8241,8130,8190,8164,8165,8150,28.621463537216187,sil,False
10,8125,8139,8085,8109,8162,8187,8163,8153,8119,8149,8190,8113,8155,8132,28.629467248916622,sil,False
11,8140,8160,8095,8120,8161,8198,8157,8162,8187,8134,8165,8133,8154,8133,28.637439966201782,sil,False
12,8113,8143,8089,8104,8147,8186,8151,8159,8151,8124,8156,8124,8153,8113,28.64454460144043,sil,False
13,8126,8146,8084,8108,8147,8177,8164,8153,8096,8134,8165,8112,8157,8116,28.652544736862183,sil,False
14,8155,8178,8116,8134,8152,8180,8163,8162,8229,8132,8166,8152,8169,8134,28.66057538986206,sil,False
15,8140,8145,8117,8125,8174,8176,8164,8155,8135,8140,8183,8125,8161,8135,28.668588399887085,sil,False
16,8146,8167,8120,8128,8159,8168,8151,8156,8179,8122,8184,8143,8163,8142,28.67647075653076,goodbye,True
17,8156,8177,8131,8140,8165,8177,8167,8166,8214,8142,8197,8143,8170,8144,28.68447542190552,goodbye,True
18,8177,8172,8145,8153,8193,8192,8185,8172,8182,8171,8205,8131,8164,8160,28.69247579574585,goodbye,True
19,8159,8180,8137,8143,8169,8179,8154,8158,8249,8135,8169,8151,8158,8144,28.70063734054565,goodbye,True
20,8127,8148,8096,8121,8168,8168,8152,8139,8121,8142,8176,8118,8156,8121,28.70763921737671,goodbye,True
20,8127,8148,8096,8121,8168,8168,8152,8139,8121,8142,8176,8118,8156,8121,28.708638191223145,goodbye,True
21,8163,8180,8109,8142,8176,8174,8159,8157,8189,8150,8192,8151,8168,8146,28.715651273727417,goodbye,True
22,8154,8175,8112,8141,8175,8173,8161,8166,8227,8150,8193,8155,8164,8146,28.722806930541992,goodbye,True
22,8154,8175,8112,8141,8175,8173,8161,8166,8227,8150,8193,8155,8164,8146,28.723796129226685,goodbye,True
23,8148,8147,8096,8134,8185,8178,8165,8154,8150,8166,8190,8121,8158,8135,28.73179841041565,goodbye,True
24,8161,8173,8112,8138,8175,8177,8148,8151,8244,8134,8176,8145,8169,8127,28.73991799354553,goodbye,True
25,8141,8153,8111,8127,8185,8183,8160,8147,8149,8131,8179,8118,8165,8121,28.747439861297607,goodbye,True
26,8146,8162,8115,8135,8179,8204,8167,8158,8190,8136,8159,8130,8158,8133,28.75549483299256,goodbye,True
27,8118,8162,8101,8124,8166,8211,8161,8164,8232,8137,8157,8135,8156,8111,28.76358366012573,goodbye,True
28,8110,8145,8098,8114,8181,8221,8172,8159,8133,8156,8177,8114,8157,8101,28.77159070968628,goodbye,True
29,8136,8165,8131,8130,8174,8232,8164,8160,8238,8135,8156,8152,8162,8119,28.77847504615784,goodbye,True
30,8129,8141,8126,8126,8180,8224,8169,8156,8186,8147,8161,8132,8155,8125,28.786630392074585,goodbye,True
31,8140,8157,8125,8128,8172,8214,8158,8154,8193,8145,8165,8144,8156,8133,28.79472255706787,goodbye,True
32,8134,8160,8128,8128,8158,8215,8154,8156,8227,8130,8163,8155,8162,8129,28.80172324180603,goodbye,True
32,8134,8160,8128,8128,8158,8215,8154,8156,8227,8130,8163,8155,8162,8129,28.80272340774536,goodbye,True
33,8142,8142,8129,8131,8184,8223,8183,8162,8148,8155,8182,8130,8164,8143,28.81047558784485,goodbye,True
34,8162,8179,8154,8141,8175,8218,8170,8172,8270,8144,8174,8169,8170,8154,28.818745851516724,goodbye,True
35,8144,8151,8145,8126,8166,8203,8166,8161,8199,8155,8185,8147,8166,8137,28.82647633552552,goodbye,True
36,8163,8149,8143,8132,8165,8196,8175,8161,8193,8175,8201,8148,8170,8157,28.834444999694824,goodbye,True
37,8166,8170,8148,8136,8163,8186,8171,8175,8302,8188,8202,8170,8177,8176,28.84097170829773,goodbye,True
37,8166,8170,8148,8136,8163,8186,8171,8175,8302,8188,8202,8170,8177,8176,28.84196639060974,goodbye,True
38,8160,8149,8132,8130,8176,8175,8180,8175,8217,8208,8209,8143,8169,8172,28.849477291107178,goodbye,True
39,8173,8164,8137,8141,8153,8165,8177,8176,8290,8177,8191,8170,8165,8172,28.857439279556274,goodbye,True
40,8157,8148,8120,8136,8150,8163,8190,8166,8237,8178,8194,8145,8160,8164,28.86547589302063,goodbye,True
41,8169,8163,8115,8144,8162,8171,8189,8159,8215,8184,8203,8140,8164,8169,28.87389898300171,goodbye,True
42,8167,8182,8123,8147,8150,8164,8180,8164,8289,8169,8200,8168,8170,8161,28.88190102577209,goodbye,True
43,8157,8155,8122,8140,8160,8155,8200,8167,8195,8206,8225,8144,8166,8170,28.88947582244873,goodbye,True
44,8186,8186,8151,8160,8149,8153,8193,8180,8310,8214,8237,8183,8179,8202,28.8974392414093,goodbye,True
45,8185,8177,8156,8165,8151,8155,8199,8177,8293,8208,8246,8168,8181,8197,28.905462503433228,goodbye,True
46,8188,8168,8168,8174,8161,8155,8205,8176,8264,8218,8244,8153,8169,8203,28.91246247291565,goodbye,True
47,8181,8183,8186,8177,8150,8134,8193,8185,8385,8229,8229,8179,8170,8212,28.92048954963684,goodbye,True
48,8169,8157,8164,8165,8172,8128,8214,8187,8295,8254,8249,8150,8171,8210,28.92846989631653,goodbye,True
49,8191,8173,8166,8174,8160,8141,8205,8198,8355,8235,8249,8180,8174,8217,28.935566186904907,goodbye,True
49,8191,8173,8166,8174,8160,8141,8205,8198,8355,8235,8249,8180,8174,8217,28.937074422836304,goodbye,True
50,8176,8158,8157,8166,8134,8131,8191,8185,8306,8220,8228,8162,8163,8201,28.944082021713257,goodbye,True
51,8172,8155,8150,8167,8139,8126,8196,8168,8209,8208,8213,8137,8159,8196,28.952475786209103,goodbye,True
52,8183,8179,8159,8172,8139,8131,8192,8173,8303,8185,8213,8172,8171,8196,28.96091628074646,goodbye,True
53,8170,8145,8145,8154,8155,8133,8191,8161,8202,8208,8238,8145,8166,8191,28.968914270401,goodbye,True
54,8172,8161,8151,8157,8142,8132,8164,8156,8225,8183,8213,8153,8157,8185,28.975914239883423,goodbye,True
55,8161,8161,8150,8154,8135,8119,8164,8150,8211,8163,8201,8149,8157,8169,28.98347640037537,goodbye,True
56,8177,8156,8159,8163,8153,8116,8179,8142,8151,8188,8227,8143,8164,8183,28.991475820541385,goodbye,True
57,8191,8186,8185,8180,8157,8127,8165,8147,8280,8186,8232,8181,8170,8198,28.999502658844,goodbye,True
58,8175,8162,8177,8172,8172,8138,8176,8158,8228,8209,8251,8158,8167,8207,29.007439136505127,goodbye,True
59,8190,8176,8179,8176,8155,8140,8179,8177,8301,8211,8241,8172,8171,8219,29.015465021133423,goodbye,True
60,8172,8164,8166,8154,8147,8132,8176,8174,8322,8205,8224,8158,8167,8193,29.023483276367188,goodbye,True
61,8162,8137,8152,8140,8170,8133,8188,8164,8215,8220,8229,8126,8156,8177,29.031476259231567,goodbye,True
62,8165,8162,8169,8145,8162,8125,8170,8163,8294,8186,8208,8155,8157,8171,29.03947591781616,goodbye,True
63,8148,8142,8162,8139,8179,8118,8170,8153,8191,8173,8212,8132,8159,8162,29.046476364135746,goodbye,True
64,8183,8169,8169,8170,8183,8129,8174,8150,8220,8174,8220,8159,8168,8188,29.05425453186035,goodbye,True
65,8184,8174,8161,8180,8167,8133,8162,8143,8269,8170,8217,8173,8170,8190,29.06224775314331,goodbye,True
66,8180,8142,8151,8167,8177,8130,8162,8143,8160,8190,8217,8144,8164,8186,29.070470333099365,goodbye,True
67,8197,8177,8179,8178,8164,8120,8148,8155,8260,8180,8194,8176,8165,8193,29.078474283218384,goodbye,True
67,8197,8177,8179,8178,8164,8120,8148,8155,8260,8180,8194,8176,8165,8193,29.07946491241455,goodbye,True
68,8175,8166,8164,8169,8163,8122,8158,8145,8190,8176,8195,8143,8159,8176,29.086745738983154,goodbye,True
69,8188,8168,8154,8165,8168,8137,8163,8142,8187,8174,8198,8145,8166,8186,29.094746828079224,goodbye,True
70,8187,8171,8166,8168,8169,8130,8154,8154,8256,8181,8209,8170,8179,8196,29.101475954055783,goodbye,True
71,8186,8160,8167,8179,8189,8131,8174,8161,8181,8204,8228,8144,8173,8200,29.10951280593872,goodbye,True
72,8203,8191,8187,8185,8171,8137,8169,8164,8280,8174,8204,8164,8167,8199,29.117995977401733,goodbye,True
72,8203,8191,8187,8185,8171,8137,8169,8164,8280,8174,8204,8164,8167,8199,29.118225812911987,goodbye,True
73,8170,8157,8169,8160,8169,8128,8166,8146,8198,8169,8201,8136,8156,8174,29.12535715103149,goodbye,True
73,8170,8157,8169,8160,8169,8128,8166,8146,8198,8169,8201,8136,8156,8174,29.126250982284542,goodbye,True
74,8175,8160,8167,8171,8179,8139,8170,8146,8184,8183,8209,8141,8161,8178,29.133622407913208,goodbye,True
75,8182,8184,8185,8186,8168,8155,8172,8165,8292,8187,8209,8169,8175,8186,29.141160011291504,goodbye,True
76,8179,8160,8179,8174,8184,8150,8183,8164,8196,8208,8220,8137,8166,8190,29.149475574493408,goodbye,True
77,8201,8183,8190,8184,8181,8136,8165,8166,8272,8185,8206,8165,8162,8202,29.1569185256958,goodbye,True
78,8189,8167,8172,8180,8177,8137,8173,8167,8239,8198,8209,8147,8159,8189,29.16447496414185,goodbye,True
79,8188,8162,8158,8174,8178,8153,8182,8167,8215,8214,8220,8142,8163,8193,29.17282271385193,goodbye,True
80,8185,8173,8162,8170,8171,8157,8171,8169,8294,8190,8218,8173,8171,8200,29.17998170852661,goodbye,True
81,8180,8144,8151,8168,8185,8161,8186,8163,8179,8201,8226,8136,8161,8197,29.18798232078552,goodbye,True
82,8191,8166,8160,8178,8172,8173,8180,8168,8254,8187,8215,8157,8164,8196,29.1963803768158,goodbye,True
83,8178,8161,8154,8169,8180,8186,8188,8174,8258,8201,8235,8155,8179,8194,29.203880786895752,goodbye,True
84,8192,8154,8164,8174,8193,8201,8197,8181,8242,8227,8252,8151,8179,8215,29.211893796920776,goodbye,True
84,8192,8154,8164,8174,8193,8201,8197,8181,8242,8227,8252,8151,8179,8215,29.212888479232788,goodbye,True
85,8187,8160,8176,8172,8174,8192,8179,8182,8337,8201,8224,8170,8166,8200,29.21888852119445,goodbye,True
85,8187,8160,8176,8172,8174,8192,8179,8182,8337,8201,8224,8170,8166,8200,29.21988868713379,goodbye,True
86,8164,8135,8147,8155,8192,8185,8194,8168,8222,8215,8221,8126,8158,8176,29.227438926696777,goodbye,True
87,8176,8162,8146,8164,8183,8193,8189,8168,8279,8213,8208,8150,8161,8184,29.23490524291992,goodbye,True
87,8176,8162,8146,8164,8183,8193,8189,8168,8279,8213,8208,8150,8161,8184,29.235896348953247,goodbye,True
88,8160,8147,8144,8152,8167,8193,8189,8168,8260,8200,8191,8145,8153,8168,29.24357748031616,goodbye,True
89,8170,8137,8151,8152,8178,8194,8202,8172,8196,8206,8194,8132,8157,8174,29.251476526260376,goodbye,True
90,8187,8170,8179,8171,8174,8188,8185,8181,8323,8201,8192,8172,8171,8189,29.2593674659729,sil,False
91,8177,8146,8174,8166,8192,8189,8193,8173,8254,8225,8211,8148,8164,8185,29.26736259460449,sil,False
91,8177,8146,8174,8166,8192,8189,8193,8173,8254,8225,8211,8148,8164,8185,29.268362760543823,sil,False
92,8195,8163,8177,8176,8193,8201,8194,8181,8318,8217,8206,8164,8167,8190,29.27547597885132,sil,False
93,8173,8153,8163,8167,8189,8189,8184,8170,8295,8193,8182,8148,8157,8170,29.28312611579895,sil,False
94,8165,8136,8150,8150,8194,8169,8177,8150,8150,8177,8164,8116,8146,8157,29.29119610786438,sil,False
95,8175,8164,8164,8154,8172,8172,8170,8161,8247,8152,8158,8160,8163,8162,29.29819631576538,sil,False
96,8162,8145,8156,8156,8180,8187,8196,8171,8206,8188,8201,8147,8167,8168,29.30647563934326,sil,False
97,8185,8172,8180,8183,8191,8196,8194,8179,8273,8212,8218,8164,8163,8186,29.31425142288208,sil,False
98,8185,8177,8196,8184,8194,8200,8186,8177,8317,8204,8211,8166,8163,8183,29.322243690490723,sil,False
99,8188,8153,8186,8172,8202,8217,8202,8172,8227,8206,8222,8144,8165,8183,29.33025908470153,sil,False
100,8192,8174,8195,8177,8183,8222,8189,8172,8320,8195,8216,8182,8171,8186,29.33847618103028,sil,False
101,8176,8152,8181,8169,8188,8216,8188,8159,8245,8217,8228,8156,8166,8182,29.346912145614624,sil,False
102,8208,8176,8198,8181,8192,8209,8192,8172,8284,8223,8228,8162,8165,8200,29.354262590408325,sil,False
103,8198,8182,8208,8175,8191,8205,8196,8190,8350,8218,8229,8174,8171,8191,29.362253665924072,sil,False
104,8176,8148,8187,8163,8205,8214,8214,8186,8257,8236,8253,8145,8170,8178,29.36947512626648,sil,False
105,8194,8174,8197,8174,8187,8202,8194,8180,8347,8210,8238,8173,8161,8174,29.37743902206421,sil,False
106,8186,8164,8191,8167,8195,8187,8194,8174,8263,8207,8244,8150,8153,8161,29.38574409484864,sil,False
107,8191,8171,8187,8171,8208,8203,8206,8179,8267,8219,8264,8156,8165,8179,29.393744707107544,sil,False
108,8183,8169,8185,8173,8193,8200,8202,8181,8350,8221,8271,8169,8175,8178,29.40175747871399,sil,False
109,8179,8144,8184,8174,8196,8193,8202,8173,8236,8226,8280,8143,8167,8168,29.409439086914062,sil,False
110,8204,8180,8213,8191,8187,8200,8190,8184,8337,8210,8280,8192,8173,8186,29.41743850708008,sil,False
111,8197,8161,8205,8175,8203,8206,8209,8185,8327,8245,8301,8175,8170,8193,29.42547631263733,sil,False
112,8199,8158,8195,8170,8214,8209,8213,8180,8296,8242,8292,8162,8159,8199,29.432219982147217,sil,False
113,8199,8177,8200,8175,8194,8207,8199,8182,8339,8198,8265,8183,8160,8197,29.440261363983154,sil,False
114,8201,8156,8188,8178,8209,8209,8214,8185,8248,8228,8276,8157,8165,8205,29.44847631454468,sil,False
115,8209,8174,8187,8193,8201,8205,8201,8192,8347,8232,8255,8176,8171,8205,29.45620799064636,sil,False
116,8183,8159,8167,8178,8194,8196,8200,8176,8283,8216,8243,8154,8161,8182,29.464208841323853,sil,False
117,8203,8160,8175,8178,8202,8209,8208,8180,8242,8212,8255,8160,8162,8201,29.47247648239136,sil,False
118,8213,8170,8192,8180,8196,8220,8198,8191,8349,8194,8252,8192,8170,8206,29.480477333068848,sil,False
119,8198,8146,8186,8174,8213,8217,8212,8170,8234,8213,8265,8150,8158,8196,29.48849987983704,sil,False
120,8219,8182,8202,8194,8209,8222,8199,8170,8308,8208,8260,8173,8161,8203,29.49549865722656,sil,False
121,8196,8167,8191,8181,8206,8232,8189,8182,8306,8201,8265,8169,8168,8189,29.503676414489743,sil,False
122,8205,8159,8204,8177,8204,8236,8203,8186,8258,8216,8277,8159,8169,8196,29.51146411895752,sil,False
123,8223,8191,8242,8184,8191,8225,8205,8182,8354,8200,8265,8183,8167,8201,29.51945853233337,sil,False
124,8200,8164,8219,8170,8212,8220,8212,8178,8252,8206,8276,8149,8166,8191,29.527462244033813,sil,False
125,8215,8175,8208,8178,8203,8224,8205,8192,8315,8207,8266,8174,8168,8193,29.535462856292725,sil,False
126,8208,8164,8201,8173,8193,8217,8204,8184,8309,8209,8255,8172,8158,8174,29.542970418930054,sil,False
127,8201,8153,8187,8168,8206,8213,8201,8168,8219,8203,8259,8150,8156,8172,29.550971746444706,sil,False
240,8194,8181,8190,8176,8189,8217,8190,8175,8320,8182,8247,8178,8168,8176,29.55897045135498,sil,False
0,8179,8155,8180,8167,8199,8230,8219,8179,8232,8208,8251,8148,8160,8168,29.56597185134888,sil,False
1,8197,8168,8185,8165,8197,8235,8205,8172,8250,8180,8238,8165,8157,8174,29.573970317840576,sil,False
2,8190,8167,8181,8158,8176,8230,8189,8170,8260,8159,8235,8172,8165,8170,29.581972122192383,sil,False
3,8201,8153,8181,8158,8180,8246,8217,8186,8208,8199,8250,8155,8164,8177,29.590020656585693,sil,False
4,8191,8174,8190,8157,8164,8251,8204,8191,8305,8177,8235,8180,8158,8172,29.59897303581237,sil,False
5,8150,8147,8163,8143,8161,8234,8197,8172,8168,8159,8235,8140,8151,8145,29.60597038269043,sil,False
5,8150,8147,8163,8143,8161,8234,8197,8172,8168,8159,8235,8140,8151,8145,29.60697364807129,sil,False
6,8185,8166,8171,8168,8156,8229,8202,8179,8188,8164,8222,8161,8160,8155,29.61397075653076,sil,False
7,8199,8173,8182,8176,8155,8239,8206,8178,8253,8176,8218,8183,8164,8167,29.62197041511536,sil,False
8,8185,8158,8181,8171,8169,8244,8206,8163,8159,8186,8246,8163,8166,8179,29.62947559356689,sil,False
9,8199,8190,8213,8189,8153,8231,8180,8176,8269,8158,8241,8198,8176,8185,29.63756847381592,sil,False
10,8197,8158,8204,8176,8162,8228,8187,8171,8197,8166,8231,8161,8166,8169,29.64557957649231,sil,False
11,8198,8159,8192,8164,8164,8242,8182,8157,8175,8166,8224,8159,8160,8171,29.653475522994995,sil,False
12,8175,8171,8196,8164,8148,8242,8166,8160,8225,8153,8235,8176,8167,8162,29.661476850509644,sil,False
13,8184,8152,8195,8179,8153,8243,8175,8163,8135,8174,8251,8148,8160,8159,29.669646978378296,sil,False
14,8209,8169,8202,8185,8136,8239,8160,8154,8207,8150,8223,8178,8156,8162,29.67764902114868,sil,False
15,8175,8143,8179,8149,8134,8228,8162,8142,8133,8147,8226,8159,8154,8143,29.685476064682007,sil,False
16,8188,8159,8191,8161,8133,8230,8165,8158,8148,8172,8229,8164,8160,8151,29.69257020950317,sil,False
17,8200,8177,8205,8174,8125,8228,8160,8161,8217,8163,8201,8174,8168,8149,29.70034551620484,sil,False
18,8172,8142,8184,8154,8150,8225,8175,8146,8086,8147,8202,8136,8164,8136,29.708341121673584,sil,False
19,8169,8165,8193,8160,8141,8215,8161,8156,8170,8125,8197,8170,8163,8136,29.716593742370605,sil,False
20,8159,8153,8191,8162,8139,8204,8162,8159,8132,8150,8211,8161,8160,8134,29.72462272644043,sil,False
21,8173,8158,8199,8172,8146,8217,8173,8163,8123,8170,8230,8161,8166,8153,29.732917547225952,sil,False
22,8170,8178,8209,8179,8134,8220,8163,8170,8227,8154,8225,8183,8173,8152,29.740145444869995,sil,False
23,8165,8150,8193,8171,8152,8209,8170,8162,8112,8169,8223,8146,8161,8140,29.74866914749145,sil,False
24,8185,8168,8194,8172,8150,8205,8163,8164,8176,8158,8205,8169,8159,8141,29.756673336029053,sil,False
25,8157,8151,8178,8156,8136,8185,8157,8158,8146,8162,8214,8159,8161,8123,29.76347041130066,sil,False
26,8164,8155,8180,8165,8133,8166,8148,8153,8099,8166,8226,8157,8163,8134,29.77147436141968,sil,False
27,8181,8184,8199,8182,8133,8167,8138,8159,8199,8147,8212,8188,8165,8148,29.77955794334412,sil,False
28,8172,8157,8188,8167,8154,8176,8154,8155,8092,8167,8218,8150,8158,8145,29.787559270858765,sil,False
29,8174,8172,8194,8159,8132,8168,8137,8150,8135,8147,8199,8170,8162,8143,29.79547619819641,sil,False
30,8160,8160,8182,8157,8129,8154,8134,8147,8127,8147,8198,8170,8165,8129,29.803476572036743,sil,False
31,8176,8155,8184,8169,8160,8164,8152,8156,8096,8178,8222,8161,8168,8148,29.811449766159058,sil,False
32,8174,8176,8198,8170,8142,8165,8141,8160,8195,8159,8215,8186,8172,8150,29.819455862045288,sil,False
33,8153,8142,8163,8148,8134,8163,8149,8146,8080,8173,8219,8155,8161,8132,29.827438831329346,sil,False
34,8176,8166,8172,8161,8134,8172,8150,8158,8151,8177,8229,8184,8167,8156,29.834512948989868,sil,False
35,8183,8180,8200,8172,8143,8171,8163,8177,8213,8182,8249,8186,8180,8173,29.842305421829224,sil,False
36,8207,8178,8207,8176,8170,8178,8191,8182,8178,8205,8261,8165,8178,8185,29.85030484199524,sil,False
37,8219,8194,8217,8172,8168,8189,8183,8183,8284,8190,8253,8196,8173,8184,29.858561515808105,sil,False
38,8205,8175,8216,8169,8186,8198,8196,8189,8217,8211,8281,8170,8168,8184,29.866560697555546,sil,False
39,8237,8211,8238,8195,8192,8210,8204,8205,8307,8223,8282,8191,8175,8209,29.874639749526978,sil,False
40,8238,8210,8236,8187,8193,8216,8210,8204,8345,8223,8268,8195,8175,8204,29.88261103630066,sil,False
41,8237,8190,8228,8179,8215,8220,8225,8197,8246,8234,8283,8175,8173,8209,29.89061069488525,sil,False
42,8256,8223,8247,8193,8210,8216,8213,8206,8356,8217,8276,8209,8181,8224,29.89743995666504,sil,False
42,8256,8223,8247,8193,8210,8216,8213,8206,8356,8217,8276,8209,8181,8224,29.89790678024292,sil,False
43,8241,8200,8232,8180,8222,8218,8226,8194,8267,8228,8279,8172,8169,8213,29.9054753780365,sil,False
44,8248,8209,8240,8191,8222,8232,8227,8190,8278,8219,8274,8181,8163,8210,29.91388583183289,sil,False
45,8236,8207,8246,8192,8211,8232,8220,8197,8334,8205,8267,8197,8167,8203,29.921895503997803,sil,False
46,8220,8183,8225,8179,8223,8235,8236,8197,8236,8228,8272,8167,8165,8203,29.928926467895508,sil,False
46,8220,8183,8225,8179,8223,8235,8236,8197,8236,8228,8272,8167,8165,8203,29.92992377281189,sil,False
47,8230,8217,8240,8190,8210,8239,8227,8202,8341,8222,8259,8194,8172,8204,29.937461853027344,sil,False
48,8223,8200,8240,8188,8217,8237,8231,8195,8292,8229,8272,8169,8168,8193,29.94590663909912,sil,False
49,8233,8202,8236,8200,8222,8237,8235,8200,8292,8233,8272,8180,8167,8202,29.953903198242188,sil,False
50,8226,8211,8239,8201,8218,8234,8234,8208,8364,8236,8269,8204,8177,8204,29.960904359817505,sil,False
51,8238,8198,8249,8203,8244,8245,8250,8206,8304,8268,8297,8181,8179,8218,29.968475341796875,sil,False
52,8262,8228,8269,8217,8237,8260,8242,8214,8418,8262,8296,8211,8181,8231,29.976714611053467,sil,False
53,8230,8202,8234,8194,8231,8262,8244,8202,8338,8261,8295,8188,8174,8211,29.984715700149536,sil,False
54,8247,8208,8224,8199,8234,8254,8240,8202,8312,8256,8290,8186,8170,8216,29.99275255203247,sil,False
55,8259,8232,8253,8220,8243,8249,8235,8218,8420,8248,8294,8210,8173,8223,30.00047516822815,sil,False
